ticker,date,expiry,type,strike,oi,volume,iv,last,bid,ask
GOOGL,2026-09-18,2026-09-21,C,265.0,5,5,2.94531513671875,91.36,89.35,92.55
GOOGL,2026-09-18,2026-09-21,C,270.0,5,39,2.92969017578125,86.45,84.7,87.55
GOOGL,2026-09-18,2026-09-21,C,275.0,1,60,3.064455463867187,81.36,79.15,81.6
GOOGL,2026-09-18,2026-09-21,C,280.0,1,33,2.3007854980468747,76.38,74.4,77.15
GOOGL,2026-09-18,2026-09-21,C,290.0,1,7,2.3261760595703116,66.35,64.8,67.6
GOOGL,2026-09-18,2026-09-21,C,295.0,1,17,1.96875015625,61.56,59.4,62.4
GOOGL,2026-09-18,2026-09-21,C,300.0,4,18,1.67578287109375,56.58,54.15,57.3
GOOGL,2026-09-18,2026-09-21,C,305.0,5,3,1.6171894140625,51.37,49.1,52.55
GOOGL,2026-09-18,2026-09-21,C,310.0,11,19,1.6357440087890622,46.84,44.65,47.55
GOOGL,2026-09-18,2026-09-21,C,315.0,1,7,1.3603547607421875,41.47,39.2,42.55
GOOGL,2026-09-18,2026-09-21,C,317.5,2,7,1.3671906640625,39.05,36.95,40.1
GOOGL,2026-09-18,2026-09-21,C,320.0,15,6,1.25390998046875,29.86,34.6,35.95
GOOGL,2026-09-18,2026-09-21,C,325.0,16,25,1.138676181640625,30.51,29.55,32.5
GOOGL,2026-09-18,2026-09-21,C,327.5,1,18,1.129398884277344,28.03,27.5,29.9
GOOGL,2026-09-18,2026-09-21,C,330.0,57,12,0.9941406835937501,25.14,24.7,27.4
GOOGL,2026-09-18,2026-09-21,C,332.5,18,1,0.56055126953125,17.08,22.2,23.75
GOOGL,2026-09-18,2026-09-21,C,335.0,91,41,0.70312796875,22.1,19.6,21.85
GOOGL,2026-09-18,2026-09-21,C,337.5,41,39,0.788088056640625,18.96,17.35,18.65
GOOGL,2026-09-18,2026-09-21,C,340.0,188,39,0.5498091894531252,16.65,14.9,16.5
GOOGL,2026-09-18,2026-09-21,C,342.5,195,86,0.5063525927734375,13.8,12.85,13.7
GOOGL,2026-09-18,2026-09-21,C,345.0,1236,623,0.514653291015625,11.44,10.65,11.5
GOOGL,2026-09-18,2026-09-21,C,347.5,588,218,0.454107021484375,8.4,7.9,8.7
GOOGL,2026-09-18,2026-09-21,C,350.0,3204,3747,0.40405869384765625,5.49,5.25,6.45
GOOGL,2026-09-18,2026-09-21,C,352.5,2120,6346,0.19312330322265625,3.0,3.0,3.35
GOOGL,2026-09-18,2026-09-21,C,355.0,3281,27354,0.1069425244140625,0.97,0.94,1.03
GOOGL,2026-09-18,2026-09-21,C,357.5,1901,34802,0.1147549462890625,0.19,0.17,0.19
GOOGL,2026-09-18,2026-09-21,C,360.0,5801,25683,0.13770393554687502,0.03,0.03,0.04
GOOGL,2026-09-18,2026-09-21,C,362.5,534,4119,0.1757894921875,0.01,0.01,0.02
GOOGL,2026-09-18,2026-09-21,C,365.0,1639,3957,0.21094539062499998,0.01,0.0,0.01
GOOGL,2026-09-18,2026-09-21,C,367.5,309,372,0.257819921875,0.02,0.0,0.01
GOOGL,2026-09-18,2026-09-21,C,370.0,356,517,0.304694453125,0.01,0.0,0.01
GOOGL,2026-09-18,2026-09-21,C,372.5,26,33,0.4101621484375,0.01,0.0,0.04
GOOGL,2026-09-18,2026-09-21,C,375.0,229,112,0.48828636718750007,0.02,0.0,0.06
GOOGL,2026-09-18,2026-09-21,C,377.5,3,6,0.5390671093750001,0.06,0.0,0.06
GOOGL,2026-09-18,2026-09-21,C,380.0,460,633,0.5351608984375,0.01,0.0,0.03
GOOGL,2026-09-18,2026-09-21,C,385.0,45,1,0.6132851171875001,0.05,0.0,0.05
GOOGL,2026-09-18,2026-09-21,C,390.0,703,699,0.6640658593750002,0.03,0.0,0.03
GOOGL,2026-09-18,2026-09-21,C,395.0,27,7,0.6718782812500002,0.01,0.0,0.01
GOOGL,2026-09-18,2026-09-21,C,400.0,300,9,0.7500025,0.01,0.0,0.01
GOOGL,2026-09-18,2026-09-21,C,405.0,16,5,0.8125018749999999,0.05,0.0,0.01
GOOGL,2026-09-18,2026-09-21,C,410.0,2203,8,0.87500125,0.01,0.0,0.01
GOOGL,2026-09-18,2026-09-21,C,415.0,211,204,0.937500625,0.01,0.0,0.01
GOOGL,2026-09-18,2026-09-21,P,265.0,2,1,1.75000125,0.5,0.0,0.01
GOOGL,2026-09-18,2026-09-21,P,270.0,4,1,1.625001875,0.51,0.0,0.01
GOOGL,2026-09-18,2026-09-21,P,275.0,5,1,1.5625021874999998,0.01,0.0,0.01
GOOGL,2026-09-18,2026-09-21,P,280.0,5,1,1.625001875,0.04,0.0,0.04
GOOGL,2026-09-18,2026-09-21,P,285.0,14,2,1.6640641796875002,0.08,0.0,0.1
GOOGL,2026-09-18,2026-09-21,P,290.0,29,25,1.5468772656249998,0.01,0.0,0.1
GOOGL,2026-09-18,2026-09-21,P,295.0,28,5,1.125004375,0.01,0.0,0.01
GOOGL,2026-09-18,2026-09-21,P,300.0,22,4,1.0625046875000002,0.02,0.0,0.01
GOOGL,2026-09-18,2026-09-21,P,305.0,22,13,1.1679729101562502,0.03,0.0,0.08
GOOGL,2026-09-18,2026-09-21,P,310.0,84,1,1.0859420703125,0.08,0.0,0.1
GOOGL,2026-09-18,2026-09-21,P,312.5,4,4,1.0273486132812502,0.05,0.0,0.1
GOOGL,2026-09-18,2026-09-21,P,315.0,78,2,0.9726565234375,0.01,0.0,0.1
GOOGL,2026-09-18,2026-09-21,P,317.5,4,4,0.914063359375,0.04,0.0,0.1
GOOGL,2026-09-18,2026-09-21,P,320.0,182,7,0.6718782812500002,0.01,0.0,0.01
GOOGL,2026-09-18,2026-09-21,P,322.5,6,2,0.7382838671874999,0.06,0.0,0.05
GOOGL,2026-09-18,2026-09-21,P,325.0,314,225,0.57812921875,0.01,0.0,0.01
GOOGL,2026-09-18,2026-09-21,P,327.5,27,151,0.5312546875,0.01,0.0,0.01
GOOGL,2026-09-18,2026-09-21,P,330.0,753,137,0.523442265625,0.01,0.0,0.01
GOOGL,2026-09-18,2026-09-21,P,332.5,404,71,0.476567734375,0.01,0.0,0.01
GOOGL,2026-09-18,2026-09-21,P,335.0,911,223,0.48828636718750007,0.01,0.0,0.03
GOOGL,2026-09-18,2026-09-21,P,337.5,307,171,0.38281867187499996,0.01,0.0,0.01
GOOGL,2026-09-18,2026-09-21,P,340.0,965,260,0.32813171874999997,0.01,0.0,0.01
GOOGL,2026-09-18,2026-09-21,P,342.5,2628,321,0.28125718749999995,0.01,0.0,0.01
GOOGL,2026-09-18,2026-09-21,P,345.0,1943,5084,0.23438265625,0.01,0.0,0.01
GOOGL,2026-09-18,2026-09-21,P,347.5,1083,2612,0.18360191406249998,0.01,0.0,0.01
GOOGL,2026-09-18,2026-09-21,P,350.0,1120,6185,0.1445398046875,0.02,0.01,0.02
GOOGL,2026-09-18,2026-09-21,P,352.5,131,6195,0.132821171875,0.09,0.12,0.14
GOOGL,2026-09-18,2026-09-21,P,355.0,457,9829,0.13233289550781252,0.76,0.74,0.78
GOOGL,2026-09-18,2026-09-21,P,357.5,518,2551,0.133797724609375,2.14,2.22,2.35
GOOGL,2026-09-18,2026-09-21,P,360.0,125,56,0.179695703125,4.15,4.2,4.7
GOOGL,2026-09-18,2026-09-21,P,362.5,9,8,0.26856200195312496,6.35,6.05,7.25
GOOGL,2026-09-18,2026-09-21,P,365.0,18,26,0.4194393994140625,7.69,8.0,10.0
GOOGL,2026-09-18,2026-09-21,P,367.5,3,6,0.37793590820312495,17.5,11.5,12.2
GOOGL,2026-09-18,2026-09-21,P,370.0,1,2,0.35156898437499995,15.0,13.3,14.6
GOOGL,2026-09-18,2026-09-21,P,410.0,0,3,1.259769326171875,54.8,54.2,55.2
GOOGL,2026-09-18,2026-09-23,C,285.0,1,0,1.4038115747070314,52.42,69.55,72.6
GOOGL,2026-09-18,2026-09-23,C,290.0,1,0,1.2519568652343749,47.46,64.25,67.6
GOOGL,2026-09-18,2026-09-23,C,295.0,5,0,1.2700231811523435,49.65,59.85,62.6
GOOGL,2026-09-18,2026-09-23,C,300.0,4,2,1.1689494677734376,51.5,54.8,57.6
GOOGL,2026-09-18,2026-09-23,C,305.0,6,18,1.0141650854492186,39.75,49.4,52.6
GOOGL,2026-09-18,2026-09-23,C,310.0,1,0,0.9096688720703124,30.54,44.3,47.6
GOOGL,2026-09-18,2026-09-23,C,315.0,2,0,0.9096688720703124,27.29,39.95,42.6
GOOGL,2026-09-18,2026-09-23,C,320.0,2,1,0.7685570019531252,29.8,34.55,37.6
GOOGL,2026-09-18,2026-09-23,C,325.0,17,1,0.6342810009765626,32.15,29.4,32.4
GOOGL,2026-09-18,2026-09-23,C,327.5,1,0,0.6699251757812501,20.48,27.35,30.15
GOOGL,2026-09-18,2026-09-23,C,330.0,20,13,0.5410202148437502,25.3,24.1,27.65
GOOGL,2026-09-18,2026-09-23,C,332.5,5,3,0.5415084912109377,24.0,22.8,24.35
GOOGL,2026-09-18,2026-09-23,C,335.0,549,451,0.5393112475585939,18.49,20.25,22.4
GOOGL,2026-09-18,2026-09-23,C,337.5,459,452,0.5449264257812501,19.25,18.15,19.2
GOOGL,2026-09-18,2026-09-23,C,340.0,97,119,0.4282283740234375,16.88,15.1,16.25
GOOGL,2026-09-18,2026-09-23,C,342.5,41,31,0.37793590820312495,13.2,12.4,13.75
GOOGL,2026-09-18,2026-09-23,C,345.0,220,130,0.3325262060546875,11.3,11.0,11.3
GOOGL,2026-09-18,2026-09-23,C,347.5,237,600,0.3225165405273437,9.0,8.7,9.2
GOOGL,2026-09-18,2026-09-23,C,350.0,711,1846,0.29407444213867184,7.43,6.75,7.05
GOOGL,2026-09-18,2026-09-23,C,352.5,934,2679,0.2990792749023437,5.8,5.1,5.45
GOOGL,2026-09-18,2026-09-23,C,355.0,744,4741,0.29566134033203123,3.95,3.7,4.0
GOOGL,2026-09-18,2026-09-23,C,357.5,420,2893,0.29077857666015616,2.75,2.57,2.79
GOOGL,2026-09-18,2026-09-23,C,360.0,1724,6855,0.2829661547851562,1.8,1.71,1.81
GOOGL,2026-09-18,2026-09-23,C,362.5,525,1228,0.28565167480468745,1.12,1.12,1.19
GOOGL,2026-09-18,2026-09-23,C,365.0,478,1464,0.2902903002929687,0.74,0.69,0.77
GOOGL,2026-09-18,2026-09-23,C,367.5,331,749,0.29224340576171864,0.46,0.42,0.47
GOOGL,2026-09-18,2026-09-23,C,370.0,228,1200,0.2924875439453124,0.29,0.26,0.27
GOOGL,2026-09-18,2026-09-23,C,372.5,87,152,0.31592480957031244,0.22,0.16,0.22
GOOGL,2026-09-18,2026-09-23,C,375.0,95,427,0.3232489550781249,0.11,0.11,0.14
GOOGL,2026-09-18,2026-09-23,C,377.5,166,13,0.34668622070312494,0.11,0.07,0.12
GOOGL,2026-09-18,2026-09-23,C,380.0,35,88,0.3544986425781249,0.07,0.05,0.08
GOOGL,2026-09-18,2026-09-23,C,385.0,10,42,0.40430283203125,0.05,0.03,0.07
GOOGL,2026-09-18,2026-09-23,C,390.0,17,58,0.42774009765625004,0.04,0.02,0.04
GOOGL,2026-09-18,2026-09-23,C,395.0,12,9,0.5039112109375,0.03,0.01,0.06
GOOGL,2026-09-18,2026-09-23,C,400.0,10,6,0.500005,0.04,0.01,0.04
GOOGL,2026-09-18,2026-09-23,C,405.0,10,8,0.5468795312500001,0.05,0.01,0.04
GOOGL,2026-09-18,2026-09-23,C,410.0,12,21,0.6054726953125001,0.03,0.01,0.05
GOOGL,2026-09-18,2026-09-23,C,415.0,1510,7,0.6367223828125,0.01,0.0,0.05
GOOGL,2026-09-18,2026-09-23,P,265.0,4,0,1.000005,0.08,0.0,0.01
GOOGL,2026-09-18,2026-09-23,P,270.0,2,0,1.8378914355468747,0.11,0.0,2.13
GOOGL,2026-09-18,2026-09-23,P,275.0,4,1,1.736329443359375,0.1,0.0,2.13
GOOGL,2026-09-18,2026-09-23,P,280.0,16,20,1.6357440087890622,0.05,0.0,2.13
GOOGL,2026-09-18,2026-09-23,P,285.0,14,10,1.534670295410156,0.03,0.0,2.12
GOOGL,2026-09-18,2026-09-23,P,290.0,5,7,1.4375028125,0.14,0.0,2.13
GOOGL,2026-09-18,2026-09-23,P,295.0,16,6,1.3393587719726558,0.09,0.0,2.13
GOOGL,2026-09-18,2026-09-23,P,300.0,16,11,1.2421912890624998,0.01,0.0,2.13
GOOGL,2026-09-18,2026-09-23,P,305.0,22,10,1.0371141894531253,0.03,0.0,1.35
GOOGL,2026-09-18,2026-09-23,P,310.0,54,17,0.5468795312500001,0.01,0.0,0.03
GOOGL,2026-09-18,2026-09-23,P,315.0,48,20,0.5039112109375,0.02,0.01,0.03
GOOGL,2026-09-18,2026-09-23,P,317.5,2,5,0.5273484765625001,0.05,0.01,0.05
GOOGL,2026-09-18,2026-09-23,P,320.0,135,48,0.48242705078125003,0.02,0.01,0.04
GOOGL,2026-09-18,2026-09-23,P,325.0,101,12,0.41797457031249996,0.02,0.01,0.04
GOOGL,2026-09-18,2026-09-23,P,327.5,31,5,0.398443515625,0.04,0.02,0.05
GOOGL,2026-09-18,2026-09-23,P,330.0,124,591,0.36524072265625,0.03,0.03,0.05
GOOGL,2026-09-18,2026-09-23,P,332.5,66,159,0.34961587890624996,0.07,0.04,0.07
GOOGL,2026-09-18,2026-09-23,P,335.0,203,142,0.33399103515625,0.08,0.07,0.1
GOOGL,2026-09-18,2026-09-23,P,337.5,123,45,0.31153032226562494,0.11,0.11,0.13
GOOGL,2026-09-18,2026-09-23,P,340.0,264,354,0.3012765185546875,0.19,0.17,0.21
GOOGL,2026-09-18,2026-09-23,P,342.5,113,231,0.2915109912109374,0.32,0.3,0.34
GOOGL,2026-09-18,2026-09-23,P,345.0,209,708,0.28613995117187496,0.57,0.53,0.57
GOOGL,2026-09-18,2026-09-23,P,347.5,120,799,0.282233740234375,0.88,0.88,0.94
GOOGL,2026-09-18,2026-09-23,P,350.0,338,3523,0.28528546752929684,1.52,1.48,1.56
GOOGL,2026-09-18,2026-09-23,P,352.5,49,630,0.27735097656249996,2.09,2.21,2.29
GOOGL,2026-09-18,2026-09-23,P,355.0,297,588,0.2758861474609374,3.25,3.1,3.35
GOOGL,2026-09-18,2026-09-23,P,357.5,52,720,0.28321029296874994,4.56,4.55,4.8
GOOGL,2026-09-18,2026-09-23,P,360.0,9,46,0.28613995117187496,5.88,6.15,6.45
GOOGL,2026-09-18,2026-09-23,P,362.5,6,7,0.2963937548828125,8.1,8.0,8.4
GOOGL,2026-09-18,2026-09-23,P,365.0,3,20,0.30591514404296877,10.6,10.05,10.5
GOOGL,2026-09-18,2026-09-23,P,370.0,1,30,0.3198310205078124,13.8,13.85,15.0
GOOGL,2026-09-18,2026-09-23,P,385.0,0,0,0.737307314453125,35.85,27.65,31.0
GOOGL,2026-09-18,2026-09-25,C,150.0,1,0,3.4980481298828128,194.62,204.45,207.6
GOOGL,2026-09-18,2026-09-25,C,160.0,1,6,3.3535172412109366,196.6,194.55,197.75
GOOGL,2026-09-18,2026-09-25,C,165.0,1,0,3.058596103515625,169.43,189.3,192.55
GOOGL,2026-09-18,2026-09-25,C,180.0,1,0,2.8349638500976564,166.15,174.45,177.65
GOOGL,2026-09-18,2026-09-25,C,190.0,2,1,2.7656280859375,165.85,164.8,167.75
GOOGL,2026-09-18,2026-09-25,C,195.0,2,1,2.4834022290039064,160.82,159.3,162.65
GOOGL,2026-09-18,2026-09-25,C,200.0,1,1,2.4531288671875,155.55,154.45,157.7
GOOGL,2026-09-18,2026-09-25,C,205.0,7,1,2.3593791015624994,151.6,149.5,152.65
GOOGL,2026-09-18,2026-09-25,C,210.0,4,0,2.2236372534179685,135.52,144.35,147.65
GOOGL,2026-09-18,2026-09-25,C,220.0,1,0,2.0488330029296877,118.48,134.3,137.7
GOOGL,2026-09-18,2026-09-25,C,225.0,3,1,1.9775391748046878,106.38,129.35,132.7
GOOGL,2026-09-18,2026-09-25,C,230.0,1,0,1.8935552197265624,115.6,124.45,127.6
GOOGL,2026-09-18,2026-09-25,C,235.0,2,2,1.8115243798828122,96.74,119.35,122.7
GOOGL,2026-09-18,2026-09-25,C,240.0,1,1,1.7548840380859376,105.93,114.55,117.6
GOOGL,2026-09-18,2026-09-25,C,250.0,7,7,1.57422087890625,95.92,104.35,107.7
GOOGL,2026-09-18,2026-09-25,C,255.0,0,0,1.619142529296875,82.01,99.85,102.85
GOOGL,2026-09-18,2026-09-25,C,260.0,12,10,1.4423856005859377,87.91,94.35,97.8
GOOGL,2026-09-18,2026-09-25,C,265.0,2,6,1.4443387158203125,79.89,89.85,92.75
GOOGL,2026-09-18,2026-09-25,C,270.0,5,1,1.3017613037109372,81.0,84.5,87.7
GOOGL,2026-09-18,2026-09-25,C,275.0,13,2,1.2978550732421872,60.47,79.8,82.85
GOOGL,2026-09-18,2026-09-25,C,280.0,106,1,1.2080117724609374,60.34,74.7,77.85
GOOGL,2026-09-18,2026-09-25,C,285.0,20,1,1.0595750146484377,72.67,69.45,72.6
GOOGL,2026-09-18,2026-09-25,C,290.0,54,1,1.0468797656250002,66.44,64.7,67.75
GOOGL,2026-09-18,2026-09-25,C,295.0,60,1,1.015874061279297,62.53,59.95,62.85
GOOGL,2026-09-18,2026-09-25,C,300.0,167,412,0.8959971337890623,50.36,54.65,57.75
GOOGL,2026-09-18,2026-09-25,C,305.0,42,1,0.8676771044921875,51.1,50.0,52.8
GOOGL,2026-09-18,2026-09-25,C,310.0,51,2,0.6337927246093751,43.05,44.55,46.95
GOOGL,2026-09-18,2026-09-25,C,312.5,10,10,0.7133817724609376,36.84,42.1,45.25
GOOGL,2026-09-18,2026-09-25,C,315.0,61,20,0.6831086376953126,36.83,39.6,42.8
GOOGL,2026-09-18,2026-09-25,C,317.5,6,14,0.647464462890625,29.67,37.1,40.3
GOOGL,2026-09-18,2026-09-25,C,320.0,71,4,0.6826203613281252,35.89,35.45,37.8
GOOGL,2026-09-18,2026-09-25,C,322.5,26,26,0.6020547607421877,25.69,32.45,35.25
GOOGL,2026-09-18,2026-09-25,C,325.0,177,7,0.5991251025390626,31.75,30.3,32.85
GOOGL,2026-09-18,2026-09-25,C,327.5,10,5,0.5397995239257813,19.17,27.5,30.35
GOOGL,2026-09-18,2026-09-25,C,330.0,715,35,0.5124560473632812,26.42,25.6,26.5
GOOGL,2026-09-18,2026-09-25,C,332.5,103,24,0.5651898950195313,23.89,22.9,24.8
GOOGL,2026-09-18,2026-09-25,C,335.0,625,72,0.5222215747070311,21.54,20.6,22.3
GOOGL,2026-09-18,2026-09-25,C,337.5,86,57,0.5546919531250001,19.55,18.45,20.65
GOOGL,2026-09-18,2026-09-25,C,340.0,1531,166,0.38721315917968746,17.75,16.1,16.8
GOOGL,2026-09-18,2026-09-25,C,342.5,639,23,0.43066975585937506,13.9,13.6,15.3
GOOGL,2026-09-18,2026-09-25,C,345.0,2445,115,0.34265794067382804,12.5,11.85,12.3
GOOGL,2026-09-18,2026-09-25,C,347.5,849,69,0.34204759521484374,11.17,10.05,10.45
GOOGL,2026-09-18,2026-09-25,C,350.0,6818,842,0.32813171874999997,8.77,8.2,8.55
GOOGL,2026-09-18,2026-09-25,C,352.5,1288,656,0.3332586206054688,7.22,6.75,7.1
GOOGL,2026-09-18,2026-09-25,C,355.0,6011,6953,0.32129584960937496,5.45,5.25,5.55
GOOGL,2026-09-18,2026-09-25,C,357.5,6356,1821,0.31653515502929686,4.17,4.1,4.3
GOOGL,2026-09-18,2026-09-25,C,360.0,5272,5644,0.31555860229492183,3.19,3.1,3.3
GOOGL,2026-09-18,2026-09-25,C,362.5,3999,851,0.30652548950195313,2.33,2.29,2.36
GOOGL,2026-09-18,2026-09-25,C,365.0,4183,3092,0.3109199768066406,1.72,1.71,1.78
GOOGL,2026-09-18,2026-09-25,C,367.5,224,573,0.3110420458984374,1.27,1.23,1.28
GOOGL,2026-09-18,2026-09-25,C,370.0,5157,4065,0.3099434240722656,0.85,0.85,0.89
GOOGL,2026-09-18,2026-09-25,C,372.5,2073,1057,0.3139717041015625,0.63,0.57,0.64
GOOGL,2026-09-18,2026-09-25,C,375.0,1591,2224,0.313483427734375,0.47,0.42,0.43
GOOGL,2026-09-18,2026-09-25,C,377.5,81,179,0.32959654785156245,0.35,0.28,0.36
GOOGL,2026-09-18,2026-09-25,C,380.0,2420,769,0.327155166015625,0.24,0.22,0.23
GOOGL,2026-09-18,2026-09-25,C,385.0,1388,341,0.34326828613281246,0.13,0.12,0.13
GOOGL,2026-09-18,2026-09-25,C,390.0,3351,721,0.36817038085937503,0.08,0.08,0.09
GOOGL,2026-09-18,2026-09-25,C,395.0,1949,31,0.397466962890625,0.07,0.06,0.07
GOOGL,2026-09-18,2026-09-25,C,400.0,18104,597,0.41992767578125,0.04,0.04,0.05
GOOGL,2026-09-18,2026-09-25,C,405.0,1759,14,0.45898978515625005,0.03,0.03,0.05
GOOGL,2026-09-18,2026-09-25,C,410.0,399,36,0.48438015625,0.04,0.03,0.04
GOOGL,2026-09-18,2026-09-25,C,415.0,845,63,0.5117236328125,0.03,0.02,0.05
GOOGL,2026-09-18,2026-09-25,C,420.0,463,29,0.5273484765625001,0.03,0.02,0.03
GOOGL,2026-09-18,2026-09-25,C,425.0,52,5,0.5468795312500001,0.01,0.01,0.03
GOOGL,2026-09-18,2026-09-25,C,430.0,57,16,0.57812921875,0.05,0.01,0.03
GOOGL,2026-09-18,2026-09-25,C,435.0,36,12,0.6093789062500001,0.01,0.01,0.03
GOOGL,2026-09-18,2026-09-25,C,440.0,60,65,0.6679720703125002,0.02,0.0,0.06
GOOGL,2026-09-18,2026-09-25,C,445.0,124,17,0.7773459765625,0.01,0.0,0.16
GOOGL,2026-09-18,2026-09-25,C,450.0,289,7,0.6250037500000001,0.01,0.0,0.01
GOOGL,2026-09-18,2026-09-25,C,455.0,27,3,0.86132951171875,0.01,0.0,0.19
GOOGL,2026-09-18,2026-09-25,C,460.0,70,6,1.0127002490234376,0.01,0.0,0.5
GOOGL,2026-09-18,2026-09-25,C,465.0,29,11,0.8808605664062499,0.01,0.0,0.12
GOOGL,2026-09-18,2026-09-25,C,470.0,100,10,0.7187528125,0.01,0.0,0.01
GOOGL,2026-09-18,2026-09-25,C,475.0,240,111,0.9335944140625,0.01,0.0,0.11
GOOGL,2026-09-18,2026-09-25,C,480.0,80,3,1.2465857983398436,0.01,0.0,0.87
GOOGL,2026-09-18,2026-09-25,C,485.0,27,1,1.4868189721679688,0.03,0.0,2.13
GOOGL,2026-09-18,2026-09-25,C,490.0,192,2,1.087895185546875,0.01,0.0,0.2
GOOGL,2026-09-18,2026-09-25,C,495.0,42,4,1.3759796826171873,0.01,0.0,0.98
GOOGL,2026-09-18,2026-09-25,C,500.0,150,1,0.87500125,0.09,0.0,0.01
GOOGL,2026-09-18,2026-09-25,C,505.0,38,8,1.6376971240234375,0.01,0.0,2.13
GOOGL,2026-09-18,2026-09-25,C,510.0,40,13,0.92187578125,0.01,0.0,0.01
GOOGL,2026-09-18,2026-09-25,C,515.0,50,22,0.937500625,0.01,0.0,0.01
GOOGL,2026-09-18,2026-09-25,C,520.0,138,9,0.9687503125,0.07,0.0,0.01
GOOGL,2026-09-18,2026-09-25,C,525.0,51,24,0.98437515625,0.01,0.0,0.01
GOOGL,2026-09-18,2026-09-25,C,530.0,224,1,1.000005,0.19,0.0,0.01
GOOGL,2026-09-18,2026-09-25,C,535.0,83,11,1.0312548437500002,0.01,0.0,0.01
GOOGL,2026-09-18,2026-09-25,C,540.0,244,123,1.0625046875000002,0.02,0.0,0.01
GOOGL,2026-09-18,2026-09-25,C,545.0,153,79,1.0625046875000002,0.01,0.0,0.01
GOOGL,2026-09-18,2026-09-25,C,550.0,1022,52,1.09375453125,0.01,0.0,0.01
GOOGL,2026-09-18,2026-09-25,P,100.0,5,0,3.1250021875,0.01,0.0,0.01
GOOGL,2026-09-18,2026-09-25,P,105.0,2,0,3.0000025,0.01,0.0,0.01
GOOGL,2026-09-18,2026-09-25,P,110.0,3,0,2.8750028125,0.01,0.0,0.01
GOOGL,2026-09-18,2026-09-25,P,115.0,1,0,4.039067451171874,0.08,0.0,0.53
GOOGL,2026-09-18,2026-09-25,P,120.0,12,0,2.68750328125,0.01,0.0,0.01
GOOGL,2026-09-18,2026-09-25,P,125.0,14,0,2.6250034375,0.01,0.0,0.01
GOOGL,2026-09-18,2026-09-25,P,130.0,12,0,2.50000375,0.01,0.0,0.01
GOOGL,2026-09-18,2026-09-25,P,135.0,2,0,2.43750390625,0.09,0.0,0.01
GOOGL,2026-09-18,2026-09-25,P,140.0,4,0,2.3125042187499996,0.05,0.0,0.01
GOOGL,2026-09-18,2026-09-25,P,145.0,2,0,2.2500043749999996,0.08,0.0,0.01
GOOGL,2026-09-18,2026-09-25,P,150.0,1002,1000,2.1875045312499997,0.01,0.0,0.01
GOOGL,2026-09-18,2026-09-25,P,155.0,1001,1,2.0625048437499998,2.0,0.0,0.01
GOOGL,2026-09-18,2026-09-25,P,160.0,1017,1010,2.000005,0.01,0.0,0.01
GOOGL,2026-09-18,2026-09-25,P,170.0,8800,8800,1.875000625,0.01,0.0,0.01
GOOGL,2026-09-18,2026-09-25,P,180.0,1,0,1.71875140625,0.09,0.0,0.01
GOOGL,2026-09-18,2026-09-25,P,190.0,1,1,1.5937520312499998,0.1,0.0,0.01
GOOGL,2026-09-18,2026-09-25,P,195.0,1,0,2.4140664648437498,0.09,0.0,0.89
GOOGL,2026-09-18,2026-09-25,P,200.0,51,12,1.46875265625,0.05,0.0,0.01
GOOGL,2026-09-18,2026-09-25,P,205.0,52,1,1.40625296875,0.11,0.0,0.01
GOOGL,2026-09-18,2026-09-25,P,210.0,27,3,1.3437532812499997,0.02,0.0,0.01
GOOGL,2026-09-18,2026-09-25,P,215.0,43,1,1.3125034374999998,0.01,0.0,0.01
GOOGL,2026-09-18,2026-09-25,P,220.0,54,4,1.2500037499999999,0.01,0.0,0.01
GOOGL,2026-09-18,2026-09-25,P,225.0,47,2,1.1875040625,0.05,0.0,0.01
GOOGL,2026-09-18,2026-09-25,P,230.0,55,5,1.125004375,0.05,0.0,0.01
GOOGL,2026-09-18,2026-09-25,P,235.0,56,1,1.0625046875000002,0.05,0.0,0.01
GOOGL,2026-09-18,2026-09-25,P,240.0,268,3,1.0312548437500002,0.09,0.0,0.01
GOOGL,2026-09-18,2026-09-25,P,245.0,126,1,0.9687503125,0.02,0.0,0.01
GOOGL,2026-09-18,2026-09-25,P,250.0,212,104,0.937500625,0.01,0.0,0.01
GOOGL,2026-09-18,2026-09-25,P,255.0,76,3,0.87500125,0.02,0.0,0.01
GOOGL,2026-09-18,2026-09-25,P,260.0,146,53,0.8281267187499999,0.03,0.0,0.01
GOOGL,2026-09-18,2026-09-25,P,265.0,230,95,0.7812521875,0.01,0.0,0.01
GOOGL,2026-09-18,2026-09-25,P,270.0,1063,9,0.73437765625,0.01,0.0,0.01
GOOGL,2026-09-18,2026-09-25,P,275.0,56,17,1.2876012182617185,0.03,0.0,1.71
GOOGL,2026-09-18,2026-09-25,P,280.0,216,1,0.6875031250000001,0.02,0.0,0.02
GOOGL,2026-09-18,2026-09-25,P,285.0,749,45,0.70312796875,0.02,0.01,0.05
GOOGL,2026-09-18,2026-09-25,P,290.0,98,5,0.6093789062500001,0.04,0.0,0.03
GOOGL,2026-09-18,2026-09-25,P,295.0,1268,4,0.5937540625000001,0.01,0.0,0.05
GOOGL,2026-09-18,2026-09-25,P,300.0,1114,40,0.5312546875,0.02,0.01,0.03
GOOGL,2026-09-18,2026-09-25,P,305.0,1735,28,0.50586431640625,0.02,0.01,0.03
GOOGL,2026-09-18,2026-09-25,P,307.5,446,1,0.53320779296875,0.07,0.01,0.07
GOOGL,2026-09-18,2026-09-25,P,310.0,987,52,0.4726615234375,0.07,0.02,0.04
GOOGL,2026-09-18,2026-09-25,P,312.5,120,1,0.44727115234375,0.03,0.02,0.04
GOOGL,2026-09-18,2026-09-25,P,315.0,2238,97,0.4335994140625,0.04,0.04,0.05
GOOGL,2026-09-18,2026-09-25,P,317.5,427,12,0.42774009765625004,0.05,0.02,0.07
GOOGL,2026-09-18,2026-09-25,P,320.0,2066,532,0.401373173828125,0.05,0.05,0.07
GOOGL,2026-09-18,2026-09-25,P,322.5,676,79,0.38281867187499996,0.07,0.06,0.08
GOOGL,2026-09-18,2026-09-25,P,325.0,4373,1110,0.362311064453125,0.08,0.08,0.09
GOOGL,2026-09-18,2026-09-25,P,327.5,2242,158,0.3544986425781249,0.12,0.11,0.13
GOOGL,2026-09-18,2026-09-25,P,330.0,1667,478,0.33838552246093745,0.15,0.15,0.16
GOOGL,2026-09-18,2026-09-25,P,332.5,773,231,0.3305731005859375,0.22,0.2,0.23
GOOGL,2026-09-18,2026-09-25,P,335.0,1597,576,0.3232489550781249,0.31,0.3,0.33
GOOGL,2026-09-18,2026-09-25,P,337.5,417,654,0.31763377685546873,0.45,0.41,0.48
GOOGL,2026-09-18,2026-09-25,P,340.0,2960,742,0.309577216796875,0.67,0.61,0.67
GOOGL,2026-09-18,2026-09-25,P,342.5,1556,594,0.30774618041992186,0.95,0.89,0.99
GOOGL,2026-09-18,2026-09-25,P,345.0,2627,826,0.30298548583984375,1.3,1.3,1.39
GOOGL,2026-09-18,2026-09-25,P,347.5,719,250,0.30298548583984375,1.95,1.91,1.98
GOOGL,2026-09-18,2026-09-25,P,350.0,1070,1904,0.30591514404296877,2.62,2.67,2.78
GOOGL,2026-09-18,2026-09-25,P,352.5,350,916,0.30445031494140623,3.49,3.4,3.7
GOOGL,2026-09-18,2026-09-25,P,355.0,361,281,0.2933420275878905,4.6,4.5,4.65
GOOGL,2026-09-18,2026-09-25,P,357.5,167,65,0.29431858032226554,5.9,5.75,6.0
GOOGL,2026-09-18,2026-09-25,P,360.0,934,498,0.3050606604003906,7.15,7.5,7.7
GOOGL,2026-09-18,2026-09-25,P,362.5,243,6,0.29444064941406245,9.7,8.95,9.25
GOOGL,2026-09-18,2026-09-25,P,365.0,31,8,0.29566134033203123,10.05,10.8,11.15
GOOGL,2026-09-18,2026-09-25,P,370.0,111,1,0.3149482568359374,16.2,15.0,15.5
GOOGL,2026-09-18,2026-09-25,P,372.5,2,2,0.42090422851562503,23.0,15.8,18.7
GOOGL,2026-09-18,2026-09-25,P,375.0,4,2,0.44861391235351555,29.9,18.4,21.1
GOOGL,2026-09-18,2026-09-25,P,380.0,0,14,0.3627993408203125,31.15,22.9,24.95
GOOGL,2026-09-18,2026-09-25,P,385.0,0,1,0.49707534179687507,35.93,27.85,30.4
GOOGL,2026-09-18,2026-09-25,P,390.0,0,22,0.44385321777343745,52.51,32.75,34.85
GOOGL,2026-09-18,2026-09-25,P,395.0,0,1,0.7133817724609376,54.84,37.65,41.1
GOOGL,2026-09-18,2026-09-25,P,400.0,0,1,0.5830119824218749,44.0,42.6,45.0
GOOGL,2026-09-18,2026-09-25,P,420.0,0,1,0.9467778759765625,76.18,62.4,65.8
GOOGL,2026-09-18,2026-09-25,P,435.0,0,35,1.0852096520996093,78.74,77.45,80.75
GOOGL,2026-09-18,2026-09-28,C,305.0,1,0,0.7165555688476561,42.05,50.05,52.85
GOOGL,2026-09-18,2026-09-28,C,320.0,1,0,0.5046436254882812,26.5,34.5,37.9
GOOGL,2026-09-18,2026-09-28,C,325.0,1,0,0.6020547607421877,22.25,29.6,32.8
GOOGL,2026-09-18,2026-09-28,C,330.0,15,0,0.5543257458496094,17.36,24.7,28.1
GOOGL,2026-09-18,2026-09-28,C,332.5,4,0,0.5142870837402342,17.25,22.9,25.55
GOOGL,2026-09-18,2026-09-28,C,335.0,3,0,0.45654840332031255,15.98,20.95,22.75
GOOGL,2026-09-18,2026-09-28,C,337.5,4,1,0.4762015270996094,14.98,18.35,21.1
GOOGL,2026-09-18,2026-09-28,C,340.0,14,10,0.43079182495117196,12.0,16.8,18.5
GOOGL,2026-09-18,2026-09-28,C,342.5,110,2,0.4200497448730469,14.0,14.3,16.5
GOOGL,2026-09-18,2026-09-28,C,345.0,247,20,0.36096830444335937,13.45,12.1,13.7
GOOGL,2026-09-18,2026-09-28,C,347.5,418,21,0.34192552612304683,10.85,9.7,11.65
GOOGL,2026-09-18,2026-09-28,C,350.0,285,317,0.3082954913330078,9.22,8.8,9.4
GOOGL,2026-09-18,2026-09-28,C,352.5,171,92,0.2997506549072265,7.58,7.45,7.75
GOOGL,2026-09-18,2026-09-28,C,355.0,563,541,0.2841868457031249,6.49,5.75,6.1
GOOGL,2026-09-18,2026-09-28,C,357.5,214,363,0.30170376037597657,4.8,4.8,5.3
GOOGL,2026-09-18,2026-09-28,C,360.0,528,329,0.28247787841796873,3.95,3.6,3.9
GOOGL,2026-09-18,2026-09-28,C,362.5,33,30,0.3057930749511719,3.0,2.86,3.5
GOOGL,2026-09-18,2026-09-28,C,365.0,242,300,0.2797923583984374,2.4,1.92,2.31
GOOGL,2026-09-18,2026-09-28,C,367.5,26,43,0.30359583129882806,1.64,1.67,2.12
GOOGL,2026-09-18,2026-09-28,C,370.0,403,138,0.2858958129882812,1.3,1.19,1.38
GOOGL,2026-09-18,2026-09-28,C,372.5,27,7,0.2962716857910156,1.02,0.91,1.14
GOOGL,2026-09-18,2026-09-28,C,375.0,110,96,0.28174546386718746,0.79,0.66,0.7
GOOGL,2026-09-18,2026-09-28,C,380.0,133,129,0.2966378930664062,0.44,0.36,0.44
GOOGL,2026-09-18,2026-09-28,C,382.5,1,3,0.3039620385742187,0.24,0.24,0.35
GOOGL,2026-09-18,2026-09-28,C,385.0,4,9,0.34229173339843744,0.22,0.05,0.45
GOOGL,2026-09-18,2026-09-28,C,390.0,4,1,0.35767243896484374,0.15,0.07,0.31
GOOGL,2026-09-18,2026-09-28,C,395.0,5,11,0.3794007373046875,0.15,0.04,0.24
GOOGL,2026-09-18,2026-09-28,C,400.0,13,532,0.35938140625,0.08,0.04,0.09
GOOGL,2026-09-18,2026-09-28,C,405.0,7,1,0.42774009765625004,0.17,0.01,0.17
GOOGL,2026-09-18,2026-09-28,C,410.0,0,2,0.46143116699218756,0.06,0.02,0.17
GOOGL,2026-09-18,2026-09-28,C,415.0,2,1,0.49023947265625006,0.37,0.01,0.16
GOOGL,2026-09-18,2026-09-28,P,270.0,1,0,1.1245160961914062,0.1,0.0,2.13
GOOGL,2026-09-18,2026-09-28,P,275.0,1,0,1.0622605480957032,0.07,0.0,2.13
GOOGL,2026-09-18,2026-09-28,P,285.0,18,2,0.6757844921875001,0.07,0.0,0.31
GOOGL,2026-09-18,2026-09-28,P,290.0,5,0,0.57617611328125,0.06,0.0,0.16
GOOGL,2026-09-18,2026-09-28,P,295.0,6,14,0.49219257812500006,0.03,0.01,0.04
GOOGL,2026-09-18,2026-09-28,P,300.0,25,2,0.49805189453125004,0.02,0.01,0.09
GOOGL,2026-09-18,2026-09-28,P,305.0,3,2,0.44043528320312497,0.04,0.01,0.07
GOOGL,2026-09-18,2026-09-28,P,310.0,6,6,0.41797457031249996,0.09,0.01,0.1
GOOGL,2026-09-18,2026-09-28,P,312.5,4,2,0.39063109375,0.05,0.01,0.09
GOOGL,2026-09-18,2026-09-28,P,315.0,30,5,0.3632876171875,0.05,0.02,0.08
GOOGL,2026-09-18,2026-09-28,P,317.5,3,2,0.3632876171875,0.12,0.01,0.12
GOOGL,2026-09-18,2026-09-28,P,320.0,81,1,0.36377589355468753,0.29,0.1,0.18
GOOGL,2026-09-18,2026-09-28,P,325.0,180,19,0.3237372314453124,0.13,0.13,0.2
GOOGL,2026-09-18,2026-09-28,P,327.5,89,6,0.3193427441406249,0.21,0.15,0.28
GOOGL,2026-09-18,2026-09-28,P,330.0,228,216,0.3007882421875,0.29,0.14,0.31
GOOGL,2026-09-18,2026-09-28,P,332.5,92,1,0.29761444580078117,0.36,0.23,0.44
GOOGL,2026-09-18,2026-09-28,P,335.0,128,81,0.2858958129882812,0.45,0.44,0.55
GOOGL,2026-09-18,2026-09-28,P,337.5,23,3,0.2795482202148437,0.66,0.59,0.74
GOOGL,2026-09-18,2026-09-28,P,340.0,43,22,0.2732006274414062,0.87,0.75,0.99
GOOGL,2026-09-18,2026-09-28,P,342.5,175,31,0.2722240747070312,1.28,1.04,1.39
GOOGL,2026-09-18,2026-09-28,P,345.0,326,34,0.2690502783203125,1.59,1.61,1.87
GOOGL,2026-09-18,2026-09-28,P,347.5,239,10,0.2664868273925781,2.29,2.07,2.49
GOOGL,2026-09-18,2026-09-28,P,350.0,87,188,0.26355716918945316,2.66,2.69,3.25
GOOGL,2026-09-18,2026-09-28,P,352.5,62,16,0.25714854187011715,3.73,3.5,4.1
GOOGL,2026-09-18,2026-09-28,P,355.0,146,139,0.2616040637207031,4.8,4.7,5.35
GOOGL,2026-09-18,2026-09-28,P,357.5,108,18,0.2573316455078125,6.47,6.1,6.6
GOOGL,2026-09-18,2026-09-28,P,360.0,11,4,0.2912668530273437,8.18,7.1,8.8
GOOGL,2026-09-18,2026-09-30,C,265.0,1,1,1.0107471337890623,90.0,89.35,92.85
GOOGL,2026-09-18,2026-09-30,C,285.0,1,0,0.8376481079101561,64.0,69.75,72.9
GOOGL,2026-09-18,2026-09-30,C,300.0,3,0,0.6945831323242189,46.48,54.95,57.95
GOOGL,2026-09-18,2026-09-30,C,320.0,7,2,0.6120644262695314,37.88,34.6,37.95
GOOGL,2026-09-18,2026-09-30,C,330.0,36,10,0.5217332983398437,27.25,26.0,28.5
GOOGL,2026-09-18,2026-09-30,C,332.5,1,1,0.49451189086914066,19.23,23.0,26.1
GOOGL,2026-09-18,2026-09-30,C,335.0,29,4,0.4721732470703125,16.88,21.25,23.8
GOOGL,2026-09-18,2026-09-30,C,337.5,11,7,0.4484918432617187,16.45,18.65,21.5
GOOGL,2026-09-18,2026-09-30,C,340.0,5,1,0.4097959411621094,15.78,16.65,18.95
GOOGL,2026-09-18,2026-09-30,C,342.5,26,5,0.3986876538085938,16.2,14.5,16.95
GOOGL,2026-09-18,2026-09-30,C,345.0,44,2,0.34778484252929687,14.99,12.8,14.2
GOOGL,2026-09-18,2026-09-30,C,347.5,71,11,0.33637138244628906,12.25,11.15,12.3
GOOGL,2026-09-18,2026-09-30,C,350.0,105,43,0.32520206054687495,9.78,9.5,10.5
GOOGL,2026-09-18,2026-09-30,C,352.5,24,134,0.31799998413085934,8.7,8.3,8.9
GOOGL,2026-09-18,2026-09-30,C,355.0,314,115,0.2947458221435546,7.66,6.75,7.05
GOOGL,2026-09-18,2026-09-30,C,357.5,120,58,0.3127510131835937,6.11,5.85,6.3
GOOGL,2026-09-18,2026-09-30,C,360.0,713,289,0.3078682495117187,5.03,4.7,5.15
GOOGL,2026-09-18,2026-09-30,C,362.5,24,24,0.29895720581054686,4.15,3.8,4.05
GOOGL,2026-09-18,2026-09-30,C,365.0,109,79,0.30725790405273434,3.1,3.05,3.45
GOOGL,2026-09-18,2026-09-30,C,367.5,54,14,0.3007882421875,2.54,2.54,2.66
GOOGL,2026-09-18,2026-09-30,C,370.0,225,88,0.30823445678710937,2.14,1.94,2.24
GOOGL,2026-09-18,2026-09-30,C,372.5,69,26,0.31018756225585936,1.62,1.51,1.8
GOOGL,2026-09-18,2026-09-30,C,375.0,115,46,0.305671005859375,1.35,1.21,1.35
GOOGL,2026-09-18,2026-09-30,C,377.5,8,20,0.31555860229492183,1.05,0.96,1.16
GOOGL,2026-09-18,2026-09-30,C,380.0,117,202,0.31690136230468746,0.87,0.66,0.91
GOOGL,2026-09-18,2026-09-30,C,385.0,57,26,0.32617861328125,0.54,0.47,0.6
GOOGL,2026-09-18,2026-09-30,C,390.0,38,61,0.3325262060546875,0.23,0.27,0.38
GOOGL,2026-09-18,2026-09-30,C,395.0,4,1,0.3588931298828125,0.2,0.11,0.33
GOOGL,2026-09-18,2026-09-30,C,400.0,40,93,0.36426416992187505,0.14,0.14,0.21
GOOGL,2026-09-18,2026-09-30,C,405.0,106,2,0.3794007373046875,0.1,0.02,0.16
GOOGL,2026-09-18,2026-09-30,C,410.0,6,10,0.4321345849609375,0.14,0.01,0.23
GOOGL,2026-09-18,2026-09-30,P,265.0,5,1,1.0551805053710939,0.07,0.0,2.06
GOOGL,2026-09-18,2026-09-30,P,270.0,5,0,0.7773459765625,0.05,0.0,0.47
GOOGL,2026-09-18,2026-09-30,P,275.0,5,2,0.58789474609375,0.03,0.01,0.07
GOOGL,2026-09-18,2026-09-30,P,280.0,4,4,0.5507857421875001,0.04,0.01,0.07
GOOGL,2026-09-18,2026-09-30,P,285.0,4,2,0.5117236328125,0.04,0.01,0.07
GOOGL,2026-09-18,2026-09-30,P,290.0,9,1,0.5312546875,0.05,0.01,0.1
GOOGL,2026-09-18,2026-09-30,P,295.0,4,6,0.46094289062500005,0.05,0.01,0.06
GOOGL,2026-09-18,2026-09-30,P,300.0,16,7,0.45215391601562505,0.1,0.01,0.1
GOOGL,2026-09-18,2026-09-30,P,305.0,1,5,0.407232490234375,0.08,0.04,0.09
GOOGL,2026-09-18,2026-09-30,P,310.0,7,1,0.38867798828125,0.13,0.02,0.13
GOOGL,2026-09-18,2026-09-30,P,312.5,1,1,0.405279384765625,0.14,0.01,0.24
GOOGL,2026-09-18,2026-09-30,P,315.0,21,10,0.35986968261718744,0.14,0.06,0.16
GOOGL,2026-09-18,2026-09-30,P,320.0,32,7,0.3364324169921875,0.2,0.15,0.22
GOOGL,2026-09-18,2026-09-30,P,325.0,65,21,0.3193427441406249,0.3,0.27,0.34
GOOGL,2026-09-18,2026-09-30,P,327.5,12,21,0.31153032226562494,0.43,0.34,0.43
GOOGL,2026-09-18,2026-09-30,P,330.0,152,138,0.30591514404296877,0.48,0.45,0.56
GOOGL,2026-09-18,2026-09-30,P,332.5,13,35,0.299811689453125,0.69,0.64,0.72
GOOGL,2026-09-18,2026-09-30,P,335.0,78,13,0.3039620385742187,0.93,0.79,1.04
GOOGL,2026-09-18,2026-09-30,P,337.5,51,5,0.29456271850585936,1.15,1.01,1.27
GOOGL,2026-09-18,2026-09-30,P,340.0,48,69,0.29016823120117186,1.47,1.34,1.63
GOOGL,2026-09-18,2026-09-30,P,342.5,97,14,0.2971261694335937,1.84,1.86,2.27
GOOGL,2026-09-18,2026-09-30,P,345.0,92,48,0.28882547119140617,2.55,2.33,2.76
GOOGL,2026-09-18,2026-09-30,P,347.5,40,89,0.28552960571289054,3.25,3.05,3.45
GOOGL,2026-09-18,2026-09-30,P,350.0,78,88,0.29944548217773437,4.07,3.8,4.65
GOOGL,2026-09-18,2026-09-30,P,352.5,51,12,0.282233740234375,5.07,4.75,5.3
GOOGL,2026-09-18,2026-09-30,P,355.0,123,58,0.2788158056640625,6.15,5.8,6.4
GOOGL,2026-09-18,2026-09-30,P,357.5,100,6,0.281684429321289,7.4,7.05,7.8
GOOGL,2026-09-18,2026-09-30,P,360.0,69,1,0.2782054602050781,10.3,8.5,9.2
GOOGL,2026-09-18,2026-09-30,P,365.0,3,6,0.26392337646484376,14.35,11.6,12.3
GOOGL,2026-09-18,2026-09-30,P,370.0,1,0,0.31323928955078123,27.5,15.2,17.05
GOOGL,2026-09-18,2026-09-30,P,385.0,10,0,0.3947814428710938,37.37,27.75,31.0
GOOGL,2026-09-18,2026-09-30,P,415.0,0,0,0.6272009936523439,68.8,57.45,60.9
GOOGL,2026-09-18,2026-10-02,C,100.0,6,6,3.389649963378906,247.0,254.45,257.7
GOOGL,2026-09-18,2026-10-02,C,120.0,27,0,3.0664085839843747,224.74,234.95,237.75
GOOGL,2026-09-18,2026-10-02,C,150.0,1,1,2.4892615893554684,208.0,204.95,207.8
GOOGL,2026-09-18,2026-10-02,C,160.0,1,0,2.2832074169921874,186.85,194.6,197.95
GOOGL,2026-09-18,2026-10-02,C,165.0,1,0,2.193852171630859,181.5,189.65,192.85
GOOGL,2026-09-18,2026-10-02,C,190.0,1,1,1.8447273388671874,166.05,164.6,168.0
GOOGL,2026-09-18,2026-10-02,C,200.0,2,2,1.74609501953125,152.0,154.85,158.0
GOOGL,2026-09-18,2026-10-02,C,210.0,3,0,1.5761739941406248,129.11,144.65,147.9
GOOGL,2026-09-18,2026-10-02,C,220.0,2,2,1.4794947900390625,127.17,134.7,138.05
GOOGL,2026-09-18,2026-10-02,C,225.0,4,4,1.4072295263671877,106.7,129.7,132.95
GOOGL,2026-09-18,2026-10-02,C,230.0,2,1,1.354983693847656,115.27,124.65,128.05
GOOGL,2026-09-18,2026-10-02,C,240.0,2,2,1.267093508300781,91.7,114.85,118.1
GOOGL,2026-09-18,2026-10-02,C,245.0,1,2,1.2346229675292966,86.76,110.15,113.05
GOOGL,2026-09-18,2026-10-02,C,250.0,55,54,1.173832255859375,92.76,105.15,108.0
GOOGL,2026-09-18,2026-10-02,C,255.0,7,2,1.1181684716796876,76.92,100.15,103.0
GOOGL,2026-09-18,2026-10-02,C,260.0,14,62,1.0329638195800785,72.1,94.7,98.1
GOOGL,2026-09-18,2026-10-02,C,265.0,11,1,0.9890137817382813,82.0,89.9,93.0
GOOGL,2026-09-18,2026-10-02,C,270.0,27,5,0.9367682104492188,76.11,84.8,88.1
GOOGL,2026-09-18,2026-10-02,C,275.0,16,1,0.8889171264648437,64.13,79.9,83.05
GOOGL,2026-09-18,2026-10-02,C,280.0,24,2,0.8596205444335938,71.51,75.2,78.05
GOOGL,2026-09-18,2026-10-02,C,285.0,29,1,0.7761252856445313,62.23,69.85,72.95
GOOGL,2026-09-18,2026-10-02,C,290.0,23,8,0.7502466381835937,60.2,65.05,68.1
GOOGL,2026-09-18,2026-10-02,C,295.0,9,2,0.7148466015625,52.81,60.3,63.1
GOOGL,2026-09-18,2026-10-02,C,300.0,66,135,0.5937540625000001,56.14,54.85,57.45
GOOGL,2026-09-18,2026-10-02,C,305.0,112,410,0.6210975390625001,45.85,50.4,53.15
GOOGL,2026-09-18,2026-10-02,C,310.0,69,4,0.5650678259277344,40.79,45.4,48.05
GOOGL,2026-09-18,2026-10-02,C,315.0,97,1,0.5305222729492188,31.28,40.5,43.3
GOOGL,2026-09-18,2026-10-02,C,317.5,10,0,0.5046436254882812,29.45,37.95,40.85
GOOGL,2026-09-18,2026-10-02,C,320.0,552,1,0.5959513061523438,36.54,35.8,38.5
GOOGL,2026-09-18,2026-10-02,C,322.5,3,70,0.540287800292969,34.49,33.45,35.6
GOOGL,2026-09-18,2026-10-02,C,325.0,94,72,0.4914601635742188,32.08,30.7,32.8
GOOGL,2026-09-18,2026-10-02,C,327.5,4,0,0.5095263891601562,20.73,28.6,31.05
GOOGL,2026-09-18,2026-10-02,C,330.0,777,20,0.44348701049804684,27.47,26.5,27.95
GOOGL,2026-09-18,2026-10-02,C,332.5,15,0,0.40808697387695314,18.2,24.1,25.35
GOOGL,2026-09-18,2026-10-02,C,335.0,374,8,0.43103596313476567,23.5,21.85,23.8
GOOGL,2026-09-18,2026-10-02,C,337.5,14,4,0.37567763000488286,21.7,19.85,20.85
GOOGL,2026-09-18,2026-10-02,C,340.0,1216,21,0.3617007189941406,18.95,17.85,18.7
GOOGL,2026-09-18,2026-10-02,C,342.5,32,6,0.36853658813476564,17.14,16.0,17.05
GOOGL,2026-09-18,2026-10-02,C,345.0,1537,92,0.3463810479736328,15.1,14.35,14.85
GOOGL,2026-09-18,2026-10-02,C,347.5,227,39,0.33460138061523437,12.95,12.6,12.95
GOOGL,2026-09-18,2026-10-02,C,350.0,1431,484,0.33539482971191403,11.37,10.95,11.45
GOOGL,2026-09-18,2026-10-02,C,352.5,294,184,0.32581240600585937,9.98,9.4,9.8
GOOGL,2026-09-18,2026-10-02,C,355.0,4627,733,0.32166205688476557,8.45,8.2,8.4
GOOGL,2026-09-18,2026-10-02,C,357.5,125,158,0.31867136413574215,7.2,6.7,7.15
GOOGL,2026-09-18,2026-10-02,C,360.0,2729,1204,0.3109199768066406,5.88,5.75,5.9
GOOGL,2026-09-18,2026-10-02,C,362.5,390,117,0.32044136596679684,5.24,4.85,5.2
GOOGL,2026-09-18,2026-10-02,C,365.0,7813,1027,0.3110420458984374,4.14,4.0,4.15
GOOGL,2026-09-18,2026-10-02,C,367.5,72,334,0.3161689477539062,3.65,3.4,3.55
GOOGL,2026-09-18,2026-10-02,C,370.0,2993,1223,0.3143379113769531,2.86,2.74,2.89
GOOGL,2026-09-18,2026-10-02,C,372.5,24,96,0.31323928955078123,2.27,2.23,2.34
GOOGL,2026-09-18,2026-10-02,C,375.0,2656,422,0.3136054968261719,1.89,1.81,1.9
GOOGL,2026-09-18,2026-10-02,C,377.5,1059,180,0.3225165405273437,1.7,1.52,1.66
GOOGL,2026-09-18,2026-10-02,C,380.0,1378,1035,0.3193427441406249,1.26,1.25,1.29
GOOGL,2026-09-18,2026-10-02,C,382.5,20,23,0.3272772351074219,1.08,0.98,1.12
GOOGL,2026-09-18,2026-10-02,C,385.0,695,251,0.33008482421874996,0.88,0.82,0.92
GOOGL,2026-09-18,2026-10-02,C,387.5,50,39,0.3325262060546875,0.71,0.66,0.75
GOOGL,2026-09-18,2026-10-02,C,390.0,676,67,0.33838552246093745,0.59,0.56,0.64
GOOGL,2026-09-18,2026-10-02,C,392.5,1,13,0.33667655517578127,0.49,0.47,0.49
GOOGL,2026-09-18,2026-10-02,C,395.0,77,30,0.3413151806640625,0.4,0.38,0.41
GOOGL,2026-09-18,2026-10-02,C,400.0,1187,4073,0.35474278076171867,0.31,0.3,0.31
GOOGL,2026-09-18,2026-10-02,C,405.0,166,82,0.38281867187499996,0.23,0.17,0.3
GOOGL,2026-09-18,2026-10-02,C,410.0,987,204,0.379889013671875,0.17,0.17,0.18
GOOGL,2026-09-18,2026-10-02,C,415.0,449,1,0.4067442138671875,0.18,0.1,0.18
GOOGL,2026-09-18,2026-10-02,C,420.0,5961,72,0.42969320312500003,0.14,0.12,0.17
GOOGL,2026-09-18,2026-10-02,C,425.0,30,1,0.481450498046875,0.13,0.01,0.25
GOOGL,2026-09-18,2026-10-02,C,430.0,745,1,0.5014698291015626,0.01,0.05,0.23
GOOGL,2026-09-18,2026-10-02,C,435.0,642,8,0.48730981445312505,0.07,0.03,0.13
GOOGL,2026-09-18,2026-10-02,C,440.0,95,4,0.500005,0.06,0.04,0.11
GOOGL,2026-09-18,2026-10-02,C,445.0,44,2,0.5224657128906249,0.07,0.03,0.11
GOOGL,2026-09-18,2026-10-02,C,450.0,460,2,0.507817421875,0.07,0.01,0.11
GOOGL,2026-09-18,2026-10-02,C,455.0,1172,36,0.53320779296875,0.05,0.03,0.1
GOOGL,2026-09-18,2026-10-02,C,460.0,1005,2,0.5546919531250001,0.06,0.03,0.1
GOOGL,2026-09-18,2026-10-02,C,465.0,29,3,0.5644574804687501,0.06,0.01,0.1
GOOGL,2026-09-18,2026-10-02,C,470.0,296,3,0.6035195898437502,0.05,0.01,0.14
GOOGL,2026-09-18,2026-10-02,C,475.0,21,13,0.5898478515625001,0.05,0.01,0.08
GOOGL,2026-09-18,2026-10-02,C,480.0,64,2,0.6015664843750002,0.07,0.01,0.07
GOOGL,2026-09-18,2026-10-02,C,485.0,28,4,0.6054726953125001,0.09,0.01,0.05
GOOGL,2026-09-18,2026-10-02,C,490.0,256,1,0.6210975390625001,0.09,0.01,0.05
GOOGL,2026-09-18,2026-10-02,C,495.0,96,1,0.64062859375,0.09,0.01,0.05
GOOGL,2026-09-18,2026-10-02,C,500.0,19,1,0.6562534375000001,0.09,0.01,0.05
GOOGL,2026-09-18,2026-10-02,C,505.0,24,7,0.7070341796875,0.04,0.01,0.09
GOOGL,2026-09-18,2026-10-02,C,510.0,200,3,0.6796907031250001,0.09,0.0,0.05
GOOGL,2026-09-18,2026-10-02,C,515.0,31,1,0.6953155468750001,0.09,0.0,0.05
GOOGL,2026-09-18,2026-10-02,C,520.0,136,17,0.7226590234375,0.05,0.0,0.06
GOOGL,2026-09-18,2026-10-02,C,525.0,29,11,0.710940390625,0.03,0.0,0.04
GOOGL,2026-09-18,2026-10-02,C,530.0,57,10,0.7539087109375,0.02,0.0,0.06
GOOGL,2026-09-18,2026-10-02,C,535.0,114,9,0.773439765625,0.03,0.0,0.06
GOOGL,2026-09-18,2026-10-02,C,540.0,176,45,0.773439765625,0.02,0.0,0.05
GOOGL,2026-09-18,2026-10-02,C,545.0,57,4,0.8125018749999999,0.03,0.01,0.06
GOOGL,2026-09-18,2026-10-02,C,550.0,22,3,0.8281267187499999,0.01,0.0,0.07
GOOGL,2026-09-18,2026-10-02,P,100.0,19,0,2.031254921875,0.06,0.0,0.01
GOOGL,2026-09-18,2026-10-02,P,105.0,28,0,1.9375003125,0.06,0.0,0.01
GOOGL,2026-09-18,2026-10-02,P,110.0,69,1,1.875000625,0.01,0.0,0.01
GOOGL,2026-09-18,2026-10-02,P,115.0,46,0,1.8125009374999999,0.06,0.0,0.01
GOOGL,2026-09-18,2026-10-02,P,120.0,35,0,1.75000125,0.05,0.0,0.01
GOOGL,2026-09-18,2026-10-02,P,125.0,43,43,1.6875015625,0.05,0.0,0.01
GOOGL,2026-09-18,2026-10-02,P,130.0,23,0,1.625001875,0.05,0.0,0.01
GOOGL,2026-09-18,2026-10-02,P,135.0,9,0,2.750003125,0.05,0.0,2.12
GOOGL,2026-09-18,2026-10-02,P,140.0,15,2,1.5000025,0.04,0.0,0.01
GOOGL,2026-09-18,2026-10-02,P,145.0,3,0,2.5649449938964843,0.06,0.0,2.13
GOOGL,2026-09-18,2026-10-02,P,150.0,3,0,1.40625296875,0.05,0.0,0.01
GOOGL,2026-09-18,2026-10-02,P,155.0,5,0,2.3906290234374996,0.11,0.0,2.13
GOOGL,2026-09-18,2026-10-02,P,160.0,1,0,1.3125034374999998,0.11,0.0,0.01
GOOGL,2026-09-18,2026-10-02,P,165.0,1,0,2.2265669335937495,0.11,0.0,2.13
GOOGL,2026-09-18,2026-10-02,P,170.0,1,0,1.1875040625,0.11,0.0,0.01
GOOGL,2026-09-18,2026-10-02,P,190.0,1,0,1.857422587890625,0.12,0.0,2.13
GOOGL,2026-09-18,2026-10-02,P,195.0,13,4,1.7890635546875,0.02,0.0,2.13
GOOGL,2026-09-18,2026-10-02,P,200.0,135,140,1.72265763671875,0.03,0.0,2.13
GOOGL,2026-09-18,2026-10-02,P,205.0,57,2,1.6577165551757815,0.01,0.0,2.13
GOOGL,2026-09-18,2026-10-02,P,210.0,55,14,1.5937520312499998,0.03,0.0,2.13
GOOGL,2026-09-18,2026-10-02,P,215.0,85,30,1.5317406225585937,0.03,0.0,2.13
GOOGL,2026-09-18,2026-10-02,P,220.0,1528,1500,1.2490271923828122,0.03,0.0,0.78
GOOGL,2026-09-18,2026-10-02,P,225.0,77,6,1.4111357568359377,0.04,0.0,2.13
GOOGL,2026-09-18,2026-10-02,P,230.0,63,1,1.3525422998046874,0.03,0.0,2.13
GOOGL,2026-09-18,2026-10-02,P,235.0,48,2,1.2949254003906248,0.06,0.0,2.13
GOOGL,2026-09-18,2026-10-02,P,240.0,21,2,1.2387733374023435,0.07,0.0,2.13
GOOGL,2026-09-18,2026-10-02,P,245.0,26,6,1.15234798828125,0.03,0.0,1.85
GOOGL,2026-09-18,2026-10-02,P,250.0,100,2,0.7070341796875,0.03,0.0,0.07
GOOGL,2026-09-18,2026-10-02,P,255.0,24,14,0.7597680273437502,0.04,0.0,0.22
GOOGL,2026-09-18,2026-10-02,P,260.0,49,27,0.70312796875,0.04,0.0,0.18
GOOGL,2026-09-18,2026-10-02,P,265.0,140,100,0.6132851171875001,0.06,0.01,0.08
GOOGL,2026-09-18,2026-10-02,P,270.0,144,12,0.5468795312500001,0.04,0.01,0.04
GOOGL,2026-09-18,2026-10-02,P,275.0,6,4,0.5488326367187502,0.05,0.01,0.09
GOOGL,2026-09-18,2026-10-02,P,280.0,106,10,0.507817421875,0.03,0.03,0.06
GOOGL,2026-09-18,2026-10-02,P,285.0,78,3,0.49805189453125004,0.06,0.03,0.07
GOOGL,2026-09-18,2026-10-02,P,290.0,295,6,0.49023947265625006,0.06,0.04,0.11
GOOGL,2026-09-18,2026-10-02,P,295.0,392,8,0.44824770507812495,0.05,0.05,0.1
GOOGL,2026-09-18,2026-10-02,P,300.0,739,14,0.422857333984375,0.1,0.08,0.12
GOOGL,2026-09-18,2026-10-02,P,305.0,1508,37,0.39502558105468755,0.13,0.11,0.14
GOOGL,2026-09-18,2026-10-02,P,310.0,2265,41,0.372076591796875,0.16,0.15,0.18
GOOGL,2026-09-18,2026-10-02,P,312.5,50,50,0.39111937011718745,0.37,0.09,0.33
GOOGL,2026-09-18,2026-10-02,P,315.0,820,84,0.3505924316406249,0.24,0.22,0.24
GOOGL,2026-09-18,2026-10-02,P,317.5,89,72,0.3505924316406249,0.45,0.18,0.33
GOOGL,2026-09-18,2026-10-02,P,320.0,1744,80,0.33399103515625,0.33,0.31,0.35
GOOGL,2026-09-18,2026-10-02,P,322.5,62,8,0.32813171874999997,0.38,0.38,0.44
GOOGL,2026-09-18,2026-10-02,P,325.0,1590,161,0.32349309326171866,0.54,0.52,0.56
GOOGL,2026-09-18,2026-10-02,P,327.5,105,30,0.3188544677734374,0.66,0.59,0.71
GOOGL,2026-09-18,2026-10-02,P,330.0,1440,187,0.3117744604492187,0.83,0.82,0.87
GOOGL,2026-09-18,2026-10-02,P,332.5,94,41,0.3090889404296875,1.05,1.03,1.12
GOOGL,2026-09-18,2026-10-02,P,335.0,1174,58,0.30725790405273434,1.38,1.3,1.44
GOOGL,2026-09-18,2026-10-02,P,337.5,283,19,0.30152065673828127,1.65,1.63,1.77
GOOGL,2026-09-18,2026-10-02,P,340.0,1751,186,0.30054410400390624,2.2,2.14,2.25
GOOGL,2026-09-18,2026-10-02,P,342.5,171,36,0.29968962036132807,2.64,2.67,2.83
GOOGL,2026-09-18,2026-10-02,P,345.0,946,302,0.29822479125976553,3.27,3.35,3.5
GOOGL,2026-09-18,2026-10-02,P,347.5,117,102,0.2974923767089843,4.01,4.15,4.3
GOOGL,2026-09-18,2026-10-02,P,350.0,473,947,0.29181616394042953,4.82,4.9,5.1
GOOGL,2026-09-18,2026-10-02,P,352.5,154,135,0.2912668530273437,5.86,5.9,6.15
GOOGL,2026-09-18,2026-10-02,P,355.0,101,40,0.28955788574218744,6.9,7.05,7.3
GOOGL,2026-09-18,2026-10-02,P,357.5,46,104,0.29431858032226554,8.6,8.5,8.75
GOOGL,2026-09-18,2026-10-02,P,360.0,144,77,0.284064776611328,9.1,9.75,9.95
GOOGL,2026-09-18,2026-10-02,P,362.5,7,20,0.2823558093261719,11.45,11.45,11.5
GOOGL,2026-09-18,2026-10-02,P,365.0,162,6,0.2926096130371093,12.61,13.05,13.45
GOOGL,2026-09-18,2026-10-02,P,367.5,4,2,0.2966378930664062,19.52,14.0,15.35
GOOGL,2026-09-18,2026-10-02,P,370.0,117,29,0.29614961669921874,17.3,15.75,17.25
GOOGL,2026-09-18,2026-10-02,P,375.0,19,2,0.3092110095214844,19.71,20.25,21.55
GOOGL,2026-09-18,2026-10-02,P,380.0,29,1,0.32923034057617184,30.66,23.6,26.15
GOOGL,2026-09-18,2026-10-02,P,385.0,4,8,0.37964487548828124,30.25,28.25,31.25
GOOGL,2026-09-18,2026-10-02,P,390.0,15,3,0.30298548583984375,34.8,32.75,35.1
GOOGL,2026-09-18,2026-10-02,P,420.0,0,1,0.6113320117187502,74.71,62.6,65.95
GOOGL,2026-09-18,2026-10-09,C,140.0,47,0,2.042973642578125,194.95,214.45,217.85
GOOGL,2026-09-18,2026-10-09,C,155.0,3,0,1.8022470825195311,192.39,199.25,202.85
GOOGL,2026-09-18,2026-10-09,C,190.0,1,0,1.4887720874023436,147.4,164.65,168.15
GOOGL,2026-09-18,2026-10-09,C,195.0,4,0,1.3598664819335937,135.37,159.3,162.9
GOOGL,2026-09-18,2026-10-09,C,225.0,4,0,1.1123091259765625,106.08,129.6,133.0
GOOGL,2026-09-18,2026-10-09,C,230.0,4,0,1.080326864013672,101.14,124.8,127.95
GOOGL,2026-09-18,2026-10-09,C,245.0,1,0,1.0090381579589844,87.34,110.3,113.3
GOOGL,2026-09-18,2026-10-09,C,250.0,21,0,0.9497075341796875,82.4,105.2,108.2
GOOGL,2026-09-18,2026-10-09,C,255.0,20,0,0.8984385156249999,75.08,100.05,103.25
GOOGL,2026-09-18,2026-10-09,C,260.0,29,0,0.8737805590820311,71.98,95.2,98.4
GOOGL,2026-09-18,2026-10-09,C,265.0,29,0,0.8208025732421874,67.06,90.15,93.3
GOOGL,2026-09-18,2026-10-09,C,270.0,20,56,0.7778342529296876,63.43,85.25,88.2
GOOGL,2026-09-18,2026-10-09,C,275.0,17,46,0.7326686889648437,57.7,80.0,83.4
GOOGL,2026-09-18,2026-10-09,C,280.0,8,1,0.7067900415039063,68.89,75.35,78.35
GOOGL,2026-09-18,2026-10-09,C,285.0,11,2,0.6467320483398438,58.66,70.15,73.2
GOOGL,2026-09-18,2026-10-09,C,290.0,10,0,0.62305064453125,40.8,65.2,68.5
GOOGL,2026-09-18,2026-10-09,C,295.0,3,2,0.5883830224609375,56.21,60.25,63.6
GOOGL,2026-09-18,2026-10-09,C,300.0,8,1,0.5510298803710938,47.45,55.4,58.55
GOOGL,2026-09-18,2026-10-09,C,310.0,31,1,0.5783733569335938,48.3,45.25,48.7
GOOGL,2026-09-18,2026-10-09,C,315.0,52,30,0.528447098388672,43.59,41.05,43.65
GOOGL,2026-09-18,2026-10-09,C,320.0,42,10,0.5013477600097658,30.53,36.4,39.05
GOOGL,2026-09-18,2026-10-09,C,325.0,54,1,0.4407404559326171,32.85,31.9,33.8
GOOGL,2026-09-18,2026-10-09,C,330.0,205,31,0.4054014538574219,28.0,27.3,29.1
GOOGL,2026-09-18,2026-10-09,C,335.0,598,8,0.40320421020507813,23.95,23.65,25.3
GOOGL,2026-09-18,2026-10-09,C,340.0,193,14,0.36652244812011714,20.79,19.7,20.8
GOOGL,2026-09-18,2026-10-09,C,345.0,796,37,0.34534346069335936,16.4,16.25,16.9
GOOGL,2026-09-18,2026-10-09,C,350.0,793,104,0.327155166015625,13.75,12.9,13.35
GOOGL,2026-09-18,2026-10-09,C,355.0,2354,5849,0.3205024005126953,10.45,10.25,10.5
GOOGL,2026-09-18,2026-10-09,C,360.0,1759,352,0.32392033508300777,8.4,7.85,8.35
GOOGL,2026-09-18,2026-10-09,C,365.0,345,120,0.3220892987060546,6.4,5.95,6.4
GOOGL,2026-09-18,2026-10-09,C,370.0,1108,647,0.32031929687499994,4.5,4.5,4.8
GOOGL,2026-09-18,2026-10-09,C,375.0,456,149,0.3177558459472656,3.5,3.2,3.5
GOOGL,2026-09-18,2026-10-09,C,380.0,797,260,0.31818308776855464,2.52,2.24,2.55
GOOGL,2026-09-18,2026-10-09,C,385.0,1656,96,0.32044136596679684,1.59,1.56,1.86
GOOGL,2026-09-18,2026-10-09,C,390.0,266,73,0.3233710241699218,1.29,1.22,1.35
GOOGL,2026-09-18,2026-10-09,C,395.0,67,19,0.3263006823730469,0.91,0.86,0.97
GOOGL,2026-09-18,2026-10-09,C,400.0,853,747,0.33399103515625,0.7,0.65,0.74
GOOGL,2026-09-18,2026-10-09,C,405.0,55,3,0.340826904296875,0.49,0.47,0.56
GOOGL,2026-09-18,2026-10-09,C,410.0,29,24,0.3452213916015625,0.4,0.36,0.41
GOOGL,2026-09-18,2026-10-09,C,415.0,12,1,0.3764710791015625,0.29,0.12,0.46
GOOGL,2026-09-18,2026-10-09,C,420.0,237,51,0.37793590820312495,0.26,0.06,0.33
GOOGL,2026-09-18,2026-10-09,C,425.0,9,1,0.405279384765625,0.36,0.02,0.36
GOOGL,2026-09-18,2026-10-09,C,430.0,78,73,0.38477177734374995,0.14,0.04,0.18
GOOGL,2026-09-18,2026-10-09,C,435.0,8,2,0.39453730468750003,0.1,0.1,0.15
GOOGL,2026-09-18,2026-10-09,C,440.0,345,10,0.4057676611328125,0.12,0.06,0.13
GOOGL,2026-09-18,2026-10-09,C,445.0,15,5,0.415044912109375,0.09,0.06,0.11
GOOGL,2026-09-18,2026-10-09,C,450.0,75,5,0.432622861328125,0.09,0.07,0.11
GOOGL,2026-09-18,2026-10-09,C,455.0,12,2,0.43945873046875,0.09,0.06,0.09
GOOGL,2026-09-18,2026-10-09,C,460.0,204,2,0.467778759765625,0.07,0.01,0.11
GOOGL,2026-09-18,2026-10-09,C,465.0,10,2,0.49414568359375005,0.07,0.01,0.13
GOOGL,2026-09-18,2026-10-09,C,470.0,6,2,0.506840869140625,0.06,0.01,0.12
GOOGL,2026-09-18,2026-10-09,C,475.0,13,6,0.5117236328125,0.06,0.01,0.1
GOOGL,2026-09-18,2026-10-09,C,480.0,7,1,0.5039112109375,0.12,0.01,0.12
GOOGL,2026-09-18,2026-10-09,C,485.0,13,1,0.5185595019531251,0.12,0.01,0.12
GOOGL,2026-09-18,2026-10-09,C,490.0,12,1,0.53320779296875,0.12,0.01,0.12
GOOGL,2026-09-18,2026-10-09,C,495.0,12,1,0.5488326367187502,0.12,0.01,0.12
GOOGL,2026-09-18,2026-10-09,C,500.0,14,7,0.5625043750000001,0.04,0.01,0.12
GOOGL,2026-09-18,2026-10-09,C,505.0,8,1,0.577152666015625,0.12,0.01,0.12
GOOGL,2026-09-18,2026-10-09,C,510.0,7,6,0.5820354296875,0.04,0.01,0.1
GOOGL,2026-09-18,2026-10-09,C,515.0,16,1,0.5996133789062501,0.11,0.01,0.11
GOOGL,2026-09-18,2026-10-09,C,520.0,12,2,0.6132851171875001,0.11,0.01,0.11
GOOGL,2026-09-18,2026-10-09,C,525.0,13,1,0.62305064453125,0.11,0.0,0.11
GOOGL,2026-09-18,2026-10-09,C,530.0,22,1,0.6865265722656251,0.11,0.0,0.23
GOOGL,2026-09-18,2026-10-09,C,535.0,22,1,0.9506840869140624,0.12,0.0,2.15
GOOGL,2026-09-18,2026-10-09,C,540.0,286,1,0.6992217578125001,0.1,0.0,0.19
GOOGL,2026-09-18,2026-10-09,C,545.0,547,3,0.6914093359375001,0.07,0.01,0.13
GOOGL,2026-09-18,2026-10-09,C,550.0,162,35,0.6679720703125002,0.07,0.01,0.07
GOOGL,2026-09-18,2026-10-09,P,100.0,15,0,2.2402387744140624,0.05,0.0,0.4
GOOGL,2026-09-18,2026-10-09,P,105.0,17,0,2.1582077294921875,0.06,0.0,0.4
GOOGL,2026-09-18,2026-10-09,P,110.0,15,0,2.0781298046874994,0.06,0.0,0.4
GOOGL,2026-09-18,2026-10-09,P,115.0,13,0,2.5229529113769527,0.05,0.0,2.13
GOOGL,2026-09-18,2026-10-09,P,120.0,7,0,2.4335976660156247,0.05,0.0,2.13
GOOGL,2026-09-18,2026-10-09,P,125.0,10,4,2.3481486608886715,0.01,0.0,2.13
GOOGL,2026-09-18,2026-10-09,P,130.0,3,0,2.2661176159667966,0.05,0.0,2.13
GOOGL,2026-09-18,2026-10-09,P,135.0,7,0,2.1875045312499997,0.05,0.0,2.13
GOOGL,2026-09-18,2026-10-09,P,140.0,3,0,2.1113328466796872,0.05,0.0,2.13
GOOGL,2026-09-18,2026-10-09,P,145.0,15,0,2.0380908422851567,0.02,0.0,2.13
GOOGL,2026-09-18,2026-10-09,P,150.0,3,0,1.9677735986328124,0.06,0.0,2.13
GOOGL,2026-09-18,2026-10-09,P,155.0,21,0,1.5000025,0.08,0.0,0.4
GOOGL,2026-09-18,2026-10-09,P,160.0,5,0,1.833496926269531,0.12,0.0,2.13
GOOGL,2026-09-18,2026-10-09,P,165.0,27,0,1.39453427734375,0.13,0.0,0.4
GOOGL,2026-09-18,2026-10-09,P,170.0,30,0,1.3437532812499997,0.13,0.0,0.4
GOOGL,2026-09-18,2026-10-09,P,175.0,11,0,1.6474627001953124,0.13,0.0,2.13
GOOGL,2026-09-18,2026-10-09,P,185.0,2,0,1.5317406225585937,0.08,0.0,2.13
GOOGL,2026-09-18,2026-10-09,P,190.0,162,4,1.4760768383789062,0.03,0.0,2.13
GOOGL,2026-09-18,2026-10-09,P,195.0,19,10,1.421877890625,0.03,0.0,2.13
GOOGL,2026-09-18,2026-10-09,P,200.0,39,12,1.369143779296875,0.01,0.0,2.13
GOOGL,2026-09-18,2026-10-09,P,205.0,1008,1,1.3173862255859374,0.03,0.0,2.13
GOOGL,2026-09-18,2026-10-09,P,210.0,33,11,1.2666052294921872,0.03,0.0,2.13
GOOGL,2026-09-18,2026-10-09,P,215.0,37,15,1.2172890698242185,0.04,0.0,2.13
GOOGL,2026-09-18,2026-10-09,P,220.0,18,42,1.1689494677734376,0.07,0.0,2.13
GOOGL,2026-09-18,2026-10-09,P,225.0,37,29,1.1215864233398438,0.03,0.0,2.13
GOOGL,2026-09-18,2026-10-09,P,230.0,18,2,1.074955797119141,0.04,0.0,2.13
GOOGL,2026-09-18,2026-10-09,P,235.0,27,7,0.7402369726562499,0.06,0.0,0.23
GOOGL,2026-09-18,2026-10-09,P,240.0,17,5,0.6562534375000001,0.06,0.0,0.12
GOOGL,2026-09-18,2026-10-09,P,245.0,64,50,0.6191444335937502,0.05,0.01,0.1
GOOGL,2026-09-18,2026-10-09,P,250.0,21,2,0.57617611328125,0.07,0.01,0.08
GOOGL,2026-09-18,2026-10-09,P,255.0,24,2,0.5390671093750001,0.04,0.01,0.07
GOOGL,2026-09-18,2026-10-09,P,260.0,46,4,0.5371140039062501,0.08,0.01,0.12
GOOGL,2026-09-18,2026-10-09,P,265.0,41,1,0.5117236328125,0.09,0.02,0.07
GOOGL,2026-09-18,2026-10-09,P,270.0,23,2,0.5039112109375,0.08,0.01,0.1
GOOGL,2026-09-18,2026-10-09,P,275.0,49,7,0.47949739257812496,0.07,0.03,0.11
GOOGL,2026-09-18,2026-10-09,P,280.0,72,10,0.44922425781249997,0.1,0.05,0.11
GOOGL,2026-09-18,2026-10-09,P,285.0,107,14,0.428716650390625,0.14,0.03,0.13
GOOGL,2026-09-18,2026-10-09,P,290.0,146,21,0.4101621484375,0.14,0.06,0.16
GOOGL,2026-09-18,2026-10-09,P,295.0,365,9,0.39551385742187506,0.16,0.13,0.21
GOOGL,2026-09-18,2026-10-09,P,300.0,571,93,0.37695935546875,0.24,0.21,0.26
GOOGL,2026-09-18,2026-10-09,P,305.0,2806,21,0.35742830078125,0.3,0.29,0.32
GOOGL,2026-09-18,2026-10-09,P,310.0,598,35,0.3461979443359374,0.45,0.4,0.45
GOOGL,2026-09-18,2026-10-09,P,315.0,428,237,0.3315496533203125,0.56,0.52,0.6
GOOGL,2026-09-18,2026-10-09,P,320.0,462,122,0.3227606787109374,0.78,0.8,0.87
GOOGL,2026-09-18,2026-10-09,P,325.0,564,128,0.3112861840820312,1.07,1.12,1.21
GOOGL,2026-09-18,2026-10-09,P,330.0,350,119,0.30811238769531246,1.6,1.61,1.82
GOOGL,2026-09-18,2026-10-09,P,335.0,716,298,0.2997506549072265,2.45,2.36,2.55
GOOGL,2026-09-18,2026-10-09,P,340.0,700,50,0.2924875439453124,3.35,3.25,3.55
GOOGL,2026-09-18,2026-10-09,P,345.0,327,67,0.291877198486328,4.85,4.85,5.05
GOOGL,2026-09-18,2026-10-09,P,350.0,203,23,0.28992409301757804,6.5,6.5,6.9
GOOGL,2026-09-18,2026-10-09,P,355.0,128,14,0.2858958129882812,8.7,8.8,9.1
GOOGL,2026-09-18,2026-10-09,P,360.0,30,1,0.2873606420898437,12.25,11.6,11.9
GOOGL,2026-09-18,2026-10-09,P,365.0,49,1,0.2885813330078124,14.37,14.75,15.1
GOOGL,2026-09-18,2026-10-09,P,370.0,6,1,0.270515107421875,19.0,17.4,18.15
GOOGL,2026-09-18,2026-10-09,P,375.0,1,1,0.2926096130371093,35.96,21.0,22.6
GOOGL,2026-09-18,2026-10-09,P,380.0,21,1,0.2884592639160155,29.5,24.7,26.65
GOOGL,2026-09-18,2026-10-09,P,385.0,17,0,0.28040270385742183,44.0,29.2,30.9
GOOGL,2026-09-18,2026-10-09,P,390.0,12,10,0.3319158605957031,43.65,33.05,36.2
GOOGL,2026-09-18,2026-10-16,C,150.0,209,210,1.6899429565429687,200.28,204.65,208.1
GOOGL,2026-09-18,2026-10-16,C,155.0,14,4,1.6118183471679686,200.45,199.6,203.0
GOOGL,2026-09-18,2026-10-16,C,160.0,13,2,1.5927754736328121,172.62,194.75,198.15
GOOGL,2026-09-18,2026-10-16,C,165.0,16,1,1.542726895751953,182.15,189.7,193.25
GOOGL,2026-09-18,2026-10-16,C,170.0,662,852,1.4487332250976563,176.75,184.6,188.0
GOOGL,2026-09-18,2026-10-16,C,175.0,19,3,1.3544954150390622,171.76,179.3,182.95
GOOGL,2026-09-18,2026-10-16,C,180.0,31,2,1.3305697534179686,166.08,174.4,178.05
GOOGL,2026-09-18,2026-10-16,C,185.0,32,1,1.3505891845703122,164.91,169.85,173.25
GOOGL,2026-09-18,2026-10-16,C,190.0,32,1,1.2968785156249998,157.0,164.85,168.2
GOOGL,2026-09-18,2026-10-16,C,195.0,8,3,1.2541541198730468,144.3,159.85,163.25
GOOGL,2026-09-18,2026-10-16,C,200.0,38,1,1.2163125122070313,151.65,154.85,158.35
GOOGL,2026-09-18,2026-10-16,C,205.0,34,16,1.1123091259765625,138.87,149.5,153.05
GOOGL,2026-09-18,2026-10-16,C,210.0,100,13,1.1340375329589847,139.82,144.9,148.4
GOOGL,2026-09-18,2026-10-16,C,215.0,25,1,1.0864303491210938,131.53,139.95,143.3
GOOGL,2026-09-18,2026-10-16,C,220.0,21,1,1.0361376318359379,126.42,134.95,138.2
GOOGL,2026-09-18,2026-10-16,C,225.0,21,3,1.0051319274902344,104.5,129.95,133.35
GOOGL,2026-09-18,2026-10-16,C,230.0,25,1,0.9672854833984376,100.94,125.15,128.2
GOOGL,2026-09-18,2026-10-16,C,235.0,65,1,0.9428716650390624,112.89,120.1,123.5
GOOGL,2026-09-18,2026-10-16,C,240.0,83,1,0.896241271972656,112.41,115.1,118.4
GOOGL,2026-09-18,2026-10-16,C,245.0,137,1,0.8566908862304687,99.7,110.05,113.45
GOOGL,2026-09-18,2026-10-16,C,250.0,132,1,0.8261736132812498,105.72,105.35,108.3
GOOGL,2026-09-18,2026-10-16,C,255.0,148,7,0.77929908203125,95.3,100.2,103.3
GOOGL,2026-09-18,2026-10-16,C,260.0,167,1,0.7746604565429689,91.7,95.65,98.5
GOOGL,2026-09-18,2026-10-16,C,265.0,57,1,0.7243679907226561,91.45,90.35,93.55
GOOGL,2026-09-18,2026-10-16,C,270.0,157,75,0.7092314233398438,81.88,85.8,88.6
GOOGL,2026-09-18,2026-10-16,C,275.0,377,1,0.6975127905273439,77.3,81.35,83.7
GOOGL,2026-09-18,2026-10-16,C,280.0,287,30,0.641727215576172,72.97,75.9,78.7
GOOGL,2026-09-18,2026-10-16,C,285.0,383,6,0.5766643896484375,61.5,70.55,73.35
GOOGL,2026-09-18,2026-10-16,C,290.0,358,11,0.5200243310546875,62.1,65.4,68.0
GOOGL,2026-09-18,2026-10-16,C,295.0,179,1,0.5300339965820313,62.0,60.85,63.75
GOOGL,2026-09-18,2026-10-16,C,300.0,899,21,0.5123339782714844,57.97,56.9,58.3
GOOGL,2026-09-18,2026-10-16,C,305.0,217,10,0.5521285021972657,48.8,51.7,54.05
GOOGL,2026-09-18,2026-10-16,C,310.0,575,5,0.47961946166992186,48.56,46.45,48.4
GOOGL,2026-09-18,2026-10-16,C,315.0,512,10,0.4470270141601562,43.9,42.0,43.55
GOOGL,2026-09-18,2026-10-16,C,320.0,1666,15,0.4243221630859375,38.67,37.8,38.95
GOOGL,2026-09-18,2026-10-16,C,325.0,2082,19,0.39685661743164063,34.17,33.6,34.3
GOOGL,2026-09-18,2026-10-16,C,330.0,3095,52,0.3742128009033203,30.1,29.25,29.85
GOOGL,2026-09-18,2026-10-16,C,335.0,2462,21,0.3546207116699218,26.12,24.9,25.6
GOOGL,2026-09-18,2026-10-16,C,340.0,5456,159,0.33789724609375,22.0,21.1,21.6
GOOGL,2026-09-18,2026-10-16,C,345.0,4753,185,0.33521172607421873,18.5,17.9,18.3
GOOGL,2026-09-18,2026-10-16,C,350.0,7768,1830,0.32709413146972655,14.85,14.7,15.1
GOOGL,2026-09-18,2026-10-16,C,355.0,5747,1923,0.3189765368652343,12.2,12.05,12.2
GOOGL,2026-09-18,2026-10-16,C,360.0,10502,2514,0.3155280850219726,9.8,9.55,9.8
GOOGL,2026-09-18,2026-10-16,C,365.0,4623,551,0.31546705047607415,7.84,7.65,7.85
GOOGL,2026-09-18,2026-10-16,C,370.0,30179,2786,0.3138496350097656,6.06,5.95,6.15
GOOGL,2026-09-18,2026-10-16,C,375.0,66242,2253,0.3142158422851562,4.7,4.55,4.8
GOOGL,2026-09-18,2026-10-16,C,380.0,9643,1954,0.3110420458984374,3.65,3.5,3.6
GOOGL,2026-09-18,2026-10-16,C,385.0,2997,359,0.31519239501953117,2.82,2.7,2.82
GOOGL,2026-09-18,2026-10-16,C,390.0,4525,628,0.31690136230468746,2.15,1.98,2.15
GOOGL,2026-09-18,2026-10-16,C,395.0,1898,268,0.32166205688476557,1.64,1.57,1.68
GOOGL,2026-09-18,2026-10-16,C,400.0,25006,4262,0.32117378051757806,1.23,1.21,1.23
GOOGL,2026-09-18,2026-10-16,C,405.0,2356,129,0.33020689331054687,1.0,0.91,1.01
GOOGL,2026-09-18,2026-10-16,C,410.0,32794,193,0.335944140625,0.76,0.72,0.8
GOOGL,2026-09-18,2026-10-16,C,415.0,2159,161,0.3454655297851562,0.59,0.57,0.67
GOOGL,2026-09-18,2026-10-16,C,420.0,7706,1066,0.3469303588867187,0.47,0.45,0.5
GOOGL,2026-09-18,2026-10-16,C,425.0,5167,575,0.3540103662109374,0.38,0.37,0.41
GOOGL,2026-09-18,2026-10-16,C,430.0,4008,25,0.36817038085937503,0.35,0.31,0.38
GOOGL,2026-09-18,2026-10-16,C,435.0,690,14,0.37964487548828124,0.24,0.24,0.34
GOOGL,2026-09-18,2026-10-16,C,440.0,2469,82,0.387701435546875,0.24,0.2,0.29
GOOGL,2026-09-18,2026-10-16,C,445.0,1120,18,0.39160764648437496,0.21,0.17,0.23
GOOGL,2026-09-18,2026-10-16,C,450.0,3847,816,0.3969786865234375,0.17,0.15,0.19
GOOGL,2026-09-18,2026-10-16,C,460.0,7109,80,0.42188078125,0.11,0.1,0.17
GOOGL,2026-09-18,2026-10-16,C,470.0,4673,2,0.4370173486328125,0.08,0.06,0.13
GOOGL,2026-09-18,2026-10-16,C,480.0,6580,201,0.45117736328125,0.08,0.06,0.1
GOOGL,2026-09-18,2026-10-16,C,490.0,7560,2,0.48340360351562506,0.07,0.02,0.11
GOOGL,2026-09-18,2026-10-16,C,500.0,4811,3,0.49805189453125004,0.07,0.05,0.09
GOOGL,2026-09-18,2026-10-16,C,510.0,3164,2,0.5097705273437501,0.12,0.03,0.07
GOOGL,2026-09-18,2026-10-16,C,520.0,3681,1,0.5205126074218749,0.05,0.03,0.08
GOOGL,2026-09-18,2026-10-16,C,530.0,5848,1,0.5488326367187502,0.11,0.01,0.11
GOOGL,2026-09-18,2026-10-16,C,540.0,6395,3,0.5546919531250001,0.05,0.01,0.08
GOOGL,2026-09-18,2026-10-16,C,550.0,2094,4,0.5976602734375001,0.06,0.01,0.12
GOOGL,2026-09-18,2026-10-16,C,560.0,376,6,0.6093789062500001,0.03,0.0,0.11
GOOGL,2026-09-18,2026-10-16,C,570.0,61,4,0.6289099609375001,0.05,0.01,0.1
GOOGL,2026-09-18,2026-10-16,C,580.0,199,6,0.6445348046875,0.09,0.01,0.09
GOOGL,2026-09-18,2026-10-16,C,590.0,61,2,0.6816438085937502,0.06,0.01,0.12
GOOGL,2026-09-18,2026-10-16,C,600.0,1438,3,0.6835969140625001,0.05,0.0,0.1
GOOGL,2026-09-18,2026-10-16,C,610.0,69,3,0.70312796875,0.04,0.01,0.09
GOOGL,2026-09-18,2026-10-16,C,620.0,56,9,0.8862316064453124,0.03,0.0,0.69
GOOGL,2026-09-18,2026-10-16,C,630.0,171,6,0.8378922460937499,0.03,0.0,0.35
GOOGL,2026-09-18,2026-10-16,C,640.0,235,4,0.7421900781249999,0.08,0.01,0.07
GOOGL,2026-09-18,2026-10-16,C,650.0,195,3,0.7304714453125,0.1,0.0,0.05
GOOGL,2026-09-18,2026-10-16,C,660.0,82,5,0.9023447265625,0.03,0.0,0.37
GOOGL,2026-09-18,2026-10-16,C,670.0,294,5,0.8007832421875,0.03,0.0,0.09
GOOGL,2026-09-18,2026-10-16,C,680.0,124,1,0.9882813671875,0.12,0.0,0.58
GOOGL,2026-09-18,2026-10-16,C,690.0,92,14,1.0830123974609376,0.06,0.0,1.05
GOOGL,2026-09-18,2026-10-16,C,700.0,42,25,1.0390673046875003,0.03,0.0,0.65
GOOGL,2026-09-18,2026-10-16,C,710.0,169,30,1.091801416015625,0.01,0.0,0.85
GOOGL,2026-09-18,2026-10-16,C,720.0,181,81,1.1665080737304687,0.01,0.0,1.25
GOOGL,2026-09-18,2026-10-16,C,730.0,298,5,0.8554701953125,0.02,0.01,0.04
GOOGL,2026-09-18,2026-10-16,C,740.0,78,15,1.1376996240234376,0.01,0.0,0.8
GOOGL,2026-09-18,2026-10-16,C,750.0,128,7,1.1875040625,0.01,0.0,1.0
GOOGL,2026-09-18,2026-10-16,C,760.0,109,1,0.9492192578124999,0.02,0.0,0.1
GOOGL,2026-09-18,2026-10-16,C,770.0,39,1,1.2451209619140622,0.11,0.0,1.16
GOOGL,2026-09-18,2026-10-16,C,780.0,125,104,1.2060586572265624,0.11,0.0,0.8
GOOGL,2026-09-18,2026-10-16,C,790.0,91,16,1.2314491552734375,0.02,0.0,0.85
GOOGL,2026-09-18,2026-10-16,C,800.0,4960,5,0.9882813671875,0.03,0.0,0.08
GOOGL,2026-09-18,2026-10-16,P,150.0,1441,308,0.992187578125,0.01,0.0,0.02
GOOGL,2026-09-18,2026-10-16,P,155.0,110,48,1.4277372363281249,0.05,0.0,0.92
GOOGL,2026-09-18,2026-10-16,P,160.0,145,21,1.2822301513671874,0.11,0.0,0.54
GOOGL,2026-09-18,2026-10-16,P,165.0,114,4,1.19141029296875,0.03,0.0,0.4
GOOGL,2026-09-18,2026-10-16,P,170.0,354,2,1.2216835791015623,0.03,0.0,0.65
GOOGL,2026-09-18,2026-10-16,P,175.0,900,46,0.8906260937499999,0.01,0.0,0.05
GOOGL,2026-09-18,2026-10-16,P,180.0,2850,1,0.7500025,0.01,0.0,0.01
GOOGL,2026-09-18,2026-10-16,P,185.0,478,102,0.789064609375,0.01,0.0,0.03
GOOGL,2026-09-18,2026-10-16,P,190.0,180,15,0.70312796875,0.01,0.0,0.01
GOOGL,2026-09-18,2026-10-16,P,195.0,66,2,0.80664255859375,0.03,0.0,0.09
GOOGL,2026-09-18,2026-10-16,P,200.0,431,3,0.7656273437500001,0.04,0.01,0.07
GOOGL,2026-09-18,2026-10-16,P,205.0,148,2,0.8330094824218748,0.01,0.0,0.26
GOOGL,2026-09-18,2026-10-16,P,210.0,541,10,0.7578149218750001,0.04,0.0,0.16
GOOGL,2026-09-18,2026-10-16,P,215.0,1083,4,0.8447281152343749,0.08,0.0,0.56
GOOGL,2026-09-18,2026-10-16,P,220.0,3941,100,0.6992217578125001,0.05,0.0,0.17
GOOGL,2026-09-18,2026-10-16,P,225.0,514,10,0.700198310546875,0.12,0.0,0.25
GOOGL,2026-09-18,2026-10-16,P,230.0,516,14,0.6171913281250001,0.03,0.01,0.11
GOOGL,2026-09-18,2026-10-16,P,235.0,628,10,0.5937540625000001,0.03,0.01,0.12
GOOGL,2026-09-18,2026-10-16,P,240.0,1884,5,0.5390671093750001,0.05,0.01,0.07
GOOGL,2026-09-18,2026-10-16,P,245.0,1332,4,0.51758294921875,0.08,0.01,0.08
GOOGL,2026-09-18,2026-10-16,P,250.0,3353,10,0.5117236328125,0.05,0.05,0.08
GOOGL,2026-09-18,2026-10-16,P,255.0,984,3,0.5039112109375,0.08,0.04,0.09
GOOGL,2026-09-18,2026-10-16,P,260.0,936,1,0.48340360351562506,0.05,0.06,0.1
GOOGL,2026-09-18,2026-10-16,P,265.0,2246,15,0.46680220703125,0.09,0.07,0.12
GOOGL,2026-09-18,2026-10-16,P,270.0,3464,104,0.445318046875,0.11,0.1,0.13
GOOGL,2026-09-18,2026-10-16,P,275.0,3880,4,0.42627526855468756,0.15,0.11,0.15
GOOGL,2026-09-18,2026-10-16,P,280.0,2098,43,0.41309180664062495,0.15,0.15,0.19
GOOGL,2026-09-18,2026-10-16,P,285.0,3579,65,0.3969786865234375,0.19,0.18,0.23
GOOGL,2026-09-18,2026-10-16,P,290.0,4962,157,0.3811097045898437,0.23,0.21,0.28
GOOGL,2026-09-18,2026-10-16,P,295.0,3132,67,0.3667055517578125,0.34,0.31,0.35
GOOGL,2026-09-18,2026-10-16,P,300.0,7703,432,0.352545537109375,0.41,0.41,0.44
GOOGL,2026-09-18,2026-10-16,P,305.0,3426,373,0.3398503515625,0.53,0.51,0.57
GOOGL,2026-09-18,2026-10-16,P,310.0,5535,573,0.3293524096679687,0.7,0.71,0.76
GOOGL,2026-09-18,2026-10-16,P,315.0,4892,332,0.31873239868164055,0.98,0.96,1.01
GOOGL,2026-09-18,2026-10-16,P,320.0,8839,981,0.3112861840820312,1.32,1.29,1.39
GOOGL,2026-09-18,2026-10-16,P,325.0,5886,490,0.3086006640625,1.87,1.84,1.99
GOOGL,2026-09-18,2026-10-16,P,330.0,8854,676,0.30072720764160155,2.59,2.51,2.66
GOOGL,2026-09-18,2026-10-16,P,335.0,3364,333,0.29566134033203123,3.47,3.35,3.6
GOOGL,2026-09-18,2026-10-16,P,340.0,8640,1214,0.29395237304687494,4.75,4.7,4.9
GOOGL,2026-09-18,2026-10-16,P,345.0,7276,166,0.29041236938476556,6.22,6.35,6.45
GOOGL,2026-09-18,2026-10-16,P,350.0,5525,1164,0.2859568475341796,8.1,8.15,8.3
GOOGL,2026-09-18,2026-10-16,P,355.0,2838,147,0.2867502966308593,10.3,10.45,10.7
GOOGL,2026-09-18,2026-10-16,P,360.0,2074,49,0.28577374389648436,12.6,13.2,13.4
GOOGL,2026-09-18,2026-10-16,P,365.0,1076,20,0.28040270385742183,16.89,15.8,16.3
GOOGL,2026-09-18,2026-10-16,P,370.0,981,10,0.2808299456787109,18.7,18.9,19.75
GOOGL,2026-09-18,2026-10-16,P,375.0,453,11,0.274421318359375,23.69,22.4,23.3
GOOGL,2026-09-18,2026-10-16,P,380.0,2473,52,0.2771678729248046,26.71,26.35,27.4
GOOGL,2026-09-18,2026-10-16,P,385.0,312,1,0.2556226782226563,29.7,30.45,31.2
GOOGL,2026-09-18,2026-10-16,P,390.0,342,32,0.25110612182617187,41.26,34.4,35.65
GOOGL,2026-09-18,2026-10-16,P,395.0,725,2,0.3244696459960937,44.29,38.9,41.45
GOOGL,2026-09-18,2026-10-16,P,400.0,3079,9,0.229499892578125,44.28,43.65,44.95
GOOGL,2026-09-18,2026-10-16,P,405.0,78,7,0.31629101684570304,48.8,48.25,50.55
GOOGL,2026-09-18,2026-10-16,P,410.0,6,4,0.33447931152343746,59.23,53.3,55.5
GOOGL,2026-09-18,2026-10-16,P,415.0,6,23,0.34668622070312494,81.42,58.25,60.4
GOOGL,2026-09-18,2026-10-16,P,420.0,2,88,0.38233039550781245,86.55,62.5,65.55
GOOGL,2026-09-18,2026-10-16,P,425.0,0,19,0.42578699218750005,78.51,67.6,70.8
GOOGL,2026-09-18,2026-10-16,P,430.0,0,104,0.41870698486328123,81.6,72.45,75.5
GOOGL,2026-09-18,2026-10-16,P,435.0,0,63,0.7780173565673829,116.95,84.85,88.8
GOOGL,2026-09-18,2026-10-16,P,440.0,0,18,0.5056201782226561,96.56,82.45,86.0
GOOGL,2026-09-18,2026-10-16,P,445.0,0,19,0.48828636718750007,101.05,87.45,90.6
GOOGL,2026-09-18,2026-10-16,P,450.0,0,18,0.49023947265625006,106.33,92.45,95.45
GOOGL,2026-09-18,2026-10-16,P,460.0,0,20,0.8967295483398436,89.8,109.6,113.6
GOOGL,2026-09-18,2026-10-16,P,470.0,0,25,0.9505009832763671,128.18,119.9,123.6
GOOGL,2026-09-18,2026-10-16,P,600.0,0,0,1.0000000000000003e-05,237.7,0.0,0.0
GOOGL,2026-09-18,2026-10-23,C,100.0,1,1,2.07959464477539,256.0,254.4,257.95
GOOGL,2026-09-18,2026-10-23,C,195.0,1,0,1.1438031091308591,137.37,160.05,163.45
GOOGL,2026-09-18,2026-10-23,C,220.0,6,0,0.9606937524414061,110.73,135.3,138.5
GOOGL,2026-09-18,2026-10-23,C,250.0,5,5,0.7753928710937501,106.55,105.7,108.85
GOOGL,2026-09-18,2026-10-23,C,255.0,50,0,0.706179696044922,94.27,100.25,103.55
GOOGL,2026-09-18,2026-10-23,C,275.0,2,0,0.5976602734375001,68.83,80.65,83.8
GOOGL,2026-09-18,2026-10-23,C,280.0,6,6,0.5764202514648438,73.0,75.65,79.15
GOOGL,2026-09-18,2026-10-23,C,285.0,2,1,0.5444381494140625,67.4,70.85,74.0
GOOGL,2026-09-18,2026-10-23,C,290.0,2,1,0.5262498547363281,43.05,66.4,68.95
GOOGL,2026-09-18,2026-10-23,C,295.0,10,3,0.5794109442138673,52.75,61.1,64.4
GOOGL,2026-09-18,2026-10-23,C,300.0,45,1,0.5421188366699221,52.47,56.25,59.4
GOOGL,2026-09-18,2026-10-23,C,305.0,3,1,0.5174608801269531,42.54,51.5,54.7
GOOGL,2026-09-18,2026-10-23,C,310.0,11,4,0.4953663745117188,39.8,46.65,50.1
GOOGL,2026-09-18,2026-10-23,C,315.0,10,3,0.4785818743896484,44.75,43.0,45.7
GOOGL,2026-09-18,2026-10-23,C,320.0,240,1,0.4440973559570312,36.97,38.15,40.85
GOOGL,2026-09-18,2026-10-23,C,325.0,60,50,0.4309138940429688,31.4,33.35,36.7
GOOGL,2026-09-18,2026-10-23,C,330.0,242,9,0.3816590155029296,31.45,29.35,31.45
GOOGL,2026-09-18,2026-10-23,C,335.0,48,1,0.37030658996582033,26.65,25.55,27.55
GOOGL,2026-09-18,2026-10-23,C,340.0,406,10,0.35040932800292957,23.5,23.0,23.5
GOOGL,2026-09-18,2026-10-23,C,345.0,1160,65,0.34497725341796875,19.8,18.9,20.2
GOOGL,2026-09-18,2026-10-23,C,350.0,330,60,0.33228206787109377,16.95,16.05,16.85
GOOGL,2026-09-18,2026-10-23,C,355.0,268,151,0.3430546652221679,14.4,13.45,14.75
GOOGL,2026-09-18,2026-10-23,C,360.0,932,91,0.3319158605957031,11.65,11.5,12.0
GOOGL,2026-09-18,2026-10-23,C,365.0,356,45,0.32602602691650384,9.6,9.3,9.75
GOOGL,2026-09-18,2026-10-23,C,370.0,360,52,0.3244086114501953,7.82,7.5,7.95
GOOGL,2026-09-18,2026-10-23,C,375.0,462,89,0.32532412963867186,6.4,6.1,6.5
GOOGL,2026-09-18,2026-10-23,C,380.0,743,494,0.31836619140624994,4.9,4.9,5.0
GOOGL,2026-09-18,2026-10-23,C,385.0,641,254,0.32416447326660147,4.0,3.8,4.15
GOOGL,2026-09-18,2026-10-23,C,390.0,769,103,0.3266668896484375,3.15,2.86,3.35
GOOGL,2026-09-18,2026-10-23,C,395.0,129,18,0.3286199951171874,2.5,2.24,2.68
GOOGL,2026-09-18,2026-10-23,C,400.0,404,115,0.32910827148437494,1.97,1.74,2.1
GOOGL,2026-09-18,2026-10-23,C,405.0,60,24,0.33313655151367194,1.62,1.33,1.7
GOOGL,2026-09-18,2026-10-23,C,410.0,62,24,0.33850759155273435,1.23,1.0,1.4
GOOGL,2026-09-18,2026-10-23,C,415.0,44,4,0.3393620751953125,1.0,0.91,1.09
GOOGL,2026-09-18,2026-10-23,C,420.0,372,3,0.3540103662109374,0.84,0.64,1.02
GOOGL,2026-09-18,2026-10-23,C,425.0,249,4,0.3569400244140625,0.7,0.58,0.82
GOOGL,2026-09-18,2026-10-23,C,430.0,48,1,0.36377589355468753,0.56,0.5,0.7
GOOGL,2026-09-18,2026-10-23,C,435.0,1,1,0.415044912109375,0.56,0.04,1.08
GOOGL,2026-09-18,2026-10-23,C,440.0,5,1,0.3952697192382813,0.34,0.02,0.67
GOOGL,2026-09-18,2026-10-23,C,445.0,7,2,0.39160764648437496,0.26,0.02,0.5
GOOGL,2026-09-18,2026-10-23,C,450.0,17,2,0.40039662109375,0.29,0.13,0.45
GOOGL,2026-09-18,2026-10-23,C,455.0,15,2,0.4096738720703125,0.25,0.08,0.41
GOOGL,2026-09-18,2026-10-23,C,460.0,7,1,0.41602146484374997,0.2,0.15,0.36
GOOGL,2026-09-18,2026-10-23,C,465.0,28,5,0.39649041015625003,0.17,0.13,0.2
GOOGL,2026-09-18,2026-10-23,C,470.0,2,4,0.4331111376953125,0.18,0.03,0.3
GOOGL,2026-09-18,2026-10-23,C,475.0,6,6,0.422857333984375,0.12,0.04,0.2
GOOGL,2026-09-18,2026-10-23,C,480.0,3,4,0.432622861328125,0.11,0.05,0.19
GOOGL,2026-09-18,2026-10-23,C,485.0,3,5,0.445318046875,0.11,0.02,0.19
GOOGL,2026-09-18,2026-10-23,C,490.0,2,2,0.45508357421875,0.1,0.01,0.18
GOOGL,2026-09-18,2026-10-23,C,495.0,4,1,0.47363807617187503,0.2,0.02,0.2
GOOGL,2026-09-18,2026-10-23,C,500.0,7,3,0.4858449853515625,0.19,0.02,0.2
GOOGL,2026-09-18,2026-10-23,C,505.0,8,1,0.48779809082031256,0.17,0.03,0.17
GOOGL,2026-09-18,2026-10-23,C,510.0,6,3,0.5346726220703125,0.15,0.01,0.29
GOOGL,2026-09-18,2026-10-23,C,515.0,3,2,0.53320779296875,0.08,0.01,0.24
GOOGL,2026-09-18,2026-10-23,C,520.0,6,12,0.5361374511718751,0.11,0.01,0.21
GOOGL,2026-09-18,2026-10-23,C,525.0,16,6,0.51758294921875,0.07,0.01,0.13
GOOGL,2026-09-18,2026-10-23,C,530.0,6,3,0.532231240234375,0.08,0.01,0.14
GOOGL,2026-09-18,2026-10-23,C,535.0,13,2,0.5117236328125,0.06,0.01,0.15
GOOGL,2026-09-18,2026-10-23,C,540.0,21,20,0.5742230078125,0.04,0.0,0.38
GOOGL,2026-09-18,2026-10-23,C,545.0,24,10,0.637698935546875,0.09,0.0,0.75
GOOGL,2026-09-18,2026-10-23,C,550.0,17,10,0.6489292919921875,0.17,0.0,0.75
GOOGL,2026-09-18,2026-10-23,P,100.0,15,0,2.1367234082031246,0.07,0.0,2.12
GOOGL,2026-09-18,2026-10-23,P,105.0,5,0,2.0595751635742188,0.07,0.0,2.13
GOOGL,2026-09-18,2026-10-23,P,110.0,5,0,1.9853516357421874,0.07,0.0,2.13
GOOGL,2026-09-18,2026-10-23,P,115.0,3,0,1.9140629296875002,0.07,0.0,2.13
GOOGL,2026-09-18,2026-10-23,P,120.0,47,0,1.46484642578125,0.07,0.0,0.4
GOOGL,2026-09-18,2026-10-23,P,125.0,5,0,1.7817393725585937,0.07,0.0,2.13
GOOGL,2026-09-18,2026-10-23,P,130.0,49,0,1.36328443359375,0.01,0.0,0.4
GOOGL,2026-09-18,2026-10-23,P,135.0,13,0,1.3144565527343748,0.07,0.0,0.4
GOOGL,2026-09-18,2026-10-23,P,140.0,1,0,1.6020527709960937,0.13,0.0,2.13
GOOGL,2026-09-18,2026-10-23,P,145.0,1,0,1.5468772656249998,0.13,0.0,2.13
GOOGL,2026-09-18,2026-10-23,P,150.0,1,0,1.4931665966796874,0.17,0.0,2.13
GOOGL,2026-09-18,2026-10-23,P,160.0,1,0,1.3913604650878906,0.01,0.0,2.13
GOOGL,2026-09-18,2026-10-23,P,170.0,5,0,1.2959019580078124,0.1,0.0,2.13
GOOGL,2026-09-18,2026-10-23,P,175.0,6,0,1.2500037499999999,0.06,0.0,2.13
GOOGL,2026-09-18,2026-10-23,P,185.0,6,0,1.162113564453125,0.08,0.0,2.13
GOOGL,2026-09-18,2026-10-23,P,190.0,2,1,1.1201215869140624,0.06,0.0,2.13
GOOGL,2026-09-18,2026-10-23,P,195.0,5,3,1.0788620275878906,0.07,0.0,2.13
GOOGL,2026-09-18,2026-10-23,P,200.0,22,2,1.0388231652832034,0.38,0.0,2.13
GOOGL,2026-09-18,2026-10-23,P,205.0,32,136,0.9995117236328125,0.06,0.0,2.13
GOOGL,2026-09-18,2026-10-23,P,210.0,32,0,0.9611820288085937,0.07,0.0,2.13
GOOGL,2026-09-18,2026-10-23,P,215.0,35,51,0.9238288867187501,0.06,0.0,2.13
GOOGL,2026-09-18,2026-10-23,P,220.0,6,13,0.8876964355468748,0.07,0.0,2.14
GOOGL,2026-09-18,2026-10-23,P,225.0,12,8,0.7446314599609375,0.05,0.0,0.96
GOOGL,2026-09-18,2026-10-23,P,230.0,9,2,0.7128934960937501,0.06,0.0,0.96
GOOGL,2026-09-18,2026-10-23,P,235.0,76,1,0.6567417138671876,0.12,0.0,0.75
GOOGL,2026-09-18,2026-10-23,P,240.0,12,4,0.5136767382812499,0.05,0.01,0.08
GOOGL,2026-09-18,2026-10-23,P,245.0,9,2,0.507817421875,0.06,0.01,0.11
GOOGL,2026-09-18,2026-10-23,P,250.0,13,4,0.5014698291015626,0.06,0.02,0.15
GOOGL,2026-09-18,2026-10-23,P,255.0,2,4,0.467778759765625,0.07,0.01,0.13
GOOGL,2026-09-18,2026-10-23,P,260.0,8,7,0.4687553125,0.18,0.01,0.2
GOOGL,2026-09-18,2026-10-23,P,265.0,11,6,0.44043528320312497,0.15,0.02,0.19
GOOGL,2026-09-18,2026-10-23,P,270.0,31,3,0.4292049267578125,0.13,0.01,0.24
GOOGL,2026-09-18,2026-10-23,P,275.0,16,10,0.40430283203125,0.18,0.1,0.24
GOOGL,2026-09-18,2026-10-23,P,280.0,36,2,0.40918559570312496,0.29,0.15,0.39
GOOGL,2026-09-18,2026-10-23,P,285.0,103,4,0.38477177734374995,0.34,0.25,0.4
GOOGL,2026-09-18,2026-10-23,P,290.0,113,10,0.3742738354492187,0.4,0.34,0.51
GOOGL,2026-09-18,2026-10-23,P,295.0,3108,12,0.3549869189453124,0.5,0.44,0.57
GOOGL,2026-09-18,2026-10-23,P,300.0,2843,40,0.34290207885742185,0.72,0.64,0.71
GOOGL,2026-09-18,2026-10-23,P,305.0,634,21,0.3414372497558594,0.79,0.76,1.02
GOOGL,2026-09-18,2026-10-23,P,310.0,2943,167,0.33460138061523437,1.16,1.11,1.35
GOOGL,2026-09-18,2026-10-23,P,315.0,1001,52,0.32776551147460936,1.51,1.42,1.77
GOOGL,2026-09-18,2026-10-23,P,320.0,450,93,0.31677929321289056,2.05,1.95,2.21
GOOGL,2026-09-18,2026-10-23,P,325.0,517,55,0.3078072149658203,2.67,2.58,2.81
GOOGL,2026-09-18,2026-10-23,P,330.0,466,125,0.30536583312988286,3.51,3.35,3.75
GOOGL,2026-09-18,2026-10-23,P,335.0,444,39,0.3024361749267578,4.63,4.3,4.9
GOOGL,2026-09-18,2026-10-23,P,340.0,290,106,0.2940134075927734,6.0,5.7,6.1
GOOGL,2026-09-18,2026-10-23,P,345.0,245,116,0.29077857666015616,7.5,7.25,7.75
GOOGL,2026-09-18,2026-10-23,P,350.0,551,60,0.29114478393554677,9.7,9.25,9.85
GOOGL,2026-09-18,2026-10-23,P,355.0,33,43,0.28861185028076164,11.9,11.4,12.15
GOOGL,2026-09-18,2026-10-23,P,360.0,47,30,0.2867502966308593,14.15,13.9,14.8
GOOGL,2026-09-18,2026-10-23,P,365.0,29,11,0.28693340026855463,21.05,16.3,17.85
GOOGL,2026-09-18,2026-10-23,P,370.0,31,5,0.30121548400878906,28.4,20.05,21.75
GOOGL,2026-09-18,2026-10-23,P,375.0,24,10,0.2811961529541015,25.0,23.1,24.6
GOOGL,2026-09-18,2026-10-23,P,380.0,27,5,0.28186753295898437,27.0,27.15,28.5
GOOGL,2026-09-18,2026-10-23,P,385.0,0,1,0.3009103112792969,42.09,30.2,33.15
GOOGL,2026-09-18,2026-10-23,P,390.0,5,0,0.3023751403808594,61.25,34.4,37.4
GOOGL,2026-09-18,2026-10-23,P,410.0,2,0,0.3461979443359374,72.31,53.55,56.25
GOOGL,2026-09-18,2026-10-30,C,165.0,0,0,1.2783239208984374,179.0,190.0,193.35
GOOGL,2026-09-18,2026-10-30,C,205.0,7,0,1.0046436486816406,140.87,150.45,153.75
GOOGL,2026-09-18,2026-10-30,C,220.0,1,1,0.8806164282226561,125.85,135.25,138.7
GOOGL,2026-09-18,2026-10-30,C,240.0,4,4,0.7622094091796876,116.65,115.5,118.85
GOOGL,2026-09-18,2026-10-30,C,260.0,1,0,0.6647982739257814,71.78,95.95,99.3
GOOGL,2026-09-18,2026-10-30,C,265.0,1,1,0.6256140954589844,94.34,90.85,94.2
GOOGL,2026-09-18,2026-10-30,C,270.0,4,1,0.6112099426269533,87.75,86.15,89.45
GOOGL,2026-09-18,2026-10-30,C,275.0,1,0,0.5805706005859376,66.5,81.25,84.4
GOOGL,2026-09-18,2026-10-30,C,280.0,50,1,0.5694623132324219,64.0,76.8,79.6
GOOGL,2026-09-18,2026-10-30,C,285.0,4,4,0.5410202148437502,71.5,71.65,74.9
GOOGL,2026-09-18,2026-10-30,C,290.0,3,3,0.5063525927734375,63.15,66.55,69.9
GOOGL,2026-09-18,2026-10-30,C,295.0,6,1,0.5642133422851563,61.3,62.05,65.35
GOOGL,2026-09-18,2026-10-30,C,300.0,5,1,0.5435836657714845,57.6,57.65,60.75
GOOGL,2026-09-18,2026-10-30,C,305.0,1,0,0.523320196533203,34.25,53.85,56.2
GOOGL,2026-09-18,2026-10-30,C,310.0,8,5,0.49670913452148446,40.7,49.35,51.5
GOOGL,2026-09-18,2026-10-30,C,315.0,11,1,0.4828542926025391,46.52,44.2,47.25
GOOGL,2026-09-18,2026-10-30,C,320.0,14,1,0.4564873687744141,36.45,40.05,42.65
GOOGL,2026-09-18,2026-10-30,C,325.0,52,4,0.44232735412597657,38.8,36.9,38.55
GOOGL,2026-09-18,2026-10-30,C,330.0,54,33,0.42020233123779294,34.3,32.5,34.25
GOOGL,2026-09-18,2026-10-30,C,335.0,290,2,0.4307307904052735,30.3,28.9,31.4
GOOGL,2026-09-18,2026-10-30,C,340.0,388,2,0.41394629028320307,27.0,26.05,27.6
GOOGL,2026-09-18,2026-10-30,C,345.0,177,17,0.4082700775146484,24.04,22.45,24.45
GOOGL,2026-09-18,2026-10-30,C,350.0,750,166,0.3940185110473633,20.69,20.4,21.1
GOOGL,2026-09-18,2026-10-30,C,355.0,195,107,0.38422246643066404,18.25,17.65,18.15
GOOGL,2026-09-18,2026-10-30,C,360.0,239,117,0.3794312545776367,15.5,14.75,15.65
GOOGL,2026-09-18,2026-10-30,C,365.0,709,29,0.39362178649902346,13.86,13.2,14.25
GOOGL,2026-09-18,2026-10-30,C,370.0,630,218,0.3895324719238281,11.5,11.2,12.2
GOOGL,2026-09-18,2026-10-30,C,375.0,691,81,0.37625745819091794,9.85,9.5,9.95
GOOGL,2026-09-18,2026-10-30,C,380.0,360,214,0.3835816036987304,8.43,7.95,8.8
GOOGL,2026-09-18,2026-10-30,C,385.0,371,130,0.382269360961914,7.2,6.75,7.45
GOOGL,2026-09-18,2026-10-30,C,390.0,321,72,0.376532113647461,5.93,5.65,6.1
GOOGL,2026-09-18,2026-10-30,C,395.0,36,52,0.37720349365234374,5.05,4.75,5.15
GOOGL,2026-09-18,2026-10-30,C,400.0,230,199,0.3737245245361328,4.07,3.85,4.2
GOOGL,2026-09-18,2026-10-30,C,405.0,81,24,0.3827576373291015,3.5,3.3,3.75
GOOGL,2026-09-18,2026-10-30,C,410.0,187,25,0.38013315185546875,2.95,2.55,3.05
GOOGL,2026-09-18,2026-10-30,C,415.0,37,6,0.39050902465820314,1.8,2.28,2.77
GOOGL,2026-09-18,2026-10-30,C,420.0,25,2,0.39288937194824214,2.05,1.93,2.35
GOOGL,2026-09-18,2026-10-30,C,425.0,66,8,0.38550419189453117,1.42,0.69,1.8
GOOGL,2026-09-18,2026-10-30,C,430.0,101,3,0.3973448937988281,1.38,1.32,1.68
GOOGL,2026-09-18,2026-10-30,C,435.0,41,19,0.4014952429199219,1.15,1.09,1.45
GOOGL,2026-09-18,2026-10-30,C,440.0,674,36,0.3947814428710938,0.95,0.92,1.1
GOOGL,2026-09-18,2026-10-30,C,450.0,210,1,0.3967345483398438,0.74,0.63,0.75
GOOGL,2026-09-18,2026-10-30,C,455.0,12,1,0.40015248291015626,0.62,0.52,0.64
GOOGL,2026-09-18,2026-10-30,C,460.0,1,2,0.4133359448242187,0.48,0.39,0.63
GOOGL,2026-09-18,2026-10-30,C,480.0,4,1,0.4506890869140625,0.25,0.02,0.5
GOOGL,2026-09-18,2026-10-30,C,505.0,1,2,0.48291532714843755,0.14,0.02,0.33
GOOGL,2026-09-18,2026-10-30,C,550.0,5,0,0.5634809277343751,0.2,0.0,0.53
GOOGL,2026-09-18,2026-10-30,P,210.0,2,0,0.6992217578125001,0.1,0.0,0.5
GOOGL,2026-09-18,2026-10-30,P,215.0,11,0,0.6728548339843752,0.11,0.0,0.51
GOOGL,2026-09-18,2026-10-30,P,220.0,4,1,0.64648791015625,0.12,0.0,0.52
GOOGL,2026-09-18,2026-10-30,P,225.0,11,10,0.58789474609375,0.24,0.0,0.35
GOOGL,2026-09-18,2026-10-30,P,230.0,1,8,0.5097705273437501,0.08,0.01,0.14
GOOGL,2026-09-18,2026-10-30,P,235.0,2,218,0.5019581054687501,0.1,0.02,0.1
GOOGL,2026-09-18,2026-10-30,P,240.0,1,7,0.5312546875,0.12,0.01,0.23
GOOGL,2026-09-18,2026-10-30,P,245.0,1,1,0.5351608984375,0.19,0.01,0.34
GOOGL,2026-09-18,2026-10-30,P,250.0,1,1,0.5097705273437501,0.17,0.01,0.34
GOOGL,2026-09-18,2026-10-30,P,255.0,38,35,0.49268085449218757,0.28,0.02,0.38
GOOGL,2026-09-18,2026-10-30,P,260.0,1,0,0.5239305419921875,0.39,0.01,0.75
GOOGL,2026-09-18,2026-10-30,P,265.0,2,12,0.4943898217773438,0.35,0.06,0.73
GOOGL,2026-09-18,2026-10-30,P,270.0,9,12,0.4401911450195312,0.45,0.08,0.52
GOOGL,2026-09-18,2026-10-30,P,275.0,20,6,0.4809622216796875,0.66,0.05,1.13
GOOGL,2026-09-18,2026-10-30,P,280.0,14,1,0.42456630126953127,0.6,0.42,0.82
GOOGL,2026-09-18,2026-10-30,P,285.0,71,14,0.39624627197265627,0.8,0.68,0.8
GOOGL,2026-09-18,2026-10-30,P,290.0,30,8,0.393560751953125,1.0,0.85,1.07
GOOGL,2026-09-18,2026-10-30,P,295.0,201,4,0.39197385375976557,1.25,1.13,1.43
GOOGL,2026-09-18,2026-10-30,P,300.0,160,16,0.3902648864746094,1.5,1.49,1.88
GOOGL,2026-09-18,2026-10-30,P,305.0,99,23,0.3786683227539062,1.99,1.95,2.23
GOOGL,2026-09-18,2026-10-30,P,310.0,243,24,0.379889013671875,2.54,2.31,2.95
GOOGL,2026-09-18,2026-10-30,P,315.0,319,35,0.36725486267089846,3.25,3.1,3.45
GOOGL,2026-09-18,2026-10-30,P,320.0,281,512,0.3665834826660156,4.0,3.8,4.4
GOOGL,2026-09-18,2026-10-30,P,325.0,162,77,0.35767243896484374,4.95,4.8,5.25
GOOGL,2026-09-18,2026-10-30,P,330.0,205,92,0.3596865789794922,6.2,5.65,6.65
GOOGL,2026-09-18,2026-10-30,P,335.0,174,55,0.3572451971435546,7.4,7.15,8.1
GOOGL,2026-09-18,2026-10-30,P,340.0,150,50,0.35681795532226557,9.2,8.9,9.85
GOOGL,2026-09-18,2026-10-30,P,345.0,113,25,0.34326828613281246,10.85,10.45,11.25
GOOGL,2026-09-18,2026-10-30,P,350.0,87,21,0.34058276611328125,12.75,12.5,13.35
GOOGL,2026-09-18,2026-10-30,P,355.0,17,56,0.34433639068603517,14.95,14.9,16.0
GOOGL,2026-09-18,2026-10-30,P,360.0,13,38,0.3438786315917969,17.45,17.55,18.7
GOOGL,2026-09-18,2026-10-30,P,365.0,5,4,0.3382024188232422,20.5,19.9,21.4
GOOGL,2026-09-18,2026-10-30,P,370.0,109,2,0.3427189752197265,23.53,23.2,24.8
GOOGL,2026-09-18,2026-10-30,P,375.0,3,1,0.32959654785156245,33.23,26.8,27.65
GOOGL,2026-09-18,2026-10-30,P,380.0,1,5,0.34088793884277346,30.0,30.05,31.75
GOOGL,2026-09-18,2026-10-30,P,385.0,7,0,0.3327703442382813,43.59,32.85,35.25
GOOGL,2026-09-18,2026-11-20,C,85.0,64,6,1.8056650341796874,272.0,269.8,273.2
GOOGL,2026-09-18,2026-11-20,C,95.0,1,0,1.0000000000000003e-05,278.1,252.7,256.05
GOOGL,2026-09-18,2026-11-20,C,100.0,5,2,1.6792008227539061,246.07,255.1,258.6
GOOGL,2026-09-18,2026-11-20,C,105.0,2,1,1.6179218322753908,253.1,250.15,253.55
GOOGL,2026-09-18,2026-11-20,C,120.0,2,1,1.4672878198242185,225.0,235.25,238.65
GOOGL,2026-09-18,2026-11-20,C,130.0,0,6,1.0000000000000003e-05,161.2,0.0,0.0
GOOGL,2026-09-18,2026-11-20,C,140.0,17,0,1.0000000000000003e-05,197.35,169.1,173.15
GOOGL,2026-09-18,2026-11-20,C,145.0,3,1,1.2570837927246092,200.7,210.35,213.95
GOOGL,2026-09-18,2026-11-20,C,150.0,13,2,1.1982461962890625,192.64,205.35,208.7
GOOGL,2026-09-18,2026-11-20,C,155.0,6,1,1.16016044921875,186.42,200.35,203.75
GOOGL,2026-09-18,2026-11-20,C,160.0,9,1,1.111332568359375,187.23,195.25,198.7
GOOGL,2026-09-18,2026-11-20,C,165.0,0,1,1.0000000000000003e-05,199.29,0.0,0.0
GOOGL,2026-09-18,2026-11-20,C,170.0,6,1,2.063359333801269,229.78,204.0,207.95
GOOGL,2026-09-18,2026-11-20,C,175.0,7,1,1.0419969775390627,178.15,180.7,184.05
GOOGL,2026-09-18,2026-11-20,C,180.0,14,2,1.017583037109375,163.15,175.9,179.1
GOOGL,2026-09-18,2026-11-20,C,185.0,15,2,1.0000000000000003e-05,166.05,134.2,138.05
GOOGL,2026-09-18,2026-11-20,C,190.0,883,1,0.9622806506347656,159.03,166.15,169.2
GOOGL,2026-09-18,2026-11-20,C,195.0,11,1,0.9237068176269532,135.95,161.0,164.25
GOOGL,2026-09-18,2026-11-20,C,200.0,54,1,0.8923350610351561,157.05,156.0,159.3
GOOGL,2026-09-18,2026-11-20,C,205.0,23,1,0.8654798608398437,143.63,151.1,154.35
GOOGL,2026-09-18,2026-11-20,C,210.0,35,3,0.8332536206054686,140.84,146.15,149.3
GOOGL,2026-09-18,2026-11-20,C,215.0,44,1,0.8125018749999999,134.52,141.3,144.45
GOOGL,2026-09-18,2026-11-20,C,220.0,195,1,0.7796652893066407,127.67,136.2,139.5
GOOGL,2026-09-18,2026-11-20,C,225.0,194,230,0.7574487145996094,121.08,131.35,134.6
GOOGL,2026-09-18,2026-11-20,C,230.0,399,6,0.7304714453125,129.0,126.4,129.65
GOOGL,2026-09-18,2026-11-20,C,235.0,374,2,0.7053252124023439,110.43,121.45,124.75
GOOGL,2026-09-18,2026-11-20,C,240.0,308,6,0.6716341430664063,111.8,116.35,119.7
GOOGL,2026-09-18,2026-11-20,C,245.0,160,1,0.6528355029296876,104.42,111.5,114.9
GOOGL,2026-09-18,2026-11-20,C,250.0,384,4,0.6425816992187501,109.0,107.2,109.9
GOOGL,2026-09-18,2026-11-20,C,255.0,270,1,0.6235389208984375,94.9,102.35,105.15
GOOGL,2026-09-18,2026-11-20,C,260.0,251,7,0.5891154370117189,91.3,97.0,100.25
GOOGL,2026-09-18,2026-11-20,C,265.0,113,3,0.5700726586914062,90.43,92.35,95.3
GOOGL,2026-09-18,2026-11-20,C,270.0,728,2,0.5568281622314455,86.33,87.9,90.45
GOOGL,2026-09-18,2026-11-20,C,275.0,71,1,0.5432784930419923,78.4,83.25,85.85
GOOGL,2026-09-18,2026-11-20,C,280.0,512,5,0.5130663928222656,75.25,78.15,80.85
GOOGL,2026-09-18,2026-11-20,C,285.0,173,1,0.5437667694091797,69.15,73.55,76.25
GOOGL,2026-09-18,2026-11-20,C,290.0,422,1,0.5061694891357422,72.0,69.15,71.0
GOOGL,2026-09-18,2026-11-20,C,295.0,190,1,0.5059253509521484,68.0,65.25,67.0
GOOGL,2026-09-18,2026-11-20,C,300.0,1065,6,0.4574639215087891,61.55,60.35,61.35
GOOGL,2026-09-18,2026-11-20,C,305.0,337,22,0.4688773815917969,57.01,56.3,57.9
GOOGL,2026-09-18,2026-11-20,C,310.0,548,11,0.4365595895385742,53.05,52.3,52.85
GOOGL,2026-09-18,2026-11-20,C,315.0,369,2,0.448674946899414,43.2,47.6,49.7
GOOGL,2026-09-18,2026-11-20,C,320.0,788,11,0.42139250488281255,43.53,43.8,44.95
GOOGL,2026-09-18,2026-11-20,C,325.0,1834,2,0.40820904296875,35.8,40.25,40.9
GOOGL,2026-09-18,2026-11-20,C,330.0,2534,81,0.4128476684570312,37.61,36.15,37.85
GOOGL,2026-09-18,2026-11-20,C,335.0,1758,61,0.392034888305664,33.6,32.8,33.65
GOOGL,2026-09-18,2026-11-20,C,340.0,2465,79,0.39157712921142573,30.65,29.45,30.65
GOOGL,2026-09-18,2026-11-20,C,345.0,4764,274,0.3816590155029296,27.38,27.0,27.3
GOOGL,2026-09-18,2026-11-20,C,350.0,5106,882,0.37604383728027346,24.1,24.1,24.35
GOOGL,2026-09-18,2026-11-20,C,355.0,1533,402,0.37686780364990236,21.9,21.5,21.95
GOOGL,2026-09-18,2026-11-20,C,360.0,8297,993,0.37198503997802734,19.2,19.05,19.4
GOOGL,2026-09-18,2026-11-20,C,365.0,2326,173,0.3700319345092773,17.25,17.0,17.2
GOOGL,2026-09-18,2026-11-20,C,370.0,40991,1759,0.37201555725097657,15.05,15.05,15.4
GOOGL,2026-09-18,2026-11-20,C,375.0,2586,127,0.37106952178955077,13.67,13.05,13.6
GOOGL,2026-09-18,2026-11-20,C,380.0,3843,1862,0.36710227630615233,11.8,11.5,11.8
GOOGL,2026-09-18,2026-11-20,C,385.0,1524,131,0.3685976226806641,10.5,10.15,10.45
GOOGL,2026-09-18,2026-11-20,C,390.0,2518,386,0.36533227447509764,8.9,8.7,9.0
GOOGL,2026-09-18,2026-11-20,C,395.0,2044,230,0.36524072265625,7.75,7.7,7.85
GOOGL,2026-09-18,2026-11-20,C,400.0,6711,1187,0.36463037719726565,6.75,6.6,6.8
GOOGL,2026-09-18,2026-11-20,C,405.0,1595,334,0.36713279357910156,6.07,5.75,6.0
GOOGL,2026-09-18,2026-11-20,C,410.0,3194,1087,0.3673158972167969,5.1,4.85,5.2
GOOGL,2026-09-18,2026-11-20,C,415.0,1212,33,0.3676821044921875,4.65,4.3,4.5
GOOGL,2026-09-18,2026-11-20,C,420.0,3837,260,0.3699403826904296,3.82,3.7,3.95
GOOGL,2026-09-18,2026-11-20,C,425.0,629,48,0.3732362481689453,3.4,3.2,3.5
GOOGL,2026-09-18,2026-11-20,C,430.0,1539,66,0.3706117626953125,2.88,2.63,2.93
GOOGL,2026-09-18,2026-11-20,C,435.0,1334,20,0.37079486633300784,2.45,2.39,2.51
GOOGL,2026-09-18,2026-11-20,C,440.0,28518,55,0.3745179736328125,2.17,2.07,2.23
GOOGL,2026-09-18,2026-11-20,C,445.0,799,10,0.3734193518066406,1.81,1.8,1.88
GOOGL,2026-09-18,2026-11-20,C,450.0,3962,151,0.37708142456054683,1.6,1.54,1.67
GOOGL,2026-09-18,2026-11-20,C,455.0,475,5,0.3786683227539062,1.43,1.36,1.45
GOOGL,2026-09-18,2026-11-20,C,460.0,2591,15,0.3809876354980468,1.25,1.18,1.27
GOOGL,2026-09-18,2026-11-20,C,465.0,1,3,0.3850159155273437,1.09,1.02,1.14
GOOGL,2026-09-18,2026-11-20,C,470.0,3223,30,0.38513798461914056,0.95,0.9,0.97
GOOGL,2026-09-18,2026-11-20,C,480.0,3535,4,0.3934386828613281,0.71,0.69,0.79
GOOGL,2026-09-18,2026-11-20,C,490.0,5126,4,0.39771110107421875,0.61,0.54,0.61
GOOGL,2026-09-18,2026-11-20,C,500.0,2493,13,0.405279384765625,0.49,0.38,0.5
GOOGL,2026-09-18,2026-11-20,C,510.0,2455,1,0.4387263159179688,0.37,0.13,0.62
GOOGL,2026-09-18,2026-11-20,C,520.0,2965,1,0.45093322509765627,0.3,0.05,0.56
GOOGL,2026-09-18,2026-11-20,C,530.0,3553,3,0.46289599609375004,0.17,0.01,0.51
GOOGL,2026-09-18,2026-11-20,C,540.0,4815,3,0.4721732470703125,0.19,0.01,0.45
GOOGL,2026-09-18,2026-11-20,C,550.0,169,19,0.4506890869140625,0.17,0.14,0.24
GOOGL,2026-09-18,2026-11-20,C,560.0,287,2,0.4997608618164063,0.15,0.01,0.41
GOOGL,2026-09-18,2026-11-20,C,570.0,124,1,0.5124560473632812,0.26,0.01,0.39
GOOGL,2026-09-18,2026-11-20,C,580.0,75,3,0.5207567456054687,0.09,0.01,0.35
GOOGL,2026-09-18,2026-11-20,C,590.0,63,2,0.5380905566406251,0.08,0.01,0.36
GOOGL,2026-09-18,2026-11-20,C,600.0,1187,7,0.5205126074218749,0.08,0.01,0.22
GOOGL,2026-09-18,2026-11-20,C,610.0,175,8,0.5224657128906249,0.08,0.01,0.18
GOOGL,2026-09-18,2026-11-20,C,620.0,68,1,0.5029346582031251,0.16,0.02,0.18
GOOGL,2026-09-18,2026-11-20,C,630.0,28,1,0.5107470800781251,0.15,0.01,0.17
GOOGL,2026-09-18,2026-11-20,C,640.0,85,5,0.5312546875,0.06,0.01,0.2
GOOGL,2026-09-18,2026-11-20,C,650.0,22,1,0.5351608984375,0.08,0.01,0.17
GOOGL,2026-09-18,2026-11-20,C,660.0,83,1,0.5468795312500001,0.08,0.01,0.17
GOOGL,2026-09-18,2026-11-20,C,670.0,106,1,0.59570716796875,0.13,0.01,0.33
GOOGL,2026-09-18,2026-11-20,C,680.0,36,4,0.6054726953125001,0.06,0.01,0.32
GOOGL,2026-09-18,2026-11-20,C,690.0,70,3,0.5839885351562499,0.05,0.01,0.18
GOOGL,2026-09-18,2026-11-20,C,700.0,38,1,0.584965087890625,0.15,0.01,0.15
GOOGL,2026-09-18,2026-11-20,C,710.0,36,4,0.5800823242187501,0.04,0.01,0.11
GOOGL,2026-09-18,2026-11-20,C,720.0,27,7,0.649417568359375,0.06,0.0,0.32
GOOGL,2026-09-18,2026-11-20,C,730.0,48,1,0.6875031250000001,0.1,0.0,0.47
GOOGL,2026-09-18,2026-11-20,C,740.0,45,2,0.7260769580078125,0.13,0.0,0.66
GOOGL,2026-09-18,2026-11-20,C,750.0,274,13,0.709963837890625,0.11,0.0,0.47
GOOGL,2026-09-18,2026-11-20,C,760.0,29,2,0.6210975390625001,0.04,0.01,0.09
GOOGL,2026-09-18,2026-11-20,C,770.0,55,2,0.6289099609375001,0.09,0.01,0.09
GOOGL,2026-09-18,2026-11-20,C,780.0,52,2,0.6445348046875,0.1,0.01,0.1
GOOGL,2026-09-18,2026-11-20,C,790.0,226,5,0.6425816992187501,0.04,0.01,0.08
GOOGL,2026-09-18,2026-11-20,C,800.0,8184,28,0.6621127539062501,0.02,0.02,0.09
GOOGL,2026-09-18,2026-11-20,P,85.0,26,6,1.588869243164062,0.02,0.0,1.05
GOOGL,2026-09-18,2026-11-20,P,90.0,61,3,1.0546922265625,0.02,0.0,0.03
GOOGL,2026-09-18,2026-11-20,P,95.0,110,2,1.015629921875,0.04,0.0,0.03
GOOGL,2026-09-18,2026-11-20,P,100.0,166,10,0.9765627343750001,0.01,0.0,0.03
GOOGL,2026-09-18,2026-11-20,P,105.0,72,13,1.0683640332031252,0.02,0.0,0.13
GOOGL,2026-09-18,2026-11-20,P,110.0,126,3,0.929688203125,0.01,0.0,0.04
GOOGL,2026-09-18,2026-11-20,P,115.0,97,2,1.056645341796875,0.01,0.0,0.24
GOOGL,2026-09-18,2026-11-20,P,120.0,88,1,0.87500125,0.03,0.0,0.05
GOOGL,2026-09-18,2026-11-20,P,125.0,106,1,0.8437515624999999,0.13,0.0,0.05
GOOGL,2026-09-18,2026-11-20,P,130.0,245,1,0.8125018749999999,0.03,0.0,0.05
GOOGL,2026-09-18,2026-11-20,P,135.0,113,34,0.983398603515625,0.07,0.0,0.46
GOOGL,2026-09-18,2026-11-20,P,140.0,112,1,0.7695335546875001,0.02,0.0,0.06
GOOGL,2026-09-18,2026-11-20,P,145.0,121,1,0.7500025,0.04,0.01,0.06
GOOGL,2026-09-18,2026-11-20,P,150.0,247,1,0.9570316796874999,0.1,0.0,0.86
GOOGL,2026-09-18,2026-11-20,P,155.0,85,1,0.9248054394531251,0.13,0.0,0.87
GOOGL,2026-09-18,2026-11-20,P,160.0,76,1,0.848634326171875,0.05,0.0,0.6
GOOGL,2026-09-18,2026-11-20,P,165.0,86,14,0.6875031250000001,0.12,0.01,0.12
GOOGL,2026-09-18,2026-11-20,P,170.0,73,10,0.6250037500000001,0.21,0.0,0.07
GOOGL,2026-09-18,2026-11-20,P,175.0,446,2,0.75195560546875,0.05,0.0,0.55
GOOGL,2026-09-18,2026-11-20,P,180.0,62,2,0.63867548828125,0.1,0.01,0.18
GOOGL,2026-09-18,2026-11-20,P,185.0,314,9,0.5820354296875,0.07,0.01,0.1
GOOGL,2026-09-18,2026-11-20,P,190.0,124,2,0.5839885351562499,0.08,0.06,0.11
GOOGL,2026-09-18,2026-11-20,P,195.0,144,2,0.56836369140625,0.08,0.01,0.18
GOOGL,2026-09-18,2026-11-20,P,200.0,445,3,0.5400436621093752,0.12,0.05,0.12
GOOGL,2026-09-18,2026-11-20,P,205.0,255,2,0.5273484765625001,0.1,0.02,0.18
GOOGL,2026-09-18,2026-11-20,P,210.0,3237,4,0.5288133056640626,0.13,0.1,0.19
GOOGL,2026-09-18,2026-11-20,P,215.0,347,2,0.5092822509765625,0.16,0.09,0.15
GOOGL,2026-09-18,2026-11-20,P,220.0,1231,9,0.499028447265625,0.14,0.1,0.18
GOOGL,2026-09-18,2026-11-20,P,225.0,184,24,0.48438015625,0.19,0.12,0.2
GOOGL,2026-09-18,2026-11-20,P,230.0,930,1,0.47998566894531247,0.14,0.02,0.26
GOOGL,2026-09-18,2026-11-20,P,235.0,247,4,0.46533737792968755,0.2,0.2,0.29
GOOGL,2026-09-18,2026-11-20,P,240.0,1125,4,0.4506890869140625,0.29,0.24,0.32
GOOGL,2026-09-18,2026-11-20,P,245.0,782,25,0.43897045410156255,0.33,0.3,0.37
GOOGL,2026-09-18,2026-11-20,P,250.0,1319,25,0.4292049267578125,0.43,0.34,0.44
GOOGL,2026-09-18,2026-11-20,P,255.0,1224,7,0.4318904467773438,0.48,0.44,0.62
GOOGL,2026-09-18,2026-11-20,P,260.0,1933,14,0.4101621484375,0.57,0.56,0.62
GOOGL,2026-09-18,2026-11-20,P,265.0,792,4,0.4023497265625,0.7,0.65,0.75
GOOGL,2026-09-18,2026-11-20,P,270.0,1312,111,0.39722282470703124,0.84,0.84,0.94
GOOGL,2026-09-18,2026-11-20,P,275.0,1917,14,0.38794557373046873,1.02,1.0,1.11
GOOGL,2026-09-18,2026-11-20,P,280.0,2151,72,0.3807434973144531,1.28,1.26,1.34
GOOGL,2026-09-18,2026-11-20,P,285.0,1674,15,0.3748841809082031,1.51,1.52,1.64
GOOGL,2026-09-18,2026-11-20,P,290.0,3078,323,0.37164934997558596,1.86,1.83,2.05
GOOGL,2026-09-18,2026-11-20,P,295.0,1774,27,0.36255520263671875,2.3,2.23,2.4
GOOGL,2026-09-18,2026-11-20,P,300.0,6946,77,0.3569400244140625,2.9,2.72,2.9
GOOGL,2026-09-18,2026-11-20,P,305.0,1920,112,0.3534000207519531,3.35,3.3,3.55
GOOGL,2026-09-18,2026-11-20,P,310.0,4598,70,0.35242346801757807,4.09,4.1,4.4
GOOGL,2026-09-18,2026-11-20,P,315.0,3878,159,0.34632001342773433,5.02,4.9,5.2
GOOGL,2026-09-18,2026-11-20,P,320.0,4664,251,0.3421391470336914,6.1,6.05,6.2
GOOGL,2026-09-18,2026-11-20,P,325.0,2292,64,0.341376215209961,7.12,7.2,7.5
GOOGL,2026-09-18,2026-11-20,P,330.0,7027,121,0.33685965881347657,8.65,8.45,8.8
GOOGL,2026-09-18,2026-11-20,P,335.0,2363,190,0.33682914154052734,10.13,10.0,10.5
GOOGL,2026-09-18,2026-11-20,P,340.0,3910,55,0.33399103515625,11.85,11.75,12.25
GOOGL,2026-09-18,2026-11-20,P,345.0,5898,140,0.33124448059082034,13.9,13.75,14.2
GOOGL,2026-09-18,2026-11-20,P,350.0,2001,185,0.3284368914794922,16.21,16.05,16.35
GOOGL,2026-09-18,2026-11-20,P,355.0,1351,32,0.32642275146484373,18.3,18.2,18.75
GOOGL,2026-09-18,2026-11-20,P,360.0,4613,65,0.32425602508544915,20.7,20.8,21.35
GOOGL,2026-09-18,2026-11-20,P,365.0,1231,97,0.32285223052978507,23.5,23.5,24.2
GOOGL,2026-09-18,2026-11-20,P,370.0,1204,3,0.31964791687011707,27.05,26.45,27.15
GOOGL,2026-09-18,2026-11-20,P,375.0,718,31,0.31915964050292955,29.65,29.75,30.45
GOOGL,2026-09-18,2026-11-20,P,380.0,476,9,0.314185325012207,33.35,33.0,33.7
GOOGL,2026-09-18,2026-11-20,P,385.0,351,91,0.3143379113769531,41.55,36.55,37.4
GOOGL,2026-09-18,2026-11-20,P,390.0,714,5,0.3078682495117187,48.25,39.65,40.95
GOOGL,2026-09-18,2026-11-20,P,395.0,389,10,0.32691102783203124,47.65,43.55,45.8
GOOGL,2026-09-18,2026-11-20,P,400.0,705,67,0.29968962036132807,52.07,48.05,48.8
GOOGL,2026-09-18,2026-11-20,P,405.0,153,7,0.323126885986328,69.3,51.7,53.95
GOOGL,2026-09-18,2026-11-20,P,410.0,130,21,0.3223944714355468,63.4,56.3,58.25
GOOGL,2026-09-18,2026-11-20,P,415.0,154,1,0.2960275476074219,63.82,60.25,61.9
GOOGL,2026-09-18,2026-11-20,P,420.0,94,3,0.3064034204101562,86.85,64.15,66.75
GOOGL,2026-09-18,2026-11-20,P,425.0,64,26,0.3198920550537109,77.9,68.55,71.7
GOOGL,2026-09-18,2026-11-20,P,430.0,135,35,0.27027096923828126,80.7,73.2,75.45
GOOGL,2026-09-18,2026-11-20,P,435.0,39,25,0.5204820901489257,86.03,85.6,89.05
GOOGL,2026-09-18,2026-11-20,P,440.0,40,11,0.29944548217773437,100.69,82.9,85.5
GOOGL,2026-09-18,2026-11-20,P,445.0,0,1,0.5471236694335939,83.75,95.15,98.85
GOOGL,2026-09-18,2026-11-20,P,450.0,3,10,0.25879647460937505,115.1,92.5,94.9
GOOGL,2026-09-18,2026-11-20,P,455.0,0,23,1.0000000000000003e-05,82.12,0.0,0.0
GOOGL,2026-09-18,2026-11-20,P,460.0,0,1,0.30322962402343745,113.15,102.6,105.05
GOOGL,2026-09-18,2026-11-20,P,470.0,0,3,0.6213416772460938,128.25,119.85,123.7
GOOGL,2026-09-18,2026-11-20,P,480.0,5,5,1.0000000000000003e-05,105.95,117.35,120.25
GOOGL,2026-09-18,2026-11-20,P,490.0,0,1,1.599947068634033,161.35,186.25,189.65
GOOGL,2026-09-18,2026-11-20,P,500.0,3,3,1.0000000000000003e-05,118.9,136.65,139.15
GOOGL,2026-09-18,2026-11-20,P,530.0,0,1,1.7328199394226074,200.65,226.0,229.65
GOOGL,2026-09-18,2026-11-20,P,540.0,0,3,1.0000000000000003e-05,164.19,0.0,0.0
GOOGL,2026-09-18,2026-11-20,P,570.0,0,0,1.854157223358154,250.3,266.25,269.65
GOOGL,2026-09-18,2026-11-20,P,720.0,0,1,1.1538128247070314,381.5,369.85,373.35
GOOGL,2026-09-18,2026-12-18,C,50.0,2563,1,2.0825243249511716,280.0,305.05,308.2
GOOGL,2026-09-18,2026-12-18,C,55.0,47,1,1.0000000000000003e-05,308.4,282.35,286.2
GOOGL,2026-09-18,2026-12-18,C,60.0,58,2,1.8969731713867186,282.1,295.0,298.35
GOOGL,2026-09-18,2026-12-18,C,65.0,702,16,1.0000000000000003e-05,311.41,272.45,276.3
GOOGL,2026-09-18,2026-12-18,C,70.0,129,19,1.748048134765625,273.55,285.1,288.4
GOOGL,2026-09-18,2026-12-18,C,75.0,128,1,1.0000000000000003e-05,271.76,242.85,246.2
GOOGL,2026-09-18,2026-12-18,C,80.0,47,1,1.0000000000000003e-05,268.93,267.0,271.05
GOOGL,2026-09-18,2026-12-18,C,85.0,52,4,2.41553130493164,267.6,278.7,282.55
GOOGL,2026-09-18,2026-12-18,C,90.0,50,1,1.4790065112304687,260.44,265.0,268.45
GOOGL,2026-09-18,2026-12-18,C,95.0,176,15,1.4558132678222657,248.28,260.25,263.6
GOOGL,2026-09-18,2026-12-18,C,100.0,484,1,1.4277372363281249,257.8,255.55,258.65
GOOGL,2026-09-18,2026-12-18,C,105.0,342,9,2.5649449938964843,299.1,267.85,271.35
GOOGL,2026-09-18,2026-12-18,C,110.0,81,2,1.298343352050781,230.5,245.2,248.6
GOOGL,2026-09-18,2026-12-18,C,115.0,117,3,1.272464575195312,243.4,240.5,243.6
GOOGL,2026-09-18,2026-12-18,C,120.0,346,1,1.2338905493164063,237.07,235.45,238.75
GOOGL,2026-09-18,2026-12-18,C,125.0,120,3,1.0000000000000003e-05,248.25,223.3,226.65
GOOGL,2026-09-18,2026-12-18,C,130.0,444,1,1.1640666796875,218.37,225.45,229.0
GOOGL,2026-09-18,2026-12-18,C,135.0,297,1,1.140263087768555,219.74,220.7,224.05
GOOGL,2026-09-18,2026-12-18,C,140.0,554,2,1.1162153564453123,204.05,216.05,219.0
GOOGL,2026-09-18,2026-12-18,C,145.0,292,1,1.0734909606933596,195.2,210.75,214.2
GOOGL,2026-09-18,2026-12-18,C,150.0,368,3,1.0617722692871094,199.0,206.25,209.25
GOOGL,2026-09-18,2026-12-18,C,155.0,675,6,1.0192920129394532,196.23,201.05,204.3
GOOGL,2026-09-18,2026-12-18,C,160.0,580,1,0.9907227490234375,189.2,196.2,199.3
GOOGL,2026-09-18,2026-12-18,C,165.0,604,1,0.96679720703125,192.18,191.3,194.45
GOOGL,2026-09-18,2026-12-18,C,170.0,734,1,0.93945373046875,178.6,186.4,189.5
GOOGL,2026-09-18,2026-12-18,C,175.0,894,1,0.9089364575195311,163.62,181.35,184.6
GOOGL,2026-09-18,2026-12-18,C,180.0,610,1,0.8930674755859375,169.8,176.75,179.65
GOOGL,2026-09-18,2026-12-18,C,185.0,2236,1,0.8553481262207032,172.37,171.5,174.7
GOOGL,2026-09-18,2026-12-18,C,190.0,1432,1,0.8300798242187499,157.88,166.55,169.8
GOOGL,2026-09-18,2026-12-18,C,195.0,755,5,0.8038349694824218,152.35,161.6,164.85
GOOGL,2026-09-18,2026-12-18,C,200.0,2811,1,0.7779563220214845,153.13,156.6,159.95
GOOGL,2026-09-18,2026-12-18,C,205.0,334,1,0.7512231909179687,144.07,151.8,154.8
GOOGL,2026-09-18,2026-12-18,C,210.0,544,5,0.7412135253906249,139.9,147.15,150.1
GOOGL,2026-09-18,2026-12-18,C,215.0,1810,1,0.7110624597167969,129.39,141.95,145.2
GOOGL,2026-09-18,2026-12-18,C,220.0,728,1,0.6842072595214845,132.52,137.0,140.15
GOOGL,2026-09-18,2026-12-18,C,225.0,397,64,0.6650424121093752,120.03,132.15,135.3
GOOGL,2026-09-18,2026-12-18,C,230.0,623,20,0.6401403173828125,122.27,127.1,130.4
GOOGL,2026-09-18,2026-12-18,C,235.0,458,110,0.6287878918457033,109.3,122.5,125.65
GOOGL,2026-09-18,2026-12-18,C,240.0,1014,2600,0.6010782080078126,117.6,117.5,120.55
GOOGL,2026-09-18,2026-12-18,C,245.0,588,1,0.5928995788574221,111.76,112.95,115.95
GOOGL,2026-09-18,2026-12-18,C,250.0,2422,8,0.582462671508789,109.25,108.65,111.05
GOOGL,2026-09-18,2026-12-18,C,255.0,1772,2,0.5509078112792969,106.95,103.15,106.2
GOOGL,2026-09-18,2026-12-18,C,260.0,1353,6,0.5347336566162109,88.37,98.4,101.45
GOOGL,2026-09-18,2026-12-18,C,265.0,851,8,0.5197191583251952,94.62,94.05,96.4
GOOGL,2026-09-18,2026-12-18,C,270.0,2034,2,0.5257005438232423,80.09,89.2,91.25
GOOGL,2026-09-18,2026-12-18,C,275.0,36,4,0.5113574255371094,86.81,84.15,86.65
GOOGL,2026-09-18,2026-12-18,C,280.0,1899,1,0.5040943145751953,75.73,79.9,82.35
GOOGL,2026-09-18,2026-12-18,C,285.0,586,4,0.48560084716796875,74.8,75.4,77.65
GOOGL,2026-09-18,2026-12-18,C,290.0,2566,3,0.4761099752807617,68.35,71.75,73.35
GOOGL,2026-09-18,2026-12-18,C,295.0,72,2,0.4697013479614258,63.79,66.5,69.25
GOOGL,2026-09-18,2026-12-18,C,300.0,17938,20,0.4408320077514648,64.05,62.6,64.15
GOOGL,2026-09-18,2026-12-18,C,305.0,2372,2,0.42233854034423823,60.3,58.8,59.55
GOOGL,2026-09-18,2026-12-18,C,310.0,15418,8,0.425359750366211,56.0,54.0,56.1
GOOGL,2026-09-18,2026-12-18,C,315.0,791,74,0.40759869750976563,52.15,51.1,51.65
GOOGL,2026-09-18,2026-12-18,C,320.0,4060,103,0.4011900701904296,48.07,47.05,47.9
GOOGL,2026-09-18,2026-12-18,C,325.0,1659,12,0.40549300567626956,43.4,43.6,44.9
GOOGL,2026-09-18,2026-12-18,C,330.0,2597,57,0.3903259210205078,40.97,40.0,40.85
GOOGL,2026-09-18,2026-12-18,C,335.0,1293,17,0.38706057281494133,37.25,36.65,37.65
GOOGL,2026-09-18,2026-12-18,C,340.0,2906,39,0.3794312545776367,34.24,33.65,34.3
GOOGL,2026-09-18,2026-12-18,C,345.0,1683,64,0.37210710906982425,31.5,30.6,31.1
GOOGL,2026-09-18,2026-12-18,C,350.0,4995,814,0.3692995199584961,28.55,27.8,28.35
GOOGL,2026-09-18,2026-12-18,C,355.0,1541,142,0.3657900335693359,25.6,25.4,25.7
GOOGL,2026-09-18,2026-12-18,C,360.0,3774,629,0.36508813629150394,23.55,22.8,23.4
GOOGL,2026-09-18,2026-12-18,C,365.0,2122,168,0.360083303527832,21.3,20.65,20.95
GOOGL,2026-09-18,2026-12-18,C,370.0,3986,153,0.3579470944213867,18.93,18.55,18.85
GOOGL,2026-09-18,2026-12-18,C,375.0,3063,1169,0.35654329986572264,16.75,16.75,16.95
GOOGL,2026-09-18,2026-12-18,C,380.0,13822,241,0.35452915985107414,15.4,15.0,15.15
GOOGL,2026-09-18,2026-12-18,C,385.0,2639,89,0.3572146798706054,13.85,13.4,13.8
GOOGL,2026-09-18,2026-12-18,C,390.0,7521,117,0.3557193334960937,12.25,12.1,12.3
GOOGL,2026-09-18,2026-12-18,C,395.0,2162,65,0.35297277893066403,11.05,10.5,10.85
GOOGL,2026-09-18,2026-12-18,C,400.0,13297,586,0.35315588256835934,9.63,9.5,9.7
GOOGL,2026-09-18,2026-12-18,C,405.0,1764,67,0.35239295074462884,8.7,8.4,8.6
GOOGL,2026-09-18,2026-12-18,C,410.0,3439,113,0.3515384671020507,7.75,7.35,7.6
GOOGL,2026-09-18,2026-12-18,C,415.0,5812,18,0.35370519348144525,6.8,6.55,6.85
GOOGL,2026-09-18,2026-12-18,C,420.0,2304,114,0.3522403643798828,6.0,5.8,6.0
GOOGL,2026-09-18,2026-12-18,C,425.0,1666,15,0.35217932983398437,5.32,5.15,5.3
GOOGL,2026-09-18,2026-12-18,C,430.0,2460,81,0.35510898803710933,4.7,4.35,4.8
GOOGL,2026-09-18,2026-12-18,C,435.0,535,2,0.3605410626220703,4.35,4.0,4.45
GOOGL,2026-09-18,2026-12-18,C,440.0,7258,206,0.3570620935058594,3.8,3.4,3.8
GOOGL,2026-09-18,2026-12-18,C,445.0,1291,1,0.35871002624511716,3.35,3.05,3.4
GOOGL,2026-09-18,2026-12-18,C,450.0,16913,2133,0.35657381713867187,2.82,2.75,2.92
GOOGL,2026-09-18,2026-12-18,C,455.0,814,51,0.3658510681152344,2.36,2.49,2.84
GOOGL,2026-09-18,2026-12-18,C,460.0,2556,2,0.3605410626220703,2.3,2.22,2.35
GOOGL,2026-09-18,2026-12-18,C,465.0,972,5,0.36212796081542964,2.09,1.94,2.1
GOOGL,2026-09-18,2026-12-18,C,470.0,3257,18,0.36340968627929693,1.85,1.75,1.87
GOOGL,2026-09-18,2026-12-18,C,475.0,934,1,0.3635317553710938,1.78,1.57,1.64
GOOGL,2026-09-18,2026-12-18,C,480.0,5320,4,0.37402969726562496,1.48,1.4,1.65
GOOGL,2026-09-18,2026-12-18,C,485.0,1022,14,0.37256486816406253,1.21,1.22,1.42
GOOGL,2026-09-18,2026-12-18,C,490.0,2771,5,0.37055072814941403,1.16,1.12,1.21
GOOGL,2026-09-18,2026-12-18,C,495.0,388,1,0.3719545227050781,1.02,1.0,1.08
GOOGL,2026-09-18,2026-12-18,C,500.0,8600,16,0.3795228063964844,1.0,0.9,1.06
GOOGL,2026-09-18,2026-12-18,C,505.0,412,50,0.37744763183593744,0.82,0.74,0.9
GOOGL,2026-09-18,2026-12-18,C,510.0,2147,1,0.37915659912109373,0.74,0.74,0.81
GOOGL,2026-09-18,2026-12-18,C,515.0,1054,2,0.3825745336914062,0.76,0.68,0.75
GOOGL,2026-09-18,2026-12-18,C,520.0,2574,20,0.38550419189453117,0.57,0.62,0.69
GOOGL,2026-09-18,2026-12-18,C,525.0,2549,1,0.3869690209960937,0.56,0.56,0.62
GOOGL,2026-09-18,2026-12-18,C,530.0,3154,11,0.39160764648437496,0.57,0.52,0.59
GOOGL,2026-09-18,2026-12-18,C,535.0,144,1,0.4157773266601562,0.5,0.24,0.77
GOOGL,2026-09-18,2026-12-18,C,540.0,2665,2,0.41992767578125,0.35,0.19,0.73
GOOGL,2026-09-18,2026-12-18,C,545.0,1019,1,0.422857333984375,0.4,0.39,0.68
GOOGL,2026-09-18,2026-12-18,C,550.0,3062,4,0.40772076660156253,0.4,0.35,0.47
GOOGL,2026-09-18,2026-12-18,C,555.0,494,6,0.43237872314453124,0.2,0.09,0.63
GOOGL,2026-09-18,2026-12-18,C,560.0,2599,2,0.437505625,0.3,0.21,0.61
GOOGL,2026-09-18,2026-12-18,C,565.0,205,1,0.442388388671875,0.31,0.03,0.59
GOOGL,2026-09-18,2026-12-18,C,570.0,169,1,0.4458063232421875,0.34,0.02,0.56
GOOGL,2026-09-18,2026-12-18,C,575.0,1018,2,0.42774009765625004,0.28,0.2,0.37
GOOGL,2026-09-18,2026-12-18,C,580.0,182,7,0.4387263159179688,0.28,0.01,0.4
GOOGL,2026-09-18,2026-12-18,C,590.0,216,1,0.4255428540039063,0.25,0.01,0.25
GOOGL,2026-09-18,2026-12-18,C,600.0,822,3,0.437505625,0.19,0.13,0.25
GOOGL,2026-09-18,2026-12-18,C,610.0,2577,1,0.44482977050781247,0.23,0.08,0.23
GOOGL,2026-09-18,2026-12-18,C,620.0,851,1,0.4606987524414063,0.13,0.01,0.25
GOOGL,2026-09-18,2026-12-18,C,630.0,631,2,0.4624077197265626,0.11,0.01,0.21
GOOGL,2026-09-18,2026-12-18,C,640.0,259,1,0.47070841796875,0.11,0.01,0.2
GOOGL,2026-09-18,2026-12-18,C,650.0,98,3,0.481450498046875,0.09,0.01,0.2
GOOGL,2026-09-18,2026-12-18,C,660.0,168,1,0.49170430175781255,0.18,0.01,0.2
GOOGL,2026-09-18,2026-12-18,C,670.0,44,1,0.499028447265625,0.13,0.01,0.19
GOOGL,2026-09-18,2026-12-18,C,680.0,43,2,0.508793974609375,0.08,0.01,0.19
GOOGL,2026-09-18,2026-12-18,C,690.0,21,2,0.5190477783203125,0.08,0.01,0.19
GOOGL,2026-09-18,2026-12-18,C,700.0,67,3,0.5268602001953125,0.08,0.01,0.36
GOOGL,2026-09-18,2026-12-18,C,710.0,182,1,0.5361374511718751,0.16,0.01,0.36
GOOGL,2026-09-18,2026-12-18,C,720.0,229,2,0.5459029785156251,0.08,0.01,0.36
GOOGL,2026-09-18,2026-12-18,C,730.0,113,2,0.5532271240234375,0.08,0.01,0.35
GOOGL,2026-09-18,2026-12-18,C,740.0,30,1,0.5620160986328125,0.14,0.01,0.35
GOOGL,2026-09-18,2026-12-18,C,750.0,162,1,0.50586431640625,0.05,0.01,0.09
GOOGL,2026-09-18,2026-12-18,C,760.0,47,3,0.5410202148437502,0.14,0.01,0.17
GOOGL,2026-09-18,2026-12-18,C,770.0,30,1,0.5488326367187502,0.15,0.01,0.17
GOOGL,2026-09-18,2026-12-18,C,780.0,376,2,0.53320779296875,0.1,0.01,0.1
GOOGL,2026-09-18,2026-12-18,C,790.0,440,2,0.56836369140625,0.05,0.01,0.18
GOOGL,2026-09-18,2026-12-18,C,800.0,878,11,0.5390671093750001,0.05,0.01,0.08
GOOGL,2026-09-18,2026-12-18,P,50.0,500,20,1.203128984375,0.06,0.0,0.02
GOOGL,2026-09-18,2026-12-18,P,55.0,73,5,1.1875040625,0.01,0.0,0.03
GOOGL,2026-09-18,2026-12-18,P,60.0,136,10,1.125004375,0.05,0.0,0.03
GOOGL,2026-09-18,2026-12-18,P,65.0,571,2,1.4150419873046878,0.05,0.0,0.5
GOOGL,2026-09-18,2026-12-18,P,70.0,414,1,1.2675817871093749,0.02,0.0,0.28
GOOGL,2026-09-18,2026-12-18,P,75.0,77,14,1.18359783203125,0.02,0.0,0.22
GOOGL,2026-09-18,2026-12-18,P,80.0,270,17,1.12891060546875,0.02,0.0,0.21
GOOGL,2026-09-18,2026-12-18,P,85.0,740,8,0.9062509375,0.02,0.0,0.03
GOOGL,2026-09-18,2026-12-18,P,90.0,297,20,0.87500125,0.03,0.0,0.03
GOOGL,2026-09-18,2026-12-18,P,95.0,1761,6,0.8437515624999999,0.01,0.0,0.03
GOOGL,2026-09-18,2026-12-18,P,100.0,1031,10,0.8437515624999999,0.02,0.0,0.05
GOOGL,2026-09-18,2026-12-18,P,105.0,1170,1,0.8125018749999999,0.03,0.0,0.05
GOOGL,2026-09-18,2026-12-18,P,110.0,1512,3,0.9257819921875,0.05,0.0,0.29
GOOGL,2026-09-18,2026-12-18,P,115.0,350,1,0.773439765625,0.04,0.01,0.06
GOOGL,2026-09-18,2026-12-18,P,120.0,2269,2,0.7382838671874999,0.05,0.0,0.06
GOOGL,2026-09-18,2026-12-18,P,125.0,1378,4,0.7500025,0.04,0.01,0.1
GOOGL,2026-09-18,2026-12-18,P,130.0,3951,2,0.6953155468750001,0.08,0.01,0.06
GOOGL,2026-09-18,2026-12-18,P,135.0,918,1,0.6601596484375001,0.05,0.01,0.05
GOOGL,2026-09-18,2026-12-18,P,140.0,2703,6,0.6601596484375001,0.03,0.01,0.08
GOOGL,2026-09-18,2026-12-18,P,145.0,733,2,0.6601596484375001,0.05,0.01,0.12
GOOGL,2026-09-18,2026-12-18,P,150.0,3307,2,0.6191444335937502,0.07,0.02,0.08
GOOGL,2026-09-18,2026-12-18,P,155.0,1826,400,0.6074258007812501,0.07,0.02,0.1
GOOGL,2026-09-18,2026-12-18,P,160.0,8807,2,0.59570716796875,0.08,0.03,0.11
GOOGL,2026-09-18,2026-12-18,P,165.0,1049,4,0.58789474609375,0.09,0.01,0.17
GOOGL,2026-09-18,2026-12-18,P,170.0,7137,2,0.5927775097656252,0.08,0.05,0.22
GOOGL,2026-09-18,2026-12-18,P,175.0,1318,2,0.5585981640625001,0.12,0.05,0.17
GOOGL,2026-09-18,2026-12-18,P,180.0,647,1,0.5400436621093752,0.1,0.04,0.19
GOOGL,2026-09-18,2026-12-18,P,185.0,545,251,0.5224657128906249,0.12,0.1,0.14
GOOGL,2026-09-18,2026-12-18,P,190.0,1262,1,0.506840869140625,0.16,0.1,0.16
GOOGL,2026-09-18,2026-12-18,P,195.0,691,1,0.506840869140625,0.22,0.11,0.18
GOOGL,2026-09-18,2026-12-18,P,200.0,3810,5,0.507817421875,0.19,0.12,0.25
GOOGL,2026-09-18,2026-12-18,P,205.0,1669,6,0.485356708984375,0.19,0.14,0.24
GOOGL,2026-09-18,2026-12-18,P,210.0,1101,2,0.4687553125,0.25,0.18,0.25
GOOGL,2026-09-18,2026-12-18,P,215.0,923,5,0.46289599609375004,0.26,0.22,0.31
GOOGL,2026-09-18,2026-12-18,P,220.0,1238,7,0.44775942871093743,0.29,0.22,0.33
GOOGL,2026-09-18,2026-12-18,P,225.0,699,1,0.4721732470703125,0.42,0.08,0.62
GOOGL,2026-09-18,2026-12-18,P,230.0,2022,1,0.4270076831054688,0.41,0.34,0.43
GOOGL,2026-09-18,2026-12-18,P,235.0,2543,1,0.43604079589843747,0.53,0.42,0.65
GOOGL,2026-09-18,2026-12-18,P,240.0,2216,15,0.40991801025390623,0.57,0.49,0.59
GOOGL,2026-09-18,2026-12-18,P,245.0,1488,4,0.4056455920410156,0.62,0.59,0.73
GOOGL,2026-09-18,2026-12-18,P,250.0,5213,12,0.3930724755859375,0.72,0.71,0.8
GOOGL,2026-09-18,2026-12-18,P,255.0,3949,102,0.38623660644531244,0.89,0.85,0.95
GOOGL,2026-09-18,2026-12-18,P,260.0,2470,6,0.3790345300292969,1.08,0.99,1.12
GOOGL,2026-09-18,2026-12-18,P,265.0,2265,11,0.3715883154296875,1.26,1.23,1.31
GOOGL,2026-09-18,2026-12-18,P,270.0,4087,289,0.36463037719726565,1.53,1.5,1.54
GOOGL,2026-09-18,2026-12-18,P,275.0,1736,3,0.36023588989257804,1.77,1.72,1.86
GOOGL,2026-09-18,2026-12-18,P,280.0,5645,70,0.3572451971435546,2.25,2.15,2.27
GOOGL,2026-09-18,2026-12-18,P,285.0,1110,27,0.35144691528320304,2.59,2.56,2.67
GOOGL,2026-09-18,2026-12-18,P,290.0,6194,63,0.3462589788818359,3.0,2.99,3.15
GOOGL,2026-09-18,2026-12-18,P,295.0,1264,19,0.3467472552490234,3.62,3.5,3.9
GOOGL,2026-09-18,2026-12-18,P,300.0,9973,168,0.3389348333740234,4.35,4.2,4.45
GOOGL,2026-09-18,2026-12-18,P,305.0,2999,125,0.3353643124389648,5.05,4.95,5.25
GOOGL,2026-09-18,2026-12-18,P,310.0,3459,119,0.3315801705932617,6.15,5.85,6.15
GOOGL,2026-09-18,2026-12-18,P,315.0,2968,82,0.3284368914794922,7.2,6.9,7.2
GOOGL,2026-09-18,2026-12-18,P,320.0,8039,155,0.3265448205566406,8.35,8.2,8.45
GOOGL,2026-09-18,2026-12-18,P,325.0,2531,113,0.32553775054931633,9.5,9.5,9.9
GOOGL,2026-09-18,2026-12-18,P,330.0,6091,233,0.32263860961914054,10.85,11.1,11.4
GOOGL,2026-09-18,2026-12-18,P,335.0,2326,39,0.3188239505004882,12.56,12.6,13.0
GOOGL,2026-09-18,2026-12-18,P,340.0,2953,58,0.31711498321533205,14.8,14.65,14.9
GOOGL,2026-09-18,2026-12-18,P,345.0,2226,61,0.31580274047851553,16.46,16.7,17.0
GOOGL,2026-09-18,2026-12-18,P,350.0,6039,61,0.3096687686157227,18.95,18.4,18.95
GOOGL,2026-09-18,2026-12-18,P,355.0,1071,43,0.3104011831665039,21.55,20.85,21.55
GOOGL,2026-09-18,2026-12-18,P,360.0,1082,114,0.3085091122436523,23.55,23.45,24.15
GOOGL,2026-09-18,2026-12-18,P,365.0,1694,142,0.3040230731201171,26.1,25.9,26.75
GOOGL,2026-09-18,2026-12-18,P,370.0,982,4,0.30344324493408203,29.38,28.85,29.8
GOOGL,2026-09-18,2026-12-18,P,375.0,478,97,0.3032906585693359,32.18,32.25,33.05
GOOGL,2026-09-18,2026-12-18,P,380.0,1156,95,0.30145962219238287,35.52,35.35,36.35
GOOGL,2026-09-18,2026-12-18,P,385.0,360,1,0.30972980316162113,39.5,37.9,40.45
GOOGL,2026-09-18,2026-12-18,P,390.0,562,3,0.30557945404052733,44.64,41.8,43.9
GOOGL,2026-09-18,2026-12-18,P,395.0,609,4,0.288947540283203,46.6,45.6,46.8
GOOGL,2026-09-18,2026-12-18,P,400.0,1016,46,0.3099434240722656,49.77,49.8,51.95
GOOGL,2026-09-18,2026-12-18,P,405.0,298,3,0.29074805938720694,55.9,53.1,55.05
GOOGL,2026-09-18,2026-12-18,P,410.0,98,3,0.28769633209228507,59.85,57.3,59.15
GOOGL,2026-09-18,2026-12-18,P,415.0,257,3,0.28171494659423824,63.9,62.35,63.25
GOOGL,2026-09-18,2026-12-18,P,420.0,47,2,0.30109341491699215,77.0,66.6,68.45
GOOGL,2026-09-18,2026-12-18,P,425.0,15,10,0.2980416876220703,84.05,69.85,72.8
GOOGL,2026-09-18,2026-12-18,P,430.0,319,2,0.26105475280761714,99.64,74.45,76.25
GOOGL,2026-09-18,2026-12-18,P,435.0,44,1,0.27075924560546877,95.75,78.8,81.2
GOOGL,2026-09-18,2026-12-18,P,440.0,4,5,0.6098671826171876,106.32,100.0,102.65
GOOGL,2026-09-18,2026-12-18,P,445.0,6,2,1.1802409152221678,112.9,141.8,144.45
GOOGL,2026-09-18,2026-12-18,P,450.0,1,1,0.2620923400878906,107.47,94.15,95.4
GOOGL,2026-09-18,2026-12-18,P,455.0,2,4,0.6608615457153321,109.2,114.7,118.4
GOOGL,2026-09-18,2026-12-18,P,460.0,4,4,1.0000000000000003e-05,78.75,94.25,95.65
GOOGL,2026-09-18,2026-12-18,P,465.0,0,3,0.5006153454589843,107.55,114.95,118.5
GOOGL,2026-09-18,2026-12-18,P,470.0,0,3,0.5116015637207032,113.3,119.85,123.45
GOOGL,2026-09-18,2026-12-18,P,475.0,0,670,0.5222826092529296,156.95,124.65,128.5
GOOGL,2026-09-18,2026-12-18,P,480.0,1,1,0.5397995239257813,163.67,129.8,133.8
GOOGL,2026-09-18,2026-12-18,P,485.0,0,2,0.5523726403808593,166.02,134.85,138.8
GOOGL,2026-09-18,2026-12-18,P,490.0,0,106,0.5612226495361328,169.55,139.8,143.6
GOOGL,2026-09-18,2026-12-18,P,495.0,0,0,1.3390841151428219,185.95,191.25,194.6
GOOGL,2026-09-18,2026-12-18,P,500.0,5,6,1.0000000000000003e-05,161.5,137.2,139.85
GOOGL,2026-09-18,2026-12-18,P,505.0,0,1,1.0000000000000003e-05,122.8,0.0,0.0
GOOGL,2026-09-18,2026-12-18,P,510.0,0,0,1.38238834197998,174.64,206.25,209.65
GOOGL,2026-09-18,2026-12-18,P,515.0,3,3,1.0000000000000003e-05,125.25,151.35,153.85
GOOGL,2026-09-18,2026-12-18,P,525.0,0,3,0.6403234210205078,174.3,174.75,178.8
GOOGL,2026-09-18,2026-12-18,P,530.0,0,2,1.0000000000000003e-05,229.35,0.0,0.0
GOOGL,2026-09-18,2026-12-18,P,535.0,0,3,1.0000000000000003e-05,134.25,0.0,0.0
GOOGL,2026-09-18,2026-12-18,P,540.0,0,0,1.4622219271850585,204.35,236.25,239.65
GOOGL,2026-09-18,2026-12-18,P,550.0,0,3,1.0000000000000003e-05,147.7,0.0,0.0
GOOGL,2026-09-18,2026-12-18,P,555.0,0,3,1.0000000000000003e-05,168.8,0.0,0.0
GOOGL,2026-09-18,2026-12-18,P,560.0,0,0,1.0000000000000003e-05,173.45,0.0,0.0
GOOGL,2026-09-18,2026-12-18,P,570.0,0,2,0.7283962707519531,211.85,219.75,223.8
GOOGL,2026-09-18,2026-12-18,P,575.0,0,0,1.5466331262207031,265.5,271.25,274.65
GOOGL,2026-09-18,2026-12-18,P,600.0,0,0,1.0000000000000003e-05,203.24,226.5,229.5
GOOGL,2026-09-18,2026-12-18,P,740.0,0,0,0.9876099871826172,386.85,389.75,393.85
GOOGL,2026-09-18,2026-12-18,P,780.0,0,0,1.2855870681762696,454.43,439.5,443.35
GOOGL,2026-09-18,2027-01-15,C,5.0,3156,5,4.267582790527343,350.91,349.5,352.9
GOOGL,2026-09-18,2027-01-15,C,10.0,7,14,0.0,307.4,384.7,388.45
GOOGL,2026-09-18,2027-01-15,C,15.0,0,1,1.0000000000000003e-05,370.98,0.0,0.0
GOOGL,2026-09-18,2027-01-15,C,20.0,4,1,2.6025425561523434,323.29,334.65,337.85
GOOGL,2026-09-18,2027-01-15,C,25.0,0,1,1.0000000000000003e-05,280.5,0.0,0.0
GOOGL,2026-09-18,2027-01-15,C,30.0,3,1,2.2504926550292965,324.22,324.65,328.15
GOOGL,2026-09-18,2027-01-15,C,35.0,2,1,2.1142625268554687,320.85,319.7,323.2
GOOGL,2026-09-18,2027-01-15,C,40.0,7,1,1.9990234423828124,314.4,314.7,318.3
GOOGL,2026-09-18,2027-01-15,C,45.0,4,1,1.0000000000000003e-05,279.5,301.6,305.75
GOOGL,2026-09-18,2027-01-15,C,50.0,553,1,1.839356271972656,303.1,305.05,308.4
GOOGL,2026-09-18,2027-01-15,C,55.0,221,2,1.7524426440429686,300.41,300.15,303.35
GOOGL,2026-09-18,2027-01-15,C,60.0,167,4,1.6987319750976564,286.81,295.25,298.55
GOOGL,2026-09-18,2027-01-15,C,65.0,739,1,1.6259784326171873,278.83,290.25,293.6
GOOGL,2026-09-18,2027-01-15,C,70.0,104,2,1.5551780053710935,285.59,285.3,288.55
GOOGL,2026-09-18,2027-01-15,C,75.0,227,2,1.0000000000000003e-05,281.58,272.7,276.25
GOOGL,2026-09-18,2027-01-15,C,80.0,57,1,1.4482449462890625,251.73,275.4,278.7
GOOGL,2026-09-18,2027-01-15,C,85.0,46,1,1.3872100952148436,260.42,270.3,273.75
GOOGL,2026-09-18,2027-01-15,C,90.0,84,2,1.3703644763183593,261.26,265.6,269.0
GOOGL,2026-09-18,2027-01-15,C,95.0,0,1,1.0000000000000003e-05,308.65,0.0,0.0
GOOGL,2026-09-18,2027-01-15,C,100.0,414,4,1.2841832666015622,244.45,255.8,259.05
GOOGL,2026-09-18,2027-01-15,C,105.0,67,1,1.2346229675292966,239.72,250.7,254.1
GOOGL,2026-09-18,2027-01-15,C,110.0,165,10,1.2033731237792966,234.33,245.9,249.15
GOOGL,2026-09-18,2027-01-15,C,115.0,166,2,1.17810469543457,236.65,241.05,244.35
GOOGL,2026-09-18,2027-01-15,C,120.0,156,1,1.1550335217285155,232.86,236.2,239.6
GOOGL,2026-09-18,2027-01-15,C,125.0,138,1,1.1193891687011717,209.0,231.2,234.7
GOOGL,2026-09-18,2027-01-15,C,130.0,289,2,1.0828903277587891,210.8,226.35,229.6
GOOGL,2026-09-18,2027-01-15,C,135.0,159,1,1.0000000000000003e-05,242.6,203.95,207.75
GOOGL,2026-09-18,2027-01-15,C,140.0,304,3,1.023686522216797,216.85,216.4,219.9
GOOGL,2026-09-18,2027-01-15,C,145.0,287,2,0.9852296398925782,195.67,211.55,214.65
GOOGL,2026-09-18,2027-01-15,C,150.0,4704,1,0.9589847851562499,206.1,206.65,209.75
GOOGL,2026-09-18,2027-01-15,C,155.0,1049,2,0.9382330395507812,202.06,201.7,205.05
GOOGL,2026-09-18,2027-01-15,C,160.0,1151,2,0.9097909411621092,193.5,196.8,200.05
GOOGL,2026-09-18,2027-01-15,C,165.0,1217,3,0.9014902429199219,175.99,192.4,195.2
GOOGL,2026-09-18,2027-01-15,C,170.0,1400,1,0.8564467480468749,190.0,186.8,190.3
GOOGL,2026-09-18,2027-01-15,C,175.0,1561,1,0.8343522424316405,173.0,182.1,185.25
GOOGL,2026-09-18,2027-01-15,C,180.0,1374,9,0.8151873950195312,173.32,177.2,180.5
GOOGL,2026-09-18,2027-01-15,C,185.0,699,3,0.8034687622070311,157.27,172.75,175.6
GOOGL,2026-09-18,2027-01-15,C,190.0,770,6,0.7695335546875001,163.29,167.45,170.65
GOOGL,2026-09-18,2027-01-15,C,195.0,683,2,0.7578149218750001,167.32,163.0,165.75
GOOGL,2026-09-18,2027-01-15,C,200.0,5351,2,0.7365748999023438,149.5,158.1,160.9
GOOGL,2026-09-18,2027-01-15,C,205.0,572,2,0.7145414288330079,129.43,153.2,156.0
GOOGL,2026-09-18,2027-01-15,C,210.0,1379,2,0.6815217395019533,141.01,147.75,151.1
GOOGL,2026-09-18,2027-01-15,C,215.0,1069,8,0.6645541357421877,132.57,143.0,146.25
GOOGL,2026-09-18,2027-01-15,C,220.0,2673,2,0.6512486047363282,139.72,138.6,141.25
GOOGL,2026-09-18,2027-01-15,C,225.0,1500,1,0.6329992755126954,134.4,133.7,136.5
GOOGL,2026-09-18,2027-01-15,C,230.0,1460,1,0.6130409790039064,117.8,128.9,131.55
GOOGL,2026-09-18,2027-01-15,C,235.0,1043,1,0.5907633697509767,109.35,123.7,126.85
GOOGL,2026-09-18,2027-01-15,C,240.0,2245,4,0.5759930096435546,122.35,119.25,121.85
GOOGL,2026-09-18,2027-01-15,C,245.0,1361,1,0.5571333349609376,108.68,114.25,117.15
GOOGL,2026-09-18,2027-01-15,C,250.0,12034,2,0.5316819293212891,108.45,109.55,111.7
GOOGL,2026-09-18,2027-01-15,C,255.0,2357,1,0.5237474383544922,106.65,104.75,107.55
GOOGL,2026-09-18,2027-01-15,C,260.0,2884,1,0.5199938137817383,96.69,100.95,102.8
GOOGL,2026-09-18,2027-01-15,C,265.0,5009,5,0.5313462393188476,95.61,95.45,98.3
GOOGL,2026-09-18,2027-01-15,C,270.0,2367,7,0.5142260491943358,93.0,91.25,93.6
GOOGL,2026-09-18,2027-01-15,C,275.0,2667,1,0.5055591436767577,88.13,86.1,89.3
GOOGL,2026-09-18,2027-01-15,C,280.0,2925,3,0.4752554916381836,82.83,82.6,84.0
GOOGL,2026-09-18,2027-01-15,C,285.0,744,6,0.476567734375,77.84,78.0,80.25
GOOGL,2026-09-18,2027-01-15,C,290.0,1735,3,0.459966337890625,70.5,73.75,75.65
GOOGL,2026-09-18,2027-01-15,C,295.0,1443,3,0.4511468460083008,68.19,69.55,71.5
GOOGL,2026-09-18,2027-01-15,C,300.0,6865,33,0.4291744094848633,66.3,65.4,66.65
GOOGL,2026-09-18,2027-01-15,C,305.0,1904,3,0.4378413150024414,62.6,60.7,63.65
GOOGL,2026-09-18,2027-01-15,C,310.0,4527,2,0.4155331884765625,58.47,57.1,58.85
GOOGL,2026-09-18,2027-01-15,C,315.0,2139,1,0.4037535211181641,52.34,53.5,54.75
GOOGL,2026-09-18,2027-01-15,C,320.0,4059,16,0.40500472930908205,52.0,50.25,51.6
GOOGL,2026-09-18,2027-01-15,C,325.0,1620,21,0.4022276574707031,48.0,46.85,48.3
GOOGL,2026-09-18,2027-01-15,C,330.0,3248,47,0.386175571899414,43.5,42.5,44.15
GOOGL,2026-09-18,2027-01-15,C,335.0,1572,9,0.38262030960083,41.5,39.9,41.0
GOOGL,2026-09-18,2027-01-15,C,340.0,3875,93,0.3781190118408203,37.78,36.6,37.9
GOOGL,2026-09-18,2027-01-15,C,345.0,1800,53,0.3720613331604004,34.82,34.25,34.8
GOOGL,2026-09-18,2027-01-15,C,350.0,24488,1039,0.3682619326782227,31.54,31.15,32.0
GOOGL,2026-09-18,2027-01-15,C,355.0,2225,500,0.36597313720703123,29.34,28.8,29.45
GOOGL,2026-09-18,2027-01-15,C,360.0,14887,321,0.36203640899658207,26.81,26.3,26.9
GOOGL,2026-09-18,2027-01-15,C,365.0,2478,57,0.3602053726196288,25.0,24.2,24.65
GOOGL,2026-09-18,2027-01-15,C,370.0,9374,70,0.3567264035034179,22.53,22.1,22.4
GOOGL,2026-09-18,2027-01-15,C,375.0,3785,144,0.35729097305297847,20.65,20.15,20.6
GOOGL,2026-09-18,2027-01-15,C,380.0,12355,231,0.3556430403137207,18.7,18.3,18.75
GOOGL,2026-09-18,2027-01-15,C,385.0,1946,36,0.35109596664428705,17.1,16.45,16.8
GOOGL,2026-09-18,2027-01-15,C,390.0,9027,461,0.35216407119750975,15.49,15.1,15.4
GOOGL,2026-09-18,2027-01-15,C,395.0,1954,618,0.35315588256835934,14.0,13.15,14.1
GOOGL,2026-09-18,2027-01-15,C,400.0,22352,1329,0.34992105163574216,12.45,12.35,12.6
GOOGL,2026-09-18,2027-01-15,C,405.0,4019,53,0.35016518981933586,11.62,11.1,11.45
GOOGL,2026-09-18,2027-01-15,C,410.0,10023,55,0.34671673797607416,10.3,9.85,10.15
GOOGL,2026-09-18,2027-01-15,C,415.0,2085,24,0.34635053070068356,9.35,8.9,9.15
GOOGL,2026-09-18,2027-01-15,C,420.0,4149,350,0.34705242797851554,8.35,8.0,8.3
GOOGL,2026-09-18,2027-01-15,C,425.0,1886,75,0.3465031170654296,7.59,7.25,7.45
GOOGL,2026-09-18,2027-01-15,C,430.0,4124,29,0.346411565246582,6.66,6.45,6.7
GOOGL,2026-09-18,2027-01-15,C,435.0,1797,7,0.3479069116210937,6.15,5.95,6.1
GOOGL,2026-09-18,2027-01-15,C,440.0,7716,184,0.3523319161987304,5.36,5.3,5.7
GOOGL,2026-09-18,2027-01-15,C,445.0,674,135,0.34967691345214835,4.95,4.75,5.0
GOOGL,2026-09-18,2027-01-15,C,450.0,14425,302,0.3511417425537109,4.4,4.25,4.55
GOOGL,2026-09-18,2027-01-15,C,455.0,1181,32,0.3528507098388671,3.25,3.85,4.15
GOOGL,2026-09-18,2027-01-15,C,460.0,1007,27,0.3523624334716796,3.31,3.35,3.7
GOOGL,2026-09-18,2027-01-15,C,465.0,701,3,0.3534000207519531,3.25,3.05,3.35
GOOGL,2026-09-18,2027-01-15,C,470.0,1141,52,0.35346105529785155,2.94,2.72,3.0
GOOGL,2026-09-18,2027-01-15,C,475.0,2639,4,0.3540103662109374,2.61,2.58,2.7
GOOGL,2026-09-18,2027-01-15,C,480.0,1179,7,0.35596347167968745,2.15,2.12,2.47
GOOGL,2026-09-18,2027-01-15,C,485.0,643,1,0.35712312805175783,2.1,2.1,2.24
GOOGL,2026-09-18,2027-01-15,C,490.0,719,2,0.35785554260253905,1.91,1.92,2.02
GOOGL,2026-09-18,2027-01-15,C,495.0,358,53,0.3605410626220703,1.5,1.55,1.87
GOOGL,2026-09-18,2027-01-15,C,500.0,3957,36,0.3613955462646484,1.61,1.59,1.69
GOOGL,2026-09-18,2027-01-15,C,505.0,866,9,0.37201555725097657,1.36,1.44,1.75
GOOGL,2026-09-18,2027-01-15,C,510.0,2555,1,0.3640200317382813,1.38,1.31,1.4
GOOGL,2026-09-18,2027-01-15,C,515.0,771,2,0.36664451721191404,1.16,1.17,1.3
GOOGL,2026-09-18,2027-01-15,C,520.0,651,57,0.3682314154052735,1.13,1.07,1.19
GOOGL,2026-09-18,2027-01-15,C,525.0,1640,8,0.36975727905273437,1.07,1.02,1.09
GOOGL,2026-09-18,2027-01-15,C,530.0,1108,185,0.3726869372558594,0.98,0.93,1.02
GOOGL,2026-09-18,2027-01-15,C,535.0,533,1,0.37317521362304684,0.76,0.85,0.92
GOOGL,2026-09-18,2027-01-15,C,540.0,442,2,0.3758607336425781,0.81,0.79,0.86
GOOGL,2026-09-18,2027-01-15,C,545.0,394,2,0.37744763183593744,0.76,0.71,0.79
GOOGL,2026-09-18,2027-01-15,C,550.0,677,2,0.38013315185546875,0.7,0.66,0.74
GOOGL,2026-09-18,2027-01-15,C,555.0,162,7,0.38233039550781245,0.65,0.61,0.69
GOOGL,2026-09-18,2027-01-15,C,560.0,260,2,0.3833069482421875,0.62,0.57,0.63
GOOGL,2026-09-18,2027-01-15,C,565.0,745,1,0.38672488281249995,0.47,0.52,0.6
GOOGL,2026-09-18,2027-01-15,C,570.0,291,1,0.3869690209960937,0.43,0.32,0.54
GOOGL,2026-09-18,2027-01-15,C,575.0,150,2,0.389654541015625,0.5,0.42,0.51
GOOGL,2026-09-18,2027-01-15,C,580.0,1598,5,0.3920959228515625,0.45,0.34,0.48
GOOGL,2026-09-18,2027-01-15,C,590.0,567,2,0.39624627197265627,0.39,0.27,0.42
GOOGL,2026-09-18,2027-01-15,C,600.0,3343,1,0.4018614501953125,0.38,0.31,0.38
GOOGL,2026-09-18,2027-01-15,C,610.0,134,5,0.40820904296875,0.3,0.18,0.35
GOOGL,2026-09-18,2027-01-15,C,620.0,320,5,0.4440973559570312,0.17,0.05,0.55
GOOGL,2026-09-18,2027-01-15,C,630.0,305,5,0.4523980541992188,0.26,0.03,0.53
GOOGL,2026-09-18,2027-01-15,C,640.0,513,2,0.42676354492187507,0.21,0.11,0.28
GOOGL,2026-09-18,2027-01-15,C,650.0,4322,34,0.41992767578125,0.19,0.17,0.2
GOOGL,2026-09-18,2027-01-15,C,660.0,332,1,0.44922425781249997,0.17,0.01,0.3
GOOGL,2026-09-18,2027-01-15,C,670.0,423,1,0.4467828759765625,0.13,0.01,0.24
GOOGL,2026-09-18,2027-01-15,C,680.0,125,1,0.4580132324218751,0.18,0.11,0.25
GOOGL,2026-09-18,2027-01-15,C,690.0,181,1,0.45752495605468757,0.13,0.01,0.21
GOOGL,2026-09-18,2027-01-15,C,700.0,155,1,0.485356708984375,0.12,0.01,0.3
GOOGL,2026-09-18,2027-01-15,C,710.0,54,1,0.47412635253906255,0.12,0.01,0.21
GOOGL,2026-09-18,2027-01-15,C,720.0,175,1,0.47998566894531247,0.13,0.01,0.2
GOOGL,2026-09-18,2027-01-15,C,730.0,50,3,0.48779809082031256,0.09,0.01,0.2
GOOGL,2026-09-18,2027-01-15,C,740.0,44,10,0.49561051269531253,0.1,0.01,0.2
GOOGL,2026-09-18,2027-01-15,C,750.0,269,1,0.5161181201171875,0.09,0.01,0.25
GOOGL,2026-09-18,2027-01-15,C,760.0,475,1,0.5112353564453125,0.21,0.02,0.2
GOOGL,2026-09-18,2027-01-15,C,770.0,107,1,0.51758294921875,0.12,0.01,0.38
GOOGL,2026-09-18,2027-01-15,C,780.0,127,1,0.495122236328125,0.13,0.01,0.11
GOOGL,2026-09-18,2027-01-15,C,790.0,215,5,0.48730981445312505,0.13,0.01,0.08
GOOGL,2026-09-18,2027-01-15,C,800.0,5547,20,0.49414568359375005,0.05,0.01,0.08
GOOGL,2026-09-18,2027-01-15,P,5.0,327,1,2.2500043749999996,0.01,0.0,0.01
GOOGL,2026-09-18,2027-01-15,P,10.0,208,2,1.875000625,0.08,0.0,0.01
GOOGL,2026-09-18,2027-01-15,P,15.0,12,1,1.625001875,0.1,0.0,0.01
GOOGL,2026-09-18,2027-01-15,P,20.0,222,2,1.5000025,0.11,0.0,0.01
GOOGL,2026-09-18,2027-01-15,P,25.0,10,6,1.3750031249999999,0.06,0.0,0.01
GOOGL,2026-09-18,2027-01-15,P,30.0,41,3,1.2500037499999999,0.06,0.0,0.01
GOOGL,2026-09-18,2027-01-15,P,35.0,21,1,1.1875040625,0.11,0.0,0.01
GOOGL,2026-09-18,2027-01-15,P,40.0,10,2,1.171879140625,0.06,0.0,0.02
GOOGL,2026-09-18,2027-01-15,P,45.0,23,5,1.109379453125,0.06,0.0,0.02
GOOGL,2026-09-18,2027-01-15,P,50.0,336,1,1.0859420703125,0.01,0.0,0.03
GOOGL,2026-09-18,2027-01-15,P,55.0,80,2,1.0312548437500002,0.08,0.0,0.03
GOOGL,2026-09-18,2027-01-15,P,60.0,0,3,0.500005,0.03,0.0,0.0
GOOGL,2026-09-18,2027-01-15,P,65.0,114,3,1.125004375,0.08,0.0,0.22
GOOGL,2026-09-18,2027-01-15,P,70.0,1443,3,0.9960937890625,0.03,0.0,0.1
GOOGL,2026-09-18,2027-01-15,P,75.0,448,7,0.9531254687499999,0.07,0.0,0.1
GOOGL,2026-09-18,2027-01-15,P,80.0,243,1,0.914063359375,0.1,0.0,0.1
GOOGL,2026-09-18,2027-01-15,P,85.0,551,1,0.8789074609374999,0.02,0.0,0.1
GOOGL,2026-09-18,2027-01-15,P,90.0,2301,8,0.914063359375,0.02,0.0,0.22
GOOGL,2026-09-18,2027-01-15,P,95.0,849,1,0.8789074609374999,0.13,0.0,0.22
GOOGL,2026-09-18,2027-01-15,P,100.0,5242,2,0.7460962890625,0.03,0.01,0.05
GOOGL,2026-09-18,2027-01-15,P,105.0,560,6,0.7070341796875,0.03,0.01,0.04
GOOGL,2026-09-18,2027-01-15,P,110.0,1317,2,0.7187528125,0.04,0.01,0.08
GOOGL,2026-09-18,2027-01-15,P,115.0,1730,2,0.6914093359375001,0.08,0.01,0.08
GOOGL,2026-09-18,2027-01-15,P,120.0,4920,1,0.6660189648437502,0.04,0.01,0.08
GOOGL,2026-09-18,2027-01-15,P,125.0,2325,6,0.6425816992187501,0.05,0.01,0.08
GOOGL,2026-09-18,2027-01-15,P,130.0,5487,2,0.6132851171875001,0.04,0.01,0.07
GOOGL,2026-09-18,2027-01-15,P,135.0,2276,3,0.5976602734375001,0.05,0.01,0.08
GOOGL,2026-09-18,2027-01-15,P,140.0,4861,2,0.59570716796875,0.08,0.03,0.1
GOOGL,2026-09-18,2027-01-15,P,145.0,1777,1,0.586918193359375,0.08,0.01,0.15
GOOGL,2026-09-18,2027-01-15,P,150.0,7361,2,0.5664105859375,0.12,0.06,0.1
GOOGL,2026-09-18,2027-01-15,P,155.0,7267,1,0.5488326367187502,0.09,0.01,0.16
GOOGL,2026-09-18,2027-01-15,P,160.0,3294,2,0.532231240234375,0.12,0.02,0.16
GOOGL,2026-09-18,2027-01-15,P,165.0,1342,2,0.524418818359375,0.13,0.02,0.2
GOOGL,2026-09-18,2027-01-15,P,170.0,754,2,0.52539537109375,0.1,0.08,0.23
GOOGL,2026-09-18,2027-01-15,P,175.0,7446,2,0.5039112109375,0.16,0.11,0.19
GOOGL,2026-09-18,2027-01-15,P,180.0,3837,2,0.5024463818359376,0.12,0.12,0.2
GOOGL,2026-09-18,2027-01-15,P,185.0,1049,2,0.49219257812500006,0.13,0.12,0.23
GOOGL,2026-09-18,2027-01-15,P,190.0,2475,2,0.4907277490234375,0.17,0.11,0.3
GOOGL,2026-09-18,2027-01-15,P,195.0,660,2,0.5117236328125,0.2,0.04,0.53
GOOGL,2026-09-18,2027-01-15,P,200.0,11553,3,0.4497125341796875,0.25,0.16,0.28
GOOGL,2026-09-18,2027-01-15,P,205.0,1933,2,0.48242705078125003,0.36,0.08,0.6
GOOGL,2026-09-18,2027-01-15,P,210.0,1215,23,0.42969320312500003,0.41,0.3,0.36
GOOGL,2026-09-18,2027-01-15,P,215.0,617,16,0.42017181396484377,0.42,0.32,0.41
GOOGL,2026-09-18,2027-01-15,P,220.0,2165,17,0.41138283935546877,0.43,0.4,0.47
GOOGL,2026-09-18,2027-01-15,P,225.0,2595,17,0.4028380029296875,0.53,0.46,0.54
GOOGL,2026-09-18,2027-01-15,P,230.0,3561,20,0.3942931665039063,0.6,0.55,0.62
GOOGL,2026-09-18,2027-01-15,P,235.0,1336,1,0.387701435546875,0.73,0.65,0.73
GOOGL,2026-09-18,2027-01-15,P,240.0,5681,1,0.38147591186523433,0.87,0.76,0.86
GOOGL,2026-09-18,2027-01-15,P,245.0,2311,1,0.37525038818359374,1.0,0.82,1.01
GOOGL,2026-09-18,2027-01-15,P,250.0,10580,26,0.3687807263183594,1.09,1.09,1.18
GOOGL,2026-09-18,2027-01-15,P,255.0,2599,10,0.3631655480957031,1.3,1.29,1.39
GOOGL,2026-09-18,2027-01-15,P,260.0,5002,1,0.3580386462402344,1.54,1.56,1.64
GOOGL,2026-09-18,2027-01-15,P,265.0,8605,2,0.35388829711914055,1.86,1.79,1.95
GOOGL,2026-09-18,2027-01-15,P,270.0,4100,65,0.3493717407226562,2.55,2.22,2.3
GOOGL,2026-09-18,2027-01-15,P,275.0,3087,6,0.3448551843261719,2.65,2.52,2.7
GOOGL,2026-09-18,2027-01-15,P,280.0,8199,31,0.34168138793945313,3.05,3.0,3.2
GOOGL,2026-09-18,2027-01-15,P,285.0,5201,54,0.3378362115478516,3.65,3.5,3.75
GOOGL,2026-09-18,2027-01-15,P,290.0,4557,26,0.3346624151611328,4.3,4.2,4.4
GOOGL,2026-09-18,2027-01-15,P,295.0,2954,124,0.329535513305664,4.94,4.9,5.05
GOOGL,2026-09-18,2027-01-15,P,300.0,13794,88,0.32794861511230466,5.7,5.65,5.95
GOOGL,2026-09-18,2027-01-15,P,305.0,3479,14,0.32416447326660147,6.65,6.55,6.85
GOOGL,2026-09-18,2027-01-15,P,310.0,7323,65,0.3212348150634765,7.7,7.6,7.9
GOOGL,2026-09-18,2027-01-15,P,315.0,4440,53,0.31711498321533205,8.85,8.65,9.0
GOOGL,2026-09-18,2027-01-15,P,320.0,7608,88,0.3174506732177734,10.3,10.05,10.5
GOOGL,2026-09-18,2027-01-15,P,325.0,3496,43,0.31250687499999996,11.5,11.3,11.8
GOOGL,2026-09-18,2027-01-15,P,330.0,11422,139,0.31001971725463867,13.0,12.85,13.4
GOOGL,2026-09-18,2027-01-15,P,335.0,2379,18,0.3075630767822265,14.75,14.5,15.15
GOOGL,2026-09-18,2027-01-15,P,340.0,4794,92,0.307074800415039,16.6,16.85,17.2
GOOGL,2026-09-18,2027-01-15,P,345.0,2209,7,0.303168589477539,18.67,18.55,19.15
GOOGL,2026-09-18,2027-01-15,P,350.0,5575,206,0.30109341491699215,21.2,21.0,21.4
GOOGL,2026-09-18,2027-01-15,P,355.0,3436,167,0.30011686218261713,23.2,23.4,23.9
GOOGL,2026-09-18,2027-01-15,P,360.0,3279,43,0.3046029013061523,25.75,26.1,27.0
GOOGL,2026-09-18,2027-01-15,P,365.0,1079,10,0.29584444396972653,28.73,28.6,29.2
GOOGL,2026-09-18,2027-01-15,P,370.0,3752,3,0.29694306579589835,31.9,31.4,32.35
GOOGL,2026-09-18,2027-01-15,P,375.0,1166,3,0.2948678912353515,34.8,33.8,35.4
GOOGL,2026-09-18,2027-01-15,P,380.0,3797,3,0.28815409118652335,38.2,37.3,38.25
GOOGL,2026-09-18,2027-01-15,P,385.0,1018,1,0.2831797756958008,41.9,40.45,41.4
GOOGL,2026-09-18,2027-01-15,P,390.0,1224,48,0.2851023638916015,47.65,43.55,45.2
GOOGL,2026-09-18,2027-01-15,P,395.0,369,2,0.2838206384277343,56.0,47.25,48.9
GOOGL,2026-09-18,2027-01-15,P,400.0,1158,3,0.2883066775512695,53.6,51.85,53.1
GOOGL,2026-09-18,2027-01-15,P,405.0,412,2,0.27924304748535156,64.5,55.4,56.55
GOOGL,2026-09-18,2027-01-15,P,410.0,618,4,0.2750011465454102,61.15,59.1,60.45
GOOGL,2026-09-18,2027-01-15,P,415.0,77,19,0.288947540283203,88.22,62.4,65.45
GOOGL,2026-09-18,2027-01-15,P,420.0,252,1,0.28919167846679683,67.73,67.8,69.75
GOOGL,2026-09-18,2027-01-15,P,425.0,98,10,0.2612073391723633,87.7,71.6,72.85
GOOGL,2026-09-18,2027-01-15,P,430.0,97,1,0.25757578369140627,95.25,75.85,77.25
GOOGL,2026-09-18,2027-01-15,P,435.0,55,11,0.2686230364990234,95.7,80.05,82.25
GOOGL,2026-09-18,2027-01-15,P,440.0,110,1,0.2794261511230468,102.38,85.3,87.25
GOOGL,2026-09-18,2027-01-15,P,445.0,24,20,0.2399978344726562,96.95,90.3,90.8
GOOGL,2026-09-18,2027-01-15,P,450.0,52,1,0.23963162719726558,102.97,93.45,95.6
GOOGL,2026-09-18,2027-01-15,P,455.0,12,12,0.4652763433837891,104.55,105.65,109.55
GOOGL,2026-09-18,2027-01-15,P,460.0,18,11,0.25714854187011715,114.56,102.85,105.6
GOOGL,2026-09-18,2027-01-15,P,465.0,0,11,0.2401199035644531,110.5,107.7,110.2
GOOGL,2026-09-18,2027-01-15,P,470.0,0,342,0.4910939562988281,151.95,120.05,124.0
GOOGL,2026-09-18,2027-01-15,P,475.0,0,2,0.49408464904785165,155.37,124.9,128.55
GOOGL,2026-09-18,2027-01-15,P,480.0,0,3,0.5098315618896485,117.15,129.9,133.8
GOOGL,2026-09-18,2027-01-15,P,485.0,0,0,0.6501805001831055,123.83,144.6,148.35
GOOGL,2026-09-18,2027-01-15,P,490.0,0,1,0.31464308410644526,134.75,132.45,135.75
GOOGL,2026-09-18,2027-01-15,P,495.0,0,0,0.7207669525146485,177.8,157.5,161.65
GOOGL,2026-09-18,2027-01-15,P,500.0,0,25,0.6837189831542969,168.27,159.5,163.35
GOOGL,2026-09-18,2027-01-15,P,515.0,0,2,1.0000000000000003e-05,149.75,0.0,0.0
GOOGL,2026-09-18,2027-01-15,P,525.0,0,1,1.0000000000000003e-05,166.8,153.1,156.55
GOOGL,2026-09-18,2027-01-15,P,530.0,3,3,1.0000000000000003e-05,143.1,165.9,168.6
GOOGL,2026-09-18,2027-01-15,P,535.0,0,20,1.0586289744567872,188.08,215.1,219.25
GOOGL,2026-09-18,2027-01-15,P,540.0,0,0,1.218265627441406,204.48,231.0,236.0
GOOGL,2026-09-18,2027-01-15,P,545.0,2,3,1.0000000000000003e-05,147.0,171.7,173.75
GOOGL,2026-09-18,2027-01-15,P,565.0,0,0,0.7396571444702148,218.03,220.1,224.3
GOOGL,2026-09-18,2027-01-15,P,575.0,0,1,0.6391637646484375,255.13,224.85,228.35
GOOGL,2026-09-18,2027-01-15,P,600.0,0,0,1.2501563371276854,279.5,284.5,289.0
GOOGL,2026-09-18,2027-01-15,P,640.0,0,0,0.959839268798828,323.0,300.5,304.8
GOOGL,2026-09-18,2027-01-15,P,650.0,0,3,1.0000000000000003e-05,375.46,0.0,0.0
