ticker,date,expiry,type,strike,oi,volume,iv,last,bid,ask
GOOGL,2026-09-24,2026-09-25,C,100.0,11,5,10.687503320312501,243.55,243.0,244.4
GOOGL,2026-09-24,2026-09-25,C,105.0,8,5,10.285159821777345,238.62,238.35,239.4
GOOGL,2026-09-24,2026-09-25,C,110.0,2,7,7.312500859375,231.87,233.0,234.9
GOOGL,2026-09-24,2026-09-25,C,115.0,0,8,9.914066303710937,228.05,228.0,231.1
GOOGL,2026-09-24,2026-09-25,C,120.0,1,3,8.89844193847656,223.33,223.0,225.6
GOOGL,2026-09-24,2026-09-25,C,125.0,5,5,8.64844209472656,218.4,218.0,220.65
GOOGL,2026-09-24,2026-09-25,C,130.0,5,8,8.820316987304688,212.92,213.0,216.05
GOOGL,2026-09-24,2026-09-25,C,135.0,0,6,8.218754863281248,208.31,208.0,210.8
GOOGL,2026-09-24,2026-09-25,C,150.0,2,2,7.125001093750001,193.63,193.0,195.6
GOOGL,2026-09-24,2026-09-25,C,155.0,1,3,6.863282670898437,188.7,188.0,190.6
GOOGL,2026-09-24,2026-09-25,C,160.0,1,4,6.613282983398438,183.48,183.0,185.6
GOOGL,2026-09-24,2026-09-25,C,165.0,1,5,6.894532631835938,178.16,178.0,181.15
GOOGL,2026-09-24,2026-09-25,C,180.0,1,2,6.11523673095703,164.33,163.0,166.1
GOOGL,2026-09-24,2026-09-25,C,190.0,2,1,5.691409135742187,165.85,153.0,156.15
GOOGL,2026-09-24,2026-09-25,C,195.0,2,1,5.253909682617186,160.82,148.05,150.8
GOOGL,2026-09-24,2026-09-25,C,200.0,3,2,4.375004531249999,144.86,143.4,144.8
GOOGL,2026-09-24,2026-09-25,C,205.0,7,2,4.265629667968749,139.29,137.95,140.3
GOOGL,2026-09-24,2026-09-25,C,210.0,3,4,4.527348090820313,143.47,133.0,135.7
GOOGL,2026-09-24,2026-09-25,C,220.0,1,0,3.3359391601562494,118.48,123.1,124.9
GOOGL,2026-09-24,2026-09-25,C,225.0,5,1,4.2089891137695306,113.67,118.0,121.1
GOOGL,2026-09-24,2026-09-25,C,230.0,6,1,3.99218751953125,112.3,113.0,116.05
GOOGL,2026-09-24,2026-09-25,C,235.0,11,1,3.5683604541015628,106.73,108.0,110.65
GOOGL,2026-09-24,2026-09-25,C,240.0,10,1,3.488282529296875,101.97,103.0,105.8
GOOGL,2026-09-24,2026-09-25,C,250.0,11,11,3.3125017187499997,89.56,93.0,96.15
GOOGL,2026-09-24,2026-09-25,C,255.0,10,1,2.9199245751953127,86.72,88.45,90.25
GOOGL,2026-09-24,2026-09-25,C,260.0,18,1,2.8554716113281247,82.55,83.55,85.35
GOOGL,2026-09-24,2026-09-25,C,265.0,3,2,2.642581518554688,76.73,78.0,80.8
GOOGL,2026-09-24,2026-09-25,C,270.0,5,4,2.480472548828125,71.75,73.0,75.8
GOOGL,2026-09-24,2026-09-25,C,275.0,12,3,2.253910615234375,66.77,68.0,70.65
GOOGL,2026-09-24,2026-09-25,C,280.0,105,1,2.076176684570312,61.3,63.0,65.6
GOOGL,2026-09-24,2026-09-25,C,285.0,19,6,2.172856130371094,59.65,58.7,60.6
GOOGL,2026-09-24,2026-09-25,C,290.0,50,6,2.113285966796875,54.67,54.05,55.65
GOOGL,2026-09-24,2026-09-25,C,295.0,75,111,1.7578137109375,49.53,48.9,50.1
GOOGL,2026-09-24,2026-09-25,C,300.0,168,123,1.1015669921875002,44.55,42.95,45.0
GOOGL,2026-09-24,2026-09-25,C,305.0,51,9,1.0312548437500002,38.78,38.45,39.55
GOOGL,2026-09-24,2026-09-25,C,310.0,49,1,0.9101571484375,31.88,33.1,34.9
GOOGL,2026-09-24,2026-09-25,C,312.5,12,2,1.1816447167968749,26.27,30.5,33.4
GOOGL,2026-09-24,2026-09-25,C,315.0,60,35,0.89257919921875,29.15,28.7,29.5
GOOGL,2026-09-24,2026-09-25,C,317.5,10,8,1.0859420703125,26.25,26.1,28.1
GOOGL,2026-09-24,2026-09-25,C,320.0,67,14,0.9345709667968749,23.6,23.7,25.15
GOOGL,2026-09-24,2026-09-25,C,322.5,30,22,0.6718782812500002,21.18,20.8,22.35
GOOGL,2026-09-24,2026-09-25,C,325.0,162,3,0.73633076171875,18.63,18.1,20.55
GOOGL,2026-09-24,2026-09-25,C,327.5,12,112,0.7036162451171876,16.35,16.5,17.4
GOOGL,2026-09-24,2026-09-25,C,330.0,611,96,0.5600629931640625,13.62,13.9,14.65
GOOGL,2026-09-24,2026-09-25,C,332.5,121,49,0.50586431640625,12.42,11.55,12.15
GOOGL,2026-09-24,2026-09-25,C,335.0,2072,586,0.5219774365234374,9.3,8.95,9.75
GOOGL,2026-09-24,2026-09-25,C,337.5,1973,833,0.4028380029296875,7.0,6.45,7.15
GOOGL,2026-09-24,2026-09-25,C,340.0,4462,3489,0.3002999658203125,4.31,4.0,4.65
GOOGL,2026-09-24,2026-09-25,C,342.5,3393,12378,0.141610146484375,1.88,1.77,1.88
GOOGL,2026-09-24,2026-09-25,C,345.0,11339,45497,0.11231356445312499,0.35,0.34,0.38
GOOGL,2026-09-24,2026-09-25,C,347.5,4949,25439,0.127938408203125,0.04,0.04,0.06
GOOGL,2026-09-24,2026-09-25,C,350.0,7806,23938,0.17188328125000002,0.01,0.01,0.03
GOOGL,2026-09-24,2026-09-25,C,352.5,3566,3569,0.195320546875,0.01,0.0,0.01
GOOGL,2026-09-24,2026-09-25,C,355.0,5689,2574,0.2461012890625,0.01,0.0,0.01
GOOGL,2026-09-24,2026-09-25,C,357.5,4184,1439,0.2929758203124999,0.01,0.0,0.01
GOOGL,2026-09-24,2026-09-25,C,360.0,6417,2115,0.335944140625,0.01,0.0,0.01
GOOGL,2026-09-24,2026-09-25,C,362.5,8056,201,0.38281867187499996,0.01,0.0,0.01
GOOGL,2026-09-24,2026-09-25,C,365.0,5252,346,0.42969320312500003,0.01,0.0,0.01
GOOGL,2026-09-24,2026-09-25,C,367.5,1553,314,0.4687553125,0.01,0.0,0.01
GOOGL,2026-09-24,2026-09-25,C,370.0,5984,1148,0.51562984375,0.01,0.0,0.01
GOOGL,2026-09-24,2026-09-25,C,372.5,2673,210,0.5312546875,0.01,0.0,0.01
GOOGL,2026-09-24,2026-09-25,C,375.0,11017,254,0.5625043750000001,0.01,0.0,0.01
GOOGL,2026-09-24,2026-09-25,C,377.5,708,35,0.5937540625000001,0.01,0.0,0.01
GOOGL,2026-09-24,2026-09-25,C,380.0,3870,465,0.64062859375,0.01,0.0,0.01
GOOGL,2026-09-24,2026-09-25,C,385.0,3709,60,0.7187528125,0.01,0.0,0.01
GOOGL,2026-09-24,2026-09-25,C,390.0,3968,85,0.7812521875,0.01,0.0,0.01
GOOGL,2026-09-24,2026-09-25,C,395.0,2389,604,0.87500125,0.01,0.0,0.01
GOOGL,2026-09-24,2026-09-25,C,400.0,19532,15,0.937500625,0.01,0.0,0.01
GOOGL,2026-09-24,2026-09-25,C,405.0,1884,16,1.000005,0.01,0.0,0.01
GOOGL,2026-09-24,2026-09-25,C,410.0,1921,98,1.0625046875000002,0.03,0.0,0.01
GOOGL,2026-09-24,2026-09-25,C,415.0,1570,1,1.125004375,0.01,0.0,0.01
GOOGL,2026-09-24,2026-09-25,C,420.0,1078,21,1.1875040625,0.01,0.0,0.01
GOOGL,2026-09-24,2026-09-25,C,425.0,69,1,1.2500037499999999,0.01,0.0,0.01
GOOGL,2026-09-24,2026-09-25,C,430.0,200,53,1.3125034374999998,0.01,0.0,0.01
GOOGL,2026-09-24,2026-09-25,C,435.0,83,5,1.3750031249999999,0.01,0.0,0.01
GOOGL,2026-09-24,2026-09-25,C,440.0,114,69,1.4375028125,0.01,0.0,0.01
GOOGL,2026-09-24,2026-09-25,C,445.0,157,37,1.5000025,0.01,0.0,0.01
GOOGL,2026-09-24,2026-09-25,C,450.0,287,5,1.5625021874999998,0.32,0.0,0.01
GOOGL,2026-09-24,2026-09-25,C,455.0,28,3,1.625001875,0.01,0.0,0.01
GOOGL,2026-09-24,2026-09-25,C,460.0,70,6,1.6875015625,0.01,0.0,0.01
GOOGL,2026-09-24,2026-09-25,C,465.0,35,11,1.75000125,0.01,0.0,0.01
GOOGL,2026-09-24,2026-09-25,C,470.0,106,1,1.8125009374999999,0.04,0.0,0.01
GOOGL,2026-09-24,2026-09-25,C,475.0,240,1,1.875000625,0.1,0.0,0.01
GOOGL,2026-09-24,2026-09-25,C,480.0,80,3,1.9375003125,0.01,0.0,0.01
GOOGL,2026-09-24,2026-09-25,C,485.0,27,1,1.96875015625,0.03,0.0,0.01
GOOGL,2026-09-24,2026-09-25,C,490.0,192,2,2.031254921875,0.01,0.0,0.01
GOOGL,2026-09-24,2026-09-25,C,495.0,38,4,2.0625048437499998,0.01,0.0,0.01
GOOGL,2026-09-24,2026-09-25,C,500.0,150,1,2.1250046874999997,0.01,0.0,0.01
GOOGL,2026-09-24,2026-09-25,C,505.0,38,8,2.1875045312499997,0.01,0.0,0.01
GOOGL,2026-09-24,2026-09-25,C,510.0,40,13,2.2500043749999996,0.01,0.0,0.01
GOOGL,2026-09-24,2026-09-25,C,515.0,50,22,2.3125042187499996,0.01,0.0,0.01
GOOGL,2026-09-24,2026-09-25,C,520.0,138,9,2.3125042187499996,0.07,0.0,0.01
GOOGL,2026-09-24,2026-09-25,C,525.0,51,24,2.3750040624999995,0.01,0.0,0.01
GOOGL,2026-09-24,2026-09-25,C,530.0,224,1,2.43750390625,0.19,0.0,0.01
GOOGL,2026-09-24,2026-09-25,C,535.0,83,11,2.50000375,0.01,0.0,0.01
GOOGL,2026-09-24,2026-09-25,C,540.0,234,10,2.50000375,0.01,0.0,0.01
GOOGL,2026-09-24,2026-09-25,C,545.0,139,25,2.56250359375,0.01,0.0,0.01
GOOGL,2026-09-24,2026-09-25,C,550.0,1022,1,2.6250034375,0.01,0.0,0.01
GOOGL,2026-09-24,2026-09-25,P,100.0,7,2,6.87500140625,0.01,0.0,0.01
GOOGL,2026-09-24,2026-09-25,P,105.0,2,0,6.625001718750001,0.01,0.0,0.01
GOOGL,2026-09-24,2026-09-25,P,110.0,3,0,6.37500203125,0.01,0.0,0.01
GOOGL,2026-09-24,2026-09-25,P,115.0,1,0,6.125002343749999,0.08,0.0,0.01
GOOGL,2026-09-24,2026-09-25,P,120.0,12,0,5.87500265625,0.01,0.0,0.01
GOOGL,2026-09-24,2026-09-25,P,125.0,14,0,5.62500296875,0.01,0.0,0.01
GOOGL,2026-09-24,2026-09-25,P,130.0,12,0,5.500003124999999,0.01,0.0,0.01
GOOGL,2026-09-24,2026-09-25,P,135.0,2,0,5.250003437499999,0.09,0.0,0.01
GOOGL,2026-09-24,2026-09-25,P,140.0,4,0,5.000003749999999,0.05,0.0,0.01
GOOGL,2026-09-24,2026-09-25,P,145.0,2,0,4.875003906249999,0.08,0.0,0.01
GOOGL,2026-09-24,2026-09-25,P,150.0,1002,1000,4.62500421875,0.01,0.0,0.01
GOOGL,2026-09-24,2026-09-25,P,155.0,1001,1,4.500004375,2.0,0.0,0.01
GOOGL,2026-09-24,2026-09-25,P,160.0,1017,1010,4.375004531249999,0.01,0.0,0.01
GOOGL,2026-09-24,2026-09-25,P,170.0,8800,8800,4.000005,0.01,0.0,0.01
GOOGL,2026-09-24,2026-09-25,P,180.0,1,0,3.6875007812500002,0.09,0.0,0.01
GOOGL,2026-09-24,2026-09-25,P,190.0,2,1,3.3750015624999996,0.01,0.0,0.01
GOOGL,2026-09-24,2026-09-25,P,195.0,2,2,3.2500018749999997,0.01,0.0,0.01
GOOGL,2026-09-24,2026-09-25,P,200.0,0,12,0.500005,0.05,0.0,0.0
GOOGL,2026-09-24,2026-09-25,P,205.0,52,1,3.0000025,0.11,0.0,0.01
GOOGL,2026-09-24,2026-09-25,P,210.0,27,3,2.8750028125,0.02,0.0,0.01
GOOGL,2026-09-24,2026-09-25,P,215.0,43,1,2.750003125,0.01,0.0,0.01
GOOGL,2026-09-24,2026-09-25,P,220.0,54,4,2.6250034375,0.01,0.0,0.01
GOOGL,2026-09-24,2026-09-25,P,225.0,47,2,2.50000375,0.05,0.0,0.01
GOOGL,2026-09-24,2026-09-25,P,230.0,77,22,2.3750040624999995,0.01,0.0,0.01
GOOGL,2026-09-24,2026-09-25,P,235.0,57,2,2.2500043749999996,0.05,0.0,0.01
GOOGL,2026-09-24,2026-09-25,P,240.0,324,1,2.1250046874999997,0.08,0.0,0.01
GOOGL,2026-09-24,2026-09-25,P,245.0,182,1,2.000005,0.02,0.0,0.01
GOOGL,2026-09-24,2026-09-25,P,250.0,279,1,1.875000625,0.07,0.0,0.01
GOOGL,2026-09-24,2026-09-25,P,255.0,131,36,2.000005,0.03,0.0,0.04
GOOGL,2026-09-24,2026-09-25,P,260.0,325,157,1.6875015625,0.01,0.0,0.01
GOOGL,2026-09-24,2026-09-25,P,265.0,245,22,1.5625021874999998,0.01,0.0,0.01
GOOGL,2026-09-24,2026-09-25,P,270.0,1174,34,1.609376953125,0.02,0.0,0.03
GOOGL,2026-09-24,2026-09-25,P,275.0,56,30,1.5000025,0.04,0.0,0.03
GOOGL,2026-09-24,2026-09-25,P,280.0,213,5,1.453127734375,0.25,0.0,0.05
GOOGL,2026-09-24,2026-09-25,P,285.0,745,1,1.15625421875,0.01,0.0,0.01
GOOGL,2026-09-24,2026-09-25,P,290.0,145,20,1.0625046875000002,0.02,0.0,0.01
GOOGL,2026-09-24,2026-09-25,P,295.0,1268,12,1.2460975195312498,0.01,0.0,0.13
GOOGL,2026-09-24,2026-09-25,P,300.0,1769,4,0.87500125,0.01,0.0,0.01
GOOGL,2026-09-24,2026-09-25,P,305.0,1764,70,0.7656273437500001,0.01,0.0,0.01
GOOGL,2026-09-24,2026-09-25,P,307.5,603,3,0.7187528125,0.01,0.0,0.01
GOOGL,2026-09-24,2026-09-25,P,310.0,1158,17,0.7187528125,0.01,0.0,0.02
GOOGL,2026-09-24,2026-09-25,P,312.5,550,1,0.6250037500000001,0.01,0.0,0.01
GOOGL,2026-09-24,2026-09-25,P,315.0,2646,851,0.57812921875,0.02,0.0,0.01
GOOGL,2026-09-24,2026-09-25,P,317.5,552,17,0.5312546875,0.01,0.0,0.01
GOOGL,2026-09-24,2026-09-25,P,320.0,1891,195,0.51562984375,0.01,0.0,0.01
GOOGL,2026-09-24,2026-09-25,P,322.5,1690,48,0.46094289062500005,0.01,0.0,0.01
GOOGL,2026-09-24,2026-09-25,P,325.0,5544,397,0.414068359375,0.01,0.0,0.01
GOOGL,2026-09-24,2026-09-25,P,327.5,2271,423,0.35938140625,0.01,0.0,0.01
GOOGL,2026-09-24,2026-09-25,P,330.0,4439,1085,0.31250687499999996,0.01,0.0,0.01
GOOGL,2026-09-24,2026-09-25,P,332.5,4954,570,0.28516339843749994,0.02,0.01,0.02
GOOGL,2026-09-24,2026-09-25,P,335.0,4893,1388,0.22852333984375,0.01,0.01,0.02
GOOGL,2026-09-24,2026-09-25,P,337.5,2792,3493,0.17188328125000002,0.01,0.01,0.02
GOOGL,2026-09-24,2026-09-25,P,340.0,4801,14218,0.1211025390625,0.03,0.02,0.03
GOOGL,2026-09-24,2026-09-25,P,342.5,2353,14307,0.08814388427734376,0.15,0.14,0.16
GOOGL,2026-09-24,2026-09-25,P,345.0,2816,4386,0.0600679931640625,1.14,1.06,1.17
GOOGL,2026-09-24,2026-09-25,P,347.5,1859,309,0.10352458984374999,3.25,3.1,3.6
GOOGL,2026-09-24,2026-09-25,P,350.0,2172,802,0.1601646484375,5.83,5.55,6.1
GOOGL,2026-09-24,2026-09-25,P,352.5,977,158,0.2148516015625,8.12,7.95,8.6
GOOGL,2026-09-24,2026-09-25,P,355.0,203,79,1.0000000000000003e-05,10.55,10.4,11.0
GOOGL,2026-09-24,2026-09-25,P,357.5,3,32,0.32031929687499994,16.17,12.7,13.6
GOOGL,2026-09-24,2026-09-25,P,360.0,101,837,0.6044961425781252,17.95,15.2,16.45
GOOGL,2026-09-24,2026-09-25,P,362.5,1,2,0.90429783203125,17.54,16.8,19.7
GOOGL,2026-09-24,2026-09-25,P,365.0,2,2,0.5468795312500001,21.36,20.1,22.2
GOOGL,2026-09-24,2026-09-25,P,367.5,1,8,1.1010787133789064,23.76,21.55,24.85
GOOGL,2026-09-24,2026-09-25,P,370.0,4,10,1.1362347875976564,26.43,24.5,27.2
GOOGL,2026-09-24,2026-09-25,P,372.5,0,26,0.6015664843750002,34.27,27.0,30.2
GOOGL,2026-09-24,2026-09-25,P,375.0,0,4,0.648441015625,31.88,29.9,31.1
GOOGL,2026-09-24,2026-09-25,P,377.5,0,7,0.867188828125,33.04,32.85,34.55
GOOGL,2026-09-24,2026-09-25,P,380.0,0,15,0.851563984375,35.49,35.15,36.15
GOOGL,2026-09-24,2026-09-25,P,385.0,0,2,1.0742233789062503,41.11,40.55,41.95
GOOGL,2026-09-24,2026-09-25,P,390.0,0,22,1.08203583984375,52.51,45.3,47.05
GOOGL,2026-09-24,2026-09-25,P,395.0,0,7,1.6435564697265623,48.95,50.35,51.8
GOOGL,2026-09-24,2026-09-25,P,400.0,0,30,1.0625046875000002,58.95,55.6,56.6
GOOGL,2026-09-24,2026-09-25,P,420.0,0,1,2.480472548828125,75.95,74.3,77.4
GOOGL,2026-09-24,2026-09-25,P,435.0,0,1,2.8066436083984376,90.89,89.65,92.4
GOOGL,2026-09-24,2026-09-25,P,440.0,0,0,2.933596416015625,79.95,93.9,97.45
GOOGL,2026-09-24,2026-09-28,C,305.0,1,0,0.7402369726562499,42.05,38.15,41.0
GOOGL,2026-09-24,2026-09-28,C,320.0,4,63,0.6440465283203125,19.57,23.15,25.55
GOOGL,2026-09-24,2026-09-28,C,325.0,6,50,0.5583540258789064,15.38,18.4,20.65
GOOGL,2026-09-24,2026-09-28,C,330.0,21,14,0.4028380029296875,13.8,13.6,15.15
GOOGL,2026-09-24,2026-09-28,C,332.5,8,2,0.42383388671875,11.65,11.1,13.35
GOOGL,2026-09-24,2026-09-28,C,335.0,57,45,0.28247787841796873,8.5,9.2,9.95
GOOGL,2026-09-24,2026-09-28,C,337.5,151,53,0.23596955444335935,8.1,7.1,7.5
GOOGL,2026-09-24,2026-09-28,C,340.0,1204,331,0.22522747436523435,5.3,5.05,5.55
GOOGL,2026-09-24,2026-09-28,C,342.5,1136,1787,0.2048419360351562,3.75,3.45,3.7
GOOGL,2026-09-24,2026-09-28,C,345.0,1075,6169,0.19654123779296873,2.25,2.17,2.32
GOOGL,2026-09-24,2026-09-28,C,347.5,1095,2642,0.19336744140625,1.39,1.3,1.36
GOOGL,2026-09-24,2026-09-28,C,350.0,1234,4118,0.20508607421874997,0.79,0.74,0.87
GOOGL,2026-09-24,2026-09-28,C,352.5,384,6607,0.21216608154296873,0.42,0.42,0.52
GOOGL,2026-09-24,2026-09-28,C,355.0,1154,1029,0.21826953613281247,0.28,0.25,0.3
GOOGL,2026-09-24,2026-09-28,C,357.5,592,311,0.229499892578125,0.17,0.13,0.19
GOOGL,2026-09-24,2026-09-28,C,360.0,1269,1593,0.23633576171874998,0.11,0.1,0.11
GOOGL,2026-09-24,2026-09-28,C,362.5,424,79,0.256843369140625,0.08,0.05,0.09
GOOGL,2026-09-24,2026-09-28,C,365.0,1194,146,0.273444765625,0.06,0.03,0.07
GOOGL,2026-09-24,2026-09-28,C,367.5,71,9,0.28613995117187496,0.04,0.01,0.05
GOOGL,2026-09-24,2026-09-28,C,370.0,3014,328,0.30274134765625,0.03,0.03,0.04
GOOGL,2026-09-24,2026-09-28,C,372.5,587,19,0.31445998046874996,0.03,0.01,0.03
GOOGL,2026-09-24,2026-09-28,C,375.0,228,18,0.3242255078124999,0.02,0.01,0.02
GOOGL,2026-09-24,2026-09-28,C,377.5,68,16,0.39258419921875,0.02,0.01,0.06
GOOGL,2026-09-24,2026-09-28,C,380.0,276,46,0.367193828125,0.02,0.01,0.02
GOOGL,2026-09-24,2026-09-28,C,382.5,28,93,0.38672488281249995,0.01,0.01,0.02
GOOGL,2026-09-24,2026-09-28,C,385.0,546,6,0.38281867187499996,0.04,0.0,0.01
GOOGL,2026-09-24,2026-09-28,C,390.0,8,5,0.42188078125,0.05,0.0,0.01
GOOGL,2026-09-24,2026-09-28,C,395.0,13,5,0.46094289062500005,0.01,0.0,0.01
GOOGL,2026-09-24,2026-09-28,C,400.0,821,618,0.49219257812500006,0.01,0.0,0.01
GOOGL,2026-09-24,2026-09-28,C,405.0,25,5,0.500005,0.01,0.0,0.01
GOOGL,2026-09-24,2026-09-28,C,410.0,8,4,0.5312546875,0.01,0.0,0.01
GOOGL,2026-09-24,2026-09-28,C,415.0,7,1,0.5625043750000001,0.01,0.0,0.01
GOOGL,2026-09-24,2026-09-28,P,270.0,22,22,0.8984385156249999,0.01,0.0,0.09
GOOGL,2026-09-24,2026-09-28,P,275.0,1,0,1.0058643457031249,0.07,0.0,0.39
GOOGL,2026-09-24,2026-09-28,P,285.0,22,6,1.1767619287109374,0.03,0.0,2.13
GOOGL,2026-09-24,2026-09-28,P,290.0,19,22,0.5312546875,0.01,0.0,0.01
GOOGL,2026-09-24,2026-09-28,P,295.0,430,35,0.507817421875,0.03,0.0,0.01
GOOGL,2026-09-24,2026-09-28,P,300.0,28,6,0.46094289062500005,0.02,0.0,0.01
GOOGL,2026-09-24,2026-09-28,P,305.0,56,25,0.45703667968750006,0.01,0.0,0.03
GOOGL,2026-09-24,2026-09-28,P,310.0,20,12,0.42774009765625004,0.03,0.01,0.05
GOOGL,2026-09-24,2026-09-28,P,312.5,8,2,0.42383388671875,0.06,0.01,0.08
GOOGL,2026-09-24,2026-09-28,P,315.0,168,7,0.37793590820312495,0.04,0.01,0.06
GOOGL,2026-09-24,2026-09-28,P,317.5,139,1,0.35547519531249994,0.06,0.01,0.07
GOOGL,2026-09-24,2026-09-28,P,320.0,140,47,0.3007882421875,0.03,0.03,0.04
GOOGL,2026-09-24,2026-09-28,P,322.5,108,38,0.29492892578124996,0.06,0.03,0.07
GOOGL,2026-09-24,2026-09-28,P,325.0,329,125,0.264655791015625,0.07,0.04,0.07
GOOGL,2026-09-24,2026-09-28,P,327.5,326,56,0.24805439453125,0.08,0.06,0.1
GOOGL,2026-09-24,2026-09-28,P,330.0,1063,286,0.2192460888671875,0.11,0.1,0.11
GOOGL,2026-09-24,2026-09-28,P,332.5,664,202,0.20752745605468748,0.19,0.15,0.19
GOOGL,2026-09-24,2026-09-28,P,335.0,1171,557,0.194343994140625,0.3,0.29,0.32
GOOGL,2026-09-24,2026-09-28,P,337.5,373,818,0.18506674316406246,0.53,0.48,0.58
GOOGL,2026-09-24,2026-09-28,P,340.0,616,1722,0.17981777221679687,1.0,0.94,1.07
GOOGL,2026-09-24,2026-09-28,P,342.5,266,1753,0.17847501220703127,1.8,1.82,1.91
GOOGL,2026-09-24,2026-09-28,P,345.0,449,440,0.17896328857421873,2.94,2.92,3.15
GOOGL,2026-09-24,2026-09-28,P,347.5,324,115,0.18238122314453126,4.5,4.35,4.8
GOOGL,2026-09-24,2026-09-28,P,350.0,324,42,0.17993984130859375,6.72,6.05,6.7
GOOGL,2026-09-24,2026-09-28,P,352.5,89,41,0.27295648925781246,9.28,8.4,9.65
GOOGL,2026-09-24,2026-09-28,P,355.0,216,5,0.30249720947265624,11.37,10.65,12.0
GOOGL,2026-09-24,2026-09-28,P,357.5,145,7,0.35718416259765623,14.63,12.5,14.6
GOOGL,2026-09-24,2026-09-28,P,360.0,85,4,0.45093322509765627,21.96,14.6,17.55
GOOGL,2026-09-24,2026-09-28,P,362.5,94,2,0.48828636718750007,20.42,17.45,20.0
GOOGL,2026-09-24,2026-09-28,P,365.0,0,4,0.5354050366210938,20.9,19.7,22.55
GOOGL,2026-09-24,2026-09-28,P,367.5,0,0,0.5695843823242188,8.83,22.15,25.0
GOOGL,2026-09-24,2026-09-28,P,370.0,0,1,0.43457596679687505,25.67,24.6,26.45
GOOGL,2026-09-24,2026-09-28,P,375.0,1,1,0.6774934594726563,32.55,29.7,32.45
GOOGL,2026-09-24,2026-09-30,C,265.0,1,1,1.1474652001953123,90.0,78.1,81.1
GOOGL,2026-09-24,2026-09-30,C,285.0,1,0,0.8930674755859375,64.0,58.1,61.25
GOOGL,2026-09-24,2026-09-30,C,300.0,3,1,0.6804231176757813,41.9,43.15,46.1
GOOGL,2026-09-24,2026-09-30,C,317.5,4,2,0.6359899682617188,21.55,25.7,28.75
GOOGL,2026-09-24,2026-09-30,C,320.0,14,5,0.5258836474609375,24.97,23.75,25.55
GOOGL,2026-09-24,2026-09-30,C,322.5,4,0,0.5607954077148438,33.81,20.8,23.85
GOOGL,2026-09-24,2026-09-30,C,325.0,5,3,0.47437049072265625,19.61,19.2,20.85
GOOGL,2026-09-24,2026-09-30,C,327.5,8,1,0.4577690942382813,17.64,16.3,18.65
GOOGL,2026-09-24,2026-09-30,C,330.0,70,1,0.40991801025390623,16.2,14.65,16.1
GOOGL,2026-09-24,2026-09-30,C,332.5,11,8,0.3459538061523437,10.37,12.45,13.35
GOOGL,2026-09-24,2026-09-30,C,335.0,84,12,0.30799031860351556,10.25,10.35,10.95
GOOGL,2026-09-24,2026-09-30,C,337.5,127,10,0.280158565673828,8.25,8.4,8.75
GOOGL,2026-09-24,2026-09-30,C,340.0,429,201,0.2827220166015625,7.1,6.55,7.15
GOOGL,2026-09-24,2026-09-30,C,342.5,541,698,0.2651440673828125,5.45,5.3,5.4
GOOGL,2026-09-24,2026-09-30,C,345.0,585,702,0.2564771618652344,3.95,3.85,4.0
GOOGL,2026-09-24,2026-09-30,C,347.5,181,354,0.2613599255371094,3.1,2.84,3.05
GOOGL,2026-09-24,2026-09-30,C,350.0,1650,2389,0.26343510009765625,2.16,2.1,2.25
GOOGL,2026-09-24,2026-09-30,C,352.5,366,154,0.2664868273925781,1.58,1.5,1.64
GOOGL,2026-09-24,2026-09-30,C,355.0,632,465,0.26746338012695314,1.13,1.08,1.15
GOOGL,2026-09-24,2026-09-30,C,357.5,424,73,0.2749095947265625,0.95,0.77,0.85
GOOGL,2026-09-24,2026-09-30,C,360.0,1298,416,0.2885813330078124,0.56,0.56,0.68
GOOGL,2026-09-24,2026-09-30,C,362.5,189,89,0.29053443847656246,0.43,0.41,0.47
GOOGL,2026-09-24,2026-09-30,C,365.0,1698,467,0.29834686035156244,0.34,0.32,0.35
GOOGL,2026-09-24,2026-09-30,C,367.5,208,777,0.31250687499999996,0.26,0.22,0.29
GOOGL,2026-09-24,2026-09-30,C,370.0,265,63,0.32031929687499994,0.2,0.18,0.22
GOOGL,2026-09-24,2026-09-30,C,372.5,150,32,0.3881897119140625,0.18,0.1,0.41
GOOGL,2026-09-24,2026-09-30,C,375.0,240,31,0.3481510498046875,0.12,0.1,0.16
GOOGL,2026-09-24,2026-09-30,C,377.5,55,8,0.370123486328125,0.11,0.05,0.16
GOOGL,2026-09-24,2026-09-30,C,380.0,463,9,0.37500625,0.1,0.08,0.12
GOOGL,2026-09-24,2026-09-30,C,382.5,53,6,0.40039662109375,0.08,0.02,0.13
GOOGL,2026-09-24,2026-09-30,C,385.0,89,6,0.4101621484375,0.11,0.03,0.11
GOOGL,2026-09-24,2026-09-30,C,387.5,14,2,0.4633842724609375,0.1,0.01,0.18
GOOGL,2026-09-24,2026-09-30,C,390.0,112,5,0.450200810546875,0.08,0.02,0.11
GOOGL,2026-09-24,2026-09-30,C,395.0,8,4,0.476567734375,0.05,0.01,0.09
GOOGL,2026-09-24,2026-09-30,C,400.0,132,10,0.50586431640625,0.05,0.01,0.08
GOOGL,2026-09-24,2026-09-30,C,405.0,308,5,0.5117236328125,0.11,0.01,0.09
GOOGL,2026-09-24,2026-09-30,C,410.0,46,5,0.5312546875,0.03,0.01,0.07
GOOGL,2026-09-24,2026-09-30,C,415.0,6,91,0.5117236328125,0.01,0.01,0.02
GOOGL,2026-09-24,2026-09-30,P,265.0,17,2,0.7929708203125,0.1,0.0,0.1
GOOGL,2026-09-24,2026-09-30,P,270.0,10,10,1.1787150439453122,0.04,0.0,2.13
GOOGL,2026-09-24,2026-09-30,P,275.0,19,10,0.8466812207031249,0.03,0.0,0.48
GOOGL,2026-09-24,2026-09-30,P,280.0,14,8,0.57812921875,0.02,0.01,0.03
GOOGL,2026-09-24,2026-09-30,P,285.0,7,2,0.5742230078125,0.07,0.01,0.07
GOOGL,2026-09-24,2026-09-30,P,290.0,793,1,0.5273484765625001,0.07,0.01,0.07
GOOGL,2026-09-24,2026-09-30,P,295.0,989,2,0.5214891601562499,0.07,0.01,0.08
GOOGL,2026-09-24,2026-09-30,P,300.0,14,8,0.471684970703125,0.07,0.02,0.08
GOOGL,2026-09-24,2026-09-30,P,305.0,30,4,0.43457596679687505,0.05,0.01,0.1
GOOGL,2026-09-24,2026-09-30,P,310.0,30,9,0.38867798828125,0.13,0.01,0.11
GOOGL,2026-09-24,2026-09-30,P,312.5,15,3,0.38477177734374995,0.09,0.02,0.16
GOOGL,2026-09-24,2026-09-30,P,315.0,193,40,0.3413151806640625,0.09,0.07,0.12
GOOGL,2026-09-24,2026-09-30,P,320.0,189,436,0.30664755859375,0.15,0.11,0.17
GOOGL,2026-09-24,2026-09-30,P,322.5,499,52,0.32520206054687495,0.26,0.08,0.37
GOOGL,2026-09-24,2026-09-30,P,325.0,656,94,0.2868723657226562,0.28,0.25,0.33
GOOGL,2026-09-24,2026-09-30,P,327.5,298,23,0.2695385546875,0.39,0.38,0.41
GOOGL,2026-09-24,2026-09-30,P,330.0,432,354,0.2661206201171875,0.53,0.53,0.63
GOOGL,2026-09-24,2026-09-30,P,332.5,393,51,0.25452405639648445,0.83,0.79,0.86
GOOGL,2026-09-24,2026-09-30,P,335.0,326,288,0.249030947265625,1.23,1.14,1.25
GOOGL,2026-09-24,2026-09-30,P,337.5,389,539,0.24390404541015626,1.85,1.7,1.79
GOOGL,2026-09-24,2026-09-30,P,340.0,463,857,0.24573508178710937,2.45,2.46,2.62
GOOGL,2026-09-24,2026-09-30,P,342.5,250,78,0.24341576904296874,3.25,3.3,3.6
GOOGL,2026-09-24,2026-09-30,P,345.0,183,86,0.2406081799316406,4.6,4.5,4.8
GOOGL,2026-09-24,2026-09-30,P,347.5,209,48,0.2417068017578125,6.04,5.9,6.3
GOOGL,2026-09-24,2026-09-30,P,350.0,166,242,0.24195093994140626,8.46,7.55,8.0
GOOGL,2026-09-24,2026-09-30,P,352.5,136,2,0.24646749633789064,10.35,9.55,9.95
GOOGL,2026-09-24,2026-09-30,P,355.0,261,21,0.26929441650390623,12.39,11.65,12.25
GOOGL,2026-09-24,2026-09-30,P,357.5,116,8,0.266608896484375,15.44,13.15,14.35
GOOGL,2026-09-24,2026-09-30,P,360.0,135,11,0.34534346069335936,17.92,15.9,17.3
GOOGL,2026-09-24,2026-09-30,P,362.5,7,9,0.42590906127929695,23.84,17.5,20.3
GOOGL,2026-09-24,2026-09-30,P,365.0,5,10,0.4515435705566406,20.99,19.65,22.7
GOOGL,2026-09-24,2026-09-30,P,367.5,10,0,0.47522497436523436,16.2,22.3,25.1
GOOGL,2026-09-24,2026-09-30,P,370.0,1,0,0.5024463818359376,27.5,24.25,27.55
GOOGL,2026-09-24,2026-09-30,P,380.0,0,0,0.6411168701171875,19.35,34.1,37.7
GOOGL,2026-09-24,2026-09-30,P,385.0,0,0,0.6748079394531252,37.37,39.1,42.5
GOOGL,2026-09-24,2026-09-30,P,415.0,0,0,1.0131885278320314,68.8,69.25,72.7
GOOGL,2026-09-24,2026-10-02,C,100.0,6,6,4.334965518798828,247.0,242.35,245.1
GOOGL,2026-09-24,2026-10-02,C,120.0,0,0,1.0000000000000003e-05,224.74,0.0,0.0
GOOGL,2026-09-24,2026-10-02,C,150.0,2,1,2.74219064453125,192.32,193.1,196.1
GOOGL,2026-09-24,2026-10-02,C,160.0,2,1,2.5468786328124997,180.35,183.1,186.1
GOOGL,2026-09-24,2026-10-02,C,165.0,2,1,2.50781623046875,178.4,178.15,181.25
GOOGL,2026-09-24,2026-10-02,C,190.0,2,2,2.0498095629882815,166.02,153.15,156.15
GOOGL,2026-09-24,2026-10-02,C,195.0,1,0,1.9697267138671877,160.98,148.15,151.15
GOOGL,2026-09-24,2026-10-02,C,200.0,2,2,1.8916021044921876,152.0,143.15,146.15
GOOGL,2026-09-24,2026-10-02,C,210.0,4,4,1.7412122314453122,143.68,133.15,136.15
GOOGL,2026-09-24,2026-10-02,C,220.0,0,2,1.0000000000000003e-05,127.17,0.0,0.0
GOOGL,2026-09-24,2026-10-02,C,225.0,5,1,1.544435871582031,113.92,118.2,121.2
GOOGL,2026-09-24,2026-10-02,C,230.0,2,1,1.4834010205078125,115.27,113.2,116.25
GOOGL,2026-09-24,2026-10-02,C,240.0,2,2,1.3403353295898435,91.7,103.2,106.2
GOOGL,2026-09-24,2026-10-02,C,245.0,1,2,1.2744176904296873,86.76,98.2,101.2
GOOGL,2026-09-24,2026-10-02,C,250.0,57,2,1.2099648876953122,92.57,93.2,96.2
GOOGL,2026-09-24,2026-10-02,C,255.0,7,2,1.1460003637695313,76.92,88.2,91.2
GOOGL,2026-09-24,2026-10-02,C,260.0,19,10,1.0957076464843751,82.39,83.25,86.25
GOOGL,2026-09-24,2026-10-02,C,265.0,11,1,1.0390673046875003,82.0,78.25,81.3
GOOGL,2026-09-24,2026-10-02,C,270.0,27,5,0.9711916943359374,76.11,73.25,76.25
GOOGL,2026-09-24,2026-10-02,C,275.0,16,1,0.9101571484375,64.13,68.25,71.25
GOOGL,2026-09-24,2026-10-02,C,280.0,24,2,0.84961087890625,71.51,63.25,66.25
GOOGL,2026-09-24,2026-10-02,C,285.0,30,1,0.7944356494140624,53.57,58.3,61.25
GOOGL,2026-09-24,2026-10-02,C,290.0,40,17,0.6352575537109376,66.58,53.3,55.35
GOOGL,2026-09-24,2026-10-02,C,295.0,9,504,0.6379430737304688,49.57,48.3,50.85
GOOGL,2026-09-24,2026-10-02,C,300.0,231,12,0.5664105859375,43.75,43.5,45.5
GOOGL,2026-09-24,2026-10-02,C,305.0,144,24,0.5564009204101563,41.43,38.35,41.2
GOOGL,2026-09-24,2026-10-02,C,307.5,6,66,0.5373581420898439,31.52,35.85,38.85
GOOGL,2026-09-24,2026-10-02,C,310.0,70,1,0.5004932763671875,34.85,33.4,36.2
GOOGL,2026-09-24,2026-10-02,C,312.5,8,0,0.635867899169922,44.47,30.9,33.9
GOOGL,2026-09-24,2026-10-02,C,315.0,96,18,0.6040078662109377,30.6,28.85,31.45
GOOGL,2026-09-24,2026-10-02,C,317.5,18,62,0.5715374877929689,39.72,26.0,29.0
GOOGL,2026-09-24,2026-10-02,C,320.0,561,4,0.4602104760742188,24.42,23.7,25.6
GOOGL,2026-09-24,2026-10-02,C,322.5,30,5,0.4172421557617187,23.2,21.8,23.0
GOOGL,2026-09-24,2026-10-02,C,325.0,110,2,0.4414118359375,19.0,19.55,21.25
GOOGL,2026-09-24,2026-10-02,C,327.5,290,3,0.4279842358398438,17.42,17.7,19.1
GOOGL,2026-09-24,2026-10-02,C,330.0,1034,28,0.3482731188964844,16.45,14.6,16.0
GOOGL,2026-09-24,2026-10-02,C,332.5,135,113,0.36646141357421874,13.47,12.75,14.4
GOOGL,2026-09-24,2026-10-02,C,335.0,493,426,0.34107104248046877,11.11,11.2,12.2
GOOGL,2026-09-24,2026-10-02,C,337.5,191,400,0.32813171874999997,9.84,9.2,10.3
GOOGL,2026-09-24,2026-10-02,C,340.0,2056,561,0.2966378930664062,7.95,7.75,8.15
GOOGL,2026-09-24,2026-10-02,C,342.5,531,717,0.29431858032226554,6.67,6.3,6.7
GOOGL,2026-09-24,2026-10-02,C,345.0,2047,2509,0.28882547119140617,5.25,5.1,5.35
GOOGL,2026-09-24,2026-10-02,C,347.5,714,2438,0.28748271118164054,4.33,4.1,4.25
GOOGL,2026-09-24,2026-10-02,C,350.0,15662,10745,0.28528546752929684,3.25,3.2,3.3
GOOGL,2026-09-24,2026-10-02,C,352.5,2815,675,0.28552960571289054,2.55,2.36,2.55
GOOGL,2026-09-24,2026-10-02,C,355.0,5659,4232,0.2863840893554687,1.95,1.89,1.95
GOOGL,2026-09-24,2026-10-02,C,357.5,703,4781,0.29395237304687494,1.53,1.37,1.56
GOOGL,2026-09-24,2026-10-02,C,360.0,11476,4239,0.2990792749023437,1.16,1.13,1.22
GOOGL,2026-09-24,2026-10-02,C,362.5,835,417,0.30225307128906254,0.91,0.88,0.93
GOOGL,2026-09-24,2026-10-02,C,365.0,2917,797,0.3127510131835937,0.73,0.7,0.77
GOOGL,2026-09-24,2026-10-02,C,367.5,827,172,0.3215399877929687,0.57,0.52,0.63
GOOGL,2026-09-24,2026-10-02,C,370.0,3583,492,0.3232489550781249,0.48,0.45,0.47
GOOGL,2026-09-24,2026-10-02,C,372.5,348,674,0.33789724609375,0.41,0.36,0.42
GOOGL,2026-09-24,2026-10-02,C,375.0,1879,237,0.34497725341796875,0.33,0.31,0.34
GOOGL,2026-09-24,2026-10-02,C,377.5,971,241,0.35742830078125,0.32,0.22,0.3
GOOGL,2026-09-24,2026-10-02,C,380.0,1596,2182,0.36817038085937503,0.24,0.23,0.26
GOOGL,2026-09-24,2026-10-02,C,382.5,370,12,0.39502558105468755,0.22,0.2,0.29
GOOGL,2026-09-24,2026-10-02,C,385.0,917,117,0.39258419921875,0.2,0.18,0.21
GOOGL,2026-09-24,2026-10-02,C,387.5,184,2,0.40479110839843746,0.18,0.16,0.19
GOOGL,2026-09-24,2026-10-02,C,390.0,797,241,0.418951123046875,0.17,0.14,0.18
GOOGL,2026-09-24,2026-10-02,C,392.5,50,24,0.44043528320312497,0.19,0.1,0.19
GOOGL,2026-09-24,2026-10-02,C,395.0,413,112,0.4580132324218751,0.15,0.1,0.19
GOOGL,2026-09-24,2026-10-02,C,400.0,10362,71,0.4804739453125,0.11,0.1,0.16
GOOGL,2026-09-24,2026-10-02,C,405.0,2212,100,0.5136767382812499,0.13,0.09,0.16
GOOGL,2026-09-24,2026-10-02,C,410.0,909,11,0.5127001855468749,0.09,0.08,0.12
GOOGL,2026-09-24,2026-10-02,C,415.0,473,5,0.532231240234375,0.08,0.07,0.1
GOOGL,2026-09-24,2026-10-02,C,420.0,17090,34361,0.5488326367187502,0.08,0.06,0.08
GOOGL,2026-09-24,2026-10-02,C,425.0,32,84,0.5664105859375,0.06,0.05,0.07
GOOGL,2026-09-24,2026-10-02,C,430.0,775,3,0.6054726953125001,0.07,0.03,0.11
GOOGL,2026-09-24,2026-10-02,C,435.0,646,6,0.632816171875,0.05,0.03,0.11
GOOGL,2026-09-24,2026-10-02,C,440.0,212,1,0.648441015625,0.1,0.01,0.11
GOOGL,2026-09-24,2026-10-02,C,445.0,70,5,0.6679720703125002,0.04,0.03,0.08
GOOGL,2026-09-24,2026-10-02,C,450.0,466,1,0.6699251757812501,0.1,0.01,0.07
GOOGL,2026-09-24,2026-10-02,C,455.0,1226,11,0.70312796875,0.05,0.02,0.07
GOOGL,2026-09-24,2026-10-02,C,460.0,1412,2,0.7187528125,0.12,0.01,0.07
GOOGL,2026-09-24,2026-10-02,C,465.0,77,83,0.7656273437500001,0.02,0.01,0.1
GOOGL,2026-09-24,2026-10-02,C,470.0,297,39,0.73437765625,0.03,0.01,0.04
GOOGL,2026-09-24,2026-10-02,C,475.0,139,39,0.7539087109375,0.02,0.01,0.04
GOOGL,2026-09-24,2026-10-02,C,480.0,132,233,0.773439765625,0.01,0.01,0.04
GOOGL,2026-09-24,2026-10-02,C,485.0,34,23,0.79687703125,0.03,0.0,0.05
GOOGL,2026-09-24,2026-10-02,C,490.0,254,174,0.8632826171875,0.01,0.0,0.09
GOOGL,2026-09-24,2026-10-02,C,495.0,96,35,0.73437765625,0.03,0.0,0.01
GOOGL,2026-09-24,2026-10-02,C,500.0,22,7,0.7500025,0.03,0.0,0.01
GOOGL,2026-09-24,2026-10-02,C,505.0,24,3,1.3994170654296876,0.02,0.0,2.14
GOOGL,2026-09-24,2026-10-02,C,510.0,351,36,0.9492192578124999,0.01,0.0,0.09
GOOGL,2026-09-24,2026-10-02,C,515.0,31,2,1.4545925708007812,0.03,0.0,2.13
GOOGL,2026-09-24,2026-10-02,C,520.0,138,2,1.482424462890625,0.09,0.0,2.13
GOOGL,2026-09-24,2026-10-02,C,525.0,37,1,1.509768076171875,0.01,0.0,2.13
GOOGL,2026-09-24,2026-10-02,C,530.0,57,10,1.5366234106445313,0.02,0.0,2.13
GOOGL,2026-09-24,2026-10-02,C,535.0,115,9,1.5629904663085936,0.03,0.0,2.13
GOOGL,2026-09-24,2026-10-02,C,540.0,211,1,1.2148476757812499,0.07,0.0,0.3
GOOGL,2026-09-24,2026-10-02,C,545.0,70,17,1.615236298828125,0.01,0.0,2.13
GOOGL,2026-09-24,2026-10-02,C,550.0,22,10,1.0078174609375,0.01,0.0,0.03
GOOGL,2026-09-24,2026-10-02,P,100.0,19,0,2.43750390625,0.06,0.0,0.01
GOOGL,2026-09-24,2026-10-02,P,105.0,28,0,2.3125042187499996,0.06,0.0,0.01
GOOGL,2026-09-24,2026-10-02,P,110.0,69,1,2.2500043749999996,0.01,0.0,0.01
GOOGL,2026-09-24,2026-10-02,P,115.0,46,0,2.1875045312499997,0.06,0.0,0.01
GOOGL,2026-09-24,2026-10-02,P,120.0,35,0,2.0625048437499998,0.05,0.0,0.01
GOOGL,2026-09-24,2026-10-02,P,125.0,43,43,2.000005,0.05,0.0,0.01
GOOGL,2026-09-24,2026-10-02,P,130.0,23,0,1.9375003125,0.05,0.0,0.01
GOOGL,2026-09-24,2026-10-02,P,135.0,9,113,2.783206166992188,0.04,0.0,0.7
GOOGL,2026-09-24,2026-10-02,P,140.0,15,2,1.78125109375,0.04,0.0,0.01
GOOGL,2026-09-24,2026-10-02,P,145.0,3,0,3.0341821020507815,0.06,0.0,2.05
GOOGL,2026-09-24,2026-10-02,P,150.0,3,0,1.65625171875,0.05,0.0,0.01
GOOGL,2026-09-24,2026-10-02,P,155.0,5,0,1.5937520312499998,0.11,0.0,0.01
GOOGL,2026-09-24,2026-10-02,P,160.0,13,1,1.5312523437499999,0.01,0.0,0.01
GOOGL,2026-09-24,2026-10-02,P,165.0,1,0,2.583011354980469,0.11,0.0,1.88
GOOGL,2026-09-24,2026-10-02,P,170.0,1,7700,1.40625296875,0.01,0.0,0.01
GOOGL,2026-09-24,2026-10-02,P,190.0,1,0,1.1875040625,0.12,0.0,0.01
GOOGL,2026-09-24,2026-10-02,P,195.0,13,4,2.0986375659179686,0.02,0.0,2.13
GOOGL,2026-09-24,2026-10-02,P,200.0,135,51,1.15625421875,0.02,0.0,0.02
GOOGL,2026-09-24,2026-10-02,P,205.0,57,2,1.9365237548828125,0.01,0.0,2.13
GOOGL,2026-09-24,2026-10-02,P,210.0,156,112,1.6826187744140624,0.01,0.0,1.19
GOOGL,2026-09-24,2026-10-02,P,215.0,85,30,1.78125109375,0.03,0.0,2.13
GOOGL,2026-09-24,2026-10-02,P,220.0,1530,91,1.0312548437500002,0.03,0.01,0.03
GOOGL,2026-09-24,2026-10-02,P,225.0,77,6,1.6318377783203122,0.04,0.0,2.13
GOOGL,2026-09-24,2026-10-02,P,230.0,63,1,1.5595725146484374,0.03,0.0,2.13
GOOGL,2026-09-24,2026-10-02,P,235.0,48,2,1.4887720874023436,0.06,0.0,2.13
GOOGL,2026-09-24,2026-10-02,P,240.0,21,2,1.4189482177734376,0.07,0.0,2.13
GOOGL,2026-09-24,2026-10-02,P,245.0,27,3,1.3501009057617184,0.06,0.0,2.13
GOOGL,2026-09-24,2026-10-02,P,250.0,100,2,0.7929708203125,0.03,0.0,0.07
GOOGL,2026-09-24,2026-10-02,P,255.0,29,29,0.726565234375,0.03,0.01,0.04
GOOGL,2026-09-24,2026-10-02,P,260.0,53,5,0.95507857421875,0.04,0.0,0.76
GOOGL,2026-09-24,2026-10-02,P,265.0,142,2,0.6601596484375001,0.05,0.0,0.07
GOOGL,2026-09-24,2026-10-02,P,270.0,602,4,0.6250037500000001,0.05,0.01,0.07
GOOGL,2026-09-24,2026-10-02,P,275.0,111,4,0.5820354296875,0.04,0.01,0.07
GOOGL,2026-09-24,2026-10-02,P,280.0,373,2,0.5468795312500001,0.05,0.01,0.08
GOOGL,2026-09-24,2026-10-02,P,285.0,99,9,0.5117236328125,0.05,0.03,0.07
GOOGL,2026-09-24,2026-10-02,P,290.0,493,216,0.47852083984375,0.05,0.05,0.06
GOOGL,2026-09-24,2026-10-02,P,295.0,644,3,0.46582565429687506,0.08,0.04,0.1
GOOGL,2026-09-24,2026-10-02,P,300.0,1517,618,0.40820904296875,0.08,0.06,0.08
GOOGL,2026-09-24,2026-10-02,P,305.0,1608,22,0.38672488281249995,0.09,0.07,0.12
GOOGL,2026-09-24,2026-10-02,P,307.5,442,3,0.3632876171875,0.09,0.07,0.12
GOOGL,2026-09-24,2026-10-02,P,310.0,2653,94,0.340826904296875,0.12,0.1,0.12
GOOGL,2026-09-24,2026-10-02,P,312.5,287,225,0.34278000976562495,0.18,0.12,0.19
GOOGL,2026-09-24,2026-10-02,P,315.0,1153,566,0.3188544677734374,0.16,0.16,0.19
GOOGL,2026-09-24,2026-10-02,P,317.5,1208,98,0.3188544677734374,0.24,0.21,0.29
GOOGL,2026-09-24,2026-10-02,P,320.0,2615,533,0.29321995849609367,0.29,0.28,0.29
GOOGL,2026-09-24,2026-10-02,P,322.5,265,374,0.2929758203124999,0.43,0.37,0.44
GOOGL,2026-09-24,2026-10-02,P,325.0,2046,275,0.2815013256835937,0.54,0.52,0.56
GOOGL,2026-09-24,2026-10-02,P,327.5,776,345,0.2745433874511719,0.73,0.7,0.76
GOOGL,2026-09-24,2026-10-02,P,330.0,3258,945,0.26978269287109374,0.97,0.98,1.05
GOOGL,2026-09-24,2026-10-02,P,332.5,458,157,0.26636475830078127,1.39,1.33,1.45
GOOGL,2026-09-24,2026-10-02,P,335.0,3122,769,0.2647778601074219,1.88,1.88,2.0
GOOGL,2026-09-24,2026-10-02,P,337.5,675,430,0.2679516564941406,2.6,2.51,2.78
GOOGL,2026-09-24,2026-10-02,P,340.0,2386,646,0.2613599255371094,3.45,3.3,3.55
GOOGL,2026-09-24,2026-10-02,P,342.5,632,735,0.2603833728027344,4.45,4.3,4.6
GOOGL,2026-09-24,2026-10-02,P,345.0,1193,153,0.25757578369140627,5.77,5.5,5.8
GOOGL,2026-09-24,2026-10-02,P,347.5,409,91,0.2603833728027344,6.85,6.9,7.3
GOOGL,2026-09-24,2026-10-02,P,350.0,1807,174,0.264655791015625,8.73,8.55,9.0
GOOGL,2026-09-24,2026-10-02,P,352.5,366,16,0.26306889282226564,10.49,10.3,10.75
GOOGL,2026-09-24,2026-10-02,P,355.0,267,353,0.26782958740234375,13.1,12.2,12.75
GOOGL,2026-09-24,2026-10-02,P,357.5,207,2,0.2797923583984374,14.47,14.15,14.95
GOOGL,2026-09-24,2026-10-02,P,360.0,238,3,0.28613995117187496,17.34,16.3,17.15
GOOGL,2026-09-24,2026-10-02,P,362.5,26,1,0.3007882421875,18.55,18.45,19.5
GOOGL,2026-09-24,2026-10-02,P,365.0,449,3,0.3698793481445312,23.92,20.55,22.45
GOOGL,2026-09-24,2026-10-02,P,367.5,6,10,0.38892212646484375,17.07,22.7,24.85
GOOGL,2026-09-24,2026-10-02,P,370.0,151,2,0.36890279541015625,25.88,24.8,26.9
GOOGL,2026-09-24,2026-10-02,P,375.0,19,1,0.4979298254394532,33.59,29.25,32.65
GOOGL,2026-09-24,2026-10-02,P,380.0,2,1,0.36963520996093746,38.53,34.45,36.35
GOOGL,2026-09-24,2026-10-02,P,385.0,0,8,0.5839885351562499,30.25,39.7,42.5
GOOGL,2026-09-24,2026-10-02,P,387.5,0,0,0.6080361462402344,32.35,41.7,45.0
GOOGL,2026-09-24,2026-10-02,P,390.0,0,38,0.6259803027343751,46.45,44.15,47.45
GOOGL,2026-09-24,2026-10-02,P,420.0,0,1,1.0000000000000003e-05,74.71,0.0,0.0
GOOGL,2026-09-24,2026-10-05,C,330.0,29,1,0.33130551513671874,17.0,15.25,16.6
GOOGL,2026-09-24,2026-10-05,C,340.0,147,21,0.2790599438476562,8.4,8.2,8.75
GOOGL,2026-09-24,2026-10-05,C,342.5,126,39,0.28266098205566403,6.9,6.4,7.45
GOOGL,2026-09-24,2026-10-05,C,345.0,95,53,0.27997546203613277,5.8,5.6,6.15
GOOGL,2026-09-24,2026-10-05,C,347.5,45,27,0.2751537329101562,5.0,4.6,4.95
GOOGL,2026-09-24,2026-10-05,C,350.0,438,150,0.2791820129394531,3.73,3.6,4.1
GOOGL,2026-09-24,2026-10-05,C,352.5,109,68,0.28186753295898437,2.95,2.27,3.35
GOOGL,2026-09-24,2026-10-05,C,355.0,838,36,0.2841868457031249,2.51,2.26,2.71
GOOGL,2026-09-24,2026-10-05,C,357.5,185,6,0.28064684204101553,1.84,1.74,2.07
GOOGL,2026-09-24,2026-10-05,C,360.0,413,87,0.28357650024414055,1.4,1.4,1.65
GOOGL,2026-09-24,2026-10-05,C,362.5,26,5,0.2880930566406249,1.19,1.12,1.33
GOOGL,2026-09-24,2026-10-05,C,365.0,165,37,0.29175512939453113,0.95,0.91,1.06
GOOGL,2026-09-24,2026-10-05,C,367.5,49,34,0.30884480224609373,0.81,0.71,0.99
GOOGL,2026-09-24,2026-10-05,C,370.0,46,13,0.3057930749511719,0.66,0.59,0.73
GOOGL,2026-09-24,2026-10-05,C,372.5,16,1,0.31055376953124997,0.52,0.48,0.59
GOOGL,2026-09-24,2026-10-05,C,375.0,167,1,0.3315496533203125,0.42,0.0,0.6
GOOGL,2026-09-24,2026-10-05,C,377.5,2523,1,0.32691102783203124,0.39,0.33,0.43
GOOGL,2026-09-24,2026-10-05,C,380.0,41,3,0.39453730468750003,0.21,0.0,0.8
GOOGL,2026-09-24,2026-10-05,C,385.0,3,1,0.57617611328125,0.28,0.0,2.36
GOOGL,2026-09-24,2026-10-05,C,390.0,192,6,0.4993946545410156,0.22,0.0,1.04
GOOGL,2026-09-24,2026-10-05,C,395.0,4,0,0.5380905566406251,0.35,0.0,1.05
GOOGL,2026-09-24,2026-10-05,C,400.0,2,0,0.5205126074218749,0.52,0.0,1.31
GOOGL,2026-09-24,2026-10-05,C,405.0,10,6,0.45606012695312503,0.21,0.0,0.21
GOOGL,2026-09-24,2026-10-05,C,410.0,1,1,0.5888712988281251,0.5,0.0,0.67
GOOGL,2026-09-24,2026-10-05,C,415.0,2,0,0.80664255859375,0.09,0.0,2.2
GOOGL,2026-09-24,2026-10-05,C,420.0,1,0,0.8425308715820312,0.01,0.0,2.19
GOOGL,2026-09-24,2026-10-05,P,275.0,0,5,0.8178729150390623,0.01,0.0,2.15
GOOGL,2026-09-24,2026-10-05,P,315.0,137,1,0.3640200317382813,0.42,0.06,0.78
GOOGL,2026-09-24,2026-10-05,P,320.0,92,5,0.33521172607421873,0.27,0.03,1.0
GOOGL,2026-09-24,2026-10-05,P,322.5,56,6,0.273444765625,0.57,0.45,0.64
GOOGL,2026-09-24,2026-10-05,P,325.0,115,12,0.26856200195312496,0.8,0.7,0.85
GOOGL,2026-09-24,2026-10-05,P,327.5,27,1,0.26807372558593745,1.06,0.76,1.18
GOOGL,2026-09-24,2026-10-05,P,330.0,243,62,0.25830819824218754,1.39,1.27,1.46
GOOGL,2026-09-24,2026-10-05,P,332.5,39,6,0.2555006091308594,1.9,1.73,1.93
GOOGL,2026-09-24,2026-10-05,P,335.0,60,45,0.25794199096679693,2.39,2.15,2.62
GOOGL,2026-09-24,2026-10-05,P,337.5,19,5,0.27368890380859373,3.01,2.81,3.75
GOOGL,2026-09-24,2026-10-05,P,340.0,132,33,0.27539787109374997,4.15,3.65,4.75
GOOGL,2026-09-24,2026-10-05,P,342.5,56,7,0.27698476928710936,5.22,4.7,5.9
GOOGL,2026-09-24,2026-10-05,P,345.0,79,1,0.24915301635742187,6.31,5.8,6.5
GOOGL,2026-09-24,2026-10-05,P,347.5,12,5,0.27368890380859373,7.35,7.35,8.5
GOOGL,2026-09-24,2026-10-05,P,350.0,100,2,0.28211167114257807,14.51,8.65,10.25
GOOGL,2026-09-24,2026-10-05,P,352.5,24,15,0.2612378564453125,16.0,10.35,11.5
GOOGL,2026-09-24,2026-10-05,P,355.0,10,1,0.28705546936035153,19.05,12.35,13.85
GOOGL,2026-09-24,2026-10-05,P,357.5,10,1,0.2775340802001953,14.38,13.85,15.6
GOOGL,2026-09-24,2026-10-05,P,360.0,6,1,0.28137925659179686,18.12,15.85,17.7
GOOGL,2026-09-24,2026-10-05,P,362.5,1,0,0.32080757324218745,8.2,18.7,20.4
GOOGL,2026-09-24,2026-10-05,P,365.0,6,5,0.3332586206054688,23.15,20.1,22.7
GOOGL,2026-09-24,2026-10-05,P,380.0,4,0,0.4647270324707031,26.5,34.75,37.6
GOOGL,2026-09-24,2026-10-09,C,140.0,47,0,2.2226606933593747,194.95,203.25,206.25
GOOGL,2026-09-24,2026-10-09,C,155.0,3,0,2.019536201171875,192.39,188.3,191.35
GOOGL,2026-09-24,2026-10-09,C,190.0,1,0,1.558107678222656,147.4,153.35,156.35
GOOGL,2026-09-24,2026-10-09,C,195.0,4,4,1.5112329125976562,149.56,148.45,151.35
GOOGL,2026-09-24,2026-10-09,C,205.0,1,0,1.400393623046875,151.99,138.4,141.45
GOOGL,2026-09-24,2026-10-09,C,210.0,4,0,1.3437532812499997,143.87,133.4,136.45
GOOGL,2026-09-24,2026-10-09,C,225.0,4,0,1.1801798803710937,106.08,118.45,121.4
GOOGL,2026-09-24,2026-10-09,C,230.0,4,0,1.1376996240234376,101.14,113.45,116.5
GOOGL,2026-09-24,2026-10-09,C,245.0,1,0,0.9848634326171876,87.34,98.5,101.45
GOOGL,2026-09-24,2026-10-09,C,250.0,21,0,0.9438482177734374,82.4,93.5,96.55
GOOGL,2026-09-24,2026-10-09,C,255.0,20,0,0.8908702319335937,75.08,88.5,91.5
GOOGL,2026-09-24,2026-10-09,C,260.0,29,0,0.8466812207031249,71.98,83.55,86.5
GOOGL,2026-09-24,2026-10-09,C,265.0,29,0,0.8100604931640624,67.06,78.65,81.55
GOOGL,2026-09-24,2026-10-09,C,270.0,20,56,0.7553735400390625,63.43,73.55,76.55
GOOGL,2026-09-24,2026-10-09,C,275.0,17,46,0.7084990087890625,57.7,68.6,71.5
GOOGL,2026-09-24,2026-10-09,C,280.0,10,2,0.6621127539062501,75.55,63.6,66.5
GOOGL,2026-09-24,2026-10-09,C,285.0,11,2,0.6340368627929689,58.66,58.75,61.65
GOOGL,2026-09-24,2026-10-09,C,290.0,13,2,0.5395553857421876,53.45,53.75,55.85
GOOGL,2026-09-24,2026-10-09,C,295.0,13,1,0.5410202148437502,48.44,48.7,51.7
GOOGL,2026-09-24,2026-10-09,C,300.0,22,504,0.5946085461425781,45.11,43.8,46.4
GOOGL,2026-09-24,2026-10-09,C,305.0,66,421,0.57617611328125,38.81,38.85,41.9
GOOGL,2026-09-24,2026-10-09,C,310.0,58,47,0.5343064147949219,32.85,34.0,37.1
GOOGL,2026-09-24,2026-10-09,C,315.0,73,5,0.4470270141601562,29.3,29.7,31.55
GOOGL,2026-09-24,2026-10-09,C,320.0,45,1,0.39600213378906257,26.6,25.15,26.6
GOOGL,2026-09-24,2026-10-09,C,325.0,59,8,0.3758607336425781,21.19,20.7,22.3
GOOGL,2026-09-24,2026-10-09,C,330.0,183,22,0.3515079498291015,17.02,16.45,18.1
GOOGL,2026-09-24,2026-10-09,C,332.5,4,3,0.33179379150390625,15.35,15.1,15.9
GOOGL,2026-09-24,2026-10-09,C,335.0,593,7,0.31793894958496094,14.03,13.35,13.9
GOOGL,2026-09-24,2026-10-09,C,337.5,103,18,0.3070137658691406,11.0,11.7,12.05
GOOGL,2026-09-24,2026-10-09,C,340.0,536,1180,0.3055489367675781,10.5,10.2,10.55
GOOGL,2026-09-24,2026-10-09,C,342.5,965,147,0.3034737622070312,9.1,8.8,9.15
GOOGL,2026-09-24,2026-10-09,C,345.0,974,359,0.3062813513183594,7.75,7.65,8.0
GOOGL,2026-09-24,2026-10-09,C,347.5,279,115,0.3030465203857422,6.37,6.45,6.8
GOOGL,2026-09-24,2026-10-09,C,350.0,1014,645,0.30103238037109376,5.6,5.45,5.75
GOOGL,2026-09-24,2026-10-09,C,352.5,112,42,0.3042672113037109,4.7,4.6,4.95
GOOGL,2026-09-24,2026-10-09,C,355.0,9631,2851,0.3035347967529296,4.2,3.9,4.15
GOOGL,2026-09-24,2026-10-09,C,357.5,688,41,0.30493859130859374,3.55,3.25,3.5
GOOGL,2026-09-24,2026-10-09,C,360.0,1966,376,0.3037789349365234,2.81,2.7,2.88
GOOGL,2026-09-24,2026-10-09,C,362.5,238,45,0.304694453125,2.34,2.25,2.39
GOOGL,2026-09-24,2026-10-09,C,365.0,1341,228,0.3094551477050781,2.05,1.86,2.04
GOOGL,2026-09-24,2026-10-09,C,367.5,119,23,0.31409377319335935,1.65,1.62,1.74
GOOGL,2026-09-24,2026-10-09,C,370.0,1411,234,0.3177558459472656,1.38,1.36,1.47
GOOGL,2026-09-24,2026-10-09,C,372.5,102,34,0.3198310205078124,1.21,1.12,1.22
GOOGL,2026-09-24,2026-10-09,C,375.0,1083,116,0.32520206054687495,0.96,0.92,1.05
GOOGL,2026-09-24,2026-10-09,C,380.0,1044,144,0.33179379150390625,0.72,0.69,0.74
GOOGL,2026-09-24,2026-10-09,C,385.0,1960,102,0.3435124243164062,0.52,0.5,0.56
GOOGL,2026-09-24,2026-10-09,C,390.0,305,57,0.3552310571289062,0.44,0.38,0.43
GOOGL,2026-09-24,2026-10-09,C,395.0,232,18,0.3947814428710938,0.37,0.05,0.5
GOOGL,2026-09-24,2026-10-09,C,400.0,661,75,0.39111937011718745,0.24,0.24,0.32
GOOGL,2026-09-24,2026-10-09,C,405.0,157,4,0.4233456103515625,0.2,0.17,0.35
GOOGL,2026-09-24,2026-10-09,C,410.0,147,5,0.428716650390625,0.21,0.05,0.26
GOOGL,2026-09-24,2026-10-09,C,415.0,56,10,0.44727115234375,0.12,0.02,0.24
GOOGL,2026-09-24,2026-10-09,C,420.0,3298,14,0.4555718505859375,0.16,0.11,0.19
GOOGL,2026-09-24,2026-10-09,C,425.0,14,4,0.47461462890625,0.15,0.08,0.18
GOOGL,2026-09-24,2026-10-09,C,430.0,98,10,0.4892629199218751,0.12,0.01,0.16
GOOGL,2026-09-24,2026-10-09,C,435.0,77,2,0.514653291015625,0.07,0.03,0.17
GOOGL,2026-09-24,2026-10-09,C,440.0,341,2,0.5127001855468749,0.12,0.04,0.12
GOOGL,2026-09-24,2026-10-09,C,445.0,77,1,0.5039112109375,0.12,0.01,0.14
GOOGL,2026-09-24,2026-10-09,C,450.0,79,1,0.5273484765625001,0.12,0.01,0.08
GOOGL,2026-09-24,2026-10-09,C,455.0,16,15,0.5419967675781252,0.05,0.01,0.14
GOOGL,2026-09-24,2026-10-09,C,460.0,211,3,0.551762294921875,0.06,0.01,0.12
GOOGL,2026-09-24,2026-10-09,C,465.0,12,2,0.5644574804687501,0.1,0.01,0.11
GOOGL,2026-09-24,2026-10-09,C,470.0,37,4,0.5664105859375,0.06,0.01,0.08
GOOGL,2026-09-24,2026-10-09,C,475.0,33,5,0.5937540625000001,0.1,0.01,0.1
GOOGL,2026-09-24,2026-10-09,C,480.0,9,2,0.6113320117187502,0.1,0.01,0.1
GOOGL,2026-09-24,2026-10-09,C,485.0,16,2,0.632816171875,0.11,0.01,0.11
GOOGL,2026-09-24,2026-10-09,C,490.0,18,1,0.6562534375000001,0.13,0.01,0.12
GOOGL,2026-09-24,2026-10-09,C,495.0,18,1,0.6601596484375001,0.1,0.01,0.1
GOOGL,2026-09-24,2026-10-09,C,500.0,14,4,0.6699251757812501,0.02,0.01,0.09
GOOGL,2026-09-24,2026-10-09,C,505.0,15,1,0.6914093359375001,0.1,0.01,0.1
GOOGL,2026-09-24,2026-10-09,C,510.0,11,7,0.7070341796875,0.02,0.01,0.1
GOOGL,2026-09-24,2026-10-09,C,515.0,16,2,0.71679970703125,0.05,0.01,0.09
GOOGL,2026-09-24,2026-10-09,C,520.0,14,5,0.7324245507812499,0.05,0.01,0.09
GOOGL,2026-09-24,2026-10-09,C,525.0,13,11,0.710940390625,0.03,0.02,0.04
GOOGL,2026-09-24,2026-10-09,C,530.0,23,33,0.7382838671874999,0.05,0.01,0.06
GOOGL,2026-09-24,2026-10-09,C,535.0,23,8,0.7500025,0.02,0.01,0.06
GOOGL,2026-09-24,2026-10-09,C,540.0,293,21,1.1616252856445315,0.06,0.0,2.14
GOOGL,2026-09-24,2026-10-09,C,545.0,880,100,0.7421900781249999,0.01,0.01,0.03
GOOGL,2026-09-24,2026-10-09,C,550.0,229,16,0.7578149218750001,0.04,0.01,0.03
GOOGL,2026-09-24,2026-10-09,P,100.0,15,0,1.75000125,0.05,0.0,0.01
GOOGL,2026-09-24,2026-10-09,P,105.0,17,0,2.3750040624999995,0.06,0.0,0.4
GOOGL,2026-09-24,2026-10-09,P,110.0,15,0,1.625001875,0.06,0.0,0.01
GOOGL,2026-09-24,2026-10-09,P,115.0,13,0,2.777346806640625,0.05,0.0,2.13
GOOGL,2026-09-24,2026-10-09,P,120.0,7,0,1.5000025,0.05,0.0,0.01
GOOGL,2026-09-24,2026-10-09,P,125.0,10,4,2.5800816748046875,0.01,0.0,2.13
GOOGL,2026-09-24,2026-10-09,P,130.0,3,0,1.40625296875,0.05,0.0,0.01
GOOGL,2026-09-24,2026-10-09,P,135.0,10,1,2.3984415039062497,0.55,0.0,2.13
GOOGL,2026-09-24,2026-10-09,P,140.0,3,0,1.3125034374999998,0.05,0.0,0.01
GOOGL,2026-09-24,2026-10-09,P,145.0,15,0,2.2304731738281243,0.02,0.0,2.13
GOOGL,2026-09-24,2026-10-09,P,150.0,3,0,1.21875390625,0.06,0.0,0.01
GOOGL,2026-09-24,2026-10-09,P,155.0,21,0,1.6328143359374998,0.08,0.0,0.4
GOOGL,2026-09-24,2026-10-09,P,160.0,5,0,1.171879140625,0.12,0.0,0.02
GOOGL,2026-09-24,2026-10-09,P,165.0,27,0,1.5136743066406249,0.13,0.0,0.4
GOOGL,2026-09-24,2026-10-09,P,170.0,30,0,1.4560574072265624,0.13,0.0,0.4
GOOGL,2026-09-24,2026-10-09,P,175.0,11,0,1.7880869970703124,0.13,0.0,2.13
GOOGL,2026-09-24,2026-10-09,P,185.0,2,0,1.656739997558594,0.08,0.0,2.13
GOOGL,2026-09-24,2026-10-09,P,190.0,162,4,1.5937520312499998,0.03,0.0,2.13
GOOGL,2026-09-24,2026-10-09,P,195.0,19,10,1.5327171801757813,0.03,0.0,2.13
GOOGL,2026-09-24,2026-10-09,P,200.0,39,12,1.47265888671875,0.01,0.0,2.13
GOOGL,2026-09-24,2026-10-09,P,205.0,1008,1,1.4140654296875002,0.03,0.0,2.13
GOOGL,2026-09-24,2026-10-09,P,210.0,33,11,1.3569368090820313,0.03,0.0,2.13
GOOGL,2026-09-24,2026-10-09,P,215.0,37,15,1.3007847460937496,0.04,0.0,2.13
GOOGL,2026-09-24,2026-10-09,P,220.0,18,42,1.245609240722656,0.07,0.0,2.13
GOOGL,2026-09-24,2026-10-09,P,225.0,37,29,1.1928751293945314,0.03,0.0,2.14
GOOGL,2026-09-24,2026-10-09,P,230.0,18,2,1.1401410180664064,0.04,0.0,2.14
GOOGL,2026-09-24,2026-10-09,P,235.0,27,2,1.087895185546875,0.05,0.0,2.14
GOOGL,2026-09-24,2026-10-09,P,240.0,26,18,0.6132851171875001,0.05,0.01,0.03
GOOGL,2026-09-24,2026-10-09,P,245.0,64,2,0.6425816992187501,0.03,0.01,0.1
GOOGL,2026-09-24,2026-10-09,P,250.0,34,4,0.6015664843750002,0.05,0.01,0.09
GOOGL,2026-09-24,2026-10-09,P,255.0,26,24,0.6152382226562501,0.04,0.02,0.18
GOOGL,2026-09-24,2026-10-09,P,260.0,59,5,0.5507857421875001,0.07,0.03,0.1
GOOGL,2026-09-24,2026-10-09,P,265.0,95,15,0.51562984375,0.06,0.01,0.12
GOOGL,2026-09-24,2026-10-09,P,270.0,25,2,0.5019581054687501,0.08,0.01,0.17
GOOGL,2026-09-24,2026-10-09,P,275.0,51,4,0.5048877636718749,0.09,0.01,0.16
GOOGL,2026-09-24,2026-10-09,P,280.0,83,6,0.4726615234375,0.11,0.07,0.17
GOOGL,2026-09-24,2026-10-09,P,285.0,109,57,0.42969320312500003,0.12,0.04,0.15
GOOGL,2026-09-24,2026-10-09,P,290.0,181,7,0.40869731933593745,0.15,0.1,0.19
GOOGL,2026-09-24,2026-10-09,P,295.0,367,6,0.39014281738281253,0.21,0.14,0.25
GOOGL,2026-09-24,2026-10-09,P,300.0,767,43,0.3579165771484375,0.23,0.22,0.27
GOOGL,2026-09-24,2026-10-09,P,305.0,2854,31,0.33301448242187504,0.31,0.29,0.33
GOOGL,2026-09-24,2026-10-09,P,310.0,661,22,0.3156806713867187,0.44,0.42,0.46
GOOGL,2026-09-24,2026-10-09,P,315.0,1591,58,0.30054410400390624,0.64,0.62,0.67
GOOGL,2026-09-24,2026-10-09,P,320.0,1080,75,0.2902903002929687,0.99,0.96,1.04
GOOGL,2026-09-24,2026-10-09,P,325.0,1084,142,0.2823558093261719,1.51,1.52,1.63
GOOGL,2026-09-24,2026-10-09,P,327.5,152,109,0.2778392529296875,1.9,1.89,2.01
GOOGL,2026-09-24,2026-10-09,P,330.0,726,256,0.27197993652343744,2.42,2.29,2.44
GOOGL,2026-09-24,2026-10-09,P,332.5,53,9,0.2771678729248046,3.15,2.91,3.2
GOOGL,2026-09-24,2026-10-09,P,335.0,884,112,0.2683178637695312,3.75,3.55,3.75
GOOGL,2026-09-24,2026-10-09,P,337.5,235,66,0.26935545104980463,4.7,4.2,4.65
GOOGL,2026-09-24,2026-10-09,P,340.0,810,35,0.26367923828125,5.7,5.35,5.5
GOOGL,2026-09-24,2026-10-09,P,342.5,129,27,0.2679516564941406,6.89,6.35,6.75
GOOGL,2026-09-24,2026-10-09,P,345.0,525,30,0.26734131103515624,8.09,7.7,8.0
GOOGL,2026-09-24,2026-10-09,P,347.5,29,19,0.2636182037353516,9.65,8.95,9.3
GOOGL,2026-09-24,2026-10-09,P,350.0,354,15,0.26807372558593745,11.15,10.4,10.95
GOOGL,2026-09-24,2026-10-09,P,352.5,53,1,0.2679516564941406,12.55,12.1,12.6
GOOGL,2026-09-24,2026-10-09,P,355.0,215,2,0.27136959106445313,14.38,13.7,14.45
GOOGL,2026-09-24,2026-10-09,P,357.5,14,0,0.270515107421875,12.38,15.15,16.3
GOOGL,2026-09-24,2026-10-09,P,360.0,137,4,0.2695385546875,17.1,17.7,18.25
GOOGL,2026-09-24,2026-10-09,P,362.5,4,0,0.2880930566406249,16.0,20.05,20.65
GOOGL,2026-09-24,2026-10-09,P,365.0,53,5,0.2912668530273437,26.0,21.75,22.8
GOOGL,2026-09-24,2026-10-09,P,370.0,12,15,0.2967599621582031,28.2,26.25,27.25
GOOGL,2026-09-24,2026-10-09,P,372.5,3,0,0.3042061767578125,23.16,28.95,29.6
GOOGL,2026-09-24,2026-10-09,P,375.0,1,1,0.3898986791992188,33.41,30.1,33.05
GOOGL,2026-09-24,2026-10-09,P,380.0,29,68,0.3748841809082031,35.78,34.5,37.3
GOOGL,2026-09-24,2026-10-09,P,385.0,17,0,0.4420221813964844,44.0,39.9,42.7
GOOGL,2026-09-24,2026-10-09,P,390.0,2,10,0.46960979614257814,43.65,44.35,47.6
GOOGL,2026-09-24,2026-10-09,P,400.0,0,0,0.5278367529296876,42.61,54.6,57.5
GOOGL,2026-09-24,2026-10-16,C,150.0,405,10,1.759766826171875,188.47,193.45,196.4
GOOGL,2026-09-24,2026-10-16,C,155.0,10,4,1.5937520312499998,200.45,187.8,191.4
GOOGL,2026-09-24,2026-10-16,C,160.0,13,2,1.5527366113281247,172.62,182.85,186.45
GOOGL,2026-09-24,2026-10-16,C,165.0,16,1,1.4960962695312499,182.15,177.7,181.6
GOOGL,2026-09-24,2026-10-16,C,170.0,662,852,1.4638698681640623,176.75,173.0,176.45
GOOGL,2026-09-24,2026-10-16,C,175.0,19,3,1.3720734521484375,171.76,167.75,171.45
GOOGL,2026-09-24,2026-10-16,C,180.0,21,10,1.3501009057617184,176.95,162.9,166.5
GOOGL,2026-09-24,2026-10-16,C,185.0,29,3,1.2705114599609373,168.83,157.7,161.5
GOOGL,2026-09-24,2026-10-16,C,190.0,30,3,1.235843664550781,163.89,152.8,156.5
GOOGL,2026-09-24,2026-10-16,C,195.0,7,2,1.2309608764648439,143.93,148.55,151.1
GOOGL,2026-09-24,2026-10-16,C,200.0,31,9,1.1879923413085938,139.75,143.55,146.15
GOOGL,2026-09-24,2026-10-16,C,205.0,33,2,1.140629296875,132.88,138.55,141.15
GOOGL,2026-09-24,2026-10-16,C,210.0,99,1,1.0673874755859378,128.42,133.55,135.9
GOOGL,2026-09-24,2026-10-16,C,215.0,25,1,1.05859845703125,128.02,128.6,131.2
GOOGL,2026-09-24,2026-10-16,C,220.0,20,1,1.013676806640625,120.5,123.6,126.2
GOOGL,2026-09-24,2026-10-16,C,225.0,21,3,0.9697268652343749,139.0,118.6,121.2
GOOGL,2026-09-24,2026-10-16,C,230.0,25,1,0.9353033813476561,100.94,113.65,116.25
GOOGL,2026-09-24,2026-10-16,C,235.0,64,1,0.89257919921875,127.4,108.65,111.25
GOOGL,2026-09-24,2026-10-16,C,240.0,83,1,0.858399853515625,101.9,103.7,106.3
GOOGL,2026-09-24,2026-10-16,C,245.0,137,1,0.8168963623046874,99.7,98.7,101.3
GOOGL,2026-09-24,2026-10-16,C,250.0,129,2,0.8425308715820312,88.86,94.65,96.4
GOOGL,2026-09-24,2026-10-16,C,255.0,148,7,0.7421900781249999,95.3,88.75,91.35
GOOGL,2026-09-24,2026-10-16,C,260.0,155,11,0.7084990087890625,96.57,83.8,86.4
GOOGL,2026-09-24,2026-10-16,C,265.0,57,1,0.6718782812500002,75.6,78.85,81.4
GOOGL,2026-09-24,2026-10-16,C,270.0,152,1,0.6351354846191408,71.9,73.85,76.45
GOOGL,2026-09-24,2026-10-16,C,275.0,377,5,0.5959513061523438,82.69,68.9,71.4
GOOGL,2026-09-24,2026-10-16,C,280.0,252,27,0.5273484765625001,62.12,63.2,66.55
GOOGL,2026-09-24,2026-10-16,C,285.0,370,1,0.5305222729492188,77.25,59.0,61.55
GOOGL,2026-09-24,2026-10-16,C,290.0,342,40,0.5003712072753908,67.24,54.45,56.3
GOOGL,2026-09-24,2026-10-16,C,295.0,173,1,0.5555464367675782,48.37,49.4,51.75
GOOGL,2026-09-24,2026-10-16,C,300.0,967,1,0.500005,46.6,45.05,46.55
GOOGL,2026-09-24,2026-10-16,C,305.0,216,7,0.45935599243164066,36.3,40.1,41.6
GOOGL,2026-09-24,2026-10-16,C,310.0,565,1,0.41309180664062495,35.45,35.35,36.55
GOOGL,2026-09-24,2026-10-16,C,315.0,498,2,0.40027455200195317,30.22,30.9,32.2
GOOGL,2026-09-24,2026-10-16,C,320.0,1729,13,0.34058276611328125,27.2,26.4,26.9
GOOGL,2026-09-24,2026-10-16,C,325.0,1600,8,0.3455875988769531,22.87,22.4,23.2
GOOGL,2026-09-24,2026-10-16,C,327.5,79,3,0.34906656799316405,19.55,20.45,21.5
GOOGL,2026-09-24,2026-10-16,C,330.0,3250,17,0.3289251678466796,18.37,18.55,19.2
GOOGL,2026-09-24,2026-10-16,C,332.5,77,4,0.32434757690429683,18.0,16.8,17.4
GOOGL,2026-09-24,2026-10-16,C,335.0,2353,22,0.3173286041259765,16.1,15.1,15.6
GOOGL,2026-09-24,2026-10-16,C,337.5,125,24,0.31415480773925775,13.75,13.55,14.0
GOOGL,2026-09-24,2026-10-16,C,340.0,7104,660,0.3082954913330078,12.25,12.05,12.4
GOOGL,2026-09-24,2026-10-16,C,342.5,564,275,0.3012765185546875,11.1,10.7,10.85
GOOGL,2026-09-24,2026-10-16,C,345.0,5371,1536,0.30487755676269535,9.6,9.6,9.75
GOOGL,2026-09-24,2026-10-16,C,347.5,203,114,0.3070137658691406,8.5,8.3,8.7
GOOGL,2026-09-24,2026-10-16,C,350.0,9316,1945,0.3064034204101562,7.5,7.4,7.65
GOOGL,2026-09-24,2026-10-16,C,352.5,168,41,0.30451134948730463,6.55,6.3,6.65
GOOGL,2026-09-24,2026-10-16,C,355.0,6985,270,0.30121548400878906,5.7,5.55,5.7
GOOGL,2026-09-24,2026-10-16,C,357.5,660,90,0.3065865240478516,5.0,4.85,5.1
GOOGL,2026-09-24,2026-10-16,C,360.0,15153,2063,0.30609824768066407,4.35,4.2,4.4
GOOGL,2026-09-24,2026-10-16,C,362.5,176,25,0.31024859680175776,3.8,3.6,3.9
GOOGL,2026-09-24,2026-10-16,C,365.0,8240,438,0.30823445678710937,3.2,3.05,3.3
GOOGL,2026-09-24,2026-10-16,C,367.5,150,66,0.31201859863281245,2.87,2.73,2.91
GOOGL,2026-09-24,2026-10-16,C,370.0,33611,1021,0.3133613586425781,2.5,2.34,2.51
GOOGL,2026-09-24,2026-10-16,C,372.5,58,14,0.3166572241210937,2.1,2.1,2.2
GOOGL,2026-09-24,2026-10-16,C,375.0,69665,1143,0.3194648132324218,1.81,1.83,1.92
GOOGL,2026-09-24,2026-10-16,C,380.0,10569,1142,0.32581240600585937,1.42,1.32,1.47
GOOGL,2026-09-24,2026-10-16,C,385.0,6347,108,0.3324041369628906,1.13,1.07,1.13
GOOGL,2026-09-24,2026-10-16,C,390.0,10051,112,0.34058276611328125,0.86,0.84,0.89
GOOGL,2026-09-24,2026-10-16,C,395.0,1899,253,0.35034829345703117,0.69,0.62,0.72
GOOGL,2026-09-24,2026-10-16,C,400.0,22537,1292,0.35938140625,0.56,0.53,0.58
GOOGL,2026-09-24,2026-10-16,C,405.0,2512,84,0.36939107177734376,0.44,0.43,0.48
GOOGL,2026-09-24,2026-10-16,C,410.0,32716,379,0.3857483300781249,0.38,0.36,0.44
GOOGL,2026-09-24,2026-10-16,C,415.0,2370,580,0.39014281738281253,0.33,0.29,0.34
GOOGL,2026-09-24,2026-10-16,C,420.0,9030,36,0.40039662109375,0.25,0.25,0.29
GOOGL,2026-09-24,2026-10-16,C,425.0,5239,366,0.41797457031249996,0.23,0.21,0.28
GOOGL,2026-09-24,2026-10-16,C,430.0,4208,569,0.424810439453125,0.18,0.15,0.23
GOOGL,2026-09-24,2026-10-16,C,435.0,746,2,0.44287666503906253,0.15,0.01,0.23
GOOGL,2026-09-24,2026-10-16,C,440.0,2461,61,0.4585015087890626,0.15,0.08,0.22
GOOGL,2026-09-24,2026-10-16,C,445.0,1105,14,0.4731497998046875,0.09,0.09,0.21
GOOGL,2026-09-24,2026-10-16,C,450.0,4940,1061,0.46484910156250003,0.12,0.11,0.14
GOOGL,2026-09-24,2026-10-16,C,460.0,6828,41,0.49805189453125004,0.11,0.02,0.14
GOOGL,2026-09-24,2026-10-16,C,470.0,4352,14,0.500005,0.09,0.07,0.1
GOOGL,2026-09-24,2026-10-16,C,480.0,6729,1,0.51758294921875,0.12,0.01,0.13
GOOGL,2026-09-24,2026-10-16,C,490.0,7560,9,0.5312546875,0.06,0.04,0.07
GOOGL,2026-09-24,2026-10-16,C,500.0,4359,2,0.5722699023437501,0.1,0.04,0.1
GOOGL,2026-09-24,2026-10-16,C,510.0,2596,4,0.5839885351562499,0.05,0.01,0.1
GOOGL,2026-09-24,2026-10-16,C,520.0,3449,3,0.6210975390625001,0.06,0.03,0.1
GOOGL,2026-09-24,2026-10-16,C,530.0,5801,3,0.6347692773437501,0.1,0.01,0.1
GOOGL,2026-09-24,2026-10-16,C,540.0,6397,2,0.64648791015625,0.04,0.01,0.08
GOOGL,2026-09-24,2026-10-16,C,550.0,2096,2,0.6875031250000001,0.16,0.0,0.12
GOOGL,2026-09-24,2026-10-16,C,560.0,376,3,0.9096688720703124,0.09,0.0,1.0
GOOGL,2026-09-24,2026-10-16,C,570.0,69,1,0.7070341796875,0.07,0.01,0.07
GOOGL,2026-09-24,2026-10-16,C,580.0,206,8,0.7187528125,0.03,0.01,0.06
GOOGL,2026-09-24,2026-10-16,C,590.0,66,10,0.7656273437500001,0.02,0.0,0.1
GOOGL,2026-09-24,2026-10-16,C,600.0,1435,4,0.7851583984375,0.05,0.0,0.1
GOOGL,2026-09-24,2026-10-16,C,610.0,73,15,0.7460962890625,0.03,0.01,0.03
GOOGL,2026-09-24,2026-10-16,C,620.0,56,1,0.6875031250000001,0.01,0.0,0.01
GOOGL,2026-09-24,2026-10-16,C,630.0,168,3,0.70312796875,0.04,0.0,0.01
GOOGL,2026-09-24,2026-10-16,C,640.0,250,6,0.7812521875,0.02,0.0,0.03
GOOGL,2026-09-24,2026-10-16,C,650.0,234,1,0.73437765625,0.01,0.0,0.01
GOOGL,2026-09-24,2026-10-16,C,660.0,82,5,1.224613251953125,0.03,0.0,1.52
GOOGL,2026-09-24,2026-10-16,C,670.0,294,5,1.1005904345703126,0.03,0.0,0.57
GOOGL,2026-09-24,2026-10-16,C,680.0,124,1,1.333499426269531,0.12,0.0,2.13
GOOGL,2026-09-24,2026-10-16,C,690.0,92,14,1.3564485302734375,0.06,0.0,2.13
GOOGL,2026-09-24,2026-10-16,C,700.0,40,5,0.8125018749999999,0.02,0.0,0.01
GOOGL,2026-09-24,2026-10-16,C,710.0,163,6,1.3474153723144529,0.02,0.0,1.62
GOOGL,2026-09-24,2026-10-16,C,720.0,177,4,1.3911163256835937,0.02,0.0,1.82
GOOGL,2026-09-24,2026-10-16,C,730.0,341,11,0.9687503125,0.01,0.0,0.05
GOOGL,2026-09-24,2026-10-16,C,740.0,75,3,1.308108928222656,0.02,0.0,0.91
GOOGL,2026-09-24,2026-10-16,C,750.0,124,4,0.8906260937499999,0.02,0.0,0.01
GOOGL,2026-09-24,2026-10-16,C,760.0,109,1,1.0742233789062503,0.02,0.0,0.1
GOOGL,2026-09-24,2026-10-16,C,770.0,38,1,1.5258812768554684,0.02,0.0,2.13
GOOGL,2026-09-24,2026-10-16,C,780.0,125,104,1.5151391430664063,0.11,0.0,1.85
GOOGL,2026-09-24,2026-10-16,C,790.0,89,2,1.5341820166015623,0.02,0.0,1.85
GOOGL,2026-09-24,2026-10-16,C,800.0,4960,5,0.9687503125,0.03,0.0,0.01
GOOGL,2026-09-24,2026-10-16,P,150.0,1441,308,1.0468797656250002,0.01,0.0,0.02
GOOGL,2026-09-24,2026-10-16,P,155.0,110,48,1.4209013330078126,0.05,0.0,0.61
GOOGL,2026-09-24,2026-10-16,P,160.0,145,21,1.359378203125,0.11,0.0,0.58
GOOGL,2026-09-24,2026-10-16,P,165.0,114,4,1.2500037499999999,0.03,0.0,0.4
GOOGL,2026-09-24,2026-10-16,P,170.0,354,2,1.5327171801757813,0.03,0.0,2.13
GOOGL,2026-09-24,2026-10-16,P,175.0,925,50,0.929688203125,0.02,0.0,0.05
GOOGL,2026-09-24,2026-10-16,P,180.0,2818,120,0.945313046875,0.03,0.0,0.09
GOOGL,2026-09-24,2026-10-16,P,185.0,478,102,0.8203142968749999,0.01,0.0,0.03
GOOGL,2026-09-24,2026-10-16,P,190.0,184,45,0.8359391406249999,0.03,0.01,0.05
GOOGL,2026-09-24,2026-10-16,P,195.0,177,175,0.789064609375,0.01,0.0,0.05
GOOGL,2026-09-24,2026-10-16,P,200.0,450,1,0.7929708203125,0.04,0.01,0.07
GOOGL,2026-09-24,2026-10-16,P,205.0,148,2,0.8710950390625,0.01,0.0,0.29
GOOGL,2026-09-24,2026-10-16,P,210.0,541,2,0.77929908203125,0.05,0.0,0.16
GOOGL,2026-09-24,2026-10-16,P,215.0,1084,2,0.7148466015625,0.05,0.01,0.1
GOOGL,2026-09-24,2026-10-16,P,220.0,3937,6,0.6757844921875001,0.05,0.01,0.09
GOOGL,2026-09-24,2026-10-16,P,225.0,516,10,0.6523472265625001,0.06,0.01,0.1
GOOGL,2026-09-24,2026-10-16,P,230.0,503,2,0.6132851171875001,0.06,0.01,0.09
GOOGL,2026-09-24,2026-10-16,P,235.0,630,47,0.59570716796875,0.08,0.01,0.11
GOOGL,2026-09-24,2026-10-16,P,240.0,1885,2,0.5664105859375,0.06,0.01,0.11
GOOGL,2026-09-24,2026-10-16,P,245.0,1396,18,0.5351608984375,0.07,0.01,0.11
GOOGL,2026-09-24,2026-10-16,P,250.0,9618,1289,0.523442265625,0.08,0.04,0.12
GOOGL,2026-09-24,2026-10-16,P,255.0,1038,21,0.5009815527343751,0.08,0.05,0.13
GOOGL,2026-09-24,2026-10-16,P,260.0,961,62,0.507817421875,0.11,0.06,0.16
GOOGL,2026-09-24,2026-10-16,P,265.0,2239,6,0.4726615234375,0.11,0.08,0.15
GOOGL,2026-09-24,2026-10-16,P,270.0,4336,10,0.446294599609375,0.09,0.09,0.16
GOOGL,2026-09-24,2026-10-16,P,275.0,3886,118,0.43018147949218755,0.17,0.15,0.2
GOOGL,2026-09-24,2026-10-16,P,280.0,2190,10,0.40820904296875,0.17,0.17,0.23
GOOGL,2026-09-24,2026-10-16,P,285.0,3473,2,0.398443515625,0.24,0.2,0.32
GOOGL,2026-09-24,2026-10-16,P,290.0,5041,48,0.36499658447265626,0.27,0.27,0.31
GOOGL,2026-09-24,2026-10-16,P,295.0,4845,46,0.3508365698242187,0.39,0.35,0.41
GOOGL,2026-09-24,2026-10-16,P,300.0,7560,152,0.331061376953125,0.48,0.45,0.5
GOOGL,2026-09-24,2026-10-16,P,305.0,3527,19,0.3171455004882812,0.65,0.62,0.67
GOOGL,2026-09-24,2026-10-16,P,310.0,6682,105,0.3055489367675781,0.9,0.85,0.93
GOOGL,2026-09-24,2026-10-16,P,315.0,6271,108,0.29614961669921874,1.26,1.22,1.32
GOOGL,2026-09-24,2026-10-16,P,320.0,9804,505,0.28784891845703114,1.83,1.8,1.88
GOOGL,2026-09-24,2026-10-16,P,325.0,7125,352,0.28247787841796873,2.6,2.52,2.71
GOOGL,2026-09-24,2026-10-16,P,327.5,1664,71,0.28076891113281244,3.15,3.05,3.25
GOOGL,2026-09-24,2026-10-16,P,330.0,9492,583,0.2782054602050781,3.75,3.8,3.85
GOOGL,2026-09-24,2026-10-16,P,332.5,507,21,0.2779613220214844,4.55,4.3,4.6
GOOGL,2026-09-24,2026-10-16,P,335.0,3905,664,0.2761302856445312,5.35,5.1,5.4
GOOGL,2026-09-24,2026-10-16,P,337.5,1717,125,0.27436028381347655,6.35,6.0,6.3
GOOGL,2026-09-24,2026-10-16,P,340.0,10437,1469,0.2725292474365234,7.15,7.0,7.3
GOOGL,2026-09-24,2026-10-16,P,342.5,575,60,0.27197993652343744,8.04,8.1,8.45
GOOGL,2026-09-24,2026-10-16,P,345.0,7572,448,0.27118648742675777,9.5,9.35,9.7
GOOGL,2026-09-24,2026-10-16,P,347.5,1228,53,0.2716747637939453,11.11,10.7,11.1
GOOGL,2026-09-24,2026-10-16,P,350.0,6509,90,0.268989243774414,12.75,12.2,12.5
GOOGL,2026-09-24,2026-10-16,P,352.5,366,28,0.2644116528320312,14.21,13.7,13.95
GOOGL,2026-09-24,2026-10-16,P,355.0,2943,32,0.2710033837890625,15.3,15.05,15.85
GOOGL,2026-09-24,2026-10-16,P,357.5,155,4,0.27161372924804683,17.8,17.35,17.65
GOOGL,2026-09-24,2026-10-16,P,360.0,2528,34,0.27094234924316407,19.8,18.95,19.5
GOOGL,2026-09-24,2026-10-16,P,362.5,132,2,0.268989243774414,21.25,20.6,21.4
GOOGL,2026-09-24,2026-10-16,P,365.0,1412,4,0.27210200561523434,23.25,22.75,23.5
GOOGL,2026-09-24,2026-10-16,P,367.5,3,1,0.27960925476074217,25.42,24.9,25.75
GOOGL,2026-09-24,2026-10-16,P,370.0,1020,25,0.27539787109374997,30.12,27.4,27.8
GOOGL,2026-09-24,2026-10-16,P,372.5,13,1,0.28137925659179686,36.73,29.15,30.1
GOOGL,2026-09-24,2026-10-16,P,375.0,471,6,0.28565167480468745,31.98,31.5,32.4
GOOGL,2026-09-24,2026-10-16,P,380.0,2549,10,0.3404606970214844,36.15,35.75,37.8
GOOGL,2026-09-24,2026-10-16,P,385.0,320,4,0.32398136962890617,41.64,40.75,42.1
GOOGL,2026-09-24,2026-10-16,P,390.0,378,48,0.37756970092773434,46.53,45.4,47.45
GOOGL,2026-09-24,2026-10-16,P,395.0,703,78,0.34497725341796875,53.05,50.55,51.75
GOOGL,2026-09-24,2026-10-16,P,400.0,2690,49,0.3579165771484375,58.55,55.0,56.65
GOOGL,2026-09-24,2026-10-16,P,405.0,0,7,0.4621635815429688,48.8,59.15,62.5
GOOGL,2026-09-24,2026-10-16,P,410.0,6,2,0.4624077197265626,71.73,64.3,67.2
GOOGL,2026-09-24,2026-10-16,P,415.0,6,23,0.508793974609375,81.42,69.1,72.45
GOOGL,2026-09-24,2026-10-16,P,420.0,2,88,0.5329636547851562,86.55,74.1,77.45
GOOGL,2026-09-24,2026-10-16,P,425.0,0,19,0.5568891967773439,78.51,79.15,82.45
GOOGL,2026-09-24,2026-10-16,P,430.0,0,104,0.5800823242187501,81.6,84.0,87.45
GOOGL,2026-09-24,2026-10-16,P,435.0,0,63,1.0000000000000003e-05,116.95,84.85,88.8
GOOGL,2026-09-24,2026-10-16,P,440.0,0,18,1.0000000000000003e-05,96.56,0.0,0.0
GOOGL,2026-09-24,2026-10-16,P,445.0,0,19,1.0000000000000003e-05,101.05,0.0,0.0
GOOGL,2026-09-24,2026-10-16,P,450.0,0,18,1.0000000000000003e-05,106.33,0.0,0.0
GOOGL,2026-09-24,2026-10-16,P,460.0,0,20,1.0000000000000003e-05,89.8,109.6,113.6
GOOGL,2026-09-24,2026-10-16,P,470.0,0,25,1.0000000000000003e-05,128.18,119.9,123.6
GOOGL,2026-09-24,2026-10-16,P,600.0,0,0,1.0000000000000003e-05,237.7,0.0,0.0
GOOGL,2026-09-24,2026-10-23,C,100.0,1,1,2.0400439624023434,256.0,242.65,246.35
GOOGL,2026-09-24,2026-10-23,C,195.0,1,0,1.091801416015625,137.37,148.15,151.7
GOOGL,2026-09-24,2026-10-23,C,220.0,6,0,0.9418951123046875,110.73,123.8,126.8
GOOGL,2026-09-24,2026-10-23,C,235.0,1,0,0.8291032714843749,127.62,108.85,111.85
GOOGL,2026-09-24,2026-10-23,C,250.0,5,5,0.7287624780273438,106.55,93.95,97.0
GOOGL,2026-09-24,2026-10-23,C,255.0,50,0,0.7036162451171876,94.27,89.0,92.2
GOOGL,2026-09-24,2026-10-23,C,275.0,2,0,0.563602996826172,68.83,69.2,72.15
GOOGL,2026-09-24,2026-10-23,C,280.0,6,6,0.5351608984375,73.0,64.3,67.25
GOOGL,2026-09-24,2026-10-23,C,285.0,2,1,0.5045215563964844,67.4,59.4,62.3
GOOGL,2026-09-24,2026-10-23,C,290.0,1,2,0.5592085095214845,51.0,54.35,57.45
GOOGL,2026-09-24,2026-10-23,C,295.0,11,1,0.5311326184082032,47.55,49.65,52.7
GOOGL,2026-09-24,2026-10-23,C,300.0,206,3,0.4996387927246094,44.67,44.85,47.9
GOOGL,2026-09-24,2026-10-23,C,305.0,4,3,0.4691825543212891,37.0,40.3,43.15
GOOGL,2026-09-24,2026-10-23,C,310.0,14,2,0.42352871398925784,36.35,36.15,38.05
GOOGL,2026-09-24,2026-10-23,C,315.0,16,1,0.41480077392578124,30.93,31.15,33.95
GOOGL,2026-09-24,2026-10-23,C,320.0,249,22,0.37573866455078125,28.44,28.1,29.1
GOOGL,2026-09-24,2026-10-23,C,325.0,79,9,0.35871002624511716,24.25,23.4,25.0
GOOGL,2026-09-24,2026-10-23,C,330.0,249,8,0.35834381896972656,20.75,19.75,21.65
GOOGL,2026-09-24,2026-10-23,C,335.0,306,20,0.3259344750976562,17.62,16.75,17.4
GOOGL,2026-09-24,2026-10-23,C,340.0,993,334,0.3263311996459961,14.25,13.85,14.6
GOOGL,2026-09-24,2026-10-23,C,345.0,1420,242,0.31592480957031244,11.65,11.25,11.7
GOOGL,2026-09-24,2026-10-23,C,350.0,1086,182,0.3154365332031249,9.45,8.7,9.5
GOOGL,2026-09-24,2026-10-23,C,355.0,558,145,0.31323928955078123,7.5,7.15,7.55
GOOGL,2026-09-24,2026-10-23,C,360.0,1898,646,0.316840327758789,6.0,5.7,6.1
GOOGL,2026-09-24,2026-10-23,C,365.0,470,120,0.31580274047851553,4.6,4.4,4.75
GOOGL,2026-09-24,2026-10-23,C,370.0,1968,360,0.31842722595214834,3.55,3.45,3.75
GOOGL,2026-09-24,2026-10-23,C,375.0,798,79,0.32263860961914054,2.75,2.56,2.98
GOOGL,2026-09-24,2026-10-23,C,380.0,1109,202,0.3218451605224609,2.21,2.1,2.25
GOOGL,2026-09-24,2026-10-23,C,385.0,1451,166,0.32910827148437494,1.7,1.51,1.83
GOOGL,2026-09-24,2026-10-23,C,390.0,1448,64,0.33374689697265625,1.36,1.3,1.45
GOOGL,2026-09-24,2026-10-23,C,395.0,354,49,0.3364324169921875,1.05,1.02,1.12
GOOGL,2026-09-24,2026-10-23,C,400.0,1010,105,0.3438786315917969,0.86,0.79,0.92
GOOGL,2026-09-24,2026-10-23,C,405.0,79,1,0.3540103662109374,0.68,0.58,0.79
GOOGL,2026-09-24,2026-10-23,C,410.0,561,31,0.35645174804687496,0.56,0.54,0.61
GOOGL,2026-09-24,2026-10-23,C,415.0,72,2,0.40332627929687503,0.51,0.15,0.88
GOOGL,2026-09-24,2026-10-23,C,420.0,463,18,0.37842418457031246,0.41,0.36,0.48
GOOGL,2026-09-24,2026-10-23,C,425.0,252,1,0.42407802490234375,0.42,0.02,0.7
GOOGL,2026-09-24,2026-10-23,C,430.0,56,1,0.40698835205078127,0.27,0.1,0.43
GOOGL,2026-09-24,2026-10-23,C,435.0,4,2,0.467778759765625,0.33,0.01,0.76
GOOGL,2026-09-24,2026-10-23,C,440.0,7,4,0.44873598144531246,0.15,0.03,0.48
GOOGL,2026-09-24,2026-10-23,C,445.0,9,1,0.4194393994140625,0.25,0.01,0.24
GOOGL,2026-09-24,2026-10-23,C,450.0,18,2,0.4321345849609375,0.12,0.04,0.23
GOOGL,2026-09-24,2026-10-23,C,455.0,16,3,0.507817421875,0.15,0.01,0.54
GOOGL,2026-09-24,2026-10-23,C,460.0,6,6,0.4506890869140625,0.1,0.01,0.19
GOOGL,2026-09-24,2026-10-23,C,465.0,31,2,0.46484910156250003,0.19,0.01,0.19
GOOGL,2026-09-24,2026-10-23,C,470.0,3,2,0.532231240234375,0.13,0.04,0.41
GOOGL,2026-09-24,2026-10-23,C,475.0,11,2,0.5454147021484376,0.1,0.01,0.4
GOOGL,2026-09-24,2026-10-23,C,480.0,5,1,0.49121602539062503,0.15,0.01,0.15
GOOGL,2026-09-24,2026-10-23,C,485.0,7,9,0.506840869140625,0.09,0.01,0.3
GOOGL,2026-09-24,2026-10-23,C,490.0,1,9,0.508793974609375,0.08,0.01,0.13
GOOGL,2026-09-24,2026-10-23,C,495.0,37,4,0.5214891601562499,0.13,0.01,0.13
GOOGL,2026-09-24,2026-10-23,C,500.0,11,3,0.5293015820312501,0.07,0.01,0.12
GOOGL,2026-09-24,2026-10-23,C,505.0,9,4,0.5214891601562499,0.09,0.01,0.16
GOOGL,2026-09-24,2026-10-23,C,510.0,68,1,0.5039112109375,0.09,0.01,0.09
GOOGL,2026-09-24,2026-10-23,C,515.0,27,2,0.5410202148437502,0.09,0.01,0.15
GOOGL,2026-09-24,2026-10-23,C,520.0,41,4,0.5273484765625001,0.09,0.01,0.09
GOOGL,2026-09-24,2026-10-23,C,525.0,49,7,0.5371140039062501,0.09,0.01,0.09
GOOGL,2026-09-24,2026-10-23,C,530.0,27,1,0.5429733203125001,0.09,0.0,0.09
GOOGL,2026-09-24,2026-10-23,C,535.0,14,1,0.5468795312500001,0.08,0.0,0.08
GOOGL,2026-09-24,2026-10-23,C,540.0,22,6,0.5566450585937501,0.08,0.0,0.08
GOOGL,2026-09-24,2026-10-23,C,545.0,24,1,0.57812921875,0.1,0.0,0.1
GOOGL,2026-09-24,2026-10-23,C,550.0,17,10,0.762697685546875,0.17,0.0,0.95
GOOGL,2026-09-24,2026-10-23,P,100.0,15,0,2.2353559741210933,0.07,0.0,2.12
GOOGL,2026-09-24,2026-10-23,P,105.0,5,0,2.1533249291992185,0.07,0.0,2.13
GOOGL,2026-09-24,2026-10-23,P,110.0,5,0,2.0732470043945312,0.07,0.0,2.13
GOOGL,2026-09-24,2026-10-23,P,115.0,3,0,1.9975586059570314,0.07,0.0,2.13
GOOGL,2026-09-24,2026-10-23,P,120.0,47,0,1.5244164404296874,0.07,0.0,0.4
GOOGL,2026-09-24,2026-10-23,P,125.0,5,0,1.85546947265625,0.07,0.0,2.13
GOOGL,2026-09-24,2026-10-23,P,130.0,49,0,1.4140654296875002,0.01,0.0,0.4
GOOGL,2026-09-24,2026-10-23,P,135.0,13,0,1.36328443359375,0.07,0.0,0.4
GOOGL,2026-09-24,2026-10-23,P,140.0,1,0,1.6630876220703126,0.13,0.0,2.13
GOOGL,2026-09-24,2026-10-23,P,145.0,2,2,1.6040058862304685,0.01,0.0,2.13
GOOGL,2026-09-24,2026-10-23,P,150.0,1,0,1.5463889868164062,0.17,0.0,2.13
GOOGL,2026-09-24,2026-10-23,P,160.0,1,0,1.4375028125,0.01,0.0,2.13
GOOGL,2026-09-24,2026-10-23,P,170.0,5,0,1.334964262695312,0.1,0.0,2.13
GOOGL,2026-09-24,2026-10-23,P,175.0,6,0,1.2856481030273437,0.06,0.0,2.13
GOOGL,2026-09-24,2026-10-23,P,185.0,6,0,1.191654432373047,0.08,0.0,2.13
GOOGL,2026-09-24,2026-10-23,P,190.0,2,1,1.1464886425781249,0.06,0.0,2.13
GOOGL,2026-09-24,2026-10-23,P,195.0,5,3,1.102299410400391,0.07,0.0,2.13
GOOGL,2026-09-24,2026-10-23,P,200.0,22,2,1.059086735839844,0.38,0.0,2.13
GOOGL,2026-09-24,2026-10-23,P,205.0,32,136,1.0170947583007814,0.06,0.0,2.13
GOOGL,2026-09-24,2026-10-23,P,210.0,32,0,0.9765627343750001,0.07,0.0,2.14
GOOGL,2026-09-24,2026-10-23,P,215.0,33,2,0.9362799340820311,0.03,0.0,2.14
GOOGL,2026-09-24,2026-10-23,P,220.0,37,86,0.6826203613281252,0.04,0.01,0.35
GOOGL,2026-09-24,2026-10-23,P,225.0,11,4,0.5918009570312501,0.08,0.01,0.15
GOOGL,2026-09-24,2026-10-23,P,230.0,11,3,0.5585981640625001,0.08,0.01,0.14
GOOGL,2026-09-24,2026-10-23,P,235.0,80,1,0.55273884765625,0.08,0.02,0.19
GOOGL,2026-09-24,2026-10-23,P,240.0,42,12,0.508793974609375,0.07,0.01,0.15
GOOGL,2026-09-24,2026-10-23,P,245.0,31,40,0.5366257275390626,0.08,0.01,0.19
GOOGL,2026-09-24,2026-10-23,P,250.0,21,9,0.49219257812500006,0.11,0.01,0.15
GOOGL,2026-09-24,2026-10-23,P,255.0,7,12,0.45703667968750006,0.1,0.01,0.13
GOOGL,2026-09-24,2026-10-23,P,260.0,26,6,0.4731497998046875,0.1,0.08,0.26
GOOGL,2026-09-24,2026-10-23,P,265.0,32,2,0.43994700683593746,0.13,0.01,0.24
GOOGL,2026-09-24,2026-10-23,P,270.0,36,3,0.43897045410156255,0.19,0.15,0.36
GOOGL,2026-09-24,2026-10-23,P,275.0,54,16,0.40454697021484376,0.32,0.06,0.33
GOOGL,2026-09-24,2026-10-23,P,280.0,62,5,0.4182187084960937,0.3,0.04,0.6
GOOGL,2026-09-24,2026-10-23,P,285.0,404,25,0.35718416259765623,0.36,0.36,0.38
GOOGL,2026-09-24,2026-10-23,P,290.0,173,27,0.3498600170898437,0.51,0.45,0.53
GOOGL,2026-09-24,2026-10-23,P,295.0,3218,596,0.3371648315429688,0.61,0.56,0.68
GOOGL,2026-09-24,2026-10-23,P,300.0,3104,18,0.32507999145507804,0.81,0.78,0.88
GOOGL,2026-09-24,2026-10-23,P,305.0,686,51,0.31445998046874996,1.11,1.03,1.16
GOOGL,2026-09-24,2026-10-23,P,310.0,3499,233,0.305671005859375,1.54,1.42,1.56
GOOGL,2026-09-24,2026-10-23,P,315.0,1567,127,0.29895720581054686,2.01,1.92,2.13
GOOGL,2026-09-24,2026-10-23,P,320.0,1806,176,0.28864236755371087,2.85,2.6,2.78
GOOGL,2026-09-24,2026-10-23,P,325.0,1705,162,0.2864451239013671,3.74,3.6,3.85
GOOGL,2026-09-24,2026-10-23,P,330.0,1019,57,0.28247787841796873,5.0,4.85,5.15
GOOGL,2026-09-24,2026-10-23,P,335.0,779,71,0.2838206384277343,6.85,6.5,6.95
GOOGL,2026-09-24,2026-10-23,P,340.0,591,75,0.2808299456787109,8.77,8.5,8.95
GOOGL,2026-09-24,2026-10-23,P,345.0,386,23,0.2815013256835937,11.31,10.75,11.45
GOOGL,2026-09-24,2026-10-23,P,350.0,600,19,0.28967995483398434,13.41,13.5,14.6
GOOGL,2026-09-24,2026-10-23,P,355.0,242,1,0.27814442565917963,17.89,16.5,17.35
GOOGL,2026-09-24,2026-10-23,P,360.0,157,21,0.27924304748535156,21.1,20.0,20.9
GOOGL,2026-09-24,2026-10-23,P,365.0,63,31,0.3053047985839844,29.1,23.65,25.5
GOOGL,2026-09-24,2026-10-23,P,370.0,32,1,0.31555860229492183,30.91,27.2,29.75
GOOGL,2026-09-24,2026-10-23,P,375.0,12,5,0.32605654418945307,37.95,31.45,34.15
GOOGL,2026-09-24,2026-10-23,P,380.0,158,51,0.3379582806396484,43.3,36.35,38.7
GOOGL,2026-09-24,2026-10-23,P,385.0,0,1,0.359808648071289,42.09,40.65,43.55
GOOGL,2026-09-24,2026-10-23,P,390.0,5,0,0.37256486816406253,61.25,45.1,48.25
GOOGL,2026-09-24,2026-10-23,P,400.0,4,1,0.40991801025390623,56.19,54.35,58.0
GOOGL,2026-09-24,2026-10-23,P,410.0,1,1,0.44482977050781247,66.41,64.1,67.8
GOOGL,2026-09-24,2026-10-30,C,110.0,1,0,1.7548840380859376,245.6,232.8,236.5
GOOGL,2026-09-24,2026-10-30,C,165.0,0,0,1.2370643615722656,179.0,178.15,181.75
GOOGL,2026-09-24,2026-10-30,C,200.0,1,0,0.9873048144531251,164.37,143.9,146.55
GOOGL,2026-09-24,2026-10-30,C,205.0,7,0,0.9682620361328125,140.87,138.9,141.85
GOOGL,2026-09-24,2026-10-30,C,220.0,1,1,0.8168963623046874,125.85,123.5,126.65
GOOGL,2026-09-24,2026-10-30,C,240.0,7,3,0.7221707470703125,105.35,104.15,106.8
GOOGL,2026-09-24,2026-10-30,C,260.0,1,0,0.6101113208007813,71.78,84.4,87.1
GOOGL,2026-09-24,2026-10-30,C,265.0,1,1,0.5841106042480468,79.02,79.5,82.2
GOOGL,2026-09-24,2026-10-30,C,270.0,1,3,0.5577436804199221,69.91,74.6,77.3
GOOGL,2026-09-24,2026-10-30,C,275.0,2,1,0.5340622766113281,80.07,69.75,72.45
GOOGL,2026-09-24,2026-10-30,C,280.0,80,29,0.5112353564453125,63.95,64.95,67.6
GOOGL,2026-09-24,2026-10-30,C,285.0,4,4,0.5677533459472657,71.5,60.1,63.1
GOOGL,2026-09-24,2026-10-30,C,290.0,7,4,0.5283860638427735,51.6,55.45,58.05
GOOGL,2026-09-24,2026-10-30,C,295.0,7,1,0.49750258361816413,47.67,51.35,53.2
GOOGL,2026-09-24,2026-10-30,C,300.0,194,10,0.4563042651367188,48.86,46.25,48.1
GOOGL,2026-09-24,2026-10-30,C,305.0,3,1,0.4554497814941406,41.18,41.85,44.1
GOOGL,2026-09-24,2026-10-30,C,310.0,61,13,0.44605046142578125,39.0,37.6,40.0
GOOGL,2026-09-24,2026-10-30,C,315.0,23,2,0.42212491943359376,33.4,33.95,35.55
GOOGL,2026-09-24,2026-10-30,C,320.0,65,9,0.41431249755859373,30.42,29.7,31.75
GOOGL,2026-09-24,2026-10-30,C,325.0,64,2,0.4058897302246094,27.5,26.35,28.1
GOOGL,2026-09-24,2026-10-30,C,330.0,457,35,0.4028074856567383,23.72,23.4,24.85
GOOGL,2026-09-24,2026-10-30,C,335.0,360,274,0.39325557922363286,21.2,19.65,21.55
GOOGL,2026-09-24,2026-10-30,C,340.0,870,248,0.38812867736816403,18.26,17.65,18.65
GOOGL,2026-09-24,2026-10-30,C,345.0,528,266,0.379889013671875,15.55,15.35,15.85
GOOGL,2026-09-24,2026-10-30,C,350.0,3055,478,0.3765931481933594,13.3,13.0,13.5
GOOGL,2026-09-24,2026-10-30,C,355.0,946,171,0.3771424591064453,11.38,11.0,11.55
GOOGL,2026-09-24,2026-10-30,C,360.0,530,135,0.3905700592041016,9.55,9.15,10.35
GOOGL,2026-09-24,2026-10-30,C,365.0,897,91,0.3742128009033203,8.05,7.7,8.15
GOOGL,2026-09-24,2026-10-30,C,370.0,974,126,0.376532113647461,6.5,6.35,6.9
GOOGL,2026-09-24,2026-10-30,C,375.0,902,203,0.3781800463867187,5.35,5.4,5.8
GOOGL,2026-09-24,2026-10-30,C,380.0,1290,238,0.3781190118408203,4.58,4.25,4.8
GOOGL,2026-09-24,2026-10-30,C,385.0,576,227,0.37641004455566407,3.8,3.6,3.9
GOOGL,2026-09-24,2026-10-30,C,390.0,522,118,0.3826355682373046,3.15,2.99,3.35
GOOGL,2026-09-24,2026-10-30,C,395.0,358,6,0.3866638482666015,2.77,2.32,2.83
GOOGL,2026-09-24,2026-10-30,C,400.0,913,244,0.3850159155273437,2.03,2.02,2.27
GOOGL,2026-09-24,2026-10-30,C,405.0,150,7,0.39258419921875,1.74,1.68,1.98
GOOGL,2026-09-24,2026-10-30,C,410.0,283,35,0.39124143920898435,1.4,1.27,1.58
GOOGL,2026-09-24,2026-10-30,C,415.0,99,1,0.39380489013671877,1.2,1.13,1.31
GOOGL,2026-09-24,2026-10-30,C,420.0,105,5,0.39600213378906257,0.99,0.94,1.08
GOOGL,2026-09-24,2026-10-30,C,425.0,428,3,0.40259386474609377,0.91,0.71,0.94
GOOGL,2026-09-24,2026-10-30,C,430.0,96,3,0.407232490234375,0.64,0.61,0.8
GOOGL,2026-09-24,2026-10-30,C,435.0,62,16,0.44556218505859374,0.6,0.03,1.04
GOOGL,2026-09-24,2026-10-30,C,440.0,709,1,0.42407802490234375,0.5,0.05,0.65
GOOGL,2026-09-24,2026-10-30,C,445.0,5,2,0.4600884069824219,0.53,0.01,0.84
GOOGL,2026-09-24,2026-10-30,C,450.0,284,29,0.44873598144531246,0.4,0.01,0.6
GOOGL,2026-09-24,2026-10-30,C,455.0,12,3,0.48169463623046876,0.52,0.01,0.75
GOOGL,2026-09-24,2026-10-30,C,460.0,22,1,0.47290566162109376,0.44,0.02,0.56
GOOGL,2026-09-24,2026-10-30,C,465.0,1,0,0.45898978515625005,0.48,0.03,0.38
GOOGL,2026-09-24,2026-10-30,C,470.0,54,0,0.4687553125,0.38,0.02,0.36
GOOGL,2026-09-24,2026-10-30,C,475.0,1,1,0.47803256347656253,0.27,0.03,0.34
GOOGL,2026-09-24,2026-10-30,C,480.0,111,1,0.5258836474609375,0.28,0.01,0.54
GOOGL,2026-09-24,2026-10-30,C,485.0,7,6,0.49707534179687507,0.22,0.02,0.31
GOOGL,2026-09-24,2026-10-30,C,490.0,1,0,0.5097705273437501,0.18,0.01,0.31
GOOGL,2026-09-24,2026-10-30,C,495.0,5,2,0.5195360546875,0.15,0.01,0.59
GOOGL,2026-09-24,2026-10-30,C,500.0,28,6,0.5043994873046875,0.1,0.01,0.2
GOOGL,2026-09-24,2026-10-30,C,505.0,4,5,0.5019581054687501,0.08,0.01,0.16
GOOGL,2026-09-24,2026-10-30,C,510.0,1,0,0.5009815527343751,0.15,0.0,0.26
GOOGL,2026-09-24,2026-10-30,C,515.0,1,0,0.5576216113281252,0.15,0.0,0.53
GOOGL,2026-09-24,2026-10-30,C,520.0,12,0,0.567387138671875,0.08,0.0,0.52
GOOGL,2026-09-24,2026-10-30,C,530.0,1,0,0.6440465283203125,0.15,0.0,0.5
GOOGL,2026-09-24,2026-10-30,C,550.0,5,0,0.6259803027343751,0.2,0.0,0.48
GOOGL,2026-09-24,2026-10-30,P,210.0,2,0,0.69336244140625,0.1,0.0,0.47
GOOGL,2026-09-24,2026-10-30,P,215.0,12,1,0.6650424121093752,0.08,0.0,0.48
GOOGL,2026-09-24,2026-10-30,P,220.0,4,1,0.6357458300781251,0.12,0.0,0.48
GOOGL,2026-09-24,2026-10-30,P,225.0,12,3,0.6103554589843752,0.14,0.0,0.5
GOOGL,2026-09-24,2026-10-30,P,230.0,192,12,0.50586431640625,0.08,0.01,0.15
GOOGL,2026-09-24,2026-10-30,P,235.0,224,9,0.526371923828125,0.09,0.03,0.17
GOOGL,2026-09-24,2026-10-30,P,240.0,23,2,0.5112353564453125,0.11,0.01,0.2
GOOGL,2026-09-24,2026-10-30,P,245.0,8,6,0.481450498046875,0.1,0.01,0.19
GOOGL,2026-09-24,2026-10-30,P,250.0,14,4,0.48438015625,0.2,0.07,0.29
GOOGL,2026-09-24,2026-10-30,P,255.0,71,2,0.5178270874023438,0.23,0.03,0.62
GOOGL,2026-09-24,2026-10-30,P,260.0,7,4,0.500005,0.43,0.01,0.7
GOOGL,2026-09-24,2026-10-30,P,265.0,58,47,0.4819387744140625,0.45,0.01,0.79
GOOGL,2026-09-24,2026-10-30,P,270.0,275,380,0.43018147949218755,0.61,0.14,0.6
GOOGL,2026-09-24,2026-10-30,P,275.0,82,44,0.40869731933593745,0.72,0.51,0.65
GOOGL,2026-09-24,2026-10-30,P,280.0,97,3,0.3971007556152344,0.78,0.63,0.8
GOOGL,2026-09-24,2026-10-30,P,285.0,137,1,0.38513798461914056,0.94,0.82,0.98
GOOGL,2026-09-24,2026-10-30,P,290.0,1613,70,0.3761048718261719,1.2,1.1,1.24
GOOGL,2026-09-24,2026-10-30,P,295.0,365,19,0.3723207299804688,1.54,1.42,1.65
GOOGL,2026-09-24,2026-10-30,P,300.0,530,28,0.3665834826660156,1.96,1.81,2.13
GOOGL,2026-09-24,2026-10-30,P,305.0,4209,218,0.35632967895507806,2.57,2.25,2.62
GOOGL,2026-09-24,2026-10-30,P,310.0,696,106,0.3513248461914062,3.28,3.0,3.35
GOOGL,2026-09-24,2026-10-30,P,315.0,856,116,0.3482731188964844,4.15,3.95,4.3
GOOGL,2026-09-24,2026-10-30,P,320.0,1261,133,0.34528242614746096,5.2,5.05,5.45
GOOGL,2026-09-24,2026-10-30,P,325.0,616,79,0.343207251586914,6.8,6.35,6.85
GOOGL,2026-09-24,2026-10-30,P,330.0,1330,148,0.34516035705566406,8.3,8.05,8.65
GOOGL,2026-09-24,2026-10-30,P,335.0,464,157,0.3380803497314453,10.16,9.8,10.35
GOOGL,2026-09-24,2026-10-30,P,340.0,1520,1051,0.3415593188476562,12.39,12.1,12.75
GOOGL,2026-09-24,2026-10-30,P,345.0,332,75,0.33850759155273435,14.91,14.45,15.15
GOOGL,2026-09-24,2026-10-30,P,350.0,10186,525,0.3362187960815429,17.53,17.15,17.85
GOOGL,2026-09-24,2026-10-30,P,355.0,207,122,0.33591362335205077,20.46,20.0,20.9
GOOGL,2026-09-24,2026-10-30,P,360.0,83,24,0.33685965881347657,24.05,22.8,24.25
GOOGL,2026-09-24,2026-10-30,P,365.0,38,6,0.3396672479248046,27.5,26.65,27.9
GOOGL,2026-09-24,2026-10-30,P,370.0,58,2,0.33539482971191403,31.11,29.6,31.5
GOOGL,2026-09-24,2026-10-30,P,375.0,11,1,0.338324487915039,36.47,33.95,35.55
GOOGL,2026-09-24,2026-10-30,P,380.0,88,1,0.36597313720703123,44.0,37.15,40.5
GOOGL,2026-09-24,2026-10-30,P,385.0,7,0,0.37183245361328127,43.59,42.05,44.85
GOOGL,2026-09-24,2026-10-30,P,395.0,1,0,0.379889013671875,41.93,50.4,53.75
GOOGL,2026-09-24,2026-10-30,P,400.0,2,0,0.3942321319580079,42.56,54.95,58.55
GOOGL,2026-09-24,2026-11-20,C,85.0,64,50,1.7436536254882813,259.75,258.3,261.3
GOOGL,2026-09-24,2026-11-20,C,95.0,1,0,2.3049358782958977,278.1,252.7,256.05
GOOGL,2026-09-24,2026-11-20,C,100.0,0,2,1.0000000000000003e-05,246.07,0.0,0.0
GOOGL,2026-09-24,2026-11-20,C,105.0,1,1,1.5459007080078124,253.1,238.15,241.9
GOOGL,2026-09-24,2026-11-20,C,120.0,0,1,1.0000000000000003e-05,225.0,0.0,0.0
GOOGL,2026-09-24,2026-11-20,C,130.0,0,6,1.0000000000000003e-05,161.2,0.0,0.0
GOOGL,2026-09-24,2026-11-20,C,140.0,17,0,1.0000000000000003e-05,197.35,169.1,173.15
GOOGL,2026-09-24,2026-11-20,C,145.0,0,1,1.0000000000000003e-05,200.7,0.0,0.0
GOOGL,2026-09-24,2026-11-20,C,150.0,0,2,1.0000000000000003e-05,192.64,0.0,0.0
GOOGL,2026-09-24,2026-11-20,C,155.0,6,1,1.1411175756835936,186.42,189.2,191.8
GOOGL,2026-09-24,2026-11-20,C,160.0,0,1,1.0000000000000003e-05,187.23,0.0,0.0
GOOGL,2026-09-24,2026-11-20,C,165.0,0,1,1.0000000000000003e-05,199.29,0.0,0.0
GOOGL,2026-09-24,2026-11-20,C,170.0,6,1,2.534549562072754,229.78,204.0,207.95
GOOGL,2026-09-24,2026-11-20,C,175.0,7,1,1.0029346728515625,178.15,169.35,171.95
GOOGL,2026-09-24,2026-11-20,C,180.0,24,10,0.9925537854003907,177.77,164.4,167.4
GOOGL,2026-09-24,2026-11-20,C,185.0,18,4,0.9409185595703125,169.58,159.45,162.05
GOOGL,2026-09-24,2026-11-20,C,190.0,883,2,0.9083261120605468,164.74,154.45,157.1
GOOGL,2026-09-24,2026-11-20,C,195.0,11,1,0.8786633227539062,135.95,149.5,152.15
GOOGL,2026-09-24,2026-11-20,C,200.0,55,1,0.84961087890625,163.5,144.55,147.2
GOOGL,2026-09-24,2026-11-20,C,205.0,23,1,0.8209246423339842,143.63,139.6,142.25
GOOGL,2026-09-24,2026-11-20,C,210.0,36,1,0.7926046130371094,129.53,134.65,137.3
GOOGL,2026-09-24,2026-11-20,C,215.0,44,1,0.764650791015625,134.52,129.7,132.35
GOOGL,2026-09-24,2026-11-20,C,220.0,195,1,0.7370631762695312,127.67,124.75,127.4
GOOGL,2026-09-24,2026-11-20,C,225.0,194,230,0.7098417687988281,121.08,119.8,122.45
GOOGL,2026-09-24,2026-11-20,C,230.0,399,6,0.6862824340820313,129.0,114.9,117.55
GOOGL,2026-09-24,2026-11-20,C,235.0,374,2,0.6595493029785158,110.43,109.95,112.6
GOOGL,2026-09-24,2026-11-20,C,240.0,308,2,0.6391637646484375,116.8,105.15,107.7
GOOGL,2026-09-24,2026-11-20,C,245.0,160,1,0.6125527026367189,101.49,100.15,102.8
GOOGL,2026-09-24,2026-11-20,C,250.0,384,1,0.6012002770996094,94.2,95.25,98.35
GOOGL,2026-09-24,2026-11-20,C,255.0,270,1,0.5665326550292968,94.9,90.35,93.05
GOOGL,2026-09-24,2026-11-20,C,260.0,262,1,0.5389450402832032,83.5,85.5,87.95
GOOGL,2026-09-24,2026-11-20,C,265.0,114,2,0.5246019219970703,82.0,81.0,83.05
GOOGL,2026-09-24,2026-11-20,C,270.0,743,13,0.505742247314453,75.74,76.15,78.35
GOOGL,2026-09-24,2026-11-20,C,275.0,77,6,0.5277146838378908,84.87,71.2,73.55
GOOGL,2026-09-24,2026-11-20,C,280.0,551,29,0.5180101910400392,65.4,66.5,69.15
GOOGL,2026-09-24,2026-11-20,C,285.0,177,1,0.4752860089111328,56.89,61.95,63.8
GOOGL,2026-09-24,2026-11-20,C,290.0,444,9,0.4745535943603516,53.5,57.9,59.75
GOOGL,2026-09-24,2026-11-20,C,295.0,189,6,0.44586735778808595,54.09,53.4,54.85
GOOGL,2026-09-24,2026-11-20,C,300.0,1087,2,0.4267025103759766,50.25,49.15,50.3
GOOGL,2026-09-24,2026-11-20,C,305.0,377,1,0.4216976776123047,44.0,45.3,46.35
GOOGL,2026-09-24,2026-11-20,C,310.0,550,1,0.40881938842773435,41.43,41.5,42.2
GOOGL,2026-09-24,2026-11-20,C,315.0,403,19,0.4038450729370118,37.65,37.0,38.5
GOOGL,2026-09-24,2026-11-20,C,320.0,783,11,0.3945983392333985,34.12,34.0,34.75
GOOGL,2026-09-24,2026-11-20,C,325.0,1895,56,0.39264523376464844,30.87,30.35,31.5
GOOGL,2026-09-24,2026-11-20,C,330.0,3269,102,0.383245913696289,27.57,27.55,28.05
GOOGL,2026-09-24,2026-11-20,C,335.0,2089,66,0.378363150024414,24.9,24.6,25.0
GOOGL,2026-09-24,2026-11-20,C,340.0,4144,255,0.3755860781860352,22.25,21.8,22.25
GOOGL,2026-09-24,2026-11-20,C,345.0,5657,730,0.3720460745239258,19.48,18.9,19.65
GOOGL,2026-09-24,2026-11-20,C,350.0,5384,457,0.37045917633056635,17.1,17.0,17.35
GOOGL,2026-09-24,2026-11-20,C,355.0,1886,306,0.3699403826904296,15.35,15.0,15.3
GOOGL,2026-09-24,2026-11-20,C,360.0,9753,133,0.37067279724121094,13.35,13.05,13.5
GOOGL,2026-09-24,2026-11-20,C,365.0,2818,74,0.36902486450195315,11.5,11.3,11.75
GOOGL,2026-09-24,2026-11-20,C,370.0,37767,690,0.3678957254028321,10.1,9.9,10.2
GOOGL,2026-09-24,2026-11-20,C,375.0,2786,130,0.3696962445068359,8.86,8.6,8.95
GOOGL,2026-09-24,2026-11-20,C,380.0,6237,429,0.36844503631591796,7.65,7.5,7.7
GOOGL,2026-09-24,2026-11-20,C,385.0,1613,90,0.3685976226806641,6.55,6.4,6.65
GOOGL,2026-09-24,2026-11-20,C,390.0,3112,91,0.36939107177734376,5.5,5.55,5.75
GOOGL,2026-09-24,2026-11-20,C,395.0,2256,96,0.372625902709961,4.72,4.6,5.05
GOOGL,2026-09-24,2026-11-20,C,400.0,7879,807,0.3704896936035156,4.18,4.15,4.25
GOOGL,2026-09-24,2026-11-20,C,405.0,1889,25,0.3729921099853516,3.75,3.5,3.7
GOOGL,2026-09-24,2026-11-20,C,410.0,4246,282,0.369574175415039,3.14,2.96,3.05
GOOGL,2026-09-24,2026-11-20,C,415.0,1265,19,0.38043832458496096,2.76,2.63,2.87
GOOGL,2026-09-24,2026-11-20,C,420.0,4368,1094,0.3776307354736328,2.37,2.29,2.37
GOOGL,2026-09-24,2026-11-20,C,425.0,1245,18,0.38013315185546875,2.02,1.92,2.06
GOOGL,2026-09-24,2026-11-20,C,430.0,2033,12,0.38403936279296874,1.7,1.72,1.82
GOOGL,2026-09-24,2026-11-20,C,435.0,1467,12,0.38684695190429685,1.48,1.47,1.59
GOOGL,2026-09-24,2026-11-20,C,440.0,28606,13,0.39490351196289064,1.2,1.27,1.48
GOOGL,2026-09-24,2026-11-20,C,445.0,885,6,0.39148557739257805,1.18,1.13,1.2
GOOGL,2026-09-24,2026-11-20,C,450.0,3389,54,0.3920959228515625,1.02,0.93,1.02
GOOGL,2026-09-24,2026-11-20,C,455.0,489,1,0.3969786865234375,0.89,0.81,0.92
GOOGL,2026-09-24,2026-11-20,C,460.0,2002,10,0.4017393811035156,0.77,0.72,0.83
GOOGL,2026-09-24,2026-11-20,C,465.0,87,26,0.40259386474609377,0.63,0.61,0.71
GOOGL,2026-09-24,2026-11-20,C,470.0,2951,4,0.4071104211425781,0.62,0.55,0.64
GOOGL,2026-09-24,2026-11-20,C,475.0,27,8,0.4172421557617187,0.53,0.51,0.63
GOOGL,2026-09-24,2026-11-20,C,480.0,2098,9,0.414068359375,0.47,0.43,0.51
GOOGL,2026-09-24,2026-11-20,C,490.0,1828,3817,0.4572808178710938,0.4,0.03,0.7
GOOGL,2026-09-24,2026-11-20,C,500.0,2095,13,0.42969320312500003,0.33,0.27,0.34
GOOGL,2026-09-24,2026-11-20,C,510.0,1800,39,0.43945873046875,0.27,0.23,0.29
GOOGL,2026-09-24,2026-11-20,C,520.0,2594,31,0.4594780615234375,0.23,0.02,0.3
GOOGL,2026-09-24,2026-11-20,C,530.0,2131,2400,0.48340360351562506,0.19,0.01,0.33
GOOGL,2026-09-24,2026-11-20,C,540.0,1521,3804,0.5222215747070311,0.24,0.01,0.45
GOOGL,2026-09-24,2026-11-20,C,550.0,209,27,0.47412635253906255,0.12,0.01,0.16
GOOGL,2026-09-24,2026-11-20,C,560.0,287,20,0.5210008837890624,0.24,0.01,0.27
GOOGL,2026-09-24,2026-11-20,C,570.0,125,1,0.5395553857421876,0.14,0.01,0.28
GOOGL,2026-09-24,2026-11-20,C,580.0,75,1,0.5268602001953125,0.18,0.01,0.18
GOOGL,2026-09-24,2026-11-20,C,590.0,64,3,0.524418818359375,0.1,0.01,0.26
GOOGL,2026-09-24,2026-11-20,C,600.0,1187,2,0.5302781347656251,0.11,0.01,0.22
GOOGL,2026-09-24,2026-11-20,C,610.0,176,2,0.5629926513671876,0.1,0.01,0.31
GOOGL,2026-09-24,2026-11-20,C,620.0,67,1,0.5639692041015626,0.18,0.01,0.25
GOOGL,2026-09-24,2026-11-20,C,630.0,29,1,0.6201209863281252,0.18,0.01,0.49
GOOGL,2026-09-24,2026-11-20,C,640.0,186,112,0.577152666015625,0.07,0.01,0.2
GOOGL,2026-09-24,2026-11-20,C,650.0,22,4,0.6445348046875,0.05,0.01,0.47
GOOGL,2026-09-24,2026-11-20,C,660.0,85,2,0.6459996337890624,0.1,0.01,0.4
GOOGL,2026-09-24,2026-11-20,C,670.0,104,1,0.6586948193359375,0.17,0.01,0.4
GOOGL,2026-09-24,2026-11-20,C,680.0,38,6,0.6816438085937502,0.05,0.01,0.46
GOOGL,2026-09-24,2026-11-20,C,690.0,70,3,0.6796907031250001,0.05,0.01,0.38
GOOGL,2026-09-24,2026-11-20,C,700.0,39,2,0.7060576269531251,0.1,0.01,0.46
GOOGL,2026-09-24,2026-11-20,C,710.0,39,2,0.717776259765625,0.1,0.01,0.46
GOOGL,2026-09-24,2026-11-20,C,720.0,27,1,0.729494892578125,0.1,0.01,0.46
GOOGL,2026-09-24,2026-11-20,C,730.0,44,10,0.7690452783203126,0.04,0.0,0.65
GOOGL,2026-09-24,2026-11-20,C,740.0,62,7,0.7807639111328125,0.05,0.0,0.65
GOOGL,2026-09-24,2026-11-20,C,750.0,276,7,0.8276384423828124,0.1,0.0,0.94
GOOGL,2026-09-24,2026-11-20,C,760.0,44,7,0.9035654174804688,0.1,0.01,1.65
GOOGL,2026-09-24,2026-11-20,C,770.0,70,2,0.8627943408203125,0.04,0.01,1.04
GOOGL,2026-09-24,2026-11-20,C,780.0,65,2,0.8979502392578124,0.13,0.0,1.3
GOOGL,2026-09-24,2026-11-20,C,790.0,252,3,0.8305681005859374,0.06,0.01,0.6
GOOGL,2026-09-24,2026-11-20,C,800.0,8210,5,0.772463212890625,0.04,0.02,0.25
GOOGL,2026-09-24,2026-11-20,P,85.0,26,6,1.6142597412109376,0.02,0.0,1.05
GOOGL,2026-09-24,2026-11-20,P,90.0,61,3,1.0703171484375003,0.02,0.0,0.03
GOOGL,2026-09-24,2026-11-20,P,95.0,110,2,1.0312548437500002,0.04,0.0,0.03
GOOGL,2026-09-24,2026-11-20,P,100.0,166,10,0.98437515625,0.01,0.0,0.03
GOOGL,2026-09-24,2026-11-20,P,105.0,72,13,1.08203583984375,0.02,0.0,0.13
GOOGL,2026-09-24,2026-11-20,P,110.0,126,3,0.937500625,0.01,0.0,0.04
GOOGL,2026-09-24,2026-11-20,P,115.0,97,2,1.0751999365234377,0.01,0.0,0.26
GOOGL,2026-09-24,2026-11-20,P,120.0,88,1,0.8828136718749999,0.03,0.0,0.05
GOOGL,2026-09-24,2026-11-20,P,125.0,106,1,0.851563984375,0.13,0.0,0.05
GOOGL,2026-09-24,2026-11-20,P,130.0,245,1,0.8203142968749999,0.03,0.0,0.05
GOOGL,2026-09-24,2026-11-20,P,135.0,113,34,1.23047259765625,0.07,0.0,2.13
GOOGL,2026-09-24,2026-11-20,P,140.0,112,1,0.7695335546875001,0.02,0.0,0.06
GOOGL,2026-09-24,2026-11-20,P,145.0,121,1,0.7539087109375,0.04,0.01,0.06
GOOGL,2026-09-24,2026-11-20,P,150.0,248,2,0.9887696435546875,0.11,0.0,1.06
GOOGL,2026-09-24,2026-11-20,P,155.0,85,2,0.7148466015625,0.03,0.0,0.09
GOOGL,2026-09-24,2026-11-20,P,160.0,76,1,1.0268603344726563,0.05,0.0,2.15
GOOGL,2026-09-24,2026-11-20,P,165.0,78,2,0.6679720703125002,0.05,0.01,0.09
GOOGL,2026-09-24,2026-11-20,P,170.0,76,6,0.6425816992187501,0.05,0.0,0.1
GOOGL,2026-09-24,2026-11-20,P,175.0,444,2,0.62305064453125,0.05,0.0,0.11
GOOGL,2026-09-24,2026-11-20,P,180.0,74,2,0.6171913281250001,0.07,0.02,0.13
GOOGL,2026-09-24,2026-11-20,P,185.0,315,1,0.5839885351562499,0.06,0.03,0.1
GOOGL,2026-09-24,2026-11-20,P,190.0,129,1,0.570316796875,0.25,0.02,0.13
GOOGL,2026-09-24,2026-11-20,P,195.0,145,1,0.5576216113281252,0.11,0.02,0.16
GOOGL,2026-09-24,2026-11-20,P,200.0,453,2,0.5351608984375,0.1,0.06,0.12
GOOGL,2026-09-24,2026-11-20,P,205.0,258,2,0.508793974609375,0.08,0.02,0.15
GOOGL,2026-09-24,2026-11-20,P,210.0,3237,49,0.5039112109375,0.11,0.09,0.14
GOOGL,2026-09-24,2026-11-20,P,215.0,347,11,0.508793974609375,0.15,0.11,0.18
GOOGL,2026-09-24,2026-11-20,P,220.0,1234,4,0.4995167236328125,0.18,0.12,0.22
GOOGL,2026-09-24,2026-11-20,P,225.0,192,1,0.495122236328125,0.27,0.1,0.29
GOOGL,2026-09-24,2026-11-20,P,230.0,930,2,0.5249070947265625,0.28,0.06,0.58
GOOGL,2026-09-24,2026-11-20,P,235.0,290,4,0.45215391601562505,0.23,0.26,0.3
GOOGL,2026-09-24,2026-11-20,P,240.0,1125,8,0.43994700683593746,0.32,0.29,0.35
GOOGL,2026-09-24,2026-11-20,P,245.0,782,3,0.424810439453125,0.4,0.32,0.39
GOOGL,2026-09-24,2026-11-20,P,250.0,1310,4,0.4118711157226562,0.46,0.41,0.45
GOOGL,2026-09-24,2026-11-20,P,255.0,1217,2,0.40430283203125,0.52,0.48,0.56
GOOGL,2026-09-24,2026-11-20,P,260.0,1971,4,0.3930724755859375,0.63,0.53,0.66
GOOGL,2026-09-24,2026-11-20,P,265.0,890,27,0.3848938464355468,0.8,0.76,0.81
GOOGL,2026-09-24,2026-11-20,P,270.0,1475,9,0.3790345300292969,1.01,0.94,1.02
GOOGL,2026-09-24,2026-11-20,P,275.0,2348,71,0.36865865722656255,1.21,1.18,1.21
GOOGL,2026-09-24,2026-11-20,P,280.0,2209,91,0.3627993408203125,1.46,1.45,1.51
GOOGL,2026-09-24,2026-11-20,P,285.0,1762,11,0.3582827844238281,1.86,1.8,1.9
GOOGL,2026-09-24,2026-11-20,P,290.0,12319,84,0.35144691528320304,2.26,2.25,2.32
GOOGL,2026-09-24,2026-11-20,P,295.0,2179,29,0.3469303588867187,2.89,2.8,2.88
GOOGL,2026-09-24,2026-11-20,P,300.0,7167,127,0.34076586975097656,3.52,3.45,3.5
GOOGL,2026-09-24,2026-11-20,P,305.0,2201,194,0.3425358715820312,4.4,4.25,4.5
GOOGL,2026-09-24,2026-11-20,P,310.0,6256,132,0.3380803497314453,5.38,5.25,5.45
GOOGL,2026-09-24,2026-11-20,P,315.0,4235,114,0.335944140625,6.61,6.4,6.65
GOOGL,2026-09-24,2026-11-20,P,320.0,5542,102,0.33301448242187504,7.84,7.75,8.0
GOOGL,2026-09-24,2026-11-20,P,325.0,2427,67,0.33130551513671874,9.55,9.3,9.6
GOOGL,2026-09-24,2026-11-20,P,330.0,7771,44,0.3294439614868163,11.28,11.05,11.4
GOOGL,2026-09-24,2026-11-20,P,335.0,3121,282,0.32819275329589837,13.21,13.2,13.45
GOOGL,2026-09-24,2026-11-20,P,340.0,5133,59,0.3265448205566406,15.55,15.3,15.7
GOOGL,2026-09-24,2026-11-20,P,345.0,6144,195,0.3244086114501953,18.3,17.5,18.15
GOOGL,2026-09-24,2026-11-20,P,350.0,2520,276,0.32739930419921875,20.7,20.4,21.1
GOOGL,2026-09-24,2026-11-20,P,355.0,1444,55,0.3226691268920897,23.65,23.25,23.85
GOOGL,2026-09-24,2026-11-20,P,360.0,4620,9,0.32236395416259755,26.73,26.45,27.05
GOOGL,2026-09-24,2026-11-20,P,365.0,1496,2,0.320044641418457,29.97,29.75,30.35
GOOGL,2026-09-24,2026-11-20,P,370.0,1295,6,0.32092964233398436,33.02,33.2,34.0
GOOGL,2026-09-24,2026-11-20,P,375.0,732,1,0.31806101867675773,37.6,36.95,37.65
GOOGL,2026-09-24,2026-11-20,P,380.0,505,37,0.31818308776855464,46.65,40.8,41.6
GOOGL,2026-09-24,2026-11-20,P,385.0,401,36,0.31317825500488283,50.74,44.55,45.5
GOOGL,2026-09-24,2026-11-20,P,390.0,706,126,0.3346318978881836,49.35,48.35,50.5
GOOGL,2026-09-24,2026-11-20,P,395.0,353,1,0.313483427734375,53.57,52.7,54.1
GOOGL,2026-09-24,2026-11-20,P,400.0,696,1,0.3115913568115234,59.1,57.35,58.5
GOOGL,2026-09-24,2026-11-20,P,405.0,153,7,0.30542686767578126,69.3,62.05,62.9
GOOGL,2026-09-24,2026-11-20,P,410.0,130,21,0.33460138061523437,63.4,66.5,68.2
GOOGL,2026-09-24,2026-11-20,P,415.0,153,1,0.3490055334472656,72.7,70.05,73.15
GOOGL,2026-09-24,2026-11-20,P,420.0,94,3,0.3466251861572265,86.85,74.7,77.75
GOOGL,2026-09-24,2026-11-20,P,425.0,64,26,0.3541324353027343,77.9,80.25,82.6
GOOGL,2026-09-24,2026-11-20,P,430.0,135,35,0.3660952062988281,80.7,84.4,87.55
GOOGL,2026-09-24,2026-11-20,P,435.0,39,25,1.0000000000000003e-05,86.03,85.6,89.05
GOOGL,2026-09-24,2026-11-20,P,440.0,29,11,0.39441523559570313,100.69,93.9,97.55
GOOGL,2026-09-24,2026-11-20,P,445.0,0,1,1.0000000000000003e-05,83.75,95.15,98.85
GOOGL,2026-09-24,2026-11-20,P,450.0,3,10,0.4124814611816406,115.1,104.15,107.4
GOOGL,2026-09-24,2026-11-20,P,455.0,0,23,1.0000000000000003e-05,82.12,0.0,0.0
GOOGL,2026-09-24,2026-11-20,P,460.0,0,1,0.4415339050292969,113.15,114.05,117.45
GOOGL,2026-09-24,2026-11-20,P,470.0,0,3,1.0000000000000003e-05,128.25,119.85,123.7
GOOGL,2026-09-24,2026-11-20,P,480.0,5,5,1.0000000000000003e-05,105.95,117.35,120.25
GOOGL,2026-09-24,2026-11-20,P,490.0,0,1,1.5308250997924802,161.35,186.25,189.65
GOOGL,2026-09-24,2026-11-20,P,500.0,3,3,1.0000000000000003e-05,118.9,136.65,139.15
GOOGL,2026-09-24,2026-11-20,P,530.0,0,1,1.6629960697937012,200.65,226.0,229.65
GOOGL,2026-09-24,2026-11-20,P,540.0,0,3,1.0000000000000003e-05,164.19,0.0,0.0
GOOGL,2026-09-24,2026-11-20,P,570.0,0,0,1.7844249060058592,250.3,266.25,269.65
GOOGL,2026-09-24,2026-11-20,P,720.0,0,1,1.0000000000000003e-05,381.5,369.85,373.35
GOOGL,2026-09-24,2026-12-18,C,50.0,2566,2,1.9990234423828124,289.7,293.15,296.65
GOOGL,2026-09-24,2026-12-18,C,55.0,47,1,1.0000000000000003e-05,308.4,282.35,286.2
GOOGL,2026-09-24,2026-12-18,C,60.0,58,2,1.8149423315429685,282.1,283.1,286.75
GOOGL,2026-09-24,2026-12-18,C,65.0,702,16,1.0000000000000003e-05,311.41,272.45,276.3
GOOGL,2026-09-24,2026-12-18,C,70.0,0,19,1.0000000000000003e-05,273.55,0.0,0.0
GOOGL,2026-09-24,2026-12-18,C,75.0,128,1,1.0000000000000003e-05,271.76,242.85,246.2
GOOGL,2026-09-24,2026-12-18,C,80.0,47,1,2.0949754656982416,268.93,267.0,271.05
GOOGL,2026-09-24,2026-12-18,C,85.0,52,4,3.1866475411987305,267.6,278.7,282.55
GOOGL,2026-09-24,2026-12-18,C,90.0,50,1,1.4526394555664064,260.44,253.35,257.0
GOOGL,2026-09-24,2026-12-18,C,95.0,176,15,1.4409207641601562,248.28,248.6,252.25
GOOGL,2026-09-24,2026-12-18,C,100.0,484,9,1.3522981604003905,239.5,243.8,246.65
GOOGL,2026-09-24,2026-12-18,C,105.0,340,2,1.3461946752929683,252.73,238.65,242.35
GOOGL,2026-09-24,2026-12-18,C,110.0,81,2,1.2890660546875,230.5,233.55,237.35
GOOGL,2026-09-24,2026-12-18,C,115.0,117,3,1.2490271923828122,243.4,228.75,232.25
GOOGL,2026-09-24,2026-12-18,C,120.0,344,1,1.1826212744140623,222.0,223.85,226.85
GOOGL,2026-09-24,2026-12-18,C,125.0,120,3,1.5538352386474605,248.25,223.3,226.65
GOOGL,2026-09-24,2026-12-18,C,130.0,444,1,1.112797404785156,218.37,213.95,216.95
GOOGL,2026-09-24,2026-12-18,C,135.0,297,1,1.0795944458007813,219.74,209.0,212.0
GOOGL,2026-09-24,2026-12-18,C,140.0,554,2,1.0676316149902347,204.05,203.9,207.55
GOOGL,2026-09-24,2026-12-18,C,145.0,292,1,1.0405321411132817,196.3,199.55,202.1
GOOGL,2026-09-24,2026-12-18,C,150.0,368,5,1.0113574822998046,191.15,194.6,197.2
GOOGL,2026-09-24,2026-12-18,C,155.0,675,6,0.9804689453125001,196.23,189.65,192.25
GOOGL,2026-09-24,2026-12-18,C,160.0,580,2,0.9503178796386718,182.81,184.7,187.3
GOOGL,2026-09-24,2026-12-18,C,165.0,603,1,0.920899228515625,181.0,179.75,182.35
GOOGL,2026-09-24,2026-12-18,C,170.0,739,5,0.8963633410644529,183.68,174.85,177.45
GOOGL,2026-09-24,2026-12-18,C,175.0,894,1,0.868165380859375,163.62,169.9,172.5
GOOGL,2026-09-24,2026-12-18,C,180.0,610,1,0.8405777661132812,169.8,164.95,167.55
GOOGL,2026-09-24,2026-12-18,C,185.0,2236,1,0.8004170349121094,172.37,159.6,162.65
GOOGL,2026-09-24,2026-12-18,C,190.0,0,1,1.0000000000000003e-05,157.88,0.0,0.0
GOOGL,2026-09-24,2026-12-18,C,195.0,755,5,0.7658714819335939,152.35,150.15,152.8
GOOGL,2026-09-24,2026-12-18,C,200.0,2829,1,0.7385280053710936,143.92,145.25,147.75
GOOGL,2026-09-24,2026-12-18,C,205.0,339,8,0.717776259765625,136.4,140.3,142.95
GOOGL,2026-09-24,2026-12-18,C,210.0,544,1,0.6942169250488281,133.92,135.45,137.95
GOOGL,2026-09-24,2026-12-18,C,215.0,1810,2,0.6709017285156251,132.55,130.45,133.1
GOOGL,2026-09-24,2026-12-18,C,220.0,727,1,0.6556430920410157,135.0,125.6,128.4
GOOGL,2026-09-24,2026-12-18,C,225.0,396,1,0.6287268572998048,122.75,120.65,123.35
GOOGL,2026-09-24,2026-12-18,C,230.0,622,7,0.5872844006347657,130.22,115.8,117.6
GOOGL,2026-09-24,2026-12-18,C,235.0,458,110,0.56055126953125,109.3,110.9,112.45
GOOGL,2026-09-24,2026-12-18,C,240.0,3144,682,0.5652509295654298,108.3,106.05,108.6
GOOGL,2026-09-24,2026-12-18,C,245.0,588,1,0.5321702056884765,97.75,101.2,103.1
GOOGL,2026-09-24,2026-12-18,C,250.0,2480,8,0.5380295220947267,98.0,96.95,98.9
GOOGL,2026-09-24,2026-12-18,C,255.0,1767,7,0.503056727294922,104.07,91.6,93.75
GOOGL,2026-09-24,2026-12-18,C,260.0,1353,1,0.5377243493652344,82.8,86.9,89.45
GOOGL,2026-09-24,2026-12-18,C,265.0,851,8,0.4908498181152344,94.62,82.2,83.8
GOOGL,2026-09-24,2026-12-18,C,270.0,2036,2,0.5046436254882812,76.85,77.6,80.15
GOOGL,2026-09-24,2026-12-18,C,275.0,33,2,0.4612480633544922,72.32,73.3,74.55
GOOGL,2026-09-24,2026-12-18,C,280.0,1974,55,0.45642633422851564,70.0,68.8,70.35
GOOGL,2026-09-24,2026-12-18,C,285.0,587,1,0.4616142706298829,61.65,64.3,66.65
GOOGL,2026-09-24,2026-12-18,C,290.0,2564,13,0.43054768676757815,60.6,60.45,61.5
GOOGL,2026-09-24,2026-12-18,C,295.0,160,31,0.42627526855468756,56.35,56.05,57.55
GOOGL,2026-09-24,2026-12-18,C,300.0,17948,27,0.4136411175537109,52.2,52.1,53.3
GOOGL,2026-09-24,2026-12-18,C,305.0,2374,3,0.4190731921386719,44.65,48.25,50.05
GOOGL,2026-09-24,2026-12-18,C,310.0,15425,2,0.39282833740234374,45.45,44.2,45.25
GOOGL,2026-09-24,2026-12-18,C,315.0,770,9,0.39716179016113284,41.11,40.45,42.2
GOOGL,2026-09-24,2026-12-18,C,320.0,4073,48,0.3849853982543945,37.5,37.25,38.35
GOOGL,2026-09-24,2026-12-18,C,325.0,1657,688,0.38660281372070304,33.22,34.2,35.45
GOOGL,2026-09-24,2026-12-18,C,330.0,2522,13,0.37366348999023435,31.11,31.35,31.8
GOOGL,2026-09-24,2026-12-18,C,335.0,1549,176,0.3696962445068359,28.57,28.35,28.85
GOOGL,2026-09-24,2026-12-18,C,340.0,3403,134,0.3656069299316406,26.02,25.65,26.05
GOOGL,2026-09-24,2026-12-18,C,345.0,1810,67,0.3628908926391602,23.16,22.65,23.5
GOOGL,2026-09-24,2026-12-18,C,350.0,6052,924,0.36151761535644533,21.02,20.9,21.2
GOOGL,2026-09-24,2026-12-18,C,355.0,1636,89,0.3592288198852539,18.85,18.7,19.0
GOOGL,2026-09-24,2026-12-18,C,360.0,3596,172,0.3575503698730469,16.99,16.7,17.0
GOOGL,2026-09-24,2026-12-18,C,365.0,2243,17,0.35816071533203125,14.8,14.85,15.3
GOOGL,2026-09-24,2026-12-18,C,370.0,4130,144,0.3557193334960937,13.45,13.3,13.55
GOOGL,2026-09-24,2026-12-18,C,375.0,4017,88,0.3549564016723632,12.0,11.75,12.05
GOOGL,2026-09-24,2026-12-18,C,380.0,13948,140,0.35962554443359374,10.7,10.45,11.0
GOOGL,2026-09-24,2026-12-18,C,385.0,2680,14,0.3562686444091796,9.49,9.3,9.6
GOOGL,2026-09-24,2026-12-18,C,390.0,7637,37,0.3570010589599609,8.4,8.15,8.55
GOOGL,2026-09-24,2026-12-18,C,395.0,2242,6,0.3557193334960937,7.39,7.25,7.5
GOOGL,2026-09-24,2026-12-18,C,400.0,14382,386,0.3563907135009765,6.33,6.35,6.65
GOOGL,2026-09-24,2026-12-18,C,405.0,2361,15,0.3562076098632812,5.6,5.55,5.85
GOOGL,2026-09-24,2026-12-18,C,410.0,3565,122,0.35761140441894534,4.9,4.9,5.2
GOOGL,2026-09-24,2026-12-18,C,415.0,5913,46,0.3572451971435546,4.4,4.25,4.55
GOOGL,2026-09-24,2026-12-18,C,420.0,2978,52,0.35767243896484374,3.85,3.75,4.0
GOOGL,2026-09-24,2026-12-18,C,425.0,1913,64,0.3591983026123047,3.38,3.3,3.55
GOOGL,2026-09-24,2026-12-18,C,430.0,2695,15,0.36072416625976556,2.98,2.87,3.15
GOOGL,2026-09-24,2026-12-18,C,435.0,545,3,0.3601138208007812,2.73,2.5,2.73
GOOGL,2026-09-24,2026-12-18,C,440.0,7296,4,0.36597313720703123,2.37,2.25,2.54
GOOGL,2026-09-24,2026-12-18,C,445.0,1380,3,0.36340968627929693,2.15,1.97,2.15
GOOGL,2026-09-24,2026-12-18,C,450.0,19279,23,0.3668276208496094,1.8,1.77,1.95
GOOGL,2026-09-24,2026-12-18,C,455.0,830,2,0.36743796630859377,1.56,1.58,1.71
GOOGL,2026-09-24,2026-12-18,C,460.0,1715,6,0.36817038085937503,1.43,1.39,1.5
GOOGL,2026-09-24,2026-12-18,C,465.0,1008,1,0.3786072882080078,1.22,1.23,1.5
GOOGL,2026-09-24,2026-12-18,C,470.0,3277,2,0.37354142089843745,1.13,1.1,1.22
GOOGL,2026-09-24,2026-12-18,C,475.0,1023,20,0.37415176635742187,1.07,0.99,1.07
GOOGL,2026-09-24,2026-12-18,C,480.0,6060,8,0.3776917700195312,0.89,0.88,0.98
GOOGL,2026-09-24,2026-12-18,C,485.0,1028,3,0.387701435546875,0.85,0.8,0.99
GOOGL,2026-09-24,2026-12-18,C,490.0,1261,2,0.38269660278320305,0.65,0.72,0.8
GOOGL,2026-09-24,2026-12-18,C,495.0,434,2,0.38477177734374995,0.61,0.64,0.72
GOOGL,2026-09-24,2026-12-18,C,500.0,8307,16,0.38709109008789055,0.65,0.57,0.65
GOOGL,2026-09-24,2026-12-18,C,505.0,471,2,0.4010069665527344,0.54,0.51,0.71
GOOGL,2026-09-24,2026-12-18,C,510.0,745,6,0.393560751953125,0.47,0.47,0.55
GOOGL,2026-09-24,2026-12-18,C,515.0,1054,4,0.39722282470703124,0.43,0.43,0.51
GOOGL,2026-09-24,2026-12-18,C,520.0,2430,3,0.40015248291015626,0.43,0.39,0.47
GOOGL,2026-09-24,2026-12-18,C,525.0,2552,3,0.4028380029296875,0.39,0.36,0.43
GOOGL,2026-09-24,2026-12-18,C,530.0,2032,10,0.43140217041015627,0.45,0.11,0.61
GOOGL,2026-09-24,2026-12-18,C,535.0,145,1,0.45313046875,0.49,0.06,0.75
GOOGL,2026-09-24,2026-12-18,C,540.0,996,2504,0.46094289062500005,0.34,0.07,0.75
GOOGL,2026-09-24,2026-12-18,C,545.0,1019,3,0.46851117431640626,0.42,0.06,0.75
GOOGL,2026-09-24,2026-12-18,C,550.0,3063,5,0.4760794580078125,0.3,0.03,0.75
GOOGL,2026-09-24,2026-12-18,C,555.0,494,6,0.48340360351562506,0.2,0.03,0.75
GOOGL,2026-09-24,2026-12-18,C,560.0,2600,1,0.4771780798339844,0.34,0.02,0.62
GOOGL,2026-09-24,2026-12-18,C,565.0,205,4,0.49609878906250005,0.35,0.01,0.73
GOOGL,2026-09-24,2026-12-18,C,570.0,168,1,0.5012256909179689,0.33,0.01,0.71
GOOGL,2026-09-24,2026-12-18,C,575.0,1020,1,0.45215391601562505,0.18,0.15,0.3
GOOGL,2026-09-24,2026-12-18,C,580.0,181,1,0.47559118164062497,0.21,0.02,0.4
GOOGL,2026-09-24,2026-12-18,C,590.0,214,3,0.523442265625,0.18,0.01,0.66
GOOGL,2026-09-24,2026-12-18,C,600.0,822,4,0.4731497998046875,0.16,0.05,0.25
GOOGL,2026-09-24,2026-12-18,C,610.0,2578,3,0.5437057348632813,0.21,0.01,0.61
GOOGL,2026-09-24,2026-12-18,C,620.0,844,1,0.49658706542968756,0.13,0.01,0.25
GOOGL,2026-09-24,2026-12-18,C,630.0,633,2,0.5170946728515625,0.11,0.01,0.57
GOOGL,2026-09-24,2026-12-18,C,640.0,257,1,0.5273484765625001,0.19,0.01,0.56
GOOGL,2026-09-24,2026-12-18,C,650.0,87,9,0.5351608984375,0.1,0.01,0.53
GOOGL,2026-09-24,2026-12-18,C,660.0,160,1,0.5459029785156251,0.19,0.01,0.53
GOOGL,2026-09-24,2026-12-18,C,670.0,45,2,0.5551802294921876,0.14,0.01,0.52
GOOGL,2026-09-24,2026-12-18,C,680.0,43,1,0.5644574804687501,0.08,0.01,0.51
GOOGL,2026-09-24,2026-12-18,C,690.0,20,1,0.5747112841796875,0.1,0.01,0.51
GOOGL,2026-09-24,2026-12-18,C,700.0,73,1,0.5835002587890624,0.07,0.01,0.5
GOOGL,2026-09-24,2026-12-18,C,710.0,181,1,0.5918009570312501,0.16,0.01,0.49
GOOGL,2026-09-24,2026-12-18,C,720.0,229,4,0.6015664843750002,0.07,0.01,0.49
GOOGL,2026-09-24,2026-12-18,C,730.0,114,1,0.6098671826171876,0.12,0.01,0.48
GOOGL,2026-09-24,2026-12-18,C,740.0,34,1,0.6191444335937502,0.11,0.01,0.48
GOOGL,2026-09-24,2026-12-18,C,750.0,179,2,0.5429733203125001,0.05,0.01,0.1
GOOGL,2026-09-24,2026-12-18,C,760.0,50,2,0.6054726953125001,0.08,0.01,0.29
GOOGL,2026-09-24,2026-12-18,C,770.0,68,2,0.6030313134765627,0.1,0.01,0.24
GOOGL,2026-09-24,2026-12-18,C,780.0,384,2,0.6015664843750002,0.1,0.01,0.2
GOOGL,2026-09-24,2026-12-18,C,790.0,444,3,0.6035195898437502,0.1,0.01,0.18
GOOGL,2026-09-24,2026-12-18,C,800.0,912,1,0.5722699023437501,0.05,0.01,0.08
GOOGL,2026-09-24,2026-12-18,P,50.0,500,20,1.21875390625,0.06,0.0,0.02
GOOGL,2026-09-24,2026-12-18,P,55.0,73,5,1.1875040625,0.01,0.0,0.03
GOOGL,2026-09-24,2026-12-18,P,60.0,136,10,1.140629296875,0.05,0.0,0.03
GOOGL,2026-09-24,2026-12-18,P,65.0,571,2,1.4257841210937499,0.05,0.0,0.5
GOOGL,2026-09-24,2026-12-18,P,70.0,414,1,1.6186542504882815,0.02,0.0,1.75
GOOGL,2026-09-24,2026-12-18,P,75.0,77,14,1.5991230981445312,0.02,0.0,2.13
GOOGL,2026-09-24,2026-12-18,P,80.0,270,17,1.2656286718749998,0.02,0.0,0.55
GOOGL,2026-09-24,2026-12-18,P,85.0,740,8,0.914063359375,0.02,0.0,0.03
GOOGL,2026-09-24,2026-12-18,P,90.0,297,20,0.87500125,0.03,0.0,0.03
GOOGL,2026-09-24,2026-12-18,P,95.0,1761,6,0.8437515624999999,0.01,0.0,0.03
GOOGL,2026-09-24,2026-12-18,P,100.0,1031,10,0.8125018749999999,0.02,0.0,0.03
GOOGL,2026-09-24,2026-12-18,P,105.0,1170,1,0.8125018749999999,0.03,0.0,0.05
GOOGL,2026-09-24,2026-12-18,P,110.0,1512,3,1.0087940185546875,0.05,0.0,0.6
GOOGL,2026-09-24,2026-12-18,P,115.0,350,1,0.773439765625,0.04,0.01,0.06
GOOGL,2026-09-24,2026-12-18,P,120.0,2269,2,0.73437765625,0.05,0.0,0.06
GOOGL,2026-09-24,2026-12-18,P,125.0,1379,7,0.7753928710937501,0.03,0.01,0.15
GOOGL,2026-09-24,2026-12-18,P,130.0,3949,91,0.726565234375,0.06,0.01,0.11
GOOGL,2026-09-24,2026-12-18,P,135.0,918,1,0.6718782812500002,0.05,0.0,0.08
GOOGL,2026-09-24,2026-12-18,P,140.0,2704,3,0.804689453125,0.04,0.0,0.59
GOOGL,2026-09-24,2026-12-18,P,145.0,733,2,0.648441015625,0.05,0.0,0.12
GOOGL,2026-09-24,2026-12-18,P,150.0,3307,8,0.6289099609375001,0.1,0.03,0.1
GOOGL,2026-09-24,2026-12-18,P,155.0,1826,400,0.6103554589843752,0.07,0.02,0.12
GOOGL,2026-09-24,2026-12-18,P,160.0,8807,15,0.5625043750000001,0.05,0.01,0.08
GOOGL,2026-09-24,2026-12-18,P,165.0,1049,11,0.5644574804687501,0.08,0.06,0.08
GOOGL,2026-09-24,2026-12-18,P,170.0,7143,2,0.5585981640625001,0.08,0.04,0.14
GOOGL,2026-09-24,2026-12-18,P,175.0,1318,5,0.5371140039062501,0.1,0.05,0.13
GOOGL,2026-09-24,2026-12-18,P,180.0,647,3,0.5214891601562499,0.13,0.04,0.16
GOOGL,2026-09-24,2026-12-18,P,185.0,842,53,0.5141650146484374,0.13,0.1,0.15
GOOGL,2026-09-24,2026-12-18,P,190.0,1271,11,0.5083056982421875,0.12,0.1,0.22
GOOGL,2026-09-24,2026-12-18,P,195.0,694,13,0.5185595019531251,0.18,0.04,0.26
GOOGL,2026-09-24,2026-12-18,P,200.0,3816,3,0.5097705273437501,0.19,0.09,0.31
GOOGL,2026-09-24,2026-12-18,P,205.0,1673,1,0.4887746435546876,0.24,0.06,0.31
GOOGL,2026-09-24,2026-12-18,P,210.0,1100,1,0.47827670166015623,0.25,0.19,0.36
GOOGL,2026-09-24,2026-12-18,P,215.0,927,38,0.47803256347656253,0.31,0.23,0.48
GOOGL,2026-09-24,2026-12-18,P,220.0,1233,19,0.4343318286132813,0.36,0.26,0.34
GOOGL,2026-09-24,2026-12-18,P,225.0,725,16,0.45654840332031255,0.35,0.35,0.63
GOOGL,2026-09-24,2026-12-18,P,230.0,2025,21,0.41431249755859373,0.46,0.4,0.46
GOOGL,2026-09-24,2026-12-18,P,235.0,2165,1,0.40381455566406255,0.58,0.42,0.53
GOOGL,2026-09-24,2026-12-18,P,240.0,2218,1,0.3967345483398438,0.58,0.57,0.64
GOOGL,2026-09-24,2026-12-18,P,245.0,1488,2,0.3869690209960937,0.73,0.66,0.74
GOOGL,2026-09-24,2026-12-18,P,250.0,5291,57,0.37842418457031246,0.85,0.82,0.87
GOOGL,2026-09-24,2026-12-18,P,255.0,4737,1364,0.3712221081542969,1.15,0.96,1.04
GOOGL,2026-09-24,2026-12-18,P,260.0,2498,15,0.36524072265625,1.23,1.19,1.26
GOOGL,2026-09-24,2026-12-18,P,265.0,2273,4,0.35834381896972656,1.62,1.39,1.5
GOOGL,2026-09-24,2026-12-18,P,270.0,4277,3,0.35425450439453116,1.78,1.74,1.84
GOOGL,2026-09-24,2026-12-18,P,275.0,2939,1114,0.34833415344238283,2.36,2.04,2.2
GOOGL,2026-09-24,2026-12-18,P,280.0,6131,75,0.343207251586914,2.63,2.55,2.64
GOOGL,2026-09-24,2026-12-18,P,285.0,1139,13,0.33960621337890623,3.11,3.0,3.2
GOOGL,2026-09-24,2026-12-18,P,290.0,6296,10,0.33588310607910155,3.7,3.65,3.85
GOOGL,2026-09-24,2026-12-18,P,295.0,1389,18,0.33209896423339846,4.4,4.4,4.6
GOOGL,2026-09-24,2026-12-18,P,300.0,10389,94,0.3291998233032226,5.42,5.3,5.5
GOOGL,2026-09-24,2026-12-18,P,305.0,2948,10,0.3266974069213867,6.49,6.25,6.55
GOOGL,2026-09-24,2026-12-18,P,310.0,3295,150,0.32330998962402335,7.55,7.45,7.7
GOOGL,2026-09-24,2026-12-18,P,315.0,3042,121,0.32089912506103513,8.95,8.7,9.05
GOOGL,2026-09-24,2026-12-18,P,320.0,8373,31,0.31735912139892575,10.5,9.9,10.5
GOOGL,2026-09-24,2026-12-18,P,325.0,2799,44,0.31690136230468746,12.1,11.9,12.3
GOOGL,2026-09-24,2026-12-18,P,330.0,6467,16,0.31497877410888664,13.95,13.8,14.2
GOOGL,2026-09-24,2026-12-18,P,335.0,2334,37,0.3132698068237304,16.05,15.65,16.3
GOOGL,2026-09-24,2026-12-18,P,340.0,3286,34,0.31095049407958975,18.48,18.1,18.55
GOOGL,2026-09-24,2026-12-18,P,345.0,3228,11,0.3140632559204102,20.8,20.85,21.35
GOOGL,2026-09-24,2026-12-18,P,350.0,6413,12,0.30823445678710937,23.7,22.9,23.75
GOOGL,2026-09-24,2026-12-18,P,355.0,1084,23,0.30634238586425777,28.5,26.2,26.6
GOOGL,2026-09-24,2026-12-18,P,360.0,1429,21,0.304694453125,28.9,29.05,29.65
GOOGL,2026-09-24,2026-12-18,P,365.0,1567,11,0.30335169311523436,34.0,31.7,32.9
GOOGL,2026-09-24,2026-12-18,P,370.0,982,22,0.3016427258300781,35.96,35.6,36.3
GOOGL,2026-09-24,2026-12-18,P,375.0,637,40,0.30832600860595705,39.47,38.6,40.35
GOOGL,2026-09-24,2026-12-18,P,380.0,1235,53,0.29849944671630857,43.79,42.55,43.6
GOOGL,2026-09-24,2026-12-18,P,385.0,401,40,0.2993844476318359,46.97,46.75,47.6
GOOGL,2026-09-24,2026-12-18,P,390.0,614,1,0.31415480773925775,53.56,50.55,52.4
GOOGL,2026-09-24,2026-12-18,P,395.0,617,21,0.29563082305908206,46.55,54.65,55.7
GOOGL,2026-09-24,2026-12-18,P,400.0,1074,7,0.29175512939453113,59.8,58.15,59.85
GOOGL,2026-09-24,2026-12-18,P,405.0,298,3,0.3034737622070312,55.9,63.05,64.7
GOOGL,2026-09-24,2026-12-18,P,410.0,106,3,0.28388167297363276,60.6,66.9,68.5
GOOGL,2026-09-24,2026-12-18,P,415.0,247,25,0.2893137475585937,65.6,71.8,73.25
GOOGL,2026-09-24,2026-12-18,P,420.0,47,2,0.32233343688964833,77.0,76.1,78.85
GOOGL,2026-09-24,2026-12-18,P,425.0,0,10,1.0000000000000003e-05,84.05,0.0,0.0
GOOGL,2026-09-24,2026-12-18,P,430.0,321,42,0.2930978894042968,79.25,85.6,87.4
GOOGL,2026-09-24,2026-12-18,P,435.0,44,1,0.3288030987548828,95.75,90.15,92.95
GOOGL,2026-09-24,2026-12-18,P,440.0,4,5,0.47913118530273435,106.32,100.0,102.65
GOOGL,2026-09-24,2026-12-18,P,445.0,6,2,1.1119123994445803,112.9,141.8,144.45
GOOGL,2026-09-24,2026-12-18,P,450.0,0,1,1.0000000000000003e-05,107.47,0.0,0.0
GOOGL,2026-09-24,2026-12-18,P,455.0,2,4,0.5381515911865236,109.2,114.7,118.4
GOOGL,2026-09-24,2026-12-18,P,460.0,4,4,1.0000000000000003e-05,78.75,94.25,95.65
GOOGL,2026-09-24,2026-12-18,P,465.0,0,3,1.0000000000000003e-05,107.55,114.95,118.5
GOOGL,2026-09-24,2026-12-18,P,470.0,0,3,1.0000000000000003e-05,113.3,119.85,123.45
GOOGL,2026-09-24,2026-12-18,P,475.0,0,670,1.0000000000000003e-05,156.95,124.65,128.5
GOOGL,2026-09-24,2026-12-18,P,480.0,1,1,1.0000000000000003e-05,163.67,129.8,133.8
GOOGL,2026-09-24,2026-12-18,P,485.0,0,2,1.0000000000000003e-05,166.02,134.85,138.8
GOOGL,2026-09-24,2026-12-18,P,490.0,0,106,1.0000000000000003e-05,169.55,139.8,143.6
GOOGL,2026-09-24,2026-12-18,P,495.0,0,0,1.2678259265136718,185.95,191.25,194.6
GOOGL,2026-09-24,2026-12-18,P,500.0,5,6,1.0000000000000003e-05,161.5,137.2,139.85
GOOGL,2026-09-24,2026-12-18,P,505.0,0,1,1.0000000000000003e-05,122.8,0.0,0.0
GOOGL,2026-09-24,2026-12-18,P,510.0,0,0,1.3105503222656247,174.64,206.25,209.65
GOOGL,2026-09-24,2026-12-18,P,515.0,3,3,1.0000000000000003e-05,125.25,151.35,153.85
GOOGL,2026-09-24,2026-12-18,P,525.0,0,3,1.0000000000000003e-05,174.3,174.75,178.8
GOOGL,2026-09-24,2026-12-18,P,530.0,0,2,1.0000000000000003e-05,229.35,0.0,0.0
GOOGL,2026-09-24,2026-12-18,P,535.0,0,3,1.0000000000000003e-05,134.25,0.0,0.0
GOOGL,2026-09-24,2026-12-18,P,540.0,0,0,1.389315797576904,204.35,236.25,239.65
GOOGL,2026-09-24,2026-12-18,P,550.0,0,3,1.0000000000000003e-05,147.7,0.0,0.0
GOOGL,2026-09-24,2026-12-18,P,555.0,0,3,1.0000000000000003e-05,168.8,0.0,0.0
GOOGL,2026-09-24,2026-12-18,P,560.0,0,0,1.0000000000000003e-05,173.45,0.0,0.0
GOOGL,2026-09-24,2026-12-18,P,570.0,0,2,1.0000000000000003e-05,211.85,219.75,223.8
GOOGL,2026-09-24,2026-12-18,P,575.0,0,0,1.4727199215698241,265.5,271.25,274.65
GOOGL,2026-09-24,2026-12-18,P,600.0,0,0,1.0000000000000003e-05,203.24,226.5,229.5
GOOGL,2026-09-24,2026-12-18,P,740.0,0,0,1.0000000000000003e-05,386.85,389.75,393.85
GOOGL,2026-09-24,2026-12-18,P,780.0,0,0,1.035344178771973,454.43,439.5,443.35
GOOGL,2026-09-24,2027-01-15,C,5.0,3154,2,3.8066411083984377,356.0,337.55,341.25
GOOGL,2026-09-24,2027-01-15,C,10.0,7,14,0.0,307.4,384.7,388.45
GOOGL,2026-09-24,2027-01-15,C,15.0,0,1,1.0000000000000003e-05,370.98,0.0,0.0
GOOGL,2026-09-24,2027-01-15,C,20.0,4,1,2.814944368896484,323.29,324.25,326.4
GOOGL,2026-09-24,2027-01-15,C,25.0,0,1,1.0000000000000003e-05,280.5,0.0,0.0
GOOGL,2026-09-24,2027-01-15,C,30.0,3,1,2.1298874877929688,324.22,312.8,316.55
GOOGL,2026-09-24,2027-01-15,C,35.0,2,1,2.0156299609375,320.85,307.85,311.65
GOOGL,2026-09-24,2027-01-15,C,40.0,7,2,1.8916021044921876,315.71,302.85,306.65
GOOGL,2026-09-24,2027-01-15,C,45.0,4,1,2.5144080108642575,279.5,301.6,305.75
GOOGL,2026-09-24,2027-01-15,C,50.0,553,1,1.8066415917968748,303.1,293.4,296.95
GOOGL,2026-09-24,2027-01-15,C,55.0,219,2,1.7094741088867185,300.41,288.45,291.85
GOOGL,2026-09-24,2027-01-15,C,60.0,167,3,1.5986348193359374,295.93,283.2,286.85
GOOGL,2026-09-24,2027-01-15,C,65.0,739,1,1.5732443212890623,296.85,278.4,282.1
GOOGL,2026-09-24,2027-01-15,C,70.0,106,2,1.5273461132812498,292.31,273.65,277.1
GOOGL,2026-09-24,2027-01-15,C,75.0,226,2,1.4751002807617186,281.06,268.7,272.2
GOOGL,2026-09-24,2027-01-15,C,80.0,57,1,1.3974639501953123,251.73,263.5,267.2
GOOGL,2026-09-24,2027-01-15,C,85.0,46,1,1.3911163256835937,260.42,258.75,262.6
GOOGL,2026-09-24,2027-01-15,C,90.0,84,5,1.3073765100097652,272.57,253.65,257.3
GOOGL,2026-09-24,2027-01-15,C,95.0,0,1,1.0000000000000003e-05,308.65,0.0,0.0
GOOGL,2026-09-24,2027-01-15,C,100.0,413,1,1.2580603503417969,240.82,244.1,247.6
GOOGL,2026-09-24,2027-01-15,C,105.0,69,3,1.205082099609375,251.64,238.9,242.7
GOOGL,2026-09-24,2027-01-15,C,110.0,166,2,1.180546089477539,252.84,234.25,237.7
GOOGL,2026-09-24,2027-01-15,C,115.0,166,2,1.148197618408203,236.65,229.3,232.85
GOOGL,2026-09-24,2027-01-15,C,120.0,157,4,1.111820847167969,236.89,224.4,227.85
GOOGL,2026-09-24,2027-01-15,C,125.0,138,1,1.0769089123535158,209.0,219.45,222.9
GOOGL,2026-09-24,2027-01-15,C,130.0,289,2,1.0500535778808593,210.8,214.55,218.05
GOOGL,2026-09-24,2027-01-15,C,135.0,158,1,1.0151416430664062,208.34,209.6,213.05
GOOGL,2026-09-24,2027-01-15,C,140.0,304,18,0.9603275451660156,203.32,204.55,207.65
GOOGL,2026-09-24,2027-01-15,C,145.0,287,1,0.9722903161621093,200.15,200.2,203.15
GOOGL,2026-09-24,2027-01-15,C,150.0,4703,2,0.9454351159667969,194.45,195.35,198.2
GOOGL,2026-09-24,2027-01-15,C,155.0,1047,3,0.920899228515625,208.34,190.35,193.45
GOOGL,2026-09-24,2027-01-15,C,160.0,1151,4,0.893555751953125,183.97,185.5,188.45
GOOGL,2026-09-24,2027-01-15,C,165.0,1217,1,0.8669446899414062,180.28,180.6,183.5
GOOGL,2026-09-24,2027-01-15,C,170.0,1400,2,0.8393570751953124,171.8,175.6,178.6
GOOGL,2026-09-24,2027-01-15,C,175.0,1561,4,0.8166522241210936,189.05,170.75,173.7
GOOGL,2026-09-24,2027-01-15,C,180.0,1376,1,0.8011494494628906,183.82,166.5,168.45
GOOGL,2026-09-24,2027-01-15,C,185.0,699,3,0.7482935327148439,157.27,160.55,163.5
GOOGL,2026-09-24,2027-01-15,C,190.0,767,1,0.7341335180664061,156.0,155.95,158.6
GOOGL,2026-09-24,2027-01-15,C,195.0,685,5,0.721804539794922,169.36,151.05,154.1
GOOGL,2026-09-24,2027-01-15,C,200.0,5355,6,0.6972686523437501,142.67,146.25,149.0
GOOGL,2026-09-24,2027-01-15,C,205.0,572,8,0.6777375976562501,142.5,141.3,144.25
GOOGL,2026-09-24,2027-01-15,C,210.0,1377,3,0.6352575537109376,136.0,136.0,138.8
GOOGL,2026-09-24,2027-01-15,C,215.0,1072,1,0.6274451318359376,130.5,131.4,134.2
GOOGL,2026-09-24,2027-01-15,C,220.0,2666,3,0.5965006170654297,126.0,126.65,128.65
GOOGL,2026-09-24,2027-01-15,C,225.0,1499,5,0.5963175134277343,122.25,121.85,124.7
GOOGL,2026-09-24,2027-01-15,C,230.0,1446,22,0.5681805877685546,112.28,117.05,119.3
GOOGL,2026-09-24,2027-01-15,C,235.0,1043,1,0.5424850439453126,109.35,112.2,114.05
GOOGL,2026-09-24,2027-01-15,C,240.0,2245,1,0.5324753784179688,107.1,107.45,109.6
GOOGL,2026-09-24,2027-01-15,C,245.0,1347,1,0.5153246710205077,99.8,102.65,104.8
GOOGL,2026-09-24,2027-01-15,C,250.0,12038,7,0.5002491381835938,100.65,98.75,99.25
GOOGL,2026-09-24,2027-01-15,C,255.0,2362,5,0.5075732836914062,92.6,93.25,95.1
GOOGL,2026-09-24,2027-01-15,C,260.0,2888,2,0.49265033721923834,90.81,88.8,90.45
GOOGL,2026-09-24,2027-01-15,C,265.0,5012,1,0.48694360717773444,84.4,84.05,86.2
GOOGL,2026-09-24,2027-01-15,C,270.0,2358,10,0.45795219787597663,79.02,79.5,81.0
GOOGL,2026-09-24,2027-01-15,C,275.0,2666,1,0.4408014904785156,74.5,75.9,76.3
GOOGL,2026-09-24,2027-01-15,C,280.0,2950,3,0.4422358023071289,72.15,71.65,72.5
GOOGL,2026-09-24,2027-01-15,C,285.0,745,2,0.4206295730590821,69.05,67.3,67.65
GOOGL,2026-09-24,2027-01-15,C,290.0,1740,4,0.41702853485107416,58.8,63.1,63.75
GOOGL,2026-09-24,2027-01-15,C,295.0,1441,3,0.4107724938964844,55.5,59.1,59.8
GOOGL,2026-09-24,2027-01-15,C,300.0,7041,17,0.4106504248046875,55.5,55.2,56.3
GOOGL,2026-09-24,2027-01-15,C,305.0,1923,6,0.3987792056274414,50.3,51.25,52.2
GOOGL,2026-09-24,2027-01-15,C,310.0,4535,5,0.3951171328735352,47.8,47.65,48.7
GOOGL,2026-09-24,2027-01-15,C,315.0,2151,1,0.3859924682617187,44.09,43.5,44.95
GOOGL,2026-09-24,2027-01-15,C,320.0,4038,3,0.38052987640380853,40.6,40.45,41.55
GOOGL,2026-09-24,2027-01-15,C,325.0,1618,5,0.3846191909790039,38.6,37.6,38.95
GOOGL,2026-09-24,2027-01-15,C,330.0,3329,78,0.370123486328125,33.9,34.4,35.15
GOOGL,2026-09-24,2027-01-15,C,335.0,1666,13,0.3643557217407227,31.94,31.55,32.1
GOOGL,2026-09-24,2027-01-15,C,340.0,4407,217,0.3601748553466796,29.22,29.0,29.3
GOOGL,2026-09-24,2027-01-15,C,345.0,1919,331,0.36203640899658207,26.8,26.6,27.1
GOOGL,2026-09-24,2027-01-15,C,350.0,25231,1044,0.3567569207763671,24.38,24.15,24.5
GOOGL,2026-09-24,2027-01-15,C,355.0,2343,15,0.3555667471313476,22.2,22.0,22.35
GOOGL,2026-09-24,2027-01-15,C,360.0,15079,80,0.3551700225830078,19.9,19.9,20.4
GOOGL,2026-09-24,2027-01-15,C,365.0,2638,10,0.353674676208496,18.25,18.05,18.5
GOOGL,2026-09-24,2027-01-15,C,370.0,9651,158,0.3517520880126953,16.63,16.35,16.7
GOOGL,2026-09-24,2027-01-15,C,375.0,3722,19,0.34943277526855465,15.0,14.45,15.0
GOOGL,2026-09-24,2027-01-15,C,380.0,12709,133,0.3495853616333008,13.2,13.25,13.6
GOOGL,2026-09-24,2027-01-15,C,385.0,1900,8,0.34812053253173825,11.86,11.65,12.2
GOOGL,2026-09-24,2027-01-15,C,390.0,9091,55,0.34873087799072267,10.85,10.6,11.05
GOOGL,2026-09-24,2027-01-15,C,395.0,2012,1,0.34860880889892576,9.35,9.55,9.95
GOOGL,2026-09-24,2027-01-15,C,400.0,24702,1092,0.3468998416137695,8.8,8.65,8.85
GOOGL,2026-09-24,2027-01-15,C,405.0,4156,21,0.34787639434814455,7.7,7.75,8.0
GOOGL,2026-09-24,2027-01-15,C,410.0,10168,6,0.34833415344238283,6.97,6.85,7.2
GOOGL,2026-09-24,2027-01-15,C,415.0,2342,9,0.34839518798828123,6.25,6.0,6.45
GOOGL,2026-09-24,2027-01-15,C,420.0,4467,25,0.34802898071289057,5.65,5.45,5.75
GOOGL,2026-09-24,2027-01-15,C,425.0,1966,2,0.34943277526855465,5.45,4.7,5.2
GOOGL,2026-09-24,2027-01-15,C,430.0,4153,6,0.3508060525512695,4.35,4.3,4.7
GOOGL,2026-09-24,2027-01-15,C,435.0,1800,4,0.35816071533203125,4.1,3.9,4.5
GOOGL,2026-09-24,2027-01-15,C,440.0,7848,13,0.352545537109375,3.7,3.4,3.8
GOOGL,2026-09-24,2027-01-15,C,445.0,616,23,0.35297277893066403,3.55,3.05,3.4
GOOGL,2026-09-24,2027-01-15,C,450.0,16815,132,0.3513858807373046,2.95,2.95,2.97
GOOGL,2026-09-24,2027-01-15,C,455.0,1222,111,0.3552920916748046,2.83,2.6,2.76
GOOGL,2026-09-24,2027-01-15,C,460.0,1062,2,0.3601748553466796,2.63,2.31,2.6
GOOGL,2026-09-24,2027-01-15,C,465.0,708,2,0.356878989868164,2.19,2.08,2.22
GOOGL,2026-09-24,2027-01-15,C,470.0,1140,2,0.35950347534179683,2.01,1.94,2.04
GOOGL,2026-09-24,2027-01-15,C,475.0,2610,21,0.36713279357910156,1.78,1.68,2.0
GOOGL,2026-09-24,2027-01-15,C,480.0,1174,1,0.3627993408203125,1.55,1.56,1.68
GOOGL,2026-09-24,2027-01-15,C,485.0,584,51,0.3709779699707031,1.48,1.41,1.67
GOOGL,2026-09-24,2027-01-15,C,490.0,747,1,0.3676821044921875,1.31,1.26,1.42
GOOGL,2026-09-24,2027-01-15,C,495.0,349,8,0.36804831176757813,1.18,1.16,1.27
GOOGL,2026-09-24,2027-01-15,C,500.0,4395,8,0.36939107177734376,1.06,1.02,1.15
GOOGL,2026-09-24,2027-01-15,C,505.0,881,2,0.37476211181640623,1.01,0.96,1.11
GOOGL,2026-09-24,2027-01-15,C,510.0,2591,7,0.3715883154296875,0.89,0.88,0.94
GOOGL,2026-09-24,2027-01-15,C,515.0,805,2,0.3748841809082031,0.83,0.79,0.88
GOOGL,2026-09-24,2027-01-15,C,520.0,637,10,0.37695935546875,0.82,0.73,0.81
GOOGL,2026-09-24,2027-01-15,C,525.0,1668,2,0.3794007373046875,0.68,0.67,0.75
GOOGL,2026-09-24,2027-01-15,C,530.0,1308,5,0.39014281738281253,0.64,0.62,0.8
GOOGL,2026-09-24,2027-01-15,C,535.0,531,11,0.38355108642578123,0.6,0.49,0.64
GOOGL,2026-09-24,2027-01-15,C,540.0,448,2,0.3963683410644532,0.58,0.53,0.71
GOOGL,2026-09-24,2027-01-15,C,545.0,392,2,0.38794557373046873,0.54,0.49,0.55
GOOGL,2026-09-24,2027-01-15,C,550.0,733,7,0.39014281738281253,0.5,0.45,0.51
GOOGL,2026-09-24,2027-01-15,C,555.0,1650,5,0.3940490283203125,0.49,0.36,0.49
GOOGL,2026-09-24,2027-01-15,C,560.0,294,4,0.39551385742187506,0.43,0.4,0.45
GOOGL,2026-09-24,2027-01-15,C,565.0,747,3,0.42664147583007817,0.46,0.19,0.69
GOOGL,2026-09-24,2027-01-15,C,570.0,293,1,0.4271297521972657,0.43,0.13,0.63
GOOGL,2026-09-24,2027-01-15,C,575.0,153,7,0.43604079589843747,0.5,0.16,0.66
GOOGL,2026-09-24,2027-01-15,C,580.0,1599,2,0.4495904650878906,0.35,0.21,0.74
GOOGL,2026-09-24,2027-01-15,C,590.0,568,1,0.44885805053710937,0.25,0.04,0.61
GOOGL,2026-09-24,2027-01-15,C,600.0,3140,2,0.44775942871093743,0.32,0.2,0.5
GOOGL,2026-09-24,2027-01-15,C,610.0,365,225,0.42969320312500003,0.26,0.2,0.3
GOOGL,2026-09-24,2027-01-15,C,620.0,322,4,0.46973186523437505,0.24,0.09,0.5
GOOGL,2026-09-24,2027-01-15,C,630.0,304,1,0.5039112109375,0.29,0.01,0.71
GOOGL,2026-09-24,2027-01-15,C,640.0,512,2,0.5124560473632812,0.2,0.02,0.69
GOOGL,2026-09-24,2027-01-15,C,650.0,4378,15,0.47510290527343746,0.17,0.11,0.33
GOOGL,2026-09-24,2027-01-15,C,660.0,332,1,0.4792532543945312,0.17,0.01,0.3
GOOGL,2026-09-24,2027-01-15,C,670.0,423,1,0.4760794580078125,0.13,0.01,0.24
GOOGL,2026-09-24,2027-01-15,C,680.0,124,2,0.48730981445312505,0.11,0.02,0.25
GOOGL,2026-09-24,2027-01-15,C,690.0,181,1,0.5097705273437501,0.15,0.01,0.62
GOOGL,2026-09-24,2027-01-15,C,700.0,159,2,0.46680220703125,0.11,0.01,0.12
GOOGL,2026-09-24,2027-01-15,C,710.0,53,3,0.52539537109375,0.08,0.01,0.6
GOOGL,2026-09-24,2027-01-15,C,720.0,175,1,0.5327195166015625,0.15,0.01,0.59
GOOGL,2026-09-24,2027-01-15,C,730.0,49,2,0.5410202148437502,0.13,0.01,0.59
GOOGL,2026-09-24,2027-01-15,C,740.0,55,3,0.5097705273437501,0.1,0.04,0.15
GOOGL,2026-09-24,2027-01-15,C,750.0,271,1,0.5566450585937501,0.2,0.01,0.58
GOOGL,2026-09-24,2027-01-15,C,760.0,476,3,0.5634809277343751,0.08,0.01,0.57
GOOGL,2026-09-24,2027-01-15,C,770.0,107,1,0.5566450585937501,0.12,0.01,0.45
GOOGL,2026-09-24,2027-01-15,C,780.0,128,2,0.5019581054687501,0.07,0.06,0.08
GOOGL,2026-09-24,2027-01-15,C,790.0,215,5,0.51562984375,0.13,0.01,0.15
GOOGL,2026-09-24,2027-01-15,C,800.0,5558,11,0.5009815527343751,0.05,0.02,0.08
GOOGL,2026-09-24,2027-01-15,P,5.0,327,1,2.2500043749999996,0.01,0.0,0.01
GOOGL,2026-09-24,2027-01-15,P,10.0,208,2,1.875000625,0.08,0.0,0.01
GOOGL,2026-09-24,2027-01-15,P,15.0,12,1,1.65625171875,0.1,0.0,0.01
GOOGL,2026-09-24,2027-01-15,P,20.0,222,2,1.5000025,0.11,0.0,0.01
GOOGL,2026-09-24,2027-01-15,P,25.0,10,6,1.3750031249999999,0.06,0.0,0.01
GOOGL,2026-09-24,2027-01-15,P,30.0,41,3,1.2812535937499998,0.06,0.0,0.01
GOOGL,2026-09-24,2027-01-15,P,35.0,21,1,1.1875040625,0.11,0.0,0.01
GOOGL,2026-09-24,2027-01-15,P,40.0,10,2,1.171879140625,0.06,0.0,0.02
GOOGL,2026-09-24,2027-01-15,P,45.0,23,5,1.109379453125,0.06,0.0,0.02
GOOGL,2026-09-24,2027-01-15,P,50.0,336,1,1.09375453125,0.01,0.0,0.03
GOOGL,2026-09-24,2027-01-15,P,55.0,80,2,1.0312548437500002,0.08,0.0,0.03
GOOGL,2026-09-24,2027-01-15,P,60.0,0,3,0.500005,0.03,0.0,0.0
GOOGL,2026-09-24,2027-01-15,P,65.0,114,3,1.162113564453125,0.08,0.0,0.29
GOOGL,2026-09-24,2027-01-15,P,70.0,0,3,0.500005,0.03,0.0,0.0
GOOGL,2026-09-24,2027-01-15,P,75.0,0,7,0.500005,0.07,0.0,0.0
GOOGL,2026-09-24,2027-01-15,P,80.0,243,1,0.914063359375,0.1,0.0,0.1
GOOGL,2026-09-24,2027-01-15,P,85.0,551,1,0.8789074609374999,0.02,0.0,0.1
GOOGL,2026-09-24,2027-01-15,P,90.0,2301,8,0.92773509765625,0.02,0.0,0.26
GOOGL,2026-09-24,2027-01-15,P,95.0,849,1,0.8906260937499999,0.13,0.0,0.26
GOOGL,2026-09-24,2027-01-15,P,100.0,5243,4,0.7539087109375,0.03,0.01,0.06
GOOGL,2026-09-24,2027-01-15,P,105.0,560,12,0.73437765625,0.03,0.01,0.07
GOOGL,2026-09-24,2027-01-15,P,110.0,1317,2,0.7128934960937501,0.04,0.01,0.08
GOOGL,2026-09-24,2027-01-15,P,115.0,1730,22,0.6718782812500002,0.03,0.01,0.06
GOOGL,2026-09-24,2027-01-15,P,120.0,4920,1,0.6601596484375001,0.04,0.01,0.08
GOOGL,2026-09-24,2027-01-15,P,125.0,2325,6,0.6367223828125,0.05,0.01,0.08
GOOGL,2026-09-24,2027-01-15,P,130.0,5486,4,0.6250037500000001,0.06,0.01,0.1
GOOGL,2026-09-24,2027-01-15,P,135.0,2276,3,0.6113320117187502,0.05,0.01,0.12
GOOGL,2026-09-24,2027-01-15,P,140.0,4861,6,0.6015664843750002,0.07,0.01,0.15
GOOGL,2026-09-24,2027-01-15,P,145.0,1787,10,0.5927775097656252,0.08,0.05,0.15
GOOGL,2026-09-24,2027-01-15,P,150.0,6973,604,0.567387138671875,0.05,0.05,0.14
GOOGL,2026-09-24,2027-01-15,P,155.0,7268,1,0.5400436621093752,0.09,0.01,0.16
GOOGL,2026-09-24,2027-01-15,P,160.0,3294,2,0.516606396484375,0.08,0.02,0.14
GOOGL,2026-09-24,2027-01-15,P,165.0,1343,2,0.500005,0.09,0.01,0.16
GOOGL,2026-09-24,2027-01-15,P,170.0,754,2,0.516606396484375,0.1,0.04,0.16
GOOGL,2026-09-24,2027-01-15,P,175.0,7450,1,0.5004932763671875,0.19,0.11,0.17
GOOGL,2026-09-24,2027-01-15,P,180.0,3840,3,0.48779809082031256,0.13,0.07,0.19
GOOGL,2026-09-24,2027-01-15,P,185.0,1049,4,0.5107470800781251,0.17,0.12,0.61
GOOGL,2026-09-24,2027-01-15,P,190.0,2478,2,0.5239305419921875,0.21,0.03,0.57
GOOGL,2026-09-24,2027-01-15,P,195.0,662,12,0.46289599609375004,0.22,0.14,0.32
GOOGL,2026-09-24,2027-01-15,P,200.0,11388,6,0.44775942871093743,0.29,0.24,0.34
GOOGL,2026-09-24,2027-01-15,P,205.0,1580,1030,0.42774009765625004,0.34,0.26,0.33
GOOGL,2026-09-24,2027-01-15,P,210.0,1217,4,0.41797457031249996,0.36,0.31,0.38
GOOGL,2026-09-24,2027-01-15,P,215.0,643,17,0.40772076660156253,0.38,0.37,0.43
GOOGL,2026-09-24,2027-01-15,P,220.0,2156,13,0.3991759301757813,0.5,0.45,0.5
GOOGL,2026-09-24,2027-01-15,P,225.0,2582,6,0.39160764648437496,0.56,0.52,0.59
GOOGL,2026-09-24,2027-01-15,P,230.0,3567,3,0.38294074096679687,0.74,0.63,0.68
GOOGL,2026-09-24,2027-01-15,P,235.0,1513,3,0.37573866455078125,0.79,0.74,0.8
GOOGL,2026-09-24,2027-01-15,P,240.0,5672,6,0.36865865722656255,0.95,0.88,0.94
GOOGL,2026-09-24,2027-01-15,P,245.0,2320,1,0.3621889953613281,1.12,1.04,1.11
GOOGL,2026-09-24,2027-01-15,P,250.0,10709,6,0.3552310571289062,1.33,1.25,1.3
GOOGL,2026-09-24,2027-01-15,P,255.0,2614,3,0.350470362548828,1.78,1.49,1.56
GOOGL,2026-09-24,2027-01-15,P,260.0,5031,35,0.3450993225097656,1.92,1.78,1.85
GOOGL,2026-09-24,2027-01-15,P,265.0,8648,87,0.34076586975097656,2.14,2.12,2.21
GOOGL,2026-09-24,2027-01-15,P,270.0,4184,26,0.3364324169921875,2.6,2.38,2.63
GOOGL,2026-09-24,2027-01-15,P,275.0,3371,22,0.3332586206054688,3.1,3.0,3.15
GOOGL,2026-09-24,2027-01-15,P,280.0,10676,1511,0.3286810296630859,3.59,3.55,3.7
GOOGL,2026-09-24,2027-01-15,P,285.0,5540,5,0.3246832669067382,4.62,4.15,4.35
GOOGL,2026-09-24,2027-01-15,P,290.0,4558,17,0.323126885986328,5.15,4.95,5.2
GOOGL,2026-09-24,2027-01-15,P,295.0,3063,11,0.31915964050292955,6.0,5.85,6.05
GOOGL,2026-09-24,2027-01-15,P,300.0,16567,280,0.3159858441162109,7.0,6.85,7.05
GOOGL,2026-09-24,2027-01-15,P,305.0,3530,41,0.314185325012207,8.7,7.65,8.25
GOOGL,2026-09-24,2027-01-15,P,310.0,7081,19,0.3108589422607422,9.45,9.3,9.5
GOOGL,2026-09-24,2027-01-15,P,315.0,4454,4,0.3085091122436523,10.6,10.65,10.95
GOOGL,2026-09-24,2027-01-15,P,320.0,7766,31,0.3068611795043945,12.61,12.2,12.6
GOOGL,2026-09-24,2027-01-15,P,325.0,4973,308,0.3050606604003906,14.26,14.0,14.4
GOOGL,2026-09-24,2027-01-15,P,330.0,11305,8,0.303016003112793,16.31,15.9,16.35
GOOGL,2026-09-24,2027-01-15,P,335.0,2300,4,0.30074246627807616,18.48,18.05,18.45
GOOGL,2026-09-24,2027-01-15,P,340.0,4904,14,0.2988656539916992,20.5,20.3,20.75
GOOGL,2026-09-24,2027-01-15,P,345.0,2176,16,0.29801117034912106,23.37,22.75,23.3
GOOGL,2026-09-24,2027-01-15,P,350.0,5739,31,0.2935556484985351,25.97,25.4,25.75
GOOGL,2026-09-24,2027-01-15,P,355.0,3398,15,0.2934335794067382,28.74,28.15,28.7
GOOGL,2026-09-24,2027-01-15,P,360.0,3326,5,0.2917856466674803,32.61,31.1,31.7
GOOGL,2026-09-24,2027-01-15,P,365.0,1071,1,0.2905954730224609,34.7,34.2,34.9
GOOGL,2026-09-24,2027-01-15,P,370.0,3765,15,0.28861185028076164,40.15,37.1,38.2
GOOGL,2026-09-24,2027-01-15,P,375.0,1164,5,0.28658245162963863,43.07,40.95,41.65
GOOGL,2026-09-24,2027-01-15,P,380.0,3762,74,0.28531598480224607,47.1,44.5,45.3
GOOGL,2026-09-24,2027-01-15,P,385.0,1018,3,0.2834849484252929,53.0,48.2,49.05
GOOGL,2026-09-24,2027-01-15,P,390.0,1224,48,0.2811046011352538,47.65,51.55,52.9
GOOGL,2026-09-24,2027-01-15,P,395.0,374,5,0.28092149749755857,60.67,56.0,57.0
GOOGL,2026-09-24,2027-01-15,P,400.0,1168,2,0.275825112915039,62.0,60.0,60.95
GOOGL,2026-09-24,2027-01-15,P,405.0,412,1,0.27423821472167964,63.75,64.25,65.2
GOOGL,2026-09-24,2027-01-15,P,410.0,615,4,0.27042355560302733,61.15,68.55,69.45
GOOGL,2026-09-24,2027-01-15,P,415.0,77,3,0.26099371826171874,66.7,72.15,73.6
GOOGL,2026-09-24,2027-01-15,P,420.0,255,1,0.2655102746582031,78.5,76.35,78.35
GOOGL,2026-09-24,2027-01-15,P,425.0,259,180,0.26068854553222653,84.0,81.2,82.85
GOOGL,2026-09-24,2027-01-15,P,430.0,97,1,0.2602613037109375,95.25,86.45,87.55
GOOGL,2026-09-24,2027-01-15,P,435.0,0,11,1.0000000000000003e-05,95.7,0.0,0.0
GOOGL,2026-09-24,2027-01-15,P,440.0,110,6,0.29193823303222644,98.21,95.35,97.85
GOOGL,2026-09-24,2027-01-15,P,445.0,24,11,0.305671005859375,93.65,100.15,102.95
GOOGL,2026-09-24,2027-01-15,P,450.0,52,1,0.2910227148437499,102.97,104.95,107.35
GOOGL,2026-09-24,2027-01-15,P,455.0,12,12,1.0000000000000003e-05,104.55,105.65,109.55
GOOGL,2026-09-24,2027-01-15,P,460.0,18,11,0.31836619140624994,114.56,114.75,117.55
GOOGL,2026-09-24,2027-01-15,P,465.0,0,11,1.0000000000000003e-05,110.5,0.0,0.0
GOOGL,2026-09-24,2027-01-15,P,470.0,0,342,1.0000000000000003e-05,151.95,120.05,124.0
GOOGL,2026-09-24,2027-01-15,P,475.0,0,2,1.0000000000000003e-05,155.37,124.9,128.55
GOOGL,2026-09-24,2027-01-15,P,480.0,0,3,1.0000000000000003e-05,117.15,129.9,133.8
GOOGL,2026-09-24,2027-01-15,P,485.0,0,0,0.5318650329589845,123.83,144.6,148.35
GOOGL,2026-09-24,2027-01-15,P,490.0,0,1,1.0000000000000003e-05,134.75,0.0,0.0
GOOGL,2026-09-24,2027-01-15,P,495.0,0,0,0.5788005987548828,177.8,157.5,161.65
GOOGL,2026-09-24,2027-01-15,P,500.0,0,25,0.5163012237548827,168.27,159.5,163.35
GOOGL,2026-09-24,2027-01-15,P,515.0,0,2,1.0000000000000003e-05,149.75,0.0,0.0
GOOGL,2026-09-24,2027-01-15,P,525.0,0,1,1.0000000000000003e-05,166.8,153.1,156.55
GOOGL,2026-09-24,2027-01-15,P,530.0,3,3,1.0000000000000003e-05,143.1,165.9,168.6
GOOGL,2026-09-24,2027-01-15,P,535.0,0,20,0.9663089306640625,188.08,215.1,219.25
GOOGL,2026-09-24,2027-01-15,P,540.0,0,0,1.1427044818115235,204.48,231.0,236.0
GOOGL,2026-09-24,2027-01-15,P,545.0,2,3,1.0000000000000003e-05,147.0,171.7,173.75
GOOGL,2026-09-24,2027-01-15,P,565.0,0,0,0.5606123040771485,218.03,220.1,224.3
GOOGL,2026-09-24,2027-01-15,P,575.0,0,1,1.0000000000000003e-05,255.13,224.85,228.35
GOOGL,2026-09-24,2027-01-15,P,600.0,0,0,1.1618083901977543,279.5,284.5,289.0
GOOGL,2026-09-24,2027-01-15,P,640.0,0,0,0.7725242474365235,323.0,300.5,304.8
GOOGL,2026-09-24,2027-01-15,P,650.0,0,3,1.0000000000000003e-05,375.46,0.0,0.0
