ticker,date,expiry,type,strike,oi,volume,iv,last,bid,ask
GOOGL,2026-09-15,2026-09-16,C,275.0,29,201,2.886721533203125,70.32,69.15,72.0
GOOGL,2026-09-15,2026-09-16,C,285.0,40,394,2.4531288671875,60.09,59.15,61.85
GOOGL,2026-09-15,2026-09-16,C,290.0,8,254,2.340824460449218,55.22,54.15,57.0
GOOGL,2026-09-15,2026-09-16,C,295.0,100,28,2.1816451708984372,50.05,49.15,52.05
GOOGL,2026-09-15,2026-09-16,C,300.0,83,146,2.0014698400878905,45.23,44.15,47.05
GOOGL,2026-09-15,2026-09-16,C,305.0,22,776,1.767579287109375,40.25,39.15,41.9
GOOGL,2026-09-15,2026-09-16,C,310.0,23,664,1.6084003955078123,35.32,34.15,36.95
GOOGL,2026-09-15,2026-09-16,C,315.0,10,6,0.7656273437500001,30.11,29.15,32.3
GOOGL,2026-09-15,2026-09-16,C,320.0,138,3,0.7480493945312501,25.25,24.6,27.0
GOOGL,2026-09-15,2026-09-16,C,325.0,174,8,0.6191444335937502,21.0,19.6,22.0
GOOGL,2026-09-15,2026-09-16,C,330.0,215,12,0.6723665576171877,15.65,15.1,16.2
GOOGL,2026-09-15,2026-09-16,C,335.0,1271,77,0.5459029785156251,9.85,10.45,11.35
GOOGL,2026-09-15,2026-09-16,C,340.0,1548,169,0.2651440673828125,5.92,5.5,5.95
GOOGL,2026-09-15,2026-09-16,C,345.0,5358,13922,0.159188095703125,1.39,1.4,1.52
GOOGL,2026-09-15,2026-09-16,C,350.0,5111,23346,0.1757894921875,0.13,0.11,0.13
GOOGL,2026-09-15,2026-09-16,C,355.0,3135,1646,0.25391371093750004,0.03,0.03,0.04
GOOGL,2026-09-15,2026-09-16,C,360.0,2729,758,0.3320379296875,0.02,0.01,0.02
GOOGL,2026-09-15,2026-09-16,C,365.0,1508,170,0.44922425781249997,0.01,0.0,0.03
GOOGL,2026-09-15,2026-09-16,C,370.0,1405,367,0.48438015625,0.01,0.0,0.01
GOOGL,2026-09-15,2026-09-16,C,375.0,896,94,0.5312546875,0.01,0.0,0.01
GOOGL,2026-09-15,2026-09-16,C,380.0,1414,169,0.6093789062500001,0.01,0.0,0.01
GOOGL,2026-09-15,2026-09-16,C,385.0,138,3,0.6875031250000001,0.01,0.0,0.01
GOOGL,2026-09-15,2026-09-16,C,390.0,70,52,0.7500025,0.02,0.0,0.01
GOOGL,2026-09-15,2026-09-16,C,395.0,157,5,0.8437515624999999,0.01,0.0,0.01
GOOGL,2026-09-15,2026-09-16,C,400.0,481,332,0.9062509375,0.03,0.0,0.01
GOOGL,2026-09-15,2026-09-16,C,405.0,146,92,0.9687503125,0.02,0.0,0.01
GOOGL,2026-09-15,2026-09-16,C,410.0,59,10,1.0312548437500002,0.01,0.0,0.01
GOOGL,2026-09-15,2026-09-16,P,265.0,33,1,1.5937520312499998,0.07,0.0,0.01
GOOGL,2026-09-15,2026-09-16,P,270.0,20,1,2.1250046874999997,0.08,0.0,0.31
GOOGL,2026-09-15,2026-09-16,P,275.0,133,10,1.984375078125,0.03,0.0,0.31
GOOGL,2026-09-15,2026-09-16,P,280.0,25,11,1.484377578125,0.05,0.0,0.05
GOOGL,2026-09-15,2026-09-16,P,285.0,12,2,1.3750031249999999,0.03,0.0,0.05
GOOGL,2026-09-15,2026-09-16,P,290.0,35,2,1.57422087890625,0.06,0.0,0.31
GOOGL,2026-09-15,2026-09-16,P,295.0,26,23,1.44140904296875,0.05,0.0,0.31
GOOGL,2026-09-15,2026-09-16,P,300.0,27,2,0.9531254687499999,0.01,0.0,0.02
GOOGL,2026-09-15,2026-09-16,P,305.0,62,37,1.1757853710937498,0.01,0.0,0.31
GOOGL,2026-09-15,2026-09-16,P,310.0,210,20,0.6875031250000001,0.01,0.0,0.01
GOOGL,2026-09-15,2026-09-16,P,315.0,315,2,0.5937540625000001,0.01,0.0,0.01
GOOGL,2026-09-15,2026-09-16,P,320.0,799,270,0.51562984375,0.01,0.0,0.01
GOOGL,2026-09-15,2026-09-16,P,325.0,789,289,0.445318046875,0.01,0.0,0.01
GOOGL,2026-09-15,2026-09-16,P,330.0,1635,428,0.39453730468750003,0.02,0.0,0.03
GOOGL,2026-09-15,2026-09-16,P,335.0,2320,3233,0.28125718749999995,0.02,0.02,0.03
GOOGL,2026-09-15,2026-09-16,P,340.0,2271,3669,0.196297099609375,0.07,0.06,0.08
GOOGL,2026-09-15,2026-09-16,P,345.0,1500,11010,0.15357291748046875,0.76,0.72,0.8
GOOGL,2026-09-15,2026-09-16,P,350.0,1042,193,0.21826953613281247,5.21,3.8,4.6
GOOGL,2026-09-15,2026-09-16,P,355.0,60,6,0.3579165771484375,9.65,8.4,9.55
GOOGL,2026-09-15,2026-09-16,P,360.0,68,2,0.6206092626953126,14.34,13.1,14.9
GOOGL,2026-09-15,2026-09-16,P,370.0,0,0,0.7744163183593751,31.39,22.95,24.6
GOOGL,2026-09-15,2026-09-16,P,375.0,0,2,1.2128945605468748,30.82,27.95,30.4
GOOGL,2026-09-15,2026-09-18,C,5.0,43,2,29.703125717773432,340.25,339.15,342.1
GOOGL,2026-09-15,2026-09-18,C,10.0,31,2,22.63281542724609,335.25,334.15,337.05
GOOGL,2026-09-15,2026-09-18,C,15.0,0,2,1.0000000000000003e-05,369.9,0.0,0.0
GOOGL,2026-09-15,2026-09-18,C,20.0,1,2,13.1875017578125,323.93,324.15,325.9
GOOGL,2026-09-15,2026-09-18,C,25.0,1,2,13.632813979492187,318.93,319.15,321.25
GOOGL,2026-09-15,2026-09-18,C,30.0,2,2,11.1875030078125,313.08,314.15,315.9
GOOGL,2026-09-15,2026-09-18,C,40.0,2,12,10.910159431152344,305.9,304.15,306.2
GOOGL,2026-09-15,2026-09-18,C,50.0,6,2,11.376956014404296,293.39,294.15,297.1
GOOGL,2026-09-15,2026-09-18,C,55.0,4,4,10.52734717041016,291.4,289.15,291.9
GOOGL,2026-09-15,2026-09-18,C,60.0,2,4,10.285159821777345,286.48,284.15,287.1
GOOGL,2026-09-15,2026-09-18,C,65.0,13,2,19.266605541687014,279.64,297.3,301.45
GOOGL,2026-09-15,2026-09-18,C,70.0,8,1,10.692386129760743,275.65,276.75,280.3
GOOGL,2026-09-15,2026-09-18,C,75.0,0,2,8.871098205566405,270.1,269.15,272.0
GOOGL,2026-09-15,2026-09-18,C,80.0,3,2,8.503910935058592,265.1,264.15,267.0
GOOGL,2026-09-15,2026-09-18,C,85.0,6,7,8.162114273681642,252.54,259.15,262.0
GOOGL,2026-09-15,2026-09-18,C,90.0,2,2,1.0000000000000003e-05,285.4,246.65,250.65
GOOGL,2026-09-15,2026-09-18,C,95.0,2,3,7.539063076171875,249.3,249.2,252.0
GOOGL,2026-09-15,2026-09-18,C,100.0,49,3,5.437503203124999,244.3,244.8,246.85
GOOGL,2026-09-15,2026-09-18,C,105.0,8,1,7.029298088378907,246.59,239.2,242.05
GOOGL,2026-09-15,2026-09-18,C,110.0,41,2,5.761721547851563,236.08,234.2,236.15
GOOGL,2026-09-15,2026-09-18,C,115.0,7,2,6.523439345703126,231.08,229.2,232.05
GOOGL,2026-09-15,2026-09-18,C,120.0,61,1,6.289064638671874,227.63,224.2,227.05
GOOGL,2026-09-15,2026-09-18,C,125.0,49,1,6.101564873046874,209.43,219.2,222.1
GOOGL,2026-09-15,2026-09-18,C,130.0,137,1,5.847658940429687,217.63,214.2,217.05
GOOGL,2026-09-15,2026-09-18,C,135.0,58,11,3.3750015624999996,200.8,209.2,212.15
GOOGL,2026-09-15,2026-09-18,C,140.0,129,45,5.475589093017577,206.38,204.2,207.1
GOOGL,2026-09-15,2026-09-18,C,145.0,36,10,5.179691025390625,198.67,199.2,201.95
GOOGL,2026-09-15,2026-09-18,C,150.0,172,22,4.81543366821289,197.36,194.2,196.7
GOOGL,2026-09-15,2026-09-18,C,155.0,107,2,4.91504291870117,191.95,189.2,192.1
GOOGL,2026-09-15,2026-09-18,C,160.0,170,4,4.6787150891113285,187.39,184.2,187.0
GOOGL,2026-09-15,2026-09-18,C,165.0,113,1,2.68750328125,181.45,179.2,182.15
GOOGL,2026-09-15,2026-09-18,C,170.0,1849,1,4.193364133300782,174.25,174.2,176.75
GOOGL,2026-09-15,2026-09-18,C,175.0,173,3,2.4843787890625,171.21,169.2,172.15
GOOGL,2026-09-15,2026-09-18,C,180.0,478,1,2.69531576171875,166.09,164.25,167.2
GOOGL,2026-09-15,2026-09-18,C,185.0,1226,3,2.58594103515625,159.3,159.25,162.2
GOOGL,2026-09-15,2026-09-18,C,190.0,346,1,3.7685552661132817,157.32,154.25,157.05
GOOGL,2026-09-15,2026-09-18,C,195.0,563,4,3.625977497558594,154.5,149.25,152.05
GOOGL,2026-09-15,2026-09-18,C,200.0,731,1,3.486329409179688,146.19,144.25,147.05
GOOGL,2026-09-15,2026-09-18,C,210.0,690,1,3.194337951660156,135.78,134.25,137.0
GOOGL,2026-09-15,2026-09-18,C,215.0,149,1,1.9140629296875002,130.64,129.25,132.15
GOOGL,2026-09-15,2026-09-18,C,220.0,828,52,1.9140629296875002,125.0,124.4,127.05
GOOGL,2026-09-15,2026-09-18,C,230.0,770,5,2.7099641625976565,116.45,114.25,117.05
GOOGL,2026-09-15,2026-09-18,C,235.0,295,3,1.5859395703124997,112.76,109.25,112.15
GOOGL,2026-09-15,2026-09-18,C,240.0,805,1,1.5781271093749998,105.88,104.25,107.2
GOOGL,2026-09-15,2026-09-18,C,245.0,124,2,1.4257841210937499,99.7,99.25,102.15
GOOGL,2026-09-15,2026-09-18,C,250.0,2034,9,1.4140654296875002,95.81,94.25,97.2
GOOGL,2026-09-15,2026-09-18,C,255.0,378,2,1.3867218164062498,90.58,89.25,92.25
GOOGL,2026-09-15,2026-09-18,C,260.0,1631,20,2.014165120849609,85.27,84.25,87.05
GOOGL,2026-09-15,2026-09-18,C,265.0,78,3,1.18359783203125,79.98,79.25,82.2
GOOGL,2026-09-15,2026-09-18,C,270.0,1622,7,1.2656286718749998,75.75,74.45,77.25
GOOGL,2026-09-15,2026-09-18,C,275.0,276,2,1.0742233789062503,70.89,69.25,72.25
GOOGL,2026-09-15,2026-09-18,C,280.0,924,7,0.99804689453125,64.93,64.25,67.25
GOOGL,2026-09-15,2026-09-18,C,285.0,312,8,1.474612001953125,59.54,59.25,62.05
GOOGL,2026-09-15,2026-09-18,C,290.0,1687,31,0.773439765625,54.77,54.3,57.1
GOOGL,2026-09-15,2026-09-18,C,295.0,464,1,0.8007832421875,49.18,49.3,52.25
GOOGL,2026-09-15,2026-09-18,C,300.0,3416,7,1.0429735351562504,45.0,44.3,46.55
GOOGL,2026-09-15,2026-09-18,C,305.0,1392,5,0.7304714453125,42.0,39.65,42.15
GOOGL,2026-09-15,2026-09-18,C,307.5,1,5,0.570316796875,36.35,36.8,39.65
GOOGL,2026-09-15,2026-09-18,C,310.0,929,3,0.7509790527343749,35.33,35.2,37.15
GOOGL,2026-09-15,2026-09-18,C,312.5,29,32,0.5429733203125001,34.3,31.85,34.7
GOOGL,2026-09-15,2026-09-18,C,315.0,1092,4,0.7412135253906249,30.95,29.35,31.5
GOOGL,2026-09-15,2026-09-18,C,317.5,102,1,0.6821320849609377,26.76,26.85,28.95
GOOGL,2026-09-15,2026-09-18,C,320.0,3645,36,0.6337927246093751,25.47,25.15,26.45
GOOGL,2026-09-15,2026-09-18,C,322.5,562,18,0.5380905566406251,23.3,22.75,24.7
GOOGL,2026-09-15,2026-09-18,C,325.0,2571,124,0.5361374511718751,20.92,20.7,21.45
GOOGL,2026-09-15,2026-09-18,C,327.5,133,138,0.4953663745117188,17.56,18.25,19.0
GOOGL,2026-09-15,2026-09-18,C,330.0,3377,185,0.44434149414062496,16.5,15.95,16.5
GOOGL,2026-09-15,2026-09-18,C,332.5,707,13,0.3852600537109374,12.87,13.15,13.95
GOOGL,2026-09-15,2026-09-18,C,335.0,4900,125,0.372076591796875,11.8,11.2,11.75
GOOGL,2026-09-15,2026-09-18,C,337.5,4235,250,0.36377589355468753,9.45,9.1,9.7
GOOGL,2026-09-15,2026-09-18,C,340.0,15845,524,0.33228206787109377,6.6,7.15,7.55
GOOGL,2026-09-15,2026-09-18,C,342.5,7967,456,0.3278875805664062,6.0,5.4,5.85
GOOGL,2026-09-15,2026-09-18,C,345.0,12648,1972,0.30933307861328124,4.05,3.95,4.2
GOOGL,2026-09-15,2026-09-18,C,347.5,1643,1870,0.29761444580078117,2.84,2.74,2.88
GOOGL,2026-09-15,2026-09-18,C,350.0,19929,8526,0.29614961669921874,1.95,1.87,1.95
GOOGL,2026-09-15,2026-09-18,C,352.5,4460,3353,0.30005582763671873,1.27,1.23,1.31
GOOGL,2026-09-15,2026-09-18,C,355.0,13838,1869,0.30591514404296877,0.81,0.82,0.87
GOOGL,2026-09-15,2026-09-18,C,357.5,2562,678,0.3232489550781249,0.56,0.54,0.64
GOOGL,2026-09-15,2026-09-18,C,360.0,13881,1538,0.33130551513671874,0.41,0.38,0.43
GOOGL,2026-09-15,2026-09-18,C,362.5,1601,1059,0.3452213916015625,0.23,0.25,0.31
GOOGL,2026-09-15,2026-09-18,C,365.0,6951,1133,0.3540103662109374,0.2,0.18,0.21
GOOGL,2026-09-15,2026-09-18,C,367.5,772,669,0.37402969726562496,0.14,0.1,0.17
GOOGL,2026-09-15,2026-09-18,C,370.0,12671,988,0.38477177734374995,0.12,0.1,0.12
GOOGL,2026-09-15,2026-09-18,C,375.0,9541,217,0.42774009765625004,0.08,0.07,0.09
GOOGL,2026-09-15,2026-09-18,C,380.0,13404,370,0.45898978515625005,0.06,0.05,0.06
GOOGL,2026-09-15,2026-09-18,C,385.0,10911,48,0.48828636718750007,0.03,0.02,0.04
GOOGL,2026-09-15,2026-09-18,C,390.0,22247,1678,0.523442265625,0.03,0.02,0.04
GOOGL,2026-09-15,2026-09-18,C,395.0,2890,75,0.5468795312500001,0.02,0.01,0.03
GOOGL,2026-09-15,2026-09-18,C,400.0,58619,1006,0.6054726953125001,0.02,0.02,0.03
GOOGL,2026-09-15,2026-09-18,C,405.0,4072,10,0.5937540625000001,0.02,0.0,0.02
GOOGL,2026-09-15,2026-09-18,C,410.0,15536,165,0.6640658593750002,0.02,0.0,0.03
GOOGL,2026-09-15,2026-09-18,C,415.0,4825,601,0.726565234375,0.03,0.01,0.03
GOOGL,2026-09-15,2026-09-18,C,420.0,5782,30,0.6875031250000001,0.01,0.0,0.01
GOOGL,2026-09-15,2026-09-18,C,425.0,6305,252,0.8554701953125,0.01,0.0,0.07
GOOGL,2026-09-15,2026-09-18,C,430.0,2158,32,0.7500025,0.01,0.0,0.01
GOOGL,2026-09-15,2026-09-18,C,435.0,1539,3,0.9765627343750001,0.01,0.0,0.1
GOOGL,2026-09-15,2026-09-18,C,440.0,5160,1145,0.8281267187499999,0.01,0.0,0.01
GOOGL,2026-09-15,2026-09-18,C,445.0,1010,1,0.85937640625,0.01,0.0,0.01
GOOGL,2026-09-15,2026-09-18,C,450.0,12285,63,0.9062509375,0.01,0.0,0.01
GOOGL,2026-09-15,2026-09-18,C,455.0,2974,20,0.937500625,0.01,0.0,0.01
GOOGL,2026-09-15,2026-09-18,C,460.0,1259,22,0.9687503125,0.01,0.0,0.01
GOOGL,2026-09-15,2026-09-18,C,465.0,877,5,0.98437515625,0.01,0.0,0.01
GOOGL,2026-09-15,2026-09-18,C,470.0,1853,91,1.0312548437500002,0.02,0.0,0.01
GOOGL,2026-09-15,2026-09-18,C,475.0,2997,20,1.0625046875000002,0.01,0.0,0.01
GOOGL,2026-09-15,2026-09-18,C,480.0,2993,3,1.09375453125,0.03,0.0,0.01
GOOGL,2026-09-15,2026-09-18,C,485.0,419,6,1.125004375,0.01,0.0,0.01
GOOGL,2026-09-15,2026-09-18,C,490.0,885,242,1.15625421875,0.01,0.0,0.01
GOOGL,2026-09-15,2026-09-18,C,495.0,1914,6,1.1875040625,0.03,0.0,0.01
GOOGL,2026-09-15,2026-09-18,C,500.0,7114,1,1.21875390625,0.01,0.0,0.01
GOOGL,2026-09-15,2026-09-18,C,505.0,665,1,1.2500037499999999,0.01,0.0,0.01
GOOGL,2026-09-15,2026-09-18,C,510.0,555,37,1.2812535937499998,0.01,0.0,0.01
GOOGL,2026-09-15,2026-09-18,C,515.0,349,1,1.3125034374999998,0.01,0.0,0.01
GOOGL,2026-09-15,2026-09-18,C,520.0,557,1,1.3437532812499997,0.01,0.0,0.01
GOOGL,2026-09-15,2026-09-18,C,525.0,271,9,1.5937520312499998,0.01,0.0,0.07
GOOGL,2026-09-15,2026-09-18,C,530.0,2605,6,1.3750031249999999,0.01,0.0,0.01
GOOGL,2026-09-15,2026-09-18,C,535.0,592,1,1.8437507812499998,0.01,0.0,0.2
GOOGL,2026-09-15,2026-09-18,C,540.0,1226,8,1.875000625,0.01,0.0,0.2
GOOGL,2026-09-15,2026-09-18,C,545.0,1352,2,1.671876640625,0.01,0.0,0.05
GOOGL,2026-09-15,2026-09-18,C,550.0,813,4,1.5000025,0.01,0.0,0.01
GOOGL,2026-09-15,2026-09-18,C,555.0,2924,2,1.78125109375,0.01,0.0,0.07
GOOGL,2026-09-15,2026-09-18,C,560.0,212,6,1.953125234375,0.07,0.0,0.15
GOOGL,2026-09-15,2026-09-18,C,565.0,3049,8,2.1093797265624996,0.03,0.0,0.27
GOOGL,2026-09-15,2026-09-18,C,570.0,1360,7,1.9375003125,0.01,0.0,0.1
GOOGL,2026-09-15,2026-09-18,C,575.0,3384,12,2.410160224609375,0.01,0.0,0.65
GOOGL,2026-09-15,2026-09-18,C,580.0,498,1,1.65625171875,0.05,0.0,0.01
GOOGL,2026-09-15,2026-09-18,C,590.0,1974,8,1.6875015625,0.01,0.0,0.01
GOOGL,2026-09-15,2026-09-18,C,600.0,15234,3000,1.75000125,0.01,0.0,0.01
GOOGL,2026-09-15,2026-09-18,C,610.0,3440,37,1.8125009374999999,0.01,0.0,0.01
GOOGL,2026-09-15,2026-09-18,C,620.0,1601,100,1.875000625,0.01,0.0,0.01
GOOGL,2026-09-15,2026-09-18,C,630.0,2387,79,1.875000625,0.01,0.0,0.01
GOOGL,2026-09-15,2026-09-18,C,640.0,1892,15,1.9375003125,0.01,0.0,0.01
GOOGL,2026-09-15,2026-09-18,C,650.0,823,18,1.96875015625,0.01,0.0,0.01
GOOGL,2026-09-15,2026-09-18,C,660.0,857,20,2.031254921875,0.01,0.0,0.01
GOOGL,2026-09-15,2026-09-18,C,670.0,641,7,2.0625048437499998,0.01,0.0,0.01
GOOGL,2026-09-15,2026-09-18,C,680.0,635,14,2.1250046874999997,0.01,0.0,0.01
GOOGL,2026-09-15,2026-09-18,C,690.0,917,8,2.1875045312499997,0.01,0.0,0.01
GOOGL,2026-09-15,2026-09-18,C,700.0,2026,10,2.1875045312499997,0.01,0.0,0.01
GOOGL,2026-09-15,2026-09-18,C,710.0,1971,21,2.2500043749999996,0.01,0.0,0.01
GOOGL,2026-09-15,2026-09-18,C,720.0,1169,7,2.281254296875,0.01,0.0,0.01
GOOGL,2026-09-15,2026-09-18,C,730.0,924,20,2.3125042187499996,0.01,0.0,0.01
GOOGL,2026-09-15,2026-09-18,C,740.0,1128,5,2.3750040624999995,0.01,0.0,0.01
GOOGL,2026-09-15,2026-09-18,C,750.0,429,1,2.3750040624999995,0.01,0.0,0.01
GOOGL,2026-09-15,2026-09-18,C,760.0,902,2,2.43750390625,0.01,0.0,0.01
GOOGL,2026-09-15,2026-09-18,C,770.0,1640,18,2.50000375,0.01,0.0,0.01
GOOGL,2026-09-15,2026-09-18,C,780.0,971,20,2.50000375,0.01,0.0,0.01
GOOGL,2026-09-15,2026-09-18,C,790.0,482,16,2.56250359375,0.01,0.0,0.01
GOOGL,2026-09-15,2026-09-18,C,800.0,11841,5,2.56250359375,0.01,0.0,0.01
GOOGL,2026-09-15,2026-09-18,P,5.0,201,30,14.00000125,0.01,0.0,0.01
GOOGL,2026-09-15,2026-09-18,P,10.0,0,9,0.500005,0.01,0.0,0.0
GOOGL,2026-09-15,2026-09-18,P,15.0,1,0,10.000003750000001,0.04,0.0,0.01
GOOGL,2026-09-15,2026-09-18,P,20.0,2,1,9.25000421875,0.02,0.0,0.01
GOOGL,2026-09-15,2026-09-18,P,25.0,0,1,0.500005,0.07,0.0,0.0
GOOGL,2026-09-15,2026-09-18,P,30.0,22,21,7.7500003125,0.01,0.0,0.01
GOOGL,2026-09-15,2026-09-18,P,35.0,0,0,0.500005,0.01,0.0,0.0
GOOGL,2026-09-15,2026-09-18,P,40.0,1,1,6.87500140625,0.01,0.0,0.01
GOOGL,2026-09-15,2026-09-18,P,45.0,28,28,8.421879736328123,0.01,0.0,0.21
GOOGL,2026-09-15,2026-09-18,P,50.0,220,5,10.800784499511721,0.01,0.0,2.13
GOOGL,2026-09-15,2026-09-18,P,55.0,0,1,0.500005,0.07,0.0,0.0
GOOGL,2026-09-15,2026-09-18,P,60.0,73,3,8.148442407226563,0.01,0.0,0.6
GOOGL,2026-09-15,2026-09-18,P,65.0,34,1,7.859375175781249,0.03,0.0,0.65
GOOGL,2026-09-15,2026-09-18,P,70.0,124,98,5.12500359375,0.01,0.0,0.01
GOOGL,2026-09-15,2026-09-18,P,75.0,147,1,4.875003906249999,0.01,0.0,0.01
GOOGL,2026-09-15,2026-09-18,P,80.0,0,8,0.500005,0.03,0.0,0.0
GOOGL,2026-09-15,2026-09-18,P,85.0,27,14,4.500004375,0.01,0.0,0.01
GOOGL,2026-09-15,2026-09-18,P,90.0,0,1,0.500005,0.03,0.0,0.0
GOOGL,2026-09-15,2026-09-18,P,95.0,65,1,4.12500484375,0.01,0.0,0.01
GOOGL,2026-09-15,2026-09-18,P,100.0,516,3,3.93750015625,0.02,0.0,0.01
GOOGL,2026-09-15,2026-09-18,P,105.0,76,3,3.8750003125,0.02,0.0,0.01
GOOGL,2026-09-15,2026-09-18,P,110.0,163,2,6.4687519140625005,0.05,0.0,2.13
GOOGL,2026-09-15,2026-09-18,P,115.0,1218,1,3.750000625,0.01,0.0,0.02
GOOGL,2026-09-15,2026-09-18,P,120.0,170,1,3.3750015624999996,0.01,0.0,0.01
GOOGL,2026-09-15,2026-09-18,P,125.0,333,1,3.43750140625,0.05,0.0,0.02
GOOGL,2026-09-15,2026-09-18,P,130.0,1678,1,3.1250021875,0.01,0.0,0.01
GOOGL,2026-09-15,2026-09-18,P,135.0,470,3,3.0000025,0.01,0.0,0.01
GOOGL,2026-09-15,2026-09-18,P,140.0,1068,2,2.93750265625,0.05,0.0,0.01
GOOGL,2026-09-15,2026-09-18,P,145.0,717,1,2.81250296875,0.01,0.0,0.01
GOOGL,2026-09-15,2026-09-18,P,150.0,11169,10000,2.750003125,0.01,0.0,0.01
GOOGL,2026-09-15,2026-09-18,P,155.0,1566,26,2.6250034375,0.01,0.0,0.01
GOOGL,2026-09-15,2026-09-18,P,160.0,3286,2,2.50000375,0.01,0.0,0.01
GOOGL,2026-09-15,2026-09-18,P,165.0,11128,5,2.43750390625,0.01,0.0,0.01
GOOGL,2026-09-15,2026-09-18,P,170.0,6614,4,2.3125042187499996,0.01,0.0,0.01
GOOGL,2026-09-15,2026-09-18,P,175.0,2886,5,2.2500043749999996,0.01,0.0,0.01
GOOGL,2026-09-15,2026-09-18,P,180.0,1955,603,2.1250046874999997,0.02,0.0,0.01
GOOGL,2026-09-15,2026-09-18,P,185.0,1006,31,2.0625048437499998,0.02,0.0,0.01
GOOGL,2026-09-15,2026-09-18,P,190.0,7350,3,1.96875015625,0.01,0.0,0.01
GOOGL,2026-09-15,2026-09-18,P,195.0,1955,1,1.875000625,0.01,0.0,0.01
GOOGL,2026-09-15,2026-09-18,P,200.0,2276,3,1.8125009374999999,0.02,0.0,0.01
GOOGL,2026-09-15,2026-09-18,P,210.0,3759,5,1.65625171875,0.02,0.0,0.01
GOOGL,2026-09-15,2026-09-18,P,215.0,1442,32,1.5625021874999998,0.02,0.0,0.01
GOOGL,2026-09-15,2026-09-18,P,220.0,4800,1,1.5000025,0.01,0.0,0.01
GOOGL,2026-09-15,2026-09-18,P,230.0,3837,30,1.3750031249999999,0.01,0.0,0.01
GOOGL,2026-09-15,2026-09-18,P,235.0,1244,18,1.3125034374999998,0.01,0.0,0.01
GOOGL,2026-09-15,2026-09-18,P,240.0,3991,2,1.2500037499999999,0.01,0.0,0.01
GOOGL,2026-09-15,2026-09-18,P,245.0,4915,1,1.2812535937499998,0.02,0.0,0.03
GOOGL,2026-09-15,2026-09-18,P,250.0,6369,15,1.2734411328124997,0.03,0.0,0.05
GOOGL,2026-09-15,2026-09-18,P,255.0,3066,409,1.109379453125,0.01,0.0,0.02
GOOGL,2026-09-15,2026-09-18,P,260.0,5025,12,1.109379453125,0.01,0.0,0.04
GOOGL,2026-09-15,2026-09-18,P,265.0,1758,1,1.0976607617187502,0.02,0.0,0.07
GOOGL,2026-09-15,2026-09-18,P,270.0,5591,77,0.85937640625,0.01,0.0,0.01
GOOGL,2026-09-15,2026-09-18,P,275.0,5534,57,0.8125018749999999,0.01,0.0,0.01
GOOGL,2026-09-15,2026-09-18,P,280.0,10502,12,0.85937640625,0.03,0.01,0.04
GOOGL,2026-09-15,2026-09-18,P,285.0,4067,121,0.8320329296874999,0.13,0.01,0.07
GOOGL,2026-09-15,2026-09-18,P,290.0,6658,3,0.7851583984375,0.01,0.0,0.1
GOOGL,2026-09-15,2026-09-18,P,295.0,4655,2,0.7070341796875,0.05,0.03,0.06
GOOGL,2026-09-15,2026-09-18,P,300.0,12932,47,0.648441015625,0.03,0.02,0.08
GOOGL,2026-09-15,2026-09-18,P,305.0,5159,29,0.6113320117187502,0.06,0.04,0.11
GOOGL,2026-09-15,2026-09-18,P,307.5,817,3,0.70898728515625,0.1,0.0,0.57
GOOGL,2026-09-15,2026-09-18,P,310.0,20028,52,0.5312546875,0.06,0.05,0.08
GOOGL,2026-09-15,2026-09-18,P,312.5,167,7,0.5117236328125,0.07,0.05,0.11
GOOGL,2026-09-15,2026-09-18,P,315.0,7473,327,0.48438015625,0.07,0.07,0.09
GOOGL,2026-09-15,2026-09-18,P,317.5,878,27,0.46289599609375004,0.1,0.08,0.11
GOOGL,2026-09-15,2026-09-18,P,320.0,13128,219,0.4624077197265626,0.1,0.1,0.18
GOOGL,2026-09-15,2026-09-18,P,322.5,1798,47,0.4907277490234375,0.12,0.09,0.38
GOOGL,2026-09-15,2026-09-18,P,325.0,7688,972,0.387701435546875,0.17,0.15,0.19
GOOGL,2026-09-15,2026-09-18,P,327.5,2126,385,0.3676821044921875,0.21,0.17,0.25
GOOGL,2026-09-15,2026-09-18,P,330.0,11102,749,0.336920693359375,0.28,0.27,0.29
GOOGL,2026-09-15,2026-09-18,P,332.5,1237,364,0.32129584960937496,0.39,0.36,0.42
GOOGL,2026-09-15,2026-09-18,P,335.0,4845,594,0.31323928955078123,0.59,0.55,0.66
GOOGL,2026-09-15,2026-09-18,P,337.5,1919,566,0.30103238037109376,0.89,0.83,0.98
GOOGL,2026-09-15,2026-09-18,P,340.0,17122,2516,0.29651582397460935,1.43,1.45,1.52
GOOGL,2026-09-15,2026-09-18,P,342.5,1043,773,0.29004616210937495,2.23,2.09,2.25
GOOGL,2026-09-15,2026-09-18,P,345.0,5090,1790,0.2937082348632812,3.25,3.15,3.35
GOOGL,2026-09-15,2026-09-18,P,347.5,613,236,0.2915109912109374,4.4,4.15,4.65
GOOGL,2026-09-15,2026-09-18,P,350.0,5766,819,0.29224340576171864,6.03,5.75,6.25
GOOGL,2026-09-15,2026-09-18,P,352.5,64,25,0.2893137475585937,7.85,7.6,8.05
GOOGL,2026-09-15,2026-09-18,P,355.0,2206,113,0.3103096313476562,10.5,9.75,10.25
GOOGL,2026-09-15,2026-09-18,P,357.5,38,3,0.4454401159667969,12.82,10.85,13.45
GOOGL,2026-09-15,2026-09-18,P,360.0,4512,134,0.47485876708984376,14.96,14.05,15.75
GOOGL,2026-09-15,2026-09-18,P,362.5,51,29,0.5122119091796875,18.61,16.25,18.15
GOOGL,2026-09-15,2026-09-18,P,365.0,1466,13,0.5600629931640625,18.94,18.55,20.65
GOOGL,2026-09-15,2026-09-18,P,367.5,14,14,0.5180712255859375,23.67,20.6,22.6
GOOGL,2026-09-15,2026-09-18,P,370.0,1850,126,0.6513706738281251,24.32,23.45,25.65
GOOGL,2026-09-15,2026-09-18,P,375.0,521,1,0.7773459765625,28.57,28.15,30.9
GOOGL,2026-09-15,2026-09-18,P,380.0,262,4,0.5136767382812499,35.5,33.05,35.9
GOOGL,2026-09-15,2026-09-18,P,385.0,253,9,0.8125018749999999,40.55,38.35,40.2
GOOGL,2026-09-15,2026-09-18,P,390.0,177,1,0.929688203125,44.5,42.95,45.4
GOOGL,2026-09-15,2026-09-18,P,395.0,16,60,0.6660189648437502,51.55,48.0,50.9
GOOGL,2026-09-15,2026-09-18,P,400.0,2,5,0.6621127539062501,53.84,53.2,55.6
GOOGL,2026-09-15,2026-09-18,P,405.0,1,17,0.77148666015625,49.78,58.0,60.9
GOOGL,2026-09-15,2026-09-18,P,410.0,12,41,0.82226740234375,65.5,63.0,65.9
GOOGL,2026-09-15,2026-09-18,P,415.0,2,3,1.378421076660156,68.15,67.7,70.85
GOOGL,2026-09-15,2026-09-18,P,420.0,0,5,1.4560574072265624,63.4,72.6,75.9
GOOGL,2026-09-15,2026-09-18,P,425.0,0,60,1.0927779736328125,81.75,78.35,80.85
GOOGL,2026-09-15,2026-09-18,P,430.0,0,1,1.5864278491210935,86.05,82.55,85.9
GOOGL,2026-09-15,2026-09-18,P,435.0,0,35,1.6374529846191406,88.62,87.65,90.85
GOOGL,2026-09-15,2026-09-18,P,440.0,0,63,1.0000000000000003e-05,119.5,89.65,93.7
GOOGL,2026-09-15,2026-09-18,P,445.0,1,1,1.0000000000000003e-05,81.71,74.7,77.95
GOOGL,2026-09-15,2026-09-18,P,450.0,0,1,1.4619167529296875,104.53,103.75,105.85
GOOGL,2026-09-15,2026-09-18,P,455.0,0,3,6.1704124432373035,117.9,151.25,154.65
GOOGL,2026-09-15,2026-09-18,P,460.0,0,1,1.435549697265625,111.75,113.5,115.7
GOOGL,2026-09-15,2026-09-18,P,465.0,0,2,1.3867218164062498,119.33,118.1,120.9
GOOGL,2026-09-15,2026-09-18,P,470.0,0,1,2.0439502026367187,121.95,122.55,125.85
GOOGL,2026-09-15,2026-09-18,P,475.0,0,16,1.0000000000000003e-05,112.4,102.85,105.6
GOOGL,2026-09-15,2026-09-18,P,485.0,0,1,1.0000000000000003e-05,126.25,134.75,139.0
GOOGL,2026-09-15,2026-09-18,P,490.0,0,2,5.818362102050782,164.7,175.45,178.15
GOOGL,2026-09-15,2026-09-18,P,500.0,0,1,1.0000000000000003e-05,130.0,149.75,153.7
GOOGL,2026-09-15,2026-09-18,P,520.0,0,0,1.0000000000000003e-05,134.0,0.0,0.0
GOOGL,2026-09-15,2026-09-18,P,535.0,0,0,1.0000000000000003e-05,147.95,0.0,0.0
GOOGL,2026-09-15,2026-09-18,P,680.0,0,0,5.192874602661133,354.63,340.5,343.3
GOOGL,2026-09-15,2026-09-18,P,790.0,0,0,5.889162794799805,420.3,449.45,453.5
GOOGL,2026-09-15,2026-09-21,C,265.0,5,0,1.0712937060546879,64.68,79.3,82.85
GOOGL,2026-09-15,2026-09-21,C,270.0,5,1,0.9511723632812499,77.5,74.3,77.6
GOOGL,2026-09-15,2026-09-21,C,300.0,4,0,0.6635775830078127,31.11,44.35,48.05
GOOGL,2026-09-15,2026-09-21,C,305.0,5,0,0.5698285205078125,34.15,39.4,42.75
GOOGL,2026-09-15,2026-09-21,C,310.0,4,0,0.7465845654296875,29.21,34.4,37.65
GOOGL,2026-09-15,2026-09-21,C,315.0,1,0,0.6674837939453127,17.0,29.4,32.65
GOOGL,2026-09-15,2026-09-21,C,320.0,13,0,0.6353796228027344,14.0,24.45,28.15
GOOGL,2026-09-15,2026-09-21,C,325.0,16,2,0.5376022802734376,22.05,19.55,23.0
GOOGL,2026-09-15,2026-09-21,C,330.0,52,23,0.4512994323730469,15.5,14.85,18.0
GOOGL,2026-09-15,2026-09-21,C,335.0,72,8,0.3242255078124999,13.0,11.8,12.5
GOOGL,2026-09-15,2026-09-21,C,340.0,152,13,0.30225307128906254,7.97,7.9,8.6
GOOGL,2026-09-15,2026-09-21,C,345.0,380,129,0.278327529296875,5.0,4.8,5.25
GOOGL,2026-09-15,2026-09-21,C,350.0,425,296,0.25489026367187506,2.75,2.58,2.69
GOOGL,2026-09-15,2026-09-21,C,355.0,467,46,0.26807372558593745,1.19,1.31,1.51
GOOGL,2026-09-15,2026-09-21,C,360.0,406,256,0.27637442382812494,0.6,0.61,0.78
GOOGL,2026-09-15,2026-09-21,C,365.0,205,74,0.2868723657226562,0.33,0.26,0.4
GOOGL,2026-09-15,2026-09-21,C,370.0,150,61,0.31641308593749995,0.18,0.07,0.28
GOOGL,2026-09-15,2026-09-21,C,375.0,20,1,0.4265194067382813,0.23,0.01,0.59
GOOGL,2026-09-15,2026-09-21,C,380.0,19,2,0.407232490234375,0.08,0.01,0.26
GOOGL,2026-09-15,2026-09-21,C,385.0,18,2,0.436529072265625,0.11,0.01,0.21
GOOGL,2026-09-15,2026-09-21,C,390.0,8,3,0.44043528320312497,0.07,0.0,0.12
GOOGL,2026-09-15,2026-09-21,C,395.0,9,9,0.6098671826171876,0.1,0.0,1.04
GOOGL,2026-09-15,2026-09-21,C,400.0,119,66,0.49023947265625006,0.1,0.0,0.08
GOOGL,2026-09-15,2026-09-21,C,405.0,8,4,0.507817421875,0.07,0.01,0.11
GOOGL,2026-09-15,2026-09-21,C,410.0,12,6,0.6005899316406251,0.03,0.0,0.27
GOOGL,2026-09-15,2026-09-21,P,265.0,1,0,1.2714880175781247,0.15,0.0,2.13
GOOGL,2026-09-15,2026-09-21,P,270.0,3,0,1.1987344750976563,0.05,0.0,2.14
GOOGL,2026-09-15,2026-09-21,P,275.0,5,4,1.1254926538085939,0.05,0.0,2.14
GOOGL,2026-09-15,2026-09-21,P,280.0,4,2,0.9067392138671875,0.04,0.0,1.0
GOOGL,2026-09-15,2026-09-21,P,285.0,12,5,0.726565234375,0.03,0.0,0.41
GOOGL,2026-09-15,2026-09-21,P,290.0,6,5,0.7812521875,0.07,0.0,1.02
GOOGL,2026-09-15,2026-09-21,P,295.0,22,2,0.5273484765625001,0.07,0.0,0.07
GOOGL,2026-09-15,2026-09-21,P,300.0,17,2,0.6586948193359375,0.06,0.0,1.05
GOOGL,2026-09-15,2026-09-21,P,305.0,20,2,0.49121602539062503,0.08,0.01,0.18
GOOGL,2026-09-15,2026-09-21,P,310.0,91,1,0.47998566894531247,0.04,0.01,0.31
GOOGL,2026-09-15,2026-09-21,P,315.0,71,6,0.39551385742187506,0.1,0.01,0.22
GOOGL,2026-09-15,2026-09-21,P,320.0,87,50,0.38184211914062494,0.16,0.13,0.4
GOOGL,2026-09-15,2026-09-21,P,325.0,241,20,0.3811097045898437,0.23,0.2,0.81
GOOGL,2026-09-15,2026-09-21,P,330.0,170,33,0.3237372314453124,0.54,0.41,0.93
GOOGL,2026-09-15,2026-09-21,P,335.0,169,77,0.26538820556640624,1.17,0.96,1.12
GOOGL,2026-09-15,2026-09-21,P,340.0,282,48,0.2613599255371094,2.0,1.93,2.3
GOOGL,2026-09-15,2026-09-21,P,345.0,504,56,0.2474440490722656,3.93,3.6,4.05
GOOGL,2026-09-15,2026-09-21,P,350.0,416,2,0.2528150891113281,7.2,6.4,7.0
GOOGL,2026-09-15,2026-09-21,P,355.0,13,1,0.2563550927734375,10.98,10.15,10.7
GOOGL,2026-09-15,2026-09-21,P,360.0,1,0,0.3888000573730469,28.14,13.5,16.4
GOOGL,2026-09-15,2026-09-21,P,365.0,2,0,0.4376276940917969,34.99,18.3,21.1
GOOGL,2026-09-15,2026-09-23,C,285.0,1,0,0.7070341796875,52.42,59.45,62.7
GOOGL,2026-09-15,2026-09-23,C,290.0,1,0,0.6665072412109377,47.46,54.4,57.85
GOOGL,2026-09-15,2026-09-23,C,300.0,2,1,0.5336960693359375,46.18,44.45,47.6
GOOGL,2026-09-15,2026-09-23,C,305.0,6,18,0.5092822509765625,39.75,39.5,42.8
GOOGL,2026-09-15,2026-09-23,C,310.0,1,0,0.6754182849121095,30.54,34.5,37.95
GOOGL,2026-09-15,2026-09-23,C,315.0,2,0,0.5961954443359375,27.29,29.6,32.85
GOOGL,2026-09-15,2026-09-23,C,320.0,1,1,0.5380905566406251,25.1,24.7,28.0
GOOGL,2026-09-15,2026-09-23,C,325.0,15,2,0.454107021484375,21.0,19.95,22.85
GOOGL,2026-09-15,2026-09-23,C,330.0,21,4,0.4145566357421875,17.35,15.35,18.35
GOOGL,2026-09-15,2026-09-23,C,335.0,82,12,0.37604383728027346,12.17,12.45,14.05
GOOGL,2026-09-15,2026-09-23,C,340.0,76,39,0.31238480590820306,9.14,8.65,9.55
GOOGL,2026-09-15,2026-09-23,C,345.0,90,22,0.3023751403808594,5.9,5.9,6.5
GOOGL,2026-09-15,2026-09-23,C,350.0,217,166,0.2882151257324218,4.0,3.55,4.0
GOOGL,2026-09-15,2026-09-23,C,355.0,236,69,0.2929758203124999,2.27,2.03,2.5
GOOGL,2026-09-15,2026-09-23,C,360.0,102,79,0.29566134033203123,1.39,1.16,1.47
GOOGL,2026-09-15,2026-09-23,C,365.0,158,78,0.3090889404296875,0.79,0.64,0.93
GOOGL,2026-09-15,2026-09-23,C,370.0,130,10,0.36524072265625,0.45,0.2,0.96
GOOGL,2026-09-15,2026-09-23,C,375.0,32,29,0.3591372680664062,0.32,0.13,0.52
GOOGL,2026-09-15,2026-09-23,C,380.0,5,1,0.4865773999023438,0.22,0.01,1.15
GOOGL,2026-09-15,2026-09-23,C,385.0,6,6,0.3891662646484375,0.11,0.01,0.25
GOOGL,2026-09-15,2026-09-23,C,390.0,5,2,0.4379939013671875,0.1,0.01,0.29
GOOGL,2026-09-15,2026-09-23,C,395.0,4,5,0.41992767578125,0.06,0.01,0.13
GOOGL,2026-09-15,2026-09-23,C,400.0,4,9,0.442388388671875,0.11,0.0,0.11
GOOGL,2026-09-15,2026-09-23,C,405.0,2,1,0.5727581787109376,0.15,0.0,0.76
GOOGL,2026-09-15,2026-09-23,C,410.0,3,4,0.500005,0.05,0.0,0.1
GOOGL,2026-09-15,2026-09-23,P,265.0,4,0,0.782228740234375,0.08,0.0,0.26
GOOGL,2026-09-15,2026-09-23,P,270.0,2,0,1.0380907470703127,0.11,0.0,2.14
GOOGL,2026-09-15,2026-09-23,P,275.0,4,1,0.8413101806640625,0.1,0.0,1.0
GOOGL,2026-09-15,2026-09-23,P,280.0,4,10,0.5937540625000001,0.08,0.0,0.15
GOOGL,2026-09-15,2026-09-23,P,285.0,10,10,0.7324245507812499,0.03,0.0,1.02
GOOGL,2026-09-15,2026-09-23,P,290.0,6,6,0.6372106591796876,0.06,0.0,0.73
GOOGL,2026-09-15,2026-09-23,P,295.0,9,4,0.6254920263671876,0.05,0.0,1.05
GOOGL,2026-09-15,2026-09-23,P,300.0,9,2,0.51562984375,0.09,0.01,0.6
GOOGL,2026-09-15,2026-09-23,P,305.0,18,4,0.5224657128906249,0.15,0.01,1.11
GOOGL,2026-09-15,2026-09-23,P,310.0,47,9,0.41309180664062495,0.17,0.01,0.3
GOOGL,2026-09-15,2026-09-23,P,315.0,52,3,0.36914693359375,0.2,0.04,0.33
GOOGL,2026-09-15,2026-09-23,P,320.0,89,15,0.35474278076171867,0.39,0.01,0.55
GOOGL,2026-09-15,2026-09-23,P,325.0,75,6,0.3112861840820312,0.55,0.43,0.65
GOOGL,2026-09-15,2026-09-23,P,330.0,111,13,0.31445998046874996,1.32,0.7,1.32
GOOGL,2026-09-15,2026-09-23,P,335.0,47,36,0.29480685668945306,1.88,1.39,2.06
GOOGL,2026-09-15,2026-09-23,P,340.0,96,6,0.28613995117187496,3.34,2.78,3.4
GOOGL,2026-09-15,2026-09-23,P,345.0,45,36,0.27808339111328123,5.6,4.65,5.35
GOOGL,2026-09-15,2026-09-23,P,355.0,10,5,0.28443098388671867,11.61,10.8,11.7
GOOGL,2026-09-15,2026-09-23,P,370.0,1,0,0.44214425048828127,36.11,23.15,26.15
GOOGL,2026-09-15,2026-09-25,C,160.0,1,0,2.2128950927734365,174.39,184.35,188.05
GOOGL,2026-09-15,2026-09-25,C,165.0,1,0,2.160160849609375,169.43,179.35,183.15
GOOGL,2026-09-15,2026-09-25,C,190.0,2,1,1.8076181494140622,150.3,154.4,158.2
GOOGL,2026-09-15,2026-09-25,C,195.0,2,2,1.6923843505859377,139.79,149.4,153.0
GOOGL,2026-09-15,2026-09-25,C,200.0,1,2,1.588869243164062,134.82,144.4,147.85
GOOGL,2026-09-15,2026-09-25,C,205.0,7,7,1.5815450610351558,139.92,139.4,143.1
GOOGL,2026-09-15,2026-09-25,C,220.0,1,0,1.3818390283203121,118.48,124.45,128.0
GOOGL,2026-09-15,2026-09-25,C,225.0,3,1,1.3486360693359374,106.38,119.45,123.15
GOOGL,2026-09-15,2026-09-25,C,230.0,1,0,1.3046909765624997,115.6,114.45,118.25
GOOGL,2026-09-15,2026-09-25,C,235.0,2,2,1.1865275048828123,96.74,109.45,112.9
GOOGL,2026-09-15,2026-09-25,C,240.0,0,1,1.08203583984375,105.93,104.45,107.65
GOOGL,2026-09-15,2026-09-25,C,250.0,7,1,0.95507857421875,96.0,94.5,97.5
GOOGL,2026-09-15,2026-09-25,C,255.0,0,0,0.965820654296875,82.01,89.5,92.85
GOOGL,2026-09-15,2026-09-25,C,260.0,12,10,0.9477544287109375,87.91,84.5,88.1
GOOGL,2026-09-15,2026-09-25,C,265.0,2,6,0.8300798242187499,79.89,79.5,82.65
GOOGL,2026-09-15,2026-09-25,C,270.0,6,3,0.8637708935546875,78.6,74.55,78.25
GOOGL,2026-09-15,2026-09-25,C,275.0,13,2,0.804689453125,60.47,69.55,73.2
GOOGL,2026-09-15,2026-09-25,C,280.0,106,1,0.7465845654296875,60.34,64.55,68.15
GOOGL,2026-09-15,2026-09-25,C,285.0,19,2,0.6511265356445313,53.75,59.55,62.75
GOOGL,2026-09-15,2026-09-25,C,290.0,40,20,0.5839885351562499,57.65,54.6,57.55
GOOGL,2026-09-15,2026-09-25,C,295.0,61,403,0.5730023168945313,50.03,49.6,52.9
GOOGL,2026-09-15,2026-09-25,C,300.0,72,243,0.6898224377441409,46.14,44.65,47.55
GOOGL,2026-09-15,2026-09-25,C,305.0,43,246,0.6752962158203126,44.49,39.7,43.05
GOOGL,2026-09-15,2026-09-25,C,310.0,51,5,0.5827678442382812,39.83,34.75,37.7
GOOGL,2026-09-15,2026-09-25,C,315.0,45,1,0.48254911987304694,29.09,29.9,32.25
GOOGL,2026-09-15,2026-09-25,C,317.5,5,10,0.5133105310058592,27.4,27.5,30.5
GOOGL,2026-09-15,2026-09-25,C,320.0,57,1,0.4776663562011719,25.0,25.1,27.95
GOOGL,2026-09-15,2026-09-25,C,322.5,3,1,0.4594780615234375,23.5,22.75,25.65
GOOGL,2026-09-15,2026-09-25,C,325.0,172,1,0.4459283923339844,22.12,21.15,23.45
GOOGL,2026-09-15,2026-09-25,C,327.5,6,2,0.4054014538574219,23.0,18.2,20.85
GOOGL,2026-09-15,2026-09-25,C,330.0,684,35,0.37085590087890624,17.75,16.5,18.35
GOOGL,2026-09-15,2026-09-25,C,332.5,98,56,0.3717103845214844,14.54,14.95,16.5
GOOGL,2026-09-15,2026-09-25,C,335.0,603,16,0.36212796081542964,12.87,12.95,14.55
GOOGL,2026-09-15,2026-09-25,C,337.5,65,2,0.3411931115722656,11.11,11.0,12.45
GOOGL,2026-09-15,2026-09-25,C,340.0,1418,52,0.34680828979492184,9.65,9.95,11.0
GOOGL,2026-09-15,2026-09-25,C,342.5,451,70,0.3175117077636719,8.04,8.4,8.9
GOOGL,2026-09-15,2026-09-25,C,345.0,2333,690,0.3055489367675781,7.23,6.95,7.3
GOOGL,2026-09-15,2026-09-25,C,347.5,483,420,0.3139717041015625,6.05,5.8,6.3
GOOGL,2026-09-15,2026-09-25,C,350.0,2299,697,0.3074410076904296,4.95,4.75,5.1
GOOGL,2026-09-15,2026-09-25,C,352.5,438,206,0.31055376953124997,4.0,3.85,4.25
GOOGL,2026-09-15,2026-09-25,C,355.0,3022,718,0.297736514892578,3.16,3.05,3.2
GOOGL,2026-09-15,2026-09-25,C,360.0,2863,483,0.30445031494140623,2.05,1.99,2.11
GOOGL,2026-09-15,2026-09-25,C,365.0,1377,233,0.3070137658691406,1.24,1.23,1.31
GOOGL,2026-09-15,2026-09-25,C,370.0,1898,273,0.3161689477539062,0.82,0.76,0.85
GOOGL,2026-09-15,2026-09-25,C,375.0,1547,2711,0.3225165405273437,0.47,0.47,0.53
GOOGL,2026-09-15,2026-09-25,C,380.0,1611,253,0.33301448242187504,0.32,0.29,0.35
GOOGL,2026-09-15,2026-09-25,C,385.0,345,37,0.3635317553710938,0.23,0.13,0.32
GOOGL,2026-09-15,2026-09-25,C,390.0,1799,13,0.3891662646484375,0.2,0.12,0.28
GOOGL,2026-09-15,2026-09-25,C,395.0,802,20,0.41992767578125,0.09,0.01,0.27
GOOGL,2026-09-15,2026-09-25,C,400.0,1054,1147,0.39063109375,0.09,0.01,0.1
GOOGL,2026-09-15,2026-09-25,C,405.0,178,3,0.43457596679687505,0.06,0.01,0.13
GOOGL,2026-09-15,2026-09-25,C,410.0,380,4,0.411138701171875,0.04,0.01,0.05
GOOGL,2026-09-15,2026-09-25,C,415.0,872,5,0.42578699218750005,0.04,0.01,0.04
GOOGL,2026-09-15,2026-09-25,C,420.0,446,6,0.4804739453125,0.03,0.01,0.07
GOOGL,2026-09-15,2026-09-25,C,425.0,41,2,0.5820354296875,0.12,0.0,0.42
GOOGL,2026-09-15,2026-09-25,C,430.0,57,1,0.51562984375,0.05,0.01,0.1
GOOGL,2026-09-15,2026-09-25,C,435.0,37,1,0.5351608984375,0.05,0.0,0.1
GOOGL,2026-09-15,2026-09-25,C,440.0,48,5,0.5195360546875,0.01,0.0,0.05
GOOGL,2026-09-15,2026-09-25,C,445.0,46,7,0.5429733203125001,0.01,0.0,0.05
GOOGL,2026-09-15,2026-09-25,C,450.0,285,11,0.5390671093750001,0.03,0.0,0.03
GOOGL,2026-09-15,2026-09-25,C,455.0,27,1,0.9594730615234374,0.12,0.0,2.13
GOOGL,2026-09-15,2026-09-25,C,460.0,64,2,0.6699251757812501,0.13,0.01,0.13
GOOGL,2026-09-15,2026-09-25,C,465.0,29,7,1.0185595947265624,0.02,0.0,2.13
GOOGL,2026-09-15,2026-09-25,C,470.0,86,3,0.8481460498046874,0.08,0.01,0.56
GOOGL,2026-09-15,2026-09-25,C,475.0,240,111,0.6875031250000001,0.01,0.0,0.07
GOOGL,2026-09-15,2026-09-25,C,480.0,80,4,1.1035201074218752,0.05,0.0,2.13
GOOGL,2026-09-15,2026-09-25,C,485.0,27,1,1.1308637207031251,0.03,0.0,2.13
GOOGL,2026-09-15,2026-09-25,C,490.0,192,5,1.0229541040039063,0.08,0.0,1.0
GOOGL,2026-09-15,2026-09-25,C,495.0,42,24,1.1845743896484375,0.03,0.0,2.13
GOOGL,2026-09-15,2026-09-25,C,500.0,149,1,1.2109414453124998,0.01,0.0,2.13
GOOGL,2026-09-15,2026-09-25,C,505.0,37,7,0.8203142968749999,0.08,0.01,0.08
GOOGL,2026-09-15,2026-09-25,C,510.0,33,5,0.70312796875,0.01,0.0,0.01
GOOGL,2026-09-15,2026-09-25,C,515.0,50,22,1.2871129394531249,0.01,0.0,2.13
GOOGL,2026-09-15,2026-09-25,C,520.0,142,8,0.9101571484375,0.01,0.0,0.13
GOOGL,2026-09-15,2026-09-25,C,525.0,31,6,1.0859420703125,0.39,0.01,0.51
GOOGL,2026-09-15,2026-09-25,C,530.0,220,4,0.9726565234375,0.08,0.01,0.16
GOOGL,2026-09-15,2026-09-25,C,535.0,75,6,1.013676806640625,0.2,0.01,0.2
GOOGL,2026-09-15,2026-09-25,C,540.0,244,123,1.0273486132812502,0.02,0.0,0.2
GOOGL,2026-09-15,2026-09-25,C,545.0,153,79,1.0468797656250002,0.01,0.0,0.2
GOOGL,2026-09-15,2026-09-25,C,550.0,1022,52,1.0644578027343752,0.01,0.0,0.2
GOOGL,2026-09-15,2026-09-25,P,100.0,5,0,2.281254296875,0.01,0.0,0.01
GOOGL,2026-09-15,2026-09-25,P,105.0,2,0,2.2187544531249994,0.01,0.0,0.01
GOOGL,2026-09-15,2026-09-25,P,110.0,3,0,2.1250046874999997,0.01,0.0,0.01
GOOGL,2026-09-15,2026-09-25,P,115.0,1,0,3.8627933117675783,0.08,0.0,2.13
GOOGL,2026-09-15,2026-09-25,P,120.0,12,0,1.96875015625,0.01,0.0,0.01
GOOGL,2026-09-15,2026-09-25,P,125.0,14,0,1.9062504687500001,0.01,0.0,0.01
GOOGL,2026-09-15,2026-09-25,P,130.0,12,0,1.8125009374999999,0.01,0.0,0.01
GOOGL,2026-09-15,2026-09-25,P,135.0,2,0,3.3432633605957025,0.09,0.0,2.13
GOOGL,2026-09-15,2026-09-25,P,140.0,4,0,1.6875015625,0.05,0.0,0.01
GOOGL,2026-09-15,2026-09-25,P,145.0,2,0,3.113283466796875,0.08,0.0,2.13
GOOGL,2026-09-15,2026-09-25,P,150.0,2,0,1.5625021874999998,0.09,0.0,0.01
GOOGL,2026-09-15,2026-09-25,P,160.0,7,0,1.453127734375,0.09,0.0,0.01
GOOGL,2026-09-15,2026-09-25,P,180.0,1,0,2.4184609851074215,0.09,0.0,2.13
GOOGL,2026-09-15,2026-09-25,P,190.0,1,1,1.96484392578125,0.1,0.0,2.13
GOOGL,2026-09-15,2026-09-25,P,195.0,1,0,2.160649129638672,0.09,0.0,2.13
GOOGL,2026-09-15,2026-09-25,P,200.0,51,12,1.81640716796875,0.05,0.0,2.13
GOOGL,2026-09-15,2026-09-25,P,205.0,52,1,1.7451184619140623,0.11,0.0,2.13
GOOGL,2026-09-15,2026-09-25,P,210.0,28,1,1.6748063134765625,0.02,0.0,2.13
GOOGL,2026-09-15,2026-09-25,P,215.0,43,4,1.6064472802734375,0.03,0.0,2.13
GOOGL,2026-09-15,2026-09-25,P,220.0,53,2,1.5390648046875,0.01,0.0,2.13
GOOGL,2026-09-15,2026-09-25,P,225.0,47,2,1.4731471655273438,0.05,0.0,2.13
GOOGL,2026-09-15,2026-09-25,P,230.0,55,5,1.4086943627929687,0.05,0.0,2.13
GOOGL,2026-09-15,2026-09-25,P,235.0,56,1,0.867188828125,0.05,0.0,0.09
GOOGL,2026-09-15,2026-09-25,P,240.0,268,3,1.2827184301757812,0.09,0.0,2.13
GOOGL,2026-09-15,2026-09-25,P,245.0,127,2,0.73437765625,0.03,0.0,0.05
GOOGL,2026-09-15,2026-09-25,P,250.0,128,17,0.9082040429687499,0.01,0.0,0.49
GOOGL,2026-09-15,2026-09-25,P,255.0,76,3,0.9677737597656251,0.02,0.0,1.05
GOOGL,2026-09-15,2026-09-25,P,260.0,142,23,0.5898478515625001,0.01,0.0,0.03
GOOGL,2026-09-15,2026-09-25,P,265.0,138,2,0.63086306640625,0.05,0.0,0.11
GOOGL,2026-09-15,2026-09-25,P,270.0,1053,12,0.6171913281250001,0.01,0.0,0.16
GOOGL,2026-09-15,2026-09-25,P,275.0,54,10,0.5625043750000001,0.02,0.02,0.11
GOOGL,2026-09-15,2026-09-25,P,280.0,248,9,0.614261669921875,0.05,0.01,0.43
GOOGL,2026-09-15,2026-09-25,P,285.0,133,5,0.5732464550781251,0.04,0.01,0.45
GOOGL,2026-09-15,2026-09-25,P,290.0,117,15,0.500005,0.06,0.02,0.16
GOOGL,2026-09-15,2026-09-25,P,295.0,1215,40,0.5498091894531252,0.09,0.01,0.48
GOOGL,2026-09-15,2026-09-25,P,300.0,767,17,0.43994700683593746,0.11,0.04,0.23
GOOGL,2026-09-15,2026-09-25,P,305.0,1720,14,0.3930724755859375,0.14,0.12,0.22
GOOGL,2026-09-15,2026-09-25,P,307.5,50,11,0.44922425781249997,0.16,0.01,0.6
GOOGL,2026-09-15,2026-09-25,P,310.0,631,40,0.362311064453125,0.24,0.2,0.27
GOOGL,2026-09-15,2026-09-25,P,312.5,17,1,0.41748629394531245,0.23,0.01,0.73
GOOGL,2026-09-15,2026-09-25,P,315.0,815,217,0.3430241479492187,0.34,0.31,0.4
GOOGL,2026-09-15,2026-09-25,P,317.5,36,12,0.38892212646484375,0.42,0.37,0.93
GOOGL,2026-09-15,2026-09-25,P,320.0,1683,138,0.32520206054687495,0.61,0.51,0.61
GOOGL,2026-09-15,2026-09-25,P,322.5,72,24,0.36524072265625,0.73,0.22,1.26
GOOGL,2026-09-15,2026-09-25,P,325.0,2925,423,0.313483427734375,0.93,0.83,1.0
GOOGL,2026-09-15,2026-09-25,P,327.5,96,43,0.30823445678710937,1.29,1.08,1.28
GOOGL,2026-09-15,2026-09-25,P,330.0,1308,265,0.30799031860351556,1.55,1.4,1.7
GOOGL,2026-09-15,2026-09-25,P,332.5,146,173,0.301764794921875,1.92,1.8,2.12
GOOGL,2026-09-15,2026-09-25,P,335.0,1126,348,0.29566134033203123,2.75,2.34,2.63
GOOGL,2026-09-15,2026-09-25,P,337.5,41,49,0.2947458221435546,3.55,2.94,3.35
GOOGL,2026-09-15,2026-09-25,P,340.0,2286,380,0.3031075549316406,3.9,3.65,4.4
GOOGL,2026-09-15,2026-09-25,P,342.5,352,152,0.2863840893554687,4.85,4.55,5.05
GOOGL,2026-09-15,2026-09-25,P,345.0,1466,279,0.2860789166259765,5.9,5.8,6.2
GOOGL,2026-09-15,2026-09-25,P,347.5,459,73,0.2834544311523437,7.25,7.0,7.45
GOOGL,2026-09-15,2026-09-25,P,350.0,430,32,0.2852244329833984,9.27,8.5,8.95
GOOGL,2026-09-15,2026-09-25,P,355.0,207,22,0.29053443847656246,12.46,11.85,12.4
GOOGL,2026-09-15,2026-09-25,P,360.0,210,10,0.2700268310546875,16.23,14.6,15.9
GOOGL,2026-09-15,2026-09-25,P,365.0,34,10,0.38733522827148437,18.93,18.85,21.85
GOOGL,2026-09-15,2026-09-25,P,370.0,109,10,0.41321387573242185,26.38,23.45,26.4
GOOGL,2026-09-15,2026-09-25,P,375.0,2,1,0.41321387573242185,34.37,28.35,30.75
GOOGL,2026-09-15,2026-09-25,P,380.0,27,14,0.4813284289550781,31.15,33.25,36.0
GOOGL,2026-09-15,2026-09-25,P,385.0,2,1,0.5178270874023438,35.93,38.0,40.9
GOOGL,2026-09-15,2026-09-25,P,390.0,0,22,0.561527822265625,52.51,42.95,45.9
GOOGL,2026-09-15,2026-09-25,P,395.0,0,1,0.6035195898437502,54.84,48.0,50.9
GOOGL,2026-09-15,2026-09-25,P,400.0,0,1,0.6392858337402343,61.5,52.95,55.85
GOOGL,2026-09-15,2026-09-25,P,420.0,0,1,0.7976094458007812,76.18,72.95,75.9
GOOGL,2026-09-15,2026-10-02,C,100.0,6,6,3.007326700439453,247.0,244.35,246.9
GOOGL,2026-09-15,2026-10-02,C,120.0,27,0,2.319340139160156,224.74,224.4,228.15
GOOGL,2026-09-15,2026-10-02,C,150.0,1,1,1.8618170971679686,199.6,194.5,198.05
GOOGL,2026-09-15,2026-10-02,C,190.0,1,0,1.39453427734375,150.45,154.6,158.05
GOOGL,2026-09-15,2026-10-02,C,200.0,2,2,1.3378939355468746,152.0,144.6,148.4
GOOGL,2026-09-15,2026-10-02,C,210.0,3,0,1.2265663671875,129.11,134.65,138.3
GOOGL,2026-09-15,2026-10-02,C,220.0,2,2,1.1259809326171877,127.17,124.65,128.3
GOOGL,2026-09-15,2026-10-02,C,225.0,4,4,1.0410204199218753,106.7,119.65,123.0
GOOGL,2026-09-15,2026-10-02,C,230.0,2,1,0.9677737597656251,115.27,114.65,117.8
GOOGL,2026-09-15,2026-10-02,C,240.0,2,2,0.9096688720703124,91.7,104.7,108.0
GOOGL,2026-09-15,2026-10-02,C,245.0,1,2,0.8916026464843749,86.76,99.7,103.25
GOOGL,2026-09-15,2026-10-02,C,250.0,1,0,0.8110370458984374,81.87,94.75,97.85
GOOGL,2026-09-15,2026-10-02,C,255.0,7,2,0.7983418603515625,76.92,89.75,93.15
GOOGL,2026-09-15,2026-10-02,C,260.0,14,62,0.7460962890625,72.1,84.75,88.05
GOOGL,2026-09-15,2026-10-02,C,265.0,11,1,0.6948272705078126,82.0,79.8,82.9
GOOGL,2026-09-15,2026-10-02,C,270.0,22,52,0.6623568920898439,59.86,74.8,78.0
GOOGL,2026-09-15,2026-10-02,C,275.0,16,1,0.6250037500000001,64.13,69.85,73.0
GOOGL,2026-09-15,2026-10-02,C,280.0,24,60,0.6191444335937502,51.51,64.85,68.5
GOOGL,2026-09-15,2026-10-02,C,285.0,29,2,0.5827678442382812,61.25,59.9,63.55
GOOGL,2026-09-15,2026-10-02,C,290.0,27,48,0.5317429638671876,51.2,54.95,58.35
GOOGL,2026-09-15,2026-10-02,C,295.0,9,2,0.6359899682617188,52.81,50.0,53.35
GOOGL,2026-09-15,2026-10-02,C,300.0,67,402,0.5589643713378907,45.6,45.1,47.95
GOOGL,2026-09-15,2026-10-02,C,305.0,5,242,0.5278367529296876,41.71,40.2,43.2
GOOGL,2026-09-15,2026-10-02,C,310.0,65,257,0.49121602539062503,40.8,35.5,38.4
GOOGL,2026-09-15,2026-10-02,C,315.0,97,1,0.4498346032714844,31.28,30.7,33.55
GOOGL,2026-09-15,2026-10-02,C,320.0,450,1,0.4243221630859375,30.95,26.1,29.05
GOOGL,2026-09-15,2026-10-02,C,325.0,95,22,0.3980773083496094,26.35,21.75,24.65
GOOGL,2026-09-15,2026-10-02,C,330.0,805,5,0.38623660644531244,18.42,18.95,20.75
GOOGL,2026-09-15,2026-10-02,C,335.0,374,3,0.3425358715820312,15.3,14.2,16.25
GOOGL,2026-09-15,2026-10-02,C,340.0,1232,39,0.33081723876953123,12.3,12.1,12.85
GOOGL,2026-09-15,2026-10-02,C,345.0,801,119,0.3219061950683593,9.45,9.25,9.9
GOOGL,2026-09-15,2026-10-02,C,350.0,1183,476,0.31604687866210934,6.7,6.8,7.45
GOOGL,2026-09-15,2026-10-02,C,355.0,4640,352,0.30963825134277345,5.17,5.05,5.4
GOOGL,2026-09-15,2026-10-02,C,360.0,1627,115,0.3107979077148437,3.75,3.65,3.95
GOOGL,2026-09-15,2026-10-02,C,365.0,7648,583,0.3142158422851562,2.8,2.56,2.88
GOOGL,2026-09-15,2026-10-02,C,370.0,2449,257,0.31116411499023433,1.95,1.81,1.95
GOOGL,2026-09-15,2026-10-02,C,375.0,693,124,0.31653515502929686,1.36,1.18,1.4
GOOGL,2026-09-15,2026-10-02,C,380.0,662,490,0.3275213732910156,0.95,0.82,1.07
GOOGL,2026-09-15,2026-10-02,C,385.0,486,16,0.33130551513671874,0.65,0.62,0.75
GOOGL,2026-09-15,2026-10-02,C,390.0,506,102,0.37329728271484375,0.41,0.01,0.87
GOOGL,2026-09-15,2026-10-02,C,395.0,77,3,0.4008848974609375,0.32,0.02,0.85
GOOGL,2026-09-15,2026-10-02,C,400.0,1118,12,0.3711000390625,0.24,0.06,0.4
GOOGL,2026-09-15,2026-10-02,C,405.0,156,11,0.37744763183593744,0.2,0.1,0.3
GOOGL,2026-09-15,2026-10-02,C,410.0,978,2,0.44873598144531246,0.18,0.01,0.57
GOOGL,2026-09-15,2026-10-02,C,415.0,447,2,0.4897511962890626,0.17,0.01,0.68
GOOGL,2026-09-15,2026-10-02,C,420.0,126,10,0.45703667968750006,0.18,0.01,0.34
GOOGL,2026-09-15,2026-10-02,C,425.0,31,2,0.5019581054687501,0.1,0.01,0.45
GOOGL,2026-09-15,2026-10-02,C,430.0,810,73,0.418951123046875,0.08,0.01,0.09
GOOGL,2026-09-15,2026-10-02,C,435.0,532,3,0.44336494140625,0.1,0.05,0.1
GOOGL,2026-09-15,2026-10-02,C,440.0,94,5,0.48242705078125003,0.07,0.01,0.14
GOOGL,2026-09-15,2026-10-02,C,445.0,43,7,0.5009815527343751,0.05,0.01,0.14
GOOGL,2026-09-15,2026-10-02,C,450.0,458,7,0.5293015820312501,0.09,0.01,0.16
GOOGL,2026-09-15,2026-10-02,C,455.0,1135,4,0.6010782080078126,0.1,0.05,0.58
GOOGL,2026-09-15,2026-10-02,C,460.0,1002,1,0.5136767382812499,0.13,0.01,0.13
GOOGL,2026-09-15,2026-10-02,C,465.0,20,1,0.5312546875,0.07,0.0,0.07
GOOGL,2026-09-15,2026-10-02,C,470.0,246,74,0.5390671093750001,0.11,0.01,0.11
GOOGL,2026-09-15,2026-10-02,C,475.0,13,5,0.6694368994140626,0.07,0.0,0.57
GOOGL,2026-09-15,2026-10-02,C,480.0,41,23,0.6035195898437502,0.04,0.0,0.2
GOOGL,2026-09-15,2026-10-02,C,485.0,19,2,0.5918009570312501,0.07,0.0,0.13
GOOGL,2026-09-15,2026-10-02,C,490.0,247,1,0.6132851171875001,0.14,0.0,0.14
GOOGL,2026-09-15,2026-10-02,C,495.0,93,7,0.6289099609375001,0.07,0.0,0.14
GOOGL,2026-09-15,2026-10-02,C,500.0,20,5,0.7607445800781252,0.07,0.0,0.58
GOOGL,2026-09-15,2026-10-02,C,505.0,23,1,0.8564467480468749,0.08,0.0,1.14
GOOGL,2026-09-15,2026-10-02,C,510.0,194,26,0.5976602734375001,0.03,0.01,0.03
GOOGL,2026-09-15,2026-10-02,C,515.0,18,13,0.6601596484375001,0.04,0.01,0.08
GOOGL,2026-09-15,2026-10-02,C,520.0,133,46,0.6796907031250001,0.05,0.01,0.09
GOOGL,2026-09-15,2026-10-02,C,525.0,33,20,0.6796907031250001,0.08,0.0,0.08
GOOGL,2026-09-15,2026-10-02,C,530.0,57,10,0.8554701953125,0.02,0.0,0.55
GOOGL,2026-09-15,2026-10-02,C,535.0,53,45,0.7148466015625,0.08,0.01,0.08
GOOGL,2026-09-15,2026-10-02,C,540.0,78,133,0.7480493945312501,0.02,0.0,0.12
GOOGL,2026-09-15,2026-10-02,C,545.0,26,1,0.7421900781249999,0.09,0.0,0.09
GOOGL,2026-09-15,2026-10-02,C,550.0,24,16,0.7539087109375,0.01,0.0,0.09
GOOGL,2026-09-15,2026-10-02,P,100.0,19,0,1.75000125,0.06,0.0,0.01
GOOGL,2026-09-15,2026-10-02,P,105.0,28,0,2.441410146484375,0.06,0.0,0.4
GOOGL,2026-09-15,2026-10-02,P,110.0,69,1,1.625001875,0.01,0.0,0.01
GOOGL,2026-09-15,2026-10-02,P,115.0,46,0,2.263676215820312,0.06,0.0,0.4
GOOGL,2026-09-15,2026-10-02,P,120.0,35,0,1.5000025,0.05,0.0,0.01
GOOGL,2026-09-15,2026-10-02,P,125.0,43,43,1.92578162109375,0.05,0.0,0.4
GOOGL,2026-09-15,2026-10-02,P,130.0,23,0,1.40625296875,0.05,0.0,0.01
GOOGL,2026-09-15,2026-10-02,P,135.0,9,0,2.5644567138671874,0.05,0.0,2.13
GOOGL,2026-09-15,2026-10-02,P,140.0,15,2,1.3750031249999999,0.04,0.0,0.02
GOOGL,2026-09-15,2026-10-02,P,145.0,3,0,2.200688092041015,0.06,0.0,1.38
GOOGL,2026-09-15,2026-10-02,P,150.0,3,0,2.3042034582519526,0.05,0.0,2.13
GOOGL,2026-09-15,2026-10-02,P,155.0,5,0,2.2231489733886716,0.11,0.0,2.13
GOOGL,2026-09-15,2026-10-02,P,160.0,1,0,2.145024168701172,0.11,0.0,2.13
GOOGL,2026-09-15,2026-10-02,P,165.0,1,0,2.069340764160156,0.11,0.0,2.13
GOOGL,2026-09-15,2026-10-02,P,170.0,1,0,1.9956054907226561,0.11,0.0,2.13
GOOGL,2026-09-15,2026-10-02,P,190.0,1,0,1.7214369396972655,0.12,0.0,2.13
GOOGL,2026-09-15,2026-10-02,P,195.0,13,4,1.449709782714844,0.02,0.0,2.13
GOOGL,2026-09-15,2026-10-02,P,200.0,135,140,1.3930694409179685,0.03,0.0,2.13
GOOGL,2026-09-15,2026-10-02,P,205.0,57,2,1.3383822143554682,0.01,0.0,2.13
GOOGL,2026-09-15,2026-10-02,P,210.0,55,14,1.284671545410156,0.03,0.0,2.13
GOOGL,2026-09-15,2026-10-02,P,215.0,85,30,1.2329139916992187,0.03,0.0,2.14
GOOGL,2026-09-15,2026-10-02,P,220.0,81,20,0.7500025,0.03,0.0,0.07
GOOGL,2026-09-15,2026-10-02,P,225.0,77,6,1.1308637207031251,0.04,0.0,2.14
GOOGL,2026-09-15,2026-10-02,P,230.0,64,1,0.7382838671874999,0.03,0.0,0.15
GOOGL,2026-09-15,2026-10-02,P,235.0,48,2,1.033452098388672,0.06,0.0,2.15
GOOGL,2026-09-15,2026-10-02,P,240.0,21,2,0.9855958471679689,0.07,0.0,2.15
GOOGL,2026-09-15,2026-10-02,P,245.0,20,3,0.632816171875,0.08,0.0,0.15
GOOGL,2026-09-15,2026-10-02,P,250.0,55,81,0.55273884765625,0.03,0.0,0.07
GOOGL,2026-09-15,2026-10-02,P,255.0,23,4,0.6738313867187502,0.1,0.01,0.56
GOOGL,2026-09-15,2026-10-02,P,260.0,18,4,0.5371140039062501,0.05,0.01,0.15
GOOGL,2026-09-15,2026-10-02,P,265.0,51,1,0.5048877636718749,0.07,0.01,0.15
GOOGL,2026-09-15,2026-10-02,P,270.0,66,1,0.53320779296875,0.08,0.01,0.2
GOOGL,2026-09-15,2026-10-02,P,275.0,5,1,0.50586431640625,0.11,0.01,0.22
GOOGL,2026-09-15,2026-10-02,P,280.0,89,34,0.4887746435546876,0.09,0.01,0.28
GOOGL,2026-09-15,2026-10-02,P,285.0,60,11,0.4585015087890626,0.11,0.05,0.3
GOOGL,2026-09-15,2026-10-02,P,290.0,116,4,0.4155331884765625,0.16,0.01,0.27
GOOGL,2026-09-15,2026-10-02,P,295.0,376,8,0.4165097412109374,0.21,0.12,0.45
GOOGL,2026-09-15,2026-10-02,P,300.0,696,64,0.3679262426757813,0.3,0.26,0.38
GOOGL,2026-09-15,2026-10-02,P,305.0,1302,201,0.366217275390625,0.39,0.36,0.62
GOOGL,2026-09-15,2026-10-02,P,310.0,2299,10,0.34107104248046877,0.54,0.56,0.74
GOOGL,2026-09-15,2026-10-02,P,315.0,620,21,0.3198310205078124,0.86,0.76,0.94
GOOGL,2026-09-15,2026-10-02,P,320.0,1749,77,0.31445998046874996,1.37,1.14,1.44
GOOGL,2026-09-15,2026-10-02,P,325.0,1647,136,0.31445998046874996,1.99,1.75,2.25
GOOGL,2026-09-15,2026-10-02,P,330.0,1500,51,0.29822479125976553,2.95,2.72,3.0
GOOGL,2026-09-15,2026-10-02,P,335.0,882,38,0.3050606604003906,4.2,3.9,4.6
GOOGL,2026-09-15,2026-10-02,P,340.0,1548,27,0.2996285858154296,5.84,5.6,6.3
GOOGL,2026-09-15,2026-10-02,P,345.0,500,19,0.2985299639892578,8.0,7.8,8.55
GOOGL,2026-09-15,2026-10-02,P,350.0,197,33,0.2873606420898437,10.5,10.55,10.95
GOOGL,2026-09-15,2026-10-02,P,355.0,77,21,0.2845530529785155,13.5,12.95,14.05
GOOGL,2026-09-15,2026-10-02,P,360.0,54,2,0.2869944348144531,17.0,15.85,17.7
GOOGL,2026-09-15,2026-10-02,P,365.0,27,10,0.3482731188964844,19.28,19.8,23.0
GOOGL,2026-09-15,2026-10-02,P,370.0,21,84,0.3572451971435546,25.52,24.5,27.2
GOOGL,2026-09-15,2026-10-02,P,375.0,18,4,0.32349309326171866,28.12,29.1,30.85
GOOGL,2026-09-15,2026-10-02,P,380.0,28,1,0.39111937011718745,33.21,33.4,36.35
GOOGL,2026-09-15,2026-10-02,P,385.0,0,1,0.41089456298828125,49.15,38.25,41.1
GOOGL,2026-09-15,2026-10-02,P,390.0,1,1,0.4378718322753906,45.0,43.15,46.0
GOOGL,2026-09-15,2026-10-02,P,420.0,0,1,0.6118202880859377,74.71,73.1,75.9
GOOGL,2026-09-15,2026-10-09,C,140.0,47,0,1.6357440087890622,194.95,204.2,208.15
GOOGL,2026-09-15,2026-10-09,C,190.0,1,0,1.1694377465820311,147.4,154.3,158.35
GOOGL,2026-09-15,2026-10-09,C,195.0,4,0,1.137211345214844,135.37,149.35,153.4
GOOGL,2026-09-15,2026-10-09,C,225.0,4,0,0.9318854467773439,106.08,119.65,123.6
GOOGL,2026-09-15,2026-10-09,C,230.0,4,0,0.903321279296875,101.14,114.75,118.65
GOOGL,2026-09-15,2026-10-09,C,245.0,1,0,0.7832052929687501,87.34,99.75,103.65
GOOGL,2026-09-15,2026-10-09,C,250.0,21,0,0.7546411254882812,82.4,94.85,98.7
GOOGL,2026-09-15,2026-10-09,C,255.0,20,0,0.7128934960937501,75.08,90.05,93.45
GOOGL,2026-09-15,2026-10-09,C,260.0,29,0,0.7019072778320312,71.98,85.1,88.85
GOOGL,2026-09-15,2026-10-09,C,265.0,29,0,0.6403844555664062,67.06,80.1,83.45
GOOGL,2026-09-15,2026-10-09,C,270.0,20,56,0.6145058081054688,63.43,74.9,78.85
GOOGL,2026-09-15,2026-10-09,C,275.0,17,46,0.5875285388183593,57.7,70.2,73.75
GOOGL,2026-09-15,2026-10-09,C,280.0,8,0,0.5642133422851563,57.75,65.25,69.0
GOOGL,2026-09-15,2026-10-09,C,285.0,9,0,0.5177050183105469,47.45,60.05,64.0
GOOGL,2026-09-15,2026-10-09,C,290.0,10,0,0.5664105859375,40.8,55.4,58.2
GOOGL,2026-09-15,2026-10-09,C,295.0,1,0,0.5374802111816408,43.15,50.55,53.4
GOOGL,2026-09-15,2026-10-09,C,300.0,8,1,0.5070850073242188,47.45,45.7,48.6
GOOGL,2026-09-15,2026-10-09,C,310.0,29,2,0.46082082153320314,37.0,36.2,39.4
GOOGL,2026-09-15,2026-10-09,C,315.0,22,2,0.424810439453125,32.09,31.65,34.6
GOOGL,2026-09-15,2026-10-09,C,320.0,47,9,0.4048521429443359,32.03,27.25,30.25
GOOGL,2026-09-15,2026-10-09,C,325.0,51,18,0.3839172937011719,26.35,23.05,26.0
GOOGL,2026-09-15,2026-10-09,C,330.0,203,2,0.3711000390625,19.87,19.2,22.15
GOOGL,2026-09-15,2026-10-09,C,335.0,562,94,0.33460138061523437,17.25,16.0,17.75
GOOGL,2026-09-15,2026-10-09,C,340.0,213,12,0.32776551147460936,13.75,12.7,14.55
GOOGL,2026-09-15,2026-10-09,C,345.0,429,122,0.3145820495605468,10.86,10.85,11.45
GOOGL,2026-09-15,2026-10-09,C,350.0,745,34,0.3242865423583984,8.45,8.65,9.5
GOOGL,2026-09-15,2026-10-09,C,355.0,890,37,0.31415480773925775,7.0,6.4,7.2
GOOGL,2026-09-15,2026-10-09,C,360.0,748,56,0.3147041186523437,5.2,4.8,5.6
GOOGL,2026-09-15,2026-10-09,C,365.0,296,5,0.31037066589355466,3.67,3.7,4.15
GOOGL,2026-09-15,2026-10-09,C,370.0,868,39,0.3142158422851562,2.77,2.37,3.2
GOOGL,2026-09-15,2026-10-09,C,375.0,350,10,0.31702343139648437,2.23,2.12,2.43
GOOGL,2026-09-15,2026-10-09,C,380.0,648,16,0.3487613952636719,1.5,1.43,2.41
GOOGL,2026-09-15,2026-10-09,C,385.0,1578,7,0.32166205688476557,1.35,1.04,1.35
GOOGL,2026-09-15,2026-10-09,C,390.0,252,36,0.3820862573242187,0.7,0.8,1.89
GOOGL,2026-09-15,2026-10-09,C,395.0,50,1,0.3986876538085938,0.71,0.01,1.7
GOOGL,2026-09-15,2026-10-09,C,400.0,118,1,0.37036762451171873,0.55,0.01,0.95
GOOGL,2026-09-15,2026-10-09,C,405.0,49,1,0.36694968994140625,0.5,0.1,0.67
GOOGL,2026-09-15,2026-10-09,C,410.0,27,2,0.39258419921875,0.34,0.01,0.7
GOOGL,2026-09-15,2026-10-09,C,415.0,10,4,0.4514215014648438,0.3,0.01,1.07
GOOGL,2026-09-15,2026-10-09,C,420.0,193,41,0.4272518212890626,0.22,0.01,0.63
GOOGL,2026-09-15,2026-10-09,C,425.0,9,8,0.48438015625,0.21,0.01,0.95
GOOGL,2026-09-15,2026-10-09,C,430.0,7,4,0.4497125341796875,0.15,0.01,0.5
GOOGL,2026-09-15,2026-10-09,C,435.0,7,1,0.41358008300781246,0.12,0.01,0.22
GOOGL,2026-09-15,2026-10-09,C,440.0,195,1,0.5207567456054687,0.2,0.12,0.73
GOOGL,2026-09-15,2026-10-09,C,445.0,13,1,0.4506890869140625,0.23,0.11,0.23
GOOGL,2026-09-15,2026-10-09,C,450.0,36,24,0.5578657495117189,0.1,0.01,0.72
GOOGL,2026-09-15,2026-10-09,C,455.0,7,3,0.471684970703125,0.07,0.01,0.19
GOOGL,2026-09-15,2026-10-09,C,460.0,205,3,0.5317429638671876,0.07,0.01,0.7
GOOGL,2026-09-15,2026-10-09,C,465.0,8,2,0.5600629931640625,0.1,0.01,0.81
GOOGL,2026-09-15,2026-10-09,C,470.0,4,5,0.5756878369140624,0.06,0.01,0.8
GOOGL,2026-09-15,2026-10-09,C,475.0,6,4,0.5097705273437501,0.05,0.01,0.13
GOOGL,2026-09-15,2026-10-09,C,480.0,5,2,0.49609878906250005,0.05,0.01,0.08
GOOGL,2026-09-15,2026-10-09,C,485.0,12,2,0.622074091796875,0.05,0.01,0.78
GOOGL,2026-09-15,2026-10-09,C,490.0,9,4,0.637698935546875,0.05,0.01,0.78
GOOGL,2026-09-15,2026-10-09,C,495.0,9,5,0.5361374511718751,0.05,0.0,0.16
GOOGL,2026-09-15,2026-10-09,C,500.0,6,2,0.51758294921875,0.05,0.0,0.09
GOOGL,2026-09-15,2026-10-09,C,505.0,5,2,0.523442265625,0.04,0.0,0.08
GOOGL,2026-09-15,2026-10-09,C,510.0,5,4,0.5371140039062501,0.05,0.0,0.08
GOOGL,2026-09-15,2026-10-09,C,515.0,9,5,0.7084990087890625,0.04,0.0,0.76
GOOGL,2026-09-15,2026-10-09,C,520.0,11,18,0.59570716796875,0.04,0.0,0.15
GOOGL,2026-09-15,2026-10-09,C,525.0,12,6,0.5937540625000001,0.03,0.0,0.12
GOOGL,2026-09-15,2026-10-09,C,530.0,14,27,0.57617611328125,0.03,0.0,0.07
GOOGL,2026-09-15,2026-10-09,C,535.0,32,28,0.6015664843750002,0.03,0.0,0.09
GOOGL,2026-09-15,2026-10-09,C,540.0,27,51,0.6132851171875001,0.08,0.01,0.08
GOOGL,2026-09-15,2026-10-09,C,545.0,209,522,0.65039412109375,0.07,0.01,0.13
GOOGL,2026-09-15,2026-10-09,C,550.0,59,23,0.64648791015625,0.02,0.02,0.09
GOOGL,2026-09-15,2026-10-09,P,100.0,15,0,2.134770288085937,0.05,0.0,0.4
GOOGL,2026-09-15,2026-10-09,P,105.0,17,0,2.0546923632812497,0.06,0.0,0.4
GOOGL,2026-09-15,2026-10-09,P,110.0,15,0,1.9785157324218752,0.06,0.0,0.4
GOOGL,2026-09-15,2026-10-09,P,115.0,13,0,2.4936561096191405,0.05,0.0,2.13
GOOGL,2026-09-15,2026-10-09,P,120.0,7,0,2.404300864257812,0.05,0.0,2.13
GOOGL,2026-09-15,2026-10-09,P,125.0,10,4,2.047368162841797,0.01,0.0,2.13
GOOGL,2026-09-15,2026-10-09,P,130.0,3,0,2.236820814208984,0.05,0.0,2.13
GOOGL,2026-09-15,2026-10-09,P,135.0,7,0,2.1582077294921875,0.05,0.0,2.13
GOOGL,2026-09-15,2026-10-09,P,140.0,3,0,2.0825243249511716,0.05,0.0,2.13
GOOGL,2026-09-15,2026-10-09,P,145.0,15,0,2.009770600585937,0.02,0.0,2.13
GOOGL,2026-09-15,2026-10-09,P,150.0,3,0,1.9392092883300784,0.06,0.0,2.13
GOOGL,2026-09-15,2026-10-09,P,155.0,21,0,1.4179716601562502,0.08,0.0,0.4
GOOGL,2026-09-15,2026-10-09,P,160.0,5,0,1.8054208947753905,0.12,0.0,2.13
GOOGL,2026-09-15,2026-10-09,P,165.0,27,0,1.3164096679687498,0.13,0.0,0.4
GOOGL,2026-09-15,2026-10-09,P,170.0,30,0,1.2675817871093749,0.13,0.0,0.4
GOOGL,2026-09-15,2026-10-09,P,175.0,11,0,1.6196308081054687,0.13,0.0,2.13
GOOGL,2026-09-15,2026-10-09,P,185.0,2,0,1.3183627832031248,0.08,0.0,2.13
GOOGL,2026-09-15,2026-10-09,P,190.0,162,4,1.2685583447265623,0.03,0.0,2.13
GOOGL,2026-09-15,2026-10-09,P,195.0,19,10,1.2202187426757813,0.03,0.0,2.13
GOOGL,2026-09-15,2026-10-09,P,200.0,31,4,0.773439765625,0.04,0.01,0.08
GOOGL,2026-09-15,2026-10-09,P,205.0,1008,1,1.1274457690429687,0.03,0.0,2.14
GOOGL,2026-09-15,2026-10-09,P,210.0,33,11,1.08203583984375,0.03,0.0,2.14
GOOGL,2026-09-15,2026-10-09,P,215.0,37,15,1.0378466076660158,0.04,0.0,2.14
GOOGL,2026-09-15,2026-10-09,P,220.0,18,42,0.9951172363281251,0.07,0.0,2.15
GOOGL,2026-09-15,2026-10-09,P,225.0,37,29,0.9526371923828124,0.03,0.0,2.15
GOOGL,2026-09-15,2026-10-09,P,230.0,19,5,0.6210975390625001,0.08,0.0,0.15
GOOGL,2026-09-15,2026-10-09,P,235.0,18,12,0.5585981640625001,0.04,0.01,0.08
GOOGL,2026-09-15,2026-10-09,P,240.0,13,5,0.5576216113281252,0.04,0.01,0.13
GOOGL,2026-09-15,2026-10-09,P,245.0,10,10,0.5039112109375,0.08,0.01,0.08
GOOGL,2026-09-15,2026-10-09,P,250.0,18,4,0.51562984375,0.05,0.01,0.09
GOOGL,2026-09-15,2026-10-09,P,255.0,7,2,0.4931691308593751,0.06,0.01,0.1
GOOGL,2026-09-15,2026-10-09,P,260.0,41,2,0.5488326367187502,0.09,0.01,0.66
GOOGL,2026-09-15,2026-10-09,P,265.0,26,4,0.467778759765625,0.09,0.01,0.17
GOOGL,2026-09-15,2026-10-09,P,270.0,20,1,0.5495650512695314,0.19,0.01,0.69
GOOGL,2026-09-15,2026-10-09,P,275.0,34,4,0.5417526293945314,0.15,0.01,0.89
GOOGL,2026-09-15,2026-10-09,P,280.0,69,1,0.5124560473632812,0.22,0.01,0.94
GOOGL,2026-09-15,2026-10-09,P,285.0,104,2,0.44653873779296877,0.21,0.01,0.68
GOOGL,2026-09-15,2026-10-09,P,290.0,142,6,0.4250545776367188,0.4,0.01,0.78
GOOGL,2026-09-15,2026-10-09,P,295.0,442,1,0.38013315185546875,0.4,0.29,0.68
GOOGL,2026-09-15,2026-10-09,P,300.0,566,25,0.3765931481933594,0.55,0.5,0.98
GOOGL,2026-09-15,2026-10-09,P,305.0,2847,9,0.35156898437499995,0.7,0.69,1.1
GOOGL,2026-09-15,2026-10-09,P,310.0,649,22,0.3350896569824219,1.1,0.99,1.37
GOOGL,2026-09-15,2026-10-09,P,315.0,500,48,0.31592480957031244,1.48,1.35,1.67
GOOGL,2026-09-15,2026-10-09,P,320.0,528,160,0.3360662097167969,2.08,1.85,2.9
GOOGL,2026-09-15,2026-10-09,P,325.0,570,18,0.31238480590820306,3.08,2.6,3.4
GOOGL,2026-09-15,2026-10-09,P,330.0,292,25,0.30664755859375,4.15,3.75,4.55
GOOGL,2026-09-15,2026-10-09,P,335.0,697,5,0.30274134765625,5.63,4.8,6.05
GOOGL,2026-09-15,2026-10-09,P,340.0,536,27,0.29779754943847647,7.1,7.1,7.85
GOOGL,2026-09-15,2026-10-09,P,345.0,287,26,0.28266098205566403,9.7,9.25,9.65
GOOGL,2026-09-15,2026-10-09,P,350.0,144,8,0.2864451239013671,12.2,11.9,12.5
GOOGL,2026-09-15,2026-10-09,P,355.0,58,6,0.2880930566406249,14.75,14.15,15.65
GOOGL,2026-09-15,2026-10-09,P,360.0,20,1,0.28516339843749994,17.35,17.7,19.0
GOOGL,2026-09-15,2026-10-09,P,365.0,46,4,0.28266098205566403,24.14,20.8,22.7
GOOGL,2026-09-15,2026-10-09,P,370.0,5,1,0.2825999475097656,28.0,24.9,26.75
GOOGL,2026-09-15,2026-10-09,P,375.0,1,1,0.33850759155273435,35.96,29.65,32.25
GOOGL,2026-09-15,2026-10-09,P,380.0,22,1,0.3493717407226562,40.75,34.0,36.75
GOOGL,2026-09-15,2026-10-09,P,385.0,17,0,0.36023588989257804,44.0,38.8,41.35
GOOGL,2026-09-15,2026-10-09,P,390.0,12,10,0.3781800463867187,43.65,43.2,46.15
GOOGL,2026-09-15,2026-10-16,C,150.0,5,1,1.378421076660156,197.36,194.35,198.2
GOOGL,2026-09-15,2026-10-16,C,155.0,14,1,1.8356941809082028,217.3,192.4,196.0
GOOGL,2026-09-15,2026-10-16,C,160.0,13,2,1.3032261401367182,172.62,184.5,188.2
GOOGL,2026-09-15,2026-10-16,C,165.0,16,1,1.2895543334960937,182.15,179.65,183.3
GOOGL,2026-09-15,2026-10-16,C,170.0,662,852,1.2719762963867183,176.75,174.65,178.55
GOOGL,2026-09-15,2026-10-16,C,175.0,18,3,1.23047259765625,171.76,169.65,173.6
GOOGL,2026-09-15,2026-10-16,C,180.0,29,2,1.158207333984375,160.93,164.5,168.5
GOOGL,2026-09-15,2026-10-16,C,185.0,33,1,1.1201215869140624,153.83,159.5,163.55
GOOGL,2026-09-15,2026-10-16,C,190.0,33,19,1.0976607617187502,152.0,154.75,158.5
GOOGL,2026-09-15,2026-10-16,C,195.0,8,3,1.05078599609375,144.3,149.6,153.6
GOOGL,2026-09-15,2026-10-16,C,200.0,38,23,1.0234423828125,143.07,144.8,148.55
GOOGL,2026-09-15,2026-10-16,C,205.0,34,16,0.9916993017578125,138.87,139.8,143.65
GOOGL,2026-09-15,2026-10-16,C,210.0,100,2,0.9128426684570312,136.0,135.0,138.0
GOOGL,2026-09-15,2026-10-16,C,215.0,24,1,0.9167488793945313,131.53,129.9,133.6
GOOGL,2026-09-15,2026-10-16,C,220.0,20,1,0.8964854101562498,126.42,124.95,128.8
GOOGL,2026-09-15,2026-10-16,C,225.0,21,3,0.8142108422851562,104.5,120.1,123.05
GOOGL,2026-09-15,2026-10-16,C,230.0,25,1,0.7932149584960937,100.94,115.1,118.25
GOOGL,2026-09-15,2026-10-16,C,235.0,65,1,0.7775901147460937,112.89,109.95,113.7
GOOGL,2026-09-15,2026-10-16,C,240.0,82,10,0.7321804125976561,90.98,105.2,108.3
GOOGL,2026-09-15,2026-10-16,C,245.0,137,1,0.6843293286132813,99.7,100.2,103.1
GOOGL,2026-09-15,2026-10-16,C,250.0,88,5,0.6596713720703126,89.5,95.25,98.2
GOOGL,2026-09-15,2026-10-16,C,255.0,148,2,0.6198768481445314,91.78,90.25,93.1
GOOGL,2026-09-15,2026-10-16,C,260.0,168,1,0.5925333715820313,90.88,85.3,88.15
GOOGL,2026-09-15,2026-10-16,C,265.0,50,3,0.5727581787109376,78.02,80.35,83.35
GOOGL,2026-09-15,2026-10-16,C,270.0,180,1,0.5444381494140625,75.75,75.4,78.4
GOOGL,2026-09-15,2026-10-16,C,275.0,379,1,0.541264353027344,71.17,70.5,74.0
GOOGL,2026-09-15,2026-10-16,C,280.0,284,8,0.5841106042480468,65.09,65.55,68.4
GOOGL,2026-09-15,2026-10-16,C,285.0,377,11,0.55273884765625,47.97,60.65,63.5
GOOGL,2026-09-15,2026-10-16,C,290.0,366,2,0.5210008837890624,56.55,55.8,58.6
GOOGL,2026-09-15,2026-10-16,C,295.0,177,2,0.4963429272460938,52.5,50.95,53.85
GOOGL,2026-09-15,2026-10-16,C,300.0,920,5,0.43945873046875,47.6,46.75,48.45
GOOGL,2026-09-15,2026-10-16,C,305.0,217,1,0.4491632232666015,42.29,41.8,44.5
GOOGL,2026-09-15,2026-10-16,C,310.0,581,4,0.4018614501953125,38.15,38.2,39.3
GOOGL,2026-09-15,2026-10-16,C,315.0,521,1,0.39264523376464844,33.7,33.4,35.1
GOOGL,2026-09-15,2026-10-16,C,320.0,733,6,0.37177141906738287,30.0,29.5,30.7
GOOGL,2026-09-15,2026-10-16,C,325.0,1068,6,0.35822174987792965,26.06,25.35,26.65
GOOGL,2026-09-15,2026-10-16,C,330.0,3049,47,0.34680828979492184,21.87,21.85,22.85
GOOGL,2026-09-15,2026-10-16,C,335.0,2098,96,0.3308782733154296,18.8,18.5,19.1
GOOGL,2026-09-15,2026-10-16,C,340.0,5341,86,0.3218451605224609,15.7,15.35,15.85
GOOGL,2026-09-15,2026-10-16,C,345.0,4252,207,0.3156196368408203,12.9,12.6,13.0
GOOGL,2026-09-15,2026-10-16,C,350.0,7267,1258,0.31049273498535157,10.4,10.25,10.5
GOOGL,2026-09-15,2026-10-16,C,355.0,3472,738,0.31519239501953117,8.3,8.25,8.7
GOOGL,2026-09-15,2026-10-16,C,360.0,9215,1008,0.30982135498046875,6.79,6.55,6.8
GOOGL,2026-09-15,2026-10-16,C,365.0,3925,382,0.31476515319824216,5.45,5.2,5.55
GOOGL,2026-09-15,2026-10-16,C,370.0,11883,23701,0.308051353149414,4.07,4.0,4.15
GOOGL,2026-09-15,2026-10-16,C,375.0,66919,796,0.313483427734375,3.25,3.15,3.35
GOOGL,2026-09-15,2026-10-16,C,380.0,9452,346,0.31555860229492183,2.54,2.47,2.62
GOOGL,2026-09-15,2026-10-16,C,385.0,2475,57,0.32019722778320303,1.88,1.95,2.09
GOOGL,2026-09-15,2026-10-16,C,390.0,5425,82,0.3233710241699218,1.48,1.49,1.64
GOOGL,2026-09-15,2026-10-16,C,395.0,1548,100,0.32581240600585937,1.19,1.19,1.27
GOOGL,2026-09-15,2026-10-16,C,400.0,25320,1195,0.32971861694335935,0.93,0.94,1.0
GOOGL,2026-09-15,2026-10-16,C,405.0,2200,56,0.33887379882812496,0.76,0.69,0.85
GOOGL,2026-09-15,2026-10-16,C,410.0,32964,84,0.34448897705078124,0.64,0.56,0.69
GOOGL,2026-09-15,2026-10-16,C,415.0,1951,159,0.39331661376953125,0.51,0.22,1.02
GOOGL,2026-09-15,2026-10-16,C,420.0,7770,25,0.35425450439453116,0.4,0.36,0.45
GOOGL,2026-09-15,2026-10-16,C,425.0,5142,9,0.36304347900390627,0.35,0.3,0.39
GOOGL,2026-09-15,2026-10-16,C,430.0,4001,79,0.4334773449707031,0.36,0.01,0.83
GOOGL,2026-09-15,2026-10-16,C,435.0,687,1,0.44312080322265623,0.27,0.12,0.75
GOOGL,2026-09-15,2026-10-16,C,440.0,2136,17,0.4057676611328125,0.21,0.12,0.35
GOOGL,2026-09-15,2026-10-16,C,445.0,1119,1,0.40772076660156253,0.28,0.12,0.28
GOOGL,2026-09-15,2026-10-16,C,450.0,3863,1,0.40332627929687503,0.15,0.15,0.2
GOOGL,2026-09-15,2026-10-16,C,460.0,7108,1,0.43164630859375,0.2,0.01,0.2
GOOGL,2026-09-15,2026-10-16,C,470.0,4352,105,0.45606012695312503,0.12,0.03,0.19
GOOGL,2026-09-15,2026-10-16,C,480.0,6574,1,0.51758294921875,0.1,0.02,0.32
GOOGL,2026-09-15,2026-10-16,C,490.0,7561,600,0.5019581054687501,0.11,0.05,0.17
GOOGL,2026-09-15,2026-10-16,C,500.0,4055,3,0.500005,0.07,0.07,0.11
GOOGL,2026-09-15,2026-10-16,C,510.0,3154,2,0.50586431640625,0.15,0.01,0.15
GOOGL,2026-09-15,2026-10-16,C,520.0,3681,5,0.534184345703125,0.15,0.03,0.15
GOOGL,2026-09-15,2026-10-16,C,530.0,5848,5,0.6303747900390625,0.08,0.01,0.52
GOOGL,2026-09-15,2026-10-16,C,540.0,6395,1,0.570316796875,0.15,0.01,0.15
GOOGL,2026-09-15,2026-10-16,C,550.0,2094,20,0.57812921875,0.01,0.01,0.12
GOOGL,2026-09-15,2026-10-16,C,560.0,356,1,0.6074258007812501,0.15,0.0,0.15
GOOGL,2026-09-15,2026-10-16,C,570.0,54,1,0.63086306640625,0.14,0.02,0.14
GOOGL,2026-09-15,2026-10-16,C,580.0,188,1,0.8510757080078125,0.1,0.0,1.48
GOOGL,2026-09-15,2026-10-16,C,590.0,52,2,0.7187528125,0.04,0.0,0.32
GOOGL,2026-09-15,2026-10-16,C,600.0,1436,1,0.6562534375000001,0.05,0.0,0.1
GOOGL,2026-09-15,2026-10-16,C,610.0,69,3,0.6796907031250001,0.04,0.0,0.11
GOOGL,2026-09-15,2026-10-16,C,620.0,56,2,0.7128934960937501,0.12,0.02,0.12
GOOGL,2026-09-15,2026-10-16,C,630.0,156,2,0.73437765625,0.13,0.02,0.13
GOOGL,2026-09-15,2026-10-16,C,640.0,218,1,0.7460962890625,0.13,0.01,0.13
GOOGL,2026-09-15,2026-10-16,C,650.0,150,2,0.73437765625,0.08,0.01,0.08
GOOGL,2026-09-15,2026-10-16,C,660.0,86,5,0.75586181640625,0.03,0.0,0.1
GOOGL,2026-09-15,2026-10-16,C,670.0,274,7,0.860352958984375,0.03,0.0,0.31
GOOGL,2026-09-15,2026-10-16,C,680.0,124,1,1.1167036352539061,0.12,0.0,2.14
GOOGL,2026-09-15,2026-10-16,C,690.0,92,14,1.1362347875976564,0.06,0.0,2.14
GOOGL,2026-09-15,2026-10-16,C,700.0,42,25,1.1550335217285155,0.03,0.0,2.14
GOOGL,2026-09-15,2026-10-16,C,710.0,147,14,0.8164080859374999,0.07,0.01,0.07
GOOGL,2026-09-15,2026-10-16,C,720.0,103,9,0.8652357226562499,0.06,0.01,0.12
GOOGL,2026-09-15,2026-10-16,C,730.0,224,72,0.8730481445312499,0.02,0.0,0.12
GOOGL,2026-09-15,2026-10-16,C,740.0,78,15,1.2275429248046876,0.01,0.0,2.14
GOOGL,2026-09-15,2026-10-16,C,750.0,128,7,1.2441444042968748,0.01,0.0,2.13
GOOGL,2026-09-15,2026-10-16,C,760.0,110,27,1.2612341625976562,0.02,0.0,2.13
GOOGL,2026-09-15,2026-10-16,C,770.0,39,1,1.2778356420898436,0.11,0.0,2.13
GOOGL,2026-09-15,2026-10-16,C,780.0,125,104,1.294437121582031,0.11,0.0,2.13
GOOGL,2026-09-15,2026-10-16,C,790.0,77,16,0.8281267187499999,0.02,0.0,0.02
GOOGL,2026-09-15,2026-10-16,C,800.0,4960,5,0.9335944140625,0.03,0.0,0.08
GOOGL,2026-09-15,2026-10-16,P,150.0,1142,308,0.92187578125,0.01,0.0,0.03
GOOGL,2026-09-15,2026-10-16,P,155.0,110,48,1.4492215039062502,0.05,0.0,2.13
GOOGL,2026-09-15,2026-10-16,P,160.0,145,21,1.3974639501953123,0.11,0.0,2.13
GOOGL,2026-09-15,2026-10-16,P,165.0,114,4,1.05859845703125,0.03,0.0,0.4
GOOGL,2026-09-15,2026-10-16,P,170.0,354,2,1.298343352050781,0.03,0.0,2.13
GOOGL,2026-09-15,2026-10-16,P,175.0,886,46,0.789064609375,0.01,0.0,0.05
GOOGL,2026-09-15,2026-10-16,P,180.0,2755,3,0.8007832421875,0.03,0.0,0.09
GOOGL,2026-09-15,2026-10-16,P,185.0,379,5,0.7773459765625,0.03,0.0,0.1
GOOGL,2026-09-15,2026-10-16,P,190.0,180,12,0.9160164648437501,0.03,0.0,0.59
GOOGL,2026-09-15,2026-10-16,P,195.0,66,2,0.7460962890625,0.04,0.0,0.15
GOOGL,2026-09-15,2026-10-16,P,200.0,346,33,0.5937540625000001,0.03,0.0,0.02
GOOGL,2026-09-15,2026-10-16,P,205.0,150,34,0.9008798974609374,0.04,0.0,1.21
GOOGL,2026-09-15,2026-10-16,P,210.0,541,10,0.6621127539062501,0.04,0.0,0.16
GOOGL,2026-09-15,2026-10-16,P,215.0,1082,4,0.5898478515625001,0.08,0.0,0.08
GOOGL,2026-09-15,2026-10-16,P,220.0,3939,14,0.5546919531250001,0.04,0.01,0.06
GOOGL,2026-09-15,2026-10-16,P,225.0,510,4,0.5371140039062501,0.04,0.01,0.07
GOOGL,2026-09-15,2026-10-16,P,230.0,518,2,0.5908244042968751,0.05,0.01,0.28
GOOGL,2026-09-15,2026-10-16,P,235.0,521,3,0.5576216113281252,0.05,0.01,0.26
GOOGL,2026-09-15,2026-10-16,P,240.0,1882,4,0.5927775097656252,0.06,0.01,0.61
GOOGL,2026-09-15,2026-10-16,P,245.0,1227,10,0.51758294921875,0.08,0.03,0.17
GOOGL,2026-09-15,2026-10-16,P,250.0,3449,449,0.46973186523437505,0.1,0.08,0.12
GOOGL,2026-09-15,2026-10-16,P,255.0,748,205,0.48389187988281257,0.1,0.1,0.23
GOOGL,2026-09-15,2026-10-16,P,260.0,899,17,0.48828636718750007,0.14,0.1,0.36
GOOGL,2026-09-15,2026-10-16,P,265.0,2212,11,0.42090422851562503,0.17,0.15,0.2
GOOGL,2026-09-15,2026-10-16,P,270.0,3283,101,0.48608912353515626,0.28,0.16,0.71
GOOGL,2026-09-15,2026-10-16,P,275.0,3880,46,0.476567734375,0.25,0.1,0.89
GOOGL,2026-09-15,2026-10-16,P,280.0,2650,28,0.3930724755859375,0.29,0.2,0.46
GOOGL,2026-09-15,2026-10-16,P,285.0,4042,181,0.41785250122070305,0.39,0.2,0.92
GOOGL,2026-09-15,2026-10-16,P,290.0,5409,63,0.3557193334960937,0.49,0.44,0.61
GOOGL,2026-09-15,2026-10-16,P,295.0,3431,107,0.33350275878906255,0.63,0.57,0.67
GOOGL,2026-09-15,2026-10-16,P,300.0,7231,563,0.32813171874999997,0.92,0.8,0.94
GOOGL,2026-09-15,2026-10-16,P,305.0,2632,61,0.31873239868164055,1.2,1.06,1.24
GOOGL,2026-09-15,2026-10-16,P,310.0,5943,300,0.3110420458984374,1.56,1.46,1.66
GOOGL,2026-09-15,2026-10-16,P,315.0,4856,173,0.30274134765625,2.19,2.05,2.19
GOOGL,2026-09-15,2026-10-16,P,320.0,7454,393,0.30133755310058596,2.86,2.81,3.05
GOOGL,2026-09-15,2026-10-16,P,325.0,5759,258,0.2933420275878905,3.8,3.8,3.95
GOOGL,2026-09-15,2026-10-16,P,330.0,8704,383,0.2921213366699218,5.08,4.85,5.3
GOOGL,2026-09-15,2026-10-16,P,335.0,2767,284,0.2880930566406249,6.61,6.5,6.85
GOOGL,2026-09-15,2026-10-16,P,340.0,7659,1644,0.2836985693359374,8.55,8.45,8.7
GOOGL,2026-09-15,2026-10-16,P,345.0,5809,455,0.2858958129882812,10.96,10.65,11.15
GOOGL,2026-09-15,2026-10-16,P,350.0,4664,644,0.28443098388671867,13.56,13.25,13.8
GOOGL,2026-09-15,2026-10-16,P,355.0,2691,44,0.2858347784423828,16.85,16.1,16.9
GOOGL,2026-09-15,2026-10-16,P,360.0,1583,125,0.2758861474609374,19.95,19.3,19.9
GOOGL,2026-09-15,2026-10-16,P,365.0,1011,10,0.28552960571289054,23.45,22.6,23.9
GOOGL,2026-09-15,2026-10-16,P,370.0,810,12,0.3225165405273437,27.0,25.7,28.95
GOOGL,2026-09-15,2026-10-16,P,375.0,426,1,0.2936472003173828,32.8,30.65,32.15
GOOGL,2026-09-15,2026-10-16,P,380.0,2027,3,0.2782054602050781,36.14,34.3,36.1
GOOGL,2026-09-15,2026-10-16,P,385.0,298,1,0.340826904296875,42.51,39.35,41.9
GOOGL,2026-09-15,2026-10-16,P,390.0,311,4,0.3493717407226562,44.98,43.8,46.5
GOOGL,2026-09-15,2026-10-16,P,395.0,725,15,0.3619448571777344,51.25,48.4,51.25
GOOGL,2026-09-15,2026-10-16,P,400.0,2895,85,0.36023588989257804,55.18,53.1,55.8
GOOGL,2026-09-15,2026-10-16,P,405.0,78,14,0.3947814428710938,66.74,58.05,61.0
GOOGL,2026-09-15,2026-10-16,P,410.0,115,4,0.4107724938964844,71.64,62.7,65.9
GOOGL,2026-09-15,2026-10-16,P,415.0,6,23,0.4322566540527344,81.42,67.65,70.9
GOOGL,2026-09-15,2026-10-16,P,420.0,2,88,0.45313046875,86.55,72.75,75.9
GOOGL,2026-09-15,2026-10-16,P,425.0,0,19,0.47363807617187503,78.51,77.8,80.9
GOOGL,2026-09-15,2026-10-16,P,430.0,0,104,0.4936574072265626,81.6,82.65,85.9
GOOGL,2026-09-15,2026-10-16,P,435.0,0,63,1.0000000000000003e-05,116.95,84.85,88.8
GOOGL,2026-09-15,2026-10-16,P,440.0,0,18,0.5324753784179688,96.56,92.75,95.9
GOOGL,2026-09-15,2026-10-16,P,445.0,0,19,0.5512740185546876,101.05,97.7,100.9
GOOGL,2026-09-15,2026-10-16,P,450.0,0,18,0.5697064514160157,106.33,102.8,105.9
GOOGL,2026-09-15,2026-10-16,P,460.0,0,20,1.0000000000000003e-05,89.8,109.6,113.6
GOOGL,2026-09-15,2026-10-16,P,470.0,0,25,1.0000000000000003e-05,128.18,119.9,123.6
GOOGL,2026-09-15,2026-10-16,P,600.0,0,0,1.0000000000000003e-05,237.7,0.0,0.0
GOOGL,2026-09-15,2026-10-23,C,195.0,1,0,0.9794923925781251,137.37,149.85,153.75
GOOGL,2026-09-15,2026-10-23,C,220.0,6,0,0.8110370458984374,110.73,125.0,128.8
GOOGL,2026-09-15,2026-10-23,C,250.0,5,0,0.6438023901367188,81.57,95.25,99.2
GOOGL,2026-09-15,2026-10-23,C,275.0,2,0,0.5200243310546875,68.83,70.9,74.55
GOOGL,2026-09-15,2026-10-23,C,285.0,1,0,0.5255174401855469,60.98,61.15,64.05
GOOGL,2026-09-15,2026-10-23,C,290.0,2,1,0.500005,43.05,56.6,59.25
GOOGL,2026-09-15,2026-10-23,C,295.0,7,5,0.4756522161865234,54.96,52.0,54.5
GOOGL,2026-09-15,2026-10-23,C,300.0,44,2,0.4522149505615235,51.0,47.45,49.8
GOOGL,2026-09-15,2026-10-23,C,305.0,3,1,0.43457596679687505,42.54,42.95,45.3
GOOGL,2026-09-15,2026-10-23,C,310.0,10,1,0.4112607702636719,38.11,37.95,40.7
GOOGL,2026-09-15,2026-10-23,C,315.0,8,1,0.4000304138183594,37.04,34.45,36.55
GOOGL,2026-09-15,2026-10-23,C,320.0,241,42,0.3864807446289062,32.5,29.85,32.45
GOOGL,2026-09-15,2026-10-23,C,325.0,13,0,0.37982797912597654,25.55,25.7,28.75
GOOGL,2026-09-15,2026-10-23,C,330.0,296,138,0.35965606170654296,23.4,21.9,24.7
GOOGL,2026-09-15,2026-10-23,C,335.0,54,5,0.36310451354980466,20.12,18.5,21.8
GOOGL,2026-09-15,2026-10-23,C,340.0,273,199,0.34335983795166014,17.28,15.45,18.15
GOOGL,2026-09-15,2026-10-23,C,345.0,2417,59,0.32434757690429683,14.4,13.3,14.75
GOOGL,2026-09-15,2026-10-23,C,350.0,250,104,0.3208686077880859,11.9,11.5,12.3
GOOGL,2026-09-15,2026-10-23,C,355.0,234,3,0.3466251861572265,9.78,9.45,11.4
GOOGL,2026-09-15,2026-10-23,C,360.0,453,7,0.32541568145751953,8.05,7.0,8.7
GOOGL,2026-09-15,2026-10-23,C,365.0,234,10,0.3200141241455078,6.6,6.35,6.95
GOOGL,2026-09-15,2026-10-23,C,370.0,265,69,0.31995308959960933,5.3,5.05,5.65
GOOGL,2026-09-15,2026-10-23,C,375.0,370,3,0.33728690063476563,4.35,3.3,5.15
GOOGL,2026-09-15,2026-10-23,C,380.0,402,34,0.3517520880126953,3.47,2.4,4.65
GOOGL,2026-09-15,2026-10-23,C,385.0,360,10,0.32605654418945307,2.78,1.67,3.05
GOOGL,2026-09-15,2026-10-23,C,390.0,394,11,0.3464420825195312,2.2,1.45,2.93
GOOGL,2026-09-15,2026-10-23,C,395.0,89,4,0.36914693359375,1.79,0.05,2.9
GOOGL,2026-09-15,2026-10-23,C,400.0,300,28,0.33289241333007813,1.4,1.21,1.6
GOOGL,2026-09-15,2026-10-23,C,405.0,34,1,0.34778484252929687,1.2,0.7,1.5
GOOGL,2026-09-15,2026-10-23,C,410.0,40,2,0.34717449707031245,1.03,0.1,1.17
GOOGL,2026-09-15,2026-10-23,C,415.0,19,1,0.36914693359375,0.81,0.01,1.22
GOOGL,2026-09-15,2026-10-23,C,420.0,349,11,0.39942006835937505,0.7,0.51,1.4
GOOGL,2026-09-15,2026-10-23,C,425.0,337,52,0.3676821044921875,0.57,0.01,0.75
GOOGL,2026-09-15,2026-10-23,C,435.0,1,0,0.5183153637695312,0.51,0.01,2.51
GOOGL,2026-09-15,2026-10-23,C,440.0,5,1,0.40210558837890625,0.34,0.01,0.62
GOOGL,2026-09-15,2026-10-23,C,445.0,7,1,0.5495650512695314,0.38,0.01,2.41
GOOGL,2026-09-15,2026-10-23,C,450.0,3,14,0.565556102294922,0.26,0.01,2.38
GOOGL,2026-09-15,2026-10-23,C,455.0,15,16,0.5043994873046875,0.3,0.07,2.35
GOOGL,2026-09-15,2026-10-23,C,460.0,1,0,0.5161181201171875,0.26,0.01,2.32
GOOGL,2026-09-15,2026-10-23,C,465.0,24,1,0.530400203857422,0.32,0.01,2.3
GOOGL,2026-09-15,2026-10-23,C,470.0,1,0,0.5444381494140625,0.21,0.01,2.28
GOOGL,2026-09-15,2026-10-23,C,475.0,6,6,0.5585981640625001,0.2,0.01,2.27
GOOGL,2026-09-15,2026-10-23,C,480.0,3,0,0.5726361096191408,0.21,0.01,2.26
GOOGL,2026-09-15,2026-10-23,C,485.0,3,0,0.5854533642578125,0.11,0.0,2.24
GOOGL,2026-09-15,2026-10-23,C,490.0,1,2,0.5993692407226563,0.1,0.0,2.24
GOOGL,2026-09-15,2026-10-23,C,495.0,1,4,0.6125527026367189,0.13,0.0,2.23
GOOGL,2026-09-15,2026-10-23,C,500.0,5,1,0.6254920263671876,0.11,0.0,2.22
GOOGL,2026-09-15,2026-10-23,C,505.0,1,3,0.48291532714843755,0.09,0.0,0.16
GOOGL,2026-09-15,2026-10-23,C,510.0,2,3,0.651492742919922,0.13,0.0,2.21
GOOGL,2026-09-15,2026-10-23,C,515.0,0,2,0.6638217211914064,0.08,0.0,2.2
GOOGL,2026-09-15,2026-10-23,C,520.0,3,2,0.676761044921875,0.12,0.0,2.2
GOOGL,2026-09-15,2026-10-23,C,525.0,12,2,0.6887238159179689,0.15,0.0,2.19
GOOGL,2026-09-15,2026-10-23,C,530.0,4,2,0.70117486328125,0.18,0.0,2.19
GOOGL,2026-09-15,2026-10-23,C,535.0,13,3,0.596683720703125,0.1,0.0,0.66
GOOGL,2026-09-15,2026-10-23,C,540.0,21,20,0.7248562670898437,0.04,0.0,2.18
GOOGL,2026-09-15,2026-10-23,C,545.0,24,10,0.7368190380859375,0.09,0.0,2.18
GOOGL,2026-09-15,2026-10-23,C,550.0,17,10,0.7485376708984376,0.17,0.0,2.18
GOOGL,2026-09-15,2026-10-23,P,100.0,15,0,2.216313052978515,0.07,0.0,2.13
GOOGL,2026-09-15,2026-10-23,P,105.0,5,0,2.13428200805664,0.07,0.0,2.13
GOOGL,2026-09-15,2026-10-23,P,110.0,5,0,2.0561572033691404,0.07,0.0,2.13
GOOGL,2026-09-15,2026-10-23,P,115.0,3,0,1.9816895446777343,0.07,0.0,2.13
GOOGL,2026-09-15,2026-10-23,P,120.0,47,0,1.4589870800781248,0.07,0.0,0.4
GOOGL,2026-09-15,2026-10-23,P,125.0,5,0,1.8427742236328122,0.07,0.0,2.13
GOOGL,2026-09-15,2026-10-23,P,130.0,49,0,1.3554719726562499,0.01,0.0,0.4
GOOGL,2026-09-15,2026-10-23,P,135.0,13,0,1.306155812988281,0.07,0.0,0.4
GOOGL,2026-09-15,2026-10-23,P,140.0,1,0,1.6550310217285156,0.13,0.0,2.13
GOOGL,2026-09-15,2026-10-23,P,145.0,1,0,1.597169982910156,0.13,0.0,2.13
GOOGL,2026-09-15,2026-10-23,P,150.0,1,0,1.5412620593261717,0.17,0.0,2.13
GOOGL,2026-09-15,2026-10-23,P,160.0,1,0,1.4348172790527345,0.01,0.0,2.13
GOOGL,2026-09-15,2026-10-23,P,170.0,5,0,1.334964262695312,0.1,0.0,2.13
GOOGL,2026-09-15,2026-10-23,P,175.0,6,0,1.2871129394531249,0.06,0.0,2.13
GOOGL,2026-09-15,2026-10-23,P,185.0,6,0,1.195560662841797,0.08,0.0,2.13
GOOGL,2026-09-15,2026-10-23,P,190.0,1,1,1.1513714306640623,0.06,0.0,2.13
GOOGL,2026-09-15,2026-10-23,P,195.0,5,3,0.9704592797851561,0.07,0.0,2.14
GOOGL,2026-09-15,2026-10-23,P,200.0,22,2,0.9326178613281251,0.38,0.0,2.14
GOOGL,2026-09-15,2026-10-23,P,205.0,32,136,0.8959971337890623,0.06,0.0,2.14
GOOGL,2026-09-15,2026-10-23,P,210.0,32,0,0.8608412353515625,0.07,0.0,2.15
GOOGL,2026-09-15,2026-10-23,P,215.0,35,51,0.8254411987304686,0.06,0.0,2.15
GOOGL,2026-09-15,2026-10-23,P,220.0,6,13,0.7917501293945313,0.07,0.0,2.16
GOOGL,2026-09-15,2026-10-23,P,225.0,12,8,0.7585473364257813,0.05,0.0,2.17
GOOGL,2026-09-15,2026-10-23,P,230.0,9,2,0.5097705273437501,0.06,0.0,0.1
GOOGL,2026-09-15,2026-10-23,P,235.0,12,184,0.5258836474609375,0.06,0.0,0.19
GOOGL,2026-09-15,2026-10-23,P,240.0,11,8,0.476567734375,0.07,0.0,0.13
GOOGL,2026-09-15,2026-10-23,P,245.0,7,1,0.5422409057617189,0.18,0.0,0.94
GOOGL,2026-09-15,2026-10-23,P,250.0,9,2,0.5546919531250001,0.15,0.01,0.73
GOOGL,2026-09-15,2026-10-23,P,260.0,3,3,0.4243221630859375,0.16,0.01,0.28
GOOGL,2026-09-15,2026-10-23,P,265.0,6,3,0.4172421557617187,0.14,0.02,0.37
GOOGL,2026-09-15,2026-10-23,P,270.0,31,3,0.48901878173828134,0.18,0.01,1.21
GOOGL,2026-09-15,2026-10-23,P,275.0,17,1,0.44006907592773437,0.35,0.03,0.99
GOOGL,2026-09-15,2026-10-23,P,280.0,35,3,0.4836477416992188,0.51,0.01,1.98
GOOGL,2026-09-15,2026-10-23,P,285.0,65,40,0.3549869189453124,0.6,0.52,0.68
GOOGL,2026-09-15,2026-10-23,P,290.0,95,11,0.37280900634765624,0.72,0.53,1.22
GOOGL,2026-09-15,2026-10-23,P,295.0,3123,9,0.3460758752441406,1.0,0.76,1.25
GOOGL,2026-09-15,2026-10-23,P,300.0,2860,42,0.33179379150390625,1.32,1.12,1.49
GOOGL,2026-09-15,2026-10-23,P,305.0,592,26,0.32044136596679684,1.81,1.32,1.84
GOOGL,2026-09-15,2026-10-23,P,310.0,2949,38,0.3309393078613281,2.2,2.15,2.8
GOOGL,2026-09-15,2026-10-23,P,315.0,1000,39,0.3157417059326171,3.06,2.41,3.3
GOOGL,2026-09-15,2026-10-23,P,320.0,285,46,0.3004220349121094,3.69,2.95,3.9
GOOGL,2026-09-15,2026-10-23,P,325.0,296,30,0.3029244512939453,5.0,4.35,5.25
GOOGL,2026-09-15,2026-10-23,P,330.0,327,19,0.31482618774414056,5.95,5.85,7.25
GOOGL,2026-09-15,2026-10-23,P,335.0,288,5,0.3303594796752929,8.05,5.95,9.75
GOOGL,2026-09-15,2026-10-23,P,340.0,205,1,0.2944711666870117,9.0,9.3,10.35
GOOGL,2026-09-15,2026-10-23,P,345.0,144,7,0.302314105834961,11.81,11.0,13.1
GOOGL,2026-09-15,2026-10-23,P,350.0,247,9,0.31690136230468746,14.58,13.8,16.45
GOOGL,2026-09-15,2026-10-23,P,355.0,7,6,0.3150703259277343,15.97,16.0,19.35
GOOGL,2026-09-15,2026-10-23,P,360.0,43,1,0.31409377319335935,19.82,19.4,22.55
GOOGL,2026-09-15,2026-10-23,P,365.0,17,1,0.31427687683105465,23.67,22.7,26.05
GOOGL,2026-09-15,2026-10-23,P,370.0,25,1,0.3042061767578125,27.31,26.75,29.4
GOOGL,2026-09-15,2026-10-23,P,375.0,14,1,0.31763377685546873,34.05,30.45,33.8
GOOGL,2026-09-15,2026-10-23,P,380.0,14,3,0.3227606787109374,37.41,34.65,38.05
GOOGL,2026-09-15,2026-10-23,P,385.0,0,1,0.32691102783203124,42.09,39.5,42.4
GOOGL,2026-09-15,2026-10-23,P,390.0,5,0,0.332587240600586,61.25,44.0,46.9
GOOGL,2026-09-15,2026-10-23,P,410.0,2,0,0.3746400427246094,72.31,62.85,65.95
GOOGL,2026-09-15,2026-10-30,C,220.0,1,1,0.7778342529296876,125.85,125.55,128.85
GOOGL,2026-09-15,2026-10-30,C,260.0,1,0,0.5628705822753908,71.78,86.1,89.2
GOOGL,2026-09-15,2026-10-30,C,275.0,1,0,0.5722699023437501,66.5,71.55,74.6
GOOGL,2026-09-15,2026-10-30,C,280.0,51,0,0.5348557257080078,63.75,66.8,69.5
GOOGL,2026-09-15,2026-10-30,C,300.0,4,1,0.471135659790039,50.0,49.15,51.45
GOOGL,2026-09-15,2026-10-30,C,305.0,1,0,0.4570977142333985,34.25,44.15,47.15
GOOGL,2026-09-15,2026-10-30,C,310.0,3,1,0.4448602877807617,39.98,39.85,43.0
GOOGL,2026-09-15,2026-10-30,C,315.0,2,1,0.4337825177001954,38.2,35.85,39.0
GOOGL,2026-09-15,2026-10-30,C,320.0,7,1,0.42212491943359376,34.3,32.0,35.1
GOOGL,2026-09-15,2026-10-30,C,325.0,38,6,0.40381455566406255,30.5,28.35,31.05
GOOGL,2026-09-15,2026-10-30,C,330.0,44,3,0.4129087030029296,27.12,25.4,28.35
GOOGL,2026-09-15,2026-10-30,C,335.0,291,6,0.40726300750732425,23.09,22.75,25.2
GOOGL,2026-09-15,2026-10-30,C,340.0,79,30,0.3934081655883789,20.41,19.65,21.85
GOOGL,2026-09-15,2026-10-30,C,345.0,144,28,0.3746705599975586,18.05,16.9,18.45
GOOGL,2026-09-15,2026-10-30,C,350.0,264,32,0.3734193518066406,15.0,14.1,16.1
GOOGL,2026-09-15,2026-10-30,C,355.0,60,25,0.3729005581665039,13.55,12.6,14.0
GOOGL,2026-09-15,2026-10-30,C,360.0,147,10,0.36902486450195315,11.35,10.6,11.95
GOOGL,2026-09-15,2026-10-30,C,365.0,438,212,0.3858093646240234,9.35,8.9,11.05
GOOGL,2026-09-15,2026-10-30,C,370.0,609,31,0.37116107360839845,8.55,7.6,8.9
GOOGL,2026-09-15,2026-10-30,C,375.0,139,26,0.37140521179199215,7.05,6.5,7.6
GOOGL,2026-09-15,2026-10-30,C,380.0,275,22,0.37518935363769534,5.95,4.1,6.6
GOOGL,2026-09-15,2026-10-30,C,385.0,187,11,0.3699403826904296,5.26,4.4,5.4
GOOGL,2026-09-15,2026-10-30,C,390.0,51,9,0.3807434973144531,4.19,3.8,4.9
GOOGL,2026-09-15,2026-10-30,C,395.0,19,4,0.37665418273925777,3.15,1.97,4.0
GOOGL,2026-09-15,2026-10-30,C,400.0,100,18,0.37506728454589844,3.0,2.49,3.3
GOOGL,2026-09-15,2026-10-30,C,410.0,117,8,0.38056039367675776,2.0,1.56,2.4
GOOGL,2026-09-15,2026-10-30,C,420.0,8,6,0.3931945446777344,1.49,0.19,1.88
GOOGL,2026-09-15,2026-10-30,C,425.0,13,8,0.4242000939941406,1.24,0.01,2.15
GOOGL,2026-09-15,2026-10-30,C,430.0,47,2,0.39819937744140627,0.87,0.75,1.37
GOOGL,2026-09-15,2026-10-30,C,435.0,48,11,0.42236905761718746,0.91,0.0,1.5
GOOGL,2026-09-15,2026-10-30,C,450.0,140,0,0.41699801757812494,0.75,0.0,0.82
GOOGL,2026-09-15,2026-10-30,C,455.0,8,1,0.4467828759765625,0.66,0.0,1.0
GOOGL,2026-09-15,2026-10-30,P,210.0,2,0,0.911133701171875,0.1,0.0,2.19
GOOGL,2026-09-15,2026-10-30,P,215.0,11,0,0.7617211328125001,0.11,0.0,2.2
GOOGL,2026-09-15,2026-10-30,P,220.0,2,0,0.7304714453125,0.15,0.0,2.21
GOOGL,2026-09-15,2026-10-30,P,225.0,11,10,0.7004424487304688,0.24,0.0,2.23
GOOGL,2026-09-15,2026-10-30,P,230.0,1,0,0.6709017285156251,0.2,0.0,2.25
GOOGL,2026-09-15,2026-10-30,P,235.0,1,0,0.6424596301269532,0.35,0.0,2.28
GOOGL,2026-09-15,2026-10-30,P,240.0,1,0,0.614261669921875,0.29,0.0,2.31
GOOGL,2026-09-15,2026-10-30,P,255.0,15,0,0.534184345703125,0.45,0.0,2.45
GOOGL,2026-09-15,2026-10-30,P,265.0,1,0,0.5723309368896485,0.59,0.0,2.63
GOOGL,2026-09-15,2026-10-30,P,270.0,3,1,0.5474898767089844,0.58,0.0,2.75
GOOGL,2026-09-15,2026-10-30,P,275.0,14,11,0.5238695074462891,1.0,0.0,2.9
GOOGL,2026-09-15,2026-10-30,P,280.0,10,5,0.39942006835937505,0.82,0.01,1.27
GOOGL,2026-09-15,2026-10-30,P,285.0,14,5,0.3811097045898437,1.07,0.13,1.4
GOOGL,2026-09-15,2026-10-30,P,290.0,17,5,0.3978331701660156,1.57,1.15,2.2
GOOGL,2026-09-15,2026-10-30,P,295.0,117,3,0.37879039184570307,2.07,1.13,2.42
GOOGL,2026-09-15,2026-10-30,P,300.0,93,12,0.3712221081542969,2.52,1.33,2.95
GOOGL,2026-09-15,2026-10-30,P,305.0,77,4,0.360785200805664,3.1,2.62,3.5
GOOGL,2026-09-15,2026-10-30,P,310.0,214,3,0.3709779699707031,3.85,3.3,4.8
GOOGL,2026-09-15,2026-10-30,P,315.0,169,22,0.34979898254394526,5.25,4.0,5.25
GOOGL,2026-09-15,2026-10-30,P,320.0,112,45,0.34924967163085935,6.2,5.3,6.55
GOOGL,2026-09-15,2026-10-30,P,325.0,67,10,0.35321691711425773,7.51,5.65,8.25
GOOGL,2026-09-15,2026-10-30,P,330.0,131,21,0.3742128009033203,9.46,8.45,10.95
GOOGL,2026-09-15,2026-10-30,P,335.0,126,13,0.34290207885742185,11.25,9.4,11.55
GOOGL,2026-09-15,2026-10-30,P,340.0,96,27,0.365515378112793,12.9,11.95,14.85
GOOGL,2026-09-15,2026-10-30,P,345.0,70,2,0.36273830627441406,15.27,14.35,17.2
GOOGL,2026-09-15,2026-10-30,P,350.0,23,5,0.332587240600586,17.99,16.4,18.45
GOOGL,2026-09-15,2026-10-30,P,355.0,8,4,0.35776399078369137,19.7,19.75,22.6
GOOGL,2026-09-15,2026-10-30,P,360.0,9,1,0.3556888162231445,23.79,22.45,25.65
GOOGL,2026-09-15,2026-10-30,P,370.0,4,4,0.3532779516601562,30.23,29.1,32.45
GOOGL,2026-09-15,2026-10-30,P,375.0,2,1,0.3524845025634765,33.23,33.65,36.15
GOOGL,2026-09-15,2026-10-30,P,380.0,1,0,0.35242346801757807,51.19,36.85,40.05
GOOGL,2026-09-15,2026-11-20,C,85.0,53,11,1.6508806518554686,261.75,259.75,263.55
GOOGL,2026-09-15,2026-11-20,C,95.0,1,0,1.9597169982910154,278.1,252.7,256.05
GOOGL,2026-09-15,2026-11-20,C,100.0,5,2,1.4545925708007812,246.07,244.6,248.6
GOOGL,2026-09-15,2026-11-20,C,105.0,2,1,1.400393623046875,240.93,239.55,243.65
GOOGL,2026-09-15,2026-11-20,C,120.0,2,1,1.2880894970703123,225.0,224.8,228.75
GOOGL,2026-09-15,2026-11-20,C,130.0,0,6,1.0000000000000003e-05,161.2,0.0,0.0
GOOGL,2026-09-15,2026-11-20,C,140.0,17,0,1.0000000000000003e-05,197.35,169.1,173.15
GOOGL,2026-09-15,2026-11-20,C,145.0,3,1,1.094242810058594,200.7,199.85,203.95
GOOGL,2026-09-15,2026-11-20,C,150.0,13,2,1.0771530517578127,192.64,195.1,199.0
GOOGL,2026-09-15,2026-11-20,C,155.0,6,1,1.0354052136230472,186.42,190.15,193.9
GOOGL,2026-09-15,2026-11-20,C,160.0,9,1,1.0271044738769533,187.23,185.25,189.25
GOOGL,2026-09-15,2026-11-20,C,165.0,0,1,1.0000000000000003e-05,199.29,0.0,0.0
GOOGL,2026-09-15,2026-11-20,C,170.0,6,1,2.3001141130065914,229.78,204.0,207.95
GOOGL,2026-09-15,2026-11-20,C,175.0,6,1,0.9149178430175782,173.2,170.7,173.7
GOOGL,2026-09-15,2026-11-20,C,180.0,14,2,0.9001474829101561,163.15,165.5,169.25
GOOGL,2026-09-15,2026-11-20,C,185.0,15,2,1.0000000000000003e-05,166.05,134.2,138.05
GOOGL,2026-09-15,2026-11-20,C,190.0,883,1,0.8396012133789061,159.03,155.65,159.2
GOOGL,2026-09-15,2026-11-20,C,195.0,11,1,0.805666005859375,135.95,150.5,154.3
GOOGL,2026-09-15,2026-11-20,C,200.0,47,3,0.7882101257324219,146.1,145.8,149.3
GOOGL,2026-09-15,2026-11-20,C,205.0,22,2,0.7556176782226562,127.68,141.0,144.05
GOOGL,2026-09-15,2026-11-20,C,210.0,32,17,0.7299831689453125,135.12,136.05,139.1
GOOGL,2026-09-15,2026-11-20,C,215.0,44,1,0.7141141870117188,134.52,131.1,134.4
GOOGL,2026-09-15,2026-11-20,C,220.0,195,1,0.6759065612792969,127.67,126.05,129.2
GOOGL,2026-09-15,2026-11-20,C,225.0,194,230,0.6564975756835938,121.08,121.25,124.25
GOOGL,2026-09-15,2026-11-20,C,230.0,399,1,0.6352575537109376,121.47,116.35,119.35
GOOGL,2026-09-15,2026-11-20,C,235.0,373,1,0.6123085644531252,96.67,111.3,114.55
GOOGL,2026-09-15,2026-11-20,C,240.0,296,3,0.5864299169921875,93.43,106.35,109.55
GOOGL,2026-09-15,2026-11-20,C,245.0,160,1,0.5777630114746093,104.42,101.7,104.85
GOOGL,2026-09-15,2026-11-20,C,250.0,380,2,0.5570112658691408,97.2,96.8,100.0
GOOGL,2026-09-15,2026-11-20,C,255.0,271,1,0.5312546875,78.8,92.0,94.85
GOOGL,2026-09-15,2026-11-20,C,260.0,246,1,0.5139208764648437,88.52,87.2,90.05
GOOGL,2026-09-15,2026-11-20,C,265.0,113,1,0.5547529876708985,80.8,82.4,85.3
GOOGL,2026-09-15,2026-11-20,C,270.0,728,2,0.5365036584472658,80.39,77.7,80.6
GOOGL,2026-09-15,2026-11-20,C,275.0,71,1,0.5225877819824218,76.2,73.0,76.05
GOOGL,2026-09-15,2026-11-20,C,280.0,517,2,0.5027515545654297,69.75,68.4,71.35
GOOGL,2026-09-15,2026-11-20,C,285.0,172,6,0.4867605035400391,63.26,64.65,66.8
GOOGL,2026-09-15,2026-11-20,C,290.0,421,1,0.459966337890625,60.41,59.8,61.9
GOOGL,2026-09-15,2026-11-20,C,295.0,190,1,0.46191944335937507,51.55,55.05,58.1
GOOGL,2026-09-15,2026-11-20,C,300.0,1096,5,0.44836977416992185,53.24,52.05,53.8
GOOGL,2026-09-15,2026-11-20,C,305.0,339,19,0.4389399368286133,51.1,48.0,49.75
GOOGL,2026-09-15,2026-11-20,C,310.0,547,4,0.42957113403320313,43.14,42.7,45.8
GOOGL,2026-09-15,2026-11-20,C,315.0,371,1,0.4221859539794922,39.94,38.9,42.05
GOOGL,2026-09-15,2026-11-20,C,320.0,799,71,0.41431249755859373,37.1,35.25,38.4
GOOGL,2026-09-15,2026-11-20,C,325.0,1831,6,0.40680524841308596,32.0,31.8,34.9
GOOGL,2026-09-15,2026-11-20,C,330.0,2565,45,0.3876404010009765,30.5,30.05,30.9
GOOGL,2026-09-15,2026-11-20,C,335.0,1841,60,0.39038695556640624,27.35,27.05,28.25
GOOGL,2026-09-15,2026-11-20,C,340.0,2653,31,0.3777528045654296,24.55,24.2,24.9
GOOGL,2026-09-15,2026-11-20,C,345.0,4894,67,0.3761048718261719,22.0,21.55,22.35
GOOGL,2026-09-15,2026-11-20,C,350.0,4925,284,0.3671633108520508,19.1,19.2,19.55
GOOGL,2026-09-15,2026-11-20,C,355.0,1487,54,0.3696962445068359,16.55,16.7,17.6
GOOGL,2026-09-15,2026-11-20,C,360.0,8294,105,0.3657900335693359,15.14,14.95,15.45
GOOGL,2026-09-15,2026-11-20,C,365.0,2229,56,0.36496606719970703,13.0,13.15,13.65
GOOGL,2026-09-15,2026-11-20,C,370.0,34552,462,0.3602969244384765,11.78,11.45,11.8
GOOGL,2026-09-15,2026-11-20,C,375.0,2459,18,0.3618227880859375,10.3,10.05,10.45
GOOGL,2026-09-15,2026-11-20,C,380.0,2381,129,0.3616396844482421,9.1,8.8,9.15
GOOGL,2026-09-15,2026-11-20,C,385.0,1439,3,0.3648745153808594,7.9,7.65,8.15
GOOGL,2026-09-15,2026-11-20,C,390.0,1886,51,0.3657289990234375,6.5,6.65,7.15
GOOGL,2026-09-15,2026-11-20,C,395.0,2015,54,0.3675295181274414,5.7,5.75,6.3
GOOGL,2026-09-15,2026-11-20,C,400.0,4812,1068,0.3632876171875,5.12,5.1,5.3
GOOGL,2026-09-15,2026-11-20,C,405.0,976,24,0.3651796881103516,4.5,4.4,4.65
GOOGL,2026-09-15,2026-11-20,C,410.0,3095,17,0.36484399810791024,3.8,3.2,4.0
GOOGL,2026-09-15,2026-11-20,C,415.0,1067,69,0.3773255627441406,3.35,2.95,3.85
GOOGL,2026-09-15,2026-11-20,C,420.0,3738,36,0.37970591003417964,3.0,3.0,3.4
GOOGL,2026-09-15,2026-11-20,C,425.0,611,6,0.38019418640136715,2.49,2.0,2.95
GOOGL,2026-09-15,2026-11-20,C,430.0,1494,3,0.37854625366210937,2.11,1.81,2.5
GOOGL,2026-09-15,2026-11-20,C,435.0,1328,31,0.3885559191894531,1.9,1.34,2.39
GOOGL,2026-09-15,2026-11-20,C,440.0,28237,13,0.38220832641601554,1.79,1.44,1.92
GOOGL,2026-09-15,2026-11-20,C,445.0,762,88,0.3922179919433594,1.48,1.16,1.85
GOOGL,2026-09-15,2026-11-20,C,450.0,3977,57,0.3845276391601562,1.26,1.05,1.45
GOOGL,2026-09-15,2026-11-20,C,455.0,304,6,0.4023497265625,1.1,0.58,1.55
GOOGL,2026-09-15,2026-11-20,C,460.0,2554,12,0.3969786865234375,0.95,0.46,1.25
GOOGL,2026-09-15,2026-11-20,C,470.0,3217,16,0.40796490478515623,0.8,0.24,1.07
GOOGL,2026-09-15,2026-11-20,C,480.0,3532,13,0.4334773449707031,0.78,0.08,1.12
GOOGL,2026-09-15,2026-11-20,C,490.0,5125,2,0.42896078857421877,0.54,0.04,0.8
GOOGL,2026-09-15,2026-11-20,C,500.0,2493,10,0.471684970703125,0.41,0.2,1.07
GOOGL,2026-09-15,2026-11-20,C,510.0,2455,1,0.4858449853515625,0.37,0.01,1.0
GOOGL,2026-09-15,2026-11-20,C,520.0,2966,3,0.4655815161132813,0.3,0.01,0.6
GOOGL,2026-09-15,2026-11-20,C,530.0,3556,4,0.43897045410156255,0.24,0.01,0.3
GOOGL,2026-09-15,2026-11-20,C,540.0,4813,2,0.4804739453125,0.19,0.01,0.45
GOOGL,2026-09-15,2026-11-20,C,550.0,166,5,0.4624077197265626,0.19,0.01,0.26
GOOGL,2026-09-15,2026-11-20,C,560.0,287,2,0.47510290527343746,0.13,0.01,0.25
GOOGL,2026-09-15,2026-11-20,C,570.0,124,1,0.5073291455078125,0.2,0.01,0.65
GOOGL,2026-09-15,2026-11-20,C,580.0,73,2,0.5258836474609375,0.15,0.01,0.35
GOOGL,2026-09-15,2026-11-20,C,590.0,62,1,0.5344284838867188,0.19,0.01,0.63
GOOGL,2026-09-15,2026-11-20,C,600.0,1179,2,0.524418818359375,0.1,0.01,0.22
GOOGL,2026-09-15,2026-11-20,C,610.0,174,2,0.5009815527343751,0.11,0.01,0.22
GOOGL,2026-09-15,2026-11-20,C,620.0,64,7,0.5278367529296876,0.07,0.01,0.15
GOOGL,2026-09-15,2026-11-20,C,630.0,25,2,0.5844768115234374,0.16,0.01,0.59
GOOGL,2026-09-15,2026-11-20,C,640.0,81,6,0.532231240234375,0.1,0.01,0.2
GOOGL,2026-09-15,2026-11-20,C,650.0,21,1,0.5390671093750001,0.18,0.01,0.18
GOOGL,2026-09-15,2026-11-20,C,660.0,83,3,0.65820654296875,0.11,0.01,0.93
GOOGL,2026-09-15,2026-11-20,C,670.0,106,3,0.5371140039062501,0.11,0.01,0.11
GOOGL,2026-09-15,2026-11-20,C,680.0,28,1,0.5722699023437501,0.18,0.01,0.18
GOOGL,2026-09-15,2026-11-20,C,690.0,69,1,0.5625043750000001,0.12,0.01,0.12
GOOGL,2026-09-15,2026-11-20,C,700.0,37,4,0.6728548339843752,0.06,0.0,0.62
GOOGL,2026-09-15,2026-11-20,C,710.0,33,6,0.6953155468750001,0.04,0.0,0.71
GOOGL,2026-09-15,2026-11-20,C,720.0,27,1,0.7280300634765625,0.1,0.0,0.91
GOOGL,2026-09-15,2026-11-20,C,730.0,44,4,0.7697776928710938,0.08,0.0,1.25
GOOGL,2026-09-15,2026-11-20,C,740.0,39,7,0.8400894897460938,0.09,0.0,2.12
GOOGL,2026-09-15,2026-11-20,C,750.0,266,9,0.770510107421875,0.09,0.0,1.0
GOOGL,2026-09-15,2026-11-20,C,760.0,33,1,0.8374039697265624,0.12,0.0,1.7
GOOGL,2026-09-15,2026-11-20,C,770.0,49,2,0.8757336645507812,0.12,0.0,2.13
GOOGL,2026-09-15,2026-11-20,C,780.0,46,13,0.850587431640625,0.03,0.0,1.57
GOOGL,2026-09-15,2026-11-20,C,790.0,199,8,0.86132951171875,0.06,0.0,1.57
GOOGL,2026-09-15,2026-11-20,C,800.0,8181,2,0.6250037500000001,0.03,0.02,0.04
GOOGL,2026-09-15,2026-11-20,P,85.0,26,6,1.5048852880859376,0.02,0.0,1.05
GOOGL,2026-09-15,2026-11-20,P,90.0,61,3,0.992187578125,0.02,0.0,0.03
GOOGL,2026-09-15,2026-11-20,P,95.0,110,2,0.9531254687499999,0.04,0.0,0.03
GOOGL,2026-09-15,2026-11-20,P,100.0,166,10,0.92187578125,0.01,0.0,0.03
GOOGL,2026-09-15,2026-11-20,P,105.0,72,13,1.0078174609375,0.02,0.0,0.13
GOOGL,2026-09-15,2026-11-20,P,110.0,126,3,0.87500125,0.01,0.0,0.04
GOOGL,2026-09-15,2026-11-20,P,115.0,97,2,1.3286166381835933,0.01,0.0,2.13
GOOGL,2026-09-15,2026-11-20,P,120.0,88,1,0.8242205078124999,0.03,0.0,0.05
GOOGL,2026-09-15,2026-11-20,P,125.0,106,1,0.7929708203125,0.13,0.0,0.05
GOOGL,2026-09-15,2026-11-20,P,130.0,245,1,0.7656273437500001,0.03,0.0,0.05
GOOGL,2026-09-15,2026-11-20,P,135.0,113,34,1.1267133508300784,0.07,0.0,1.9
GOOGL,2026-09-15,2026-11-20,P,140.0,111,8,0.7187528125,0.03,0.0,0.06
GOOGL,2026-09-15,2026-11-20,P,145.0,121,1,0.70312796875,0.04,0.01,0.06
GOOGL,2026-09-15,2026-11-20,P,150.0,247,1,0.9731447998046875,0.13,0.0,1.5
GOOGL,2026-09-15,2026-11-20,P,155.0,84,1,0.9941406835937501,0.13,0.0,2.14
GOOGL,2026-09-15,2026-11-20,P,160.0,76,1,0.9592289233398437,0.05,0.0,2.15
GOOGL,2026-09-15,2026-11-20,P,165.0,67,22,0.6445348046875,0.04,0.01,0.13
GOOGL,2026-09-15,2026-11-20,P,170.0,73,10,0.632816171875,0.21,0.0,0.17
GOOGL,2026-09-15,2026-11-20,P,175.0,443,7,0.70898728515625,0.05,0.0,0.61
GOOGL,2026-09-15,2026-11-20,P,180.0,69,12,0.6894562304687502,0.06,0.01,0.65
GOOGL,2026-09-15,2026-11-20,P,185.0,317,4,0.5556685058593751,0.02,0.01,0.14
GOOGL,2026-09-15,2026-11-20,P,190.0,124,2,0.53320779296875,0.09,0.01,0.14
GOOGL,2026-09-15,2026-11-20,P,195.0,146,2,0.6152382226562501,0.08,0.01,0.67
GOOGL,2026-09-15,2026-11-20,P,200.0,445,4,0.5927775097656252,0.14,0.01,0.69
GOOGL,2026-09-15,2026-11-20,P,205.0,255,2,0.5205126074218749,0.1,0.01,0.18
GOOGL,2026-09-15,2026-11-20,P,210.0,3237,3,0.5336960693359375,0.1,0.05,0.55
GOOGL,2026-09-15,2026-11-20,P,215.0,347,2,0.4985401708984375,0.19,0.08,0.25
GOOGL,2026-09-15,2026-11-20,P,220.0,1231,2,0.4887746435546876,0.2,0.09,0.3
GOOGL,2026-09-15,2026-11-20,P,225.0,184,3,0.5107470800781251,0.2,0.1,0.99
GOOGL,2026-09-15,2026-11-20,P,230.0,931,2,0.5183153637695312,0.25,0.17,0.78
GOOGL,2026-09-15,2026-11-20,P,235.0,250,8,0.5155077746582031,0.3,0.15,0.98
GOOGL,2026-09-15,2026-11-20,P,240.0,1123,7,0.48279325805664064,0.36,0.1,0.89
GOOGL,2026-09-15,2026-11-20,P,245.0,851,2,0.4679008288574219,0.45,0.01,0.98
GOOGL,2026-09-15,2026-11-20,P,250.0,1327,6,0.4067442138671875,0.55,0.1,0.6
GOOGL,2026-09-15,2026-11-20,P,255.0,1223,1,0.43921459228515625,0.7,0.17,1.2
GOOGL,2026-09-15,2026-11-20,P,260.0,2069,36,0.4278621667480469,0.88,0.67,1.37
GOOGL,2026-09-15,2026-11-20,P,265.0,809,13,0.41687594848632803,1.06,0.53,1.57
GOOGL,2026-09-15,2026-11-20,P,270.0,1275,32,0.40601179931640624,1.3,1.0,1.8
GOOGL,2026-09-15,2026-11-20,P,275.0,1906,12,0.38513798461914056,1.62,1.29,1.86
GOOGL,2026-09-15,2026-11-20,P,280.0,2034,5,0.3802552209472656,1.97,1.7,2.27
GOOGL,2026-09-15,2026-11-20,P,285.0,1676,5,0.38184211914062494,2.31,1.9,2.92
GOOGL,2026-09-15,2026-11-20,P,290.0,3156,22,0.3610293389892578,2.83,2.73,3.05
GOOGL,2026-09-15,2026-11-20,P,295.0,1793,41,0.3709779699707031,3.56,3.35,4.15
GOOGL,2026-09-15,2026-11-20,P,300.0,6801,64,0.363836928100586,4.31,3.95,4.85
GOOGL,2026-09-15,2026-11-20,P,305.0,1869,72,0.3541324353027343,5.15,5.05,5.55
GOOGL,2026-09-15,2026-11-20,P,310.0,4233,75,0.3433293206787109,6.2,6.05,6.3
GOOGL,2026-09-15,2026-11-20,P,315.0,3843,30,0.3379887979125976,7.65,7.25,7.4
GOOGL,2026-09-15,2026-11-20,P,320.0,4546,43,0.34802898071289057,8.72,8.45,9.4
GOOGL,2026-09-15,2026-11-20,P,325.0,2265,31,0.3406743179321289,10.23,10.1,10.75
GOOGL,2026-09-15,2026-11-20,P,330.0,7008,19,0.3414067324829102,12.2,11.9,12.7
GOOGL,2026-09-15,2026-11-20,P,335.0,2192,108,0.3411931115722656,14.05,13.2,14.8
GOOGL,2026-09-15,2026-11-20,P,340.0,3828,29,0.32614809600830075,16.15,15.75,16.25
GOOGL,2026-09-15,2026-11-20,P,345.0,5842,14,0.32349309326171866,18.45,18.2,18.6
GOOGL,2026-09-15,2026-11-20,P,350.0,1823,80,0.3232794723510741,21.0,20.35,21.3
GOOGL,2026-09-15,2026-11-20,P,355.0,1391,44,0.34613690979003897,23.95,23.6,25.55
GOOGL,2026-09-15,2026-11-20,P,360.0,4601,11,0.34278000976562495,27.0,26.25,28.45
GOOGL,2026-09-15,2026-11-20,P,365.0,929,94,0.3369817279052735,29.85,29.8,31.4
GOOGL,2026-09-15,2026-11-20,P,370.0,1149,37,0.34058276611328125,33.38,31.8,35.05
GOOGL,2026-09-15,2026-11-20,P,375.0,747,1,0.33945362701416015,37.85,35.3,38.6
GOOGL,2026-09-15,2026-11-20,P,380.0,488,1,0.3382024188232422,41.85,39.3,42.3
GOOGL,2026-09-15,2026-11-20,P,385.0,330,5,0.31061480407714837,49.65,43.0,44.95
GOOGL,2026-09-15,2026-11-20,P,390.0,698,56,0.3373479351806641,49.15,47.0,50.2
GOOGL,2026-09-15,2026-11-20,P,395.0,408,3,0.3372563833618164,54.35,51.3,54.35
GOOGL,2026-09-15,2026-11-20,P,400.0,688,1,0.338324487915039,58.6,56.2,58.65
GOOGL,2026-09-15,2026-11-20,P,405.0,153,7,0.3382024188232422,69.3,59.9,63.0
GOOGL,2026-09-15,2026-11-20,P,410.0,130,21,0.34015552429199214,63.4,64.5,67.5
GOOGL,2026-09-15,2026-11-20,P,415.0,154,6,0.34149828430175777,67.75,69.1,72.05
GOOGL,2026-09-15,2026-11-20,P,420.0,94,3,0.3424748370361328,86.85,73.8,76.65
GOOGL,2026-09-15,2026-11-20,P,425.0,64,26,0.3493717407226562,77.9,78.5,81.45
GOOGL,2026-09-15,2026-11-20,P,430.0,135,35,0.3530338134765625,80.7,83.35,86.2
GOOGL,2026-09-15,2026-11-20,P,435.0,39,25,1.0000000000000003e-05,86.03,85.6,89.05
GOOGL,2026-09-15,2026-11-20,P,440.0,40,11,0.3802552209472656,100.69,92.35,96.2
GOOGL,2026-09-15,2026-11-20,P,445.0,0,1,1.0000000000000003e-05,83.75,95.15,98.85
GOOGL,2026-09-15,2026-11-20,P,450.0,3,10,0.3914245428466796,115.1,103.1,105.9
GOOGL,2026-09-15,2026-11-20,P,455.0,0,23,1.0000000000000003e-05,82.12,0.0,0.0
GOOGL,2026-09-15,2026-11-20,P,460.0,1,1,0.42407802490234375,113.15,112.25,116.05
GOOGL,2026-09-15,2026-11-20,P,470.0,0,3,1.0000000000000003e-05,128.25,119.85,123.7
GOOGL,2026-09-15,2026-11-20,P,480.0,5,5,1.0000000000000003e-05,105.95,117.35,120.25
GOOGL,2026-09-15,2026-11-20,P,490.0,0,1,1.4415616300964356,161.35,186.25,189.65
GOOGL,2026-09-15,2026-11-20,P,500.0,3,3,1.0000000000000003e-05,118.9,136.65,139.15
GOOGL,2026-09-15,2026-11-20,P,530.0,0,1,1.5652182383728024,200.65,226.0,229.65
GOOGL,2026-09-15,2026-11-20,P,540.0,0,3,1.0000000000000003e-05,164.19,0.0,0.0
GOOGL,2026-09-15,2026-11-20,P,570.0,0,0,1.6787125439453123,250.3,266.25,269.65
GOOGL,2026-09-15,2026-11-20,P,720.0,0,1,1.0000000000000003e-05,381.5,369.85,373.35
GOOGL,2026-09-15,2026-12-18,C,50.0,2563,1,1.74609501953125,280.0,294.35,298.1
GOOGL,2026-09-15,2026-12-18,C,55.0,47,1,1.0000000000000003e-05,308.4,282.35,286.2
GOOGL,2026-09-15,2026-12-18,C,60.0,60,1,1.6528337670898439,281.6,284.65,288.2
GOOGL,2026-09-15,2026-12-18,C,65.0,702,16,1.0000000000000003e-05,311.41,272.45,276.3
GOOGL,2026-09-15,2026-12-18,C,70.0,129,19,1.537111689453125,273.55,274.75,278.3
GOOGL,2026-09-15,2026-12-18,C,75.0,128,1,1.0000000000000003e-05,271.76,242.85,246.2
GOOGL,2026-09-15,2026-12-18,C,80.0,47,1,1.8117685192871091,268.93,267.0,271.05
GOOGL,2026-09-15,2026-12-18,C,85.0,52,4,2.9315212258911134,267.6,278.7,282.55
GOOGL,2026-09-15,2026-12-18,C,90.0,50,1,1.3232455712890623,260.44,254.75,258.5
GOOGL,2026-09-15,2026-12-18,C,95.0,176,15,1.3261752441406247,248.28,249.9,253.9
GOOGL,2026-09-15,2026-12-18,C,100.0,485,2,1.2485389135742184,246.15,244.85,248.65
GOOGL,2026-09-15,2026-12-18,C,105.0,342,9,2.930300525817871,299.1,267.85,271.35
GOOGL,2026-09-15,2026-12-18,C,110.0,81,2,1.183109553222656,230.5,235.0,238.8
GOOGL,2026-09-15,2026-12-18,C,115.0,117,5,1.1401410180664064,235.0,230.0,233.8
GOOGL,2026-09-15,2026-12-18,C,120.0,346,11,1.1347699511718752,224.0,225.1,229.2
GOOGL,2026-09-15,2026-12-18,C,125.0,120,3,1.3620637365722654,248.25,223.3,226.65
GOOGL,2026-09-15,2026-12-18,C,130.0,444,1,1.0488328808593752,218.37,215.35,218.85
GOOGL,2026-09-15,2026-12-18,C,135.0,297,10,1.0241748010253908,212.13,210.65,213.75
GOOGL,2026-09-15,2026-12-18,C,140.0,554,2,1.0107471337890623,204.05,205.35,209.45
GOOGL,2026-09-15,2026-12-18,C,145.0,292,1,0.9724123852539062,195.2,200.4,204.35
GOOGL,2026-09-15,2026-12-18,C,150.0,368,1,0.9406744213867188,190.0,195.85,198.95
GOOGL,2026-09-15,2026-12-18,C,155.0,675,6,0.9174812939453125,196.23,190.75,194.25
GOOGL,2026-09-15,2026-12-18,C,160.0,580,1,0.8850109155273438,189.2,185.95,189.05
GOOGL,2026-09-15,2026-12-18,C,165.0,604,1,0.860352958984375,178.0,181.05,184.1
GOOGL,2026-09-15,2026-12-18,C,170.0,734,1,0.8339860351562498,178.6,176.1,179.15
GOOGL,2026-09-15,2026-12-18,C,175.0,894,1,0.8100604931640624,163.62,171.15,174.25
GOOGL,2026-09-15,2026-12-18,C,180.0,611,2,0.7866232275390624,167.0,166.25,169.3
GOOGL,2026-09-15,2026-12-18,C,185.0,2235,6,0.7615990637207033,163.0,161.35,164.3
GOOGL,2026-09-15,2026-12-18,C,190.0,1432,1,0.7388942126464844,157.88,156.4,159.4
GOOGL,2026-09-15,2026-12-18,C,195.0,755,5,0.7180203979492188,152.35,151.5,154.5
GOOGL,2026-09-15,2026-12-18,C,200.0,2811,3,0.7036162451171876,142.0,146.55,149.85
GOOGL,2026-09-15,2026-12-18,C,205.0,334,16,0.6812776013183595,140.44,141.65,144.9
GOOGL,2026-09-15,2026-12-18,C,210.0,544,5,0.663333444824219,139.9,136.75,140.1
GOOGL,2026-09-15,2026-12-18,C,215.0,1810,1,0.6412389392089843,129.39,131.85,135.15
GOOGL,2026-09-15,2026-12-18,C,220.0,727,128,0.6168251208496094,113.82,126.95,130.1
GOOGL,2026-09-15,2026-12-18,C,225.0,397,64,0.6002237243652344,120.03,122.1,125.3
GOOGL,2026-09-15,2026-12-18,C,230.0,643,4,0.5810588769531251,116.88,117.25,120.4
GOOGL,2026-09-15,2026-12-18,C,235.0,458,110,0.5573774731445313,109.3,112.15,115.55
GOOGL,2026-09-15,2026-12-18,C,240.0,1014,128,0.5415084912109377,107.59,107.55,110.55
GOOGL,2026-09-15,2026-12-18,C,245.0,588,131,0.5252733020019531,107.4,102.75,105.75
GOOGL,2026-09-15,2026-12-18,C,250.0,2392,5,0.5076953527832031,97.99,98.0,100.85
GOOGL,2026-09-15,2026-12-18,C,255.0,1772,60,0.5411422839355471,95.43,93.25,96.15
GOOGL,2026-09-15,2026-12-18,C,260.0,1353,6,0.5244798529052734,88.37,88.55,91.45
GOOGL,2026-09-15,2026-12-18,C,265.0,843,1,0.5088244918823243,85.1,83.9,86.8
GOOGL,2026-09-15,2026-12-18,C,270.0,2034,2,0.49396257995605475,80.09,79.3,82.2
GOOGL,2026-09-15,2026-12-18,C,275.0,37,2,0.48093170440673827,78.5,74.75,77.7
GOOGL,2026-09-15,2026-12-18,C,280.0,1893,2,0.4682365188598633,72.62,70.3,73.25
GOOGL,2026-09-15,2026-12-18,C,285.0,586,1,0.45795219787597663,66.15,65.95,68.95
GOOGL,2026-09-15,2026-12-18,C,290.0,2569,111,0.44644718597412114,66.1,61.65,64.65
GOOGL,2026-09-15,2026-12-18,C,295.0,71,1,0.43781079772949216,57.21,57.5,60.55
GOOGL,2026-09-15,2026-12-18,C,300.0,17933,9,0.4286861331176758,54.62,54.8,56.5
GOOGL,2026-09-15,2026-12-18,C,305.0,2415,9,0.4080259393310547,51.45,49.5,51.9
GOOGL,2026-09-15,2026-12-18,C,310.0,15405,3,0.4043333493041992,48.1,45.75,48.3
GOOGL,2026-09-15,2026-12-18,C,315.0,797,3,0.4061338684082031,44.03,42.3,45.15
GOOGL,2026-09-15,2026-12-18,C,320.0,4075,12,0.4030211065673829,40.35,38.8,41.85
GOOGL,2026-09-15,2026-12-18,C,325.0,1585,5,0.3971312728881836,37.14,36.65,38.5
GOOGL,2026-09-15,2026-12-18,C,330.0,2576,13,0.39005126556396486,33.29,32.15,35.2
GOOGL,2026-09-15,2026-12-18,C,335.0,1332,19,0.37961435821533207,30.2,30.6,31.8
GOOGL,2026-09-15,2026-12-18,C,340.0,3022,132,0.3651796881103516,27.4,27.95,28.25
GOOGL,2026-09-15,2026-12-18,C,345.0,1586,97,0.3646608944702149,25.25,25.2,25.8
GOOGL,2026-09-15,2026-12-18,C,350.0,4895,293,0.3569400244140625,23.0,22.75,23.0
GOOGL,2026-09-15,2026-12-18,C,355.0,1468,139,0.3627688235473633,20.75,20.55,21.3
GOOGL,2026-09-15,2026-12-18,C,360.0,3707,42,0.3664919308471679,18.35,18.4,19.6
GOOGL,2026-09-15,2026-12-18,C,365.0,2076,119,0.36093778717041014,16.7,16.55,17.4
GOOGL,2026-09-15,2026-12-18,C,370.0,3731,46,0.35834381896972656,15.2,14.75,15.55
GOOGL,2026-09-15,2026-12-18,C,375.0,3102,52,0.35666536895751955,13.25,13.35,13.9
GOOGL,2026-09-15,2026-12-18,C,380.0,13804,583,0.3521182952880859,12.0,11.85,12.2
GOOGL,2026-09-15,2026-12-18,C,385.0,2583,142,0.35178260528564453,10.8,10.5,10.9
GOOGL,2026-09-15,2026-12-18,C,390.0,7489,92,0.3529117443847656,9.5,9.3,9.8
GOOGL,2026-09-15,2026-12-18,C,395.0,2204,15,0.3522098471069336,8.3,8.3,8.7
GOOGL,2026-09-15,2026-12-18,C,400.0,13353,276,0.35144691528320304,7.5,7.3,7.7
GOOGL,2026-09-15,2026-12-18,C,405.0,1672,227,0.3556582989501953,6.61,5.85,7.05
GOOGL,2026-09-15,2026-12-18,C,410.0,3437,11,0.3565127825927734,5.7,5.85,6.3
GOOGL,2026-09-15,2026-12-18,C,415.0,5810,21,0.3568484725952148,5.1,4.95,5.6
GOOGL,2026-09-15,2026-12-18,C,420.0,1781,7,0.3692079681396484,4.6,3.5,5.5
GOOGL,2026-09-15,2026-12-18,C,425.0,1625,15,0.3610293389892578,4.05,3.85,4.55
GOOGL,2026-09-15,2026-12-18,C,430.0,2399,17,0.3591372680664062,3.6,2.99,3.95
GOOGL,2026-09-15,2026-12-18,C,435.0,559,17,0.3651796881103516,3.15,3.1,3.7
GOOGL,2026-09-15,2026-12-18,C,440.0,7245,8,0.36762106994628907,2.88,2.25,3.35
GOOGL,2026-09-15,2026-12-18,C,445.0,1154,3,0.3704896936035156,2.5,2.2,3.05
GOOGL,2026-09-15,2026-12-18,C,450.0,16918,420,0.3723817645263672,2.2,2.15,2.75
GOOGL,2026-09-15,2026-12-18,C,455.0,833,1,0.37494521545410153,1.99,1.44,2.5
GOOGL,2026-09-15,2026-12-18,C,460.0,2540,3,0.37995004821777345,1.79,1.68,2.34
GOOGL,2026-09-15,2026-12-18,C,465.0,972,4,0.3815979809570312,1.6,1.04,2.11
GOOGL,2026-09-15,2026-12-18,C,470.0,3256,29,0.38477177734374995,1.61,1.13,1.94
GOOGL,2026-09-15,2026-12-18,C,475.0,670,106,0.3763490100097656,1.31,0.74,1.54
GOOGL,2026-09-15,2026-12-18,C,480.0,5319,10,0.3922179919433594,1.35,0.61,1.67
GOOGL,2026-09-15,2026-12-18,C,485.0,1015,2,0.4096738720703125,1.12,0.5,1.84
GOOGL,2026-09-15,2026-12-18,C,490.0,2770,1,0.39978627563476565,0.95,0.4,1.45
GOOGL,2026-09-15,2026-12-18,C,495.0,382,1,0.4145566357421875,0.85,0.07,1.56
GOOGL,2026-09-15,2026-12-18,C,500.0,8542,18,0.379889013671875,0.78,0.65,0.85
GOOGL,2026-09-15,2026-12-18,C,505.0,419,2,0.4124814611816406,0.74,0.17,1.21
GOOGL,2026-09-15,2026-12-18,C,510.0,2139,10,0.41712008666992184,0.66,0.12,1.15
GOOGL,2026-09-15,2026-12-18,C,515.0,1054,1,0.42139250488281255,0.65,0.06,1.09
GOOGL,2026-09-15,2026-12-18,C,520.0,2574,20,0.43933666137695315,0.57,0.01,1.24
GOOGL,2026-09-15,2026-12-18,C,525.0,2549,10,0.44421942504882805,0.58,0.01,1.19
GOOGL,2026-09-15,2026-12-18,C,530.0,3153,21,0.41992767578125,0.6,0.18,0.76
GOOGL,2026-09-15,2026-12-18,C,535.0,142,1,0.467778759765625,0.56,0.01,1.31
GOOGL,2026-09-15,2026-12-18,C,540.0,2665,10,0.45435115966796874,0.45,0.01,1.0
GOOGL,2026-09-15,2026-12-18,C,545.0,1019,10,0.47876497802734375,0.55,0.01,1.24
GOOGL,2026-09-15,2026-12-18,C,550.0,3069,2,0.4699760034179688,0.35,0.01,1.01
GOOGL,2026-09-15,2026-12-18,C,555.0,491,10,0.4903615417480469,0.39,0.01,1.19
GOOGL,2026-09-15,2026-12-18,C,560.0,2600,3,0.4804739453125,0.3,0.02,0.96
GOOGL,2026-09-15,2026-12-18,C,565.0,128,4,0.49622085815429695,0.26,0.01,1.07
GOOGL,2026-09-15,2026-12-18,C,570.0,95,4,0.4233456103515625,0.17,0.01,0.32
GOOGL,2026-09-15,2026-12-18,C,575.0,1019,4,0.43457596679687505,0.27,0.01,0.35
GOOGL,2026-09-15,2026-12-18,C,580.0,177,8,0.41602146484374997,0.14,0.14,0.22
GOOGL,2026-09-15,2026-12-18,C,590.0,215,3,0.48438015625,0.21,0.01,0.58
GOOGL,2026-09-15,2026-12-18,C,600.0,819,1,0.44605046142578125,0.16,0.05,0.25
GOOGL,2026-09-15,2026-12-18,C,610.0,2577,1,0.46143116699218756,0.27,0.01,0.27
GOOGL,2026-09-15,2026-12-18,C,620.0,844,2,0.4682670361328125,0.13,0.01,0.25
GOOGL,2026-09-15,2026-12-18,C,630.0,632,4,0.5034229345703125,0.13,0.01,0.74
GOOGL,2026-09-15,2026-12-18,C,640.0,259,1,0.5119677709960937,0.23,0.01,0.71
GOOGL,2026-09-15,2026-12-18,C,650.0,97,1,0.5449264257812501,0.12,0.01,0.99
GOOGL,2026-09-15,2026-12-18,C,660.0,166,3,0.48291532714843755,0.08,0.01,0.15
GOOGL,2026-09-15,2026-12-18,C,670.0,44,11,0.5483443603515626,0.2,0.01,0.76
GOOGL,2026-09-15,2026-12-18,C,680.0,42,1,0.51758294921875,0.2,0.01,0.2
GOOGL,2026-09-15,2026-12-18,C,690.0,22,2,0.56836369140625,0.08,0.01,0.76
GOOGL,2026-09-15,2026-12-18,C,700.0,67,1,0.561527822265625,0.11,0.01,0.59
GOOGL,2026-09-15,2026-12-18,C,710.0,181,5,0.51758294921875,0.07,0.01,0.12
GOOGL,2026-09-15,2026-12-18,C,720.0,229,4,0.5214891601562499,0.06,0.01,0.11
GOOGL,2026-09-15,2026-12-18,C,730.0,116,3,0.6052285571289064,0.06,0.01,0.74
GOOGL,2026-09-15,2026-12-18,C,740.0,30,1,0.5939982006835938,0.11,0.01,0.55
GOOGL,2026-09-15,2026-12-18,C,750.0,153,3,0.5136767382812499,0.06,0.01,0.1
GOOGL,2026-09-15,2026-12-18,C,760.0,42,2,0.6499058447265625,0.09,0.0,0.94
GOOGL,2026-09-15,2026-12-18,C,770.0,27,1,0.5361374511718751,0.12,0.01,0.12
GOOGL,2026-09-15,2026-12-18,C,780.0,373,1,0.56836369140625,0.1,0.01,0.2
GOOGL,2026-09-15,2026-12-18,C,790.0,440,1,0.5390671093750001,0.09,0.01,0.09
GOOGL,2026-09-15,2026-12-18,C,800.0,877,11,0.5351608984375,0.05,0.0,0.08
GOOGL,2026-09-15,2026-12-18,P,50.0,500,20,1.15625421875,0.06,0.0,0.02
GOOGL,2026-09-15,2026-12-18,P,55.0,73,5,1.140629296875,0.01,0.0,0.03
GOOGL,2026-09-15,2026-12-18,P,60.0,126,80,1.0781296093750001,0.01,0.0,0.03
GOOGL,2026-09-15,2026-12-18,P,65.0,571,2,1.359378203125,0.05,0.0,0.5
GOOGL,2026-09-15,2026-12-18,P,70.0,414,1,1.3203158984374999,0.02,0.0,0.57
GOOGL,2026-09-15,2026-12-18,P,75.0,77,14,1.2119180029296874,0.02,0.0,0.4
GOOGL,2026-09-15,2026-12-18,P,80.0,270,17,1.0976607617187502,0.02,0.0,0.24
GOOGL,2026-09-15,2026-12-18,P,85.0,740,8,0.867188828125,0.02,0.0,0.03
GOOGL,2026-09-15,2026-12-18,P,90.0,297,20,0.8359391406249999,0.03,0.0,0.03
GOOGL,2026-09-15,2026-12-18,P,95.0,1761,6,0.804689453125,0.01,0.0,0.03
GOOGL,2026-09-15,2026-12-18,P,100.0,1020,10,0.8164080859374999,0.03,0.01,0.05
GOOGL,2026-09-15,2026-12-18,P,105.0,1170,1,0.773439765625,0.03,0.0,0.05
GOOGL,2026-09-15,2026-12-18,P,110.0,1512,3,0.9804689453125001,0.05,0.0,0.69
GOOGL,2026-09-15,2026-12-18,P,115.0,350,1,0.7382838671874999,0.04,0.01,0.06
GOOGL,2026-09-15,2026-12-18,P,120.0,2269,2,0.70312796875,0.05,0.0,0.06
GOOGL,2026-09-15,2026-12-18,P,125.0,1380,5,0.7304714453125,0.04,0.02,0.12
GOOGL,2026-09-15,2026-12-18,P,130.0,3948,5,0.6757844921875001,0.04,0.02,0.07
GOOGL,2026-09-15,2026-12-18,P,135.0,915,3,0.6425816992187501,0.04,0.0,0.08
GOOGL,2026-09-15,2026-12-18,P,140.0,2702,2,0.648441015625,0.06,0.0,0.13
GOOGL,2026-09-15,2026-12-18,P,145.0,733,2,0.6289099609375001,0.05,0.02,0.12
GOOGL,2026-09-15,2026-12-18,P,150.0,3307,2,0.614261669921875,0.08,0.02,0.14
GOOGL,2026-09-15,2026-12-18,P,155.0,1986,1,0.58789474609375,0.07,0.03,0.12
GOOGL,2026-09-15,2026-12-18,P,160.0,8805,1,0.6728548339843752,0.07,0.01,0.65
GOOGL,2026-09-15,2026-12-18,P,165.0,1049,4,0.5546919531250001,0.09,0.01,0.17
GOOGL,2026-09-15,2026-12-18,P,170.0,7137,2,0.59570716796875,0.1,0.01,0.45
GOOGL,2026-09-15,2026-12-18,P,175.0,1318,2,0.5302781347656251,0.12,0.05,0.19
GOOGL,2026-09-15,2026-12-18,P,180.0,647,2,0.500005,0.14,0.01,0.19
GOOGL,2026-09-15,2026-12-18,P,185.0,546,2,0.5122119091796875,0.16,0.1,0.25
GOOGL,2026-09-15,2026-12-18,P,190.0,1259,3,0.514653291015625,0.15,0.1,0.25
GOOGL,2026-09-15,2026-12-18,P,195.0,691,1,0.5065967309570312,0.19,0.01,0.3
GOOGL,2026-09-15,2026-12-18,P,200.0,3809,6,0.5241746801757812,0.17,0.01,1.0
GOOGL,2026-09-15,2026-12-18,P,205.0,1668,10,0.47461462890625,0.27,0.1,0.34
GOOGL,2026-09-15,2026-12-18,P,210.0,1101,2,0.5505416040039064,0.22,0.01,1.11
GOOGL,2026-09-15,2026-12-18,P,215.0,927,2,0.5339402075195312,0.3,0.01,1.18
GOOGL,2026-09-15,2026-12-18,P,220.0,1239,1,0.5158739819335938,0.4,0.1,1.23
GOOGL,2026-09-15,2026-12-18,P,225.0,698,1,0.48340360351562506,0.49,0.12,1.1
GOOGL,2026-09-15,2026-12-18,P,230.0,2022,26,0.45325253784179687,0.52,0.41,0.99
GOOGL,2026-09-15,2026-12-18,P,235.0,2542,1,0.4429987341308594,0.64,0.07,1.12
GOOGL,2026-09-15,2026-12-18,P,240.0,2215,8,0.4304256176757813,0.72,0.19,1.23
GOOGL,2026-09-15,2026-12-18,P,245.0,1489,2,0.41968353759765625,0.7,0.34,1.38
GOOGL,2026-09-15,2026-12-18,P,250.0,5219,1,0.4062559375,0.93,0.51,1.5
GOOGL,2026-09-15,2026-12-18,P,255.0,3929,1,0.39929799926757814,1.3,1.01,1.75
GOOGL,2026-09-15,2026-12-18,P,260.0,2448,13,0.3667055517578125,1.51,0.98,1.52
GOOGL,2026-09-15,2026-12-18,P,265.0,2312,21,0.3834290173339844,1.71,1.46,2.32
GOOGL,2026-09-15,2026-12-18,P,270.0,4096,16,0.3614565808105469,2.1,1.82,2.3
GOOGL,2026-09-15,2026-12-18,P,275.0,1729,4,0.37103900451660154,2.73,2.15,3.15
GOOGL,2026-09-15,2026-12-18,P,280.0,5838,18,0.3474186352539062,3.1,2.81,3.1
GOOGL,2026-09-15,2026-12-18,P,285.0,1081,1,0.3675600354003906,3.8,3.4,4.55
GOOGL,2026-09-15,2026-12-18,P,290.0,6209,28,0.3429325961303711,4.29,4.0,4.5
GOOGL,2026-09-15,2026-12-18,P,295.0,1016,19,0.35205726074218746,5.1,4.95,5.85
GOOGL,2026-09-15,2026-12-18,P,300.0,9954,85,0.34180345703125,6.1,5.95,6.5
GOOGL,2026-09-15,2026-12-18,P,305.0,2996,6,0.34204759521484374,7.05,7.05,7.75
GOOGL,2026-09-15,2026-12-18,P,310.0,3454,37,0.33847707427978513,8.25,8.0,8.95
GOOGL,2026-09-15,2026-12-18,P,315.0,2898,82,0.32819275329589837,9.55,9.5,9.9
GOOGL,2026-09-15,2026-12-18,P,320.0,7971,99,0.3335943106079102,11.25,11.0,11.9
GOOGL,2026-09-15,2026-12-18,P,325.0,2510,1,0.3302374105834961,12.79,12.6,13.55
GOOGL,2026-09-15,2026-12-18,P,330.0,5948,122,0.32141791870117187,14.52,14.35,15.0
GOOGL,2026-09-15,2026-12-18,P,335.0,2333,18,0.32971861694335935,16.6,16.35,17.75
GOOGL,2026-09-15,2026-12-18,P,340.0,2758,144,0.325629302368164,18.8,18.8,19.85
GOOGL,2026-09-15,2026-12-18,P,345.0,2134,39,0.3313360324096679,21.25,20.8,22.8
GOOGL,2026-09-15,2026-12-18,P,350.0,5948,55,0.31735912139892575,23.75,23.6,24.55
GOOGL,2026-09-15,2026-12-18,P,355.0,946,22,0.3281012014770508,26.5,25.8,28.2
GOOGL,2026-09-15,2026-12-18,P,360.0,1096,11,0.3250494741821288,29.4,28.95,31.05
GOOGL,2026-09-15,2026-12-18,P,365.0,1689,20,0.3195563650512695,32.22,32.35,33.9
GOOGL,2026-09-15,2026-12-18,P,370.0,982,65,0.3053963504028321,35.5,34.55,36.35
GOOGL,2026-09-15,2026-12-18,P,375.0,445,8,0.3193427441406249,38.25,38.3,40.8
GOOGL,2026-09-15,2026-12-18,P,380.0,1153,40,0.3182441223144531,43.48,41.05,44.4
GOOGL,2026-09-15,2026-12-18,P,385.0,276,1,0.31653515502929686,51.78,44.85,48.1
GOOGL,2026-09-15,2026-12-18,P,390.0,565,6,0.3078987667846679,64.0,48.85,51.55
GOOGL,2026-09-15,2026-12-18,P,395.0,603,1,0.31427687683105465,56.62,52.75,55.95
GOOGL,2026-09-15,2026-12-18,P,400.0,1015,10,0.31323928955078123,59.5,57.0,60.05
GOOGL,2026-09-15,2026-12-18,P,405.0,298,3,0.31214066772460936,60.6,61.15,64.25
GOOGL,2026-09-15,2026-12-18,P,410.0,95,8,0.31238480590820306,67.89,65.6,68.6
GOOGL,2026-09-15,2026-12-18,P,415.0,254,44,0.30676962768554683,72.4,70.0,72.8
GOOGL,2026-09-15,2026-12-18,P,420.0,48,2,0.31214066772460936,77.0,74.6,77.5
GOOGL,2026-09-15,2026-12-18,P,425.0,15,10,0.2804637384033203,84.05,79.15,81.1
GOOGL,2026-09-15,2026-12-18,P,430.0,319,2,0.27161372924804683,99.64,83.95,85.6
GOOGL,2026-09-15,2026-12-18,P,435.0,44,1,0.3166572241210937,95.75,88.55,91.45
GOOGL,2026-09-15,2026-12-18,P,440.0,4,5,0.4863942962646485,106.32,100.0,102.65
GOOGL,2026-09-15,2026-12-18,P,445.0,6,2,1.0722397462463382,112.9,141.8,144.45
GOOGL,2026-09-15,2026-12-18,P,450.0,1,1,0.33246517150878907,107.47,103.05,106.0
GOOGL,2026-09-15,2026-12-18,P,455.0,2,4,0.5028736236572267,109.2,114.7,118.4
GOOGL,2026-09-15,2026-12-18,P,460.0,4,4,1.0000000000000003e-05,78.75,94.25,95.65
GOOGL,2026-09-15,2026-12-18,P,465.0,0,3,1.0000000000000003e-05,107.55,114.95,118.5
GOOGL,2026-09-15,2026-12-18,P,470.0,0,3,1.0000000000000003e-05,113.3,119.85,123.45
GOOGL,2026-09-15,2026-12-18,P,475.0,0,670,1.0000000000000003e-05,156.95,124.65,128.5
GOOGL,2026-09-15,2026-12-18,P,480.0,1,1,1.0000000000000003e-05,163.67,129.8,133.8
GOOGL,2026-09-15,2026-12-18,P,485.0,0,2,1.0000000000000003e-05,166.02,134.85,138.8
GOOGL,2026-09-15,2026-12-18,P,490.0,0,106,1.0000000000000003e-05,169.55,139.8,143.6
GOOGL,2026-09-15,2026-12-18,P,495.0,0,0,1.2215615093994139,185.95,191.25,194.6
GOOGL,2026-09-15,2026-12-18,P,500.0,5,6,1.0000000000000003e-05,161.5,137.2,139.85
GOOGL,2026-09-15,2026-12-18,P,505.0,0,1,1.0000000000000003e-05,122.8,0.0,0.0
GOOGL,2026-09-15,2026-12-18,P,510.0,0,0,1.2624548596191407,174.64,206.25,209.65
GOOGL,2026-09-15,2026-12-18,P,515.0,3,3,1.0000000000000003e-05,125.25,151.35,153.85
GOOGL,2026-09-15,2026-12-18,P,525.0,0,3,1.0000000000000003e-05,174.3,174.75,178.8
GOOGL,2026-09-15,2026-12-18,P,530.0,0,2,1.0000000000000003e-05,229.35,0.0,0.0
GOOGL,2026-09-15,2026-12-18,P,535.0,0,3,1.0000000000000003e-05,134.25,0.0,0.0
GOOGL,2026-09-15,2026-12-18,P,540.0,0,0,1.3378023832702632,204.35,236.25,239.65
GOOGL,2026-09-15,2026-12-18,P,550.0,0,3,1.0000000000000003e-05,147.7,0.0,0.0
GOOGL,2026-09-15,2026-12-18,P,555.0,0,3,1.0000000000000003e-05,168.8,0.0,0.0
GOOGL,2026-09-15,2026-12-18,P,560.0,0,0,1.0000000000000003e-05,173.45,0.0,0.0
GOOGL,2026-09-15,2026-12-18,P,570.0,0,2,1.0000000000000003e-05,211.85,219.75,223.8
GOOGL,2026-09-15,2026-12-18,P,575.0,0,0,1.4176054510498048,265.5,271.25,274.65
GOOGL,2026-09-15,2026-12-18,P,600.0,0,0,1.0000000000000003e-05,203.24,226.5,229.5
GOOGL,2026-09-15,2026-12-18,P,740.0,0,0,1.0000000000000003e-05,386.85,389.75,393.85
GOOGL,2026-09-15,2026-12-18,P,780.0,0,0,1.040104897155762,454.43,439.5,443.35
