ticker,date,expiry,type,strike,oi,volume,iv,last,bid,ask
GOOGL,2026-08-28,2026-08-31,C,250.0,1,2,2.9199245751953127,88.08,86.95,89.85
GOOGL,2026-08-28,2026-08-31,C,275.0,0,0,2.1093797265624996,67.21,61.95,64.85
GOOGL,2026-08-28,2026-08-31,C,280.0,0,0,2.050786123046875,62.3,57.3,59.75
GOOGL,2026-08-28,2026-08-31,C,285.0,1,0,1.7968760156249999,57.29,51.95,54.85
GOOGL,2026-08-28,2026-08-31,C,290.0,1,0,1.791016669921875,52.34,46.95,50.3
GOOGL,2026-08-28,2026-08-31,C,295.0,3,1,1.4902369238281248,56.77,41.95,44.85
GOOGL,2026-08-28,2026-08-31,C,300.0,69,2,1.3203158984374999,38.15,36.65,40.1
GOOGL,2026-08-28,2026-08-31,C,305.0,25,0,1.0644578027343752,37.12,32.1,34.35
GOOGL,2026-08-28,2026-08-31,C,310.0,38,1,1.26172244140625,31.8,28.05,29.85
GOOGL,2026-08-28,2026-08-31,C,315.0,22,80,0.5664105859375,30.15,21.95,24.1
GOOGL,2026-08-28,2026-08-31,C,320.0,37,17,0.8442398388671875,18.2,17.9,19.6
GOOGL,2026-08-28,2026-08-31,C,325.0,32,46,0.62305064453125,13.2,12.4,14.8
GOOGL,2026-08-28,2026-08-31,C,330.0,50,96,0.5107470800781251,8.7,8.1,8.9
GOOGL,2026-08-28,2026-08-31,C,335.0,90,514,0.29395237304687494,3.85,3.2,3.9
GOOGL,2026-08-28,2026-08-31,C,337.5,41,5389,0.18946123046875002,1.6,1.53,1.6
GOOGL,2026-08-28,2026-08-31,C,340.0,491,22211,0.17212741943359378,0.48,0.43,0.47
GOOGL,2026-08-28,2026-08-31,C,342.5,727,12148,0.17774259765625,0.1,0.09,0.11
GOOGL,2026-08-28,2026-08-31,C,345.0,2438,9099,0.195320546875,0.03,0.02,0.03
GOOGL,2026-08-28,2026-08-31,C,347.5,3644,1261,0.23828886718749998,0.01,0.01,0.02
GOOGL,2026-08-28,2026-08-31,C,350.0,2468,3178,0.26563234375,0.01,0.0,0.01
GOOGL,2026-08-28,2026-08-31,C,352.5,1114,1339,0.31250687499999996,0.01,0.0,0.01
GOOGL,2026-08-28,2026-08-31,C,355.0,1417,264,0.39063109375,0.01,0.0,0.02
GOOGL,2026-08-28,2026-08-31,C,357.5,299,142,0.4062559375,0.01,0.0,0.01
GOOGL,2026-08-28,2026-08-31,C,360.0,1474,236,0.45313046875,0.01,0.0,0.01
GOOGL,2026-08-28,2026-08-31,C,362.5,316,16,0.500005,0.01,0.0,0.01
GOOGL,2026-08-28,2026-08-31,C,365.0,423,44,0.500005,0.01,0.0,0.01
GOOGL,2026-08-28,2026-08-31,C,367.5,441,2,0.5468795312500001,0.01,0.0,0.01
GOOGL,2026-08-28,2026-08-31,C,370.0,604,10,0.5937540625000001,0.01,0.0,0.01
GOOGL,2026-08-28,2026-08-31,C,375.0,74,10,0.6562534375000001,0.01,0.0,0.01
GOOGL,2026-08-28,2026-08-31,C,380.0,1573,1507,0.7500025,0.01,0.0,0.01
GOOGL,2026-08-28,2026-08-31,C,385.0,38,2,0.9531254687499999,0.02,0.0,0.05
GOOGL,2026-08-28,2026-08-31,C,390.0,29,25,0.937500625,0.06,0.0,0.02
GOOGL,2026-08-28,2026-08-31,C,395.0,26,21,0.9687503125,0.01,0.0,0.01
GOOGL,2026-08-28,2026-08-31,C,400.0,262,259,1.0312548437500002,0.01,0.0,0.01
GOOGL,2026-08-28,2026-08-31,C,405.0,29,1,1.09375453125,0.11,0.0,0.01
GOOGL,2026-08-28,2026-08-31,C,410.0,15,1,1.15625421875,0.03,0.0,0.01
GOOGL,2026-08-28,2026-08-31,C,415.0,1003,1001,1.2500037499999999,0.01,0.0,0.01
GOOGL,2026-08-28,2026-08-31,C,420.0,24,7,1.3125034374999998,0.03,0.0,0.01
GOOGL,2026-08-28,2026-08-31,C,425.0,13,4,1.3750031249999999,0.08,0.0,0.01
GOOGL,2026-08-28,2026-08-31,C,430.0,12,2,1.4375028125,0.07,0.0,0.01
GOOGL,2026-08-28,2026-08-31,C,435.0,17,1,1.5000025,0.01,0.0,0.01
GOOGL,2026-08-28,2026-08-31,C,440.0,1,0,1.5625021874999998,0.05,0.0,0.01
GOOGL,2026-08-28,2026-08-31,C,445.0,7,3,1.625001875,0.02,0.0,0.01
GOOGL,2026-08-28,2026-08-31,C,450.0,3,1,1.6875015625,0.02,0.0,0.01
GOOGL,2026-08-28,2026-08-31,P,245.0,2,0,2.031254921875,0.74,0.0,0.01
GOOGL,2026-08-28,2026-08-31,P,250.0,352,1,1.9062504687500001,0.01,0.0,0.01
GOOGL,2026-08-28,2026-08-31,P,255.0,1,0,1.6875015625,0.01,0.0,0.01
GOOGL,2026-08-28,2026-08-31,P,260.0,5,2,1.5625021874999998,0.05,0.0,0.01
GOOGL,2026-08-28,2026-08-31,P,265.0,27,2,1.46875265625,0.01,0.0,0.01
GOOGL,2026-08-28,2026-08-31,P,270.0,21,1,1.3750031249999999,0.03,0.0,0.01
GOOGL,2026-08-28,2026-08-31,P,275.0,12,1,1.4609401953124999,1.4,0.0,0.05
GOOGL,2026-08-28,2026-08-31,P,280.0,147,1,1.2812535937499998,0.01,0.0,0.03
GOOGL,2026-08-28,2026-08-31,P,285.0,21,1,2.1875045312499997,1.05,0.0,2.13
GOOGL,2026-08-28,2026-08-31,P,290.0,6,1,2.009770600585937,1.09,0.0,2.13
GOOGL,2026-08-28,2026-08-31,P,295.0,4,2,0.85937640625,0.06,0.0,0.01
GOOGL,2026-08-28,2026-08-31,P,300.0,23,2,0.8125018749999999,0.04,0.0,0.02
GOOGL,2026-08-28,2026-08-31,P,305.0,90,2,0.6562534375000001,0.01,0.0,0.01
GOOGL,2026-08-28,2026-08-31,P,310.0,80,4,0.5625043750000001,0.01,0.0,0.01
GOOGL,2026-08-28,2026-08-31,P,315.0,481,102,0.500005,0.01,0.0,0.01
GOOGL,2026-08-28,2026-08-31,P,320.0,126,1,0.398443515625,0.01,0.0,0.01
GOOGL,2026-08-28,2026-08-31,P,325.0,512,156,0.29688203124999996,0.01,0.0,0.01
GOOGL,2026-08-28,2026-08-31,P,330.0,1289,3484,0.21094539062499998,0.01,0.01,0.02
GOOGL,2026-08-28,2026-08-31,P,335.0,1572,11668,0.132821171875,0.11,0.1,0.11
GOOGL,2026-08-28,2026-08-31,P,337.5,1349,15455,0.11548736083984376,0.57,0.54,0.59
GOOGL,2026-08-28,2026-08-31,P,340.0,784,7992,1.0000000000000003e-05,1.88,1.82,1.94
GOOGL,2026-08-28,2026-08-31,P,342.5,967,1812,1.0000000000000003e-05,4.14,3.65,4.1
GOOGL,2026-08-28,2026-08-31,P,345.0,5351,427,1.0000000000000003e-05,6.71,6.25,6.7
GOOGL,2026-08-28,2026-08-31,P,347.5,1242,64,1.0000000000000003e-05,8.85,8.6,9.2
GOOGL,2026-08-28,2026-08-31,P,350.0,205,66,1.0000000000000003e-05,11.82,10.6,11.65
GOOGL,2026-08-28,2026-08-31,P,352.5,79,33,1.0000000000000003e-05,14.38,13.65,14.45
GOOGL,2026-08-28,2026-08-31,P,355.0,28,8,0.8491226025390625,16.33,15.9,18.05
GOOGL,2026-08-28,2026-08-31,P,357.5,45,46,0.65039412109375,10.66,18.4,19.75
GOOGL,2026-08-28,2026-08-31,P,360.0,4,4,1.076176494140625,17.5,20.75,23.3
GOOGL,2026-08-28,2026-08-31,P,362.5,0,0,1.1005904345703126,22.03,23.3,25.6
GOOGL,2026-08-28,2026-08-31,P,365.0,0,2,0.9433599414062499,20.5,25.6,27.45
GOOGL,2026-08-28,2026-08-31,P,367.5,0,1,1.337405656738281,22.55,27.4,30.9
GOOGL,2026-08-28,2026-08-31,P,370.0,0,0,1.200687590332031,20.95,29.9,32.75
GOOGL,2026-08-28,2026-08-31,P,380.0,0,20,1.4609401953124999,39.41,40.45,42.75
GOOGL,2026-08-28,2026-09-02,C,250.0,1,1,1.7177748486328124,91.08,87.0,89.9
GOOGL,2026-08-28,2026-09-02,C,285.0,4,0,1.1460003637695313,60.38,52.0,55.35
GOOGL,2026-08-28,2026-09-02,C,290.0,8,0,1.0502977172851562,50.69,47.0,50.35
GOOGL,2026-08-28,2026-09-02,C,295.0,29,5,0.93164130859375,54.65,42.05,45.15
GOOGL,2026-08-28,2026-09-02,C,300.0,34,40,0.8378922460937499,42.9,37.05,40.15
GOOGL,2026-08-28,2026-09-02,C,305.0,13,10,0.708010732421875,38.33,32.05,34.9
GOOGL,2026-08-28,2026-09-02,C,310.0,19,10,0.6801789794921876,33.5,27.25,30.2
GOOGL,2026-08-28,2026-09-02,C,315.0,20,2,0.6215858154296876,25.8,22.9,24.95
GOOGL,2026-08-28,2026-09-02,C,320.0,15,1,0.5258836474609375,20.91,18.0,19.95
GOOGL,2026-08-28,2026-09-02,C,325.0,4,72,0.5463912548828126,13.75,13.0,15.0
GOOGL,2026-08-28,2026-09-02,C,330.0,18,28,0.3635317553710938,9.13,8.5,9.5
GOOGL,2026-08-28,2026-09-02,C,335.0,148,241,0.2788158056640625,4.9,4.7,5.1
GOOGL,2026-08-28,2026-09-02,C,337.5,67,914,0.26978269287109374,3.43,3.25,3.55
GOOGL,2026-08-28,2026-09-02,C,340.0,147,2989,0.2561109545898438,2.19,2.14,2.24
GOOGL,2026-08-28,2026-09-02,C,342.5,306,1715,0.2580640600585938,1.37,1.33,1.42
GOOGL,2026-08-28,2026-09-02,C,345.0,722,2300,0.25708750732421876,0.83,0.79,0.83
GOOGL,2026-08-28,2026-09-02,C,347.5,523,691,0.2590406127929688,0.46,0.44,0.47
GOOGL,2026-08-28,2026-09-02,C,350.0,1069,1237,0.26270268554687504,0.23,0.23,0.26
GOOGL,2026-08-28,2026-09-02,C,352.5,323,238,0.26709717285156254,0.13,0.12,0.14
GOOGL,2026-08-28,2026-09-02,C,355.0,618,692,0.2802806347656249,0.08,0.08,0.09
GOOGL,2026-08-28,2026-09-02,C,357.5,431,801,0.29492892578124996,0.05,0.04,0.06
GOOGL,2026-08-28,2026-09-02,C,360.0,484,313,0.31641308593749995,0.04,0.03,0.05
GOOGL,2026-08-28,2026-09-02,C,362.5,163,13,0.405279384765625,0.05,0.0,0.14
GOOGL,2026-08-28,2026-09-02,C,365.0,208,68,0.37500625,0.02,0.01,0.05
GOOGL,2026-08-28,2026-09-02,C,367.5,49,5,0.45215391601562505,0.2,0.0,0.11
GOOGL,2026-08-28,2026-09-02,C,370.0,379,11,0.4062559375,0.03,0.01,0.03
GOOGL,2026-08-28,2026-09-02,C,375.0,112,23,0.6074258007812501,0.02,0.0,0.45
GOOGL,2026-08-28,2026-09-02,C,380.0,166,2,0.48828636718750007,0.07,0.0,0.02
GOOGL,2026-08-28,2026-09-02,C,385.0,13,3,0.7324245507812499,0.02,0.0,0.45
GOOGL,2026-08-28,2026-09-02,C,390.0,18,2,0.84961087890625,0.09,0.0,0.69
GOOGL,2026-08-28,2026-09-02,C,395.0,7,3,1.1337933935546878,0.07,0.0,2.12
GOOGL,2026-08-28,2026-09-02,C,400.0,122,1,0.632816171875,0.07,0.0,0.02
GOOGL,2026-08-28,2026-09-02,C,405.0,48,5,0.7617211328125001,0.09,0.0,0.07
GOOGL,2026-08-28,2026-09-02,C,410.0,5,1,0.8398453515625,1.05,0.0,0.1
GOOGL,2026-08-28,2026-09-02,C,415.0,13,4,1.4013701806640624,0.05,0.0,2.13
GOOGL,2026-08-28,2026-09-02,C,420.0,11,1,0.7500025,0.17,0.0,0.01
GOOGL,2026-08-28,2026-09-02,C,425.0,12,56,0.7812521875,0.04,0.0,0.01
GOOGL,2026-08-28,2026-09-02,C,430.0,4,4,0.8125018749999999,0.04,0.0,0.01
GOOGL,2026-08-28,2026-09-02,C,435.0,6,1,0.85937640625,0.01,0.0,0.01
GOOGL,2026-08-28,2026-09-02,C,440.0,8,3,0.9062509375,0.01,0.0,0.01
GOOGL,2026-08-28,2026-09-02,C,445.0,14,3,0.937500625,0.09,0.0,0.01
GOOGL,2026-08-28,2026-09-02,C,450.0,4,3,0.9687503125,0.17,0.0,0.01
GOOGL,2026-08-28,2026-09-02,P,245.0,31,0,2.4599647875976567,0.24,0.0,2.13
GOOGL,2026-08-28,2026-09-02,P,250.0,1,0,2.0058643603515627,0.04,0.0,2.13
GOOGL,2026-08-28,2026-09-02,P,255.0,2,1,1.8955083349609376,0.03,0.0,2.13
GOOGL,2026-08-28,2026-09-02,P,260.0,1,10,1.7875987182617186,0.03,0.0,2.13
GOOGL,2026-08-28,2026-09-02,P,265.0,3,12,1.6787125439453123,0.04,0.0,2.12
GOOGL,2026-08-28,2026-09-02,P,270.0,1,3,1.5732443212890623,0.05,0.0,2.12
GOOGL,2026-08-28,2026-09-02,P,275.0,2,10,1.4697292138671876,0.06,0.0,2.13
GOOGL,2026-08-28,2026-09-02,P,280.0,25,15,1.3662141064453124,0.43,0.0,2.13
GOOGL,2026-08-28,2026-09-02,P,285.0,8,2,1.2626989990234374,0.09,0.0,2.13
GOOGL,2026-08-28,2026-09-02,P,290.0,5,6,0.938477177734375,0.06,0.0,0.76
GOOGL,2026-08-28,2026-09-02,P,295.0,6,4,1.0581101782226563,0.07,0.0,2.13
GOOGL,2026-08-28,2026-09-02,P,300.0,11,1,0.9555668505859375,0.17,0.0,2.13
GOOGL,2026-08-28,2026-09-02,P,305.0,22,3,0.5498091894531252,0.05,0.0,0.23
GOOGL,2026-08-28,2026-09-02,P,310.0,80,1,0.5205126074218749,0.04,0.0,0.2
GOOGL,2026-08-28,2026-09-02,P,315.0,101,677,0.35156898437499995,0.01,0.01,0.05
GOOGL,2026-08-28,2026-09-02,P,320.0,102,64,0.2978585839843749,0.04,0.05,0.07
GOOGL,2026-08-28,2026-09-02,P,325.0,356,266,0.257819921875,0.15,0.12,0.15
GOOGL,2026-08-28,2026-09-02,P,330.0,294,5035,0.2260819580078125,0.38,0.37,0.41
GOOGL,2026-08-28,2026-09-02,P,335.0,294,2225,0.20972469970703123,1.24,1.2,1.33
GOOGL,2026-08-28,2026-09-02,P,337.5,299,1074,0.20471986694335934,2.0,2.06,2.26
GOOGL,2026-08-28,2026-09-02,P,340.0,299,1811,0.20581848876953124,3.5,3.35,3.65
GOOGL,2026-08-28,2026-09-02,P,342.5,456,333,0.2063067651367187,5.2,4.95,5.4
GOOGL,2026-08-28,2026-09-02,P,345.0,136,83,0.2280350634765625,7.35,6.8,7.6
GOOGL,2026-08-28,2026-09-02,P,347.5,64,8,0.2929758203124999,10.01,8.8,10.2
GOOGL,2026-08-28,2026-09-02,P,350.0,110,60,0.28174546386718746,11.4,10.4,12.35
GOOGL,2026-08-28,2026-09-02,P,352.5,18,8,0.2695385546875,15.05,12.9,14.65
GOOGL,2026-08-28,2026-09-02,P,355.0,38,3,0.397466962890625,16.25,15.85,17.5
GOOGL,2026-08-28,2026-09-02,P,357.5,47,45,0.47852083984375,11.23,17.5,20.2
GOOGL,2026-08-28,2026-09-02,P,360.0,11,14,0.4282283740234375,18.87,20.3,22.3
GOOGL,2026-08-28,2026-09-02,P,365.0,0,0,0.7277859252929688,25.13,24.9,28.4
GOOGL,2026-08-28,2026-09-02,P,375.0,0,10,0.7695335546875001,33.16,34.9,37.75
GOOGL,2026-08-28,2026-09-04,C,115.0,2,0,4.451176311035156,264.84,221.75,225.65
GOOGL,2026-08-28,2026-09-04,C,175.0,1,0,2.782229606933594,169.01,161.65,165.6
GOOGL,2026-08-28,2026-09-04,C,190.0,1,0,2.7373078442382814,181.7,146.8,149.15
GOOGL,2026-08-28,2026-09-04,C,195.0,1,0,2.3847696630859367,182.2,141.8,145.5
GOOGL,2026-08-28,2026-09-04,C,210.0,4,0,2.0293018017578124,133.94,126.6,130.45
GOOGL,2026-08-28,2026-09-04,C,220.0,1,1,1.8935552197265624,121.89,116.6,120.6
GOOGL,2026-08-28,2026-09-04,C,230.0,0,0,1.72265763671875,147.83,106.7,110.5
GOOGL,2026-08-28,2026-09-04,C,235.0,2,1,1.6611345068359378,108.65,101.8,105.5
GOOGL,2026-08-28,2026-09-04,C,240.0,0,0,1.588869243164062,104.42,96.65,100.7
GOOGL,2026-08-28,2026-09-04,C,245.0,50,50,1.46484642578125,102.31,91.65,95.5
GOOGL,2026-08-28,2026-09-04,C,250.0,4,2,1.4619167529296875,91.03,87.05,90.5
GOOGL,2026-08-28,2026-09-04,C,255.0,38,3,1.443362158203125,88.54,82.4,85.55
GOOGL,2026-08-28,2026-09-04,C,260.0,5,1,1.3320345898437496,81.25,77.05,80.7
GOOGL,2026-08-28,2026-09-04,C,265.0,58,4,1.2216835791015623,77.15,72.05,75.5
GOOGL,2026-08-28,2026-09-04,C,270.0,2,4,1.1508831518554685,72.2,67.05,70.55
GOOGL,2026-08-28,2026-09-04,C,275.0,1,1,1.0727585424804689,71.56,62.05,65.55
GOOGL,2026-08-28,2026-09-04,C,280.0,31,4,0.989257919921875,65.22,57.05,60.5
GOOGL,2026-08-28,2026-09-04,C,285.0,39,4,0.913086806640625,61.72,52.05,55.5
GOOGL,2026-08-28,2026-09-04,C,290.0,96,32,0.8913585083007811,56.89,47.5,50.55
GOOGL,2026-08-28,2026-09-04,C,295.0,40,2,0.7832052929687501,47.29,42.2,45.55
GOOGL,2026-08-28,2026-09-04,C,300.0,66,7,0.7065459033203125,39.0,37.5,40.25
GOOGL,2026-08-28,2026-09-04,C,305.0,38,1,0.6337927246093751,43.4,32.35,35.45
GOOGL,2026-08-28,2026-09-04,C,310.0,63,1,0.5397995239257813,36.89,27.6,30.0
GOOGL,2026-08-28,2026-09-04,C,315.0,126,2,0.5376022802734376,23.58,22.45,24.35
GOOGL,2026-08-28,2026-09-04,C,317.5,28,46,0.47681187255859375,21.2,20.45,21.7
GOOGL,2026-08-28,2026-09-04,C,320.0,3094,57,0.43457596679687505,18.74,18.3,19.2
GOOGL,2026-08-28,2026-09-04,C,322.5,26,11,0.4282283740234375,16.52,15.7,17.05
GOOGL,2026-08-28,2026-09-04,C,325.0,212,4,0.37256486816406253,16.52,13.65,14.45
GOOGL,2026-08-28,2026-09-04,C,327.5,7,10,0.34802898071289057,20.65,11.35,12.2
GOOGL,2026-08-28,2026-09-04,C,330.0,371,160,0.33374689697265625,9.9,9.65,10.15
GOOGL,2026-08-28,2026-09-04,C,332.5,19,16,0.3073799731445312,7.92,7.7,8.05
GOOGL,2026-08-28,2026-09-04,C,335.0,366,220,0.29920134399414056,5.87,5.95,6.35
GOOGL,2026-08-28,2026-09-04,C,337.5,68,1395,0.2915109912109374,4.7,4.75,4.85
GOOGL,2026-08-28,2026-09-04,C,340.0,1861,4723,0.2830882238769531,3.6,3.4,3.55
GOOGL,2026-08-28,2026-09-04,C,342.5,759,750,0.27698476928710936,2.49,2.49,2.51
GOOGL,2026-08-28,2026-09-04,C,345.0,6170,2672,0.27625235473632803,1.78,1.75,1.76
GOOGL,2026-08-28,2026-09-04,C,347.5,2819,9412,0.2805247729492187,1.24,1.22,1.25
GOOGL,2026-08-28,2026-09-04,C,350.0,6907,3807,0.2877268493652343,0.87,0.85,0.9
GOOGL,2026-08-28,2026-09-04,C,352.5,6803,655,0.2890696093749999,0.58,0.56,0.6
GOOGL,2026-08-28,2026-09-04,C,355.0,5276,1086,0.2934640966796874,0.4,0.38,0.41
GOOGL,2026-08-28,2026-09-04,C,357.5,1372,245,0.30103238037109376,0.27,0.26,0.29
GOOGL,2026-08-28,2026-09-04,C,360.0,4713,1338,0.30713583496093744,0.19,0.18,0.2
GOOGL,2026-08-28,2026-09-04,C,362.5,1002,273,0.317389638671875,0.14,0.13,0.15
GOOGL,2026-08-28,2026-09-04,C,365.0,2358,755,0.32617861328125,0.11,0.1,0.11
GOOGL,2026-08-28,2026-09-04,C,367.5,477,109,0.33399103515625,0.07,0.07,0.08
GOOGL,2026-08-28,2026-09-04,C,370.0,3172,308,0.3505924316406249,0.06,0.06,0.07
GOOGL,2026-08-28,2026-09-04,C,375.0,2395,120,0.3789124609375,0.05,0.04,0.05
GOOGL,2026-08-28,2026-09-04,C,380.0,1250,51,0.41992767578125,0.03,0.02,0.05
GOOGL,2026-08-28,2026-09-04,C,385.0,1389,23,0.4335994140625,0.03,0.02,0.03
GOOGL,2026-08-28,2026-09-04,C,390.0,1089,31,0.4726615234375,0.02,0.01,0.03
GOOGL,2026-08-28,2026-09-04,C,395.0,829,6,0.5644574804687501,0.06,0.0,0.15
GOOGL,2026-08-28,2026-09-04,C,400.0,2040,58,0.523442265625,0.01,0.01,0.03
GOOGL,2026-08-28,2026-09-04,C,405.0,513,4,0.523442265625,0.01,0.0,0.02
GOOGL,2026-08-28,2026-09-04,C,410.0,534,32,0.782228740234375,0.01,0.0,0.43
GOOGL,2026-08-28,2026-09-04,C,415.0,204,1,0.6914093359375001,0.01,0.0,0.11
GOOGL,2026-08-28,2026-09-04,C,420.0,504,42,0.7187528125,0.01,0.0,0.1
GOOGL,2026-08-28,2026-09-04,C,425.0,1181,29,0.6718782812500002,0.01,0.0,0.03
GOOGL,2026-08-28,2026-09-04,C,430.0,463,199,0.9160164648437501,0.01,0.0,0.35
GOOGL,2026-08-28,2026-09-04,C,435.0,65,26,1.2719762963867183,0.01,0.0,2.11
GOOGL,2026-08-28,2026-09-04,C,440.0,516,21,1.2685583447265623,0.01,0.0,1.73
GOOGL,2026-08-28,2026-09-04,C,445.0,60,20,1.36328443359375,0.01,0.0,2.13
GOOGL,2026-08-28,2026-09-04,C,450.0,265,3,1.1220747021484376,0.03,0.0,0.53
GOOGL,2026-08-28,2026-09-04,C,455.0,167,9,1.4487332250976563,0.05,0.0,2.13
GOOGL,2026-08-28,2026-09-04,C,460.0,294,1,1.4907252026367184,0.04,0.0,2.13
GOOGL,2026-08-28,2026-09-04,C,465.0,10,2,1.5317406225585937,0.05,0.0,2.13
GOOGL,2026-08-28,2026-09-04,C,470.0,335,19,1.572267763671875,0.01,0.0,2.13
GOOGL,2026-08-28,2026-09-04,C,475.0,51,35,1.6118183471679686,0.01,0.0,2.13
GOOGL,2026-08-28,2026-09-04,C,480.0,60,20,1.6508806518554686,0.01,0.0,2.13
GOOGL,2026-08-28,2026-09-04,C,485.0,56,36,1.689454677734375,0.01,0.0,2.13
GOOGL,2026-08-28,2026-09-04,C,490.0,134,15,1.000005,0.01,0.0,0.02
GOOGL,2026-08-28,2026-09-04,C,495.0,40,4,1.7646496142578125,0.01,0.0,2.13
GOOGL,2026-08-28,2026-09-04,C,500.0,44,1,0.98437515625,0.01,0.0,0.01
GOOGL,2026-08-28,2026-09-04,C,505.0,87,14,1.0312548437500002,0.01,0.0,0.01
GOOGL,2026-08-28,2026-09-04,C,510.0,25,6,1.0312548437500002,0.01,0.0,0.01
GOOGL,2026-08-28,2026-09-04,C,515.0,27,2,1.0625046875000002,0.01,0.0,0.01
GOOGL,2026-08-28,2026-09-04,C,520.0,116,16,1.09375453125,0.01,0.0,0.01
GOOGL,2026-08-28,2026-09-04,C,525.0,235,1,1.125004375,0.02,0.0,0.01
GOOGL,2026-08-28,2026-09-04,C,530.0,135,2,1.125004375,0.01,0.0,0.01
GOOGL,2026-08-28,2026-09-04,C,535.0,2,1,1.15625421875,0.18,0.0,0.01
GOOGL,2026-08-28,2026-09-04,C,540.0,15,14,1.1875040625,0.01,0.0,0.01
GOOGL,2026-08-28,2026-09-04,C,545.0,3,1,1.1875040625,0.01,0.0,0.01
GOOGL,2026-08-28,2026-09-04,C,550.0,64,1,1.21875390625,0.03,0.0,0.01
GOOGL,2026-08-28,2026-09-04,P,120.0,1,0,2.718753203125,0.01,0.0,0.01
GOOGL,2026-08-28,2026-09-04,P,130.0,1010,126,2.5312536718749996,0.01,0.0,0.01
GOOGL,2026-08-28,2026-09-04,P,135.0,1000,0,2.43750390625,0.01,0.0,0.01
GOOGL,2026-08-28,2026-09-04,P,140.0,10,0,2.3437541406249993,0.01,0.0,0.01
GOOGL,2026-08-28,2026-09-04,P,150.0,10,0,2.156254609375,0.01,0.0,0.01
GOOGL,2026-08-28,2026-09-04,P,160.0,6260,0,1.984375078125,0.01,0.0,0.01
GOOGL,2026-08-28,2026-09-04,P,165.0,2800,0,1.9062504687500001,0.01,0.0,0.01
GOOGL,2026-08-28,2026-09-04,P,170.0,10,0,1.8437507812499998,0.01,0.0,0.01
GOOGL,2026-08-28,2026-09-04,P,175.0,0,0,1.6875015625,0.02,0.0,0.01
GOOGL,2026-08-28,2026-09-04,P,180.0,1,0,1.625001875,0.02,0.0,0.01
GOOGL,2026-08-28,2026-09-04,P,185.0,2,0,1.5625021874999998,0.02,0.0,0.01
GOOGL,2026-08-28,2026-09-04,P,190.0,50,50,1.46875265625,0.01,0.0,0.01
GOOGL,2026-08-28,2026-09-04,P,195.0,3,1,1.40625296875,0.01,0.0,0.01
GOOGL,2026-08-28,2026-09-04,P,200.0,559,4,1.3437532812499997,0.01,0.0,0.01
GOOGL,2026-08-28,2026-09-04,P,205.0,1520,20,1.2812535937499998,0.01,0.0,0.01
GOOGL,2026-08-28,2026-09-04,P,210.0,21,20,1.2500037499999999,0.01,0.0,0.01
GOOGL,2026-08-28,2026-09-04,P,215.0,23,20,1.1875040625,0.17,0.0,0.01
GOOGL,2026-08-28,2026-09-04,P,220.0,144,109,1.125004375,0.01,0.0,0.01
GOOGL,2026-08-28,2026-09-04,P,225.0,89,103,1.0625046875000002,0.01,0.0,0.01
GOOGL,2026-08-28,2026-09-04,P,230.0,104,1,1.000005,0.02,0.0,0.01
GOOGL,2026-08-28,2026-09-04,P,235.0,117,75,0.9687503125,0.01,0.0,0.01
GOOGL,2026-08-28,2026-09-04,P,240.0,119,1,0.9062509375,0.02,0.0,0.01
GOOGL,2026-08-28,2026-09-04,P,245.0,286,4,0.8437515624999999,0.01,0.0,0.01
GOOGL,2026-08-28,2026-09-04,P,250.0,270,3,0.8125018749999999,0.01,0.0,0.01
GOOGL,2026-08-28,2026-09-04,P,255.0,52,2,0.7500025,0.03,0.0,0.01
GOOGL,2026-08-28,2026-09-04,P,260.0,33,52,0.70312796875,0.01,0.0,0.01
GOOGL,2026-08-28,2026-09-04,P,265.0,71,24,0.8867198828124999,0.01,0.0,0.2
GOOGL,2026-08-28,2026-09-04,P,270.0,1635,40,0.7421900781249999,0.02,0.0,0.08
GOOGL,2026-08-28,2026-09-04,P,275.0,95,3,0.70312796875,0.03,0.0,0.1
GOOGL,2026-08-28,2026-09-04,P,280.0,1238,139,0.6640658593750002,0.01,0.0,0.12
GOOGL,2026-08-28,2026-09-04,P,285.0,197,5,0.6757844921875001,0.04,0.0,0.27
GOOGL,2026-08-28,2026-09-04,P,290.0,513,22,0.507817421875,0.02,0.01,0.03
GOOGL,2026-08-28,2026-09-04,P,295.0,405,7,0.48633326171875,0.04,0.0,0.05
GOOGL,2026-08-28,2026-09-04,P,300.0,694,73,0.459966337890625,0.04,0.02,0.08
GOOGL,2026-08-28,2026-09-04,P,305.0,243,5,0.38867798828125,0.05,0.03,0.06
GOOGL,2026-08-28,2026-09-04,P,310.0,577,63,0.34766277343749996,0.07,0.05,0.08
GOOGL,2026-08-28,2026-09-04,P,315.0,1114,83,0.30664755859375,0.1,0.1,0.11
GOOGL,2026-08-28,2026-09-04,P,317.5,706,13,0.29932341308593746,0.18,0.07,0.17
GOOGL,2026-08-28,2026-09-04,P,320.0,1741,700,0.27930408203124996,0.19,0.2,0.21
GOOGL,2026-08-28,2026-09-04,P,322.5,1341,501,0.266608896484375,0.29,0.27,0.3
GOOGL,2026-08-28,2026-09-04,P,325.0,1380,607,0.25830819824218754,0.43,0.42,0.46
GOOGL,2026-08-28,2026-09-04,P,327.5,2174,745,0.2559888854980469,0.76,0.68,0.75
GOOGL,2026-08-28,2026-09-04,P,330.0,2362,2838,0.24390404541015626,1.09,1.03,1.07
GOOGL,2026-08-28,2026-09-04,P,332.5,767,563,0.24451439086914065,1.62,1.59,1.69
GOOGL,2026-08-28,2026-09-04,P,335.0,1933,4449,0.2406081799316406,2.45,2.38,2.47
GOOGL,2026-08-28,2026-09-04,P,337.5,500,863,0.2436599072265625,3.5,3.45,3.6
GOOGL,2026-08-28,2026-09-04,P,340.0,2126,721,0.24097438720703124,4.72,4.75,4.9
GOOGL,2026-08-28,2026-09-04,P,342.5,1273,72,0.23792265991210934,6.65,6.15,6.45
GOOGL,2026-08-28,2026-09-04,P,345.0,2159,125,0.2436599072265625,8.1,7.9,8.35
GOOGL,2026-08-28,2026-09-04,P,347.5,225,26,0.22144333251953124,10.52,9.85,10.15
GOOGL,2026-08-28,2026-09-04,P,350.0,809,73,0.20996883789062498,12.06,11.85,12.3
GOOGL,2026-08-28,2026-09-04,P,352.5,330,24,0.30152065673828127,14.75,14.2,15.2
GOOGL,2026-08-28,2026-09-04,P,355.0,608,49,0.282233740234375,17.25,16.35,17.35
GOOGL,2026-08-28,2026-09-04,P,357.5,11,2,0.30274134765625,19.18,18.05,19.8
GOOGL,2026-08-28,2026-09-04,P,360.0,512,43,1.0000000000000003e-05,22.11,20.45,21.85
GOOGL,2026-08-28,2026-09-04,P,362.5,69,16,0.34717449707031245,24.35,23.55,24.75
GOOGL,2026-08-28,2026-09-04,P,365.0,255,8,0.35938140625,26.45,25.7,27.2
GOOGL,2026-08-28,2026-09-04,P,367.5,6,1,1.0000000000000003e-05,25.16,28.5,29.4
GOOGL,2026-08-28,2026-09-04,P,370.0,191,4,0.6186561572265626,32.4,30.25,33.3
GOOGL,2026-08-28,2026-09-04,P,375.0,62,4,1.0000000000000003e-05,36.0,35.85,36.65
GOOGL,2026-08-28,2026-09-04,P,380.0,0,57,0.6533237792968751,38.4,40.75,42.75
GOOGL,2026-08-28,2026-09-04,P,385.0,0,1,0.70898728515625,41.05,45.5,47.75
GOOGL,2026-08-28,2026-09-04,P,390.0,0,1,0.5888712988281251,36.0,50.95,53.4
GOOGL,2026-08-28,2026-09-04,P,395.0,0,0,0.91992267578125,35.6,55.15,58.3
GOOGL,2026-08-28,2026-09-04,P,400.0,1,6,0.9750979052734375,52.34,60.2,63.3
GOOGL,2026-08-28,2026-09-04,P,410.0,0,78,1.0810592822265626,64.0,70.05,73.3
GOOGL,2026-08-28,2026-09-04,P,415.0,0,0,1.1413617150878905,51.75,75.3,78.35
GOOGL,2026-08-28,2026-09-04,P,420.0,0,1,1.1821329956054685,73.15,79.95,83.3
GOOGL,2026-08-28,2026-09-04,P,425.0,0,0,1.2407264526367183,52.4,85.05,88.35
GOOGL,2026-08-28,2026-09-04,P,430.0,0,0,0.9609378906249999,54.5,91.15,93.35
GOOGL,2026-08-28,2026-09-04,P,435.0,0,35,1.0263720556640625,96.91,96.25,98.35
GOOGL,2026-08-28,2026-09-09,C,245.0,10,0,1.091801416015625,102.31,92.05,95.5
GOOGL,2026-08-28,2026-09-09,C,265.0,1,0,0.858399853515625,74.82,72.05,75.45
GOOGL,2026-08-28,2026-09-09,C,270.0,1,0,0.8283708569335937,69.86,67.05,70.7
GOOGL,2026-08-28,2026-09-09,C,280.0,1,0,0.7084990087890625,59.95,57.1,60.55
GOOGL,2026-08-28,2026-09-09,C,285.0,1,0,0.6543003320312502,55.0,52.1,55.55
GOOGL,2026-08-28,2026-09-09,C,295.0,2,0,0.5229539892578124,46.19,42.1,45.25
GOOGL,2026-08-28,2026-09-09,C,300.0,3,10,0.5029346582031251,38.51,37.8,40.0
GOOGL,2026-08-28,2026-09-09,C,310.0,33,0,0.5241746801757812,38.04,27.2,30.35
GOOGL,2026-08-28,2026-09-09,C,315.0,33,0,0.44727115234375,33.12,23.2,25.2
GOOGL,2026-08-28,2026-09-09,C,320.0,13,1,0.39063109375,21.59,18.55,20.35
GOOGL,2026-08-28,2026-09-09,C,325.0,3,0,0.3529117443847656,23.87,14.0,15.9
GOOGL,2026-08-28,2026-09-09,C,330.0,9,2,0.31928170959472646,10.6,9.8,11.75
GOOGL,2026-08-28,2026-09-09,C,335.0,4,4,0.2715526947021484,7.1,6.6,7.65
GOOGL,2026-08-28,2026-09-09,C,337.5,7,57,0.2622144091796875,5.69,5.35,6.1
GOOGL,2026-08-28,2026-09-09,C,340.0,29,207,0.254463021850586,4.7,4.45,4.75
GOOGL,2026-08-28,2026-09-09,C,342.5,135,123,0.2523268127441406,3.6,2.98,3.7
GOOGL,2026-08-28,2026-09-09,C,345.0,422,178,0.2533033654785156,2.78,2.71,2.88
GOOGL,2026-08-28,2026-09-09,C,347.5,24,61,0.2533033654785156,1.98,1.95,2.19
GOOGL,2026-08-28,2026-09-09,C,350.0,69,105,0.25659923095703124,1.47,1.33,1.69
GOOGL,2026-08-28,2026-09-09,C,352.5,32,11,0.2553785400390626,1.14,1.01,1.23
GOOGL,2026-08-28,2026-09-09,C,355.0,98,105,0.25196060546875,0.85,0.78,0.85
GOOGL,2026-08-28,2026-09-09,C,357.5,24,9,0.26050544189453123,0.67,0.5,0.68
GOOGL,2026-08-28,2026-09-09,C,360.0,84,174,0.2629468237304688,0.5,0.5,0.5
GOOGL,2026-08-28,2026-09-09,C,362.5,56,11,0.2751537329101562,0.31,0.24,0.43
GOOGL,2026-08-28,2026-09-09,C,365.0,92,60,0.28174546386718746,0.3,0.24,0.34
GOOGL,2026-08-28,2026-09-09,C,367.5,37,1,0.3129951513671875,0.31,0.18,0.41
GOOGL,2026-08-28,2026-09-09,C,370.0,35,17,0.29834686035156244,0.21,0.16,0.23
GOOGL,2026-08-28,2026-09-09,C,375.0,195,183,0.3178779150390625,0.11,0.1,0.17
GOOGL,2026-08-28,2026-09-09,C,380.0,43,1,0.35108070800781244,0.2,0.03,0.17
GOOGL,2026-08-28,2026-09-09,C,390.0,1100,3,0.42578699218750005,0.09,0.05,0.2
GOOGL,2026-08-28,2026-09-09,C,400.0,5,0,0.5048877636718749,0.09,0.01,0.25
GOOGL,2026-08-28,2026-09-09,C,405.0,53,1,0.48242705078125003,0.12,0.01,0.12
GOOGL,2026-08-28,2026-09-09,C,410.0,498,6,0.477544287109375,0.04,0.01,0.07
GOOGL,2026-08-28,2026-09-09,C,415.0,2,0,0.5380905566406251,0.19,0.0,0.12
GOOGL,2026-08-28,2026-09-09,C,420.0,1,7,0.53320779296875,0.04,0.0,0.15
GOOGL,2026-08-28,2026-09-09,C,425.0,377,3,0.5273484765625001,0.09,0.0,0.09
GOOGL,2026-08-28,2026-09-09,C,430.0,1,10,0.6035195898437502,0.01,0.0,0.2
GOOGL,2026-08-28,2026-09-09,C,445.0,1,0,1.1140181018066406,0.17,0.0,2.13
GOOGL,2026-08-28,2026-09-09,C,450.0,1,2,0.6250037500000001,0.06,0.01,0.06
GOOGL,2026-08-28,2026-09-09,P,270.0,1,0,0.7417018017578124,0.05,0.0,0.49
GOOGL,2026-08-28,2026-09-09,P,275.0,3,0,0.6904327832031252,0.05,0.0,0.49
GOOGL,2026-08-28,2026-09-09,P,280.0,6,1,0.477544287109375,0.25,0.0,0.07
GOOGL,2026-08-28,2026-09-09,P,285.0,18,11,0.5170946728515625,0.06,0.01,0.23
GOOGL,2026-08-28,2026-09-09,P,290.0,18,8,0.40430283203125,0.05,0.01,0.08
GOOGL,2026-08-28,2026-09-09,P,295.0,59,7,0.38086556640624997,0.06,0.01,0.11
GOOGL,2026-08-28,2026-09-09,P,300.0,8,4,0.3398503515625,0.08,0.03,0.11
GOOGL,2026-08-28,2026-09-09,P,305.0,10,72,0.31055376953124997,0.11,0.05,0.14
GOOGL,2026-08-28,2026-09-09,P,310.0,2,72,0.28711650390624993,0.17,0.12,0.21
GOOGL,2026-08-28,2026-09-09,P,315.0,60,7,0.25489026367187506,0.28,0.21,0.27
GOOGL,2026-08-28,2026-09-09,P,320.0,108,0,0.24536887451171874,0.25,0.44,0.55
GOOGL,2026-08-28,2026-09-09,P,325.0,31,54,0.23743438354492186,1.0,0.97,1.09
GOOGL,2026-08-28,2026-09-09,P,330.0,239,55,0.23084265258789063,1.97,1.86,2.06
GOOGL,2026-08-28,2026-09-09,P,335.0,22,91,0.2230302307128906,3.52,3.3,3.6
GOOGL,2026-08-28,2026-09-09,P,337.5,69,79,0.21949022705078125,4.66,4.4,4.65
GOOGL,2026-08-28,2026-09-09,P,340.0,46,79,0.23401644897460935,6.1,5.35,6.3
GOOGL,2026-08-28,2026-09-09,P,342.5,71,10,0.2662426892089844,7.07,6.95,8.5
GOOGL,2026-08-28,2026-09-09,P,345.0,31,2,0.22632609619140626,9.63,8.85,9.35
GOOGL,2026-08-28,2026-09-09,P,347.5,91,0,0.2536695727539063,5.75,9.65,11.7
GOOGL,2026-08-28,2026-09-09,P,350.0,202,53,0.23804472900390622,12.7,12.6,13.4
GOOGL,2026-08-28,2026-09-09,P,352.5,3,0,0.20410952148437497,13.52,14.1,15.1
GOOGL,2026-08-28,2026-09-09,P,355.0,1,1,0.28784891845703114,14.4,16.4,18.3
GOOGL,2026-08-28,2026-09-09,P,360.0,14,0,0.34839518798828123,14.98,20.5,23.4
GOOGL,2026-08-28,2026-09-11,C,155.0,1,0,2.1298874877929688,188.65,182.0,185.4
GOOGL,2026-08-28,2026-09-11,C,165.0,1,0,1.99609376953125,178.93,172.05,175.45
GOOGL,2026-08-28,2026-09-11,C,180.0,11,0,1.705079599609375,197.2,157.15,160.0
GOOGL,2026-08-28,2026-09-11,C,190.0,1,1,1.623048759765625,148.73,146.8,150.6
GOOGL,2026-08-28,2026-09-11,C,195.0,1,1,1.5927754736328121,143.72,142.15,145.45
GOOGL,2026-08-28,2026-09-11,C,200.0,0,0,1.5200219311523435,182.45,137.05,140.5
GOOGL,2026-08-28,2026-09-11,C,205.0,3,1,1.4570339648437498,142.62,132.05,135.5
GOOGL,2026-08-28,2026-09-11,C,220.0,2,1,1.3168979467773436,129.9,117.1,120.75
GOOGL,2026-08-28,2026-09-11,C,225.0,3,2,1.231937434082031,119.5,112.1,115.55
GOOGL,2026-08-28,2026-09-11,C,230.0,0,0,1.1679729101562502,115.61,107.05,110.55
GOOGL,2026-08-28,2026-09-11,C,240.0,1,1,1.0859420703125,105.8,97.1,100.75
GOOGL,2026-08-28,2026-09-11,C,245.0,0,0,1.0026905334472658,97.6,92.1,95.5
GOOGL,2026-08-28,2026-09-11,C,250.0,2,1,0.9602054760742187,91.18,87.15,90.55
GOOGL,2026-08-28,2026-09-11,C,255.0,1,0,0.91211025390625,87.69,82.15,85.6
GOOGL,2026-08-28,2026-09-11,C,260.0,2,3,0.8642591699218749,85.47,77.15,80.65
GOOGL,2026-08-28,2026-09-11,C,265.0,1,2,0.8254411987304686,78.52,72.15,75.8
GOOGL,2026-08-28,2026-09-11,C,270.0,14,1,0.7133817724609376,75.95,67.2,70.1
GOOGL,2026-08-28,2026-09-11,C,275.0,6,1,0.6645541357421877,72.25,62.2,65.1
GOOGL,2026-08-28,2026-09-11,C,280.0,10,52,0.6626010302734376,63.97,57.2,60.65
GOOGL,2026-08-28,2026-09-11,C,285.0,36,56,0.5971719970703125,58.05,52.25,55.4
GOOGL,2026-08-28,2026-09-11,C,290.0,52,56,0.5290574438476563,53.16,47.25,50.15
GOOGL,2026-08-28,2026-09-11,C,295.0,62,3,0.5275926147460939,52.43,42.65,45.45
GOOGL,2026-08-28,2026-09-11,C,300.0,98,193,0.5847209497070311,39.33,38.2,40.2
GOOGL,2026-08-28,2026-09-11,C,305.0,51,247,0.5302781347656251,34.42,33.3,35.25
GOOGL,2026-08-28,2026-09-11,C,310.0,27,54,0.47839877075195314,28.52,27.25,30.35
GOOGL,2026-08-28,2026-09-11,C,315.0,48,82,0.4498346032714844,25.62,23.15,25.85
GOOGL,2026-08-28,2026-09-11,C,317.5,13,82,0.40906352661132805,23.3,20.8,23.2
GOOGL,2026-08-28,2026-09-11,C,320.0,35,66,0.3474186352539062,19.17,18.95,20.2
GOOGL,2026-08-28,2026-09-11,C,322.5,12,56,0.3665834826660156,16.94,16.95,18.6
GOOGL,2026-08-28,2026-09-11,C,325.0,41,61,0.3402165588378906,14.63,14.75,16.25
GOOGL,2026-08-28,2026-09-11,C,327.5,11,0,0.30005582763671873,17.96,13.05,13.65
GOOGL,2026-08-28,2026-09-11,C,330.0,67,26,0.2960275476074219,10.8,11.25,11.85
GOOGL,2026-08-28,2026-09-11,C,332.5,62,2,0.28266098205566403,9.72,9.5,9.95
GOOGL,2026-08-28,2026-09-11,C,335.0,92,346,0.2834544311523437,8.0,7.9,8.5
GOOGL,2026-08-28,2026-09-11,C,337.5,44,110,0.2721630401611328,6.46,6.5,6.9
GOOGL,2026-08-28,2026-09-11,C,340.0,903,411,0.2672192419433594,5.5,5.4,5.6
GOOGL,2026-08-28,2026-09-11,C,342.5,92,173,0.26642579284667967,4.1,4.3,4.55
GOOGL,2026-08-28,2026-09-11,C,345.0,609,429,0.2636182037353516,3.55,3.5,3.6
GOOGL,2026-08-28,2026-09-11,C,347.5,200,84,0.26538820556640624,2.86,2.74,2.89
GOOGL,2026-08-28,2026-09-11,C,350.0,881,572,0.2645947564697265,2.14,2.15,2.25
GOOGL,2026-08-28,2026-09-11,C,352.5,167,57,0.264655791015625,1.71,1.56,1.74
GOOGL,2026-08-28,2026-09-11,C,355.0,1589,1348,0.26697510375976563,1.33,1.21,1.36
GOOGL,2026-08-28,2026-09-11,C,357.5,442,63,0.2688061401367187,1.07,0.93,1.05
GOOGL,2026-08-28,2026-09-11,C,360.0,1279,261,0.2712475219726562,0.78,0.78,0.81
GOOGL,2026-08-28,2026-09-11,C,362.5,81,25,0.2766185620117187,0.66,0.58,0.65
GOOGL,2026-08-28,2026-09-11,C,365.0,547,429,0.2805247729492187,0.49,0.46,0.51
GOOGL,2026-08-28,2026-09-11,C,367.5,148,18,0.2873606420898437,0.38,0.36,0.42
GOOGL,2026-08-28,2026-09-11,C,370.0,1878,452,0.2910227148437499,0.32,0.3,0.33
GOOGL,2026-08-28,2026-09-11,C,375.0,1890,1038,0.30713583496093744,0.21,0.2,0.24
GOOGL,2026-08-28,2026-09-11,C,380.0,2503,49,0.3232489550781249,0.17,0.15,0.18
GOOGL,2026-08-28,2026-09-11,C,385.0,494,7,0.3437565625,0.13,0.11,0.15
GOOGL,2026-08-28,2026-09-11,C,390.0,335,91,0.35645174804687496,0.1,0.09,0.11
GOOGL,2026-08-28,2026-09-11,C,395.0,671,8,0.383795224609375,0.21,0.05,0.11
GOOGL,2026-08-28,2026-09-11,C,400.0,1797,37,0.39942006835937505,0.08,0.06,0.09
GOOGL,2026-08-28,2026-09-11,C,405.0,326,7,0.4858449853515625,0.11,0.01,0.24
GOOGL,2026-08-28,2026-09-11,C,410.0,189,1,0.46582565429687506,0.08,0.01,0.12
GOOGL,2026-08-28,2026-09-11,C,415.0,162,2,0.47363807617187503,0.06,0.01,0.09
GOOGL,2026-08-28,2026-09-11,C,420.0,652,15,0.46484910156250003,0.03,0.03,0.05
GOOGL,2026-08-28,2026-09-11,C,425.0,45,12,0.48633326171875,0.03,0.01,0.05
GOOGL,2026-08-28,2026-09-11,C,430.0,85,2,0.5097705273437501,0.08,0.02,0.05
GOOGL,2026-08-28,2026-09-11,C,435.0,53,32,0.5312546875,0.09,0.01,0.09
GOOGL,2026-08-28,2026-09-11,C,440.0,54,1,0.523442265625,0.05,0.01,0.05
GOOGL,2026-08-28,2026-09-11,C,445.0,91,2,0.5722699023437501,0.1,0.01,0.09
GOOGL,2026-08-28,2026-09-11,C,450.0,112,11,0.5976602734375001,0.1,0.01,0.1
GOOGL,2026-08-28,2026-09-11,C,455.0,18,1,0.6191444335937502,0.1,0.01,0.1
GOOGL,2026-08-28,2026-09-11,C,460.0,67,2,0.63867548828125,0.1,0.01,0.1
GOOGL,2026-08-28,2026-09-11,C,465.0,59,145,0.6640658593750002,0.06,0.01,0.11
GOOGL,2026-08-28,2026-09-11,C,470.0,64,133,0.73437765625,0.01,0.0,0.23
GOOGL,2026-08-28,2026-09-11,C,475.0,54,392,0.6679720703125002,0.06,0.01,0.06
GOOGL,2026-08-28,2026-09-11,C,480.0,30,16,0.70312796875,0.01,0.0,0.09
GOOGL,2026-08-28,2026-09-11,C,485.0,89,5,0.84179845703125,0.02,0.0,0.37
GOOGL,2026-08-28,2026-09-11,C,490.0,73,1,0.8300798242187499,0.15,0.0,0.27
GOOGL,2026-08-28,2026-09-11,C,495.0,23,10,0.9082040429687499,0.01,0.0,0.47
GOOGL,2026-08-28,2026-09-11,C,500.0,35,5,1.1626018432617187,0.05,0.0,2.13
GOOGL,2026-08-28,2026-09-11,C,505.0,64,2,1.1860392260742185,0.1,0.0,2.13
GOOGL,2026-08-28,2026-09-11,C,510.0,29,2,1.2089883300781248,0.1,0.0,2.13
GOOGL,2026-08-28,2026-09-11,C,515.0,88,5,0.8398453515625,0.12,0.0,0.11
GOOGL,2026-08-28,2026-09-11,C,520.0,20,8,1.2543982592773437,0.08,0.0,2.13
GOOGL,2026-08-28,2026-09-11,C,525.0,705,11,0.9648441015625,0.01,0.0,0.28
GOOGL,2026-08-28,2026-09-11,C,530.0,113,34,1.0058643457031249,0.15,0.0,0.34
GOOGL,2026-08-28,2026-09-11,C,535.0,254,10,0.937500625,0.01,0.0,0.15
GOOGL,2026-08-28,2026-09-11,C,540.0,177,16,1.0410204199218753,0.01,0.0,0.34
GOOGL,2026-08-28,2026-09-11,C,545.0,162,13,0.9687503125,0.01,0.0,0.15
GOOGL,2026-08-28,2026-09-11,C,550.0,513,38,0.9179695703125,0.01,0.0,0.07
GOOGL,2026-08-28,2026-09-11,P,100.0,1,0,1.9375003125,0.55,0.0,0.01
GOOGL,2026-08-28,2026-09-11,P,110.0,1,0,3.6074228564453126,0.03,0.0,2.13
GOOGL,2026-08-28,2026-09-11,P,125.0,9,0,3.2270527136230465,0.01,0.0,2.13
GOOGL,2026-08-28,2026-09-11,P,180.0,0,0,1.8847662011718749,0.02,0.0,2.13
GOOGL,2026-08-28,2026-09-11,P,185.0,0,0,1.8125009374999999,0.02,0.0,2.13
GOOGL,2026-08-28,2026-09-11,P,190.0,5,8,1.741700510253906,0.02,0.0,2.13
GOOGL,2026-08-28,2026-09-11,P,195.0,0,2,1.6728531982421875,0.02,0.0,2.13
GOOGL,2026-08-28,2026-09-11,P,200.0,1,8,1.60547072265625,0.02,0.0,2.13
GOOGL,2026-08-28,2026-09-11,P,205.0,0,4,1.5395530834960938,0.02,0.0,2.13
GOOGL,2026-08-28,2026-09-11,P,210.0,1,4,1.4755885595703124,0.03,0.0,2.13
GOOGL,2026-08-28,2026-09-11,P,215.0,3,4,0.851563984375,0.04,0.0,0.04
GOOGL,2026-08-28,2026-09-11,P,220.0,20,23,1.1840861108398437,0.04,0.0,0.99
GOOGL,2026-08-28,2026-09-11,P,225.0,34,12,1.2822301513671874,0.03,0.0,2.06
GOOGL,2026-08-28,2026-09-11,P,230.0,152,20,0.8164080859374999,0.01,0.0,0.12
GOOGL,2026-08-28,2026-09-11,P,235.0,41,1,1.0029346728515625,0.12,0.0,0.87
GOOGL,2026-08-28,2026-09-11,P,240.0,32,2,1.0322314013671878,0.04,0.0,1.41
GOOGL,2026-08-28,2026-09-11,P,245.0,88,24,0.735354208984375,0.03,0.0,0.2
GOOGL,2026-08-28,2026-09-11,P,250.0,41,2,0.7304714453125,0.37,0.0,0.3
GOOGL,2026-08-28,2026-09-11,P,255.0,20,3,0.6015664843750002,0.05,0.0,0.1
GOOGL,2026-08-28,2026-09-11,P,260.0,21,1,0.570316796875,0.1,0.01,0.1
GOOGL,2026-08-28,2026-09-11,P,265.0,79,4,0.51562984375,0.04,0.01,0.04
GOOGL,2026-08-28,2026-09-11,P,270.0,23,2,0.5185595019531251,0.06,0.01,0.08
GOOGL,2026-08-28,2026-09-11,P,275.0,27,2,0.48828636718750007,0.05,0.01,0.09
GOOGL,2026-08-28,2026-09-11,P,280.0,86,11,0.450200810546875,0.06,0.03,0.09
GOOGL,2026-08-28,2026-09-11,P,285.0,113,3,0.43848217773437503,0.14,0.01,0.14
GOOGL,2026-08-28,2026-09-11,P,290.0,123,2,0.38086556640624997,0.1,0.02,0.1
GOOGL,2026-08-28,2026-09-11,P,295.0,2819,149,0.3437565625,0.1,0.08,0.1
GOOGL,2026-08-28,2026-09-11,P,300.0,1239,20,0.3217841259765625,0.11,0.08,0.14
GOOGL,2026-08-28,2026-09-11,P,305.0,176,27,0.2919992675781249,0.16,0.15,0.17
GOOGL,2026-08-28,2026-09-11,P,310.0,314,21,0.2802806347656249,0.27,0.24,0.3
GOOGL,2026-08-28,2026-09-11,P,315.0,427,41,0.2644116528320312,0.45,0.43,0.49
GOOGL,2026-08-28,2026-09-11,P,317.5,43,20,0.25757578369140627,0.65,0.56,0.64
GOOGL,2026-08-28,2026-09-11,P,320.0,787,112,0.25135026000976557,0.81,0.78,0.84
GOOGL,2026-08-28,2026-09-11,P,322.5,68,265,0.24817646362304688,1.08,1.02,1.14
GOOGL,2026-08-28,2026-09-11,P,325.0,1252,485,0.2452468054199219,1.41,1.37,1.53
GOOGL,2026-08-28,2026-09-11,P,327.5,155,92,0.24146266357421875,1.98,1.84,2.01
GOOGL,2026-08-28,2026-09-11,P,330.0,1567,206,0.23780059082031246,2.59,2.42,2.61
GOOGL,2026-08-28,2026-09-11,P,332.5,99,33,0.23871610900878903,3.5,3.05,3.45
GOOGL,2026-08-28,2026-09-11,P,335.0,496,102,0.23517610534667968,4.1,4.1,4.35
GOOGL,2026-08-28,2026-09-11,P,337.5,70,65,0.23517610534667968,5.55,5.2,5.5
GOOGL,2026-08-28,2026-09-11,P,340.0,548,126,0.2342605871582031,6.75,6.55,6.8
GOOGL,2026-08-28,2026-09-11,P,342.5,110,163,0.23450472534179687,8.36,7.9,8.3
GOOGL,2026-08-28,2026-09-11,P,345.0,617,3,0.2274247180175781,9.67,9.45,9.8
GOOGL,2026-08-28,2026-09-11,P,347.5,142,29,0.23902128173828124,11.87,11.2,11.85
GOOGL,2026-08-28,2026-09-11,P,350.0,572,4,0.2260819580078125,13.22,13.15,13.55
GOOGL,2026-08-28,2026-09-11,P,352.5,10,1,0.25012956909179684,16.29,14.95,16.0
GOOGL,2026-08-28,2026-09-11,P,355.0,693,7,0.26270268554687504,17.35,16.8,18.3
GOOGL,2026-08-28,2026-09-11,P,357.5,10,16,0.29761444580078117,20.6,19.55,20.95
GOOGL,2026-08-28,2026-09-11,P,360.0,288,3,0.2913889221191405,22.76,21.8,23.05
GOOGL,2026-08-28,2026-09-11,P,362.5,11,6,0.2534254345703125,17.66,23.6,24.95
GOOGL,2026-08-28,2026-09-11,P,365.0,96,4,0.3715883154296875,27.68,25.9,28.5
GOOGL,2026-08-28,2026-09-11,P,367.5,1,1,0.37793590820312495,25.58,28.1,30.8
GOOGL,2026-08-28,2026-09-11,P,370.0,79,34,0.32300481689453114,22.91,30.7,32.55
GOOGL,2026-08-28,2026-09-11,P,375.0,36,4,0.3850159155273437,36.05,35.75,37.75
GOOGL,2026-08-28,2026-09-11,P,380.0,164,40,0.4279842358398438,37.97,40.7,42.8
GOOGL,2026-08-28,2026-09-11,P,385.0,16,45,0.46411668701171876,43.27,45.2,47.8
GOOGL,2026-08-28,2026-09-11,P,390.0,0,4,0.5573774731445313,49.09,50.15,53.3
GOOGL,2026-08-28,2026-09-11,P,395.0,0,0,0.53320779296875,35.6,55.4,57.8
GOOGL,2026-08-28,2026-09-11,P,400.0,1,2,0.5590864404296876,55.0,60.2,62.75
GOOGL,2026-08-28,2026-09-11,P,405.0,0,1,0.6640658593750002,59.49,65.45,68.3
GOOGL,2026-08-28,2026-09-11,P,410.0,0,0,0.6977569287109376,38.2,70.05,73.3
GOOGL,2026-08-28,2026-09-11,P,415.0,0,0,0.6533237792968751,45.75,75.45,77.75
GOOGL,2026-08-28,2026-09-11,P,420.0,0,0,0.7629418237304688,65.94,80.05,83.3
GOOGL,2026-08-28,2026-09-11,P,450.0,0,1,0.851563984375,104.05,110.05,112.75
GOOGL,2026-08-28,2026-09-18,C,5.0,386,1,10.855471965332033,336.7,333.0,335.1
GOOGL,2026-08-28,2026-09-18,C,10.0,28,38,0.0,334.5,336.7,340.25
GOOGL,2026-08-28,2026-09-18,C,15.0,0,2,1.0000000000000003e-05,369.9,0.0,0.0
GOOGL,2026-08-28,2026-09-18,C,20.0,2,2,1.0000000000000003e-05,302.6,280.7,284.35
GOOGL,2026-08-28,2026-09-18,C,25.0,1,0,0.0,278.15,369.7,373.5
GOOGL,2026-08-28,2026-09-18,C,30.0,2,2,7.273438408203125,276.23,310.1,314.3
GOOGL,2026-08-28,2026-09-18,C,40.0,2,1,8.237309539184569,317.81,306.75,310.2
GOOGL,2026-08-28,2026-09-18,C,50.0,6,1,7.2387704827880865,291.81,296.8,300.2
GOOGL,2026-08-28,2026-09-18,C,55.0,4,1,11.650881624450683,308.09,314.4,318.15
GOOGL,2026-08-28,2026-09-18,C,60.0,4,1,6.491701104125977,298.01,286.8,290.3
GOOGL,2026-08-28,2026-09-18,C,65.0,13,2,8.913090366821287,279.64,297.3,301.45
GOOGL,2026-08-28,2026-09-18,C,70.0,8,1,5.88135030456543,275.65,276.75,280.3
GOOGL,2026-08-28,2026-09-18,C,75.0,4,1,2.9531276171874996,289.54,261.75,265.15
GOOGL,2026-08-28,2026-09-18,C,80.0,17,2,2.94531513671875,295.43,256.75,260.45
GOOGL,2026-08-28,2026-09-18,C,85.0,9,2,2.712893842773437,279.61,251.75,255.15
GOOGL,2026-08-28,2026-09-18,C,90.0,30,2,2.605472236328125,285.4,246.75,250.15
GOOGL,2026-08-28,2026-09-18,C,95.0,11,2,2.501956870117187,261.69,241.75,245.15
GOOGL,2026-08-28,2026-09-18,C,100.0,156,60,2.4892615893554684,246.46,237.0,240.15
GOOGL,2026-08-28,2026-09-18,C,105.0,96,1,2.3310588598632807,246.59,231.75,235.2
GOOGL,2026-08-28,2026-09-18,C,110.0,36,1,2.345707260742187,238.85,227.0,230.3
GOOGL,2026-08-28,2026-09-18,C,115.0,8,1,2.231449733886718,231.84,221.75,225.45
GOOGL,2026-08-28,2026-09-18,C,120.0,61,1,2.1220750073242183,227.63,216.8,220.3
GOOGL,2026-08-28,2026-09-18,C,125.0,51,3,2.106450046386718,221.1,211.8,215.55
GOOGL,2026-08-28,2026-09-18,C,130.0,137,1,1.8671881640625,217.63,206.8,209.95
GOOGL,2026-08-28,2026-09-18,C,135.0,58,2,1.986328193359375,214.49,202.05,205.45
GOOGL,2026-08-28,2026-09-18,C,140.0,147,1,1.8261727441406248,198.52,196.85,200.25
GOOGL,2026-08-28,2026-09-18,C,145.0,36,2,1.8037119189453121,199.14,192.05,195.25
GOOGL,2026-08-28,2026-09-18,C,150.0,191,1,1.716798291015625,197.55,187.1,190.1
GOOGL,2026-08-28,2026-09-18,C,155.0,111,25,1.6318377783203122,195.2,182.1,185.0
GOOGL,2026-08-28,2026-09-18,C,160.0,177,2,1.5815450610351558,178.69,177.1,180.05
GOOGL,2026-08-28,2026-09-18,C,165.0,121,2,1.5693380908203123,182.38,172.15,175.25
GOOGL,2026-08-28,2026-09-18,C,170.0,1870,2,1.3046909765624997,179.62,167.2,169.3
GOOGL,2026-08-28,2026-09-18,C,175.0,175,1,1.4179716601562502,171.57,162.15,165.05
GOOGL,2026-08-28,2026-09-18,C,180.0,506,1,1.2480506347656248,158.87,157.25,159.4
GOOGL,2026-08-28,2026-09-18,C,185.0,1249,1,1.3183627832031248,161.5,152.15,155.1
GOOGL,2026-08-28,2026-09-18,C,190.0,370,2,1.2583044897460938,151.06,147.1,150.1
GOOGL,2026-08-28,2026-09-18,C,195.0,567,2,1.2656286718749998,143.82,142.2,145.4
GOOGL,2026-08-28,2026-09-18,C,200.0,750,11,0.992187578125,139.04,137.0,139.4
GOOGL,2026-08-28,2026-09-18,C,210.0,710,1,1.12109814453125,136.55,127.25,130.4
GOOGL,2026-08-28,2026-09-18,C,215.0,152,1,1.0488328808593752,127.67,122.25,125.2
GOOGL,2026-08-28,2026-09-18,C,220.0,838,1,0.98437515625,118.9,117.2,120.1
GOOGL,2026-08-28,2026-09-18,C,230.0,811,10,0.8891612646484374,111.18,107.35,109.9
GOOGL,2026-08-28,2026-09-18,C,235.0,313,8,0.9501958105468749,112.43,102.85,105.5
GOOGL,2026-08-28,2026-09-18,C,240.0,850,3,0.8149432568359375,98.5,97.35,100.0
GOOGL,2026-08-28,2026-09-18,C,245.0,104,3,0.8229998168945312,104.91,92.35,95.55
GOOGL,2026-08-28,2026-09-18,C,250.0,2133,11,0.710940390625,88.95,87.4,89.75
GOOGL,2026-08-28,2026-09-18,C,255.0,432,2,0.74414318359375,89.03,82.45,85.55
GOOGL,2026-08-28,2026-09-18,C,260.0,1725,4,0.7084990087890625,79.31,77.8,80.3
GOOGL,2026-08-28,2026-09-18,C,265.0,88,1,0.6628451684570313,81.81,72.45,75.6
GOOGL,2026-08-28,2026-09-18,C,270.0,1708,1,0.6272009936523439,76.94,67.5,70.65
GOOGL,2026-08-28,2026-09-18,C,275.0,284,3,0.56055126953125,73.77,62.5,65.25
GOOGL,2026-08-28,2026-09-18,C,280.0,1108,2,0.6179237426757813,64.05,58.95,60.7
GOOGL,2026-08-28,2026-09-18,C,285.0,314,77,0.5004932763671875,53.38,53.05,55.05
GOOGL,2026-08-28,2026-09-18,C,290.0,1769,76,0.526371923828125,48.8,48.85,49.8
GOOGL,2026-08-28,2026-09-18,C,295.0,483,46,0.5532271240234375,43.55,43.15,45.85
GOOGL,2026-08-28,2026-09-18,C,300.0,3049,63,0.4376276940917969,38.91,38.85,39.8
GOOGL,2026-08-28,2026-09-18,C,305.0,1391,60,0.41528905029296875,42.99,34.3,35.15
GOOGL,2026-08-28,2026-09-18,C,310.0,1021,2,0.36597313720703123,29.13,29.15,30.1
GOOGL,2026-08-28,2026-09-18,C,315.0,1157,7,0.34754070434570306,25.08,24.9,25.65
GOOGL,2026-08-28,2026-09-18,C,317.5,1,0,0.3415593188476562,30.75,22.25,23.55
GOOGL,2026-08-28,2026-09-18,C,320.0,3240,21,0.3244696459960937,20.78,20.65,21.25
GOOGL,2026-08-28,2026-09-18,C,322.5,13,1,0.3164741204833984,26.0,18.05,19.2
GOOGL,2026-08-28,2026-09-18,C,325.0,2480,12,0.31378860046386714,16.72,16.65,17.35
GOOGL,2026-08-28,2026-09-18,C,327.5,8,1,0.320746538696289,14.75,14.4,15.85
GOOGL,2026-08-28,2026-09-18,C,330.0,2738,34,0.29407444213867184,13.0,13.25,13.5
GOOGL,2026-08-28,2026-09-18,C,332.5,42,13,0.29114478393554677,11.7,11.35,11.9
GOOGL,2026-08-28,2026-09-18,C,335.0,1878,38,0.2863840893554687,10.33,9.95,10.35
GOOGL,2026-08-28,2026-09-18,C,337.5,122,56,0.284614087524414,8.75,8.7,9.0
GOOGL,2026-08-28,2026-09-18,C,340.0,4894,922,0.28247787841796873,7.61,7.45,7.75
GOOGL,2026-08-28,2026-09-18,C,342.5,231,120,0.2765575274658203,6.25,6.3,6.5
GOOGL,2026-08-28,2026-09-18,C,345.0,3366,1271,0.2784495983886719,5.5,5.4,5.6
GOOGL,2026-08-28,2026-09-18,C,347.5,167,55,0.27674063110351554,4.56,4.45,4.7
GOOGL,2026-08-28,2026-09-18,C,350.0,14736,1886,0.27295648925781246,3.85,3.75,3.85
GOOGL,2026-08-28,2026-09-18,C,352.5,184,179,0.27674063110351554,3.13,3.05,3.3
GOOGL,2026-08-28,2026-09-18,C,355.0,4269,751,0.2747875256347656,2.7,2.62,2.69
GOOGL,2026-08-28,2026-09-18,C,357.5,583,93,0.2771678729248046,2.1,2.06,2.26
GOOGL,2026-08-28,2026-09-18,C,360.0,10408,2323,0.27472649108886715,1.8,1.75,1.8
GOOGL,2026-08-28,2026-09-18,C,362.5,2628,60,0.2795482202148437,1.47,1.4,1.54
GOOGL,2026-08-28,2026-09-18,C,365.0,5012,397,0.27930408203124996,1.22,1.22,1.24
GOOGL,2026-08-28,2026-09-18,C,367.5,153,76,0.2841868457031249,1.02,0.98,1.06
GOOGL,2026-08-28,2026-09-18,C,370.0,10714,1543,0.2866282275390625,0.83,0.82,0.88
GOOGL,2026-08-28,2026-09-18,C,375.0,9257,535,0.2934640966796874,0.6,0.6,0.62
GOOGL,2026-08-28,2026-09-18,C,380.0,12082,707,0.301764794921875,0.44,0.43,0.45
GOOGL,2026-08-28,2026-09-18,C,385.0,9039,108,0.32691102783203124,0.35,0.32,0.44
GOOGL,2026-08-28,2026-09-18,C,390.0,23055,2021,0.3278875805664062,0.27,0.25,0.29
GOOGL,2026-08-28,2026-09-18,C,395.0,2860,252,0.3413151806640625,0.22,0.2,0.24
GOOGL,2026-08-28,2026-09-18,C,400.0,22778,2082,0.3588931298828125,0.19,0.18,0.22
GOOGL,2026-08-28,2026-09-18,C,405.0,2885,35,0.370123486328125,0.15,0.13,0.18
GOOGL,2026-08-28,2026-09-18,C,410.0,13050,118,0.38477177734374995,0.15,0.1,0.16
GOOGL,2026-08-28,2026-09-18,C,415.0,4396,120,0.4018614501953125,0.14,0.09,0.15
GOOGL,2026-08-28,2026-09-18,C,420.0,5047,16,0.414068359375,0.13,0.1,0.13
GOOGL,2026-08-28,2026-09-18,C,425.0,6666,210,0.428716650390625,0.11,0.09,0.12
GOOGL,2026-08-28,2026-09-18,C,430.0,1998,26,0.4643608251953125,0.08,0.0,0.16
GOOGL,2026-08-28,2026-09-18,C,435.0,1524,23,0.4907277490234375,0.1,0.07,0.18
GOOGL,2026-08-28,2026-09-18,C,440.0,4476,21,0.47363807617187503,0.1,0.07,0.1
GOOGL,2026-08-28,2026-09-18,C,445.0,842,11,0.5654340332031251,0.1,0.0,0.59
GOOGL,2026-08-28,2026-09-18,C,450.0,12476,1,0.5136767382812499,0.18,0.05,0.11
GOOGL,2026-08-28,2026-09-18,C,455.0,2517,1109,0.5312546875,0.11,0.0,0.22
GOOGL,2026-08-28,2026-09-18,C,460.0,1230,30,0.532231240234375,0.08,0.0,0.17
GOOGL,2026-08-28,2026-09-18,C,465.0,789,1,0.6054726953125001,0.19,0.0,0.39
GOOGL,2026-08-28,2026-09-18,C,470.0,1768,5,0.53320779296875,0.09,0.0,0.1
GOOGL,2026-08-28,2026-09-18,C,475.0,2407,5,0.5908244042968751,0.14,0.03,0.17
GOOGL,2026-08-28,2026-09-18,C,480.0,2429,1,0.5585981640625001,0.07,0.01,0.08
GOOGL,2026-08-28,2026-09-18,C,485.0,185,10,0.6289099609375001,0.14,0.0,0.22
GOOGL,2026-08-28,2026-09-18,C,490.0,634,1,0.7041045214843751,0.1,0.0,0.46
GOOGL,2026-08-28,2026-09-18,C,495.0,1876,10,0.632816171875,0.05,0.0,0.15
GOOGL,2026-08-28,2026-09-18,C,500.0,6467,200,0.632816171875,0.03,0.0,0.12
GOOGL,2026-08-28,2026-09-18,C,505.0,646,1,0.6562534375000001,0.15,0.0,0.14
GOOGL,2026-08-28,2026-09-18,C,510.0,525,19,0.6269568554687501,0.05,0.0,0.07
GOOGL,2026-08-28,2026-09-18,C,515.0,337,52,0.6562534375000001,0.05,0.0,0.09
GOOGL,2026-08-28,2026-09-18,C,520.0,489,1,0.772463212890625,0.08,0.0,0.35
GOOGL,2026-08-28,2026-09-18,C,525.0,263,4,0.6894562304687502,0.07,0.01,0.09
GOOGL,2026-08-28,2026-09-18,C,530.0,2605,2,0.6679720703125002,0.05,0.0,0.06
GOOGL,2026-08-28,2026-09-18,C,535.0,531,2,0.8476577734374999,0.04,0.0,0.48
GOOGL,2026-08-28,2026-09-18,C,540.0,1112,2,0.7617211328125001,0.15,0.01,0.15
GOOGL,2026-08-28,2026-09-18,C,545.0,1339,4,0.6953155468750001,0.04,0.0,0.05
GOOGL,2026-08-28,2026-09-18,C,550.0,793,15,0.7460962890625,0.03,0.02,0.07
GOOGL,2026-08-28,2026-09-18,C,555.0,2759,22,0.7578149218750001,0.04,0.02,0.07
GOOGL,2026-08-28,2026-09-18,C,560.0,142,17,0.7617211328125001,0.07,0.01,0.07
GOOGL,2026-08-28,2026-09-18,C,565.0,3038,1,0.8203142968749999,0.16,0.0,0.15
GOOGL,2026-08-28,2026-09-18,C,570.0,1360,2,0.8007832421875,0.05,0.0,0.1
GOOGL,2026-08-28,2026-09-18,C,575.0,3355,2,0.8457046679687499,0.14,0.0,0.15
GOOGL,2026-08-28,2026-09-18,C,580.0,498,1,0.8242205078124999,0.05,0.0,0.1
GOOGL,2026-08-28,2026-09-18,C,590.0,1961,1,0.7812521875,0.03,0.0,0.04
GOOGL,2026-08-28,2026-09-18,C,600.0,15896,23,0.851563984375,0.04,0.0,0.08
GOOGL,2026-08-28,2026-09-18,C,610.0,3556,29,0.804689453125,0.03,0.0,0.03
GOOGL,2026-08-28,2026-09-18,C,620.0,1734,37,0.85937640625,0.15,0.0,0.05
GOOGL,2026-08-28,2026-09-18,C,630.0,2330,1,0.8945323046874999,0.01,0.01,0.05
GOOGL,2026-08-28,2026-09-18,C,640.0,2068,1,0.8984385156249999,0.01,0.0,0.05
GOOGL,2026-08-28,2026-09-18,C,650.0,862,46,0.92187578125,0.18,0.0,0.05
GOOGL,2026-08-28,2026-09-18,C,660.0,959,24,0.937500625,0.15,0.0,0.05
GOOGL,2026-08-28,2026-09-18,C,670.0,643,32,0.92187578125,0.18,0.0,0.03
GOOGL,2026-08-28,2026-09-18,C,680.0,661,4,0.9609378906249999,0.02,0.01,0.03
GOOGL,2026-08-28,2026-09-18,C,690.0,923,4,0.9765627343750001,0.02,0.01,0.03
GOOGL,2026-08-28,2026-09-18,C,700.0,2079,1,0.9765627343750001,0.02,0.0,0.03
GOOGL,2026-08-28,2026-09-18,C,710.0,1982,11,0.992187578125,0.01,0.0,0.03
GOOGL,2026-08-28,2026-09-18,C,720.0,1104,42,1.0078174609375,0.01,0.0,0.03
GOOGL,2026-08-28,2026-09-18,C,730.0,940,20,1.0234423828125,0.03,0.0,0.03
GOOGL,2026-08-28,2026-09-18,C,740.0,1131,7,1.0390673046875003,0.01,0.0,0.03
GOOGL,2026-08-28,2026-09-18,C,750.0,418,50,1.0546922265625,0.01,0.0,0.03
GOOGL,2026-08-28,2026-09-18,C,760.0,918,10,1.0703171484375003,0.01,0.0,0.03
GOOGL,2026-08-28,2026-09-18,C,770.0,1658,20,1.0859420703125,0.01,0.0,0.03
GOOGL,2026-08-28,2026-09-18,C,780.0,983,18,1.1015669921875002,0.01,0.0,0.03
GOOGL,2026-08-28,2026-09-18,C,790.0,433,145,1.23047259765625,0.05,0.0,0.1
GOOGL,2026-08-28,2026-09-18,C,800.0,11844,5,1.0625046875000002,0.01,0.0,0.01
GOOGL,2026-08-28,2026-09-18,P,5.0,201,30,5.500003124999999,0.01,0.0,0.01
GOOGL,2026-08-28,2026-09-18,P,10.0,0,9,0.500005,0.01,0.0,0.0
GOOGL,2026-08-28,2026-09-18,P,15.0,1,0,4.000005,0.04,0.0,0.01
GOOGL,2026-08-28,2026-09-18,P,20.0,2,1,3.6250009375000003,0.02,0.0,0.01
GOOGL,2026-08-28,2026-09-18,P,25.0,0,1,0.500005,0.07,0.0,0.0
GOOGL,2026-08-28,2026-09-18,P,30.0,22,21,3.1250021875,0.01,0.0,0.01
GOOGL,2026-08-28,2026-09-18,P,35.0,0,0,0.500005,0.01,0.0,0.0
GOOGL,2026-08-28,2026-09-18,P,40.0,1,1,2.68750328125,0.01,0.0,0.01
GOOGL,2026-08-28,2026-09-18,P,45.0,28,28,3.3203141992187497,0.01,0.0,0.21
GOOGL,2026-08-28,2026-09-18,P,50.0,220,5,4.25586405517578,0.01,0.0,2.13
GOOGL,2026-08-28,2026-09-18,P,55.0,0,1,0.500005,0.07,0.0,0.0
GOOGL,2026-08-28,2026-09-18,P,60.0,73,2,3.2070332324218747,0.01,0.0,0.6
GOOGL,2026-08-28,2026-09-18,P,65.0,34,2,3.0898460253906244,0.03,0.0,0.65
GOOGL,2026-08-28,2026-09-18,P,70.0,124,98,2.000005,0.01,0.0,0.01
GOOGL,2026-08-28,2026-09-18,P,75.0,147,1,1.9375003125,0.01,0.0,0.01
GOOGL,2026-08-28,2026-09-18,P,80.0,0,8,0.500005,0.03,0.0,0.0
GOOGL,2026-08-28,2026-09-18,P,85.0,27,14,1.75000125,0.01,0.0,0.01
GOOGL,2026-08-28,2026-09-18,P,90.0,0,1,0.500005,0.03,0.0,0.0
GOOGL,2026-08-28,2026-09-18,P,95.0,65,1,1.625001875,0.01,0.0,0.01
GOOGL,2026-08-28,2026-09-18,P,100.0,516,3,1.5625021874999998,0.02,0.0,0.01
GOOGL,2026-08-28,2026-09-18,P,105.0,76,3,1.5000025,0.02,0.0,0.01
GOOGL,2026-08-28,2026-09-18,P,110.0,163,2,2.5322302319335934,0.05,0.0,2.13
GOOGL,2026-08-28,2026-09-18,P,115.0,1218,1,1.453127734375,0.01,0.0,0.02
GOOGL,2026-08-28,2026-09-18,P,120.0,170,1,1.3125034374999998,0.01,0.0,0.01
GOOGL,2026-08-28,2026-09-18,P,125.0,333,1,1.3437532812499997,0.05,0.0,0.02
GOOGL,2026-08-28,2026-09-18,P,130.0,1678,1,1.21875390625,0.01,0.0,0.01
GOOGL,2026-08-28,2026-09-18,P,135.0,468,5,1.4296903515625,0.02,0.0,0.1
GOOGL,2026-08-28,2026-09-18,P,140.0,1068,2,1.125004375,0.05,0.0,0.01
GOOGL,2026-08-28,2026-09-18,P,145.0,717,1,1.32422212890625,0.05,0.0,0.1
GOOGL,2026-08-28,2026-09-18,P,150.0,1872,10,1.109379453125,0.02,0.0,0.02
GOOGL,2026-08-28,2026-09-18,P,155.0,1589,3,1.19922275390625,0.02,0.0,0.08
GOOGL,2026-08-28,2026-09-18,P,160.0,3286,160,1.0312548437500002,0.02,0.0,0.02
GOOGL,2026-08-28,2026-09-18,P,165.0,946,2,1.0625046875000002,0.03,0.0,0.05
GOOGL,2026-08-28,2026-09-18,P,170.0,5654,5,0.945313046875,0.03,0.0,0.02
GOOGL,2026-08-28,2026-09-18,P,175.0,2886,5,1.0468797656250002,0.02,0.0,0.1
GOOGL,2026-08-28,2026-09-18,P,180.0,1491,1,0.9531254687499999,0.03,0.0,0.06
GOOGL,2026-08-28,2026-09-18,P,185.0,1035,9,0.929688203125,0.04,0.01,0.06
GOOGL,2026-08-28,2026-09-18,P,190.0,7355,6,0.8789074609374999,0.09,0.0,0.06
GOOGL,2026-08-28,2026-09-18,P,195.0,1955,1,0.9003916210937499,0.07,0.0,0.12
GOOGL,2026-08-28,2026-09-18,P,200.0,2283,20,0.804689453125,0.03,0.0,0.06
GOOGL,2026-08-28,2026-09-18,P,210.0,3014,208,0.73437765625,0.03,0.0,0.06
GOOGL,2026-08-28,2026-09-18,P,215.0,1444,1,0.6875031250000001,0.05,0.0,0.05
GOOGL,2026-08-28,2026-09-18,P,220.0,3993,3,0.6796907031250001,0.02,0.01,0.06
GOOGL,2026-08-28,2026-09-18,P,230.0,3789,11,0.6367223828125,0.05,0.01,0.09
GOOGL,2026-08-28,2026-09-18,P,235.0,1240,7,0.6093789062500001,0.06,0.01,0.1
GOOGL,2026-08-28,2026-09-18,P,240.0,3909,2,0.5976602734375001,0.05,0.0,0.15
GOOGL,2026-08-28,2026-09-18,P,245.0,2652,1,0.6201209863281252,0.04,0.0,0.32
GOOGL,2026-08-28,2026-09-18,P,250.0,6362,3,0.5195360546875,0.07,0.0,0.12
GOOGL,2026-08-28,2026-09-18,P,255.0,2077,21,0.5361374511718751,0.08,0.0,0.13
GOOGL,2026-08-28,2026-09-18,P,260.0,5034,17,0.49219257812500006,0.07,0.03,0.11
GOOGL,2026-08-28,2026-09-18,P,265.0,1597,14,0.48828636718750007,0.12,0.07,0.17
GOOGL,2026-08-28,2026-09-18,P,270.0,5445,17,0.41797457031249996,0.08,0.01,0.09
GOOGL,2026-08-28,2026-09-18,P,275.0,5157,37,0.432622861328125,0.12,0.06,0.2
GOOGL,2026-08-28,2026-09-18,P,280.0,10413,13,0.379889013671875,0.11,0.11,0.14
GOOGL,2026-08-28,2026-09-18,P,285.0,3494,9,0.358404853515625,0.13,0.13,0.17
GOOGL,2026-08-28,2026-09-18,P,290.0,4008,20,0.334967587890625,0.18,0.17,0.2
GOOGL,2026-08-28,2026-09-18,P,295.0,4175,16,0.3276434423828125,0.27,0.23,0.32
GOOGL,2026-08-28,2026-09-18,P,300.0,12575,61,0.301764794921875,0.34,0.32,0.37
GOOGL,2026-08-28,2026-09-18,P,305.0,4659,828,0.2876047802734374,0.5,0.47,0.53
GOOGL,2026-08-28,2026-09-18,P,310.0,18005,2121,0.2766185620117187,0.77,0.72,0.8
GOOGL,2026-08-28,2026-09-18,P,315.0,4396,868,0.2672192419433594,1.13,1.14,1.22
GOOGL,2026-08-28,2026-09-18,P,317.5,89,49,0.26428958374023437,1.48,1.43,1.53
GOOGL,2026-08-28,2026-09-18,P,320.0,12611,1130,0.2584913018798829,1.83,1.75,1.85
GOOGL,2026-08-28,2026-09-18,P,322.5,77,59,0.2553785400390626,2.38,2.18,2.29
GOOGL,2026-08-28,2026-09-18,P,325.0,8071,298,0.25177750183105463,2.74,2.7,2.8
GOOGL,2026-08-28,2026-09-18,P,327.5,226,19,0.25379164184570313,3.35,3.25,3.55
GOOGL,2026-08-28,2026-09-18,P,330.0,10896,261,0.24964129272460936,4.15,4.1,4.25
GOOGL,2026-08-28,2026-09-18,P,332.5,174,82,0.2503126727294922,5.14,4.9,5.2
GOOGL,2026-08-28,2026-09-18,P,335.0,5002,426,0.2500075,5.94,5.95,6.25
GOOGL,2026-08-28,2026-09-18,P,337.5,370,152,0.24549094360351562,7.15,7.0,7.3
GOOGL,2026-08-28,2026-09-18,P,340.0,9578,264,0.24329369995117187,8.44,8.25,8.55
GOOGL,2026-08-28,2026-09-18,P,342.5,80,12,0.2467116345214844,9.89,9.65,10.1
GOOGL,2026-08-28,2026-09-18,P,345.0,4194,134,0.23908231628417967,11.27,11.1,11.45
GOOGL,2026-08-28,2026-09-18,P,347.5,187,54,0.2371902453613281,13.38,12.75,13.1
GOOGL,2026-08-28,2026-09-18,P,350.0,6515,127,0.23255161987304687,14.77,14.5,14.8
GOOGL,2026-08-28,2026-09-18,P,352.5,45,1,0.2332229998779297,17.19,16.0,16.75
GOOGL,2026-08-28,2026-09-18,P,355.0,2456,37,0.2269364416503906,18.52,18.35,18.65
GOOGL,2026-08-28,2026-09-18,P,357.5,38,3,0.22534954345703123,20.67,20.15,20.75
GOOGL,2026-08-28,2026-09-18,P,360.0,4972,76,0.23474886352539062,22.97,22.55,23.1
GOOGL,2026-08-28,2026-09-18,P,362.5,13,0,0.2712475219726562,22.1,24.2,25.9
GOOGL,2026-08-28,2026-09-18,P,365.0,1344,60,0.2111895288085937,27.62,26.9,27.4
GOOGL,2026-08-28,2026-09-18,P,367.5,4,2,0.2902903002929687,30.52,28.75,30.65
GOOGL,2026-08-28,2026-09-18,P,370.0,2082,20,0.2617261328125,31.84,31.55,32.6
GOOGL,2026-08-28,2026-09-18,P,375.0,919,1,0.2612378564453125,33.0,35.9,37.35
GOOGL,2026-08-28,2026-09-18,P,380.0,1291,4,0.2797923583984374,42.5,40.7,42.3
GOOGL,2026-08-28,2026-09-18,P,385.0,797,1,0.29566134033203123,46.23,45.5,47.25
GOOGL,2026-08-28,2026-09-18,P,390.0,1461,2,1.0000000000000003e-05,51.9,50.55,51.75
GOOGL,2026-08-28,2026-09-18,P,395.0,305,100,0.42383388671875,51.34,55.25,57.8
GOOGL,2026-08-28,2026-09-18,P,400.0,20,2,0.3952697192382813,52.0,60.3,62.4
GOOGL,2026-08-28,2026-09-18,P,405.0,1,17,0.4929249926757813,49.78,64.9,67.95
GOOGL,2026-08-28,2026-09-18,P,410.0,12,2,0.42188078125,68.21,70.45,72.3
GOOGL,2026-08-28,2026-09-18,P,415.0,4,3,0.5551802294921876,68.15,74.9,78.05
GOOGL,2026-08-28,2026-09-18,P,420.0,0,5,0.56836369140625,63.4,80.5,82.95
GOOGL,2026-08-28,2026-09-18,P,425.0,0,60,0.5664105859375,81.75,85.3,87.75
GOOGL,2026-08-28,2026-09-18,P,430.0,0,1,0.5893595751953126,86.05,90.4,92.75
GOOGL,2026-08-28,2026-09-18,P,435.0,0,6,0.6118202880859377,89.87,95.3,97.75
GOOGL,2026-08-28,2026-09-18,P,440.0,0,63,1.0000000000000003e-05,119.5,89.65,93.7
GOOGL,2026-08-28,2026-09-18,P,445.0,1,1,1.0000000000000003e-05,81.71,74.7,77.95
GOOGL,2026-08-28,2026-09-18,P,450.0,0,209,1.0000000000000003e-05,131.8,99.85,103.9
GOOGL,2026-08-28,2026-09-18,P,455.0,0,3,2.2988323779296875,117.9,151.25,154.65
GOOGL,2026-08-28,2026-09-18,P,460.0,0,1,1.0000000000000003e-05,118.31,109.65,113.75
GOOGL,2026-08-28,2026-09-18,P,465.0,0,2,1.0000000000000003e-05,81.72,0.0,0.0
GOOGL,2026-08-28,2026-09-18,P,470.0,0,1,1.8342293444824214,123.26,150.2,154.25
GOOGL,2026-08-28,2026-09-18,P,475.0,0,16,1.0000000000000003e-05,112.4,102.85,105.6
GOOGL,2026-08-28,2026-09-18,P,485.0,0,1,1.0000000000000003e-05,126.25,134.75,139.0
GOOGL,2026-08-28,2026-09-18,P,490.0,0,2,2.1268967726135255,164.7,175.45,178.15
GOOGL,2026-08-28,2026-09-18,P,500.0,0,1,1.0000000000000003e-05,130.0,149.75,153.7
GOOGL,2026-08-28,2026-09-18,P,520.0,0,0,1.0000000000000003e-05,134.0,0.0,0.0
GOOGL,2026-08-28,2026-09-18,P,535.0,0,0,1.0000000000000003e-05,147.95,0.0,0.0
GOOGL,2026-08-28,2026-09-18,P,680.0,0,0,1.3959991137695313,354.63,339.9,342.75
GOOGL,2026-08-28,2026-09-18,P,790.0,0,0,1.650392373046875,420.3,450.1,452.8
GOOGL,2026-08-28,2026-09-25,C,200.0,1,0,1.0732468212890627,138.58,137.0,140.95
GOOGL,2026-08-28,2026-09-25,C,205.0,7,1,1.0429735351562504,140.3,132.0,136.1
GOOGL,2026-08-28,2026-09-25,C,225.0,2,0,0.8964854101562498,121.67,112.25,116.15
GOOGL,2026-08-28,2026-09-25,C,230.0,1,0,0.8374039697265624,115.6,107.15,111.0
GOOGL,2026-08-28,2026-09-25,C,235.0,2,0,0.7939473730468749,115.11,102.15,105.95
GOOGL,2026-08-28,2026-09-25,C,260.0,1,0,0.6306189282226562,82.52,77.4,81.15
GOOGL,2026-08-28,2026-09-25,C,270.0,2,1,0.5705609350585938,72.0,67.5,71.35
GOOGL,2026-08-28,2026-09-25,C,275.0,1,0,0.5288133056640626,71.2,62.4,66.35
GOOGL,2026-08-28,2026-09-25,C,280.0,13,42,0.5907023352050782,58.99,57.85,60.75
GOOGL,2026-08-28,2026-09-25,C,285.0,14,42,0.5755047332763672,54.09,52.9,56.2
GOOGL,2026-08-28,2026-09-25,C,290.0,9,64,0.5195360546875,52.08,48.2,50.95
GOOGL,2026-08-28,2026-09-25,C,295.0,15,0,0.5061084545898438,47.29,43.1,46.5
GOOGL,2026-08-28,2026-09-25,C,300.0,54,3,0.4288387194824219,41.0,38.5,40.8
GOOGL,2026-08-28,2026-09-25,C,305.0,2,0,0.4329890686035156,39.05,33.75,36.8
GOOGL,2026-08-28,2026-09-25,C,310.0,10,2,0.4048521429443359,31.85,29.5,32.2
GOOGL,2026-08-28,2026-09-25,C,315.0,15,1,0.3474186352539062,32.83,25.75,26.9
GOOGL,2026-08-28,2026-09-25,C,320.0,23,6,0.3294134442138671,21.8,20.75,22.7
GOOGL,2026-08-28,2026-09-25,C,325.0,32,2,0.3117134259033203,17.85,17.45,18.7
GOOGL,2026-08-28,2026-09-25,C,330.0,40,9,0.31055376953124997,14.95,14.55,15.5
GOOGL,2026-08-28,2026-09-25,C,335.0,258,40,0.2954172021484375,11.96,11.5,12.15
GOOGL,2026-08-28,2026-09-25,C,340.0,449,104,0.28314925842285155,9.15,9.15,9.25
GOOGL,2026-08-28,2026-09-25,C,345.0,454,74,0.28400374206542955,6.5,6.5,7.2
GOOGL,2026-08-28,2026-09-25,C,350.0,871,212,0.2815013256835937,5.2,5.05,5.4
GOOGL,2026-08-28,2026-09-25,C,355.0,2074,66,0.28247787841796873,4.05,3.8,4.05
GOOGL,2026-08-28,2026-09-25,C,360.0,1364,190,0.2877268493652343,2.84,2.82,3.1
GOOGL,2026-08-28,2026-09-25,C,365.0,530,188,0.284064776611328,2.08,2.03,2.16
GOOGL,2026-08-28,2026-09-25,C,370.0,829,394,0.28650615844726557,1.52,1.41,1.57
GOOGL,2026-08-28,2026-09-25,C,375.0,537,70,0.28955788574218744,1.1,1.06,1.14
GOOGL,2026-08-28,2026-09-25,C,380.0,616,183,0.2973703076171874,0.83,0.79,0.88
GOOGL,2026-08-28,2026-09-25,C,385.0,272,34,0.30371790039062496,0.66,0.6,0.67
GOOGL,2026-08-28,2026-09-25,C,390.0,284,33,0.30982135498046875,0.45,0.46,0.51
GOOGL,2026-08-28,2026-09-25,C,395.0,133,156,0.32031929687499994,0.4,0.35,0.42
GOOGL,2026-08-28,2026-09-25,C,400.0,651,141,0.3305731005859375,0.31,0.28,0.35
GOOGL,2026-08-28,2026-09-25,C,405.0,88,27,0.34180345703125,0.27,0.23,0.3
GOOGL,2026-08-28,2026-09-25,C,410.0,190,12,0.366217275390625,0.22,0.19,0.33
GOOGL,2026-08-28,2026-09-25,C,415.0,661,1,0.362311064453125,0.19,0.1,0.22
GOOGL,2026-08-28,2026-09-25,C,420.0,168,4,0.38233039550781245,0.16,0.06,0.23
GOOGL,2026-08-28,2026-09-25,C,425.0,26,2,0.44312080322265623,0.2,0.01,0.45
GOOGL,2026-08-28,2026-09-25,C,430.0,52,2,0.459966337890625,0.23,0.01,0.44
GOOGL,2026-08-28,2026-09-25,C,435.0,9,3,0.47437049072265625,0.24,0.01,0.42
GOOGL,2026-08-28,2026-09-25,C,440.0,5,0,0.42578699218750005,0.7,0.01,0.15
GOOGL,2026-08-28,2026-09-25,C,445.0,20,1,0.4975636181640626,0.23,0.1,0.36
GOOGL,2026-08-28,2026-09-25,C,450.0,218,7,0.44434149414062496,0.15,0.1,0.12
GOOGL,2026-08-28,2026-09-25,C,455.0,26,2,0.5371140039062501,0.17,0.01,0.39
GOOGL,2026-08-28,2026-09-25,C,460.0,52,2,0.5029346582031251,0.11,0.01,0.38
GOOGL,2026-08-28,2026-09-25,C,465.0,11,1,0.51758294921875,0.2,0.01,0.38
GOOGL,2026-08-28,2026-09-25,C,470.0,74,2,0.5376022802734376,0.18,0.05,0.37
GOOGL,2026-08-28,2026-09-25,C,475.0,100,7,0.5449264257812501,0.1,0.01,0.37
GOOGL,2026-08-28,2026-09-25,C,480.0,65,5,0.5576216113281252,0.17,0.01,0.36
GOOGL,2026-08-28,2026-09-25,C,485.0,13,2,0.5712933496093751,0.17,0.01,0.36
GOOGL,2026-08-28,2026-09-25,C,490.0,186,26,0.5854533642578125,0.09,0.01,0.36
GOOGL,2026-08-28,2026-09-25,C,495.0,11,3,0.596683720703125,0.17,0.01,0.35
GOOGL,2026-08-28,2026-09-25,C,500.0,142,2,0.6103554589843752,0.15,0.01,0.35
GOOGL,2026-08-28,2026-09-25,C,505.0,17,4,0.624027197265625,0.15,0.01,0.35
GOOGL,2026-08-28,2026-09-25,C,510.0,20,4,0.6347692773437501,0.15,0.01,0.34
GOOGL,2026-08-28,2026-09-25,C,515.0,11,5,0.647464462890625,0.15,0.01,0.34
GOOGL,2026-08-28,2026-09-25,C,520.0,13,5,0.6601596484375001,0.09,0.01,0.34
GOOGL,2026-08-28,2026-09-25,C,525.0,22,8,0.6728548339843752,0.07,0.01,0.34
GOOGL,2026-08-28,2026-09-25,C,530.0,40,2,0.6152382226562501,0.07,0.04,0.09
GOOGL,2026-08-28,2026-09-25,C,535.0,20,3,0.648441015625,0.14,0.01,0.17
GOOGL,2026-08-28,2026-09-25,C,540.0,11,11,0.6699251757812501,0.1,0.02,0.19
GOOGL,2026-08-28,2026-09-25,C,545.0,32,9,0.68555001953125,0.21,0.01,0.21
GOOGL,2026-08-28,2026-09-25,C,550.0,786,165,0.7334011035156249,0.04,0.04,0.31
GOOGL,2026-08-28,2026-09-25,P,190.0,1,1,1.183109553222656,0.1,0.0,2.13
GOOGL,2026-08-28,2026-09-25,P,200.0,51,12,1.0908248583984377,0.05,0.0,2.13
GOOGL,2026-08-28,2026-09-25,P,205.0,51,44,1.0468797656250002,0.04,0.0,2.14
GOOGL,2026-08-28,2026-09-25,P,210.0,19,14,1.0031788122558591,0.08,0.0,2.14
GOOGL,2026-08-28,2026-09-25,P,215.0,30,1,0.648441015625,0.15,0.0,0.13
GOOGL,2026-08-28,2026-09-25,P,220.0,34,11,0.9184578466796876,0.05,0.0,2.14
GOOGL,2026-08-28,2026-09-25,P,225.0,32,17,0.5937540625000001,0.04,0.0,0.14
GOOGL,2026-08-28,2026-09-25,P,230.0,36,6,0.5390671093750001,0.04,0.01,0.08
GOOGL,2026-08-28,2026-09-25,P,235.0,34,4,0.5097705273437501,0.08,0.01,0.08
GOOGL,2026-08-28,2026-09-25,P,240.0,241,6,0.506840869140625,0.04,0.01,0.07
GOOGL,2026-08-28,2026-09-25,P,245.0,92,4,0.4931691308593751,0.06,0.02,0.09
GOOGL,2026-08-28,2026-09-25,P,250.0,22,4,0.46484910156250003,0.09,0.02,0.09
GOOGL,2026-08-28,2026-09-25,P,255.0,26,5,0.44922425781249997,0.05,0.05,0.11
GOOGL,2026-08-28,2026-09-25,P,260.0,100,3,0.42578699218750005,0.12,0.05,0.12
GOOGL,2026-08-28,2026-09-25,P,265.0,47,4,0.42383388671875,0.1,0.02,0.19
GOOGL,2026-08-28,2026-09-25,P,270.0,33,2,0.3891662646484375,0.11,0.01,0.17
GOOGL,2026-08-28,2026-09-25,P,275.0,13,14,0.367193828125,0.1,0.01,0.19
GOOGL,2026-08-28,2026-09-25,P,280.0,170,4,0.3491276025390625,0.21,0.16,0.23
GOOGL,2026-08-28,2026-09-25,P,285.0,86,18,0.331061376953125,0.24,0.21,0.28
GOOGL,2026-08-28,2026-09-25,P,290.0,54,8,0.3142158422851562,0.34,0.29,0.35
GOOGL,2026-08-28,2026-09-25,P,295.0,490,3,0.30225307128906254,0.48,0.41,0.48
GOOGL,2026-08-28,2026-09-25,P,300.0,669,20,0.2873606420898437,0.64,0.59,0.63
GOOGL,2026-08-28,2026-09-25,P,305.0,453,64,0.2829661547851562,0.92,0.86,0.97
GOOGL,2026-08-28,2026-09-25,P,310.0,382,70,0.27307855834960937,1.32,1.26,1.36
GOOGL,2026-08-28,2026-09-25,P,315.0,463,91,0.2703930383300781,1.92,1.84,2.05
GOOGL,2026-08-28,2026-09-25,P,320.0,1104,206,0.26166509826660156,2.61,2.66,2.84
GOOGL,2026-08-28,2026-09-25,P,325.0,1603,141,0.25830819824218754,4.01,3.8,4.05
GOOGL,2026-08-28,2026-09-25,P,330.0,562,185,0.25135026000976557,5.5,5.3,5.5
GOOGL,2026-08-28,2026-09-25,P,335.0,538,94,0.250434741821289,7.27,7.3,7.55
GOOGL,2026-08-28,2026-09-25,P,340.0,1921,83,0.25263198547363286,10.02,9.6,10.15
GOOGL,2026-08-28,2026-09-25,P,345.0,470,30,0.2453078399658203,12.65,12.4,12.85
GOOGL,2026-08-28,2026-09-25,P,350.0,208,12,0.24127955993652345,15.52,15.3,16.1
GOOGL,2026-08-28,2026-09-25,P,355.0,196,1,0.27069821105957037,19.33,18.75,20.7
GOOGL,2026-08-28,2026-09-25,P,360.0,59,7,0.24585715087890625,24.45,23.15,24.05
GOOGL,2026-08-28,2026-09-25,P,365.0,24,1,0.24488059814453128,28.59,26.4,28.35
GOOGL,2026-08-28,2026-09-25,P,370.0,57,3,0.243171630859375,24.87,30.8,32.85
GOOGL,2026-08-28,2026-09-25,P,375.0,11,1,0.32300481689453114,28.95,36.0,38.7
GOOGL,2026-08-28,2026-09-25,P,380.0,38,15,0.3171455004882812,34.9,40.5,43.15
GOOGL,2026-08-28,2026-09-25,P,385.0,23,3,0.3601138208007812,36.5,45.6,48.4
GOOGL,2026-08-28,2026-09-25,P,390.0,7,3,0.36817038085937503,49.11,50.55,53.15
GOOGL,2026-08-28,2026-09-25,P,395.0,20,1,0.3963683410644532,54.84,54.95,58.2
GOOGL,2026-08-28,2026-09-25,P,400.0,1,0,0.43543045043945316,53.0,59.95,63.4
GOOGL,2026-08-28,2026-09-25,P,420.0,0,1,0.5272264074707032,76.18,79.9,83.4
GOOGL,2026-08-28,2026-10-02,C,100.0,6,6,1.8369148779296873,247.0,236.85,240.1
GOOGL,2026-08-28,2026-10-02,C,120.0,27,0,1.701173369140625,224.74,217.0,220.6
GOOGL,2026-08-28,2026-10-02,C,150.0,1,1,1.2753942480468747,199.6,187.05,190.0
GOOGL,2026-08-28,2026-10-02,C,200.0,2,2,0.981445498046875,152.0,137.3,141.0
GOOGL,2026-08-28,2026-10-02,C,220.0,2,2,0.8227556787109375,127.17,117.4,120.85
GOOGL,2026-08-28,2026-10-02,C,225.0,1,0,0.8115253222656249,121.82,112.4,116.25
GOOGL,2026-08-28,2026-10-02,C,240.0,1,1,0.713015565185547,112.0,97.55,101.3
GOOGL,2026-08-28,2026-10-02,C,245.0,1,0,0.6848176049804688,103.0,92.55,96.45
GOOGL,2026-08-28,2026-10-02,C,260.0,1,1,0.5887492297363282,83.5,77.7,81.5
GOOGL,2026-08-28,2026-10-02,C,265.0,1,1,0.5623823059082032,81.65,72.75,76.65
GOOGL,2026-08-28,2026-10-02,C,275.0,2,0,0.5918009570312501,66.3,62.9,66.3
GOOGL,2026-08-28,2026-10-02,C,280.0,2,0,0.5536543658447266,68.08,58.2,61.3
GOOGL,2026-08-28,2026-10-02,C,285.0,2,2,0.5181932946777343,59.25,53.3,56.35
GOOGL,2026-08-28,2026-10-02,C,300.0,24,1,0.4067442138671875,42.75,39.5,41.4
GOOGL,2026-08-28,2026-10-02,C,305.0,1,0,0.4124814611816406,39.05,34.5,37.55
GOOGL,2026-08-28,2026-10-02,C,310.0,3,2,0.39050902465820314,39.73,30.9,33.1
GOOGL,2026-08-28,2026-10-02,C,315.0,2,2,0.34479414978027345,27.41,25.6,28.0
GOOGL,2026-08-28,2026-10-02,C,320.0,24,2,0.34326828613281246,22.5,22.55,24.4
GOOGL,2026-08-28,2026-10-02,C,325.0,26,12,0.34278000976562495,25.78,19.25,21.1
GOOGL,2026-08-28,2026-10-02,C,330.0,62,4,0.31580274047851553,15.55,15.5,17.05
GOOGL,2026-08-28,2026-10-02,C,335.0,108,24,0.30335169311523436,13.55,13.55,13.8
GOOGL,2026-08-28,2026-10-02,C,340.0,108,111,0.2945016839599609,10.9,10.65,11.0
GOOGL,2026-08-28,2026-10-02,C,345.0,349,104,0.29242650939941395,8.36,8.0,8.8
GOOGL,2026-08-28,2026-10-02,C,350.0,514,145,0.2898020239257812,6.82,6.7,6.9
GOOGL,2026-08-28,2026-10-02,C,355.0,65,70,0.3051827294921875,5.3,5.15,5.95
GOOGL,2026-08-28,2026-10-02,C,360.0,351,102,0.29230444030761704,4.15,3.85,4.25
GOOGL,2026-08-28,2026-10-02,C,365.0,222,60,0.2923654748535155,3.15,2.94,3.25
GOOGL,2026-08-28,2026-10-02,C,370.0,230,200,0.29798065307617183,2.45,2.29,2.59
GOOGL,2026-08-28,2026-10-02,C,375.0,294,60,0.30286341674804684,1.93,1.8,2.05
GOOGL,2026-08-28,2026-10-02,C,380.0,272,88,0.3122627368164062,1.48,1.4,1.71
GOOGL,2026-08-28,2026-10-02,C,385.0,201,35,0.3099434240722656,1.12,1.07,1.24
GOOGL,2026-08-28,2026-10-02,C,390.0,109,12,0.31116411499023433,0.87,0.81,0.93
GOOGL,2026-08-28,2026-10-02,C,395.0,42,3,0.33130551513671874,0.72,0.67,0.92
GOOGL,2026-08-28,2026-10-02,C,400.0,365,36,0.3288641333007812,0.58,0.53,0.66
GOOGL,2026-08-28,2026-10-02,C,405.0,78,1,0.3364324169921875,0.72,0.45,0.55
GOOGL,2026-08-28,2026-10-02,C,410.0,210,46,0.34107104248046877,0.4,0.36,0.44
GOOGL,2026-08-28,2026-10-02,C,415.0,80,1,0.34961587890624996,0.34,0.31,0.38
GOOGL,2026-08-28,2026-10-02,C,420.0,121,2,0.38721315917968746,0.3,0.17,0.53
GOOGL,2026-08-28,2026-10-02,C,425.0,24,1,0.367193828125,0.47,0.17,0.29
GOOGL,2026-08-28,2026-10-02,C,430.0,57,1,0.40039662109375,0.25,0.1,0.39
GOOGL,2026-08-28,2026-10-02,C,435.0,8,1,0.43994700683593746,0.23,0.01,0.55
GOOGL,2026-08-28,2026-10-02,C,440.0,11,0,0.45337460693359377,0.19,0.01,0.53
GOOGL,2026-08-28,2026-10-02,C,445.0,17,18,0.46631393066406257,0.21,0.01,0.51
GOOGL,2026-08-28,2026-10-02,C,450.0,16,1,0.47998566894531247,0.28,0.09,0.5
GOOGL,2026-08-28,2026-10-02,C,455.0,16,1,0.4936574072265626,0.28,0.1,0.49
GOOGL,2026-08-28,2026-10-02,C,460.0,1,1,0.5102588037109376,0.22,0.01,0.5
GOOGL,2026-08-28,2026-10-02,C,465.0,7,8,0.45508357421875,0.11,0.03,0.18
GOOGL,2026-08-28,2026-10-02,C,470.0,50,2,0.46094289062500005,0.19,0.01,0.16
GOOGL,2026-08-28,2026-10-02,C,475.0,7,1,0.5483443603515626,0.21,0.01,0.47
GOOGL,2026-08-28,2026-10-02,C,480.0,19,5,0.48242705078125003,0.08,0.01,0.15
GOOGL,2026-08-28,2026-10-02,C,485.0,8,1,0.5214891601562499,0.23,0.01,0.23
GOOGL,2026-08-28,2026-10-02,C,490.0,11,2,0.4931691308593751,0.12,0.02,0.12
GOOGL,2026-08-28,2026-10-02,C,495.0,15,8,0.5048877636718749,0.11,0.01,0.23
GOOGL,2026-08-28,2026-10-02,C,500.0,5,2,0.514653291015625,0.22,0.01,0.22
GOOGL,2026-08-28,2026-10-02,C,505.0,10,1,0.52539537109375,0.19,0.01,0.22
GOOGL,2026-08-28,2026-10-02,C,510.0,8,1,0.5371140039062501,0.22,0.01,0.22
GOOGL,2026-08-28,2026-10-02,C,515.0,6,1,0.5478560839843751,0.11,0.01,0.22
GOOGL,2026-08-28,2026-10-02,C,520.0,9,2,0.5585981640625001,0.22,0.01,0.22
GOOGL,2026-08-28,2026-10-02,C,525.0,8,1,0.5634809277343751,0.2,0.01,0.2
GOOGL,2026-08-28,2026-10-02,C,530.0,3,1,0.577152666015625,0.11,0.01,0.21
GOOGL,2026-08-28,2026-10-02,C,535.0,4,1,0.584965087890625,0.2,0.01,0.2
GOOGL,2026-08-28,2026-10-02,C,540.0,6,1,0.5976602734375001,0.11,0.01,0.21
GOOGL,2026-08-28,2026-10-02,C,545.0,7,1,0.5800823242187501,0.21,0.03,0.11
GOOGL,2026-08-28,2026-10-02,C,550.0,9,1,0.6181678808593751,0.17,0.01,0.21
GOOGL,2026-08-28,2026-10-02,P,195.0,7,4,1.0087940185546875,0.07,0.0,2.13
GOOGL,2026-08-28,2026-10-02,P,200.0,13,2,0.9682620361328125,0.08,0.0,2.13
GOOGL,2026-08-28,2026-10-02,P,205.0,17,2,0.9284675122070312,0.18,0.0,2.13
GOOGL,2026-08-28,2026-10-02,P,210.0,28,7,0.8896495410156249,0.14,0.0,2.13
GOOGL,2026-08-28,2026-10-02,P,215.0,29,22,0.5390671093750001,0.03,0.01,0.06
GOOGL,2026-08-28,2026-10-02,P,220.0,33,4,0.5214891601562499,0.04,0.01,0.07
GOOGL,2026-08-28,2026-10-02,P,225.0,35,2,0.51758294921875,0.06,0.01,0.11
GOOGL,2026-08-28,2026-10-02,P,230.0,11,2,0.53320779296875,0.07,0.01,0.12
GOOGL,2026-08-28,2026-10-02,P,235.0,13,3,0.495122236328125,0.05,0.01,0.1
GOOGL,2026-08-28,2026-10-02,P,240.0,12,12,0.4687553125,0.06,0.01,0.1
GOOGL,2026-08-28,2026-10-02,P,245.0,11,6,0.4580132324218751,0.09,0.04,0.13
GOOGL,2026-08-28,2026-10-02,P,250.0,15,8,0.432622861328125,0.11,0.07,0.13
GOOGL,2026-08-28,2026-10-02,P,255.0,11,2,0.43115803222656257,0.13,0.07,0.2
GOOGL,2026-08-28,2026-10-02,P,260.0,7,6,0.41309180664062495,0.13,0.03,0.23
GOOGL,2026-08-28,2026-10-02,P,265.0,13,2,0.3940490283203125,0.15,0.03,0.26
GOOGL,2026-08-28,2026-10-02,P,270.0,36,4,0.375982802734375,0.21,0.01,0.3
GOOGL,2026-08-28,2026-10-02,P,275.0,7,8,0.3530338134765625,0.28,0.22,0.32
GOOGL,2026-08-28,2026-10-02,P,280.0,51,9,0.3332586206054688,0.35,0.3,0.36
GOOGL,2026-08-28,2026-10-02,P,285.0,34,17,0.3371648315429688,0.6,0.14,0.6
GOOGL,2026-08-28,2026-10-02,P,290.0,45,9,0.30884480224609373,0.61,0.53,0.6
GOOGL,2026-08-28,2026-10-02,P,295.0,106,33,0.29761444580078117,0.72,0.66,0.79
GOOGL,2026-08-28,2026-10-02,P,300.0,147,45,0.28784891845703114,1.05,0.84,1.06
GOOGL,2026-08-28,2026-10-02,P,305.0,163,41,0.2782054602050781,1.42,1.35,1.42
GOOGL,2026-08-28,2026-10-02,P,310.0,1812,115,0.2758861474609374,1.98,1.95,2.06
GOOGL,2026-08-28,2026-10-02,P,315.0,344,88,0.26935545104980463,2.78,2.68,2.8
GOOGL,2026-08-28,2026-10-02,P,320.0,314,162,0.26416751464843746,3.7,3.6,3.8
GOOGL,2026-08-28,2026-10-02,P,325.0,326,82,0.25977302734375,5.0,4.95,5.1
GOOGL,2026-08-28,2026-10-02,P,330.0,189,98,0.2639844110107422,6.9,6.55,7.05
GOOGL,2026-08-28,2026-10-02,P,335.0,169,58,0.2585523364257813,8.56,8.6,9.0
GOOGL,2026-08-28,2026-10-02,P,340.0,1367,50,0.2538526763916016,11.37,10.9,11.35
GOOGL,2026-08-28,2026-10-02,P,345.0,222,26,0.25214370910644535,14.5,13.75,14.2
GOOGL,2026-08-28,2026-10-02,P,350.0,55,28,0.2539747454833985,17.0,16.8,17.55
GOOGL,2026-08-28,2026-10-02,P,355.0,21,4,0.2727733856201171,21.3,20.4,21.8
GOOGL,2026-08-28,2026-10-02,P,360.0,24,1,0.25714854187011715,23.11,23.4,25.15
GOOGL,2026-08-28,2026-10-02,P,365.0,16,5,0.2634961346435547,29.5,27.45,29.45
GOOGL,2026-08-28,2026-10-02,P,370.0,12,2,0.27387200744628903,25.57,32.0,34.0
GOOGL,2026-08-28,2026-10-02,P,375.0,3,1,0.3161079132080078,30.9,36.15,39.35
GOOGL,2026-08-28,2026-10-02,P,380.0,5,1,0.30676962768554683,38.11,40.95,43.6
GOOGL,2026-08-28,2026-10-02,P,385.0,1,0,0.3107979077148437,44.46,45.9,48.25
GOOGL,2026-08-28,2026-10-02,P,390.0,1,0,0.33960621337890623,49.04,50.15,53.35
GOOGL,2026-08-28,2026-10-02,P,420.0,0,1,0.4177304321289062,74.71,79.9,82.8
GOOGL,2026-08-28,2026-10-09,C,270.0,1,0,0.5773968041992188,72.1,68.4,71.4
GOOGL,2026-08-28,2026-10-09,C,275.0,1,0,0.5471236694335939,67.28,63.3,66.5
GOOGL,2026-08-28,2026-10-09,C,325.0,1,1,0.3430851824951171,25.35,19.85,22.4
GOOGL,2026-08-28,2026-10-09,C,330.0,1,0,0.3230353341674803,20.0,17.5,18.6
GOOGL,2026-08-28,2026-10-09,C,335.0,3,19,0.30832600860595705,15.1,14.45,15.25
GOOGL,2026-08-28,2026-10-09,C,340.0,23,70,0.29883513671874995,12.28,12.05,12.4
GOOGL,2026-08-28,2026-10-09,C,345.0,11,11,0.29968962036132807,10.05,9.85,10.3
GOOGL,2026-08-28,2026-10-09,C,350.0,40,48,0.31153032226562494,8.1,8.0,8.95
GOOGL,2026-08-28,2026-10-09,C,355.0,7,7,0.3009103112792969,6.59,6.4,6.9
GOOGL,2026-08-28,2026-10-09,C,360.0,14,21,0.29560030578613283,5.3,4.9,5.35
GOOGL,2026-08-28,2026-10-09,C,365.0,11,3,0.3018258294677735,4.15,3.9,4.45
GOOGL,2026-08-28,2026-10-09,C,370.0,45,98,0.3030465203857422,3.29,3.0,3.55
GOOGL,2026-08-28,2026-10-09,C,375.0,30,11,0.3001778967285156,2.58,2.47,2.7
GOOGL,2026-08-28,2026-10-09,C,380.0,16,26,0.3057930749511719,2.01,1.94,2.22
GOOGL,2026-08-28,2026-10-09,C,385.0,20,2,0.31049273498535157,1.7,1.55,1.81
GOOGL,2026-08-28,2026-10-09,C,390.0,130,16,0.31262894409179687,1.33,1.26,1.43
GOOGL,2026-08-28,2026-10-09,C,400.0,10,2,0.3210517114257812,0.91,0.78,0.94
GOOGL,2026-08-28,2026-10-09,C,405.0,21,19,0.32739930419921875,0.7,0.61,0.79
GOOGL,2026-08-28,2026-10-09,C,420.0,1,0,0.3493717407226562,0.65,0.4,0.51
GOOGL,2026-08-28,2026-10-09,P,205.0,1,2,0.5722699023437501,0.12,0.01,0.12
GOOGL,2026-08-28,2026-10-09,P,210.0,1,2,0.5468795312500001,0.13,0.01,0.12
GOOGL,2026-08-28,2026-10-09,P,225.0,1,20,0.508793974609375,0.07,0.04,0.12
GOOGL,2026-08-28,2026-10-09,P,230.0,1,2,0.5053760400390624,0.08,0.02,0.17
GOOGL,2026-08-28,2026-10-09,P,235.0,2,6,0.463872548828125,0.09,0.01,0.13
GOOGL,2026-08-28,2026-10-09,P,240.0,4,5,0.45166563964843753,0.12,0.06,0.16
GOOGL,2026-08-28,2026-10-09,P,245.0,7,0,0.44873598144531246,0.12,0.02,0.23
GOOGL,2026-08-28,2026-10-09,P,250.0,3,4,0.41309180664062495,0.11,0.02,0.19
GOOGL,2026-08-28,2026-10-09,P,255.0,1,2,0.4133359448242187,0.18,0.02,0.29
GOOGL,2026-08-28,2026-10-09,P,260.0,1,4,0.39258419921875,0.17,0.02,0.31
GOOGL,2026-08-28,2026-10-09,P,265.0,13,4,0.3676821044921875,0.27,0.22,0.31
GOOGL,2026-08-28,2026-10-09,P,285.0,11,1,0.3149482568359374,0.57,0.59,0.69
GOOGL,2026-08-28,2026-10-09,P,290.0,2,0,0.30725790405273434,0.67,0.8,0.92
GOOGL,2026-08-28,2026-10-09,P,295.0,3,3,0.2995675512695312,1.1,1.06,1.22
GOOGL,2026-08-28,2026-10-09,P,300.0,30,50,0.2873606420898437,1.49,1.45,1.52
GOOGL,2026-08-28,2026-10-09,P,305.0,33,42,0.284064776611328,2.02,1.93,2.1
GOOGL,2026-08-28,2026-10-09,P,310.0,6,14,0.2795482202148437,2.65,2.55,2.82
GOOGL,2026-08-28,2026-10-09,P,315.0,37,43,0.2755199401855468,3.53,3.35,3.75
GOOGL,2026-08-28,2026-10-09,P,320.0,150,28,0.27399407653808594,4.66,4.55,5.0
GOOGL,2026-08-28,2026-10-09,P,325.0,30,17,0.264106480102539,6.31,5.95,6.2
GOOGL,2026-08-28,2026-10-09,P,330.0,8,16,0.26578493011474613,8.05,7.65,8.15
GOOGL,2026-08-28,2026-10-09,P,335.0,9,7,0.26538820556640624,10.1,9.6,10.35
GOOGL,2026-08-28,2026-10-09,P,340.0,5,44,0.2586133709716797,12.5,12.05,12.6
GOOGL,2026-08-28,2026-10-09,P,345.0,1,6,0.25196060546875,14.64,13.95,15.2
GOOGL,2026-08-28,2026-10-09,P,350.0,2,2,0.26923338195800783,18.48,17.55,19.15
GOOGL,2026-08-28,2026-10-09,P,355.0,4,0,0.27472649108886715,20.34,21.4,22.85
GOOGL,2026-08-28,2026-10-09,P,360.0,1,1,0.24988543090820312,26.04,24.65,25.7
GOOGL,2026-08-28,2026-10-09,P,365.0,1,0,0.27814442565917963,27.6,28.45,30.65
GOOGL,2026-08-28,2026-10-09,P,375.0,1,0,0.2966378930664062,31.39,36.65,39.6
GOOGL,2026-08-28,2026-10-09,P,380.0,1,0,0.27387200744628903,39.42,41.0,43.5
GOOGL,2026-08-28,2026-10-16,C,150.0,4,1,1.2241249731445314,190.0,187.4,191.05
GOOGL,2026-08-28,2026-10-16,C,155.0,14,1,2.00549815032959,217.3,192.4,196.0
GOOGL,2026-08-28,2026-10-16,C,160.0,15,9,3.06250234375,204.88,210.85,214.55
GOOGL,2026-08-28,2026-10-16,C,165.0,15,15,2.968996718139648,200.14,205.9,209.65
GOOGL,2026-08-28,2026-10-16,C,170.0,867,2,1.0000000000000003e-05,176.05,148.1,151.65
GOOGL,2026-08-28,2026-10-16,C,175.0,18,3,1.0068409033203123,189.24,162.55,165.8
GOOGL,2026-08-28,2026-10-16,C,180.0,28,1,0.9797365307617188,167.14,157.7,160.8
GOOGL,2026-08-28,2026-10-16,C,185.0,32,12,0.9523930541992187,156.82,152.6,156.05
GOOGL,2026-08-28,2026-10-16,C,190.0,12,2,0.9284675122070312,151.58,147.95,150.9
GOOGL,2026-08-28,2026-10-16,C,195.0,8,1,0.8796398754882812,146.59,142.75,145.9
GOOGL,2026-08-28,2026-10-16,C,200.0,39,2,0.8535170898437501,151.03,137.85,140.95
GOOGL,2026-08-28,2026-10-16,C,205.0,34,1,0.8244646459960936,137.22,132.9,136.0
GOOGL,2026-08-28,2026-10-16,C,210.0,88,10,0.8062763513183593,129.9,128.2,131.0
GOOGL,2026-08-28,2026-10-16,C,215.0,20,1,0.7698997619628907,130.98,122.8,126.35
GOOGL,2026-08-28,2026-10-16,C,220.0,21,2,0.73437765625,122.29,118.0,121.1
GOOGL,2026-08-28,2026-10-16,C,225.0,22,1,0.6995879650878907,122.38,112.9,116.15
GOOGL,2026-08-28,2026-10-16,C,230.0,25,1,0.6723665576171877,119.6,107.95,111.2
GOOGL,2026-08-28,2026-10-16,C,235.0,45,1,0.645389288330078,109.88,103.0,106.25
GOOGL,2026-08-28,2026-10-16,C,240.0,85,1,0.6528355029296876,105.22,98.95,101.3
GOOGL,2026-08-28,2026-10-16,C,245.0,128,6,0.5974161352539062,96.2,93.25,96.35
GOOGL,2026-08-28,2026-10-16,C,250.0,138,3,0.5687298986816407,89.0,88.4,91.25
GOOGL,2026-08-28,2026-10-16,C,255.0,167,70,0.5487105676269532,86.49,83.5,86.45
GOOGL,2026-08-28,2026-10-16,C,260.0,256,2,0.5201464001464844,78.2,78.55,81.45
GOOGL,2026-08-28,2026-10-16,C,265.0,54,72,0.5050098327636718,76.97,73.85,76.65
GOOGL,2026-08-28,2026-10-16,C,270.0,182,4,0.5136157037353515,68.7,69.5,71.0
GOOGL,2026-08-28,2026-10-16,C,275.0,382,53,0.5219774365234374,67.31,63.9,66.9
GOOGL,2026-08-28,2026-10-16,C,280.0,296,22,0.4848684326171875,70.33,59.85,61.8
GOOGL,2026-08-28,2026-10-16,C,285.0,394,30,0.45227598510742195,64.37,54.7,56.8
GOOGL,2026-08-28,2026-10-16,C,290.0,349,5,0.41596043029785157,50.63,50.1,51.7
GOOGL,2026-08-28,2026-10-16,C,295.0,141,1,0.3943542010498047,46.01,45.45,47.0
GOOGL,2026-08-28,2026-10-16,C,300.0,832,25,0.39856558471679693,41.6,41.45,43.15
GOOGL,2026-08-28,2026-10-16,C,305.0,223,3,0.3827576373291015,37.13,37.35,38.8
GOOGL,2026-08-28,2026-10-16,C,310.0,472,1,0.3508365698242187,33.45,33.0,33.95
GOOGL,2026-08-28,2026-10-16,C,315.0,504,13,0.33978931701660153,29.08,29.35,29.95
GOOGL,2026-08-28,2026-10-16,C,320.0,709,14,0.3308782733154296,26.0,25.8,26.2
GOOGL,2026-08-28,2026-10-16,C,325.0,942,39,0.3220892987060546,22.17,22.2,22.65
GOOGL,2026-08-28,2026-10-16,C,330.0,1180,91,0.3162299822998046,19.0,19.0,19.45
GOOGL,2026-08-28,2026-10-16,C,335.0,1572,129,0.31153032226562494,16.1,16.15,16.55
GOOGL,2026-08-28,2026-10-16,C,340.0,4430,594,0.30774618041992186,13.5,13.7,13.95
GOOGL,2026-08-28,2026-10-16,C,345.0,3862,343,0.304694453125,11.35,11.25,11.65
GOOGL,2026-08-28,2026-10-16,C,350.0,4739,529,0.3024361749267578,9.5,9.4,9.65
GOOGL,2026-08-28,2026-10-16,C,355.0,2231,182,0.30240565765380856,7.55,7.6,8.0
GOOGL,2026-08-28,2026-10-16,C,360.0,4297,809,0.30170376037597657,6.4,6.3,6.55
GOOGL,2026-08-28,2026-10-16,C,365.0,3946,336,0.3019478985595704,5.2,5.05,5.35
GOOGL,2026-08-28,2026-10-16,C,370.0,8791,869,0.3039925558471679,4.25,4.1,4.4
GOOGL,2026-08-28,2026-10-16,C,375.0,65137,1227,0.30438928039550783,3.48,3.45,3.55
GOOGL,2026-08-28,2026-10-16,C,380.0,5442,2419,0.30664755859375,2.86,2.82,2.9
GOOGL,2026-08-28,2026-10-16,C,385.0,2225,156,0.3104317004394531,2.34,2.28,2.4
GOOGL,2026-08-28,2026-10-16,C,390.0,3464,236,0.31214066772460936,1.86,1.78,1.94
GOOGL,2026-08-28,2026-10-16,C,395.0,1393,65,0.31763377685546873,1.59,1.53,1.64
GOOGL,2026-08-28,2026-10-16,C,400.0,19999,1602,0.319220675048828,1.3,1.3,1.32
GOOGL,2026-08-28,2026-10-16,C,405.0,1403,20,0.324103438720703,1.05,1.05,1.11
GOOGL,2026-08-28,2026-10-16,C,410.0,33779,740,0.33130551513671874,0.88,0.9,0.97
GOOGL,2026-08-28,2026-10-16,C,415.0,2270,24,0.33667655517578127,0.77,0.77,0.83
GOOGL,2026-08-28,2026-10-16,C,420.0,7724,7,0.34107104248046877,0.69,0.62,0.7
GOOGL,2026-08-28,2026-10-16,C,425.0,2123,2,0.3461979443359374,0.56,0.55,0.6
GOOGL,2026-08-28,2026-10-16,C,430.0,3798,3,0.35596347167968745,0.52,0.48,0.56
GOOGL,2026-08-28,2026-10-16,C,435.0,794,1,0.3606020971679687,0.62,0.41,0.48
GOOGL,2026-08-28,2026-10-16,C,440.0,2105,82,0.36865865722656255,0.41,0.36,0.44
GOOGL,2026-08-28,2026-10-16,C,445.0,1151,3,0.3745179736328125,0.42,0.33,0.39
GOOGL,2026-08-28,2026-10-16,C,450.0,3716,3,0.38550419189453117,0.3,0.3,0.38
GOOGL,2026-08-28,2026-10-16,C,460.0,6884,6,0.43018147949218755,0.33,0.04,0.52
GOOGL,2026-08-28,2026-10-16,C,470.0,3796,4,0.4155331884765625,0.23,0.12,0.28
GOOGL,2026-08-28,2026-10-16,C,480.0,6414,60,0.43555251953125,0.13,0.14,0.27
GOOGL,2026-08-28,2026-10-16,C,490.0,6411,3,0.45215391601562505,0.24,0.16,0.25
GOOGL,2026-08-28,2026-10-16,C,500.0,3965,126,0.45117736328125,0.15,0.13,0.17
GOOGL,2026-08-28,2026-10-16,C,510.0,3153,88,0.476567734375,0.36,0.05,0.19
GOOGL,2026-08-28,2026-10-16,C,520.0,3623,60,0.5127001855468749,0.09,0.05,0.25
GOOGL,2026-08-28,2026-10-16,C,530.0,5846,3,0.5127001855468749,0.11,0.01,0.36
GOOGL,2026-08-28,2026-10-16,C,540.0,6386,2,0.5258836474609375,0.11,0.01,0.33
GOOGL,2026-08-28,2026-10-16,C,550.0,1986,23,0.5097705273437501,0.08,0.05,0.14
GOOGL,2026-08-28,2026-10-16,C,560.0,358,1,0.5546919531250001,0.11,0.01,0.3
GOOGL,2026-08-28,2026-10-16,C,570.0,47,2,0.5776409423828125,0.16,0.01,0.33
GOOGL,2026-08-28,2026-10-16,C,580.0,186,2,0.5937540625000001,0.1,0.01,0.33
GOOGL,2026-08-28,2026-10-16,C,590.0,52,4,0.5996133789062501,0.13,0.01,0.28
GOOGL,2026-08-28,2026-10-16,C,600.0,1348,10,0.5585981640625001,0.06,0.01,0.1
GOOGL,2026-08-28,2026-10-16,C,610.0,62,1,0.5937540625000001,0.15,0.01,0.15
GOOGL,2026-08-28,2026-10-16,C,620.0,49,5,0.6113320117187502,0.13,0.01,0.16
GOOGL,2026-08-28,2026-10-16,C,630.0,139,1,0.6250037500000001,0.16,0.01,0.16
GOOGL,2026-08-28,2026-10-16,C,640.0,203,4,0.63086306640625,0.16,0.01,0.14
GOOGL,2026-08-28,2026-10-16,C,650.0,66,2,0.6689486230468751,0.16,0.01,0.21
GOOGL,2026-08-28,2026-10-16,C,660.0,46,2,0.6699251757812501,0.15,0.01,0.17
GOOGL,2026-08-28,2026-10-16,C,670.0,205,2,0.6748079394531252,0.15,0.01,0.15
GOOGL,2026-08-28,2026-10-16,C,680.0,16,3,0.7460962890625,0.15,0.01,0.35
GOOGL,2026-08-28,2026-10-16,C,690.0,16,2,0.708010732421875,0.19,0.01,0.17
GOOGL,2026-08-28,2026-10-16,C,700.0,17,2,0.7246121289062499,0.19,0.0,0.19
GOOGL,2026-08-28,2026-10-16,C,710.0,11,1,0.788088056640625,0.17,0.0,0.37
GOOGL,2026-08-28,2026-10-16,C,720.0,26,1,0.797853583984375,0.17,0.0,0.36
GOOGL,2026-08-28,2026-10-16,C,730.0,12,1,0.8105487695312499,0.17,0.0,0.36
GOOGL,2026-08-28,2026-10-16,C,740.0,8,1,0.8320329296874999,0.17,0.0,0.4
GOOGL,2026-08-28,2026-10-16,C,750.0,9,1,0.8349625878906248,0.16,0.0,0.36
GOOGL,2026-08-28,2026-10-16,C,760.0,59,1,0.782228740234375,0.16,0.0,0.16
GOOGL,2026-08-28,2026-10-16,C,770.0,10,8,0.9702151416015624,0.17,0.0,1.06
GOOGL,2026-08-28,2026-10-16,C,780.0,3,2,0.9863282617187501,0.03,0.0,1.09
GOOGL,2026-08-28,2026-10-16,C,790.0,4,2,1.0029346728515625,0.03,0.0,1.13
GOOGL,2026-08-28,2026-10-16,C,800.0,4849,1,0.73437765625,0.03,0.01,0.03
GOOGL,2026-08-28,2026-10-16,P,150.0,937,6,0.7812521875,0.02,0.01,0.06
GOOGL,2026-08-28,2026-10-16,P,155.0,97,1,0.86132951171875,0.15,0.0,0.26
GOOGL,2026-08-28,2026-10-16,P,160.0,117,9,0.883790224609375,0.03,0.0,0.45
GOOGL,2026-08-28,2026-10-16,P,165.0,58,8,0.911133701171875,0.08,0.0,0.76
GOOGL,2026-08-28,2026-10-16,P,170.0,273,4,0.7617211328125001,0.05,0.0,0.25
GOOGL,2026-08-28,2026-10-16,P,175.0,809,8,0.7587914746093751,0.05,0.01,0.33
GOOGL,2026-08-28,2026-10-16,P,180.0,2754,5,0.63086306640625,0.05,0.0,0.09
GOOGL,2026-08-28,2026-10-16,P,185.0,270,36,0.6054726953125001,0.04,0.01,0.08
GOOGL,2026-08-28,2026-10-16,P,190.0,226,9,0.6533237792968751,0.1,0.0,0.27
GOOGL,2026-08-28,2026-10-16,P,195.0,62,4,0.5625043750000001,0.06,0.01,0.09
GOOGL,2026-08-28,2026-10-16,P,200.0,277,60,0.5429733203125001,0.05,0.04,0.07
GOOGL,2026-08-28,2026-10-16,P,205.0,139,10,0.5136767382812499,0.05,0.01,0.09
GOOGL,2026-08-28,2026-10-16,P,210.0,540,2,0.5195360546875,0.08,0.01,0.16
GOOGL,2026-08-28,2026-10-16,P,215.0,1079,4,0.5117236328125,0.09,0.06,0.11
GOOGL,2026-08-28,2026-10-16,P,220.0,3832,4,0.4931691308593751,0.11,0.06,0.12
GOOGL,2026-08-28,2026-10-16,P,225.0,509,4,0.5004932763671875,0.14,0.07,0.2
GOOGL,2026-08-28,2026-10-16,P,230.0,514,4,0.45508357421875,0.14,0.09,0.14
GOOGL,2026-08-28,2026-10-16,P,235.0,494,4,0.43945873046875,0.15,0.12,0.16
GOOGL,2026-08-28,2026-10-16,P,240.0,1809,6,0.42627526855468756,0.11,0.11,0.19
GOOGL,2026-08-28,2026-10-16,P,245.0,957,3,0.40869731933593745,0.14,0.1,0.21
GOOGL,2026-08-28,2026-10-16,P,250.0,3504,2,0.393560751953125,0.24,0.11,0.24
GOOGL,2026-08-28,2026-10-16,P,255.0,754,3,0.38721315917968746,0.28,0.24,0.32
GOOGL,2026-08-28,2026-10-16,P,260.0,888,82,0.39014281738281253,0.32,0.1,0.49
GOOGL,2026-08-28,2026-10-16,P,265.0,2153,1,0.3549869189453124,0.32,0.22,0.41
GOOGL,2026-08-28,2026-10-16,P,270.0,3847,142,0.3481510498046875,0.47,0.45,0.54
GOOGL,2026-08-28,2026-10-16,P,275.0,3615,6,0.3315496533203125,0.57,0.55,0.61
GOOGL,2026-08-28,2026-10-16,P,280.0,2649,15,0.32031929687499994,0.74,0.7,0.75
GOOGL,2026-08-28,2026-10-16,P,285.0,3328,144,0.3110420458984374,0.93,0.91,0.95
GOOGL,2026-08-28,2026-10-16,P,290.0,3388,75,0.3051827294921875,1.21,1.16,1.26
GOOGL,2026-08-28,2026-10-16,P,295.0,2676,46,0.2966378930664062,1.55,1.53,1.6
GOOGL,2026-08-28,2026-10-16,P,300.0,4574,458,0.2882151257324218,2.03,2.03,2.03
GOOGL,2026-08-28,2026-10-16,P,305.0,2106,96,0.28827616027832026,2.75,2.64,2.8
GOOGL,2026-08-28,2026-10-16,P,310.0,4494,430,0.2829661547851562,3.5,3.4,3.6
GOOGL,2026-08-28,2026-10-16,P,315.0,3292,438,0.27533683654785157,4.4,4.4,4.5
GOOGL,2026-08-28,2026-10-16,P,320.0,6508,343,0.272895454711914,5.7,5.7,5.8
GOOGL,2026-08-28,2026-10-16,P,325.0,4837,143,0.27136959106445313,7.16,7.05,7.4
GOOGL,2026-08-28,2026-10-16,P,330.0,5700,200,0.2679516564941406,9.2,8.9,9.2
GOOGL,2026-08-28,2026-10-16,P,335.0,1701,250,0.2657544128417969,10.98,10.95,11.35
GOOGL,2026-08-28,2026-10-16,P,340.0,5939,199,0.26233647827148443,13.51,13.5,13.75
GOOGL,2026-08-28,2026-10-16,P,345.0,4302,26,0.2629468237304688,16.56,15.9,16.65
GOOGL,2026-08-28,2026-10-16,P,350.0,4034,28,0.25498181549072274,19.44,19.1,19.45
GOOGL,2026-08-28,2026-10-16,P,355.0,2653,6,0.2546461254882813,23.0,22.45,22.9
GOOGL,2026-08-28,2026-10-16,P,360.0,1030,22,0.2514723291015625,26.75,26.0,26.5
GOOGL,2026-08-28,2026-10-16,P,365.0,1021,8,0.27317011016845705,30.0,30.05,31.25
GOOGL,2026-08-28,2026-10-16,P,370.0,647,37,0.24848163635253906,34.15,33.95,34.55
GOOGL,2026-08-28,2026-10-16,P,375.0,408,15,0.2520826745605469,39.65,38.15,39.0
GOOGL,2026-08-28,2026-10-16,P,380.0,1530,30,0.27374993835449213,43.95,42.6,44.0
GOOGL,2026-08-28,2026-10-16,P,385.0,316,1,0.23499300170898438,43.28,47.1,47.8
GOOGL,2026-08-28,2026-10-16,P,390.0,310,26,0.2299881689453125,47.89,51.75,52.5
GOOGL,2026-08-28,2026-10-16,P,395.0,313,7,0.2799144274902343,52.8,56.25,57.95
GOOGL,2026-08-28,2026-10-16,P,400.0,1905,66,0.3096992858886719,53.28,61.3,63.15
GOOGL,2026-08-28,2026-10-16,P,405.0,387,19,0.2775951147460937,61.73,66.3,67.5
GOOGL,2026-08-28,2026-10-16,P,410.0,199,54,0.30225307128906254,69.31,70.95,72.6
GOOGL,2026-08-28,2026-10-16,P,415.0,126,48,0.3425358715820312,75.17,75.7,77.9
GOOGL,2026-08-28,2026-10-16,P,420.0,222,123,0.3501041552734374,72.76,80.7,82.8
GOOGL,2026-08-28,2026-10-16,P,425.0,19,19,0.405279384765625,78.51,84.8,88.35
GOOGL,2026-08-28,2026-10-16,P,430.0,0,104,0.3797669445800781,81.6,90.3,92.8
GOOGL,2026-08-28,2026-10-16,P,435.0,0,63,1.0000000000000003e-05,116.95,84.85,88.8
GOOGL,2026-08-28,2026-10-16,P,440.0,0,18,0.4514215014648438,96.56,99.5,103.35
GOOGL,2026-08-28,2026-10-16,P,445.0,0,19,0.46631393066406257,101.05,104.6,108.35
GOOGL,2026-08-28,2026-10-16,P,450.0,0,18,0.48438015625,106.33,109.6,113.4
GOOGL,2026-08-28,2026-10-16,P,460.0,0,20,1.0000000000000003e-05,89.8,109.6,113.6
GOOGL,2026-08-28,2026-10-16,P,470.0,0,25,1.0000000000000003e-05,128.18,119.9,123.6
GOOGL,2026-08-28,2026-10-16,P,600.0,0,0,1.0000000000000003e-05,237.7,0.0,0.0
GOOGL,2026-08-28,2026-11-20,C,85.0,53,50,1.553713168945312,254.87,252.45,256.35
GOOGL,2026-08-28,2026-11-20,C,95.0,1,0,2.346195540771484,278.1,252.7,256.05
GOOGL,2026-08-28,2026-11-20,C,100.0,5,2,1.3952666955566406,246.07,237.55,241.45
GOOGL,2026-08-28,2026-11-20,C,105.0,2,1,1.3464388146972652,240.93,232.65,236.4
GOOGL,2026-08-28,2026-11-20,C,120.0,2,1,1.1953165234375,225.0,217.85,221.1
GOOGL,2026-08-28,2026-11-20,C,130.0,0,6,1.0000000000000003e-05,161.2,0.0,0.0
GOOGL,2026-08-28,2026-11-20,C,140.0,17,0,1.0000000000000003e-05,197.35,170.25,173.35
GOOGL,2026-08-28,2026-11-20,C,145.0,3,1,1.045414929199219,200.7,193.0,196.85
GOOGL,2026-08-28,2026-11-20,C,150.0,13,2,1.0229541040039063,192.64,188.15,192.0
GOOGL,2026-08-28,2026-11-20,C,155.0,0,1,1.0000000000000003e-05,214.67,0.0,0.0
GOOGL,2026-08-28,2026-11-20,C,160.0,9,1,0.9436040795898437,187.23,178.35,181.65
GOOGL,2026-08-28,2026-11-20,C,165.0,0,1,1.0000000000000003e-05,199.29,0.0,0.0
GOOGL,2026-08-28,2026-11-20,C,170.0,6,1,2.2774701266479487,229.78,204.0,207.95
GOOGL,2026-08-28,2026-11-20,C,175.0,5,1,0.8521743298339843,168.93,163.4,166.8
GOOGL,2026-08-28,2026-11-20,C,180.0,0,1,1.0000000000000003e-05,186.19,0.0,0.0
GOOGL,2026-08-28,2026-11-20,C,185.0,15,2,1.0000000000000003e-05,166.05,134.2,138.05
GOOGL,2026-08-28,2026-11-20,C,190.0,883,1,0.7817404638671875,159.03,148.8,152.0
GOOGL,2026-08-28,2026-11-20,C,195.0,9,1,1.9058842596435548,177.7,177.5,181.5
GOOGL,2026-08-28,2026-11-20,C,200.0,28,1,0.732302481689453,141.58,138.7,142.4
GOOGL,2026-08-28,2026-11-20,C,205.0,24,1,0.7048369360351563,146.0,134.05,137.1
GOOGL,2026-08-28,2026-11-20,C,210.0,39,2,0.6854279504394531,138.85,129.1,132.35
GOOGL,2026-08-28,2026-11-20,C,215.0,73,1,0.6616244775390626,128.43,124.2,127.4
GOOGL,2026-08-28,2026-11-20,C,220.0,216,1,0.6420934228515626,126.98,119.3,122.6
GOOGL,2026-08-28,2026-11-20,C,225.0,251,1,0.6134071862792969,126.24,114.4,117.45
GOOGL,2026-08-28,2026-11-20,C,230.0,410,1,0.5952188916015625,120.75,109.9,112.3
GOOGL,2026-08-28,2026-11-20,C,235.0,412,1,0.5720867987060547,107.83,104.65,107.7
GOOGL,2026-08-28,2026-11-20,C,240.0,372,2,0.5468795312500001,111.0,99.8,102.6
GOOGL,2026-08-28,2026-11-20,C,245.0,164,1,0.5273484765625001,109.2,94.95,97.75
GOOGL,2026-08-28,2026-11-20,C,250.0,463,3,0.513554669189453,92.0,90.6,92.7
GOOGL,2026-08-28,2026-11-20,C,255.0,172,8,0.539189178466797,94.78,85.45,88.1
GOOGL,2026-08-28,2026-11-20,C,260.0,213,11,0.5354660711669923,90.8,81.4,83.85
GOOGL,2026-08-28,2026-11-20,C,265.0,113,1,0.5001881036376954,76.66,76.1,78.6
GOOGL,2026-08-28,2026-11-20,C,270.0,742,20,0.47723911437988287,72.34,71.9,73.75
GOOGL,2026-08-28,2026-11-20,C,275.0,58,6,0.467778759765625,76.34,67.5,69.4
GOOGL,2026-08-28,2026-11-20,C,280.0,525,5,0.46924358886718753,64.13,62.7,65.55
GOOGL,2026-08-28,2026-11-20,C,285.0,172,1,0.4478509805297851,61.11,58.1,60.85
GOOGL,2026-08-28,2026-11-20,C,290.0,385,3,0.4271297521972657,55.0,54.9,56.2
GOOGL,2026-08-28,2026-11-20,C,295.0,144,6,0.41223732299804683,50.4,50.0,51.85
GOOGL,2026-08-28,2026-11-20,C,300.0,1069,16,0.4062559375,47.15,46.75,48.0
GOOGL,2026-08-28,2026-11-20,C,305.0,306,3,0.41144387390136716,43.0,42.05,44.85
GOOGL,2026-08-28,2026-11-20,C,310.0,522,1,0.3878235046386719,39.96,39.4,40.3
GOOGL,2026-08-28,2026-11-20,C,315.0,376,49,0.3817810845947265,43.2,36.0,36.8
GOOGL,2026-08-28,2026-11-20,C,320.0,766,3,0.3725343508911133,33.0,32.65,33.25
GOOGL,2026-08-28,2026-11-20,C,325.0,1569,3,0.3676515872192383,29.5,29.45,30.1
GOOGL,2026-08-28,2026-11-20,C,330.0,1158,20,0.36344020355224615,26.9,26.65,27.15
GOOGL,2026-08-28,2026-11-20,C,335.0,1609,51,0.3613650289916992,23.95,24.0,24.5
GOOGL,2026-08-28,2026-11-20,C,340.0,1276,265,0.3550479534912109,21.65,21.5,21.75
GOOGL,2026-08-28,2026-11-20,C,345.0,3034,332,0.35312536529541017,19.34,19.0,19.45
GOOGL,2026-08-28,2026-11-20,C,350.0,2330,127,0.35324743438720696,17.25,17.05,17.45
GOOGL,2026-08-28,2026-11-20,C,355.0,1145,38,0.3507755352783203,15.2,15.2,15.45
GOOGL,2026-08-28,2026-11-20,C,360.0,6692,91,0.3505619143676757,13.55,13.55,13.75
GOOGL,2026-08-28,2026-11-20,C,365.0,2930,28,0.3511417425537109,12.0,12.0,12.25
GOOGL,2026-08-28,2026-11-20,C,370.0,2098,84,0.3484562225341796,10.77,10.4,10.7
GOOGL,2026-08-28,2026-11-20,C,375.0,2025,36,0.3494938098144531,9.45,9.1,9.5
GOOGL,2026-08-28,2026-11-20,C,380.0,1381,243,0.3501041552734374,8.14,8.15,8.4
GOOGL,2026-08-28,2026-11-20,C,385.0,1228,11,0.3485172570800781,7.3,7.0,7.3
GOOGL,2026-08-28,2026-11-20,C,390.0,1854,43,0.3497379479980468,6.34,6.15,6.45
GOOGL,2026-08-28,2026-11-20,C,395.0,1819,13,0.3511417425537109,5.55,5.3,5.7
GOOGL,2026-08-28,2026-11-20,C,400.0,3580,192,0.3517520880126953,4.9,4.8,5.0
GOOGL,2026-08-28,2026-11-20,C,405.0,985,16,0.3529422616577148,4.35,4.1,4.4
GOOGL,2026-08-28,2026-11-20,C,410.0,2998,24,0.3522403643798828,3.8,3.7,3.8
GOOGL,2026-08-28,2026-11-20,C,415.0,1006,18,0.35535312622070303,3.3,3.25,3.4
GOOGL,2026-08-28,2026-11-20,C,420.0,3321,63,0.3567569207763671,2.91,2.82,2.99
GOOGL,2026-08-28,2026-11-20,C,425.0,606,16,0.35816071533203125,2.61,2.52,2.63
GOOGL,2026-08-28,2026-11-20,C,430.0,1296,34,0.35950347534179683,2.31,2.1,2.31
GOOGL,2026-08-28,2026-11-20,C,435.0,993,4,0.36255520263671875,2.01,1.94,2.07
GOOGL,2026-08-28,2026-11-20,C,440.0,539,13,0.3678652081298829,1.8,1.73,1.91
GOOGL,2026-08-28,2026-11-20,C,445.0,314,71,0.36817038085937503,1.57,1.6,1.66
GOOGL,2026-08-28,2026-11-20,C,450.0,4020,42,0.3790345300292969,1.44,1.37,1.65
GOOGL,2026-08-28,2026-11-20,C,455.0,219,3,0.3734193518066406,1.27,1.22,1.33
GOOGL,2026-08-28,2026-11-20,C,460.0,2472,24,0.37756970092773434,1.14,1.1,1.22
GOOGL,2026-08-28,2026-11-20,C,470.0,3166,2,0.38172005004882803,0.93,0.9,0.97
GOOGL,2026-08-28,2026-11-20,C,480.0,3618,1,0.3979552392578125,1.01,0.74,0.93
GOOGL,2026-08-28,2026-11-20,C,490.0,5131,1,0.39649041015625003,0.66,0.62,0.69
GOOGL,2026-08-28,2026-11-20,C,500.0,2483,9,0.4028380029296875,0.69,0.49,0.58
GOOGL,2026-08-28,2026-11-20,C,510.0,2451,2,0.43921459228515625,0.44,0.14,0.78
GOOGL,2026-08-28,2026-11-20,C,520.0,2969,2,0.44824770507812495,0.46,0.07,0.7
GOOGL,2026-08-28,2026-11-20,C,530.0,3551,3,0.42969320312500003,0.33,0.3,0.41
GOOGL,2026-08-28,2026-11-20,C,540.0,4819,6,0.4370173486328125,0.3,0.25,0.36
GOOGL,2026-08-28,2026-11-20,C,550.0,162,2,0.48071808349609374,0.28,0.1,0.57
GOOGL,2026-08-28,2026-11-20,C,560.0,285,2,0.49268085449218757,0.63,0.01,0.55
GOOGL,2026-08-28,2026-11-20,C,570.0,122,37,0.5029346582031251,0.29,0.1,0.52
GOOGL,2026-08-28,2026-11-20,C,580.0,70,1,0.49561051269531253,0.2,0.01,0.38
GOOGL,2026-08-28,2026-11-20,C,590.0,61,1,0.524418818359375,0.23,0.01,0.48
GOOGL,2026-08-28,2026-11-20,C,600.0,1150,3,0.5361374511718751,0.12,0.01,0.47
GOOGL,2026-08-28,2026-11-20,C,610.0,157,9,0.5039112109375,0.11,0.01,0.46
GOOGL,2026-08-28,2026-11-20,C,620.0,56,3,0.5141650146484374,0.1,0.01,0.45
GOOGL,2026-08-28,2026-11-20,C,630.0,25,1,0.524418818359375,0.18,0.01,0.44
GOOGL,2026-08-28,2026-11-20,C,640.0,81,5,0.51562984375,0.09,0.01,0.16
GOOGL,2026-08-28,2026-11-20,C,650.0,19,1,0.508793974609375,0.22,0.01,0.22
GOOGL,2026-08-28,2026-11-20,C,660.0,69,2,0.5561567822265626,0.1,0.01,0.43
GOOGL,2026-08-28,2026-11-20,C,670.0,102,2,0.5273484765625001,0.21,0.01,0.21
GOOGL,2026-08-28,2026-11-20,C,680.0,24,2,0.5371140039062501,0.21,0.01,0.21
GOOGL,2026-08-28,2026-11-20,C,690.0,64,1,0.5815471533203125,0.14,0.01,0.39
GOOGL,2026-08-28,2026-11-20,C,700.0,30,2,0.5556685058593751,0.21,0.01,0.21
GOOGL,2026-08-28,2026-11-20,C,710.0,27,1,0.6044961425781252,0.16,0.01,0.41
GOOGL,2026-08-28,2026-11-20,C,720.0,22,7,0.614261669921875,0.07,0.01,0.41
GOOGL,2026-08-28,2026-11-20,C,730.0,35,3,0.624027197265625,0.16,0.01,0.41
GOOGL,2026-08-28,2026-11-20,C,740.0,21,4,0.6313513427734375,0.06,0.01,0.4
GOOGL,2026-08-28,2026-11-20,C,750.0,262,1,0.64062859375,0.16,0.01,0.4
GOOGL,2026-08-28,2026-11-20,C,760.0,23,3,0.6499058447265625,0.09,0.01,0.4
GOOGL,2026-08-28,2026-11-20,C,770.0,35,1,0.6586948193359375,0.09,0.01,0.4
GOOGL,2026-08-28,2026-11-20,C,780.0,28,1,0.6674837939453127,0.16,0.01,0.4
GOOGL,2026-08-28,2026-11-20,C,790.0,132,4,0.6762727685546877,0.15,0.01,0.4
GOOGL,2026-08-28,2026-11-20,C,800.0,6569,4,0.6650424121093752,0.28,0.03,0.28
GOOGL,2026-08-28,2026-11-20,P,85.0,28,1,1.2041055419921873,0.16,0.0,0.48
GOOGL,2026-08-28,2026-11-20,P,90.0,61,3,0.8828136718749999,0.02,0.0,0.03
GOOGL,2026-08-28,2026-11-20,P,95.0,110,2,0.8437515624999999,0.04,0.0,0.03
GOOGL,2026-08-28,2026-11-20,P,100.0,142,70,0.8125018749999999,0.02,0.0,0.03
GOOGL,2026-08-28,2026-11-20,P,105.0,72,2,1.0459032080078128,0.09,0.0,0.56
GOOGL,2026-08-28,2026-11-20,P,110.0,79,9,0.7695335546875001,0.04,0.0,0.04
GOOGL,2026-08-28,2026-11-20,P,115.0,96,2,0.9677737597656251,0.01,0.0,0.56
GOOGL,2026-08-28,2026-11-20,P,120.0,88,1,0.726565234375,0.03,0.0,0.05
GOOGL,2026-08-28,2026-11-20,P,125.0,78,7,0.930664755859375,0.08,0.0,0.74
GOOGL,2026-08-28,2026-11-20,P,130.0,97,7,0.6718782812500002,0.03,0.0,0.05
GOOGL,2026-08-28,2026-11-20,P,135.0,61,3,0.9082040429687499,0.15,0.0,1.07
GOOGL,2026-08-28,2026-11-20,P,140.0,96,4,0.632816171875,0.04,0.0,0.06
GOOGL,2026-08-28,2026-11-20,P,145.0,91,1,0.6171913281250001,0.04,0.01,0.06
GOOGL,2026-08-28,2026-11-20,P,150.0,222,2,0.7929708203125,0.06,0.0,0.91
GOOGL,2026-08-28,2026-11-20,P,155.0,77,5,0.7817404638671875,0.15,0.0,1.07
GOOGL,2026-08-28,2026-11-20,P,160.0,60,4,0.657229990234375,0.09,0.01,0.38
GOOGL,2026-08-28,2026-11-20,P,165.0,54,3,0.559574716796875,0.08,0.01,0.12
GOOGL,2026-08-28,2026-11-20,P,170.0,56,2,0.5625043750000001,0.1,0.03,0.17
GOOGL,2026-08-28,2026-11-20,P,175.0,438,3,0.524418818359375,0.08,0.01,0.14
GOOGL,2026-08-28,2026-11-20,P,180.0,70,2,0.5273484765625001,0.11,0.06,0.17
GOOGL,2026-08-28,2026-11-20,P,185.0,309,4,0.5009815527343751,0.1,0.08,0.13
GOOGL,2026-08-28,2026-11-20,P,190.0,125,38,0.5029346582031251,0.1,0.01,0.3
GOOGL,2026-08-28,2026-11-20,P,195.0,148,2,0.49414568359375005,0.17,0.02,0.19
GOOGL,2026-08-28,2026-11-20,P,200.0,425,2,0.5053760400390624,0.32,0.12,0.31
GOOGL,2026-08-28,2026-11-20,P,205.0,209,1,0.5236864038085938,0.22,0.03,0.53
GOOGL,2026-08-28,2026-11-20,P,210.0,3353,1,0.4982960327148438,0.3,0.1,0.51
GOOGL,2026-08-28,2026-11-20,P,215.0,299,13,0.446294599609375,0.22,0.19,0.33
GOOGL,2026-08-28,2026-11-20,P,220.0,1465,1,0.4204159521484375,0.18,0.06,0.3
GOOGL,2026-08-28,2026-11-20,P,225.0,181,1,0.42139250488281255,0.3,0.12,0.42
GOOGL,2026-08-28,2026-11-20,P,230.0,933,5,0.4096738720703125,0.39,0.38,0.48
GOOGL,2026-08-28,2026-11-20,P,235.0,231,12,0.398443515625,0.48,0.43,0.55
GOOGL,2026-08-28,2026-11-20,P,240.0,1116,26,0.38513798461914056,0.65,0.54,0.61
GOOGL,2026-08-28,2026-11-20,P,245.0,838,1,0.37793590820312495,0.65,0.66,0.74
GOOGL,2026-08-28,2026-11-20,P,250.0,1297,13,0.3679262426757813,0.86,0.81,0.86
GOOGL,2026-08-28,2026-11-20,P,255.0,1083,3,0.36304347900390627,1.07,0.95,1.07
GOOGL,2026-08-28,2026-11-20,P,260.0,2068,4,0.3566958862304687,1.29,1.22,1.3
GOOGL,2026-08-28,2026-11-20,P,265.0,665,7,0.3523013989257812,1.58,1.51,1.61
GOOGL,2026-08-28,2026-11-20,P,270.0,1115,53,0.3523624334716796,1.66,1.85,2.08
GOOGL,2026-08-28,2026-11-20,P,275.0,687,10,0.34088793884277346,2.31,2.26,2.35
GOOGL,2026-08-28,2026-11-20,P,280.0,1739,14,0.33789724609375,2.85,2.77,2.9
GOOGL,2026-08-28,2026-11-20,P,285.0,1555,32,0.33350275878906255,3.45,3.25,3.5
GOOGL,2026-08-28,2026-11-20,P,290.0,2914,47,0.33042051422119134,4.15,4.05,4.25
GOOGL,2026-08-28,2026-11-20,P,295.0,1572,41,0.3255987850952148,5.0,4.9,5.05
GOOGL,2026-08-28,2026-11-20,P,300.0,5896,91,0.32257757507324214,5.95,5.85,6.05
GOOGL,2026-08-28,2026-11-20,P,305.0,1515,20,0.32483585327148434,7.0,6.95,7.45
GOOGL,2026-08-28,2026-11-20,P,310.0,2872,34,0.3165961895751953,8.5,8.2,8.5
GOOGL,2026-08-28,2026-11-20,P,315.0,3062,29,0.31323928955078123,10.0,9.7,9.95
GOOGL,2026-08-28,2026-11-20,P,320.0,3277,127,0.3171760177612304,11.48,11.35,12.0
GOOGL,2026-08-28,2026-11-20,P,325.0,2217,124,0.3092110095214844,13.54,13.25,13.55
GOOGL,2026-08-28,2026-11-20,P,330.0,3724,131,0.30570152313232424,15.4,15.45,15.55
GOOGL,2026-08-28,2026-11-20,P,335.0,1790,29,0.30463341857910153,18.0,17.5,17.9
GOOGL,2026-08-28,2026-11-20,P,340.0,2112,67,0.3027108303833008,20.15,20.1,20.4
GOOGL,2026-08-28,2026-11-20,P,345.0,4018,199,0.3007577249145508,22.75,22.7,23.1
GOOGL,2026-08-28,2026-11-20,P,350.0,1625,21,0.2988046194458007,25.8,25.5,26.0
GOOGL,2026-08-28,2026-11-20,P,355.0,1460,69,0.2993539303588867,24.3,28.55,29.25
GOOGL,2026-08-28,2026-11-20,P,360.0,4574,2,0.2884592639160155,32.56,31.5,32.0
GOOGL,2026-08-28,2026-11-20,P,365.0,899,2,0.2929758203124999,30.72,35.15,35.85
GOOGL,2026-08-28,2026-11-20,P,370.0,901,4,0.30225307128906254,39.6,38.5,40.1
GOOGL,2026-08-28,2026-11-20,P,375.0,616,12,0.28623150299072264,41.29,42.45,43.15
GOOGL,2026-08-28,2026-11-20,P,380.0,463,1,0.28394270751953116,41.15,45.65,47.1
GOOGL,2026-08-28,2026-11-20,P,385.0,289,3,0.27948718566894526,44.35,49.65,51.1
GOOGL,2026-08-28,2026-11-20,P,390.0,720,2,0.2991403094482421,56.0,54.1,56.2
GOOGL,2026-08-28,2026-11-20,P,395.0,396,1,0.2897409893798828,55.44,58.45,60.2
GOOGL,2026-08-28,2026-11-20,P,400.0,658,10,0.2921213366699218,56.39,63.4,64.75
GOOGL,2026-08-28,2026-11-20,P,405.0,132,26,0.2670361383056641,61.6,66.65,68.6
GOOGL,2026-08-28,2026-11-20,P,410.0,95,3,0.28827616027832026,71.0,71.95,73.8
GOOGL,2026-08-28,2026-11-20,P,415.0,144,12,0.2406081799316406,70.75,76.2,77.6
GOOGL,2026-08-28,2026-11-20,P,420.0,94,3,0.29944548217773437,75.45,80.55,83.45
GOOGL,2026-08-28,2026-11-20,P,425.0,64,26,0.31629101684570304,77.9,85.35,88.55
GOOGL,2026-08-28,2026-11-20,P,430.0,135,35,0.28784891845703114,80.7,90.9,92.8
GOOGL,2026-08-28,2026-11-20,P,435.0,39,25,1.0000000000000003e-05,86.03,85.6,89.05
GOOGL,2026-08-28,2026-11-20,P,440.0,2,4,1.0000000000000003e-05,63.14,76.25,77.75
GOOGL,2026-08-28,2026-11-20,P,445.0,0,1,1.0000000000000003e-05,83.75,95.15,98.85
GOOGL,2026-08-28,2026-11-20,P,450.0,13,10,0.3469303588867187,102.8,110.3,113.05
GOOGL,2026-08-28,2026-11-20,P,455.0,0,23,1.0000000000000003e-05,82.12,0.0,0.0
GOOGL,2026-08-28,2026-11-20,P,460.0,22,3,1.0000000000000003e-05,96.45,91.6,94.9
GOOGL,2026-08-28,2026-11-20,P,470.0,0,3,1.0000000000000003e-05,128.25,119.85,123.7
GOOGL,2026-08-28,2026-11-20,P,480.0,5,5,1.0000000000000003e-05,105.95,117.35,120.25
GOOGL,2026-08-28,2026-11-20,P,490.0,0,1,1.2160073379516603,161.35,186.25,189.65
GOOGL,2026-08-28,2026-11-20,P,500.0,3,3,1.0000000000000003e-05,118.9,136.65,139.15
GOOGL,2026-08-28,2026-11-20,P,530.0,0,1,1.3234897106933592,200.65,226.0,229.65
GOOGL,2026-08-28,2026-11-20,P,540.0,0,3,1.0000000000000003e-05,164.19,0.0,0.0
GOOGL,2026-08-28,2026-11-20,P,570.0,0,0,1.4226103088378905,250.3,266.25,269.65
GOOGL,2026-08-28,2026-11-20,P,720.0,0,1,1.0000000000000003e-05,381.5,369.85,373.35
GOOGL,2026-08-28,2026-12-18,C,50.0,2562,1,3.0599388735961917,268.92,297.3,300.75
GOOGL,2026-08-28,2026-12-18,C,55.0,47,1,1.7041030419921874,308.4,282.25,286.05
GOOGL,2026-08-28,2026-12-18,C,60.0,60,2,1.0000000000000003e-05,238.56,255.2,255.6
GOOGL,2026-08-28,2026-12-18,C,65.0,702,16,1.5788595275878903,311.41,272.45,276.15
GOOGL,2026-08-28,2026-12-18,C,70.0,129,19,1.5183129553222656,273.55,267.4,271.3
GOOGL,2026-08-28,2026-12-18,C,75.0,128,1,1.0000000000000003e-05,271.76,242.85,246.2
GOOGL,2026-08-28,2026-12-18,C,80.0,47,1,2.269169366149902,268.93,267.0,271.05
GOOGL,2026-08-28,2026-12-18,C,85.0,52,4,3.1053489163208003,267.6,278.7,282.55
GOOGL,2026-08-28,2026-12-18,C,90.0,52,1,1.0000000000000003e-05,260.0,228.1,231.45
GOOGL,2026-08-28,2026-12-18,C,95.0,191,1,1.2797887573242184,256.5,242.8,246.55
GOOGL,2026-08-28,2026-12-18,C,100.0,487,1,1.2373085009765623,244.53,237.85,241.6
GOOGL,2026-08-28,2026-12-18,C,105.0,342,9,3.022951661376953,299.1,267.85,271.35
GOOGL,2026-08-28,2026-12-18,C,110.0,83,5,1.1337933935546878,240.0,227.95,231.3
GOOGL,2026-08-28,2026-12-18,C,115.0,124,1,1.7661754855346676,235.43,233.2,236.5
GOOGL,2026-08-28,2026-12-18,C,120.0,357,1,1.0776413305664065,220.9,218.3,221.4
GOOGL,2026-08-28,2026-12-18,C,125.0,120,3,1.649782024536133,248.25,223.3,226.65
GOOGL,2026-08-28,2026-12-18,C,130.0,445,2,1.0161182006835938,228.02,208.45,211.55
GOOGL,2026-08-28,2026-12-18,C,135.0,297,1,0.9890137817382813,211.0,203.5,206.7
GOOGL,2026-08-28,2026-12-18,C,140.0,555,1,0.9624027197265624,210.1,198.7,201.7
GOOGL,2026-08-28,2026-12-18,C,145.0,292,2,0.9343268286132812,200.68,193.7,196.85
GOOGL,2026-08-28,2026-12-18,C,150.0,369,1,0.9028330029296875,195.4,188.75,191.85
GOOGL,2026-08-28,2026-12-18,C,155.0,675,6,0.8763440100097657,196.23,183.75,187.0
GOOGL,2026-08-28,2026-12-18,C,160.0,590,1,0.8430191479492187,180.81,178.7,182.0
GOOGL,2026-08-28,2026-12-18,C,165.0,604,1,0.8266618896484373,178.0,174.0,177.1
GOOGL,2026-08-28,2026-12-18,C,170.0,762,1,0.801637725830078,178.0,169.1,172.15
GOOGL,2026-08-28,2026-12-18,C,175.0,894,5,0.775514940185547,171.0,164.15,167.2
GOOGL,2026-08-28,2026-12-18,C,180.0,612,1,0.7546411254882812,199.0,159.25,162.35
GOOGL,2026-08-28,2026-12-18,C,185.0,2285,1,0.7236355761718749,163.4,154.1,157.4
GOOGL,2026-08-28,2026-12-18,C,190.0,1456,1,0.7020293469238281,157.88,149.2,152.5
GOOGL,2026-08-28,2026-12-18,C,195.0,753,1,0.688601746826172,151.59,144.5,147.7
GOOGL,2026-08-28,2026-12-18,C,200.0,2819,4,0.6633944793701174,144.65,139.6,142.65
GOOGL,2026-08-28,2026-12-18,C,205.0,318,1,0.6483189465332031,142.82,134.8,137.9
GOOGL,2026-08-28,2026-12-18,C,210.0,545,1,0.627078924560547,139.1,129.9,133.0
GOOGL,2026-08-28,2026-12-18,C,215.0,1810,34,0.606144075317383,134.17,125.0,128.1
GOOGL,2026-08-28,2026-12-18,C,220.0,728,1,0.5853923297119141,122.28,120.2,123.1
GOOGL,2026-08-28,2026-12-18,C,225.0,398,1,0.5667767932128907,116.3,115.25,118.35
GOOGL,2026-08-28,2026-12-18,C,230.0,636,2,0.5443160803222657,116.9,110.5,113.2
GOOGL,2026-08-28,2026-12-18,C,235.0,439,10,0.5302781347656251,113.85,105.6,108.65
GOOGL,2026-08-28,2026-12-18,C,240.0,1011,1,0.5157519128417969,109.7,100.85,103.95
GOOGL,2026-08-28,2026-12-18,C,245.0,583,1,0.5379074530029297,106.0,96.3,98.9
GOOGL,2026-08-28,2026-12-18,C,250.0,2385,1,0.5184984674072266,99.85,92.05,94.1
GOOGL,2026-08-28,2026-12-18,C,255.0,1780,1,0.5083056982421875,91.3,86.7,89.65
GOOGL,2026-08-28,2026-12-18,C,260.0,1485,5,0.5032398309326171,91.1,82.5,85.45
GOOGL,2026-08-28,2026-12-18,C,265.0,971,2,0.4683585879516602,85.27,77.6,80.05
GOOGL,2026-08-28,2026-12-18,C,270.0,2040,4,0.4585015087890626,76.64,74.35,75.7
GOOGL,2026-08-28,2026-12-18,C,275.0,31,1,0.43457596679687505,77.5,68.9,70.75
GOOGL,2026-08-28,2026-12-18,C,280.0,1893,4,0.4315242395019532,65.54,64.3,66.8
GOOGL,2026-08-28,2026-12-18,C,285.0,583,2,0.41879853668212885,61.55,60.65,62.45
GOOGL,2026-08-28,2026-12-18,C,290.0,2573,1,0.40512679840087884,57.32,57.6,58.1
GOOGL,2026-08-28,2026-12-18,C,295.0,31,2,0.40906352661132805,60.8,53.45,54.8
GOOGL,2026-08-28,2026-12-18,C,300.0,17874,15,0.38693850372314453,50.0,49.55,50.1
GOOGL,2026-08-28,2026-12-18,C,305.0,2420,5,0.3950560983276368,53.75,45.25,47.3
GOOGL,2026-08-28,2026-12-18,C,310.0,15365,2,0.38184211914062494,42.7,41.5,43.3
GOOGL,2026-08-28,2026-12-18,C,315.0,791,14,0.381567463684082,39.48,38.85,40.25
GOOGL,2026-08-28,2026-12-18,C,320.0,3803,12,0.36832296722412117,35.5,35.65,36.45
GOOGL,2026-08-28,2026-12-18,C,325.0,1518,3,0.3684755535888672,33.33,32.65,33.7
GOOGL,2026-08-28,2026-12-18,C,330.0,2200,66,0.3595950271606445,30.7,30.1,30.45
GOOGL,2026-08-28,2026-12-18,C,335.0,1164,16,0.35712312805175783,27.66,27.1,27.8
GOOGL,2026-08-28,2026-12-18,C,340.0,2669,123,0.35265234756469727,25.0,24.95,25.15
GOOGL,2026-08-28,2026-12-18,C,345.0,1365,75,0.3536289002990722,22.8,22.2,23.05
GOOGL,2026-08-28,2026-12-18,C,350.0,3998,573,0.34992105163574216,20.3,20.3,20.75
GOOGL,2026-08-28,2026-12-18,C,355.0,1286,8,0.3455570816040039,18.45,18.05,18.55
GOOGL,2026-08-28,2026-12-18,C,360.0,3109,51,0.34682354843139646,16.5,16.45,16.9
GOOGL,2026-08-28,2026-12-18,C,365.0,1485,36,0.343405613861084,14.85,14.4,15.05
GOOGL,2026-08-28,2026-12-18,C,370.0,3409,119,0.3445194943237304,13.25,13.1,13.65
GOOGL,2026-08-28,2026-12-18,C,375.0,2727,56,0.34311569976806633,12.0,11.9,12.2
GOOGL,2026-08-28,2026-12-18,C,380.0,4721,63,0.34220018157958976,10.8,10.65,10.9
GOOGL,2026-08-28,2026-12-18,C,385.0,2401,32,0.3418644915771484,9.5,9.3,9.75
GOOGL,2026-08-28,2026-12-18,C,390.0,6548,34,0.34232225067138666,8.7,8.55,8.75
GOOGL,2026-08-28,2026-12-18,C,395.0,1950,16,0.34204759521484374,7.66,7.65,7.8
GOOGL,2026-08-28,2026-12-18,C,400.0,12504,590,0.34290207885742185,6.8,6.9,7.0
GOOGL,2026-08-28,2026-12-18,C,405.0,1588,6,0.34326828613281246,6.2,5.7,6.25
GOOGL,2026-08-28,2026-12-18,C,410.0,3216,7,0.3441532870483398,5.42,5.4,5.6
GOOGL,2026-08-28,2026-12-18,C,415.0,5813,31,0.3458317370605468,4.92,4.8,5.05
GOOGL,2026-08-28,2026-12-18,C,420.0,1544,31,0.3462589788818359,4.35,4.2,4.5
GOOGL,2026-08-28,2026-12-18,C,425.0,1651,2,0.34656415161132803,3.9,3.8,4.0
GOOGL,2026-08-28,2026-12-18,C,430.0,2394,4,0.34943277526855465,3.61,3.4,3.65
GOOGL,2026-08-28,2026-12-18,C,435.0,535,6,0.35419346984863276,3.25,3.0,3.4
GOOGL,2026-08-28,2026-12-18,C,440.0,1153,1,0.35169105346679685,2.94,2.71,2.93
GOOGL,2026-08-28,2026-12-18,C,445.0,695,1,0.3526065716552734,2.5,2.44,2.62
GOOGL,2026-08-28,2026-12-18,C,450.0,3443,159,0.35455967712402336,2.36,2.24,2.37
GOOGL,2026-08-28,2026-12-18,C,455.0,671,41,0.3562686444091796,2.09,2.01,2.14
GOOGL,2026-08-28,2026-12-18,C,460.0,2529,122,0.3594424407958984,1.88,1.81,1.97
GOOGL,2026-08-28,2026-12-18,C,465.0,866,10,0.36023588989257804,1.67,1.64,1.76
GOOGL,2026-08-28,2026-12-18,C,470.0,3119,95,0.3618227880859375,1.53,1.45,1.59
GOOGL,2026-08-28,2026-12-18,C,475.0,664,2,0.3684145190429688,1.45,1.35,1.54
GOOGL,2026-08-28,2026-12-18,C,480.0,3229,2,0.3676821044921875,1.5,1.25,1.35
GOOGL,2026-08-28,2026-12-18,C,485.0,950,1,0.3702455554199219,1.19,1.05,1.24
GOOGL,2026-08-28,2026-12-18,C,490.0,2670,4,0.3715883154296875,1.37,1.01,1.12
GOOGL,2026-08-28,2026-12-18,C,495.0,376,25,0.3734193518066406,1.4,0.93,1.02
GOOGL,2026-08-28,2026-12-18,C,500.0,2815,25,0.37720349365234374,0.91,0.85,0.96
GOOGL,2026-08-28,2026-12-18,C,505.0,278,1,0.3786683227539062,1.15,0.78,0.87
GOOGL,2026-08-28,2026-12-18,C,510.0,2143,3,0.3815979809570312,0.73,0.73,0.81
GOOGL,2026-08-28,2026-12-18,C,515.0,975,1,0.3841614318847656,0.85,0.66,0.75
GOOGL,2026-08-28,2026-12-18,C,520.0,2563,1,0.38709109008789055,0.81,0.61,0.7
GOOGL,2026-08-28,2026-12-18,C,525.0,2548,1,0.40320421020507813,0.67,0.55,0.81
GOOGL,2026-08-28,2026-12-18,C,530.0,3092,1,0.3918517846679687,0.65,0.46,0.6
GOOGL,2026-08-28,2026-12-18,C,535.0,142,1,0.39453730468750003,0.56,0.45,0.56
GOOGL,2026-08-28,2026-12-18,C,540.0,2654,1,0.3979552392578125,0.59,0.3,0.53
GOOGL,2026-08-28,2026-12-18,C,545.0,1020,1,0.39990834472656256,0.32,0.41,0.49
GOOGL,2026-08-28,2026-12-18,C,550.0,3129,1,0.4321345849609375,0.52,0.12,0.75
GOOGL,2026-08-28,2026-12-18,C,555.0,420,10,0.43604079589843747,0.97,0.08,0.72
GOOGL,2026-08-28,2026-12-18,C,560.0,2600,2424,0.43066975585937506,0.45,0.05,0.6
GOOGL,2026-08-28,2026-12-18,C,565.0,123,2,0.44397528686523435,0.47,0.03,0.67
GOOGL,2026-08-28,2026-12-18,C,570.0,95,1,0.44824770507812495,0.44,0.04,0.65
GOOGL,2026-08-28,2026-12-18,C,575.0,1005,1,0.4250545776367188,0.35,0.1,0.4
GOOGL,2026-08-28,2026-12-18,C,580.0,175,1,0.4563042651367188,0.35,0.02,0.61
GOOGL,2026-08-28,2026-12-18,C,590.0,212,2,0.46484910156250003,0.29,0.01,0.58
GOOGL,2026-08-28,2026-12-18,C,600.0,762,1,0.4602104760742188,0.21,0.06,0.45
GOOGL,2026-08-28,2026-12-18,C,610.0,2574,12,0.4738822143554688,0.18,0.09,0.47
GOOGL,2026-08-28,2026-12-18,C,620.0,367,5,0.46680220703125,0.18,0.01,0.35
GOOGL,2026-08-28,2026-12-18,C,630.0,639,457,0.4995167236328125,0.26,0.01,0.5
GOOGL,2026-08-28,2026-12-18,C,640.0,250,3,0.5085498364257812,0.14,0.01,0.49
GOOGL,2026-08-28,2026-12-18,C,650.0,87,3,0.5158739819335938,0.2,0.01,0.47
GOOGL,2026-08-28,2026-12-18,C,660.0,168,6,0.5258836474609375,0.14,0.01,0.47
GOOGL,2026-08-28,2026-12-18,C,670.0,33,9,0.534184345703125,0.1,0.01,0.46
GOOGL,2026-08-28,2026-12-18,C,680.0,30,12,0.5019581054687501,0.1,0.01,0.46
GOOGL,2026-08-28,2026-12-18,C,690.0,18,14,0.5097705273437501,0.1,0.01,0.45
GOOGL,2026-08-28,2026-12-18,C,700.0,66,2,0.5185595019531251,0.1,0.01,0.45
GOOGL,2026-08-28,2026-12-18,C,710.0,172,12,0.5273484765625001,0.09,0.01,0.45
GOOGL,2026-08-28,2026-12-18,C,720.0,196,3,0.534184345703125,0.18,0.01,0.44
GOOGL,2026-08-28,2026-12-18,C,730.0,112,2,0.5424850439453126,0.18,0.01,0.44
GOOGL,2026-08-28,2026-12-18,C,740.0,37,1,0.506840869140625,0.11,0.01,0.19
GOOGL,2026-08-28,2026-12-18,C,750.0,124,6,0.5009815527343751,0.08,0.02,0.13
GOOGL,2026-08-28,2026-12-18,C,760.0,26,3,0.5312546875,0.12,0.02,0.22
GOOGL,2026-08-28,2026-12-18,C,770.0,19,2,0.50586431640625,0.11,0.01,0.11
GOOGL,2026-08-28,2026-12-18,C,780.0,61,1,0.534184345703125,0.09,0.01,0.18
GOOGL,2026-08-28,2026-12-18,C,790.0,351,1,0.5351608984375,0.06,0.01,0.16
GOOGL,2026-08-28,2026-12-18,C,800.0,859,2,0.5293015820312501,0.08,0.01,0.12
GOOGL,2026-08-28,2026-12-18,P,50.0,500,1,1.1171919140625,0.15,0.0,0.04
GOOGL,2026-08-28,2026-12-18,P,55.0,72,1,1.0390673046875003,0.1,0.0,0.03
GOOGL,2026-08-28,2026-12-18,P,60.0,148,10,0.992187578125,0.01,0.0,0.03
GOOGL,2026-08-28,2026-12-18,P,65.0,571,2,1.2431678466796874,0.05,0.0,0.5
GOOGL,2026-08-28,2026-12-18,P,70.0,414,2,1.1875040625,0.16,0.0,0.5
GOOGL,2026-08-28,2026-12-18,P,75.0,84,2,1.0966842041015625,0.02,0.0,0.37
GOOGL,2026-08-28,2026-12-18,P,80.0,270,2,1.05078599609375,0.02,0.0,0.37
GOOGL,2026-08-28,2026-12-18,P,85.0,740,2,0.7656273437500001,0.02,0.0,0.02
GOOGL,2026-08-28,2026-12-18,P,90.0,297,20,0.7578149218750001,0.03,0.0,0.03
GOOGL,2026-08-28,2026-12-18,P,95.0,1763,10,0.73437765625,0.03,0.0,0.03
GOOGL,2026-08-28,2026-12-18,P,100.0,1012,5,0.73437765625,0.03,0.01,0.04
GOOGL,2026-08-28,2026-12-18,P,105.0,1170,1,0.70312796875,0.03,0.0,0.05
GOOGL,2026-08-28,2026-12-18,P,110.0,1516,4,0.8281267187499999,0.05,0.0,0.38
GOOGL,2026-08-28,2026-12-18,P,115.0,350,5,0.68555001953125,0.04,0.01,0.08
GOOGL,2026-08-28,2026-12-18,P,120.0,2269,2,0.6601596484375001,0.05,0.01,0.08
GOOGL,2026-08-28,2026-12-18,P,125.0,1303,5,0.6796907031250001,0.15,0.03,0.15
GOOGL,2026-08-28,2026-12-18,P,130.0,3918,2,0.65039412109375,0.07,0.02,0.15
GOOGL,2026-08-28,2026-12-18,P,135.0,881,3,0.5996133789062501,0.06,0.01,0.1
GOOGL,2026-08-28,2026-12-18,P,140.0,2709,3,0.5996133789062501,0.07,0.05,0.11
GOOGL,2026-08-28,2026-12-18,P,145.0,730,1,0.5722699023437501,0.08,0.05,0.1
GOOGL,2026-08-28,2026-12-18,P,150.0,3314,4,0.5644574804687501,0.09,0.04,0.15
GOOGL,2026-08-28,2026-12-18,P,155.0,1988,2,0.5371140039062501,0.09,0.02,0.15
GOOGL,2026-08-28,2026-12-18,P,160.0,8798,1,0.5522505712890625,0.14,0.07,0.24
GOOGL,2026-08-28,2026-12-18,P,165.0,1048,1,0.50586431640625,0.1,0.01,0.19
GOOGL,2026-08-28,2026-12-18,P,170.0,7137,7,0.5297898583984376,0.14,0.03,0.21
GOOGL,2026-08-28,2026-12-18,P,175.0,1322,6,0.5151415673828125,0.18,0.11,0.23
GOOGL,2026-08-28,2026-12-18,P,180.0,649,2,0.4975636181640626,0.15,0.11,0.24
GOOGL,2026-08-28,2026-12-18,P,185.0,571,2,0.4804739453125,0.19,0.17,0.25
GOOGL,2026-08-28,2026-12-18,P,190.0,1258,7,0.47852083984375,0.18,0.17,0.33
GOOGL,2026-08-28,2026-12-18,P,195.0,692,1,0.47852083984375,0.25,0.21,0.44
GOOGL,2026-08-28,2026-12-18,P,200.0,3799,2,0.44727115234375,0.31,0.26,0.37
GOOGL,2026-08-28,2026-12-18,P,205.0,1675,1,0.43628493408203123,0.42,0.22,0.42
GOOGL,2026-08-28,2026-12-18,P,210.0,1101,1,0.42188078125,0.3,0.34,0.45
GOOGL,2026-08-28,2026-12-18,P,215.0,930,6,0.44214425048828127,0.41,0.1,0.79
GOOGL,2026-08-28,2026-12-18,P,220.0,1265,2,0.39649041015625003,0.5,0.43,0.54
GOOGL,2026-08-28,2026-12-18,P,225.0,696,1,0.3881897119140625,0.47,0.56,0.63
GOOGL,2026-08-28,2026-12-18,P,230.0,2063,1,0.3820862573242187,0.75,0.67,0.76
GOOGL,2026-08-28,2026-12-18,P,235.0,1868,3,0.3833069482421875,0.63,0.79,1.01
GOOGL,2026-08-28,2026-12-18,P,240.0,2159,4,0.3665834826660156,0.98,0.95,1.04
GOOGL,2026-08-28,2026-12-18,P,245.0,1494,4,0.3580386462402344,1.16,1.13,1.2
GOOGL,2026-08-28,2026-12-18,P,250.0,5088,4,0.3532779516601562,1.39,1.35,1.45
GOOGL,2026-08-28,2026-12-18,P,255.0,719,2,0.3464420825195312,1.72,1.63,1.7
GOOGL,2026-08-28,2026-12-18,P,260.0,2468,2,0.3404606970214844,2.0,1.93,2.01
GOOGL,2026-08-28,2026-12-18,P,265.0,1903,77,0.33649345153808596,2.42,2.35,2.42
GOOGL,2026-08-28,2026-12-18,P,270.0,4022,8,0.33197689514160156,2.83,2.79,2.88
GOOGL,2026-08-28,2026-12-18,P,275.0,2218,25,0.3314275842285156,3.53,3.25,3.55
GOOGL,2026-08-28,2026-12-18,P,280.0,4611,5,0.3262396478271484,4.05,3.85,4.15
GOOGL,2026-08-28,2026-12-18,P,285.0,975,10,0.33075620422363283,4.89,4.65,5.25
GOOGL,2026-08-28,2026-12-18,P,290.0,6470,8,0.31674877593994133,5.69,5.5,5.65
GOOGL,2026-08-28,2026-12-18,P,295.0,863,6,0.3139411868286133,6.58,6.4,6.65
GOOGL,2026-08-28,2026-12-18,P,300.0,8092,62,0.31153032226562494,7.75,7.6,7.8
GOOGL,2026-08-28,2026-12-18,P,305.0,2673,38,0.3126594613647461,8.93,8.75,9.3
GOOGL,2026-08-28,2026-12-18,P,310.0,3366,20,0.31098101135253897,10.5,10.0,10.8
GOOGL,2026-08-28,2026-12-18,P,315.0,2679,69,0.3037484176635742,11.98,11.85,12.1
GOOGL,2026-08-28,2026-12-18,P,320.0,7235,69,0.30261927856445314,13.8,13.6,13.95
GOOGL,2026-08-28,2026-12-18,P,325.0,2382,31,0.3004220349121094,15.95,15.4,15.9
GOOGL,2026-08-28,2026-12-18,P,330.0,5380,112,0.29650056533813474,17.8,17.6,17.9
GOOGL,2026-08-28,2026-12-18,P,335.0,2066,150,0.2942880630493163,20.04,19.9,20.2
GOOGL,2026-08-28,2026-12-18,P,340.0,2391,50,0.2937234934997558,22.85,22.25,22.8
GOOGL,2026-08-28,2026-12-18,P,345.0,1903,22,0.29408970077514646,25.1,24.9,25.65
GOOGL,2026-08-28,2026-12-18,P,350.0,5795,25,0.29206030212402334,27.5,27.65,28.5
GOOGL,2026-08-28,2026-12-18,P,355.0,932,2,0.2897257307434082,27.15,30.3,31.5
GOOGL,2026-08-28,2026-12-18,P,360.0,1141,1,0.28565167480468745,30.0,33.85,34.55
GOOGL,2026-08-28,2026-12-18,P,365.0,1710,3,0.2937234934997558,36.55,36.65,38.6
GOOGL,2026-08-28,2026-12-18,P,370.0,919,40,0.2841563284301757,39.04,40.25,41.6
GOOGL,2026-08-28,2026-12-18,P,375.0,404,4,0.2922739230346678,39.86,44.3,45.9
GOOGL,2026-08-28,2026-12-18,P,380.0,1329,8,0.2906870248413085,46.67,46.95,49.7
GOOGL,2026-08-28,2026-12-18,P,385.0,279,1,0.289496851196289,46.69,51.1,53.65
GOOGL,2026-08-28,2026-12-18,P,390.0,448,10,0.27732045928955074,55.6,56.1,57.15
GOOGL,2026-08-28,2026-12-18,P,395.0,599,112,0.2882151257324218,59.75,59.85,61.95
GOOGL,2026-08-28,2026-12-18,P,400.0,1000,1,0.26334354827880857,62.98,64.45,65.2
GOOGL,2026-08-28,2026-12-18,P,405.0,272,1,0.2825999475097656,61.75,67.6,70.45
GOOGL,2026-08-28,2026-12-18,P,410.0,91,1,0.2967599621582031,73.47,72.7,75.5
GOOGL,2026-08-28,2026-12-18,P,415.0,228,3,0.27149166015625,69.55,77.25,79.15
GOOGL,2026-08-28,2026-12-18,P,420.0,49,3,0.2477492218017578,73.5,81.45,83.2
GOOGL,2026-08-28,2026-12-18,P,425.0,15,10,0.2890696093749999,84.05,86.4,89.0
GOOGL,2026-08-28,2026-12-18,P,430.0,319,1,0.2998727239990234,84.19,90.55,94.0
GOOGL,2026-08-28,2026-12-18,P,435.0,44,18,0.2933420275878905,92.4,95.9,98.55
GOOGL,2026-08-28,2026-12-18,P,440.0,4,5,0.2947458221435546,106.32,100.25,103.35
GOOGL,2026-08-28,2026-12-18,P,445.0,6,3,0.9284980294799804,112.9,141.8,144.45
GOOGL,2026-08-28,2026-12-18,P,450.0,33,1,0.3016427258300781,107.47,110.75,113.1
GOOGL,2026-08-28,2026-12-18,P,455.0,2,4,0.3106758386230468,109.2,115.45,118.1
GOOGL,2026-08-28,2026-12-18,P,460.0,4,4,1.0000000000000003e-05,78.75,94.25,95.65
GOOGL,2026-08-28,2026-12-18,P,465.0,0,3,1.0000000000000003e-05,107.55,114.95,118.5
GOOGL,2026-08-28,2026-12-18,P,470.0,0,3,1.0000000000000003e-05,113.3,119.85,123.45
GOOGL,2026-08-28,2026-12-18,P,475.0,0,670,1.0000000000000003e-05,156.95,124.65,128.5
GOOGL,2026-08-28,2026-12-18,P,480.0,1,1,1.0000000000000003e-05,163.67,129.8,133.8
GOOGL,2026-08-28,2026-12-18,P,485.0,0,2,1.0000000000000003e-05,166.02,134.85,138.8
GOOGL,2026-08-28,2026-12-18,P,490.0,0,106,1.0000000000000003e-05,169.55,139.8,143.6
GOOGL,2026-08-28,2026-12-18,P,495.0,0,0,1.0619553738403322,185.95,191.25,194.6
GOOGL,2026-08-28,2026-12-18,P,500.0,5,6,1.0000000000000003e-05,161.5,137.2,139.85
GOOGL,2026-08-28,2026-12-18,P,505.0,0,1,1.0000000000000003e-05,122.8,0.0,0.0
GOOGL,2026-08-28,2026-12-18,P,510.0,0,0,1.0986373193359378,174.64,206.25,209.65
GOOGL,2026-08-28,2026-12-18,P,515.0,3,3,1.0000000000000003e-05,125.25,151.35,153.85
GOOGL,2026-08-28,2026-12-18,P,525.0,0,3,1.0000000000000003e-05,174.3,174.75,178.8
GOOGL,2026-08-28,2026-12-18,P,530.0,0,2,1.0000000000000003e-05,229.35,0.0,0.0
GOOGL,2026-08-28,2026-12-18,P,535.0,0,3,1.0000000000000003e-05,134.25,0.0,0.0
GOOGL,2026-08-28,2026-12-18,P,540.0,0,0,1.1662944517517089,204.35,236.25,239.65
GOOGL,2026-08-28,2026-12-18,P,550.0,0,3,1.0000000000000003e-05,147.7,0.0,0.0
GOOGL,2026-08-28,2026-12-18,P,555.0,0,3,1.0000000000000003e-05,168.8,0.0,0.0
GOOGL,2026-08-28,2026-12-18,P,560.0,0,0,1.0000000000000003e-05,173.45,0.0,0.0
GOOGL,2026-08-28,2026-12-18,P,570.0,0,2,1.0000000000000003e-05,211.85,219.75,223.8
GOOGL,2026-08-28,2026-12-18,P,575.0,0,0,1.2380104017639157,265.5,271.25,274.65
GOOGL,2026-08-28,2026-12-18,P,600.0,0,0,1.0000000000000003e-05,203.24,226.5,229.5
GOOGL,2026-08-28,2026-12-18,P,740.0,0,0,1.0000000000000003e-05,386.85,389.75,393.85
GOOGL,2026-08-28,2026-12-18,P,780.0,0,0,0.7299831689453125,454.43,439.9,443.35
