ticker,date,expiry,type,strike,oi,volume,iv,last,bid,ask
NVDA,2026-09-15,2026-09-16,C,60.0,1,0,1.0000000000000003e-05,159.47,152.85,153.1
NVDA,2026-09-15,2026-09-16,C,65.0,1,0,1.0000000000000003e-05,154.49,147.9,148.1
NVDA,2026-09-15,2026-09-16,C,105.0,1,0,1.0000000000000003e-05,114.82,107.7,107.9
NVDA,2026-09-15,2026-09-16,C,110.0,1,4,1.0000000000000003e-05,104.85,102.85,103.1
NVDA,2026-09-15,2026-09-16,C,115.0,40,0,1.0000000000000003e-05,104.54,97.95,98.25
NVDA,2026-09-15,2026-09-16,C,120.0,40,0,1.0000000000000003e-05,99.56,92.8,93.1
NVDA,2026-09-15,2026-09-16,C,130.0,2,0,1.0000000000000003e-05,89.53,83.0,83.2
NVDA,2026-09-15,2026-09-16,C,135.0,3,1,1.0000000000000003e-05,78.15,77.9,78.1
NVDA,2026-09-15,2026-09-16,C,145.0,13,1,1.0000000000000003e-05,67.2,67.85,68.1
NVDA,2026-09-15,2026-09-16,C,150.0,2,1,1.0000000000000003e-05,60.75,62.8,63.0
NVDA,2026-09-15,2026-09-16,C,155.0,0,0,1.0000000000000003e-05,64.0,57.85,58.05
NVDA,2026-09-15,2026-09-16,C,165.0,2,1,1.0000000000000003e-05,48.05,48.0,48.2
NVDA,2026-09-15,2026-09-16,C,170.0,2,1,1.0000000000000003e-05,44.85,42.75,43.0
NVDA,2026-09-15,2026-09-16,C,175.0,2,1,1.0000000000000003e-05,39.85,37.75,38.0
NVDA,2026-09-15,2026-09-16,C,180.0,11,9,1.0000000000000003e-05,35.1,32.7,32.95
NVDA,2026-09-15,2026-09-16,C,185.0,28,21,1.0000000000000003e-05,30.06,28.0,28.2
NVDA,2026-09-15,2026-09-16,C,190.0,39,24,1.0000000000000003e-05,25.8,22.9,23.15
NVDA,2026-09-15,2026-09-16,C,195.0,73,26,1.0000000000000003e-05,19.1,17.75,17.95
NVDA,2026-09-15,2026-09-16,C,200.0,250,125,1.0000000000000003e-05,13.2,12.6,12.9
NVDA,2026-09-15,2026-09-16,C,202.5,501,160,1.0000000000000003e-05,11.65,10.35,10.55
NVDA,2026-09-15,2026-09-16,C,205.0,532,500,1.0000000000000003e-05,8.0,7.95,8.2
NVDA,2026-09-15,2026-09-16,C,207.5,722,539,1.0000000000000003e-05,5.2,5.2,5.45
NVDA,2026-09-15,2026-09-16,C,210.0,3159,4222,1.0000000000000003e-05,2.86,2.83,2.89
NVDA,2026-09-15,2026-09-16,C,212.5,18054,40011,1.0000000000000003e-05,0.61,0.6,0.63
NVDA,2026-09-15,2026-09-16,C,215.0,36585,288063,0.08789974609375001,0.01,0.01,0.02
NVDA,2026-09-15,2026-09-16,C,217.5,17702,302861,0.16797707031250003,0.01,0.0,0.01
NVDA,2026-09-15,2026-09-16,C,220.0,24002,119186,0.2500075,0.01,0.0,0.01
NVDA,2026-09-15,2026-09-16,C,222.5,9970,26884,0.335944140625,0.01,0.0,0.01
NVDA,2026-09-15,2026-09-16,C,225.0,11530,7683,0.4062559375,0.01,0.0,0.01
NVDA,2026-09-15,2026-09-16,C,227.5,5649,1333,0.48438015625,0.01,0.0,0.01
NVDA,2026-09-15,2026-09-16,C,230.0,7301,545,0.51562984375,0.01,0.0,0.01
NVDA,2026-09-15,2026-09-16,C,232.5,2093,134,0.5937540625000001,0.01,0.0,0.01
NVDA,2026-09-15,2026-09-16,C,235.0,15049,218,0.6562534375000001,0.01,0.0,0.01
NVDA,2026-09-15,2026-09-16,C,237.5,1884,31,0.7187528125,0.01,0.0,0.01
NVDA,2026-09-15,2026-09-16,C,240.0,2933,103,0.7812521875,0.01,0.0,0.01
NVDA,2026-09-15,2026-09-16,C,242.5,719,1,0.8437515624999999,0.01,0.0,0.01
NVDA,2026-09-15,2026-09-16,C,245.0,5733,1,0.9062509375,0.01,0.0,0.01
NVDA,2026-09-15,2026-09-16,C,247.5,20,6,0.9687503125,0.01,0.0,0.01
NVDA,2026-09-15,2026-09-16,C,250.0,1209,1,1.000005,0.01,0.0,0.01
NVDA,2026-09-15,2026-09-16,C,252.5,396,31,1.0625046875000002,0.01,0.0,0.01
NVDA,2026-09-15,2026-09-16,C,255.0,1334,11,1.125004375,0.01,0.0,0.01
NVDA,2026-09-15,2026-09-16,C,257.5,1179,29,1.2500037499999999,0.01,0.0,0.01
NVDA,2026-09-15,2026-09-16,C,260.0,3134,84,1.2500037499999999,0.01,0.0,0.01
NVDA,2026-09-15,2026-09-16,C,265.0,69,4,1.3437532812499997,0.05,0.0,0.01
NVDA,2026-09-15,2026-09-16,C,270.0,780,36,1.4375028125,0.01,0.0,0.01
NVDA,2026-09-15,2026-09-16,C,275.0,36,1,1.5625021874999998,0.02,0.0,0.01
NVDA,2026-09-15,2026-09-16,C,280.0,59,1,1.65625171875,0.01,0.0,0.01
NVDA,2026-09-15,2026-09-16,C,285.0,12,11,1.75000125,0.01,0.0,0.01
NVDA,2026-09-15,2026-09-16,C,290.0,21,13,1.875000625,0.01,0.0,0.01
NVDA,2026-09-15,2026-09-16,C,295.0,161,3,1.9375003125,0.01,0.0,0.01
NVDA,2026-09-15,2026-09-16,P,110.0,0,3,4.12500484375,0.01,0.0,0.01
NVDA,2026-09-15,2026-09-16,P,120.0,9505,9501,3.6250009375000003,0.01,0.0,0.01
NVDA,2026-09-15,2026-09-16,P,130.0,16,0,3.1250021875,0.02,0.0,0.01
NVDA,2026-09-15,2026-09-16,P,135.0,1,0,2.93750265625,0.02,0.0,0.01
NVDA,2026-09-15,2026-09-16,P,140.0,29,0,2.68750328125,0.01,0.0,0.01
NVDA,2026-09-15,2026-09-16,P,145.0,273,1,2.3750040624999995,0.01,0.0,0.01
NVDA,2026-09-15,2026-09-16,P,150.0,2578,3207,2.1250046874999997,0.01,0.0,0.01
NVDA,2026-09-15,2026-09-16,P,155.0,480,210,1.9375003125,0.01,0.0,0.01
NVDA,2026-09-15,2026-09-16,P,160.0,1584,140,1.8125009374999999,0.01,0.0,0.01
NVDA,2026-09-15,2026-09-16,P,165.0,1895,745,1.625001875,0.01,0.0,0.01
NVDA,2026-09-15,2026-09-16,P,170.0,2945,19,1.4375028125,0.01,0.0,0.01
NVDA,2026-09-15,2026-09-16,P,175.0,5427,133,1.2500037499999999,0.01,0.0,0.01
NVDA,2026-09-15,2026-09-16,P,180.0,4733,1034,1.09375453125,0.01,0.0,0.01
NVDA,2026-09-15,2026-09-16,P,185.0,7592,619,0.937500625,0.01,0.0,0.01
NVDA,2026-09-15,2026-09-16,P,190.0,5499,352,0.7812521875,0.01,0.0,0.01
NVDA,2026-09-15,2026-09-16,P,195.0,8246,2922,0.6093789062500001,0.01,0.0,0.01
NVDA,2026-09-15,2026-09-16,P,200.0,7665,4938,0.48438015625,0.01,0.0,0.01
NVDA,2026-09-15,2026-09-16,P,202.5,9718,7419,0.4062559375,0.01,0.0,0.01
NVDA,2026-09-15,2026-09-16,P,205.0,13387,10428,0.32031929687499994,0.01,0.0,0.01
NVDA,2026-09-15,2026-09-16,P,207.5,7758,14301,0.23438265625,0.01,0.0,0.01
NVDA,2026-09-15,2026-09-16,P,210.0,9433,126108,0.1601646484375,0.02,0.01,0.02
NVDA,2026-09-15,2026-09-16,P,212.5,8679,147936,0.14063359375,0.29,0.27,0.29
NVDA,2026-09-15,2026-09-16,P,215.0,5333,208096,0.26807372558593745,2.17,2.15,2.2
NVDA,2026-09-15,2026-09-16,P,217.5,1910,27522,0.45313046875,4.65,4.55,4.75
NVDA,2026-09-15,2026-09-16,P,220.0,2353,3455,0.5664105859375,7.3,7.05,7.25
NVDA,2026-09-15,2026-09-16,P,222.5,902,639,0.72070591796875,9.42,9.6,9.8
NVDA,2026-09-15,2026-09-16,P,225.0,155,377,0.848634326171875,12.0,12.1,12.3
NVDA,2026-09-15,2026-09-16,P,227.5,1,82,0.8642591699218749,12.0,14.4,14.6
NVDA,2026-09-15,2026-09-16,P,230.0,5,82,1.0615281298828125,16.89,17.05,17.25
NVDA,2026-09-15,2026-09-16,P,232.5,0,16,1.0429735351562504,16.84,19.35,19.55
NVDA,2026-09-15,2026-09-16,P,235.0,0,12,1.2490271923828122,19.35,22.0,22.2
NVDA,2026-09-15,2026-09-16,P,240.0,0,1,1.486330693359375,24.9,27.05,27.25
NVDA,2026-09-15,2026-09-16,P,245.0,0,2,1.681642216796875,29.3,32.05,32.25
NVDA,2026-09-15,2026-09-16,P,250.0,0,5,1.9248050634765625,30.4,37.1,37.35
NVDA,2026-09-15,2026-09-16,P,255.0,0,2,2.0888719653320305,27.83,42.1,42.3
NVDA,2026-09-15,2026-09-16,P,260.0,0,17,2.263676215820312,43.7,47.1,47.3
NVDA,2026-09-15,2026-09-16,P,280.0,0,0,2.7792999267578127,55.0,66.95,67.2
NVDA,2026-09-15,2026-09-18,C,5.0,0,205,1.0000000000000003e-05,219.05,207.7,208.0
NVDA,2026-09-15,2026-09-18,C,10.0,0,2270,1.0000000000000003e-05,213.65,202.75,203.0
NVDA,2026-09-15,2026-09-18,C,15.0,1,50,1.0000000000000003e-05,208.2,197.7,198.0
NVDA,2026-09-15,2026-09-18,C,20.0,0,50,1.0000000000000003e-05,203.3,192.75,193.0
NVDA,2026-09-15,2026-09-18,C,25.0,0,1125,1.0000000000000003e-05,199.1,187.85,188.1
NVDA,2026-09-15,2026-09-18,C,30.0,11,10,1.0000000000000003e-05,180.35,182.8,183.05
NVDA,2026-09-15,2026-09-18,C,35.0,9,4,1.0000000000000003e-05,178.87,177.9,178.2
NVDA,2026-09-15,2026-09-18,C,40.0,10,330,1.0000000000000003e-05,184.15,172.95,173.25
NVDA,2026-09-15,2026-09-18,C,45.0,0,100,1.0000000000000003e-05,177.1,167.85,168.1
NVDA,2026-09-15,2026-09-18,C,50.0,10,3,1.0000000000000003e-05,166.4,162.95,163.15
NVDA,2026-09-15,2026-09-18,C,55.0,9,76,1.0000000000000003e-05,169.7,157.7,157.95
NVDA,2026-09-15,2026-09-18,C,60.0,18,3,1.0000000000000003e-05,155.0,152.9,153.1
NVDA,2026-09-15,2026-09-18,C,65.0,2,2,1.0000000000000003e-05,147.25,147.75,148.0
NVDA,2026-09-15,2026-09-18,C,70.0,32,1,1.0000000000000003e-05,144.15,142.75,142.95
NVDA,2026-09-15,2026-09-18,C,75.0,8,3,1.0000000000000003e-05,139.9,137.95,138.25
NVDA,2026-09-15,2026-09-18,C,80.0,53,15,1.0000000000000003e-05,135.15,132.75,133.0
NVDA,2026-09-15,2026-09-18,C,85.0,83,26,1.0000000000000003e-05,129.06,127.95,128.25
NVDA,2026-09-15,2026-09-18,C,90.0,266,27,1.0000000000000003e-05,125.65,122.75,122.95
NVDA,2026-09-15,2026-09-18,C,95.0,199,35,1.0000000000000003e-05,118.05,117.95,118.2
NVDA,2026-09-15,2026-09-18,C,100.0,624,213,1.0000000000000003e-05,113.7,112.95,113.2
NVDA,2026-09-15,2026-09-18,C,105.0,83,25,1.0000000000000003e-05,109.9,107.75,107.95
NVDA,2026-09-15,2026-09-18,C,110.0,85,23,1.0000000000000003e-05,103.07,102.8,103.0
NVDA,2026-09-15,2026-09-18,C,115.0,75,1,1.0000000000000003e-05,98.5,97.8,98.0
NVDA,2026-09-15,2026-09-18,C,120.0,577,85,1.0000000000000003e-05,95.42,92.8,93.0
NVDA,2026-09-15,2026-09-18,C,125.0,185,5,1.0000000000000003e-05,87.8,87.8,88.05
NVDA,2026-09-15,2026-09-18,C,130.0,945,5,1.0000000000000003e-05,85.34,82.8,83.05
NVDA,2026-09-15,2026-09-18,C,135.0,151,38,1.0000000000000003e-05,78.65,77.85,78.05
NVDA,2026-09-15,2026-09-18,C,140.0,410,27,1.0000000000000003e-05,73.16,72.85,73.0
NVDA,2026-09-15,2026-09-18,C,145.0,1483,7,1.0000000000000003e-05,70.81,67.8,68.0
NVDA,2026-09-15,2026-09-18,C,150.0,16708,2081,1.0000000000000003e-05,63.25,62.8,63.0
NVDA,2026-09-15,2026-09-18,C,155.0,3031,14,1.0000000000000003e-05,58.93,58.1,58.35
NVDA,2026-09-15,2026-09-18,C,160.0,4871,85,1.0000000000000003e-05,53.05,52.75,53.0
NVDA,2026-09-15,2026-09-18,C,165.0,7602,662,1.0000000000000003e-05,48.15,47.8,48.05
NVDA,2026-09-15,2026-09-18,C,170.0,8052,781,1.0000000000000003e-05,43.38,42.95,43.2
NVDA,2026-09-15,2026-09-18,C,175.0,8367,363,1.0000000000000003e-05,38.5,37.75,38.0
NVDA,2026-09-15,2026-09-18,C,180.0,13904,93,1.0000000000000003e-05,34.0,32.9,33.1
NVDA,2026-09-15,2026-09-18,C,185.0,10284,86,1.0000000000000003e-05,28.36,27.9,28.1
NVDA,2026-09-15,2026-09-18,C,187.5,86,2,1.0000000000000003e-05,28.58,25.4,25.6
NVDA,2026-09-15,2026-09-18,C,190.0,26362,318,1.0000000000000003e-05,23.13,22.95,23.1
NVDA,2026-09-15,2026-09-18,C,192.5,56,18,1.0000000000000003e-05,23.71,20.45,20.6
NVDA,2026-09-15,2026-09-18,C,195.0,44756,449,1.0000000000000003e-05,18.07,18.1,18.3
NVDA,2026-09-15,2026-09-18,C,197.5,143,40,1.0000000000000003e-05,15.85,15.6,15.8
NVDA,2026-09-15,2026-09-18,C,200.0,35589,4303,1.0000000000000003e-05,13.1,13.05,13.2
NVDA,2026-09-15,2026-09-18,C,202.5,746,234,0.35352208984374994,13.0,10.8,11.0
NVDA,2026-09-15,2026-09-18,C,205.0,18038,2691,0.28613995117187496,8.42,8.3,8.5
NVDA,2026-09-15,2026-09-18,C,207.5,1512,2393,0.31909860595703116,6.15,6.25,6.4
NVDA,2026-09-15,2026-09-18,C,210.0,60357,7068,0.30713583496093744,4.44,4.35,4.4
NVDA,2026-09-15,2026-09-18,C,212.5,10056,10349,0.3034737622070312,2.76,2.76,2.79
NVDA,2026-09-15,2026-09-18,C,215.0,58624,101496,0.30225307128906254,1.6,1.59,1.61
NVDA,2026-09-15,2026-09-18,C,217.5,10219,46419,0.30054410400390624,0.83,0.82,0.83
NVDA,2026-09-15,2026-09-18,C,220.0,74449,91209,0.30664755859375,0.4,0.4,0.41
NVDA,2026-09-15,2026-09-18,C,222.5,58946,19736,0.31641308593749995,0.19,0.19,0.2
NVDA,2026-09-15,2026-09-18,C,225.0,78819,35259,0.335944140625,0.1,0.1,0.11
NVDA,2026-09-15,2026-09-18,C,227.5,23314,7800,0.3632876171875,0.06,0.05,0.07
NVDA,2026-09-15,2026-09-18,C,230.0,95529,15388,0.39258419921875,0.05,0.04,0.05
NVDA,2026-09-15,2026-09-18,C,232.5,32742,2202,0.42774009765625004,0.04,0.03,0.04
NVDA,2026-09-15,2026-09-18,C,235.0,51111,15726,0.45703667968750006,0.03,0.02,0.03
NVDA,2026-09-15,2026-09-18,C,237.5,10209,3101,0.476567734375,0.02,0.01,0.02
NVDA,2026-09-15,2026-09-18,C,240.0,78983,6977,0.500005,0.02,0.01,0.02
NVDA,2026-09-15,2026-09-18,C,242.5,2678,929,0.51562984375,0.02,0.0,0.02
NVDA,2026-09-15,2026-09-18,C,245.0,34528,4853,0.57812921875,0.02,0.01,0.02
NVDA,2026-09-15,2026-09-18,C,247.5,412,422,0.6093789062500001,0.01,0.01,0.02
NVDA,2026-09-15,2026-09-18,C,250.0,90181,4902,0.5937540625000001,0.01,0.0,0.01
NVDA,2026-09-15,2026-09-18,C,255.0,18699,493,0.6562534375000001,0.01,0.0,0.01
NVDA,2026-09-15,2026-09-18,C,260.0,33519,186,0.7187528125,0.01,0.0,0.01
NVDA,2026-09-15,2026-09-18,C,265.0,50289,9,0.7812521875,0.01,0.0,0.01
NVDA,2026-09-15,2026-09-18,C,270.0,27104,87,0.8437515624999999,0.01,0.0,0.01
NVDA,2026-09-15,2026-09-18,C,275.0,12164,13,0.9062509375,0.01,0.0,0.01
NVDA,2026-09-15,2026-09-18,C,280.0,26985,16,0.9687503125,0.01,0.0,0.01
NVDA,2026-09-15,2026-09-18,C,285.0,3677,40,1.000005,0.01,0.0,0.01
NVDA,2026-09-15,2026-09-18,C,290.0,7643,10,1.0625046875000002,0.01,0.0,0.01
NVDA,2026-09-15,2026-09-18,C,295.0,5150,6,1.125004375,0.01,0.0,0.01
NVDA,2026-09-15,2026-09-18,C,300.0,36241,18,1.1875040625,0.01,0.0,0.01
NVDA,2026-09-15,2026-09-18,C,310.0,5360,103,1.2812535937499998,0.01,0.0,0.01
NVDA,2026-09-15,2026-09-18,C,320.0,7922,3,1.3750031249999999,0.01,0.0,0.01
NVDA,2026-09-15,2026-09-18,C,330.0,5850,1,1.46875265625,0.01,0.0,0.01
NVDA,2026-09-15,2026-09-18,C,340.0,6919,586,1.5625021874999998,0.01,0.0,0.01
NVDA,2026-09-15,2026-09-18,C,350.0,26685,5,1.625001875,0.01,0.0,0.01
NVDA,2026-09-15,2026-09-18,C,360.0,5773,10,1.75000125,0.06,0.0,0.01
NVDA,2026-09-15,2026-09-18,C,370.0,2831,7,1.8125009374999999,0.04,0.0,0.01
NVDA,2026-09-15,2026-09-18,C,380.0,3674,2284,1.875000625,0.01,0.0,0.01
NVDA,2026-09-15,2026-09-18,C,390.0,7836,10,1.96875015625,0.01,0.0,0.01
NVDA,2026-09-15,2026-09-18,C,400.0,19000,1,2.0625048437499998,0.01,0.0,0.01
NVDA,2026-09-15,2026-09-18,C,410.0,5972,1,2.1250046874999997,0.01,0.0,0.01
NVDA,2026-09-15,2026-09-18,C,420.0,7925,1,2.1875045312499997,0.01,0.0,0.01
NVDA,2026-09-15,2026-09-18,C,430.0,1658,20,2.2500043749999996,0.01,0.0,0.01
NVDA,2026-09-15,2026-09-18,C,440.0,849,10,2.3125042187499996,0.01,0.0,0.01
NVDA,2026-09-15,2026-09-18,C,450.0,2941,210,2.3750040624999995,0.01,0.0,0.01
NVDA,2026-09-15,2026-09-18,C,455.0,3506,1,2.43750390625,0.01,0.0,0.01
NVDA,2026-09-15,2026-09-18,C,460.0,32685,1,2.43750390625,0.01,0.0,0.01
NVDA,2026-09-15,2026-09-18,P,5.0,1954,2,12.750002031250002,0.01,0.0,0.01
NVDA,2026-09-15,2026-09-18,P,10.0,970,10,10.250003593750002,0.01,0.0,0.01
NVDA,2026-09-15,2026-09-18,P,15.0,486,11,8.75000453125,0.01,0.0,0.01
NVDA,2026-09-15,2026-09-18,P,20.0,0,1,0.500005,0.01,0.0,0.0
NVDA,2026-09-15,2026-09-18,P,25.0,3427,5,7.00000125,0.01,0.0,0.01
NVDA,2026-09-15,2026-09-18,P,30.0,690,1,6.500001875000001,0.01,0.0,0.01
NVDA,2026-09-15,2026-09-18,P,35.0,6016,14,6.0000025,0.01,0.0,0.01
NVDA,2026-09-15,2026-09-18,P,40.0,4693,10,5.500003124999999,0.01,0.0,0.01
NVDA,2026-09-15,2026-09-18,P,45.0,1634,1,5.12500359375,0.01,0.0,0.01
NVDA,2026-09-15,2026-09-18,P,50.0,7772,1,4.7500040624999995,0.01,0.0,0.01
NVDA,2026-09-15,2026-09-18,P,55.0,5819,4874,4.500004375,0.01,0.0,0.01
NVDA,2026-09-15,2026-09-18,P,60.0,14131,480,4.2500046875,0.01,0.0,0.01
NVDA,2026-09-15,2026-09-18,P,65.0,3941,2783,3.93750015625,0.01,0.0,0.01
NVDA,2026-09-15,2026-09-18,P,70.0,5374,2482,3.750000625,0.01,0.0,0.01
NVDA,2026-09-15,2026-09-18,P,75.0,2351,8,3.50000125,0.01,0.0,0.01
NVDA,2026-09-15,2026-09-18,P,80.0,5042,1,3.2500018749999997,0.01,0.0,0.01
NVDA,2026-09-15,2026-09-18,P,85.0,4792,544,3.1250021875,0.01,0.0,0.01
NVDA,2026-09-15,2026-09-18,P,90.0,12383,14,2.8750028125,0.01,0.0,0.01
NVDA,2026-09-15,2026-09-18,P,95.0,15201,22,2.750003125,0.01,0.0,0.01
NVDA,2026-09-15,2026-09-18,P,100.0,26569,3,2.56250359375,0.01,0.0,0.01
NVDA,2026-09-15,2026-09-18,P,105.0,13532,3,2.3750040624999995,0.01,0.0,0.01
NVDA,2026-09-15,2026-09-18,P,110.0,26507,706,2.2500043749999996,0.01,0.0,0.01
NVDA,2026-09-15,2026-09-18,P,115.0,13006,26,2.1250046874999997,0.01,0.0,0.01
NVDA,2026-09-15,2026-09-18,P,120.0,40728,2350,1.96875015625,0.01,0.0,0.01
NVDA,2026-09-15,2026-09-18,P,125.0,54987,1001,1.8125009374999999,0.01,0.0,0.01
NVDA,2026-09-15,2026-09-18,P,130.0,35318,61140,1.6875015625,0.01,0.0,0.01
NVDA,2026-09-15,2026-09-18,P,135.0,19125,2008,1.5937520312499998,0.01,0.0,0.01
NVDA,2026-09-15,2026-09-18,P,140.0,51199,1670,1.625001875,0.02,0.01,0.02
NVDA,2026-09-15,2026-09-18,P,145.0,28567,72,1.5000025,0.02,0.01,0.02
NVDA,2026-09-15,2026-09-18,P,150.0,37556,4273,1.3750031249999999,0.01,0.01,0.02
NVDA,2026-09-15,2026-09-18,P,155.0,25483,5395,1.3125034374999998,0.02,0.02,0.03
NVDA,2026-09-15,2026-09-18,P,160.0,44622,5619,1.1953165234375,0.02,0.02,0.03
NVDA,2026-09-15,2026-09-18,P,165.0,34560,4007,1.1015669921875002,0.02,0.02,0.04
NVDA,2026-09-15,2026-09-18,P,170.0,49199,3465,1.0039112304687499,0.04,0.03,0.04
NVDA,2026-09-15,2026-09-18,P,175.0,40800,1211,0.914063359375,0.05,0.04,0.05
NVDA,2026-09-15,2026-09-18,P,180.0,72161,952,0.79687703125,0.05,0.04,0.05
NVDA,2026-09-15,2026-09-18,P,185.0,44273,2486,0.7187528125,0.07,0.06,0.07
NVDA,2026-09-15,2026-09-18,P,187.5,3371,2851,0.6718782812500002,0.08,0.07,0.08
NVDA,2026-09-15,2026-09-18,P,190.0,42202,1797,0.6250037500000001,0.08,0.08,0.09
NVDA,2026-09-15,2026-09-18,P,192.5,5060,1301,0.57812921875,0.09,0.09,0.11
NVDA,2026-09-15,2026-09-18,P,195.0,29757,3338,0.5293015820312501,0.12,0.11,0.12
NVDA,2026-09-15,2026-09-18,P,197.5,8918,3120,0.48828636718750007,0.14,0.13,0.15
NVDA,2026-09-15,2026-09-18,P,200.0,58854,10543,0.44824770507812495,0.19,0.18,0.2
NVDA,2026-09-15,2026-09-18,P,202.5,21779,5254,0.41358008300781246,0.27,0.27,0.29
NVDA,2026-09-15,2026-09-18,P,205.0,25141,17708,0.39063109375,0.48,0.46,0.48
NVDA,2026-09-15,2026-09-18,P,207.5,8877,11075,0.37280900634765624,0.8,0.8,0.82
NVDA,2026-09-15,2026-09-18,P,210.0,55774,38301,0.3618227880859375,1.39,1.39,1.41
NVDA,2026-09-15,2026-09-18,P,212.5,14668,25085,0.3579165771484375,2.35,2.33,2.35
NVDA,2026-09-15,2026-09-18,P,215.0,23459,34475,0.36157864990234373,3.65,3.65,3.7
NVDA,2026-09-15,2026-09-18,P,217.5,8698,8148,0.34448897705078124,5.4,5.15,5.25
NVDA,2026-09-15,2026-09-18,P,220.0,23623,4004,0.37842418457031246,7.55,7.2,7.4
NVDA,2026-09-15,2026-09-18,P,222.5,4395,1057,0.46143116699218756,9.54,9.7,9.9
NVDA,2026-09-15,2026-09-18,P,225.0,14029,1305,0.5161181201171875,12.05,12.1,12.3
NVDA,2026-09-15,2026-09-18,P,227.5,3739,1272,0.5546919531250001,14.8,14.6,14.75
NVDA,2026-09-15,2026-09-18,P,230.0,10959,1101,0.5546919531250001,17.1,16.85,17.1
NVDA,2026-09-15,2026-09-18,P,232.5,1764,73,0.6699251757812501,16.89,19.5,19.75
NVDA,2026-09-15,2026-09-18,P,235.0,2376,34,0.6835969140625001,19.4,21.9,22.1
NVDA,2026-09-15,2026-09-18,P,237.5,9,11,0.782228740234375,25.25,24.5,24.7
NVDA,2026-09-15,2026-09-18,P,240.0,1120,16,0.8500991552734375,26.95,27.0,27.25
NVDA,2026-09-15,2026-09-18,P,242.5,1,2,0.9267585449218749,28.77,29.55,29.8
NVDA,2026-09-15,2026-09-18,P,245.0,19,7,0.89257919921875,32.0,31.85,32.1
NVDA,2026-09-15,2026-09-18,P,247.5,0,3,0.929688203125,32.1,34.35,34.55
NVDA,2026-09-15,2026-09-18,P,250.0,144,35,1.1025435498046878,36.98,37.1,37.3
NVDA,2026-09-15,2026-09-18,P,255.0,0,31,1.2080117724609374,35.65,42.1,42.3
NVDA,2026-09-15,2026-09-18,P,260.0,3,2,1.2978550732421872,43.95,47.05,47.3
NVDA,2026-09-15,2026-09-18,P,265.0,2,2,1.3818390283203121,49.75,52.05,52.25
NVDA,2026-09-15,2026-09-18,P,270.0,19,52,1.4882838085937498,57.7,57.05,57.3
NVDA,2026-09-15,2026-09-18,P,275.0,0,20,1.47265888671875,58.38,61.9,62.1
NVDA,2026-09-15,2026-09-18,P,280.0,400,400,1.6679704101562502,67.9,67.05,67.3
NVDA,2026-09-15,2026-09-18,P,285.0,0,1,1.7392591162109374,67.24,72.0,72.3
NVDA,2026-09-15,2026-09-18,P,290.0,3,1,1.8525397998046875,78.99,77.1,77.3
NVDA,2026-09-15,2026-09-18,P,295.0,77,1,1.88671931640625,81.95,82.0,82.25
NVDA,2026-09-15,2026-09-18,P,300.0,0,1,1.998046884765625,68.04,87.05,87.3
NVDA,2026-09-15,2026-09-18,P,310.0,0,4,2.200199812011718,84.45,97.1,97.4
NVDA,2026-09-15,2026-09-18,P,320.0,0,1,1.0000000000000003e-05,96.7,0.0,0.0
NVDA,2026-09-15,2026-09-18,P,330.0,0,1,1.0000000000000003e-05,108.62,97.1,101.6
NVDA,2026-09-15,2026-09-18,P,340.0,0,20,1.0000000000000003e-05,117.65,0.0,0.0
NVDA,2026-09-15,2026-09-18,P,350.0,0,8,8.685307306060789,162.89,167.85,171.85
NVDA,2026-09-15,2026-09-18,P,360.0,0,25,4.222172691040039,130.2,149.85,151.7
NVDA,2026-09-15,2026-09-18,P,370.0,0,10,3.0019556201171875,142.35,157.1,157.4
NVDA,2026-09-15,2026-09-18,P,400.0,0,2,1.0000000000000003e-05,215.09,0.0,0.0
NVDA,2026-09-15,2026-09-18,P,410.0,0,0,1.0000000000000003e-05,225.11,0.0,0.0
NVDA,2026-09-15,2026-09-18,P,420.0,0,0,8.916752473907469,229.0,230.75,234.35
NVDA,2026-09-15,2026-09-18,P,460.0,0,1,3.853515991210937,239.35,247.05,247.3
NVDA,2026-09-15,2026-09-21,C,125.0,1,1,1.0000000000000003e-05,87.2,87.9,88.2
NVDA,2026-09-15,2026-09-21,C,175.0,1,1,1.0000000000000003e-05,40.05,37.85,38.1
NVDA,2026-09-15,2026-09-21,C,185.0,1,21,1.0000000000000003e-05,30.29,27.8,28.1
NVDA,2026-09-15,2026-09-21,C,190.0,45,28,1.0000000000000003e-05,23.4,22.95,23.2
NVDA,2026-09-15,2026-09-21,C,192.5,70,11,0.43555251953125,22.75,20.75,21.0
NVDA,2026-09-15,2026-09-21,C,195.0,125,104,1.0000000000000003e-05,20.9,18.0,18.25
NVDA,2026-09-15,2026-09-21,C,200.0,560,145,0.331061376953125,14.0,13.35,13.6
NVDA,2026-09-15,2026-09-21,C,202.5,85,337,0.31641308593749995,11.12,11.05,11.25
NVDA,2026-09-15,2026-09-21,C,205.0,355,2545,0.2788158056640625,9.05,8.7,8.85
NVDA,2026-09-15,2026-09-21,C,207.5,173,388,0.2858958129882812,6.9,6.7,6.85
NVDA,2026-09-15,2026-09-21,C,210.0,1400,679,0.26978269287109374,4.9,4.8,4.9
NVDA,2026-09-15,2026-09-21,C,212.5,1945,1004,0.2757640783691406,3.3,3.35,3.45
NVDA,2026-09-15,2026-09-21,C,215.0,2951,8182,0.2711254528808594,2.22,2.17,2.22
NVDA,2026-09-15,2026-09-21,C,217.5,2918,10220,0.27735097656249996,1.31,1.38,1.42
NVDA,2026-09-15,2026-09-21,C,220.0,4037,7827,0.2710033837890625,0.78,0.75,0.78
NVDA,2026-09-15,2026-09-21,C,222.5,1789,4441,0.2749095947265625,0.41,0.43,0.44
NVDA,2026-09-15,2026-09-21,C,225.0,2457,2495,0.2797923583984374,0.23,0.22,0.24
NVDA,2026-09-15,2026-09-21,C,227.5,994,654,0.29004616210937495,0.13,0.11,0.14
NVDA,2026-09-15,2026-09-21,C,230.0,5399,4545,0.29883513671874995,0.08,0.07,0.08
NVDA,2026-09-15,2026-09-21,C,232.5,848,388,0.32031929687499994,0.05,0.04,0.06
NVDA,2026-09-15,2026-09-21,C,235.0,1024,610,0.33399103515625,0.04,0.03,0.04
NVDA,2026-09-15,2026-09-21,C,237.5,107,280,0.35156898437499995,0.04,0.02,0.03
NVDA,2026-09-15,2026-09-21,C,240.0,5430,89,0.38281867187499996,0.02,0.01,0.03
NVDA,2026-09-15,2026-09-21,C,242.5,1365,4,0.39063109375,0.02,0.01,0.02
NVDA,2026-09-15,2026-09-21,C,245.0,326,72,0.42188078125,0.02,0.0,0.02
NVDA,2026-09-15,2026-09-21,C,247.5,37,7,0.445318046875,0.01,0.01,0.02
NVDA,2026-09-15,2026-09-21,C,250.0,283,15,0.4726615234375,0.02,0.01,0.02
NVDA,2026-09-15,2026-09-21,C,252.5,7,1,0.500005,0.01,0.0,0.02
NVDA,2026-09-15,2026-09-21,C,255.0,62,304,0.507817421875,0.01,0.01,0.02
NVDA,2026-09-15,2026-09-21,C,260.0,37,1,0.500005,0.01,0.0,0.01
NVDA,2026-09-15,2026-09-21,C,265.0,18,28,0.5468795312500001,0.01,0.0,0.01
NVDA,2026-09-15,2026-09-21,C,270.0,12,0,0.6718782812500002,0.07,0.0,0.02
NVDA,2026-09-15,2026-09-21,C,275.0,1,0,0.6718782812500002,0.07,0.0,0.02
NVDA,2026-09-15,2026-09-21,C,285.0,1,0,0.7578149218750001,0.01,0.0,0.01
NVDA,2026-09-15,2026-09-21,C,290.0,0,0,0.79687703125,0.01,0.0,0.01
NVDA,2026-09-15,2026-09-21,C,295.0,1,0,0.8437515624999999,0.01,0.0,0.01
NVDA,2026-09-15,2026-09-21,C,300.0,60,41,0.87500125,0.01,0.0,0.01
NVDA,2026-09-15,2026-09-21,C,305.0,2,1,0.92187578125,0.01,0.0,0.01
NVDA,2026-09-15,2026-09-21,P,65.0,10705,0,2.93750265625,0.01,0.0,0.01
NVDA,2026-09-15,2026-09-21,P,100.0,3,1,1.9062504687500001,0.01,0.0,0.01
NVDA,2026-09-15,2026-09-21,P,150.0,145,2,0.992187578125,0.06,0.01,0.03
NVDA,2026-09-15,2026-09-21,P,155.0,10,6,0.914063359375,0.03,0.01,0.03
NVDA,2026-09-15,2026-09-21,P,160.0,6,7,0.8437515624999999,0.02,0.02,0.03
NVDA,2026-09-15,2026-09-21,P,165.0,44,5,0.7812521875,0.02,0.02,0.04
NVDA,2026-09-15,2026-09-21,P,170.0,839,4,0.710940390625,0.03,0.03,0.04
NVDA,2026-09-15,2026-09-21,P,175.0,56,6,0.648441015625,0.07,0.04,0.05
NVDA,2026-09-15,2026-09-21,P,180.0,310,5192,0.585941640625,0.07,0.05,0.07
NVDA,2026-09-15,2026-09-21,P,185.0,347,14,0.5312546875,0.08,0.08,0.1
NVDA,2026-09-15,2026-09-21,P,190.0,358,262,0.4726615234375,0.1,0.12,0.13
NVDA,2026-09-15,2026-09-21,P,192.5,813,53,0.44336494140625,0.13,0.14,0.16
NVDA,2026-09-15,2026-09-21,P,195.0,475,276,0.41797457031249996,0.2,0.19,0.21
NVDA,2026-09-15,2026-09-21,P,197.5,193,285,0.39551385742187506,0.26,0.28,0.29
NVDA,2026-09-15,2026-09-21,P,200.0,7091,1942,0.3676821044921875,0.39,0.36,0.38
NVDA,2026-09-15,2026-09-21,P,202.5,1284,482,0.34570966796874997,0.56,0.51,0.54
NVDA,2026-09-15,2026-09-21,P,205.0,739,817,0.3286199951171874,0.87,0.79,0.81
NVDA,2026-09-15,2026-09-21,P,207.5,840,1234,0.3225165405273437,1.28,1.27,1.3
NVDA,2026-09-15,2026-09-21,P,210.0,2795,6139,0.3057930749511719,1.89,1.87,1.9
NVDA,2026-09-15,2026-09-21,P,212.5,1284,2731,0.309577216796875,2.9,2.91,2.96
NVDA,2026-09-15,2026-09-21,P,215.0,458,6025,0.30249720947265624,4.4,4.05,4.2
NVDA,2026-09-15,2026-09-21,P,217.5,209,1171,0.30689169677734374,5.82,5.7,5.85
NVDA,2026-09-15,2026-09-21,P,220.0,567,400,0.3242255078124999,8.0,7.7,7.85
NVDA,2026-09-15,2026-09-21,P,222.5,179,451,0.3549869189453124,9.25,9.85,10.1
NVDA,2026-09-15,2026-09-21,P,225.0,679,1669,0.37354142089843745,12.07,12.2,12.35
NVDA,2026-09-15,2026-09-21,P,227.5,182,305,0.42529871582031253,12.67,14.6,14.85
NVDA,2026-09-15,2026-09-21,P,230.0,94,149,0.46533737792968755,14.63,17.05,17.3
NVDA,2026-09-15,2026-09-21,P,232.5,22,21,0.5227098510742187,16.6,19.6,19.85
NVDA,2026-09-15,2026-09-21,P,235.0,1,2,0.5239305419921875,20.78,22.05,22.25
NVDA,2026-09-15,2026-09-21,P,237.5,0,1,0.5727581787109376,25.41,24.55,24.8
NVDA,2026-09-15,2026-09-21,P,240.0,0,1,0.6210975390625001,28.21,27.05,27.35
NVDA,2026-09-15,2026-09-21,P,245.0,0,0,0.6879914013671876,27.05,32.05,32.25
NVDA,2026-09-15,2026-09-21,P,250.0,0,0,0.69336244140625,25.9,36.85,37.05
NVDA,2026-09-15,2026-09-23,C,185.0,12,2,0.49609878906250005,27.45,28.25,28.5
NVDA,2026-09-15,2026-09-23,C,190.0,13,8,0.41699801757812494,27.0,23.15,23.5
NVDA,2026-09-15,2026-09-23,C,195.0,59,35,0.401373173828125,20.73,18.4,18.7
NVDA,2026-09-15,2026-09-23,C,200.0,127,56,0.367193828125,13.6,13.75,14.0
NVDA,2026-09-15,2026-09-23,C,202.5,124,131,0.344733115234375,11.55,11.45,11.7
NVDA,2026-09-15,2026-09-23,C,205.0,123,194,0.33618827880859375,9.45,9.35,9.6
NVDA,2026-09-15,2026-09-23,C,207.5,80,654,0.3178779150390625,7.72,7.35,7.55
NVDA,2026-09-15,2026-09-23,C,210.0,500,571,0.30725790405273434,5.8,5.65,5.75
NVDA,2026-09-15,2026-09-23,C,212.5,1139,1265,0.29871306762695304,4.35,4.15,4.2
NVDA,2026-09-15,2026-09-23,C,215.0,703,1943,0.305671005859375,3.02,3.0,3.1
NVDA,2026-09-15,2026-09-23,C,217.5,581,1649,0.2941965112304687,2.07,1.99,2.03
NVDA,2026-09-15,2026-09-23,C,220.0,1230,2348,0.2954172021484375,1.34,1.33,1.35
NVDA,2026-09-15,2026-09-23,C,222.5,512,965,0.2971261694335937,0.84,0.83,0.87
NVDA,2026-09-15,2026-09-23,C,225.0,1310,2013,0.2951730639648437,0.51,0.49,0.52
NVDA,2026-09-15,2026-09-23,C,227.5,631,1921,0.29883513671874995,0.31,0.3,0.32
NVDA,2026-09-15,2026-09-23,C,230.0,8788,7979,0.301764794921875,0.19,0.18,0.19
NVDA,2026-09-15,2026-09-23,C,232.5,127,398,0.3178779150390625,0.12,0.12,0.14
NVDA,2026-09-15,2026-09-23,C,235.0,2472,316,0.331061376953125,0.09,0.09,0.1
NVDA,2026-09-15,2026-09-23,C,237.5,172,192,0.34180345703125,0.07,0.06,0.07
NVDA,2026-09-15,2026-09-23,C,240.0,1510,106,0.36133451171875,0.06,0.05,0.06
NVDA,2026-09-15,2026-09-23,C,242.5,11,2,0.3789124609375,0.07,0.04,0.05
NVDA,2026-09-15,2026-09-23,C,245.0,403,537,0.39453730468750003,0.04,0.03,0.04
NVDA,2026-09-15,2026-09-23,C,247.5,38,3,0.41992767578125,0.05,0.03,0.04
NVDA,2026-09-15,2026-09-23,C,250.0,1238,16,0.445318046875,0.04,0.02,0.04
NVDA,2026-09-15,2026-09-23,C,252.5,24,3,0.45313046875,0.04,0.02,0.03
NVDA,2026-09-15,2026-09-23,C,255.0,52,3,0.476567734375,0.03,0.01,0.03
NVDA,2026-09-15,2026-09-23,C,260.0,31,2,0.500005,0.02,0.01,0.03
NVDA,2026-09-15,2026-09-23,C,265.0,195,1,0.523442265625,0.03,0.01,0.02
NVDA,2026-09-15,2026-09-23,C,270.0,15,1,0.5468795312500001,0.01,0.0,0.02
NVDA,2026-09-15,2026-09-23,C,275.0,34,2,0.5468795312500001,0.01,0.0,0.01
NVDA,2026-09-15,2026-09-23,C,290.0,176,0,0.73437765625,0.04,0.0,0.02
NVDA,2026-09-15,2026-09-23,C,295.0,10,0,0.726565234375,0.06,0.0,0.01
NVDA,2026-09-15,2026-09-23,C,305.0,3,0,0.79687703125,0.02,0.0,0.01
NVDA,2026-09-15,2026-09-23,P,130.0,4,1,1.109379453125,0.02,0.0,0.02
NVDA,2026-09-15,2026-09-23,P,140.0,7,6,1.015629921875,0.04,0.01,0.03
NVDA,2026-09-15,2026-09-23,P,145.0,3,1,0.937500625,0.02,0.01,0.03
NVDA,2026-09-15,2026-09-23,P,165.0,32,1,0.6757844921875001,0.04,0.02,0.04
NVDA,2026-09-15,2026-09-23,P,170.0,15,9,0.6250037500000001,0.05,0.03,0.05
NVDA,2026-09-15,2026-09-23,P,175.0,109,4,0.5742230078125,0.06,0.05,0.06
NVDA,2026-09-15,2026-09-23,P,180.0,206,2,0.532231240234375,0.09,0.08,0.09
NVDA,2026-09-15,2026-09-23,P,185.0,89,11,0.4931691308593751,0.12,0.12,0.14
NVDA,2026-09-15,2026-09-23,P,190.0,610,975,0.445318046875,0.21,0.2,0.21
NVDA,2026-09-15,2026-09-23,P,192.5,30,32,0.42383388671875,0.26,0.26,0.27
NVDA,2026-09-15,2026-09-23,P,195.0,2768,171,0.4028380029296875,0.29,0.33,0.35
NVDA,2026-09-15,2026-09-23,P,197.5,229,95,0.38623660644531244,0.45,0.45,0.48
NVDA,2026-09-15,2026-09-23,P,200.0,376,421,0.36817038085937503,0.68,0.62,0.65
NVDA,2026-09-15,2026-09-23,P,202.5,305,632,0.35352208984374994,0.88,0.87,0.91
NVDA,2026-09-15,2026-09-23,P,205.0,629,949,0.34448897705078124,1.35,1.32,1.32
NVDA,2026-09-15,2026-09-23,P,207.5,323,556,0.33179379150390625,1.95,1.79,1.84
NVDA,2026-09-15,2026-09-23,P,210.0,616,489,0.3314275842285156,2.75,2.64,2.68
NVDA,2026-09-15,2026-09-23,P,212.5,499,581,0.323126885986328,3.7,3.55,3.65
NVDA,2026-09-15,2026-09-23,P,215.0,447,867,0.32617861328125,4.84,4.8,5.0
NVDA,2026-09-15,2026-09-23,P,217.5,163,479,0.3178779150390625,6.1,6.3,6.45
NVDA,2026-09-15,2026-09-23,P,220.0,346,268,0.32031929687499994,7.41,8.05,8.25
NVDA,2026-09-15,2026-09-23,P,222.5,48,181,0.32471378417968744,10.26,10.0,10.25
NVDA,2026-09-15,2026-09-23,P,225.0,1173,87,0.3505924316406249,12.15,12.45,12.55
NVDA,2026-09-15,2026-09-23,P,227.5,74,138,0.3833069482421875,14.74,14.75,14.95
NVDA,2026-09-15,2026-09-23,P,230.0,81,65,0.3942931665039063,14.34,17.0,17.25
NVDA,2026-09-15,2026-09-23,P,232.5,2,1,0.42529871582031253,17.62,19.4,19.7
NVDA,2026-09-15,2026-09-23,P,235.0,28,1,0.48340360351562506,19.35,22.1,22.3
NVDA,2026-09-15,2026-09-23,P,240.0,0,1,0.532231240234375,25.05,27.05,27.3
NVDA,2026-09-15,2026-09-23,P,245.0,1,1,0.5893595751953126,31.2,31.95,32.3
NVDA,2026-09-15,2026-09-25,C,60.0,0,0,1.0000000000000003e-05,159.31,152.75,153.1
NVDA,2026-09-15,2026-09-25,C,75.0,3,3,1.0000000000000003e-05,136.94,137.8,138.15
NVDA,2026-09-15,2026-09-25,C,80.0,0,0,1.0000000000000003e-05,143.11,132.8,133.2
NVDA,2026-09-15,2026-09-25,C,85.0,2,2,1.0000000000000003e-05,127.3,127.9,128.25
NVDA,2026-09-15,2026-09-25,C,90.0,6,3,1.0000000000000003e-05,122.25,122.85,123.2
NVDA,2026-09-15,2026-09-25,C,95.0,0,1,1.0000000000000003e-05,121.08,117.85,118.15
NVDA,2026-09-15,2026-09-25,C,100.0,4,3,1.0000000000000003e-05,112.02,112.85,113.2
NVDA,2026-09-15,2026-09-25,C,105.0,6,5,1.0000000000000003e-05,113.93,107.8,108.2
NVDA,2026-09-15,2026-09-25,C,110.0,10,5,1.0000000000000003e-05,109.3,102.9,103.2
NVDA,2026-09-15,2026-09-25,C,120.0,14,2,1.0000000000000003e-05,103.23,92.85,93.1
NVDA,2026-09-15,2026-09-25,C,125.0,19,1,1.1953165234375,91.25,88.1,88.35
NVDA,2026-09-15,2026-09-25,C,130.0,8,7,1.3046909765624997,88.75,83.1,83.45
NVDA,2026-09-15,2026-09-25,C,135.0,1,2,1.0390673046875003,83.52,78.15,78.35
NVDA,2026-09-15,2026-09-25,C,140.0,27,1,1.0000000000000003e-05,72.53,72.85,73.15
NVDA,2026-09-15,2026-09-25,C,145.0,1,5,0.98437515625,66.57,68.1,68.4
NVDA,2026-09-15,2026-09-25,C,150.0,54,2,0.8164080859374999,62.61,63.2,63.5
NVDA,2026-09-15,2026-09-25,C,155.0,3,1,1.0000000000000003e-05,57.71,58.0,58.2
NVDA,2026-09-15,2026-09-25,C,160.0,26,1,1.0000000000000003e-05,55.0,53.0,53.25
NVDA,2026-09-15,2026-09-25,C,165.0,47,1,0.6835969140625001,51.75,48.25,48.55
NVDA,2026-09-15,2026-09-25,C,170.0,81,1,1.0000000000000003e-05,45.15,43.05,43.25
NVDA,2026-09-15,2026-09-25,C,175.0,123,5,1.0000000000000003e-05,37.6,38.0,38.25
NVDA,2026-09-15,2026-09-25,C,180.0,411,4,0.42188078125,35.8,33.1,33.35
NVDA,2026-09-15,2026-09-25,C,185.0,77,5,0.4995167236328125,31.05,28.3,28.6
NVDA,2026-09-15,2026-09-25,C,190.0,248,15,0.38867798828125,24.75,23.3,23.5
NVDA,2026-09-15,2026-09-25,C,192.5,47,2,0.38281867187499996,23.75,20.85,21.1
NVDA,2026-09-15,2026-09-25,C,195.0,431,62,0.407232490234375,20.05,18.65,18.9
NVDA,2026-09-15,2026-09-25,C,200.0,1122,311,0.3544986425781249,15.2,14.0,14.15
NVDA,2026-09-15,2026-09-25,C,202.5,222,366,0.36304347900390627,12.95,11.95,12.15
NVDA,2026-09-15,2026-09-25,C,205.0,1350,220,0.33740896972656254,10.0,9.85,9.95
NVDA,2026-09-15,2026-09-25,C,207.5,154,217,0.34497725341796875,9.17,8.1,8.25
NVDA,2026-09-15,2026-09-25,C,210.0,6353,1575,0.3220282641601562,6.35,6.3,6.35
NVDA,2026-09-15,2026-09-25,C,212.5,4511,2517,0.32227240234374993,5.0,4.85,4.95
NVDA,2026-09-15,2026-09-25,C,215.0,5350,9483,0.31409377319335935,3.65,3.6,3.65
NVDA,2026-09-15,2026-09-25,C,217.5,1955,3671,0.3062813513183594,2.64,2.56,2.58
NVDA,2026-09-15,2026-09-25,C,220.0,35247,68282,0.30408410766601557,1.8,1.78,1.8
NVDA,2026-09-15,2026-09-25,C,222.5,2341,4966,0.304694453125,1.25,1.22,1.24
NVDA,2026-09-15,2026-09-25,C,225.0,18500,11069,0.30542686767578126,0.82,0.81,0.83
NVDA,2026-09-15,2026-09-25,C,227.5,2388,2252,0.3061592822265625,0.54,0.53,0.54
NVDA,2026-09-15,2026-09-25,C,230.0,18204,7271,0.31250687499999996,0.36,0.36,0.37
NVDA,2026-09-15,2026-09-25,C,232.5,6378,1328,0.3178779150390625,0.25,0.24,0.25
NVDA,2026-09-15,2026-09-25,C,235.0,9845,3906,0.3276434423828125,0.17,0.17,0.18
NVDA,2026-09-15,2026-09-25,C,237.5,898,2036,0.3413151806640625,0.16,0.13,0.14
NVDA,2026-09-15,2026-09-25,C,240.0,14954,2318,0.3544986425781249,0.1,0.1,0.11
NVDA,2026-09-15,2026-09-25,C,242.5,514,28,0.36914693359375,0.09,0.08,0.09
NVDA,2026-09-15,2026-09-25,C,245.0,11933,523,0.38672488281249995,0.07,0.07,0.08
NVDA,2026-09-15,2026-09-25,C,247.5,374,67,0.40430283203125,0.07,0.05,0.07
NVDA,2026-09-15,2026-09-25,C,250.0,12978,481,0.41797457031249996,0.06,0.05,0.06
NVDA,2026-09-15,2026-09-25,C,252.5,113,32,0.43164630859375,0.06,0.04,0.05
NVDA,2026-09-15,2026-09-25,C,255.0,5279,1083,0.45313046875,0.04,0.04,0.05
NVDA,2026-09-15,2026-09-25,C,257.5,32,1,0.46094289062500005,0.05,0.03,0.04
NVDA,2026-09-15,2026-09-25,C,260.0,17576,87,0.48242705078125003,0.05,0.02,0.04
NVDA,2026-09-15,2026-09-25,C,265.0,1974,106,0.50586431640625,0.03,0.02,0.03
NVDA,2026-09-15,2026-09-25,C,270.0,20292,113,0.5351608984375,0.03,0.02,0.03
NVDA,2026-09-15,2026-09-25,C,275.0,4395,108,0.5390671093750001,0.01,0.01,0.02
NVDA,2026-09-15,2026-09-25,C,280.0,4780,62,0.57812921875,0.02,0.01,0.02
NVDA,2026-09-15,2026-09-25,C,285.0,5157,1169,0.6093789062500001,0.01,0.01,0.02
NVDA,2026-09-15,2026-09-25,C,290.0,2879,33,0.5937540625000001,0.01,0.0,0.01
NVDA,2026-09-15,2026-09-25,C,295.0,1220,201,0.6093789062500001,0.01,0.0,0.01
NVDA,2026-09-15,2026-09-25,C,300.0,1235,205,0.64062859375,0.01,0.0,0.01
NVDA,2026-09-15,2026-09-25,C,305.0,173,38,0.6718782812500002,0.01,0.0,0.01
NVDA,2026-09-15,2026-09-25,C,310.0,178,1,0.70312796875,0.04,0.0,0.01
NVDA,2026-09-15,2026-09-25,C,315.0,538,40,0.7187528125,0.02,0.0,0.01
NVDA,2026-09-15,2026-09-25,C,320.0,488,5,0.7500025,0.01,0.0,0.01
NVDA,2026-09-15,2026-09-25,C,325.0,1438,12,0.7812521875,0.01,0.0,0.01
NVDA,2026-09-15,2026-09-25,C,330.0,859,1,0.8125018749999999,0.01,0.0,0.01
NVDA,2026-09-15,2026-09-25,C,335.0,132,21,0.8281267187499999,0.02,0.0,0.01
NVDA,2026-09-15,2026-09-25,C,340.0,390,98,0.8437515624999999,0.02,0.0,0.01
NVDA,2026-09-15,2026-09-25,C,345.0,276,261,0.87500125,0.01,0.0,0.01
NVDA,2026-09-15,2026-09-25,C,350.0,236,220,0.9062509375,0.01,0.0,0.01
NVDA,2026-09-15,2026-09-25,C,360.0,68,57,0.937500625,0.01,0.0,0.01
NVDA,2026-09-15,2026-09-25,C,370.0,7,1,0.98437515625,0.01,0.0,0.01
NVDA,2026-09-15,2026-09-25,C,380.0,73,1,1.0312548437500002,0.01,0.0,0.01
NVDA,2026-09-15,2026-09-25,C,390.0,946,200,1.09375453125,0.01,0.0,0.01
NVDA,2026-09-15,2026-09-25,P,50.0,3,1,2.6250034375,0.03,0.0,0.01
NVDA,2026-09-15,2026-09-25,P,55.0,5,1,2.43750390625,0.01,0.0,0.01
NVDA,2026-09-15,2026-09-25,P,60.0,620,620,2.3125042187499996,0.01,0.0,0.01
NVDA,2026-09-15,2026-09-25,P,65.0,766,766,2.1875045312499997,0.01,0.0,0.01
NVDA,2026-09-15,2026-09-25,P,70.0,520,325,2.031254921875,0.02,0.0,0.01
NVDA,2026-09-15,2026-09-25,P,75.0,258,0,2.031254921875,0.01,0.0,0.01
NVDA,2026-09-15,2026-09-25,P,80.0,283,187,1.8125009374999999,0.01,0.0,0.01
NVDA,2026-09-15,2026-09-25,P,85.0,274,90,1.6875015625,0.02,0.0,0.01
NVDA,2026-09-15,2026-09-25,P,90.0,474,1,1.5937520312499998,0.01,0.0,0.01
NVDA,2026-09-15,2026-09-25,P,95.0,421,268,1.625001875,0.02,0.01,0.02
NVDA,2026-09-15,2026-09-25,P,100.0,507,10,1.5312523437499999,0.01,0.01,0.02
NVDA,2026-09-15,2026-09-25,P,105.0,1744,6,1.4375028125,0.01,0.01,0.02
NVDA,2026-09-15,2026-09-25,P,110.0,108,36,1.3437532812499997,0.02,0.01,0.02
NVDA,2026-09-15,2026-09-25,P,115.0,4126,20,1.2656286718749998,0.02,0.01,0.02
NVDA,2026-09-15,2026-09-25,P,120.0,11869,40,1.21875390625,0.03,0.01,0.03
NVDA,2026-09-15,2026-09-25,P,125.0,4762,100,1.1328168359375002,0.02,0.01,0.03
NVDA,2026-09-15,2026-09-25,P,130.0,1495,10,1.0781296093750001,0.02,0.02,0.03
NVDA,2026-09-15,2026-09-25,P,135.0,1225,11,1.000005,0.03,0.02,0.03
NVDA,2026-09-15,2026-09-25,P,140.0,1543,484,0.945313046875,0.03,0.02,0.04
NVDA,2026-09-15,2026-09-25,P,145.0,2310,2,0.87500125,0.03,0.02,0.04
NVDA,2026-09-15,2026-09-25,P,150.0,4073,74,0.8164080859374999,0.03,0.03,0.04
NVDA,2026-09-15,2026-09-25,P,155.0,570,126,0.7578149218750001,0.04,0.03,0.05
NVDA,2026-09-15,2026-09-25,P,160.0,3539,80,0.6992217578125001,0.05,0.04,0.05
NVDA,2026-09-15,2026-09-25,P,165.0,1787,227,0.6543003320312502,0.05,0.05,0.07
NVDA,2026-09-15,2026-09-25,P,170.0,1438,15,0.6035195898437502,0.08,0.07,0.08
NVDA,2026-09-15,2026-09-25,P,175.0,2659,456,0.55273884765625,0.1,0.09,0.1
NVDA,2026-09-15,2026-09-25,P,180.0,5975,332,0.5127001855468749,0.13,0.13,0.15
NVDA,2026-09-15,2026-09-25,P,185.0,7776,1094,0.4726615234375,0.2,0.2,0.21
NVDA,2026-09-15,2026-09-25,P,187.5,1565,27,0.45264219238281256,0.22,0.25,0.26
NVDA,2026-09-15,2026-09-25,P,190.0,12702,2480,0.4321345849609375,0.32,0.31,0.32
NVDA,2026-09-15,2026-09-25,P,192.5,848,1205,0.4165097412109374,0.41,0.4,0.42
NVDA,2026-09-15,2026-09-25,P,195.0,5112,3364,0.39893179199218753,0.54,0.53,0.54
NVDA,2026-09-15,2026-09-25,P,197.5,2893,1362,0.3803772900390625,0.71,0.67,0.69
NVDA,2026-09-15,2026-09-25,P,200.0,13975,1758,0.37085590087890624,0.97,0.95,0.96
NVDA,2026-09-15,2026-09-25,P,202.5,3401,2110,0.35938140625,1.3,1.29,1.3
NVDA,2026-09-15,2026-09-25,P,205.0,9401,2559,0.3518131225585937,1.77,1.76,1.79
NVDA,2026-09-15,2026-09-25,P,207.5,1300,2019,0.3437565625,2.4,2.39,2.42
NVDA,2026-09-15,2026-09-25,P,210.0,17351,3531,0.33801931518554684,3.2,3.15,3.25
NVDA,2026-09-15,2026-09-25,P,212.5,1815,2333,0.33411310424804685,4.27,4.25,4.3
NVDA,2026-09-15,2026-09-25,P,215.0,5938,9079,0.32959654785156245,5.55,5.5,5.55
NVDA,2026-09-15,2026-09-25,P,217.5,3045,4666,0.3315496533203125,7.02,7.0,7.1
NVDA,2026-09-15,2026-09-25,P,220.0,10532,1043,0.309577216796875,8.6,8.45,8.55
NVDA,2026-09-15,2026-09-25,P,222.5,266,72,0.335944140625,10.02,10.55,10.75
NVDA,2026-09-15,2026-09-25,P,225.0,2055,209,0.3154365332031249,12.5,12.5,12.6
NVDA,2026-09-15,2026-09-25,P,227.5,357,333,0.3315496533203125,12.35,14.7,14.9
NVDA,2026-09-15,2026-09-25,P,230.0,3896,77,0.37720349365234374,16.05,17.25,17.45
NVDA,2026-09-15,2026-09-25,P,232.5,126,20,0.38281867187499996,18.2,19.5,19.75
NVDA,2026-09-15,2026-09-25,P,235.0,1017,37,0.398443515625,20.18,21.85,22.15
NVDA,2026-09-15,2026-09-25,P,240.0,398,27,0.47363807617187503,24.47,26.95,27.2
NVDA,2026-09-15,2026-09-25,P,245.0,3,3,0.5358933129882812,29.94,32.05,32.35
NVDA,2026-09-15,2026-09-25,P,250.0,4,2,0.5766643896484375,34.44,37.0,37.25
NVDA,2026-09-15,2026-09-25,P,255.0,0,2,0.6459996337890624,38.55,42.05,42.3
NVDA,2026-09-15,2026-09-25,P,260.0,6,158,0.6547886083984377,43.11,46.9,47.15
NVDA,2026-09-15,2026-09-25,P,265.0,0,12,0.7675804492187501,51.5,52.1,52.35
NVDA,2026-09-15,2026-09-25,P,270.0,0,1,0.7236355761718749,57.25,56.8,57.1
NVDA,2026-09-15,2026-09-25,P,275.0,0,0,0.8012715185546875,49.5,61.9,62.15
NVDA,2026-09-15,2026-09-25,P,280.0,0,1,0.789064609375,66.25,66.75,67.05
NVDA,2026-09-15,2026-09-25,P,285.0,0,1,0.9565434033203124,71.25,72.05,72.35
NVDA,2026-09-15,2026-09-25,P,290.0,0,0,0.9936524072265626,64.9,77.05,77.3
NVDA,2026-09-15,2026-09-25,P,300.0,0,1,1.0810592822265626,85.0,87.05,87.3
NVDA,2026-09-15,2026-09-25,P,325.0,0,1,1.2705114599609373,93.0,112.05,112.25
NVDA,2026-09-15,2026-09-25,P,350.0,0,2,1.3203158984374999,118.95,136.75,137.1
NVDA,2026-09-15,2026-10-02,C,60.0,1,0,1.0000000000000003e-05,164.85,152.8,153.2
NVDA,2026-09-15,2026-10-02,C,85.0,6,2,1.0000000000000003e-05,127.41,127.9,128.3
NVDA,2026-09-15,2026-10-02,C,90.0,3,3,1.4375028125,122.36,122.95,123.35
NVDA,2026-09-15,2026-10-02,C,100.0,29,2,1.0000000000000003e-05,112.46,112.95,113.25
NVDA,2026-09-15,2026-10-02,C,110.0,2,1,1.0000000000000003e-05,102.03,102.9,103.25
NVDA,2026-09-15,2026-10-02,C,115.0,1,1,1.193363408203125,96.9,98.2,98.65
NVDA,2026-09-15,2026-10-02,C,120.0,8,2,1.083988955078125,97.77,93.0,93.4
NVDA,2026-09-15,2026-10-02,C,125.0,1,2,1.01172369140625,94.36,88.25,88.55
NVDA,2026-09-15,2026-10-02,C,130.0,4,3,0.945313046875,81.3,83.05,83.4
NVDA,2026-09-15,2026-10-02,C,135.0,3,2,0.9531254687499999,83.36,78.3,78.65
NVDA,2026-09-15,2026-10-02,C,140.0,14,14,0.7812521875,84.45,73.2,73.55
NVDA,2026-09-15,2026-10-02,C,145.0,37,26,0.8007832421875,67.72,68.05,68.45
NVDA,2026-09-15,2026-10-02,C,150.0,102,7,0.69336244140625,62.53,63.2,63.6
NVDA,2026-09-15,2026-10-02,C,155.0,31,4,0.676761044921875,57.62,58.15,58.45
NVDA,2026-09-15,2026-10-02,C,160.0,72,10,0.6171913281250001,52.3,53.3,53.6
NVDA,2026-09-15,2026-10-02,C,165.0,29,1,0.5976602734375001,47.76,48.35,48.7
NVDA,2026-09-15,2026-10-02,C,170.0,51,9,0.5468795312500001,46.77,43.25,43.55
NVDA,2026-09-15,2026-10-02,C,175.0,117,3,0.5327195166015625,37.75,38.55,38.85
NVDA,2026-09-15,2026-10-02,C,180.0,139,2,0.46924358886718753,36.55,33.4,33.7
NVDA,2026-09-15,2026-10-02,C,185.0,139,9,0.47803256347656253,30.0,28.8,29.1
NVDA,2026-09-15,2026-10-02,C,190.0,899,32,0.40820904296875,26.14,23.85,24.1
NVDA,2026-09-15,2026-10-02,C,195.0,360,164,0.3927062683105469,22.69,19.4,19.6
NVDA,2026-09-15,2026-10-02,C,200.0,808,592,0.36817038085937503,15.37,15.0,15.25
NVDA,2026-09-15,2026-10-02,C,205.0,675,437,0.3587710607910156,11.53,11.15,11.45
NVDA,2026-09-15,2026-10-02,C,210.0,2172,1055,0.3347234497070312,8.0,7.75,7.9
NVDA,2026-09-15,2026-10-02,C,215.0,3414,3051,0.33386896606445315,5.1,5.3,5.35
NVDA,2026-09-15,2026-10-02,C,220.0,7596,4410,0.3193427441406249,3.2,3.15,3.2
NVDA,2026-09-15,2026-10-02,C,225.0,5913,3382,0.31653515502929686,1.84,1.83,1.86
NVDA,2026-09-15,2026-10-02,C,230.0,12129,4468,0.31909860595703116,1.05,1.03,1.06
NVDA,2026-09-15,2026-10-02,C,235.0,9876,1805,0.3249579223632812,0.59,0.58,0.6
NVDA,2026-09-15,2026-10-02,C,240.0,6799,1287,0.33423517333984376,0.34,0.34,0.35
NVDA,2026-09-15,2026-10-02,C,245.0,7067,622,0.35108070800781244,0.22,0.21,0.23
NVDA,2026-09-15,2026-10-02,C,250.0,35853,1480,0.36914693359375,0.15,0.15,0.16
NVDA,2026-09-15,2026-10-02,C,255.0,3474,73,0.389654541015625,0.13,0.11,0.12
NVDA,2026-09-15,2026-10-02,C,260.0,5503,101,0.415044912109375,0.1,0.09,0.1
NVDA,2026-09-15,2026-10-02,C,265.0,1849,16,0.43555251953125,0.06,0.06,0.08
NVDA,2026-09-15,2026-10-02,C,270.0,2490,199,0.45117736328125,0.05,0.05,0.06
NVDA,2026-09-15,2026-10-02,C,275.0,5027,606,0.47070841796875,0.04,0.04,0.05
NVDA,2026-09-15,2026-10-02,C,280.0,2086,16,0.48828636718750007,0.04,0.03,0.04
NVDA,2026-09-15,2026-10-02,C,285.0,526,1,0.507817421875,0.03,0.03,0.04
NVDA,2026-09-15,2026-10-02,C,290.0,1708,1,0.507817421875,0.02,0.01,0.03
NVDA,2026-09-15,2026-10-02,C,295.0,313,30,0.5312546875,0.03,0.01,0.03
NVDA,2026-09-15,2026-10-02,C,300.0,2665,24,0.5390671093750001,0.01,0.01,0.02
NVDA,2026-09-15,2026-10-02,C,305.0,202,2,0.5625043750000001,0.02,0.01,0.02
NVDA,2026-09-15,2026-10-02,C,310.0,101,47,0.570316796875,0.01,0.0,0.02
NVDA,2026-09-15,2026-10-02,C,315.0,96,444,0.5625043750000001,0.01,0.0,0.01
NVDA,2026-09-15,2026-10-02,C,320.0,358,19,0.57812921875,0.01,0.0,0.01
NVDA,2026-09-15,2026-10-02,C,325.0,529,4,0.5937540625000001,0.02,0.0,0.01
NVDA,2026-09-15,2026-10-02,C,330.0,1196,10,0.6250037500000001,0.01,0.0,0.01
NVDA,2026-09-15,2026-10-02,C,335.0,466,12,0.6718782812500002,0.02,0.0,0.02
NVDA,2026-09-15,2026-10-02,C,340.0,153,141,0.6562534375000001,0.01,0.0,0.01
NVDA,2026-09-15,2026-10-02,C,345.0,20,2,0.710940390625,0.05,0.0,0.02
NVDA,2026-09-15,2026-10-02,C,350.0,47,30,0.6875031250000001,0.01,0.0,0.01
NVDA,2026-09-15,2026-10-02,C,360.0,48,20,0.7187528125,0.01,0.0,0.01
NVDA,2026-09-15,2026-10-02,C,370.0,45,4,0.7656273437500001,0.02,0.0,0.01
NVDA,2026-09-15,2026-10-02,C,380.0,12,18,0.79687703125,0.03,0.0,0.01
NVDA,2026-09-15,2026-10-02,C,390.0,5,4,0.87500125,0.02,0.0,0.02
NVDA,2026-09-15,2026-10-02,P,50.0,12,12,2.1250046874999997,0.01,0.0,0.02
NVDA,2026-09-15,2026-10-02,P,55.0,2,2,1.984375078125,0.02,0.0,0.02
NVDA,2026-09-15,2026-10-02,P,60.0,368,1,1.75000125,0.02,0.0,0.01
NVDA,2026-09-15,2026-10-02,P,70.0,10,0,1.65625171875,0.04,0.0,0.02
NVDA,2026-09-15,2026-10-02,P,75.0,40,10,1.5937520312499998,0.02,0.0,0.03
NVDA,2026-09-15,2026-10-02,P,80.0,42,20,1.5468772656249998,0.03,0.01,0.03
NVDA,2026-09-15,2026-10-02,P,85.0,26,20,1.421877890625,0.03,0.01,0.02
NVDA,2026-09-15,2026-10-02,P,90.0,46,3,1.3671906640625,0.01,0.01,0.03
NVDA,2026-09-15,2026-10-02,P,95.0,14,30,1.2812535937499998,0.02,0.01,0.03
NVDA,2026-09-15,2026-10-02,P,100.0,331,21,1.2343788281249999,0.02,0.01,0.04
NVDA,2026-09-15,2026-10-02,P,105.0,24,10,1.15625421875,0.02,0.02,0.03
NVDA,2026-09-15,2026-10-02,P,110.0,1237,20,1.0859420703125,0.03,0.02,0.03
NVDA,2026-09-15,2026-10-02,P,115.0,354,3,1.015629921875,0.06,0.02,0.03
NVDA,2026-09-15,2026-10-02,P,120.0,8273,582,0.98437515625,0.04,0.03,0.04
NVDA,2026-09-15,2026-10-02,P,125.0,328,310,0.9335944140625,0.04,0.03,0.05
NVDA,2026-09-15,2026-10-02,P,130.0,475,143,0.867188828125,0.04,0.03,0.05
NVDA,2026-09-15,2026-10-02,P,135.0,1119,2,0.8281267187499999,0.05,0.04,0.06
NVDA,2026-09-15,2026-10-02,P,140.0,3134,16,0.7832052929687501,0.05,0.05,0.07
NVDA,2026-09-15,2026-10-02,P,145.0,1265,5,0.7382838671874999,0.07,0.06,0.08
NVDA,2026-09-15,2026-10-02,P,150.0,1783,3,0.6992217578125001,0.08,0.08,0.1
NVDA,2026-09-15,2026-10-02,P,155.0,904,26,0.6543003320312502,0.1,0.1,0.11
NVDA,2026-09-15,2026-10-02,P,160.0,1659,27,0.614261669921875,0.13,0.12,0.14
NVDA,2026-09-15,2026-10-02,P,165.0,1089,142,0.5732464550781251,0.15,0.15,0.17
NVDA,2026-09-15,2026-10-02,P,170.0,709,170,0.53320779296875,0.2,0.19,0.21
NVDA,2026-09-15,2026-10-02,P,175.0,1496,470,0.499028447265625,0.26,0.25,0.27
NVDA,2026-09-15,2026-10-02,P,180.0,1982,766,0.4633842724609375,0.33,0.34,0.36
NVDA,2026-09-15,2026-10-02,P,185.0,2771,305,0.4282283740234375,0.47,0.46,0.49
NVDA,2026-09-15,2026-10-02,P,190.0,10345,232,0.3979552392578125,0.69,0.69,0.71
NVDA,2026-09-15,2026-10-02,P,195.0,7817,2810,0.375982802734375,1.12,1.1,1.12
NVDA,2026-09-15,2026-10-02,P,200.0,66694,1166,0.35681795532226557,1.75,1.76,1.79
NVDA,2026-09-15,2026-10-02,P,205.0,7306,1110,0.3450993225097656,2.96,2.86,2.92
NVDA,2026-09-15,2026-10-02,P,210.0,8418,1343,0.33570000244140624,4.5,4.5,4.6
NVDA,2026-09-15,2026-10-02,P,215.0,2957,778,0.32117378051757806,7.0,6.7,6.8
NVDA,2026-09-15,2026-10-02,P,220.0,6557,326,0.3232489550781249,9.7,9.85,9.95
NVDA,2026-09-15,2026-10-02,P,225.0,2343,407,0.3276434423828125,13.06,13.55,13.7
NVDA,2026-09-15,2026-10-02,P,230.0,1700,11,0.33814138427734375,15.99,17.8,17.95
NVDA,2026-09-15,2026-10-02,P,235.0,5782,22,0.3742738354492187,19.9,22.45,22.7
NVDA,2026-09-15,2026-10-02,P,240.0,279,2,0.39258419921875,24.46,27.15,27.4
NVDA,2026-09-15,2026-10-02,P,245.0,141,26,0.3930724755859375,29.91,31.8,32.1
NVDA,2026-09-15,2026-10-02,P,250.0,52,5,0.4370173486328125,33.94,36.8,37.1
NVDA,2026-09-15,2026-10-02,P,255.0,0,1,0.47998566894531247,33.77,41.85,42.1
NVDA,2026-09-15,2026-10-02,P,260.0,0,1,0.5376022802734376,29.2,47.05,47.3
NVDA,2026-09-15,2026-10-02,P,265.0,0,1,0.5722699023437501,52.9,52.0,52.3
NVDA,2026-09-15,2026-10-02,P,270.0,0,1,0.6171913281250001,50.0,57.05,57.3
NVDA,2026-09-15,2026-10-02,P,275.0,0,0,0.6547886083984377,50.4,62.05,62.3
NVDA,2026-09-15,2026-10-02,P,300.0,0,40,0.8740246972656249,87.7,87.2,87.5
NVDA,2026-09-15,2026-10-02,P,390.0,0,1,1.3261752441406247,172.1,177.05,177.35
NVDA,2026-09-15,2026-10-09,C,105.0,10,0,1.2500037499999999,114.67,108.05,108.55
NVDA,2026-09-15,2026-10-09,C,110.0,2,2,1.1748088134765624,121.4,103.05,103.55
NVDA,2026-09-15,2026-10-09,C,120.0,42,1,1.017583037109375,92.37,93.25,93.8
NVDA,2026-09-15,2026-10-09,C,130.0,1,1,0.90429783203125,102.3,83.3,83.8
NVDA,2026-09-15,2026-10-09,C,140.0,11,2,0.8476577734374999,79.48,73.45,73.95
NVDA,2026-09-15,2026-10-09,C,145.0,3,1,0.6835969140625001,66.07,68.25,68.7
NVDA,2026-09-15,2026-10-09,C,150.0,5,2,0.6992217578125001,69.19,63.4,63.85
NVDA,2026-09-15,2026-10-09,C,155.0,19,142,0.6674837939453127,63.82,58.5,58.9
NVDA,2026-09-15,2026-10-09,C,160.0,18,0,0.579105771484375,60.25,53.4,53.8
NVDA,2026-09-15,2026-10-09,C,165.0,19,166,0.5610395458984375,55.32,48.55,48.9
NVDA,2026-09-15,2026-10-09,C,170.0,24,87,0.500005,43.06,43.55,43.85
NVDA,2026-09-15,2026-10-09,C,175.0,31,8,0.5112353564453125,41.8,38.7,39.05
NVDA,2026-09-15,2026-10-09,C,180.0,29,3,0.47363807617187503,36.85,34.0,34.2
NVDA,2026-09-15,2026-10-09,C,185.0,79,22,0.43677321044921874,31.85,29.05,29.4
NVDA,2026-09-15,2026-10-09,C,190.0,244,44,0.41235939208984373,25.65,24.6,24.8
NVDA,2026-09-15,2026-10-09,C,195.0,287,55,0.39148557739257805,21.54,20.05,20.4
NVDA,2026-09-15,2026-10-09,C,200.0,588,190,0.3776917700195312,16.5,16.0,16.35
NVDA,2026-09-15,2026-10-09,C,205.0,389,387,0.3513248461914062,12.2,12.2,12.4
NVDA,2026-09-15,2026-10-09,C,210.0,709,691,0.3450993225097656,9.2,9.05,9.25
NVDA,2026-09-15,2026-10-09,C,215.0,2748,21823,0.33814138427734375,6.46,6.45,6.6
NVDA,2026-09-15,2026-10-09,C,220.0,3609,4074,0.32739930419921875,4.4,4.35,4.4
NVDA,2026-09-15,2026-10-09,C,225.0,5870,6375,0.32141791870117187,2.86,2.76,2.82
NVDA,2026-09-15,2026-10-09,C,230.0,8182,3103,0.32080757324218745,1.77,1.75,1.78
NVDA,2026-09-15,2026-10-09,C,235.0,6954,4056,0.32300481689453114,1.05,1.06,1.11
NVDA,2026-09-15,2026-10-09,C,240.0,4415,821,0.32617861328125,0.68,0.65,0.68
NVDA,2026-09-15,2026-10-09,C,245.0,2698,452,0.33447931152343746,0.43,0.41,0.44
NVDA,2026-09-15,2026-10-09,C,250.0,13705,244,0.34570966796874997,0.29,0.28,0.3
NVDA,2026-09-15,2026-10-09,C,255.0,2386,52,0.3579165771484375,0.21,0.2,0.21
NVDA,2026-09-15,2026-10-09,C,260.0,4032,120,0.370123486328125,0.14,0.13,0.15
NVDA,2026-09-15,2026-10-09,C,265.0,828,124,0.38672488281249995,0.12,0.1,0.12
NVDA,2026-09-15,2026-10-09,C,270.0,1460,59,0.39942006835937505,0.09,0.08,0.09
NVDA,2026-09-15,2026-10-09,C,275.0,524,2,0.41309180664062495,0.07,0.05,0.07
NVDA,2026-09-15,2026-10-09,C,280.0,1633,52,0.42969320312500003,0.05,0.04,0.06
NVDA,2026-09-15,2026-10-09,C,285.0,729,267,0.445318046875,0.04,0.03,0.05
NVDA,2026-09-15,2026-10-09,C,290.0,319,9,0.45703667968750006,0.04,0.03,0.04
NVDA,2026-09-15,2026-10-09,C,295.0,493,80,0.46484910156250003,0.02,0.01,0.03
NVDA,2026-09-15,2026-10-09,C,300.0,148,1,0.48633326171875,0.03,0.01,0.03
NVDA,2026-09-15,2026-10-09,C,305.0,243,120,0.507817421875,0.03,0.01,0.03
NVDA,2026-09-15,2026-10-09,C,310.0,454,7,0.507817421875,0.03,0.01,0.02
NVDA,2026-09-15,2026-10-09,C,315.0,154,8,0.500005,0.03,0.0,0.02
NVDA,2026-09-15,2026-10-09,C,320.0,30,14,0.51562984375,0.01,0.0,0.02
NVDA,2026-09-15,2026-10-09,C,325.0,1025,15,0.5312546875,0.04,0.0,0.02
NVDA,2026-09-15,2026-10-09,C,330.0,6,3,0.51562984375,0.01,0.0,0.01
NVDA,2026-09-15,2026-10-09,C,335.0,14,2,0.5312546875,0.01,0.0,0.01
NVDA,2026-09-15,2026-10-09,C,345.0,1,0,0.632816171875,0.03,0.0,0.02
NVDA,2026-09-15,2026-10-09,C,350.0,159,15,0.57812921875,0.02,0.0,0.01
NVDA,2026-09-15,2026-10-09,C,360.0,10,10,0.648441015625,0.02,0.0,0.02
NVDA,2026-09-15,2026-10-09,C,390.0,4,3,0.6875031250000001,0.02,0.0,0.01
NVDA,2026-09-15,2026-10-09,P,50.0,38,38,1.78125109375,0.01,0.0,0.02
NVDA,2026-09-15,2026-10-09,P,55.0,459,4,1.6875015625,0.02,0.0,0.02
NVDA,2026-09-15,2026-10-09,P,60.0,4502,2,1.5625021874999998,0.01,0.0,0.01
NVDA,2026-09-15,2026-10-09,P,65.0,10,10,1.5312523437499999,0.02,0.0,0.03
NVDA,2026-09-15,2026-10-09,P,85.0,10,2,1.2500037499999999,0.03,0.01,0.04
NVDA,2026-09-15,2026-10-09,P,90.0,40,32,1.1953165234375,0.02,0.02,0.04
NVDA,2026-09-15,2026-10-09,P,95.0,13,1,1.140629296875,0.04,0.02,0.05
NVDA,2026-09-15,2026-10-09,P,100.0,309,21,1.0859420703125,0.04,0.03,0.05
NVDA,2026-09-15,2026-10-09,P,105.0,5,1,1.01953615234375,0.04,0.03,0.05
NVDA,2026-09-15,2026-10-09,P,110.0,19,10,0.9804689453125001,0.05,0.04,0.06
NVDA,2026-09-15,2026-10-09,P,115.0,1504,1500,0.9179695703125,0.06,0.04,0.06
NVDA,2026-09-15,2026-10-09,P,120.0,1139,2010,0.8789074609374999,0.06,0.05,0.07
NVDA,2026-09-15,2026-10-09,P,125.0,1226,51,0.8339860351562498,0.06,0.06,0.08
NVDA,2026-09-15,2026-10-09,P,130.0,373,2,0.79101771484375,0.09,0.07,0.09
NVDA,2026-09-15,2026-10-09,P,135.0,260,16,0.7460962890625,0.08,0.08,0.1
NVDA,2026-09-15,2026-10-09,P,140.0,289,16,0.70898728515625,0.1,0.1,0.12
NVDA,2026-09-15,2026-10-09,P,145.0,552,8,0.6709017285156251,0.12,0.12,0.14
NVDA,2026-09-15,2026-10-09,P,150.0,414,2,0.6337927246093751,0.14,0.14,0.17
NVDA,2026-09-15,2026-10-09,P,155.0,385,9,0.596683720703125,0.22,0.17,0.2
NVDA,2026-09-15,2026-10-09,P,160.0,215,6,0.5585981640625001,0.22,0.21,0.23
NVDA,2026-09-15,2026-10-09,P,165.0,760,23,0.5239305419921875,0.23,0.26,0.28
NVDA,2026-09-15,2026-10-09,P,170.0,1024,18,0.4936574072265626,0.34,0.33,0.35
NVDA,2026-09-15,2026-10-09,P,175.0,645,22,0.46045461425781253,0.35,0.41,0.44
NVDA,2026-09-15,2026-10-09,P,180.0,613,260,0.43066975585937506,0.56,0.55,0.58
NVDA,2026-09-15,2026-10-09,P,185.0,1579,109,0.4057676611328125,0.79,0.78,0.81
NVDA,2026-09-15,2026-10-09,P,190.0,4538,137,0.3833069482421875,1.12,1.12,1.16
NVDA,2026-09-15,2026-10-09,P,195.0,5929,313,0.36304347900390627,1.65,1.64,1.69
NVDA,2026-09-15,2026-10-09,P,200.0,3719,578,0.3485172570800781,2.59,2.49,2.54
NVDA,2026-09-15,2026-10-09,P,205.0,4725,374,0.3397282824707031,3.75,3.75,3.85
NVDA,2026-09-15,2026-10-09,P,210.0,2378,473,0.3275213732910156,5.6,5.45,5.55
NVDA,2026-09-15,2026-10-09,P,215.0,5625,541,0.3233710241699218,8.0,7.8,7.95
NVDA,2026-09-15,2026-10-09,P,220.0,5452,130,0.31409377319335935,10.92,10.65,10.8
NVDA,2026-09-15,2026-10-09,P,225.0,3192,51,0.31342239318847653,14.26,14.15,14.35
NVDA,2026-09-15,2026-10-09,P,230.0,2448,111,0.3205634350585937,18.2,18.25,18.45
NVDA,2026-09-15,2026-10-09,P,235.0,1612,65,0.32874206420898433,21.69,22.65,22.85
NVDA,2026-09-15,2026-10-09,P,240.0,71,4,0.336920693359375,28.16,27.15,27.45
NVDA,2026-09-15,2026-10-09,P,245.0,71,22,0.3474186352539062,33.42,31.9,32.2
NVDA,2026-09-15,2026-10-09,P,250.0,52,1,0.407232490234375,30.93,37.0,37.35
NVDA,2026-09-15,2026-10-09,P,255.0,0,40,0.422857333984375,36.6,41.75,42.2
NVDA,2026-09-15,2026-10-09,P,260.0,0,1,0.4897511962890626,36.39,46.95,47.4
NVDA,2026-09-15,2026-10-09,P,265.0,0,0,0.52539537109375,40.1,51.95,52.4
NVDA,2026-09-15,2026-10-09,P,280.0,0,6,0.579105771484375,50.15,66.95,67.35
NVDA,2026-09-15,2026-10-16,C,5.0,0,1,1.0000000000000003e-05,211.1,207.8,208.25
NVDA,2026-09-15,2026-10-16,C,10.0,8,1,1.0000000000000003e-05,215.0,202.75,203.15
NVDA,2026-09-15,2026-10-16,C,15.0,9,2,1.0000000000000003e-05,214.66,197.75,198.2
NVDA,2026-09-15,2026-10-16,C,20.0,30,20,1.0000000000000003e-05,193.45,184.45,192.45
NVDA,2026-09-15,2026-10-16,C,25.0,2,1,1.0000000000000003e-05,183.0,179.5,187.5
NVDA,2026-09-15,2026-10-16,C,30.0,33,19,1.0000000000000003e-05,173.5,174.5,182.5
NVDA,2026-09-15,2026-10-16,C,35.0,0,30,1.0000000000000003e-05,194.67,177.8,178.25
NVDA,2026-09-15,2026-10-16,C,40.0,2,1,1.0000000000000003e-05,179.38,172.8,173.25
NVDA,2026-09-15,2026-10-16,C,45.0,24,1,1.0000000000000003e-05,173.9,167.85,168.25
NVDA,2026-09-15,2026-10-16,C,50.0,22,2,1.0000000000000003e-05,162.37,162.85,163.3
NVDA,2026-09-15,2026-10-16,C,55.0,3,1,1.7734386328124998,172.39,157.95,158.4
NVDA,2026-09-15,2026-10-16,C,60.0,5,1,1.0000000000000003e-05,172.57,152.9,153.3
NVDA,2026-09-15,2026-10-16,C,65.0,32,3,1.61328318359375,160.75,148.2,148.65
NVDA,2026-09-15,2026-10-16,C,70.0,13,3,1.5566428417968747,152.83,143.2,143.7
NVDA,2026-09-15,2026-10-16,C,75.0,17,10,1.3828155859374998,142.97,137.9,138.4
NVDA,2026-09-15,2026-10-16,C,80.0,230,1,1.3789093554687497,144.5,133.0,133.45
NVDA,2026-09-15,2026-10-16,C,85.0,13,10,1.2988316308593748,133.17,128.0,128.45
NVDA,2026-09-15,2026-10-16,C,90.0,130,20,1.19141029296875,122.21,123.2,123.65
NVDA,2026-09-15,2026-10-16,C,95.0,57,1,1.1777384863281248,116.75,118.25,118.7
NVDA,2026-09-15,2026-10-16,C,100.0,182,2,1.1308637207031251,116.6,113.25,113.75
NVDA,2026-09-15,2026-10-16,C,105.0,74,2,1.08203583984375,113.7,108.3,108.75
NVDA,2026-09-15,2026-10-16,C,110.0,387,4,0.85937640625,103.92,103.15,103.6
NVDA,2026-09-15,2026-10-16,C,115.0,81,1,0.8984385156249999,98.54,98.25,98.65
NVDA,2026-09-15,2026-10-16,C,120.0,275,8,0.8183611914062499,93.62,93.25,93.6
NVDA,2026-09-15,2026-10-16,C,125.0,271,20,0.8642591699218749,95.28,88.35,88.8
NVDA,2026-09-15,2026-10-16,C,130.0,257,5,0.782228740234375,85.89,83.35,83.7
NVDA,2026-09-15,2026-10-16,C,135.0,372,2,0.773439765625,79.77,78.45,78.8
NVDA,2026-09-15,2026-10-16,C,140.0,441,1,0.7612328564453126,76.42,73.55,73.95
NVDA,2026-09-15,2026-10-16,C,145.0,303,10,0.6752962158203126,68.38,68.45,68.85
NVDA,2026-09-15,2026-10-16,C,150.0,1022,6,0.63867548828125,66.86,63.55,63.85
NVDA,2026-09-15,2026-10-16,C,155.0,4598,6,0.6450230810546875,58.07,58.75,59.15
NVDA,2026-09-15,2026-10-16,C,160.0,5285,4,0.6044961425781252,56.27,53.85,54.2
NVDA,2026-09-15,2026-10-16,C,165.0,617,6,0.5590864404296876,50.25,48.9,49.25
NVDA,2026-09-15,2026-10-16,C,170.0,1743,43,0.5200243310546875,44.8,44.0,44.35
NVDA,2026-09-15,2026-10-16,C,175.0,2294,1,0.4995167236328125,42.07,39.15,39.45
NVDA,2026-09-15,2026-10-16,C,180.0,106599,150,0.4335994140625,34.95,34.1,34.35
NVDA,2026-09-15,2026-10-16,C,185.0,1988,37,0.4331111376953125,29.52,29.75,29.95
NVDA,2026-09-15,2026-10-16,C,190.0,2930,184,0.3961242028808594,26.21,25.1,25.25
NVDA,2026-09-15,2026-10-16,C,195.0,6744,201,0.37781383911132804,21.08,20.75,20.95
NVDA,2026-09-15,2026-10-16,C,200.0,11201,645,0.3629214099121094,17.07,16.8,16.95
NVDA,2026-09-15,2026-10-16,C,205.0,9660,394,0.358404853515625,13.4,13.35,13.5
NVDA,2026-09-15,2026-10-16,C,210.0,17278,3542,0.34076586975097656,10.13,10.05,10.15
NVDA,2026-09-15,2026-10-16,C,215.0,23738,7639,0.33588310607910155,7.5,7.45,7.55
NVDA,2026-09-15,2026-10-16,C,220.0,105650,13120,0.33228206787109377,5.39,5.35,5.45
NVDA,2026-09-15,2026-10-16,C,225.0,24465,7024,0.3265448205566406,3.7,3.65,3.75
NVDA,2026-09-15,2026-10-16,C,230.0,49144,16209,0.3215399877929687,2.51,2.45,2.48
NVDA,2026-09-15,2026-10-16,C,235.0,38955,8662,0.3227606787109374,1.65,1.63,1.66
NVDA,2026-09-15,2026-10-16,C,240.0,53853,9015,0.3244696459960937,1.09,1.08,1.09
NVDA,2026-09-15,2026-10-16,C,245.0,27581,1595,0.33020689331054687,0.73,0.72,0.74
NVDA,2026-09-15,2026-10-16,C,250.0,68906,3230,0.335944140625,0.5,0.49,0.5
NVDA,2026-09-15,2026-10-16,C,255.0,21322,1342,0.34570966796874997,0.35,0.35,0.36
NVDA,2026-09-15,2026-10-16,C,260.0,32464,5466,0.3549869189453124,0.25,0.25,0.26
NVDA,2026-09-15,2026-10-16,C,265.0,9579,318,0.367193828125,0.19,0.19,0.2
NVDA,2026-09-15,2026-10-16,C,270.0,20973,571,0.37695935546875,0.14,0.13,0.15
NVDA,2026-09-15,2026-10-16,C,275.0,8696,95,0.3891662646484375,0.11,0.11,0.12
NVDA,2026-09-15,2026-10-16,C,280.0,17911,171,0.397466962890625,0.09,0.08,0.09
NVDA,2026-09-15,2026-10-16,C,285.0,3581,110,0.407232490234375,0.06,0.05,0.07
NVDA,2026-09-15,2026-10-16,C,290.0,11484,50,0.41992767578125,0.05,0.04,0.06
NVDA,2026-09-15,2026-10-16,C,295.0,5468,25,0.42188078125,0.03,0.03,0.04
NVDA,2026-09-15,2026-10-16,C,300.0,14822,411,0.4414118359375,0.04,0.03,0.04
NVDA,2026-09-15,2026-10-16,C,305.0,2187,24,0.445318046875,0.02,0.01,0.03
NVDA,2026-09-15,2026-10-16,C,310.0,4905,1,0.46484910156250003,0.02,0.02,0.03
NVDA,2026-09-15,2026-10-16,C,315.0,1454,4,0.46484910156250003,0.02,0.01,0.02
NVDA,2026-09-15,2026-10-16,C,320.0,2085,10,0.4804739453125,0.03,0.01,0.02
NVDA,2026-09-15,2026-10-16,C,325.0,145,3,0.49609878906250005,0.02,0.0,0.02
NVDA,2026-09-15,2026-10-16,C,330.0,2072,43,0.500005,0.01,0.01,0.02
NVDA,2026-09-15,2026-10-16,C,335.0,753,630,0.51562984375,0.01,0.01,0.02
NVDA,2026-09-15,2026-10-16,C,340.0,2960,448,0.51562984375,0.01,0.0,0.01
NVDA,2026-09-15,2026-10-16,C,345.0,604,3,0.5312546875,0.01,0.0,0.02
NVDA,2026-09-15,2026-10-16,C,350.0,11770,438,0.5390671093750001,0.01,0.0,0.02
NVDA,2026-09-15,2026-10-16,C,355.0,65,1,0.5546919531250001,0.02,0.0,0.02
NVDA,2026-09-15,2026-10-16,C,360.0,2252,8,0.570316796875,0.01,0.0,0.02
NVDA,2026-09-15,2026-10-16,C,365.0,911,57,0.57812921875,0.01,0.0,0.02
NVDA,2026-09-15,2026-10-16,C,370.0,3231,53,0.5625043750000001,0.01,0.0,0.01
NVDA,2026-09-15,2026-10-16,C,375.0,1281,441,0.57812921875,0.01,0.0,0.01
NVDA,2026-09-15,2026-10-16,C,380.0,2676,10,0.5937540625000001,0.01,0.0,0.01
NVDA,2026-09-15,2026-10-16,C,385.0,153,102,0.5937540625000001,0.03,0.0,0.01
NVDA,2026-09-15,2026-10-16,C,390.0,2347,30,0.6093789062500001,0.02,0.0,0.01
NVDA,2026-09-15,2026-10-16,C,395.0,22,1,0.6250037500000001,0.01,0.0,0.01
NVDA,2026-09-15,2026-10-16,C,400.0,8740,621,0.64062859375,0.01,0.0,0.01
NVDA,2026-09-15,2026-10-16,C,405.0,12,1,0.6562534375000001,0.01,0.0,0.01
NVDA,2026-09-15,2026-10-16,C,410.0,1334,12,0.6562534375000001,0.01,0.0,0.01
NVDA,2026-09-15,2026-10-16,C,415.0,53,42,0.6718782812500002,0.02,0.0,0.01
NVDA,2026-09-15,2026-10-16,C,420.0,545,51,0.6875031250000001,0.02,0.0,0.01
NVDA,2026-09-15,2026-10-16,C,430.0,275,1,0.70312796875,0.02,0.0,0.01
NVDA,2026-09-15,2026-10-16,C,435.0,143,0,0.7500025,0.04,0.0,0.01
NVDA,2026-09-15,2026-10-16,C,440.0,667,2,0.7187528125,0.01,0.0,0.01
NVDA,2026-09-15,2026-10-16,C,450.0,860,6,0.7500025,0.01,0.0,0.01
NVDA,2026-09-15,2026-10-16,C,455.0,752,85,0.7500025,0.03,0.0,0.01
NVDA,2026-09-15,2026-10-16,C,460.0,17122,3,0.7656273437500001,0.01,0.0,0.01
NVDA,2026-09-15,2026-10-16,P,5.0,4024,1,3.93750015625,0.02,0.0,0.01
NVDA,2026-09-15,2026-10-16,P,10.0,10,0,3.1875020312499998,0.01,0.0,0.01
NVDA,2026-09-15,2026-10-16,P,20.0,502,1,2.43750390625,0.01,0.0,0.01
NVDA,2026-09-15,2026-10-16,P,25.0,30,10,2.4062539843749997,0.03,0.0,0.03
NVDA,2026-09-15,2026-10-16,P,30.0,0,1,0.500005,0.02,0.0,0.0
NVDA,2026-09-15,2026-10-16,P,35.0,40,5,1.96875015625,0.01,0.0,0.02
NVDA,2026-09-15,2026-10-16,P,40.0,269,2,1.8125009374999999,0.01,0.0,0.02
NVDA,2026-09-15,2026-10-16,P,45.0,94,5,1.5937520312499998,0.01,0.0,0.01
NVDA,2026-09-15,2026-10-16,P,50.0,1487,501,1.5781271093749998,0.01,0.0,0.02
NVDA,2026-09-15,2026-10-16,P,55.0,7162,72,1.40625296875,0.01,0.0,0.01
NVDA,2026-09-15,2026-10-16,P,60.0,1170,350,1.421877890625,0.01,0.01,0.02
NVDA,2026-09-15,2026-10-16,P,65.0,69,3,1.3750031249999999,0.03,0.01,0.03
NVDA,2026-09-15,2026-10-16,P,70.0,5376,5000,1.2968785156249998,0.02,0.01,0.03
NVDA,2026-09-15,2026-10-16,P,75.0,276,8,1.2421912890624998,0.02,0.02,0.03
NVDA,2026-09-15,2026-10-16,P,80.0,402,20,1.1640666796875,0.03,0.02,0.03
NVDA,2026-09-15,2026-10-16,P,85.0,809,1,1.1171919140625,0.05,0.02,0.04
NVDA,2026-09-15,2026-10-16,P,90.0,1966,10,1.0664109179687502,0.04,0.03,0.04
NVDA,2026-09-15,2026-10-16,P,95.0,955,1,1.015629921875,0.04,0.03,0.05
NVDA,2026-09-15,2026-10-16,P,100.0,4747,159,0.9765627343750001,0.05,0.04,0.06
NVDA,2026-09-15,2026-10-16,P,105.0,1261,200,0.937500625,0.06,0.05,0.07
NVDA,2026-09-15,2026-10-16,P,110.0,8721,6,0.8867198828124999,0.06,0.06,0.07
NVDA,2026-09-15,2026-10-16,P,115.0,4635,16,0.8457046679687499,0.07,0.07,0.08
NVDA,2026-09-15,2026-10-16,P,120.0,17145,23,0.8027363476562499,0.08,0.08,0.09
NVDA,2026-09-15,2026-10-16,P,125.0,7992,6,0.7656273437500001,0.1,0.09,0.11
NVDA,2026-09-15,2026-10-16,P,130.0,4983,17,0.7304714453125,0.1,0.11,0.13
NVDA,2026-09-15,2026-10-16,P,135.0,4268,201,0.6972686523437501,0.14,0.14,0.15
NVDA,2026-09-15,2026-10-16,P,140.0,18192,5,0.6621127539062501,0.15,0.16,0.18
NVDA,2026-09-15,2026-10-16,P,145.0,8805,1118,0.6250037500000001,0.2,0.19,0.2
NVDA,2026-09-15,2026-10-16,P,150.0,24740,990,0.5888712988281251,0.23,0.22,0.23
NVDA,2026-09-15,2026-10-16,P,155.0,12188,161,0.5561567822265626,0.24,0.26,0.28
NVDA,2026-09-15,2026-10-16,P,160.0,17644,18,0.52539537109375,0.28,0.32,0.34
NVDA,2026-09-15,2026-10-16,P,165.0,21877,146,0.49414568359375005,0.38,0.38,0.4
NVDA,2026-09-15,2026-10-16,P,170.0,29775,1286,0.4631401342773438,0.45,0.47,0.49
NVDA,2026-09-15,2026-10-16,P,175.0,20887,326,0.4348201049804688,0.62,0.6,0.62
NVDA,2026-09-15,2026-10-16,P,180.0,34928,675,0.41040628662109374,0.81,0.79,0.82
NVDA,2026-09-15,2026-10-16,P,185.0,21133,504,0.3888000573730469,1.05,1.11,1.12
NVDA,2026-09-15,2026-10-16,P,190.0,25744,1497,0.37183245361328127,1.55,1.56,1.59
NVDA,2026-09-15,2026-10-16,P,195.0,38563,4161,0.35596347167968745,2.3,2.22,2.26
NVDA,2026-09-15,2026-10-16,P,200.0,43504,3373,0.34656415161132803,3.26,3.2,3.3
NVDA,2026-09-15,2026-10-16,P,205.0,30678,1510,0.3373479351806641,4.62,4.6,4.7
NVDA,2026-09-15,2026-10-16,P,210.0,24694,1951,0.32947447875976554,6.48,6.45,6.55
NVDA,2026-09-15,2026-10-16,P,215.0,16442,3264,0.3228827478027343,8.7,8.8,8.9
NVDA,2026-09-15,2026-10-16,P,220.0,35872,1500,0.31873239868164055,11.64,11.7,11.8
NVDA,2026-09-15,2026-10-16,P,225.0,11920,574,0.3162299822998046,14.9,15.1,15.2
NVDA,2026-09-15,2026-10-16,P,230.0,12369,246,0.31323928955078123,18.9,18.85,19.0
NVDA,2026-09-15,2026-10-16,P,235.0,3647,33,0.30371790039062496,21.85,22.9,23.05
NVDA,2026-09-15,2026-10-16,P,240.0,2633,35,0.3232489550781249,24.54,27.6,27.75
NVDA,2026-09-15,2026-10-16,P,245.0,538,5,0.31763377685546873,30.85,32.0,32.3
NVDA,2026-09-15,2026-10-16,P,250.0,1400,25,0.33960621337890623,35.8,36.9,37.2
NVDA,2026-09-15,2026-10-16,P,255.0,993,2,0.372076591796875,39.2,41.75,42.2
NVDA,2026-09-15,2026-10-16,P,260.0,158,10,0.4177304321289062,47.93,46.95,47.3
NVDA,2026-09-15,2026-10-16,P,265.0,0,3,0.4558159887695313,46.1,52.0,52.35
NVDA,2026-09-15,2026-10-16,P,270.0,29,23,0.47095255615234377,44.3,56.85,57.25
NVDA,2026-09-15,2026-10-16,P,275.0,0,51,0.5075732836914062,55.15,61.85,62.3
NVDA,2026-09-15,2026-10-16,P,280.0,0,36,0.5273484765625001,60.21,66.85,67.25
NVDA,2026-09-15,2026-10-16,P,285.0,0,2,0.5710492114257812,65.58,72.2,72.5
NVDA,2026-09-15,2026-10-16,P,290.0,0,2,0.5214891601562499,74.6,76.8,77.15
NVDA,2026-09-15,2026-10-16,P,295.0,0,5,0.596683720703125,79.62,82.05,82.35
NVDA,2026-09-15,2026-10-16,P,300.0,1,1,0.6001016552734376,69.2,86.95,87.25
NVDA,2026-09-15,2026-10-16,P,310.0,0,22,0.6579624047851562,87.0,96.95,97.35
NVDA,2026-09-15,2026-10-16,P,360.0,0,1,1.0000000000000003e-05,142.25,0.0,0.0
NVDA,2026-09-15,2026-10-16,P,370.0,0,32,0.901368173828125,146.03,157.0,157.3
NVDA,2026-09-15,2026-10-16,P,380.0,0,30,1.0000000000000003e-05,158.2,0.0,0.0
NVDA,2026-09-15,2026-10-16,P,390.0,0,1,1.0000000000000003e-05,183.33,155.0,163.75
NVDA,2026-09-15,2026-10-16,P,400.0,1,1,1.0112354125976561,179.35,187.0,187.35
NVDA,2026-09-15,2026-10-16,P,405.0,0,0,0.9370123486328125,193.5,191.75,192.1
NVDA,2026-09-15,2026-10-16,P,410.0,0,1,1.0283251708984378,182.97,196.95,197.3
NVDA,2026-09-15,2026-10-16,P,440.0,0,0,1.6480730487060546,212.53,229.7,231.95
NVDA,2026-09-15,2026-10-16,P,455.0,0,2,1.0771530517578127,229.4,241.75,242.1
NVDA,2026-09-15,2026-10-16,P,460.0,0,4,1.241703010253906,234.38,247.2,247.5
NVDA,2026-09-15,2026-10-23,C,95.0,2,0,0.9570316796874999,130.85,118.0,118.75
NVDA,2026-09-15,2026-10-23,C,110.0,1,1,0.9775392871093751,102.7,103.3,103.95
NVDA,2026-09-15,2026-10-23,C,135.0,5,4,0.7685570019531252,79.97,78.6,79.1
NVDA,2026-09-15,2026-10-23,C,140.0,5,2,0.7270535107421875,72.99,73.6,74.2
NVDA,2026-09-15,2026-10-23,C,150.0,30,8,0.6140175317382813,63.21,63.55,64.15
NVDA,2026-09-15,2026-10-23,C,155.0,8,1,0.5795940478515625,57.44,58.65,59.2
NVDA,2026-09-15,2026-10-23,C,160.0,7,1,0.5590864404296876,52.55,53.85,54.35
NVDA,2026-09-15,2026-10-23,C,165.0,1,1,0.53320779296875,69.52,49.05,49.5
NVDA,2026-09-15,2026-10-23,C,170.0,13,1,0.5238084729003907,46.25,44.05,44.65
NVDA,2026-09-15,2026-10-23,C,175.0,28,20,0.4669242761230469,41.9,39.2,39.6
NVDA,2026-09-15,2026-10-23,C,180.0,92,1,0.4567925415039063,36.95,34.6,35.1
NVDA,2026-09-15,2026-10-23,C,185.0,12,6,0.42017181396484377,29.74,29.95,30.35
NVDA,2026-09-15,2026-10-23,C,190.0,25,170,0.40930766479492187,28.25,25.65,26.1
NVDA,2026-09-15,2026-10-23,C,195.0,49,11,0.38269660278320305,22.74,21.4,21.75
NVDA,2026-09-15,2026-10-23,C,200.0,172,51,0.37683728637695313,19.2,17.6,18.05
NVDA,2026-09-15,2026-10-23,C,205.0,215,78,0.36365382446289063,14.4,14.1,14.5
NVDA,2026-09-15,2026-10-23,C,210.0,788,265,0.352545537109375,11.28,11.15,11.35
NVDA,2026-09-15,2026-10-23,C,215.0,1306,854,0.34363449340820307,8.45,8.45,8.65
NVDA,2026-09-15,2026-10-23,C,220.0,1782,1062,0.3397282824707031,6.4,6.35,6.5
NVDA,2026-09-15,2026-10-23,C,225.0,4225,950,0.33179379150390625,4.65,4.5,4.65
NVDA,2026-09-15,2026-10-23,C,230.0,1459,720,0.331061376953125,3.3,3.25,3.35
NVDA,2026-09-15,2026-10-23,C,235.0,3511,784,0.3298406860351562,2.25,2.28,2.35
NVDA,2026-09-15,2026-10-23,C,240.0,1758,518,0.3293524096679687,1.6,1.55,1.62
NVDA,2026-09-15,2026-10-23,C,245.0,4710,286,0.331061376953125,1.12,1.07,1.12
NVDA,2026-09-15,2026-10-23,C,250.0,1931,683,0.3354558642578125,0.82,0.75,0.79
NVDA,2026-09-15,2026-10-23,C,255.0,849,60,0.34278000976562495,0.55,0.55,0.58
NVDA,2026-09-15,2026-10-23,C,260.0,614,18,0.3505924316406249,0.41,0.4,0.43
NVDA,2026-09-15,2026-10-23,C,265.0,253,6,0.35986968261718744,0.34,0.3,0.33
NVDA,2026-09-15,2026-10-23,C,270.0,351,64,0.3698793481445312,0.25,0.23,0.26
NVDA,2026-09-15,2026-10-23,C,275.0,733,102,0.38086556640624997,0.18,0.17,0.21
NVDA,2026-09-15,2026-10-23,C,280.0,132,2,0.39063109375,0.17,0.13,0.17
NVDA,2026-09-15,2026-10-23,C,285.0,192,22,0.401373173828125,0.11,0.11,0.14
NVDA,2026-09-15,2026-10-23,C,290.0,127,1,0.42188078125,0.16,0.06,0.14
NVDA,2026-09-15,2026-10-23,C,295.0,226,17,0.432622861328125,0.08,0.06,0.12
NVDA,2026-09-15,2026-10-23,C,300.0,39,1,0.4414118359375,0.05,0.04,0.1
NVDA,2026-09-15,2026-10-23,C,305.0,11,1,0.454107021484375,0.08,0.01,0.09
NVDA,2026-09-15,2026-10-23,C,310.0,1425,6,0.46484910156250003,0.07,0.02,0.08
NVDA,2026-09-15,2026-10-23,C,315.0,8,1,0.47559118164062497,0.04,0.01,0.07
NVDA,2026-09-15,2026-10-23,C,320.0,9,1,0.48438015625,0.04,0.01,0.06
NVDA,2026-09-15,2026-10-23,C,325.0,209,1,0.500005,0.02,0.01,0.06
NVDA,2026-09-15,2026-10-23,C,330.0,12,1,0.51562984375,0.02,0.01,0.06
NVDA,2026-09-15,2026-10-23,C,340.0,106,1,0.500005,0.04,0.01,0.04
NVDA,2026-09-15,2026-10-23,C,345.0,9,1,0.51562984375,0.05,0.0,0.05
NVDA,2026-09-15,2026-10-23,C,350.0,12,4,0.5273484765625001,0.03,0.0,0.05
NVDA,2026-09-15,2026-10-23,C,360.0,5,4,0.5546919531250001,0.03,0.0,0.05
NVDA,2026-09-15,2026-10-23,C,370.0,38,10,0.5820354296875,0.02,0.0,0.05
NVDA,2026-09-15,2026-10-23,P,80.0,12,0,1.1015669921875002,0.04,0.01,0.07
NVDA,2026-09-15,2026-10-23,P,85.0,2,3,1.0468797656250002,0.05,0.01,0.08
NVDA,2026-09-15,2026-10-23,P,95.0,4,1,0.9492192578124999,0.06,0.02,0.09
NVDA,2026-09-15,2026-10-23,P,100.0,52,3,0.9003916210937499,0.05,0.03,0.09
NVDA,2026-09-15,2026-10-23,P,110.0,6,1,0.8203142968749999,0.11,0.05,0.11
NVDA,2026-09-15,2026-10-23,P,115.0,7,5,0.7851583984375,0.09,0.06,0.13
NVDA,2026-09-15,2026-10-23,P,120.0,33,7,0.74414318359375,0.1,0.07,0.14
NVDA,2026-09-15,2026-10-23,P,125.0,2,1,0.7070341796875,0.14,0.08,0.16
NVDA,2026-09-15,2026-10-23,P,130.0,91,3,0.6796907031250001,0.16,0.12,0.18
NVDA,2026-09-15,2026-10-23,P,135.0,47,30,0.64062859375,0.16,0.13,0.2
NVDA,2026-09-15,2026-10-23,P,140.0,33,32,0.6093789062500001,0.18,0.17,0.22
NVDA,2026-09-15,2026-10-23,P,145.0,41,41,0.5742230078125,0.19,0.19,0.25
NVDA,2026-09-15,2026-10-23,P,150.0,127,30,0.5468795312500001,0.3,0.24,0.3
NVDA,2026-09-15,2026-10-23,P,155.0,88,2,0.5190477783203125,0.39,0.3,0.36
NVDA,2026-09-15,2026-10-23,P,160.0,67,45,0.49707534179687507,0.41,0.39,0.43
NVDA,2026-09-15,2026-10-23,P,165.0,175,2,0.4687553125,0.47,0.48,0.52
NVDA,2026-09-15,2026-10-23,P,170.0,785,10,0.44165597412109375,0.62,0.6,0.64
NVDA,2026-09-15,2026-10-23,P,175.0,435,33,0.4204159521484375,0.82,0.79,0.84
NVDA,2026-09-15,2026-10-23,P,180.0,638,44,0.39893179199218753,1.06,1.05,1.1
NVDA,2026-09-15,2026-10-23,P,185.0,1935,97,0.3811097045898437,1.41,1.43,1.49
NVDA,2026-09-15,2026-10-23,P,190.0,2278,189,0.3663393444824219,1.95,1.99,2.06
NVDA,2026-09-15,2026-10-23,P,195.0,1330,129,0.3536441589355468,2.88,2.79,2.86
NVDA,2026-09-15,2026-10-23,P,200.0,1658,201,0.3446110461425781,3.97,3.85,4.0
NVDA,2026-09-15,2026-10-23,P,205.0,2273,128,0.3346624151611328,5.45,5.3,5.45
NVDA,2026-09-15,2026-10-23,P,210.0,1485,220,0.32721620056152345,7.15,7.2,7.35
NVDA,2026-09-15,2026-10-23,P,215.0,1295,380,0.32605654418945307,9.5,9.65,9.85
NVDA,2026-09-15,2026-10-23,P,220.0,535,170,0.32166205688476557,12.55,12.45,12.7
NVDA,2026-09-15,2026-10-23,P,225.0,1395,51,0.31018756225585936,14.93,15.55,15.8
NVDA,2026-09-15,2026-10-23,P,230.0,586,93,0.31592480957031244,18.45,19.25,19.7
NVDA,2026-09-15,2026-10-23,P,235.0,209,13,0.3092110095214844,21.9,23.25,23.65
NVDA,2026-09-15,2026-10-23,P,240.0,49,14,0.32923034057617184,26.2,27.85,28.3
NVDA,2026-09-15,2026-10-23,P,245.0,21,2,0.3228827478027343,31.57,32.25,32.7
NVDA,2026-09-15,2026-10-23,P,250.0,70,74,0.35205726074218746,38.07,37.2,37.65
NVDA,2026-09-15,2026-10-23,P,255.0,115,2,0.36939107177734376,39.85,42.1,42.5
NVDA,2026-09-15,2026-10-23,P,260.0,76,72,0.3698793481445312,48.02,46.65,47.25
NVDA,2026-09-15,2026-10-23,P,265.0,0,70,0.4282283740234375,52.83,51.85,52.5
NVDA,2026-09-15,2026-10-23,P,270.0,0,31,0.42407802490234375,58.0,56.7,57.25
NVDA,2026-09-15,2026-10-23,P,275.0,0,1,0.45703667968750006,47.77,61.75,62.3
NVDA,2026-09-15,2026-10-30,C,160.0,31,30,0.5732464550781251,51.63,53.95,55.25
NVDA,2026-09-15,2026-10-30,C,170.0,13,1,0.5507857421875001,43.87,44.2,45.5
NVDA,2026-09-15,2026-10-30,C,190.0,15,3,0.42078215942382813,29.19,26.1,27.0
NVDA,2026-09-15,2026-10-30,C,195.0,61,11,0.4107724938964844,24.0,22.05,23.1
NVDA,2026-09-15,2026-10-30,C,200.0,687,51,0.37946177185058594,20.6,18.5,18.9
NVDA,2026-09-15,2026-10-30,C,205.0,562,42,0.3645693426513672,15.47,15.1,15.35
NVDA,2026-09-15,2026-10-30,C,210.0,765,389,0.3595645098876953,12.45,12.2,12.4
NVDA,2026-09-15,2026-10-30,C,215.0,618,399,0.35071450073242183,9.59,9.45,9.7
NVDA,2026-09-15,2026-10-30,C,220.0,663,797,0.34455001159667964,7.49,7.25,7.45
NVDA,2026-09-15,2026-10-30,C,225.0,404,584,0.3394231097412109,5.5,5.4,5.6
NVDA,2026-09-15,2026-10-30,C,230.0,2449,685,0.34039966247558595,4.1,4.1,4.25
NVDA,2026-09-15,2026-10-30,C,235.0,963,447,0.33777517700195314,3.0,3.0,3.1
NVDA,2026-09-15,2026-10-30,C,240.0,1770,814,0.33460138061523437,2.22,2.14,2.2
NVDA,2026-09-15,2026-10-30,C,245.0,1273,623,0.34058276611328125,1.6,1.52,1.67
NVDA,2026-09-15,2026-10-30,C,250.0,1170,401,0.3452213916015625,1.15,1.11,1.25
NVDA,2026-09-15,2026-10-30,C,255.0,439,167,0.3450993225097656,0.84,0.78,0.88
NVDA,2026-09-15,2026-10-30,C,260.0,244,38,0.35584140258789054,0.68,0.59,0.71
NVDA,2026-09-15,2026-10-30,C,265.0,173,150,0.3588931298828125,0.5,0.4,0.52
NVDA,2026-09-15,2026-10-30,C,270.0,63,26,0.37305314453125,0.43,0.33,0.45
NVDA,2026-09-15,2026-10-30,C,275.0,29,202,0.3811097045898437,0.32,0.24,0.36
NVDA,2026-09-15,2026-10-30,C,280.0,1476,78,0.38477177734374995,0.29,0.18,0.27
NVDA,2026-09-15,2026-10-30,C,285.0,214,135,0.40039662109375,0.18,0.13,0.25
NVDA,2026-09-15,2026-10-30,C,290.0,70,82,0.4067442138671875,0.14,0.09,0.2
NVDA,2026-09-15,2026-10-30,C,295.0,91,0,0.442388388671875,0.19,0.04,0.26
NVDA,2026-09-15,2026-10-30,C,300.0,14,21,0.4272518212890626,0.03,0.07,0.15
NVDA,2026-09-15,2026-10-30,C,310.0,4,1,0.4892629199218751,0.11,0.01,0.23
NVDA,2026-09-15,2026-10-30,C,335.0,5,3,0.516606396484375,0.06,0.01,0.19
NVDA,2026-09-15,2026-10-30,C,360.0,2,18,0.5800823242187501,0.04,0.0,0.18
NVDA,2026-09-15,2026-10-30,C,390.0,3,0,0.7041045214843751,0.07,0.0,0.17
NVDA,2026-09-15,2026-10-30,P,50.0,6,1,1.7421887890624999,0.03,0.0,0.18
NVDA,2026-09-15,2026-10-30,P,110.0,12,1,0.773439765625,0.07,0.05,0.15
NVDA,2026-09-15,2026-10-30,P,130.0,18,12,0.6035195898437502,0.21,0.05,0.18
NVDA,2026-09-15,2026-10-30,P,135.0,16,15,0.6005899316406251,0.25,0.08,0.3
NVDA,2026-09-15,2026-10-30,P,140.0,34,28,0.570316796875,0.28,0.11,0.33
NVDA,2026-09-15,2026-10-30,P,150.0,9,2,0.5190477783203125,0.37,0.21,0.45
NVDA,2026-09-15,2026-10-30,P,155.0,81,2,0.5034229345703125,0.36,0.36,0.45
NVDA,2026-09-15,2026-10-30,P,160.0,96,19,0.47681187255859375,0.46,0.43,0.54
NVDA,2026-09-15,2026-10-30,P,165.0,135,42,0.44605046142578125,0.61,0.58,0.62
NVDA,2026-09-15,2026-10-30,P,170.0,763,74,0.4272518212890626,0.64,0.68,0.81
NVDA,2026-09-15,2026-10-30,P,175.0,219,53,0.4057676611328125,1.03,0.92,1.03
NVDA,2026-09-15,2026-10-30,P,180.0,403,144,0.3920959228515625,1.35,1.29,1.41
NVDA,2026-09-15,2026-10-30,P,185.0,469,125,0.3790345300292969,1.85,1.83,1.92
NVDA,2026-09-15,2026-10-30,P,190.0,1302,143,0.36389796264648444,2.5,2.5,2.55
NVDA,2026-09-15,2026-10-30,P,195.0,2000,274,0.3548648498535155,3.5,3.35,3.5
NVDA,2026-09-15,2026-10-30,P,200.0,2405,174,0.34906656799316405,4.5,4.65,4.8
NVDA,2026-09-15,2026-10-30,P,205.0,450,176,0.3403386279296875,6.25,6.15,6.35
NVDA,2026-09-15,2026-10-30,P,210.0,535,206,0.3332586206054688,8.1,8.1,8.3
NVDA,2026-09-15,2026-10-30,P,215.0,302,148,0.3265448205566406,9.75,10.45,10.65
NVDA,2026-09-15,2026-10-30,P,220.0,200,76,0.3232489550781249,13.32,13.3,13.5
NVDA,2026-09-15,2026-10-30,P,225.0,64,16,0.324103438720703,14.82,15.9,16.85
NVDA,2026-09-15,2026-10-30,P,230.0,77,23,0.3154975677490234,19.5,19.4,20.3
NVDA,2026-09-15,2026-10-30,P,235.0,3,12,0.33899586791992187,23.35,23.15,24.8
NVDA,2026-09-15,2026-10-30,P,240.0,6,4,0.3254461987304687,25.6,27.35,28.7
NVDA,2026-09-15,2026-10-30,P,245.0,37,0,0.31873239868164055,27.55,31.85,33.0
NVDA,2026-09-15,2026-11-20,C,50.0,31,1,1.2421912890624998,175.65,163.1,163.65
NVDA,2026-09-15,2026-11-20,C,55.0,10,1,1.0000000000000003e-05,155.19,150.35,157.65
NVDA,2026-09-15,2026-11-20,C,60.0,48,1,1.0000000000000003e-05,143.45,145.05,153.0
NVDA,2026-09-15,2026-11-20,C,65.0,40,1,1.1347699511718752,152.0,148.2,148.7
NVDA,2026-09-15,2026-11-20,C,70.0,32,1,1.1308637207031251,153.3,143.25,143.8
NVDA,2026-09-15,2026-11-20,C,75.0,16,1,1.1103560107421875,145.13,138.35,138.85
NVDA,2026-09-15,2026-11-20,C,80.0,43,1,1.1757853710937498,140.33,133.65,134.2
NVDA,2026-09-15,2026-11-20,C,85.0,45,1,1.040043862304688,141.17,128.45,129.0
NVDA,2026-09-15,2026-11-20,C,90.0,71,12,0.99804689453125,141.06,123.5,124.05
NVDA,2026-09-15,2026-11-20,C,95.0,38,10,0.940430283203125,116.33,118.55,119.0
NVDA,2026-09-15,2026-11-20,C,100.0,273,2,0.9350592431640624,112.8,113.7,114.2
NVDA,2026-09-15,2026-11-20,C,105.0,241,10,0.9350592431640624,108.15,108.95,109.45
NVDA,2026-09-15,2026-11-20,C,110.0,216,10,0.8403336279296875,103.58,103.8,104.2
NVDA,2026-09-15,2026-11-20,C,115.0,340,25,0.8237322314453124,98.34,98.95,99.4
NVDA,2026-09-15,2026-11-20,C,120.0,331,12,0.80664255859375,94.31,94.15,94.6
NVDA,2026-09-15,2026-11-20,C,125.0,311,2,0.7641625146484375,91.25,89.2,89.65
NVDA,2026-09-15,2026-11-20,C,130.0,387,10,0.7292507543945312,83.45,84.3,84.75
NVDA,2026-09-15,2026-11-20,C,135.0,426,1,0.6882355395507813,81.48,79.4,79.75
NVDA,2026-09-15,2026-11-20,C,140.0,1481,9,0.6479527392578125,77.4,74.45,74.8
NVDA,2026-09-15,2026-11-20,C,145.0,480,1,0.6257361645507813,69.8,69.65,70.05
NVDA,2026-09-15,2026-11-20,C,150.0,1004,1,0.5876506079101562,66.1,64.7,65.15
NVDA,2026-09-15,2026-11-20,C,155.0,1897,3,0.5640912731933594,60.31,60.0,60.35
NVDA,2026-09-15,2026-11-20,C,160.0,1300,47,0.5345505529785157,57.75,55.2,55.55
NVDA,2026-09-15,2026-11-20,C,165.0,1487,45,0.5131884619140624,51.19,50.55,50.9
NVDA,2026-09-15,2026-11-20,C,170.0,1768,58,0.4901174035644532,47.1,45.9,46.1
NVDA,2026-09-15,2026-11-20,C,175.0,2317,23,0.4779104943847656,42.08,41.6,41.75
NVDA,2026-09-15,2026-11-20,C,180.0,7140,81,0.45807426696777354,38.73,37.2,37.35
NVDA,2026-09-15,2026-11-20,C,185.0,3589,19,0.4539849523925781,33.87,33.25,33.45
NVDA,2026-09-15,2026-11-20,C,190.0,3699,17,0.4337825177001954,29.02,29.15,29.3
NVDA,2026-09-15,2026-11-20,C,195.0,3863,131,0.42212491943359376,25.5,25.4,25.55
NVDA,2026-09-15,2026-11-20,C,200.0,25147,436,0.4133969793701171,22.1,21.9,22.1
NVDA,2026-09-15,2026-11-20,C,205.0,5722,399,0.40650007568359375,19.5,18.8,18.95
NVDA,2026-09-15,2026-11-20,C,210.0,74634,1806,0.39801627380371096,16.0,15.85,16.0
NVDA,2026-09-15,2026-11-20,C,215.0,11121,1903,0.39600213378906257,13.5,13.45,13.55
NVDA,2026-09-15,2026-11-20,C,220.0,17715,2252,0.38922729919433596,11.0,11.05,11.2
NVDA,2026-09-15,2026-11-20,C,225.0,12453,742,0.38471074279785156,9.2,9.05,9.2
NVDA,2026-09-15,2026-11-20,C,230.0,101104,2218,0.3813538427734374,7.5,7.4,7.5
NVDA,2026-09-15,2026-11-20,C,235.0,14587,1059,0.379889013671875,6.07,6.0,6.1
NVDA,2026-09-15,2026-11-20,C,240.0,20014,4979,0.37958384094238284,4.85,4.8,4.95
NVDA,2026-09-15,2026-11-20,C,245.0,11187,1129,0.3778748736572265,3.9,3.85,3.95
NVDA,2026-09-15,2026-11-20,C,250.0,34700,6248,0.377386597290039,3.05,3.05,3.15
NVDA,2026-09-15,2026-11-20,C,255.0,7046,1538,0.37720349365234374,2.63,2.46,2.5
NVDA,2026-09-15,2026-11-20,C,260.0,17492,584,0.37915659912109373,2.0,1.96,2.01
NVDA,2026-09-15,2026-11-20,C,265.0,10186,1094,0.3815979809570312,1.57,1.58,1.62
NVDA,2026-09-15,2026-11-20,C,270.0,12167,333,0.383795224609375,1.29,1.26,1.3
NVDA,2026-09-15,2026-11-20,C,275.0,80220,756,0.3881897119140625,1.04,1.04,1.07
NVDA,2026-09-15,2026-11-20,C,280.0,15580,458,0.3913635083007812,0.87,0.85,0.87
NVDA,2026-09-15,2026-11-20,C,285.0,5302,107,0.3979552392578125,0.76,0.7,0.74
NVDA,2026-09-15,2026-11-20,C,290.0,4940,103,0.4018614501953125,0.64,0.58,0.61
NVDA,2026-09-15,2026-11-20,C,295.0,1397,56,0.40918559570312496,0.57,0.49,0.53
NVDA,2026-09-15,2026-11-20,C,300.0,12220,1669,0.4116269775390625,0.42,0.41,0.43
NVDA,2026-09-15,2026-11-20,C,310.0,3707,202,0.42358974853515624,0.31,0.29,0.32
NVDA,2026-09-15,2026-11-20,C,320.0,2683,74,0.4321345849609375,0.23,0.21,0.23
NVDA,2026-09-15,2026-11-20,C,330.0,1990,613,0.44482977050781247,0.2,0.15,0.18
NVDA,2026-09-15,2026-11-20,C,340.0,1679,53,0.45606012695312503,0.1,0.1,0.14
NVDA,2026-09-15,2026-11-20,C,350.0,1174,7,0.46680220703125,0.1,0.07,0.11
NVDA,2026-09-15,2026-11-20,C,360.0,2614,2,0.47852083984375,0.08,0.05,0.09
NVDA,2026-09-15,2026-11-20,C,370.0,1936,15,0.48633326171875,0.06,0.03,0.07
NVDA,2026-09-15,2026-11-20,C,380.0,1674,1,0.500005,0.05,0.02,0.06
NVDA,2026-09-15,2026-11-20,C,390.0,517,290,0.5097705273437501,0.04,0.01,0.05
NVDA,2026-09-15,2026-11-20,C,400.0,11899,67,0.5039112109375,0.02,0.02,0.03
NVDA,2026-09-15,2026-11-20,C,410.0,1272,13,0.5117236328125,0.03,0.01,0.04
NVDA,2026-09-15,2026-11-20,C,420.0,603,1,0.5195360546875,0.02,0.01,0.03
NVDA,2026-09-15,2026-11-20,C,430.0,263,119,0.5351608984375,0.02,0.0,0.04
NVDA,2026-09-15,2026-11-20,C,440.0,801,9,0.500005,0.01,0.0,0.01
NVDA,2026-09-15,2026-11-20,C,450.0,141,5,0.63867548828125,0.01,0.0,0.15
NVDA,2026-09-15,2026-11-20,C,455.0,3017,105,0.51562984375,0.01,0.0,0.01
NVDA,2026-09-15,2026-11-20,C,460.0,5578,678,0.5468795312500001,0.01,0.0,0.02
NVDA,2026-09-15,2026-11-20,P,50.0,1145,82,1.1640666796875,0.02,0.0,0.05
NVDA,2026-09-15,2026-11-20,P,55.0,368,12,1.109379453125,0.05,0.0,0.06
NVDA,2026-09-15,2026-11-20,P,60.0,300,40,1.0234423828125,0.04,0.0,0.05
NVDA,2026-09-15,2026-11-20,P,65.0,134,59,0.992187578125,0.03,0.0,0.07
NVDA,2026-09-15,2026-11-20,P,70.0,369,5,0.9570316796874999,0.05,0.02,0.07
NVDA,2026-09-15,2026-11-20,P,75.0,335,11,0.9179695703125,0.05,0.03,0.08
NVDA,2026-09-15,2026-11-20,P,80.0,1295,12,0.8476577734374999,0.05,0.04,0.05
NVDA,2026-09-15,2026-11-20,P,85.0,710,5,0.8203142968749999,0.07,0.03,0.09
NVDA,2026-09-15,2026-11-20,P,90.0,420,13,0.79101771484375,0.06,0.05,0.1
NVDA,2026-09-15,2026-11-20,P,95.0,782,1,0.7539087109375,0.1,0.06,0.11
NVDA,2026-09-15,2026-11-20,P,100.0,7373,61,0.727541787109375,0.1,0.1,0.11
NVDA,2026-09-15,2026-11-20,P,105.0,436,2,0.6992217578125001,0.15,0.1,0.15
NVDA,2026-09-15,2026-11-20,P,110.0,2621,1,0.6738313867187502,0.16,0.13,0.18
NVDA,2026-09-15,2026-11-20,P,115.0,6680,44,0.6455113574218749,0.23,0.17,0.19
NVDA,2026-09-15,2026-11-20,P,120.0,4853,1,0.622074091796875,0.22,0.21,0.23
NVDA,2026-09-15,2026-11-20,P,125.0,5313,4,0.5976602734375001,0.25,0.25,0.28
NVDA,2026-09-15,2026-11-20,P,130.0,5782,2,0.5732464550781251,0.3,0.3,0.33
NVDA,2026-09-15,2026-11-20,P,135.0,7960,2,0.5498091894531252,0.36,0.36,0.39
NVDA,2026-09-15,2026-11-20,P,140.0,8986,110,0.5283250292968751,0.43,0.44,0.47
NVDA,2026-09-15,2026-11-20,P,145.0,8127,51,0.506840869140625,0.53,0.53,0.57
NVDA,2026-09-15,2026-11-20,P,150.0,21387,16,0.4907277490234375,0.64,0.66,0.7
NVDA,2026-09-15,2026-11-20,P,155.0,8723,40,0.47046427978515626,0.75,0.81,0.85
NVDA,2026-09-15,2026-11-20,P,160.0,22299,158,0.45337460693359377,1.04,1.03,1.06
NVDA,2026-09-15,2026-11-20,P,165.0,11187,916,0.43994700683593746,1.16,1.31,1.36
NVDA,2026-09-15,2026-11-20,P,170.0,21370,853,0.42676354492187507,1.48,1.69,1.74
NVDA,2026-09-15,2026-11-20,P,175.0,20781,120,0.41602146484374997,2.2,2.19,2.25
NVDA,2026-09-15,2026-11-20,P,180.0,29734,7188,0.40650007568359375,2.9,2.84,2.91
NVDA,2026-09-15,2026-11-20,P,185.0,12743,168,0.39826041198730466,3.6,3.7,3.75
NVDA,2026-09-15,2026-11-20,P,190.0,18408,640,0.3909362664794922,4.7,4.65,4.8
NVDA,2026-09-15,2026-11-20,P,195.0,17970,552,0.3831238446044921,5.9,5.9,6.05
NVDA,2026-09-15,2026-11-20,P,200.0,49842,429,0.37415176635742187,7.5,7.4,7.5
NVDA,2026-09-15,2026-11-20,P,205.0,10102,248,0.37091693542480464,9.2,9.25,9.4
NVDA,2026-09-15,2026-11-20,P,210.0,18883,1102,0.36511865356445317,11.2,11.35,11.5
NVDA,2026-09-15,2026-11-20,P,215.0,11713,772,0.36084623535156246,13.9,13.85,13.95
NVDA,2026-09-15,2026-11-20,P,220.0,10151,363,0.35388829711914055,16.29,16.4,16.6
NVDA,2026-09-15,2026-11-20,P,225.0,6834,74,0.35407140075683585,17.75,19.55,19.8
NVDA,2026-09-15,2026-11-20,P,230.0,7252,120,0.34314621704101556,22.71,22.65,22.9
NVDA,2026-09-15,2026-11-20,P,235.0,1592,18,0.3371648315429688,25.06,26.2,26.45
NVDA,2026-09-15,2026-11-20,P,240.0,1498,7,0.3419865606689453,29.28,30.35,30.55
NVDA,2026-09-15,2026-11-20,P,245.0,1392,6,0.32959654785156245,33.82,34.1,34.4
NVDA,2026-09-15,2026-11-20,P,250.0,2092,57,0.3343572424316406,38.49,38.6,38.85
NVDA,2026-09-15,2026-11-20,P,255.0,262,72,0.3464420825195312,37.91,42.9,43.55
NVDA,2026-09-15,2026-11-20,P,260.0,986,1,0.3549869189453124,51.45,47.55,48.25
NVDA,2026-09-15,2026-11-20,P,265.0,690,56,0.3597476135253906,47.32,52.15,52.95
NVDA,2026-09-15,2026-11-20,P,270.0,558,11,0.3332586206054688,57.75,56.9,57.35
NVDA,2026-09-15,2026-11-20,P,275.0,38,9,0.3532779516601562,62.88,61.85,62.35
NVDA,2026-09-15,2026-11-20,P,280.0,61,20,0.3557193334960937,67.84,66.6,67.2
NVDA,2026-09-15,2026-11-20,P,285.0,125,2,0.37402969726562496,72.99,71.85,72.2
NVDA,2026-09-15,2026-11-20,P,290.0,2,120,0.3852600537109374,77.75,76.65,77.15
NVDA,2026-09-15,2026-11-20,P,295.0,0,9,0.4335994140625,75.78,81.9,82.4
NVDA,2026-09-15,2026-11-20,P,300.0,0,8,0.41919526123046874,76.09,86.65,87.15
NVDA,2026-09-15,2026-11-20,P,310.0,0,1,0.46582565429687506,83.11,96.7,97.25
NVDA,2026-09-15,2026-11-20,P,320.0,0,1,0.791139783935547,117.81,110.25,112.75
NVDA,2026-09-15,2026-11-20,P,330.0,0,25,0.5197801928710937,110.92,116.95,117.45
NVDA,2026-09-15,2026-11-20,P,340.0,1,1,0.5397995239257813,106.9,126.65,127.15
NVDA,2026-09-15,2026-11-20,P,350.0,0,1,0.6284216845703126,144.05,135.4,139.75
NVDA,2026-09-15,2026-11-20,P,360.0,0,1,0.5356491748046875,133.95,146.65,147.15
NVDA,2026-09-15,2026-11-20,P,390.0,0,0,1.0365038409423832,196.0,178.4,184.75
NVDA,2026-09-15,2026-11-20,P,460.0,0,1,0.7397486962890624,246.25,246.65,247.15
NVDA,2026-09-15,2026-12-18,C,0.5,390,1,1.0000000000000003e-05,220.43,211.8,212.5
NVDA,2026-09-15,2026-12-18,C,1.0,31,1,5.914065107421875,222.55,211.25,212.55
NVDA,2026-09-15,2026-12-18,C,1.5,0,10,5.367190791015624,224.23,210.8,212.1
NVDA,2026-09-15,2026-12-18,C,2.0,0,40,1.0000000000000003e-05,210.15,0.0,0.0
NVDA,2026-09-15,2026-12-18,C,2.5,9,3,1.0000000000000003e-05,194.38,201.95,209.95
NVDA,2026-09-15,2026-12-18,C,3.0,0,750,1.0000000000000003e-05,214.55,0.0,0.0
NVDA,2026-09-15,2026-12-18,C,3.5,0,10,1.0000000000000003e-05,202.59,0.0,0.0
NVDA,2026-09-15,2026-12-18,C,4.0,4,1,3.9062502343750003,220.68,208.25,209.6
NVDA,2026-09-15,2026-12-18,C,4.5,0,1,1.0000000000000003e-05,220.5,0.0,0.0
NVDA,2026-09-15,2026-12-18,C,5.0,118,2,1.0000000000000003e-05,209.78,199.45,207.45
NVDA,2026-09-15,2026-12-18,C,6.0,1001,1,5.62500296875,194.54,203.2,209.9
NVDA,2026-09-15,2026-12-18,C,7.0,256,1,5.210940986328124,203.1,202.25,208.9
NVDA,2026-09-15,2026-12-18,C,8.0,0,15,1.0000000000000003e-05,205.92,0.0,0.0
NVDA,2026-09-15,2026-12-18,C,9.0,0,1,1.0000000000000003e-05,205.3,0.0,0.0
NVDA,2026-09-15,2026-12-18,C,10.0,35,1,2.9042996142578126,209.1,202.35,203.65
NVDA,2026-09-15,2026-12-18,C,11.0,0,82,1.0000000000000003e-05,203.35,0.0,0.0
NVDA,2026-09-15,2026-12-18,C,12.0,143,1,2.7089876025390627,199.9,200.4,201.65
NVDA,2026-09-15,2026-12-18,C,13.0,661,2,1.0000000000000003e-05,187.1,192.95,198.8
NVDA,2026-09-15,2026-12-18,C,14.0,49,2,0.0,206.91,212.4,221.0
NVDA,2026-09-15,2026-12-18,C,15.0,362,1,1.5625021874999998,214.42,197.65,198.9
NVDA,2026-09-15,2026-12-18,C,16.0,136,4,2.410160224609375,196.25,196.5,197.65
NVDA,2026-09-15,2026-12-18,C,17.0,216,9,2.4355507861328123,200.75,195.5,196.75
NVDA,2026-09-15,2026-12-18,C,18.0,264,1,1.0000000000000003e-05,176.55,186.55,194.55
NVDA,2026-09-15,2026-12-18,C,19.0,172,1,2.3203166992187496,199.0,193.55,194.75
NVDA,2026-09-15,2026-12-18,C,20.0,12978,1,2.2675824560546873,192.52,192.45,193.75
NVDA,2026-09-15,2026-12-18,C,21.0,3789,2,2.2519574951171872,212.3,191.6,192.8
NVDA,2026-09-15,2026-12-18,C,22.0,3697,10,1.0000000000000003e-05,170.89,182.6,190.6
NVDA,2026-09-15,2026-12-18,C,23.0,327,1,2.1582077294921875,189.75,189.65,190.8
NVDA,2026-09-15,2026-12-18,C,24.0,653,1,2.0820360449218747,195.99,188.4,189.75
NVDA,2026-09-15,2026-12-18,C,25.0,1251,14,2.1035203662109367,187.95,187.65,188.85
NVDA,2026-09-15,2026-12-18,C,26.0,662,1,2.0341846020507814,192.67,186.6,187.8
NVDA,2026-09-15,2026-12-18,C,27.0,1037,22,2.025395561523437,186.0,185.6,186.85
NVDA,2026-09-15,2026-12-18,C,28.0,532,2,1.9882813085937499,200.0,184.6,185.85
NVDA,2026-09-15,2026-12-18,C,29.0,600,2,1.953125234375,180.5,183.65,184.85
NVDA,2026-09-15,2026-12-18,C,30.0,1873,8,1.5957051464843748,183.32,182.8,184.05
NVDA,2026-09-15,2026-12-18,C,31.0,979,2,1.0000000000000003e-05,169.69,173.75,181.7
NVDA,2026-09-15,2026-12-18,C,32.0,2460,4,1.54297103515625,186.66,180.75,182.1
NVDA,2026-09-15,2026-12-18,C,33.0,342,1,1.0000000000000003e-05,175.07,171.75,179.75
NVDA,2026-09-15,2026-12-18,C,34.0,361,1,4.733890801391602,186.0,192.5,201.0
NVDA,2026-09-15,2026-12-18,C,35.0,2219,5,1.0625046875000002,177.5,177.6,178.95
NVDA,2026-09-15,2026-12-18,C,36.0,267,1,1.2890660546875,175.8,175.6,179.05
NVDA,2026-09-15,2026-12-18,C,37.0,336,9,1.0000000000000003e-05,165.33,169.45,175.55
NVDA,2026-09-15,2026-12-18,C,38.0,948,5,1.2500037499999999,191.02,174.7,175.95
NVDA,2026-09-15,2026-12-18,C,39.0,1272,2,0.9687503125,181.1,173.6,174.95
NVDA,2026-09-15,2026-12-18,C,40.0,1768,1,1.4306669091796875,174.5,172.9,174.1
NVDA,2026-09-15,2026-12-18,C,41.0,877,5,1.4472683886718751,170.55,171.9,173.2
NVDA,2026-09-15,2026-12-18,C,42.0,1155,2,4.086918953857422,150.19,184.6,193.7
NVDA,2026-09-15,2026-12-18,C,43.0,796,2,1.369143779296875,168.18,169.85,171.15
NVDA,2026-09-15,2026-12-18,C,44.0,653,2,1.3496126269531248,172.5,168.95,170.05
NVDA,2026-09-15,2026-12-18,C,45.0,595,1,1.4257841210937499,165.95,168.0,169.3
NVDA,2026-09-15,2026-12-18,C,46.0,909,1,1.3125034374999998,174.35,166.85,168.15
NVDA,2026-09-15,2026-12-18,C,47.0,301,1,1.140629296875,164.0,165.7,167.0
NVDA,2026-09-15,2026-12-18,C,48.0,542,16,1.3408236083984373,164.3,164.95,166.25
NVDA,2026-09-15,2026-12-18,C,49.0,2621,1,1.109379453125,166.57,163.7,165.0
NVDA,2026-09-15,2026-12-18,C,50.0,6065,54,1.3183627832031248,163.23,163.05,164.2
NVDA,2026-09-15,2026-12-18,C,51.0,1792,8,1.1875040625,174.43,161.8,163.1
NVDA,2026-09-15,2026-12-18,C,52.0,1048,100,1.2705114599609373,178.25,160.95,162.25
NVDA,2026-09-15,2026-12-18,C,53.0,1038,30,1.1357465087890626,174.0,159.75,161.1
NVDA,2026-09-15,2026-12-18,C,54.0,554,5,1.224613251953125,165.7,158.9,160.25
NVDA,2026-09-15,2026-12-18,C,55.0,2495,1,1.1630901220703125,166.0,157.9,159.1
NVDA,2026-09-15,2026-12-18,C,56.0,933,4,1.21875390625,161.88,157.0,158.25
NVDA,2026-09-15,2026-12-18,C,57.0,733,5,1.2480506347656248,163.1,156.05,157.4
NVDA,2026-09-15,2026-12-18,C,58.0,701,5,1.1025435498046878,161.85,154.85,156.1
NVDA,2026-09-15,2026-12-18,C,59.0,7251,1,1.2060586572265624,161.5,154.05,155.35
NVDA,2026-09-15,2026-12-18,C,60.0,3572,81,1.169926025390625,155.96,153.0,154.3
NVDA,2026-09-15,2026-12-18,C,61.0,568,98,1.0615281298828125,167.96,151.85,153.1
NVDA,2026-09-15,2026-12-18,C,62.0,972,15,1.0781296093750001,150.95,150.9,152.15
NVDA,2026-09-15,2026-12-18,C,63.0,2169,100,1.193363408203125,163.17,150.15,151.5
NVDA,2026-09-15,2026-12-18,C,64.0,1054,1,1.1328168359375002,156.0,149.2,150.2
NVDA,2026-09-15,2026-12-18,C,65.0,2145,1,1.12891060546875,149.75,148.2,149.25
NVDA,2026-09-15,2026-12-18,C,66.0,854,15,1.1328168359375002,147.4,147.2,148.35
NVDA,2026-09-15,2026-12-18,C,67.0,756,1,1.144047248535156,154.0,146.25,147.45
NVDA,2026-09-15,2026-12-18,C,68.0,1109,1,1.1220747021484376,151.82,145.25,146.4
NVDA,2026-09-15,2026-12-18,C,69.0,4983,51,1.0361376318359379,150.1,144.05,145.2
NVDA,2026-09-15,2026-12-18,C,70.0,4019,5,1.0952193676757815,149.26,143.25,144.4
NVDA,2026-09-15,2026-12-18,C,71.0,1511,1,1.0971724829101563,144.75,142.3,143.45
NVDA,2026-09-15,2026-12-18,C,72.0,678,1,1.0092822973632813,146.25,141.05,142.25
NVDA,2026-09-15,2026-12-18,C,73.0,781,5,1.0854537915039062,148.15,140.3,141.55
NVDA,2026-09-15,2026-12-18,C,74.0,4184,1,1.0122119702148438,137.72,139.1,140.35
NVDA,2026-09-15,2026-12-18,C,75.0,7191,32,1.0459032080078128,141.55,138.45,139.3
NVDA,2026-09-15,2026-12-18,C,76.0,346,94,1.0268603344726563,143.43,137.35,138.35
NVDA,2026-09-15,2026-12-18,C,77.0,1650,1,1.0351610742187503,157.0,136.35,137.5
NVDA,2026-09-15,2026-12-18,C,78.0,508,491,1.035649353027344,141.03,135.35,136.6
NVDA,2026-09-15,2026-12-18,C,79.0,1537,4,0.9907227490234375,142.45,134.35,135.35
NVDA,2026-09-15,2026-12-18,C,80.0,14213,33,0.9501958105468749,134.42,133.15,134.35
NVDA,2026-09-15,2026-12-18,C,81.0,1942,20,0.9995117236328125,141.75,132.4,133.55
NVDA,2026-09-15,2026-12-18,C,82.0,1858,27,0.9282233740234375,132.48,131.15,132.35
NVDA,2026-09-15,2026-12-18,C,83.0,2723,2,0.9643558251953125,150.0,130.4,131.45
NVDA,2026-09-15,2026-12-18,C,84.0,1800,4,0.9763185961914063,135.41,129.45,130.6
NVDA,2026-09-15,2026-12-18,C,85.0,7301,3,0.9648441015625,135.27,128.45,129.6
NVDA,2026-09-15,2026-12-18,C,86.0,1852,6,0.9370123486328125,127.0,127.45,128.45
NVDA,2026-09-15,2026-12-18,C,87.0,1881,21,0.9257819921875,139.83,126.45,127.45
NVDA,2026-09-15,2026-12-18,C,88.0,4008,37,0.93164130859375,122.92,125.5,126.55
NVDA,2026-09-15,2026-12-18,C,89.0,1260,2,0.9262702685546875,127.83,124.5,125.6
NVDA,2026-09-15,2026-12-18,C,90.0,13723,1,0.9152840502929689,125.05,123.5,124.6
NVDA,2026-09-15,2026-12-18,C,91.0,2472,30,0.9194343994140625,133.76,122.5,123.75
NVDA,2026-09-15,2026-12-18,C,92.0,1463,2,0.8500991552734375,120.5,121.3,122.4
NVDA,2026-09-15,2026-12-18,C,93.0,3545,1,0.868165380859375,136.9,120.35,121.6
NVDA,2026-09-15,2026-12-18,C,94.0,1345,2,0.8969736865234373,131.0,119.55,120.8
NVDA,2026-09-15,2026-12-18,C,95.0,1902,5,0.8208025732421874,118.47,118.35,119.35
NVDA,2026-09-15,2026-12-18,C,96.0,703,2,0.8891612646484374,126.15,117.6,118.9
NVDA,2026-09-15,2026-12-18,C,97.0,4108,4,0.8703626245117188,115.5,116.55,117.85
NVDA,2026-09-15,2026-12-18,C,98.0,697,10,0.813478427734375,127.92,115.35,116.55
NVDA,2026-09-15,2026-12-18,C,99.0,1449,4,0.8500991552734375,129.2,114.65,115.75
NVDA,2026-09-15,2026-12-18,C,100.0,14110,570,0.8403336279296875,116.5,113.95,114.45
NVDA,2026-09-15,2026-12-18,C,101.0,12474,6,0.790041162109375,114.0,112.45,113.5
NVDA,2026-09-15,2026-12-18,C,102.0,1359,1,0.7856466748046875,109.7,111.5,112.5
NVDA,2026-09-15,2026-12-18,C,103.0,12160,1,0.8229998168945312,112.28,110.7,111.85
NVDA,2026-09-15,2026-12-18,C,104.0,465,1,0.8247087841796874,111.29,109.7,111.0
NVDA,2026-09-15,2026-12-18,C,105.0,12156,2,0.7668480346679689,108.32,108.55,109.55
NVDA,2026-09-15,2026-12-18,C,106.0,883,1,0.7941915112304687,115.65,107.75,108.8
NVDA,2026-09-15,2026-12-18,C,107.0,967,2,0.7956563403320311,110.0,106.8,107.9
NVDA,2026-09-15,2026-12-18,C,108.0,1238,1,0.7521997436523438,104.3,105.65,106.6
NVDA,2026-09-15,2026-12-18,C,109.0,421,9,0.7768577001953125,112.95,104.85,105.85
NVDA,2026-09-15,2026-12-18,C,110.0,14789,42,0.7812521875,104.12,103.85,105.05
NVDA,2026-09-15,2026-12-18,C,111.0,613,34,0.7653832055664063,110.67,102.85,103.95
NVDA,2026-09-15,2026-12-18,C,112.0,1365,1,0.7316921362304687,104.36,101.65,102.8
NVDA,2026-09-15,2026-12-18,C,113.0,2169,110,0.7502466381835937,112.2,100.85,102.0
NVDA,2026-09-15,2026-12-18,C,114.0,755,60,0.7280300634765625,112.2,99.9,100.75
NVDA,2026-09-15,2026-12-18,C,115.0,1848,1,0.70898728515625,100.55,98.75,99.75
NVDA,2026-09-15,2026-12-18,C,116.0,953,1,0.7534204345703125,108.0,98.0,99.35
NVDA,2026-09-15,2026-12-18,C,117.0,1907,1,0.7355983471679688,96.57,97.0,98.2
NVDA,2026-09-15,2026-12-18,C,118.0,1898,2,0.7266873034667969,95.48,96.05,97.15
NVDA,2026-09-15,2026-12-18,C,119.0,850,1,0.684573466796875,95.7,94.8,95.85
NVDA,2026-09-15,2026-12-18,C,120.0,7805,1,0.6916534741210938,94.0,93.9,95.0
NVDA,2026-09-15,2026-12-18,C,121.0,878,7,0.7030058996582031,105.8,93.1,94.15
NVDA,2026-09-15,2026-12-18,C,122.0,2728,5,0.6997100341796876,94.02,92.1,93.25
NVDA,2026-09-15,2026-12-18,C,123.0,940,1,0.7014190014648438,111.0,91.15,92.4
NVDA,2026-09-15,2026-12-18,C,124.0,806,5,0.6604037866210939,112.0,89.95,91.0
NVDA,2026-09-15,2026-12-18,C,125.0,12367,40,0.6763948376464846,90.37,89.25,90.15
NVDA,2026-09-15,2026-12-18,C,126.0,4402,2,0.6754182849121095,90.29,88.2,89.35
NVDA,2026-09-15,2026-12-18,C,127.0,1697,2,0.6789582885742189,89.3,87.25,88.55
NVDA,2026-09-15,2026-12-18,C,128.0,1306,1,0.6608920629882813,88.76,86.3,87.3
NVDA,2026-09-15,2026-12-18,C,129.0,1199,1,0.6617465466308594,96.51,85.35,86.45
NVDA,2026-09-15,2026-12-18,C,130.0,30603,12,0.6269568554687501,83.73,84.1,85.15
NVDA,2026-09-15,2026-12-18,C,132.0,2373,10,0.6154823608398439,85.05,82.15,83.2
NVDA,2026-09-15,2026-12-18,C,134.0,2066,12,0.6016885534667971,96.75,80.1,81.3
NVDA,2026-09-15,2026-12-18,C,135.0,3096,11,0.6203651245117189,79.97,79.55,80.45
NVDA,2026-09-15,2026-12-18,C,136.0,2102,1,0.6243934045410158,76.03,78.75,79.55
NVDA,2026-09-15,2026-12-18,C,138.0,2777,1,0.5915568188476563,79.33,76.45,77.45
NVDA,2026-09-15,2026-12-18,C,140.0,13089,14,0.6009561389160158,76.0,74.9,75.65
NVDA,2026-09-15,2026-12-18,C,142.0,1270,1,0.5637250659179689,94.11,72.4,73.6
NVDA,2026-09-15,2026-12-18,C,144.0,1261,2,0.5808147387695313,73.82,71.05,71.85
NVDA,2026-09-15,2026-12-18,C,145.0,3239,2,0.5656781713867188,75.62,69.95,70.75
NVDA,2026-09-15,2026-12-18,C,146.0,1912,2,0.5576216113281252,75.68,68.9,69.8
NVDA,2026-09-15,2026-12-18,C,148.0,9103,1,0.5631147204589844,66.01,67.25,68.1
NVDA,2026-09-15,2026-12-18,C,150.0,15589,41,0.5389450402832032,68.28,65.1,66.0
NVDA,2026-09-15,2026-12-18,C,152.0,969,1,0.5443160803222657,65.6,63.5,64.3
NVDA,2026-09-15,2026-12-18,C,154.0,3690,1,0.5338181384277343,63.5,61.6,62.4
NVDA,2026-09-15,2026-12-18,C,155.0,1058,5,0.5312546875,64.95,60.7,61.5
NVDA,2026-09-15,2026-12-18,C,156.0,2286,1,0.5272264074707032,60.72,59.8,60.55
NVDA,2026-09-15,2026-12-18,C,158.0,1187,20,0.5176439837646485,57.6,57.9,58.7
NVDA,2026-09-15,2026-12-18,C,160.0,15235,5,0.5026905200195313,58.35,56.05,56.6
NVDA,2026-09-15,2026-12-18,C,162.0,1213,53,0.5024463818359376,57.03,54.25,54.65
NVDA,2026-09-15,2026-12-18,C,164.0,29918,3,0.4908498181152344,51.7,52.35,52.75
NVDA,2026-09-15,2026-12-18,C,165.0,2458,1,0.48950705810546885,53.0,51.5,51.9
NVDA,2026-09-15,2026-12-18,C,166.0,840,50,0.5053150054931641,49.6,50.65,51.45
NVDA,2026-09-15,2026-12-18,C,167.0,618,4,0.5031787963867188,50.68,49.8,50.6
NVDA,2026-09-15,2026-12-18,C,168.0,1210,42,0.4863942962646485,47.15,49.0,49.4
NVDA,2026-09-15,2026-12-18,C,169.0,1367,42,0.4801077380371094,46.3,48.1,48.45
NVDA,2026-09-15,2026-12-18,C,170.0,7416,16,0.47986359985351557,47.4,47.25,47.65
NVDA,2026-09-15,2026-12-18,C,171.0,1297,108,0.4694266925048829,45.49,46.25,46.6
NVDA,2026-09-15,2026-12-18,C,172.0,1621,43,0.4650322052001954,52.01,45.35,45.7
NVDA,2026-09-15,2026-12-18,C,173.0,408,108,0.48328153442382815,42.69,44.6,45.4
NVDA,2026-09-15,2026-12-18,C,174.0,2156,110,0.46155323608398446,43.5,43.7,44.05
NVDA,2026-09-15,2026-12-18,C,175.0,5755,25,0.45862357788085945,43.2,42.8,43.2
NVDA,2026-09-15,2026-12-18,C,176.0,14634,2,0.46631393066406257,42.33,42.25,42.65
NVDA,2026-09-15,2026-12-18,C,177.0,1620,1,0.4576470251464845,46.9,41.3,41.65
NVDA,2026-09-15,2026-12-18,C,178.0,2305,8,0.4576470251464845,39.3,40.5,40.9
NVDA,2026-09-15,2026-12-18,C,179.0,3032,1,0.4573418524169922,39.05,39.75,40.15
NVDA,2026-09-15,2026-12-18,C,180.0,22661,489,0.4518487432861329,39.3,38.9,39.25
NVDA,2026-09-15,2026-12-18,C,181.0,3728,2,0.4429987341308594,38.03,37.9,38.25
NVDA,2026-09-15,2026-12-18,C,182.0,1967,1,0.44873598144531246,35.88,37.3,37.7
NVDA,2026-09-15,2026-12-18,C,183.0,2728,1,0.44446356323242187,41.33,36.5,36.85
NVDA,2026-09-15,2026-12-18,C,184.0,2670,45,0.4401301104736328,35.1,35.6,36.0
NVDA,2026-09-15,2026-12-18,C,185.0,4333,496,0.4356135540771484,35.4,34.75,35.15
NVDA,2026-09-15,2026-12-18,C,186.0,2286,61,0.43256182678222654,35.3,34.0,34.35
NVDA,2026-09-15,2026-12-18,C,187.0,1796,1,0.4382990740966797,35.85,33.5,33.85
NVDA,2026-09-15,2026-12-18,C,188.0,2068,61,0.42889975402832037,35.0,32.5,32.85
NVDA,2026-09-15,2026-12-18,C,189.0,5594,5,0.4310969976806641,32.1,31.95,32.25
NVDA,2026-09-15,2026-12-18,C,190.0,11826,43,0.42877768493652346,31.85,31.2,31.5
NVDA,2026-09-15,2026-12-18,C,191.0,1580,1,0.424810439453125,29.8,30.35,30.7
NVDA,2026-09-15,2026-12-18,C,192.0,965,1,0.4276180285644532,29.51,29.35,30.15
NVDA,2026-09-15,2026-12-18,C,193.0,1560,2,0.4260311303710938,30.94,29.1,29.45
NVDA,2026-09-15,2026-12-18,C,194.0,12766,8,0.42426112854003906,30.35,28.4,28.75
NVDA,2026-09-15,2026-12-18,C,195.0,4088,164,0.41962250305175786,27.92,27.65,27.95
NVDA,2026-09-15,2026-12-18,C,200.0,49349,1891,0.41211525390625,24.62,24.4,24.65
NVDA,2026-09-15,2026-12-18,C,205.0,6172,400,0.4032957620239258,21.56,21.25,21.5
NVDA,2026-09-15,2026-12-18,C,210.0,29780,456,0.3977416183471679,18.5,18.45,18.7
NVDA,2026-09-15,2026-12-18,C,212.0,2532,142,0.39801627380371096,17.9,17.55,17.75
NVDA,2026-09-15,2026-12-18,C,213.0,2625,78,0.396063168334961,17.1,16.95,17.2
NVDA,2026-09-15,2026-12-18,C,214.0,2752,40,0.3939269592285156,18.0,16.4,16.65
NVDA,2026-09-15,2026-12-18,C,215.0,13425,983,0.39160764648437496,16.0,15.9,16.1
NVDA,2026-09-15,2026-12-18,C,216.0,2788,307,0.3936828210449219,16.27,15.5,15.75
NVDA,2026-09-15,2026-12-18,C,217.0,1158,5088,0.390905749206543,15.15,15.05,15.2
NVDA,2026-09-15,2026-12-18,C,218.0,2683,134,0.3902648864746094,14.75,14.6,14.75
NVDA,2026-09-15,2026-12-18,C,219.0,1778,29,0.3893798855590821,14.4,14.1,14.3
NVDA,2026-09-15,2026-12-18,C,220.0,61317,1014,0.387152124633789,13.85,13.6,13.8
NVDA,2026-09-15,2026-12-18,C,221.0,2364,22,0.38934936828613287,14.2,13.25,13.5
NVDA,2026-09-15,2026-12-18,C,222.0,2681,27,0.3866638482666015,13.0,12.8,13.0
NVDA,2026-09-15,2026-12-18,C,223.0,2079,107,0.3872741937255859,12.6,12.45,12.65
NVDA,2026-09-15,2026-12-18,C,224.0,1767,61,0.3865417791748046,12.3,12.05,12.25
NVDA,2026-09-15,2026-12-18,C,225.0,18701,3493,0.38440557006835935,12.0,11.6,11.8
NVDA,2026-09-15,2026-12-18,C,226.0,3186,25,0.3844360873413085,12.55,11.3,11.45
NVDA,2026-09-15,2026-12-18,C,227.0,1637,25,0.3830628100585937,11.2,10.85,11.05
NVDA,2026-09-15,2026-12-18,C,228.0,17520,150,0.38388677642822266,10.65,10.6,10.75
NVDA,2026-09-15,2026-12-18,C,230.0,22270,1321,0.3789124609375,9.9,9.85,9.9
NVDA,2026-09-15,2026-12-18,C,235.0,13411,727,0.38052987640380853,8.5,8.3,8.5
NVDA,2026-09-15,2026-12-18,C,240.0,26891,1045,0.3761048718261719,7.05,6.95,7.05
NVDA,2026-09-15,2026-12-18,C,245.0,16435,500,0.37628797546386716,5.84,5.8,5.95
NVDA,2026-09-15,2026-12-18,C,250.0,39110,3046,0.3734193518066406,4.9,4.8,4.9
NVDA,2026-09-15,2026-12-18,C,255.0,9848,115,0.37543349182128904,4.3,4.0,4.15
NVDA,2026-09-15,2026-12-18,C,260.0,19949,1022,0.37531142272949214,3.49,3.3,3.45
NVDA,2026-09-15,2026-12-18,C,265.0,5841,93,0.37573866455078125,2.82,2.72,2.87
NVDA,2026-09-15,2026-12-18,C,270.0,19635,2387,0.3765931481933594,2.37,2.27,2.39
NVDA,2026-09-15,2026-12-18,C,275.0,14977,665,0.37854625366210937,2.0,1.9,2.01
NVDA,2026-09-15,2026-12-18,C,280.0,31133,252,0.3800110827636719,1.64,1.61,1.68
NVDA,2026-09-15,2026-12-18,C,285.0,3451,126,0.3825745336914062,1.38,1.36,1.42
NVDA,2026-09-15,2026-12-18,C,290.0,11216,198,0.38709109008789055,1.3,1.15,1.23
NVDA,2026-09-15,2026-12-18,C,295.0,4128,2122,0.39087523193359375,1.09,0.98,1.06
NVDA,2026-09-15,2026-12-18,C,300.0,44648,585,0.3934386828613281,0.87,0.85,0.9
NVDA,2026-09-15,2026-12-18,C,305.0,2377,17,0.3991759301757813,0.77,0.72,0.8
NVDA,2026-09-15,2026-12-18,C,310.0,7234,31,0.401373173828125,0.69,0.63,0.68
NVDA,2026-09-15,2026-12-18,C,315.0,981,13,0.4138242211914062,0.61,0.5,0.67
NVDA,2026-09-15,2026-12-18,C,320.0,5438,28,0.4118711157226562,0.53,0.47,0.54
NVDA,2026-09-15,2026-12-18,C,325.0,3699,13,0.4165097412109374,0.45,0.39,0.48
NVDA,2026-09-15,2026-12-18,C,330.0,5108,34,0.41699801757812494,0.37,0.36,0.4
NVDA,2026-09-15,2026-12-18,C,335.0,783,1,0.43335527587890627,0.37,0.28,0.43
NVDA,2026-09-15,2026-12-18,C,340.0,3714,113,0.4243221630859375,0.3,0.24,0.31
NVDA,2026-09-15,2026-12-18,C,345.0,2636,5,0.44434149414062496,0.26,0.18,0.36
NVDA,2026-09-15,2026-12-18,C,350.0,3730,4,0.43970286865234376,0.26,0.2,0.28
NVDA,2026-09-15,2026-12-18,C,355.0,2921,1,0.45435115966796874,0.2,0.12,0.3
NVDA,2026-09-15,2026-12-18,C,360.0,3434,13,0.44336494140625,0.19,0.17,0.21
NVDA,2026-09-15,2026-12-18,C,365.0,475,3,0.46582565429687506,0.18,0.08,0.26
NVDA,2026-09-15,2026-12-18,C,370.0,2456,1,0.47070841796875,0.25,0.1,0.24
NVDA,2026-09-15,2026-12-18,C,375.0,584,2,0.47510290527343746,0.14,0.05,0.22
NVDA,2026-09-15,2026-12-18,C,380.0,1005,3,0.46924358886718753,0.11,0.03,0.17
NVDA,2026-09-15,2026-12-18,C,385.0,1537,1,0.4848684326171875,0.12,0.04,0.19
NVDA,2026-09-15,2026-12-18,C,390.0,4732,1,0.476567734375,0.12,0.06,0.14
NVDA,2026-09-15,2026-12-18,C,400.0,6844,43,0.48438015625,0.08,0.08,0.12
NVDA,2026-09-15,2026-12-18,C,410.0,2252,54,0.5136767382812499,0.08,0.07,0.15
NVDA,2026-09-15,2026-12-18,C,420.0,5849,2,0.506840869140625,0.05,0.05,0.1
NVDA,2026-09-15,2026-12-18,C,430.0,831,3,0.51562984375,0.05,0.01,0.09
NVDA,2026-09-15,2026-12-18,C,440.0,570,8,0.5136767382812499,0.06,0.01,0.12
NVDA,2026-09-15,2026-12-18,C,450.0,5158,105,0.5097705273437501,0.05,0.01,0.08
NVDA,2026-09-15,2026-12-18,C,455.0,2782,8,0.534184345703125,0.06,0.01,0.12
NVDA,2026-09-15,2026-12-18,C,460.0,11124,21,0.523442265625,0.04,0.02,0.07
NVDA,2026-09-15,2026-12-18,C,470.0,39,2,0.0,810.3,812.7,828.8
NVDA,2026-09-15,2026-12-18,C,480.0,83,3,0.0,813.2,806.0,821.4
NVDA,2026-09-15,2026-12-18,C,490.0,276,1,0.0,806.28,797.9,814.05
NVDA,2026-09-15,2026-12-18,C,500.0,528,7,0.0,797.0,790.85,805.9
NVDA,2026-09-15,2026-12-18,C,510.0,211,3,0.0,793.7,784.0,799.45
NVDA,2026-09-15,2026-12-18,C,520.0,132,1,0.0,726.86,776.0,792.25
NVDA,2026-09-15,2026-12-18,C,530.0,114,1,0.0,692.05,768.45,785.05
NVDA,2026-09-15,2026-12-18,C,540.0,71,1,0.0,762.35,761.85,777.95
NVDA,2026-09-15,2026-12-18,C,550.0,389,1,0.0,749.95,754.8,770.9
NVDA,2026-09-15,2026-12-18,C,560.0,96,2,0.0,755.0,748.0,763.95
NVDA,2026-09-15,2026-12-18,C,570.0,69,1,0.0,739.64,740.0,757.0
NVDA,2026-09-15,2026-12-18,C,580.0,102,3,0.0,727.94,734.2,749.25
NVDA,2026-09-15,2026-12-18,C,590.0,1167,1,0.0,670.0,727.15,743.3
NVDA,2026-09-15,2026-12-18,C,600.0,594,1,0.0,710.0,720.35,736.5
NVDA,2026-09-15,2026-12-18,C,610.0,76,1,0.0,718.0,714.0,729.4
NVDA,2026-09-15,2026-12-18,C,620.0,193,6,0.0,712.57,707.25,722.65
NVDA,2026-09-15,2026-12-18,C,630.0,256,5,0.0,709.5,700.4,716.55
NVDA,2026-09-15,2026-12-18,C,640.0,116,1,0.0,692.3,693.8,709.55
NVDA,2026-09-15,2026-12-18,C,650.0,320,8,0.0,696.13,687.3,703.45
NVDA,2026-09-15,2026-12-18,C,660.0,81,6,0.0,675.89,681.1,696.15
NVDA,2026-09-15,2026-12-18,C,670.0,128,2,0.0,680.0,674.45,690.6
NVDA,2026-09-15,2026-12-18,C,680.0,129,2,0.0,684.02,668.0,684.25
NVDA,2026-09-15,2026-12-18,C,690.0,824,2,0.0,671.94,661.85,677.55
NVDA,2026-09-15,2026-12-18,C,700.0,761,2,0.0,650.41,656.2,670.7
NVDA,2026-09-15,2026-12-18,C,710.0,207,3,0.0,658.0,650.3,664.4
NVDA,2026-09-15,2026-12-18,C,720.0,141,1,0.0,595.96,644.15,658.55
NVDA,2026-09-15,2026-12-18,C,730.0,81,2,0.0,538.35,638.05,653.25
NVDA,2026-09-15,2026-12-18,C,740.0,539,1,0.0,627.2,632.05,646.2
NVDA,2026-09-15,2026-12-18,C,750.0,640,2,0.0,638.0,626.1,641.0
NVDA,2026-09-15,2026-12-18,C,760.0,60,1,0.0,631.55,620.05,634.65
NVDA,2026-09-15,2026-12-18,C,770.0,208,3,0.0,621.53,614.3,628.25
NVDA,2026-09-15,2026-12-18,C,780.0,93,2,0.0,602.47,607.25,623.1
NVDA,2026-09-15,2026-12-18,C,790.0,150,2,0.0,596.47,602.75,616.9
NVDA,2026-09-15,2026-12-18,C,800.0,1713,5,0.0,591.15,597.05,611.2
NVDA,2026-09-15,2026-12-18,C,810.0,238,3,0.0,582.67,591.45,605.75
NVDA,2026-09-15,2026-12-18,C,820.0,263,1,0.0,582.1,585.85,600.25
NVDA,2026-09-15,2026-12-18,C,830.0,302,2,0.0,572.66,580.4,594.75
NVDA,2026-09-15,2026-12-18,C,840.0,230,7,0.0,584.48,574.9,589.65
NVDA,2026-09-15,2026-12-18,C,850.0,585,2,0.0,572.0,569.5,583.65
NVDA,2026-09-15,2026-12-18,C,860.0,271,7,0.0,573.0,564.0,578.05
NVDA,2026-09-15,2026-12-18,C,870.0,247,1,0.0,563.49,558.75,572.6
NVDA,2026-09-15,2026-12-18,C,880.0,720,2,0.0,557.0,553.35,567.65
NVDA,2026-09-15,2026-12-18,C,890.0,124,35,0.0,553.4,548.15,562.2
NVDA,2026-09-15,2026-12-18,C,900.0,1874,16,0.0,548.77,543.05,557.1
NVDA,2026-09-15,2026-12-18,C,910.0,308,1,0.0,529.62,537.8,551.8
NVDA,2026-09-15,2026-12-18,C,920.0,255,1,0.0,525.15,533.05,546.5
NVDA,2026-09-15,2026-12-18,C,930.0,208,2,0.0,529.6,527.95,541.85
NVDA,2026-09-15,2026-12-18,C,940.0,198,2,0.0,534.68,523.0,536.65
NVDA,2026-09-15,2026-12-18,C,950.0,306,1,0.0,520.0,517.95,531.8
NVDA,2026-09-15,2026-12-18,C,960.0,90,1,0.0,505.85,513.0,526.9
NVDA,2026-09-15,2026-12-18,C,970.0,432,2,0.0,500.86,508.2,521.95
NVDA,2026-09-15,2026-12-18,C,980.0,59,1,0.0,496.14,503.7,517.15
NVDA,2026-09-15,2026-12-18,C,990.0,130,1,0.0,494.62,498.8,511.85
NVDA,2026-09-15,2026-12-18,C,1000.0,1891,29,0.0,500.0,499.0,506.4
NVDA,2026-09-15,2026-12-18,C,1010.0,87,5,0.0,483.7,489.35,503.3
NVDA,2026-09-15,2026-12-18,C,1020.0,160,7,0.0,484.0,484.95,498.5
NVDA,2026-09-15,2026-12-18,C,1030.0,60,2,0.0,477.0,483.7,490.4
NVDA,2026-09-15,2026-12-18,C,1040.0,57,2,0.0,483.88,479.1,485.8
NVDA,2026-09-15,2026-12-18,C,1050.0,1161,5,0.0,475.32,474.5,481.9
NVDA,2026-09-15,2026-12-18,C,1060.0,51,1,0.0,466.0,470.3,476.95
NVDA,2026-09-15,2026-12-18,C,1070.0,110,1,0.0,473.53,465.8,472.5
NVDA,2026-09-15,2026-12-18,C,1080.0,147,1,0.0,464.85,461.45,468.2
NVDA,2026-09-15,2026-12-18,C,1090.0,37,2,0.0,460.46,457.1,463.85
NVDA,2026-09-15,2026-12-18,C,1100.0,1802,43,0.0,458.14,453.45,459.2
NVDA,2026-09-15,2026-12-18,C,1110.0,77,4,0.0,453.9,449.0,455.45
NVDA,2026-09-15,2026-12-18,C,1120.0,197,3,0.0,447.72,444.55,451.2
NVDA,2026-09-15,2026-12-18,C,1130.0,278,2,0.0,440.0,440.25,447.15
NVDA,2026-09-15,2026-12-18,C,1140.0,85,1,0.0,436.75,436.25,443.0
NVDA,2026-09-15,2026-12-18,C,1150.0,181,6,0.0,436.0,432.7,438.45
NVDA,2026-09-15,2026-12-18,C,1160.0,62,1,0.0,430.45,428.1,434.9
NVDA,2026-09-15,2026-12-18,C,1170.0,114,26,0.0,428.05,424.1,428.0
NVDA,2026-09-15,2026-12-18,C,1180.0,149,1,0.0,414.38,420.15,427.1
NVDA,2026-09-15,2026-12-18,C,1190.0,87,10,0.0,424.72,416.25,423.1
NVDA,2026-09-15,2026-12-18,C,1200.0,1201,55,0.0,415.92,412.55,419.0
NVDA,2026-09-15,2026-12-18,C,1210.0,102,68,0.0,413.47,408.7,415.5
NVDA,2026-09-15,2026-12-18,C,1220.0,350,16,0.0,411.05,404.85,411.7
NVDA,2026-09-15,2026-12-18,C,1230.0,1771,2,0.0,394.52,399.55,409.15
NVDA,2026-09-15,2026-12-18,C,1240.0,49,15,0.0,405.0,397.3,404.3
NVDA,2026-09-15,2026-12-18,C,1250.0,673,31,0.0,398.05,394.25,400.05
NVDA,2026-09-15,2026-12-18,C,1260.0,107,17,0.0,394.28,389.95,397.05
NVDA,2026-09-15,2026-12-18,C,1270.0,35,3,0.0,382.61,386.5,393.4
NVDA,2026-09-15,2026-12-18,C,1280.0,50,4,0.0,389.0,382.85,390.0
NVDA,2026-09-15,2026-12-18,C,1290.0,93,4,0.0,369.28,379.3,386.3
NVDA,2026-09-15,2026-12-18,C,1300.0,3764,25,0.0,385.0,376.45,382.3
NVDA,2026-09-15,2026-12-18,C,1320.0,186,3,0.0,371.45,369.0,375.6
NVDA,2026-09-15,2026-12-18,C,1340.0,165,1,0.0,365.23,362.2,368.95
NVDA,2026-09-15,2026-12-18,C,1360.0,54,2,0.0,361.2,355.6,362.35
NVDA,2026-09-15,2026-12-18,C,1380.0,247,7,0.0,349.08,349.15,355.35
NVDA,2026-09-15,2026-12-18,C,1400.0,877,27,0.0,346.75,343.0,348.9
NVDA,2026-09-15,2026-12-18,C,1420.0,84,4,0.0,341.32,336.6,342.85
NVDA,2026-09-15,2026-12-18,C,1440.0,114,1,0.0,335.07,330.6,338.55
NVDA,2026-09-15,2026-12-18,C,1460.0,164,3,0.0,328.0,324.6,331.35
NVDA,2026-09-15,2026-12-18,C,1480.0,597,27,0.0,309.0,318.8,326.35
NVDA,2026-09-15,2026-12-18,C,1500.0,742,24,0.0,318.0,313.6,318.5
NVDA,2026-09-15,2026-12-18,C,1520.0,50,8,0.0,312.57,307.5,314.15
NVDA,2026-09-15,2026-12-18,C,1540.0,100,80,0.0,305.77,301.95,308.45
NVDA,2026-09-15,2026-12-18,C,1560.0,365,8,0.0,297.94,296.7,304.0
NVDA,2026-09-15,2026-12-18,C,1580.0,42,8,0.0,294.32,291.3,298.3
NVDA,2026-09-15,2026-12-18,C,1600.0,155,16,0.0,292.0,286.95,293.1
NVDA,2026-09-15,2026-12-18,C,1620.0,102,1,0.0,289.05,281.3,287.6
NVDA,2026-09-15,2026-12-18,C,1640.0,3193,5,0.0,280.0,275.15,284.6
NVDA,2026-09-15,2026-12-18,C,1650.0,29,8,0.0,280.5,274.45,280.0
NVDA,2026-09-15,2026-12-18,C,1660.0,67,10,0.0,219.12,271.35,277.75
NVDA,2026-09-15,2026-12-18,C,1670.0,43,3,0.0,190.46,269.1,276.55
NVDA,2026-09-15,2026-12-18,C,1680.0,95,4,0.0,262.92,266.8,272.55
NVDA,2026-09-15,2026-12-18,C,1690.0,19,1,0.0,259.2,264.45,270.2
NVDA,2026-09-15,2026-12-18,C,1700.0,141,11,0.0,265.62,262.75,268.85
NVDA,2026-09-15,2026-12-18,C,1710.0,2,2,0.0,258.3,259.7,265.6
NVDA,2026-09-15,2026-12-18,C,1720.0,6,2,0.0,262.55,258.65,263.4
NVDA,2026-09-15,2026-12-18,C,1730.0,34,12,0.0,256.21,257.0,261.1
NVDA,2026-09-15,2026-12-18,C,1740.0,256,2,0.0,250.06,254.8,258.8
NVDA,2026-09-15,2026-12-18,C,1750.0,89,36,0.0,259.95,252.65,256.5
NVDA,2026-09-15,2026-12-18,C,1760.0,1624,10,0.0,256.85,248.9,256.0
NVDA,2026-09-15,2026-12-18,C,1770.0,32,6,0.0,252.6,248.3,252.6
NVDA,2026-09-15,2026-12-18,C,1780.0,82,10,0.0,247.71,246.15,250.55
NVDA,2026-09-15,2026-12-18,C,1790.0,240,3,0.0,239.0,244.1,248.4
NVDA,2026-09-15,2026-12-18,C,1800.0,662,71,0.0,241.93,242.1,245.9
NVDA,2026-09-15,2026-12-18,C,1810.0,18,8,0.0,116.85,239.6,244.55
NVDA,2026-09-15,2026-12-18,C,1820.0,68,4,0.0,241.55,238.0,242.25
NVDA,2026-09-15,2026-12-18,C,1830.0,40,2,0.0,227.74,235.9,240.2
NVDA,2026-09-15,2026-12-18,C,1840.0,101,2,0.0,234.85,233.9,238.2
NVDA,2026-09-15,2026-12-18,C,1850.0,36,1,0.0,232.0,232.0,235.85
NVDA,2026-09-15,2026-12-18,C,1860.0,33,5,0.0,232.85,229.95,234.3
NVDA,2026-09-15,2026-12-18,C,1870.0,67,9,0.0,235.37,228.05,231.9
NVDA,2026-09-15,2026-12-18,C,1880.0,54,1,0.0,230.0,226.05,230.4
NVDA,2026-09-15,2026-12-18,C,1890.0,37,1,0.0,220.65,224.35,228.5
NVDA,2026-09-15,2026-12-18,C,1900.0,401,33,0.0,224.0,222.35,226.3
NVDA,2026-09-15,2026-12-18,C,1910.0,20,3,0.0,220.97,220.55,224.45
NVDA,2026-09-15,2026-12-18,C,1920.0,74,1,0.0,188.7,218.7,222.65
NVDA,2026-09-15,2026-12-18,C,1930.0,101,2,0.0,181.4,216.8,220.8
NVDA,2026-09-15,2026-12-18,C,1940.0,1895,5,0.0,217.0,214.5,219.55
NVDA,2026-09-15,2026-12-18,C,1950.0,8,7,0.0,217.01,213.6,217.25
NVDA,2026-09-15,2026-12-18,C,2000.0,283,212,10.036136539916994,206.64,204.75,208.65
NVDA,2026-09-15,2026-12-18,C,2050.0,5,2,8.87341754005432,198.83,196.5,200.85
NVDA,2026-09-15,2026-12-18,C,2100.0,64,4,8.18872558517456,186.4,188.9,192.6
NVDA,2026-09-15,2026-12-18,C,2120.0,129,1,7.973266634979247,190.0,185.5,189.7
NVDA,2026-09-15,2026-12-18,C,2130.0,6,0,7.876953278808593,186.65,184.0,188.15
NVDA,2026-09-15,2026-12-18,C,2150.0,1,2,7.705932984771729,147.0,181.25,185.1
NVDA,2026-09-15,2026-12-18,C,2170.0,1,0,7.546753496246338,150.36,178.15,182.35
NVDA,2026-09-15,2026-12-18,C,2180.0,1,0,7.476196943817138,170.5,176.8,180.95
NVDA,2026-09-15,2026-12-18,C,2200.0,87,2,7.346558433990478,176.05,174.35,178.1
NVDA,2026-09-15,2026-12-18,C,2210.0,9,1,7.272522882003784,173.55,172.6,176.7
NVDA,2026-09-15,2026-12-18,C,2220.0,1,0,7.211426766967773,184.7,171.25,175.35
NVDA,2026-09-15,2026-12-18,C,2230.0,1,2,7.1577158966064465,137.8,170.15,174.0
NVDA,2026-09-15,2026-12-18,C,2240.0,1,4,7.093995273132325,125.0,168.55,172.65
NVDA,2026-09-15,2026-12-18,C,2250.0,16,40,7.0408337184906005,166.86,167.55,171.1
NVDA,2026-09-15,2026-12-18,C,2260.0,3,2,6.985658006210327,170.5,165.95,170.0
NVDA,2026-09-15,2026-12-18,C,2270.0,20,21,6.93487681968689,162.3,164.7,168.7
NVDA,2026-09-15,2026-12-18,C,2280.0,4395,170,6.883180106964112,165.0,163.4,167.35
NVDA,2026-09-15,2026-12-18,C,2300.0,0,82,6.790895066070558,163.7,161.15,164.7
NVDA,2026-09-15,2026-12-18,C,2350.0,5,1,6.575441233825685,154.05,155.05,158.6
NVDA,2026-09-15,2026-12-18,C,2400.0,107,13,6.384645573883057,151.0,149.15,152.75
NVDA,2026-09-15,2026-12-18,C,2450.0,0,14,6.21704324432373,145.12,143.6,147.2
NVDA,2026-09-15,2026-12-18,C,2500.0,0,92,6.053591300201415,139.77,138.55,140.8
NVDA,2026-09-15,2026-12-18,P,0.5,31542,9,3.93750015625,0.01,0.0,0.01
NVDA,2026-09-15,2026-12-18,P,1.0,5945,1,3.3750015624999996,0.01,0.0,0.01
NVDA,2026-09-15,2026-12-18,P,1.5,490,2,4.39062951171875,0.01,0.0,0.22
NVDA,2026-09-15,2026-12-18,P,2.0,0,20,0.500005,0.07,0.0,0.0
NVDA,2026-09-15,2026-12-18,P,2.5,4768,1,2.750003125,0.01,0.0,0.01
NVDA,2026-09-15,2026-12-18,P,3.0,1652,1,2.6250034375,0.01,0.0,0.01
NVDA,2026-09-15,2026-12-18,P,3.5,198,39,2.750003125,0.01,0.0,0.03
NVDA,2026-09-15,2026-12-18,P,4.0,725,5,2.43750390625,0.01,0.0,0.01
NVDA,2026-09-15,2026-12-18,P,4.5,1079,32,2.56250359375,0.02,0.0,0.03
NVDA,2026-09-15,2026-12-18,P,5.0,2551,2,2.2500043749999996,0.02,0.0,0.01
NVDA,2026-09-15,2026-12-18,P,6.0,852,1,2.68750328125,0.1,0.0,0.11
NVDA,2026-09-15,2026-12-18,P,7.0,1077,1,2.3125042187499996,0.01,0.0,0.04
NVDA,2026-09-15,2026-12-18,P,8.0,891,20,2.0937547656249995,0.01,0.0,0.02
NVDA,2026-09-15,2026-12-18,P,9.0,1198,1,2.3515666210937494,0.02,0.0,0.11
NVDA,2026-09-15,2026-12-18,P,10.0,12628,20,1.8125009374999999,0.01,0.0,0.01
NVDA,2026-09-15,2026-12-18,P,11.0,2415,10,2.1171922070312497,0.01,0.0,0.08
NVDA,2026-09-15,2026-12-18,P,12.0,215,3,2.4179727050781246,0.01,0.0,0.34
NVDA,2026-09-15,2026-12-18,P,13.0,13051,2,1.859375703125,0.05,0.0,0.04
NVDA,2026-09-15,2026-12-18,P,14.0,0,51,0.500005,0.01,0.0,0.0
NVDA,2026-09-15,2026-12-18,P,15.0,7670,1,2.9687525781249997,0.01,0.0,2.16
NVDA,2026-09-15,2026-12-18,P,16.0,621,9,1.859375703125,0.02,0.0,0.09
NVDA,2026-09-15,2026-12-18,P,17.0,2815,4,1.5000025,0.03,0.0,0.01
NVDA,2026-09-15,2026-12-18,P,18.0,1550,2,1.765626171875,0.03,0.0,0.09
NVDA,2026-09-15,2026-12-18,P,19.0,407,2,1.7265638671875,0.04,0.0,0.09
NVDA,2026-09-15,2026-12-18,P,20.0,19301,10,1.46875265625,0.01,0.0,0.02
NVDA,2026-09-15,2026-12-18,P,21.0,752,4,1.71875140625,0.03,0.0,0.13
NVDA,2026-09-15,2026-12-18,P,22.0,2262,1,1.6679704101562502,0.14,0.0,0.12
NVDA,2026-09-15,2026-12-18,P,23.0,0,10,0.500005,0.03,0.0,0.0
NVDA,2026-09-15,2026-12-18,P,24.0,804,11,1.5390648046875,0.01,0.0,0.08
NVDA,2026-09-15,2026-12-18,P,25.0,30133,602,1.2500037499999999,0.01,0.0,0.01
NVDA,2026-09-15,2026-12-18,P,26.0,1277,23,1.5000025,0.01,0.0,0.09
NVDA,2026-09-15,2026-12-18,P,27.0,1304,1,1.3281283593749997,0.02,0.0,0.03
NVDA,2026-09-15,2026-12-18,P,28.0,4781,2,1.3125034374999998,0.01,0.0,0.03
NVDA,2026-09-15,2026-12-18,P,29.0,808,58,1.43359658203125,0.02,0.0,0.1
NVDA,2026-09-15,2026-12-18,P,30.0,4925,98,1.15625421875,0.01,0.0,0.01
NVDA,2026-09-15,2026-12-18,P,31.0,1171,33,1.3867218164062498,0.02,0.0,0.1
NVDA,2026-09-15,2026-12-18,P,32.0,2313,32,1.36328443359375,0.02,0.0,0.1
NVDA,2026-09-15,2026-12-18,P,33.0,2732,8,1.203128984375,0.01,0.0,0.03
NVDA,2026-09-15,2026-12-18,P,34.0,1923,10,1.140629296875,0.02,0.0,0.02
NVDA,2026-09-15,2026-12-18,P,35.0,7132,4,1.125004375,0.01,0.0,0.02
NVDA,2026-09-15,2026-12-18,P,36.0,11218,110,1.21875390625,0.01,0.0,0.06
NVDA,2026-09-15,2026-12-18,P,37.0,1029,6,1.2578162109375,0.05,0.0,0.1
NVDA,2026-09-15,2026-12-18,P,38.0,956,2,1.2382850585937497,0.06,0.0,0.1
NVDA,2026-09-15,2026-12-18,P,39.0,462,2,1.21875390625,0.06,0.0,0.1
NVDA,2026-09-15,2026-12-18,P,40.0,7321,13,1.125004375,0.01,0.01,0.04
NVDA,2026-09-15,2026-12-18,P,41.0,1315,7,1.1445355273437499,0.03,0.02,0.05
NVDA,2026-09-15,2026-12-18,P,42.0,635,4,1.0703171484375003,0.02,0.01,0.03
NVDA,2026-09-15,2026-12-18,P,43.0,874,1,1.09375453125,0.03,0.01,0.05
NVDA,2026-09-15,2026-12-18,P,44.0,1568,2,1.15625421875,0.07,0.01,0.11
NVDA,2026-09-15,2026-12-18,P,45.0,12972,9,1.0625046875000002,0.01,0.01,0.05
NVDA,2026-09-15,2026-12-18,P,46.0,1882,2,1.0664109179687502,0.06,0.01,0.06
NVDA,2026-09-15,2026-12-18,P,47.0,2766,12,1.05078599609375,0.07,0.01,0.06
NVDA,2026-09-15,2026-12-18,P,48.0,1600,2,1.09375453125,0.07,0.01,0.11
NVDA,2026-09-15,2026-12-18,P,49.0,1940,4,1.0781296093750001,0.03,0.01,0.11
NVDA,2026-09-15,2026-12-18,P,50.0,13361,80,1.0078174609375,0.04,0.01,0.06
NVDA,2026-09-15,2026-12-18,P,51.0,2028,2,1.05078599609375,0.03,0.01,0.11
NVDA,2026-09-15,2026-12-18,P,52.0,1468,91,1.0078174609375,0.04,0.01,0.08
NVDA,2026-09-15,2026-12-18,P,53.0,748,3,1.0234423828125,0.09,0.01,0.11
NVDA,2026-09-15,2026-12-18,P,54.0,1894,32,0.9804689453125001,0.01,0.01,0.08
NVDA,2026-09-15,2026-12-18,P,55.0,8430,24,0.9570316796874999,0.04,0.01,0.07
NVDA,2026-09-15,2026-12-18,P,56.0,1932,4,0.992187578125,0.04,0.01,0.12
NVDA,2026-09-15,2026-12-18,P,57.0,5467,7,0.9414068359375,0.04,0.01,0.08
NVDA,2026-09-15,2026-12-18,P,58.0,5107,1,0.929688203125,0.04,0.01,0.08
NVDA,2026-09-15,2026-12-18,P,59.0,420,3,0.9531254687499999,0.1,0.01,0.12
NVDA,2026-09-15,2026-12-18,P,60.0,13546,3,0.9062509375,0.05,0.01,0.08
NVDA,2026-09-15,2026-12-18,P,61.0,1996,2,0.929688203125,0.1,0.01,0.12
NVDA,2026-09-15,2026-12-18,P,62.0,1230,10,0.9023447265625,0.06,0.01,0.1
NVDA,2026-09-15,2026-12-18,P,63.0,684,1,0.914063359375,0.1,0.01,0.13
NVDA,2026-09-15,2026-12-18,P,64.0,1747,2,0.8789074609374999,0.05,0.01,0.1
NVDA,2026-09-15,2026-12-18,P,65.0,15682,1,0.85937640625,0.06,0.01,0.09
NVDA,2026-09-15,2026-12-18,P,66.0,472,6,0.8808605664062499,0.06,0.01,0.13
NVDA,2026-09-15,2026-12-18,P,67.0,1224,16,0.8632826171875,0.06,0.02,0.11
NVDA,2026-09-15,2026-12-18,P,68.0,4392,6,0.8437515624999999,0.05,0.03,0.09
NVDA,2026-09-15,2026-12-18,P,69.0,1553,2,0.86132951171875,0.05,0.02,0.14
NVDA,2026-09-15,2026-12-18,P,70.0,9851,8,0.8437515624999999,0.05,0.05,0.1
NVDA,2026-09-15,2026-12-18,P,71.0,2704,12,0.8398453515625,0.07,0.02,0.14
NVDA,2026-09-15,2026-12-18,P,72.0,14409,17,0.804689453125,0.09,0.02,0.1
NVDA,2026-09-15,2026-12-18,P,73.0,614,3,0.8203142968749999,0.05,0.01,0.15
NVDA,2026-09-15,2026-12-18,P,74.0,991,2,0.8085956640624999,0.05,0.01,0.15
NVDA,2026-09-15,2026-12-18,P,75.0,17886,532,0.8007832421875,0.07,0.05,0.11
NVDA,2026-09-15,2026-12-18,P,76.0,2342,2,0.79101771484375,0.05,0.01,0.15
NVDA,2026-09-15,2026-12-18,P,77.0,2009,5,0.7851583984375,0.07,0.01,0.16
NVDA,2026-09-15,2026-12-18,P,78.0,2113,6,0.7773459765625,0.08,0.01,0.16
NVDA,2026-09-15,2026-12-18,P,79.0,826,6,0.7617211328125001,0.08,0.02,0.14
NVDA,2026-09-15,2026-12-18,P,80.0,13811,178,0.7578149218750001,0.08,0.05,0.12
NVDA,2026-09-15,2026-12-18,P,81.0,1909,27,0.7578149218750001,0.1,0.02,0.17
NVDA,2026-09-15,2026-12-18,P,82.0,3160,210,0.74414318359375,0.08,0.05,0.13
NVDA,2026-09-15,2026-12-18,P,83.0,1133,2,0.7568383691406251,0.09,0.05,0.18
NVDA,2026-09-15,2026-12-18,P,84.0,1168,6,0.7314479980468749,0.09,0.01,0.18
NVDA,2026-09-15,2026-12-18,P,85.0,8318,32,0.7304714453125,0.08,0.07,0.14
NVDA,2026-09-15,2026-12-18,P,86.0,4124,3,0.7138700488281251,0.13,0.05,0.14
NVDA,2026-09-15,2026-12-18,P,87.0,769,254,0.70898728515625,0.12,0.01,0.19
NVDA,2026-09-15,2026-12-18,P,88.0,1013,27,0.7128934960937501,0.13,0.05,0.18
NVDA,2026-09-15,2026-12-18,P,89.0,7727,4,0.7041045214843751,0.15,0.07,0.16
NVDA,2026-09-15,2026-12-18,P,90.0,19102,202,0.70312796875,0.12,0.1,0.15
NVDA,2026-09-15,2026-12-18,P,91.0,2086,3,0.6914093359375001,0.19,0.03,0.21
NVDA,2026-09-15,2026-12-18,P,92.0,2395,2,0.6894562304687502,0.24,0.04,0.22
NVDA,2026-09-15,2026-12-18,P,93.0,2452,1,0.6806672558593752,0.12,0.04,0.22
NVDA,2026-09-15,2026-12-18,P,94.0,996,2,0.6787141503906251,0.19,0.05,0.23
NVDA,2026-09-15,2026-12-18,P,95.0,5858,26,0.6738313867187502,0.17,0.1,0.19
NVDA,2026-09-15,2026-12-18,P,96.0,2008,2,0.6679720703125002,0.18,0.06,0.24
NVDA,2026-09-15,2026-12-18,P,97.0,1327,3,0.6738313867187502,0.18,0.1,0.25
NVDA,2026-09-15,2026-12-18,P,98.0,940,1,0.65820654296875,0.17,0.07,0.25
NVDA,2026-09-15,2026-12-18,P,99.0,2650,3,0.6552768847656252,0.19,0.1,0.24
NVDA,2026-09-15,2026-12-18,P,100.0,31395,790,0.64648791015625,0.16,0.16,0.18
NVDA,2026-09-15,2026-12-18,P,101.0,5318,2,0.648441015625,0.21,0.15,0.23
NVDA,2026-09-15,2026-12-18,P,102.0,928,1,0.647464462890625,0.23,0.13,0.28
NVDA,2026-09-15,2026-12-18,P,103.0,1570,1,0.6347692773437501,0.18,0.1,0.29
NVDA,2026-09-15,2026-12-18,P,104.0,789,9,0.6269568554687501,0.21,0.11,0.28
NVDA,2026-09-15,2026-12-18,P,105.0,5934,1,0.624027197265625,0.24,0.16,0.25
NVDA,2026-09-15,2026-12-18,P,106.0,864,9,0.6201209863281252,0.22,0.12,0.31
NVDA,2026-09-15,2026-12-18,P,107.0,1537,60,0.6162147753906251,0.26,0.13,0.32
NVDA,2026-09-15,2026-12-18,P,108.0,2551,10,0.6123085644531252,0.28,0.14,0.33
NVDA,2026-09-15,2026-12-18,P,109.0,624,2,0.6132851171875001,0.29,0.18,0.34
NVDA,2026-09-15,2026-12-18,P,110.0,18423,51,0.6074258007812501,0.26,0.24,0.29
NVDA,2026-09-15,2026-12-18,P,111.0,769,1,0.6030313134765627,0.24,0.25,0.3
NVDA,2026-09-15,2026-12-18,P,112.0,3824,16,0.5927775097656252,0.27,0.22,0.31
NVDA,2026-09-15,2026-12-18,P,113.0,3274,35,0.5883830224609375,0.31,0.23,0.32
NVDA,2026-09-15,2026-12-18,P,114.0,2167,5,0.5839885351562499,0.29,0.19,0.38
NVDA,2026-09-15,2026-12-18,P,115.0,6530,1,0.5795940478515625,0.33,0.25,0.34
NVDA,2026-09-15,2026-12-18,P,116.0,4857,1,0.57617611328125,0.31,0.26,0.36
NVDA,2026-09-15,2026-12-18,P,117.0,1841,1,0.5732464550781251,0.37,0.23,0.42
NVDA,2026-09-15,2026-12-18,P,118.0,1862,1,0.56836369140625,0.37,0.24,0.43
NVDA,2026-09-15,2026-12-18,P,119.0,1286,3,0.5732464550781251,0.38,0.33,0.44
NVDA,2026-09-15,2026-12-18,P,120.0,19650,51,0.5576216113281252,0.35,0.31,0.39
NVDA,2026-09-15,2026-12-18,P,121.0,893,1,0.5542036767578126,0.36,0.27,0.46
NVDA,2026-09-15,2026-12-18,P,122.0,1581,9,0.551762294921875,0.43,0.29,0.48
NVDA,2026-09-15,2026-12-18,P,123.0,1445,1,0.5454147021484376,0.41,0.35,0.43
NVDA,2026-09-15,2026-12-18,P,124.0,7526,1,0.5405319384765627,0.4,0.36,0.44
NVDA,2026-09-15,2026-12-18,P,125.0,19313,13,0.5385788330078126,0.42,0.4,0.45
NVDA,2026-09-15,2026-12-18,P,126.0,2966,1,0.5317429638671876,0.45,0.38,0.47
NVDA,2026-09-15,2026-12-18,P,127.0,3363,1,0.5305222729492188,0.43,0.41,0.5
NVDA,2026-09-15,2026-12-18,P,128.0,1422,3,0.5317429638671876,0.52,0.43,0.57
NVDA,2026-09-15,2026-12-18,P,129.0,1631,1,0.5210008837890624,0.53,0.43,0.53
NVDA,2026-09-15,2026-12-18,P,130.0,14024,41,0.5185595019531251,0.5,0.46,0.55
NVDA,2026-09-15,2026-12-18,P,132.0,3174,1,0.5097705273437501,0.56,0.49,0.58
NVDA,2026-09-15,2026-12-18,P,134.0,3374,5,0.5036670727539063,0.57,0.54,0.63
NVDA,2026-09-15,2026-12-18,P,135.0,7561,30,0.5048877636718749,0.59,0.56,0.64
NVDA,2026-09-15,2026-12-18,P,136.0,1762,7,0.5019581054687501,0.58,0.58,0.67
NVDA,2026-09-15,2026-12-18,P,138.0,4161,2,0.49341326904296884,0.66,0.63,0.71
NVDA,2026-09-15,2026-12-18,P,140.0,17862,205,0.4870656762695313,0.7,0.7,0.77
NVDA,2026-09-15,2026-12-18,P,142.0,2318,1,0.4846242944335938,0.81,0.68,0.87
NVDA,2026-09-15,2026-12-18,P,144.0,2293,1,0.4770560107421875,0.92,0.74,0.93
NVDA,2026-09-15,2026-12-18,P,145.0,7634,2,0.4699760034179688,0.84,0.86,0.93
NVDA,2026-09-15,2026-12-18,P,146.0,4761,77,0.4660697924804688,1.02,0.87,0.96
NVDA,2026-09-15,2026-12-18,P,148.0,4510,1,0.46191944335937507,0.92,0.95,1.06
NVDA,2026-09-15,2026-12-18,P,150.0,26450,525,0.4567925415039063,1.07,1.06,1.16
NVDA,2026-09-15,2026-12-18,P,152.0,2050,26,0.45361874511718747,1.31,1.11,1.29
NVDA,2026-09-15,2026-12-18,P,154.0,1579,6,0.45178770874023444,1.2,1.16,1.45
NVDA,2026-09-15,2026-12-18,P,155.0,13036,34,0.4408014904785156,1.23,1.3,1.4
NVDA,2026-09-15,2026-12-18,P,156.0,1781,32,0.44324287231445314,1.56,1.27,1.53
NVDA,2026-09-15,2026-12-18,P,158.0,3915,15,0.4331111376953125,1.47,1.5,1.59
NVDA,2026-09-15,2026-12-18,P,160.0,45575,122,0.42664147583007817,1.6,1.64,1.71
NVDA,2026-09-15,2026-12-18,P,162.0,4015,1,0.4233456103515625,1.67,1.77,1.89
NVDA,2026-09-15,2026-12-18,P,164.0,9783,20,0.4226742303466796,2.01,2.0,2.13
NVDA,2026-09-15,2026-12-18,P,165.0,22057,42,0.41687594848632803,2.06,2.06,2.16
NVDA,2026-09-15,2026-12-18,P,166.0,2005,43,0.41547215393066406,2.07,2.05,2.27
NVDA,2026-09-15,2026-12-18,P,167.0,4418,7,0.41687594848632803,2.48,2.26,2.44
NVDA,2026-09-15,2026-12-18,P,168.0,2662,264,0.41089456298828125,2.46,2.43,2.47
NVDA,2026-09-15,2026-12-18,P,169.0,3499,1,0.4097959411621094,2.68,2.49,2.6
NVDA,2026-09-15,2026-12-18,P,170.0,19532,690,0.40796490478515623,2.61,2.62,2.72
NVDA,2026-09-15,2026-12-18,P,171.0,3426,24,0.40546248840332033,2.92,2.7,2.83
NVDA,2026-09-15,2026-12-18,P,172.0,2979,17,0.40772076660156253,2.57,2.8,3.05
NVDA,2026-09-15,2026-12-18,P,173.0,3150,36,0.40430283203125,2.77,3.0,3.15
NVDA,2026-09-15,2026-12-18,P,174.0,2943,2,0.400823862915039,3.15,3.1,3.25
NVDA,2026-09-15,2026-12-18,P,175.0,13842,77,0.40131213928222653,3.09,3.3,3.45
NVDA,2026-09-15,2026-12-18,P,176.0,2646,17,0.397466962890625,3.4,3.4,3.55
NVDA,2026-09-15,2026-12-18,P,177.0,2231,19,0.3954528228759766,3.35,3.55,3.7
NVDA,2026-09-15,2026-12-18,P,178.0,4479,1,0.39514765014648445,3.5,3.75,3.9
NVDA,2026-09-15,2026-12-18,P,179.0,2410,1,0.3927062683105469,3.65,3.9,4.05
NVDA,2026-09-15,2026-12-18,P,180.0,26275,628,0.3919128192138671,4.15,4.2,4.25
NVDA,2026-09-15,2026-12-18,P,181.0,4243,30,0.3890441955566406,3.9,4.25,4.4
NVDA,2026-09-15,2026-12-18,P,182.0,2441,27,0.3895324719238281,4.6,4.45,4.65
NVDA,2026-09-15,2026-12-18,P,183.0,2727,10,0.3862976409912109,4.6,4.65,4.8
NVDA,2026-09-15,2026-12-18,P,184.0,1712,4,0.38623660644531244,4.9,4.9,5.05
NVDA,2026-09-15,2026-12-18,P,185.0,13265,159,0.3842835009765625,5.18,5.1,5.25
NVDA,2026-09-15,2026-12-18,P,186.0,1948,24,0.3820862573242187,4.88,5.3,5.45
NVDA,2026-09-15,2026-12-18,P,187.0,3520,43,0.38129280822753897,5.2,5.5,5.7
NVDA,2026-09-15,2026-12-18,P,188.0,2378,11,0.3786683227539062,5.4,5.75,5.9
NVDA,2026-09-15,2026-12-18,P,189.0,2147,3,0.3789124609375,5.6,6.0,6.2
NVDA,2026-09-15,2026-12-18,P,190.0,29196,218,0.3758607336425781,6.4,6.25,6.4
NVDA,2026-09-15,2026-12-18,P,191.0,2320,497,0.37415176635742187,6.3,6.5,6.65
NVDA,2026-09-15,2026-12-18,P,192.0,1929,95,0.3736024554443359,6.8,6.8,6.95
NVDA,2026-09-15,2026-12-18,P,193.0,1915,4,0.37424331817626955,6.6,7.1,7.3
NVDA,2026-09-15,2026-12-18,P,194.0,2941,44,0.37317521362304684,6.9,7.45,7.6
NVDA,2026-09-15,2026-12-18,P,195.0,16908,610,0.37189348815917966,7.7,7.7,7.9
NVDA,2026-09-15,2026-12-18,P,200.0,45901,637,0.3645998599243164,9.47,9.3,9.5
NVDA,2026-09-15,2026-12-18,P,205.0,12118,579,0.36151761535644533,10.55,11.3,11.5
NVDA,2026-09-15,2026-12-18,P,210.0,24512,346,0.3559939889526367,12.96,13.45,13.65
NVDA,2026-09-15,2026-12-18,P,212.0,2305,232,0.35309484802246094,14.25,14.3,14.55
NVDA,2026-09-15,2026-12-18,P,213.0,1561,224,0.35242346801757807,14.95,14.8,15.05
NVDA,2026-09-15,2026-12-18,P,214.0,2538,14,0.35156898437499995,15.45,15.35,15.55
NVDA,2026-09-15,2026-12-18,P,215.0,5469,737,0.3504398452758788,15.9,15.85,16.05
NVDA,2026-09-15,2026-12-18,P,216.0,1168,40,0.3513858807373046,15.15,16.4,16.65
NVDA,2026-09-15,2026-12-18,P,217.0,2993,159,0.35095863891601553,15.95,17.0,17.2
NVDA,2026-09-15,2026-12-18,P,218.0,916,57,0.3479679461669921,16.25,17.6,17.65
NVDA,2026-09-15,2026-12-18,P,219.0,1305,12,0.34705242797851554,18.2,18.0,18.2
NVDA,2026-09-15,2026-12-18,P,220.0,39165,244,0.3459232888793945,18.48,18.55,18.75
NVDA,2026-09-15,2026-12-18,P,221.0,1645,403,0.3468693243408203,17.8,19.2,19.4
NVDA,2026-09-15,2026-12-18,P,222.0,613,4,0.3476017388916015,18.55,19.75,20.05
NVDA,2026-09-15,2026-12-18,P,223.0,548,39,0.34577070251464836,18.6,20.35,20.6
NVDA,2026-09-15,2026-12-18,P,224.0,960,15,0.3448551843261719,21.4,20.95,21.2
NVDA,2026-09-15,2026-12-18,P,225.0,3216,18,0.3436955279541015,20.87,21.6,21.8
NVDA,2026-09-15,2026-12-18,P,226.0,869,1,0.3435124243164062,21.0,22.2,22.45
NVDA,2026-09-15,2026-12-18,P,227.0,523,55,0.3430851824951171,21.12,22.7,23.1
NVDA,2026-09-15,2026-12-18,P,228.0,2230,5,0.34003345520019534,23.57,23.3,23.65
NVDA,2026-09-15,2026-12-18,P,230.0,8617,547,0.33801931518554684,24.47,24.55,24.95
NVDA,2026-09-15,2026-12-18,P,235.0,3681,2,0.33518120880126956,27.37,28.1,28.45
NVDA,2026-09-15,2026-12-18,P,240.0,1915,7,0.3347234497070312,29.6,31.7,32.25
NVDA,2026-09-15,2026-12-18,P,245.0,952,14,0.3347844842529296,36.4,35.45,36.25
NVDA,2026-09-15,2026-12-18,P,250.0,2292,9,0.3311834460449219,37.35,39.65,40.3
NVDA,2026-09-15,2026-12-18,P,255.0,1290,3,0.3154975677490234,44.74,43.75,44.2
NVDA,2026-09-15,2026-12-18,P,260.0,1136,3,0.31653515502929686,45.95,48.2,48.7
NVDA,2026-09-15,2026-12-18,P,265.0,713,2,0.3125679095458984,54.1,52.3,53.2
NVDA,2026-09-15,2026-12-18,P,270.0,1454,33,0.3233710241699218,55.65,57.55,58.05
NVDA,2026-09-15,2026-12-18,P,275.0,1147,49,0.3259344750976562,51.8,62.35,62.8
NVDA,2026-09-15,2026-12-18,P,280.0,306,1,0.3532779516601562,65.4,66.8,67.95
NVDA,2026-09-15,2026-12-18,P,285.0,329,4,0.37036762451171873,73.0,71.75,72.95
NVDA,2026-09-15,2026-12-18,P,290.0,346,3,0.3481510498046875,78.98,76.65,77.45
NVDA,2026-09-15,2026-12-18,P,295.0,25,1,0.3632876171875,66.35,81.65,82.45
NVDA,2026-09-15,2026-12-18,P,300.0,16,3,0.39978627563476565,89.0,86.6,87.7
NVDA,2026-09-15,2026-12-18,P,305.0,1,1,0.3971007556152344,85.32,91.55,92.5
NVDA,2026-09-15,2026-12-18,P,310.0,0,1,0.411138701171875,82.67,96.45,97.5
NVDA,2026-09-15,2026-12-18,P,315.0,0,46,0.44336494140625,98.86,101.6,102.7
NVDA,2026-09-15,2026-12-18,P,320.0,0,45,0.45715874877929696,95.38,106.6,107.7
NVDA,2026-09-15,2026-12-18,P,325.0,0,35,0.47070841796875,100.12,111.6,112.7
NVDA,2026-09-15,2026-12-18,P,330.0,0,46,0.4644828942871094,113.78,116.45,117.5
NVDA,2026-09-15,2026-12-18,P,340.0,0,3,0.5095263891601562,117.17,126.6,127.7
NVDA,2026-09-15,2026-12-18,P,345.0,0,35,0.5219774365234374,120.04,131.6,132.7
NVDA,2026-09-15,2026-12-18,P,350.0,0,1,1.0000000000000003e-05,142.3,0.0,0.0
NVDA,2026-09-15,2026-12-18,P,355.0,0,0,0.7384669708251952,138.0,144.8,146.8
NVDA,2026-09-15,2026-12-18,P,360.0,0,1,1.0000000000000003e-05,183.78,0.0,0.0
NVDA,2026-09-15,2026-12-18,P,370.0,0,3,1.0000000000000003e-05,155.05,0.0,0.0
NVDA,2026-09-15,2026-12-18,P,380.0,0,10,1.0000000000000003e-05,167.35,0.0,0.0
NVDA,2026-09-15,2026-12-18,P,390.0,0,1,1.0000000000000003e-05,159.5,0.0,0.0
NVDA,2026-09-15,2026-12-18,P,400.0,0,1,0.5727581787109376,171.37,186.6,187.75
NVDA,2026-09-15,2026-12-18,P,410.0,0,1,0.8712171081542968,183.0,199.25,202.1
NVDA,2026-09-15,2026-12-18,P,420.0,58,1,1.0000000000000003e-05,18.75,16.45,18.8
NVDA,2026-09-15,2026-12-18,P,430.0,92,1,1.0000000000000003e-05,22.05,17.65,20.1
NVDA,2026-09-15,2026-12-18,P,440.0,117,5,1.0000000000000003e-05,20.99,18.85,21.35
NVDA,2026-09-15,2026-12-18,P,450.0,1614,15,1.0000000000000003e-05,22.1,20.55,22.2
NVDA,2026-09-15,2026-12-18,P,460.0,100,1,1.0000000000000003e-05,23.35,21.4,24.05
NVDA,2026-09-15,2026-12-18,P,470.0,142,5,1.0000000000000003e-05,25.19,22.8,25.45
NVDA,2026-09-15,2026-12-18,P,480.0,110,2,1.0000000000000003e-05,26.25,24.2,26.95
NVDA,2026-09-15,2026-12-18,P,490.0,76,4,1.0000000000000003e-05,28.1,25.7,28.45
NVDA,2026-09-15,2026-12-18,P,500.0,1244,11,1.0000000000000003e-05,28.8,28.8,29.65
NVDA,2026-09-15,2026-12-18,P,510.0,177,2,1.0000000000000003e-05,30.6,29.6,31.35
NVDA,2026-09-15,2026-12-18,P,520.0,85,18,1.0000000000000003e-05,33.8,31.0,33.0
NVDA,2026-09-15,2026-12-18,P,530.0,79,2,1.0000000000000003e-05,35.45,32.95,34.8
NVDA,2026-09-15,2026-12-18,P,540.0,242,1,1.0000000000000003e-05,36.2,34.55,37.25
NVDA,2026-09-15,2026-12-18,P,550.0,292,3,1.0000000000000003e-05,38.0,36.85,38.5
NVDA,2026-09-15,2026-12-18,P,560.0,148,2,1.0000000000000003e-05,47.87,38.05,40.45
NVDA,2026-09-15,2026-12-18,P,570.0,532,2,1.0000000000000003e-05,42.75,41.0,42.45
NVDA,2026-09-15,2026-12-18,P,580.0,685,30,1.0000000000000003e-05,51.5,42.6,44.65
NVDA,2026-09-15,2026-12-18,P,590.0,46,1,1.0000000000000003e-05,46.26,44.0,47.3
NVDA,2026-09-15,2026-12-18,P,600.0,1771,22,1.0000000000000003e-05,47.7,46.0,47.9
NVDA,2026-09-15,2026-12-18,P,610.0,291,2,1.0000000000000003e-05,50.02,48.55,50.8
NVDA,2026-09-15,2026-12-18,P,620.0,207,2,1.0000000000000003e-05,54.47,50.5,53.05
NVDA,2026-09-15,2026-12-18,P,630.0,117,2,1.0000000000000003e-05,54.66,54.4,55.55
NVDA,2026-09-15,2026-12-18,P,640.0,50,3,1.0000000000000003e-05,58.9,55.25,58.75
NVDA,2026-09-15,2026-12-18,P,650.0,2038,4,1.0000000000000003e-05,60.6,58.9,60.65
NVDA,2026-09-15,2026-12-18,P,660.0,96,5,1.0000000000000003e-05,68.38,60.0,63.8
NVDA,2026-09-15,2026-12-18,P,670.0,110,1,1.0000000000000003e-05,65.0,62.5,66.4
NVDA,2026-09-15,2026-12-18,P,680.0,182,2,1.0000000000000003e-05,68.8,65.65,68.8
NVDA,2026-09-15,2026-12-18,P,690.0,279,1,1.0000000000000003e-05,72.9,68.4,71.5
NVDA,2026-09-15,2026-12-18,P,700.0,827,2,1.0000000000000003e-05,73.05,70.4,73.6
NVDA,2026-09-15,2026-12-18,P,710.0,77,12,1.0000000000000003e-05,74.69,73.85,76.65
NVDA,2026-09-15,2026-12-18,P,720.0,1667,20,1.0000000000000003e-05,81.85,76.15,79.25
NVDA,2026-09-15,2026-12-18,P,730.0,57,20,1.0000000000000003e-05,84.65,79.45,82.5
NVDA,2026-09-15,2026-12-18,P,740.0,124,6,1.0000000000000003e-05,84.61,82.3,85.5
NVDA,2026-09-15,2026-12-18,P,750.0,399,12,1.0000000000000003e-05,87.25,85.55,88.35
NVDA,2026-09-15,2026-12-18,P,760.0,188,2,1.0000000000000003e-05,93.4,88.35,91.65
NVDA,2026-09-15,2026-12-18,P,770.0,117,3,1.0000000000000003e-05,92.8,91.6,94.85
NVDA,2026-09-15,2026-12-18,P,780.0,154,8,1.0000000000000003e-05,97.0,94.9,98.05
NVDA,2026-09-15,2026-12-18,P,790.0,78,1,1.0000000000000003e-05,100.25,98.2,101.25
NVDA,2026-09-15,2026-12-18,P,800.0,405,20,1.0000000000000003e-05,102.78,101.45,104.5
NVDA,2026-09-15,2026-12-18,P,810.0,221,8,1.0000000000000003e-05,107.18,104.85,108.05
NVDA,2026-09-15,2026-12-18,P,820.0,121,12,1.0000000000000003e-05,110.6,108.25,111.55
NVDA,2026-09-15,2026-12-18,P,830.0,141,1,1.0000000000000003e-05,112.93,111.7,115.05
NVDA,2026-09-15,2026-12-18,P,840.0,57,5,1.0000000000000003e-05,122.23,115.25,118.55
NVDA,2026-09-15,2026-12-18,P,850.0,183,7,1.0000000000000003e-05,124.75,118.8,122.1
NVDA,2026-09-15,2026-12-18,P,860.0,61,2,1.0000000000000003e-05,124.0,122.4,125.95
NVDA,2026-09-15,2026-12-18,P,870.0,55,1,1.0000000000000003e-05,133.0,126.05,129.75
NVDA,2026-09-15,2026-12-18,P,880.0,78,1,1.0000000000000003e-05,137.0,129.9,133.55
NVDA,2026-09-15,2026-12-18,P,890.0,114,6,1.0000000000000003e-05,138.4,133.6,137.0
NVDA,2026-09-15,2026-12-18,P,900.0,317,11,1.0000000000000003e-05,139.0,137.7,141.1
NVDA,2026-09-15,2026-12-18,P,910.0,107,2,1.0000000000000003e-05,147.8,141.55,145.2
NVDA,2026-09-15,2026-12-18,P,920.0,111,1,1.0000000000000003e-05,152.0,145.5,149.0
NVDA,2026-09-15,2026-12-18,P,930.0,127,32,1.0000000000000003e-05,154.25,149.65,152.9
NVDA,2026-09-15,2026-12-18,P,940.0,59,1,1.0000000000000003e-05,161.0,153.45,157.5
NVDA,2026-09-15,2026-12-18,P,950.0,148,1,1.0000000000000003e-05,160.28,157.8,161.5
NVDA,2026-09-15,2026-12-18,P,960.0,44,1,1.0000000000000003e-05,164.74,161.95,165.95
NVDA,2026-09-15,2026-12-18,P,970.0,70,53,1.0000000000000003e-05,172.5,166.15,170.3
NVDA,2026-09-15,2026-12-18,P,980.0,30,2,1.0000000000000003e-05,174.74,170.4,174.65
NVDA,2026-09-15,2026-12-18,P,990.0,133,2,1.0000000000000003e-05,178.45,174.75,179.0
NVDA,2026-09-15,2026-12-18,P,1000.0,444,12,1.0000000000000003e-05,182.0,179.25,182.65
NVDA,2026-09-15,2026-12-18,P,1010.0,28,2,1.0000000000000003e-05,190.0,183.75,188.0
NVDA,2026-09-15,2026-12-18,P,1020.0,18,2,1.0000000000000003e-05,194.0,188.25,192.25
NVDA,2026-09-15,2026-12-18,P,1030.0,19,1,1.0000000000000003e-05,197.8,192.7,197.25
NVDA,2026-09-15,2026-12-18,P,1040.0,33,2,1.0000000000000003e-05,200.62,197.2,201.9
NVDA,2026-09-15,2026-12-18,P,1050.0,95,4,1.0000000000000003e-05,204.22,202.2,206.15
NVDA,2026-09-15,2026-12-18,P,1060.0,20,1,1.0000000000000003e-05,234.33,206.8,211.3
NVDA,2026-09-15,2026-12-18,P,1070.0,7,5,1.0000000000000003e-05,214.95,211.5,216.2
NVDA,2026-09-15,2026-12-18,P,1080.0,16,1,1.0000000000000003e-05,212.8,216.4,221.1
NVDA,2026-09-15,2026-12-18,P,1090.0,6,3,1.0000000000000003e-05,224.53,221.2,225.65
NVDA,2026-09-15,2026-12-18,P,1100.0,336,2,1.0000000000000003e-05,229.6,226.35,230.75
NVDA,2026-09-15,2026-12-18,P,1110.0,37,6,1.0000000000000003e-05,234.0,231.25,236.0
NVDA,2026-09-15,2026-12-18,P,1120.0,194,1,1.0000000000000003e-05,231.27,236.15,240.65
NVDA,2026-09-15,2026-12-18,P,1130.0,254,2,1.0000000000000003e-05,245.58,241.15,245.55
NVDA,2026-09-15,2026-12-18,P,1140.0,29,4,1.0000000000000003e-05,249.98,246.1,250.8
NVDA,2026-09-15,2026-12-18,P,1150.0,119,8,1.0000000000000003e-05,254.66,251.7,255.55
NVDA,2026-09-15,2026-12-18,P,1160.0,5,3,1.0000000000000003e-05,260.37,256.7,259.7
NVDA,2026-09-15,2026-12-18,P,1170.0,4,1,1.0000000000000003e-05,271.37,262.05,266.5
NVDA,2026-09-15,2026-12-18,P,1180.0,240,1,1.0000000000000003e-05,276.73,267.25,271.95
NVDA,2026-09-15,2026-12-18,P,1190.0,8,14,1.0000000000000003e-05,272.8,272.4,277.25
NVDA,2026-09-15,2026-12-18,P,1200.0,238,26,1.0000000000000003e-05,280.36,274.65,287.8
NVDA,2026-09-15,2026-12-18,P,1210.0,41,1,1.0000000000000003e-05,285.37,278.0,288.8
NVDA,2026-09-15,2026-12-18,P,1220.0,104,1,1.0000000000000003e-05,294.0,282.8,295.4
NVDA,2026-09-15,2026-12-18,P,1230.0,8,1,1.0000000000000003e-05,296.85,288.7,301.05
NVDA,2026-09-15,2026-12-18,P,1240.0,30,1,1.0000000000000003e-05,293.1,294.8,309.3
NVDA,2026-09-15,2026-12-18,P,1250.0,32,2,1.0000000000000003e-05,316.94,300.7,315.85
NVDA,2026-09-15,2026-12-18,P,1260.0,68,1,1.0000000000000003e-05,324.9,306.7,318.2
NVDA,2026-09-15,2026-12-18,P,1270.0,66,1,1.0000000000000003e-05,344.51,312.45,324.55
NVDA,2026-09-15,2026-12-18,P,1280.0,4,38,1.0000000000000003e-05,337.0,318.5,329.1
NVDA,2026-09-15,2026-12-18,P,1290.0,7,2,1.0000000000000003e-05,335.3,324.65,336.2
NVDA,2026-09-15,2026-12-18,P,1300.0,69,8,1.0000000000000003e-05,348.5,328.85,343.2
NVDA,2026-09-15,2026-12-18,P,1320.0,25,1,1.0000000000000003e-05,373.72,340.7,354.15
NVDA,2026-09-15,2026-12-18,P,1340.0,51,40,1.0000000000000003e-05,369.0,354.1,366.6
NVDA,2026-09-15,2026-12-18,P,1360.0,41,1,1.0000000000000003e-05,396.7,366.55,379.85
NVDA,2026-09-15,2026-12-18,P,1380.0,219,1,1.0000000000000003e-05,412.78,378.7,395.2
NVDA,2026-09-15,2026-12-18,P,1400.0,80,38,1.0000000000000003e-05,397.0,390.65,407.15
NVDA,2026-09-15,2026-12-18,P,1420.0,37,18,1.0000000000000003e-05,425.0,404.55,420.85
NVDA,2026-09-15,2026-12-18,P,1440.0,3,2,1.0000000000000003e-05,454.22,416.55,433.1
NVDA,2026-09-15,2026-12-18,P,1460.0,104,2,1.0000000000000003e-05,511.29,430.4,446.9
NVDA,2026-09-15,2026-12-18,P,1480.0,206,1,1.0000000000000003e-05,460.85,442.7,459.25
NVDA,2026-09-15,2026-12-18,P,1500.0,70,26,1.0000000000000003e-05,475.43,456.4,473.4
NVDA,2026-09-15,2026-12-18,P,1520.0,16,14,1.0000000000000003e-05,489.0,470.35,487.05
NVDA,2026-09-15,2026-12-18,P,1540.0,0,2,1.0000000000000003e-05,677.55,684.0,702.0
NVDA,2026-09-15,2026-12-18,P,1560.0,7,100,1.0000000000000003e-05,496.98,496.25,515.2
NVDA,2026-09-15,2026-12-18,P,1580.0,12,100,1.0000000000000003e-05,510.82,512.05,528.8
NVDA,2026-09-15,2026-12-18,P,1600.0,101,6,1.0000000000000003e-05,540.0,526.0,543.15
NVDA,2026-09-15,2026-12-18,P,1620.0,3,6,1.0000000000000003e-05,634.81,540.1,557.1
NVDA,2026-09-15,2026-12-18,P,1640.0,25,2,1.0000000000000003e-05,558.06,554.05,571.4
NVDA,2026-09-15,2026-12-18,P,1650.0,2,2,1.0000000000000003e-05,565.33,562.05,579.2
NVDA,2026-09-15,2026-12-18,P,1660.0,3,6,1.0000000000000003e-05,667.03,568.1,587.1
NVDA,2026-09-15,2026-12-18,P,1670.0,0,1,1.0000000000000003e-05,675.3,576.0,593.7
NVDA,2026-09-15,2026-12-18,P,1700.0,30,1,1.0000000000000003e-05,607.33,598.0,618.0
NVDA,2026-09-15,2026-12-18,P,1710.0,59,10,1.0000000000000003e-05,612.54,606.0,623.7
NVDA,2026-09-15,2026-12-18,P,1720.0,2,4,1.0000000000000003e-05,716.7,614.0,632.0
NVDA,2026-09-15,2026-12-18,P,1740.0,73,5,1.0000000000000003e-05,668.85,628.0,647.3
NVDA,2026-09-15,2026-12-18,P,1750.0,59,10,1.0000000000000003e-05,642.94,636.0,655.8
NVDA,2026-09-15,2026-12-18,P,1760.0,2,4,1.0000000000000003e-05,750.22,644.0,661.85
NVDA,2026-09-15,2026-12-18,P,1770.0,0,0,1.0000000000000003e-05,917.64,852.35,870.0
NVDA,2026-09-15,2026-12-18,P,1780.0,72,5,1.0000000000000003e-05,700.85,660.0,674.9
NVDA,2026-09-15,2026-12-18,P,1790.0,1,2,1.0000000000000003e-05,899.7,884.0,904.0
NVDA,2026-09-15,2026-12-18,P,1800.0,3,1,1.0000000000000003e-05,718.0,675.0,694.0
NVDA,2026-09-15,2026-12-18,P,1840.0,1,10,1.0000000000000003e-05,759.1,706.0,724.0
NVDA,2026-09-15,2026-12-18,P,1850.0,5,3,1.0000000000000003e-05,720.0,714.0,732.0
NVDA,2026-09-15,2026-12-18,P,1860.0,3,1,1.0000000000000003e-05,974.0,970.1,983.9
NVDA,2026-09-15,2026-12-18,P,1870.0,1,1,1.0000000000000003e-05,791.76,730.0,748.0
NVDA,2026-09-15,2026-12-18,P,1880.0,3,3,1.0000000000000003e-05,1019.0,1002.0,1021.95
NVDA,2026-09-15,2026-12-18,P,1890.0,2,2,1.0000000000000003e-05,999.0,746.0,766.0
NVDA,2026-09-15,2026-12-18,P,1900.0,0,10,1.0000000000000003e-05,1064.0,0.0,0.0
NVDA,2026-09-15,2026-12-18,P,1910.0,0,2,1.0000000000000003e-05,1053.0,984.15,1002.0
NVDA,2026-09-15,2026-12-18,P,1920.0,3,3,1.0000000000000003e-05,1043.9,1042.0,1059.8
NVDA,2026-09-15,2026-12-18,P,1930.0,0,2,1.0000000000000003e-05,1060.61,1025.3,1039.7
NVDA,2026-09-15,2026-12-18,P,1940.0,0,1,1.0000000000000003e-05,778.86,788.0,806.0
NVDA,2026-09-15,2026-12-18,P,1950.0,0,2,1.0000000000000003e-05,806.05,796.0,813.95
NVDA,2026-09-15,2026-12-18,P,2000.0,16,1,1.0000000000000003e-05,821.1,836.0,856.0
NVDA,2026-09-15,2026-12-18,P,2160.0,1,0,1.0000000000000003e-05,1001.03,974.0,994.0
NVDA,2026-09-15,2026-12-18,P,2260.0,102,0,1.0000000000000003e-05,1082.97,1064.0,1084.0
NVDA,2026-09-15,2026-12-18,P,2270.0,2,0,1.0000000000000003e-05,1091.72,1072.0,1092.0
NVDA,2026-09-15,2026-12-18,P,2280.0,101,0,1.0000000000000003e-05,1083.0,1082.0,1100.0
NVDA,2026-09-15,2026-12-18,P,2300.0,1,0,1.0000000000000003e-05,1117.23,1100.0,1118.0
NVDA,2026-09-15,2026-12-18,P,2400.0,1,0,1.0000000000000003e-05,1209.78,1192.0,1212.0
