ticker,date,expiry,type,strike,oi,volume,iv,last,bid,ask
NVDA,2026-08-14,2026-08-17,C,110.0,23,1,6.777345278320313,115.62,113.9,117.9
NVDA,2026-08-14,2026-08-17,C,115.0,23,30,5.929690087890625,110.7,109.1,112.35
NVDA,2026-08-14,2026-08-17,C,120.0,17,34,5.976565029296875,105.7,104.05,107.7
NVDA,2026-08-14,2026-08-17,C,125.0,20,5,5.7343778320312495,100.78,99.05,102.8
NVDA,2026-08-14,2026-08-17,C,130.0,14,6,5.441409448242187,95.77,93.95,97.95
NVDA,2026-08-14,2026-08-17,C,135.0,8,4,5.275394030761718,90.85,89.05,93.05
NVDA,2026-08-14,2026-08-17,C,140.0,22,1,4.871097661132811,86.17,83.95,88.05
NVDA,2026-08-14,2026-08-17,C,145.0,11,0,4.796879003906249,80.42,78.85,83.5
NVDA,2026-08-14,2026-08-17,C,150.0,1,0,4.449223188476562,75.64,73.85,78.45
NVDA,2026-08-14,2026-08-17,C,155.0,9,0,3.8906252734375,70.38,68.85,73.05
NVDA,2026-08-14,2026-08-17,C,160.0,13,18,3.388673403320312,65.65,64.0,67.6
NVDA,2026-08-14,2026-08-17,C,165.0,8,19,2.9531276171874996,60.7,59.05,62.35
NVDA,2026-08-14,2026-08-17,C,167.5,51,1,2.8300810498046873,58.3,56.45,59.95
NVDA,2026-08-14,2026-08-17,C,170.0,0,0,3.3164079589843745,37.47,53.85,58.55
NVDA,2026-08-14,2026-08-17,C,172.5,28,0,3.1523458691406248,53.29,51.35,56.0
NVDA,2026-08-14,2026-08-17,C,175.0,36,42,3.097658505859375,44.56,48.85,53.7
NVDA,2026-08-14,2026-08-17,C,177.5,83,406,2.8945340136718753,48.86,46.35,51.05
NVDA,2026-08-14,2026-08-17,C,180.0,31,14,2.3359416601562493,45.63,43.8,47.75
NVDA,2026-08-14,2026-08-17,C,182.5,125,4,2.14844212890625,43.23,41.45,45.0
NVDA,2026-08-14,2026-08-17,C,185.0,54,15,2.7207063232421875,40.4,39.75,43.35
NVDA,2026-08-14,2026-08-17,C,187.5,154,326,2.4511757470703124,37.52,37.45,40.25
NVDA,2026-08-14,2026-08-17,C,190.0,147,244,1.955078349609375,35.05,34.45,37.3
NVDA,2026-08-14,2026-08-17,C,192.5,87,7,1.5859395703124997,33.36,31.95,34.35
NVDA,2026-08-14,2026-08-17,C,195.0,131,7,1.642579912109375,30.95,29.55,32.05
NVDA,2026-08-14,2026-08-17,C,197.5,113,139,1.78125109375,28.03,27.25,30.05
NVDA,2026-08-14,2026-08-17,C,200.0,388,1,1.5878926855468747,25.55,25.4,26.7
NVDA,2026-08-14,2026-08-17,C,202.5,650,2011,1.7070327148437499,22.78,22.8,25.25
NVDA,2026-08-14,2026-08-17,C,205.0,366,1,1.584963012695312,21.24,20.55,22.6
NVDA,2026-08-14,2026-08-17,C,207.5,650,6966,1.3876983740234374,17.97,18.05,19.85
NVDA,2026-08-14,2026-08-17,C,210.0,715,8,1.0302782861328126,15.97,15.55,16.4
NVDA,2026-08-14,2026-08-17,C,212.5,1599,3,1.1167036352539061,13.25,11.45,14.0
NVDA,2026-08-14,2026-08-17,C,215.0,2127,130,0.709963837890625,10.87,10.6,11.1
NVDA,2026-08-14,2026-08-17,C,217.5,1864,163,0.569340244140625,8.45,8.15,8.5
NVDA,2026-08-14,2026-08-17,C,220.0,10338,321,0.46289599609375004,6.1,5.55,5.9
NVDA,2026-08-14,2026-08-17,C,222.5,4650,602,0.383795224609375,3.45,3.45,3.65
NVDA,2026-08-14,2026-08-17,C,225.0,9050,10084,0.198250205078125,1.17,1.17,1.18
NVDA,2026-08-14,2026-08-17,C,227.5,10628,34945,0.2133867724609375,0.29,0.29,0.3
NVDA,2026-08-14,2026-08-17,C,230.0,10282,21718,0.241218525390625,0.07,0.06,0.07
NVDA,2026-08-14,2026-08-17,C,232.5,7471,8422,0.2929758203124999,0.03,0.02,0.03
NVDA,2026-08-14,2026-08-17,C,235.0,6149,3360,0.32813171874999997,0.01,0.0,0.01
NVDA,2026-08-14,2026-08-17,C,237.5,2499,777,0.398443515625,0.01,0.0,0.01
NVDA,2026-08-14,2026-08-17,C,240.0,4706,433,0.4687553125,0.01,0.0,0.01
NVDA,2026-08-14,2026-08-17,C,242.5,816,26,0.500005,0.01,0.0,0.01
NVDA,2026-08-14,2026-08-17,C,245.0,2063,57,0.5625043750000001,0.01,0.0,0.01
NVDA,2026-08-14,2026-08-17,C,250.0,2180,8,0.6875031250000001,0.01,0.0,0.01
NVDA,2026-08-14,2026-08-17,C,255.0,278,7,0.8125018749999999,0.01,0.0,0.01
NVDA,2026-08-14,2026-08-17,C,260.0,424,10,0.9062509375,0.01,0.0,0.01
NVDA,2026-08-14,2026-08-17,C,265.0,549,533,1.0312548437500002,0.01,0.0,0.01
NVDA,2026-08-14,2026-08-17,C,270.0,100,70,1.125004375,0.01,0.0,0.01
NVDA,2026-08-14,2026-08-17,C,275.0,51,1,1.2500037499999999,0.01,0.0,0.01
NVDA,2026-08-14,2026-08-17,C,280.0,120,31,1.3437532812499997,0.01,0.0,0.01
NVDA,2026-08-14,2026-08-17,C,285.0,72,13,1.4375028125,0.01,0.0,0.01
NVDA,2026-08-14,2026-08-17,C,290.0,102,0,1.5312523437499999,0.02,0.0,0.01
NVDA,2026-08-14,2026-08-17,C,295.0,22,7,1.625001875,0.01,0.0,0.01
NVDA,2026-08-14,2026-08-17,C,300.0,215,15,1.75000125,0.01,0.0,0.01
NVDA,2026-08-14,2026-08-17,C,320.0,5,1,2.0625048437499998,0.01,0.0,0.01
NVDA,2026-08-14,2026-08-17,C,330.0,2,0,2.2500043749999996,0.02,0.0,0.01
NVDA,2026-08-14,2026-08-17,C,340.0,1,1,2.3750040624999995,0.01,0.0,0.01
NVDA,2026-08-14,2026-08-17,C,380.0,6,1,3.1250021875,0.01,0.0,0.01
NVDA,2026-08-14,2026-08-17,P,110.0,6,0,4.437504453124999,0.01,0.0,0.01
NVDA,2026-08-14,2026-08-17,P,120.0,8,0,3.750000625,0.02,0.0,0.01
NVDA,2026-08-14,2026-08-17,P,135.0,35,0,3.06250234375,0.04,0.0,0.01
NVDA,2026-08-14,2026-08-17,P,140.0,1,0,2.8750028125,0.02,0.0,0.01
NVDA,2026-08-14,2026-08-17,P,150.0,22,1,2.43750390625,0.02,0.0,0.01
NVDA,2026-08-14,2026-08-17,P,155.0,34,25,2.2500043749999996,0.01,0.0,0.01
NVDA,2026-08-14,2026-08-17,P,160.0,199,164,2.1250046874999997,0.01,0.0,0.01
NVDA,2026-08-14,2026-08-17,P,165.0,406,368,1.9375003125,0.01,0.0,0.01
NVDA,2026-08-14,2026-08-17,P,167.5,376,341,1.8125009374999999,0.01,0.0,0.01
NVDA,2026-08-14,2026-08-17,P,170.0,195,1,1.75000125,0.01,0.0,0.01
NVDA,2026-08-14,2026-08-17,P,172.5,166,10,1.6875015625,0.01,0.0,0.01
NVDA,2026-08-14,2026-08-17,P,175.0,421,524,1.5625021874999998,0.01,0.0,0.01
NVDA,2026-08-14,2026-08-17,P,177.5,685,305,1.5000025,0.01,0.0,0.01
NVDA,2026-08-14,2026-08-17,P,180.0,504,376,1.4375028125,0.01,0.0,0.01
NVDA,2026-08-14,2026-08-17,P,182.5,92,50,1.3125034374999998,0.02,0.0,0.01
NVDA,2026-08-14,2026-08-17,P,185.0,563,475,1.2500037499999999,0.01,0.0,0.01
NVDA,2026-08-14,2026-08-17,P,187.5,663,611,1.1875040625,0.01,0.0,0.01
NVDA,2026-08-14,2026-08-17,P,190.0,4030,1399,1.09375453125,0.01,0.0,0.01
NVDA,2026-08-14,2026-08-17,P,192.5,1191,683,1.0312548437500002,0.01,0.0,0.01
NVDA,2026-08-14,2026-08-17,P,195.0,6718,31,0.937500625,0.01,0.0,0.01
NVDA,2026-08-14,2026-08-17,P,197.5,1730,16,0.87500125,0.01,0.0,0.01
NVDA,2026-08-14,2026-08-17,P,200.0,4420,63,0.7812521875,0.01,0.0,0.01
NVDA,2026-08-14,2026-08-17,P,202.5,2620,40,0.7187528125,0.01,0.0,0.01
NVDA,2026-08-14,2026-08-17,P,205.0,9321,850,0.64062859375,0.01,0.0,0.01
NVDA,2026-08-14,2026-08-17,P,207.5,4901,2442,0.5625043750000001,0.01,0.0,0.01
NVDA,2026-08-14,2026-08-17,P,210.0,5698,1115,0.500005,0.01,0.0,0.01
NVDA,2026-08-14,2026-08-17,P,212.5,1962,345,0.49219257812500006,0.02,0.01,0.02
NVDA,2026-08-14,2026-08-17,P,215.0,9274,2576,0.4062559375,0.02,0.01,0.02
NVDA,2026-08-14,2026-08-17,P,217.5,6555,1336,0.35156898437499995,0.04,0.03,0.04
NVDA,2026-08-14,2026-08-17,P,220.0,14056,5569,0.28516339843749994,0.08,0.06,0.07
NVDA,2026-08-14,2026-08-17,P,222.5,6312,12985,0.23926541992187497,0.21,0.2,0.21
NVDA,2026-08-14,2026-08-17,P,225.0,7640,15998,0.23706817626953125,0.89,0.88,0.9
NVDA,2026-08-14,2026-08-17,P,227.5,1080,2433,0.2758861474609374,2.57,2.52,2.57
NVDA,2026-08-14,2026-08-17,P,230.0,396,156,1.0000000000000003e-05,4.3,4.15,4.5
NVDA,2026-08-14,2026-08-17,P,232.5,466,136,1.0000000000000003e-05,6.75,6.45,7.0
NVDA,2026-08-14,2026-08-17,P,235.0,244,34,0.5576216113281252,9.6,8.5,11.05
NVDA,2026-08-14,2026-08-17,P,237.5,737,1,1.0000000000000003e-05,11.51,10.95,11.8
NVDA,2026-08-14,2026-08-17,P,240.0,0,6,1.0000000000000003e-05,14.52,13.85,14.45
NVDA,2026-08-14,2026-08-17,P,242.5,0,0,1.052739111328125,17.12,15.95,17.6
NVDA,2026-08-14,2026-08-17,P,245.0,1,1,0.9335944140625,18.98,18.15,19.75
NVDA,2026-08-14,2026-08-17,P,250.0,0,0,1.3642609912109376,24.91,23.45,25.1
NVDA,2026-08-14,2026-08-17,P,255.0,0,0,1.5585959570312498,30.08,28.15,30.1
NVDA,2026-08-14,2026-08-17,P,260.0,0,0,1.7421887890624999,34.55,33.45,35.1
NVDA,2026-08-14,2026-08-17,P,265.0,0,0,2.0517626831054683,39.88,38.6,40.3
NVDA,2026-08-14,2026-08-17,P,270.0,0,0,2.090825085449218,44.64,43.45,45.1
NVDA,2026-08-14,2026-08-17,P,275.0,5,0,2.4335976660156247,49.28,48.45,50.35
NVDA,2026-08-14,2026-08-17,P,280.0,0,0,2.1992232519531245,55.25,53.45,56.3
NVDA,2026-08-14,2026-08-17,P,285.0,0,0,2.3144573388671867,60.27,58.45,61.25
NVDA,2026-08-14,2026-08-17,P,290.0,0,0,2.80469048828125,64.4,63.45,65.2
NVDA,2026-08-14,2026-08-19,C,130.0,1,0,3.393556203613281,96.32,93.5,98.95
NVDA,2026-08-14,2026-08-19,C,140.0,0,0,3.065432023925781,77.39,83.5,89.15
NVDA,2026-08-14,2026-08-19,C,155.0,1,0,2.4560585473632814,71.47,68.55,73.95
NVDA,2026-08-14,2026-08-19,C,160.0,5,0,2.2949261376953123,59.83,63.55,69.0
NVDA,2026-08-14,2026-08-19,C,170.0,0,0,1.8876958740234375,41.28,53.5,58.8
NVDA,2026-08-14,2026-08-19,C,175.0,16,40,1.7763683056640622,50.72,48.55,53.95
NVDA,2026-08-14,2026-08-19,C,180.0,30,10,1.6689469677734377,45.62,43.75,49.0
NVDA,2026-08-14,2026-08-19,C,182.5,46,255,1.5126977490234375,42.85,42.4,45.0
NVDA,2026-08-14,2026-08-19,C,185.0,50,22,1.3896514892578122,40.17,38.55,43.65
NVDA,2026-08-14,2026-08-19,C,187.5,50,70,1.15625421875,38.31,36.5,40.1
NVDA,2026-08-14,2026-08-19,C,190.0,56,1,1.2680700659179687,35.33,33.95,38.4
NVDA,2026-08-14,2026-08-19,C,192.5,79,70,1.280765314941406,33.44,32.65,35.2
NVDA,2026-08-14,2026-08-19,C,195.0,89,1,1.1586956127929686,31.26,29.35,33.25
NVDA,2026-08-14,2026-08-19,C,197.5,83,40,1.0546922265625,27.93,27.65,29.8
NVDA,2026-08-14,2026-08-19,C,200.0,120,1,0.993164130859375,25.67,25.0,27.55
NVDA,2026-08-14,2026-08-19,C,202.5,83,36,0.8247087841796874,23.12,23.5,23.5
NVDA,2026-08-14,2026-08-19,C,205.0,160,2,0.8569350244140624,21.29,20.4,22.3
NVDA,2026-08-14,2026-08-19,C,207.5,130,83,0.5625043750000001,17.85,17.35,19.05
NVDA,2026-08-14,2026-08-19,C,210.0,421,178,0.446294599609375,15.57,15.25,15.6
NVDA,2026-08-14,2026-08-19,C,212.5,312,346,0.62305064453125,13.7,13.25,14.55
NVDA,2026-08-14,2026-08-19,C,215.0,887,237,0.506840869140625,11.16,11.1,11.25
NVDA,2026-08-14,2026-08-19,C,217.5,614,40,0.30811238769531246,8.47,8.1,8.25
NVDA,2026-08-14,2026-08-19,C,220.0,1328,353,0.3061592822265625,5.99,6.0,6.1
NVDA,2026-08-14,2026-08-19,C,222.5,1192,138,0.28711650390624993,4.11,4.0,4.1
NVDA,2026-08-14,2026-08-19,C,225.0,8006,2096,0.28394270751953116,2.55,2.52,2.55
NVDA,2026-08-14,2026-08-19,C,227.5,5367,5627,0.2829661547851562,1.49,1.41,1.44
NVDA,2026-08-14,2026-08-19,C,230.0,10863,3193,0.2910227148437499,0.76,0.75,0.78
NVDA,2026-08-14,2026-08-19,C,232.5,4125,1800,0.301764794921875,0.46,0.4,0.41
NVDA,2026-08-14,2026-08-19,C,235.0,2990,1102,0.3232489550781249,0.23,0.23,0.24
NVDA,2026-08-14,2026-08-19,C,237.5,1850,348,0.32129584960937496,0.11,0.09,0.1
NVDA,2026-08-14,2026-08-19,C,240.0,2660,387,0.33399103515625,0.05,0.04,0.05
NVDA,2026-08-14,2026-08-19,C,242.5,768,210,0.367193828125,0.03,0.03,0.04
NVDA,2026-08-14,2026-08-19,C,245.0,8115,1012,0.3789124609375,0.02,0.01,0.02
NVDA,2026-08-14,2026-08-19,C,250.0,948,1253,0.45703667968750006,0.01,0.01,0.02
NVDA,2026-08-14,2026-08-19,C,255.0,175,114,0.500005,0.01,0.0,0.01
NVDA,2026-08-14,2026-08-19,C,260.0,221,171,0.5312546875,0.02,0.0,0.01
NVDA,2026-08-14,2026-08-19,C,265.0,3397,11,0.5937540625000001,0.01,0.0,0.01
NVDA,2026-08-14,2026-08-19,C,270.0,1475,1524,0.6562534375000001,0.01,0.0,0.01
NVDA,2026-08-14,2026-08-19,C,275.0,736,981,0.7187528125,0.01,0.0,0.01
NVDA,2026-08-14,2026-08-19,C,280.0,94,13,0.7812521875,0.01,0.0,0.01
NVDA,2026-08-14,2026-08-19,C,285.0,1020,1005,0.8437515624999999,0.01,0.0,0.01
NVDA,2026-08-14,2026-08-19,C,290.0,13,12,0.87500125,0.01,0.0,0.01
NVDA,2026-08-14,2026-08-19,C,300.0,9,3,0.98437515625,0.02,0.0,0.01
NVDA,2026-08-14,2026-08-19,C,310.0,3,0,1.15625421875,0.01,0.0,0.01
NVDA,2026-08-14,2026-08-19,C,320.0,0,0,1.2656286718749998,0.01,0.0,0.01
NVDA,2026-08-14,2026-08-19,C,330.0,0,0,1.3750031249999999,0.01,0.0,0.01
NVDA,2026-08-14,2026-08-19,C,340.0,3,0,1.46875265625,0.01,0.0,0.01
NVDA,2026-08-14,2026-08-19,C,350.0,2,0,1.5625021874999998,0.01,0.0,0.01
NVDA,2026-08-14,2026-08-19,C,380.0,3,0,1.8125009374999999,0.01,0.0,0.01
NVDA,2026-08-14,2026-08-19,C,390.0,1,4,1.8125009374999999,0.01,0.0,0.01
NVDA,2026-08-14,2026-08-19,P,110.0,6961,5,2.43750390625,0.01,0.0,0.01
NVDA,2026-08-14,2026-08-19,P,115.0,2216,0,2.4062539843749997,0.01,0.0,0.01
NVDA,2026-08-14,2026-08-19,P,125.0,86,0,2.1250046874999997,0.01,0.0,0.01
NVDA,2026-08-14,2026-08-19,P,130.0,1,0,1.875000625,0.03,0.0,0.01
NVDA,2026-08-14,2026-08-19,P,135.0,1,0,1.875000625,0.02,0.0,0.01
NVDA,2026-08-14,2026-08-19,P,140.0,21,20,1.625001875,0.01,0.0,0.01
NVDA,2026-08-14,2026-08-19,P,150.0,130,120,1.4375028125,0.01,0.0,0.01
NVDA,2026-08-14,2026-08-19,P,155.0,2,1,1.3125034374999998,0.03,0.0,0.01
NVDA,2026-08-14,2026-08-19,P,160.0,84,0,1.2812535937499998,0.01,0.0,0.01
NVDA,2026-08-14,2026-08-19,P,165.0,399,0,1.171879140625,0.01,0.0,0.01
NVDA,2026-08-14,2026-08-19,P,170.0,1187,24,1.0625046875000002,0.01,0.0,0.02
NVDA,2026-08-14,2026-08-19,P,172.5,453,288,0.9687503125,0.01,0.0,0.01
NVDA,2026-08-14,2026-08-19,P,175.0,54,19,0.9687503125,0.02,0.0,0.02
NVDA,2026-08-14,2026-08-19,P,177.5,38,36,0.92187578125,0.02,0.0,0.02
NVDA,2026-08-14,2026-08-19,P,180.0,1285,1115,0.87500125,0.04,0.0,0.02
NVDA,2026-08-14,2026-08-19,P,182.5,81,37,0.851563984375,0.02,0.01,0.02
NVDA,2026-08-14,2026-08-19,P,185.0,541,500,0.804689453125,0.03,0.01,0.02
NVDA,2026-08-14,2026-08-19,P,187.5,83,22,0.7500025,0.03,0.01,0.02
NVDA,2026-08-14,2026-08-19,P,190.0,1068,601,0.70312796875,0.02,0.01,0.02
NVDA,2026-08-14,2026-08-19,P,192.5,461,2,0.6796907031250001,0.03,0.01,0.03
NVDA,2026-08-14,2026-08-19,P,195.0,468,14,0.64062859375,0.02,0.02,0.03
NVDA,2026-08-14,2026-08-19,P,197.5,1329,1016,0.5937540625000001,0.02,0.02,0.03
NVDA,2026-08-14,2026-08-19,P,200.0,6746,416,0.5625043750000001,0.04,0.03,0.04
NVDA,2026-08-14,2026-08-19,P,202.5,661,9,0.5293015820312501,0.05,0.04,0.05
NVDA,2026-08-14,2026-08-19,P,205.0,662,1,0.49609878906250005,0.11,0.05,0.06
NVDA,2026-08-14,2026-08-19,P,207.5,496,39,0.46094289062500005,0.07,0.07,0.08
NVDA,2026-08-14,2026-08-19,P,210.0,1623,170,0.41992767578125,0.1,0.09,0.1
NVDA,2026-08-14,2026-08-19,P,212.5,1386,68,0.3789124609375,0.13,0.12,0.13
NVDA,2026-08-14,2026-08-19,P,215.0,9925,368,0.3437565625,0.18,0.18,0.19
NVDA,2026-08-14,2026-08-19,P,217.5,1503,348,0.32471378417968744,0.32,0.33,0.35
NVDA,2026-08-14,2026-08-19,P,220.0,2655,2165,0.3061592822265625,0.62,0.63,0.64
NVDA,2026-08-14,2026-08-19,P,222.5,1544,1465,0.29688203124999996,1.23,1.19,1.21
NVDA,2026-08-14,2026-08-19,P,225.0,3043,3282,0.29492892578124996,2.15,2.15,2.18
NVDA,2026-08-14,2026-08-19,P,227.5,791,2183,0.2985909985351562,3.55,3.5,3.6
NVDA,2026-08-14,2026-08-19,P,230.0,162,122,0.30371790039062496,4.94,5.25,5.4
NVDA,2026-08-14,2026-08-19,P,232.5,55,65,0.1914143359375,7.33,6.95,7.1
NVDA,2026-08-14,2026-08-19,P,235.0,96,64,1.0000000000000003e-05,9.51,9.2,9.4
NVDA,2026-08-14,2026-08-19,P,237.5,141,1021,0.45215391601562505,12.27,11.85,12.5
NVDA,2026-08-14,2026-08-19,P,240.0,63,150,1.0000000000000003e-05,14.39,13.8,14.25
NVDA,2026-08-14,2026-08-19,P,242.5,361,339,0.6352575537109376,16.87,16.15,17.7
NVDA,2026-08-14,2026-08-19,P,245.0,27,50,1.0000000000000003e-05,19.58,19.0,19.3
NVDA,2026-08-14,2026-08-19,P,250.0,0,288,0.8632826171875,24.75,23.5,25.35
NVDA,2026-08-14,2026-08-19,P,255.0,0,0,0.8193377441406249,29.84,28.55,31.25
NVDA,2026-08-14,2026-08-19,P,260.0,0,0,1.0253954980468751,33.87,33.45,35.15
NVDA,2026-08-14,2026-08-19,P,270.0,0,0,1.01172369140625,44.8,43.45,46.05
NVDA,2026-08-14,2026-08-19,P,275.0,0,0,1.115238798828125,49.33,48.45,51.1
NVDA,2026-08-14,2026-08-19,P,300.0,0,0,1.482424462890625,77.66,73.45,76.05
NVDA,2026-08-14,2026-08-21,C,2.5,15,1,17.6250044921875,205.5,221.55,224.9
NVDA,2026-08-14,2026-08-21,C,5.0,713,22,21.82031568115234,216.89,219.1,222.0
NVDA,2026-08-14,2026-08-21,C,10.0,30,2,16.425786116943364,209.1,214.1,217.0
NVDA,2026-08-14,2026-08-21,C,15.0,25,1,13.835938852539064,192.63,209.1,212.0
NVDA,2026-08-14,2026-08-21,C,17.5,60,62,7.125001093750001,176.04,206.6,209.55
NVDA,2026-08-14,2026-08-21,C,20.0,14,2,7.37500078125,205.61,204.15,207.05
NVDA,2026-08-14,2026-08-21,C,25.0,41,14,6.125002343749999,171.75,199.1,202.05
NVDA,2026-08-14,2026-08-21,C,30.0,26,7,6.6406266992187515,195.55,194.15,197.15
NVDA,2026-08-14,2026-08-21,C,35.0,76,69,5.6562529296875,184.9,189.1,192.1
NVDA,2026-08-14,2026-08-21,C,40.0,11,10,5.500003124999999,168.39,184.0,187.25
NVDA,2026-08-14,2026-08-21,C,45.0,30,1,6.04687744140625,152.97,179.6,182.05
NVDA,2026-08-14,2026-08-21,C,50.0,628,12,5.792971508789062,175.15,174.7,177.05
NVDA,2026-08-14,2026-08-21,C,55.0,74,5,4.789066513671875,170.02,169.3,172.05
NVDA,2026-08-14,2026-08-21,C,60.0,76,1,4.0312549609375,165.09,164.15,167.05
NVDA,2026-08-14,2026-08-21,C,65.0,37,9,3.7968755078125005,160.41,159.15,162.05
NVDA,2026-08-14,2026-08-21,C,70.0,176,2,5.480471899414061,155.19,154.15,156.6
NVDA,2026-08-14,2026-08-21,C,75.0,61,1,3.3750015624999996,147.4,149.15,152.05
NVDA,2026-08-14,2026-08-21,C,80.0,28,1,3.1875020312499998,145.97,144.15,147.05
NVDA,2026-08-14,2026-08-21,C,85.0,66,8,3.7812505468750004,139.68,139.65,142.05
NVDA,2026-08-14,2026-08-21,C,90.0,243,2,2.843752890625,136.18,134.15,137.05
NVDA,2026-08-14,2026-08-21,C,95.0,147,5,3.4179702050781247,130.44,129.7,132.05
NVDA,2026-08-14,2026-08-21,C,100.0,2171,17,3.1542989892578124,125.15,124.65,127.0
NVDA,2026-08-14,2026-08-21,C,105.0,391,1,3.1210959472656246,121.13,119.75,122.1
NVDA,2026-08-14,2026-08-21,C,110.0,368,1,2.4531288671875,115.8,114.2,117.1
NVDA,2026-08-14,2026-08-21,C,115.0,275,4,2.61719095703125,111.9,109.55,112.05
NVDA,2026-08-14,2026-08-21,C,120.0,561,25,2.673831440429688,105.05,104.85,107.1
NVDA,2026-08-14,2026-08-21,C,125.0,367,80,2.841799770507812,101.08,99.35,101.4
NVDA,2026-08-14,2026-08-21,C,130.0,638,5,1.9218753906250001,95.93,94.2,97.1
NVDA,2026-08-14,2026-08-21,C,135.0,700,7,1.8007822460937497,90.15,89.2,92.1
NVDA,2026-08-14,2026-08-21,C,140.0,505,13,1.78125109375,85.42,84.9,86.5
NVDA,2026-08-14,2026-08-21,C,145.0,1686,4,1.5703146484375,81.1,79.2,82.1
NVDA,2026-08-14,2026-08-21,C,150.0,4566,5,1.71875140625,75.92,74.6,77.1
NVDA,2026-08-14,2026-08-21,C,155.0,1522,6,1.5507834960937497,70.73,69.5,72.1
NVDA,2026-08-14,2026-08-21,C,160.0,1437,3,1.25390998046875,65.9,65.25,66.05
NVDA,2026-08-14,2026-08-21,C,165.0,2048,11,1.22266013671875,61.1,59.15,60.7
NVDA,2026-08-14,2026-08-21,C,170.0,6153,54,1.4189482177734376,55.2,54.05,56.15
NVDA,2026-08-14,2026-08-21,C,175.0,3257,25,1.1552776611328124,50.97,50.25,51.5
NVDA,2026-08-14,2026-08-21,C,180.0,12422,33,0.7773459765625,45.85,45.15,46.05
NVDA,2026-08-14,2026-08-21,C,182.5,465,40,1.0664109179687502,42.57,42.4,44.65
NVDA,2026-08-14,2026-08-21,C,185.0,8312,6,0.877930908203125,40.8,40.35,41.2
NVDA,2026-08-14,2026-08-21,C,187.5,415,2,1.0522508325195314,38.69,36.65,38.8
NVDA,2026-08-14,2026-08-21,C,190.0,16948,10,0.8764660791015625,35.8,35.85,36.1
NVDA,2026-08-14,2026-08-21,C,192.5,887,196,0.946289599609375,33.25,33.35,34.35
NVDA,2026-08-14,2026-08-21,C,195.0,14560,27,0.73633076171875,30.92,29.95,31.85
NVDA,2026-08-14,2026-08-21,C,197.5,2615,39,0.6132851171875001,28.45,27.55,28.95
NVDA,2026-08-14,2026-08-21,C,200.0,33879,67,0.5644574804687501,26.1,25.3,25.75
NVDA,2026-08-14,2026-08-21,C,202.5,6081,71,0.6337927246093751,23.61,23.4,23.75
NVDA,2026-08-14,2026-08-21,C,205.0,17323,80,0.577152666015625,21.14,20.95,21.2
NVDA,2026-08-14,2026-08-21,C,207.5,7536,55,0.5385788330078126,18.42,18.4,18.9
NVDA,2026-08-14,2026-08-21,C,210.0,34937,226,0.5114794946289063,16.1,16.15,16.3
NVDA,2026-08-14,2026-08-21,C,212.5,7478,28,0.476567734375,13.82,13.8,13.95
NVDA,2026-08-14,2026-08-21,C,215.0,32986,958,0.34058276611328125,10.98,10.9,11.05
NVDA,2026-08-14,2026-08-21,C,217.5,11848,82,0.32910827148437494,9.14,8.65,8.85
NVDA,2026-08-14,2026-08-21,C,220.0,59569,854,0.3112861840820312,6.7,6.65,6.75
NVDA,2026-08-14,2026-08-21,C,222.5,10122,542,0.3557193334960937,5.23,5.3,5.45
NVDA,2026-08-14,2026-08-21,C,225.0,49567,2580,0.3100654931640625,3.5,3.45,3.55
NVDA,2026-08-14,2026-08-21,C,227.5,75659,3369,0.3042061767578125,2.34,2.32,2.34
NVDA,2026-08-14,2026-08-21,C,230.0,94924,4916,0.30542686767578126,1.48,1.48,1.5
NVDA,2026-08-14,2026-08-21,C,232.5,15563,1662,0.30762411132812495,0.9,0.91,0.92
NVDA,2026-08-14,2026-08-21,C,235.0,77062,2493,0.3117744604492187,0.54,0.53,0.55
NVDA,2026-08-14,2026-08-21,C,237.5,17539,780,0.3305731005859375,0.35,0.36,0.38
NVDA,2026-08-14,2026-08-21,C,240.0,44768,1563,0.32471378417968744,0.19,0.18,0.19
NVDA,2026-08-14,2026-08-21,C,242.5,2745,308,0.34180345703125,0.13,0.11,0.13
NVDA,2026-08-14,2026-08-21,C,245.0,19879,216,0.36426416992187505,0.1,0.09,0.1
NVDA,2026-08-14,2026-08-21,C,247.5,1653,41,0.3789124609375,0.06,0.06,0.07
NVDA,2026-08-14,2026-08-21,C,250.0,90820,1200,0.40430283203125,0.05,0.05,0.06
NVDA,2026-08-14,2026-08-21,C,255.0,13345,213,0.445318046875,0.03,0.02,0.04
NVDA,2026-08-14,2026-08-21,C,260.0,26005,2461,0.49219257812500006,0.02,0.02,0.03
NVDA,2026-08-14,2026-08-21,C,265.0,8577,213,0.507817421875,0.01,0.01,0.02
NVDA,2026-08-14,2026-08-21,C,270.0,20055,158,0.5625043750000001,0.02,0.01,0.02
NVDA,2026-08-14,2026-08-21,C,275.0,11852,442,0.6093789062500001,0.01,0.01,0.02
NVDA,2026-08-14,2026-08-21,C,280.0,12511,464,0.6640658593750002,0.01,0.01,0.02
NVDA,2026-08-14,2026-08-21,C,285.0,7015,40,0.64062859375,0.01,0.0,0.01
NVDA,2026-08-14,2026-08-21,C,290.0,6402,76,0.6875031250000001,0.01,0.0,0.01
NVDA,2026-08-14,2026-08-21,C,295.0,3660,3,0.7187528125,0.02,0.0,0.01
NVDA,2026-08-14,2026-08-21,C,300.0,30107,16,0.7812521875,0.01,0.0,0.01
NVDA,2026-08-14,2026-08-21,C,305.0,1263,370,0.8125018749999999,0.01,0.0,0.01
NVDA,2026-08-14,2026-08-21,C,310.0,11385,25,0.8437515624999999,0.01,0.0,0.01
NVDA,2026-08-14,2026-08-21,C,315.0,324,1,0.87500125,0.01,0.0,0.01
NVDA,2026-08-14,2026-08-21,C,320.0,9071,1,0.937500625,0.01,0.0,0.01
NVDA,2026-08-14,2026-08-21,C,325.0,3225,536,0.9687503125,0.01,0.0,0.01
NVDA,2026-08-14,2026-08-21,C,330.0,1280,8,1.000005,0.01,0.0,0.01
NVDA,2026-08-14,2026-08-21,C,335.0,753,583,1.0312548437500002,0.01,0.0,0.01
NVDA,2026-08-14,2026-08-21,C,340.0,3469,460,1.0625046875000002,0.01,0.0,0.01
NVDA,2026-08-14,2026-08-21,C,345.0,1500,1715,1.09375453125,0.01,0.0,0.01
NVDA,2026-08-14,2026-08-21,C,350.0,4498,1,1.125004375,0.01,0.0,0.01
NVDA,2026-08-14,2026-08-21,C,355.0,709,10,1.1875040625,0.01,0.0,0.01
NVDA,2026-08-14,2026-08-21,C,360.0,10755,1,1.21875390625,0.01,0.0,0.01
NVDA,2026-08-14,2026-08-21,C,365.0,1544,5,1.2500037499999999,0.01,0.0,0.01
NVDA,2026-08-14,2026-08-21,C,370.0,4193,1,1.2812535937499998,0.01,0.0,0.01
NVDA,2026-08-14,2026-08-21,C,375.0,92,13,1.3125034374999998,0.02,0.0,0.01
NVDA,2026-08-14,2026-08-21,C,380.0,1506,299,1.3437532812499997,0.01,0.0,0.01
NVDA,2026-08-14,2026-08-21,C,385.0,512,500,1.3750031249999999,0.02,0.0,0.01
NVDA,2026-08-14,2026-08-21,C,390.0,4063,14,1.3750031249999999,0.01,0.0,0.01
NVDA,2026-08-14,2026-08-21,C,395.0,82,1,1.4375028125,0.01,0.0,0.01
NVDA,2026-08-14,2026-08-21,C,400.0,12007,2,1.4375028125,0.01,0.0,0.01
NVDA,2026-08-14,2026-08-21,C,405.0,22,1,1.5000025,0.02,0.0,0.01
NVDA,2026-08-14,2026-08-21,C,410.0,2052,1,1.5000025,0.01,0.0,0.01
NVDA,2026-08-14,2026-08-21,C,415.0,24,2,1.5312523437499999,0.02,0.0,0.01
NVDA,2026-08-14,2026-08-21,C,420.0,9120,25,1.5625021874999998,0.01,0.0,0.01
NVDA,2026-08-14,2026-08-21,C,430.0,508,1,1.625001875,0.01,0.0,0.01
NVDA,2026-08-14,2026-08-21,C,440.0,1276,5,1.6875015625,0.01,0.0,0.01
NVDA,2026-08-14,2026-08-21,C,450.0,1570,10,1.71875140625,0.03,0.0,0.01
NVDA,2026-08-14,2026-08-21,C,455.0,1411,10,1.75000125,0.02,0.0,0.01
NVDA,2026-08-14,2026-08-21,C,460.0,7040,2,1.75000125,0.01,0.0,0.01
NVDA,2026-08-14,2026-08-21,P,5.0,3103,2,10.000003750000001,0.01,0.0,0.01
NVDA,2026-08-14,2026-08-21,P,10.0,79,1,8.000005,0.01,0.0,0.01
NVDA,2026-08-14,2026-08-21,P,12.5,200,0,7.500000625,0.01,0.0,0.01
NVDA,2026-08-14,2026-08-21,P,15.0,2205,732,7.00000125,0.01,0.0,0.01
NVDA,2026-08-14,2026-08-21,P,20.0,6,1,6.2500021875,0.01,0.0,0.01
NVDA,2026-08-14,2026-08-21,P,25.0,2051,2,5.62500296875,0.01,0.0,0.01
NVDA,2026-08-14,2026-08-21,P,30.0,1166,3,5.12500359375,0.01,0.0,0.01
NVDA,2026-08-14,2026-08-21,P,35.0,9301,6,4.7500040624999995,0.01,0.0,0.01
NVDA,2026-08-14,2026-08-21,P,40.0,1285,3,4.375004531249999,0.01,0.0,0.01
NVDA,2026-08-14,2026-08-21,P,45.0,946,2,4.12500484375,0.01,0.0,0.01
NVDA,2026-08-14,2026-08-21,P,50.0,1274,4,3.8750003125,0.01,0.0,0.01
NVDA,2026-08-14,2026-08-21,P,55.0,363,8,3.6250009375000003,0.01,0.0,0.01
NVDA,2026-08-14,2026-08-21,P,60.0,4960,6,3.3750015624999996,0.01,0.0,0.01
NVDA,2026-08-14,2026-08-21,P,65.0,2280,1,3.1875020312499998,0.01,0.0,0.01
NVDA,2026-08-14,2026-08-21,P,70.0,2680,1,3.0000025,0.01,0.0,0.01
NVDA,2026-08-14,2026-08-21,P,75.0,709,3,2.81250296875,0.01,0.0,0.01
NVDA,2026-08-14,2026-08-21,P,80.0,2297,10,2.68750328125,0.01,0.0,0.01
NVDA,2026-08-14,2026-08-21,P,85.0,2061,2,2.50000375,0.01,0.0,0.01
NVDA,2026-08-14,2026-08-21,P,90.0,1868,33,2.3750040624999995,0.01,0.0,0.01
NVDA,2026-08-14,2026-08-21,P,95.0,3689,20,2.2500043749999996,0.01,0.0,0.01
NVDA,2026-08-14,2026-08-21,P,100.0,17953,2,2.1250046874999997,0.01,0.0,0.01
NVDA,2026-08-14,2026-08-21,P,105.0,26659,1,1.96875015625,0.01,0.0,0.01
NVDA,2026-08-14,2026-08-21,P,110.0,13483,59,1.875000625,0.01,0.0,0.01
NVDA,2026-08-14,2026-08-21,P,115.0,26056,9635,1.75000125,0.01,0.0,0.01
NVDA,2026-08-14,2026-08-21,P,120.0,15849,5128,1.65625171875,0.01,0.0,0.01
NVDA,2026-08-14,2026-08-21,P,125.0,15284,1,1.5625021874999998,0.1,0.0,0.01
NVDA,2026-08-14,2026-08-21,P,130.0,16540,39,1.4375028125,0.01,0.0,0.01
NVDA,2026-08-14,2026-08-21,P,135.0,25746,74,1.3750031249999999,0.01,0.0,0.01
NVDA,2026-08-14,2026-08-21,P,140.0,22886,32,1.3437532812499997,0.01,0.0,0.02
NVDA,2026-08-14,2026-08-21,P,145.0,7105,102,1.2968785156249998,0.01,0.01,0.02
NVDA,2026-08-14,2026-08-21,P,150.0,26543,37,1.203128984375,0.04,0.01,0.02
NVDA,2026-08-14,2026-08-21,P,155.0,17785,2954,1.125004375,0.01,0.01,0.02
NVDA,2026-08-14,2026-08-21,P,160.0,23324,15,1.0312548437500002,0.01,0.01,0.02
NVDA,2026-08-14,2026-08-21,P,165.0,25694,28,0.945313046875,0.01,0.01,0.02
NVDA,2026-08-14,2026-08-21,P,170.0,24837,96,0.9062509375,0.02,0.02,0.03
NVDA,2026-08-14,2026-08-21,P,175.0,26563,75,0.8203142968749999,0.03,0.02,0.03
NVDA,2026-08-14,2026-08-21,P,180.0,43905,36,0.7539087109375,0.02,0.02,0.04
NVDA,2026-08-14,2026-08-21,P,182.5,8030,288,0.710940390625,0.03,0.02,0.04
NVDA,2026-08-14,2026-08-21,P,185.0,26590,28,0.6835969140625001,0.03,0.03,0.04
NVDA,2026-08-14,2026-08-21,P,187.5,4163,249,0.6601596484375001,0.07,0.04,0.05
NVDA,2026-08-14,2026-08-21,P,190.0,45814,152,0.6347692773437501,0.05,0.05,0.06
NVDA,2026-08-14,2026-08-21,P,192.5,3271,13,0.5996133789062501,0.07,0.05,0.07
NVDA,2026-08-14,2026-08-21,P,195.0,26360,160,0.5742230078125,0.07,0.07,0.08
NVDA,2026-08-14,2026-08-21,P,197.5,5936,856,0.5429733203125001,0.08,0.08,0.1
NVDA,2026-08-14,2026-08-21,P,200.0,37550,145,0.5117236328125,0.11,0.1,0.11
NVDA,2026-08-14,2026-08-21,P,202.5,17313,1713,0.48242705078125003,0.11,0.12,0.13
NVDA,2026-08-14,2026-08-21,P,205.0,27408,2485,0.44727115234375,0.15,0.14,0.15
NVDA,2026-08-14,2026-08-21,P,207.5,5465,159,0.41309180664062495,0.18,0.17,0.18
NVDA,2026-08-14,2026-08-21,P,210.0,29893,1131,0.38281867187499996,0.21,0.22,0.23
NVDA,2026-08-14,2026-08-21,P,212.5,11136,627,0.36084623535156246,0.32,0.32,0.33
NVDA,2026-08-14,2026-08-21,P,215.0,34673,1234,0.340826904296875,0.49,0.48,0.49
NVDA,2026-08-14,2026-08-21,P,217.5,7756,1185,0.3276434423828125,0.71,0.75,0.78
NVDA,2026-08-14,2026-08-21,P,220.0,13240,1452,0.3198310205078124,1.24,1.24,1.26
NVDA,2026-08-14,2026-08-21,P,222.5,5923,710,0.3110420458984374,1.9,1.95,1.95
NVDA,2026-08-14,2026-08-21,P,225.0,16857,1313,0.3110420458984374,3.0,2.96,3.0
NVDA,2026-08-14,2026-08-21,P,227.5,6613,829,0.28174546386718746,4.1,4.0,4.05
NVDA,2026-08-14,2026-08-21,P,230.0,9853,3830,0.3227606787109374,5.92,6.0,6.1
NVDA,2026-08-14,2026-08-21,P,232.5,703,27,0.3259344750976562,7.82,7.9,8.0
NVDA,2026-08-14,2026-08-21,P,235.0,2817,38,0.2534254345703125,9.81,9.55,9.7
NVDA,2026-08-14,2026-08-21,P,237.5,93,71,0.2710033837890625,12.18,11.75,12.1
NVDA,2026-08-14,2026-08-21,P,240.0,1477,46,1.0000000000000003e-05,14.32,14.1,14.35
NVDA,2026-08-14,2026-08-21,P,242.5,113,290,0.5097705273437501,17.34,16.95,17.7
NVDA,2026-08-14,2026-08-21,P,245.0,183,10,0.46533737792968755,19.7,19.5,19.8
NVDA,2026-08-14,2026-08-21,P,247.5,73,0,0.5751995605468749,22.44,20.85,22.55
NVDA,2026-08-14,2026-08-21,P,250.0,109,43,1.0000000000000003e-05,24.98,23.65,24.2
NVDA,2026-08-14,2026-08-21,P,255.0,1,18,0.6948272705078126,29.93,28.9,30.0
NVDA,2026-08-14,2026-08-21,P,260.0,1,1,0.7919942675781251,34.68,33.25,35.05
NVDA,2026-08-14,2026-08-21,P,265.0,0,13,0.8872081591796874,51.49,38.6,40.1
NVDA,2026-08-14,2026-08-21,P,270.0,12,2,0.68555001953125,44.83,43.6,45.45
NVDA,2026-08-14,2026-08-21,P,275.0,12,12,1.0244189404296877,48.57,48.25,50.05
NVDA,2026-08-14,2026-08-21,P,280.0,2,1,1.0961959252929687,59.8,53.25,55.05
NVDA,2026-08-14,2026-08-21,P,285.0,0,1,0.6875031250000001,77.67,58.6,60.3
NVDA,2026-08-14,2026-08-21,P,290.0,0,25,1.0000000000000003e-05,79.65,0.0,0.0
NVDA,2026-08-14,2026-08-21,P,295.0,0,63,1.3183627832031248,94.35,68.6,70.1
NVDA,2026-08-14,2026-08-21,P,300.0,0,2,1.36328443359375,74.7,73.5,75.05
NVDA,2026-08-14,2026-08-21,P,310.0,0,20,1.0000000000000003e-05,90.1,0.0,0.0
NVDA,2026-08-14,2026-08-21,P,320.0,0,1,1.6035176074218749,112.65,93.5,95.05
NVDA,2026-08-14,2026-08-21,P,325.0,5,1,1.7041030419921874,98.7,98.6,100.15
NVDA,2026-08-14,2026-08-21,P,330.0,0,1,1.71484517578125,103.72,103.55,105.05
NVDA,2026-08-14,2026-08-21,P,340.0,0,2,4.3342330978393555,109.82,129.9,131.6
NVDA,2026-08-14,2026-08-21,P,350.0,0,65,4.489994621887206,114.75,139.9,141.6
NVDA,2026-08-14,2026-08-21,P,360.0,0,2,4.638676076660157,133.0,149.85,151.65
NVDA,2026-08-14,2026-08-21,P,375.0,0,1,2.16406708984375,167.9,148.5,150.05
NVDA,2026-08-14,2026-08-21,P,390.0,0,0,5.1577183966064455,181.9,180.85,182.55
NVDA,2026-08-14,2026-08-21,P,400.0,0,1,5.171634394836426,168.2,189.85,191.6
NVDA,2026-08-14,2026-08-21,P,410.0,0,0,1.0000000000000003e-05,227.21,0.0,0.0
NVDA,2026-08-14,2026-08-21,P,420.0,0,3,2.545902072753906,217.25,193.45,195.05
NVDA,2026-08-14,2026-08-21,P,460.0,0,0,2.842776330566406,262.8,233.55,235.05
NVDA,2026-08-14,2026-08-24,C,140.0,1,0,1.888672431640625,86.74,83.15,89.75
NVDA,2026-08-14,2026-08-24,C,150.0,5,0,1.584963012695312,75.64,73.2,79.35
NVDA,2026-08-14,2026-08-24,C,155.0,1,0,1.5839864550781246,68.57,68.2,74.95
NVDA,2026-08-14,2026-08-24,C,177.5,26,0,1.0932662524414063,41.03,45.75,52.35
NVDA,2026-08-14,2026-08-24,C,180.0,25,0,0.8378922460937499,38.72,44.75,47.05
NVDA,2026-08-14,2026-08-24,C,182.5,26,0,0.9970703417968749,36.12,40.75,47.4
NVDA,2026-08-14,2026-08-24,C,185.0,20,0,0.8989267919921874,33.82,38.25,44.5
NVDA,2026-08-14,2026-08-24,C,187.5,28,2,0.8500991552734375,38.91,35.75,42.0
NVDA,2026-08-14,2026-08-24,C,190.0,59,0,0.813478427734375,35.9,33.3,39.55
NVDA,2026-08-14,2026-08-24,C,192.5,25,0,0.8012715185546875,32.91,30.8,37.4
NVDA,2026-08-14,2026-08-24,C,195.0,71,0,0.9494633959960936,30.62,28.4,32.85
NVDA,2026-08-14,2026-08-24,C,197.5,33,0,0.5483443603515626,27.99,25.85,31.0
NVDA,2026-08-14,2026-08-24,C,200.0,88,0,0.684573466796875,25.55,23.5,30.1
NVDA,2026-08-14,2026-08-24,C,202.5,24,0,0.6049844189453126,22.35,20.9,27.35
NVDA,2026-08-14,2026-08-24,C,205.0,177,2,0.5952188916015625,20.7,19.1,24.7
NVDA,2026-08-14,2026-08-24,C,207.5,57,2,0.5488326367187502,18.25,17.75,19.45
NVDA,2026-08-14,2026-08-24,C,210.0,302,2,0.41211525390625,16.22,15.6,16.35
NVDA,2026-08-14,2026-08-24,C,212.5,55,2,0.4030821411132813,13.9,13.65,14.15
NVDA,2026-08-14,2026-08-24,C,215.0,375,11,0.37256486816406253,11.6,11.3,11.85
NVDA,2026-08-14,2026-08-24,C,217.5,5227,3,0.34570966796874997,9.42,9.35,9.65
NVDA,2026-08-14,2026-08-24,C,220.0,8442,201,0.3276434423828125,7.4,6.95,7.65
NVDA,2026-08-14,2026-08-24,C,222.5,1098,35,0.28919167846679683,5.49,5.3,5.55
NVDA,2026-08-14,2026-08-24,C,225.0,8376,916,0.30542686767578126,4.32,4.3,4.35
NVDA,2026-08-14,2026-08-24,C,227.5,2643,880,0.2985909985351562,3.05,3.05,3.1
NVDA,2026-08-14,2026-08-24,C,230.0,5386,418,0.2951730639648437,2.11,2.11,2.14
NVDA,2026-08-14,2026-08-24,C,232.5,1110,489,0.29651582397460935,1.41,1.42,1.46
NVDA,2026-08-14,2026-08-24,C,235.0,5864,361,0.28443098388671867,0.84,0.82,0.85
NVDA,2026-08-14,2026-08-24,C,237.5,764,32,0.2951730639648437,0.63,0.55,0.59
NVDA,2026-08-14,2026-08-24,C,240.0,3671,165,0.299811689453125,0.4,0.35,0.38
NVDA,2026-08-14,2026-08-24,C,242.5,343,11,0.31445998046874996,0.26,0.26,0.28
NVDA,2026-08-14,2026-08-24,C,245.0,1720,120,0.3193427441406249,0.18,0.17,0.18
NVDA,2026-08-14,2026-08-24,C,247.5,190,184,0.32617861328125,0.1,0.1,0.12
NVDA,2026-08-14,2026-08-24,C,250.0,1024,196,0.3398503515625,0.1,0.08,0.09
NVDA,2026-08-14,2026-08-24,C,252.5,68,27,0.36133451171875,0.09,0.06,0.08
NVDA,2026-08-14,2026-08-24,C,255.0,296,0,0.37305314453125,0.14,0.04,0.06
NVDA,2026-08-14,2026-08-24,C,257.5,35,1,0.38867798828125,0.04,0.04,0.05
NVDA,2026-08-14,2026-08-24,C,260.0,755,0,0.41211525390625,0.1,0.03,0.05
NVDA,2026-08-14,2026-08-24,C,262.5,185,1,0.42578699218750005,0.08,0.02,0.04
NVDA,2026-08-14,2026-08-24,C,265.0,446,0,0.44727115234375,0.08,0.02,0.04
NVDA,2026-08-14,2026-08-24,C,267.5,22,0,0.45508357421875,0.08,0.01,0.03
NVDA,2026-08-14,2026-08-24,C,270.0,23,0,0.476567734375,0.06,0.01,0.03
NVDA,2026-08-14,2026-08-24,C,272.5,20,0,0.49805189453125004,0.06,0.01,0.03
NVDA,2026-08-14,2026-08-24,C,275.0,22,0,0.49609878906250005,0.06,0.01,0.02
NVDA,2026-08-14,2026-08-24,C,277.5,3,2,0.500005,0.02,0.01,0.02
NVDA,2026-08-14,2026-08-24,C,280.0,148,0,0.523442265625,0.04,0.01,0.02
NVDA,2026-08-14,2026-08-24,C,282.5,10,1,0.523442265625,0.01,0.0,0.02
NVDA,2026-08-14,2026-08-24,C,287.5,3,0,0.57812921875,0.01,0.01,0.02
NVDA,2026-08-14,2026-08-24,C,290.0,1,0,0.57812921875,0.02,0.0,0.02
NVDA,2026-08-14,2026-08-24,C,300.0,61,0,0.6093789062500001,0.01,0.0,0.01
NVDA,2026-08-14,2026-08-24,C,310.0,50,0,0.710940390625,0.01,0.0,0.01
NVDA,2026-08-14,2026-08-24,C,320.0,1,0,0.7812521875,0.01,0.0,0.01
NVDA,2026-08-14,2026-08-24,C,350.0,2,0,0.9531254687499999,0.01,0.0,0.01
NVDA,2026-08-14,2026-08-24,C,390.0,4,0,1.15625421875,0.01,0.0,0.01
NVDA,2026-08-14,2026-08-24,P,115.0,188,0,1.5625021874999998,0.01,0.0,0.02
NVDA,2026-08-14,2026-08-24,P,135.0,8,0,1.21875390625,0.01,0.0,0.02
NVDA,2026-08-14,2026-08-24,P,145.0,57,0,1.0312548437500002,0.02,0.01,0.02
NVDA,2026-08-14,2026-08-24,P,150.0,1,0,0.9531254687499999,0.07,0.01,0.02
NVDA,2026-08-14,2026-08-24,P,152.5,12,0,0.945313046875,0.03,0.01,0.03
NVDA,2026-08-14,2026-08-24,P,160.0,566,0,0.8359391406249999,0.03,0.01,0.03
NVDA,2026-08-14,2026-08-24,P,165.0,810,0,0.7656273437500001,0.04,0.01,0.03
NVDA,2026-08-14,2026-08-24,P,167.5,1,0,0.73437765625,0.09,0.01,0.03
NVDA,2026-08-14,2026-08-24,P,170.0,111,0,0.7187528125,0.05,0.02,0.03
NVDA,2026-08-14,2026-08-24,P,172.5,41,0,0.6835969140625001,0.05,0.02,0.03
NVDA,2026-08-14,2026-08-24,P,175.0,427,0,0.6640658593750002,0.04,0.02,0.04
NVDA,2026-08-14,2026-08-24,P,177.5,21,5,0.6289099609375001,0.03,0.02,0.04
NVDA,2026-08-14,2026-08-24,P,180.0,313,0,0.6054726953125001,0.05,0.03,0.04
NVDA,2026-08-14,2026-08-24,P,182.5,4,1,0.5820354296875,0.06,0.03,0.05
NVDA,2026-08-14,2026-08-24,P,185.0,57,0,0.5488326367187502,0.08,0.03,0.05
NVDA,2026-08-14,2026-08-24,P,187.5,2,0,0.5293015820312501,0.18,0.04,0.06
NVDA,2026-08-14,2026-08-24,P,190.0,192,7,0.507817421875,0.06,0.05,0.07
NVDA,2026-08-14,2026-08-24,P,192.5,13,0,0.49219257812500006,0.15,0.06,0.08
NVDA,2026-08-14,2026-08-24,P,195.0,496,0,0.46484910156250003,0.12,0.07,0.09
NVDA,2026-08-14,2026-08-24,P,197.5,569,0,0.436529072265625,0.15,0.09,0.1
NVDA,2026-08-14,2026-08-24,P,200.0,1605,3,0.41797457031249996,0.12,0.11,0.13
NVDA,2026-08-14,2026-08-24,P,202.5,70,122,0.39063109375,0.15,0.13,0.15
NVDA,2026-08-14,2026-08-24,P,205.0,442,9,0.36524072265625,0.17,0.17,0.18
NVDA,2026-08-14,2026-08-24,P,207.5,711,17,0.348639326171875,0.23,0.22,0.25
NVDA,2026-08-14,2026-08-24,P,210.0,4430,175,0.32813171874999997,0.31,0.33,0.33
NVDA,2026-08-14,2026-08-24,P,212.5,389,107,0.3156806713867187,0.44,0.45,0.49
NVDA,2026-08-14,2026-08-24,P,215.0,1279,233,0.295905478515625,0.65,0.64,0.67
NVDA,2026-08-14,2026-08-24,P,217.5,798,60,0.2963937548828125,1.01,1.06,1.11
NVDA,2026-08-14,2026-08-24,P,220.0,2241,89,0.27893787475585935,1.53,1.5,1.54
NVDA,2026-08-14,2026-08-24,P,222.5,401,57,0.2876047802734374,2.4,2.4,2.47
NVDA,2026-08-14,2026-08-24,P,225.0,803,363,0.2873606420898437,3.45,3.4,3.55
NVDA,2026-08-14,2026-08-24,P,227.5,442,78,0.2841868457031249,4.72,4.7,4.85
NVDA,2026-08-14,2026-08-24,P,230.0,222,7,0.25952888916015626,6.44,6.05,6.15
NVDA,2026-08-14,2026-08-24,P,232.5,38,4,0.3012765185546875,8.27,7.8,8.45
NVDA,2026-08-14,2026-08-24,P,235.0,80,0,0.3193427441406249,10.55,9.85,10.6
NVDA,2026-08-14,2026-08-24,P,237.5,8,0,0.3188544677734374,13.05,11.95,12.7
NVDA,2026-08-14,2026-08-24,P,240.0,35,5,0.3544986425781249,15.01,14.25,15.15
NVDA,2026-08-14,2026-08-24,P,242.5,62,0,0.424810439453125,17.47,15.95,17.85
NVDA,2026-08-14,2026-08-24,P,245.0,65,0,0.46582565429687506,19.86,18.4,20.35
NVDA,2026-08-14,2026-08-24,P,247.5,76,0,0.6982452050781252,22.43,19.95,24.4
NVDA,2026-08-14,2026-08-24,P,250.0,67,0,0.7211941943359376,25.0,22.65,26.7
NVDA,2026-08-14,2026-08-24,P,252.5,10,0,0.7873556420898438,27.34,24.9,29.4
NVDA,2026-08-14,2026-08-24,P,255.0,0,0,0.5600629931640625,36.06,28.5,31.6
NVDA,2026-08-14,2026-08-24,P,257.5,0,0,0.8474136352539061,33.44,29.9,34.2
NVDA,2026-08-14,2026-08-24,P,260.0,5,0,0.8747571118164061,32.7,32.65,36.6
NVDA,2026-08-14,2026-08-28,C,50.0,8,5,4.242192197265625,174.85,173.3,179.3
NVDA,2026-08-14,2026-08-28,C,60.0,2,2,3.7636724658203127,148.01,163.35,169.3
NVDA,2026-08-14,2026-08-28,C,70.0,1,1,3.2285175537109367,124.83,153.3,159.05
NVDA,2026-08-14,2026-08-28,C,75.0,7,4,3.1250021875,147.38,148.15,154.4
NVDA,2026-08-14,2026-08-28,C,80.0,5,5,2.9531276171874996,143.03,143.35,149.2
NVDA,2026-08-14,2026-08-28,C,85.0,50,38,2.7763702465820312,140.77,138.15,144.35
NVDA,2026-08-14,2026-08-28,C,90.0,16,2,2.658206479492188,101.81,133.35,139.25
NVDA,2026-08-14,2026-08-28,C,95.0,8,8,2.4843787890625,109.1,128.2,134.3
NVDA,2026-08-14,2026-08-28,C,100.0,14,2,2.4062539843749997,125.81,123.4,129.3
NVDA,2026-08-14,2026-08-28,C,105.0,2,1,2.2226606933593747,120.26,118.2,124.3
NVDA,2026-08-14,2026-08-28,C,110.0,12,2,2.198246691894531,115.45,113.35,119.55
NVDA,2026-08-14,2026-08-28,C,115.0,13,4,1.9033207958984377,91.78,109.5,112.7
NVDA,2026-08-14,2026-08-28,C,120.0,19,1,1.8847662011718749,99.97,103.4,109.15
NVDA,2026-08-14,2026-08-28,C,125.0,7,1,1.7880869970703124,95.28,98.25,104.35
NVDA,2026-08-14,2026-08-28,C,130.0,18,3,1.3535188574218748,91.13,93.4,98.1
NVDA,2026-08-14,2026-08-28,C,135.0,7,3,1.62109564453125,87.61,88.3,94.5
NVDA,2026-08-14,2026-08-28,C,140.0,29,2,1.7006850903320312,85.8,84.8,89.2
NVDA,2026-08-14,2026-08-28,C,145.0,124,1,1.1308637207031251,80.2,78.7,82.85
NVDA,2026-08-14,2026-08-28,C,150.0,203,90,1.2548865380859375,75.24,73.65,78.7
NVDA,2026-08-14,2026-08-28,C,155.0,74,94,1.2338905493164063,70.7,68.35,74.4
NVDA,2026-08-14,2026-08-28,C,160.0,294,17,0.90429783203125,65.75,63.7,67.85
NVDA,2026-08-14,2026-08-28,C,165.0,101,16,0.930664755859375,61.03,58.7,63.25
NVDA,2026-08-14,2026-08-28,C,170.0,295,1,1.1206098657226562,57.09,53.6,57.05
NVDA,2026-08-14,2026-08-28,C,175.0,576,117,0.8869640209960936,50.59,49.7,51.35
NVDA,2026-08-14,2026-08-28,C,180.0,542,2,0.7768577001953125,46.15,45.75,46.7
NVDA,2026-08-14,2026-08-28,C,185.0,596,266,0.641605146484375,40.73,40.15,41.85
NVDA,2026-08-14,2026-08-28,C,190.0,1882,3,0.6118202880859377,36.4,35.6,36.75
NVDA,2026-08-14,2026-08-28,C,195.0,3926,11,0.5566450585937501,31.95,30.8,31.75
NVDA,2026-08-14,2026-08-28,C,200.0,4192,9,0.5229539892578124,26.87,26.05,26.55
NVDA,2026-08-14,2026-08-28,C,202.5,150,3,0.51562984375,25.75,23.95,24.65
NVDA,2026-08-14,2026-08-28,C,205.0,3230,20,0.5158739819335938,22.23,21.9,22.45
NVDA,2026-08-14,2026-08-28,C,207.5,188,1,0.50586431640625,20.05,19.75,20.3
NVDA,2026-08-14,2026-08-28,C,210.0,8527,20,0.5031787963867188,17.7,17.8,18.25
NVDA,2026-08-14,2026-08-28,C,212.5,883,4,0.5070850073242188,15.9,15.7,16.2
NVDA,2026-08-14,2026-08-28,C,215.0,11635,59,0.4679008288574219,13.74,13.6,13.9
NVDA,2026-08-14,2026-08-28,C,217.5,2524,3,0.4602104760742188,12.34,11.9,12.1
NVDA,2026-08-14,2026-08-28,C,220.0,16539,1233,0.4809622216796875,10.7,10.7,10.85
NVDA,2026-08-14,2026-08-28,C,222.5,13530,72,0.4544732287597656,8.95,8.95,9.0
NVDA,2026-08-14,2026-08-28,C,225.0,14702,1188,0.45178770874023444,7.52,7.55,7.65
NVDA,2026-08-14,2026-08-28,C,227.5,2966,697,0.45935599243164066,6.65,6.55,6.6
NVDA,2026-08-14,2026-08-28,C,230.0,21293,3499,0.4588677160644532,5.5,5.5,5.55
NVDA,2026-08-14,2026-08-28,C,232.5,3116,89,0.45361874511718747,4.56,4.45,4.55
NVDA,2026-08-14,2026-08-28,C,235.0,15550,864,0.459966337890625,3.85,3.75,3.85
NVDA,2026-08-14,2026-08-28,C,237.5,1754,90,0.4519097778320313,2.99,2.98,3.05
NVDA,2026-08-14,2026-08-28,C,240.0,21582,1563,0.46045461425781253,2.56,2.55,2.58
NVDA,2026-08-14,2026-08-28,C,242.5,15674,372,0.4498346032714844,2.01,1.92,1.96
NVDA,2026-08-14,2026-08-28,C,245.0,15949,526,0.45300839965820316,1.56,1.56,1.59
NVDA,2026-08-14,2026-08-28,C,247.5,12115,202,0.4523980541992188,1.28,1.23,1.25
NVDA,2026-08-14,2026-08-28,C,250.0,18201,833,0.45654840332031255,1.0,1.0,1.01
NVDA,2026-08-14,2026-08-28,C,255.0,3772,336,0.4721732470703125,0.68,0.68,0.7
NVDA,2026-08-14,2026-08-28,C,260.0,3550,116,0.47461462890625,0.45,0.41,0.43
NVDA,2026-08-14,2026-08-28,C,265.0,2934,149,0.49023947265625006,0.33,0.28,0.3
NVDA,2026-08-14,2026-08-28,C,270.0,7067,54,0.5029346582031251,0.21,0.2,0.21
NVDA,2026-08-14,2026-08-28,C,275.0,1258,82,0.5214891601562499,0.15,0.15,0.16
NVDA,2026-08-14,2026-08-28,C,280.0,1412,13,0.5449264257812501,0.13,0.12,0.13
NVDA,2026-08-14,2026-08-28,C,285.0,628,24,0.55273884765625,0.1,0.08,0.09
NVDA,2026-08-14,2026-08-28,C,290.0,355,7,0.570316796875,0.07,0.06,0.07
NVDA,2026-08-14,2026-08-28,C,295.0,926,4,0.5976602734375001,0.06,0.05,0.07
NVDA,2026-08-14,2026-08-28,C,300.0,3986,32,0.6093789062500001,0.05,0.04,0.05
NVDA,2026-08-14,2026-08-28,C,305.0,81,9,0.632816171875,0.05,0.03,0.05
NVDA,2026-08-14,2026-08-28,C,310.0,1102,10,0.6445348046875,0.07,0.02,0.04
NVDA,2026-08-14,2026-08-28,C,315.0,33,10,0.6601596484375001,0.05,0.02,0.03
NVDA,2026-08-14,2026-08-28,C,320.0,286,2,0.6718782812500002,0.02,0.01,0.03
NVDA,2026-08-14,2026-08-28,C,325.0,151,25,0.6796907031250001,0.04,0.01,0.02
NVDA,2026-08-14,2026-08-28,C,330.0,108,3,0.70312796875,0.04,0.01,0.02
NVDA,2026-08-14,2026-08-28,C,335.0,42,1,0.73437765625,0.02,0.01,0.02
NVDA,2026-08-14,2026-08-28,C,340.0,20,5,0.73437765625,0.03,0.0,0.02
NVDA,2026-08-14,2026-08-28,C,345.0,12,2,0.7500025,0.02,0.0,0.02
NVDA,2026-08-14,2026-08-28,C,350.0,63,39,0.804689453125,0.02,0.01,0.02
NVDA,2026-08-14,2026-08-28,C,360.0,41,20,0.7812521875,0.02,0.0,0.01
NVDA,2026-08-14,2026-08-28,C,370.0,75,50,0.8125018749999999,0.02,0.0,0.01
NVDA,2026-08-14,2026-08-28,C,380.0,345,321,0.85937640625,0.02,0.0,0.01
NVDA,2026-08-14,2026-08-28,C,390.0,19,1,0.9062509375,0.01,0.0,0.01
NVDA,2026-08-14,2026-08-28,C,400.0,524,14,0.937500625,0.02,0.0,0.01
NVDA,2026-08-14,2026-08-28,P,50.0,48,1,2.50000375,0.01,0.0,0.01
NVDA,2026-08-14,2026-08-28,P,65.0,2,0,2.0625048437499998,0.04,0.0,0.01
NVDA,2026-08-14,2026-08-28,P,75.0,1,2,1.8125009374999999,0.06,0.0,0.01
NVDA,2026-08-14,2026-08-28,P,80.0,62,1,1.71875140625,0.31,0.0,0.01
NVDA,2026-08-14,2026-08-28,P,85.0,24,19,1.71875140625,0.04,0.0,0.02
NVDA,2026-08-14,2026-08-28,P,90.0,39,10,1.625001875,0.02,0.0,0.02
NVDA,2026-08-14,2026-08-28,P,95.0,616,1,1.5312523437499999,0.02,0.0,0.02
NVDA,2026-08-14,2026-08-28,P,100.0,664,1,1.4375028125,0.02,0.0,0.02
NVDA,2026-08-14,2026-08-28,P,105.0,1108,20,1.359378203125,0.01,0.0,0.02
NVDA,2026-08-14,2026-08-28,P,110.0,369,174,1.3281283593749997,0.05,0.01,0.02
NVDA,2026-08-14,2026-08-28,P,115.0,13813,3,1.2500037499999999,0.01,0.01,0.02
NVDA,2026-08-14,2026-08-28,P,120.0,317,1,1.171879140625,0.03,0.01,0.02
NVDA,2026-08-14,2026-08-28,P,125.0,2291,26,1.1015669921875002,0.02,0.01,0.02
NVDA,2026-08-14,2026-08-28,P,130.0,636,4,1.0859420703125,0.02,0.02,0.03
NVDA,2026-08-14,2026-08-28,P,135.0,1205,426,1.0312548437500002,0.04,0.02,0.04
NVDA,2026-08-14,2026-08-28,P,140.0,1039,111,0.9804689453125001,0.05,0.03,0.04
NVDA,2026-08-14,2026-08-28,P,145.0,1177,23,0.9570316796874999,0.06,0.05,0.06
NVDA,2026-08-14,2026-08-28,P,150.0,1900,96,0.8828136718749999,0.08,0.04,0.06
NVDA,2026-08-14,2026-08-28,P,155.0,2119,174,0.8339860351562498,0.09,0.05,0.07
NVDA,2026-08-14,2026-08-28,P,160.0,3758,46,0.8027363476562499,0.11,0.08,0.09
NVDA,2026-08-14,2026-08-28,P,165.0,2857,38,0.7578149218750001,0.11,0.1,0.11
NVDA,2026-08-14,2026-08-28,P,170.0,6122,27,0.710940390625,0.13,0.12,0.13
NVDA,2026-08-14,2026-08-28,P,175.0,2880,3,0.6728548339843752,0.21,0.16,0.17
NVDA,2026-08-14,2026-08-28,P,180.0,7255,6,0.6279334082031252,0.21,0.2,0.21
NVDA,2026-08-14,2026-08-28,P,185.0,3392,10,0.5854533642578125,0.27,0.25,0.27
NVDA,2026-08-14,2026-08-28,P,190.0,4697,92,0.5459029785156251,0.34,0.34,0.35
NVDA,2026-08-14,2026-08-28,P,195.0,6365,207,0.5117236328125,0.48,0.48,0.49
NVDA,2026-08-14,2026-08-28,P,200.0,6826,1068,0.48779809082031256,0.72,0.74,0.75
NVDA,2026-08-14,2026-08-28,P,202.5,3058,35,0.47852083984375,0.94,0.93,0.95
NVDA,2026-08-14,2026-08-28,P,205.0,4633,357,0.46362841064453125,1.16,1.13,1.15
NVDA,2026-08-14,2026-08-28,P,207.5,1108,452,0.4558159887695313,1.46,1.43,1.46
NVDA,2026-08-14,2026-08-28,P,210.0,10829,238,0.45093322509765627,1.88,1.83,1.87
NVDA,2026-08-14,2026-08-28,P,212.5,3536,62,0.44690494506835937,2.34,2.34,2.38
NVDA,2026-08-14,2026-08-28,P,215.0,5265,143,0.4545952978515625,2.96,3.05,3.15
NVDA,2026-08-14,2026-08-28,P,217.5,1398,466,0.44446356323242187,3.75,3.7,3.8
NVDA,2026-08-14,2026-08-28,P,220.0,7868,878,0.44006907592773437,4.7,4.55,4.65
NVDA,2026-08-14,2026-08-28,P,222.5,1041,33,0.4464166687011719,5.7,5.7,5.8
NVDA,2026-08-14,2026-08-28,P,225.0,3297,307,0.4408014904785156,6.85,6.8,6.9
NVDA,2026-08-14,2026-08-28,P,227.5,1357,69,0.445318046875,8.11,8.15,8.3
NVDA,2026-08-14,2026-08-28,P,230.0,698,52,0.42896078857421877,9.63,9.4,9.5
NVDA,2026-08-14,2026-08-28,P,232.5,83,34,0.4484918432617187,10.45,11.25,11.4
NVDA,2026-08-14,2026-08-28,P,235.0,577,3,0.4202938830566406,12.79,12.6,12.7
NVDA,2026-08-14,2026-08-28,P,237.5,12,0,0.4461725305175781,15.04,14.35,14.9
NVDA,2026-08-14,2026-08-28,P,240.0,604,501,0.4792532543945312,16.5,16.3,17.25
NVDA,2026-08-14,2026-08-28,P,242.5,4,0,0.4848684326171875,18.81,17.75,19.3
NVDA,2026-08-14,2026-08-28,P,245.0,47,32,0.45606012695312503,20.91,20.15,21.05
NVDA,2026-08-14,2026-08-28,P,247.5,15,0,0.5256395092773438,22.5,22.35,23.9
NVDA,2026-08-14,2026-08-28,P,250.0,21,1,0.4819387744140625,24.51,24.65,25.65
NVDA,2026-08-14,2026-08-28,P,255.0,5,1,0.49805189453125004,29.13,29.15,30.3
NVDA,2026-08-14,2026-08-28,P,260.0,138,2,0.5627485131835939,34.49,33.9,35.35
NVDA,2026-08-14,2026-08-28,P,265.0,27,92,0.6826203613281252,40.37,38.6,40.8
NVDA,2026-08-14,2026-08-28,P,270.0,20,0,0.702151416015625,45.28,43.5,45.55
NVDA,2026-08-14,2026-08-28,P,275.0,7,0,0.5293015820312501,50.21,48.5,50.7
NVDA,2026-08-14,2026-08-28,P,280.0,0,10,0.7966328930664062,55.15,53.45,55.5
NVDA,2026-08-14,2026-08-28,P,285.0,0,0,0.6084023535156251,60.14,58.45,60.75
NVDA,2026-08-14,2026-08-28,P,330.0,1,0,1.0947310888671877,110.39,103.45,106.55
NVDA,2026-08-14,2026-08-28,P,335.0,0,1,1.16016044921875,115.41,108.45,111.75
NVDA,2026-08-14,2026-08-28,P,390.0,0,0,1.5844747338867182,166.1,163.45,165.35
NVDA,2026-08-14,2026-08-28,P,400.0,2,0,1.5024438940429685,176.08,173.45,176.45
NVDA,2026-08-14,2026-09-04,C,70.0,4,2,2.400394624023437,153.2,152.45,159.45
NVDA,2026-08-14,2026-09-04,C,90.0,4,0,2.010747160644531,134.15,132.5,139.7
NVDA,2026-08-14,2026-09-04,C,100.0,21,1,1.78515732421875,124.3,122.6,129.55
NVDA,2026-08-14,2026-09-04,C,105.0,2,0,1.7001968115234376,113.6,117.35,124.85
NVDA,2026-08-14,2026-09-04,C,110.0,10,8,1.5546897265624997,108.07,112.6,119.4
NVDA,2026-08-14,2026-09-04,C,120.0,3,3,1.3720734521484375,98.09,102.65,109.3
NVDA,2026-08-14,2026-09-04,C,130.0,1,2,1.19141029296875,95.74,92.7,99.15
NVDA,2026-08-14,2026-09-04,C,135.0,1,2,1.1630901220703125,90.78,87.55,94.5
NVDA,2026-08-14,2026-09-04,C,140.0,23,2,1.15234798828125,85.75,85.0,87.4
NVDA,2026-08-14,2026-09-04,C,145.0,13,1,1.369143779296875,80.36,77.6,82.55
NVDA,2026-08-14,2026-09-04,C,150.0,175,2,0.9238288867187501,73.95,74.85,77.05
NVDA,2026-08-14,2026-09-04,C,155.0,90,226,0.901368173828125,64.77,67.65,74.5
NVDA,2026-08-14,2026-09-04,C,160.0,37,6,0.9238288867187501,67.09,65.4,67.45
NVDA,2026-08-14,2026-09-04,C,165.0,33,2,0.9812013598632813,62.15,60.8,63.5
NVDA,2026-08-14,2026-09-04,C,170.0,10068,218,0.9543461596679688,56.0,55.6,59.4
NVDA,2026-08-14,2026-09-04,C,175.0,63,210,0.8752453881835938,51.31,50.35,54.6
NVDA,2026-08-14,2026-09-04,C,180.0,5170,1,0.6333044482421876,46.0,45.55,47.05
NVDA,2026-08-14,2026-09-04,C,185.0,291,229,0.6389196264648438,40.27,40.95,42.55
NVDA,2026-08-14,2026-09-04,C,190.0,779,4,0.5454147021484376,36.68,35.95,37.15
NVDA,2026-08-14,2026-09-04,C,195.0,790,4,0.5305222729492188,31.93,31.5,32.45
NVDA,2026-08-14,2026-09-04,C,200.0,1712,3,0.5239305419921875,27.34,26.95,27.65
NVDA,2026-08-14,2026-09-04,C,205.0,1117,2,0.48413601806640627,22.5,22.6,23.1
NVDA,2026-08-14,2026-09-04,C,210.0,2715,11,0.45825737060546884,18.75,18.35,18.9
NVDA,2026-08-14,2026-09-04,C,215.0,7341,6,0.45203184692382814,15.07,15.05,15.3
NVDA,2026-08-14,2026-09-04,C,220.0,5642,79,0.4439142523193359,11.76,11.8,12.05
NVDA,2026-08-14,2026-09-04,C,225.0,6051,263,0.4155331884765625,8.9,8.7,8.8
NVDA,2026-08-14,2026-09-04,C,230.0,14560,262,0.4267025103759766,6.7,6.65,6.8
NVDA,2026-08-14,2026-09-04,C,235.0,5693,66,0.42664147583007817,4.84,4.9,5.0
NVDA,2026-08-14,2026-09-04,C,240.0,31923,210,0.41260353027343744,3.3,3.25,3.35
NVDA,2026-08-14,2026-09-04,C,245.0,3770,54,0.4145566357421875,2.41,2.29,2.34
NVDA,2026-08-14,2026-09-04,C,250.0,4715,212,0.42139250488281255,1.65,1.62,1.66
NVDA,2026-08-14,2026-09-04,C,255.0,1724,133,0.42615319946289065,1.13,1.12,1.15
NVDA,2026-08-14,2026-09-04,C,260.0,1744,14,0.43237872314453124,0.78,0.77,0.8
NVDA,2026-08-14,2026-09-04,C,265.0,1532,39,0.44116769775390624,0.57,0.55,0.57
NVDA,2026-08-14,2026-09-04,C,270.0,26540,89,0.44824770507812495,0.41,0.39,0.4
NVDA,2026-08-14,2026-09-04,C,275.0,578,14,0.46045461425781253,0.29,0.29,0.3
NVDA,2026-08-14,2026-09-04,C,280.0,310,5,0.47363807617187503,0.23,0.22,0.23
NVDA,2026-08-14,2026-09-04,C,285.0,193,1,0.48730981445312505,0.21,0.16,0.18
NVDA,2026-08-14,2026-09-04,C,290.0,175,3,0.499028447265625,0.19,0.13,0.14
NVDA,2026-08-14,2026-09-04,C,295.0,56,15,0.5117236328125,0.12,0.1,0.12
NVDA,2026-08-14,2026-09-04,C,300.0,927,73,0.52539537109375,0.1,0.08,0.1
NVDA,2026-08-14,2026-09-04,C,305.0,51,14,0.5429733203125001,0.12,0.07,0.09
NVDA,2026-08-14,2026-09-04,C,310.0,65,30,0.5507857421875001,0.1,0.05,0.07
NVDA,2026-08-14,2026-09-04,C,315.0,64,9,0.56836369140625,0.09,0.05,0.06
NVDA,2026-08-14,2026-09-04,C,320.0,17,18,0.585941640625,0.09,0.04,0.06
NVDA,2026-08-14,2026-09-04,C,325.0,31,10,0.5937540625000001,0.08,0.03,0.05
NVDA,2026-08-14,2026-09-04,C,330.0,67,12,0.6093789062500001,0.07,0.03,0.04
NVDA,2026-08-14,2026-09-04,C,335.0,9,1,0.6093789062500001,0.08,0.02,0.03
NVDA,2026-08-14,2026-09-04,C,340.0,8,2,0.6289099609375001,0.04,0.02,0.03
NVDA,2026-08-14,2026-09-04,C,345.0,138,20,0.648441015625,0.04,0.02,0.03
NVDA,2026-08-14,2026-09-04,C,350.0,15,2,0.6562534375000001,0.07,0.01,0.03
NVDA,2026-08-14,2026-09-04,C,360.0,13,3,0.6796907031250001,0.03,0.01,0.02
NVDA,2026-08-14,2026-09-04,C,370.0,5,2,0.6875031250000001,0.03,0.0,0.02
NVDA,2026-08-14,2026-09-04,C,380.0,39,38,0.7187528125,0.04,0.0,0.02
NVDA,2026-08-14,2026-09-04,C,390.0,419,412,0.7500025,0.01,0.0,0.02
NVDA,2026-08-14,2026-09-04,C,400.0,43,2,0.7812521875,0.01,0.0,0.02
NVDA,2026-08-14,2026-09-04,P,65.0,10,0,1.8281258593749998,0.02,0.0,0.02
NVDA,2026-08-14,2026-09-04,P,70.0,50,0,1.625001875,0.02,0.0,0.02
NVDA,2026-08-14,2026-09-04,P,75.0,59,10,1.5781271093749998,0.02,0.01,0.02
NVDA,2026-08-14,2026-09-04,P,80.0,12,0,1.5000025,0.02,0.01,0.02
NVDA,2026-08-14,2026-09-04,P,85.0,252,10,1.4453152734375,0.03,0.01,0.03
NVDA,2026-08-14,2026-09-04,P,90.0,291,190,1.359378203125,0.03,0.01,0.03
NVDA,2026-08-14,2026-09-04,P,95.0,309,306,1.2890660546875,0.05,0.01,0.03
NVDA,2026-08-14,2026-09-04,P,100.0,2778,2,1.21875390625,0.04,0.01,0.03
NVDA,2026-08-14,2026-09-04,P,105.0,10,2,1.171879140625,0.14,0.02,0.03
NVDA,2026-08-14,2026-09-04,P,110.0,1508,1,1.125004375,0.03,0.02,0.04
NVDA,2026-08-14,2026-09-04,P,115.0,8174,4,1.0546922265625,0.03,0.02,0.04
NVDA,2026-08-14,2026-09-04,P,120.0,147,10,0.992187578125,0.05,0.02,0.04
NVDA,2026-08-14,2026-09-04,P,125.0,127,61,0.9492192578124999,0.05,0.03,0.04
NVDA,2026-08-14,2026-09-04,P,130.0,171,1,0.9023447265625,0.06,0.03,0.05
NVDA,2026-08-14,2026-09-04,P,135.0,254,5,0.8632826171875,0.08,0.04,0.06
NVDA,2026-08-14,2026-09-04,P,140.0,130,7,0.8164080859374999,0.09,0.05,0.06
NVDA,2026-08-14,2026-09-04,P,145.0,743,11,0.7773459765625,0.1,0.06,0.07
NVDA,2026-08-14,2026-09-04,P,150.0,1172,5,0.7402369726562499,0.08,0.07,0.09
NVDA,2026-08-14,2026-09-04,P,155.0,946,24,0.70898728515625,0.15,0.1,0.11
NVDA,2026-08-14,2026-09-04,P,160.0,1300,3,0.6709017285156251,0.13,0.12,0.13
NVDA,2026-08-14,2026-09-04,P,165.0,971,1,0.629886513671875,0.16,0.14,0.15
NVDA,2026-08-14,2026-09-04,P,170.0,14353,1,0.5996133789062501,0.34,0.18,0.2
NVDA,2026-08-14,2026-09-04,P,175.0,2784,1,0.5644574804687501,0.25,0.23,0.24
NVDA,2026-08-14,2026-09-04,P,180.0,3403,6,0.5302781347656251,0.31,0.29,0.3
NVDA,2026-08-14,2026-09-04,P,185.0,2036,4,0.5004932763671875,0.41,0.38,0.4
NVDA,2026-08-14,2026-09-04,P,190.0,68542,52,0.476567734375,0.53,0.53,0.55
NVDA,2026-08-14,2026-09-04,P,195.0,2856,15,0.45313046875,0.8,0.75,0.78
NVDA,2026-08-14,2026-09-04,P,200.0,7296,139,0.43897045410156255,1.12,1.15,1.19
NVDA,2026-08-14,2026-09-04,P,205.0,2488,85,0.41968353759765625,1.7,1.68,1.72
NVDA,2026-08-14,2026-09-04,P,210.0,3057,159,0.4096738720703125,2.58,2.56,2.6
NVDA,2026-08-14,2026-09-04,P,215.0,1505,63,0.40759869750976563,3.93,3.85,3.95
NVDA,2026-08-14,2026-09-04,P,220.0,11722,73,0.4087583538818359,5.68,5.7,5.8
NVDA,2026-08-14,2026-09-04,P,225.0,2031,235,0.3940490283203125,7.77,7.65,7.8
NVDA,2026-08-14,2026-09-04,P,230.0,294,69,0.3902648864746094,10.55,10.4,10.5
NVDA,2026-08-14,2026-09-04,P,235.0,157,2,0.4035704174804688,13.95,13.9,14.0
NVDA,2026-08-14,2026-09-04,P,240.0,85,2,0.4102842175292969,17.98,16.9,17.75
NVDA,2026-08-14,2026-09-04,P,245.0,157,10,0.41602146484374997,21.95,20.55,21.8
NVDA,2026-08-14,2026-09-04,P,250.0,28,11,0.4255428540039063,26.24,24.9,26.15
NVDA,2026-08-14,2026-09-04,P,255.0,128,38,0.43726148681640625,30.35,29.35,30.7
NVDA,2026-08-14,2026-09-04,P,260.0,116,1,0.45215391601562505,35.0,34.05,35.4
NVDA,2026-08-14,2026-09-04,P,265.0,8,15,0.5080615600585938,40.2,38.8,40.5
NVDA,2026-08-14,2026-09-04,P,270.0,52,48,0.5446822875976562,43.5,43.4,45.45
NVDA,2026-08-14,2026-09-04,P,275.0,0,10,0.5986368261718751,50.22,48.15,50.55
NVDA,2026-08-14,2026-09-04,P,280.0,1,0,0.6577182666015625,55.14,53.3,55.7
NVDA,2026-08-14,2026-09-04,P,300.0,0,0,0.8015156567382812,82.99,73.25,75.65
NVDA,2026-08-14,2026-09-04,P,370.0,0,0,1.3054233947753904,145.93,142.2,146.15
NVDA,2026-08-14,2026-09-11,C,70.0,0,0,1.8359383203124997,136.3,151.9,159.5
NVDA,2026-08-14,2026-09-11,C,105.0,10,0,1.3837921435546874,120.84,117.3,124.55
NVDA,2026-08-14,2026-09-11,C,120.0,1,0,1.2431678466796874,98.21,102.35,109.9
NVDA,2026-08-14,2026-09-11,C,135.0,2,0,1.0512742749023438,84.06,87.35,95.0
NVDA,2026-08-14,2026-09-11,C,140.0,1,0,1.0185595947265624,85.89,85.0,87.6
NVDA,2026-08-14,2026-09-11,C,145.0,1,1,0.9233406103515626,54.94,77.3,85.05
NVDA,2026-08-14,2026-09-11,C,150.0,6,2,0.9179695703125,75.85,73.1,79.75
NVDA,2026-08-14,2026-09-11,C,155.0,5,0,0.8027363476562499,71.29,67.45,74.9
NVDA,2026-08-14,2026-09-11,C,160.0,322,86,0.8498550170898438,66.37,63.7,69.8
NVDA,2026-08-14,2026-09-11,C,165.0,6,148,0.7524438818359375,60.64,58.1,64.95
NVDA,2026-08-14,2026-09-11,C,170.0,178,151,0.6772493212890626,56.0,54.55,58.3
NVDA,2026-08-14,2026-09-11,C,175.0,42,89,0.6945831323242189,51.82,50.55,53.4
NVDA,2026-08-14,2026-09-11,C,180.0,728,88,0.5715374877929689,46.27,44.75,48.2
NVDA,2026-08-14,2026-09-11,C,185.0,61,23,0.5376022802734376,41.28,41.0,42.3
NVDA,2026-08-14,2026-09-11,C,190.0,131,6,0.5317429638671876,36.9,36.0,37.15
NVDA,2026-08-14,2026-09-11,C,195.0,98,28,0.5246629565429688,31.94,31.8,32.8
NVDA,2026-08-14,2026-09-11,C,200.0,1032,2,0.4815725671386719,27.9,26.8,28.1
NVDA,2026-08-14,2026-09-11,C,205.0,457,62,0.45532771240234376,22.97,22.85,23.75
NVDA,2026-08-14,2026-09-11,C,210.0,656,4,0.4329890686035156,19.5,19.25,19.65
NVDA,2026-08-14,2026-09-11,C,215.0,650,7,0.408636284790039,15.84,15.2,15.75
NVDA,2026-08-14,2026-09-11,C,220.0,2930,659,0.40631697204589845,12.64,12.6,12.65
NVDA,2026-08-14,2026-09-11,C,225.0,5772,52,0.40595076477050784,9.9,9.85,10.0
NVDA,2026-08-14,2026-09-11,C,230.0,5178,46,0.3947814428710938,7.49,7.25,7.5
NVDA,2026-08-14,2026-09-11,C,235.0,2024,28,0.40064075927734377,5.7,5.6,5.8
NVDA,2026-08-14,2026-09-11,C,240.0,7117,184,0.39002074829101563,4.0,3.95,4.1
NVDA,2026-08-14,2026-09-11,C,245.0,3801,28,0.3898986791992188,3.0,2.85,2.96
NVDA,2026-08-14,2026-09-11,C,250.0,2931,55,0.39588006469726567,2.14,2.07,2.19
NVDA,2026-08-14,2026-09-11,C,255.0,2059,9,0.3963683410644532,1.53,1.45,1.54
NVDA,2026-08-14,2026-09-11,C,260.0,2331,81,0.40112903564453123,1.1,1.03,1.11
NVDA,2026-08-14,2026-09-11,C,265.0,504,10,0.40991801025390623,0.85,0.74,0.83
NVDA,2026-08-14,2026-09-11,C,270.0,453,22,0.41797457031249996,0.6,0.55,0.62
NVDA,2026-08-14,2026-09-11,C,275.0,261,14,0.42529871582031253,0.44,0.42,0.46
NVDA,2026-08-14,2026-09-11,C,280.0,97,31,0.43848217773437503,0.4,0.31,0.37
NVDA,2026-08-14,2026-09-11,C,285.0,173,10,0.45361874511718747,0.31,0.24,0.31
NVDA,2026-08-14,2026-09-11,C,290.0,86,22,0.467778759765625,0.27,0.2,0.26
NVDA,2026-08-14,2026-09-11,C,295.0,64,11,0.47803256347656253,0.23,0.16,0.21
NVDA,2026-08-14,2026-09-11,C,300.0,406,17,0.49609878906250005,0.16,0.14,0.19
NVDA,2026-08-14,2026-09-11,C,305.0,32,2,0.507817421875,0.16,0.11,0.16
NVDA,2026-08-14,2026-09-11,C,310.0,73,1,0.508793974609375,0.12,0.09,0.14
NVDA,2026-08-14,2026-09-11,C,315.0,35,1,0.5214891601562499,0.07,0.08,0.12
NVDA,2026-08-14,2026-09-11,C,320.0,18,3,0.5312546875,0.11,0.06,0.11
NVDA,2026-08-14,2026-09-11,C,325.0,32,2,0.5449264257812501,0.08,0.05,0.1
NVDA,2026-08-14,2026-09-11,C,330.0,2,1,0.5546919531250001,0.1,0.04,0.09
NVDA,2026-08-14,2026-09-11,C,335.0,8,2,0.56836369140625,0.07,0.03,0.09
NVDA,2026-08-14,2026-09-11,C,340.0,1,1,0.57617611328125,0.11,0.02,0.08
NVDA,2026-08-14,2026-09-11,C,350.0,21,1,0.5976602734375001,0.01,0.01,0.07
NVDA,2026-08-14,2026-09-11,C,360.0,15,4,0.6250037500000001,0.02,0.01,0.06
NVDA,2026-08-14,2026-09-11,C,370.0,49,3,0.648441015625,0.01,0.01,0.05
NVDA,2026-08-14,2026-09-11,C,380.0,3,0,0.6640658593750002,0.05,0.0,0.05
NVDA,2026-08-14,2026-09-11,C,390.0,44,7,0.6796907031250001,0.04,0.0,0.04
NVDA,2026-08-14,2026-09-11,P,50.0,1,0,1.875000625,0.03,0.0,0.04
NVDA,2026-08-14,2026-09-11,P,55.0,8,0,1.8828130859374999,0.02,0.0,0.04
NVDA,2026-08-14,2026-09-11,P,75.0,10,0,1.4140654296875002,0.05,0.0,0.05
NVDA,2026-08-14,2026-09-11,P,80.0,1,1,1.3359408203124996,0.07,0.0,0.05
NVDA,2026-08-14,2026-09-11,P,85.0,1,0,1.2656286718749998,0.05,0.0,0.05
NVDA,2026-08-14,2026-09-11,P,95.0,3,1,1.140629296875,0.08,0.0,0.06
NVDA,2026-08-14,2026-09-11,P,100.0,3,3,1.0781296093750001,0.04,0.0,0.06
NVDA,2026-08-14,2026-09-11,P,105.0,1,2,1.015629921875,0.2,0.0,0.06
NVDA,2026-08-14,2026-09-11,P,110.0,23,11,0.98437515625,0.05,0.01,0.07
NVDA,2026-08-14,2026-09-11,P,115.0,29,4,0.929688203125,0.09,0.01,0.07
NVDA,2026-08-14,2026-09-11,P,120.0,330,1,0.8945323046874999,0.04,0.02,0.08
NVDA,2026-08-14,2026-09-11,P,125.0,7,1,0.84961087890625,0.1,0.03,0.08
NVDA,2026-08-14,2026-09-11,P,130.0,16,1,0.8125018749999999,0.09,0.04,0.09
NVDA,2026-08-14,2026-09-11,P,135.0,140,2,0.77929908203125,0.1,0.06,0.1
NVDA,2026-08-14,2026-09-11,P,140.0,715,2,0.7382838671874999,0.14,0.06,0.12
NVDA,2026-08-14,2026-09-11,P,145.0,131,1,0.7070341796875,0.12,0.08,0.14
NVDA,2026-08-14,2026-09-11,P,150.0,1087,4,0.6718782812500002,0.16,0.1,0.16
NVDA,2026-08-14,2026-09-11,P,155.0,103,2,0.641605146484375,0.17,0.13,0.19
NVDA,2026-08-14,2026-09-11,P,160.0,137,6,0.6025430371093752,0.2,0.16,0.2
NVDA,2026-08-14,2026-09-11,P,165.0,471,1,0.57617611328125,0.26,0.2,0.26
NVDA,2026-08-14,2026-09-11,P,170.0,315,3,0.5449264257812501,0.28,0.25,0.31
NVDA,2026-08-14,2026-09-11,P,175.0,1010,2,0.51562984375,0.35,0.32,0.38
NVDA,2026-08-14,2026-09-11,P,180.0,890,1,0.49121602539062503,0.46,0.42,0.46
NVDA,2026-08-14,2026-09-11,P,185.0,1023,13,0.467778759765625,0.58,0.56,0.61
NVDA,2026-08-14,2026-09-11,P,190.0,2082,4,0.44775942871093743,0.78,0.76,0.84
NVDA,2026-08-14,2026-09-11,P,195.0,2637,25,0.4246883703613281,1.12,1.07,1.12
NVDA,2026-08-14,2026-09-11,P,200.0,1747,189,0.414068359375,1.58,1.57,1.65
NVDA,2026-08-14,2026-09-11,P,205.0,1708,32,0.40015248291015626,2.28,2.24,2.33
NVDA,2026-08-14,2026-09-11,P,210.0,2051,23,0.39465937377929694,3.26,3.2,3.4
NVDA,2026-08-14,2026-09-11,P,215.0,800,8,0.39124143920898435,4.7,4.6,4.85
NVDA,2026-08-14,2026-09-11,P,220.0,2363,20,0.3859924682617187,6.48,6.45,6.65
NVDA,2026-08-14,2026-09-11,P,225.0,623,55,0.38220832641601554,8.6,8.75,8.9
NVDA,2026-08-14,2026-09-11,P,230.0,124,16,0.37506728454589844,11.5,11.3,11.5
NVDA,2026-08-14,2026-09-11,P,235.0,79,5,0.3665834826660156,14.42,14.2,14.5
NVDA,2026-08-14,2026-09-11,P,240.0,91,8,0.3794007373046875,18.55,17.55,18.35
NVDA,2026-08-14,2026-09-11,P,245.0,151,50,0.38550419189453117,22.1,21.3,22.35
NVDA,2026-08-14,2026-09-11,P,250.0,10,4,0.3920959228515625,26.82,25.4,26.6
NVDA,2026-08-14,2026-09-11,P,255.0,4,16,0.4321345849609375,30.54,30.05,31.5
NVDA,2026-08-14,2026-09-11,P,260.0,20,6,0.4078428356933594,35.6,34.3,35.65
NVDA,2026-08-14,2026-09-11,P,265.0,72,0,0.4157773266601562,40.3,39.05,40.35
NVDA,2026-08-14,2026-09-11,P,270.0,23,0,0.46802289794921875,45.15,43.8,45.5
NVDA,2026-08-14,2026-09-11,P,275.0,7,1,0.5808147387695313,49.3,47.75,51.3
NVDA,2026-08-14,2026-09-11,P,280.0,2,6,0.594730615234375,54.47,52.85,56.05
NVDA,2026-08-14,2026-09-11,P,285.0,0,0,0.6577182666015625,59.29,57.65,61.35
NVDA,2026-08-14,2026-09-11,P,290.0,0,6,0.6779817358398439,64.25,62.2,66.2
NVDA,2026-08-14,2026-09-11,P,295.0,0,0,0.7258328198242188,82.12,67.45,71.35
NVDA,2026-08-14,2026-09-11,P,390.0,0,0,1.2272987854003907,168.92,162.25,166.35
NVDA,2026-08-14,2026-09-18,C,5.0,139,1,6.226564716796874,215.71,218.6,223.15
NVDA,2026-08-14,2026-09-18,C,10.0,1464,2,4.8906288867187495,212.57,213.75,218.0
NVDA,2026-08-14,2026-09-18,C,15.0,53,2,4.222660971679687,207.61,208.65,213.15
NVDA,2026-08-14,2026-09-18,C,20.0,64,10,3.2265644335937496,175.91,203.55,207.75
NVDA,2026-08-14,2026-09-18,C,25.0,882,50,3.308595478515625,194.77,198.6,203.1
NVDA,2026-08-14,2026-09-18,C,30.0,65,1,3.1171897070312498,191.37,193.8,198.05
NVDA,2026-08-14,2026-09-18,C,35.0,411,1,2.8750028125,173.47,188.75,193.1
NVDA,2026-08-14,2026-09-18,C,40.0,268,2,2.691409521484375,184.0,183.8,188.1
NVDA,2026-08-14,2026-09-18,C,45.0,129,3,2.530277111816406,180.9,178.7,183.25
NVDA,2026-08-14,2026-09-18,C,50.0,159,3,1.671876640625,173.6,173.25,177.85
NVDA,2026-08-14,2026-09-18,C,55.0,80,40,2.2568402954101563,152.04,168.75,173.3
NVDA,2026-08-14,2026-09-18,C,60.0,284,10,2.0712938842773436,162.55,163.85,168.05
NVDA,2026-08-14,2026-09-18,C,65.0,269,2,1.9990234423828124,158.65,158.75,163.3
NVDA,2026-08-14,2026-09-18,C,70.0,312,39,1.900391123046875,149.69,153.9,158.2
NVDA,2026-08-14,2026-09-18,C,75.0,75,9,1.8076181494140622,120.0,148.85,153.3
NVDA,2026-08-14,2026-09-18,C,80.0,229,2,1.5419944775390624,147.0,144.0,147.6
NVDA,2026-08-14,2026-09-18,C,85.0,477,1,1.626954990234375,140.8,139.45,142.75
NVDA,2026-08-14,2026-09-18,C,90.0,967,10,1.4677760986328123,130.1,133.85,138.05
NVDA,2026-08-14,2026-09-18,C,95.0,730,2,1.4848658569335935,123.8,128.95,133.4
NVDA,2026-08-14,2026-09-18,C,100.0,2467,11,1.2998081884765622,125.37,124.15,127.7
NVDA,2026-08-14,2026-09-18,C,105.0,1483,1,1.3281283593749997,120.73,119.55,122.8
NVDA,2026-08-14,2026-09-18,C,110.0,1573,1,1.2294960400390624,115.92,114.45,117.75
NVDA,2026-08-14,2026-09-18,C,115.0,2557,4,1.2431678466796874,112.17,109.9,112.85
NVDA,2026-08-14,2026-09-18,C,120.0,2895,1,1.133305114746094,105.52,105.0,107.45
NVDA,2026-08-14,2026-09-18,C,125.0,5145,80,0.9995117236328125,101.37,99.1,102.9
NVDA,2026-08-14,2026-09-18,C,130.0,3904,11,1.0908248583984377,95.89,94.2,99.0
NVDA,2026-08-14,2026-09-18,C,135.0,2578,2,0.945313046875,90.74,89.5,92.95
NVDA,2026-08-14,2026-09-18,C,140.0,13711,6,0.8564467480468749,85.64,84.45,87.75
NVDA,2026-08-14,2026-09-18,C,145.0,2871,10,0.6884796777343751,81.29,79.4,82.1
NVDA,2026-08-14,2026-09-18,C,150.0,23717,1,0.795900478515625,76.2,75.25,77.4
NVDA,2026-08-14,2026-09-18,C,155.0,6021,226,0.727541787109375,70.65,70.05,72.45
NVDA,2026-08-14,2026-09-18,C,160.0,6870,219,0.6704134521484376,66.15,65.25,67.2
NVDA,2026-08-14,2026-09-18,C,165.0,8111,27,0.596683720703125,61.09,60.25,61.95
NVDA,2026-08-14,2026-09-18,C,170.0,8757,3,0.5822795678710937,57.84,55.7,56.9
NVDA,2026-08-14,2026-09-18,C,175.0,8849,3,0.5734905932617188,53.0,51.2,52.0
NVDA,2026-08-14,2026-09-18,C,180.0,15652,9,0.5192919165039063,47.75,46.05,47.1
NVDA,2026-08-14,2026-09-18,C,185.0,10299,4,0.5256395092773438,41.75,41.45,42.15
NVDA,2026-08-14,2026-09-18,C,190.0,28127,61,0.48828636718750007,37.37,36.75,37.35
NVDA,2026-08-14,2026-09-18,C,195.0,81290,117,0.4792532543945312,32.25,32.35,33.0
NVDA,2026-08-14,2026-09-18,C,200.0,47253,13,0.459966337890625,28.6,28.35,28.65
NVDA,2026-08-14,2026-09-18,C,205.0,20516,13,0.43768872863769537,23.95,23.95,24.4
NVDA,2026-08-14,2026-09-18,C,210.0,62578,71,0.41174904663085937,20.5,19.95,20.25
NVDA,2026-08-14,2026-09-18,C,215.0,24750,108,0.4163266375732422,16.85,16.8,17.05
NVDA,2026-08-14,2026-09-18,C,220.0,39815,70,0.4028380029296875,13.75,13.6,13.75
NVDA,2026-08-14,2026-09-18,C,225.0,44024,833,0.38623660644531244,10.6,10.55,10.7
NVDA,2026-08-14,2026-09-18,C,230.0,35426,1871,0.3839172937011719,8.5,8.25,8.4
NVDA,2026-08-14,2026-09-18,C,235.0,24461,350,0.38471074279785156,6.6,6.45,6.55
NVDA,2026-08-14,2026-09-18,C,240.0,55243,2470,0.3883117810058594,5.05,5.0,5.1
NVDA,2026-08-14,2026-09-18,C,245.0,33398,76,0.38794557373046873,3.79,3.7,3.85
NVDA,2026-08-14,2026-09-18,C,250.0,50909,1942,0.3781800463867187,2.68,2.66,2.68
NVDA,2026-08-14,2026-09-18,C,255.0,13022,119,0.3883117810058594,2.06,2.07,2.11
NVDA,2026-08-14,2026-09-18,C,260.0,31492,51,0.39148557739257805,1.53,1.51,1.57
NVDA,2026-08-14,2026-09-18,C,265.0,9256,17,0.39453730468750003,1.13,1.13,1.16
NVDA,2026-08-14,2026-09-18,C,270.0,27434,41,0.39942006835937505,0.88,0.83,0.87
NVDA,2026-08-14,2026-09-18,C,275.0,9614,2,0.40772076660156253,0.71,0.66,0.68
NVDA,2026-08-14,2026-09-18,C,280.0,18714,126,0.4138242211914062,0.54,0.51,0.52
NVDA,2026-08-14,2026-09-18,C,285.0,3210,5,0.4255428540039063,0.41,0.4,0.43
NVDA,2026-08-14,2026-09-18,C,290.0,6886,124,0.43530838134765626,0.38,0.32,0.35
NVDA,2026-08-14,2026-09-18,C,295.0,2362,3,0.4458063232421875,0.27,0.26,0.29
NVDA,2026-08-14,2026-09-18,C,300.0,29371,140,0.45508357421875,0.24,0.22,0.24
NVDA,2026-08-14,2026-09-18,C,310.0,6222,18,0.47461462890625,0.2,0.15,0.17
NVDA,2026-08-14,2026-09-18,C,320.0,7674,22,0.5019581054687501,0.16,0.11,0.14
NVDA,2026-08-14,2026-09-18,C,330.0,3560,1,0.5136767382812499,0.13,0.08,0.11
NVDA,2026-08-14,2026-09-18,C,340.0,2144,7,0.5351608984375,0.09,0.06,0.09
NVDA,2026-08-14,2026-09-18,C,350.0,24783,50,0.55273884765625,0.07,0.05,0.07
NVDA,2026-08-14,2026-09-18,C,360.0,4651,16,0.5664105859375,0.05,0.03,0.06
NVDA,2026-08-14,2026-09-18,C,370.0,5536,17,0.5820354296875,0.03,0.03,0.04
NVDA,2026-08-14,2026-09-18,C,380.0,2774,10,0.6093789062500001,0.03,0.03,0.04
NVDA,2026-08-14,2026-09-18,C,390.0,8171,32,0.5937540625000001,0.03,0.01,0.02
NVDA,2026-08-14,2026-09-18,C,400.0,13547,2014,0.6171913281250001,0.03,0.01,0.02
NVDA,2026-08-14,2026-09-18,C,410.0,5534,1,0.6562534375000001,0.02,0.01,0.03
NVDA,2026-08-14,2026-09-18,C,420.0,7910,116,0.6640658593750002,0.01,0.01,0.02
NVDA,2026-08-14,2026-09-18,C,430.0,269,5,0.6875031250000001,0.02,0.01,0.02
NVDA,2026-08-14,2026-09-18,C,440.0,619,15,0.70312796875,0.02,0.01,0.02
NVDA,2026-08-14,2026-09-18,C,450.0,2198,1,0.6718782812500002,0.01,0.0,0.01
NVDA,2026-08-14,2026-09-18,C,455.0,1590,20,0.7187528125,0.01,0.0,0.02
NVDA,2026-08-14,2026-09-18,C,460.0,26350,55,0.6875031250000001,0.01,0.0,0.01
NVDA,2026-08-14,2026-09-18,P,5.0,1952,7,3.8750003125,0.01,0.0,0.01
NVDA,2026-08-14,2026-09-18,P,10.0,970,1,3.43750140625,0.01,0.0,0.03
NVDA,2026-08-14,2026-09-18,P,15.0,486,3,2.68750328125,0.01,0.0,0.01
NVDA,2026-08-14,2026-09-18,P,20.0,0,1,0.500005,0.01,0.0,0.0
NVDA,2026-08-14,2026-09-18,P,25.0,3427,2,2.1875045312499997,0.02,0.0,0.01
NVDA,2026-08-14,2026-09-18,P,30.0,690,12,2.000005,0.01,0.0,0.01
NVDA,2026-08-14,2026-09-18,P,35.0,6016,14,1.8437507812499998,0.01,0.0,0.01
NVDA,2026-08-14,2026-09-18,P,40.0,4693,10,1.71875140625,0.01,0.0,0.01
NVDA,2026-08-14,2026-09-18,P,45.0,1634,1,0.500005,0.01,0.0,0.0
NVDA,2026-08-14,2026-09-18,P,50.0,7736,3,1.5781271093749998,0.02,0.0,0.02
NVDA,2026-08-14,2026-09-18,P,55.0,907,4,1.46875265625,0.01,0.0,0.02
NVDA,2026-08-14,2026-09-18,P,60.0,2249,32,1.4375028125,0.01,0.0,0.03
NVDA,2026-08-14,2026-09-18,P,65.0,1420,2,1.3906280468749999,0.03,0.01,0.03
NVDA,2026-08-14,2026-09-18,P,70.0,2394,2,1.3046909765624997,0.01,0.01,0.03
NVDA,2026-08-14,2026-09-18,P,75.0,1358,2,1.2343788281249999,0.04,0.01,0.03
NVDA,2026-08-14,2026-09-18,P,80.0,3861,12,1.1875040625,0.03,0.01,0.04
NVDA,2026-08-14,2026-09-18,P,85.0,4691,7,1.1171919140625,0.02,0.02,0.03
NVDA,2026-08-14,2026-09-18,P,90.0,9913,10,1.0546922265625,0.03,0.02,0.03
NVDA,2026-08-14,2026-09-18,P,95.0,13996,4,0.9960937890625,0.03,0.02,0.03
NVDA,2026-08-14,2026-09-18,P,100.0,20371,2405,0.9726565234375,0.04,0.03,0.04
NVDA,2026-08-14,2026-09-18,P,105.0,8536,5,0.9414068359375,0.05,0.03,0.06
NVDA,2026-08-14,2026-09-18,P,110.0,16985,1,0.8867198828124999,0.05,0.04,0.05
NVDA,2026-08-14,2026-09-18,P,115.0,10270,13,0.8437515624999999,0.05,0.04,0.06
NVDA,2026-08-14,2026-09-18,P,120.0,39210,10,0.8085956640624999,0.06,0.05,0.07
NVDA,2026-08-14,2026-09-18,P,125.0,25953,253,0.7812521875,0.08,0.06,0.09
NVDA,2026-08-14,2026-09-18,P,130.0,29809,346,0.7480493945312501,0.1,0.08,0.1
NVDA,2026-08-14,2026-09-18,P,135.0,13596,72,0.710940390625,0.12,0.09,0.11
NVDA,2026-08-14,2026-09-18,P,140.0,53519,89,0.6796907031250001,0.15,0.11,0.13
NVDA,2026-08-14,2026-09-18,P,145.0,23393,1,0.6533237792968751,0.17,0.14,0.16
NVDA,2026-08-14,2026-09-18,P,150.0,36710,3,0.62305064453125,0.19,0.17,0.19
NVDA,2026-08-14,2026-09-18,P,155.0,20808,3,0.5937540625000001,0.21,0.21,0.22
NVDA,2026-08-14,2026-09-18,P,160.0,36676,5,0.5620160986328125,0.26,0.24,0.26
NVDA,2026-08-14,2026-09-18,P,165.0,29011,15,0.5361374511718751,0.3,0.3,0.32
NVDA,2026-08-14,2026-09-18,P,170.0,42168,20,0.5102588037109376,0.4,0.38,0.39
NVDA,2026-08-14,2026-09-18,P,175.0,33987,47,0.4887746435546876,0.49,0.48,0.5
NVDA,2026-08-14,2026-09-18,P,180.0,70095,36,0.46582565429687506,0.62,0.61,0.64
NVDA,2026-08-14,2026-09-18,P,185.0,34862,34,0.44434149414062496,0.82,0.8,0.83
NVDA,2026-08-14,2026-09-18,P,190.0,32472,91,0.4279842358398438,1.11,1.08,1.13
NVDA,2026-08-14,2026-09-18,P,195.0,19981,39,0.4116269775390625,1.5,1.48,1.53
NVDA,2026-08-14,2026-09-18,P,200.0,44128,227,0.3986876538085938,2.1,2.05,2.11
NVDA,2026-08-14,2026-09-18,P,205.0,12792,385,0.38867798828125,2.95,2.88,2.93
NVDA,2026-08-14,2026-09-18,P,210.0,42085,202,0.3834290173339844,4.02,4.0,4.1
NVDA,2026-08-14,2026-09-18,P,215.0,14102,69,0.38269660278320305,5.6,5.6,5.7
NVDA,2026-08-14,2026-09-18,P,220.0,13435,193,0.369574175415039,7.26,7.2,7.35
NVDA,2026-08-14,2026-09-18,P,225.0,10580,377,0.372625902709961,9.55,9.7,9.8
NVDA,2026-08-14,2026-09-18,P,230.0,6430,234,0.3683534844970704,12.4,12.35,12.45
NVDA,2026-08-14,2026-09-18,P,235.0,2135,11,0.35681795532226557,15.37,15.15,15.3
NVDA,2026-08-14,2026-09-18,P,240.0,2215,3,0.37085590087890624,18.76,18.3,19.15
NVDA,2026-08-14,2026-09-18,P,245.0,522,3,0.3709779699707031,22.55,22.1,22.95
NVDA,2026-08-14,2026-09-18,P,250.0,2165,79,0.37293107543945314,27.35,26.15,27.05
NVDA,2026-08-14,2026-09-18,P,255.0,270,36,0.39563592651367196,31.62,30.5,31.7
NVDA,2026-08-14,2026-09-18,P,260.0,513,20,0.3813538427734374,35.65,34.9,35.9
NVDA,2026-08-14,2026-09-18,P,265.0,50,20,0.387701435546875,40.25,39.25,40.55
NVDA,2026-08-14,2026-09-18,P,270.0,29,13,0.40064075927734377,45.23,43.95,45.35
NVDA,2026-08-14,2026-09-18,P,275.0,172,13,0.46582565429687506,50.03,49.15,50.7
NVDA,2026-08-14,2026-09-18,P,280.0,485,53,0.4660697924804688,54.76,53.2,55.4
NVDA,2026-08-14,2026-09-18,P,285.0,4,12,0.49487809814453126,59.72,58.5,60.4
NVDA,2026-08-14,2026-09-18,P,290.0,21,30,0.5105029418945313,67.39,63.4,65.3
NVDA,2026-08-14,2026-09-18,P,295.0,77,77,1.3614533880615234,66.37,84.4,86.65
NVDA,2026-08-14,2026-09-18,P,300.0,0,2,0.5695843823242188,85.8,73.1,75.35
NVDA,2026-08-14,2026-09-18,P,310.0,0,20,1.0000000000000003e-05,85.25,0.0,0.0
NVDA,2026-08-14,2026-09-18,P,320.0,0,1,1.0000000000000003e-05,96.7,0.0,0.0
NVDA,2026-08-14,2026-09-18,P,330.0,0,1,0.7128934960937501,108.62,103.1,105.35
NVDA,2026-08-14,2026-09-18,P,340.0,0,20,1.0000000000000003e-05,117.65,0.0,0.0
NVDA,2026-08-14,2026-09-18,P,350.0,0,8,2.8812894178771975,162.89,167.85,171.85
NVDA,2026-08-14,2026-09-18,P,360.0,0,25,1.8059091735839843,130.2,149.85,151.7
NVDA,2026-08-14,2026-09-18,P,370.0,0,200,1.0000000000000003e-05,149.95,0.0,0.0
NVDA,2026-08-14,2026-09-18,P,400.0,0,2,1.0000000000000003e-05,215.09,0.0,0.0
NVDA,2026-08-14,2026-09-18,P,410.0,0,0,1.0000000000000003e-05,225.11,0.0,0.0
NVDA,2026-08-14,2026-09-18,P,420.0,0,0,2.9971948898315426,229.0,230.75,234.35
NVDA,2026-08-14,2026-09-18,P,460.0,0,0,1.1484417578125,236.44,233.35,235.25
NVDA,2026-08-14,2026-09-25,C,80.0,5,0,1.5566428417968747,143.11,142.15,150.1
NVDA,2026-08-14,2026-09-25,C,120.0,1,0,1.0122119702148438,100.22,102.35,110.05
NVDA,2026-08-14,2026-09-25,C,140.0,7,0,0.8081073876953124,85.86,82.5,90.05
NVDA,2026-08-14,2026-09-25,C,145.0,1,0,0.7358424853515625,76.23,77.5,84.85
NVDA,2026-08-14,2026-09-25,C,150.0,2,1,0.7336452416992187,69.0,72.6,80.25
NVDA,2026-08-14,2026-09-25,C,160.0,3,0,0.6232947827148438,66.75,64.75,67.95
NVDA,2026-08-14,2026-09-25,C,165.0,8,48,0.6562534375000001,61.18,59.0,64.95
NVDA,2026-08-14,2026-09-25,C,170.0,12,0,0.5979044116210939,56.45,54.1,59.7
NVDA,2026-08-14,2026-09-25,C,175.0,5,4,0.6334265173339844,49.92,49.35,52.85
NVDA,2026-08-14,2026-09-25,C,180.0,5,2,0.523442265625,45.57,46.5,47.8
NVDA,2026-08-14,2026-09-25,C,185.0,54,52,0.545048494873047,42.94,41.8,43.1
NVDA,2026-08-14,2026-09-25,C,190.0,20,5,0.5014698291015626,37.51,36.65,38.25
NVDA,2026-08-14,2026-09-25,C,195.0,45,2,0.4681449670410156,33.75,32.75,33.6
NVDA,2026-08-14,2026-09-25,C,200.0,185,1,0.4315242395019532,29.05,28.05,28.95
NVDA,2026-08-14,2026-09-25,C,205.0,402,30,0.4343318286132813,24.65,24.55,25.25
NVDA,2026-08-14,2026-09-25,C,210.0,94,25,0.4213314703369141,21.03,21.0,21.45
NVDA,2026-08-14,2026-09-25,C,215.0,2305,3,0.4102842175292969,17.74,17.1,17.95
NVDA,2026-08-14,2026-09-25,C,220.0,548,5,0.4067442138671875,14.67,14.45,14.95
NVDA,2026-08-14,2026-09-25,C,225.0,1608,12,0.387152124633789,12.01,11.45,11.8
NVDA,2026-08-14,2026-09-25,C,230.0,637,95,0.3919128192138671,9.59,9.5,9.7
NVDA,2026-08-14,2026-09-25,C,235.0,1059,13,0.3820252227783203,7.5,7.3,7.5
NVDA,2026-08-14,2026-09-25,C,240.0,834,9,0.38373419006347653,5.82,5.7,5.95
NVDA,2026-08-14,2026-09-25,C,245.0,1213,36,0.38245246459960935,4.79,4.4,4.6
NVDA,2026-08-14,2026-09-25,C,250.0,1931,91,0.38757936645507807,3.55,3.45,3.65
NVDA,2026-08-14,2026-09-25,C,255.0,1632,2,0.3853821228027343,2.76,2.66,2.74
NVDA,2026-08-14,2026-09-25,C,260.0,16307,6,0.38587039916992183,2.15,1.96,2.07
NVDA,2026-08-14,2026-09-25,C,265.0,527,5,0.38843385009765624,1.6,1.48,1.58
NVDA,2026-08-14,2026-09-25,C,270.0,15990,292,0.39514765014648445,1.23,1.17,1.25
NVDA,2026-08-14,2026-09-25,C,275.0,418,6,0.3986876538085938,0.98,0.9,0.96
NVDA,2026-08-14,2026-09-25,C,280.0,219,140,0.4061338684082031,0.79,0.7,0.77
NVDA,2026-08-14,2026-09-25,C,285.0,103,141,0.4145566357421875,0.63,0.58,0.63
NVDA,2026-08-14,2026-09-25,C,290.0,88,17,0.4233456103515625,0.5,0.47,0.52
NVDA,2026-08-14,2026-09-25,C,295.0,3,0,0.43164630859375,0.48,0.38,0.43
NVDA,2026-08-14,2026-09-25,C,300.0,340,6,0.43994700683593746,0.35,0.33,0.36
NVDA,2026-08-14,2026-09-25,C,305.0,8,0,0.4545952978515625,0.31,0.28,0.33
NVDA,2026-08-14,2026-09-25,C,310.0,1,0,0.46289599609375004,0.23,0.24,0.28
NVDA,2026-08-14,2026-09-25,C,315.0,3,1,0.47412635253906255,0.27,0.21,0.25
NVDA,2026-08-14,2026-09-25,C,320.0,2,0,0.48389187988281257,0.17,0.18,0.22
NVDA,2026-08-14,2026-09-25,C,325.0,13,1,0.49170430175781255,0.17,0.15,0.19
NVDA,2026-08-14,2026-09-25,C,330.0,2,2,0.5053760400390624,0.18,0.13,0.18
NVDA,2026-08-14,2026-09-25,C,335.0,1,0,0.50586431640625,0.15,0.11,0.17
NVDA,2026-08-14,2026-09-25,C,340.0,13,1,0.514653291015625,0.15,0.1,0.15
NVDA,2026-08-14,2026-09-25,C,345.0,8,0,0.52539537109375,0.12,0.09,0.14
NVDA,2026-08-14,2026-09-25,C,350.0,3,2,0.5312546875,0.09,0.07,0.13
NVDA,2026-08-14,2026-09-25,C,360.0,8,0,0.5468795312500001,0.11,0.05,0.11
NVDA,2026-08-14,2026-09-25,C,370.0,6,1,0.5625043750000001,0.06,0.04,0.09
NVDA,2026-08-14,2026-09-25,C,380.0,14,1,0.57812921875,0.03,0.03,0.08
NVDA,2026-08-14,2026-09-25,C,390.0,198,80,0.5918009570312501,0.05,0.02,0.07
NVDA,2026-08-14,2026-09-25,P,50.0,1,0,1.65234548828125,0.03,0.0,0.05
NVDA,2026-08-14,2026-09-25,P,80.0,10,0,1.125004375,0.03,0.01,0.07
NVDA,2026-08-14,2026-09-25,P,90.0,1,0,1.015629921875,0.06,0.02,0.07
NVDA,2026-08-14,2026-09-25,P,95.0,2,1,0.9687503125,0.06,0.03,0.07
NVDA,2026-08-14,2026-09-25,P,100.0,36,2,0.9238288867187501,0.03,0.03,0.08
NVDA,2026-08-14,2026-09-25,P,105.0,4,1,0.8867198828124999,0.1,0.04,0.09
NVDA,2026-08-14,2026-09-25,P,110.0,15,2,0.8437515624999999,0.06,0.04,0.1
NVDA,2026-08-14,2026-09-25,P,115.0,1,2,0.8125018749999999,0.11,0.06,0.11
NVDA,2026-08-14,2026-09-25,P,120.0,7,1,0.7753928710937501,0.1,0.07,0.12
NVDA,2026-08-14,2026-09-25,P,125.0,13,11,0.7421900781249999,0.13,0.08,0.14
NVDA,2026-08-14,2026-09-25,P,130.0,242,1,0.7041045214843751,0.15,0.1,0.14
NVDA,2026-08-14,2026-09-25,P,135.0,20,1,0.6796907031250001,0.17,0.12,0.18
NVDA,2026-08-14,2026-09-25,P,140.0,118,1,0.648441015625,0.16,0.15,0.2
NVDA,2026-08-14,2026-09-25,P,145.0,219,11,0.6191444335937502,0.28,0.18,0.23
NVDA,2026-08-14,2026-09-25,P,150.0,84,1,0.5922892333984376,0.28,0.22,0.27
NVDA,2026-08-14,2026-09-25,P,155.0,74,2,0.5629926513671876,0.35,0.26,0.31
NVDA,2026-08-14,2026-09-25,P,160.0,153,35,0.5366257275390626,0.34,0.31,0.37
NVDA,2026-08-14,2026-09-25,P,165.0,635,1,0.508793974609375,0.41,0.39,0.41
NVDA,2026-08-14,2026-09-25,P,170.0,231,1,0.49170430175781255,0.5,0.47,0.53
NVDA,2026-08-14,2026-09-25,P,175.0,171,23,0.46924358886718753,0.7,0.59,0.66
NVDA,2026-08-14,2026-09-25,P,180.0,280,1,0.4489801196289062,0.82,0.77,0.84
NVDA,2026-08-14,2026-09-25,P,185.0,4739,10,0.4309138940429688,1.09,1.02,1.09
NVDA,2026-08-14,2026-09-25,P,190.0,6038,22,0.4158993957519531,1.42,1.37,1.45
NVDA,2026-08-14,2026-09-25,P,195.0,711,16,0.40369248657226564,1.91,1.9,1.96
NVDA,2026-08-14,2026-09-25,P,200.0,1625,18,0.3952697192382813,2.64,2.58,2.69
NVDA,2026-08-14,2026-09-25,P,205.0,741,49,0.390203851928711,3.58,3.5,3.7
NVDA,2026-08-14,2026-09-25,P,210.0,706,6,0.379889013671875,4.83,4.7,4.85
NVDA,2026-08-14,2026-09-25,P,215.0,296,3,0.3742738354492187,6.4,6.15,6.4
NVDA,2026-08-14,2026-09-25,P,220.0,3514,242,0.37628797546386716,8.45,8.0,8.5
NVDA,2026-08-14,2026-09-25,P,225.0,425,23,0.36939107177734376,10.5,10.5,10.7
NVDA,2026-08-14,2026-09-25,P,230.0,614,2,0.36743796630859377,13.12,12.9,13.4
NVDA,2026-08-14,2026-09-25,P,235.0,65,23,0.3654238262939453,16.45,15.55,16.45
NVDA,2026-08-14,2026-09-25,P,240.0,46,2,0.39551385742187506,20.15,19.0,20.7
NVDA,2026-08-14,2026-09-25,P,245.0,20,5,0.3991759301757813,23.78,22.6,24.45
NVDA,2026-08-14,2026-09-25,P,250.0,6,7,0.3775086663818359,28.91,26.55,27.85
NVDA,2026-08-14,2026-09-25,P,255.0,27,1,0.38196418823242184,38.45,30.7,32.1
NVDA,2026-08-14,2026-09-25,P,260.0,32,32,0.3859924682617187,38.35,35.1,36.5
NVDA,2026-08-14,2026-09-25,P,300.0,0,0,0.6750520776367189,78.4,71.75,77.2
NVDA,2026-08-14,2026-10-02,C,150.0,1,0,0.6835969140625001,76.8,72.8,80.1
NVDA,2026-08-14,2026-10-02,C,180.0,27,0,0.502080174560547,47.55,46.8,47.95
NVDA,2026-08-14,2026-10-02,C,185.0,17,0,0.5192919165039063,42.48,42.15,43.35
NVDA,2026-08-14,2026-10-02,C,190.0,2,0,0.49158223266601564,38.3,37.75,38.75
NVDA,2026-08-14,2026-10-02,C,195.0,1,0,0.4630180651855469,34.0,33.6,34.2
NVDA,2026-08-14,2026-10-02,C,205.0,7,0,0.4312801013183594,25.52,25.5,26.0
NVDA,2026-08-14,2026-10-02,C,210.0,17,1,0.4254818194580079,22.02,21.75,22.45
NVDA,2026-08-14,2026-10-02,C,215.0,33,1,0.41095559753417965,18.9,18.35,18.9
NVDA,2026-08-14,2026-10-02,C,220.0,71,18,0.4043638665771484,15.45,15.4,15.85
NVDA,2026-08-14,2026-10-02,C,225.0,164,147,0.39789420471191406,12.94,12.75,13.1
NVDA,2026-08-14,2026-10-02,C,230.0,357,19,0.3944762701416016,10.68,10.4,10.75
NVDA,2026-08-14,2026-10-02,C,235.0,335,29,0.39252316467285153,8.57,8.4,8.75
NVDA,2026-08-14,2026-10-02,C,240.0,62,13,0.3877624700927734,6.7,6.65,6.95
NVDA,2026-08-14,2026-10-02,C,245.0,180,3,0.385626260986328,5.43,5.25,5.5
NVDA,2026-08-14,2026-10-02,C,250.0,100,4,0.3875183319091796,4.31,4.1,4.4
NVDA,2026-08-14,2026-10-02,C,255.0,16,0,0.3895324719238281,3.34,3.2,3.5
NVDA,2026-08-14,2026-10-02,C,260.0,68,1,0.3852600537109374,2.75,2.51,2.64
NVDA,2026-08-14,2026-10-02,C,265.0,9,0,0.39087523193359375,2.03,1.94,2.13
NVDA,2026-08-14,2026-10-02,C,270.0,5,15,0.3939269592285156,1.65,1.52,1.68
NVDA,2026-08-14,2026-10-02,C,275.0,11,0,0.39893179199218753,1.37,1.2,1.35
NVDA,2026-08-14,2026-10-02,C,280.0,57,15,0.40430283203125,1.02,0.94,1.09
NVDA,2026-08-14,2026-10-02,C,285.0,1,0,0.41040628662109374,1.01,0.77,0.89
NVDA,2026-08-14,2026-10-02,C,290.0,1,0,0.4177304321289062,0.73,0.62,0.74
NVDA,2026-08-14,2026-10-02,C,295.0,29,0,0.4250545776367188,0.56,0.52,0.62
NVDA,2026-08-14,2026-10-02,C,300.0,1,1,0.4335994140625,0.53,0.44,0.53
NVDA,2026-08-14,2026-10-02,C,310.0,1,0,0.45313046875,0.43,0.3,0.41
NVDA,2026-08-14,2026-10-02,C,325.0,2,0,0.481450498046875,0.24,0.19,0.29
NVDA,2026-08-14,2026-10-02,C,335.0,1,0,0.5009815527343751,0.19,0.14,0.24
NVDA,2026-08-14,2026-10-02,C,350.0,1,2,0.5107470800781251,0.13,0.09,0.19
NVDA,2026-08-14,2026-10-02,C,370.0,1,0,0.5410202148437502,0.13,0.05,0.14
NVDA,2026-08-14,2026-10-02,P,100.0,7,0,0.87500125,0.08,0.02,0.12
NVDA,2026-08-14,2026-10-02,P,110.0,1,0,0.8007832421875,0.13,0.04,0.14
NVDA,2026-08-14,2026-10-02,P,115.0,1,0,0.772463212890625,0.13,0.06,0.16
NVDA,2026-08-14,2026-10-02,P,120.0,1,0,0.735354208984375,0.16,0.07,0.17
NVDA,2026-08-14,2026-10-02,P,125.0,23,0,0.7050810742187501,0.15,0.09,0.19
NVDA,2026-08-14,2026-10-02,P,130.0,5,0,0.676761044921875,0.2,0.12,0.21
NVDA,2026-08-14,2026-10-02,P,135.0,1,0,0.64648791015625,0.2,0.14,0.24
NVDA,2026-08-14,2026-10-02,P,140.0,1,1,0.6162147753906251,0.22,0.19,0.24
NVDA,2026-08-14,2026-10-02,P,145.0,2,0,0.58789474609375,0.27,0.2,0.3
NVDA,2026-08-14,2026-10-02,P,150.0,51,0,0.5634809277343751,0.34,0.25,0.35
NVDA,2026-08-14,2026-10-02,P,155.0,95,0,0.5366257275390626,0.38,0.3,0.4
NVDA,2026-08-14,2026-10-02,P,160.0,675,0,0.5117236328125,0.43,0.36,0.47
NVDA,2026-08-14,2026-10-02,P,165.0,55,0,0.4985401708984375,0.56,0.47,0.56
NVDA,2026-08-14,2026-10-02,P,170.0,115,2,0.477544287109375,0.67,0.57,0.69
NVDA,2026-08-14,2026-10-02,P,175.0,27,0,0.45654840332031255,0.83,0.73,0.85
NVDA,2026-08-14,2026-10-02,P,180.0,121,19,0.4378718322753906,1.03,0.96,1.07
NVDA,2026-08-14,2026-10-02,P,185.0,152,11,0.42212491943359376,1.33,1.25,1.38
NVDA,2026-08-14,2026-10-02,P,190.0,72,4,0.41138283935546877,1.8,1.69,1.85
NVDA,2026-08-14,2026-10-02,P,195.0,81,8,0.4023497265625,2.4,2.28,2.48
NVDA,2026-08-14,2026-10-02,P,200.0,158,11,0.3895324719238281,3.15,3.1,3.2
NVDA,2026-08-14,2026-10-02,P,205.0,89,11,0.3850159155273437,4.18,4.05,4.3
NVDA,2026-08-14,2026-10-02,P,210.0,19,6,0.38013315185546875,5.5,5.4,5.65
NVDA,2026-08-14,2026-10-02,P,215.0,45,4,0.3723207299804688,7.1,6.95,7.2
NVDA,2026-08-14,2026-10-02,P,220.0,68,7,0.3725038336181641,9.02,8.95,9.3
NVDA,2026-08-14,2026-10-02,P,225.0,30,3,0.363836928100586,11.55,11.1,11.45
NVDA,2026-08-14,2026-10-02,P,230.0,8,1,0.3650576190185547,13.95,13.8,14.25
NVDA,2026-08-14,2026-10-02,P,235.0,1,0,0.3591983026123047,17.62,16.7,17.15
NVDA,2026-08-14,2026-10-02,P,240.0,30,0,0.3845276391601562,20.4,19.7,21.3
NVDA,2026-08-14,2026-10-02,P,245.0,5,0,0.37500625,24.4,23.2,24.65
NVDA,2026-08-14,2026-10-02,P,250.0,2,0,0.37592176818847656,28.4,27.2,28.55
NVDA,2026-08-14,2026-10-02,P,255.0,1,0,0.40656111022949215,32.37,31.05,33.35
NVDA,2026-08-14,2026-10-02,P,300.0,1,0,0.5617719604492188,74.65,72.65,76.3
NVDA,2026-08-14,2026-10-16,C,5.0,1521,1,4.589848012695313,221.0,217.15,224.65
NVDA,2026-08-14,2026-10-16,C,10.0,10,1,6.208010052490234,215.0,211.7,219.3
NVDA,2026-08-14,2026-10-16,C,15.0,9,9,1.0000000000000003e-05,194.37,193.65,201.6
NVDA,2026-08-14,2026-10-16,C,20.0,30,20,2.783206166992188,193.45,202.2,209.7
NVDA,2026-08-14,2026-10-16,C,25.0,2,1,2.03906740234375,183.0,196.9,204.35
NVDA,2026-08-14,2026-10-16,C,30.0,33,19,2.1523483691406247,173.5,192.1,199.5
NVDA,2026-08-14,2026-10-16,C,35.0,37,30,3.2182636730957026,185.87,186.55,194.1
NVDA,2026-08-14,2026-10-16,C,40.0,24,2,1.6484392578125,160.75,181.8,189.5
NVDA,2026-08-14,2026-10-16,C,45.0,44,7,1.8642584912109377,174.14,177.25,184.75
NVDA,2026-08-14,2026-10-16,C,50.0,6,20,1.607423837890625,162.08,172.1,179.5
NVDA,2026-08-14,2026-10-16,C,55.0,0,1,1.0000000000000003e-05,162.43,0.0,0.0
NVDA,2026-08-14,2026-10-16,C,60.0,5,2,1.5751974365234374,160.67,162.35,169.8
NVDA,2026-08-14,2026-10-16,C,65.0,35,10,1.5048852880859376,146.52,157.45,164.8
NVDA,2026-08-14,2026-10-16,C,70.0,6,3,1.3789093554687497,122.4,152.4,159.65
NVDA,2026-08-14,2026-10-16,C,75.0,4,2,1.3837921435546874,150.51,147.65,154.85
NVDA,2026-08-14,2026-10-16,C,80.0,230,1,1.2397498950195311,128.41,142.65,149.45
NVDA,2026-08-14,2026-10-16,C,85.0,3,2,1.189457177734375,140.12,137.65,144.55
NVDA,2026-08-14,2026-10-16,C,90.0,112,10,1.245365101318359,112.5,133.6,139.5
NVDA,2026-08-14,2026-10-16,C,95.0,42,4,1.1005904345703126,101.2,127.45,135.0
NVDA,2026-08-14,2026-10-16,C,100.0,161,1,1.0830123974609376,120.0,123.0,129.8
NVDA,2026-08-14,2026-10-16,C,105.0,92,4,0.9963379272460937,101.45,117.55,125.0
NVDA,2026-08-14,2026-10-16,C,110.0,375,3,0.9687503125,111.52,112.85,119.95
NVDA,2026-08-14,2026-10-16,C,115.0,71,3,1.0534715295410155,111.42,109.45,115.1
NVDA,2026-08-14,2026-10-16,C,120.0,214,20,0.8291032714843749,106.09,103.9,108.55
NVDA,2026-08-14,2026-10-16,C,125.0,163,1,0.8747571118164061,94.35,98.8,104.75
NVDA,2026-08-14,2026-10-16,C,130.0,221,19,0.72070591796875,96.37,95.25,97.05
NVDA,2026-08-14,2026-10-16,C,135.0,358,4,0.737307314453125,88.25,89.25,93.75
NVDA,2026-08-14,2026-10-16,C,140.0,427,2,0.5429733203125001,86.26,83.1,88.45
NVDA,2026-08-14,2026-10-16,C,145.0,288,5,0.6196327099609377,81.5,79.35,83.25
NVDA,2026-08-14,2026-10-16,C,150.0,792,10,0.7010527941894531,76.74,75.1,79.65
NVDA,2026-08-14,2026-10-16,C,155.0,4592,1,0.6024209680175783,71.8,70.95,72.7
NVDA,2026-08-14,2026-10-16,C,160.0,4337,24,0.5554243676757813,66.76,65.7,67.85
NVDA,2026-08-14,2026-10-16,C,165.0,519,24,0.5330857238769531,61.98,60.95,63.0
NVDA,2026-08-14,2026-10-16,C,170.0,1711,2,0.53320779296875,57.63,56.9,58.1
NVDA,2026-08-14,2026-10-16,C,175.0,2302,10,0.5124560473632812,52.85,52.1,53.55
NVDA,2026-08-14,2026-10-16,C,180.0,106210,5,0.5192919165039063,48.22,47.6,48.7
NVDA,2026-08-14,2026-10-16,C,185.0,1789,36,0.4963429272460938,43.55,43.0,44.15
NVDA,2026-08-14,2026-10-16,C,190.0,3083,2,0.4770560107421875,39.38,39.15,39.75
NVDA,2026-08-14,2026-10-16,C,195.0,6422,84,0.4398249377441406,34.55,34.65,35.0
NVDA,2026-08-14,2026-10-16,C,200.0,7597,3,0.43469803588867195,31.23,30.45,31.15
NVDA,2026-08-14,2026-10-16,C,205.0,9687,21,0.4293269958496094,27.35,27.15,27.5
NVDA,2026-08-14,2026-10-16,C,210.0,13557,23,0.42175871215820315,23.7,23.7,24.0
NVDA,2026-08-14,2026-10-16,C,215.0,15347,16,0.4133969793701171,20.55,20.4,20.7
NVDA,2026-08-14,2026-10-16,C,220.0,84737,45,0.4024717956542969,17.6,17.15,17.55
NVDA,2026-08-14,2026-10-16,C,225.0,10771,363,0.390203851928711,14.61,14.4,14.6
NVDA,2026-08-14,2026-10-16,C,230.0,32950,322,0.38843385009765624,12.2,12.2,12.3
NVDA,2026-08-14,2026-10-16,C,235.0,15206,33,0.386175571899414,10.3,10.0,10.25
NVDA,2026-08-14,2026-10-16,C,240.0,20143,241,0.3836731555175781,8.41,8.25,8.45
NVDA,2026-08-14,2026-10-16,C,245.0,11147,11,0.3873962628173828,7.0,6.85,7.1
NVDA,2026-08-14,2026-10-16,C,250.0,49818,38,0.3862976409912109,5.7,5.65,5.8
NVDA,2026-08-14,2026-10-16,C,255.0,4344,5,0.38519901916503896,4.75,4.5,4.7
NVDA,2026-08-14,2026-10-16,C,260.0,19540,97,0.3850159155273437,3.75,3.6,3.8
NVDA,2026-08-14,2026-10-16,C,265.0,6550,3,0.3826355682373046,3.15,2.9,3.0
NVDA,2026-08-14,2026-10-16,C,270.0,11269,57,0.3872741937255859,2.44,2.37,2.49
NVDA,2026-08-14,2026-10-16,C,275.0,3796,31,0.3888000573730469,2.0,1.91,2.01
NVDA,2026-08-14,2026-10-16,C,280.0,10157,6,0.39282833740234374,1.62,1.56,1.66
NVDA,2026-08-14,2026-10-16,C,285.0,2480,60,0.397466962890625,1.37,1.27,1.38
NVDA,2026-08-14,2026-10-16,C,290.0,7189,2,0.40210558837890625,1.14,1.06,1.15
NVDA,2026-08-14,2026-10-16,C,295.0,1237,4,0.4057676611328125,0.88,0.89,0.95
NVDA,2026-08-14,2026-10-16,C,300.0,8199,2,0.4128476684570312,0.83,0.74,0.82
NVDA,2026-08-14,2026-10-16,C,310.0,2462,218,0.42676354492187507,0.59,0.54,0.62
NVDA,2026-08-14,2026-10-16,C,320.0,1679,1,0.4409235595703125,0.43,0.39,0.48
NVDA,2026-08-14,2026-10-16,C,330.0,1732,201,0.45703667968750006,0.35,0.32,0.39
NVDA,2026-08-14,2026-10-16,C,340.0,964,1,0.4721732470703125,0.33,0.25,0.32
NVDA,2026-08-14,2026-10-16,C,350.0,8058,25,0.48242705078125003,0.25,0.22,0.25
NVDA,2026-08-14,2026-10-16,C,360.0,2952,6,0.500005,0.18,0.16,0.22
NVDA,2026-08-14,2026-10-16,C,370.0,3058,2,0.5019581054687501,0.15,0.12,0.19
NVDA,2026-08-14,2026-10-16,C,380.0,478,1,0.516606396484375,0.12,0.1,0.17
NVDA,2026-08-14,2026-10-16,C,390.0,361,2,0.5283250292968751,0.14,0.08,0.15
NVDA,2026-08-14,2026-10-16,C,400.0,2264,2,0.5380905566406251,0.1,0.06,0.13
NVDA,2026-08-14,2026-10-16,C,410.0,460,1,0.5478560839843751,0.1,0.04,0.12
NVDA,2026-08-14,2026-10-16,C,420.0,585,1,0.567387138671875,0.08,0.05,0.11
NVDA,2026-08-14,2026-10-16,C,430.0,169,1,0.56836369140625,0.08,0.02,0.1
NVDA,2026-08-14,2026-10-16,C,440.0,410,2,0.5918009570312501,0.04,0.04,0.09
NVDA,2026-08-14,2026-10-16,C,450.0,686,1,0.58789474609375,0.05,0.01,0.08
NVDA,2026-08-14,2026-10-16,C,455.0,652,10,0.59570716796875,0.06,0.01,0.08
NVDA,2026-08-14,2026-10-16,C,460.0,6366,28,0.5976602734375001,0.05,0.03,0.05
NVDA,2026-08-14,2026-10-16,P,5.0,4024,1,2.8750028125,0.02,0.0,0.01
NVDA,2026-08-14,2026-10-16,P,10.0,10,0,2.3125042187499996,0.01,0.0,0.01
NVDA,2026-08-14,2026-10-16,P,20.0,502,1,1.875000625,0.01,0.0,0.02
NVDA,2026-08-14,2026-10-16,P,25.0,30,10,1.6875015625,0.03,0.0,0.02
NVDA,2026-08-14,2026-10-16,P,30.0,0,1,0.500005,0.02,0.0,0.0
NVDA,2026-08-14,2026-10-16,P,35.0,40,1,1.5156274218749999,0.01,0.0,0.04
NVDA,2026-08-14,2026-10-16,P,40.0,262,5,1.4609401953124999,0.02,0.02,0.04
NVDA,2026-08-14,2026-10-16,P,45.0,89,12,1.359378203125,0.06,0.0,0.06
NVDA,2026-08-14,2026-10-16,P,50.0,187,8,1.2500037499999999,0.05,0.01,0.04
NVDA,2026-08-14,2026-10-16,P,55.0,145,1,1.1953165234375,0.05,0.0,0.06
NVDA,2026-08-14,2026-10-16,P,60.0,353,10,1.140629296875,0.04,0.0,0.07
NVDA,2026-08-14,2026-10-16,P,65.0,60,1,1.0859420703125,0.04,0.01,0.07
NVDA,2026-08-14,2026-10-16,P,70.0,369,4,1.0234423828125,0.06,0.0,0.08
NVDA,2026-08-14,2026-10-16,P,75.0,264,1,0.9648441015625,0.07,0.01,0.07
NVDA,2026-08-14,2026-10-16,P,80.0,472,11,0.9492192578124999,0.08,0.03,0.09
NVDA,2026-08-14,2026-10-16,P,85.0,500,4,0.8964854101562498,0.05,0.02,0.1
NVDA,2026-08-14,2026-10-16,P,90.0,417,1,0.86132951171875,0.1,0.03,0.11
NVDA,2026-08-14,2026-10-16,P,95.0,818,1,0.8300798242187499,0.11,0.05,0.12
NVDA,2026-08-14,2026-10-16,P,100.0,4212,10,0.79883013671875,0.09,0.06,0.14
NVDA,2026-08-14,2026-10-16,P,105.0,1374,1,0.7666038964843751,0.12,0.08,0.15
NVDA,2026-08-14,2026-10-16,P,110.0,1217,36,0.737307314453125,0.14,0.1,0.17
NVDA,2026-08-14,2026-10-16,P,115.0,1053,41,0.709963837890625,0.16,0.12,0.2
NVDA,2026-08-14,2026-10-16,P,120.0,7164,283,0.684573466796875,0.17,0.16,0.22
NVDA,2026-08-14,2026-10-16,P,125.0,3559,10,0.6547886083984377,0.21,0.18,0.25
NVDA,2026-08-14,2026-10-16,P,130.0,4345,1,0.6357458300781251,0.25,0.25,0.29
NVDA,2026-08-14,2026-10-16,P,135.0,4567,19,0.6030313134765627,0.3,0.25,0.33
NVDA,2026-08-14,2026-10-16,P,140.0,12982,784,0.5786174951171875,0.35,0.32,0.36
NVDA,2026-08-14,2026-10-16,P,145.0,7625,785,0.5542036767578126,0.42,0.36,0.43
NVDA,2026-08-14,2026-10-16,P,150.0,22296,14,0.5312546875,0.46,0.45,0.48
NVDA,2026-08-14,2026-10-16,P,155.0,12042,498,0.5065967309570312,0.54,0.5,0.57
NVDA,2026-08-14,2026-10-16,P,160.0,18709,5,0.4899953344726563,0.62,0.61,0.67
NVDA,2026-08-14,2026-10-16,P,165.0,17289,6,0.4670463452148438,0.77,0.73,0.78
NVDA,2026-08-14,2026-10-16,P,170.0,27312,2,0.44727115234375,0.94,0.92,0.94
NVDA,2026-08-14,2026-10-16,P,175.0,18263,5,0.43530838134765626,1.17,1.12,1.22
NVDA,2026-08-14,2026-10-16,P,180.0,70532,11,0.4211483666992188,1.49,1.45,1.54
NVDA,2026-08-14,2026-10-16,P,185.0,14405,4,0.4096738720703125,1.93,1.89,1.98
NVDA,2026-08-14,2026-10-16,P,190.0,12441,116,0.39942006835937505,2.48,2.45,2.55
NVDA,2026-08-14,2026-10-16,P,195.0,21028,13,0.39124143920898435,3.21,3.15,3.3
NVDA,2026-08-14,2026-10-16,P,200.0,20073,42,0.3841614318847656,4.18,4.1,4.25
NVDA,2026-08-14,2026-10-16,P,205.0,16292,18,0.3786683227539062,5.31,5.3,5.45
NVDA,2026-08-14,2026-10-16,P,210.0,11590,26,0.3736024554443359,6.75,6.7,6.9
NVDA,2026-08-14,2026-10-16,P,215.0,6655,13,0.36963520996093746,8.48,8.4,8.65
NVDA,2026-08-14,2026-10-16,P,220.0,54812,19,0.364813480834961,10.52,10.4,10.65
NVDA,2026-08-14,2026-10-16,P,225.0,5203,53,0.3616396844482421,12.76,12.75,13.0
NVDA,2026-08-14,2026-10-16,P,230.0,4301,18,0.35315588256835934,15.35,15.2,15.45
NVDA,2026-08-14,2026-10-16,P,235.0,820,51,0.35718416259765623,18.9,18.25,18.65
NVDA,2026-08-14,2026-10-16,P,240.0,1063,1,0.36225002990722655,21.68,21.35,22.15
NVDA,2026-08-14,2026-10-16,P,245.0,240,23,0.3632876171875,26.3,24.65,25.75
NVDA,2026-08-14,2026-10-16,P,250.0,701,9,0.3570620935058594,29.27,28.7,29.35
NVDA,2026-08-14,2026-10-16,P,255.0,966,400,0.35871002624511716,33.35,32.3,33.4
NVDA,2026-08-14,2026-10-16,P,260.0,317,3,0.36365382446289063,37.05,36.05,37.7
NVDA,2026-08-14,2026-10-16,P,265.0,145,1,0.3763490100097656,41.9,40.35,42.3
NVDA,2026-08-14,2026-10-16,P,270.0,106,25,0.38318487915039057,45.62,44.75,46.85
NVDA,2026-08-14,2026-10-16,P,275.0,3,2,0.3857483300781249,55.0,49.35,51.4
NVDA,2026-08-14,2026-10-16,P,280.0,0,1,0.39258419921875,80.43,54.05,56.1
NVDA,2026-08-14,2026-10-16,P,285.0,8,2,0.3991759301757813,65.58,58.85,60.85
NVDA,2026-08-14,2026-10-16,P,290.0,0,20,0.4062559375,81.4,63.7,65.65
NVDA,2026-08-14,2026-10-16,P,295.0,0,75,1.0000000000000003e-05,84.3,0.0,0.0
NVDA,2026-08-14,2026-10-16,P,300.0,3,18,0.4162656030273437,76.96,73.6,75.3
NVDA,2026-08-14,2026-10-16,P,310.0,0,22,0.5013477600097658,87.0,83.05,85.85
NVDA,2026-08-14,2026-10-16,P,360.0,0,1,1.0000000000000003e-05,142.25,0.0,0.0
NVDA,2026-08-14,2026-10-16,P,370.0,0,0,1.3703644763183593,142.72,159.7,161.9
NVDA,2026-08-14,2026-10-16,P,380.0,0,30,1.0000000000000003e-05,158.2,0.0,0.0
NVDA,2026-08-14,2026-10-16,P,390.0,0,1,0.7524438818359375,183.33,162.75,165.8
NVDA,2026-08-14,2026-10-16,P,400.0,1,1,0.7841818457031251,172.95,172.7,175.85
NVDA,2026-08-14,2026-10-16,P,410.0,0,1,0.500005,182.97,183.1,185.85
NVDA,2026-08-14,2026-10-16,P,440.0,0,0,1.6159076821899414,212.53,229.7,231.95
NVDA,2026-08-14,2026-10-16,P,455.0,0,2,0.51562984375,229.4,228.05,230.85
NVDA,2026-08-14,2026-10-16,P,460.0,0,4,0.9221199194335938,234.38,233.05,235.8
NVDA,2026-08-14,2026-11-20,C,50.0,49,2,1.5302757861328122,156.73,172.4,180.35
NVDA,2026-08-14,2026-11-20,C,55.0,10,1,1.0000000000000003e-05,155.19,150.35,157.65
NVDA,2026-08-14,2026-11-20,C,60.0,48,1,1.3574250878906249,143.45,162.35,170.45
NVDA,2026-08-14,2026-11-20,C,65.0,31,4,1.3212924560546875,133.05,157.6,165.55
NVDA,2026-08-14,2026-11-20,C,70.0,17,2,1.1611370068359377,143.7,152.35,160.1
NVDA,2026-08-14,2026-11-20,C,75.0,12,1,1.0000000000000003e-05,136.52,130.65,138.05
NVDA,2026-08-14,2026-11-20,C,80.0,42,2,1.0605515722656251,139.35,142.5,150.15
NVDA,2026-08-14,2026-11-20,C,85.0,45,1,1.0537156689453124,141.17,137.95,145.2
NVDA,2026-08-14,2026-11-20,C,90.0,82,1,1.0102588549804685,121.7,133.0,140.3
NVDA,2026-08-14,2026-11-20,C,95.0,26,1,0.9682620361328125,125.2,128.05,135.4
NVDA,2026-08-14,2026-11-20,C,100.0,305,1,0.9714358325195311,125.8,123.25,131.0
NVDA,2026-08-14,2026-11-20,C,105.0,231,1,0.8742688354492187,117.63,117.9,125.65
NVDA,2026-08-14,2026-11-20,C,110.0,208,5,0.9062509375,109.69,113.65,121.25
NVDA,2026-08-14,2026-11-20,C,115.0,325,80,0.7370631762695312,112.0,109.55,113.35
NVDA,2026-08-14,2026-11-20,C,120.0,450,1,0.8342301733398436,106.87,104.6,110.8
NVDA,2026-08-14,2026-11-20,C,125.0,255,2,0.8032246240234374,102.3,99.8,105.95
NVDA,2026-08-14,2026-11-20,C,130.0,377,3,0.6833527758789064,98.0,94.8,99.25
NVDA,2026-08-14,2026-11-20,C,135.0,401,1,0.7036162451171876,85.25,90.6,94.85
NVDA,2026-08-14,2026-11-20,C,140.0,5389,91,0.7258328198242188,88.39,86.95,90.35
NVDA,2026-08-14,2026-11-20,C,145.0,465,90,0.6829865686035157,83.62,81.85,85.45
NVDA,2026-08-14,2026-11-20,C,150.0,837,122,0.6159706372070313,77.53,77.35,79.1
NVDA,2026-08-14,2026-11-20,C,155.0,1776,137,0.5825237060546875,73.28,72.1,74.55
NVDA,2026-08-14,2026-11-20,C,160.0,986,3,0.5732464550781251,68.55,67.9,69.85
NVDA,2026-08-14,2026-11-20,C,165.0,1396,43,0.5557295404052736,63.44,63.5,65.15
NVDA,2026-08-14,2026-11-20,C,170.0,1591,3,0.527470545654297,60.17,58.75,60.4
NVDA,2026-08-14,2026-11-20,C,175.0,1571,25,0.5065967309570312,54.1,54.35,55.7
NVDA,2026-08-14,2026-11-20,C,180.0,6833,36,0.5031787963867188,50.55,49.95,51.0
NVDA,2026-08-14,2026-11-20,C,185.0,3134,3,0.48608912353515626,46.5,45.85,46.7
NVDA,2026-08-14,2026-11-20,C,190.0,3184,1,0.47412635253906255,42.7,41.65,42.65
NVDA,2026-08-14,2026-11-20,C,195.0,3595,4,0.4701591070556641,38.35,38.15,39.0
NVDA,2026-08-14,2026-11-20,C,200.0,24434,10,0.4485833950805663,34.93,34.25,34.85
NVDA,2026-08-14,2026-11-20,C,205.0,6962,11,0.4495904650878906,31.5,31.4,31.7
NVDA,2026-08-14,2026-11-20,C,210.0,11778,8,0.43503372589111333,27.8,27.7,28.1
NVDA,2026-08-14,2026-11-20,C,215.0,5765,43,0.4295406167602539,25.0,24.65,25.05
NVDA,2026-08-14,2026-11-20,C,220.0,14883,133,0.4297542376708985,22.05,22.15,22.45
NVDA,2026-08-14,2026-11-20,C,225.0,8641,31,0.41998871032714846,19.62,19.3,19.6
NVDA,2026-08-14,2026-11-20,C,230.0,19811,33,0.4125730130004882,16.92,16.8,17.05
NVDA,2026-08-14,2026-11-20,C,235.0,6357,15,0.41275611663818357,15.25,14.7,15.05
NVDA,2026-08-14,2026-11-20,C,240.0,12737,11,0.4109250802612304,13.1,12.75,13.15
NVDA,2026-08-14,2026-11-20,C,245.0,9078,24,0.411688012084961,11.5,11.3,11.55
NVDA,2026-08-14,2026-11-20,C,250.0,25669,20,0.4096738720703125,9.9,9.7,10.0
NVDA,2026-08-14,2026-11-20,C,255.0,4397,88,0.4085447329711914,8.5,8.35,8.65
NVDA,2026-08-14,2026-11-20,C,260.0,12289,64,0.40607283386230464,7.35,7.15,7.4
NVDA,2026-08-14,2026-11-20,C,265.0,4827,27,0.407781801147461,6.45,6.15,6.45
NVDA,2026-08-14,2026-11-20,C,270.0,5780,62,0.40759869750976563,5.55,5.3,5.55
NVDA,2026-08-14,2026-11-20,C,275.0,3596,176,0.4071104211425781,4.66,4.5,4.75
NVDA,2026-08-14,2026-11-20,C,280.0,6800,3,0.4081480084228516,4.15,3.9,4.1
NVDA,2026-08-14,2026-11-20,C,285.0,2744,130,0.4097959411621094,3.43,3.3,3.55
NVDA,2026-08-14,2026-11-20,C,290.0,1923,3,0.41058939025878904,3.12,2.83,3.05
NVDA,2026-08-14,2026-11-20,C,295.0,801,95,0.41235939208984373,2.59,2.44,2.64
NVDA,2026-08-14,2026-11-20,C,300.0,10872,42,0.4115049084472656,2.2,2.09,2.23
NVDA,2026-08-14,2026-11-20,C,310.0,1882,242,0.41699801757812494,1.67,1.59,1.7
NVDA,2026-08-14,2026-11-20,C,320.0,2363,69,0.4270076831054688,1.24,1.2,1.37
NVDA,2026-08-14,2026-11-20,C,330.0,1100,1,0.43408769042968753,1.0,0.89,1.08
NVDA,2026-08-14,2026-11-20,C,340.0,645,4,0.44312080322265623,0.8,0.69,0.88
NVDA,2026-08-14,2026-11-20,C,350.0,645,5,0.45044494873046875,0.65,0.54,0.71
NVDA,2026-08-14,2026-11-20,C,360.0,2536,1,0.45288633056640626,0.51,0.42,0.54
NVDA,2026-08-14,2026-11-20,C,370.0,290,100,0.4687553125,0.44,0.33,0.5
NVDA,2026-08-14,2026-11-20,C,380.0,1671,4,0.47852083984375,0.37,0.27,0.43
NVDA,2026-08-14,2026-11-20,C,390.0,340,1,0.4892629199218751,0.31,0.2,0.38
NVDA,2026-08-14,2026-11-20,C,400.0,2143,34,0.49805189453125004,0.25,0.2,0.33
NVDA,2026-08-14,2026-11-20,C,410.0,1182,1,0.5092822509765625,0.2,0.19,0.3
NVDA,2026-08-14,2026-11-20,C,420.0,557,303,0.5019581054687501,0.18,0.15,0.26
NVDA,2026-08-14,2026-11-20,C,430.0,147,1,0.506840869140625,0.17,0.09,0.25
NVDA,2026-08-14,2026-11-20,C,440.0,339,3,0.5127001855468749,0.16,0.12,0.17
NVDA,2026-08-14,2026-11-20,C,450.0,141,1,0.523442265625,0.14,0.06,0.21
NVDA,2026-08-14,2026-11-20,C,455.0,180,45,0.526371923828125,0.15,0.05,0.2
NVDA,2026-08-14,2026-11-20,C,460.0,3511,23,0.5395553857421876,0.1,0.08,0.2
NVDA,2026-08-14,2026-11-20,P,50.0,987,3,1.015629921875,0.03,0.01,0.05
NVDA,2026-08-14,2026-11-20,P,55.0,334,17,0.9804689453125001,0.05,0.01,0.07
NVDA,2026-08-14,2026-11-20,P,60.0,291,2,1.0234423828125,0.13,0.01,0.21
NVDA,2026-08-14,2026-11-20,P,65.0,99,1,0.9531254687499999,0.11,0.01,0.19
NVDA,2026-08-14,2026-11-20,P,70.0,274,1,0.91211025390625,0.1,0.03,0.2
NVDA,2026-08-14,2026-11-20,P,75.0,232,50,0.8730481445312499,0.14,0.05,0.21
NVDA,2026-08-14,2026-11-20,P,80.0,1084,1,0.8320329296874999,0.13,0.05,0.23
NVDA,2026-08-14,2026-11-20,P,85.0,206,1,0.7861349511718749,0.17,0.07,0.21
NVDA,2026-08-14,2026-11-20,P,90.0,409,5,0.76367423828125,0.15,0.12,0.23
NVDA,2026-08-14,2026-11-20,P,95.0,614,4,0.726565234375,0.22,0.11,0.26
NVDA,2026-08-14,2026-11-20,P,100.0,4447,5,0.700198310546875,0.23,0.12,0.31
NVDA,2026-08-14,2026-11-20,P,105.0,377,2,0.6728548339843752,0.28,0.17,0.32
NVDA,2026-08-14,2026-11-20,P,110.0,3543,41,0.648441015625,0.35,0.21,0.36
NVDA,2026-08-14,2026-11-20,P,115.0,6423,80,0.6279334082031252,0.35,0.3,0.38
NVDA,2026-08-14,2026-11-20,P,120.0,4817,1,0.6035195898437502,0.41,0.34,0.43
NVDA,2026-08-14,2026-11-20,P,125.0,5169,20,0.5815471533203125,0.5,0.4,0.49
NVDA,2026-08-14,2026-11-20,P,130.0,3220,1,0.5654340332031251,0.45,0.49,0.6
NVDA,2026-08-14,2026-11-20,P,135.0,7805,102,0.540287800292969,0.61,0.54,0.66
NVDA,2026-08-14,2026-11-20,P,140.0,8027,1250,0.5224657128906249,0.75,0.65,0.77
NVDA,2026-08-14,2026-11-20,P,145.0,6390,210,0.5051319018554687,0.86,0.78,0.9
NVDA,2026-08-14,2026-11-20,P,150.0,17349,9,0.4909718872070313,0.99,0.94,1.02
NVDA,2026-08-14,2026-11-20,P,155.0,7309,3,0.476567734375,1.16,1.14,1.23
NVDA,2026-08-14,2026-11-20,P,160.0,22702,2,0.4603325451660156,1.43,1.36,1.45
NVDA,2026-08-14,2026-11-20,P,165.0,8089,4,0.44910218872070307,1.75,1.66,1.78
NVDA,2026-08-14,2026-11-20,P,170.0,15295,10,0.43774976318359377,2.08,2.08,2.17
NVDA,2026-08-14,2026-11-20,P,175.0,8284,12,0.42828940856933595,2.64,2.55,2.67
NVDA,2026-08-14,2026-11-20,P,180.0,16283,504,0.41834077758789057,3.21,3.1,3.25
NVDA,2026-08-14,2026-11-20,P,185.0,7548,14,0.4128476684570312,3.95,3.9,4.05
NVDA,2026-08-14,2026-11-20,P,190.0,10885,11,0.40595076477050784,4.9,4.8,4.95
NVDA,2026-08-14,2026-11-20,P,195.0,10968,1,0.40064075927734377,5.9,5.85,6.05
NVDA,2026-08-14,2026-11-20,P,200.0,35520,57,0.39465937377929694,7.19,7.1,7.3
NVDA,2026-08-14,2026-11-20,P,205.0,3552,235,0.39041747283935546,8.89,8.5,8.8
NVDA,2026-08-14,2026-11-20,P,210.0,8534,112,0.3848938464355468,10.65,10.2,10.45
NVDA,2026-08-14,2026-11-20,P,215.0,8715,4,0.3815369464111328,12.26,12.15,12.4
NVDA,2026-08-14,2026-11-20,P,220.0,4559,373,0.377661252746582,14.2,14.25,14.55
NVDA,2026-08-14,2026-11-20,P,225.0,2223,1003,0.37543349182128904,16.69,16.55,17.0
NVDA,2026-08-14,2026-11-20,P,230.0,5019,23,0.36936055450439453,19.3,19.25,19.5
NVDA,2026-08-14,2026-11-20,P,235.0,572,2,0.37366348999023435,22.3,22.0,22.7
NVDA,2026-08-14,2026-11-20,P,240.0,846,46,0.3700624517822265,25.7,25.1,25.75
NVDA,2026-08-14,2026-11-20,P,245.0,282,41,0.3765931481933594,29.3,28.0,29.45
NVDA,2026-08-14,2026-11-20,P,250.0,521,4,0.37329728271484375,32.49,31.15,32.9
NVDA,2026-08-14,2026-11-20,P,255.0,240,3,0.3614565808105469,36.0,35.05,36.2
NVDA,2026-08-14,2026-11-20,P,260.0,811,2,0.3587405435180664,40.05,38.9,40.05
NVDA,2026-08-14,2026-11-20,P,265.0,580,33,0.36310451354980466,43.6,42.35,44.3
NVDA,2026-08-14,2026-11-20,P,270.0,401,7,0.37665418273925777,47.6,46.5,48.95
NVDA,2026-08-14,2026-11-20,P,275.0,5,5,0.3562076098632812,66.35,50.8,52.65
NVDA,2026-08-14,2026-11-20,P,280.0,44,15,0.35822174987792965,56.25,55.05,57.15
NVDA,2026-08-14,2026-11-20,P,285.0,143,4,0.387701435546875,61.72,59.5,62.4
NVDA,2026-08-14,2026-11-20,P,290.0,32,1,0.8184832604980468,88.17,81.3,83.45
NVDA,2026-08-14,2026-11-20,P,295.0,1,1,0.3788514263916015,77.3,68.75,71.35
NVDA,2026-08-14,2026-11-20,P,300.0,1,1,0.3958190301513672,74.84,73.5,76.35
NVDA,2026-08-14,2026-11-20,P,310.0,0,50,1.0000000000000003e-05,93.15,0.0,0.0
NVDA,2026-08-14,2026-11-20,P,320.0,0,1,0.9310004458618165,117.81,110.25,112.75
NVDA,2026-08-14,2026-11-20,P,330.0,0,25,0.8690198645019531,118.3,116.15,118.9
NVDA,2026-08-14,2026-11-20,P,340.0,1,5,0.9904175762939453,124.1,129.85,131.75
NVDA,2026-08-14,2026-11-20,P,350.0,0,1,0.9413458013916016,144.05,135.4,139.75
NVDA,2026-08-14,2026-11-20,P,360.0,0,2,1.0000000000000003e-05,146.42,0.0,0.0
NVDA,2026-08-14,2026-11-20,P,390.0,0,0,0.6370885900878906,196.0,162.0,166.3
NVDA,2026-08-14,2026-11-20,P,460.0,0,2,0.7885763330078125,236.52,232.3,236.45
