ticker,date,expiry,type,strike,oi,volume,iv,last,bid,ask
NVDA,2026-08-24,2026-08-28,C,50.0,20,12,6.7382828271484385,158.21,160.0,165.25
NVDA,2026-08-24,2026-08-28,C,55.0,5,1,6.355470805664062,156.72,155.05,160.25
NVDA,2026-08-24,2026-08-28,C,60.0,3,1,5.621096723632812,151.8,149.7,155.25
NVDA,2026-08-24,2026-08-28,C,65.0,1,2,5.38086264892578,146.13,144.75,150.3
NVDA,2026-08-24,2026-08-28,C,70.0,1,16,5.416018854980467,142.76,140.25,145.25
NVDA,2026-08-24,2026-08-28,C,75.0,6,23,5.164066044921874,137.68,135.3,140.3
NVDA,2026-08-24,2026-08-28,C,80.0,15,6,5.111331735839843,132.82,130.75,135.3
NVDA,2026-08-24,2026-08-28,C,85.0,51,99,4.720707224121093,126.37,125.55,130.3
NVDA,2026-08-24,2026-08-28,C,90.0,29,105,4.089848637695313,122.58,120.2,125.0
NVDA,2026-08-24,2026-08-28,C,95.0,3,94,3.56250109375,117.0,114.75,120.05
NVDA,2026-08-24,2026-08-28,C,100.0,40,102,3.658203979492188,112.63,110.25,115.0
NVDA,2026-08-24,2026-08-28,C,105.0,3,48,3.5234386914062497,106.62,105.3,110.1
NVDA,2026-08-24,2026-08-28,C,110.0,10,41,3.621094697265625,101.3,100.85,105.3
NVDA,2026-08-24,2026-08-28,C,115.0,12,1,3.4394545263671876,100.8,95.95,100.3
NVDA,2026-08-24,2026-08-28,C,120.0,15,10,2.4531288671875,91.42,89.3,95.3
NVDA,2026-08-24,2026-08-28,C,125.0,8,3,2.5273474316406244,90.58,84.65,90.3
NVDA,2026-08-24,2026-08-28,C,130.0,29,6,2.7949248876953128,80.74,80.6,83.05
NVDA,2026-08-24,2026-08-28,C,135.0,8,4,2.5371130322265625,77.03,75.4,80.45
NVDA,2026-08-24,2026-08-28,C,140.0,43,1,2.205082612304687,70.7,70.0,75.35
NVDA,2026-08-24,2026-08-28,C,145.0,1327,7,2.1376999682617184,68.29,67.25,68.4
NVDA,2026-08-24,2026-08-28,C,150.0,260,9,1.705079599609375,62.2,60.9,63.95
NVDA,2026-08-24,2026-08-28,C,155.0,89,29,1.3007847460937496,60.26,56.4,58.0
NVDA,2026-08-24,2026-08-28,C,160.0,299,5,1.5449241503906248,51.75,52.25,52.95
NVDA,2026-08-24,2026-08-28,C,165.0,100,2,1.5146508642578125,50.03,46.5,49.15
NVDA,2026-08-24,2026-08-28,C,170.0,329,5,0.9882813671875,41.5,41.5,42.95
NVDA,2026-08-24,2026-08-28,C,175.0,601,25,1.1918985717773438,36.95,37.25,38.25
NVDA,2026-08-24,2026-08-28,C,180.0,699,102,1.0688523120117188,32.43,32.1,33.5
NVDA,2026-08-24,2026-08-28,C,185.0,892,186,1.009770576171875,27.16,27.5,28.65
NVDA,2026-08-24,2026-08-28,C,187.5,97,811,0.8320329296874999,25.25,24.95,25.5
NVDA,2026-08-24,2026-08-28,C,190.0,1690,314,0.7700218310546876,22.84,22.6,22.9
NVDA,2026-08-24,2026-08-28,C,192.5,328,604,0.7778342529296876,20.41,20.1,21.0
NVDA,2026-08-24,2026-08-28,C,195.0,4368,686,0.7460962890625,18.25,18.2,18.3
NVDA,2026-08-24,2026-08-28,C,197.5,483,1441,0.7189969506835938,16.2,15.8,16.25
NVDA,2026-08-24,2026-08-28,C,200.0,5846,3760,0.7053252124023439,13.95,13.9,14.0
NVDA,2026-08-24,2026-08-28,C,202.5,702,1212,0.7016631396484375,12.05,12.0,12.1
NVDA,2026-08-24,2026-08-28,C,205.0,5647,5045,0.7065459033203125,10.3,10.3,10.4
NVDA,2026-08-24,2026-08-28,C,207.5,3981,11109,0.7016631396484375,8.74,8.7,8.75
NVDA,2026-08-24,2026-08-28,C,210.0,27820,29543,0.702151416015625,7.3,7.25,7.35
NVDA,2026-08-24,2026-08-28,C,212.5,6370,43511,0.7014190014648438,6.05,6.0,6.05
NVDA,2026-08-24,2026-08-28,C,215.0,28038,53214,0.7082548706054688,4.98,4.95,5.0
NVDA,2026-08-24,2026-08-28,C,217.5,11267,13713,0.70312796875,4.0,3.95,4.0
NVDA,2026-08-24,2026-08-28,C,220.0,57140,35455,0.710940390625,3.24,3.2,3.25
NVDA,2026-08-24,2026-08-28,C,222.5,53466,23365,0.7153348779296875,2.57,2.57,2.58
NVDA,2026-08-24,2026-08-28,C,225.0,45737,33675,0.7192410888671875,2.04,2.03,2.04
NVDA,2026-08-24,2026-08-28,C,227.5,32536,13788,0.7233914379882812,1.59,1.59,1.6
NVDA,2026-08-24,2026-08-28,C,230.0,78303,145185,0.726565234375,1.23,1.23,1.24
NVDA,2026-08-24,2026-08-28,C,232.5,51237,13060,0.7246121289062499,0.93,0.92,0.93
NVDA,2026-08-24,2026-08-28,C,235.0,34046,17559,0.72851833984375,0.7,0.7,0.71
NVDA,2026-08-24,2026-08-28,C,237.5,8057,4243,0.7324245507812499,0.53,0.53,0.54
NVDA,2026-08-24,2026-08-28,C,240.0,60801,118507,0.737307314453125,0.41,0.4,0.41
NVDA,2026-08-24,2026-08-28,C,242.5,30401,25177,0.7421900781249999,0.31,0.3,0.31
NVDA,2026-08-24,2026-08-28,C,245.0,17366,6620,0.7509790527343749,0.25,0.23,0.24
NVDA,2026-08-24,2026-08-28,C,247.5,10818,7142,0.7617211328125001,0.18,0.18,0.19
NVDA,2026-08-24,2026-08-28,C,250.0,26802,12879,0.773439765625,0.15,0.14,0.15
NVDA,2026-08-24,2026-08-28,C,252.5,3678,2023,0.7832052929687501,0.11,0.11,0.12
NVDA,2026-08-24,2026-08-28,C,255.0,32499,3710,0.79883013671875,0.1,0.09,0.1
NVDA,2026-08-24,2026-08-28,C,257.5,956,879,0.8085956640624999,0.08,0.07,0.08
NVDA,2026-08-24,2026-08-28,C,260.0,6438,2413,0.8125018749999999,0.06,0.05,0.06
NVDA,2026-08-24,2026-08-28,C,265.0,6108,2049,0.8437515624999999,0.04,0.03,0.05
NVDA,2026-08-24,2026-08-28,C,270.0,10842,2184,0.85937640625,0.03,0.02,0.03
NVDA,2026-08-24,2026-08-28,C,275.0,3115,332,0.92187578125,0.02,0.02,0.03
NVDA,2026-08-24,2026-08-28,C,280.0,3642,732,0.929688203125,0.02,0.01,0.02
NVDA,2026-08-24,2026-08-28,C,285.0,1383,327,0.98437515625,0.02,0.01,0.02
NVDA,2026-08-24,2026-08-28,C,290.0,3268,573,1.0312548437500002,0.02,0.01,0.02
NVDA,2026-08-24,2026-08-28,C,295.0,2119,238,1.0781296093750001,0.02,0.01,0.02
NVDA,2026-08-24,2026-08-28,C,300.0,8393,1515,1.1328168359375002,0.01,0.01,0.02
NVDA,2026-08-24,2026-08-28,C,305.0,762,3,1.140629296875,0.01,0.0,0.02
NVDA,2026-08-24,2026-08-28,C,310.0,2108,200,1.125004375,0.01,0.0,0.01
NVDA,2026-08-24,2026-08-28,C,315.0,1966,79,1.15625421875,0.01,0.0,0.01
NVDA,2026-08-24,2026-08-28,C,320.0,1886,2,1.21875390625,0.01,0.0,0.01
NVDA,2026-08-24,2026-08-28,C,325.0,854,2,1.2500037499999999,0.01,0.0,0.01
NVDA,2026-08-24,2026-08-28,C,330.0,465,50,1.2812535937499998,0.01,0.0,0.01
NVDA,2026-08-24,2026-08-28,C,335.0,165,1,1.3125034374999998,0.01,0.0,0.01
NVDA,2026-08-24,2026-08-28,C,340.0,21,1,1.3750031249999999,0.02,0.0,0.01
NVDA,2026-08-24,2026-08-28,C,345.0,209,198,1.40625296875,0.01,0.0,0.01
NVDA,2026-08-24,2026-08-28,C,350.0,260,1,1.4375028125,0.01,0.0,0.01
NVDA,2026-08-24,2026-08-28,C,360.0,67,1,1.5000025,0.01,0.0,0.01
NVDA,2026-08-24,2026-08-28,C,370.0,75,1,1.5937520312499998,0.01,0.0,0.01
NVDA,2026-08-24,2026-08-28,C,380.0,345,321,1.65625171875,0.02,0.0,0.01
NVDA,2026-08-24,2026-08-28,C,390.0,19,1,1.71875140625,0.01,0.0,0.01
NVDA,2026-08-24,2026-08-28,C,400.0,693,74,1.8125009374999999,0.01,0.0,0.01
NVDA,2026-08-24,2026-08-28,P,50.0,198,151,4.12500484375,0.01,0.0,0.01
NVDA,2026-08-24,2026-08-28,P,65.0,2,0,3.3750015624999996,0.04,0.0,0.01
NVDA,2026-08-24,2026-08-28,P,75.0,2,1,3.0000025,0.01,0.0,0.01
NVDA,2026-08-24,2026-08-28,P,80.0,62,1,2.81250296875,0.31,0.0,0.01
NVDA,2026-08-24,2026-08-28,P,85.0,24,4,2.6250034375,0.01,0.0,0.01
NVDA,2026-08-24,2026-08-28,P,90.0,1876,1788,2.50000375,0.01,0.0,0.01
NVDA,2026-08-24,2026-08-28,P,95.0,12200,1,2.3750040624999995,0.01,0.0,0.01
NVDA,2026-08-24,2026-08-28,P,100.0,9335,8202,2.1875045312499997,0.01,0.0,0.01
NVDA,2026-08-24,2026-08-28,P,105.0,1932,401,2.0625048437499998,0.01,0.0,0.01
NVDA,2026-08-24,2026-08-28,P,110.0,5455,116,1.9375003125,0.01,0.0,0.01
NVDA,2026-08-24,2026-08-28,P,115.0,21954,10700,1.8125009374999999,0.01,0.0,0.01
NVDA,2026-08-24,2026-08-28,P,120.0,11151,699,1.859375703125,0.02,0.01,0.02
NVDA,2026-08-24,2026-08-28,P,125.0,9199,41,1.734376328125,0.01,0.01,0.02
NVDA,2026-08-24,2026-08-28,P,130.0,4173,25,1.609376953125,0.01,0.01,0.02
NVDA,2026-08-24,2026-08-28,P,135.0,9351,461,1.5000025,0.02,0.01,0.02
NVDA,2026-08-24,2026-08-28,P,140.0,3884,122,1.453127734375,0.02,0.02,0.03
NVDA,2026-08-24,2026-08-28,P,145.0,2417,1245,1.3437532812499997,0.02,0.02,0.03
NVDA,2026-08-24,2026-08-28,P,150.0,2970,1168,1.2500037499999999,0.02,0.02,0.04
NVDA,2026-08-24,2026-08-28,P,155.0,2797,152,1.125004375,0.04,0.02,0.03
NVDA,2026-08-24,2026-08-28,P,160.0,6081,11421,1.0859420703125,0.04,0.04,0.05
NVDA,2026-08-24,2026-08-28,P,165.0,7436,396,1.0039112304687499,0.05,0.05,0.06
NVDA,2026-08-24,2026-08-28,P,170.0,19089,1081,0.9335944140625,0.08,0.07,0.08
NVDA,2026-08-24,2026-08-28,P,175.0,10488,3984,0.87500125,0.12,0.11,0.12
NVDA,2026-08-24,2026-08-28,P,180.0,14215,2868,0.8085956640624999,0.17,0.16,0.17
NVDA,2026-08-24,2026-08-28,P,185.0,16907,2313,0.743166630859375,0.25,0.24,0.25
NVDA,2026-08-24,2026-08-28,P,187.5,4768,1693,0.7216824707031251,0.32,0.32,0.33
NVDA,2026-08-24,2026-08-28,P,190.0,18819,8474,0.702151416015625,0.44,0.43,0.44
NVDA,2026-08-24,2026-08-28,P,192.5,4713,4162,0.6884796777343751,0.6,0.59,0.61
NVDA,2026-08-24,2026-08-28,P,195.0,21199,10803,0.6757844921875001,0.82,0.82,0.83
NVDA,2026-08-24,2026-08-28,P,197.5,5296,3933,0.6689486230468751,1.15,1.14,1.16
NVDA,2026-08-24,2026-08-28,P,200.0,32374,16359,0.6630893066406252,1.59,1.57,1.59
NVDA,2026-08-24,2026-08-28,P,202.5,11510,4608,0.6640658593750002,2.18,2.16,2.19
NVDA,2026-08-24,2026-08-28,P,205.0,13879,7803,0.6601596484375001,2.9,2.87,2.89
NVDA,2026-08-24,2026-08-28,P,207.5,7254,5720,0.6608920629882813,3.77,3.75,3.8
NVDA,2026-08-24,2026-08-28,P,210.0,19451,24234,0.6660189648437502,4.86,4.85,4.9
NVDA,2026-08-24,2026-08-28,P,212.5,6449,8690,0.6716341430664063,6.2,6.1,6.2
NVDA,2026-08-24,2026-08-28,P,215.0,11647,4272,0.6723665576171877,7.6,7.5,7.6
NVDA,2026-08-24,2026-08-28,P,217.5,7746,1343,0.6837189831542969,9.14,9.15,9.25
NVDA,2026-08-24,2026-08-28,P,220.0,11703,6959,0.6711458666992189,10.83,10.75,10.85
NVDA,2026-08-24,2026-08-28,P,222.5,4502,340,0.6928741650390625,12.79,12.75,12.85
NVDA,2026-08-24,2026-08-28,P,225.0,6180,1087,0.6853058813476562,14.68,14.65,14.75
NVDA,2026-08-24,2026-08-28,P,227.5,3258,415,0.6918976123046876,16.6,16.75,16.85
NVDA,2026-08-24,2026-08-28,P,230.0,2184,1295,0.6870148486328126,18.91,18.85,19.0
NVDA,2026-08-24,2026-08-28,P,232.5,582,220,0.709963837890625,21.3,20.85,21.65
NVDA,2026-08-24,2026-08-28,P,235.0,1610,142,0.6879914013671876,24.31,23.1,23.8
NVDA,2026-08-24,2026-08-28,P,237.5,88,44,0.5419967675781252,25.7,25.3,25.7
NVDA,2026-08-24,2026-08-28,P,240.0,593,472,0.5351608984375,27.88,27.8,28.1
NVDA,2026-08-24,2026-08-28,P,242.5,103,8,0.9038095556640625,33.15,29.7,32.6
NVDA,2026-08-24,2026-08-28,P,245.0,127,2,0.9077157666015624,33.2,32.05,34.95
NVDA,2026-08-24,2026-08-28,P,247.5,132,1,0.77929908203125,37.16,33.6,37.6
NVDA,2026-08-24,2026-08-28,P,250.0,91,244,0.9565434033203124,38.41,37.1,39.65
NVDA,2026-08-24,2026-08-28,P,252.5,42,3,0.6718782812500002,41.4,38.7,42.15
NVDA,2026-08-24,2026-08-28,P,255.0,107,34,1.0664109179687502,40.89,42.15,44.7
NVDA,2026-08-24,2026-08-28,P,257.5,42,52,1.0166064794921876,48.2,43.8,47.65
NVDA,2026-08-24,2026-08-28,P,260.0,166,14,1.1084028955078127,51.84,46.85,49.8
NVDA,2026-08-24,2026-08-28,P,265.0,0,1,1.0332079589843752,57.0,51.4,54.75
NVDA,2026-08-24,2026-08-28,P,270.0,0,0,1.1640666796875,45.28,56.35,59.95
NVDA,2026-08-24,2026-08-28,P,275.0,5,5,1.4209013330078126,64.89,62.15,64.8
NVDA,2026-08-24,2026-08-28,P,280.0,0,5,1.4345731396484376,69.86,66.9,69.8
NVDA,2026-08-24,2026-08-28,P,285.0,0,0,1.53515857421875,60.14,72.0,74.8
NVDA,2026-08-24,2026-08-28,P,290.0,0,118,0.992187578125,80.55,76.05,79.75
NVDA,2026-08-24,2026-08-28,P,330.0,0,1,2.050786123046875,104.05,116.8,119.8
NVDA,2026-08-24,2026-08-28,P,335.0,0,1,2.0878954052734366,115.41,121.8,124.75
NVDA,2026-08-24,2026-08-28,P,390.0,0,0,2.6445346386718755,166.1,176.8,179.75
NVDA,2026-08-24,2026-08-28,P,400.0,0,2,3.5283214916992183,172.92,185.9,189.75
NVDA,2026-08-24,2026-08-31,C,150.0,11,1,1.4277372363281249,64.99,59.85,65.5
NVDA,2026-08-24,2026-08-31,C,155.0,1,0,1.2265663671875,65.44,56.1,58.9
NVDA,2026-08-24,2026-08-31,C,160.0,3,2,1.3188510620117184,49.6,51.3,54.7
NVDA,2026-08-24,2026-08-31,C,165.0,1,0,1.027836892089844,62.18,44.45,50.6
NVDA,2026-08-24,2026-08-31,C,170.0,22,4,0.8378922460937499,41.27,40.6,44.1
NVDA,2026-08-24,2026-08-31,C,175.0,44,138,0.9584965087890623,41.52,36.8,39.1
NVDA,2026-08-24,2026-08-31,C,180.0,24,2,1.059086735839844,32.05,30.2,34.0
NVDA,2026-08-24,2026-08-31,C,185.0,79,20,0.789064609375,27.62,27.1,29.3
NVDA,2026-08-24,2026-08-31,C,187.5,39,16,0.6752962158203126,25.27,25.25,25.6
NVDA,2026-08-24,2026-08-31,C,190.0,327,146,0.6250037500000001,22.4,22.7,23.2
NVDA,2026-08-24,2026-08-31,C,192.5,27,7,0.5881388842773438,20.55,20.25,20.85
NVDA,2026-08-24,2026-08-31,C,195.0,88,517,0.5795940478515625,17.9,18.15,18.55
NVDA,2026-08-24,2026-08-31,C,197.5,101,8,0.5705609350585938,14.55,16.0,16.45
NVDA,2026-08-24,2026-08-31,C,200.0,1226,215,0.5627485131835939,14.13,14.0,14.4
NVDA,2026-08-24,2026-08-31,C,202.5,323,90,0.549076774902344,12.25,11.95,12.5
NVDA,2026-08-24,2026-08-31,C,205.0,642,628,0.5533491931152343,10.55,10.5,10.6
NVDA,2026-08-24,2026-08-31,C,207.5,860,518,0.5507857421875001,9.0,8.9,9.0
NVDA,2026-08-24,2026-08-31,C,210.0,2589,3158,0.556767127685547,7.6,7.55,7.65
NVDA,2026-08-24,2026-08-31,C,212.5,1763,2852,0.5579878186035157,6.27,6.3,6.4
NVDA,2026-08-24,2026-08-31,C,215.0,9875,4171,0.5546919531250001,5.15,5.15,5.25
NVDA,2026-08-24,2026-08-31,C,217.5,2330,1494,0.5583540258789064,4.2,4.25,4.3
NVDA,2026-08-24,2026-08-31,C,220.0,9497,6032,0.5585981640625001,3.45,3.4,3.5
NVDA,2026-08-24,2026-08-31,C,222.5,799,1810,0.56055126953125,2.81,2.75,2.79
NVDA,2026-08-24,2026-08-31,C,225.0,5138,4563,0.5637250659179689,2.2,2.21,2.22
NVDA,2026-08-24,2026-08-31,C,227.5,1625,1676,0.56055126953125,1.71,1.69,1.72
NVDA,2026-08-24,2026-08-31,C,230.0,5359,3667,0.5649457568359376,1.33,1.34,1.35
NVDA,2026-08-24,2026-08-31,C,232.5,1164,799,0.5649457568359376,1.0,1.02,1.04
NVDA,2026-08-24,2026-08-31,C,235.0,4417,1489,0.5681195532226562,0.79,0.79,0.8
NVDA,2026-08-24,2026-08-31,C,237.5,319,495,0.5688519677734375,0.6,0.59,0.61
NVDA,2026-08-24,2026-08-31,C,240.0,2234,3318,0.5727581787109376,0.47,0.45,0.47
NVDA,2026-08-24,2026-08-31,C,242.5,291,639,0.5815471533203125,0.37,0.36,0.37
NVDA,2026-08-24,2026-08-31,C,245.0,8620,503,0.5898478515625001,0.29,0.28,0.3
NVDA,2026-08-24,2026-08-31,C,247.5,135,186,0.5976602734375001,0.22,0.22,0.24
NVDA,2026-08-24,2026-08-31,C,250.0,3278,1693,0.6074258007812501,0.18,0.18,0.19
NVDA,2026-08-24,2026-08-31,C,252.5,206,148,0.6191444335937502,0.15,0.15,0.16
NVDA,2026-08-24,2026-08-31,C,255.0,600,66,0.6289099609375001,0.13,0.12,0.13
NVDA,2026-08-24,2026-08-31,C,257.5,61,10,0.64062859375,0.1,0.1,0.11
NVDA,2026-08-24,2026-08-31,C,260.0,229,193,0.6543003320312502,0.09,0.08,0.1
NVDA,2026-08-24,2026-08-31,C,262.5,31,40,0.6640658593750002,0.08,0.07,0.08
NVDA,2026-08-24,2026-08-31,C,265.0,240,27,0.6757844921875001,0.05,0.06,0.07
NVDA,2026-08-24,2026-08-31,C,270.0,270,90,0.710940390625,0.05,0.05,0.06
NVDA,2026-08-24,2026-08-31,C,275.0,274,131,0.7187528125,0.03,0.03,0.04
NVDA,2026-08-24,2026-08-31,C,280.0,766,36,0.7500025,0.02,0.02,0.04
NVDA,2026-08-24,2026-08-31,C,285.0,110,30,0.7812521875,0.02,0.02,0.03
NVDA,2026-08-24,2026-08-31,C,290.0,63,6,0.804689453125,0.02,0.01,0.03
NVDA,2026-08-24,2026-08-31,C,295.0,38,28,0.8437515624999999,0.02,0.01,0.03
NVDA,2026-08-24,2026-08-31,C,300.0,647,262,0.85937640625,0.02,0.01,0.02
NVDA,2026-08-24,2026-08-31,C,310.0,33,3,0.929688203125,0.02,0.01,0.02
NVDA,2026-08-24,2026-08-31,C,320.0,173,305,0.9687503125,0.01,0.0,0.02
NVDA,2026-08-24,2026-08-31,C,330.0,9,39,1.0312548437500002,0.01,0.0,0.02
NVDA,2026-08-24,2026-08-31,C,340.0,68,26,1.09375453125,0.01,0.0,0.02
NVDA,2026-08-24,2026-08-31,C,360.0,2,490,1.21875390625,0.01,0.0,0.02
NVDA,2026-08-24,2026-08-31,C,390.0,5230,26,1.3125034374999998,0.01,0.0,0.01
NVDA,2026-08-24,2026-08-31,P,110.0,1,270,1.609376953125,0.02,0.01,0.02
NVDA,2026-08-24,2026-08-31,P,125.0,2,0,1.3437532812499997,0.02,0.01,0.03
NVDA,2026-08-24,2026-08-31,P,130.0,21,1,1.2812535937499998,0.03,0.02,0.03
NVDA,2026-08-24,2026-08-31,P,135.0,157,59,1.2109414453124998,0.03,0.02,0.04
NVDA,2026-08-24,2026-08-31,P,140.0,12,1,1.1171919140625,0.03,0.02,0.04
NVDA,2026-08-24,2026-08-31,P,145.0,30,3,1.0468797656250002,0.03,0.03,0.04
NVDA,2026-08-24,2026-08-31,P,150.0,81,13,0.9765627343750001,0.04,0.03,0.05
NVDA,2026-08-24,2026-08-31,P,155.0,69,9,0.914063359375,0.05,0.04,0.06
NVDA,2026-08-24,2026-08-31,P,160.0,165,141,0.867188828125,0.06,0.06,0.08
NVDA,2026-08-24,2026-08-31,P,165.0,214,9,0.8007832421875,0.08,0.08,0.09
NVDA,2026-08-24,2026-08-31,P,170.0,110,111,0.7480493945312501,0.13,0.11,0.12
NVDA,2026-08-24,2026-08-31,P,175.0,379,158,0.69336244140625,0.15,0.15,0.16
NVDA,2026-08-24,2026-08-31,P,180.0,388,227,0.639652041015625,0.22,0.21,0.22
NVDA,2026-08-24,2026-08-31,P,185.0,1632,933,0.5918009570312501,0.33,0.31,0.33
NVDA,2026-08-24,2026-08-31,P,187.5,150,521,0.5717816259765626,0.41,0.4,0.41
NVDA,2026-08-24,2026-08-31,P,190.0,4321,1159,0.5556685058593751,0.53,0.52,0.54
NVDA,2026-08-24,2026-08-31,P,192.5,242,727,0.5459029785156251,0.7,0.71,0.73
NVDA,2026-08-24,2026-08-31,P,195.0,2329,934,0.5344284838867188,0.94,0.95,0.97
NVDA,2026-08-24,2026-08-31,P,197.5,368,299,0.5302781347656251,1.3,1.3,1.34
NVDA,2026-08-24,2026-08-31,P,200.0,2212,2278,0.5278367529296876,1.73,1.78,1.81
NVDA,2026-08-24,2026-08-31,P,202.5,1306,565,0.5246629565429688,2.41,2.37,2.4
NVDA,2026-08-24,2026-08-31,P,205.0,2153,778,0.52539537109375,3.1,3.1,3.2
NVDA,2026-08-24,2026-08-31,P,207.5,658,935,0.5246629565429688,4.05,4.0,4.1
NVDA,2026-08-24,2026-08-31,P,210.0,1635,2183,0.5317429638671876,5.24,5.15,5.25
NVDA,2026-08-24,2026-08-31,P,212.5,476,806,0.5290574438476563,6.33,6.35,6.45
NVDA,2026-08-24,2026-08-31,P,215.0,1072,678,0.534184345703125,7.9,7.8,7.9
NVDA,2026-08-24,2026-08-31,P,217.5,314,110,0.539189178466797,9.37,9.4,9.5
NVDA,2026-08-24,2026-08-31,P,220.0,921,129,0.5289353747558594,10.97,10.95,11.1
NVDA,2026-08-24,2026-08-31,P,222.5,93,63,0.526371923828125,13.0,12.6,13.05
NVDA,2026-08-24,2026-08-31,P,225.0,2271,122,0.5266160620117188,15.0,14.6,14.95
NVDA,2026-08-24,2026-08-31,P,227.5,44,121,0.526371923828125,18.16,16.4,17.25
NVDA,2026-08-24,2026-08-31,P,230.0,99,3,0.5307664111328125,19.04,18.6,19.4
NVDA,2026-08-24,2026-08-31,P,232.5,67,16,0.532231240234375,21.76,20.8,21.65
NVDA,2026-08-24,2026-08-31,P,235.0,23,21,0.514653291015625,26.3,23.1,23.75
NVDA,2026-08-24,2026-08-31,P,237.5,34,174,0.5219774365234374,26.44,25.35,26.25
NVDA,2026-08-24,2026-08-31,P,240.0,25,754,0.5195360546875,28.2,27.75,28.6
NVDA,2026-08-24,2026-08-31,P,242.5,113,246,0.6235389208984375,30.53,30.15,30.9
NVDA,2026-08-24,2026-08-31,P,245.0,17,20,0.7641625146484375,33.66,32.15,35.55
NVDA,2026-08-24,2026-08-31,P,247.5,13,30,0.7651390673828126,35.35,34.8,37.55
NVDA,2026-08-24,2026-08-31,P,250.0,14,232,0.5410202148437502,38.54,36.35,39.6
NVDA,2026-08-24,2026-08-31,P,252.5,5,0,0.764650791015625,33.92,38.7,43.1
NVDA,2026-08-24,2026-08-31,P,255.0,9,2,0.868165380859375,46.5,42.0,45.3
NVDA,2026-08-24,2026-08-31,P,257.5,1,0,0.9399420068359375,37.55,44.6,48.0
NVDA,2026-08-24,2026-08-31,P,295.0,0,1,1.3696320581054686,79.56,82.1,85.25
NVDA,2026-08-24,2026-08-31,P,300.0,0,0,1.3886749316406248,74.51,86.95,90.2
NVDA,2026-08-24,2026-09-02,C,120.0,6,0,1.6367205664062499,98.64,89.15,95.45
NVDA,2026-08-24,2026-09-02,C,145.0,1,2,1.2480506347656248,70.63,64.4,70.5
NVDA,2026-08-24,2026-09-02,C,150.0,1,1,1.2890660546875,60.27,59.95,65.55
NVDA,2026-08-24,2026-09-02,C,160.0,4,37,1.102055270996094,49.43,50.05,55.55
NVDA,2026-08-24,2026-09-02,C,165.0,3,36,0.8378922460937499,44.5,44.15,50.6
NVDA,2026-08-24,2026-09-02,C,170.0,40,2,0.9697268652343749,41.85,40.55,45.55
NVDA,2026-08-24,2026-09-02,C,175.0,23,144,0.8793957373046875,36.07,35.45,40.75
NVDA,2026-08-24,2026-09-02,C,180.0,30,8,0.8781750463867187,32.53,32.2,35.1
NVDA,2026-08-24,2026-09-02,C,182.5,22,6,0.8588881298828125,30.18,29.35,33.4
NVDA,2026-08-24,2026-09-02,C,185.0,26,17,0.6389196264648438,27.9,27.4,28.4
NVDA,2026-08-24,2026-09-02,C,187.5,30,15,0.5905802661132813,25.05,25.05,25.75
NVDA,2026-08-24,2026-09-02,C,190.0,33,16,0.577152666015625,24.2,22.7,23.5
NVDA,2026-08-24,2026-09-02,C,192.5,17,2,0.56055126953125,22.9,20.4,21.25
NVDA,2026-08-24,2026-09-02,C,195.0,48,20,0.5502974658203126,19.75,18.25,19.05
NVDA,2026-08-24,2026-09-02,C,197.5,32,2,0.5432174584960938,18.6,16.25,16.9
NVDA,2026-08-24,2026-09-02,C,200.0,114,71,0.5441940112304688,14.5,14.35,15.0
NVDA,2026-08-24,2026-09-02,C,202.5,27,24,0.5388229711914063,12.0,12.4,13.25
NVDA,2026-08-24,2026-09-02,C,205.0,98,433,0.5319871020507813,10.9,11.0,11.15
NVDA,2026-08-24,2026-09-02,C,207.5,342,240,0.5272264074707032,9.35,9.4,9.55
NVDA,2026-08-24,2026-09-02,C,210.0,1082,888,0.5214891601562499,8.0,7.95,8.05
NVDA,2026-08-24,2026-09-02,C,212.5,530,1035,0.5278367529296876,6.8,6.8,6.85
NVDA,2026-08-24,2026-09-02,C,215.0,1213,1421,0.523442265625,5.75,5.6,5.7
NVDA,2026-08-24,2026-09-02,C,217.5,607,916,0.5275926147460939,4.68,4.65,4.8
NVDA,2026-08-24,2026-09-02,C,220.0,1295,4044,0.5295457202148439,3.85,3.85,3.95
NVDA,2026-08-24,2026-09-02,C,222.5,429,192,0.5299119274902344,3.12,3.1,3.25
NVDA,2026-08-24,2026-09-02,C,225.0,10340,2153,0.5278367529296876,2.61,2.51,2.56
NVDA,2026-08-24,2026-09-02,C,227.5,163,150,0.5310105493164063,2.01,2.03,2.07
NVDA,2026-08-24,2026-09-02,C,230.0,730,733,0.5314988256835937,1.64,1.61,1.64
NVDA,2026-08-24,2026-09-02,C,232.5,281,1312,0.5319871020507813,1.27,1.26,1.29
NVDA,2026-08-24,2026-09-02,C,235.0,736,282,0.5336960693359375,1.03,0.98,1.02
NVDA,2026-08-24,2026-09-02,C,237.5,91,134,0.5361374511718751,0.81,0.77,0.8
NVDA,2026-08-24,2026-09-02,C,240.0,470,596,0.5415084912109377,0.65,0.62,0.63
NVDA,2026-08-24,2026-09-02,C,242.5,52,196,0.5449264257812501,0.5,0.48,0.5
NVDA,2026-08-24,2026-09-02,C,245.0,755,179,0.551762294921875,0.41,0.39,0.4
NVDA,2026-08-24,2026-09-02,C,247.5,54,179,0.5610395458984375,0.34,0.31,0.34
NVDA,2026-08-24,2026-09-02,C,250.0,793,397,0.5688519677734375,0.27,0.25,0.28
NVDA,2026-08-24,2026-09-02,C,252.5,45,47,0.57812921875,0.22,0.21,0.23
NVDA,2026-08-24,2026-09-02,C,255.0,134,47,0.58789474609375,0.18,0.17,0.2
NVDA,2026-08-24,2026-09-02,C,257.5,6,2,0.5976602734375001,0.19,0.14,0.17
NVDA,2026-08-24,2026-09-02,C,260.0,598,40,0.6064492480468751,0.12,0.12,0.14
NVDA,2026-08-24,2026-09-02,C,262.5,8,7,0.6191444335937502,0.12,0.1,0.13
NVDA,2026-08-24,2026-09-02,C,265.0,109,26,0.63086306640625,0.09,0.09,0.11
NVDA,2026-08-24,2026-09-02,C,270.0,312,67,0.65039412109375,0.07,0.06,0.09
NVDA,2026-08-24,2026-09-02,C,275.0,10,44,0.6679720703125002,0.06,0.04,0.07
NVDA,2026-08-24,2026-09-02,C,280.0,126,1,0.6914093359375001,0.07,0.03,0.06
NVDA,2026-08-24,2026-09-02,C,285.0,46,9,0.710940390625,0.03,0.02,0.05
NVDA,2026-08-24,2026-09-02,C,290.0,22,3,0.73437765625,0.05,0.01,0.05
NVDA,2026-08-24,2026-09-02,C,295.0,0,259,0.7578149218750001,0.02,0.02,0.03
NVDA,2026-08-24,2026-09-02,C,300.0,347,112,0.7929708203125,0.02,0.01,0.04
NVDA,2026-08-24,2026-09-02,C,310.0,1,1,0.85937640625,0.03,0.01,0.04
NVDA,2026-08-24,2026-09-02,C,320.0,4,7,0.8828136718749999,0.01,0.0,0.03
NVDA,2026-08-24,2026-09-02,C,330.0,29,3,0.937500625,0.03,0.0,0.03
NVDA,2026-08-24,2026-09-02,C,340.0,3,1,0.992187578125,0.03,0.0,0.03
NVDA,2026-08-24,2026-09-02,C,350.0,2,5,1.0468797656250002,0.03,0.0,0.03
NVDA,2026-08-24,2026-09-02,C,360.0,3,5,1.0625046875000002,0.01,0.0,0.02
NVDA,2026-08-24,2026-09-02,C,370.0,5,2,1.125004375,0.01,0.0,0.02
NVDA,2026-08-24,2026-09-02,C,380.0,3,5,1.15625421875,0.01,0.0,0.02
NVDA,2026-08-24,2026-09-02,C,390.0,12,4,1.15625421875,0.01,0.0,0.01
NVDA,2026-08-24,2026-09-02,P,130.0,1,1,1.1484417578125,0.02,0.01,0.05
NVDA,2026-08-24,2026-09-02,P,135.0,14,15,1.0859420703125,0.05,0.02,0.05
NVDA,2026-08-24,2026-09-02,P,140.0,101,33,1.0312548437500002,0.03,0.03,0.06
NVDA,2026-08-24,2026-09-02,P,145.0,75,34,0.9726565234375,0.05,0.04,0.07
NVDA,2026-08-24,2026-09-02,P,150.0,9,102,0.9101571484375,0.07,0.05,0.08
NVDA,2026-08-24,2026-09-02,P,155.0,8,3,0.86132951171875,0.08,0.07,0.1
NVDA,2026-08-24,2026-09-02,P,160.0,24,3,0.80664255859375,0.11,0.09,0.12
NVDA,2026-08-24,2026-09-02,P,165.0,118,73,0.7500025,0.13,0.12,0.14
NVDA,2026-08-24,2026-09-02,P,170.0,17,5,0.6962920996093751,0.17,0.15,0.18
NVDA,2026-08-24,2026-09-02,P,175.0,257,38,0.6445348046875,0.23,0.2,0.23
NVDA,2026-08-24,2026-09-02,P,180.0,96,105,0.5927775097656252,0.3,0.27,0.3
NVDA,2026-08-24,2026-09-02,P,182.5,66,12,0.5722699023437501,0.38,0.33,0.36
NVDA,2026-08-24,2026-09-02,P,185.0,78,86,0.551762294921875,0.43,0.41,0.43
NVDA,2026-08-24,2026-09-02,P,187.5,157,16,0.5366257275390626,0.56,0.52,0.55
NVDA,2026-08-24,2026-09-02,P,190.0,201,253,0.52539537109375,0.7,0.68,0.72
NVDA,2026-08-24,2026-09-02,P,192.5,141,31,0.51562984375,0.94,0.91,0.93
NVDA,2026-08-24,2026-09-02,P,195.0,257,208,0.5090381127929688,1.22,1.21,1.24
NVDA,2026-08-24,2026-09-02,P,197.5,122,145,0.5039112109375,1.66,1.6,1.64
NVDA,2026-08-24,2026-09-02,P,200.0,819,618,0.5041553491210937,2.1,2.14,2.19
NVDA,2026-08-24,2026-09-02,P,202.5,147,58,0.5026905200195313,2.78,2.78,2.85
NVDA,2026-08-24,2026-09-02,P,205.0,219,857,0.505742247314453,3.56,3.5,3.65
NVDA,2026-08-24,2026-09-02,P,207.5,115,87,0.5003712072753908,4.5,4.45,4.6
NVDA,2026-08-24,2026-09-02,P,210.0,571,452,0.5033008654785156,5.75,5.6,5.7
NVDA,2026-08-24,2026-09-02,P,212.5,218,263,0.5022022436523439,6.85,6.8,6.95
NVDA,2026-08-24,2026-09-02,P,215.0,290,206,0.5052539709472657,8.2,8.2,8.4
NVDA,2026-08-24,2026-09-02,P,217.5,89,76,0.5048877636718749,10.9,9.75,9.9
NVDA,2026-08-24,2026-09-02,P,220.0,107,8,0.5037891418457032,11.88,11.4,11.55
NVDA,2026-08-24,2026-09-02,P,222.5,56,51,0.5024463818359376,16.35,12.75,13.75
NVDA,2026-08-24,2026-09-02,P,225.0,61,21,0.5112353564453125,15.2,14.9,15.25
NVDA,2026-08-24,2026-09-02,P,227.5,22,16,0.5031787963867188,17.68,16.75,17.6
NVDA,2026-08-24,2026-09-02,P,230.0,6,3,0.500005,21.81,18.7,19.8
NVDA,2026-08-24,2026-09-02,P,237.5,5,10,0.5964395825195312,24.95,25.35,26.55
NVDA,2026-08-24,2026-09-02,P,242.5,9,194,0.6210975390625001,27.88,30.1,31.25
NVDA,2026-08-24,2026-09-02,P,245.0,9,194,0.6367223828125,30.2,32.5,33.65
NVDA,2026-08-24,2026-09-02,P,247.5,5,148,0.7678245874023439,32.12,33.85,39.55
NVDA,2026-08-24,2026-09-02,P,250.0,7,2,0.8110370458984374,41.93,36.6,41.9
NVDA,2026-08-24,2026-09-02,P,252.5,23,158,0.8164080859374999,37.7,38.8,44.35
NVDA,2026-08-24,2026-09-02,P,255.0,23,158,0.91211025390625,40.11,42.15,46.75
NVDA,2026-08-24,2026-09-04,C,65.0,3,1,3.183595791015625,148.5,144.55,150.4
NVDA,2026-08-24,2026-09-04,C,70.0,4,2,3.1542989892578124,153.2,139.8,145.45
NVDA,2026-08-24,2026-09-04,C,85.0,3,3,2.6757845605468753,130.92,124.95,130.4
NVDA,2026-08-24,2026-09-04,C,90.0,4,4,3.609864256591797,125.86,118.65,125.4
NVDA,2026-08-24,2026-09-04,C,100.0,24,2,1.7890635546875,115.72,109.3,115.15
NVDA,2026-08-24,2026-09-04,C,105.0,8,6,1.68359533203125,110.08,104.0,110.45
NVDA,2026-08-24,2026-09-04,C,110.0,16,2,1.9375003125,106.6,99.7,105.5
NVDA,2026-08-24,2026-09-04,C,120.0,10,10,1.2265663671875,91.43,88.8,95.5
NVDA,2026-08-24,2026-09-04,C,130.0,3,1,1.453127734375,87.17,79.55,85.5
NVDA,2026-08-24,2026-09-04,C,135.0,3,2,1.2959019580078124,81.96,74.3,80.55
NVDA,2026-08-24,2026-09-04,C,140.0,126,1,1.3701203369140624,69.89,70.0,75.55
NVDA,2026-08-24,2026-09-04,C,145.0,25,20,1.4331083032226561,70.21,66.0,70.6
NVDA,2026-08-24,2026-09-04,C,150.0,181,28,1.0986373193359378,58.8,61.75,63.4
NVDA,2026-08-24,2026-09-04,C,155.0,146,79,1.0468797656250002,60.45,55.0,60.35
NVDA,2026-08-24,2026-09-04,C,160.0,45,96,0.86132951171875,54.19,50.4,54.45
NVDA,2026-08-24,2026-09-04,C,165.0,47,96,0.89257919921875,49.26,46.05,49.45
NVDA,2026-08-24,2026-09-04,C,170.0,10105,109,0.8305681005859374,41.45,42.6,43.1
NVDA,2026-08-24,2026-09-04,C,175.0,196,107,0.7700218310546876,39.91,36.7,39.25
NVDA,2026-08-24,2026-09-04,C,180.0,5179,230,0.622074091796875,32.15,31.85,33.55
NVDA,2026-08-24,2026-09-04,C,182.5,48,196,0.6264685791015626,31.67,30.1,30.75
NVDA,2026-08-24,2026-09-04,C,185.0,350,87,0.6001016552734376,27.96,27.7,28.35
NVDA,2026-08-24,2026-09-04,C,187.5,17,83,0.579105771484375,24.33,25.35,26.0
NVDA,2026-08-24,2026-09-04,C,190.0,975,4,0.5715374877929689,22.91,23.2,23.7
NVDA,2026-08-24,2026-09-04,C,192.5,5,2,0.5478560839843751,22.0,20.85,21.45
NVDA,2026-08-24,2026-09-04,C,195.0,868,357,0.5363815893554689,18.1,18.8,19.2
NVDA,2026-08-24,2026-09-04,C,197.5,61,524,0.5279588220214844,16.96,16.7,17.2
NVDA,2026-08-24,2026-09-04,C,200.0,1922,2593,0.5207567456054687,14.92,14.9,15.1
NVDA,2026-08-24,2026-09-04,C,202.5,212,2161,0.523442265625,13.05,13.15,13.4
NVDA,2026-08-24,2026-09-04,C,205.0,1346,2357,0.5094043200683593,11.53,11.4,11.5
NVDA,2026-08-24,2026-09-04,C,207.5,618,1984,0.5107470800781251,10.06,9.9,10.0
NVDA,2026-08-24,2026-09-04,C,210.0,6453,4904,0.5045215563964844,8.6,8.4,8.55
NVDA,2026-08-24,2026-09-04,C,212.5,1242,2611,0.5097705273437501,7.21,7.25,7.35
NVDA,2026-08-24,2026-09-04,C,215.0,10772,4353,0.5111132873535156,6.15,6.15,6.25
NVDA,2026-08-24,2026-09-04,C,217.5,1312,1117,0.5070850073242188,5.2,5.1,5.2
NVDA,2026-08-24,2026-09-04,C,220.0,14602,6378,0.5028125891113282,4.25,4.2,4.25
NVDA,2026-08-24,2026-09-04,C,222.5,1531,3624,0.5065967309570312,3.54,3.5,3.55
NVDA,2026-08-24,2026-09-04,C,225.0,8260,2874,0.5092822509765625,2.9,2.89,2.94
NVDA,2026-08-24,2026-09-04,C,227.5,2818,12547,0.5106250109863282,2.37,2.36,2.4
NVDA,2026-08-24,2026-09-04,C,230.0,18696,3207,0.5103808728027344,1.93,1.9,1.93
NVDA,2026-08-24,2026-09-04,C,232.5,999,720,0.5127001855468749,1.59,1.53,1.57
NVDA,2026-08-24,2026-09-04,C,235.0,8002,1875,0.514653291015625,1.26,1.24,1.25
NVDA,2026-08-24,2026-09-04,C,237.5,773,247,0.5188036401367188,1.03,1.0,1.02
NVDA,2026-08-24,2026-09-04,C,240.0,15358,1400,0.5241746801757812,0.83,0.82,0.83
NVDA,2026-08-24,2026-09-04,C,242.5,575,270,0.5268602001953125,0.64,0.65,0.67
NVDA,2026-08-24,2026-09-04,C,245.0,7226,1084,0.5339402075195312,0.55,0.54,0.55
NVDA,2026-08-24,2026-09-04,C,247.5,694,347,0.5419967675781252,0.46,0.45,0.46
NVDA,2026-08-24,2026-09-04,C,250.0,5770,1082,0.5483443603515626,0.38,0.37,0.38
NVDA,2026-08-24,2026-09-04,C,252.5,99,123,0.5566450585937501,0.31,0.31,0.32
NVDA,2026-08-24,2026-09-04,C,255.0,1796,146,0.5644574804687501,0.26,0.26,0.27
NVDA,2026-08-24,2026-09-04,C,257.5,55,179,0.5751995605468749,0.22,0.22,0.24
NVDA,2026-08-24,2026-09-04,C,260.0,4196,167,0.5830119824218749,0.2,0.19,0.2
NVDA,2026-08-24,2026-09-04,C,262.5,582,525,0.59570716796875,0.17,0.17,0.18
NVDA,2026-08-24,2026-09-04,C,265.0,3414,243,0.6035195898437502,0.15,0.14,0.16
NVDA,2026-08-24,2026-09-04,C,270.0,5432,159,0.62305064453125,0.11,0.11,0.12
NVDA,2026-08-24,2026-09-04,C,275.0,1109,83,0.6425816992187501,0.09,0.08,0.1
NVDA,2026-08-24,2026-09-04,C,280.0,434,29,0.6640658593750002,0.07,0.07,0.08
NVDA,2026-08-24,2026-09-04,C,285.0,194,11,0.6835969140625001,0.06,0.05,0.07
NVDA,2026-08-24,2026-09-04,C,290.0,236,227,0.6953155468750001,0.05,0.04,0.05
NVDA,2026-08-24,2026-09-04,C,295.0,1018,2,0.7187528125,0.04,0.03,0.05
NVDA,2026-08-24,2026-09-04,C,300.0,970,24,0.7500025,0.04,0.03,0.05
NVDA,2026-08-24,2026-09-04,C,305.0,277,40,0.7617211328125001,0.04,0.02,0.04
NVDA,2026-08-24,2026-09-04,C,310.0,70,21,0.789064609375,0.03,0.02,0.04
NVDA,2026-08-24,2026-09-04,C,315.0,67,12,0.804689453125,0.02,0.02,0.03
NVDA,2026-08-24,2026-09-04,C,320.0,47,3,0.8203142968749999,0.03,0.01,0.03
NVDA,2026-08-24,2026-09-04,C,325.0,43,2,0.8437515624999999,0.03,0.01,0.03
NVDA,2026-08-24,2026-09-04,C,330.0,68,1,0.87500125,0.01,0.01,0.03
NVDA,2026-08-24,2026-09-04,C,335.0,9,1,0.8984385156249999,0.08,0.01,0.03
NVDA,2026-08-24,2026-09-04,C,340.0,91,201,0.8125018749999999,0.01,0.0,0.01
NVDA,2026-08-24,2026-09-04,C,345.0,311,30,0.8906260937499999,0.01,0.0,0.02
NVDA,2026-08-24,2026-09-04,C,350.0,16,26,0.92187578125,0.01,0.0,0.02
NVDA,2026-08-24,2026-09-04,C,360.0,13,3,0.9687503125,0.03,0.0,0.02
NVDA,2026-08-24,2026-09-04,C,370.0,5,1,1.015629921875,0.03,0.0,0.02
NVDA,2026-08-24,2026-09-04,C,380.0,39,38,1.0468797656250002,0.04,0.0,0.02
NVDA,2026-08-24,2026-09-04,C,390.0,523,2,1.0312548437500002,0.01,0.0,0.01
NVDA,2026-08-24,2026-09-04,C,400.0,54,10,1.09375453125,0.01,0.0,0.01
NVDA,2026-08-24,2026-09-04,P,65.0,10,0,2.0625048437499998,0.02,0.0,0.01
NVDA,2026-08-24,2026-09-04,P,70.0,152,32,2.031254921875,0.01,0.0,0.02
NVDA,2026-08-24,2026-09-04,P,75.0,479,416,1.9062504687500001,0.01,0.0,0.02
NVDA,2026-08-24,2026-09-04,P,80.0,70,7,1.8125009374999999,0.01,0.0,0.02
NVDA,2026-08-24,2026-09-04,P,85.0,759,2,1.75000125,0.01,0.01,0.02
NVDA,2026-08-24,2026-09-04,P,90.0,397,137,1.71875140625,0.02,0.02,0.03
NVDA,2026-08-24,2026-09-04,P,95.0,314,80,1.6484392578125,0.02,0.02,0.04
NVDA,2026-08-24,2026-09-04,P,100.0,2831,3,1.5468772656249998,0.03,0.02,0.04
NVDA,2026-08-24,2026-09-04,P,105.0,16,500,1.4765651171875,0.03,0.03,0.04
NVDA,2026-08-24,2026-09-04,P,110.0,6594,33,1.3828155859374998,0.03,0.03,0.04
NVDA,2026-08-24,2026-09-04,P,115.0,16225,2,1.3125034374999998,0.04,0.03,0.05
NVDA,2026-08-24,2026-09-04,P,120.0,2610,10,1.23047259765625,0.05,0.03,0.05
NVDA,2026-08-24,2026-09-04,P,125.0,2839,25,1.1757853710937498,0.04,0.04,0.06
NVDA,2026-08-24,2026-09-04,P,130.0,615,56,1.08203583984375,0.04,0.04,0.05
NVDA,2026-08-24,2026-09-04,P,135.0,276,557,1.0390673046875003,0.06,0.05,0.07
NVDA,2026-08-24,2026-09-04,P,140.0,159,202,0.9804689453125001,0.06,0.06,0.08
NVDA,2026-08-24,2026-09-04,P,145.0,820,2,0.91992267578125,0.07,0.07,0.09
NVDA,2026-08-24,2026-09-04,P,150.0,3301,1930,0.85742330078125,0.09,0.08,0.1
NVDA,2026-08-24,2026-09-04,P,155.0,2228,24,0.80664255859375,0.11,0.1,0.12
NVDA,2026-08-24,2026-09-04,P,160.0,2238,164,0.7500025,0.12,0.12,0.14
NVDA,2026-08-24,2026-09-04,P,165.0,1079,164,0.6992217578125001,0.15,0.15,0.17
NVDA,2026-08-24,2026-09-04,P,170.0,14475,253,0.64648791015625,0.19,0.19,0.2
NVDA,2026-08-24,2026-09-04,P,175.0,3513,71,0.6025430371093752,0.26,0.25,0.27
NVDA,2026-08-24,2026-09-04,P,180.0,4437,479,0.5561567822265626,0.35,0.34,0.35
NVDA,2026-08-24,2026-09-04,P,182.5,575,95,0.5415084912109377,0.47,0.42,0.44
NVDA,2026-08-24,2026-09-04,P,185.0,3239,397,0.526371923828125,0.54,0.53,0.54
NVDA,2026-08-24,2026-09-04,P,187.5,475,86,0.5144091528320311,0.67,0.67,0.69
NVDA,2026-08-24,2026-09-04,P,190.0,68390,2880,0.5043994873046875,0.87,0.87,0.88
NVDA,2026-08-24,2026-09-04,P,192.5,516,329,0.4997608618164063,1.14,1.13,1.16
NVDA,2026-08-24,2026-09-04,P,195.0,3427,1919,0.4943898217773438,1.47,1.47,1.51
NVDA,2026-08-24,2026-09-04,P,197.5,419,557,0.4887746435546876,1.9,1.9,1.94
NVDA,2026-08-24,2026-09-04,P,200.0,8072,1007,0.48560084716796875,2.5,2.45,2.49
NVDA,2026-08-24,2026-09-04,P,202.5,510,205,0.4862111926269531,3.17,3.1,3.2
NVDA,2026-08-24,2026-09-04,P,205.0,2959,1122,0.48389187988281257,3.98,3.9,4.0
NVDA,2026-08-24,2026-09-04,P,207.5,772,146,0.4865773999023438,4.85,4.85,5.0
NVDA,2026-08-24,2026-09-04,P,210.0,5012,2657,0.48279325805664064,6.02,5.9,6.05
NVDA,2026-08-24,2026-09-04,P,212.5,607,2581,0.48328153442382815,7.22,7.2,7.3
NVDA,2026-08-24,2026-09-04,P,215.0,2710,2228,0.4809622216796875,8.58,8.55,8.65
NVDA,2026-08-24,2026-09-04,P,217.5,510,1305,0.4866994689941406,10.34,10.1,10.25
NVDA,2026-08-24,2026-09-04,P,220.0,12696,1815,0.48340360351562506,11.96,11.75,11.85
NVDA,2026-08-24,2026-09-04,P,222.5,285,52,0.4899953344726563,14.24,13.55,13.7
NVDA,2026-08-24,2026-09-04,P,225.0,2247,29,0.49658706542968756,16.86,15.0,15.65
NVDA,2026-08-24,2026-09-04,P,227.5,181,6,0.5266160620117188,18.62,16.9,17.95
NVDA,2026-08-24,2026-09-04,P,230.0,566,19,0.5295457202148439,20.95,19.0,20.0
NVDA,2026-08-24,2026-09-04,P,232.5,85,25,0.5354050366210938,22.05,21.1,22.15
NVDA,2026-08-24,2026-09-04,P,235.0,148,1,0.5466353930664063,23.0,23.35,24.4
NVDA,2026-08-24,2026-09-04,P,237.5,21,0,0.5524947094726562,20.47,25.8,26.65
NVDA,2026-08-24,2026-09-04,P,240.0,82,32,0.5598188549804688,31.2,27.9,28.95
NVDA,2026-08-24,2026-09-04,P,242.5,30,15,0.5778850805664062,31.25,30.25,31.35
NVDA,2026-08-24,2026-09-04,P,245.0,135,15,0.5668988623046876,32.05,32.65,33.6
NVDA,2026-08-24,2026-09-04,P,247.5,7,3,0.596683720703125,37.75,35.05,36.1
NVDA,2026-08-24,2026-09-04,P,250.0,75,64,0.5644574804687501,40.32,36.25,40.4
NVDA,2026-08-24,2026-09-04,P,252.5,1,1,0.6689486230468751,42.7,39.3,43.05
NVDA,2026-08-24,2026-09-04,P,255.0,273,63,0.6547886083984377,45.24,41.35,45.6
NVDA,2026-08-24,2026-09-04,P,257.5,50,61,0.745119736328125,48.15,44.4,48.15
NVDA,2026-08-24,2026-09-04,P,260.0,224,2,0.725588681640625,48.49,47.15,49.95
NVDA,2026-08-24,2026-09-04,P,262.5,50,61,0.7397486962890624,53.13,49.05,52.95
NVDA,2026-08-24,2026-09-04,P,265.0,8,1,0.7836935693359376,45.2,51.75,55.4
NVDA,2026-08-24,2026-09-04,P,270.0,32,3,0.8627943408203125,50.1,57.05,60.35
NVDA,2026-08-24,2026-09-04,P,275.0,0,10,0.8120135986328124,50.22,61.2,65.45
NVDA,2026-08-24,2026-09-04,P,280.0,0,0,0.9370123486328125,55.14,67.0,70.2
NVDA,2026-08-24,2026-09-04,P,300.0,0,0,1.115238798828125,82.99,87.0,90.2
NVDA,2026-08-24,2026-09-04,P,370.0,0,0,1.623048759765625,145.93,157.0,160.2
NVDA,2026-08-24,2026-09-04,P,400.0,0,0,1.8212899560546876,180.19,187.0,190.3
NVDA,2026-08-24,2026-09-11,C,50.0,2,0,4.141606385498047,168.75,159.9,164.3
NVDA,2026-08-24,2026-09-11,C,60.0,1,0,3.6396493383789066,159.94,149.35,154.3
NVDA,2026-08-24,2026-09-11,C,70.0,0,0,3.2392597143554687,136.3,139.55,144.35
NVDA,2026-08-24,2026-09-11,C,85.0,4,3,2.7207063232421875,130.87,124.55,129.35
NVDA,2026-08-24,2026-09-11,C,90.0,4,4,2.582034794921875,126.91,119.55,124.4
NVDA,2026-08-24,2026-09-11,C,100.0,2,2,2.302738618164062,115.85,109.5,114.4
NVDA,2026-08-24,2026-09-11,C,105.0,15,1,1.3007847460937496,106.15,105.0,109.45
NVDA,2026-08-24,2026-09-11,C,110.0,2,0,2.0610400036621095,106.98,99.75,104.45
NVDA,2026-08-24,2026-09-11,C,120.0,40,41,1.8291024169921872,106.58,89.25,94.45
NVDA,2026-08-24,2026-09-11,C,125.0,1,1,0.929688203125,87.85,84.85,89.5
NVDA,2026-08-24,2026-09-11,C,135.0,2,0,1.4155302661132816,84.06,74.5,78.9
NVDA,2026-08-24,2026-09-11,C,140.0,16,2,0.8476577734374999,70.5,70.0,74.55
NVDA,2026-08-24,2026-09-11,C,145.0,6,5,1.3342318444824213,70.67,64.3,69.55
NVDA,2026-08-24,2026-09-11,C,150.0,12,7,1.0205127099609377,65.31,61.85,64.6
NVDA,2026-08-24,2026-09-11,C,155.0,10,208,0.5390671093750001,65.73,54.7,59.6
NVDA,2026-08-24,2026-09-11,C,160.0,357,7,0.7885763330078125,54.49,52.45,53.25
NVDA,2026-08-24,2026-09-11,C,165.0,64,3,0.62305064453125,50.6,46.3,48.65
NVDA,2026-08-24,2026-09-11,C,170.0,213,65,0.6323278955078125,39.01,41.75,43.8
NVDA,2026-08-24,2026-09-11,C,175.0,63,62,0.6044961425781252,38.97,37.4,38.6
NVDA,2026-08-24,2026-09-11,C,180.0,1157,72,0.5454147021484376,32.05,32.75,33.4
NVDA,2026-08-24,2026-09-11,C,185.0,179,2,0.5090381127929688,26.5,28.0,28.7
NVDA,2026-08-24,2026-09-11,C,190.0,174,4,0.5131884619140624,22.55,23.55,24.15
NVDA,2026-08-24,2026-09-11,C,192.5,1,11,0.5015918981933594,21.2,21.35,22.0
NVDA,2026-08-24,2026-09-11,C,195.0,175,96,0.4858449853515625,19.65,19.4,19.85
NVDA,2026-08-24,2026-09-11,C,197.5,9,22,0.4802298071289062,16.71,17.35,17.9
NVDA,2026-08-24,2026-09-11,C,200.0,1171,60,0.47241738525390625,15.8,15.5,16.0
NVDA,2026-08-24,2026-09-11,C,202.5,116,11,0.4683891052246094,13.2,13.75,14.25
NVDA,2026-08-24,2026-09-11,C,205.0,597,44,0.4527642614746094,12.45,12.2,12.4
NVDA,2026-08-24,2026-09-11,C,207.5,149,213,0.44873598144531246,10.45,10.75,10.85
NVDA,2026-08-24,2026-09-11,C,210.0,10162,1186,0.44922425781249997,9.3,9.4,9.5
NVDA,2026-08-24,2026-09-11,C,212.5,238,962,0.44348701049804684,8.15,8.05,8.15
NVDA,2026-08-24,2026-09-11,C,215.0,5998,3227,0.44208321594238287,7.0,6.95,7.0
NVDA,2026-08-24,2026-09-11,C,217.5,139,164,0.4425104577636719,6.0,5.9,6.0
NVDA,2026-08-24,2026-09-11,C,220.0,4240,1498,0.44788149780273434,5.1,5.05,5.2
NVDA,2026-08-24,2026-09-11,C,222.5,115,148,0.4476373596191406,4.32,4.25,4.4
NVDA,2026-08-24,2026-09-11,C,225.0,5995,485,0.44751529052734373,3.6,3.6,3.7
NVDA,2026-08-24,2026-09-11,C,227.5,38,98,0.4445856323242187,2.96,2.96,3.05
NVDA,2026-08-24,2026-09-11,C,230.0,6944,1379,0.44385321777343745,2.55,2.47,2.52
NVDA,2026-08-24,2026-09-11,C,232.5,71,196,0.44653873779296877,2.07,2.06,2.11
NVDA,2026-08-24,2026-09-11,C,235.0,6705,247,0.44739322143554683,1.75,1.7,1.74
NVDA,2026-08-24,2026-09-11,C,237.5,76,38,0.45044494873046875,1.46,1.41,1.45
NVDA,2026-08-24,2026-09-11,C,240.0,9189,554,0.45166563964843753,1.2,1.17,1.19
NVDA,2026-08-24,2026-09-11,C,245.0,3126,191,0.45825737060546884,0.81,0.81,0.82
NVDA,2026-08-24,2026-09-11,C,250.0,4045,540,0.4660697924804688,0.58,0.56,0.57
NVDA,2026-08-24,2026-09-11,C,255.0,3189,77,0.481450498046875,0.41,0.4,0.43
NVDA,2026-08-24,2026-09-11,C,260.0,2829,109,0.4887746435546876,0.31,0.29,0.3
NVDA,2026-08-24,2026-09-11,C,265.0,756,20,0.5048877636718749,0.24,0.22,0.25
NVDA,2026-08-24,2026-09-11,C,270.0,1080,112,0.5185595019531251,0.19,0.17,0.19
NVDA,2026-08-24,2026-09-11,C,275.0,558,58,0.534184345703125,0.14,0.14,0.15
NVDA,2026-08-24,2026-09-11,C,280.0,478,16,0.5449264257812501,0.11,0.1,0.12
NVDA,2026-08-24,2026-09-11,C,285.0,180,21,0.56055126953125,0.09,0.08,0.1
NVDA,2026-08-24,2026-09-11,C,290.0,97,26,0.57617611328125,0.08,0.06,0.09
NVDA,2026-08-24,2026-09-11,C,295.0,255,15,0.5937540625000001,0.06,0.06,0.07
NVDA,2026-08-24,2026-09-11,C,300.0,1317,102,0.6074258007812501,0.06,0.05,0.06
NVDA,2026-08-24,2026-09-11,C,305.0,36,2,0.6191444335937502,0.07,0.03,0.06
NVDA,2026-08-24,2026-09-11,C,310.0,73,4,0.6367223828125,0.03,0.03,0.05
NVDA,2026-08-24,2026-09-11,C,315.0,102,13,0.6523472265625001,0.02,0.02,0.05
NVDA,2026-08-24,2026-09-11,C,320.0,19,2,0.6640658593750002,0.04,0.02,0.04
NVDA,2026-08-24,2026-09-11,C,325.0,32,10,0.6718782812500002,0.03,0.01,0.04
NVDA,2026-08-24,2026-09-11,C,330.0,21,19,0.6953155468750001,0.03,0.01,0.04
NVDA,2026-08-24,2026-09-11,C,335.0,28,101,0.7148466015625,0.03,0.01,0.04
NVDA,2026-08-24,2026-09-11,C,340.0,41,41,0.73437765625,0.01,0.01,0.04
NVDA,2026-08-24,2026-09-11,C,345.0,3,1,0.726565234375,0.03,0.0,0.03
NVDA,2026-08-24,2026-09-11,C,350.0,145,3,0.7421900781249999,0.03,0.0,0.03
NVDA,2026-08-24,2026-09-11,C,360.0,16,3,0.7812521875,0.01,0.0,0.03
NVDA,2026-08-24,2026-09-11,C,370.0,49,1,0.8125018749999999,0.01,0.0,0.03
NVDA,2026-08-24,2026-09-11,C,380.0,21,20,0.851563984375,0.02,0.0,0.03
NVDA,2026-08-24,2026-09-11,C,390.0,144,111,0.85937640625,0.01,0.0,0.02
NVDA,2026-08-24,2026-09-11,P,50.0,1,0,1.9375003125,0.03,0.0,0.01
NVDA,2026-08-24,2026-09-11,P,55.0,8,0,1.9375003125,0.02,0.0,0.02
NVDA,2026-08-24,2026-09-11,P,70.0,2,2,1.640626796875,0.02,0.0,0.03
NVDA,2026-08-24,2026-09-11,P,75.0,13,3,1.5468772656249998,0.02,0.0,0.03
NVDA,2026-08-24,2026-09-11,P,80.0,3,2,1.4921900390624998,0.02,0.01,0.03
NVDA,2026-08-24,2026-09-11,P,85.0,23,20,1.4375028125,0.02,0.01,0.04
NVDA,2026-08-24,2026-09-11,P,90.0,20,0,1.3437532812499997,0.02,0.01,0.04
NVDA,2026-08-24,2026-09-11,P,95.0,23,3,1.2656286718749998,0.03,0.01,0.04
NVDA,2026-08-24,2026-09-11,P,100.0,12,10,1.2265663671875,0.01,0.02,0.05
NVDA,2026-08-24,2026-09-11,P,105.0,3,2,1.15625421875,0.04,0.02,0.05
NVDA,2026-08-24,2026-09-11,P,110.0,48,3,1.0976607617187502,0.03,0.03,0.05
NVDA,2026-08-24,2026-09-11,P,115.0,130,120,1.0390673046875003,0.05,0.03,0.06
NVDA,2026-08-24,2026-09-11,P,120.0,640,1,0.9960937890625,0.06,0.05,0.06
NVDA,2026-08-24,2026-09-11,P,125.0,6,3,0.929688203125,0.07,0.04,0.07
NVDA,2026-08-24,2026-09-11,P,130.0,19,7,0.8828136718749999,0.07,0.05,0.08
NVDA,2026-08-24,2026-09-11,P,135.0,166,23,0.8339860351562498,0.08,0.07,0.08
NVDA,2026-08-24,2026-09-11,P,140.0,743,2,0.789064609375,0.1,0.08,0.1
NVDA,2026-08-24,2026-09-11,P,145.0,408,23,0.752932158203125,0.13,0.1,0.13
NVDA,2026-08-24,2026-09-11,P,150.0,1144,861,0.708010732421875,0.15,0.12,0.15
NVDA,2026-08-24,2026-09-11,P,155.0,121,3,0.6699251757812501,0.17,0.15,0.19
NVDA,2026-08-24,2026-09-11,P,160.0,212,15,0.6279334082031252,0.19,0.19,0.22
NVDA,2026-08-24,2026-09-11,P,165.0,501,16,0.5888712988281251,0.25,0.24,0.27
NVDA,2026-08-24,2026-09-11,P,170.0,533,13,0.5512740185546876,0.34,0.31,0.34
NVDA,2026-08-24,2026-09-11,P,175.0,1994,20,0.5161181201171875,0.42,0.41,0.44
NVDA,2026-08-24,2026-09-11,P,180.0,1546,268,0.48828636718750007,0.58,0.57,0.6
NVDA,2026-08-24,2026-09-11,P,185.0,2525,684,0.4660697924804688,0.87,0.85,0.89
NVDA,2026-08-24,2026-09-11,P,190.0,3447,206,0.44995667236328124,1.34,1.34,1.37
NVDA,2026-08-24,2026-09-11,P,192.5,147,78,0.44507390869140623,1.72,1.66,1.72
NVDA,2026-08-24,2026-09-11,P,195.0,3753,272,0.43921459228515625,2.17,2.08,2.13
NVDA,2026-08-24,2026-09-11,P,197.5,57,21,0.4371394177246094,2.74,2.59,2.67
NVDA,2026-08-24,2026-09-11,P,200.0,2511,290,0.43469803588867195,3.27,3.2,3.3
NVDA,2026-08-24,2026-09-11,P,202.5,54,70,0.4332332067871094,4.3,3.9,4.05
NVDA,2026-08-24,2026-09-11,P,205.0,2385,211,0.4309138940429688,4.9,4.75,4.9
NVDA,2026-08-24,2026-09-11,P,207.5,126,217,0.43054768676757815,5.95,5.8,5.9
NVDA,2026-08-24,2026-09-11,P,210.0,3665,313,0.4288387194824219,6.95,6.9,7.0
NVDA,2026-08-24,2026-09-11,P,212.5,106,180,0.4285945812988281,8.25,8.15,8.25
NVDA,2026-08-24,2026-09-11,P,215.0,4883,442,0.4271297521972657,9.5,9.5,9.6
NVDA,2026-08-24,2026-09-11,P,217.5,4014,18,0.42737389038085943,11.73,11.0,11.1
NVDA,2026-08-24,2026-09-11,P,220.0,2763,1171,0.4294490649414063,12.54,12.6,12.75
NVDA,2026-08-24,2026-09-11,P,222.5,5,57,0.4283504431152344,14.37,14.2,14.45
NVDA,2026-08-24,2026-09-11,P,225.0,1287,7,0.4426325268554688,16.55,15.9,16.5
NVDA,2026-08-24,2026-09-11,P,227.5,228,43,0.4426325268554688,17.46,17.75,18.4
NVDA,2026-08-24,2026-09-11,P,230.0,300,7,0.4510552941894531,21.0,19.75,20.5
NVDA,2026-08-24,2026-09-11,P,232.5,5,10,0.4512994323730469,24.55,21.75,22.55
NVDA,2026-08-24,2026-09-11,P,235.0,93,4,0.4585015087890626,27.7,23.9,24.75
NVDA,2026-08-24,2026-09-11,P,240.0,120,5,0.47546911254882807,27.8,28.3,29.3
NVDA,2026-08-24,2026-09-11,P,245.0,148,18,0.48389187988281257,33.5,32.95,33.9
NVDA,2026-08-24,2026-09-11,P,250.0,22,15,0.5053760400390624,37.2,37.7,38.7
NVDA,2026-08-24,2026-09-11,P,255.0,4,2,0.6623568920898439,46.0,41.75,44.6
NVDA,2026-08-24,2026-09-11,P,260.0,100,2,0.6508823974609376,50.2,46.4,49.1
NVDA,2026-08-24,2026-09-11,P,265.0,97,2,0.5903361279296876,55.1,51.7,55.2
NVDA,2026-08-24,2026-09-11,P,270.0,23,0,0.7009307250976562,45.15,57.1,58.85
NVDA,2026-08-24,2026-09-11,P,275.0,5,1,0.6372106591796876,55.2,61.5,65.15
NVDA,2026-08-24,2026-09-11,P,280.0,0,1,0.6518589501953126,55.0,66.6,69.9
NVDA,2026-08-24,2026-09-11,P,285.0,0,0,0.7070341796875,59.29,71.5,75.15
NVDA,2026-08-24,2026-09-11,P,290.0,0,6,0.7402369726562499,64.25,76.75,79.9
NVDA,2026-08-24,2026-09-11,P,295.0,0,0,0.7143583251953125,82.12,81.15,85.15
NVDA,2026-08-24,2026-09-11,P,390.0,0,3,1.0800827246093752,175.96,176.1,179.9
NVDA,2026-08-24,2026-09-18,C,5.0,58,1,13.089845568847657,215.71,203.25,210.25
NVDA,2026-08-24,2026-09-18,C,10.0,1470,1,8.482426573486327,201.48,198.55,204.7
NVDA,2026-08-24,2026-09-18,C,15.0,53,1,7.416992916259765,200.95,193.25,200.25
NVDA,2026-08-24,2026-09-18,C,20.0,64,2,6.467775352783203,198.8,188.3,195.3
NVDA,2026-08-24,2026-09-18,C,25.0,880,2,5.768557476806642,193.12,183.35,190.3
NVDA,2026-08-24,2026-09-18,C,30.0,60,2,5.208011302490233,184.25,178.35,185.25
NVDA,2026-08-24,2026-09-18,C,35.0,411,1,3.0683617041015623,173.47,169.6,177.4
NVDA,2026-08-24,2026-09-18,C,40.0,267,1,3.8779299926757815,173.45,168.6,173.9
NVDA,2026-08-24,2026-09-18,C,45.0,127,1,4.09668456665039,170.33,163.3,170.25
NVDA,2026-08-24,2026-09-18,C,50.0,173,13,3.852051151123047,169.63,158.35,165.35
NVDA,2026-08-24,2026-09-18,C,55.0,80,40,2.3632853417968747,152.04,149.65,157.45
NVDA,2026-08-24,2026-09-18,C,60.0,284,1,3.0244165014648434,151.94,148.65,154.1
NVDA,2026-08-24,2026-09-18,C,65.0,270,2,2.56250359375,150.92,143.55,148.3
NVDA,2026-08-24,2026-09-18,C,70.0,311,1,2.928225335693359,140.05,138.65,145.05
NVDA,2026-08-24,2026-09-18,C,75.0,78,10,2.8393583703613277,144.45,133.55,140.4
NVDA,2026-08-24,2026-09-18,C,80.0,228,1,2.432621105957031,140.59,129.3,134.3
NVDA,2026-08-24,2026-09-18,C,85.0,486,2,2.3085979785156248,131.58,124.35,129.35
NVDA,2026-08-24,2026-09-18,C,90.0,976,20,2.1460007287597658,125.33,118.7,124.2
NVDA,2026-08-24,2026-09-18,C,95.0,730,5,1.8422859448242184,115.5,114.3,118.45
NVDA,2026-08-24,2026-09-18,C,100.0,2474,11,1.6674821313476564,111.37,109.1,113.2
NVDA,2026-08-24,2026-09-18,C,105.0,1483,1,1.9177250207519534,115.27,104.15,109.8
NVDA,2026-08-24,2026-09-18,C,110.0,1552,50,1.291019169921875,102.3,101.45,103.8
NVDA,2026-08-24,2026-09-18,C,115.0,2551,3,0.9707034179687499,95.25,96.2,98.25
NVDA,2026-08-24,2026-09-18,C,120.0,2918,12,0.9082040429687499,93.0,91.0,93.45
NVDA,2026-08-24,2026-09-18,C,125.0,5188,40,1.2922398669433592,85.07,85.55,88.5
NVDA,2026-08-24,2026-09-18,C,130.0,3881,2,1.0048877880859375,83.68,81.8,83.5
NVDA,2026-08-24,2026-09-18,C,135.0,2630,5,0.710940390625,76.5,76.05,78.35
NVDA,2026-08-24,2026-09-18,C,140.0,13708,7,0.73437765625,70.35,71.4,73.2
NVDA,2026-08-24,2026-09-18,C,145.0,2874,1,0.8859874682617187,68.18,66.45,69.5
NVDA,2026-08-24,2026-09-18,C,150.0,23631,14,0.7260769580078125,62.65,61.95,63.2
NVDA,2026-08-24,2026-09-18,C,155.0,5967,71,0.6669955175781253,57.51,56.95,58.2
NVDA,2026-08-24,2026-09-18,C,160.0,6731,59,0.596683720703125,52.66,51.8,53.25
NVDA,2026-08-24,2026-09-18,C,165.0,8068,24,0.6040078662109377,46.5,47.35,48.3
NVDA,2026-08-24,2026-09-18,C,170.0,8680,22,0.5366257275390626,41.95,42.2,43.35
NVDA,2026-08-24,2026-09-18,C,175.0,8841,34,0.5327195166015625,37.1,37.8,38.5
NVDA,2026-08-24,2026-09-18,C,180.0,15422,100,0.5026905200195313,33.39,33.1,33.75
NVDA,2026-08-24,2026-09-18,C,185.0,10291,30,0.5043994873046875,27.92,28.5,29.15
NVDA,2026-08-24,2026-09-18,C,190.0,27856,107,0.48279325805664064,24.49,24.3,24.8
NVDA,2026-08-24,2026-09-18,C,192.5,36,4,0.4852346398925781,23.1,22.05,22.9
NVDA,2026-08-24,2026-09-18,C,195.0,81363,252,0.4587456469726563,20.45,20.3,20.6
NVDA,2026-08-24,2026-09-18,C,197.5,7,13,0.4533135723876953,19.75,18.25,18.7
NVDA,2026-08-24,2026-09-18,C,200.0,43594,773,0.44116769775390624,16.55,16.5,16.75
NVDA,2026-08-24,2026-09-18,C,202.5,162,20,0.43543045043945316,14.85,14.85,15.0
NVDA,2026-08-24,2026-09-18,C,205.0,20502,384,0.43018147949218755,13.35,13.2,13.35
NVDA,2026-08-24,2026-09-18,C,207.5,416,196,0.42981527221679694,11.95,11.8,11.9
NVDA,2026-08-24,2026-09-18,C,210.0,68041,4227,0.426885614013672,10.45,10.35,10.5
NVDA,2026-08-24,2026-09-18,C,212.5,405,1225,0.4260311303710938,9.29,9.1,9.25
NVDA,2026-08-24,2026-09-18,C,215.0,31940,6204,0.4249325085449219,8.0,8.05,8.1
NVDA,2026-08-24,2026-09-18,C,217.5,207,202,0.4237118176269531,6.95,6.9,7.05
NVDA,2026-08-24,2026-09-18,C,220.0,49786,7509,0.4248714739990235,6.05,6.0,6.15
NVDA,2026-08-24,2026-09-18,C,222.5,467,383,0.4215145739746094,5.23,5.15,5.25
NVDA,2026-08-24,2026-09-18,C,225.0,47958,5941,0.4233456103515625,4.4,4.45,4.55
NVDA,2026-08-24,2026-09-18,C,227.5,390,527,0.42102629760742194,3.9,3.75,3.85
NVDA,2026-08-24,2026-09-18,C,230.0,43982,9088,0.42236905761718746,3.3,3.2,3.3
NVDA,2026-08-24,2026-09-18,C,232.5,863,1087,0.42078215942382813,2.77,2.72,2.77
NVDA,2026-08-24,2026-09-18,C,235.0,33991,4566,0.42249112670898437,2.34,2.31,2.36
NVDA,2026-08-24,2026-09-18,C,237.5,94,96,0.4232235412597656,2.01,1.95,1.99
NVDA,2026-08-24,2026-09-18,C,240.0,62181,7948,0.42456630126953127,1.68,1.67,1.68
NVDA,2026-08-24,2026-09-18,C,245.0,34864,2012,0.4294490649414063,1.22,1.2,1.21
NVDA,2026-08-24,2026-09-18,C,250.0,86666,5836,0.4348201049804688,0.89,0.85,0.87
NVDA,2026-08-24,2026-09-18,C,255.0,15844,3086,0.442388388671875,0.64,0.63,0.64
NVDA,2026-08-24,2026-09-18,C,260.0,27569,6442,0.45337460693359377,0.48,0.47,0.49
NVDA,2026-08-24,2026-09-18,C,265.0,10450,179,0.4624077197265626,0.37,0.36,0.37
NVDA,2026-08-24,2026-09-18,C,270.0,30109,306,0.47363807617187503,0.29,0.28,0.29
NVDA,2026-08-24,2026-09-18,C,275.0,10994,940,0.4848684326171875,0.22,0.21,0.23
NVDA,2026-08-24,2026-09-18,C,280.0,28275,780,0.4946339599609375,0.17,0.17,0.18
NVDA,2026-08-24,2026-09-18,C,285.0,3551,20,0.507817421875,0.14,0.14,0.16
NVDA,2026-08-24,2026-09-18,C,290.0,6905,224,0.5205126074218749,0.12,0.12,0.13
NVDA,2026-08-24,2026-09-18,C,295.0,3037,81,0.5293015820312501,0.1,0.09,0.11
NVDA,2026-08-24,2026-09-18,C,300.0,29430,1517,0.5488326367187502,0.09,0.09,0.1
NVDA,2026-08-24,2026-09-18,C,310.0,6634,44,0.56836369140625,0.07,0.06,0.07
NVDA,2026-08-24,2026-09-18,C,320.0,8250,25,0.585941640625,0.04,0.04,0.05
NVDA,2026-08-24,2026-09-18,C,330.0,5235,6,0.6093789062500001,0.03,0.02,0.05
NVDA,2026-08-24,2026-09-18,C,340.0,5112,284,0.6250037500000001,0.03,0.02,0.03
NVDA,2026-08-24,2026-09-18,C,350.0,24889,234,0.632816171875,0.01,0.01,0.02
NVDA,2026-08-24,2026-09-18,C,360.0,5469,1,0.6640658593750002,0.02,0.01,0.02
NVDA,2026-08-24,2026-09-18,C,370.0,5549,5,0.6953155468750001,0.02,0.01,0.02
NVDA,2026-08-24,2026-09-18,C,380.0,3871,30,0.7187528125,0.02,0.01,0.02
NVDA,2026-08-24,2026-09-18,C,390.0,8239,53,0.6875031250000001,0.01,0.0,0.01
NVDA,2026-08-24,2026-09-18,C,400.0,13668,11,0.7187528125,0.01,0.0,0.01
NVDA,2026-08-24,2026-09-18,C,410.0,5667,13,0.7812521875,0.01,0.0,0.02
NVDA,2026-08-24,2026-09-18,C,420.0,7921,4,0.804689453125,0.02,0.0,0.02
NVDA,2026-08-24,2026-09-18,C,430.0,1160,1001,0.8281267187499999,0.02,0.0,0.02
NVDA,2026-08-24,2026-09-18,C,440.0,619,1,0.85937640625,0.01,0.0,0.02
NVDA,2026-08-24,2026-09-18,C,450.0,2724,504,0.87500125,0.02,0.0,0.02
NVDA,2026-08-24,2026-09-18,C,455.0,2798,1721,0.8906260937499999,0.01,0.0,0.02
NVDA,2026-08-24,2026-09-18,C,460.0,26412,2,0.85937640625,0.01,0.0,0.01
NVDA,2026-08-24,2026-09-18,P,5.0,1952,7,4.375004531249999,0.01,0.0,0.01
NVDA,2026-08-24,2026-09-18,P,10.0,970,1,3.750000625,0.01,0.0,0.02
NVDA,2026-08-24,2026-09-18,P,15.0,486,3,3.06250234375,0.01,0.0,0.01
NVDA,2026-08-24,2026-09-18,P,20.0,0,1,0.500005,0.01,0.0,0.0
NVDA,2026-08-24,2026-09-18,P,25.0,3427,2,2.43750390625,0.02,0.0,0.01
NVDA,2026-08-24,2026-09-18,P,30.0,690,12,2.2500043749999996,0.01,0.0,0.01
NVDA,2026-08-24,2026-09-18,P,35.0,6016,14,2.0625048437499998,0.01,0.0,0.01
NVDA,2026-08-24,2026-09-18,P,40.0,4693,10,1.9375003125,0.01,0.0,0.01
NVDA,2026-08-24,2026-09-18,P,45.0,1634,1,1.75000125,0.01,0.0,0.01
NVDA,2026-08-24,2026-09-18,P,50.0,7736,5,1.65625171875,0.01,0.0,0.01
NVDA,2026-08-24,2026-09-18,P,55.0,908,3,1.625001875,0.01,0.0,0.02
NVDA,2026-08-24,2026-09-18,P,60.0,2425,13,1.5312523437499999,0.01,0.0,0.02
NVDA,2026-08-24,2026-09-18,P,65.0,1420,2,1.484377578125,0.03,0.0,0.03
NVDA,2026-08-24,2026-09-18,P,70.0,2387,1,1.4609401953124999,0.01,0.01,0.04
NVDA,2026-08-24,2026-09-18,P,75.0,1366,2,1.3750031249999999,0.05,0.01,0.04
NVDA,2026-08-24,2026-09-18,P,80.0,3789,84,1.2968785156249998,0.02,0.01,0.04
NVDA,2026-08-24,2026-09-18,P,85.0,4731,10,1.21875390625,0.02,0.02,0.03
NVDA,2026-08-24,2026-09-18,P,90.0,9911,30,1.1640666796875,0.03,0.02,0.04
NVDA,2026-08-24,2026-09-18,P,95.0,14244,130,1.109379453125,0.04,0.03,0.04
NVDA,2026-08-24,2026-09-18,P,100.0,22001,163,1.0703171484375003,0.05,0.04,0.05
NVDA,2026-08-24,2026-09-18,P,105.0,8524,259,1.0449266503906252,0.06,0.06,0.07
NVDA,2026-08-24,2026-09-18,P,110.0,16829,430,0.9804689453125001,0.07,0.06,0.07
NVDA,2026-08-24,2026-09-18,P,115.0,9354,76,0.9335944140625,0.08,0.07,0.08
NVDA,2026-08-24,2026-09-18,P,120.0,38977,1053,0.89257919921875,0.08,0.08,0.1
NVDA,2026-08-24,2026-09-18,P,125.0,39343,63,0.84961087890625,0.1,0.1,0.11
NVDA,2026-08-24,2026-09-18,P,130.0,29794,42,0.80664255859375,0.12,0.11,0.13
NVDA,2026-08-24,2026-09-18,P,135.0,13674,164,0.7617211328125001,0.14,0.12,0.15
NVDA,2026-08-24,2026-09-18,P,140.0,50493,2477,0.7226590234375,0.17,0.15,0.17
NVDA,2026-08-24,2026-09-18,P,145.0,27109,14,0.6875031250000001,0.18,0.19,0.2
NVDA,2026-08-24,2026-09-18,P,150.0,39934,145,0.6425816992187501,0.22,0.21,0.22
NVDA,2026-08-24,2026-09-18,P,155.0,19944,21,0.6064492480468751,0.26,0.25,0.27
NVDA,2026-08-24,2026-09-18,P,160.0,38373,170,0.5698285205078125,0.31,0.3,0.32
NVDA,2026-08-24,2026-09-18,P,165.0,29264,746,0.5327195166015625,0.37,0.36,0.38
NVDA,2026-08-24,2026-09-18,P,170.0,41127,635,0.5024463818359376,0.48,0.47,0.48
NVDA,2026-08-24,2026-09-18,P,175.0,36415,1183,0.47681187255859375,0.65,0.62,0.64
NVDA,2026-08-24,2026-09-18,P,180.0,66943,741,0.4545952978515625,0.89,0.87,0.89
NVDA,2026-08-24,2026-09-18,P,185.0,41555,2103,0.43897045410156255,1.28,1.27,1.3
NVDA,2026-08-24,2026-09-18,P,190.0,34299,5396,0.42627526855468756,1.89,1.88,1.91
NVDA,2026-08-24,2026-09-18,P,192.5,152,173,0.4215145739746094,2.27,2.28,2.32
NVDA,2026-08-24,2026-09-18,P,195.0,31009,1003,0.4167538793945312,2.79,2.76,2.8
NVDA,2026-08-24,2026-09-18,P,197.5,1133,132,0.4145566357421875,3.38,3.3,3.4
NVDA,2026-08-24,2026-09-18,P,200.0,47431,3567,0.4128476684570312,4.05,4.0,4.1
NVDA,2026-08-24,2026-09-18,P,202.5,145,471,0.4112607702636719,5.11,4.75,4.9
NVDA,2026-08-24,2026-09-18,P,205.0,18140,1334,0.4094907684326171,5.74,5.7,5.8
NVDA,2026-08-24,2026-09-18,P,207.5,308,169,0.4097959411621094,6.68,6.7,6.85
NVDA,2026-08-24,2026-09-18,P,210.0,48317,2024,0.4072935247802735,7.89,7.85,7.95
NVDA,2026-08-24,2026-09-18,P,212.5,287,502,0.4043638665771484,8.97,9.05,9.15
NVDA,2026-08-24,2026-09-18,P,215.0,18594,880,0.4032652447509766,10.41,10.4,10.5
NVDA,2026-08-24,2026-09-18,P,217.5,63,77,0.40405869384765625,11.95,11.9,12.0
NVDA,2026-08-24,2026-09-18,P,220.0,15598,337,0.4000304138183594,13.5,13.4,13.5
NVDA,2026-08-24,2026-09-18,P,222.5,610,6,0.39813834289550787,15.02,15.05,15.15
NVDA,2026-08-24,2026-09-18,P,225.0,9967,100,0.39893179199218753,16.75,16.85,16.95
NVDA,2026-08-24,2026-09-18,P,227.5,2,1,0.4167538793945312,19.21,18.55,19.15
NVDA,2026-08-24,2026-09-18,P,230.0,7639,183,0.40051869018554687,21.06,20.4,20.8
NVDA,2026-08-24,2026-09-18,P,235.0,2273,42,0.40991801025390623,26.02,24.5,25.05
NVDA,2026-08-24,2026-09-18,P,240.0,2486,17,0.43555251953125,30.5,28.4,29.7
NVDA,2026-08-24,2026-09-18,P,245.0,524,2,0.44446356323242187,35.28,33.2,34.25
NVDA,2026-08-24,2026-09-18,P,250.0,2683,17,0.4348201049804688,39.3,38.0,38.75
NVDA,2026-08-24,2026-09-18,P,255.0,270,3,0.47363807617187503,42.35,42.75,43.75
NVDA,2026-08-24,2026-09-18,P,260.0,926,5,0.5737347314453125,50.62,46.5,49.3
NVDA,2026-08-24,2026-09-18,P,265.0,76,50,0.6120644262695314,48.4,51.25,54.3
NVDA,2026-08-24,2026-09-18,P,270.0,113,2,0.436529072265625,57.0,57.0,58.05
NVDA,2026-08-24,2026-09-18,P,275.0,192,20,0.7276638562011719,58.38,61.2,64.7
NVDA,2026-08-24,2026-09-18,P,280.0,485,53,0.5468795312500001,54.76,66.95,69.5
NVDA,2026-08-24,2026-09-18,P,285.0,1,1,0.8139667041015625,67.24,70.5,74.85
NVDA,2026-08-24,2026-09-18,P,290.0,4,3,0.8535170898437501,72.67,75.95,79.9
NVDA,2026-08-24,2026-09-18,P,295.0,77,77,0.9487309814453124,66.37,84.4,86.65
NVDA,2026-08-24,2026-09-18,P,300.0,0,2,1.0745895880126957,85.8,89.85,93.3
NVDA,2026-08-24,2026-09-18,P,310.0,0,20,1.0000000000000003e-05,85.25,0.0,0.0
NVDA,2026-08-24,2026-09-18,P,320.0,0,1,1.0000000000000003e-05,96.7,0.0,0.0
NVDA,2026-08-24,2026-09-18,P,330.0,0,1,1.0974166223144532,108.62,115.75,119.9
NVDA,2026-08-24,2026-09-18,P,340.0,0,20,1.0000000000000003e-05,117.65,0.0,0.0
NVDA,2026-08-24,2026-09-18,P,350.0,0,8,2.9746119384765626,162.89,167.85,171.85
NVDA,2026-08-24,2026-09-18,P,360.0,0,25,1.355227833251953,130.2,149.85,151.7
NVDA,2026-08-24,2026-09-18,P,370.0,0,200,1.0000000000000003e-05,149.95,0.0,0.0
NVDA,2026-08-24,2026-09-18,P,400.0,0,2,1.0000000000000003e-05,215.09,0.0,0.0
NVDA,2026-08-24,2026-09-18,P,410.0,0,0,1.0000000000000003e-05,225.11,0.0,0.0
NVDA,2026-08-24,2026-09-18,P,420.0,0,0,3.04773187286377,229.0,230.75,234.35
NVDA,2026-08-24,2026-09-18,P,460.0,0,0,1.7084975512695313,236.44,245.25,250.2
NVDA,2026-08-24,2026-09-25,C,60.0,6,0,2.7431672045898434,159.31,148.4,154.35
NVDA,2026-08-24,2026-09-25,C,75.0,9,5,2.519046671142578,141.5,133.3,140.45
NVDA,2026-08-24,2026-09-25,C,80.0,5,0,2.360111521606445,143.11,128.5,135.35
NVDA,2026-08-24,2026-09-25,C,85.0,5,0,2.255131315307617,132.04,123.5,130.5
NVDA,2026-08-24,2026-09-25,C,95.0,1,1,2.014165120849609,121.08,113.45,120.5
NVDA,2026-08-24,2026-09-25,C,100.0,4,0,1.910889117431641,119.56,108.5,115.55
NVDA,2026-08-24,2026-09-25,C,105.0,5,0,1.7915049487304686,114.64,103.4,110.45
NVDA,2026-08-24,2026-09-25,C,110.0,5,0,1.6982436962890626,107.07,98.7,105.5
NVDA,2026-08-24,2026-09-25,C,120.0,1,1,1.5290550891113281,91.6,88.5,95.65
NVDA,2026-08-24,2026-09-25,C,125.0,14,0,0.726565234375,97.93,83.75,90.65
NVDA,2026-08-24,2026-09-25,C,130.0,1,0,0.6757844921875001,88.19,78.65,85.75
NVDA,2026-08-24,2026-09-25,C,135.0,1,0,0.711916943359375,86.25,73.85,80.8
NVDA,2026-08-24,2026-09-25,C,140.0,9,2,0.6826203613281252,75.86,68.9,75.85
NVDA,2026-08-24,2026-09-25,C,145.0,1,0,0.9602054760742187,76.23,63.95,69.2
NVDA,2026-08-24,2026-09-25,C,150.0,4,1,0.7060576269531251,59.66,61.1,64.65
NVDA,2026-08-24,2026-09-25,C,155.0,3,1,0.5708050732421875,55.8,55.1,59.9
NVDA,2026-08-24,2026-09-25,C,160.0,25,61,0.6372106591796876,52.9,52.4,53.9
NVDA,2026-08-24,2026-09-25,C,165.0,9,16,0.5036670727539063,47.29,46.15,49.15
NVDA,2026-08-24,2026-09-25,C,170.0,17,218,0.5376022802734376,43.0,42.85,43.65
NVDA,2026-08-24,2026-09-25,C,175.0,46,216,0.5080615600585938,37.65,38.1,38.9
NVDA,2026-08-24,2026-09-25,C,180.0,459,1,0.5105029418945313,34.8,33.6,34.2
NVDA,2026-08-24,2026-09-25,C,185.0,149,19,0.49768568725585943,28.85,28.95,29.9
NVDA,2026-08-24,2026-09-25,C,190.0,257,16,0.4626518579101563,24.85,24.7,25.4
NVDA,2026-08-24,2026-09-25,C,195.0,439,119,0.4445856323242187,20.65,20.85,21.35
NVDA,2026-08-24,2026-09-25,C,200.0,381,68,0.4270076831054688,17.35,17.25,17.55
NVDA,2026-08-24,2026-09-25,C,205.0,758,77,0.4246883703613281,13.35,13.95,14.4
NVDA,2026-08-24,2026-09-25,C,210.0,1601,851,0.41559422302246096,11.36,11.2,11.45
NVDA,2026-08-24,2026-09-25,C,215.0,2363,707,0.41358008300781246,9.03,8.9,9.05
NVDA,2026-08-24,2026-09-25,C,220.0,1728,589,0.41058939025878904,6.95,6.85,7.0
NVDA,2026-08-24,2026-09-25,C,225.0,2768,627,0.40735455932617193,5.3,5.2,5.3
NVDA,2026-08-24,2026-09-25,C,230.0,7597,1176,0.4076597320556641,3.9,3.9,4.0
NVDA,2026-08-24,2026-09-25,C,235.0,2153,593,0.407232490234375,2.97,2.89,2.96
NVDA,2026-08-24,2026-09-25,C,240.0,2206,1471,0.4089414575195312,2.18,2.13,2.19
NVDA,2026-08-24,2026-09-25,C,245.0,2494,161,0.4128476684570312,1.61,1.58,1.63
NVDA,2026-08-24,2026-09-25,C,250.0,4908,1618,0.41602146484374997,1.19,1.16,1.2
NVDA,2026-08-24,2026-09-25,C,255.0,2368,276,0.4226131958007812,0.89,0.87,0.91
NVDA,2026-08-24,2026-09-25,C,260.0,16794,182,0.4304256176757813,0.68,0.66,0.7
NVDA,2026-08-24,2026-09-25,C,265.0,1217,251,0.4379939013671875,0.53,0.51,0.54
NVDA,2026-08-24,2026-09-25,C,270.0,18892,282,0.4458063232421875,0.39,0.39,0.42
NVDA,2026-08-24,2026-09-25,C,275.0,1028,272,0.45606012695312503,0.3,0.31,0.34
NVDA,2026-08-24,2026-09-25,C,280.0,464,19,0.4643608251953125,0.26,0.25,0.27
NVDA,2026-08-24,2026-09-25,C,285.0,640,6,0.47363807617187503,0.21,0.2,0.22
NVDA,2026-08-24,2026-09-25,C,290.0,1009,33,0.48682153808593753,0.19,0.16,0.19
NVDA,2026-08-24,2026-09-25,C,295.0,107,106,0.49707534179687507,0.15,0.13,0.16
NVDA,2026-08-24,2026-09-25,C,300.0,553,22,0.500005,0.14,0.11,0.13
NVDA,2026-08-24,2026-09-25,C,305.0,58,35,0.5117236328125,0.11,0.09,0.12
NVDA,2026-08-24,2026-09-25,C,310.0,7,11,0.51758294921875,0.09,0.07,0.1
NVDA,2026-08-24,2026-09-25,C,315.0,4,1,0.5293015820312501,0.08,0.06,0.09
NVDA,2026-08-24,2026-09-25,C,320.0,21,106,0.53320779296875,0.06,0.05,0.07
NVDA,2026-08-24,2026-09-25,C,325.0,28,887,0.5351608984375,0.05,0.04,0.05
NVDA,2026-08-24,2026-09-25,C,330.0,414,143,0.5507857421875001,0.04,0.04,0.05
NVDA,2026-08-24,2026-09-25,C,335.0,2,1,0.5625043750000001,0.05,0.02,0.06
NVDA,2026-08-24,2026-09-25,C,340.0,204,200,0.570316796875,0.04,0.02,0.05
NVDA,2026-08-24,2026-09-25,C,345.0,1,1,0.57812921875,0.05,0.01,0.05
NVDA,2026-08-24,2026-09-25,C,350.0,4,1,0.5820354296875,0.02,0.01,0.04
NVDA,2026-08-24,2026-09-25,C,360.0,9,2,0.6093789062500001,0.04,0.01,0.04
NVDA,2026-08-24,2026-09-25,C,370.0,6,1,0.6250037500000001,0.02,0.0,0.04
NVDA,2026-08-24,2026-09-25,C,380.0,22,10,0.64062859375,0.02,0.0,0.03
NVDA,2026-08-24,2026-09-25,C,390.0,188,3,0.64062859375,0.03,0.0,0.02
NVDA,2026-08-24,2026-09-25,P,50.0,1,0,1.5937520312499998,0.03,0.0,0.03
NVDA,2026-08-24,2026-09-25,P,55.0,4,2,1.5312523437499999,0.03,0.0,0.04
NVDA,2026-08-24,2026-09-25,P,80.0,10,0,1.1640666796875,0.03,0.01,0.05
NVDA,2026-08-24,2026-09-25,P,90.0,0,1,1.05859845703125,0.03,0.02,0.06
NVDA,2026-08-24,2026-09-25,P,95.0,2,1,1.015629921875,0.04,0.03,0.07
NVDA,2026-08-24,2026-09-25,P,100.0,54,4,0.9648441015625,0.05,0.03,0.08
NVDA,2026-08-24,2026-09-25,P,105.0,34,2,0.9062509375,0.06,0.04,0.07
NVDA,2026-08-24,2026-09-25,P,110.0,17,2,0.8808605664062499,0.08,0.06,0.09
NVDA,2026-08-24,2026-09-25,P,115.0,6,2,0.8437515624999999,0.09,0.07,0.11
NVDA,2026-08-24,2026-09-25,P,120.0,12,1,0.8085956640624999,0.1,0.09,0.13
NVDA,2026-08-24,2026-09-25,P,125.0,60,10,0.77148666015625,0.13,0.11,0.15
NVDA,2026-08-24,2026-09-25,P,130.0,296,20,0.73633076171875,0.16,0.14,0.17
NVDA,2026-08-24,2026-09-25,P,135.0,60,11,0.6992217578125001,0.16,0.16,0.2
NVDA,2026-08-24,2026-09-25,P,140.0,215,211,0.6640658593750002,0.23,0.19,0.23
NVDA,2026-08-24,2026-09-25,P,145.0,333,10,0.6284216845703126,0.24,0.23,0.26
NVDA,2026-08-24,2026-09-25,P,150.0,165,8,0.5932657861328126,0.28,0.27,0.3
NVDA,2026-08-24,2026-09-25,P,155.0,89,15,0.5620160986328125,0.32,0.33,0.36
NVDA,2026-08-24,2026-09-25,P,160.0,965,65,0.5288133056640626,0.41,0.4,0.42
NVDA,2026-08-24,2026-09-25,P,165.0,771,64,0.5019581054687501,0.51,0.48,0.52
NVDA,2026-08-24,2026-09-25,P,170.0,736,46,0.4721732470703125,0.62,0.62,0.64
NVDA,2026-08-24,2026-09-25,P,175.0,483,71,0.45093322509765627,0.82,0.82,0.86
NVDA,2026-08-24,2026-09-25,P,180.0,969,187,0.43237872314453124,1.16,1.13,1.18
NVDA,2026-08-24,2026-09-25,P,185.0,6445,172,0.4177304321289062,1.64,1.6,1.66
NVDA,2026-08-24,2026-09-25,P,190.0,8878,668,0.40796490478515623,2.34,2.32,2.38
NVDA,2026-08-24,2026-09-25,P,195.0,2427,273,0.4012511047363281,3.37,3.3,3.4
NVDA,2026-08-24,2026-09-25,P,200.0,2501,348,0.3979552392578125,4.7,4.65,4.8
NVDA,2026-08-24,2026-09-25,P,205.0,2269,147,0.3939269592285156,6.45,6.35,6.55
NVDA,2026-08-24,2026-09-25,P,210.0,3592,596,0.38825074645996094,8.52,8.5,8.65
NVDA,2026-08-24,2026-09-25,P,215.0,1355,66,0.38446660461425775,11.07,11.05,11.2
NVDA,2026-08-24,2026-09-25,P,220.0,4285,52,0.39087523193359375,14.13,13.85,14.4
NVDA,2026-08-24,2026-09-25,P,225.0,440,64,0.39075316284179684,17.65,17.2,17.8
NVDA,2026-08-24,2026-09-25,P,230.0,1804,45,0.4039366247558594,21.57,20.75,21.8
NVDA,2026-08-24,2026-09-25,P,235.0,70,4,0.4023497265625,24.21,24.85,25.75
NVDA,2026-08-24,2026-09-25,P,240.0,47,2,0.4141904284667969,30.55,28.9,30.15
NVDA,2026-08-24,2026-09-25,P,245.0,25,5,0.4232235412597656,35.73,33.35,34.65
NVDA,2026-08-24,2026-09-25,P,250.0,12,5,0.43103596313476567,39.5,38.25,39.25
NVDA,2026-08-24,2026-09-25,P,255.0,46,25,0.43945873046875,44.1,42.75,43.95
NVDA,2026-08-24,2026-09-25,P,260.0,33,2,0.45703667968750006,40.55,47.55,48.8
NVDA,2026-08-24,2026-09-25,P,265.0,20,0,0.6694368994140626,48.0,51.7,55.95
NVDA,2026-08-24,2026-09-25,P,285.0,1,0,0.8449722534179687,68.63,69.7,76.45
NVDA,2026-08-24,2026-09-25,P,290.0,0,0,0.5551802294921876,64.9,74.65,82.0
NVDA,2026-08-24,2026-09-25,P,300.0,0,0,0.8948985119628905,78.4,84.7,90.85
NVDA,2026-08-24,2026-10-02,C,85.0,5,0,2.050297843017578,131.87,123.45,130.55
NVDA,2026-08-24,2026-10-02,C,90.0,1,0,0.7812521875,128.67,118.65,125.6
NVDA,2026-08-24,2026-10-02,C,110.0,1,1,0.7695335546875001,99.98,98.65,105.7
NVDA,2026-08-24,2026-10-02,C,125.0,1,0,0.7661156201171876,94.76,83.9,90.85
NVDA,2026-08-24,2026-10-02,C,135.0,1,0,0.69336244140625,84.94,74.0,80.9
NVDA,2026-08-24,2026-10-02,C,140.0,1,1,0.5039112109375,70.59,69.05,75.3
NVDA,2026-08-24,2026-10-02,C,150.0,6,1,0.5976602734375001,61.0,60.3,65.0
NVDA,2026-08-24,2026-10-02,C,155.0,7,7,0.5722699023437501,59.09,55.45,60.1
NVDA,2026-08-24,2026-10-02,C,165.0,5,1,0.5571333349609376,51.0,47.95,48.9
NVDA,2026-08-24,2026-10-02,C,170.0,40,3,0.5264939929199219,44.1,43.25,44.05
NVDA,2026-08-24,2026-10-02,C,175.0,72,40,0.5293015820312501,41.8,38.45,39.35
NVDA,2026-08-24,2026-10-02,C,180.0,134,16,0.4997608618164063,34.0,33.95,34.75
NVDA,2026-08-24,2026-10-02,C,185.0,27,18,0.4770560107421875,30.0,29.45,30.35
NVDA,2026-08-24,2026-10-02,C,190.0,91,48,0.45264219238281256,25.6,25.0,26.05
NVDA,2026-08-24,2026-10-02,C,195.0,101,28,0.4187680194091796,21.87,21.5,21.7
NVDA,2026-08-24,2026-10-02,C,200.0,150,57,0.42175871215820315,18.4,17.85,18.4
NVDA,2026-08-24,2026-10-02,C,205.0,125,154,0.41901215759277344,15.0,14.8,15.3
NVDA,2026-08-24,2026-10-02,C,210.0,363,311,0.4074766284179688,12.1,12.05,12.3
NVDA,2026-08-24,2026-10-02,C,215.0,583,527,0.40717145568847657,9.9,9.65,9.95
NVDA,2026-08-24,2026-10-02,C,220.0,1120,1175,0.40344834838867194,7.72,7.6,7.85
NVDA,2026-08-24,2026-10-02,C,225.0,735,222,0.4023497265625,5.96,5.95,6.15
NVDA,2026-08-24,2026-10-02,C,230.0,1958,263,0.3992369647216797,4.67,4.55,4.7
NVDA,2026-08-24,2026-10-02,C,235.0,855,538,0.40192248474121095,3.58,3.5,3.65
NVDA,2026-08-24,2026-10-02,C,240.0,977,181,0.4002135174560547,2.71,2.63,2.73
NVDA,2026-08-24,2026-10-02,C,245.0,672,75,0.4028380029296875,2.06,2.01,2.08
NVDA,2026-08-24,2026-10-02,C,250.0,528,293,0.4035704174804688,1.54,1.53,1.55
NVDA,2026-08-24,2026-10-02,C,255.0,371,105,0.41089456298828125,1.2,1.16,1.22
NVDA,2026-08-24,2026-10-02,C,260.0,288,109,0.4157773266601562,0.89,0.89,0.94
NVDA,2026-08-24,2026-10-02,C,265.0,276,14,0.4226131958007812,0.72,0.7,0.74
NVDA,2026-08-24,2026-10-02,C,270.0,366,54,0.4299373413085938,0.54,0.55,0.59
NVDA,2026-08-24,2026-10-02,C,275.0,1200,60,0.4370173486328125,0.44,0.45,0.47
NVDA,2026-08-24,2026-10-02,C,280.0,298,12,0.44434149414062496,0.36,0.35,0.38
NVDA,2026-08-24,2026-10-02,C,285.0,174,69,0.4545952978515625,0.31,0.29,0.32
NVDA,2026-08-24,2026-10-02,C,290.0,144,362,0.46143116699218756,0.25,0.24,0.26
NVDA,2026-08-24,2026-10-02,C,295.0,134,4,0.47070841796875,0.19,0.19,0.22
NVDA,2026-08-24,2026-10-02,C,300.0,1296,77,0.4770560107421875,0.18,0.16,0.18
NVDA,2026-08-24,2026-10-02,C,305.0,54,4,0.48828636718750007,0.15,0.14,0.16
NVDA,2026-08-24,2026-10-02,C,310.0,10,11,0.49805189453125004,0.12,0.11,0.14
NVDA,2026-08-24,2026-10-02,C,315.0,111,3,0.50586431640625,0.1,0.09,0.12
NVDA,2026-08-24,2026-10-02,C,320.0,14,1,0.5097705273437501,0.08,0.08,0.11
NVDA,2026-08-24,2026-10-02,C,325.0,5,5,0.51562984375,0.07,0.06,0.1
NVDA,2026-08-24,2026-10-02,C,330.0,104,1,0.523442265625,0.06,0.05,0.09
NVDA,2026-08-24,2026-10-02,C,335.0,2,1,0.5302781347656251,0.04,0.04,0.08
NVDA,2026-08-24,2026-10-02,C,340.0,5,8,0.5351608984375,0.04,0.03,0.07
NVDA,2026-08-24,2026-10-02,C,345.0,17,17,0.5488326367187502,0.04,0.03,0.07
NVDA,2026-08-24,2026-10-02,C,350.0,12,1,0.5429733203125001,0.04,0.02,0.05
NVDA,2026-08-24,2026-10-02,C,360.0,23,1,0.57812921875,0.03,0.03,0.05
NVDA,2026-08-24,2026-10-02,C,370.0,3,1,0.5898478515625001,0.04,0.01,0.05
NVDA,2026-08-24,2026-10-02,C,380.0,18,18,0.6015664843750002,0.03,0.01,0.04
NVDA,2026-08-24,2026-10-02,C,390.0,4,3,0.6289099609375001,0.02,0.01,0.04
NVDA,2026-08-24,2026-10-02,P,55.0,2,2,1.3906280468749999,0.02,0.0,0.04
NVDA,2026-08-24,2026-10-02,P,60.0,1,1,1.2968785156249998,0.03,0.0,0.04
NVDA,2026-08-24,2026-10-02,P,80.0,11,1,1.08203583984375,0.05,0.02,0.06
NVDA,2026-08-24,2026-10-02,P,85.0,2,2,1.0312548437500002,0.05,0.02,0.07
NVDA,2026-08-24,2026-10-02,P,90.0,2,1,0.9804689453125001,0.04,0.03,0.07
NVDA,2026-08-24,2026-10-02,P,95.0,1,1,0.93945373046875,0.04,0.04,0.08
NVDA,2026-08-24,2026-10-02,P,100.0,21,66,0.8984385156249999,0.06,0.05,0.09
NVDA,2026-08-24,2026-10-02,P,105.0,3,1,0.8554701953125,0.1,0.06,0.1
NVDA,2026-08-24,2026-10-02,P,110.0,3,2,0.8242205078124999,0.09,0.08,0.12
NVDA,2026-08-24,2026-10-02,P,115.0,103,1,0.79101771484375,0.13,0.1,0.14
NVDA,2026-08-24,2026-10-02,P,120.0,26,1,0.754885263671875,0.16,0.12,0.16
NVDA,2026-08-24,2026-10-02,P,125.0,102,13,0.7216824707031251,0.15,0.15,0.18
NVDA,2026-08-24,2026-10-02,P,130.0,318,1,0.6865265722656251,0.18,0.17,0.21
NVDA,2026-08-24,2026-10-02,P,135.0,15,1,0.6523472265625001,0.23,0.2,0.24
NVDA,2026-08-24,2026-10-02,P,140.0,52,13,0.6191444335937502,0.3,0.24,0.27
NVDA,2026-08-24,2026-10-02,P,145.0,51,29,0.5874064697265625,0.34,0.28,0.32
NVDA,2026-08-24,2026-10-02,P,150.0,299,7,0.5556685058593751,0.35,0.34,0.36
NVDA,2026-08-24,2026-10-02,P,155.0,369,1,0.5268602001953125,0.44,0.4,0.44
NVDA,2026-08-24,2026-10-02,P,160.0,860,23,0.5024463818359376,0.54,0.49,0.53
NVDA,2026-08-24,2026-10-02,P,165.0,223,5,0.4770560107421875,0.67,0.61,0.66
NVDA,2026-08-24,2026-10-02,P,170.0,213,60,0.454107021484375,0.83,0.79,0.84
NVDA,2026-08-24,2026-10-02,P,175.0,360,131,0.4338435522460938,1.06,1.05,1.1
NVDA,2026-08-24,2026-10-02,P,180.0,394,98,0.4172421557617187,1.48,1.43,1.48
NVDA,2026-08-24,2026-10-02,P,185.0,691,225,0.405279384765625,2.02,1.97,2.05
NVDA,2026-08-24,2026-10-02,P,190.0,794,241,0.39600213378906257,2.83,2.78,2.85
NVDA,2026-08-24,2026-10-02,P,195.0,902,191,0.3897155755615235,3.84,3.85,3.95
NVDA,2026-08-24,2026-10-02,P,200.0,1095,224,0.385626260986328,5.27,5.2,5.4
NVDA,2026-08-24,2026-10-02,P,205.0,2418,108,0.38172005004882803,7.15,6.95,7.2
NVDA,2026-08-24,2026-10-02,P,210.0,465,91,0.38092660095214836,9.28,9.0,9.45
NVDA,2026-08-24,2026-10-02,P,215.0,206,30,0.3790345300292969,11.86,11.35,12.05
NVDA,2026-08-24,2026-10-02,P,220.0,1133,12,0.3857483300781249,14.97,14.4,15.25
NVDA,2026-08-24,2026-10-02,P,225.0,97,41,0.3895324719238281,21.0,17.6,18.7
NVDA,2026-08-24,2026-10-02,P,230.0,29,15,0.3702455554199219,25.1,21.25,21.9
NVDA,2026-08-24,2026-10-02,P,235.0,3,1,0.39124143920898435,25.0,25.1,26.3
NVDA,2026-08-24,2026-10-02,P,240.0,84,15,0.40515731567382807,27.7,29.25,30.7
NVDA,2026-08-24,2026-10-02,P,245.0,6,1,0.4115049084472656,32.22,33.5,35.1
NVDA,2026-08-24,2026-10-02,P,250.0,4,4,0.4158993957519531,39.3,38.1,39.6
NVDA,2026-08-24,2026-10-02,P,255.0,1,1,0.4274959594726563,36.56,42.8,44.3
NVDA,2026-08-24,2026-10-02,P,260.0,20,25,0.43335527587890627,48.9,47.6,49.0
NVDA,2026-08-24,2026-10-02,P,275.0,2,0,0.665286550292969,50.4,60.85,65.85
NVDA,2026-08-24,2026-10-02,P,300.0,0,0,0.551762294921875,74.65,84.7,92.0
NVDA,2026-08-24,2026-10-16,C,5.0,3,1,9.070316831054688,210.54,203.3,210.3
NVDA,2026-08-24,2026-10-16,C,10.0,10,1,6.226564716796874,215.0,198.3,205.3
NVDA,2026-08-24,2026-10-16,C,15.0,9,9,3.443360766601563,194.37,193.65,201.6
NVDA,2026-08-24,2026-10-16,C,20.0,30,20,2.8496122509765627,193.45,184.45,192.45
NVDA,2026-08-24,2026-10-16,C,25.0,2,1,2.621097197265625,183.0,179.5,187.5
NVDA,2026-08-24,2026-10-16,C,30.0,33,19,2.3906290234374996,173.5,174.5,182.5
NVDA,2026-08-24,2026-10-16,C,35.0,37,30,3.3046892382812496,185.87,173.4,180.35
NVDA,2026-08-24,2026-10-16,C,40.0,26,2,3.064455463867187,175.56,168.4,175.4
NVDA,2026-08-24,2026-10-16,C,45.0,44,7,2.835452130126953,174.14,163.4,170.35
NVDA,2026-08-24,2026-10-16,C,50.0,9,3,2.6455111987304694,164.89,158.45,165.35
NVDA,2026-08-24,2026-10-16,C,55.0,0,1,1.0000000000000003e-05,162.43,0.0,0.0
NVDA,2026-08-24,2026-10-16,C,60.0,5,2,2.3510783410644525,160.67,148.35,155.5
NVDA,2026-08-24,2026-10-16,C,65.0,35,10,2.2192427331542963,146.52,143.55,150.55
NVDA,2026-08-24,2026-10-16,C,70.0,6,3,2.090825085449218,122.4,138.55,145.55
NVDA,2026-08-24,2026-10-16,C,75.0,7,3,1.9792481506347657,151.27,133.55,140.6
NVDA,2026-08-24,2026-10-16,C,80.0,230,1,1.720704521484375,128.41,128.8,134.6
NVDA,2026-08-24,2026-10-16,C,85.0,3,2,0.8437515624999999,140.12,123.65,130.65
NVDA,2026-08-24,2026-10-16,C,90.0,112,10,1.1850626684570313,112.5,115.1,122.8
NVDA,2026-08-24,2026-10-16,C,95.0,50,9,0.9160164648437501,123.97,113.9,120.7
NVDA,2026-08-24,2026-10-16,C,100.0,181,1,1.1401410180664064,114.0,111.95,114.4
NVDA,2026-08-24,2026-10-16,C,105.0,92,2,0.8823253955078124,111.69,104.0,110.9
NVDA,2026-08-24,2026-10-16,C,110.0,382,3,0.8476577734374999,100.0,100.4,104.6
NVDA,2026-08-24,2026-10-16,C,115.0,82,2,1.1774943469238282,104.17,94.1,99.85
NVDA,2026-08-24,2026-10-16,C,120.0,267,2,1.0715378454589848,91.0,89.4,94.5
NVDA,2026-08-24,2026-10-16,C,125.0,169,2,0.7553735400390625,92.15,86.1,89.35
NVDA,2026-08-24,2026-10-16,C,130.0,248,2,0.6899445068359377,83.85,81.45,83.85
NVDA,2026-08-24,2026-10-16,C,135.0,366,1,0.7778342529296876,81.08,77.1,79.9
NVDA,2026-08-24,2026-10-16,C,140.0,438,12,0.6391637646484375,76.3,70.8,74.95
NVDA,2026-08-24,2026-10-16,C,145.0,303,2,0.6357458300781251,69.57,67.45,68.9
NVDA,2026-08-24,2026-10-16,C,150.0,812,80,0.5373581420898439,63.15,61.4,64.2
NVDA,2026-08-24,2026-10-16,C,155.0,4629,13,0.5850871569824219,59.68,57.9,59.25
NVDA,2026-08-24,2026-10-16,C,160.0,4345,183,0.5556685058593751,53.7,53.3,54.25
NVDA,2026-08-24,2026-10-16,C,165.0,605,178,0.5260057165527343,48.09,48.4,49.6
NVDA,2026-08-24,2026-10-16,C,170.0,1724,5,0.5290574438476563,43.75,43.8,44.75
NVDA,2026-08-24,2026-10-16,C,175.0,2286,18,0.504765694580078,39.7,39.2,40.2
NVDA,2026-08-24,2026-10-16,C,180.0,106448,44,0.476567734375,35.18,34.8,35.65
NVDA,2026-08-24,2026-10-16,C,185.0,1995,6,0.4539849523925781,29.85,30.7,31.3
NVDA,2026-08-24,2026-10-16,C,190.0,3036,49,0.4386652813720704,26.08,26.65,27.25
NVDA,2026-08-24,2026-10-16,C,195.0,6527,23,0.4276180285644532,23.0,22.95,23.5
NVDA,2026-08-24,2026-10-16,C,200.0,7991,164,0.4138242211914062,19.81,19.65,19.9
NVDA,2026-08-24,2026-10-16,C,205.0,9267,185,0.40820904296875,16.5,16.55,16.8
NVDA,2026-08-24,2026-10-16,C,210.0,13917,1149,0.4012511047363281,13.9,13.75,13.95
NVDA,2026-08-24,2026-10-16,C,215.0,16187,1224,0.4019835192871094,11.51,11.4,11.65
NVDA,2026-08-24,2026-10-16,C,220.0,109288,5793,0.3949645465087891,9.37,9.3,9.4
NVDA,2026-08-24,2026-10-16,C,225.0,14039,1429,0.3929504064941406,7.6,7.5,7.6
NVDA,2026-08-24,2026-10-16,C,230.0,36594,2351,0.39362178649902346,6.1,6.0,6.15
NVDA,2026-08-24,2026-10-16,C,235.0,21350,392,0.3948424774169922,4.87,4.75,4.95
NVDA,2026-08-24,2026-10-16,C,240.0,21883,11047,0.3936828210449219,3.83,3.75,3.9
NVDA,2026-08-24,2026-10-16,C,245.0,13312,4153,0.39301144104003904,3.0,2.99,3.05
NVDA,2026-08-24,2026-10-16,C,250.0,63161,2125,0.3942931665039063,2.39,2.36,2.4
NVDA,2026-08-24,2026-10-16,C,255.0,4994,206,0.39685661743164063,1.87,1.87,1.9
NVDA,2026-08-24,2026-10-16,C,260.0,22548,629,0.4007628283691406,1.51,1.47,1.52
NVDA,2026-08-24,2026-10-16,C,265.0,6646,208,0.4050352465820312,1.17,1.17,1.22
NVDA,2026-08-24,2026-10-16,C,270.0,9182,303,0.4101621484375,0.96,0.95,0.99
NVDA,2026-08-24,2026-10-16,C,275.0,4402,200,0.41480077392578124,0.77,0.76,0.8
NVDA,2026-08-24,2026-10-16,C,280.0,10428,235,0.4206600903320313,0.64,0.63,0.66
NVDA,2026-08-24,2026-10-16,C,285.0,2769,42,0.4272518212890626,0.53,0.52,0.55
NVDA,2026-08-24,2026-10-16,C,290.0,9752,45,0.4335994140625,0.43,0.44,0.46
NVDA,2026-08-24,2026-10-16,C,295.0,1271,88,0.44043528320312497,0.37,0.37,0.39
NVDA,2026-08-24,2026-10-16,C,300.0,9590,212,0.4467828759765625,0.33,0.31,0.33
NVDA,2026-08-24,2026-10-16,C,305.0,20,27,0.45313046875,0.26,0.25,0.28
NVDA,2026-08-24,2026-10-16,C,310.0,2726,19,0.4594780615234375,0.24,0.22,0.24
NVDA,2026-08-24,2026-10-16,C,315.0,10,26,0.46680220703125,0.19,0.18,0.21
NVDA,2026-08-24,2026-10-16,C,320.0,1681,91,0.4760794580078125,0.16,0.16,0.19
NVDA,2026-08-24,2026-10-16,C,325.0,25,7,0.4804739453125,0.16,0.13,0.16
NVDA,2026-08-24,2026-10-16,C,330.0,1753,21,0.48633326171875,0.13,0.11,0.14
NVDA,2026-08-24,2026-10-16,C,335.0,122,27,0.49609878906250005,0.09,0.09,0.13
NVDA,2026-08-24,2026-10-16,C,340.0,1318,7,0.500005,0.09,0.08,0.11
NVDA,2026-08-24,2026-10-16,C,345.0,3,2,0.507817421875,0.09,0.07,0.1
NVDA,2026-08-24,2026-10-16,C,350.0,9628,181,0.500005,0.08,0.06,0.08
NVDA,2026-08-24,2026-10-16,C,355.0,62,21,0.5097705273437501,0.05,0.05,0.08
NVDA,2026-08-24,2026-10-16,C,360.0,4163,65,0.5117236328125,0.05,0.05,0.06
NVDA,2026-08-24,2026-10-16,C,365.0,810,14,0.5136767382812499,0.03,0.04,0.05
NVDA,2026-08-24,2026-10-16,C,370.0,3059,13,0.5293015820312501,0.05,0.03,0.07
NVDA,2026-08-24,2026-10-16,C,375.0,5,4,0.5351608984375,0.05,0.03,0.06
NVDA,2026-08-24,2026-10-16,C,380.0,1227,23,0.5273484765625001,0.03,0.02,0.04
NVDA,2026-08-24,2026-10-16,C,385.0,22,10,0.5351608984375,0.04,0.01,0.05
NVDA,2026-08-24,2026-10-16,C,390.0,609,2,0.5468795312500001,0.03,0.01,0.05
NVDA,2026-08-24,2026-10-16,C,395.0,10,10,0.5585981640625001,0.04,0.01,0.05
NVDA,2026-08-24,2026-10-16,C,400.0,10230,86,0.5585981640625001,0.03,0.02,0.03
NVDA,2026-08-24,2026-10-16,C,410.0,1488,8,0.5664105859375,0.03,0.01,0.03
NVDA,2026-08-24,2026-10-16,C,420.0,585,4,0.5976602734375001,0.01,0.01,0.04
NVDA,2026-08-24,2026-10-16,C,430.0,275,111,0.6015664843750002,0.05,0.0,0.04
NVDA,2026-08-24,2026-10-16,C,440.0,511,5,0.6210975390625001,0.02,0.01,0.03
NVDA,2026-08-24,2026-10-16,C,450.0,686,1,0.6250037500000001,0.07,0.0,0.03
NVDA,2026-08-24,2026-10-16,C,455.0,652,70,0.632816171875,0.02,0.0,0.03
NVDA,2026-08-24,2026-10-16,C,460.0,17057,23,0.64062859375,0.01,0.01,0.02
NVDA,2026-08-24,2026-10-16,P,5.0,4024,1,3.0000025,0.02,0.0,0.01
NVDA,2026-08-24,2026-10-16,P,10.0,10,0,2.43750390625,0.01,0.0,0.01
NVDA,2026-08-24,2026-10-16,P,20.0,502,1,1.96875015625,0.01,0.0,0.02
NVDA,2026-08-24,2026-10-16,P,25.0,30,10,1.78125109375,0.03,0.0,0.02
NVDA,2026-08-24,2026-10-16,P,30.0,0,1,0.500005,0.02,0.0,0.0
NVDA,2026-08-24,2026-10-16,P,35.0,40,1,1.5468772656249998,0.01,0.0,0.03
NVDA,2026-08-24,2026-10-16,P,40.0,267,3,1.4375028125,0.01,0.0,0.03
NVDA,2026-08-24,2026-10-16,P,45.0,89,12,1.359378203125,0.06,0.0,0.04
NVDA,2026-08-24,2026-10-16,P,50.0,198,5,1.2968785156249998,0.02,0.01,0.04
NVDA,2026-08-24,2026-10-16,P,55.0,145,1,1.1875040625,0.02,0.0,0.04
NVDA,2026-08-24,2026-10-16,P,60.0,306,2,1.15625421875,0.04,0.01,0.05
NVDA,2026-08-24,2026-10-16,P,65.0,60,10,1.0859420703125,0.04,0.01,0.05
NVDA,2026-08-24,2026-10-16,P,70.0,369,4,1.05078599609375,0.06,0.02,0.06
NVDA,2026-08-24,2026-10-16,P,75.0,281,1,0.99804689453125,0.03,0.02,0.07
NVDA,2026-08-24,2026-10-16,P,80.0,397,1,0.9492192578124999,0.03,0.03,0.07
NVDA,2026-08-24,2026-10-16,P,85.0,681,5,0.9101571484375,0.04,0.04,0.08
NVDA,2026-08-24,2026-10-16,P,90.0,411,8,0.8828136718749999,0.08,0.07,0.09
NVDA,2026-08-24,2026-10-16,P,95.0,805,11,0.8437515624999999,0.07,0.07,0.11
NVDA,2026-08-24,2026-10-16,P,100.0,4078,75,0.80664255859375,0.12,0.09,0.12
NVDA,2026-08-24,2026-10-16,P,105.0,1391,1,0.778322529296875,0.15,0.11,0.15
NVDA,2026-08-24,2026-10-16,P,110.0,2489,49,0.7402369726562499,0.14,0.13,0.16
NVDA,2026-08-24,2026-10-16,P,115.0,1196,160,0.7148466015625,0.19,0.17,0.19
NVDA,2026-08-24,2026-10-16,P,120.0,7382,14,0.6835969140625001,0.23,0.19,0.23
NVDA,2026-08-24,2026-10-16,P,125.0,3615,12,0.6518589501953126,0.26,0.22,0.26
NVDA,2026-08-24,2026-10-16,P,130.0,4433,8,0.6191444335937502,0.27,0.26,0.28
NVDA,2026-08-24,2026-10-16,P,135.0,4627,9,0.5908244042968751,0.33,0.3,0.33
NVDA,2026-08-24,2026-10-16,P,140.0,16186,21,0.5620160986328125,0.38,0.35,0.38
NVDA,2026-08-24,2026-10-16,P,145.0,7578,9,0.5327195166015625,0.44,0.41,0.43
NVDA,2026-08-24,2026-10-16,P,150.0,22296,169,0.5083056982421875,0.5,0.49,0.52
NVDA,2026-08-24,2026-10-16,P,155.0,12135,10,0.4858449853515625,0.59,0.58,0.62
NVDA,2026-08-24,2026-10-16,P,160.0,18967,88,0.46484910156250003,0.75,0.73,0.77
NVDA,2026-08-24,2026-10-16,P,165.0,18241,57,0.44312080322265623,0.91,0.9,0.95
NVDA,2026-08-24,2026-10-16,P,170.0,28301,657,0.42590906127929695,1.2,1.18,1.22
NVDA,2026-08-24,2026-10-16,P,175.0,18504,1513,0.4115049084472656,1.57,1.55,1.6
NVDA,2026-08-24,2026-10-16,P,180.0,62644,1649,0.39978627563476565,2.09,2.07,2.13
NVDA,2026-08-24,2026-10-16,P,185.0,16520,1426,0.39038695556640624,2.79,2.79,2.85
NVDA,2026-08-24,2026-10-16,P,190.0,13466,979,0.38269660278320305,3.7,3.7,3.8
NVDA,2026-08-24,2026-10-16,P,195.0,25775,889,0.3756165954589844,5.0,4.9,5.0
NVDA,2026-08-24,2026-10-16,P,200.0,28252,459,0.37134417724609375,6.48,6.45,6.55
NVDA,2026-08-24,2026-10-16,P,205.0,20384,631,0.3683534844970704,8.4,8.3,8.45
NVDA,2026-08-24,2026-10-16,P,210.0,10826,633,0.3643252044677735,10.6,10.55,10.65
NVDA,2026-08-24,2026-10-16,P,215.0,5653,216,0.3639589971923829,13.25,13.1,13.3
NVDA,2026-08-24,2026-10-16,P,220.0,50275,596,0.3610293389892578,16.15,15.95,16.2
NVDA,2026-08-24,2026-10-16,P,225.0,4920,109,0.36084623535156246,19.45,19.25,19.5
NVDA,2026-08-24,2026-10-16,P,230.0,4649,18,0.3594424407958984,23.4,22.6,23.05
NVDA,2026-08-24,2026-10-16,P,235.0,854,64,0.35169105346679685,27.2,26.15,26.7
NVDA,2026-08-24,2026-10-16,P,240.0,1165,3,0.35205726074218746,30.2,30.3,30.8
NVDA,2026-08-24,2026-10-16,P,245.0,249,10,0.37293107543945314,35.95,34.5,35.5
NVDA,2026-08-24,2026-10-16,P,250.0,719,16,0.39288937194824214,40.7,39.0,40.25
NVDA,2026-08-24,2026-10-16,P,255.0,886,27,0.379889013671875,44.69,43.0,44.5
NVDA,2026-08-24,2026-10-16,P,260.0,267,13,0.3869690209960937,51.35,48.2,49.2
NVDA,2026-08-24,2026-10-16,P,265.0,145,25,0.4205380212402344,53.8,52.45,54.3
NVDA,2026-08-24,2026-10-16,P,270.0,106,25,0.43030354858398445,61.05,57.6,59.1
NVDA,2026-08-24,2026-10-16,P,275.0,10,21,0.4414118359375,50.2,62.2,63.95
NVDA,2026-08-24,2026-10-16,P,280.0,403,22,0.5706830041503907,65.2,66.7,70.4
NVDA,2026-08-24,2026-10-16,P,285.0,8,2,0.6080361462402344,65.58,71.6,75.6
NVDA,2026-08-24,2026-10-16,P,290.0,0,20,0.6889679541015626,81.4,79.1,84.05
NVDA,2026-08-24,2026-10-16,P,295.0,5,5,0.6657748266601564,79.62,80.8,85.75
NVDA,2026-08-24,2026-10-16,P,300.0,2,5,0.6732210412597659,84.52,85.65,90.5
NVDA,2026-08-24,2026-10-16,P,310.0,0,22,0.7141141870117188,87.0,95.5,100.45
NVDA,2026-08-24,2026-10-16,P,360.0,0,1,1.0000000000000003e-05,142.25,0.0,0.0
NVDA,2026-08-24,2026-10-16,P,370.0,0,0,0.9672854833984376,142.72,159.7,161.9
NVDA,2026-08-24,2026-10-16,P,380.0,0,30,1.0000000000000003e-05,158.2,0.0,0.0
NVDA,2026-08-24,2026-10-16,P,390.0,0,1,0.694338994140625,183.33,174.75,181.55
NVDA,2026-08-24,2026-10-16,P,400.0,1,1,1.0217334069824218,184.22,185.3,190.3
NVDA,2026-08-24,2026-10-16,P,410.0,0,1,1.05078599609375,182.97,195.35,200.3
NVDA,2026-08-24,2026-10-16,P,440.0,0,0,1.1784709045410153,212.53,229.7,231.95
NVDA,2026-08-24,2026-10-16,P,455.0,0,2,1.2111855847167967,229.4,239.75,245.75
NVDA,2026-08-24,2026-10-16,P,460.0,0,4,0.8388687988281249,234.38,244.7,251.55
NVDA,2026-08-24,2026-11-20,C,50.0,30,21,1.7827159301757813,158.67,158.85,163.85
NVDA,2026-08-24,2026-11-20,C,55.0,10,1,1.3505891845703122,155.19,150.35,157.65
NVDA,2026-08-24,2026-11-20,C,60.0,48,1,1.3774445190429687,143.45,145.05,153.0
NVDA,2026-08-24,2026-11-20,C,65.0,29,20,1.0966842041015625,144.8,143.85,151.0
NVDA,2026-08-24,2026-11-20,C,70.0,17,2,1.083988955078125,143.7,139.15,145.95
NVDA,2026-08-24,2026-11-20,C,75.0,13,1,1.0380907470703127,134.8,134.2,141.0
NVDA,2026-08-24,2026-11-20,C,80.0,41,1,1.0009815576171874,129.48,129.25,136.1
NVDA,2026-08-24,2026-11-20,C,85.0,45,1,0.9433599414062499,141.17,124.2,131.15
NVDA,2026-08-24,2026-11-20,C,90.0,83,1,0.930664755859375,120.9,119.4,126.3
NVDA,2026-08-24,2026-11-20,C,95.0,28,5,0.8554701953125,115.78,114.2,121.3
NVDA,2026-08-24,2026-11-20,C,100.0,305,1,0.6552768847656252,113.5,110.05,114.5
NVDA,2026-08-24,2026-11-20,C,105.0,240,18,0.7641625146484375,111.35,104.9,110.65
NVDA,2026-08-24,2026-11-20,C,110.0,208,5,0.7417018017578124,109.69,100.1,105.7
NVDA,2026-08-24,2026-11-20,C,115.0,325,80,0.64062859375,112.0,95.35,99.85
NVDA,2026-08-24,2026-11-20,C,120.0,455,5,0.7189969506835938,98.42,91.0,95.75
NVDA,2026-08-24,2026-11-20,C,125.0,283,3,0.7541528491210938,86.85,87.5,90.85
NVDA,2026-08-24,2026-11-20,C,130.0,373,19,0.6528355029296876,80.18,82.0,85.15
NVDA,2026-08-24,2026-11-20,C,135.0,403,1,0.5722699023437501,76.4,76.4,80.0
NVDA,2026-08-24,2026-11-20,C,140.0,1475,66,0.5765423205566407,73.52,72.6,74.7
NVDA,2026-08-24,2026-11-20,C,145.0,479,66,0.6245154736328126,68.78,68.75,71.0
NVDA,2026-08-24,2026-11-20,C,150.0,1018,94,0.5870402624511719,65.59,64.15,65.8
NVDA,2026-08-24,2026-11-20,C,155.0,1843,101,0.5269822692871093,59.02,58.95,60.4
NVDA,2026-08-24,2026-11-20,C,160.0,1165,2,0.5235643347167969,55.4,54.75,56.0
NVDA,2026-08-24,2026-11-20,C,165.0,1451,7,0.5061694891357422,47.86,50.45,51.35
NVDA,2026-08-24,2026-11-20,C,170.0,1606,15,0.5032398309326171,47.0,46.2,46.85
NVDA,2026-08-24,2026-11-20,C,175.0,2021,13,0.48718774536132814,42.1,41.9,42.6
NVDA,2026-08-24,2026-11-20,C,180.0,7035,32,0.4727835925292969,37.77,38.0,38.5
NVDA,2026-08-24,2026-11-20,C,185.0,3325,6,0.4592339233398438,34.22,33.95,34.55
NVDA,2026-08-24,2026-11-20,C,190.0,3283,25,0.4487970159912109,29.87,30.25,30.85
NVDA,2026-08-24,2026-11-20,C,195.0,4026,137,0.43781079772949216,26.32,26.95,27.3
NVDA,2026-08-24,2026-11-20,C,200.0,25091,177,0.4338130349731446,23.9,23.85,24.2
NVDA,2026-08-24,2026-11-20,C,205.0,5222,233,0.42438319763183596,21.0,21.0,21.1
NVDA,2026-08-24,2026-11-20,C,210.0,10867,2857,0.42081267669677735,18.39,18.3,18.45
NVDA,2026-08-24,2026-11-20,C,215.0,6890,410,0.41666232757568356,15.9,15.8,16.0
NVDA,2026-08-24,2026-11-20,C,220.0,16675,527,0.4131833584594726,13.69,13.65,13.8
NVDA,2026-08-24,2026-11-20,C,225.0,11040,525,0.41174904663085937,11.85,11.7,11.9
NVDA,2026-08-24,2026-11-20,C,230.0,24727,1445,0.4101621484375,10.08,10.0,10.2
NVDA,2026-08-24,2026-11-20,C,235.0,7261,992,0.4087583538818359,8.5,8.5,8.7
NVDA,2026-08-24,2026-11-20,C,240.0,13028,1118,0.40515731567382807,7.3,7.2,7.3
NVDA,2026-08-24,2026-11-20,C,245.0,7968,141,0.4066221447753906,6.15,6.1,6.25
NVDA,2026-08-24,2026-11-20,C,250.0,29324,1516,0.4068662829589844,5.2,5.15,5.3
NVDA,2026-08-24,2026-11-20,C,255.0,4563,232,0.4061338684082031,4.36,4.3,4.45
NVDA,2026-08-24,2026-11-20,C,260.0,13342,283,0.40650007568359375,3.7,3.6,3.75
NVDA,2026-08-24,2026-11-20,C,265.0,5140,304,0.4068662829589844,3.11,3.05,3.15
NVDA,2026-08-24,2026-11-20,C,270.0,7029,177,0.40808697387695314,2.61,2.58,2.66
NVDA,2026-08-24,2026-11-20,C,275.0,4543,1010,0.4096738720703125,2.18,2.17,2.25
NVDA,2026-08-24,2026-11-20,C,280.0,6964,393,0.41235939208984373,1.88,1.84,1.92
NVDA,2026-08-24,2026-11-20,C,285.0,3035,26,0.4167538793945312,1.54,1.48,1.67
NVDA,2026-08-24,2026-11-20,C,290.0,2340,84,0.41809663940429687,1.25,1.24,1.41
NVDA,2026-08-24,2026-11-20,C,295.0,1022,109,0.4202938830566406,1.22,1.08,1.2
NVDA,2026-08-24,2026-11-20,C,300.0,11074,557,0.4222469885253906,1.0,0.98,1.02
NVDA,2026-08-24,2026-11-20,C,310.0,2805,121,0.42847251220703125,0.76,0.75,0.76
NVDA,2026-08-24,2026-11-20,C,320.0,2372,68,0.4370173486328125,0.55,0.58,0.59
NVDA,2026-08-24,2026-11-20,C,330.0,1172,23,0.4480035668945312,0.45,0.44,0.48
NVDA,2026-08-24,2026-11-20,C,340.0,674,3,0.4594780615234375,0.35,0.32,0.4
NVDA,2026-08-24,2026-11-20,C,350.0,632,54,0.4633842724609375,0.29,0.28,0.3
NVDA,2026-08-24,2026-11-20,C,360.0,2509,2,0.47559118164062497,0.22,0.21,0.26
NVDA,2026-08-24,2026-11-20,C,370.0,296,18,0.485356708984375,0.29,0.11,0.22
NVDA,2026-08-24,2026-11-20,C,380.0,1652,1,0.499028447265625,0.15,0.07,0.2
NVDA,2026-08-24,2026-11-20,C,390.0,350,1,0.526371923828125,0.13,0.04,0.23
NVDA,2026-08-24,2026-11-20,C,400.0,2578,36,0.5048877636718749,0.11,0.1,0.14
NVDA,2026-08-24,2026-11-20,C,410.0,1184,1,0.500005,0.1,0.01,0.15
NVDA,2026-08-24,2026-11-20,C,420.0,602,3,0.5400436621093752,0.12,0.06,0.19
NVDA,2026-08-24,2026-11-20,C,430.0,153,6,0.5117236328125,0.15,0.01,0.1
NVDA,2026-08-24,2026-11-20,C,440.0,336,3,0.5351608984375,0.05,0.04,0.09
NVDA,2026-08-24,2026-11-20,C,450.0,141,4,0.5634809277343751,0.05,0.01,0.16
NVDA,2026-08-24,2026-11-20,C,455.0,230,50,0.5468795312500001,0.05,0.01,0.1
NVDA,2026-08-24,2026-11-20,C,460.0,3592,55,0.5546919531250001,0.17,0.01,0.1
NVDA,2026-08-24,2026-11-20,P,50.0,1084,5,1.0234423828125,0.02,0.01,0.05
NVDA,2026-08-24,2026-11-20,P,55.0,334,4,1.015629921875,0.02,0.04,0.07
NVDA,2026-08-24,2026-11-20,P,60.0,300,90,0.99804689453125,0.05,0.01,0.16
NVDA,2026-08-24,2026-11-20,P,65.0,115,90,0.9433599414062499,0.05,0.01,0.17
NVDA,2026-08-24,2026-11-20,P,70.0,274,4,0.9023447265625,0.09,0.03,0.18
NVDA,2026-08-24,2026-11-20,P,75.0,270,73,0.86132951171875,0.1,0.05,0.19
NVDA,2026-08-24,2026-11-20,P,80.0,1353,213,0.77929908203125,0.12,0.04,0.13
NVDA,2026-08-24,2026-11-20,P,85.0,206,1,0.7744163183593751,0.17,0.04,0.23
NVDA,2026-08-24,2026-11-20,P,90.0,414,2,0.7617211328125001,0.15,0.12,0.26
NVDA,2026-08-24,2026-11-20,P,95.0,642,4,0.7041045214843751,0.19,0.1,0.23
NVDA,2026-08-24,2026-11-20,P,100.0,4663,67,0.6835969140625001,0.22,0.19,0.23
NVDA,2026-08-24,2026-11-20,P,105.0,376,1,0.6562534375000001,0.3,0.15,0.34
NVDA,2026-08-24,2026-11-20,P,110.0,3564,14,0.6186561572265626,0.29,0.2,0.3
NVDA,2026-08-24,2026-11-20,P,115.0,6698,1,0.6005899316406251,0.35,0.29,0.34
NVDA,2026-08-24,2026-11-20,P,120.0,4801,15,0.577152666015625,0.39,0.34,0.4
NVDA,2026-08-24,2026-11-20,P,125.0,5182,3,0.5576216113281252,0.46,0.42,0.48
NVDA,2026-08-24,2026-11-20,P,130.0,4972,34,0.5349167602539062,0.53,0.51,0.54
NVDA,2026-08-24,2026-11-20,P,135.0,7968,1,0.5139208764648437,0.62,0.6,0.64
NVDA,2026-08-24,2026-11-20,P,140.0,8886,22,0.4958546508789063,0.73,0.72,0.75
NVDA,2026-08-24,2026-11-20,P,145.0,6512,51,0.47852083984375,0.89,0.88,0.91
NVDA,2026-08-24,2026-11-20,P,150.0,17726,43,0.46411668701171876,1.1,1.07,1.13
NVDA,2026-08-24,2026-11-20,P,155.0,7601,808,0.44995667236328124,1.34,1.31,1.4
NVDA,2026-08-24,2026-11-20,P,160.0,20552,409,0.43579665771484377,1.68,1.66,1.72
NVDA,2026-08-24,2026-11-20,P,165.0,8444,468,0.4229794030761719,2.1,2.1,2.13
NVDA,2026-08-24,2026-11-20,P,170.0,15826,1205,0.4145566357421875,2.68,2.58,2.71
NVDA,2026-08-24,2026-11-20,P,175.0,10020,1385,0.407781801147461,3.34,3.3,3.45
NVDA,2026-08-24,2026-11-20,P,180.0,19163,6396,0.3975890319824219,4.24,4.2,4.25
NVDA,2026-08-24,2026-11-20,P,185.0,10295,1503,0.39252316467285153,5.3,5.3,5.35
NVDA,2026-08-24,2026-11-20,P,190.0,11190,881,0.38898316101074215,6.55,6.5,6.7
NVDA,2026-08-24,2026-11-20,P,195.0,13114,1471,0.3834290173339844,8.1,8.1,8.2
NVDA,2026-08-24,2026-11-20,P,200.0,40797,993,0.3784852191162109,9.85,9.8,9.95
NVDA,2026-08-24,2026-11-20,P,205.0,6724,171,0.37506728454589844,11.85,11.8,12.0
NVDA,2026-08-24,2026-11-20,P,210.0,10026,1275,0.37152728088378906,14.22,14.05,14.3
NVDA,2026-08-24,2026-11-20,P,215.0,11412,147,0.36911641632080083,16.83,16.6,16.9
NVDA,2026-08-24,2026-11-20,P,220.0,6859,64,0.36664451721191404,19.56,19.35,19.75
NVDA,2026-08-24,2026-11-20,P,225.0,3089,12,0.3643252044677735,23.23,22.45,22.85
NVDA,2026-08-24,2026-11-20,P,230.0,5218,17,0.36121244262695307,26.45,25.75,26.15
NVDA,2026-08-24,2026-11-20,P,235.0,585,8,0.36694968994140625,31.82,29.25,30.0
NVDA,2026-08-24,2026-11-20,P,240.0,919,21,0.3577945080566406,34.2,32.95,33.5
NVDA,2026-08-24,2026-11-20,P,245.0,277,10,0.3511417425537109,38.73,36.75,37.3
NVDA,2026-08-24,2026-11-20,P,250.0,525,4,0.35352208984374994,41.25,40.1,41.55
NVDA,2026-08-24,2026-11-20,P,255.0,236,1,0.3719545227050781,40.95,45.0,46.35
NVDA,2026-08-24,2026-11-20,P,260.0,860,4,0.3748841809082031,51.89,49.25,50.8
NVDA,2026-08-24,2026-11-20,P,265.0,580,100,0.3739686627197265,49.8,53.95,55.25
NVDA,2026-08-24,2026-11-20,P,270.0,346,65,0.3858093646240234,56.4,58.2,60.05
NVDA,2026-08-24,2026-11-20,P,275.0,5,5,0.5504195349121095,66.35,65.75,68.7
NVDA,2026-08-24,2026-11-20,P,280.0,52,16,0.407232490234375,55.93,67.05,69.7
NVDA,2026-08-24,2026-11-20,P,285.0,181,40,0.37781383911132804,70.7,72.9,73.95
NVDA,2026-08-24,2026-11-20,P,290.0,32,25,0.4288387194824219,77.5,77.45,79.45
NVDA,2026-08-24,2026-11-20,P,295.0,1,1,0.43958079956054685,68.48,82.35,84.35
NVDA,2026-08-24,2026-11-20,P,300.0,1,1,0.44922425781249997,74.84,86.6,89.25
NVDA,2026-08-24,2026-11-20,P,310.0,0,50,1.0000000000000003e-05,93.15,0.0,0.0
NVDA,2026-08-24,2026-11-20,P,320.0,0,1,0.6398961791992188,117.81,110.25,112.75
NVDA,2026-08-24,2026-11-20,P,330.0,0,25,0.5100146655273439,118.3,116.15,118.9
NVDA,2026-08-24,2026-11-20,P,340.0,1,1,0.6859162268066408,113.97,124.6,131.15
NVDA,2026-08-24,2026-11-20,P,350.0,0,1,0.6314734118652343,144.05,135.4,139.75
NVDA,2026-08-24,2026-11-20,P,360.0,0,1,0.7718528674316407,133.95,144.7,151.7
NVDA,2026-08-24,2026-11-20,P,390.0,0,0,0.8449722534179687,196.0,178.4,184.75
NVDA,2026-08-24,2026-11-20,P,460.0,0,2,0.7539087109375,249.18,246.15,251.1
NVDA,2026-08-24,2026-12-18,C,0.5,11218,49,8.687504570312498,215.21,208.55,212.05
NVDA,2026-08-24,2026-12-18,C,1.0,42,10,0.0,224.23,207.3,214.35
NVDA,2026-08-24,2026-12-18,C,1.5,32,10,0.0,224.23,206.8,213.85
NVDA,2026-08-24,2026-12-18,C,2.0,0,40,1.0000000000000003e-05,210.15,0.0,0.0
NVDA,2026-08-24,2026-12-18,C,2.5,9,3,4.070317412109375,194.38,201.95,209.95
NVDA,2026-08-24,2026-12-18,C,3.0,0,750,1.0000000000000003e-05,214.55,0.0,0.0
NVDA,2026-08-24,2026-12-18,C,3.5,0,10,1.0000000000000003e-05,202.59,0.0,0.0
NVDA,2026-08-24,2026-12-18,C,4.0,4,1,7.2695321630859375,220.68,204.3,211.3
NVDA,2026-08-24,2026-12-18,C,4.5,0,1,1.0000000000000003e-05,220.5,0.0,0.0
NVDA,2026-08-24,2026-12-18,C,5.0,118,2,3.2460956347656245,209.78,199.45,207.45
NVDA,2026-08-24,2026-12-18,C,6.0,1001,1,3.19531451171875,194.54,203.2,209.9
NVDA,2026-08-24,2026-12-18,C,7.0,256,1,3.05468986328125,203.1,202.25,208.9
NVDA,2026-08-24,2026-12-18,C,8.0,0,15,1.0000000000000003e-05,205.92,0.0,0.0
NVDA,2026-08-24,2026-12-18,C,9.0,0,1,1.0000000000000003e-05,205.3,0.0,0.0
NVDA,2026-08-24,2026-12-18,C,10.0,840,2,4.226567216796875,180.3,198.5,205.35
NVDA,2026-08-24,2026-12-18,C,11.0,0,82,1.0000000000000003e-05,203.35,0.0,0.0
NVDA,2026-08-24,2026-12-18,C,12.0,297,25,3.9062502343750003,184.5,196.35,203.45
NVDA,2026-08-24,2026-12-18,C,13.0,661,2,1.0000000000000003e-05,187.1,192.95,198.8
NVDA,2026-08-24,2026-12-18,C,14.0,49,2,3.6069345764160157,206.91,194.35,201.4
NVDA,2026-08-24,2026-12-18,C,15.0,1049,3,3.519532451171875,179.75,193.4,200.5
NVDA,2026-08-24,2026-12-18,C,16.0,440,2,3.394532763671875,174.5,192.35,199.45
NVDA,2026-08-24,2026-12-18,C,17.0,325,1,2.144535888671875,178.01,187.55,195.55
NVDA,2026-08-24,2026-12-18,C,18.0,264,1,2.091801645507812,176.55,186.55,194.55
NVDA,2026-08-24,2026-12-18,C,19.0,651,1,2.042973642578125,173.0,185.55,193.55
NVDA,2026-08-24,2026-12-18,C,20.0,16352,4,2.6933626416015626,189.0,189.0,194.2
NVDA,2026-08-24,2026-12-18,C,21.0,3789,10,1.9160160449218753,186.11,183.6,191.5
NVDA,2026-08-24,2026-12-18,C,22.0,3697,10,1.9433596582031252,170.89,182.6,190.6
NVDA,2026-08-24,2026-12-18,C,23.0,332,2,2.8403349304199215,196.9,185.45,192.5
NVDA,2026-08-24,2026-12-18,C,24.0,663,10,2.767092926025391,187.72,184.5,191.45
NVDA,2026-08-24,2026-12-18,C,25.0,1310,10,2.729983643798828,199.47,183.55,190.55
NVDA,2026-08-24,2026-12-18,C,26.0,674,1,2.673831440429688,191.5,182.35,189.55
NVDA,2026-08-24,2026-12-18,C,27.0,1060,1,2.599612875976563,172.01,181.55,188.45
NVDA,2026-08-24,2026-12-18,C,28.0,537,2,2.5791051147460937,185.0,180.5,187.6
NVDA,2026-08-24,2026-12-18,C,29.0,601,2,2.530277111816406,180.5,179.5,186.6
NVDA,2026-08-24,2026-12-18,C,30.0,1899,5,2.4738807684326174,181.4,178.6,185.55
NVDA,2026-08-24,2026-12-18,C,31.0,979,2,1.689454677734375,169.69,173.75,181.7
NVDA,2026-08-24,2026-12-18,C,32.0,2463,8,2.376957182617187,185.52,176.55,183.5
NVDA,2026-08-24,2026-12-18,C,33.0,342,1,1.6552751611328125,175.07,171.75,179.75
NVDA,2026-08-24,2026-12-18,C,34.0,361,1,2.3222698193359372,186.0,174.6,181.65
NVDA,2026-08-24,2026-12-18,C,35.0,2221,2,1.2793004785156248,177.24,173.8,180.7
NVDA,2026-08-24,2026-12-18,C,36.0,268,3,1.1328168359375002,180.62,172.65,179.7
NVDA,2026-08-24,2026-12-18,C,37.0,336,9,1.4619167529296875,165.33,169.45,175.55
NVDA,2026-08-24,2026-12-18,C,38.0,948,2,1.189457177734375,188.01,170.7,177.75
NVDA,2026-08-24,2026-12-18,C,39.0,1272,3,1.1328168359375002,186.87,169.65,176.75
NVDA,2026-08-24,2026-12-18,C,40.0,1788,9,1.1171919140625,180.53,168.65,175.75
NVDA,2026-08-24,2026-12-18,C,41.0,877,2,1.193363408203125,170.0,167.75,174.8
NVDA,2026-08-24,2026-12-18,C,42.0,1155,2,1.08203583984375,150.19,166.75,173.65
NVDA,2026-08-24,2026-12-18,C,43.0,796,4,1.4375028125,166.56,161.9,169.8
NVDA,2026-08-24,2026-12-18,C,44.0,682,2,1.087895185546875,170.33,164.8,171.65
NVDA,2026-08-24,2026-12-18,C,45.0,604,2,1.0742233789062503,167.05,163.75,170.7
NVDA,2026-08-24,2026-12-18,C,46.0,910,1,1.05859845703125,171.0,162.75,169.7
NVDA,2026-08-24,2026-12-18,C,47.0,321,30,1.1171919140625,178.62,161.85,168.75
NVDA,2026-08-24,2026-12-18,C,48.0,580,70,1.1025435498046878,177.49,160.85,167.75
NVDA,2026-08-24,2026-12-18,C,49.0,2621,30,1.0664109179687502,176.67,159.8,166.75
NVDA,2026-08-24,2026-12-18,C,50.0,6086,1,1.5222191857910152,167.0,159.35,163.7
NVDA,2026-08-24,2026-12-18,C,51.0,1801,1,1.6853043078613283,159.75,158.0,163.8
NVDA,2026-08-24,2026-12-18,C,52.0,1048,1,1.5947285888671874,159.75,157.0,162.35
NVDA,2026-08-24,2026-12-18,C,53.0,1041,1,1.0488328808593752,173.0,155.85,162.8
NVDA,2026-08-24,2026-12-18,C,54.0,559,1,1.0664109179687502,170.75,154.85,161.9
NVDA,2026-08-24,2026-12-18,C,55.0,2614,1,1.4775416748046877,155.03,154.0,159.0
NVDA,2026-08-24,2026-12-18,C,56.0,937,3,1.2470740771484374,147.93,149.1,156.95
NVDA,2026-08-24,2026-12-18,C,57.0,733,5,0.9785158398437501,163.1,151.95,158.65
NVDA,2026-08-24,2026-12-18,C,58.0,701,1,1.1279340478515625,149.6,147.1,154.65
NVDA,2026-08-24,2026-12-18,C,59.0,7475,1,1.4499539221191409,160.0,150.5,155.3
NVDA,2026-08-24,2026-12-18,C,60.0,3761,5,1.39453427734375,150.04,149.05,154.05
NVDA,2026-08-24,2026-12-18,C,61.0,568,1,1.4692409350585938,140.65,147.95,153.7
NVDA,2026-08-24,2026-12-18,C,62.0,977,20,1.201175869140625,138.55,143.2,151.15
NVDA,2026-08-24,2026-12-18,C,63.0,2169,1,1.0253954980468751,161.79,146.0,153.1
NVDA,2026-08-24,2026-12-18,C,64.0,1112,1,1.390139768066406,134.73,145.5,150.5
NVDA,2026-08-24,2026-12-18,C,65.0,2152,2,1.0332079589843752,147.4,144.2,151.1
NVDA,2026-08-24,2026-12-18,C,66.0,869,15,1.133305114746094,128.0,139.4,147.1
NVDA,2026-08-24,2026-12-18,C,67.0,761,1,0.9580082324218748,154.0,142.25,148.75
NVDA,2026-08-24,2026-12-18,C,68.0,1357,1,1.1162153564453123,126.5,137.45,145.15
NVDA,2026-08-24,2026-12-18,C,69.0,5030,10,0.9155281884765626,124.73,137.2,143.45
NVDA,2026-08-24,2026-12-18,C,70.0,4214,2,0.90429783203125,147.68,140.8,144.1
NVDA,2026-08-24,2026-12-18,C,71.0,1601,8,0.78711150390625,151.6,138.3,144.2
NVDA,2026-08-24,2026-12-18,C,72.0,678,1,0.9418951123046875,146.25,137.3,143.95
NVDA,2026-08-24,2026-12-18,C,73.0,0,10,1.0000000000000003e-05,144.6,0.0,0.0
NVDA,2026-08-24,2026-12-18,C,74.0,4184,200,0.9589847851562499,141.96,135.65,141.9
NVDA,2026-08-24,2026-12-18,C,75.0,10366,2,0.72851833984375,137.22,135.35,139.1
NVDA,2026-08-24,2026-12-18,C,76.0,346,5,0.936524072265625,143.75,133.35,140.2
NVDA,2026-08-24,2026-12-18,C,77.0,1650,20,1.0449266503906252,119.12,128.4,136.4
NVDA,2026-08-24,2026-12-18,C,78.0,890,15,1.0327196801757816,133.62,127.45,135.4
NVDA,2026-08-24,2026-12-18,C,79.0,1574,1,1.0046436486816406,123.84,127.15,134.3
NVDA,2026-08-24,2026-12-18,C,80.0,14188,5,1.1103560107421875,131.65,129.75,134.15
NVDA,2026-08-24,2026-12-18,C,81.0,1962,40,0.7128934960937501,112.83,128.45,134.1
NVDA,2026-08-24,2026-12-18,C,82.0,1863,1,0.6699251757812501,111.5,127.45,133.0
NVDA,2026-08-24,2026-12-18,C,83.0,2723,9,0.8981943774414061,144.0,126.7,133.2
NVDA,2026-08-24,2026-12-18,C,84.0,1797,1,0.96289099609375,127.92,121.7,129.4
NVDA,2026-08-24,2026-12-18,C,85.0,7466,8,0.920899228515625,127.35,126.85,129.55
NVDA,2026-08-24,2026-12-18,C,86.0,1930,1,0.8476577734374999,124.18,124.35,129.35
NVDA,2026-08-24,2026-12-18,C,87.0,1902,5,0.8706067626953125,137.64,122.55,129.5
NVDA,2026-08-24,2026-12-18,C,88.0,4029,2,0.73633076171875,133.95,121.55,127.4
NVDA,2026-08-24,2026-12-18,C,89.0,1300,1,0.8459488061523437,113.0,120.6,127.4
NVDA,2026-08-24,2026-12-18,C,90.0,13876,1,0.8037129003906249,120.25,121.4,124.25
NVDA,2026-08-24,2026-12-18,C,91.0,2543,1,0.9265144067382812,118.75,120.4,125.0
NVDA,2026-08-24,2026-12-18,C,92.0,1465,1,0.624027197265625,117.76,117.7,122.85
NVDA,2026-08-24,2026-12-18,C,93.0,3545,4,0.8193377441406249,127.45,116.65,123.5
NVDA,2026-08-24,2026-12-18,C,94.0,1347,4,0.8137225659179688,126.45,115.65,122.55
NVDA,2026-08-24,2026-12-18,C,95.0,1943,1,0.7924825439453125,116.1,115.75,120.3
NVDA,2026-08-24,2026-12-18,C,96.0,703,2,0.8024922094726561,126.15,113.7,120.6
NVDA,2026-08-24,2026-12-18,C,97.0,4109,30,0.7443873217773438,114.5,113.15,118.55
NVDA,2026-08-24,2026-12-18,C,98.0,723,4,0.7873556420898438,123.21,111.75,118.6
NVDA,2026-08-24,2026-12-18,C,99.0,1450,4,0.8051777294921875,129.2,111.1,117.65
NVDA,2026-08-24,2026-12-18,C,100.0,17730,2,0.8510757080078125,111.95,112.75,114.95
NVDA,2026-08-24,2026-12-18,C,101.0,12477,1,0.6962920996093751,118.0,109.85,113.7
NVDA,2026-08-24,2026-12-18,C,102.0,1364,10,0.7475611181640626,118.93,107.65,114.65
NVDA,2026-08-24,2026-12-18,C,103.0,12156,8,0.6887238159179689,117.93,107.35,112.3
NVDA,2026-08-24,2026-12-18,C,104.0,464,24,0.7121610815429689,122.39,106.2,111.85
NVDA,2026-08-24,2026-12-18,C,105.0,12169,1,0.6999541723632813,106.35,106.0,110.0
NVDA,2026-08-24,2026-12-18,C,106.0,885,1,0.622074091796875,115.39,104.3,108.9
NVDA,2026-08-24,2026-12-18,C,107.0,966,1,0.7324245507812499,106.0,104.0,108.75
NVDA,2026-08-24,2026-12-18,C,108.0,1240,130,0.7268093725585938,111.4,102.85,107.95
NVDA,2026-08-24,2026-12-18,C,109.0,421,9,0.6669955175781253,112.95,101.0,107.0
NVDA,2026-08-24,2026-12-18,C,110.0,14786,1,0.7124052197265626,102.1,101.85,105.0
NVDA,2026-08-24,2026-12-18,C,111.0,613,34,0.674075524902344,110.67,99.8,104.55
NVDA,2026-08-24,2026-12-18,C,112.0,1439,58,0.7009307250976562,109.67,99.1,103.85
NVDA,2026-08-24,2026-12-18,C,113.0,2209,24,0.6977569287109376,107.27,97.05,104.0
NVDA,2026-08-24,2026-12-18,C,114.0,761,47,0.6945831323242189,106.27,96.1,103.05
NVDA,2026-08-24,2026-12-18,C,115.0,1958,35,0.6057168334960938,105.85,95.85,99.95
NVDA,2026-08-24,2026-12-18,C,116.0,1057,2,0.6777375976562501,96.05,95.2,99.95
NVDA,2026-08-24,2026-12-18,C,117.0,1910,4,0.6720003503417971,104.69,93.2,100.0
NVDA,2026-08-24,2026-12-18,C,118.0,1914,1,0.6687044848632814,98.69,93.15,98.15
NVDA,2026-08-24,2026-12-18,C,119.0,851,9,0.5925333715820313,102.4,91.4,96.65
NVDA,2026-08-24,2026-12-18,C,120.0,7896,2,0.6834748449707033,92.97,92.25,95.75
NVDA,2026-08-24,2026-12-18,C,121.0,881,1,0.629886513671875,90.0,91.25,93.75
NVDA,2026-08-24,2026-12-18,C,122.0,2746,1,0.6291540991210938,91.97,90.1,93.05
NVDA,2026-08-24,2026-12-18,C,123.0,941,30,0.6459996337890624,98.89,89.7,92.0
NVDA,2026-08-24,2026-12-18,C,124.0,903,13,0.6379430737304688,98.01,88.15,91.55
NVDA,2026-08-24,2026-12-18,C,125.0,12379,1,0.6103554589843752,88.1,86.95,90.3
NVDA,2026-08-24,2026-12-18,C,126.0,4423,58,0.5910685424804689,96.02,85.95,89.05
NVDA,2026-08-24,2026-12-18,C,127.0,1702,30,0.6262244409179689,93.54,84.7,89.3
NVDA,2026-08-24,2026-12-18,C,128.0,1311,41,0.6042520043945314,93.6,84.15,87.5
NVDA,2026-08-24,2026-12-18,C,129.0,1200,1,0.6123085644531252,82.6,83.55,86.5
NVDA,2026-08-24,2026-12-18,C,130.0,30643,1,0.6335485864257813,85.83,83.4,85.45
NVDA,2026-08-24,2026-12-18,C,132.0,2384,2,0.5463912548828126,85.65,79.9,83.1
NVDA,2026-08-24,2026-12-18,C,134.0,2076,1,0.5964395825195312,78.85,78.1,82.6
NVDA,2026-08-24,2026-12-18,C,135.0,2998,2,0.5903361279296876,80.2,78.0,80.75
NVDA,2026-08-24,2026-12-18,C,136.0,2116,1,0.5473678076171876,84.25,76.4,79.35
NVDA,2026-08-24,2026-12-18,C,138.0,2783,3,0.5014698291015626,75.0,73.65,77.3
NVDA,2026-08-24,2026-12-18,C,140.0,13126,4,0.5719036950683594,74.3,74.0,75.4
NVDA,2026-08-24,2026-12-18,C,142.0,1275,4,0.5637250659179689,70.32,71.75,73.9
NVDA,2026-08-24,2026-12-18,C,144.0,1256,16,0.553837469482422,69.2,69.9,71.95
NVDA,2026-08-24,2026-12-18,C,145.0,3273,9,0.5433395275878907,67.8,69.2,70.55
NVDA,2026-08-24,2026-12-18,C,146.0,1922,27,0.5397995239257813,71.75,68.0,69.9
NVDA,2026-08-24,2026-12-18,C,148.0,9119,40,0.5258836474609375,64.1,66.2,67.75
NVDA,2026-08-24,2026-12-18,C,150.0,15542,92,0.5395553857421876,65.3,65.15,65.95
NVDA,2026-08-24,2026-12-18,C,152.0,912,4,0.5131884619140624,62.0,62.55,64.1
NVDA,2026-08-24,2026-12-18,C,154.0,3722,34,0.5051319018554687,60.47,60.7,62.25
NVDA,2026-08-24,2026-12-18,C,155.0,1018,34,0.5055591436767577,59.62,59.9,61.4
NVDA,2026-08-24,2026-12-18,C,156.0,2297,1,0.5045825909423829,58.59,58.9,60.7
NVDA,2026-08-24,2026-12-18,C,158.0,1142,1,0.5227098510742187,55.25,57.25,58.6
NVDA,2026-08-24,2026-12-18,C,160.0,15558,103,0.5018360363769532,56.3,56.1,56.85
NVDA,2026-08-24,2026-12-18,C,162.0,1215,2,0.5083056982421875,53.2,54.35,55.05
NVDA,2026-08-24,2026-12-18,C,164.0,29903,2,0.5069629382324219,51.89,52.4,53.45
NVDA,2026-08-24,2026-12-18,C,165.0,2653,101,0.49884534362792965,51.13,51.55,52.45
NVDA,2026-08-24,2026-12-18,C,166.0,842,2,0.530400203857422,48.18,50.65,52.6
NVDA,2026-08-24,2026-12-18,C,167.0,622,30,0.5102588037109376,48.35,49.5,51.25
NVDA,2026-08-24,2026-12-18,C,168.0,1212,2,0.49017843811035167,47.31,48.95,49.9
NVDA,2026-08-24,2026-12-18,C,169.0,1387,3,0.4870656762695313,47.05,47.95,49.05
NVDA,2026-08-24,2026-12-18,C,170.0,7664,13,0.4821829125976563,47.7,47.7,48.15
NVDA,2026-08-24,2026-12-18,C,171.0,1276,5,0.48053497985839844,48.9,46.7,47.35
NVDA,2026-08-24,2026-12-18,C,172.0,1614,10,0.4802908416748046,48.95,45.15,46.6
NVDA,2026-08-24,2026-12-18,C,173.0,399,4,0.47510290527343746,48.25,44.6,45.7
NVDA,2026-08-24,2026-12-18,C,174.0,2158,1,0.4730277307128906,42.85,43.75,44.9
NVDA,2026-08-24,2026-12-18,C,175.0,5886,20,0.46771772521972654,43.75,43.3,44.0
NVDA,2026-08-24,2026-12-18,C,176.0,14683,20,0.4683891052246094,43.63,42.65,43.3
NVDA,2026-08-24,2026-12-18,C,177.0,1622,2,0.4643608251953125,42.01,41.4,42.45
NVDA,2026-08-24,2026-12-18,C,178.0,2324,4,0.4704032452392578,40.0,40.75,41.95
NVDA,2026-08-24,2026-12-18,C,179.0,2997,1,0.48016877258300783,39.57,39.95,41.6
NVDA,2026-08-24,2026-12-18,C,180.0,23066,19,0.4588677160644532,39.6,39.6,40.15
NVDA,2026-08-24,2026-12-18,C,181.0,3744,3,0.46411668701171876,35.85,38.45,39.65
NVDA,2026-08-24,2026-12-18,C,182.0,1968,1,0.45404598693847653,39.36,37.85,38.6
NVDA,2026-08-24,2026-12-18,C,183.0,2743,1,0.4520928814697266,40.4,36.85,37.85
NVDA,2026-08-24,2026-12-18,C,184.0,2651,2,0.4512994323730469,33.9,36.2,37.15
NVDA,2026-08-24,2026-12-18,C,185.0,4402,32,0.4490411541748046,36.02,35.75,36.4
NVDA,2026-08-24,2026-12-18,C,186.0,1956,7,0.455632885131836,35.49,34.95,36.0
NVDA,2026-08-24,2026-12-18,C,187.0,1495,4,0.4542290905761719,38.1,34.25,35.3
NVDA,2026-08-24,2026-12-18,C,188.0,2074,2,0.4439142523193359,33.98,33.65,34.25
NVDA,2026-08-24,2026-12-18,C,189.0,5602,4,0.4422663195800781,33.03,33.05,33.55
NVDA,2026-08-24,2026-12-18,C,190.0,11870,155,0.4429987341308594,32.59,32.35,32.95
NVDA,2026-08-24,2026-12-18,C,191.0,1845,5,0.44348701049804684,28.7,31.45,32.35
NVDA,2026-08-24,2026-12-18,C,192.0,993,4,0.43774976318359377,29.6,30.8,31.5
NVDA,2026-08-24,2026-12-18,C,193.0,1533,2,0.44147287048339845,30.4,30.1,31.05
NVDA,2026-08-24,2026-12-18,C,194.0,12720,5,0.4343318286132813,28.5,29.8,30.15
NVDA,2026-08-24,2026-12-18,C,195.0,4471,68,0.4329890686035156,28.75,29.1,29.5
NVDA,2026-08-24,2026-12-18,C,200.0,49346,483,0.4271297521972657,26.3,26.0,26.4
NVDA,2026-08-24,2026-12-18,C,205.0,5842,144,0.4215756085205078,23.27,23.3,23.5
NVDA,2026-08-24,2026-12-18,C,210.0,23121,343,0.4173031903076171,20.75,20.6,20.85
NVDA,2026-08-24,2026-12-18,C,212.0,2354,189,0.4146787048339844,19.75,19.6,19.8
NVDA,2026-08-24,2026-12-18,C,213.0,2535,69,0.41571629211425776,19.25,19.1,19.4
NVDA,2026-08-24,2026-12-18,C,214.0,2624,123,0.41452611846923826,18.75,18.65,18.9
NVDA,2026-08-24,2026-12-18,C,215.0,15001,892,0.41211525390625,18.35,18.15,18.35
NVDA,2026-08-24,2026-12-18,C,216.0,2718,8,0.41477025665283207,17.55,17.65,18.05
NVDA,2026-08-24,2026-12-18,C,217.0,1048,20,0.4130612893676757,17.08,17.3,17.55
NVDA,2026-08-24,2026-12-18,C,218.0,1470,24,0.41226784027099606,17.05,16.75,17.1
NVDA,2026-08-24,2026-12-18,C,219.0,1431,1010,0.41129128753662114,16.65,16.45,16.65
NVDA,2026-08-24,2026-12-18,C,220.0,58198,483,0.41119973571777346,16.15,16.0,16.25
NVDA,2026-08-24,2026-12-18,C,221.0,2304,14,0.40991801025390623,15.22,15.5,15.8
NVDA,2026-08-24,2026-12-18,C,222.0,2305,18,0.40955180297851557,14.75,15.05,15.4
NVDA,2026-08-24,2026-12-18,C,223.0,2172,13,0.4089719747924804,14.4,14.7,15.0
NVDA,2026-08-24,2026-12-18,C,224.0,1494,69,0.40930766479492187,14.52,14.35,14.65
NVDA,2026-08-24,2026-12-18,C,225.0,16991,81,0.4074155938720704,14.12,14.05,14.2
NVDA,2026-08-24,2026-12-18,C,226.0,2873,24,0.4085142156982422,13.3,13.55,13.9
NVDA,2026-08-24,2026-12-18,C,227.0,1265,166,0.4041197283935547,13.3,13.25,13.35
NVDA,2026-08-24,2026-12-18,C,228.0,17623,18,0.4038450729370118,12.7,12.9,13.0
NVDA,2026-08-24,2026-12-18,C,230.0,19641,535,0.4039061074829102,12.34,12.25,12.35
NVDA,2026-08-24,2026-12-18,C,235.0,9254,867,0.4019835192871094,10.8,10.65,10.75
NVDA,2026-08-24,2026-12-18,C,240.0,22194,221,0.40204455383300786,9.32,9.25,9.4
NVDA,2026-08-24,2026-12-18,C,245.0,7817,83,0.40097644927978515,8.05,7.95,8.15
NVDA,2026-08-24,2026-12-18,C,250.0,34093,400,0.4014036911010742,6.95,6.9,7.1
NVDA,2026-08-24,2026-12-18,C,255.0,7997,120,0.39990834472656256,6.01,5.95,6.1
NVDA,2026-08-24,2026-12-18,C,260.0,19847,276,0.3992369647216797,5.15,5.1,5.25
NVDA,2026-08-24,2026-12-18,C,265.0,4771,220,0.398443515625,4.36,4.4,4.5
NVDA,2026-08-24,2026-12-18,C,270.0,17313,219,0.3994811029052735,3.86,3.75,3.9
NVDA,2026-08-24,2026-12-18,C,275.0,8426,217,0.39777213562011715,3.3,3.2,3.3
NVDA,2026-08-24,2026-12-18,C,280.0,33640,113,0.3991759301757813,2.77,2.77,2.86
NVDA,2026-08-24,2026-12-18,C,285.0,1681,136,0.40241076110839846,2.43,2.41,2.52
NVDA,2026-08-24,2026-12-18,C,290.0,9249,66,0.4031431756591797,2.13,2.07,2.17
NVDA,2026-08-24,2026-12-18,C,295.0,4766,104,0.40601179931640624,1.79,1.79,1.91
NVDA,2026-08-24,2026-12-18,C,300.0,37212,827,0.40601179931640624,1.62,1.6,1.63
NVDA,2026-08-24,2026-12-18,C,305.0,2198,49,0.4102842175292969,1.38,1.34,1.46
NVDA,2026-08-24,2026-12-18,C,310.0,7331,122,0.4144345666503906,1.25,1.19,1.31
NVDA,2026-08-24,2026-12-18,C,315.0,653,46,0.4172421557617187,1.09,1.04,1.16
NVDA,2026-08-24,2026-12-18,C,320.0,5162,36,0.41797457031249996,0.97,0.92,1.0
NVDA,2026-08-24,2026-12-18,C,325.0,1528,23,0.4226131958007812,0.83,0.81,0.91
NVDA,2026-08-24,2026-12-18,C,330.0,4788,122,0.42456630126953127,0.74,0.72,0.8
NVDA,2026-08-24,2026-12-18,C,335.0,1014,5,0.43018147949218755,0.71,0.6,0.74
NVDA,2026-08-24,2026-12-18,C,340.0,4319,23,0.43164630859375,0.58,0.58,0.65
NVDA,2026-08-24,2026-12-18,C,345.0,356,4,0.43555251953125,0.54,0.53,0.59
NVDA,2026-08-24,2026-12-18,C,350.0,3530,114,0.43970286865234376,0.53,0.47,0.54
NVDA,2026-08-24,2026-12-18,C,355.0,955,5,0.45337460693359377,0.46,0.42,0.57
NVDA,2026-08-24,2026-12-18,C,360.0,3908,54,0.4484918432617187,0.4,0.38,0.46
NVDA,2026-08-24,2026-12-18,C,365.0,376,9,0.45215391601562505,0.35,0.31,0.42
NVDA,2026-08-24,2026-12-18,C,370.0,2385,4,0.45313046875,0.33,0.33,0.37
NVDA,2026-08-24,2026-12-18,C,375.0,560,6,0.47046427978515626,0.32,0.24,0.42
NVDA,2026-08-24,2026-12-18,C,380.0,961,1,0.47437049072265625,0.3,0.18,0.39
NVDA,2026-08-24,2026-12-18,C,385.0,1534,2,0.481450498046875,0.38,0.16,0.38
NVDA,2026-08-24,2026-12-18,C,390.0,4728,535,0.4682670361328125,0.23,0.19,0.27
NVDA,2026-08-24,2026-12-18,C,400.0,7430,7,0.4721732470703125,0.21,0.18,0.22
NVDA,2026-08-24,2026-12-18,C,410.0,1476,2,0.5043994873046875,0.18,0.12,0.29
NVDA,2026-08-24,2026-12-18,C,420.0,5364,26,0.48730981445312505,0.15,0.14,0.17
NVDA,2026-08-24,2026-12-18,C,430.0,820,1,0.49805189453125004,0.14,0.02,0.16
NVDA,2026-08-24,2026-12-18,C,440.0,458,1,0.5185595019531251,0.14,0.02,0.18
NVDA,2026-08-24,2026-12-18,C,450.0,3806,4,0.506840869140625,0.1,0.07,0.16
NVDA,2026-08-24,2026-12-18,C,455.0,1844,519,0.5107470800781251,0.12,0.01,0.21
NVDA,2026-08-24,2026-12-18,C,460.0,10367,244,0.50586431640625,0.09,0.07,0.11
NVDA,2026-08-24,2026-12-18,C,470.0,39,2,0.0,810.3,812.7,828.8
NVDA,2026-08-24,2026-12-18,C,480.0,83,3,0.0,813.2,806.0,821.4
NVDA,2026-08-24,2026-12-18,C,490.0,276,1,0.0,806.28,797.9,814.05
NVDA,2026-08-24,2026-12-18,C,500.0,528,7,0.0,797.0,790.85,805.9
NVDA,2026-08-24,2026-12-18,C,510.0,211,3,0.0,793.7,784.0,799.45
NVDA,2026-08-24,2026-12-18,C,520.0,132,1,0.0,726.86,776.0,792.25
NVDA,2026-08-24,2026-12-18,C,530.0,114,1,0.0,692.05,768.45,785.05
NVDA,2026-08-24,2026-12-18,C,540.0,71,1,0.0,762.35,761.85,777.95
NVDA,2026-08-24,2026-12-18,C,550.0,389,1,0.0,749.95,754.8,770.9
NVDA,2026-08-24,2026-12-18,C,560.0,96,2,0.0,755.0,748.0,763.95
NVDA,2026-08-24,2026-12-18,C,570.0,69,1,0.0,739.64,740.0,757.0
NVDA,2026-08-24,2026-12-18,C,580.0,102,3,0.0,727.94,734.2,749.25
NVDA,2026-08-24,2026-12-18,C,590.0,1167,1,0.0,670.0,727.15,743.3
NVDA,2026-08-24,2026-12-18,C,600.0,594,1,0.0,710.0,720.35,736.5
NVDA,2026-08-24,2026-12-18,C,610.0,76,1,0.0,718.0,714.0,729.4
NVDA,2026-08-24,2026-12-18,C,620.0,193,6,0.0,712.57,707.25,722.65
NVDA,2026-08-24,2026-12-18,C,630.0,256,5,0.0,709.5,700.4,716.55
NVDA,2026-08-24,2026-12-18,C,640.0,116,1,0.0,692.3,693.8,709.55
NVDA,2026-08-24,2026-12-18,C,650.0,320,8,0.0,696.13,687.3,703.45
NVDA,2026-08-24,2026-12-18,C,660.0,81,6,0.0,675.89,681.1,696.15
NVDA,2026-08-24,2026-12-18,C,670.0,128,2,0.0,680.0,674.45,690.6
NVDA,2026-08-24,2026-12-18,C,680.0,129,2,0.0,684.02,668.0,684.25
NVDA,2026-08-24,2026-12-18,C,690.0,824,2,0.0,671.94,661.85,677.55
NVDA,2026-08-24,2026-12-18,C,700.0,761,2,0.0,650.41,656.2,670.7
NVDA,2026-08-24,2026-12-18,C,710.0,207,3,0.0,658.0,650.3,664.4
NVDA,2026-08-24,2026-12-18,C,720.0,141,1,0.0,595.96,644.15,658.55
NVDA,2026-08-24,2026-12-18,C,730.0,81,2,0.0,538.35,638.05,653.25
NVDA,2026-08-24,2026-12-18,C,740.0,539,1,0.0,627.2,632.05,646.2
NVDA,2026-08-24,2026-12-18,C,750.0,640,2,0.0,638.0,626.1,641.0
NVDA,2026-08-24,2026-12-18,C,760.0,60,1,0.0,631.55,620.05,634.65
NVDA,2026-08-24,2026-12-18,C,770.0,208,3,0.0,621.53,614.3,628.25
NVDA,2026-08-24,2026-12-18,C,780.0,93,2,0.0,602.47,607.25,623.1
NVDA,2026-08-24,2026-12-18,C,790.0,150,2,0.0,596.47,602.75,616.9
NVDA,2026-08-24,2026-12-18,C,800.0,1713,5,0.0,591.15,597.05,611.2
NVDA,2026-08-24,2026-12-18,C,810.0,238,3,0.0,582.67,591.45,605.75
NVDA,2026-08-24,2026-12-18,C,820.0,263,1,0.0,582.1,585.85,600.25
NVDA,2026-08-24,2026-12-18,C,830.0,302,2,0.0,572.66,580.4,594.75
NVDA,2026-08-24,2026-12-18,C,840.0,230,7,0.0,584.48,574.9,589.65
NVDA,2026-08-24,2026-12-18,C,850.0,585,2,0.0,572.0,569.5,583.65
NVDA,2026-08-24,2026-12-18,C,860.0,271,7,0.0,573.0,564.0,578.05
NVDA,2026-08-24,2026-12-18,C,870.0,247,1,0.0,563.49,558.75,572.6
NVDA,2026-08-24,2026-12-18,C,880.0,720,2,0.0,557.0,553.35,567.65
NVDA,2026-08-24,2026-12-18,C,890.0,124,35,0.0,553.4,548.15,562.2
NVDA,2026-08-24,2026-12-18,C,900.0,1874,16,0.0,548.77,543.05,557.1
NVDA,2026-08-24,2026-12-18,C,910.0,308,1,0.0,529.62,537.8,551.8
NVDA,2026-08-24,2026-12-18,C,920.0,255,1,0.0,525.15,533.05,546.5
NVDA,2026-08-24,2026-12-18,C,930.0,208,2,0.0,529.6,527.95,541.85
NVDA,2026-08-24,2026-12-18,C,940.0,198,2,0.0,534.68,523.0,536.65
NVDA,2026-08-24,2026-12-18,C,950.0,306,1,0.0,520.0,517.95,531.8
NVDA,2026-08-24,2026-12-18,C,960.0,90,1,0.0,505.85,513.0,526.9
NVDA,2026-08-24,2026-12-18,C,970.0,432,2,0.0,500.86,508.2,521.95
NVDA,2026-08-24,2026-12-18,C,980.0,59,1,0.0,496.14,503.7,517.15
NVDA,2026-08-24,2026-12-18,C,990.0,130,1,0.0,494.62,498.8,511.85
NVDA,2026-08-24,2026-12-18,C,1000.0,1891,29,0.0,500.0,499.0,506.4
NVDA,2026-08-24,2026-12-18,C,1010.0,87,5,0.0,483.7,489.35,503.3
NVDA,2026-08-24,2026-12-18,C,1020.0,160,7,0.0,484.0,484.95,498.5
NVDA,2026-08-24,2026-12-18,C,1030.0,60,2,0.0,477.0,483.7,490.4
NVDA,2026-08-24,2026-12-18,C,1040.0,57,2,0.0,483.88,479.1,485.8
NVDA,2026-08-24,2026-12-18,C,1050.0,1161,5,0.0,475.32,474.5,481.9
NVDA,2026-08-24,2026-12-18,C,1060.0,51,1,0.0,466.0,470.3,476.95
NVDA,2026-08-24,2026-12-18,C,1070.0,110,1,0.0,473.53,465.8,472.5
NVDA,2026-08-24,2026-12-18,C,1080.0,147,1,0.0,464.85,461.45,468.2
NVDA,2026-08-24,2026-12-18,C,1090.0,37,2,0.0,460.46,457.1,463.85
NVDA,2026-08-24,2026-12-18,C,1100.0,1802,43,0.0,458.14,453.45,459.2
NVDA,2026-08-24,2026-12-18,C,1110.0,77,4,0.0,453.9,449.0,455.45
NVDA,2026-08-24,2026-12-18,C,1120.0,197,3,0.0,447.72,444.55,451.2
NVDA,2026-08-24,2026-12-18,C,1130.0,278,2,0.0,440.0,440.25,447.15
NVDA,2026-08-24,2026-12-18,C,1140.0,85,1,0.0,436.75,436.25,443.0
NVDA,2026-08-24,2026-12-18,C,1150.0,181,6,0.0,436.0,432.7,438.45
NVDA,2026-08-24,2026-12-18,C,1160.0,62,1,0.0,430.45,428.1,434.9
NVDA,2026-08-24,2026-12-18,C,1170.0,114,26,0.0,428.05,424.1,428.0
NVDA,2026-08-24,2026-12-18,C,1180.0,149,1,0.0,414.38,420.15,427.1
NVDA,2026-08-24,2026-12-18,C,1190.0,87,10,0.0,424.72,416.25,423.1
NVDA,2026-08-24,2026-12-18,C,1200.0,1201,55,0.0,415.92,412.55,419.0
NVDA,2026-08-24,2026-12-18,C,1210.0,102,68,0.0,413.47,408.7,415.5
NVDA,2026-08-24,2026-12-18,C,1220.0,350,16,0.0,411.05,404.85,411.7
NVDA,2026-08-24,2026-12-18,C,1230.0,1771,2,0.0,394.52,399.55,409.15
NVDA,2026-08-24,2026-12-18,C,1240.0,49,15,0.0,405.0,397.3,404.3
NVDA,2026-08-24,2026-12-18,C,1250.0,673,31,0.0,398.05,394.25,400.05
NVDA,2026-08-24,2026-12-18,C,1260.0,107,17,0.0,394.28,389.95,397.05
NVDA,2026-08-24,2026-12-18,C,1270.0,35,3,0.0,382.61,386.5,393.4
NVDA,2026-08-24,2026-12-18,C,1280.0,50,4,0.0,389.0,382.85,390.0
NVDA,2026-08-24,2026-12-18,C,1290.0,93,4,0.0,369.28,379.3,386.3
NVDA,2026-08-24,2026-12-18,C,1300.0,3764,25,0.0,385.0,376.45,382.3
NVDA,2026-08-24,2026-12-18,C,1320.0,186,3,0.0,371.45,369.0,375.6
NVDA,2026-08-24,2026-12-18,C,1340.0,165,1,0.0,365.23,362.2,368.95
NVDA,2026-08-24,2026-12-18,C,1360.0,54,2,0.0,361.2,355.6,362.35
NVDA,2026-08-24,2026-12-18,C,1380.0,247,7,0.0,349.08,349.15,355.35
NVDA,2026-08-24,2026-12-18,C,1400.0,877,27,0.0,346.75,343.0,348.9
NVDA,2026-08-24,2026-12-18,C,1420.0,84,4,0.0,341.32,336.6,342.85
NVDA,2026-08-24,2026-12-18,C,1440.0,114,1,0.0,335.07,330.6,338.55
NVDA,2026-08-24,2026-12-18,C,1460.0,164,3,0.0,328.0,324.6,331.35
NVDA,2026-08-24,2026-12-18,C,1480.0,597,27,0.0,309.0,318.8,326.35
NVDA,2026-08-24,2026-12-18,C,1500.0,742,24,0.0,318.0,313.6,318.5
NVDA,2026-08-24,2026-12-18,C,1520.0,50,8,0.0,312.57,307.5,314.15
NVDA,2026-08-24,2026-12-18,C,1540.0,100,80,0.0,305.77,301.95,308.45
NVDA,2026-08-24,2026-12-18,C,1560.0,365,8,0.0,297.94,296.7,304.0
NVDA,2026-08-24,2026-12-18,C,1580.0,42,8,0.0,294.32,291.3,298.3
NVDA,2026-08-24,2026-12-18,C,1600.0,155,16,0.0,292.0,286.95,293.1
NVDA,2026-08-24,2026-12-18,C,1620.0,102,1,0.0,289.05,281.3,287.6
NVDA,2026-08-24,2026-12-18,C,1640.0,3193,5,0.0,280.0,275.15,284.6
NVDA,2026-08-24,2026-12-18,C,1650.0,29,8,0.0,280.5,274.45,280.0
NVDA,2026-08-24,2026-12-18,C,1660.0,67,10,0.0,219.12,271.35,277.75
NVDA,2026-08-24,2026-12-18,C,1670.0,43,3,0.0,190.46,269.1,276.55
NVDA,2026-08-24,2026-12-18,C,1680.0,95,4,0.0,262.92,266.8,272.55
NVDA,2026-08-24,2026-12-18,C,1690.0,19,1,0.0,259.2,264.45,270.2
NVDA,2026-08-24,2026-12-18,C,1700.0,141,11,0.0,265.62,262.75,268.85
NVDA,2026-08-24,2026-12-18,C,1710.0,2,2,0.0,258.3,259.7,265.6
NVDA,2026-08-24,2026-12-18,C,1720.0,6,2,0.0,262.55,258.65,263.4
NVDA,2026-08-24,2026-12-18,C,1730.0,34,12,0.0,256.21,257.0,261.1
NVDA,2026-08-24,2026-12-18,C,1740.0,256,2,0.0,250.06,254.8,258.8
NVDA,2026-08-24,2026-12-18,C,1750.0,89,36,0.0,259.95,252.65,256.5
NVDA,2026-08-24,2026-12-18,C,1760.0,1624,10,0.0,256.85,248.9,256.0
NVDA,2026-08-24,2026-12-18,C,1770.0,32,6,0.0,252.6,248.3,252.6
NVDA,2026-08-24,2026-12-18,C,1780.0,82,10,0.0,247.71,246.15,250.55
NVDA,2026-08-24,2026-12-18,C,1790.0,240,3,0.0,239.0,244.1,248.4
NVDA,2026-08-24,2026-12-18,C,1800.0,662,71,0.0,241.93,242.1,245.9
NVDA,2026-08-24,2026-12-18,C,1810.0,18,8,0.0,116.85,239.6,244.55
NVDA,2026-08-24,2026-12-18,C,1820.0,68,4,0.0,241.55,238.0,242.25
NVDA,2026-08-24,2026-12-18,C,1830.0,40,2,0.0,227.74,235.9,240.2
NVDA,2026-08-24,2026-12-18,C,1840.0,101,2,0.0,234.85,233.9,238.2
NVDA,2026-08-24,2026-12-18,C,1850.0,36,1,0.0,232.0,232.0,235.85
NVDA,2026-08-24,2026-12-18,C,1860.0,33,5,0.0,232.85,229.95,234.3
NVDA,2026-08-24,2026-12-18,C,1870.0,67,9,0.0,235.37,228.05,231.9
NVDA,2026-08-24,2026-12-18,C,1880.0,54,1,0.0,230.0,226.05,230.4
NVDA,2026-08-24,2026-12-18,C,1890.0,37,1,0.0,220.65,224.35,228.5
NVDA,2026-08-24,2026-12-18,C,1900.0,401,33,0.0,224.0,222.35,226.3
NVDA,2026-08-24,2026-12-18,C,1910.0,20,3,0.0,220.97,220.55,224.45
NVDA,2026-08-24,2026-12-18,C,1920.0,74,1,0.0,188.7,218.7,222.65
NVDA,2026-08-24,2026-12-18,C,1930.0,101,2,0.0,181.4,216.8,220.8
NVDA,2026-08-24,2026-12-18,C,1940.0,1895,5,0.0,217.0,214.5,219.55
NVDA,2026-08-24,2026-12-18,C,1950.0,8,7,0.0,217.01,213.6,217.25
NVDA,2026-08-24,2026-12-18,C,2000.0,283,212,9.26855889465332,206.64,204.75,208.65
NVDA,2026-08-24,2026-12-18,C,2050.0,5,2,8.096928767547606,198.83,196.5,200.85
NVDA,2026-08-24,2026-12-18,C,2100.0,64,4,7.4445807723999025,186.4,188.9,192.6
NVDA,2026-08-24,2026-12-18,C,2120.0,129,1,7.242310517425538,190.0,185.5,189.7
NVDA,2026-08-24,2026-12-18,C,2130.0,6,0,7.152222739410402,186.65,184.0,188.15
NVDA,2026-08-24,2026-12-18,C,2150.0,1,2,6.992921180725098,147.0,181.25,185.1
NVDA,2026-08-24,2026-12-18,C,2170.0,1,0,6.845033181991577,150.36,178.15,182.35
NVDA,2026-08-24,2026-12-18,C,2180.0,1,0,6.779542541198731,170.5,176.8,180.95
NVDA,2026-08-24,2026-12-18,C,2200.0,87,2,6.65966964416504,176.05,174.35,178.1
NVDA,2026-08-24,2026-12-18,C,2210.0,9,1,6.591188284454347,173.55,172.6,176.7
NVDA,2026-08-24,2026-12-18,C,2220.0,1,0,6.534791870574951,184.7,171.25,175.35
NVDA,2026-08-24,2026-12-18,C,2230.0,1,2,6.485231385650635,137.8,170.15,174.0
NVDA,2026-08-24,2026-12-18,C,2240.0,1,4,6.426576673812866,125.0,168.55,172.65
NVDA,2026-08-24,2026-12-18,C,2250.0,16,40,6.377565504608155,166.86,167.55,171.1
NVDA,2026-08-24,2026-12-18,C,2260.0,3,2,6.326784318084718,170.5,165.95,170.0
NVDA,2026-08-24,2026-12-18,C,2270.0,20,21,6.280153516998291,162.3,164.7,168.7
NVDA,2026-08-24,2026-12-18,C,2280.0,4395,170,6.232607189712524,165.0,163.4,167.35
NVDA,2026-08-24,2026-12-18,C,2300.0,0,82,6.147890498733521,163.7,161.15,164.7
NVDA,2026-08-24,2026-12-18,C,2350.0,5,1,5.950380979995728,154.05,155.05,158.6
NVDA,2026-08-24,2026-12-18,C,2400.0,107,13,5.775759616241456,151.0,149.15,152.75
NVDA,2026-08-24,2026-12-18,C,2450.0,0,14,5.622622600631713,145.12,143.6,147.2
NVDA,2026-08-24,2026-12-18,C,2500.0,0,92,5.4735139002990705,139.77,138.55,140.8
NVDA,2026-08-24,2026-12-18,P,0.5,31533,2,3.50000125,0.01,0.0,0.01
NVDA,2026-08-24,2026-12-18,P,1.0,5945,1,3.06250234375,0.01,0.0,0.01
NVDA,2026-08-24,2026-12-18,P,1.5,490,2,3.9531251171874997,0.01,0.0,0.22
NVDA,2026-08-24,2026-12-18,P,2.0,0,20,0.500005,0.07,0.0,0.0
NVDA,2026-08-24,2026-12-18,P,2.5,4768,1,2.50000375,0.01,0.0,0.01
NVDA,2026-08-24,2026-12-18,P,3.0,1652,1,2.3750040624999995,0.01,0.0,0.01
NVDA,2026-08-24,2026-12-18,P,3.5,198,39,2.468753828125,0.01,0.0,0.03
NVDA,2026-08-24,2026-12-18,P,4.0,725,5,2.1875045312499997,0.01,0.0,0.01
NVDA,2026-08-24,2026-12-18,P,4.5,0,32,2.2500043749999996,0.02,0.0,0.02
NVDA,2026-08-24,2026-12-18,P,5.0,2551,2,2.0625048437499998,0.02,0.0,0.01
NVDA,2026-08-24,2026-12-18,P,6.0,852,1,2.4140664648437498,0.1,0.0,0.11
NVDA,2026-08-24,2026-12-18,P,7.0,1077,1,2.031254921875,0.01,0.0,0.03
NVDA,2026-08-24,2026-12-18,P,8.0,891,20,1.875000625,0.01,0.0,0.02
NVDA,2026-08-24,2026-12-18,P,9.0,1198,1,2.1093797265624996,0.02,0.0,0.11
NVDA,2026-08-24,2026-12-18,P,10.0,12617,1,1.625001875,0.01,0.0,0.01
NVDA,2026-08-24,2026-12-18,P,11.0,2415,10,1.984375078125,0.01,0.0,0.12
NVDA,2026-08-24,2026-12-18,P,12.0,215,3,2.1718795703125,0.01,0.0,0.34
NVDA,2026-08-24,2026-12-18,P,13.0,13051,2,1.671876640625,0.05,0.0,0.04
NVDA,2026-08-24,2026-12-18,P,14.0,0,51,0.500005,0.01,0.0,0.0
NVDA,2026-08-24,2026-12-18,P,15.0,7670,1,1.5000025,0.01,0.0,0.02
NVDA,2026-08-24,2026-12-18,P,16.0,621,9,1.71875140625,0.02,0.0,0.12
NVDA,2026-08-24,2026-12-18,P,17.0,2815,4,1.3437532812499997,0.03,0.0,0.01
NVDA,2026-08-24,2026-12-18,P,18.0,1550,2,1.6367205664062499,0.03,0.0,0.12
NVDA,2026-08-24,2026-12-18,P,19.0,407,2,1.6015644921874999,0.04,0.0,0.12
NVDA,2026-08-24,2026-12-18,P,20.0,19301,10,1.3281283593749997,0.01,0.0,0.02
NVDA,2026-08-24,2026-12-18,P,21.0,752,4,1.54297103515625,0.03,0.0,0.13
NVDA,2026-08-24,2026-12-18,P,22.0,2262,1,1.5000025,0.14,0.0,0.12
NVDA,2026-08-24,2026-12-18,P,23.0,0,10,0.500005,0.03,0.0,0.0
NVDA,2026-08-24,2026-12-18,P,24.0,815,3,1.3671906640625,0.02,0.0,0.07
NVDA,2026-08-24,2026-12-18,P,25.0,30135,4,1.2734411328124997,0.01,0.01,0.03
NVDA,2026-08-24,2026-12-18,P,26.0,697,1,1.3984405078125,0.02,0.0,0.13
NVDA,2026-08-24,2026-12-18,P,27.0,1304,1,1.3359408203124996,0.02,0.0,0.1
NVDA,2026-08-24,2026-12-18,P,28.0,4781,2,1.171879140625,0.01,0.0,0.03
NVDA,2026-08-24,2026-12-18,P,29.0,781,12,1.2578162109375,0.03,0.01,0.07
NVDA,2026-08-24,2026-12-18,P,30.0,4899,12,1.203128984375,0.02,0.01,0.05
NVDA,2026-08-24,2026-12-18,P,31.0,934,4,1.1640666796875,0.02,0.01,0.04
NVDA,2026-08-24,2026-12-18,P,32.0,1255,8,1.2578162109375,0.04,0.01,0.12
NVDA,2026-08-24,2026-12-18,P,33.0,1192,38,1.2148476757812499,0.03,0.01,0.1
NVDA,2026-08-24,2026-12-18,P,34.0,1297,9,1.15625421875,0.04,0.01,0.07
NVDA,2026-08-24,2026-12-18,P,35.0,2668,2,1.09375453125,0.03,0.01,0.04
NVDA,2026-08-24,2026-12-18,P,36.0,475,8,1.125004375,0.04,0.01,0.07
NVDA,2026-08-24,2026-12-18,P,37.0,652,21,1.1054732226562503,0.04,0.01,0.07
NVDA,2026-08-24,2026-12-18,P,38.0,972,20,1.16016044921875,0.04,0.01,0.14
NVDA,2026-08-24,2026-12-18,P,39.0,451,12,1.1445355273437499,0.04,0.01,0.14
NVDA,2026-08-24,2026-12-18,P,40.0,7361,12,1.0273486132812502,0.05,0.01,0.05
NVDA,2026-08-24,2026-12-18,P,41.0,1295,18,1.015629921875,0.03,0.01,0.05
NVDA,2026-08-24,2026-12-18,P,42.0,605,36,1.0664109179687502,0.05,0.01,0.11
NVDA,2026-08-24,2026-12-18,P,43.0,856,24,1.0859420703125,0.05,0.01,0.15
NVDA,2026-08-24,2026-12-18,P,44.0,1517,12,1.0703171484375003,0.04,0.01,0.15
NVDA,2026-08-24,2026-12-18,P,45.0,12969,3,0.992187578125,0.04,0.01,0.08
NVDA,2026-08-24,2026-12-18,P,46.0,1859,1,1.0468797656250002,0.05,0.01,0.16
NVDA,2026-08-24,2026-12-18,P,47.0,2719,24,1.0253954980468751,0.05,0.01,0.15
NVDA,2026-08-24,2026-12-18,P,48.0,1558,8,1.01953615234375,0.05,0.01,0.16
NVDA,2026-08-24,2026-12-18,P,49.0,1906,8,0.9414068359375,0.05,0.01,0.08
NVDA,2026-08-24,2026-12-18,P,50.0,12846,530,0.9179695703125,0.05,0.03,0.05
NVDA,2026-08-24,2026-12-18,P,51.0,1949,40,0.8945323046874999,0.06,0.01,0.06
NVDA,2026-08-24,2026-12-18,P,52.0,1434,28,0.9648441015625,0.06,0.01,0.16
NVDA,2026-08-24,2026-12-18,P,53.0,680,32,0.9023447265625,0.07,0.01,0.09
NVDA,2026-08-24,2026-12-18,P,54.0,1869,20,0.9062509375,0.07,0.01,0.11
NVDA,2026-08-24,2026-12-18,P,55.0,8446,8,0.9082040429687499,0.07,0.05,0.09
NVDA,2026-08-24,2026-12-18,P,56.0,1926,16,0.9023447265625,0.07,0.01,0.14
NVDA,2026-08-24,2026-12-18,P,57.0,5473,4,0.91992267578125,0.08,0.01,0.19
NVDA,2026-08-24,2026-12-18,P,58.0,5098,45,0.8984385156249999,0.09,0.05,0.13
NVDA,2026-08-24,2026-12-18,P,59.0,432,28,0.8964854101562498,0.08,0.01,0.19
NVDA,2026-08-24,2026-12-18,P,60.0,13540,4,0.8906260937499999,0.09,0.02,0.19
NVDA,2026-08-24,2026-12-18,P,61.0,1895,12,0.8964854101562498,0.09,0.05,0.2
NVDA,2026-08-24,2026-12-18,P,62.0,1221,76,0.867188828125,0.11,0.01,0.2
NVDA,2026-08-24,2026-12-18,P,63.0,668,20,0.85742330078125,0.07,0.01,0.2
NVDA,2026-08-24,2026-12-18,P,64.0,1741,8,0.867188828125,0.09,0.05,0.21
NVDA,2026-08-24,2026-12-18,P,65.0,15682,4,0.8320329296874999,0.11,0.06,0.14
NVDA,2026-08-24,2026-12-18,P,66.0,464,28,0.8261736132812498,0.1,0.01,0.2
NVDA,2026-08-24,2026-12-18,P,67.0,1222,33,0.8359391406249999,0.11,0.05,0.21
NVDA,2026-08-24,2026-12-18,P,68.0,4386,18,0.79687703125,0.13,0.03,0.16
NVDA,2026-08-24,2026-12-18,P,69.0,1490,3,0.7617211328125001,0.09,0.02,0.12
NVDA,2026-08-24,2026-12-18,P,70.0,5912,2,0.7851583984375,0.13,0.1,0.11
NVDA,2026-08-24,2026-12-18,P,71.0,2697,28,0.7578149218750001,0.12,0.05,0.12
NVDA,2026-08-24,2026-12-18,P,72.0,14399,5,0.8027363476562499,0.11,0.09,0.22
NVDA,2026-08-24,2026-12-18,P,73.0,559,6,0.74414318359375,0.09,0.02,0.16
NVDA,2026-08-24,2026-12-18,P,74.0,986,2,0.726565234375,0.09,0.02,0.14
NVDA,2026-08-24,2026-12-18,P,75.0,18518,2,0.780275634765625,0.15,0.1,0.23
NVDA,2026-08-24,2026-12-18,P,76.0,2329,4,0.75586181640625,0.14,0.03,0.25
NVDA,2026-08-24,2026-12-18,P,77.0,2015,2,0.7675804492187501,0.19,0.04,0.31
NVDA,2026-08-24,2026-12-18,P,78.0,2102,4,0.7460962890625,0.15,0.04,0.27
NVDA,2026-08-24,2026-12-18,P,79.0,820,4,0.7402369726562499,0.17,0.05,0.27
NVDA,2026-08-24,2026-12-18,P,80.0,13693,15,0.7314479980468749,0.21,0.12,0.2
NVDA,2026-08-24,2026-12-18,P,81.0,1881,1,0.7392604199218749,0.23,0.1,0.28
NVDA,2026-08-24,2026-12-18,P,82.0,3093,6,0.719729365234375,0.19,0.15,0.19
NVDA,2026-08-24,2026-12-18,P,83.0,1129,37,0.737307314453125,0.19,0.16,0.29
NVDA,2026-08-24,2026-12-18,P,84.0,1137,2,0.7128934960937501,0.2,0.18,0.2
NVDA,2026-08-24,2026-12-18,P,85.0,8242,10,0.7070341796875,0.2,0.17,0.22
NVDA,2026-08-24,2026-12-18,P,86.0,4106,4,0.7070341796875,0.36,0.12,0.31
NVDA,2026-08-24,2026-12-18,P,87.0,768,2,0.694338994140625,0.22,0.19,0.22
NVDA,2026-08-24,2026-12-18,P,88.0,1002,10,0.6987334814453126,0.23,0.15,0.32
NVDA,2026-08-24,2026-12-18,P,89.0,7719,20,0.6821320849609377,0.24,0.17,0.26
NVDA,2026-08-24,2026-12-18,P,90.0,19154,3,0.6801789794921876,0.23,0.18,0.28
NVDA,2026-08-24,2026-12-18,P,91.0,2086,9,0.6718782812500002,0.24,0.12,0.34
NVDA,2026-08-24,2026-12-18,P,92.0,2394,1,0.6660189648437502,0.28,0.12,0.35
NVDA,2026-08-24,2026-12-18,P,93.0,2419,1,0.6601596484375001,0.27,0.13,0.35
NVDA,2026-08-24,2026-12-18,P,94.0,994,1,0.6552768847656252,0.25,0.14,0.36
NVDA,2026-08-24,2026-12-18,P,95.0,5744,2,0.6533237792968751,0.25,0.25,0.28
NVDA,2026-08-24,2026-12-18,P,96.0,2003,5,0.6455113574218749,0.27,0.24,0.29
NVDA,2026-08-24,2026-12-18,P,97.0,1324,6,0.64062859375,0.27,0.25,0.3
NVDA,2026-08-24,2026-12-18,P,98.0,937,7,0.6362341064453125,0.27,0.26,0.31
NVDA,2026-08-24,2026-12-18,P,99.0,2671,10,0.629886513671875,0.33,0.18,0.4
NVDA,2026-08-24,2026-12-18,P,100.0,29027,79,0.624027197265625,0.31,0.27,0.32
NVDA,2026-08-24,2026-12-18,P,101.0,5317,2,0.6152382226562501,0.34,0.27,0.31
NVDA,2026-08-24,2026-12-18,P,102.0,838,1,0.5996133789062501,0.33,0.21,0.32
NVDA,2026-08-24,2026-12-18,P,103.0,1590,2,0.6088906298828126,0.32,0.21,0.43
NVDA,2026-08-24,2026-12-18,P,104.0,775,6,0.5913126806640626,0.39,0.23,0.34
NVDA,2026-08-24,2026-12-18,P,105.0,5931,381,0.596683720703125,0.37,0.31,0.35
NVDA,2026-08-24,2026-12-18,P,106.0,864,16,0.5922892333984376,0.42,0.32,0.36
NVDA,2026-08-24,2026-12-18,P,107.0,1541,1,0.5888712988281251,0.37,0.34,0.37
NVDA,2026-08-24,2026-12-18,P,108.0,2549,1,0.584965087890625,0.45,0.35,0.39
NVDA,2026-08-24,2026-12-18,P,109.0,611,1,0.579105771484375,0.42,0.35,0.4
NVDA,2026-08-24,2026-12-18,P,110.0,18720,5,0.5776409423828125,0.42,0.39,0.41
NVDA,2026-08-24,2026-12-18,P,111.0,765,1,0.5639692041015626,0.43,0.32,0.42
NVDA,2026-08-24,2026-12-18,P,112.0,3630,1,0.5644574804687501,0.47,0.38,0.43
NVDA,2026-08-24,2026-12-18,P,113.0,3232,4,0.5649457568359376,0.51,0.33,0.55
NVDA,2026-08-24,2026-12-18,P,114.0,2171,1,0.5568891967773439,0.56,0.41,0.46
NVDA,2026-08-24,2026-12-18,P,115.0,6570,10,0.55273884765625,0.54,0.43,0.47
NVDA,2026-08-24,2026-12-18,P,116.0,4858,18,0.5537154003906251,0.54,0.44,0.54
NVDA,2026-08-24,2026-12-18,P,117.0,1758,221,0.5483443603515626,0.55,0.45,0.55
NVDA,2026-08-24,2026-12-18,P,118.0,1792,18,0.5449264257812501,0.54,0.47,0.57
NVDA,2026-08-24,2026-12-18,P,119.0,1412,78,0.5380905566406251,0.57,0.48,0.56
NVDA,2026-08-24,2026-12-18,P,120.0,20832,18,0.5346726220703125,0.55,0.52,0.56
NVDA,2026-08-24,2026-12-18,P,121.0,891,149,0.5351608984375,0.66,0.5,0.67
NVDA,2026-08-24,2026-12-18,P,122.0,1526,81,0.5200243310546875,0.64,0.47,0.6
NVDA,2026-08-24,2026-12-18,P,123.0,1392,40,0.5229539892578124,0.66,0.57,0.62
NVDA,2026-08-24,2026-12-18,P,124.0,7580,69,0.5190477783203125,0.63,0.59,0.64
NVDA,2026-08-24,2026-12-18,P,125.0,18673,21,0.5195360546875,0.64,0.62,0.71
NVDA,2026-08-24,2026-12-18,P,126.0,2987,2,0.5083056982421875,0.73,0.57,0.7
NVDA,2026-08-24,2026-12-18,P,127.0,3289,1,0.5085498364257812,0.86,0.65,0.72
NVDA,2026-08-24,2026-12-18,P,128.0,1407,18,0.5065967309570312,0.76,0.62,0.82
NVDA,2026-08-24,2026-12-18,P,129.0,1635,12,0.5073291455078125,0.75,0.62,0.78
NVDA,2026-08-24,2026-12-18,P,130.0,13928,16,0.5004932763671875,0.76,0.74,0.78
NVDA,2026-08-24,2026-12-18,P,132.0,3186,2,0.49414568359375005,0.86,0.76,0.84
NVDA,2026-08-24,2026-12-18,P,134.0,3377,27,0.4958546508789063,1.02,0.75,0.98
NVDA,2026-08-24,2026-12-18,P,135.0,7657,43,0.48389187988281257,0.93,0.88,0.93
NVDA,2026-08-24,2026-12-18,P,136.0,1757,6,0.48511257080078124,1.08,0.84,1.01
NVDA,2026-08-24,2026-12-18,P,138.0,4129,2,0.47461462890625,1.0,0.98,1.04
NVDA,2026-08-24,2026-12-18,P,140.0,16995,27,0.4694877270507813,1.11,1.06,1.13
NVDA,2026-08-24,2026-12-18,P,142.0,2252,1,0.46973186523437505,1.23,1.13,1.29
NVDA,2026-08-24,2026-12-18,P,144.0,2318,2,0.45935599243164066,1.57,1.22,1.33
NVDA,2026-08-24,2026-12-18,P,145.0,8476,73,0.45178770874023444,1.29,1.25,1.32
NVDA,2026-08-24,2026-12-18,P,146.0,4600,2,0.45044494873046875,1.44,1.3,1.39
NVDA,2026-08-24,2026-12-18,P,148.0,4600,13,0.4512994323730469,1.76,1.35,1.59
NVDA,2026-08-24,2026-12-18,P,150.0,26399,581,0.4398249377441406,1.59,1.56,1.62
NVDA,2026-08-24,2026-12-18,P,152.0,2029,3,0.436529072265625,1.81,1.6,1.78
NVDA,2026-08-24,2026-12-18,P,154.0,1649,43,0.4343318286132813,1.85,1.85,1.97
NVDA,2026-08-24,2026-12-18,P,155.0,11859,10,0.4314632049560547,1.98,1.91,2.04
NVDA,2026-08-24,2026-12-18,P,156.0,1715,120,0.43286699951171875,2.1,1.97,2.19
NVDA,2026-08-24,2026-12-18,P,158.0,3555,77,0.4232235412597656,2.23,2.13,2.27
NVDA,2026-08-24,2026-12-18,P,160.0,41915,900,0.4185238812255859,2.39,2.38,2.45
NVDA,2026-08-24,2026-12-18,P,162.0,3441,150,0.4193173303222656,2.7,2.59,2.76
NVDA,2026-08-24,2026-12-18,P,164.0,9526,156,0.41498387756347654,2.87,2.81,2.98
NVDA,2026-08-24,2026-12-18,P,165.0,10833,179,0.40869731933593745,3.0,2.93,3.0
NVDA,2026-08-24,2026-12-18,P,166.0,2020,1,0.4141904284667969,3.55,3.05,3.3
NVDA,2026-08-24,2026-12-18,P,167.0,4230,11,0.41309180664062495,3.55,3.15,3.45
NVDA,2026-08-24,2026-12-18,P,168.0,2604,1,0.4097349066162109,3.94,3.3,3.55
NVDA,2026-08-24,2026-12-18,P,169.0,3668,2,0.40241076110839846,4.25,3.45,3.55
NVDA,2026-08-24,2026-12-18,P,170.0,18277,1128,0.4008848974609375,3.73,3.6,3.7
NVDA,2026-08-24,2026-12-18,P,171.0,3335,2,0.3991759301757813,3.85,3.75,3.85
NVDA,2026-08-24,2026-12-18,P,172.0,2918,33,0.39905386108398444,4.0,3.9,4.05
NVDA,2026-08-24,2026-12-18,P,173.0,3035,42,0.4022276574707031,4.26,3.95,4.35
NVDA,2026-08-24,2026-12-18,P,174.0,2830,47,0.40155627746582034,4.49,4.25,4.55
NVDA,2026-08-24,2026-12-18,P,175.0,12362,159,0.3939269592285156,4.5,4.45,4.55
NVDA,2026-08-24,2026-12-18,P,176.0,2258,22,0.39301144104003904,4.89,4.6,4.75
NVDA,2026-08-24,2026-12-18,P,177.0,2220,20,0.3918517846679687,5.05,4.85,4.95
NVDA,2026-08-24,2026-12-18,P,178.0,3562,37,0.3904479901123047,5.25,5.0,5.15
NVDA,2026-08-24,2026-12-18,P,179.0,2485,12,0.38892212646484375,5.44,5.1,5.35
NVDA,2026-08-24,2026-12-18,P,180.0,25409,113,0.387152124633789,5.54,5.45,5.55
NVDA,2026-08-24,2026-12-18,P,181.0,3771,438,0.3867859173583984,5.97,5.65,5.8
NVDA,2026-08-24,2026-12-18,P,182.0,2250,209,0.38611453735351553,6.4,5.9,6.05
NVDA,2026-08-24,2026-12-18,P,183.0,2671,135,0.38812867736816403,6.2,6.15,6.4
NVDA,2026-08-24,2026-12-18,P,184.0,1673,137,0.38837281555175784,6.41,6.25,6.7
NVDA,2026-08-24,2026-12-18,P,185.0,12365,324,0.3815369464111328,6.72,6.65,6.75
NVDA,2026-08-24,2026-12-18,P,186.0,1990,12,0.38550419189453117,7.1,6.9,7.2
NVDA,2026-08-24,2026-12-18,P,187.0,3316,5,0.38513798461914056,7.6,7.15,7.5
NVDA,2026-08-24,2026-12-18,P,188.0,2057,70,0.383245913696289,7.7,7.45,7.75
NVDA,2026-08-24,2026-12-18,P,189.0,2372,80,0.38373419006347653,8.1,7.65,8.1
NVDA,2026-08-24,2026-12-18,P,190.0,25444,1042,0.38019418640136715,8.14,8.05,8.3
NVDA,2026-08-24,2026-12-18,P,191.0,2053,10,0.3815369464111328,8.7,8.35,8.7
NVDA,2026-08-24,2026-12-18,P,192.0,1743,26,0.3789124609375,9.1,8.5,8.95
NVDA,2026-08-24,2026-12-18,P,193.0,1792,25,0.3797974618530273,9.35,8.8,9.35
NVDA,2026-08-24,2026-12-18,P,194.0,1554,17,0.37683728637695313,9.9,9.15,9.6
NVDA,2026-08-24,2026-12-18,P,195.0,6524,95,0.3737245245361328,9.79,9.8,9.85
NVDA,2026-08-24,2026-12-18,P,200.0,41639,946,0.3717103845214844,11.67,11.5,11.8
NVDA,2026-08-24,2026-12-18,P,205.0,8625,138,0.3692079681396484,13.77,13.55,13.95
NVDA,2026-08-24,2026-12-18,P,210.0,16991,630,0.3650576190185547,16.07,15.9,16.25
NVDA,2026-08-24,2026-12-18,P,212.0,1743,29,0.364813480834961,17.3,16.7,17.3
NVDA,2026-08-24,2026-12-18,P,213.0,1571,14,0.3670412417602539,17.7,17.2,17.95
NVDA,2026-08-24,2026-12-18,P,214.0,2157,19,0.36694968994140625,18.9,17.7,18.5
NVDA,2026-08-24,2026-12-18,P,215.0,3730,68,0.36356227264404295,18.73,18.35,18.9
NVDA,2026-08-24,2026-12-18,P,216.0,936,11,0.36627830993652344,19.3,18.8,19.6
NVDA,2026-08-24,2026-12-18,P,217.0,2570,22,0.3656374472045898,20.55,19.35,20.15
NVDA,2026-08-24,2026-12-18,P,218.0,724,8,0.36377589355468753,20.85,19.75,20.65
NVDA,2026-08-24,2026-12-18,P,219.0,560,16,0.3627688235473633,21.25,20.45,21.2
NVDA,2026-08-24,2026-12-18,P,220.0,37808,41,0.35846588806152346,21.51,21.25,21.6
NVDA,2026-08-24,2026-12-18,P,221.0,1247,10,0.36340968627929693,23.6,21.6,22.45
NVDA,2026-08-24,2026-12-18,P,222.0,353,1,0.3618533053588867,24.04,22.15,23.0
NVDA,2026-08-24,2026-12-18,P,223.0,475,1,0.3632876171875,22.55,22.75,23.7
NVDA,2026-08-24,2026-12-18,P,224.0,468,26,0.36246365081787113,25.65,23.55,24.3
NVDA,2026-08-24,2026-12-18,P,225.0,2496,8,0.3582522671508789,25.38,24.1,24.75
NVDA,2026-08-24,2026-12-18,P,226.0,612,1,0.36237209899902345,26.35,24.6,25.6
NVDA,2026-08-24,2026-12-18,P,227.0,274,34,0.3588626126098633,25.8,25.25,26.1
NVDA,2026-08-24,2026-12-18,P,228.0,2052,21,0.3616396844482421,27.85,25.8,26.9
NVDA,2026-08-24,2026-12-18,P,230.0,6009,4,0.3524845025634765,28.71,27.45,27.85
NVDA,2026-08-24,2026-12-18,P,235.0,823,18,0.34992105163574216,31.2,30.75,31.3
NVDA,2026-08-24,2026-12-18,P,240.0,1517,1,0.3548648498535155,35.2,34.15,35.25
NVDA,2026-08-24,2026-12-18,P,245.0,832,15,0.3550479534912109,38.93,37.85,39.15
NVDA,2026-08-24,2026-12-18,P,250.0,2072,15,0.3429631134033203,43.08,41.85,42.75
NVDA,2026-08-24,2026-12-18,P,255.0,1044,14,0.341376215209961,47.48,46.0,46.9
NVDA,2026-08-24,2026-12-18,P,260.0,1126,3,0.33887379882812496,49.8,50.45,51.15
NVDA,2026-08-24,2026-12-18,P,265.0,746,3,0.35559726440429684,56.97,54.8,56.05
NVDA,2026-08-24,2026-12-18,P,270.0,1404,3,0.33649345153808596,59.65,59.1,60.05
NVDA,2026-08-24,2026-12-18,P,275.0,1074,86,0.35419346984863276,52.79,63.5,65.05
NVDA,2026-08-24,2026-12-18,P,280.0,288,1,0.33765310791015624,62.35,68.5,69.35
NVDA,2026-08-24,2026-12-18,P,285.0,311,2,0.3391179370117187,75.0,73.2,74.1
NVDA,2026-08-24,2026-12-18,P,290.0,316,20,0.3920959228515625,79.1,76.9,79.8
NVDA,2026-08-24,2026-12-18,P,295.0,26,25,0.3998473101806641,72.4,82.5,84.65
NVDA,2026-08-24,2026-12-18,P,300.0,51,1,0.39197385375976557,88.0,87.5,89.25
NVDA,2026-08-24,2026-12-18,P,305.0,1,5,0.5183153637695312,97.99,95.2,98.1
NVDA,2026-08-24,2026-12-18,P,310.0,1,1,0.4195614685058594,91.57,97.25,99.25
NVDA,2026-08-24,2026-12-18,P,315.0,46,46,0.42957113403320313,98.86,102.05,104.2
NVDA,2026-08-24,2026-12-18,P,320.0,45,45,0.5736126623535156,95.38,104.75,111.9
NVDA,2026-08-24,2026-12-18,P,325.0,0,35,0.5861857788085938,100.12,109.8,116.85
NVDA,2026-08-24,2026-12-18,P,330.0,0,46,0.499028447265625,113.78,114.7,119.7
NVDA,2026-08-24,2026-12-18,P,340.0,0,45,0.6359289337158205,115.2,124.7,132.05
NVDA,2026-08-24,2026-12-18,P,345.0,0,35,0.6532627447509767,120.04,129.7,137.15
NVDA,2026-08-24,2026-12-18,P,350.0,0,1,1.0000000000000003e-05,142.3,0.0,0.0
NVDA,2026-08-24,2026-12-18,P,355.0,0,0,0.6193275372314455,138.0,144.8,146.8
NVDA,2026-08-24,2026-12-18,P,360.0,0,1,1.0000000000000003e-05,183.78,0.0,0.0
NVDA,2026-08-24,2026-12-18,P,370.0,0,3,1.0000000000000003e-05,155.05,0.0,0.0
NVDA,2026-08-24,2026-12-18,P,380.0,0,10,1.0000000000000003e-05,167.35,0.0,0.0
NVDA,2026-08-24,2026-12-18,P,390.0,0,1,1.0000000000000003e-05,159.5,0.0,0.0
NVDA,2026-08-24,2026-12-18,P,400.0,0,6,0.7567163000488282,197.7,187.65,195.45
NVDA,2026-08-24,2026-12-18,P,410.0,0,1,0.7326686889648437,183.0,199.25,202.1
NVDA,2026-08-24,2026-12-18,P,420.0,58,1,1.0000000000000003e-05,18.75,16.45,18.8
NVDA,2026-08-24,2026-12-18,P,430.0,92,1,1.0000000000000003e-05,22.05,17.65,20.1
NVDA,2026-08-24,2026-12-18,P,440.0,117,5,1.0000000000000003e-05,20.99,18.85,21.35
NVDA,2026-08-24,2026-12-18,P,450.0,1614,15,1.0000000000000003e-05,22.1,20.55,22.2
NVDA,2026-08-24,2026-12-18,P,460.0,100,1,1.0000000000000003e-05,23.35,21.4,24.05
NVDA,2026-08-24,2026-12-18,P,470.0,142,5,1.0000000000000003e-05,25.19,22.8,25.45
NVDA,2026-08-24,2026-12-18,P,480.0,110,2,1.0000000000000003e-05,26.25,24.2,26.95
NVDA,2026-08-24,2026-12-18,P,490.0,76,4,1.0000000000000003e-05,28.1,25.7,28.45
NVDA,2026-08-24,2026-12-18,P,500.0,1244,11,1.0000000000000003e-05,28.8,28.8,29.65
NVDA,2026-08-24,2026-12-18,P,510.0,177,2,1.0000000000000003e-05,30.6,29.6,31.35
NVDA,2026-08-24,2026-12-18,P,520.0,85,18,1.0000000000000003e-05,33.8,31.0,33.0
NVDA,2026-08-24,2026-12-18,P,530.0,79,2,1.0000000000000003e-05,35.45,32.95,34.8
NVDA,2026-08-24,2026-12-18,P,540.0,242,1,1.0000000000000003e-05,36.2,34.55,37.25
NVDA,2026-08-24,2026-12-18,P,550.0,292,3,1.0000000000000003e-05,38.0,36.85,38.5
NVDA,2026-08-24,2026-12-18,P,560.0,148,2,1.0000000000000003e-05,47.87,38.05,40.45
NVDA,2026-08-24,2026-12-18,P,570.0,532,2,1.0000000000000003e-05,42.75,41.0,42.45
NVDA,2026-08-24,2026-12-18,P,580.0,685,30,1.0000000000000003e-05,51.5,42.6,44.65
NVDA,2026-08-24,2026-12-18,P,590.0,46,1,1.0000000000000003e-05,46.26,44.0,47.3
NVDA,2026-08-24,2026-12-18,P,600.0,1771,22,1.0000000000000003e-05,47.7,46.0,47.9
NVDA,2026-08-24,2026-12-18,P,610.0,291,2,1.0000000000000003e-05,50.02,48.55,50.8
NVDA,2026-08-24,2026-12-18,P,620.0,207,2,1.0000000000000003e-05,54.47,50.5,53.05
NVDA,2026-08-24,2026-12-18,P,630.0,117,2,1.0000000000000003e-05,54.66,54.4,55.55
NVDA,2026-08-24,2026-12-18,P,640.0,50,3,1.0000000000000003e-05,58.9,55.25,58.75
NVDA,2026-08-24,2026-12-18,P,650.0,2038,4,1.0000000000000003e-05,60.6,58.9,60.65
NVDA,2026-08-24,2026-12-18,P,660.0,96,5,1.0000000000000003e-05,68.38,60.0,63.8
NVDA,2026-08-24,2026-12-18,P,670.0,110,1,1.0000000000000003e-05,65.0,62.5,66.4
NVDA,2026-08-24,2026-12-18,P,680.0,182,2,1.0000000000000003e-05,68.8,65.65,68.8
NVDA,2026-08-24,2026-12-18,P,690.0,279,1,1.0000000000000003e-05,72.9,68.4,71.5
NVDA,2026-08-24,2026-12-18,P,700.0,827,2,1.0000000000000003e-05,73.05,70.4,73.6
NVDA,2026-08-24,2026-12-18,P,710.0,77,12,1.0000000000000003e-05,74.69,73.85,76.65
NVDA,2026-08-24,2026-12-18,P,720.0,1667,20,1.0000000000000003e-05,81.85,76.15,79.25
NVDA,2026-08-24,2026-12-18,P,730.0,57,20,1.0000000000000003e-05,84.65,79.45,82.5
NVDA,2026-08-24,2026-12-18,P,740.0,124,6,1.0000000000000003e-05,84.61,82.3,85.5
NVDA,2026-08-24,2026-12-18,P,750.0,399,12,1.0000000000000003e-05,87.25,85.55,88.35
NVDA,2026-08-24,2026-12-18,P,760.0,188,2,1.0000000000000003e-05,93.4,88.35,91.65
NVDA,2026-08-24,2026-12-18,P,770.0,117,3,1.0000000000000003e-05,92.8,91.6,94.85
NVDA,2026-08-24,2026-12-18,P,780.0,154,8,1.0000000000000003e-05,97.0,94.9,98.05
NVDA,2026-08-24,2026-12-18,P,790.0,78,1,1.0000000000000003e-05,100.25,98.2,101.25
NVDA,2026-08-24,2026-12-18,P,800.0,405,20,1.0000000000000003e-05,102.78,101.45,104.5
NVDA,2026-08-24,2026-12-18,P,810.0,221,8,1.0000000000000003e-05,107.18,104.85,108.05
NVDA,2026-08-24,2026-12-18,P,820.0,121,12,1.0000000000000003e-05,110.6,108.25,111.55
NVDA,2026-08-24,2026-12-18,P,830.0,141,1,1.0000000000000003e-05,112.93,111.7,115.05
NVDA,2026-08-24,2026-12-18,P,840.0,57,5,1.0000000000000003e-05,122.23,115.25,118.55
NVDA,2026-08-24,2026-12-18,P,850.0,183,7,1.0000000000000003e-05,124.75,118.8,122.1
NVDA,2026-08-24,2026-12-18,P,860.0,61,2,1.0000000000000003e-05,124.0,122.4,125.95
NVDA,2026-08-24,2026-12-18,P,870.0,55,1,1.0000000000000003e-05,133.0,126.05,129.75
NVDA,2026-08-24,2026-12-18,P,880.0,78,1,1.0000000000000003e-05,137.0,129.9,133.55
NVDA,2026-08-24,2026-12-18,P,890.0,114,6,1.0000000000000003e-05,138.4,133.6,137.0
NVDA,2026-08-24,2026-12-18,P,900.0,317,11,1.0000000000000003e-05,139.0,137.7,141.1
NVDA,2026-08-24,2026-12-18,P,910.0,107,2,1.0000000000000003e-05,147.8,141.55,145.2
NVDA,2026-08-24,2026-12-18,P,920.0,111,1,1.0000000000000003e-05,152.0,145.5,149.0
NVDA,2026-08-24,2026-12-18,P,930.0,127,32,1.0000000000000003e-05,154.25,149.65,152.9
NVDA,2026-08-24,2026-12-18,P,940.0,59,1,1.0000000000000003e-05,161.0,153.45,157.5
NVDA,2026-08-24,2026-12-18,P,950.0,148,1,1.0000000000000003e-05,160.28,157.8,161.5
NVDA,2026-08-24,2026-12-18,P,960.0,44,1,1.0000000000000003e-05,164.74,161.95,165.95
NVDA,2026-08-24,2026-12-18,P,970.0,70,53,1.0000000000000003e-05,172.5,166.15,170.3
NVDA,2026-08-24,2026-12-18,P,980.0,30,2,1.0000000000000003e-05,174.74,170.4,174.65
NVDA,2026-08-24,2026-12-18,P,990.0,133,2,1.0000000000000003e-05,178.45,174.75,179.0
NVDA,2026-08-24,2026-12-18,P,1000.0,444,12,1.0000000000000003e-05,182.0,179.25,182.65
NVDA,2026-08-24,2026-12-18,P,1010.0,28,2,1.0000000000000003e-05,190.0,183.75,188.0
NVDA,2026-08-24,2026-12-18,P,1020.0,18,2,1.0000000000000003e-05,194.0,188.25,192.25
NVDA,2026-08-24,2026-12-18,P,1030.0,19,1,1.0000000000000003e-05,197.8,192.7,197.25
NVDA,2026-08-24,2026-12-18,P,1040.0,33,2,1.0000000000000003e-05,200.62,197.2,201.9
NVDA,2026-08-24,2026-12-18,P,1050.0,95,4,1.0000000000000003e-05,204.22,202.2,206.15
NVDA,2026-08-24,2026-12-18,P,1060.0,20,1,1.0000000000000003e-05,234.33,206.8,211.3
NVDA,2026-08-24,2026-12-18,P,1070.0,7,5,1.0000000000000003e-05,214.95,211.5,216.2
NVDA,2026-08-24,2026-12-18,P,1080.0,16,1,1.0000000000000003e-05,212.8,216.4,221.1
NVDA,2026-08-24,2026-12-18,P,1090.0,6,3,1.0000000000000003e-05,224.53,221.2,225.65
NVDA,2026-08-24,2026-12-18,P,1100.0,336,2,1.0000000000000003e-05,229.6,226.35,230.75
NVDA,2026-08-24,2026-12-18,P,1110.0,37,6,1.0000000000000003e-05,234.0,231.25,236.0
NVDA,2026-08-24,2026-12-18,P,1120.0,194,1,1.0000000000000003e-05,231.27,236.15,240.65
NVDA,2026-08-24,2026-12-18,P,1130.0,254,2,1.0000000000000003e-05,245.58,241.15,245.55
NVDA,2026-08-24,2026-12-18,P,1140.0,29,4,1.0000000000000003e-05,249.98,246.1,250.8
NVDA,2026-08-24,2026-12-18,P,1150.0,119,8,1.0000000000000003e-05,254.66,251.7,255.55
NVDA,2026-08-24,2026-12-18,P,1160.0,5,3,1.0000000000000003e-05,260.37,256.7,259.7
NVDA,2026-08-24,2026-12-18,P,1170.0,4,1,1.0000000000000003e-05,271.37,262.05,266.5
NVDA,2026-08-24,2026-12-18,P,1180.0,240,1,1.0000000000000003e-05,276.73,267.25,271.95
NVDA,2026-08-24,2026-12-18,P,1190.0,8,14,1.0000000000000003e-05,272.8,272.4,277.25
NVDA,2026-08-24,2026-12-18,P,1200.0,238,26,1.0000000000000003e-05,280.36,274.65,287.8
NVDA,2026-08-24,2026-12-18,P,1210.0,41,1,1.0000000000000003e-05,285.37,278.0,288.8
NVDA,2026-08-24,2026-12-18,P,1220.0,104,1,1.0000000000000003e-05,294.0,282.8,295.4
NVDA,2026-08-24,2026-12-18,P,1230.0,8,1,1.0000000000000003e-05,296.85,288.7,301.05
NVDA,2026-08-24,2026-12-18,P,1240.0,30,1,1.0000000000000003e-05,293.1,294.8,309.3
NVDA,2026-08-24,2026-12-18,P,1250.0,32,2,1.0000000000000003e-05,316.94,300.7,315.85
NVDA,2026-08-24,2026-12-18,P,1260.0,68,1,1.0000000000000003e-05,324.9,306.7,318.2
NVDA,2026-08-24,2026-12-18,P,1270.0,66,1,1.0000000000000003e-05,344.51,312.45,324.55
NVDA,2026-08-24,2026-12-18,P,1280.0,4,38,1.0000000000000003e-05,337.0,318.5,329.1
NVDA,2026-08-24,2026-12-18,P,1290.0,7,2,1.0000000000000003e-05,335.3,324.65,336.2
NVDA,2026-08-24,2026-12-18,P,1300.0,69,8,1.0000000000000003e-05,348.5,328.85,343.2
NVDA,2026-08-24,2026-12-18,P,1320.0,25,1,1.0000000000000003e-05,373.72,340.7,354.15
NVDA,2026-08-24,2026-12-18,P,1340.0,51,40,1.0000000000000003e-05,369.0,354.1,366.6
NVDA,2026-08-24,2026-12-18,P,1360.0,41,1,1.0000000000000003e-05,396.7,366.55,379.85
NVDA,2026-08-24,2026-12-18,P,1380.0,219,1,1.0000000000000003e-05,412.78,378.7,395.2
NVDA,2026-08-24,2026-12-18,P,1400.0,80,38,1.0000000000000003e-05,397.0,390.65,407.15
NVDA,2026-08-24,2026-12-18,P,1420.0,37,18,1.0000000000000003e-05,425.0,404.55,420.85
NVDA,2026-08-24,2026-12-18,P,1440.0,3,2,1.0000000000000003e-05,454.22,416.55,433.1
NVDA,2026-08-24,2026-12-18,P,1460.0,104,2,1.0000000000000003e-05,511.29,430.4,446.9
NVDA,2026-08-24,2026-12-18,P,1480.0,206,1,1.0000000000000003e-05,460.85,442.7,459.25
NVDA,2026-08-24,2026-12-18,P,1500.0,70,26,1.0000000000000003e-05,475.43,456.4,473.4
NVDA,2026-08-24,2026-12-18,P,1520.0,16,14,1.0000000000000003e-05,489.0,470.35,487.05
NVDA,2026-08-24,2026-12-18,P,1540.0,0,2,1.0000000000000003e-05,677.55,684.0,702.0
NVDA,2026-08-24,2026-12-18,P,1560.0,7,100,1.0000000000000003e-05,496.98,496.25,515.2
NVDA,2026-08-24,2026-12-18,P,1580.0,12,100,1.0000000000000003e-05,510.82,512.05,528.8
NVDA,2026-08-24,2026-12-18,P,1600.0,101,6,1.0000000000000003e-05,540.0,526.0,543.15
NVDA,2026-08-24,2026-12-18,P,1620.0,3,6,1.0000000000000003e-05,634.81,540.1,557.1
NVDA,2026-08-24,2026-12-18,P,1640.0,25,2,1.0000000000000003e-05,558.06,554.05,571.4
NVDA,2026-08-24,2026-12-18,P,1650.0,2,2,1.0000000000000003e-05,565.33,562.05,579.2
NVDA,2026-08-24,2026-12-18,P,1660.0,3,6,1.0000000000000003e-05,667.03,568.1,587.1
NVDA,2026-08-24,2026-12-18,P,1670.0,0,1,1.0000000000000003e-05,675.3,576.0,593.7
NVDA,2026-08-24,2026-12-18,P,1700.0,30,1,1.0000000000000003e-05,607.33,598.0,618.0
NVDA,2026-08-24,2026-12-18,P,1710.0,59,10,1.0000000000000003e-05,612.54,606.0,623.7
NVDA,2026-08-24,2026-12-18,P,1720.0,2,4,1.0000000000000003e-05,716.7,614.0,632.0
NVDA,2026-08-24,2026-12-18,P,1740.0,73,5,1.0000000000000003e-05,668.85,628.0,647.3
NVDA,2026-08-24,2026-12-18,P,1750.0,59,10,1.0000000000000003e-05,642.94,636.0,655.8
NVDA,2026-08-24,2026-12-18,P,1760.0,2,4,1.0000000000000003e-05,750.22,644.0,661.85
NVDA,2026-08-24,2026-12-18,P,1770.0,0,0,1.0000000000000003e-05,917.64,852.35,870.0
NVDA,2026-08-24,2026-12-18,P,1780.0,72,5,1.0000000000000003e-05,700.85,660.0,674.9
NVDA,2026-08-24,2026-12-18,P,1790.0,1,2,1.0000000000000003e-05,899.7,884.0,904.0
NVDA,2026-08-24,2026-12-18,P,1800.0,3,1,1.0000000000000003e-05,718.0,675.0,694.0
NVDA,2026-08-24,2026-12-18,P,1840.0,1,1,1.0000000000000003e-05,759.1,706.0,724.0
NVDA,2026-08-24,2026-12-18,P,1850.0,5,3,1.0000000000000003e-05,720.0,714.0,732.0
NVDA,2026-08-24,2026-12-18,P,1860.0,3,1,1.0000000000000003e-05,974.0,970.1,983.9
NVDA,2026-08-24,2026-12-18,P,1870.0,1,1,1.0000000000000003e-05,791.76,730.0,748.0
NVDA,2026-08-24,2026-12-18,P,1880.0,3,3,1.0000000000000003e-05,1019.0,1002.0,1021.95
NVDA,2026-08-24,2026-12-18,P,1890.0,2,2,1.0000000000000003e-05,999.0,746.0,766.0
NVDA,2026-08-24,2026-12-18,P,1900.0,0,10,1.0000000000000003e-05,1064.0,0.0,0.0
NVDA,2026-08-24,2026-12-18,P,1910.0,0,2,1.0000000000000003e-05,1053.0,984.15,1002.0
NVDA,2026-08-24,2026-12-18,P,1920.0,3,3,1.0000000000000003e-05,1043.9,1042.0,1059.8
NVDA,2026-08-24,2026-12-18,P,1930.0,0,2,1.0000000000000003e-05,1060.61,1025.3,1039.7
NVDA,2026-08-24,2026-12-18,P,1940.0,0,1,1.0000000000000003e-05,778.86,788.0,806.0
NVDA,2026-08-24,2026-12-18,P,1950.0,0,2,1.0000000000000003e-05,806.05,796.0,813.95
NVDA,2026-08-24,2026-12-18,P,2000.0,16,1,1.0000000000000003e-05,821.1,836.0,856.0
NVDA,2026-08-24,2026-12-18,P,2160.0,1,0,1.0000000000000003e-05,1001.03,974.0,994.0
NVDA,2026-08-24,2026-12-18,P,2260.0,102,0,1.0000000000000003e-05,1082.97,1064.0,1084.0
NVDA,2026-08-24,2026-12-18,P,2270.0,2,0,1.0000000000000003e-05,1091.72,1072.0,1092.0
NVDA,2026-08-24,2026-12-18,P,2280.0,101,0,1.0000000000000003e-05,1083.0,1082.0,1100.0
NVDA,2026-08-24,2026-12-18,P,2300.0,1,0,1.0000000000000003e-05,1117.23,1100.0,1118.0
NVDA,2026-08-24,2026-12-18,P,2400.0,1,0,1.0000000000000003e-05,1209.78,1192.0,1212.0
