ticker,date,expiry,type,strike,oi,volume,iv,last,bid,ask
QQQ,2026-09-04,2026-09-08,C,500.0,8,0,3.1015647460937497,206.51,220.44,220.55
QQQ,2026-09-04,2026-09-08,C,505.0,8,1,3.031252421875,215.22,215.44,215.56
QQQ,2026-09-04,2026-09-08,C,525.0,28,28,2.821292009277344,195.64,195.55,195.66
QQQ,2026-09-04,2026-09-08,C,575.0,1,1,2.0293018017578124,144.98,145.44,145.56
QQQ,2026-09-04,2026-09-08,C,585.0,4,1,1.8935552197265624,135.53,135.44,135.56
QQQ,2026-09-04,2026-09-08,C,590.0,5,4,1.888672431640625,131.35,130.55,130.66
QQQ,2026-09-04,2026-09-08,C,600.0,17,10,1.69140779296875,120.68,120.44,120.56
QQQ,2026-09-04,2026-09-08,C,605.0,30,30,1.625001875,114.61,115.44,115.56
QQQ,2026-09-04,2026-09-08,C,610.0,4,0,1.5566428417968747,96.8,110.44,110.55
QQQ,2026-09-04,2026-09-08,C,615.0,8,0,1.4902369238281248,92.15,105.44,105.55
QQQ,2026-09-04,2026-09-08,C,625.0,31,30,1.4140654296875002,94.68,95.55,95.67
QQQ,2026-09-04,2026-09-08,C,630.0,2,42,1.29297228515625,90.51,90.44,90.55
QQQ,2026-09-04,2026-09-08,C,635.0,7,7,1.228519482421875,84.99,85.44,85.55
QQQ,2026-09-04,2026-09-08,C,640.0,35,35,1.169926025390625,79.89,80.45,80.57
QQQ,2026-09-04,2026-09-08,C,645.0,30,31,1.1064497802734377,74.7,75.45,75.58
QQQ,2026-09-04,2026-09-08,C,650.0,12,5,1.0351610742187503,70.03,70.44,70.56
QQQ,2026-09-04,2026-09-08,C,660.0,31,60,0.89257919921875,56.8,60.41,60.53
QQQ,2026-09-04,2026-09-08,C,667.0,3,3,0.84961087890625,50.6,53.55,53.68
QQQ,2026-09-04,2026-09-08,C,670.0,73,85,0.7763694238281251,49.99,50.45,50.57
QQQ,2026-09-04,2026-09-08,C,671.0,1,13,0.7954122021484374,49.21,49.55,49.68
QQQ,2026-09-04,2026-09-08,C,673.0,1,12,0.7334011035156249,44.17,47.44,47.56
QQQ,2026-09-04,2026-09-08,C,675.0,70,74,0.7407252490234374,42.43,45.55,45.68
QQQ,2026-09-04,2026-09-08,C,677.0,15,17,0.6738313867187502,42.34,43.41,43.55
QQQ,2026-09-04,2026-09-08,C,678.0,128,129,0.6982452050781252,38.77,42.55,42.67
QQQ,2026-09-04,2026-09-08,C,680.0,54,101,0.6547886083984377,40.05,40.49,40.61
QQQ,2026-09-04,2026-09-08,C,681.0,3,8,0.6284216845703126,38.68,39.45,39.56
QQQ,2026-09-04,2026-09-08,C,682.0,1,3,0.6152382226562501,35.53,38.45,38.56
QQQ,2026-09-04,2026-09-08,C,683.0,1,4,0.6015664843750002,34.07,37.45,37.56
QQQ,2026-09-04,2026-09-08,C,684.0,38,56,0.6015664843750002,33.94,36.5,36.61
QQQ,2026-09-04,2026-09-08,C,685.0,68,63,0.6001016552734376,35.24,35.55,35.66
QQQ,2026-09-04,2026-09-08,C,686.0,3,70,0.5737347314453125,34.55,34.5,34.61
QQQ,2026-09-04,2026-09-08,C,687.0,3,30,0.5600629931640625,32.48,33.5,33.61
QQQ,2026-09-04,2026-09-08,C,688.0,2,17,0.5473678076171876,30.09,32.5,32.62
QQQ,2026-09-04,2026-09-08,C,689.0,3,8,0.5229539892578124,30.84,31.45,31.58
QQQ,2026-09-04,2026-09-08,C,690.0,149,19,0.5063525927734375,29.38,30.45,30.56
QQQ,2026-09-04,2026-09-08,C,691.0,8,25,0.5180712255859375,29.29,29.56,29.67
QQQ,2026-09-04,2026-09-08,C,692.0,15,17,0.5039112109375,28.64,28.56,28.67
QQQ,2026-09-04,2026-09-08,C,693.0,20,12,0.5004932763671875,26.87,27.56,27.67
QQQ,2026-09-04,2026-09-08,C,694.0,12,30,0.4633842724609375,26.53,26.45,26.56
QQQ,2026-09-04,2026-09-08,C,695.0,247,65,0.47119669433593747,25.53,25.56,25.67
QQQ,2026-09-04,2026-09-08,C,696.0,6,10,0.45654840332031255,24.39,24.56,24.67
QQQ,2026-09-04,2026-09-08,C,697.0,11,25,0.4419001123046875,23.58,23.56,23.67
QQQ,2026-09-04,2026-09-08,C,698.0,66,72,0.40845318115234375,22.32,22.46,22.57
QQQ,2026-09-04,2026-09-08,C,699.0,121,80,0.41211525390625,20.01,21.56,21.67
QQQ,2026-09-04,2026-09-08,C,700.0,354,297,0.393560751953125,20.56,20.56,20.65
QQQ,2026-09-04,2026-09-08,C,701.0,73,46,0.36084623535156246,19.6,19.42,19.55
QQQ,2026-09-04,2026-09-08,C,702.0,146,66,0.3461979443359374,18.22,18.42,18.55
QQQ,2026-09-04,2026-09-08,C,703.0,86,50,0.3530338134765625,17.53,17.56,17.68
QQQ,2026-09-04,2026-09-08,C,704.0,156,26,0.31836619140624994,16.53,16.46,16.56
QQQ,2026-09-04,2026-09-08,C,705.0,757,106,0.30322962402343745,14.0,15.46,15.56
QQQ,2026-09-04,2026-09-08,C,706.0,162,71,0.3061592822265625,14.54,14.56,14.68
QQQ,2026-09-04,2026-09-08,C,707.0,1985,39,0.274421318359375,13.22,13.46,13.57
QQQ,2026-09-04,2026-09-08,C,708.0,366,149,0.25879647460937505,12.37,12.46,12.57
QQQ,2026-09-04,2026-09-08,C,709.0,705,154,0.257819921875,11.14,11.56,11.68
QQQ,2026-09-04,2026-09-08,C,710.0,620,1756,0.23365024169921872,10.13,10.51,10.62
QQQ,2026-09-04,2026-09-08,C,711.0,462,1150,0.21704884521484374,9.6,9.51,9.62
QQQ,2026-09-04,2026-09-08,C,712.0,937,1129,0.20020331054687499,8.48,8.51,8.62
QQQ,2026-09-04,2026-09-08,C,713.0,1068,2136,0.17749845947265624,7.57,7.47,7.57
QQQ,2026-09-04,2026-09-08,C,714.0,1200,5027,0.16773293212890628,6.61,6.52,6.64
QQQ,2026-09-04,2026-09-08,C,715.0,1736,17283,0.145516357421875,5.65,5.48,5.6
QQQ,2026-09-04,2026-09-08,C,716.0,1240,49414,0.12696185546875,4.6,4.49,4.6
QQQ,2026-09-04,2026-09-08,C,717.0,2173,139841,0.11792874267578124,3.6,3.61,3.72
QQQ,2026-09-04,2026-09-08,C,718.0,4248,207501,0.09485768432617189,2.7,2.6,2.7
QQQ,2026-09-04,2026-09-08,C,719.0,3634,270127,0.07862249511718751,1.79,1.76,1.8
QQQ,2026-09-04,2026-09-08,C,720.0,8980,457045,0.06446248046875,1.01,1.0,1.01
QQQ,2026-09-04,2026-09-08,C,721.0,4104,311521,0.056650058593750004,0.46,0.46,0.47
QQQ,2026-09-04,2026-09-08,C,722.0,5746,189878,0.0551852294921875,0.2,0.19,0.2
QQQ,2026-09-04,2026-09-08,C,723.0,4256,91642,0.055673505859375,0.08,0.07,0.08
QQQ,2026-09-04,2026-09-08,C,724.0,2901,63097,0.0629976513671875,0.05,0.04,0.05
QQQ,2026-09-04,2026-09-08,C,725.0,5935,36877,0.06934524414062501,0.03,0.02,0.03
QQQ,2026-09-04,2026-09-08,C,726.0,7059,19468,0.07520456054687502,0.01,0.01,0.02
QQQ,2026-09-04,2026-09-08,C,727.0,4157,14114,0.08594664062500001,0.02,0.01,0.02
QQQ,2026-09-04,2026-09-08,C,728.0,4693,7391,0.09668872070312501,0.01,0.01,0.02
QQQ,2026-09-04,2026-09-08,C,729.0,6509,2189,0.10743080078125,0.01,0.01,0.02
QQQ,2026-09-04,2026-09-08,C,730.0,8044,12080,0.117196328125,0.01,0.01,0.02
QQQ,2026-09-04,2026-09-08,C,731.0,1345,2405,0.12696185546875,0.01,0.01,0.02
QQQ,2026-09-04,2026-09-08,C,732.0,2014,2558,0.12500875,0.02,0.0,0.01
QQQ,2026-09-04,2026-09-08,C,733.0,828,5984,0.13672738281250002,0.01,0.0,0.01
QQQ,2026-09-04,2026-09-08,C,734.0,2036,2530,0.1445398046875,0.01,0.0,0.01
QQQ,2026-09-04,2026-09-08,C,735.0,3893,2014,0.15235222656250003,0.02,0.0,0.01
QQQ,2026-09-04,2026-09-08,C,736.0,1148,352,0.16407085937500002,0.01,0.0,0.01
QQQ,2026-09-04,2026-09-08,C,737.0,3120,495,0.17188328125000002,0.01,0.0,0.01
QQQ,2026-09-04,2026-09-08,C,738.0,587,237,0.179695703125,0.01,0.0,0.01
QQQ,2026-09-04,2026-09-08,C,739.0,380,86,0.187508125,0.01,0.0,0.01
QQQ,2026-09-04,2026-09-08,C,740.0,1473,146,0.1992267578125,0.01,0.0,0.01
QQQ,2026-09-04,2026-09-08,C,741.0,633,2,0.20703917968749996,0.01,0.0,0.01
QQQ,2026-09-04,2026-09-08,C,742.0,989,1,0.2148516015625,0.01,0.0,0.01
QQQ,2026-09-04,2026-09-08,C,743.0,380,1,0.22266402343749997,0.01,0.0,0.01
QQQ,2026-09-04,2026-09-08,C,744.0,265,2,0.23438265625,0.01,0.0,0.01
QQQ,2026-09-04,2026-09-08,C,745.0,319,24,0.242195078125,0.01,0.0,0.01
QQQ,2026-09-04,2026-09-08,C,746.0,135,20,0.2500075,0.01,0.0,0.01
QQQ,2026-09-04,2026-09-08,C,747.0,60,10,0.257819921875,0.01,0.0,0.01
QQQ,2026-09-04,2026-09-08,C,748.0,131,80,0.26563234375,0.01,0.0,0.01
QQQ,2026-09-04,2026-09-08,C,749.0,231,30,0.273444765625,0.01,0.0,0.01
QQQ,2026-09-04,2026-09-08,C,750.0,667,54,0.28125718749999995,0.01,0.0,0.01
QQQ,2026-09-04,2026-09-08,C,751.0,142,50,0.2890696093749999,0.01,0.0,0.01
QQQ,2026-09-04,2026-09-08,C,752.0,112,10,0.3007882421875,0.01,0.0,0.01
QQQ,2026-09-04,2026-09-08,C,753.0,108,8,0.3086006640625,0.01,0.0,0.01
QQQ,2026-09-04,2026-09-08,C,754.0,107,20,0.31641308593749995,0.01,0.0,0.01
QQQ,2026-09-04,2026-09-08,C,755.0,506,42,0.3242255078124999,0.02,0.0,0.01
QQQ,2026-09-04,2026-09-08,C,756.0,62,2,0.335944140625,0.02,0.0,0.01
QQQ,2026-09-04,2026-09-08,C,757.0,13,3,0.3437565625,0.01,0.0,0.01
QQQ,2026-09-04,2026-09-08,C,758.0,25,4,0.35156898437499995,0.01,0.0,0.01
QQQ,2026-09-04,2026-09-08,C,759.0,1,2,0.35938140625,0.01,0.0,0.01
QQQ,2026-09-04,2026-09-08,C,760.0,1114,42,0.367193828125,0.01,0.0,0.01
QQQ,2026-09-04,2026-09-08,C,765.0,2978,1,0.4062559375,0.01,0.0,0.01
QQQ,2026-09-04,2026-09-08,C,770.0,14,10,0.445318046875,0.01,0.0,0.01
QQQ,2026-09-04,2026-09-08,C,775.0,40,5,0.48438015625,0.01,0.0,0.01
QQQ,2026-09-04,2026-09-08,C,780.0,1,1,0.523442265625,0.01,0.0,0.01
QQQ,2026-09-04,2026-09-08,C,805.0,5,2,0.6562534375000001,0.02,0.0,0.01
QQQ,2026-09-04,2026-09-08,C,810.0,3,0,0.70312796875,0.02,0.0,0.01
QQQ,2026-09-04,2026-09-08,C,840.0,1,0,0.9062509375,0.01,0.0,0.01
QQQ,2026-09-04,2026-09-08,P,490.0,495,9,2.1250046874999997,0.01,0.0,0.01
QQQ,2026-09-04,2026-09-08,P,495.0,13,7,2.0625048437499998,0.01,0.0,0.01
QQQ,2026-09-04,2026-09-08,P,500.0,820,3,2.031254921875,0.01,0.0,0.01
QQQ,2026-09-04,2026-09-08,P,505.0,422,0,1.96875015625,0.01,0.0,0.01
QQQ,2026-09-04,2026-09-08,P,510.0,102,0,1.9375003125,0.01,0.0,0.01
QQQ,2026-09-04,2026-09-08,P,525.0,1,0,1.75000125,0.01,0.0,0.01
QQQ,2026-09-04,2026-09-08,P,530.0,185,145,1.71875140625,0.01,0.0,0.01
QQQ,2026-09-04,2026-09-08,P,535.0,5,0,1.6875015625,0.03,0.0,0.01
QQQ,2026-09-04,2026-09-08,P,540.0,908,925,1.625001875,0.02,0.0,0.01
QQQ,2026-09-04,2026-09-08,P,545.0,540,579,1.5625021874999998,0.01,0.0,0.01
QQQ,2026-09-04,2026-09-08,P,550.0,10456,2,1.5312523437499999,0.01,0.0,0.01
QQQ,2026-09-04,2026-09-08,P,555.0,4101,1719,1.5000025,0.01,0.0,0.01
QQQ,2026-09-04,2026-09-08,P,560.0,4706,4560,1.4375028125,0.01,0.0,0.01
QQQ,2026-09-04,2026-09-08,P,565.0,5069,775,1.3750031249999999,0.01,0.0,0.01
QQQ,2026-09-04,2026-09-08,P,570.0,1851,1,1.3437532812499997,0.01,0.0,0.01
QQQ,2026-09-04,2026-09-08,P,575.0,1434,1419,1.2812535937499998,0.01,0.0,0.01
QQQ,2026-09-04,2026-09-08,P,580.0,3670,2,1.2500037499999999,0.01,0.0,0.01
QQQ,2026-09-04,2026-09-08,P,585.0,1921,1,1.1875040625,0.01,0.0,0.01
QQQ,2026-09-04,2026-09-08,P,590.0,2746,16,1.15625421875,0.01,0.0,0.01
QQQ,2026-09-04,2026-09-08,P,595.0,35,2,1.09375453125,0.01,0.0,0.01
QQQ,2026-09-04,2026-09-08,P,600.0,802,58,1.0625046875000002,0.01,0.0,0.01
QQQ,2026-09-04,2026-09-08,P,605.0,591,570,1.0312548437500002,0.01,0.0,0.01
QQQ,2026-09-04,2026-09-08,P,610.0,1041,2,0.9687503125,0.01,0.0,0.01
QQQ,2026-09-04,2026-09-08,P,615.0,444,5,0.937500625,0.01,0.0,0.01
QQQ,2026-09-04,2026-09-08,P,620.0,130,45,0.87500125,0.01,0.0,0.01
QQQ,2026-09-04,2026-09-08,P,625.0,237,104,0.8437515624999999,0.02,0.0,0.01
QQQ,2026-09-04,2026-09-08,P,630.0,854,5,0.79687703125,0.01,0.0,0.01
QQQ,2026-09-04,2026-09-08,P,631.0,148,1330,0.7812521875,0.02,0.0,0.01
QQQ,2026-09-04,2026-09-08,P,632.0,203,1644,0.7812521875,0.02,0.0,0.01
QQQ,2026-09-04,2026-09-08,P,633.0,480,510,0.7656273437500001,0.01,0.0,0.01
QQQ,2026-09-04,2026-09-08,P,634.0,130,150,0.7500025,0.02,0.0,0.01
QQQ,2026-09-04,2026-09-08,P,635.0,174,162,0.7500025,0.02,0.0,0.01
QQQ,2026-09-04,2026-09-08,P,636.0,371,2440,0.7500025,0.02,0.0,0.01
QQQ,2026-09-04,2026-09-08,P,637.0,187,1440,0.73437765625,0.01,0.0,0.01
QQQ,2026-09-04,2026-09-08,P,638.0,238,1920,0.7187528125,0.01,0.0,0.01
QQQ,2026-09-04,2026-09-08,P,639.0,384,704,0.7187528125,0.03,0.0,0.01
QQQ,2026-09-04,2026-09-08,P,640.0,5445,96,0.70312796875,0.01,0.0,0.01
QQQ,2026-09-04,2026-09-08,P,641.0,121,481,0.6875031250000001,0.01,0.0,0.01
QQQ,2026-09-04,2026-09-08,P,642.0,51,25,0.6875031250000001,0.01,0.0,0.01
QQQ,2026-09-04,2026-09-08,P,643.0,41,44,0.6875031250000001,0.02,0.0,0.01
QQQ,2026-09-04,2026-09-08,P,644.0,29,29,0.6718782812500002,0.03,0.0,0.01
QQQ,2026-09-04,2026-09-08,P,645.0,3797,1632,0.6562534375000001,0.01,0.0,0.01
QQQ,2026-09-04,2026-09-08,P,647.0,1,1,0.6562534375000001,0.02,0.0,0.01
QQQ,2026-09-04,2026-09-08,P,648.0,2,2,0.64062859375,0.02,0.0,0.01
QQQ,2026-09-04,2026-09-08,P,649.0,30,30,0.6250037500000001,0.03,0.0,0.01
QQQ,2026-09-04,2026-09-08,P,650.0,5317,4,0.6250037500000001,0.01,0.0,0.01
QQQ,2026-09-04,2026-09-08,P,651.0,275,348,0.6093789062500001,0.01,0.0,0.01
QQQ,2026-09-04,2026-09-08,P,652.0,196,1819,0.5937540625000001,0.02,0.0,0.01
QQQ,2026-09-04,2026-09-08,P,653.0,335,5,0.5937540625000001,0.01,0.0,0.01
QQQ,2026-09-04,2026-09-08,P,654.0,1611,3036,0.5937540625000001,0.02,0.0,0.01
QQQ,2026-09-04,2026-09-08,P,655.0,4170,5,0.57812921875,0.01,0.0,0.01
QQQ,2026-09-04,2026-09-08,P,656.0,444,2161,0.5625043750000001,0.02,0.0,0.01
QQQ,2026-09-04,2026-09-08,P,657.0,565,3019,0.5625043750000001,0.02,0.0,0.01
QQQ,2026-09-04,2026-09-08,P,658.0,783,3885,0.5468795312500001,0.03,0.0,0.01
QQQ,2026-09-04,2026-09-08,P,659.0,754,1230,0.5468795312500001,0.01,0.0,0.01
QQQ,2026-09-04,2026-09-08,P,660.0,1013,23,0.5312546875,0.01,0.0,0.01
QQQ,2026-09-04,2026-09-08,P,661.0,8,8,0.5312546875,0.03,0.0,0.01
QQQ,2026-09-04,2026-09-08,P,662.0,56,57,0.51562984375,0.02,0.0,0.01
QQQ,2026-09-04,2026-09-08,P,663.0,406,413,0.51562984375,0.03,0.0,0.01
QQQ,2026-09-04,2026-09-08,P,664.0,83,87,0.500005,0.03,0.0,0.01
QQQ,2026-09-04,2026-09-08,P,665.0,970,2,0.500005,0.01,0.0,0.01
QQQ,2026-09-04,2026-09-08,P,666.0,340,33,0.51562984375,0.01,0.0,0.01
QQQ,2026-09-04,2026-09-08,P,667.0,353,110,0.507817421875,0.01,0.0,0.01
QQQ,2026-09-04,2026-09-08,P,668.0,516,25,0.500005,0.01,0.0,0.01
QQQ,2026-09-04,2026-09-08,P,669.0,1620,57,0.48438015625,0.01,0.0,0.01
QQQ,2026-09-04,2026-09-08,P,670.0,907,121,0.476567734375,0.01,0.0,0.01
QQQ,2026-09-04,2026-09-08,P,671.0,575,10,0.4687553125,0.01,0.0,0.01
QQQ,2026-09-04,2026-09-08,P,672.0,1115,20,0.46094289062500005,0.01,0.0,0.01
QQQ,2026-09-04,2026-09-08,P,673.0,269,14,0.45313046875,0.01,0.0,0.01
QQQ,2026-09-04,2026-09-08,P,674.0,364,93,0.437505625,0.01,0.0,0.01
QQQ,2026-09-04,2026-09-08,P,675.0,886,27,0.42969320312500003,0.01,0.0,0.01
QQQ,2026-09-04,2026-09-08,P,676.0,407,258,0.42188078125,0.01,0.0,0.01
QQQ,2026-09-04,2026-09-08,P,677.0,352,201,0.414068359375,0.01,0.0,0.01
QQQ,2026-09-04,2026-09-08,P,678.0,478,40,0.4062559375,0.01,0.0,0.01
QQQ,2026-09-04,2026-09-08,P,679.0,1016,438,0.398443515625,0.01,0.0,0.01
QQQ,2026-09-04,2026-09-08,P,680.0,4570,271,0.39063109375,0.01,0.0,0.01
QQQ,2026-09-04,2026-09-08,P,681.0,375,250,0.37500625,0.01,0.0,0.01
QQQ,2026-09-04,2026-09-08,P,682.0,470,155,0.367193828125,0.01,0.0,0.01
QQQ,2026-09-04,2026-09-08,P,683.0,338,438,0.35938140625,0.01,0.0,0.01
QQQ,2026-09-04,2026-09-08,P,684.0,581,734,0.35156898437499995,0.01,0.0,0.01
QQQ,2026-09-04,2026-09-08,P,685.0,1154,4052,0.3437565625,0.01,0.0,0.01
QQQ,2026-09-04,2026-09-08,P,686.0,930,3068,0.335944140625,0.01,0.0,0.01
QQQ,2026-09-04,2026-09-08,P,687.0,890,1072,0.3242255078124999,0.01,0.0,0.01
QQQ,2026-09-04,2026-09-08,P,688.0,298,1136,0.31250687499999996,0.01,0.0,0.01
QQQ,2026-09-04,2026-09-08,P,689.0,796,349,0.304694453125,0.01,0.0,0.01
QQQ,2026-09-04,2026-09-08,P,690.0,1175,1158,0.29688203124999996,0.01,0.0,0.01
QQQ,2026-09-04,2026-09-08,P,691.0,1393,703,0.2890696093749999,0.01,0.0,0.01
QQQ,2026-09-04,2026-09-08,P,692.0,1474,1446,0.28125718749999995,0.01,0.0,0.01
QQQ,2026-09-04,2026-09-08,P,693.0,2139,4063,0.2695385546875,0.01,0.0,0.01
QQQ,2026-09-04,2026-09-08,P,694.0,1223,3298,0.257819921875,0.01,0.0,0.01
QQQ,2026-09-04,2026-09-08,P,695.0,2297,2226,0.2500075,0.01,0.0,0.01
QQQ,2026-09-04,2026-09-08,P,696.0,1001,6379,0.2617261328125,0.02,0.01,0.02
QQQ,2026-09-04,2026-09-08,P,697.0,1014,3600,0.2500075,0.01,0.01,0.02
QQQ,2026-09-04,2026-09-08,P,698.0,502,11301,0.242195078125,0.01,0.01,0.02
QQQ,2026-09-04,2026-09-08,P,699.0,558,1199,0.2304764453125,0.01,0.01,0.02
QQQ,2026-09-04,2026-09-08,P,700.0,4456,5074,0.22266402343749997,0.01,0.01,0.02
QQQ,2026-09-04,2026-09-08,P,701.0,2351,4596,0.21094539062499998,0.01,0.01,0.02
QQQ,2026-09-04,2026-09-08,P,702.0,2754,2437,0.20117986328124998,0.01,0.01,0.02
QQQ,2026-09-04,2026-09-08,P,703.0,1198,1997,0.1914143359375,0.01,0.01,0.02
QQQ,2026-09-04,2026-09-08,P,704.0,1951,3733,0.18164880859375,0.01,0.01,0.02
QQQ,2026-09-04,2026-09-08,P,705.0,3793,8590,0.17188328125000002,0.01,0.01,0.02
QQQ,2026-09-04,2026-09-08,P,706.0,1435,4854,0.16211775390625,0.01,0.01,0.02
QQQ,2026-09-04,2026-09-08,P,707.0,2911,10545,0.15235222656250003,0.01,0.01,0.02
QQQ,2026-09-04,2026-09-08,P,708.0,3720,7528,0.14063359375,0.01,0.01,0.02
QQQ,2026-09-04,2026-09-08,P,709.0,4886,13962,0.13086806640624998,0.02,0.01,0.02
QQQ,2026-09-04,2026-09-08,P,710.0,10860,23416,0.127938408203125,0.02,0.02,0.03
QQQ,2026-09-04,2026-09-08,P,711.0,1912,16254,0.117196328125,0.02,0.02,0.03
QQQ,2026-09-04,2026-09-08,P,712.0,2540,30950,0.1054776953125,0.02,0.02,0.03
QQQ,2026-09-04,2026-09-08,P,713.0,3950,45499,0.09473561523437501,0.02,0.02,0.03
QQQ,2026-09-04,2026-09-08,P,714.0,10875,66750,0.08301698242187502,0.02,0.02,0.03
QQQ,2026-09-04,2026-09-08,P,715.0,6533,130641,0.07520456054687502,0.03,0.03,0.04
QQQ,2026-09-04,2026-09-08,P,716.0,4512,172220,0.065439033203125,0.05,0.04,0.05
QQQ,2026-09-04,2026-09-08,P,717.0,5232,231255,0.056650058593750004,0.06,0.06,0.07
QQQ,2026-09-04,2026-09-08,P,718.0,4917,257408,0.047861083984375,0.1,0.1,0.11
QQQ,2026-09-04,2026-09-08,P,719.0,4222,302567,0.039194178466796875,0.19,0.19,0.2
QQQ,2026-09-04,2026-09-08,P,720.0,5021,299524,0.030527272949218753,0.41,0.41,0.42
QQQ,2026-09-04,2026-09-08,P,721.0,2300,107678,1.0000000000000003e-05,0.87,0.86,0.87
QQQ,2026-09-04,2026-09-08,P,722.0,1074,31181,1.0000000000000003e-05,1.59,1.6,1.62
QQQ,2026-09-04,2026-09-08,P,723.0,942,8961,1.0000000000000003e-05,2.49,2.47,2.49
QQQ,2026-09-04,2026-09-08,P,724.0,203,3379,1.0000000000000003e-05,3.44,3.46,3.5
QQQ,2026-09-04,2026-09-08,P,725.0,541,1677,1.0000000000000003e-05,4.5,4.41,4.53
QQQ,2026-09-04,2026-09-08,P,726.0,224,787,1.0000000000000003e-05,5.66,5.36,5.47
QQQ,2026-09-04,2026-09-08,P,727.0,219,686,1.0000000000000003e-05,6.62,6.47,6.57
QQQ,2026-09-04,2026-09-08,P,728.0,81,285,1.0000000000000003e-05,7.51,7.46,7.57
QQQ,2026-09-04,2026-09-08,P,729.0,10,221,1.0000000000000003e-05,8.46,8.38,8.46
QQQ,2026-09-04,2026-09-08,P,730.0,113,334,1.0000000000000003e-05,9.45,9.41,9.46
QQQ,2026-09-04,2026-09-08,P,731.0,3,91,1.0000000000000003e-05,10.73,10.34,10.46
QQQ,2026-09-04,2026-09-08,P,732.0,0,31,1.0000000000000003e-05,11.74,11.46,11.56
QQQ,2026-09-04,2026-09-08,P,733.0,19,95,1.0000000000000003e-05,12.37,12.48,12.6
QQQ,2026-09-04,2026-09-08,P,734.0,1,9,1.0000000000000003e-05,13.13,13.34,13.46
QQQ,2026-09-04,2026-09-08,P,735.0,2,51,1.0000000000000003e-05,14.61,14.34,14.45
QQQ,2026-09-04,2026-09-08,P,736.0,2,37,1.0000000000000003e-05,16.25,15.34,15.45
QQQ,2026-09-04,2026-09-08,P,737.0,1,109,1.0000000000000003e-05,16.43,16.41,16.53
QQQ,2026-09-04,2026-09-08,P,738.0,2,85,1.0000000000000003e-05,17.9,17.48,17.59
QQQ,2026-09-04,2026-09-08,P,739.0,0,93,1.0000000000000003e-05,19.25,18.36,18.45
QQQ,2026-09-04,2026-09-08,P,740.0,0,5,1.0000000000000003e-05,22.1,19.34,19.45
QQQ,2026-09-04,2026-09-08,P,741.0,3,8,1.0000000000000003e-05,21.25,20.45,20.54
QQQ,2026-09-04,2026-09-08,P,742.0,3,6,1.0000000000000003e-05,23.92,21.45,21.55
QQQ,2026-09-04,2026-09-08,P,744.0,0,3,1.0000000000000003e-05,25.92,23.34,23.45
QQQ,2026-09-04,2026-09-08,P,745.0,0,2,1.0000000000000003e-05,27.07,24.43,24.56
QQQ,2026-09-04,2026-09-08,P,748.0,0,0,1.0000000000000003e-05,31.08,27.43,27.55
QQQ,2026-09-04,2026-09-08,P,755.0,0,1,1.0000000000000003e-05,38.19,34.44,34.56
QQQ,2026-09-04,2026-09-08,P,756.0,0,1,1.0000000000000003e-05,39.13,35.34,35.45
QQQ,2026-09-04,2026-09-08,P,760.0,0,39,1.0000000000000003e-05,39.93,39.44,39.56
QQQ,2026-09-04,2026-09-08,P,780.0,7,7,1.0000000000000003e-05,60.4,59.44,59.56
QQQ,2026-09-04,2026-09-09,C,525.0,28,28,1.9267581787109376,191.84,193.94,197.04
QQQ,2026-09-04,2026-09-09,C,540.0,59,59,1.783204208984375,178.26,178.95,182.06
QQQ,2026-09-04,2026-09-09,C,590.0,5,5,1.2324257128906249,127.6,128.72,132.05
QQQ,2026-09-04,2026-09-09,C,600.0,2,12,1.162113564453125,120.7,118.71,122.14
QQQ,2026-09-04,2026-09-09,C,645.0,8,1,0.7568383691406251,73.97,73.72,77.15
QQQ,2026-09-04,2026-09-09,C,650.0,7,0,0.7114286669921875,62.59,68.72,72.15
QQQ,2026-09-04,2026-09-09,C,660.0,1,31,0.629886513671875,56.65,58.93,62.0
QQQ,2026-09-04,2026-09-09,C,670.0,3,15,0.5463912548828126,50.07,48.96,52.04
QQQ,2026-09-04,2026-09-09,C,671.0,1,0,0.523442265625,37.54,47.73,51.16
QQQ,2026-09-04,2026-09-09,C,672.0,1,0,0.514653291015625,37.08,46.73,50.16
QQQ,2026-09-04,2026-09-09,C,673.0,2,0,0.5053760400390624,36.02,45.73,49.16
QQQ,2026-09-04,2026-09-09,C,675.0,35,30,0.5188036401367188,42.47,44.35,46.83
QQQ,2026-09-04,2026-09-09,C,680.0,63,3,0.4997608618164063,40.14,39.35,40.76
QQQ,2026-09-04,2026-09-09,C,682.0,5,1,0.559574716796875,36.25,37.36,39.37
QQQ,2026-09-04,2026-09-09,C,684.0,17,1,0.5689740368652343,35.75,35.36,37.67
QQQ,2026-09-04,2026-09-09,C,685.0,17,1,0.46484910156250003,34.58,34.96,35.87
QQQ,2026-09-04,2026-09-09,C,687.0,1,1,0.43555251953125,31.98,32.97,33.81
QQQ,2026-09-04,2026-09-09,C,690.0,78,5,0.3986876538085938,29.97,29.96,30.77
QQQ,2026-09-04,2026-09-09,C,694.0,2,0,0.37036762451171873,18.59,26.0,26.88
QQQ,2026-09-04,2026-09-09,C,695.0,29,53,0.3474186352539062,23.5,25.01,25.78
QQQ,2026-09-04,2026-09-09,C,696.0,4,0,0.34961587890624996,22.01,24.03,24.89
QQQ,2026-09-04,2026-09-09,C,697.0,3,1,0.3452213916015625,23.3,23.03,23.95
QQQ,2026-09-04,2026-09-09,C,698.0,135,1,0.3276434423828125,21.4,22.03,22.89
QQQ,2026-09-04,2026-09-09,C,699.0,10,0,0.30664755859375,18.36,21.03,21.8
QQQ,2026-09-04,2026-09-09,C,700.0,554,221,0.28784891845703114,20.54,20.1,20.73
QQQ,2026-09-04,2026-09-09,C,701.0,201,2,0.28565167480468745,19.68,19.14,19.81
QQQ,2026-09-04,2026-09-09,C,702.0,154,16,0.2756420092773437,15.79,18.12,18.82
QQQ,2026-09-04,2026-09-09,C,703.0,183,140,0.2751537329101562,17.37,17.17,17.93
QQQ,2026-09-04,2026-09-09,C,704.0,99,12,0.25501233276367197,14.08,16.11,16.84
QQQ,2026-09-04,2026-09-09,C,705.0,1109,35,0.24536887451171874,14.74,15.21,15.86
QQQ,2026-09-04,2026-09-09,C,706.0,301,14,0.24439232177734377,13.6,14.23,14.98
QQQ,2026-09-04,2026-09-09,C,707.0,132,348,0.22632609619140626,13.06,13.54,13.91
QQQ,2026-09-04,2026-09-09,C,708.0,277,80,0.21753712158203126,11.87,12.3,12.95
QQQ,2026-09-04,2026-09-09,C,709.0,323,75,0.20850400878906244,11.44,11.35,11.99
QQQ,2026-09-04,2026-09-09,C,710.0,744,270,0.19959296508789062,10.99,10.63,11.04
QQQ,2026-09-04,2026-09-09,C,711.0,234,193,0.1909260595703125,9.79,9.87,10.1
QQQ,2026-09-04,2026-09-09,C,712.0,404,1288,0.1829915686035156,8.83,8.9,9.18
QQQ,2026-09-04,2026-09-09,C,713.0,396,322,0.1749350085449219,7.98,7.7,8.27
QQQ,2026-09-04,2026-09-09,C,714.0,257,866,0.16773293212890628,7.37,7.12,7.39
QQQ,2026-09-04,2026-09-09,C,715.0,705,2042,0.157234990234375,6.38,6.41,6.47
QQQ,2026-09-04,2026-09-09,C,716.0,1421,5638,0.1511315356445313,5.57,5.59,5.65
QQQ,2026-09-04,2026-09-09,C,717.0,783,14710,0.1419763537597656,4.87,4.75,4.8
QQQ,2026-09-04,2026-09-09,C,718.0,1620,24052,0.13959600646972659,4.12,4.09,4.12
QQQ,2026-09-04,2026-09-09,C,719.0,1208,24866,0.13208875732421876,3.37,3.36,3.38
QQQ,2026-09-04,2026-09-09,C,720.0,1589,36150,0.1297694445800781,2.79,2.78,2.8
QQQ,2026-09-04,2026-09-09,C,721.0,1901,28594,0.12525288818359376,2.22,2.22,2.23
QQQ,2026-09-04,2026-09-09,C,722.0,4891,15200,0.12098046997070314,1.72,1.72,1.73
QQQ,2026-09-04,2026-09-09,C,723.0,625,10999,0.11853908813476563,1.31,1.31,1.33
QQQ,2026-09-04,2026-09-09,C,724.0,809,7931,0.11707425903320312,1.01,1.0,1.01
QQQ,2026-09-04,2026-09-09,C,725.0,1187,11685,0.1157314990234375,0.75,0.74,0.75
QQQ,2026-09-04,2026-09-09,C,726.0,1543,3073,0.11341218627929686,0.54,0.52,0.53
QQQ,2026-09-04,2026-09-09,C,727.0,474,4471,0.11292390991210938,0.39,0.37,0.38
QQQ,2026-09-04,2026-09-09,C,728.0,4227,3233,0.1128018408203125,0.26,0.26,0.27
QQQ,2026-09-04,2026-09-09,C,729.0,657,2189,0.11451080810546876,0.19,0.19,0.2
QQQ,2026-09-04,2026-09-09,C,730.0,2212,4604,0.1147549462890625,0.15,0.13,0.14
QQQ,2026-09-04,2026-09-09,C,731.0,2644,1412,0.118172880859375,0.1,0.1,0.11
QQQ,2026-09-04,2026-09-09,C,732.0,884,1060,0.11963770996093749,0.07,0.07,0.08
QQQ,2026-09-04,2026-09-09,C,733.0,1577,2152,0.12207909179687501,0.06,0.05,0.06
QQQ,2026-09-04,2026-09-09,C,734.0,690,486,0.125985302734375,0.05,0.04,0.05
QQQ,2026-09-04,2026-09-09,C,735.0,2760,1640,0.1289149609375,0.04,0.03,0.04
QQQ,2026-09-04,2026-09-09,C,736.0,147,289,0.13086806640624998,0.03,0.02,0.03
QQQ,2026-09-04,2026-09-09,C,737.0,156,142,0.13868048828125001,0.02,0.02,0.03
QQQ,2026-09-04,2026-09-09,C,738.0,199,229,0.13868048828125001,0.02,0.01,0.02
QQQ,2026-09-04,2026-09-09,C,739.0,268,583,0.1445398046875,0.01,0.01,0.02
QQQ,2026-09-04,2026-09-09,C,740.0,1138,795,0.15137567382812503,0.01,0.01,0.02
QQQ,2026-09-04,2026-09-09,C,741.0,1474,1474,0.14649291015625,0.01,0.0,0.01
QQQ,2026-09-04,2026-09-09,C,742.0,148,90,0.15235222656250003,0.02,0.0,0.01
QQQ,2026-09-04,2026-09-09,C,743.0,510,81,0.15821154296875,0.01,0.0,0.01
QQQ,2026-09-04,2026-09-09,C,744.0,78,120,0.16407085937500002,0.01,0.0,0.01
QQQ,2026-09-04,2026-09-09,C,745.0,806,5,0.17188328125000002,0.02,0.0,0.01
QQQ,2026-09-04,2026-09-09,C,746.0,47,20,0.1757894921875,0.01,0.0,0.01
QQQ,2026-09-04,2026-09-09,C,747.0,135,11,0.18360191406249998,0.02,0.0,0.01
QQQ,2026-09-04,2026-09-09,C,748.0,12,6,0.187508125,0.03,0.0,0.01
QQQ,2026-09-04,2026-09-09,C,749.0,40,30,0.195320546875,0.02,0.0,0.01
QQQ,2026-09-04,2026-09-09,C,750.0,218,20,0.1992267578125,0.01,0.0,0.01
QQQ,2026-09-04,2026-09-09,C,751.0,7,4,0.20703917968749996,0.02,0.0,0.01
QQQ,2026-09-04,2026-09-09,C,752.0,15,0,0.21094539062499998,0.02,0.0,0.01
QQQ,2026-09-04,2026-09-09,C,753.0,35,5,0.21875781249999998,0.01,0.0,0.01
QQQ,2026-09-04,2026-09-09,C,754.0,7,2,0.22266402343749997,0.02,0.0,0.01
QQQ,2026-09-04,2026-09-09,C,755.0,66,35,0.2304764453125,0.01,0.0,0.01
QQQ,2026-09-04,2026-09-09,C,756.0,11,5,0.23438265625,0.02,0.0,0.01
QQQ,2026-09-04,2026-09-09,C,757.0,10,0,0.242195078125,0.17,0.0,0.01
QQQ,2026-09-04,2026-09-09,C,758.0,25,0,0.2461012890625,0.07,0.0,0.01
QQQ,2026-09-04,2026-09-09,C,759.0,4,0,0.25391371093750004,0.09,0.0,0.01
QQQ,2026-09-04,2026-09-09,C,760.0,77,0,0.257819921875,0.07,0.0,0.01
QQQ,2026-09-04,2026-09-09,C,765.0,259,20,0.2890696093749999,0.01,0.0,0.01
QQQ,2026-09-04,2026-09-09,C,770.0,30,20,0.31250687499999996,0.01,0.0,0.01
QQQ,2026-09-04,2026-09-09,C,775.0,20,0,0.3437565625,0.01,0.0,0.01
QQQ,2026-09-04,2026-09-09,C,780.0,33,0,0.367193828125,0.02,0.0,0.01
QQQ,2026-09-04,2026-09-09,C,795.0,2,0,0.445318046875,0.03,0.0,0.01
QQQ,2026-09-04,2026-09-09,C,800.0,4,2,0.476567734375,0.03,0.0,0.01
QQQ,2026-09-04,2026-09-09,C,835.0,10,0,0.6093789062500001,0.02,0.0,0.01
QQQ,2026-09-04,2026-09-09,C,860.0,2,0,0.7187528125,0.01,0.0,0.01
QQQ,2026-09-04,2026-09-09,C,945.0,6,6,1.0625046875000002,0.01,0.0,0.01
QQQ,2026-09-04,2026-09-09,C,950.0,1,3,1.09375453125,0.01,0.0,0.01
QQQ,2026-09-04,2026-09-09,P,490.0,26,0,1.5000025,0.02,0.0,0.01
QQQ,2026-09-04,2026-09-09,P,495.0,20,0,1.46875265625,0.02,0.0,0.01
QQQ,2026-09-04,2026-09-09,P,500.0,3,0,1.4375028125,0.02,0.0,0.01
QQQ,2026-09-04,2026-09-09,P,505.0,100,0,1.40625296875,0.01,0.0,0.01
QQQ,2026-09-04,2026-09-09,P,510.0,37,10,1.3750031249999999,0.01,0.0,0.01
QQQ,2026-09-04,2026-09-09,P,515.0,20442,20442,1.40625296875,0.01,0.0,0.02
QQQ,2026-09-04,2026-09-09,P,520.0,53,53,1.359378203125,0.01,0.0,0.02
QQQ,2026-09-04,2026-09-09,P,525.0,11,6,1.3125034374999998,0.01,0.0,0.02
QQQ,2026-09-04,2026-09-09,P,530.0,5,0,1.2812535937499998,0.03,0.0,0.02
QQQ,2026-09-04,2026-09-09,P,535.0,12,1,1.2500037499999999,0.01,0.0,0.02
QQQ,2026-09-04,2026-09-09,P,540.0,37,11,1.21875390625,0.01,0.0,0.02
QQQ,2026-09-04,2026-09-09,P,545.0,9,9,1.171879140625,0.02,0.0,0.02
QQQ,2026-09-04,2026-09-09,P,555.0,10,0,1.0468797656250002,0.01,0.0,0.01
QQQ,2026-09-04,2026-09-09,P,560.0,2,10,1.000005,0.01,0.0,0.01
QQQ,2026-09-04,2026-09-09,P,570.0,10,0,0.937500625,0.04,0.0,0.01
QQQ,2026-09-04,2026-09-09,P,575.0,10000,0,0.9062509375,0.01,0.0,0.01
QQQ,2026-09-04,2026-09-09,P,580.0,43,1,0.87500125,0.02,0.0,0.01
QQQ,2026-09-04,2026-09-09,P,585.0,4,0,0.8437515624999999,0.05,0.0,0.01
QQQ,2026-09-04,2026-09-09,P,590.0,13,0,0.8125018749999999,0.03,0.0,0.01
QQQ,2026-09-04,2026-09-09,P,595.0,3,16,0.7812521875,0.01,0.0,0.01
QQQ,2026-09-04,2026-09-09,P,600.0,110,1360,0.7500025,0.01,0.0,0.01
QQQ,2026-09-04,2026-09-09,P,605.0,42,20,0.7187528125,0.03,0.0,0.01
QQQ,2026-09-04,2026-09-09,P,610.0,101,1221,0.6875031250000001,0.01,0.0,0.01
QQQ,2026-09-04,2026-09-09,P,615.0,223,1705,0.6562534375000001,0.03,0.0,0.01
QQQ,2026-09-04,2026-09-09,P,620.0,430,2843,0.6250037500000001,0.02,0.0,0.01
QQQ,2026-09-04,2026-09-09,P,625.0,145,1,0.5937540625000001,0.01,0.0,0.01
QQQ,2026-09-04,2026-09-09,P,630.0,187,528,0.5625043750000001,0.01,0.0,0.01
QQQ,2026-09-04,2026-09-09,P,631.0,222,100,0.5625043750000001,0.01,0.0,0.01
QQQ,2026-09-04,2026-09-09,P,632.0,172,516,0.5468795312500001,0.01,0.0,0.01
QQQ,2026-09-04,2026-09-09,P,633.0,231,65,0.57812921875,0.01,0.0,0.02
QQQ,2026-09-04,2026-09-09,P,634.0,45,167,0.570316796875,0.01,0.0,0.02
QQQ,2026-09-04,2026-09-09,P,635.0,2515,110,0.5625043750000001,0.01,0.0,0.02
QQQ,2026-09-04,2026-09-09,P,636.0,175,125,0.5546919531250001,0.01,0.0,0.02
QQQ,2026-09-04,2026-09-09,P,638.0,4,22,0.5468795312500001,0.01,0.0,0.02
QQQ,2026-09-04,2026-09-09,P,639.0,10,1,0.5390671093750001,0.01,0.0,0.02
QQQ,2026-09-04,2026-09-09,P,640.0,166,6,0.5312546875,0.01,0.0,0.02
QQQ,2026-09-04,2026-09-09,P,642.0,40,1,0.51562984375,0.01,0.0,0.02
QQQ,2026-09-04,2026-09-09,P,645.0,4112,310,0.500005,0.02,0.0,0.02
QQQ,2026-09-04,2026-09-09,P,646.0,127,11,0.523442265625,0.02,0.0,0.02
QQQ,2026-09-04,2026-09-09,P,649.0,5,71,0.5039112109375,0.02,0.0,0.02
QQQ,2026-09-04,2026-09-09,P,650.0,3181,27,0.4687553125,0.02,0.0,0.01
QQQ,2026-09-04,2026-09-09,P,651.0,135,11,0.48828636718750007,0.01,0.01,0.02
QQQ,2026-09-04,2026-09-09,P,652.0,2,2,0.48438015625,0.04,0.01,0.02
QQQ,2026-09-04,2026-09-09,P,653.0,6,6,0.476567734375,0.03,0.01,0.02
QQQ,2026-09-04,2026-09-09,P,654.0,82,82,0.4687553125,0.04,0.01,0.02
QQQ,2026-09-04,2026-09-09,P,655.0,7697,14,0.46094289062500005,0.02,0.01,0.02
QQQ,2026-09-04,2026-09-09,P,656.0,1,1,0.45703667968750006,0.01,0.01,0.02
QQQ,2026-09-04,2026-09-09,P,658.0,197,8,0.4414118359375,0.01,0.01,0.02
QQQ,2026-09-04,2026-09-09,P,660.0,741,164,0.42969320312500003,0.01,0.01,0.02
QQQ,2026-09-04,2026-09-09,P,661.0,5,110,0.42188078125,0.01,0.01,0.02
QQQ,2026-09-04,2026-09-09,P,663.0,8,70,0.4101621484375,0.01,0.01,0.02
QQQ,2026-09-04,2026-09-09,P,664.0,36,148,0.4023497265625,0.02,0.01,0.02
QQQ,2026-09-04,2026-09-09,P,665.0,1228,368,0.39453730468750003,0.02,0.01,0.02
QQQ,2026-09-04,2026-09-09,P,666.0,228,15,0.38672488281249995,0.02,0.01,0.02
QQQ,2026-09-04,2026-09-09,P,667.0,142,6,0.38281867187499996,0.03,0.01,0.02
QQQ,2026-09-04,2026-09-09,P,668.0,161,4,0.37500625,0.02,0.01,0.02
QQQ,2026-09-04,2026-09-09,P,669.0,32,188,0.367193828125,0.01,0.01,0.02
QQQ,2026-09-04,2026-09-09,P,670.0,1043,39,0.36133451171875,0.02,0.01,0.02
QQQ,2026-09-04,2026-09-09,P,671.0,449,29,0.35547519531249994,0.02,0.01,0.02
QQQ,2026-09-04,2026-09-09,P,672.0,148,61,0.34766277343749996,0.02,0.01,0.02
QQQ,2026-09-04,2026-09-09,P,673.0,349,185,0.3398503515625,0.02,0.01,0.02
QQQ,2026-09-04,2026-09-09,P,674.0,191,181,0.335944140625,0.02,0.01,0.02
QQQ,2026-09-04,2026-09-09,P,675.0,934,363,0.32813171874999997,0.02,0.01,0.02
QQQ,2026-09-04,2026-09-09,P,676.0,934,37,0.32031929687499994,0.02,0.01,0.02
QQQ,2026-09-04,2026-09-09,P,677.0,1368,83,0.31250687499999996,0.01,0.01,0.02
QQQ,2026-09-04,2026-09-09,P,678.0,1852,547,0.3086006640625,0.02,0.01,0.02
QQQ,2026-09-04,2026-09-09,P,679.0,975,811,0.3007882421875,0.02,0.01,0.02
QQQ,2026-09-04,2026-09-09,P,680.0,834,610,0.30664755859375,0.02,0.02,0.03
QQQ,2026-09-04,2026-09-09,P,681.0,590,433,0.3007882421875,0.02,0.02,0.03
QQQ,2026-09-04,2026-09-09,P,682.0,394,223,0.2929758203124999,0.02,0.02,0.03
QQQ,2026-09-04,2026-09-09,P,683.0,531,145,0.28516339843749994,0.02,0.02,0.03
QQQ,2026-09-04,2026-09-09,P,684.0,244,162,0.27930408203124996,0.03,0.02,0.03
QQQ,2026-09-04,2026-09-09,P,685.0,1742,129,0.27149166015625,0.02,0.02,0.03
QQQ,2026-09-04,2026-09-09,P,686.0,244,34,0.26563234375,0.04,0.02,0.03
QQQ,2026-09-04,2026-09-09,P,687.0,295,231,0.257819921875,0.02,0.02,0.03
QQQ,2026-09-04,2026-09-09,P,688.0,797,617,0.2500075,0.02,0.02,0.03
QQQ,2026-09-04,2026-09-09,P,689.0,597,411,0.24414818359375,0.03,0.02,0.03
QQQ,2026-09-04,2026-09-09,P,690.0,1210,456,0.245124736328125,0.04,0.03,0.04
QQQ,2026-09-04,2026-09-09,P,691.0,253,131,0.23828886718749998,0.03,0.03,0.04
QQQ,2026-09-04,2026-09-09,P,692.0,441,563,0.2304764453125,0.04,0.03,0.04
QQQ,2026-09-04,2026-09-09,P,693.0,218,790,0.22266402343749997,0.03,0.03,0.04
QQQ,2026-09-04,2026-09-09,P,694.0,1545,384,0.215828154296875,0.04,0.03,0.04
QQQ,2026-09-04,2026-09-09,P,695.0,1027,1122,0.2148516015625,0.04,0.04,0.05
QQQ,2026-09-04,2026-09-09,P,696.0,1413,637,0.20703917968749996,0.05,0.04,0.05
QQQ,2026-09-04,2026-09-09,P,697.0,1130,414,0.1992267578125,0.05,0.04,0.05
QQQ,2026-09-04,2026-09-09,P,698.0,485,548,0.196297099609375,0.06,0.05,0.06
QQQ,2026-09-04,2026-09-09,P,699.0,340,568,0.1889729541015625,0.06,0.05,0.06
QQQ,2026-09-04,2026-09-09,P,700.0,1634,1811,0.18555501953124998,0.07,0.06,0.07
QQQ,2026-09-04,2026-09-09,P,701.0,693,754,0.18116053222656248,0.07,0.07,0.08
QQQ,2026-09-04,2026-09-09,P,702.0,767,1186,0.17627776855468752,0.08,0.08,0.09
QQQ,2026-09-04,2026-09-09,P,703.0,865,1307,0.17090672851562502,0.09,0.09,0.1
QQQ,2026-09-04,2026-09-09,P,704.0,454,1546,0.165047412109375,0.1,0.1,0.11
QQQ,2026-09-04,2026-09-09,P,705.0,1593,5506,0.161141201171875,0.13,0.12,0.13
QQQ,2026-09-04,2026-09-09,P,706.0,501,1238,0.15674671386718753,0.14,0.14,0.15
QQQ,2026-09-04,2026-09-09,P,707.0,649,2252,0.1530846411132813,0.18,0.17,0.18
QQQ,2026-09-04,2026-09-09,P,708.0,859,3115,0.14991084472656252,0.2,0.21,0.22
QQQ,2026-09-04,2026-09-09,P,709.0,1163,2211,0.14429566650390624,0.25,0.24,0.25
QQQ,2026-09-04,2026-09-09,P,710.0,1404,8471,0.14038945556640625,0.29,0.29,0.3
QQQ,2026-09-04,2026-09-09,P,711.0,422,4661,0.1374597973632813,0.37,0.36,0.37
QQQ,2026-09-04,2026-09-09,P,712.0,485,4533,0.133797724609375,0.45,0.44,0.45
QQQ,2026-09-04,2026-09-09,P,713.0,602,6190,0.12952530639648438,0.54,0.52,0.54
QQQ,2026-09-04,2026-09-09,P,714.0,7986,12101,0.12525288818359376,0.68,0.64,0.65
QQQ,2026-09-04,2026-09-09,P,715.0,1507,14484,0.12195702270507813,0.8,0.79,0.8
QQQ,2026-09-04,2026-09-09,P,716.0,1065,18219,0.12012598632812499,1.0,1.0,1.01
QQQ,2026-09-04,2026-09-09,P,717.0,1239,28581,0.11536529174804688,1.2,1.2,1.21
QQQ,2026-09-04,2026-09-09,P,718.0,1885,18994,0.11194735717773435,1.49,1.47,1.48
QQQ,2026-09-04,2026-09-09,P,719.0,853,24381,0.10730873168945312,1.8,1.76,1.78
QQQ,2026-09-04,2026-09-09,P,720.0,1212,32829,0.10303631347656249,2.15,2.14,2.15
QQQ,2026-09-04,2026-09-09,P,721.0,702,9680,0.0991301025390625,2.6,2.58,2.6
QQQ,2026-09-04,2026-09-09,P,722.0,221,3517,0.09473561523437501,3.2,3.09,3.12
QQQ,2026-09-04,2026-09-09,P,723.0,525,1868,0.09388113159179687,3.74,3.75,3.79
QQQ,2026-09-04,2026-09-09,P,724.0,146,1227,0.08582457153320314,4.42,4.37,4.42
QQQ,2026-09-04,2026-09-09,P,725.0,826,757,0.07373973144531251,5.17,5.08,5.12
QQQ,2026-09-04,2026-09-09,P,726.0,133,207,0.06812455322265626,5.89,5.95,6.0
QQQ,2026-09-04,2026-09-09,P,727.0,172,180,0.090829404296875,7.15,6.73,7.09
QQQ,2026-09-04,2026-09-09,P,728.0,170,447,1.0000000000000003e-05,7.89,7.55,7.89
QQQ,2026-09-04,2026-09-09,P,729.0,36,23,1.0000000000000003e-05,8.85,8.54,8.91
QQQ,2026-09-04,2026-09-09,P,730.0,83,201,1.0000000000000003e-05,9.49,9.38,9.77
QQQ,2026-09-04,2026-09-09,P,731.0,4,1,1.0000000000000003e-05,10.84,10.42,10.9
QQQ,2026-09-04,2026-09-09,P,732.0,0,11,1.0000000000000003e-05,12.87,11.26,11.83
QQQ,2026-09-04,2026-09-09,P,733.0,1,2,1.0000000000000003e-05,14.3,12.37,12.87
QQQ,2026-09-04,2026-09-09,P,734.0,0,3,1.0000000000000003e-05,16.34,13.09,13.69
QQQ,2026-09-04,2026-09-09,P,735.0,0,0,1.0000000000000003e-05,17.72,14.09,14.73
QQQ,2026-09-04,2026-09-09,P,736.0,0,0,1.0000000000000003e-05,26.63,15.09,15.73
QQQ,2026-09-04,2026-09-09,P,737.0,0,0,1.0000000000000003e-05,27.67,16.09,16.73
QQQ,2026-09-04,2026-09-09,P,738.0,0,0,1.0000000000000003e-05,23.74,17.1,17.77
QQQ,2026-09-04,2026-09-09,P,739.0,0,1,1.0000000000000003e-05,18.77,18.1,18.73
QQQ,2026-09-04,2026-09-09,P,740.0,0,0,1.0000000000000003e-05,31.49,19.03,19.73
QQQ,2026-09-04,2026-09-09,P,744.0,0,0,1.0000000000000003e-05,25.97,22.95,23.67
QQQ,2026-09-04,2026-09-09,P,746.0,0,0,1.0000000000000003e-05,37.65,24.95,25.67
QQQ,2026-09-04,2026-09-09,P,751.0,0,0,0.47192910888671874,33.72,29.92,32.35
QQQ,2026-09-04,2026-09-10,C,515.0,3,0,1.6044941650390623,201.5,203.68,207.12
QQQ,2026-09-04,2026-09-10,C,535.0,1,0,1.4580105224609374,176.5,183.68,187.18
QQQ,2026-09-04,2026-09-10,C,570.0,3,0,1.1826212744140623,148.62,148.69,152.18
QQQ,2026-09-04,2026-09-10,C,595.0,1,1,0.992187578125,125.3,123.69,127.19
QQQ,2026-09-04,2026-09-10,C,600.0,35,0,0.9545902978515625,119.11,118.69,122.19
QQQ,2026-09-04,2026-09-10,C,650.0,2,1,0.5986368261718751,69.45,68.97,72.04
QQQ,2026-09-04,2026-09-10,C,655.0,2,2,0.55273884765625,62.37,63.72,67.22
QQQ,2026-09-04,2026-09-10,C,660.0,1,1,0.5151415673828125,57.27,58.72,62.22
QQQ,2026-09-04,2026-09-10,C,665.0,86,50,0.5151415673828125,54.21,54.37,56.96
QQQ,2026-09-04,2026-09-10,C,670.0,16,1,0.6159706372070313,50.72,49.3,51.88
QQQ,2026-09-04,2026-09-10,C,673.0,2,0,0.5793499096679688,36.4,46.3,48.79
QQQ,2026-09-04,2026-09-10,C,675.0,5,0,0.5017139672851563,34.68,44.39,46.19
QQQ,2026-09-04,2026-09-10,C,676.0,1,0,0.5665326550292968,33.9,43.39,45.97
QQQ,2026-09-04,2026-09-10,C,677.0,13,0,0.5576216113281252,32.93,42.39,44.98
QQQ,2026-09-04,2026-09-10,C,679.0,2,0,0.5383346948242189,31.25,40.4,42.98
QQQ,2026-09-04,2026-09-10,C,680.0,130,1,0.5277146838378908,39.58,39.28,41.97
QQQ,2026-09-04,2026-09-10,C,681.0,1,1,0.5188036401367188,38.08,38.41,40.98
QQQ,2026-09-04,2026-09-10,C,685.0,2,2,0.4057676611328125,32.62,35.53,36.12
QQQ,2026-09-04,2026-09-10,C,686.0,1,2,0.383795224609375,31.82,34.41,34.99
QQQ,2026-09-04,2026-09-10,C,687.0,1,0,0.38892212646484375,22.67,33.54,34.13
QQQ,2026-09-04,2026-09-10,C,688.0,1,0,0.38550419189453117,28.97,32.55,33.19
QQQ,2026-09-04,2026-09-10,C,690.0,68,4,0.3394841442871094,29.43,30.5,30.9
QQQ,2026-09-04,2026-09-10,C,691.0,9,0,0.3588931298828125,18.9,29.57,30.2
QQQ,2026-09-04,2026-09-10,C,692.0,5,5,0.32776551147460936,27.45,28.39,28.96
QQQ,2026-09-04,2026-09-10,C,693.0,12,12,0.34192552612304683,21.0,27.59,28.22
QQQ,2026-09-04,2026-09-10,C,694.0,5,5,0.3283758569335937,26.7,26.61,27.17
QQQ,2026-09-04,2026-09-10,C,695.0,11,1,0.32080757324218745,24.51,25.5,26.19
QQQ,2026-09-04,2026-09-10,C,696.0,11,0,0.3161689477539062,19.09,24.63,25.25
QQQ,2026-09-04,2026-09-10,C,697.0,4,0,0.3073799731445312,16.44,23.65,24.26
QQQ,2026-09-04,2026-09-10,C,698.0,19,1,0.29932341308593746,21.86,22.67,23.28
QQQ,2026-09-04,2026-09-10,C,699.0,7,0,0.2910227148437499,21.14,21.7,22.3
QQQ,2026-09-04,2026-09-10,C,700.0,64,40,0.2624585473632813,19.54,20.72,21.05
QQQ,2026-09-04,2026-09-10,C,701.0,39,4,0.25977302734375,18.98,19.75,20.14
QQQ,2026-09-04,2026-09-10,C,702.0,20,1,0.2507399145507812,18.28,18.78,19.15
QQQ,2026-09-04,2026-09-10,C,703.0,27,9,0.2452468054199219,16.95,17.85,18.21
QQQ,2026-09-04,2026-09-10,C,704.0,121,8,0.23389437988281248,16.12,16.9,17.19
QQQ,2026-09-04,2026-09-10,C,705.0,205,54,0.22718057983398435,15.43,15.92,16.24
QQQ,2026-09-04,2026-09-10,C,706.0,164,26,0.22071091796874998,12.67,14.98,15.3
QQQ,2026-09-04,2026-09-10,C,707.0,375,80,0.21399711791992188,11.45,14.08,14.36
QQQ,2026-09-04,2026-09-10,C,708.0,214,27,0.20801573242187496,13.36,13.16,13.44
QQQ,2026-09-04,2026-09-10,C,709.0,185,18,0.20215641601562498,11.23,12.24,12.53
QQQ,2026-09-04,2026-09-10,C,710.0,1208,259,0.19361157958984376,11.15,11.23,11.58
QQQ,2026-09-04,2026-09-10,C,711.0,238,111,0.19080399047851562,9.89,10.46,10.75
QQQ,2026-09-04,2026-09-10,C,712.0,256,81,0.18567708862304685,9.15,9.61,9.89
QQQ,2026-09-04,2026-09-10,C,713.0,406,265,0.1801839794921875,8.25,8.78,9.04
QQQ,2026-09-04,2026-09-10,C,714.0,519,125,0.17536225036621095,7.93,7.98,8.22
QQQ,2026-09-04,2026-09-10,C,715.0,488,478,0.17041845214843754,7.3,7.19,7.42
QQQ,2026-09-04,2026-09-10,C,716.0,346,1862,0.16620706848144534,6.5,6.44,6.66
QQQ,2026-09-04,2026-09-10,C,717.0,644,1350,0.15760119750976562,5.56,5.77,5.82
QQQ,2026-09-04,2026-09-10,C,718.0,1238,1788,0.15393912475585939,5.1,5.08,5.13
QQQ,2026-09-04,2026-09-10,C,719.0,1832,2149,0.15241326110839848,4.29,4.48,4.53
QQQ,2026-09-04,2026-09-10,C,720.0,1631,6306,0.147469462890625,3.93,3.84,3.88
QQQ,2026-09-04,2026-09-10,C,721.0,583,2817,0.1439294592285156,3.29,3.29,3.31
QQQ,2026-09-04,2026-09-10,C,722.0,462,6718,0.1422815264892578,2.83,2.81,2.83
QQQ,2026-09-04,2026-09-10,C,723.0,269,1852,0.1392908337402344,2.24,2.33,2.36
QQQ,2026-09-04,2026-09-10,C,724.0,329,2123,0.13807014282226562,1.96,1.95,1.98
QQQ,2026-09-04,2026-09-10,C,725.0,2825,4012,0.13501841552734378,1.6,1.57,1.6
QQQ,2026-09-04,2026-09-10,C,726.0,196,2231,0.13343151733398437,1.26,1.27,1.3
QQQ,2026-09-04,2026-09-10,C,727.0,226,917,0.131844619140625,1.02,1.01,1.04
QQQ,2026-09-04,2026-09-10,C,728.0,374,452,0.13099013549804686,0.81,0.82,0.83
QQQ,2026-09-04,2026-09-10,C,729.0,186,378,0.12842668457031248,0.59,0.62,0.63
QQQ,2026-09-04,2026-09-10,C,730.0,1775,3381,0.12781633911132811,0.5,0.48,0.49
QQQ,2026-09-04,2026-09-10,C,731.0,718,453,0.12842668457031248,0.37,0.37,0.39
QQQ,2026-09-04,2026-09-10,C,732.0,402,359,0.12818254638671872,0.28,0.28,0.3
QQQ,2026-09-04,2026-09-10,C,733.0,475,504,0.12818254638671872,0.22,0.22,0.23
QQQ,2026-09-04,2026-09-10,C,734.0,123,124,0.1289149609375,0.13,0.17,0.18
QQQ,2026-09-04,2026-09-10,C,735.0,928,2984,0.12964737548828126,0.13,0.12,0.14
QQQ,2026-09-04,2026-09-10,C,736.0,286,140,0.12842668457031248,0.08,0.09,0.1
QQQ,2026-09-04,2026-09-10,C,737.0,934,1043,0.13037979003906247,0.06,0.06,0.08
QQQ,2026-09-04,2026-09-10,C,738.0,341,76,0.13086806640624998,0.04,0.05,0.06
QQQ,2026-09-04,2026-09-10,C,739.0,275,196,0.1333094482421875,0.04,0.04,0.05
QQQ,2026-09-04,2026-09-10,C,740.0,165,78,0.13477427734375003,0.03,0.03,0.04
QQQ,2026-09-04,2026-09-10,C,741.0,103,62,0.14063359375,0.03,0.02,0.04
QQQ,2026-09-04,2026-09-10,C,742.0,113,154,0.14063359375,0.02,0.02,0.03
QQQ,2026-09-04,2026-09-10,C,743.0,42,1220,0.14649291015625,0.01,0.01,0.03
QQQ,2026-09-04,2026-09-10,C,744.0,55,1,0.1445398046875,0.01,0.01,0.02
QQQ,2026-09-04,2026-09-10,C,745.0,262,17,0.15039912109375003,0.02,0.01,0.02
QQQ,2026-09-04,2026-09-10,C,746.0,61,11,0.15528188476562502,0.02,0.01,0.02
QQQ,2026-09-04,2026-09-10,C,747.0,101,196,0.1601646484375,0.01,0.01,0.02
QQQ,2026-09-04,2026-09-10,C,748.0,37,15,0.16602396484375004,0.03,0.01,0.02
QQQ,2026-09-04,2026-09-10,C,749.0,9,2,0.16993017578125003,0.02,0.01,0.02
QQQ,2026-09-04,2026-09-10,C,750.0,251,65,0.1757894921875,0.01,0.01,0.02
QQQ,2026-09-04,2026-09-10,C,751.0,25,3,0.18164880859375,0.04,0.01,0.02
QQQ,2026-09-04,2026-09-10,C,752.0,129,35,0.18555501953124998,0.01,0.01,0.02
QQQ,2026-09-04,2026-09-10,C,753.0,63,1,0.1914143359375,0.02,0.01,0.02
QQQ,2026-09-04,2026-09-10,C,754.0,80,1,0.195320546875,0.02,0.01,0.02
QQQ,2026-09-04,2026-09-10,C,755.0,243,2,0.20117986328124998,0.01,0.01,0.02
QQQ,2026-09-04,2026-09-10,C,756.0,10,0,0.20703917968749996,0.27,0.01,0.02
QQQ,2026-09-04,2026-09-10,C,757.0,74,10,0.21094539062499998,0.02,0.0,0.02
QQQ,2026-09-04,2026-09-10,C,758.0,21,1,0.21680470703125,0.02,0.0,0.02
QQQ,2026-09-04,2026-09-10,C,760.0,85,11,0.22657023437499998,0.01,0.0,0.02
QQQ,2026-09-04,2026-09-10,C,775.0,1,0,0.28125718749999995,0.02,0.0,0.01
QQQ,2026-09-04,2026-09-10,C,785.0,1,0,0.32031929687499994,0.03,0.0,0.01
QQQ,2026-09-04,2026-09-10,C,800.0,10,0,0.38672488281249995,0.02,0.0,0.01
QQQ,2026-09-04,2026-09-10,C,805.0,7,4,0.4062559375,0.01,0.0,0.01
QQQ,2026-09-04,2026-09-10,P,490.0,182,10,1.2500037499999999,0.02,0.0,0.01
QQQ,2026-09-04,2026-09-10,P,495.0,158,158,1.2656286718749998,0.01,0.0,0.02
QQQ,2026-09-04,2026-09-10,P,525.0,20,0,1.0781296093750001,0.03,0.0,0.02
QQQ,2026-09-04,2026-09-10,P,540.0,45,2,0.98437515625,0.05,0.0,0.02
QQQ,2026-09-04,2026-09-10,P,545.0,20,220,0.9531254687499999,0.02,0.0,0.02
QQQ,2026-09-04,2026-09-10,P,550.0,50,80,0.87500125,0.02,0.0,0.01
QQQ,2026-09-04,2026-09-10,P,555.0,80,20,0.8437515624999999,0.02,0.0,0.01
QQQ,2026-09-04,2026-09-10,P,560.0,4,20,0.87500125,0.01,0.0,0.02
QQQ,2026-09-04,2026-09-10,P,565.0,29,136,0.8437515624999999,0.01,0.0,0.02
QQQ,2026-09-04,2026-09-10,P,570.0,116,729,0.8125018749999999,0.01,0.0,0.02
QQQ,2026-09-04,2026-09-10,P,575.0,157,2754,0.8125018749999999,0.01,0.01,0.02
QQQ,2026-09-04,2026-09-10,P,580.0,205,212,0.7578149218750001,0.02,0.0,0.02
QQQ,2026-09-04,2026-09-10,P,585.0,262,258,0.7578149218750001,0.01,0.01,0.02
QQQ,2026-09-04,2026-09-10,P,590.0,140,188,0.726565234375,0.02,0.01,0.02
QQQ,2026-09-04,2026-09-10,P,595.0,5,10,0.6953155468750001,0.02,0.01,0.02
QQQ,2026-09-04,2026-09-10,P,600.0,191,2,0.6718782812500002,0.02,0.01,0.02
QQQ,2026-09-04,2026-09-10,P,605.0,14,11,0.64062859375,0.02,0.01,0.02
QQQ,2026-09-04,2026-09-10,P,610.0,123,5,0.6132851171875001,0.05,0.01,0.02
QQQ,2026-09-04,2026-09-10,P,615.0,152,405,0.585941640625,0.01,0.01,0.02
QQQ,2026-09-04,2026-09-10,P,620.0,190,2,0.5585981640625001,0.01,0.01,0.02
QQQ,2026-09-04,2026-09-10,P,625.0,51,6,0.5312546875,0.03,0.01,0.02
QQQ,2026-09-04,2026-09-10,P,630.0,155,1040,0.5039112109375,0.01,0.01,0.02
QQQ,2026-09-04,2026-09-10,P,635.0,388,1800,0.48828636718750007,0.02,0.01,0.02
QQQ,2026-09-04,2026-09-10,P,640.0,388,4320,0.46094289062500005,0.01,0.01,0.02
QQQ,2026-09-04,2026-09-10,P,645.0,334,2,0.44922425781249997,0.02,0.01,0.03
QQQ,2026-09-04,2026-09-10,P,646.0,2978,462,0.445318046875,0.02,0.01,0.03
QQQ,2026-09-04,2026-09-10,P,647.0,537,1242,0.43945873046875,0.01,0.01,0.03
QQQ,2026-09-04,2026-09-10,P,650.0,2418,24,0.42188078125,0.02,0.01,0.03
QQQ,2026-09-04,2026-09-10,P,651.0,2000,24,0.41602146484374997,0.02,0.01,0.03
QQQ,2026-09-04,2026-09-10,P,654.0,10,10,0.398443515625,0.08,0.02,0.03
QQQ,2026-09-04,2026-09-10,P,655.0,1210,258,0.39453730468750003,0.02,0.02,0.03
QQQ,2026-09-04,2026-09-10,P,656.0,3583,60,0.38672488281249995,0.03,0.02,0.03
QQQ,2026-09-04,2026-09-10,P,657.0,6,11,0.38281867187499996,0.03,0.02,0.03
QQQ,2026-09-04,2026-09-10,P,658.0,6,6,0.37695935546875,0.05,0.02,0.03
QQQ,2026-09-04,2026-09-10,P,659.0,1,5,0.3711000390625,0.04,0.02,0.03
QQQ,2026-09-04,2026-09-10,P,660.0,1064,77,0.36524072265625,0.03,0.02,0.03
QQQ,2026-09-04,2026-09-10,P,663.0,3,20,0.35938140625,0.03,0.02,0.04
QQQ,2026-09-04,2026-09-10,P,665.0,66,46,0.34766277343749996,0.03,0.03,0.04
QQQ,2026-09-04,2026-09-10,P,666.0,7,114,0.34180345703125,0.05,0.03,0.04
QQQ,2026-09-04,2026-09-10,P,668.0,39,58,0.33008482421874996,0.04,0.03,0.04
QQQ,2026-09-04,2026-09-10,P,669.0,24,51,0.3242255078124999,0.03,0.03,0.04
QQQ,2026-09-04,2026-09-10,P,670.0,294,532,0.31836619140624994,0.03,0.03,0.04
QQQ,2026-09-04,2026-09-10,P,671.0,74,258,0.31250687499999996,0.04,0.03,0.04
QQQ,2026-09-04,2026-09-10,P,672.0,156,4,0.31445998046874996,0.06,0.03,0.05
QQQ,2026-09-04,2026-09-10,P,673.0,39,15,0.3086006640625,0.07,0.03,0.05
QQQ,2026-09-04,2026-09-10,P,674.0,116,78,0.30274134765625,0.05,0.04,0.05
QQQ,2026-09-04,2026-09-10,P,675.0,284,114,0.29688203124999996,0.05,0.04,0.05
QQQ,2026-09-04,2026-09-10,P,676.0,189,266,0.29688203124999996,0.05,0.05,0.06
QQQ,2026-09-04,2026-09-10,P,677.0,199,11,0.2910227148437499,0.07,0.04,0.06
QQQ,2026-09-04,2026-09-10,P,678.0,1815,57,0.28516339843749994,0.06,0.04,0.06
QQQ,2026-09-04,2026-09-10,P,679.0,533,60,0.278327529296875,0.05,0.05,0.06
QQQ,2026-09-04,2026-09-10,P,680.0,759,178,0.278327529296875,0.06,0.05,0.07
QQQ,2026-09-04,2026-09-10,P,681.0,246,26,0.27149166015625,0.08,0.05,0.07
QQQ,2026-09-04,2026-09-10,P,682.0,325,40,0.26563234375,0.11,0.06,0.07
QQQ,2026-09-04,2026-09-10,P,683.0,67,28,0.25977302734375,0.07,0.06,0.07
QQQ,2026-09-04,2026-09-10,P,684.0,149,15,0.257819921875,0.07,0.06,0.08
QQQ,2026-09-04,2026-09-10,P,685.0,393,134,0.25098405273437496,0.07,0.06,0.08
QQQ,2026-09-04,2026-09-10,P,686.0,160,11,0.245124736328125,0.09,0.07,0.08
QQQ,2026-09-04,2026-09-10,P,687.0,637,47,0.24268335449218748,0.09,0.07,0.09
QQQ,2026-09-04,2026-09-10,P,688.0,97,45,0.23633576171874998,0.11,0.08,0.09
QQQ,2026-09-04,2026-09-10,P,689.0,236,60,0.233406103515625,0.11,0.09,0.1
QQQ,2026-09-04,2026-09-10,P,690.0,782,897,0.2299881689453125,0.09,0.09,0.11
QQQ,2026-09-04,2026-09-10,P,691.0,554,115,0.22657023437499998,0.09,0.1,0.12
QQQ,2026-09-04,2026-09-10,P,692.0,1787,171,0.21973436523437498,0.11,0.11,0.12
QQQ,2026-09-04,2026-09-10,P,693.0,156,147,0.215828154296875,0.12,0.12,0.13
QQQ,2026-09-04,2026-09-10,P,694.0,157,498,0.213875048828125,0.15,0.13,0.15
QQQ,2026-09-04,2026-09-10,P,695.0,373,260,0.20899228515624996,0.14,0.14,0.16
QQQ,2026-09-04,2026-09-10,P,696.0,144,204,0.20606262695312497,0.16,0.16,0.18
QQQ,2026-09-04,2026-09-10,P,697.0,142,452,0.20117986328124998,0.19,0.17,0.19
QQQ,2026-09-04,2026-09-10,P,698.0,482,214,0.19727365234375,0.24,0.2,0.21
QQQ,2026-09-04,2026-09-10,P,699.0,206,485,0.19336744140625,0.24,0.22,0.23
QQQ,2026-09-04,2026-09-10,P,700.0,1113,666,0.19043778320312502,0.25,0.24,0.26
QQQ,2026-09-04,2026-09-10,P,701.0,246,319,0.18555501953124998,0.27,0.27,0.28
QQQ,2026-09-04,2026-09-10,P,702.0,196,369,0.1828694995117187,0.31,0.3,0.32
QQQ,2026-09-04,2026-09-10,P,703.0,1548,335,0.17847501220703127,0.38,0.34,0.35
QQQ,2026-09-04,2026-09-10,P,704.0,159,369,0.1757894921875,0.43,0.38,0.4
QQQ,2026-09-04,2026-09-10,P,705.0,634,718,0.17224948852539065,0.47,0.43,0.45
QQQ,2026-09-04,2026-09-10,P,706.0,150,1475,0.1682212084960938,0.5,0.49,0.5
QQQ,2026-09-04,2026-09-10,P,707.0,148,868,0.16602396484375004,0.56,0.56,0.58
QQQ,2026-09-04,2026-09-10,P,708.0,432,378,0.16211775390625,0.65,0.64,0.65
QQQ,2026-09-04,2026-09-10,P,709.0,556,838,0.15894395751953128,0.72,0.72,0.74
QQQ,2026-09-04,2026-09-10,P,710.0,1039,2476,0.15613636840820314,0.88,0.84,0.85
QQQ,2026-09-04,2026-09-10,P,711.0,1383,356,0.15296257202148442,0.95,0.96,0.97
QQQ,2026-09-04,2026-09-10,P,712.0,481,969,0.1500329138183594,1.1,1.1,1.11
QQQ,2026-09-04,2026-09-10,P,713.0,294,951,0.1469811865234375,1.37,1.25,1.27
QQQ,2026-09-04,2026-09-10,P,714.0,336,1247,0.14417359741210936,1.45,1.43,1.46
QQQ,2026-09-04,2026-09-10,P,715.0,1044,3726,0.1420984228515625,1.66,1.66,1.69
QQQ,2026-09-04,2026-09-10,P,716.0,351,2981,0.13813117736816405,1.94,1.88,1.91
QQQ,2026-09-04,2026-09-10,P,717.0,649,3175,0.13617807189941405,2.18,2.19,2.21
QQQ,2026-09-04,2026-09-10,P,718.0,822,2583,0.13233289550781252,2.47,2.46,2.5
QQQ,2026-09-04,2026-09-10,P,719.0,451,2272,0.13037979003906247,2.82,2.85,2.88
QQQ,2026-09-04,2026-09-10,P,720.0,711,3167,0.1251918536376953,3.25,3.2,3.22
QQQ,2026-09-04,2026-09-10,P,721.0,224,1552,0.1247035772705078,3.72,3.69,3.73
QQQ,2026-09-04,2026-09-10,P,722.0,112,645,0.11988184814453123,4.31,4.12,4.18
QQQ,2026-09-04,2026-09-10,P,723.0,49,389,0.11646391357421876,4.7,4.66,4.72
QQQ,2026-09-04,2026-09-10,P,724.0,44,347,0.1128018408203125,5.42,5.25,5.31
QQQ,2026-09-04,2026-09-10,P,725.0,199,957,0.11194735717773435,6.25,5.96,6.02
QQQ,2026-09-04,2026-09-10,P,726.0,26,51,0.11023838989257811,6.65,6.55,6.76
QQQ,2026-09-04,2026-09-10,P,727.0,45,14,0.11658598266601564,8.25,7.26,7.68
QQQ,2026-09-04,2026-09-10,P,728.0,39,37,0.11548736083984376,10.02,8.05,8.5
QQQ,2026-09-04,2026-09-10,P,729.0,6,2,0.10254803710937499,13.3,8.87,9.21
QQQ,2026-09-04,2026-09-10,P,730.0,107,13,0.11182528808593749,11.08,9.73,10.22
QQQ,2026-09-04,2026-09-10,P,732.0,11,10,0.10352458984374999,14.71,11.53,12.03
QQQ,2026-09-04,2026-09-10,P,733.0,1,4,0.09961837890625,16.65,12.46,12.98
QQQ,2026-09-04,2026-09-10,P,735.0,4,1,1.0000000000000003e-05,25.31,14.37,14.9
QQQ,2026-09-04,2026-09-10,P,736.0,0,0,1.0000000000000003e-05,18.57,15.37,15.88
QQQ,2026-09-04,2026-09-10,P,737.0,0,0,1.0000000000000003e-05,19.53,16.35,16.87
QQQ,2026-09-04,2026-09-10,P,738.0,1,9,1.0000000000000003e-05,20.8,17.35,17.86
QQQ,2026-09-04,2026-09-10,P,739.0,0,0,1.0000000000000003e-05,30.16,18.35,18.85
QQQ,2026-09-04,2026-09-10,P,741.0,0,2,1.0000000000000003e-05,22.18,20.3,20.85
QQQ,2026-09-04,2026-09-10,P,742.0,0,2,1.0000000000000003e-05,23.18,21.34,21.85
QQQ,2026-09-04,2026-09-10,P,743.0,0,0,1.0000000000000003e-05,34.99,22.34,22.85
QQQ,2026-09-04,2026-09-10,P,744.0,0,0,1.0000000000000003e-05,28.05,23.34,23.85
QQQ,2026-09-04,2026-09-10,P,746.0,0,0,1.0000000000000003e-05,28.54,25.34,25.85
QQQ,2026-09-04,2026-09-10,P,750.0,476,300,1.0000000000000003e-05,31.3,29.3,29.85
QQQ,2026-09-04,2026-09-11,C,400.0,7,1,2.355472861328124,319.97,319.03,321.88
QQQ,2026-09-04,2026-09-11,C,405.0,3,2,2.686526721191407,313.27,313.78,316.21
QQQ,2026-09-04,2026-09-11,C,420.0,1,0,2.2070357324218746,298.25,298.78,302.22
QQQ,2026-09-04,2026-09-11,C,450.0,1,1,1.953125234375,268.27,268.8,272.21
QQQ,2026-09-04,2026-09-11,C,475.0,1,1,1.6875015625,243.0,243.81,246.99
QQQ,2026-09-04,2026-09-11,C,490.0,54,44,1.6591813916015625,229.94,229.05,232.07
QQQ,2026-09-04,2026-09-11,C,495.0,1,1,1.5986348193359374,222.4,223.82,227.21
QQQ,2026-09-04,2026-09-11,C,500.0,2,0,1.5810567822265622,217.4,218.82,222.3
QQQ,2026-09-04,2026-09-11,C,520.0,10,0,1.3505891845703122,214.42,198.83,201.96
QQQ,2026-09-04,2026-09-11,C,530.0,13,10,1.3369173779296872,189.66,189.08,191.95
QQQ,2026-09-04,2026-09-11,C,535.0,11,1,1.3071323706054683,182.75,183.83,187.23
QQQ,2026-09-04,2026-09-11,C,540.0,4,1,1.2080117724609374,177.97,179.07,181.71
QQQ,2026-09-04,2026-09-11,C,545.0,1,2,1.2485389135742184,164.57,173.84,177.29
QQQ,2026-09-04,2026-09-11,C,550.0,35,0,1.197269638671875,167.37,168.84,172.21
QQQ,2026-09-04,2026-09-11,C,555.0,250,250,1.2099648876953122,153.5,164.12,167.21
QQQ,2026-09-04,2026-09-11,C,560.0,10,0,1.126957490234375,175.09,158.84,162.21
QQQ,2026-09-04,2026-09-11,C,565.0,10,2,0.8125018749999999,151.79,154.1,156.13
QQQ,2026-09-04,2026-09-11,C,570.0,5,5,0.9609378906249999,124.0,146.94,150.3
QQQ,2026-09-04,2026-09-11,C,575.0,2,1,0.7675804492187501,145.21,144.1,146.14
QQQ,2026-09-04,2026-09-11,C,580.0,83,75,0.7421900781249999,137.19,139.1,141.14
QQQ,2026-09-04,2026-09-11,C,585.0,14,2,0.7304714453125,125.26,134.1,136.16
QQQ,2026-09-04,2026-09-11,C,590.0,185,1,0.9643558251953125,130.12,129.15,132.21
QQQ,2026-09-04,2026-09-11,C,595.0,5,0,0.9331061376953125,122.61,124.12,127.27
QQQ,2026-09-04,2026-09-11,C,600.0,110,4,0.6875031250000001,117.17,119.16,121.17
QQQ,2026-09-04,2026-09-11,C,605.0,2,1,0.63867548828125,110.44,114.12,116.17
QQQ,2026-09-04,2026-09-11,C,610.0,28,1,0.6171913281250001,110.26,109.12,111.18
QQQ,2026-09-04,2026-09-11,C,615.0,5,3,0.8818371191406249,104.7,103.88,106.18
QQQ,2026-09-04,2026-09-11,C,620.0,17,13,0.8461929443359374,98.25,98.89,101.19
QQQ,2026-09-04,2026-09-11,C,625.0,28,9,0.8073749731445312,94.05,93.9,96.18
QQQ,2026-09-04,2026-09-11,C,630.0,229,2,0.700198310546875,89.0,89.17,92.32
QQQ,2026-09-04,2026-09-11,C,633.0,1,0,0.5136767382812499,79.73,86.16,88.2
QQQ,2026-09-04,2026-09-11,C,634.0,1,0,0.5351608984375,98.46,85.16,87.3
QQQ,2026-09-04,2026-09-11,C,635.0,1,0,0.5893595751953126,69.53,81.91,85.4
QQQ,2026-09-04,2026-09-11,C,636.0,6,0,0.7282742016601562,88.09,83.16,85.2
QQQ,2026-09-04,2026-09-11,C,637.0,4,1,0.507817421875,82.19,82.16,84.26
QQQ,2026-09-04,2026-09-11,C,638.0,2,0,0.7146024633789063,94.45,81.16,83.21
QQQ,2026-09-04,2026-09-11,C,639.0,10,0,0.7070341796875,78.44,80.16,82.21
QQQ,2026-09-04,2026-09-11,C,640.0,7,5,0.631839619140625,80.06,79.17,82.33
QQQ,2026-09-04,2026-09-11,C,641.0,16,3,0.624027197265625,77.7,78.17,81.32
QQQ,2026-09-04,2026-09-11,C,642.0,2,1,0.6909210595703126,73.93,77.16,79.26
QQQ,2026-09-04,2026-09-11,C,644.0,1,0,0.6022988989257814,69.28,75.16,78.32
QQQ,2026-09-04,2026-09-11,C,645.0,2,1,0.6623568920898439,74.46,74.16,76.21
QQQ,2026-09-04,2026-09-11,C,646.0,7,1,0.6574741284179688,73.17,73.18,75.23
QQQ,2026-09-04,2026-09-11,C,647.0,20,2,0.6486851538085938,70.92,72.17,74.22
QQQ,2026-09-04,2026-09-11,C,648.0,3,3,0.5747112841796875,78.13,71.52,73.96
QQQ,2026-09-04,2026-09-11,C,650.0,59,2,0.5097705273437501,67.58,69.72,71.21
QQQ,2026-09-04,2026-09-11,C,651.0,9,21,0.5554243676757813,77.34,68.53,70.97
QQQ,2026-09-04,2026-09-11,C,652.0,41,31,0.6088906298828126,69.4,67.73,69.2
QQQ,2026-09-04,2026-09-11,C,653.0,21,10,0.603763728027344,64.61,66.73,68.22
QQQ,2026-09-04,2026-09-11,C,654.0,17,14,0.5500533276367189,67.52,65.73,67.98
QQQ,2026-09-04,2026-09-11,C,655.0,10,10,0.5876506079101562,62.19,64.73,66.21
QQQ,2026-09-04,2026-09-11,C,656.0,7,3,0.5800823242187501,60.95,63.74,65.21
QQQ,2026-09-04,2026-09-11,C,657.0,2,1,0.5295457202148439,59.45,62.74,64.98
QQQ,2026-09-04,2026-09-11,C,658.0,1,0,0.567387138671875,56.74,61.74,63.23
QQQ,2026-09-04,2026-09-11,C,659.0,15,15,0.5585981640625001,59.74,60.74,62.22
QQQ,2026-09-04,2026-09-11,C,660.0,12,7,0.5512740185546876,60.1,59.75,61.22
QQQ,2026-09-04,2026-09-11,C,662.0,8,4,0.5383346948242189,55.85,57.74,59.24
QQQ,2026-09-04,2026-09-11,C,663.0,1,1,0.5295457202148439,52.87,56.74,58.23
QQQ,2026-09-04,2026-09-11,C,664.0,7,1,0.5231981274414061,46.51,55.56,57.24
QQQ,2026-09-04,2026-09-11,C,665.0,55,50,0.5155077746582031,55.23,54.75,56.24
QQQ,2026-09-04,2026-09-11,C,666.0,20,3,0.5079394909667969,51.45,53.57,55.24
QQQ,2026-09-04,2026-09-11,C,667.0,7,2,0.40259386474609377,37.68,50.13,53.48
QQQ,2026-09-04,2026-09-11,C,668.0,12,1,0.49268085449218757,52.23,51.58,53.24
QQQ,2026-09-04,2026-09-11,C,670.0,50,25,0.4602104760742188,48.16,49.77,51.07
QQQ,2026-09-04,2026-09-11,C,671.0,20,1,0.471684970703125,55.8,48.79,50.26
QQQ,2026-09-04,2026-09-11,C,672.0,5,4,0.5277146838378908,48.82,47.79,50.02
QQQ,2026-09-04,2026-09-11,C,673.0,17,6,0.4572808178710938,61.26,46.79,48.27
QQQ,2026-09-04,2026-09-11,C,674.0,27,1,0.5117236328125,37.38,45.79,48.03
QQQ,2026-09-04,2026-09-11,C,675.0,153,8,0.42969320312500003,43.93,44.81,46.14
QQQ,2026-09-04,2026-09-11,C,676.0,7,4,0.43604079589843747,34.29,43.82,45.29
QQQ,2026-09-04,2026-09-11,C,677.0,2,15,0.4282283740234375,42.74,42.81,44.29
QQQ,2026-09-04,2026-09-11,C,678.0,6,1,0.47949739257812496,42.52,41.83,44.05
QQQ,2026-09-04,2026-09-11,C,679.0,6,1,0.41431249755859373,37.75,40.84,42.31
QQQ,2026-09-04,2026-09-11,C,680.0,93,27,0.39075316284179684,40.6,39.85,41.13
QQQ,2026-09-04,2026-09-11,C,681.0,28,1,0.3986876538085938,40.63,38.79,40.31
QQQ,2026-09-04,2026-09-11,C,682.0,87,4,0.3924621301269531,38.97,37.68,39.33
QQQ,2026-09-04,2026-09-11,C,683.0,14,1,0.3924621301269531,37.24,36.69,38.43
QQQ,2026-09-04,2026-09-11,C,684.0,16,1,0.43164630859375,37.59,35.89,38.1
QQQ,2026-09-04,2026-09-11,C,685.0,423,23,0.3573062316894531,31.97,35.8,36.19
QQQ,2026-09-04,2026-09-11,C,686.0,102,1,0.35034829345703117,32.7,34.87,35.2
QQQ,2026-09-04,2026-09-11,C,687.0,17,10,0.34326828613281246,30.88,33.88,34.21
QQQ,2026-09-04,2026-09-11,C,688.0,80,3,0.336920693359375,30.51,32.89,33.23
QQQ,2026-09-04,2026-09-11,C,689.0,131,2,0.3305731005859375,30.92,31.95,32.25
QQQ,2026-09-04,2026-09-11,C,690.0,117,19,0.32398136962890617,30.84,30.97,31.27
QQQ,2026-09-04,2026-09-11,C,691.0,6,3,0.317389638671875,29.59,29.95,30.29
QQQ,2026-09-04,2026-09-11,C,692.0,28,1,0.3107979077148437,28.92,29.02,29.31
QQQ,2026-09-04,2026-09-11,C,693.0,25,8,0.304694453125,17.89,28.01,28.34
QQQ,2026-09-04,2026-09-11,C,694.0,49,1,0.29846892944335934,26.63,27.03,27.37
QQQ,2026-09-04,2026-09-11,C,695.0,225,34,0.2921213366699218,24.87,26.11,26.4
QQQ,2026-09-04,2026-09-11,C,696.0,35,4,0.2863840893554687,23.18,25.11,25.44
QQQ,2026-09-04,2026-09-11,C,697.0,21,3,0.28040270385742183,24.11,24.15,24.48
QQQ,2026-09-04,2026-09-11,C,698.0,89,50,0.2742992492675781,21.38,23.23,23.52
QQQ,2026-09-04,2026-09-11,C,699.0,54,17,0.26856200195312496,21.62,22.25,22.57
QQQ,2026-09-04,2026-09-11,C,700.0,1255,40,0.26258061645507813,21.19,21.31,21.62
QQQ,2026-09-04,2026-09-11,C,701.0,112,1,0.25708750732421876,18.95,20.36,20.68
QQQ,2026-09-04,2026-09-11,C,702.0,196,8,0.2518385363769531,18.13,19.48,19.75
QQQ,2026-09-04,2026-09-11,C,703.0,138,19,0.24683370361328127,17.55,18.52,18.83
QQQ,2026-09-04,2026-09-11,C,704.0,281,139,0.24146266357421875,16.45,17.61,17.91
QQQ,2026-09-04,2026-09-11,C,705.0,1966,83,0.23633576171874998,16.59,16.71,17.0
QQQ,2026-09-04,2026-09-11,C,706.0,389,61,0.23133092895507812,15.62,15.86,16.1
QQQ,2026-09-04,2026-09-11,C,707.0,900,27,0.22638713073730468,15.05,14.94,15.21
QQQ,2026-09-04,2026-09-11,C,708.0,584,86,0.2219316088867187,13.61,14.07,14.34
QQQ,2026-09-04,2026-09-11,C,709.0,519,158,0.2174760870361328,13.24,13.22,13.48
QQQ,2026-09-04,2026-09-11,C,710.0,2554,546,0.20758849060058593,12.5,12.38,12.5
QQQ,2026-09-04,2026-09-11,C,711.0,538,164,0.20911435424804684,11.68,11.56,11.81
QQQ,2026-09-04,2026-09-11,C,712.0,626,262,0.20502503967285152,10.75,10.76,11.0
QQQ,2026-09-04,2026-09-11,C,713.0,1316,219,0.20075262145996092,10.12,9.98,10.2
QQQ,2026-09-04,2026-09-11,C,714.0,672,165,0.19623606506347657,9.25,9.23,9.41
QQQ,2026-09-04,2026-09-11,C,715.0,5736,885,0.19208571594238283,8.55,8.52,8.65
QQQ,2026-09-04,2026-09-11,C,716.0,815,882,0.18933916137695314,7.82,7.89,7.95
QQQ,2026-09-04,2026-09-11,C,717.0,2454,3763,0.18610433044433594,7.25,7.2,7.26
QQQ,2026-09-04,2026-09-11,C,718.0,4815,5187,0.1810384631347656,6.53,6.49,6.54
QQQ,2026-09-04,2026-09-11,C,719.0,2148,4279,0.17975673767089845,5.93,5.91,5.96
QQQ,2026-09-04,2026-09-11,C,720.0,6146,12639,0.1772543212890625,5.35,5.33,5.37
QQQ,2026-09-04,2026-09-11,C,721.0,2558,2390,0.17438569763183598,4.74,4.78,4.8
QQQ,2026-09-04,2026-09-11,C,722.0,1782,3155,0.17212741943359378,4.27,4.26,4.28
QQQ,2026-09-04,2026-09-11,C,723.0,1600,1917,0.1680991394042969,3.74,3.72,3.74
QQQ,2026-09-04,2026-09-11,C,724.0,971,1601,0.16779396667480473,3.25,3.3,3.34
QQQ,2026-09-04,2026-09-11,C,725.0,3109,9008,0.16492534301757814,2.87,2.88,2.9
QQQ,2026-09-04,2026-09-11,C,726.0,1287,1850,0.16346051391601565,2.51,2.51,2.53
QQQ,2026-09-04,2026-09-11,C,727.0,2303,1493,0.16187361572265624,2.07,2.16,2.19
QQQ,2026-09-04,2026-09-11,C,728.0,1067,580,0.15979844116210937,1.84,1.86,1.87
QQQ,2026-09-04,2026-09-11,C,729.0,4562,656,0.15808947387695313,1.57,1.56,1.59
QQQ,2026-09-04,2026-09-11,C,730.0,5738,5342,0.1568687829589844,1.33,1.34,1.35
QQQ,2026-09-04,2026-09-11,C,731.0,1125,4971,0.15528188476562502,1.12,1.12,1.13
QQQ,2026-09-04,2026-09-11,C,732.0,1118,1184,0.1544274011230469,0.95,0.94,0.95
QQQ,2026-09-04,2026-09-11,C,733.0,1290,1116,0.15406119384765626,0.74,0.79,0.8
QQQ,2026-09-04,2026-09-11,C,734.0,1117,8888,0.1530846411132813,0.66,0.65,0.66
QQQ,2026-09-04,2026-09-11,C,735.0,7820,1593,0.1519860192871094,0.53,0.53,0.54
QQQ,2026-09-04,2026-09-11,C,736.0,643,831,0.15210808837890627,0.45,0.44,0.45
QQQ,2026-09-04,2026-09-11,C,737.0,1412,4547,0.1518639501953125,0.37,0.35,0.37
QQQ,2026-09-04,2026-09-11,C,738.0,1325,889,0.15137567382812503,0.29,0.29,0.3
QQQ,2026-09-04,2026-09-11,C,739.0,1525,1060,0.1518639501953125,0.24,0.23,0.25
QQQ,2026-09-04,2026-09-11,C,740.0,10814,3268,0.15137567382812503,0.2,0.19,0.2
QQQ,2026-09-04,2026-09-11,C,741.0,403,101,0.15259636474609378,0.12,0.15,0.17
QQQ,2026-09-04,2026-09-11,C,742.0,795,77,0.15332877929687502,0.09,0.12,0.14
QQQ,2026-09-04,2026-09-11,C,743.0,565,233,0.15259636474609378,0.1,0.1,0.11
QQQ,2026-09-04,2026-09-11,C,744.0,494,297,0.1557701611328125,0.1,0.08,0.1
QQQ,2026-09-04,2026-09-11,C,745.0,2454,227,0.1557701611328125,0.08,0.07,0.08
QQQ,2026-09-04,2026-09-11,C,746.0,241,50,0.1577232666015625,0.04,0.05,0.07
QQQ,2026-09-04,2026-09-11,C,747.0,550,44,0.159188095703125,0.04,0.04,0.06
QQQ,2026-09-04,2026-09-11,C,748.0,4900,111,0.1601646484375,0.04,0.04,0.05
QQQ,2026-09-04,2026-09-11,C,749.0,579,14,0.1601646484375,0.04,0.03,0.04
QQQ,2026-09-04,2026-09-11,C,750.0,11995,490,0.165047412109375,0.02,0.03,0.04
QQQ,2026-09-04,2026-09-11,C,751.0,302,1,0.16993017578125003,0.03,0.02,0.04
QQQ,2026-09-04,2026-09-11,C,752.0,919,34,0.16895362304687503,0.03,0.02,0.03
QQQ,2026-09-04,2026-09-11,C,753.0,512,62,0.17383638671875,0.03,0.01,0.03
QQQ,2026-09-04,2026-09-11,C,754.0,1398,192,0.17774259765625,0.02,0.01,0.03
QQQ,2026-09-04,2026-09-11,C,755.0,1528,77,0.18262536132812499,0.02,0.01,0.03
QQQ,2026-09-04,2026-09-11,C,756.0,135,52,0.17774259765625,0.02,0.01,0.02
QQQ,2026-09-04,2026-09-11,C,757.0,674,10,0.18360191406249998,0.02,0.01,0.02
QQQ,2026-09-04,2026-09-11,C,758.0,1064,24,0.187508125,0.02,0.01,0.02
QQQ,2026-09-04,2026-09-11,C,759.0,289,2,0.1914143359375,0.02,0.01,0.02
QQQ,2026-09-04,2026-09-11,C,760.0,3073,67,0.195320546875,0.01,0.01,0.02
QQQ,2026-09-04,2026-09-11,C,765.0,697,89,0.21680470703125,0.02,0.01,0.02
QQQ,2026-09-04,2026-09-11,C,770.0,1381,5,0.22266402343749997,0.01,0.0,0.01
QQQ,2026-09-04,2026-09-11,C,775.0,1761,16,0.257819921875,0.02,0.01,0.02
QQQ,2026-09-04,2026-09-11,C,780.0,1774,98,0.2617261328125,0.01,0.0,0.01
QQQ,2026-09-04,2026-09-11,C,785.0,1066,3,0.28125718749999995,0.01,0.0,0.01
QQQ,2026-09-04,2026-09-11,C,790.0,489,1,0.31641308593749995,0.02,0.0,0.02
QQQ,2026-09-04,2026-09-11,C,795.0,293,14,0.335944140625,0.02,0.0,0.02
QQQ,2026-09-04,2026-09-11,C,800.0,1373,5,0.335944140625,0.01,0.0,0.01
QQQ,2026-09-04,2026-09-11,C,805.0,137,1,0.37500625,0.02,0.0,0.02
QQQ,2026-09-04,2026-09-11,C,810.0,411,1,0.367193828125,0.01,0.0,0.01
QQQ,2026-09-04,2026-09-11,C,815.0,308,1,0.39063109375,0.01,0.0,0.01
QQQ,2026-09-04,2026-09-11,C,820.0,344,25,0.42969320312500003,0.02,0.0,0.02
QQQ,2026-09-04,2026-09-11,C,825.0,57,1,0.44922425781249997,0.14,0.0,0.02
QQQ,2026-09-04,2026-09-11,C,830.0,98,20,0.4687553125,0.03,0.0,0.02
QQQ,2026-09-04,2026-09-11,C,835.0,149,5,0.48438015625,0.01,0.0,0.02
QQQ,2026-09-04,2026-09-11,C,840.0,297,1,0.476567734375,0.03,0.0,0.01
QQQ,2026-09-04,2026-09-11,C,845.0,40,20,0.49219257812500006,0.12,0.0,0.01
QQQ,2026-09-04,2026-09-11,C,850.0,157,5,0.507817421875,0.02,0.0,0.01
QQQ,2026-09-04,2026-09-11,C,860.0,13,1,0.51562984375,0.02,0.0,0.01
QQQ,2026-09-04,2026-09-11,C,870.0,79,1,0.5468795312500001,0.09,0.0,0.01
QQQ,2026-09-04,2026-09-11,C,880.0,18,4,0.57812921875,0.03,0.0,0.01
QQQ,2026-09-04,2026-09-11,C,885.0,34,4,0.5937540625000001,0.06,0.0,0.01
QQQ,2026-09-04,2026-09-11,C,890.0,1,1,0.5937540625000001,0.07,0.0,0.01
QQQ,2026-09-04,2026-09-11,C,895.0,1,1,0.6093789062500001,0.06,0.0,0.01
QQQ,2026-09-04,2026-09-11,C,900.0,13,2,0.6250037500000001,0.01,0.0,0.01
QQQ,2026-09-04,2026-09-11,C,910.0,100,0,0.6562534375000001,0.12,0.0,0.01
QQQ,2026-09-04,2026-09-11,C,915.0,59,2,0.6718782812500002,0.03,0.0,0.01
QQQ,2026-09-04,2026-09-11,C,930.0,270,0,0.7187528125,0.03,0.0,0.01
QQQ,2026-09-04,2026-09-11,C,935.0,12,5,0.7187528125,0.03,0.0,0.01
QQQ,2026-09-04,2026-09-11,C,940.0,310,0,0.7500025,0.03,0.0,0.01
QQQ,2026-09-04,2026-09-11,C,945.0,50,0,0.7500025,0.03,0.0,0.01
QQQ,2026-09-04,2026-09-11,C,950.0,6,1,0.7656273437500001,0.01,0.0,0.01
QQQ,2026-09-04,2026-09-11,P,400.0,1282,10,1.5937520312499998,0.01,0.0,0.01
QQQ,2026-09-04,2026-09-11,P,405.0,208,5,1.5625021874999998,0.05,0.0,0.01
QQQ,2026-09-04,2026-09-11,P,410.0,228,2,1.5312523437499999,0.02,0.0,0.01
QQQ,2026-09-04,2026-09-11,P,415.0,534,422,1.5000025,0.03,0.0,0.01
QQQ,2026-09-04,2026-09-11,P,420.0,3357,983,1.46875265625,0.01,0.0,0.01
QQQ,2026-09-04,2026-09-11,P,425.0,2994,1,1.4375028125,0.01,0.0,0.01
QQQ,2026-09-04,2026-09-11,P,430.0,126,9,1.40625296875,0.05,0.0,0.01
QQQ,2026-09-04,2026-09-11,P,435.0,100,0,1.3750031249999999,0.03,0.0,0.01
QQQ,2026-09-04,2026-09-11,P,440.0,42,2,1.421877890625,0.01,0.0,0.02
QQQ,2026-09-04,2026-09-11,P,445.0,22,10,1.3906280468749999,0.01,0.0,0.02
QQQ,2026-09-04,2026-09-11,P,450.0,281,280,1.2812535937499998,0.02,0.0,0.01
QQQ,2026-09-04,2026-09-11,P,455.0,1,1,1.3281283593749997,0.09,0.0,0.02
QQQ,2026-09-04,2026-09-11,P,460.0,99,96,1.2968785156249998,0.01,0.0,0.02
QQQ,2026-09-04,2026-09-11,P,465.0,308,305,1.2656286718749998,0.01,0.0,0.02
QQQ,2026-09-04,2026-09-11,P,470.0,48,45,1.2343788281249999,0.01,0.0,0.02
QQQ,2026-09-04,2026-09-11,P,475.0,124,62,1.21875390625,0.01,0.0,0.02
QQQ,2026-09-04,2026-09-11,P,480.0,27,21,1.125004375,0.01,0.0,0.01
QQQ,2026-09-04,2026-09-11,P,485.0,11,600,1.09375453125,0.01,0.0,0.01
QQQ,2026-09-04,2026-09-11,P,490.0,17,1,1.0625046875000002,0.06,0.0,0.01
QQQ,2026-09-04,2026-09-11,P,495.0,5,4,1.0312548437500002,0.11,0.0,0.01
QQQ,2026-09-04,2026-09-11,P,500.0,13176,12,1.015629921875,0.01,0.0,0.01
QQQ,2026-09-04,2026-09-11,P,505.0,335,160,0.98437515625,0.02,0.0,0.01
QQQ,2026-09-04,2026-09-11,P,510.0,1107,15,0.9687503125,0.01,0.0,0.01
QQQ,2026-09-04,2026-09-11,P,515.0,21,1,0.937500625,0.03,0.0,0.01
QQQ,2026-09-04,2026-09-11,P,520.0,423,10,0.9609378906249999,0.01,0.0,0.02
QQQ,2026-09-04,2026-09-11,P,525.0,140,22,0.937500625,0.01,0.0,0.02
QQQ,2026-09-04,2026-09-11,P,530.0,185,31,0.937500625,0.02,0.01,0.02
QQQ,2026-09-04,2026-09-11,P,535.0,465,25,0.9062509375,0.01,0.01,0.02
QQQ,2026-09-04,2026-09-11,P,540.0,96,2,0.8828136718749999,0.02,0.01,0.02
QQQ,2026-09-04,2026-09-11,P,545.0,610,22,0.85937640625,0.02,0.01,0.02
QQQ,2026-09-04,2026-09-11,P,550.0,457,6,0.8281267187499999,0.01,0.01,0.02
QQQ,2026-09-04,2026-09-11,P,555.0,349,2,0.804689453125,0.01,0.01,0.02
QQQ,2026-09-04,2026-09-11,P,560.0,311,81,0.7812521875,0.01,0.01,0.02
QQQ,2026-09-04,2026-09-11,P,565.0,363,40,0.7578149218750001,0.01,0.01,0.02
QQQ,2026-09-04,2026-09-11,P,570.0,758,65,0.726565234375,0.02,0.01,0.02
QQQ,2026-09-04,2026-09-11,P,575.0,415,801,0.7187528125,0.02,0.01,0.03
QQQ,2026-09-04,2026-09-11,P,580.0,393,165,0.6953155468750001,0.02,0.01,0.03
QQQ,2026-09-04,2026-09-11,P,585.0,197,100,0.6835969140625001,0.01,0.02,0.03
QQQ,2026-09-04,2026-09-11,P,590.0,591,743,0.6445348046875,0.01,0.01,0.03
QQQ,2026-09-04,2026-09-11,P,595.0,1009,1145,0.6171913281250001,0.02,0.01,0.03
QQQ,2026-09-04,2026-09-11,P,600.0,939,75,0.5937540625000001,0.01,0.01,0.03
QQQ,2026-09-04,2026-09-11,P,605.0,915,453,0.5820354296875,0.03,0.02,0.03
QQQ,2026-09-04,2026-09-11,P,610.0,961,20,0.5546919531250001,0.02,0.02,0.03
QQQ,2026-09-04,2026-09-11,P,615.0,1058,2,0.5312546875,0.03,0.02,0.03
QQQ,2026-09-04,2026-09-11,P,620.0,904,14,0.51562984375,0.02,0.02,0.04
QQQ,2026-09-04,2026-09-11,P,625.0,576,576,0.5039112109375,0.03,0.03,0.04
QQQ,2026-09-04,2026-09-11,P,630.0,6821,207,0.47852083984375,0.04,0.03,0.04
QQQ,2026-09-04,2026-09-11,P,631.0,104,18300,0.4726615234375,0.04,0.03,0.04
QQQ,2026-09-04,2026-09-11,P,632.0,750,481,0.4687553125,0.04,0.03,0.04
QQQ,2026-09-04,2026-09-11,P,633.0,385,2,0.46289599609375004,0.03,0.03,0.04
QQQ,2026-09-04,2026-09-11,P,634.0,207,30,0.45898978515625005,0.05,0.03,0.04
QQQ,2026-09-04,2026-09-11,P,635.0,742,213,0.45313046875,0.04,0.03,0.04
QQQ,2026-09-04,2026-09-11,P,636.0,318,105,0.44922425781249997,0.04,0.03,0.04
QQQ,2026-09-04,2026-09-11,P,637.0,189,13,0.45313046875,0.04,0.04,0.05
QQQ,2026-09-04,2026-09-11,P,638.0,394,15,0.44922425781249997,0.09,0.04,0.05
QQQ,2026-09-04,2026-09-11,P,639.0,5706,1,0.44336494140625,0.06,0.04,0.05
QQQ,2026-09-04,2026-09-11,P,640.0,2407,104,0.437505625,0.04,0.04,0.05
QQQ,2026-09-04,2026-09-11,P,641.0,250,18,0.4335994140625,0.08,0.04,0.05
QQQ,2026-09-04,2026-09-11,P,642.0,197,200,0.42774009765625004,0.05,0.04,0.05
QQQ,2026-09-04,2026-09-11,P,643.0,214,402,0.42188078125,0.06,0.04,0.05
QQQ,2026-09-04,2026-09-11,P,644.0,313,396,0.41797457031249996,0.07,0.04,0.05
QQQ,2026-09-04,2026-09-11,P,645.0,546,11,0.41211525390625,0.04,0.04,0.05
QQQ,2026-09-04,2026-09-11,P,646.0,651,15,0.4062559375,0.09,0.04,0.05
QQQ,2026-09-04,2026-09-11,P,647.0,534,17,0.4023497265625,0.04,0.04,0.05
QQQ,2026-09-04,2026-09-11,P,648.0,183,6,0.40430283203125,0.06,0.04,0.06
QQQ,2026-09-04,2026-09-11,P,649.0,150,31,0.39942006835937505,0.08,0.04,0.06
QQQ,2026-09-04,2026-09-11,P,650.0,6699,171,0.39453730468750003,0.05,0.05,0.06
QQQ,2026-09-04,2026-09-11,P,651.0,1254,109,0.38867798828125,0.05,0.05,0.06
QQQ,2026-09-04,2026-09-11,P,652.0,464,235,0.383795224609375,0.05,0.05,0.06
QQQ,2026-09-04,2026-09-11,P,653.0,721,182,0.3789124609375,0.05,0.05,0.06
QQQ,2026-09-04,2026-09-11,P,654.0,567,2,0.37305314453125,0.09,0.05,0.06
QQQ,2026-09-04,2026-09-11,P,655.0,2034,101,0.367193828125,0.05,0.05,0.06
QQQ,2026-09-04,2026-09-11,P,656.0,1093,5,0.36914693359375,0.07,0.05,0.07
QQQ,2026-09-04,2026-09-11,P,657.0,1121,134,0.36426416992187505,0.07,0.05,0.07
QQQ,2026-09-04,2026-09-11,P,658.0,515,145,0.358404853515625,0.06,0.06,0.07
QQQ,2026-09-04,2026-09-11,P,659.0,393,23,0.35352208984374994,0.06,0.06,0.07
QQQ,2026-09-04,2026-09-11,P,660.0,2210,121,0.34766277343749996,0.07,0.06,0.07
QQQ,2026-09-04,2026-09-11,P,661.0,303,6,0.348639326171875,0.11,0.06,0.08
QQQ,2026-09-04,2026-09-11,P,662.0,651,164,0.34278000976562495,0.07,0.06,0.08
QQQ,2026-09-04,2026-09-11,P,663.0,432,107,0.33789724609375,0.07,0.07,0.08
QQQ,2026-09-04,2026-09-11,P,664.0,468,1,0.3320379296875,0.1,0.07,0.08
QQQ,2026-09-04,2026-09-11,P,665.0,6840,350,0.3320379296875,0.07,0.07,0.09
QQQ,2026-09-04,2026-09-11,P,666.0,970,10,0.32617861328125,0.08,0.07,0.09
QQQ,2026-09-04,2026-09-11,P,667.0,455,27,0.32031929687499994,0.08,0.08,0.09
QQQ,2026-09-04,2026-09-11,P,668.0,630,91,0.3193427441406249,0.09,0.08,0.1
QQQ,2026-09-04,2026-09-11,P,669.0,310,341,0.31445998046874996,0.11,0.08,0.1
QQQ,2026-09-04,2026-09-11,P,670.0,2026,545,0.3086006640625,0.09,0.09,0.1
QQQ,2026-09-04,2026-09-11,P,671.0,756,22,0.30664755859375,0.11,0.09,0.11
QQQ,2026-09-04,2026-09-11,P,672.0,363,23,0.3012765185546875,0.1,0.1,0.11
QQQ,2026-09-04,2026-09-11,P,673.0,344,63,0.29932341308593746,0.13,0.1,0.12
QQQ,2026-09-04,2026-09-11,P,674.0,830,73,0.29395237304687494,0.12,0.11,0.12
QQQ,2026-09-04,2026-09-11,P,675.0,7349,203,0.2910227148437499,0.12,0.11,0.13
QQQ,2026-09-04,2026-09-11,P,676.0,498,29,0.28565167480468745,0.15,0.12,0.13
QQQ,2026-09-04,2026-09-11,P,677.0,514,43,0.2827220166015625,0.13,0.12,0.14
QQQ,2026-09-04,2026-09-11,P,678.0,688,28,0.27735097656249996,0.15,0.13,0.14
QQQ,2026-09-04,2026-09-11,P,679.0,1301,571,0.2739330419921875,0.14,0.14,0.15
QQQ,2026-09-04,2026-09-11,P,680.0,16764,1628,0.2710033837890625,0.15,0.14,0.16
QQQ,2026-09-04,2026-09-11,P,681.0,1097,470,0.26758544921875,0.18,0.15,0.17
QQQ,2026-09-04,2026-09-11,P,682.0,2060,60,0.26416751464843746,0.21,0.16,0.18
QQQ,2026-09-04,2026-09-11,P,683.0,594,214,0.2602613037109375,0.2,0.17,0.19
QQQ,2026-09-04,2026-09-11,P,684.0,812,163,0.2563550927734375,0.21,0.18,0.2
QQQ,2026-09-04,2026-09-11,P,685.0,2700,604,0.2524488818359375,0.19,0.19,0.21
QQQ,2026-09-04,2026-09-11,P,686.0,540,604,0.24805439453125,0.23,0.21,0.22
QQQ,2026-09-04,2026-09-11,P,687.0,634,64,0.2456130126953125,0.22,0.22,0.24
QQQ,2026-09-04,2026-09-11,P,688.0,709,307,0.241218525390625,0.26,0.24,0.25
QQQ,2026-09-04,2026-09-11,P,689.0,911,223,0.23804472900390622,0.26,0.25,0.27
QQQ,2026-09-04,2026-09-11,P,690.0,8472,1896,0.2348709326171875,0.27,0.27,0.29
QQQ,2026-09-04,2026-09-11,P,691.0,1417,279,0.23120885986328127,0.34,0.29,0.31
QQQ,2026-09-04,2026-09-11,P,692.0,591,384,0.22754678710937498,0.33,0.32,0.33
QQQ,2026-09-04,2026-09-11,P,693.0,996,439,0.22461712890624996,0.35,0.34,0.36
QQQ,2026-09-04,2026-09-11,P,694.0,564,631,0.22168747070312497,0.42,0.38,0.39
QQQ,2026-09-04,2026-09-11,P,695.0,9552,584,0.21826953613281247,0.42,0.41,0.42
QQQ,2026-09-04,2026-09-11,P,696.0,526,337,0.21436332519531248,0.51,0.44,0.45
QQQ,2026-09-04,2026-09-11,P,697.0,2490,669,0.2124102197265625,0.48,0.48,0.5
QQQ,2026-09-04,2026-09-11,P,698.0,744,3892,0.20899228515624996,0.53,0.52,0.54
QQQ,2026-09-04,2026-09-11,P,699.0,1148,519,0.20606262695312497,0.57,0.57,0.59
QQQ,2026-09-04,2026-09-11,P,700.0,13573,3185,0.20276676147460934,0.65,0.63,0.64
QQQ,2026-09-04,2026-09-11,P,701.0,795,1515,0.19983710327148438,0.7,0.69,0.7
QQQ,2026-09-04,2026-09-11,P,702.0,1101,1015,0.19788399780273438,0.77,0.76,0.78
QQQ,2026-09-04,2026-09-11,P,703.0,908,558,0.195320546875,0.84,0.84,0.86
QQQ,2026-09-04,2026-09-11,P,704.0,1225,760,0.1928791650390625,0.92,0.93,0.95
QQQ,2026-09-04,2026-09-11,P,705.0,21921,1502,0.18860674682617187,1.01,1.01,1.02
QQQ,2026-09-04,2026-09-11,P,706.0,892,856,0.18677571044921876,1.14,1.13,1.14
QQQ,2026-09-04,2026-09-11,P,707.0,1129,692,0.18433432861328125,1.23,1.24,1.26
QQQ,2026-09-04,2026-09-11,P,708.0,1867,985,0.1821370849609375,1.37,1.38,1.4
QQQ,2026-09-04,2026-09-11,P,709.0,1017,493,0.17884121948242188,1.52,1.52,1.53
QQQ,2026-09-04,2026-09-11,P,710.0,4674,4580,0.17542328491210937,1.68,1.66,1.67
QQQ,2026-09-04,2026-09-11,P,711.0,1045,863,0.17432466308593753,1.87,1.85,1.88
QQQ,2026-09-04,2026-09-11,P,712.0,3159,3371,0.17115086669921875,2.03,2.04,2.06
QQQ,2026-09-04,2026-09-11,P,713.0,1077,968,0.16834327758789067,2.26,2.25,2.27
QQQ,2026-09-04,2026-09-11,P,714.0,1977,1168,0.16523051574707032,2.54,2.48,2.49
QQQ,2026-09-04,2026-09-11,P,715.0,4843,7264,0.16449810119628905,2.78,2.78,2.8
QQQ,2026-09-04,2026-09-11,P,716.0,1095,1961,0.1606529248046875,3.1,3.03,3.05
QQQ,2026-09-04,2026-09-11,P,717.0,2507,4240,0.1580284393310547,3.34,3.34,3.36
QQQ,2026-09-04,2026-09-11,P,718.0,6141,11166,0.1557701611328125,3.7,3.69,3.71
QQQ,2026-09-04,2026-09-11,P,719.0,1598,4961,0.15271843383789066,4.06,4.06,4.07
QQQ,2026-09-04,2026-09-11,P,720.0,2276,10308,0.14997187927246097,4.52,4.45,4.47
QQQ,2026-09-04,2026-09-11,P,721.0,645,1668,0.1480798083496094,4.91,4.9,4.93
QQQ,2026-09-04,2026-09-11,P,722.0,462,1951,0.14557739196777342,5.41,5.37,5.41
QQQ,2026-09-04,2026-09-11,P,723.0,654,377,0.14350221740722657,6.03,5.88,5.94
QQQ,2026-09-04,2026-09-11,P,724.0,295,392,0.14112187011718752,6.59,6.44,6.5
QQQ,2026-09-04,2026-09-11,P,725.0,801,416,0.13953497192382813,7.22,7.07,7.12
QQQ,2026-09-04,2026-09-11,P,726.0,164,83,0.13727669372558599,7.93,7.69,7.76
QQQ,2026-09-04,2026-09-11,P,727.0,376,67,0.13422496643066406,8.58,8.35,8.42
QQQ,2026-09-04,2026-09-11,P,728.0,339,26,0.13196668823242189,9.23,8.94,9.14
QQQ,2026-09-04,2026-09-11,P,729.0,124,61,0.13581186462402345,9.69,9.7,10.02
QQQ,2026-09-04,2026-09-11,P,730.0,890,363,0.1336146209716797,10.8,10.46,10.8
QQQ,2026-09-04,2026-09-11,P,731.0,379,37,0.13123427368164062,11.69,11.25,11.61
QQQ,2026-09-04,2026-09-11,P,732.0,99,10,0.1289149609375,12.24,12.04,12.45
QQQ,2026-09-04,2026-09-11,P,733.0,148,4,0.12659564819335936,13.08,12.93,13.32
QQQ,2026-09-04,2026-09-11,P,734.0,29,2,0.12183495361328125,16.2,13.77,14.19
QQQ,2026-09-04,2026-09-11,P,735.0,37,11,0.11792874267578124,14.98,14.66,15.1
QQQ,2026-09-04,2026-09-11,P,736.0,0,1,0.1132901171875,29.78,15.61,16.03
QQQ,2026-09-04,2026-09-11,P,737.0,2,2,0.1054776953125,18.07,16.53,16.97
QQQ,2026-09-04,2026-09-11,P,738.0,6,5,0.062509375,20.87,17.48,17.92
QQQ,2026-09-04,2026-09-11,P,739.0,0,1,1.0000000000000003e-05,31.39,18.4,18.86
QQQ,2026-09-04,2026-09-11,P,740.0,24,20,1.0000000000000003e-05,21.0,19.42,19.84
QQQ,2026-09-04,2026-09-11,P,741.0,2,2,1.0000000000000003e-05,21.6,20.39,20.82
QQQ,2026-09-04,2026-09-11,P,742.0,2,1,1.0000000000000003e-05,22.64,21.38,21.81
QQQ,2026-09-04,2026-09-11,P,743.0,0,5,1.0000000000000003e-05,22.92,22.31,22.78
QQQ,2026-09-04,2026-09-11,P,744.0,0,5,1.0000000000000003e-05,24.48,23.3,23.78
QQQ,2026-09-04,2026-09-11,P,745.0,11,5,1.0000000000000003e-05,25.75,24.3,24.78
QQQ,2026-09-04,2026-09-11,P,746.0,0,3,1.0000000000000003e-05,26.08,25.37,25.79
QQQ,2026-09-04,2026-09-11,P,747.0,0,5,1.0000000000000003e-05,27.28,26.37,26.79
QQQ,2026-09-04,2026-09-11,P,748.0,0,3,1.0000000000000003e-05,28.36,27.3,27.78
QQQ,2026-09-04,2026-09-11,P,749.0,0,4,1.0000000000000003e-05,29.79,28.3,28.78
QQQ,2026-09-04,2026-09-11,P,750.0,1,2,1.0000000000000003e-05,31.0,29.3,29.78
QQQ,2026-09-04,2026-09-11,P,751.0,0,1,1.0000000000000003e-05,34.09,30.3,30.78
QQQ,2026-09-04,2026-09-11,P,752.0,0,1,1.0000000000000003e-05,32.32,31.37,31.79
QQQ,2026-09-04,2026-09-11,P,753.0,0,1,1.0000000000000003e-05,35.11,32.3,32.78
QQQ,2026-09-04,2026-09-11,P,754.0,0,3,1.0000000000000003e-05,34.93,33.37,33.79
QQQ,2026-09-04,2026-09-11,P,755.0,1,3,1.0000000000000003e-05,36.45,34.31,34.79
QQQ,2026-09-04,2026-09-11,P,756.0,0,0,1.0000000000000003e-05,39.18,35.31,35.79
QQQ,2026-09-04,2026-09-11,P,757.0,0,0,0.3797669445800781,40.04,34.99,38.38
QQQ,2026-09-04,2026-09-11,P,758.0,0,0,0.3869690209960937,40.95,36.24,39.38
QQQ,2026-09-04,2026-09-11,P,759.0,0,0,0.3940490283203125,41.88,36.99,40.38
QQQ,2026-09-04,2026-09-11,P,760.0,0,1,0.3795228063964844,54.18,38.02,41.1
QQQ,2026-09-04,2026-09-11,P,765.0,0,0,0.555790574951172,46.9,45.01,48.25
QQQ,2026-09-04,2026-09-11,P,770.0,0,12,0.446294599609375,52.0,47.9,51.1
QQQ,2026-09-04,2026-09-11,P,775.0,0,2,0.47852083984375,56.24,52.9,56.1
QQQ,2026-09-04,2026-09-11,P,780.0,0,101,0.5100146655273439,71.51,57.9,61.1
QQQ,2026-09-04,2026-09-11,P,785.0,0,0,0.5410202148437502,69.11,62.9,66.1
QQQ,2026-09-04,2026-09-11,P,790.0,0,50,0.5715374877929689,80.56,67.9,71.1
QQQ,2026-09-04,2026-09-11,P,795.0,0,0,0.6024209680175783,61.46,72.9,76.11
QQQ,2026-09-04,2026-09-14,C,620.0,1,6,0.5708050732421875,96.58,98.97,102.38
QQQ,2026-09-04,2026-09-14,C,660.0,6,0,0.47998566894531247,51.04,59.57,62.12
QQQ,2026-09-04,2026-09-14,C,665.0,10,0,0.40955180297851557,45.62,54.6,56.51
QQQ,2026-09-04,2026-09-14,C,670.0,18,1,0.4205380212402344,50.51,49.67,52.18
QQQ,2026-09-04,2026-09-14,C,675.0,18,6,0.390203851928711,45.55,44.88,47.21
QQQ,2026-09-04,2026-09-14,C,685.0,37,40,0.3293524096679687,35.89,35.59,37.3
QQQ,2026-09-04,2026-09-14,C,690.0,33,5,0.2574537145996094,30.55,31.06,31.5
QQQ,2026-09-04,2026-09-14,C,695.0,88,15,0.2366409344482422,26.33,26.29,26.73
QQQ,2026-09-04,2026-09-14,C,700.0,405,12,0.21472953247070312,22.09,21.61,22.01
QQQ,2026-09-04,2026-09-14,C,705.0,306,129,0.1966633068847656,16.97,17.13,17.51
QQQ,2026-09-04,2026-09-14,C,710.0,391,492,0.18061122131347657,12.82,12.94,13.28
QQQ,2026-09-04,2026-09-14,C,715.0,1212,1591,0.16623758575439457,9.18,9.37,9.44
QQQ,2026-09-04,2026-09-14,C,720.0,673,1826,0.15332877929687502,6.08,6.08,6.14
QQQ,2026-09-04,2026-09-14,C,725.0,1736,4412,0.1445398046875,3.64,3.62,3.64
QQQ,2026-09-04,2026-09-14,C,730.0,747,2074,0.13617807189941405,1.87,1.85,1.87
QQQ,2026-09-04,2026-09-14,C,735.0,583,2183,0.131844619140625,0.85,0.84,0.87
QQQ,2026-09-04,2026-09-14,C,740.0,600,453,0.12915909912109375,0.33,0.35,0.36
QQQ,2026-09-04,2026-09-14,C,745.0,572,612,0.13013565185546871,0.13,0.14,0.15
QQQ,2026-09-04,2026-09-14,C,750.0,957,241,0.131844619140625,0.06,0.05,0.06
QQQ,2026-09-04,2026-09-14,C,755.0,649,34,0.14258669921875,0.04,0.02,0.04
QQQ,2026-09-04,2026-09-14,C,760.0,104,16,0.15430533203125002,0.02,0.01,0.03
QQQ,2026-09-04,2026-09-14,C,765.0,12,1,0.16407085937500002,0.02,0.01,0.02
QQQ,2026-09-04,2026-09-14,C,770.0,20,20,0.179695703125,0.03,0.01,0.02
QQQ,2026-09-04,2026-09-14,C,775.0,1,0,0.195320546875,0.03,0.01,0.02
QQQ,2026-09-04,2026-09-14,C,780.0,0,0,0.21094539062499998,0.01,0.0,0.02
QQQ,2026-09-04,2026-09-14,C,795.0,2,2,0.25391371093750004,0.02,0.0,0.02
QQQ,2026-09-04,2026-09-14,P,460.0,50,1,0.98437515625,0.02,0.0,0.02
QQQ,2026-09-04,2026-09-14,P,525.0,50,480,0.7500025,0.01,0.01,0.03
QQQ,2026-09-04,2026-09-14,P,570.0,6,1609,0.585941640625,0.03,0.02,0.04
QQQ,2026-09-04,2026-09-14,P,590.0,2,775,0.5195360546875,0.04,0.03,0.05
QQQ,2026-09-04,2026-09-14,P,595.0,1,1621,0.500005,0.04,0.03,0.05
QQQ,2026-09-04,2026-09-14,P,605.0,5,3,0.4804739453125,0.05,0.04,0.06
QQQ,2026-09-04,2026-09-14,P,610.0,30,16,0.45898978515625005,0.04,0.04,0.06
QQQ,2026-09-04,2026-09-14,P,615.0,1,2,0.43945873046875,0.05,0.05,0.06
QQQ,2026-09-04,2026-09-14,P,620.0,13,12,0.42578699218750005,0.11,0.05,0.07
QQQ,2026-09-04,2026-09-14,P,625.0,3,3,0.405279384765625,0.09,0.05,0.07
QQQ,2026-09-04,2026-09-14,P,630.0,16,2,0.38477177734374995,0.07,0.06,0.07
QQQ,2026-09-04,2026-09-14,P,635.0,115,1,0.370123486328125,0.08,0.06,0.08
QQQ,2026-09-04,2026-09-14,P,640.0,33,30,0.3544986425781249,0.1,0.07,0.09
QQQ,2026-09-04,2026-09-14,P,645.0,31,4,0.33789724609375,0.12,0.08,0.1
QQQ,2026-09-04,2026-09-14,P,650.0,437,91,0.32080757324218745,0.1,0.1,0.11
QQQ,2026-09-04,2026-09-14,P,655.0,406,6674,0.30322962402343745,0.12,0.11,0.12
QQQ,2026-09-04,2026-09-14,P,660.0,395,46,0.2880930566406249,0.15,0.13,0.14
QQQ,2026-09-04,2026-09-14,P,665.0,633,26,0.2739330419921875,0.18,0.15,0.17
QQQ,2026-09-04,2026-09-14,P,670.0,704,61,0.257819921875,0.19,0.18,0.2
QQQ,2026-09-04,2026-09-14,P,675.0,838,20,0.242195078125,0.24,0.22,0.24
QQQ,2026-09-04,2026-09-14,P,680.0,797,471,0.22730264892578123,0.28,0.28,0.3
QQQ,2026-09-04,2026-09-14,P,685.0,1215,341,0.2124102197265625,0.36,0.36,0.38
QQQ,2026-09-04,2026-09-14,P,690.0,1483,966,0.198250205078125,0.48,0.49,0.5
QQQ,2026-09-04,2026-09-14,P,695.0,857,902,0.18506674316406246,0.69,0.68,0.69
QQQ,2026-09-04,2026-09-14,P,700.0,852,859,0.1733481103515625,1.01,0.99,1.0
QQQ,2026-09-04,2026-09-14,P,705.0,849,510,0.16272809936523439,1.54,1.48,1.5
QQQ,2026-09-04,2026-09-14,P,710.0,721,2648,0.15320671020507814,2.26,2.28,2.3
QQQ,2026-09-04,2026-09-14,P,715.0,1268,1720,0.14283083740234376,3.44,3.44,3.48
QQQ,2026-09-04,2026-09-14,P,720.0,645,1388,0.13251599914550782,5.25,5.18,5.23
QQQ,2026-09-04,2026-09-14,P,725.0,180,237,0.12201805725097657,7.72,7.65,7.72
QQQ,2026-09-04,2026-09-14,P,730.0,54,208,0.11365632446289062,11.21,10.86,11.13
QQQ,2026-09-04,2026-09-14,P,735.0,3,10,0.09546802978515626,15.13,14.87,15.17
QQQ,2026-09-04,2026-09-14,P,740.0,0,1,1.0000000000000003e-05,22.14,19.42,19.73
QQQ,2026-09-04,2026-09-14,P,745.0,0,6,1.0000000000000003e-05,25.44,24.29,24.62
QQQ,2026-09-04,2026-09-14,P,770.0,0,0,0.35547519531249994,59.95,47.9,51.38
QQQ,2026-09-04,2026-09-15,C,600.0,1,1,0.6472203247070312,118.46,119.02,122.52
QQQ,2026-09-04,2026-09-15,C,650.0,1,0,0.5397995239257813,68.3,69.17,72.67
QQQ,2026-09-04,2026-09-15,C,665.0,19,0,0.45313046875,44.94,54.26,57.76
QQQ,2026-09-04,2026-09-15,C,670.0,6,5,0.42456630126953127,48.61,49.31,52.81
QQQ,2026-09-04,2026-09-15,C,675.0,12,3,0.39600213378906257,46.0,44.37,47.87
QQQ,2026-09-04,2026-09-15,C,680.0,11,9,0.36762106994628907,41.35,39.45,42.95
QQQ,2026-09-04,2026-09-15,C,685.0,26,5,0.3004220349121094,33.15,34.57,37.13
QQQ,2026-09-04,2026-09-15,C,690.0,9,14,0.2617261328125,31.4,31.32,31.95
QQQ,2026-09-04,2026-09-15,C,695.0,36,26,0.23786162536621092,26.69,26.65,27.13
QQQ,2026-09-04,2026-09-15,C,700.0,46,4,0.21607229248046872,20.59,22.12,22.43
QQQ,2026-09-04,2026-09-15,C,705.0,76,39,0.19934882690429687,17.81,17.72,18.0
QQQ,2026-09-04,2026-09-15,C,710.0,330,671,0.1842732940673828,13.79,13.59,13.84
QQQ,2026-09-04,2026-09-15,C,715.0,843,1081,0.16931983032226564,9.94,9.92,10.0
QQQ,2026-09-04,2026-09-15,C,720.0,402,1979,0.15845568115234376,6.78,6.72,6.78
QQQ,2026-09-04,2026-09-15,C,725.0,750,653,0.14972774108886722,4.21,4.18,4.23
QQQ,2026-09-04,2026-09-15,C,730.0,1643,922,0.14154911193847658,2.31,2.3,2.35
QQQ,2026-09-04,2026-09-15,C,735.0,1352,558,0.1356897955322266,1.15,1.14,1.17
QQQ,2026-09-04,2026-09-15,C,740.0,586,332,0.132821171875,0.53,0.52,0.54
QQQ,2026-09-04,2026-09-15,C,745.0,186,294,0.1333094482421875,0.23,0.23,0.25
QQQ,2026-09-04,2026-09-15,C,750.0,943,96,0.13428600097656251,0.1,0.1,0.11
QQQ,2026-09-04,2026-09-15,C,755.0,12,48,0.14063359375,0.05,0.04,0.06
QQQ,2026-09-04,2026-09-15,C,760.0,13,45,0.1445398046875,0.02,0.02,0.03
QQQ,2026-09-04,2026-09-15,C,775.0,2,2,0.18164880859375,0.03,0.0,0.02
QQQ,2026-09-04,2026-09-15,C,780.0,2,0,0.19727365234375,0.02,0.0,0.02
QQQ,2026-09-04,2026-09-15,P,450.0,12,100,0.9531254687499999,0.03,0.0,0.02
QQQ,2026-09-04,2026-09-15,P,570.0,3,932,0.5546919531250001,0.04,0.02,0.05
QQQ,2026-09-04,2026-09-15,P,580.0,1,1155,0.523442265625,0.04,0.03,0.05
QQQ,2026-09-04,2026-09-15,P,590.0,15,0,0.506840869140625,0.08,0.04,0.06
QQQ,2026-09-04,2026-09-15,P,600.0,2,2,0.4687553125,0.05,0.05,0.06
QQQ,2026-09-04,2026-09-15,P,610.0,12,2,0.437505625,0.11,0.05,0.07
QQQ,2026-09-04,2026-09-15,P,615.0,122,3,0.41797457031249996,0.1,0.06,0.07
QQQ,2026-09-04,2026-09-15,P,620.0,349,0,0.40430283203125,0.16,0.07,0.08
QQQ,2026-09-04,2026-09-15,P,625.0,242,26,0.389654541015625,0.08,0.07,0.09
QQQ,2026-09-04,2026-09-15,P,630.0,314,3,0.370123486328125,0.09,0.08,0.09
QQQ,2026-09-04,2026-09-15,P,635.0,540,73,0.35547519531249994,0.09,0.09,0.1
QQQ,2026-09-04,2026-09-15,P,640.0,653,30,0.3437565625,0.14,0.1,0.12
QQQ,2026-09-04,2026-09-15,P,645.0,175,5,0.327155166015625,0.13,0.12,0.13
QQQ,2026-09-04,2026-09-15,P,650.0,229,7,0.3129951513671875,0.14,0.14,0.15
QQQ,2026-09-04,2026-09-15,P,655.0,152,133,0.2973703076171874,0.17,0.16,0.17
QQQ,2026-09-04,2026-09-15,P,660.0,792,55,0.2836985693359374,0.21,0.18,0.2
QQQ,2026-09-04,2026-09-15,P,665.0,73,42,0.2700268310546875,0.26,0.22,0.24
QQQ,2026-09-04,2026-09-15,P,670.0,219,775,0.2546461254882813,0.28,0.26,0.28
QQQ,2026-09-04,2026-09-15,P,675.0,986,130,0.24048611083984373,0.33,0.32,0.34
QQQ,2026-09-04,2026-09-15,P,680.0,1116,522,0.22632609619140626,0.4,0.4,0.42
QQQ,2026-09-04,2026-09-15,P,685.0,253,713,0.21265435791015624,0.52,0.51,0.53
QQQ,2026-09-04,2026-09-15,P,690.0,606,3572,0.19947089599609374,0.68,0.68,0.69
QQQ,2026-09-04,2026-09-15,P,695.0,610,630,0.18811847045898436,0.94,0.92,0.95
QQQ,2026-09-04,2026-09-15,P,700.0,1393,649,0.1774374249267578,1.35,1.3,1.34
QQQ,2026-09-04,2026-09-15,P,705.0,1717,5037,0.1671225866699219,1.92,1.88,1.92
QQQ,2026-09-04,2026-09-15,P,710.0,767,857,0.15778430114746095,2.78,2.75,2.8
QQQ,2026-09-04,2026-09-15,P,715.0,913,749,0.14832394653320313,3.99,4.01,4.07
QQQ,2026-09-04,2026-09-15,P,720.0,252,1335,0.1373377282714844,5.83,5.74,5.8
QQQ,2026-09-04,2026-09-15,P,725.0,235,1480,0.12751116638183596,8.22,8.18,8.25
QQQ,2026-09-04,2026-09-15,P,730.0,30,195,0.12372702453613281,11.37,11.33,11.67
QQQ,2026-09-04,2026-09-15,P,735.0,6,17,0.10486734985351562,15.5,15.13,15.41
QQQ,2026-09-04,2026-09-15,P,740.0,1,1,1.0000000000000003e-05,22.33,19.54,19.88
QQQ,2026-09-04,2026-09-15,P,780.0,0,0,0.3797669445800781,73.88,57.9,61.39
QQQ,2026-09-04,2026-09-16,C,660.0,1,0,0.46289599609375004,54.35,59.4,62.9
QQQ,2026-09-04,2026-09-16,C,665.0,19,5,0.435979761352539,52.88,54.5,57.95
QQQ,2026-09-04,2026-09-16,C,670.0,1,4,0.40991801025390623,49.12,49.53,53.03
QQQ,2026-09-04,2026-09-16,C,685.0,19,6,0.28955788574218744,35.95,34.95,37.28
QQQ,2026-09-04,2026-09-16,C,690.0,2,17,0.26392337646484376,31.11,30.19,32.38
QQQ,2026-09-04,2026-09-16,C,695.0,3,20,0.24225611267089842,24.8,27.38,27.63
QQQ,2026-09-04,2026-09-16,C,700.0,7,122,0.22919471984863282,21.55,22.83,23.23
QQQ,2026-09-04,2026-09-16,C,705.0,226,21,0.21076228698730468,18.56,18.62,18.81
QQQ,2026-09-04,2026-09-16,C,710.0,187,136,0.19782296325683596,14.4,14.62,14.8
QQQ,2026-09-04,2026-09-16,C,715.0,133,107,0.18402915588378904,11.0,10.98,11.06
QQQ,2026-09-04,2026-09-16,C,720.0,152,351,0.17490449127197266,7.91,7.86,7.93
QQQ,2026-09-04,2026-09-16,C,725.0,556,265,0.16577982666015628,5.25,5.24,5.3
QQQ,2026-09-04,2026-09-16,C,730.0,446,259,0.15821154296875,3.13,3.24,3.29
QQQ,2026-09-04,2026-09-16,C,735.0,456,173,0.15265739929199224,1.85,1.87,1.9
QQQ,2026-09-04,2026-09-16,C,740.0,539,53,0.14783567016601565,0.98,0.97,1.0
QQQ,2026-09-04,2026-09-16,C,745.0,119,342,0.14527221923828126,0.48,0.48,0.5
QQQ,2026-09-04,2026-09-16,C,750.0,50,74,0.14429566650390624,0.23,0.22,0.24
QQQ,2026-09-04,2026-09-16,C,755.0,84,6,0.14600463378906248,0.08,0.11,0.12
QQQ,2026-09-04,2026-09-16,C,760.0,205,587,0.15137567382812503,0.04,0.05,0.07
QQQ,2026-09-04,2026-09-16,C,765.0,102,25,0.1562584375,0.03,0.02,0.04
QQQ,2026-09-04,2026-09-16,C,770.0,3,1600,0.165047412109375,0.01,0.01,0.03
QQQ,2026-09-04,2026-09-16,P,450.0,3,0,0.9062509375,0.03,0.0,0.02
QQQ,2026-09-04,2026-09-16,P,560.0,1,160,0.5664105859375,0.04,0.03,0.05
QQQ,2026-09-04,2026-09-16,P,585.0,1,1,0.5039112109375,0.1,0.05,0.07
QQQ,2026-09-04,2026-09-16,P,605.0,4,0,0.442388388671875,0.21,0.08,0.09
QQQ,2026-09-04,2026-09-16,P,610.0,24,8,0.428716650390625,0.13,0.09,0.1
QQQ,2026-09-04,2026-09-16,P,615.0,98,0,0.415044912109375,0.25,0.1,0.11
QQQ,2026-09-04,2026-09-16,P,620.0,91,8,0.39990834472656256,0.15,0.11,0.12
QQQ,2026-09-04,2026-09-16,P,625.0,12,0,0.3881897119140625,0.34,0.13,0.14
QQQ,2026-09-04,2026-09-16,P,630.0,374,19,0.3754945263671875,0.18,0.14,0.16
QQQ,2026-09-04,2026-09-16,P,635.0,184,62,0.36133451171875,0.24,0.16,0.18
QQQ,2026-09-04,2026-09-16,P,640.0,69,20,0.34717449707031245,0.23,0.18,0.2
QQQ,2026-09-04,2026-09-16,P,645.0,133,3,0.3315496533203125,0.21,0.21,0.22
QQQ,2026-09-04,2026-09-16,P,650.0,79,8,0.3193427441406249,0.26,0.24,0.26
QQQ,2026-09-04,2026-09-16,P,655.0,44,10,0.3039620385742187,0.3,0.28,0.29
QQQ,2026-09-04,2026-09-16,P,660.0,13,2,0.29077857666015616,0.36,0.32,0.34
QQQ,2026-09-04,2026-09-16,P,665.0,63,20,0.2758861474609374,0.38,0.37,0.39
QQQ,2026-09-04,2026-09-16,P,670.0,90,211,0.26197027099609377,0.47,0.44,0.46
QQQ,2026-09-04,2026-09-16,P,675.0,71,153,0.24829853271484376,0.58,0.53,0.55
QQQ,2026-09-04,2026-09-16,P,680.0,137,73,0.2356033471679687,0.64,0.66,0.68
QQQ,2026-09-04,2026-09-16,P,685.0,278,111,0.22290816162109373,0.85,0.83,0.85
QQQ,2026-09-04,2026-09-16,P,690.0,205,599,0.21143366699218746,1.08,1.07,1.1
QQQ,2026-09-04,2026-09-16,P,695.0,170,273,0.20087469055175777,1.45,1.43,1.46
QQQ,2026-09-04,2026-09-16,P,700.0,306,244,0.19013261047363283,1.92,1.91,1.95
QQQ,2026-09-04,2026-09-16,P,705.0,254,316,0.18042811767578126,2.63,2.62,2.66
QQQ,2026-09-04,2026-09-16,P,710.0,215,301,0.1712119012451172,3.65,3.62,3.66
QQQ,2026-09-04,2026-09-16,P,715.0,206,239,0.16333844482421878,4.98,5.01,5.08
QQQ,2026-09-04,2026-09-16,P,720.0,135,467,0.15277946838378909,6.91,6.8,6.85
QQQ,2026-09-04,2026-09-16,P,725.0,23,549,0.1437768728637695,9.27,9.18,9.26
QQQ,2026-09-04,2026-09-16,P,730.0,21,93,0.133797724609375,12.43,12.18,12.28
QQQ,2026-09-04,2026-09-16,P,740.0,13,14,0.1186611572265625,22.3,19.93,20.35
QQQ,2026-09-04,2026-09-16,P,770.0,1,2,0.31409377319335935,52.09,47.9,51.39
QQQ,2026-09-04,2026-09-17,C,665.0,10,5,0.4205990557861329,53.37,54.67,58.08
QQQ,2026-09-04,2026-09-17,C,670.0,1,3,0.3991148956298829,49.44,49.78,53.25
QQQ,2026-09-04,2026-09-17,C,675.0,5,4,0.37476211181640623,46.77,44.9,48.37
QQQ,2026-09-04,2026-09-17,C,685.0,11,7,0.29053443847656246,34.2,36.29,37.66
QQQ,2026-09-04,2026-09-17,C,690.0,2,2,0.2618482019042969,30.75,31.93,32.67
QQQ,2026-09-04,2026-09-17,C,695.0,7,2,0.2493971545410156,26.44,27.62,28.21
QQQ,2026-09-04,2026-09-17,C,700.0,16,2,0.23084265258789063,22.56,22.96,23.67
QQQ,2026-09-04,2026-09-17,C,705.0,40,10,0.21613332702636717,18.39,18.77,19.41
QQQ,2026-09-04,2026-09-17,C,710.0,119,11,0.20392641784667967,15.21,14.9,15.47
QQQ,2026-09-04,2026-09-17,C,715.0,61,30,0.19178054321289065,11.28,11.73,11.83
QQQ,2026-09-04,2026-09-17,C,720.0,208,617,0.1810689804077148,8.4,8.57,8.63
QQQ,2026-09-04,2026-09-17,C,725.0,273,315,0.17408052490234377,5.8,6.0,6.06
QQQ,2026-09-04,2026-09-17,C,730.0,266,66,0.16596293029785159,3.82,3.88,3.94
QQQ,2026-09-04,2026-09-17,C,735.0,452,414,0.15988999298095702,2.07,2.37,2.41
QQQ,2026-09-04,2026-09-17,C,740.0,255,284,0.15552602294921875,1.17,1.35,1.39
QQQ,2026-09-04,2026-09-17,C,745.0,91,169,0.15216912292480472,0.6,0.73,0.75
QQQ,2026-09-04,2026-09-17,C,750.0,76,16,0.15039912109375003,0.36,0.38,0.39
QQQ,2026-09-04,2026-09-17,C,755.0,3,1,0.15161981201171876,0.22,0.19,0.21
QQQ,2026-09-04,2026-09-17,C,760.0,60,32,0.15284050292968754,0.1,0.09,0.11
QQQ,2026-09-04,2026-09-17,C,770.0,9,1,0.16211775390625,0.03,0.02,0.04
QQQ,2026-09-04,2026-09-17,C,780.0,20,1,0.1757894921875,0.04,0.01,0.02
QQQ,2026-09-04,2026-09-17,P,635.0,897,100,0.35938140625,0.23,0.23,0.25
QQQ,2026-09-04,2026-09-17,P,640.0,1202,37,0.34570966796874997,0.29,0.26,0.28
QQQ,2026-09-04,2026-09-17,P,645.0,11,0,0.331061376953125,0.46,0.29,0.31
QQQ,2026-09-04,2026-09-17,P,650.0,61,705,0.317389638671875,0.34,0.33,0.35
QQQ,2026-09-04,2026-09-17,P,655.0,28,26,0.30274134765625,0.38,0.37,0.39
QQQ,2026-09-04,2026-09-17,P,660.0,39,6,0.2893137475585937,0.47,0.43,0.45
QQQ,2026-09-04,2026-09-17,P,665.0,102,2,0.2756420092773437,0.55,0.5,0.52
QQQ,2026-09-04,2026-09-17,P,670.0,47,18,0.2624585473632813,0.7,0.6,0.61
QQQ,2026-09-04,2026-09-17,P,675.0,110,61,0.2503737072753906,0.7,0.71,0.74
QQQ,2026-09-04,2026-09-17,P,680.0,135,341,0.23743438354492186,0.86,0.87,0.89
QQQ,2026-09-04,2026-09-17,P,685.0,408,270,0.2269364416503906,1.07,1.1,1.13
QQQ,2026-09-04,2026-09-17,P,690.0,303,102,0.21521780883789063,1.51,1.4,1.42
QQQ,2026-09-04,2026-09-17,P,695.0,370,92,0.2049640051269531,1.81,1.81,1.84
QQQ,2026-09-04,2026-09-17,P,700.0,353,111,0.195320546875,2.4,2.38,2.42
QQQ,2026-09-04,2026-09-17,P,705.0,203,36,0.18573812316894528,3.15,3.16,3.2
QQQ,2026-09-04,2026-09-17,P,710.0,79,109,0.17682707946777343,4.22,4.22,4.27
QQQ,2026-09-04,2026-09-17,P,715.0,776,540,0.1684043121337891,5.57,5.66,5.71
QQQ,2026-09-04,2026-09-17,P,720.0,45,144,0.1588218884277344,7.52,7.46,7.53
QQQ,2026-09-04,2026-09-17,P,725.0,32,32,0.15009394836425782,10.0,9.84,9.91
QQQ,2026-09-04,2026-09-17,P,730.0,25,9,0.14087773193359376,12.85,12.77,12.86
QQQ,2026-09-04,2026-09-17,P,735.0,2,4,0.1378260046386719,17.28,16.13,16.62
QQQ,2026-09-04,2026-09-17,P,755.0,1,0,0.229499892578125,37.5,33.89,36.38
QQQ,2026-09-04,2026-09-18,C,205.0,106,2,3.0019556201171875,512.41,513.81,517.3
QQQ,2026-09-04,2026-09-18,C,210.0,12,2,2.9541041772460934,523.45,508.82,512.31
QQQ,2026-09-04,2026-09-18,C,220.0,11,1,2.853518491210937,501.45,498.83,502.32
QQQ,2026-09-04,2026-09-18,C,225.0,70,20,1.0000000000000003e-05,470.99,481.27,483.2
QQQ,2026-09-04,2026-09-18,C,230.0,1,1,2.75781560546875,491.55,488.84,492.33
QQQ,2026-09-04,2026-09-18,C,235.0,2,1,2.7148469628906247,475.7,483.85,487.34
QQQ,2026-09-04,2026-09-18,C,240.0,52,50,1.0000000000000003e-05,469.09,466.24,468.32
QQQ,2026-09-04,2026-09-18,C,245.0,13,10,1.0000000000000003e-05,450.8,461.26,463.33
QQQ,2026-09-04,2026-09-18,C,250.0,51,50,1.0000000000000003e-05,459.72,456.35,458.22
QQQ,2026-09-04,2026-09-18,C,255.0,11,1,2.5371130322265625,453.84,463.87,467.36
QQQ,2026-09-04,2026-09-18,C,260.0,2,1,2.49219126953125,457.34,458.87,462.36
QQQ,2026-09-04,2026-09-18,C,265.0,12,10,1.0000000000000003e-05,431.03,441.31,443.4
QQQ,2026-09-04,2026-09-18,C,270.0,1,1,2.3750040624999995,409.85,446.94,450.56
QQQ,2026-09-04,2026-09-18,C,275.0,47,2,2.3525431811523427,443.07,443.89,447.3
QQQ,2026-09-04,2026-09-18,C,280.0,13,4,2.333988540039062,436.51,438.89,442.39
QQQ,2026-09-04,2026-09-18,C,285.0,15,1,2.6225620373535157,423.68,433.19,436.6
QQQ,2026-09-04,2026-09-18,C,290.0,16,1,1.0000000000000003e-05,408.68,416.4,418.47
QQQ,2026-09-04,2026-09-18,C,295.0,37,50,2.220707573242187,438.45,423.91,427.4
QQQ,2026-09-04,2026-09-18,C,300.0,28,1,2.1860396911621094,409.97,418.92,422.41
QQQ,2026-09-04,2026-09-18,C,305.0,4,1,2.1523483691406247,415.48,413.93,417.42
QQQ,2026-09-04,2026-09-18,C,310.0,4,1,1.0000000000000003e-05,383.53,396.45,398.54
QQQ,2026-09-04,2026-09-18,C,315.0,29,11,2.081059484863281,397.29,403.94,407.43
QQQ,2026-09-04,2026-09-18,C,320.0,29,2,2.0444384826660156,413.89,398.94,402.43
QQQ,2026-09-04,2026-09-18,C,325.0,21,2,2.0122120007324216,392.96,393.95,397.44
QQQ,2026-09-04,2026-09-18,C,330.0,31,1,1.9765626171875001,390.76,388.95,392.44
QQQ,2026-09-04,2026-09-18,C,335.0,80,1,1.9453127734375002,374.15,383.96,387.45
QQQ,2026-09-04,2026-09-18,C,340.0,28,2,1.910644978027344,370.82,378.96,382.45
QQQ,2026-09-04,2026-09-18,C,345.0,9,1,1.8798834130859374,373.4,373.97,377.46
QQQ,2026-09-04,2026-09-18,C,350.0,76,2,1.8466804541015622,368.95,368.97,372.46
QQQ,2026-09-04,2026-09-18,C,355.0,6,1,1.81640716796875,363.03,363.98,367.47
QQQ,2026-09-04,2026-09-18,C,360.0,10,1,1.78515732421875,357.71,358.98,362.48
QQQ,2026-09-04,2026-09-18,C,365.0,37,1,1.7548840380859376,362.1,353.99,357.48
QQQ,2026-09-04,2026-09-18,C,370.0,57,5,1.7260755883789063,340.95,349.0,352.49
QQQ,2026-09-04,2026-09-18,C,375.0,21,10,1.0000000000000003e-05,342.27,331.77,333.68
QQQ,2026-09-04,2026-09-18,C,380.0,14,1,1.6660172949218752,326.64,339.01,342.5
QQQ,2026-09-04,2026-09-18,C,385.0,22,1,1.0000000000000003e-05,222.02,325.0,329.61
QQQ,2026-09-04,2026-09-18,C,390.0,34,2,1.607423837890625,328.6,329.02,332.51
QQQ,2026-09-04,2026-09-18,C,395.0,27,1,1.5791036669921872,323.08,324.02,327.52
QQQ,2026-09-04,2026-09-18,C,400.0,504,1,1.5502952172851558,320.3,319.03,322.52
QQQ,2026-09-04,2026-09-18,C,405.0,19,1,1.5224633251953121,307.89,314.03,317.53
QQQ,2026-09-04,2026-09-18,C,410.0,34,1,1.4941431542968748,298.43,309.04,312.53
QQQ,2026-09-04,2026-09-18,C,415.0,39,1,1.0000000000000003e-05,288.17,291.81,293.89
QQQ,2026-09-04,2026-09-18,C,420.0,59,1,1.439455927734375,288.32,299.05,302.54
QQQ,2026-09-04,2026-09-18,C,425.0,49,3,1.4135771508789063,305.71,294.06,297.55
QQQ,2026-09-04,2026-09-18,C,430.0,66,1,1.3857452587890622,277.96,289.06,292.55
QQQ,2026-09-04,2026-09-18,C,435.0,45,4,1.3603547607421875,277.45,284.07,287.56
QQQ,2026-09-04,2026-09-18,C,440.0,234,1,1.3339877050781246,269.09,279.07,282.57
QQQ,2026-09-04,2026-09-18,C,445.0,43,2,1.307620649414062,274.0,274.08,277.57
QQQ,2026-09-04,2026-09-18,C,450.0,202,3,1.2832067089843748,256.63,269.09,272.58
QQQ,2026-09-04,2026-09-18,C,455.0,150,2,1.2573279321289061,260.83,264.09,267.59
QQQ,2026-09-04,2026-09-18,C,460.0,88,1,1.2353553857421873,247.54,259.13,262.59
QQQ,2026-09-04,2026-09-18,C,465.0,95,1,1.2075234936523436,244.98,254.11,257.6
QQQ,2026-09-04,2026-09-18,C,470.0,156,2,1.1806681591796875,248.91,249.12,252.58
QQQ,2026-09-04,2026-09-18,C,475.0,247,1,1.1586956127929686,245.5,244.12,247.62
QQQ,2026-09-04,2026-09-18,C,480.0,159,4,1.1340375329589847,238.05,239.13,242.62
QQQ,2026-09-04,2026-09-18,C,485.0,164,2,1.1103560107421875,234.9,234.14,237.63
QQQ,2026-09-04,2026-09-18,C,490.0,434,2,1.0871627673339845,227.84,229.15,232.64
QQQ,2026-09-04,2026-09-18,C,495.0,122,1,1.0620164086914063,223.08,224.15,227.64
QQQ,2026-09-04,2026-09-18,C,500.0,381,2,1.0388231652832034,219.84,219.16,222.65
QQQ,2026-09-04,2026-09-18,C,505.0,168,5,1.015874061279297,214.26,214.17,217.66
QQQ,2026-09-04,2026-09-18,C,510.0,249,21,0.992187578125,211.28,209.17,212.67
QQQ,2026-09-04,2026-09-18,C,515.0,237,5,0.9711916943359374,201.04,204.21,207.67
QQQ,2026-09-04,2026-09-18,C,520.0,131,1,0.9458013232421875,199.0,199.19,202.68
QQQ,2026-09-04,2026-09-18,C,525.0,833,1,0.9250495776367188,194.13,194.22,197.69
QQQ,2026-09-04,2026-09-18,C,530.0,347,1,0.9008798974609374,188.17,189.21,192.7
QQQ,2026-09-04,2026-09-18,C,535.0,123,1,0.8786633227539062,181.37,184.22,187.71
QQQ,2026-09-04,2026-09-18,C,540.0,584,14,0.8564467480468749,179.66,179.23,182.72
QQQ,2026-09-04,2026-09-18,C,545.0,262,1,0.8342301733398436,174.6,174.24,177.73
QQQ,2026-09-04,2026-09-18,C,550.0,665,6,0.7512231909179687,169.57,169.25,172.0
QQQ,2026-09-04,2026-09-18,C,555.0,286,2,0.7902853002929688,166.04,164.26,167.75
QQQ,2026-09-04,2026-09-18,C,560.0,4453,7,0.7670921728515626,157.0,159.27,162.74
QQQ,2026-09-04,2026-09-18,C,565.0,636,3,0.7478052563476563,152.88,154.29,157.78
QQQ,2026-09-04,2026-09-18,C,570.0,2818,8,0.73633076171875,148.65,149.3,152.96
QQQ,2026-09-04,2026-09-18,C,575.0,1614,1,0.7028838305664062,145.15,144.31,147.78
QQQ,2026-09-04,2026-09-18,C,580.0,1239,5,0.6835969140625001,139.02,139.33,142.82
QQQ,2026-09-04,2026-09-18,C,585.0,2973,2,0.6718782812500002,133.79,134.34,138.01
QQQ,2026-09-04,2026-09-18,C,590.0,4838,2,0.6428258374023439,127.9,129.36,132.88
QQQ,2026-09-04,2026-09-18,C,595.0,3963,5,0.6293982373046876,114.6,124.38,128.04
QQQ,2026-09-04,2026-09-18,C,600.0,6015,5,0.6084023535156251,119.41,119.4,123.06
QQQ,2026-09-04,2026-09-18,C,605.0,1408,5,0.5776409423828125,114.49,114.42,117.88
QQQ,2026-09-04,2026-09-18,C,610.0,12980,6,0.5661664477539063,110.6,109.44,113.1
QQQ,2026-09-04,2026-09-18,C,615.0,6719,26,0.5366257275390626,105.77,104.46,107.93
QQQ,2026-09-04,2026-09-18,C,620.0,3681,31,0.5283250292968751,100.62,99.77,102.96
QQQ,2026-09-04,2026-09-18,C,625.0,4598,5,0.6079140771484376,94.59,94.52,97.99
QQQ,2026-09-04,2026-09-18,C,630.0,10148,4,0.5933878552246095,90.12,89.55,93.22
QQQ,2026-09-04,2026-09-18,C,635.0,3218,10,0.5634809277343751,85.33,84.59,88.15
QQQ,2026-09-04,2026-09-18,C,640.0,5006,8,0.5435836657714845,81.4,80.77,83.29
QQQ,2026-09-04,2026-09-18,C,645.0,9120,3,0.5119677709960937,75.99,74.9,78.18
QQQ,2026-09-04,2026-09-18,C,650.0,7180,171,0.47730014892578126,71.32,69.75,73.0
QQQ,2026-09-04,2026-09-18,C,651.0,113,3,0.4822439471435547,70.3,68.74,72.23
QQQ,2026-09-04,2026-09-18,C,652.0,69,1,0.47730014892578126,66.44,67.75,71.24
QQQ,2026-09-04,2026-09-18,C,653.0,56,1,0.3883117810058594,77.35,64.99,68.56
QQQ,2026-09-04,2026-09-18,C,654.0,80,2,0.4679008288574219,66.67,65.78,69.27
QQQ,2026-09-04,2026-09-18,C,655.0,4902,15,0.4596001306152344,64.59,64.8,68.2
QQQ,2026-09-04,2026-09-18,C,656.0,76,1,0.45844047424316414,65.84,63.8,67.3
QQQ,2026-09-04,2026-09-18,C,657.0,21,2,0.4534356414794922,63.56,62.82,66.31
QQQ,2026-09-04,2026-09-18,C,658.0,54,2,0.37317521362304684,50.3,59.84,63.71
QQQ,2026-09-04,2026-09-18,C,659.0,92,2,0.44385321777343745,53.59,60.85,64.34
QQQ,2026-09-04,2026-09-18,C,660.0,24066,7,0.37964487548828124,61.01,59.88,62.02
QQQ,2026-09-04,2026-09-18,C,661.0,46,1,0.4346370013427735,52.99,58.88,62.38
QQQ,2026-09-04,2026-09-18,C,662.0,199,1,0.42957113403320313,57.83,57.9,61.39
QQQ,2026-09-04,2026-09-18,C,663.0,109,1,0.4249325085449219,50.83,56.92,60.41
QQQ,2026-09-04,2026-09-18,C,664.0,46,1,0.42023284851074216,57.43,55.94,59.43
QQQ,2026-09-04,2026-09-18,C,665.0,2754,45,0.4151669812011719,56.31,54.96,58.44
QQQ,2026-09-04,2026-09-18,C,666.0,160,4,0.4107724938964844,48.58,53.98,57.47
QQQ,2026-09-04,2026-09-18,C,667.0,85,1,0.40601179931640624,53.76,53.0,56.49
QQQ,2026-09-04,2026-09-18,C,668.0,46,1,0.39337764831542965,53.33,52.02,55.3
QQQ,2026-09-04,2026-09-18,C,669.0,69,1,0.39685661743164063,42.7,51.05,54.54
QQQ,2026-09-04,2026-09-18,C,670.0,10838,3,0.34229173339843744,52.14,51.53,52.3
QQQ,2026-09-04,2026-09-18,C,671.0,179,2,0.3875183319091796,49.29,49.1,52.59
QQQ,2026-09-04,2026-09-18,C,672.0,24,1,0.3830017755126953,47.88,48.12,51.62
QQQ,2026-09-04,2026-09-18,C,673.0,81,1,0.37842418457031246,42.28,47.15,50.65
QQQ,2026-09-04,2026-09-18,C,674.0,66,5,0.37317521362304684,47.79,46.38,49.66
QQQ,2026-09-04,2026-09-18,C,675.0,10553,16,0.3189765368652343,46.88,45.22,47.36
QQQ,2026-09-04,2026-09-18,C,676.0,71,1,0.31452101501464835,43.36,45.83,46.38
QQQ,2026-09-04,2026-09-18,C,677.0,118,58,0.3096992858886719,34.05,44.93,45.39
QQQ,2026-09-04,2026-09-18,C,678.0,159,1,0.3060372131347656,38.42,43.97,44.43
QQQ,2026-09-04,2026-09-18,C,679.0,112,1,0.3034737622070312,37.57,43.03,43.5
QQQ,2026-09-04,2026-09-18,C,680.0,15882,42,0.2981027221679687,41.4,42.02,42.5
QQQ,2026-09-04,2026-09-18,C,681.0,183,4,0.29688203124999996,37.85,41.16,41.61
QQQ,2026-09-04,2026-09-18,C,682.0,152,3,0.2915109912109374,36.19,40.16,40.61
QQQ,2026-09-04,2026-09-18,C,683.0,312,3,0.2864451239013671,36.59,39.17,39.62
QQQ,2026-09-04,2026-09-18,C,684.0,217,2,0.28278305114746094,36.87,38.21,38.67
QQQ,2026-09-04,2026-09-18,C,685.0,12553,10,0.2811961529541015,37.42,37.25,37.78
QQQ,2026-09-04,2026-09-18,C,686.0,163,3,0.27802235656738283,34.01,36.27,36.85
QQQ,2026-09-04,2026-09-18,C,687.0,309,1,0.27448235290527345,35.93,35.2,35.91
QQQ,2026-09-04,2026-09-18,C,688.0,372,2,0.27149166015625,32.82,34.41,34.99
QQQ,2026-09-04,2026-09-18,C,689.0,204,1,0.26807372558593745,32.86,33.61,34.06
QQQ,2026-09-04,2026-09-18,C,690.0,14589,18,0.26453372192382807,32.99,32.54,33.13
QQQ,2026-09-04,2026-09-18,C,691.0,318,1,0.26154302917480465,30.59,31.66,32.22
QQQ,2026-09-04,2026-09-18,C,692.0,192,1,0.25604992004394533,28.73,30.78,31.23
QQQ,2026-09-04,2026-09-18,C,693.0,1016,1,0.25287612365722656,28.58,29.78,30.32
QQQ,2026-09-04,2026-09-18,C,694.0,2182,1,0.25196060546875,26.3,28.92,29.49
QQQ,2026-09-04,2026-09-18,C,695.0,3545,8,0.2493666372680664,27.49,28.05,28.61
QQQ,2026-09-04,2026-09-18,C,696.0,239,8,0.24552146087646481,26.5,27.26,27.69
QQQ,2026-09-04,2026-09-18,C,697.0,326,6,0.2423781817626953,24.93,26.38,26.8
QQQ,2026-09-04,2026-09-18,C,698.0,1353,3,0.23834990173339843,23.92,25.49,25.88
QQQ,2026-09-04,2026-09-18,C,699.0,293,4,0.2352371398925781,23.7,24.65,25.0
QQQ,2026-09-04,2026-09-18,C,700.0,29957,109,0.23401644897460935,24.05,23.89,24.2
QQQ,2026-09-04,2026-09-18,C,701.0,536,12,0.2310867907714844,21.09,23.09,23.34
QQQ,2026-09-04,2026-09-18,C,702.0,609,3,0.22852333984375,21.33,22.27,22.5
QQQ,2026-09-04,2026-09-18,C,703.0,219,1,0.22574626800537106,18.8,21.23,21.66
QQQ,2026-09-04,2026-09-18,C,704.0,318,2,0.22327436889648436,20.22,20.41,20.84
QQQ,2026-09-04,2026-09-18,C,705.0,15167,145,0.2205888488769531,19.64,19.42,20.02
QQQ,2026-09-04,2026-09-18,C,706.0,541,65,0.2172929833984375,16.45,18.8,19.18
QQQ,2026-09-04,2026-09-18,C,707.0,254,45,0.21558401611328126,18.24,18.03,18.42
QQQ,2026-09-04,2026-09-18,C,708.0,860,23,0.21344780700683597,16.55,17.34,17.65
QQQ,2026-09-04,2026-09-18,C,709.0,763,27,0.21106745971679686,16.51,16.53,16.88
QQQ,2026-09-04,2026-09-18,C,710.0,42157,170,0.20777159423828123,15.99,15.85,16.08
QQQ,2026-09-04,2026-09-18,C,711.0,1187,71,0.20642883422851557,15.0,14.97,15.38
QQQ,2026-09-04,2026-09-18,C,712.0,1370,13,0.20356021057128904,14.55,14.51,14.62
QQQ,2026-09-04,2026-09-18,C,713.0,1301,6,0.20124089782714843,13.0,13.79,13.9
QQQ,2026-09-04,2026-09-18,C,714.0,1003,484,0.19928779235839844,12.8,13.1,13.21
QQQ,2026-09-04,2026-09-18,C,715.0,14093,1757,0.1966633068847656,12.48,12.42,12.5
QQQ,2026-09-04,2026-09-18,C,716.0,1098,371,0.19495433959960937,11.85,11.75,11.85
QQQ,2026-09-04,2026-09-18,C,717.0,4273,705,0.19214675048828128,10.65,11.08,11.16
QQQ,2026-09-04,2026-09-18,C,718.0,978,705,0.19086502502441405,10.43,10.47,10.56
QQQ,2026-09-04,2026-09-18,C,719.0,4680,407,0.1880269186401367,9.91,9.82,9.9
QQQ,2026-09-04,2026-09-18,C,720.0,22247,3855,0.18689777954101564,9.32,9.26,9.34
QQQ,2026-09-04,2026-09-18,C,721.0,2025,276,0.18418174224853517,8.66,8.66,8.72
QQQ,2026-09-04,2026-09-18,C,722.0,1567,3164,0.18335777587890623,8.04,8.14,8.21
QQQ,2026-09-04,2026-09-18,C,723.0,1199,291,0.18073329040527342,7.42,7.57,7.63
QQQ,2026-09-04,2026-09-18,C,724.0,1290,49,0.17981777221679687,7.0,7.08,7.15
QQQ,2026-09-04,2026-09-18,C,725.0,28154,2349,0.17829190856933597,6.63,6.61,6.66
QQQ,2026-09-04,2026-09-18,C,726.0,1632,492,0.17780363220214845,6.13,6.16,6.24
QQQ,2026-09-04,2026-09-18,C,727.0,761,173,0.17551483673095702,5.62,5.69,5.75
QQQ,2026-09-04,2026-09-18,C,728.0,1233,212,0.1729819030761719,5.23,5.24,5.27
QQQ,2026-09-04,2026-09-18,C,729.0,1564,146,0.17243259216308598,4.84,4.85,4.9
QQQ,2026-09-04,2026-09-18,C,730.0,41708,9522,0.17145603942871096,4.46,4.49,4.53
QQQ,2026-09-04,2026-09-18,C,731.0,1036,361,0.1695944857788086,4.08,4.1,4.14
QQQ,2026-09-04,2026-09-18,C,732.0,4382,439,0.1682212084960938,3.76,3.75,3.79
QQQ,2026-09-04,2026-09-18,C,733.0,5565,143,0.16639017211914067,3.02,3.41,3.44
QQQ,2026-09-04,2026-09-18,C,734.0,14165,619,0.1662681030273438,3.11,3.14,3.18
QQQ,2026-09-04,2026-09-18,C,735.0,16093,2631,0.16449810119628905,2.85,2.84,2.87
QQQ,2026-09-04,2026-09-18,C,736.0,1926,113,0.16303327209472657,2.5,2.55,2.59
QQQ,2026-09-04,2026-09-18,C,737.0,1408,121,0.1624229266357422,2.25,2.32,2.36
QQQ,2026-09-04,2026-09-18,C,738.0,2111,207,0.16108016662597657,2.12,2.08,2.12
QQQ,2026-09-04,2026-09-18,C,739.0,1226,175,0.1601646484375,1.86,1.87,1.91
QQQ,2026-09-04,2026-09-18,C,740.0,33876,2409,0.1593711993408203,1.7,1.69,1.72
QQQ,2026-09-04,2026-09-18,C,741.0,1958,210,0.15906602661132813,1.37,1.51,1.56
QQQ,2026-09-04,2026-09-18,C,742.0,952,86,0.1580284393310547,1.36,1.36,1.39
QQQ,2026-09-04,2026-09-18,C,743.0,1018,108,0.157234990234375,1.23,1.22,1.24
QQQ,2026-09-04,2026-09-18,C,744.0,1216,179,0.15589223022460938,1.08,1.07,1.09
QQQ,2026-09-04,2026-09-18,C,745.0,17901,6522,0.15528188476562502,0.97,0.96,0.97
QQQ,2026-09-04,2026-09-18,C,746.0,1033,154,0.15515981567382814,0.77,0.85,0.87
QQQ,2026-09-04,2026-09-18,C,747.0,929,33,0.15454947021484378,0.77,0.75,0.77
QQQ,2026-09-04,2026-09-18,C,748.0,1277,354,0.15393912475585939,0.65,0.67,0.68
QQQ,2026-09-04,2026-09-18,C,749.0,3267,15,0.15406119384765626,0.65,0.59,0.61
QQQ,2026-09-04,2026-09-18,C,750.0,51303,1245,0.15369498657226563,0.53,0.53,0.54
QQQ,2026-09-04,2026-09-18,C,751.0,919,16,0.15369498657226563,0.46,0.46,0.48
QQQ,2026-09-04,2026-09-18,C,752.0,4282,19,0.1538170556640625,0.41,0.41,0.43
QQQ,2026-09-04,2026-09-18,C,753.0,916,72,0.15369498657226563,0.31,0.36,0.38
QQQ,2026-09-04,2026-09-18,C,754.0,8843,124,0.15406119384765626,0.32,0.32,0.34
QQQ,2026-09-04,2026-09-18,C,755.0,22873,102,0.15393912475585939,0.24,0.28,0.3
QQQ,2026-09-04,2026-09-18,C,756.0,419,42,0.15332877929687502,0.23,0.25,0.26
QQQ,2026-09-04,2026-09-18,C,757.0,552,131,0.15357291748046875,0.21,0.22,0.23
QQQ,2026-09-04,2026-09-18,C,758.0,786,11,0.15454947021484378,0.24,0.2,0.21
QQQ,2026-09-04,2026-09-18,C,759.0,645,32,0.15528188476562502,0.17,0.17,0.19
QQQ,2026-09-04,2026-09-18,C,760.0,30181,348,0.15406119384765626,0.16,0.15,0.16
QQQ,2026-09-04,2026-09-18,C,765.0,14004,179,0.15869981933593752,0.09,0.08,0.1
QQQ,2026-09-04,2026-09-18,C,770.0,14555,100,0.16211775390625,0.06,0.04,0.06
QQQ,2026-09-04,2026-09-18,C,775.0,22242,74,0.16797707031250003,0.03,0.03,0.04
QQQ,2026-09-04,2026-09-18,C,780.0,9166,18,0.174812939453125,0.03,0.02,0.03
QQQ,2026-09-04,2026-09-18,C,785.0,2733,162,0.179695703125,0.02,0.01,0.02
QQQ,2026-09-04,2026-09-18,C,790.0,32527,7,0.1914143359375,0.02,0.01,0.02
QQQ,2026-09-04,2026-09-18,C,795.0,5680,105,0.20313296874999998,0.02,0.01,0.02
QQQ,2026-09-04,2026-09-18,C,800.0,58445,117,0.2148516015625,0.01,0.01,0.02
QQQ,2026-09-04,2026-09-18,C,805.0,31354,6,0.22657023437499998,0.01,0.0,0.02
QQQ,2026-09-04,2026-09-18,C,810.0,7754,2,0.22266402343749997,0.02,0.0,0.01
QQQ,2026-09-04,2026-09-18,C,815.0,3135,3,0.24805439453125,0.04,0.01,0.02
QQQ,2026-09-04,2026-09-18,C,820.0,16331,19,0.25977302734375,0.02,0.0,0.02
QQQ,2026-09-04,2026-09-18,C,825.0,1760,5,0.27149166015625,0.01,0.01,0.02
QQQ,2026-09-04,2026-09-18,C,830.0,10229,1,0.28125718749999995,0.01,0.0,0.02
QQQ,2026-09-04,2026-09-18,C,835.0,4136,1,0.273444765625,0.01,0.0,0.01
QQQ,2026-09-04,2026-09-18,C,840.0,17744,7,0.30274134765625,0.01,0.0,0.02
QQQ,2026-09-04,2026-09-18,C,845.0,1502,6,0.31250687499999996,0.02,0.0,0.02
QQQ,2026-09-04,2026-09-18,C,850.0,20066,30,0.3242255078124999,0.01,0.0,0.02
QQQ,2026-09-04,2026-09-18,C,855.0,2121,50,0.31641308593749995,0.01,0.0,0.01
QQQ,2026-09-04,2026-09-18,C,860.0,2039,160,0.3437565625,0.01,0.0,0.02
QQQ,2026-09-04,2026-09-18,C,865.0,638,8,0.35547519531249994,0.01,0.0,0.02
QQQ,2026-09-04,2026-09-18,C,870.0,20380,5,0.3437565625,0.01,0.0,0.01
QQQ,2026-09-04,2026-09-18,C,875.0,2291,25,0.37500625,0.03,0.0,0.02
QQQ,2026-09-04,2026-09-18,C,880.0,1429,1,0.38477177734374995,0.01,0.0,0.02
QQQ,2026-09-04,2026-09-18,C,885.0,1057,10,0.39453730468750003,0.01,0.0,0.02
QQQ,2026-09-04,2026-09-18,C,890.0,1160,50,0.40430283203125,0.01,0.0,0.02
QQQ,2026-09-04,2026-09-18,C,895.0,537,6,0.414068359375,0.02,0.0,0.02
QQQ,2026-09-04,2026-09-18,C,900.0,29047,1,0.42188078125,0.01,0.0,0.02
QQQ,2026-09-04,2026-09-18,C,905.0,827,5,0.4335994140625,0.02,0.0,0.02
QQQ,2026-09-04,2026-09-18,C,910.0,2075,1,0.4414118359375,0.03,0.0,0.02
QQQ,2026-09-04,2026-09-18,C,915.0,15375,3,0.42969320312500003,0.03,0.0,0.01
QQQ,2026-09-04,2026-09-18,C,920.0,1193,1,0.46094289062500005,0.05,0.0,0.02
QQQ,2026-09-04,2026-09-18,C,925.0,10742,1,0.4687553125,0.01,0.0,0.02
QQQ,2026-09-04,2026-09-18,C,930.0,566,40,0.4804739453125,0.06,0.0,0.02
QQQ,2026-09-04,2026-09-18,C,935.0,274,6,0.48828636718750007,0.04,0.0,0.02
QQQ,2026-09-04,2026-09-18,C,940.0,756,36,0.49609878906250005,0.01,0.0,0.02
QQQ,2026-09-04,2026-09-18,C,945.0,411,44,0.507817421875,0.01,0.0,0.02
QQQ,2026-09-04,2026-09-18,C,950.0,1301,3,0.51562984375,0.02,0.0,0.02
QQQ,2026-09-04,2026-09-18,C,955.0,679,11,0.500005,0.01,0.0,0.02
QQQ,2026-09-04,2026-09-18,C,960.0,1728,32,0.507817421875,0.01,0.0,0.02
QQQ,2026-09-04,2026-09-18,C,965.0,193,5,0.51562984375,0.08,0.0,0.02
QQQ,2026-09-04,2026-09-18,C,970.0,252,100,0.523442265625,0.11,0.0,0.02
QQQ,2026-09-04,2026-09-18,C,975.0,270,1,0.5312546875,0.03,0.0,0.02
QQQ,2026-09-04,2026-09-18,C,980.0,1043,1,0.5390671093750001,0.02,0.0,0.02
QQQ,2026-09-04,2026-09-18,C,985.0,220,2,0.5468795312500001,0.03,0.0,0.02
QQQ,2026-09-04,2026-09-18,C,990.0,2082,150,0.5312546875,0.02,0.0,0.01
QQQ,2026-09-04,2026-09-18,C,995.0,163,2,0.5625043750000001,0.04,0.0,0.02
QQQ,2026-09-04,2026-09-18,C,1000.0,19831,116,0.5468795312500001,0.01,0.0,0.01
QQQ,2026-09-04,2026-09-18,C,1005.0,2,0,0.57812921875,0.04,0.0,0.02
QQQ,2026-09-04,2026-09-18,C,1010.0,118,113,0.585941640625,0.06,0.0,0.02
QQQ,2026-09-04,2026-09-18,C,1020.0,46,2,0.6015664843750002,0.02,0.0,0.02
QQQ,2026-09-04,2026-09-18,C,1030.0,82,1,0.6171913281250001,0.1,0.0,0.02
QQQ,2026-09-04,2026-09-18,C,1040.0,59,1,0.632816171875,0.02,0.0,0.02
QQQ,2026-09-04,2026-09-18,C,1050.0,1301,817,0.648441015625,0.06,0.0,0.02
QQQ,2026-09-04,2026-09-18,C,1060.0,236,1,0.6640658593750002,0.04,0.0,0.02
QQQ,2026-09-04,2026-09-18,C,1065.0,1001,1,0.6718782812500002,0.05,0.0,0.02
QQQ,2026-09-04,2026-09-18,C,1070.0,318,20,0.64062859375,0.03,0.0,0.01
QQQ,2026-09-04,2026-09-18,C,1080.0,68,2,0.6875031250000001,0.05,0.0,0.02
QQQ,2026-09-04,2026-09-18,C,1085.0,242,236,0.70312796875,0.05,0.0,0.02
QQQ,2026-09-04,2026-09-18,C,1090.0,724,50,0.6718782812500002,0.01,0.0,0.01
QQQ,2026-09-04,2026-09-18,C,1100.0,7833,1,0.6875031250000001,0.02,0.0,0.01
QQQ,2026-09-04,2026-09-18,P,205.0,4748,1,2.000005,0.01,0.0,0.01
QQQ,2026-09-04,2026-09-18,P,210.0,1598,5,1.96875015625,0.02,0.0,0.01
QQQ,2026-09-04,2026-09-18,P,215.0,1197,5,1.9375003125,0.01,0.0,0.01
QQQ,2026-09-04,2026-09-18,P,220.0,1952,10,1.875000625,0.03,0.0,0.01
QQQ,2026-09-04,2026-09-18,P,225.0,566,3,1.9375003125,0.02,0.0,0.02
QQQ,2026-09-04,2026-09-18,P,230.0,635,1,1.9062504687500001,0.02,0.0,0.02
QQQ,2026-09-04,2026-09-18,P,235.0,136,2,1.8125009374999999,0.02,0.0,0.01
QQQ,2026-09-04,2026-09-18,P,240.0,1361,850,1.75000125,0.01,0.0,0.01
QQQ,2026-09-04,2026-09-18,P,245.0,746,1,1.71875140625,0.02,0.0,0.01
QQQ,2026-09-04,2026-09-18,P,250.0,2807,1,1.6875015625,0.03,0.0,0.01
QQQ,2026-09-04,2026-09-18,P,255.0,1004,9,1.65625171875,0.01,0.0,0.01
QQQ,2026-09-04,2026-09-18,P,260.0,460,4,1.625001875,0.02,0.0,0.01
QQQ,2026-09-04,2026-09-18,P,265.0,596,100,1.625001875,0.01,0.0,0.01
QQQ,2026-09-04,2026-09-18,P,270.0,982,4,1.5625021874999998,0.01,0.0,0.01
QQQ,2026-09-04,2026-09-18,P,275.0,640,1,1.5625021874999998,0.02,0.0,0.01
QQQ,2026-09-04,2026-09-18,P,280.0,1386,4,1.5000025,0.02,0.0,0.01
QQQ,2026-09-04,2026-09-18,P,285.0,806,5,1.5625021874999998,0.01,0.0,0.02
QQQ,2026-09-04,2026-09-18,P,290.0,1202,300,1.5312523437499999,0.01,0.0,0.02
QQQ,2026-09-04,2026-09-18,P,295.0,1210,106,1.5000025,0.02,0.0,0.02
QQQ,2026-09-04,2026-09-18,P,300.0,3786,13,1.484377578125,0.01,0.0,0.02
QQQ,2026-09-04,2026-09-18,P,305.0,1272,2,1.453127734375,0.04,0.0,0.02
QQQ,2026-09-04,2026-09-18,P,310.0,1360,2,1.421877890625,0.04,0.0,0.02
QQQ,2026-09-04,2026-09-18,P,315.0,1529,4,1.40625296875,0.02,0.0,0.02
QQQ,2026-09-04,2026-09-18,P,320.0,1834,30,1.3750031249999999,0.03,0.0,0.02
QQQ,2026-09-04,2026-09-18,P,325.0,1115,1,1.3437532812499997,0.03,0.0,0.02
QQQ,2026-09-04,2026-09-18,P,330.0,1635,32,1.3281283593749997,0.04,0.0,0.02
QQQ,2026-09-04,2026-09-18,P,335.0,1441,20,1.2968785156249998,0.05,0.0,0.02
QQQ,2026-09-04,2026-09-18,P,340.0,1920,2,1.2812535937499998,0.03,0.0,0.02
QQQ,2026-09-04,2026-09-18,P,345.0,656,10,1.2500037499999999,0.03,0.0,0.02
QQQ,2026-09-04,2026-09-18,P,350.0,744,100,1.15625421875,0.04,0.0,0.01
QQQ,2026-09-04,2026-09-18,P,355.0,510,1,1.203128984375,0.03,0.0,0.02
QQQ,2026-09-04,2026-09-18,P,360.0,1178,20,1.1875040625,0.02,0.0,0.02
QQQ,2026-09-04,2026-09-18,P,365.0,1995,2,1.15625421875,0.02,0.0,0.02
QQQ,2026-09-04,2026-09-18,P,370.0,962,100,1.140629296875,0.02,0.0,0.02
QQQ,2026-09-04,2026-09-18,P,375.0,2084,2,1.109379453125,0.03,0.0,0.02
QQQ,2026-09-04,2026-09-18,P,380.0,816,12,1.09375453125,0.03,0.0,0.02
QQQ,2026-09-04,2026-09-18,P,385.0,363,1,1.0781296093750001,0.02,0.0,0.02
QQQ,2026-09-04,2026-09-18,P,390.0,9596,1437,1.0468797656250002,0.01,0.0,0.02
QQQ,2026-09-04,2026-09-18,P,395.0,3217,1424,1.0312548437500002,0.01,0.0,0.02
QQQ,2026-09-04,2026-09-18,P,400.0,27744,3,1.015629921875,0.02,0.0,0.02
QQQ,2026-09-04,2026-09-18,P,405.0,383,120,0.98437515625,0.01,0.0,0.02
QQQ,2026-09-04,2026-09-18,P,410.0,9701,70,0.9687503125,0.03,0.0,0.02
QQQ,2026-09-04,2026-09-18,P,415.0,943,2,0.9531254687499999,0.02,0.0,0.02
QQQ,2026-09-04,2026-09-18,P,420.0,8393,105,0.937500625,0.02,0.0,0.02
QQQ,2026-09-04,2026-09-18,P,425.0,1788,200,0.9062509375,0.01,0.0,0.02
QQQ,2026-09-04,2026-09-18,P,430.0,6011,860,0.8906260937499999,0.01,0.0,0.02
QQQ,2026-09-04,2026-09-18,P,435.0,1063,1660,0.92187578125,0.01,0.01,0.03
QQQ,2026-09-04,2026-09-18,P,440.0,5931,1500,0.8828136718749999,0.01,0.0,0.03
QQQ,2026-09-04,2026-09-18,P,445.0,1505,420,0.85937640625,0.02,0.0,0.03
QQQ,2026-09-04,2026-09-18,P,450.0,16358,1330,0.8789074609374999,0.03,0.02,0.03
QQQ,2026-09-04,2026-09-18,P,455.0,1618,1460,0.8437515624999999,0.01,0.01,0.03
QQQ,2026-09-04,2026-09-18,P,460.0,10599,1880,0.8281267187499999,0.01,0.01,0.03
QQQ,2026-09-04,2026-09-18,P,465.0,1229,1862,0.804689453125,0.01,0.01,0.03
QQQ,2026-09-04,2026-09-18,P,470.0,2205,1815,0.789064609375,0.01,0.01,0.03
QQQ,2026-09-04,2026-09-18,P,475.0,8352,1320,0.7695335546875001,0.04,0.01,0.03
QQQ,2026-09-04,2026-09-18,P,480.0,6456,1211,0.7656273437500001,0.02,0.02,0.03
QQQ,2026-09-04,2026-09-18,P,485.0,3321,1340,0.73437765625,0.02,0.01,0.03
QQQ,2026-09-04,2026-09-18,P,490.0,6197,1630,0.7187528125,0.02,0.01,0.03
QQQ,2026-09-04,2026-09-18,P,495.0,1610,260,0.710940390625,0.02,0.02,0.03
QQQ,2026-09-04,2026-09-18,P,500.0,18487,268,0.6953155468750001,0.02,0.02,0.03
QQQ,2026-09-04,2026-09-18,P,505.0,2607,2806,0.6757844921875001,0.02,0.01,0.04
QQQ,2026-09-04,2026-09-18,P,510.0,6756,661,0.6679720703125002,0.05,0.02,0.04
QQQ,2026-09-04,2026-09-18,P,515.0,3499,881,0.6523472265625001,0.05,0.02,0.04
QQQ,2026-09-04,2026-09-18,P,520.0,8020,1,0.6445348046875,0.03,0.03,0.04
QQQ,2026-09-04,2026-09-18,P,525.0,5055,1250,0.6250037500000001,0.04,0.03,0.04
QQQ,2026-09-04,2026-09-18,P,530.0,13621,83,0.6093789062500001,0.04,0.03,0.04
QQQ,2026-09-04,2026-09-18,P,535.0,11889,1542,0.6054726953125001,0.05,0.04,0.05
QQQ,2026-09-04,2026-09-18,P,540.0,12327,41,0.58789474609375,0.05,0.04,0.05
QQQ,2026-09-04,2026-09-18,P,545.0,6242,645,0.570316796875,0.05,0.04,0.05
QQQ,2026-09-04,2026-09-18,P,550.0,32069,356,0.5644574804687501,0.05,0.05,0.06
QQQ,2026-09-04,2026-09-18,P,555.0,8876,41,0.5468795312500001,0.05,0.05,0.06
QQQ,2026-09-04,2026-09-18,P,560.0,19839,49,0.5390671093750001,0.07,0.06,0.07
QQQ,2026-09-04,2026-09-18,P,565.0,12485,155,0.5293015820312501,0.07,0.07,0.08
QQQ,2026-09-04,2026-09-18,P,570.0,74211,92,0.5117236328125,0.08,0.07,0.08
QQQ,2026-09-04,2026-09-18,P,575.0,18406,53,0.5009815527343751,0.09,0.08,0.09
QQQ,2026-09-04,2026-09-18,P,580.0,18247,77,0.49219257812500006,0.09,0.09,0.1
QQQ,2026-09-04,2026-09-18,P,585.0,9752,76,0.47949739257812496,0.11,0.1,0.11
QQQ,2026-09-04,2026-09-18,P,590.0,25905,7,0.46680220703125,0.12,0.11,0.12
QQQ,2026-09-04,2026-09-18,P,595.0,12988,23,0.45703667968750006,0.13,0.12,0.14
QQQ,2026-09-04,2026-09-18,P,600.0,54603,341,0.44336494140625,0.14,0.13,0.15
QQQ,2026-09-04,2026-09-18,P,605.0,23373,18,0.428716650390625,0.16,0.15,0.16
QQQ,2026-09-04,2026-09-18,P,610.0,21874,42,0.41699801757812494,0.17,0.17,0.18
QQQ,2026-09-04,2026-09-18,P,615.0,22268,5,0.407232490234375,0.19,0.19,0.21
QQQ,2026-09-04,2026-09-18,P,620.0,41067,31,0.39111937011718745,0.21,0.21,0.22
QQQ,2026-09-04,2026-09-18,P,625.0,14343,813,0.3794007373046875,0.25,0.24,0.25
QQQ,2026-09-04,2026-09-18,P,630.0,38023,1740,0.36890279541015625,0.26,0.26,0.29
QQQ,2026-09-04,2026-09-18,P,635.0,10747,76,0.35352208984374994,0.3,0.3,0.31
QQQ,2026-09-04,2026-09-18,P,640.0,16076,780,0.34107104248046877,0.34,0.34,0.35
QQQ,2026-09-04,2026-09-18,P,645.0,10891,288,0.3276434423828125,0.39,0.37,0.39
QQQ,2026-09-04,2026-09-18,P,650.0,42817,627,0.31445998046874996,0.44,0.42,0.44
QQQ,2026-09-04,2026-09-18,P,651.0,1112,7,0.31153032226562494,0.45,0.43,0.45
QQQ,2026-09-04,2026-09-18,P,652.0,689,302,0.30884480224609373,0.47,0.44,0.46
QQQ,2026-09-04,2026-09-18,P,653.0,672,85,0.30591514404296877,0.59,0.45,0.47
QQQ,2026-09-04,2026-09-18,P,654.0,1371,17,0.30322962402343745,0.6,0.46,0.48
QQQ,2026-09-04,2026-09-18,P,655.0,9029,43,0.3012765185546875,0.49,0.48,0.5
QQQ,2026-09-04,2026-09-18,P,656.0,1122,113,0.29834686035156244,0.53,0.49,0.51
QQQ,2026-09-04,2026-09-18,P,657.0,846,8,0.2954172021484375,0.65,0.5,0.52
QQQ,2026-09-04,2026-09-18,P,658.0,780,1,0.2933420275878905,0.61,0.52,0.54
QQQ,2026-09-04,2026-09-18,P,659.0,562,44,0.2902903002929687,0.56,0.53,0.55
QQQ,2026-09-04,2026-09-18,P,660.0,109925,3385,0.2880930566406249,0.55,0.55,0.57
QQQ,2026-09-04,2026-09-18,P,661.0,608,13,0.2849192602539062,0.65,0.56,0.58
QQQ,2026-09-04,2026-09-18,P,662.0,926,37,0.2825999475097656,0.62,0.58,0.6
QQQ,2026-09-04,2026-09-18,P,663.0,1167,24,0.27930408203124996,0.63,0.59,0.61
QQQ,2026-09-04,2026-09-18,P,664.0,1983,9,0.27698476928710936,0.63,0.61,0.63
QQQ,2026-09-04,2026-09-18,P,665.0,5423,88,0.274421318359375,0.64,0.63,0.65
QQQ,2026-09-04,2026-09-18,P,666.0,2533,8,0.27197993652343744,0.71,0.65,0.67
QQQ,2026-09-04,2026-09-18,P,667.0,703,26,0.2700268310546875,0.67,0.67,0.7
QQQ,2026-09-04,2026-09-18,P,668.0,772,5,0.26734131103515624,0.7,0.7,0.72
QQQ,2026-09-04,2026-09-18,P,669.0,668,4,0.264655791015625,0.79,0.71,0.74
QQQ,2026-09-04,2026-09-18,P,670.0,35336,3653,0.2624585473632813,0.75,0.75,0.77
QQQ,2026-09-04,2026-09-18,P,671.0,2166,7,0.25965095825195317,1.0,0.77,0.79
QQQ,2026-09-04,2026-09-18,P,672.0,691,20,0.25659923095703124,0.79,0.8,0.81
QQQ,2026-09-04,2026-09-18,P,673.0,1123,29,0.25427991821289064,0.87,0.82,0.84
QQQ,2026-09-04,2026-09-18,P,674.0,633,27,0.2518385363769531,0.89,0.85,0.87
QQQ,2026-09-04,2026-09-18,P,675.0,19100,249,0.2493971545410156,0.87,0.89,0.9
QQQ,2026-09-04,2026-09-18,P,676.0,2533,43,0.24793232543945312,0.9,0.93,0.95
QQQ,2026-09-04,2026-09-18,P,677.0,895,15,0.24463645996093752,0.93,0.96,0.97
QQQ,2026-09-04,2026-09-18,P,678.0,1683,28,0.24243921630859372,1.01,0.99,1.01
QQQ,2026-09-04,2026-09-18,P,679.0,4757,20,0.24066921447753903,1.09,1.03,1.06
QQQ,2026-09-04,2026-09-18,P,680.0,37914,724,0.23822783264160152,1.07,1.08,1.1
QQQ,2026-09-04,2026-09-18,P,681.0,1099,97,0.2362136926269531,1.17,1.13,1.15
QQQ,2026-09-04,2026-09-18,P,682.0,19140,125,0.23352817260742187,1.23,1.17,1.19
QQQ,2026-09-04,2026-09-18,P,683.0,1716,68,0.2312698944091797,1.21,1.22,1.24
QQQ,2026-09-04,2026-09-18,P,684.0,4088,399,0.22888954711914064,1.26,1.27,1.29
QQQ,2026-09-04,2026-09-18,P,685.0,74393,543,0.22730264892578123,1.32,1.33,1.36
QQQ,2026-09-04,2026-09-18,P,686.0,15971,181,0.22510540527343748,1.47,1.39,1.42
QQQ,2026-09-04,2026-09-18,P,687.0,1810,71,0.22229781616210934,1.54,1.46,1.47
QQQ,2026-09-04,2026-09-18,P,688.0,1989,216,0.22028367614746092,1.49,1.52,1.54
QQQ,2026-09-04,2026-09-18,P,689.0,1174,316,0.21851367431640623,1.6,1.6,1.62
QQQ,2026-09-04,2026-09-18,P,690.0,42248,1091,0.21656056884765623,1.66,1.68,1.7
QQQ,2026-09-04,2026-09-18,P,691.0,1247,42,0.21479056701660154,1.7,1.76,1.79
QQQ,2026-09-04,2026-09-18,P,692.0,1180,374,0.21289849609375,1.95,1.84,1.88
QQQ,2026-09-04,2026-09-18,P,693.0,7036,103,0.21076228698730468,2.07,1.93,1.97
QQQ,2026-09-04,2026-09-18,P,694.0,960,290,0.20850400878906244,2.03,2.03,2.06
QQQ,2026-09-04,2026-09-18,P,695.0,27208,488,0.20606262695312497,2.09,2.13,2.15
QQQ,2026-09-04,2026-09-18,P,696.0,943,95,0.20471986694335934,2.19,2.24,2.28
QQQ,2026-09-04,2026-09-18,P,697.0,1713,141,0.202583657836914,2.33,2.35,2.39
QQQ,2026-09-04,2026-09-18,P,698.0,1895,236,0.20081365600585935,2.42,2.48,2.52
QQQ,2026-09-04,2026-09-18,P,699.0,634,218,0.19916572326660154,2.62,2.62,2.66
QQQ,2026-09-04,2026-09-18,P,700.0,100795,3235,0.19641916870117188,2.77,2.75,2.77
QQQ,2026-09-04,2026-09-18,P,701.0,666,127,0.19547313323974608,2.94,2.91,2.95
QQQ,2026-09-04,2026-09-18,P,702.0,993,532,0.1928791650390625,3.08,3.05,3.08
QQQ,2026-09-04,2026-09-18,P,703.0,1014,175,0.19165847412109377,3.36,3.23,3.27
QQQ,2026-09-04,2026-09-18,P,704.0,1354,244,0.18970536865234378,3.38,3.39,3.44
QQQ,2026-09-04,2026-09-18,P,705.0,25419,1151,0.18744709045410157,3.63,3.58,3.61
QQQ,2026-09-04,2026-09-18,P,706.0,1173,82,0.18573812316894528,3.68,3.77,3.81
QQQ,2026-09-04,2026-09-18,P,707.0,1428,173,0.18375450042724606,4.0,3.97,4.01
QQQ,2026-09-04,2026-09-18,P,708.0,1319,110,0.18293053405761717,4.2,4.21,4.27
QQQ,2026-09-04,2026-09-18,P,709.0,1287,113,0.18061122131347657,4.54,4.44,4.48
QQQ,2026-09-04,2026-09-18,P,710.0,33326,5801,0.17847501220703127,4.73,4.69,4.71
QQQ,2026-09-04,2026-09-18,P,711.0,3517,139,0.1769796658325195,4.88,4.94,4.98
QQQ,2026-09-04,2026-09-18,P,712.0,6851,173,0.17603363037109376,5.22,5.24,5.29
QQQ,2026-09-04,2026-09-18,P,713.0,2011,304,0.17408052490234377,5.59,5.51,5.57
QQQ,2026-09-04,2026-09-18,P,714.0,1229,90,0.1724936267089844,6.2,5.82,5.88
QQQ,2026-09-04,2026-09-18,P,715.0,17239,1655,0.16968603759765627,6.16,6.12,6.15
QQQ,2026-09-04,2026-09-18,P,716.0,786,226,0.16864845031738285,6.55,6.46,6.52
QQQ,2026-09-04,2026-09-18,P,717.0,1666,448,0.16724465576171876,6.85,6.82,6.89
QQQ,2026-09-04,2026-09-18,P,718.0,3767,476,0.16489482574462894,7.21,7.17,7.23
QQQ,2026-09-04,2026-09-18,P,719.0,1855,445,0.1641929284667969,7.78,7.6,7.67
QQQ,2026-09-04,2026-09-18,P,720.0,12449,2993,0.16227034027099607,8.01,8.01,8.07
QQQ,2026-09-04,2026-09-18,P,721.0,846,566,0.16037826934814453,8.46,8.41,8.49
QQQ,2026-09-04,2026-09-18,P,722.0,800,171,0.15827257751464846,9.02,8.84,8.92
QQQ,2026-09-04,2026-09-18,P,723.0,1188,283,0.15696033477783206,9.82,9.33,9.41
QQQ,2026-09-04,2026-09-18,P,724.0,1035,187,0.1543968838500977,10.59,9.77,9.86
QQQ,2026-09-04,2026-09-18,P,725.0,7948,787,0.15302360656738284,10.41,10.31,10.39
QQQ,2026-09-04,2026-09-18,P,726.0,722,251,0.15204705383300782,10.95,10.86,10.96
QQQ,2026-09-04,2026-09-18,P,727.0,840,95,0.14954463745117189,11.75,11.39,11.48
QQQ,2026-09-04,2026-09-18,P,728.0,312,4,0.14783567016601565,12.69,11.97,12.06
QQQ,2026-09-04,2026-09-18,P,729.0,333,44,0.14582153015136717,13.38,12.56,12.65
QQQ,2026-09-04,2026-09-18,P,730.0,9631,512,0.14417359741210936,13.31,13.18,13.28
QQQ,2026-09-04,2026-09-18,P,731.0,421,13,0.1419763537597656,13.97,13.8,13.91
QQQ,2026-09-04,2026-09-18,P,732.0,469,4,0.1401453173828125,14.89,14.48,14.58
QQQ,2026-09-04,2026-09-18,P,733.0,677,2,0.1403284210205078,17.5,15.07,15.35
QQQ,2026-09-04,2026-09-18,P,734.0,493,1,0.18360191406249998,17.04,15.78,17.85
QQQ,2026-09-04,2026-09-18,P,735.0,5795,2,0.1355066918945313,17.5,16.51,16.76
QQQ,2026-09-04,2026-09-18,P,736.0,196,12,0.18305260314941402,20.25,17.23,19.32
QQQ,2026-09-04,2026-09-18,P,737.0,152,16,0.18317467224121092,20.53,18.09,20.09
QQQ,2026-09-04,2026-09-18,P,738.0,44,10,0.13019668640136717,21.5,18.83,19.11
QQQ,2026-09-04,2026-09-18,P,739.0,60,4,0.18366294860839844,24.31,19.67,21.68
QQQ,2026-09-04,2026-09-18,P,740.0,4687,29,0.12488668090820312,21.78,20.4,20.74
QQQ,2026-09-04,2026-09-18,P,741.0,80,2,0.18494467407226559,32.36,21.21,23.34
QQQ,2026-09-04,2026-09-18,P,742.0,170,90,0.11438873901367189,25.24,22.04,22.37
QQQ,2026-09-04,2026-09-18,P,743.0,33,6,0.11707425903320312,24.02,22.89,23.35
QQQ,2026-09-04,2026-09-18,P,744.0,1004,3,0.1887898504638672,33.0,23.83,25.96
QQQ,2026-09-04,2026-09-18,P,745.0,3289,41,0.10181562255859375,25.64,24.76,25.09
QQQ,2026-09-04,2026-09-18,P,746.0,8,8,0.19232985412597658,27.0,25.37,27.77
QQQ,2026-09-04,2026-09-18,P,747.0,0,1,0.194343994140625,28.51,26.28,28.69
QQQ,2026-09-04,2026-09-18,P,748.0,0,4,0.19654123779296873,25.81,27.22,29.62
QQQ,2026-09-04,2026-09-18,P,749.0,0,2,0.19934882690429687,35.43,28.16,30.57
QQQ,2026-09-04,2026-09-18,P,750.0,133,21,0.20209538146972655,32.6,29.11,31.52
QQQ,2026-09-04,2026-09-18,P,751.0,0,0,0.20508607421874997,28.7,30.15,32.48
QQQ,2026-09-04,2026-09-18,P,752.0,0,10,0.208442974243164,42.54,31.22,33.45
QQQ,2026-09-04,2026-09-18,P,753.0,0,0,0.21210504699707028,28.23,32.01,34.43
QQQ,2026-09-04,2026-09-18,P,754.0,0,10,0.2157060852050781,41.94,33.3,35.41
QQQ,2026-09-04,2026-09-18,P,755.0,0,1,0.20581848876953124,38.59,34.29,36.09
QQQ,2026-09-04,2026-09-18,P,756.0,0,8,0.22321333435058593,40.82,35.15,37.38
QQQ,2026-09-04,2026-09-18,P,757.0,0,2,0.21900195068359374,36.73,34.92,38.19
QQQ,2026-09-04,2026-09-18,P,758.0,0,0,0.23230748168945312,42.3,35.9,39.39
QQQ,2026-09-04,2026-09-18,P,759.0,0,2,0.23657989990234374,51.29,36.9,40.39
QQQ,2026-09-04,2026-09-18,P,760.0,30,45,0.24085231811523436,40.45,37.9,41.39
QQQ,2026-09-04,2026-09-18,P,765.0,1,1,0.2618482019042969,35.34,42.9,46.39
QQQ,2026-09-04,2026-09-18,P,770.0,0,1,0.2823558093261719,50.73,47.9,51.39
QQQ,2026-09-04,2026-09-18,P,775.0,0,3,0.3023751403808594,61.06,52.9,56.39
QQQ,2026-09-04,2026-09-18,P,780.0,1,34,0.3219061950683593,59.85,57.9,61.39
QQQ,2026-09-04,2026-09-18,P,785.0,0,1,0.34058276611328125,60.76,62.9,66.38
QQQ,2026-09-04,2026-09-18,P,790.0,1,1,0.35999175170898434,74.0,67.9,71.39
QQQ,2026-09-04,2026-09-18,P,795.0,0,10,0.37854625366210937,80.0,72.9,76.39
QQQ,2026-09-04,2026-09-18,P,800.0,33,50,0.3967345483398438,80.45,77.9,81.39
QQQ,2026-09-04,2026-09-18,P,805.0,0,1,0.4146787048339844,97.62,82.9,86.39
QQQ,2026-09-04,2026-09-18,P,810.0,0,3,0.43237872314453124,98.65,87.9,91.39
QQQ,2026-09-04,2026-09-18,P,815.0,0,20,0.4489801196289062,105.56,92.9,96.38
QQQ,2026-09-04,2026-09-18,P,820.0,0,24,0.46680220703125,95.27,97.9,101.39
QQQ,2026-09-04,2026-09-18,P,825.0,0,1,0.48376981079101566,93.0,102.9,106.39
QQQ,2026-09-04,2026-09-18,P,830.0,0,5,0.9440923559570311,123.0,122.4,124.48
QQQ,2026-09-04,2026-09-18,P,835.0,0,49,1.2641943528747557,99.7,138.33,142.14
QQQ,2026-09-04,2026-09-18,P,840.0,0,2,0.53320779296875,118.3,117.9,121.39
QQQ,2026-09-04,2026-09-18,P,845.0,0,20,0.5656781713867188,155.74,124.78,128.45
QQQ,2026-09-04,2026-09-18,P,850.0,0,1,0.5651898950195313,130.79,127.9,131.39
QQQ,2026-09-04,2026-09-18,P,855.0,0,4,0.5979044116210939,167.26,134.78,138.45
QQQ,2026-09-04,2026-09-18,P,860.0,0,0,1.4080840142822266,122.7,165.08,167.14
QQQ,2026-09-04,2026-09-18,P,865.0,0,4,0.6293982373046876,175.12,144.78,148.45
QQQ,2026-09-04,2026-09-18,P,870.0,0,0,1.4533108389282225,154.12,174.93,177.14
QQQ,2026-09-04,2026-09-18,P,885.0,0,12,0.6762727685546877,195.9,164.44,168.45
QQQ,2026-09-04,2026-09-18,P,890.0,0,0,0.6909210595703126,202.3,169.44,173.45
QQQ,2026-09-04,2026-09-18,P,895.0,0,0,0.7055693505859376,206.3,174.44,178.45
QQQ,2026-09-04,2026-09-18,P,900.0,0,8,0.7198514343261719,210.49,179.44,183.45
QQQ,2026-09-04,2026-09-18,P,915.0,0,0,0.7622094091796876,226.41,194.44,198.45
QQQ,2026-09-04,2026-09-18,P,930.0,0,0,0.8112811840820311,240.6,209.44,213.62
QQQ,2026-09-04,2026-09-18,P,935.0,0,0,0.8167742932128905,245.85,214.44,218.45
QQQ,2026-09-04,2026-09-18,P,940.0,0,0,0.8315446533203124,251.1,219.44,223.48
QQQ,2026-09-04,2026-09-18,P,950.0,0,6,1.7916880532836914,210.99,254.91,257.14
QQQ,2026-09-04,2026-09-18,P,955.0,0,0,0.8710950390625,266.38,234.44,238.48
QQQ,2026-09-04,2026-09-18,P,965.0,0,0,0.8952647192382811,276.09,244.44,248.45
QQQ,2026-09-04,2026-09-18,P,980.0,0,0,0.9331061376953125,291.41,259.44,263.45
QQQ,2026-09-04,2026-09-18,P,1010.0,0,1,1.627260164489746,296.75,302.4,304.48
QQQ,2026-09-04,2026-09-18,P,1015.0,0,0,1.0354052136230472,326.43,294.44,298.77
QQQ,2026-09-04,2026-09-18,P,1025.0,0,0,1.059086735839844,335.2,304.44,308.77
QQQ,2026-09-04,2026-09-18,P,1045.0,0,0,1.1054732226562503,357.08,324.44,328.77
QQQ,2026-09-04,2026-09-18,P,1055.0,0,0,1.1284223266601563,365.7,334.44,338.77
QQQ,2026-09-04,2026-09-18,P,1080.0,0,0,1.1879923413085938,390.8,359.51,363.77
QQQ,2026-09-04,2026-09-18,P,1085.0,0,0,1.1948282446289062,396.49,364.44,368.77
QQQ,2026-09-04,2026-09-18,P,1100.0,0,0,1.2270546459960938,410.54,379.44,383.77
QQQ,2026-09-04,2026-09-25,C,500.0,6,1,0.78711150390625,218.41,219.18,222.31
QQQ,2026-09-04,2026-09-25,C,535.0,10,0,0.6701693139648439,178.56,184.26,187.41
QQQ,2026-09-04,2026-09-25,C,540.0,10,0,0.6533237792968751,173.55,179.27,182.42
QQQ,2026-09-04,2026-09-25,C,565.0,1,1,0.5898478515625001,144.08,154.35,157.83
QQQ,2026-09-04,2026-09-25,C,570.0,1,0,0.5737347314453125,150.21,149.37,152.85
QQQ,2026-09-04,2026-09-25,C,575.0,5,1,0.5573774731445313,143.71,144.39,147.87
QQQ,2026-09-04,2026-09-25,C,580.0,13,3,0.5396774548339844,138.78,139.41,142.86
QQQ,2026-09-04,2026-09-25,C,590.0,4,1,0.5091601818847658,128.78,129.46,132.94
QQQ,2026-09-04,2026-09-25,C,595.0,3,0,0.5975382043457032,118.1,124.49,127.97
QQQ,2026-09-04,2026-09-25,C,605.0,16,1,0.5590864404296876,104.64,114.55,118.03
QQQ,2026-09-04,2026-09-25,C,610.0,3,1,0.5402267657470705,106.79,109.61,113.07
QQQ,2026-09-04,2026-09-25,C,615.0,15,2,0.5076953527832031,103.91,104.62,107.8
QQQ,2026-09-04,2026-09-25,C,620.0,12,2,0.5023853472900393,99.06,99.67,103.15
QQQ,2026-09-04,2026-09-25,C,625.0,7,3,0.48376981079101566,96.97,94.74,98.2
QQQ,2026-09-04,2026-09-25,C,630.0,29,23,0.46497117065429694,91.79,89.77,93.25
QQQ,2026-09-04,2026-09-25,C,635.0,4,2,0.44043528320312497,75.77,84.84,88.15
QQQ,2026-09-04,2026-09-25,C,640.0,22,5,0.42853354675292965,81.03,79.93,83.39
QQQ,2026-09-04,2026-09-25,C,645.0,5,4,0.41071145935058595,72.24,75.0,78.48
QQQ,2026-09-04,2026-09-25,C,650.0,220,1,0.39288937194824214,71.6,70.11,73.58
QQQ,2026-09-04,2026-09-25,C,655.0,13,1,0.3753724572753906,57.46,65.23,68.7
QQQ,2026-09-04,2026-09-25,C,660.0,227,3,0.3580386462402344,54.7,60.37,63.84
QQQ,2026-09-04,2026-09-25,C,665.0,4,1,0.341376215209961,51.45,55.55,59.02
QQQ,2026-09-04,2026-09-25,C,667.0,5,0,0.3350286224365234,45.61,53.64,57.11
QQQ,2026-09-04,2026-09-25,C,668.0,1,1,0.3316717224121094,52.05,54.17,56.15
QQQ,2026-09-04,2026-09-25,C,669.0,1,0,0.32855896057128897,42.36,51.73,55.2
QQQ,2026-09-04,2026-09-25,C,670.0,49,3,0.3254461987304687,50.3,52.27,54.25
QQQ,2026-09-04,2026-09-25,C,671.0,2,2,0.32227240234374993,40.72,49.82,53.3
QQQ,2026-09-04,2026-09-25,C,672.0,3,2,0.31903757141113276,39.9,48.87,52.35
QQQ,2026-09-04,2026-09-25,C,673.0,7,1,0.31604687866210934,47.24,47.98,51.41
QQQ,2026-09-04,2026-09-25,C,674.0,3,2,0.3127510131835937,38.16,46.98,50.46
QQQ,2026-09-04,2026-09-25,C,675.0,56,1,0.3096992858886719,36.96,46.04,49.52
QQQ,2026-09-04,2026-09-25,C,676.0,2,2,0.3068306622314453,36.43,46.74,48.59
QQQ,2026-09-04,2026-09-25,C,677.0,1,1,0.3036568658447265,43.26,44.17,47.65
QQQ,2026-09-04,2026-09-25,C,678.0,38,0,0.30072720764160155,36.33,43.24,46.72
QQQ,2026-09-04,2026-09-25,C,679.0,1,0,0.2979196185302734,33.85,42.31,45.8
QQQ,2026-09-04,2026-09-25,C,680.0,40,1,0.26059699371337885,40.71,42.9,43.49
QQQ,2026-09-04,2026-09-25,C,682.0,4,1,0.28910012664794915,41.55,39.54,43.03
QQQ,2026-09-04,2026-09-25,C,683.0,14,3,0.28635357208251955,38.55,40.16,42.12
QQQ,2026-09-04,2026-09-25,C,684.0,2,1,0.2835459829711914,44.67,37.72,41.21
QQQ,2026-09-04,2026-09-25,C,685.0,48,3,0.24933611999511718,37.1,38.49,38.94
QQQ,2026-09-04,2026-09-25,C,686.0,7,1,0.2779613220214844,35.66,37.47,39.4
QQQ,2026-09-04,2026-09-25,C,687.0,22,1,0.27539787109374997,34.82,35.08,38.51
QQQ,2026-09-04,2026-09-25,C,688.0,6,5,0.2727733856201171,33.7,34.12,37.62
QQQ,2026-09-04,2026-09-25,C,689.0,7,7,0.2700573483276367,26.25,33.3,36.73
QQQ,2026-09-04,2026-09-25,C,690.0,40,2,0.2664563101196289,34.1,32.42,35.8
QQQ,2026-09-04,2026-09-25,C,691.0,7,1,0.26483889465332033,31.0,31.54,34.97
QQQ,2026-09-04,2026-09-25,C,692.0,8,1,0.26233647827148443,28.13,32.19,34.1
QQQ,2026-09-04,2026-09-25,C,693.0,4,2,0.2599256137084961,30.16,29.73,33.24
QQQ,2026-09-04,2026-09-25,C,694.0,3,3,0.2550733673095704,22.59,28.87,32.26
QQQ,2026-09-04,2026-09-25,C,695.0,121,1,0.2274247180175781,27.19,29.74,30.14
QQQ,2026-09-04,2026-09-25,C,696.0,11,1,0.22473919799804684,27.56,28.77,29.26
QQQ,2026-09-04,2026-09-25,C,697.0,50,2,0.22333540344238278,26.54,28.06,28.45
QQQ,2026-09-04,2026-09-25,C,698.0,15,3,0.2210466079711914,27.28,27.1,27.6
QQQ,2026-09-04,2026-09-25,C,699.0,7,96,0.21939867523193357,26.18,26.41,26.79
QQQ,2026-09-04,2026-09-25,C,700.0,153,12,0.21704884521484374,23.02,25.46,25.95
QQQ,2026-09-04,2026-09-25,C,701.0,8,1,0.2155229815673828,23.53,24.93,25.16
QQQ,2026-09-04,2026-09-25,C,702.0,43,1,0.2136614279174805,24.9,23.98,24.36
QQQ,2026-09-04,2026-09-25,C,703.0,144,1,0.21167780517578122,22.24,23.19,23.56
QQQ,2026-09-04,2026-09-25,C,704.0,92,203,0.20990780334472653,21.93,22.41,22.78
QQQ,2026-09-04,2026-09-25,C,705.0,150,5,0.20731383514404295,21.65,21.51,21.96
QQQ,2026-09-04,2026-09-25,C,706.0,54,8,0.2063067651367187,19.39,20.88,21.24
QQQ,2026-09-04,2026-09-25,C,707.0,436,103,0.20447572875976558,19.5,20.12,20.48
QQQ,2026-09-04,2026-09-25,C,708.0,356,3,0.20215641601562498,19.45,19.35,19.7
QQQ,2026-09-04,2026-09-25,C,709.0,278,18,0.20032537963867186,17.08,18.63,18.96
QQQ,2026-09-04,2026-09-25,C,710.0,678,50,0.19904365417480469,17.97,18.12,18.26
QQQ,2026-09-04,2026-09-25,C,711.0,608,12,0.19657175506591795,16.48,17.36,17.5
QQQ,2026-09-04,2026-09-25,C,712.0,208,3,0.19525951232910155,15.72,16.67,16.82
QQQ,2026-09-04,2026-09-25,C,713.0,251,2,0.19358106231689454,14.97,15.99,16.13
QQQ,2026-09-04,2026-09-25,C,714.0,324,66,0.19190261230468753,15.26,15.31,15.45
QQQ,2026-09-04,2026-09-25,C,715.0,2140,266,0.1900715759277344,14.62,14.67,14.77
QQQ,2026-09-04,2026-09-25,C,716.0,207,38,0.18912554046630858,12.6,14.02,14.16
QQQ,2026-09-04,2026-09-25,C,717.0,338,167,0.18689777954101564,13.3,13.35,13.48
QQQ,2026-09-04,2026-09-25,C,718.0,293,201,0.1854024331665039,12.14,12.75,12.86
QQQ,2026-09-04,2026-09-25,C,719.0,1744,292,0.18341881042480468,12.04,12.13,12.22
QQQ,2026-09-04,2026-09-25,C,720.0,1499,538,0.18134363586425778,11.5,11.52,11.59
QQQ,2026-09-04,2026-09-25,C,721.0,593,43,0.18033656585693358,10.82,10.95,11.04
QQQ,2026-09-04,2026-09-25,C,722.0,428,97,0.17816983947753906,10.28,10.35,10.43
QQQ,2026-09-04,2026-09-25,C,723.0,461,28,0.17688811401367188,9.74,9.81,9.89
QQQ,2026-09-04,2026-09-25,C,724.0,301,58,0.17646087219238282,9.33,9.32,9.42
QQQ,2026-09-04,2026-09-25,C,725.0,1262,504,0.17520966400146482,8.86,8.83,8.91
QQQ,2026-09-04,2026-09-25,C,726.0,161,294,0.17368380035400394,7.81,8.32,8.4
QQQ,2026-09-04,2026-09-25,C,727.0,153,67,0.17307345489501952,7.64,7.86,7.96
QQQ,2026-09-04,2026-09-25,C,728.0,134,54,0.17173069488525394,7.23,7.4,7.49
QQQ,2026-09-04,2026-09-25,C,729.0,283,107,0.17011327941894533,6.45,6.94,7.02
QQQ,2026-09-04,2026-09-25,C,730.0,1418,301,0.1690756921386719,6.57,6.52,6.6
QQQ,2026-09-04,2026-09-25,C,731.0,447,99,0.1679465530395508,6.1,6.11,6.19
QQQ,2026-09-04,2026-09-25,C,732.0,309,21,0.166573275756836,5.7,5.72,5.78
QQQ,2026-09-04,2026-09-25,C,733.0,702,45,0.16577982666015628,4.98,5.35,5.42
QQQ,2026-09-04,2026-09-25,C,734.0,873,11,0.16492534301757814,4.9,5.0,5.07
QQQ,2026-09-04,2026-09-25,C,735.0,793,102,0.1632163757324219,4.57,4.63,4.69
QQQ,2026-09-04,2026-09-25,C,736.0,305,29,0.16291120300292972,4.02,4.33,4.4
QQQ,2026-09-04,2026-09-25,C,737.0,449,27,0.16196516754150392,3.66,4.03,4.09
QQQ,2026-09-04,2026-09-25,C,738.0,541,162,0.1609275802612305,3.77,3.74,3.79
QQQ,2026-09-04,2026-09-25,C,739.0,960,81,0.16019516571044923,3.15,3.46,3.52
QQQ,2026-09-04,2026-09-25,C,740.0,1608,178,0.1594017166137695,3.15,3.21,3.26
QQQ,2026-09-04,2026-09-25,C,741.0,284,12,0.15894395751953128,2.66,2.96,3.03
QQQ,2026-09-04,2026-09-25,C,742.0,328,28,0.15821154296875,2.61,2.74,2.8
QQQ,2026-09-04,2026-09-25,C,743.0,566,160,0.15747912841796874,2.28,2.53,2.58
QQQ,2026-09-04,2026-09-25,C,744.0,326,15,0.1568687829589844,2.24,2.32,2.38
QQQ,2026-09-04,2026-09-25,C,745.0,1859,111,0.1559532647705078,2.11,2.14,2.18
QQQ,2026-09-04,2026-09-25,C,746.0,483,15,0.15555654022216797,1.98,1.97,2.01
QQQ,2026-09-04,2026-09-25,C,747.0,281,16,0.15485464294433599,1.82,1.79,1.84
QQQ,2026-09-04,2026-09-25,C,748.0,408,17,0.15467153930664065,1.51,1.65,1.7
QQQ,2026-09-04,2026-09-25,C,749.0,216,6,0.15430533203125002,1.5,1.52,1.56
QQQ,2026-09-04,2026-09-25,C,750.0,1639,666,0.15387809020996096,1.41,1.39,1.43
QQQ,2026-09-04,2026-09-25,C,751.0,316,8,0.15320671020507814,1.28,1.26,1.3
QQQ,2026-09-04,2026-09-25,C,752.0,77,54,0.152901537475586,1.25,1.16,1.19
QQQ,2026-09-04,2026-09-25,C,753.0,222,2,0.15271843383789066,0.96,1.06,1.09
QQQ,2026-09-04,2026-09-25,C,754.0,97,3,0.15259636474609378,0.97,0.97,1.0
QQQ,2026-09-04,2026-09-25,C,755.0,1227,129,0.15265739929199224,0.87,0.89,0.92
QQQ,2026-09-04,2026-09-25,C,756.0,531,115,0.1524742956542969,0.82,0.81,0.84
QQQ,2026-09-04,2026-09-25,C,757.0,459,6,0.1524742956542969,0.75,0.74,0.77
QQQ,2026-09-04,2026-09-25,C,758.0,281,2,0.15223015747070315,0.64,0.68,0.7
QQQ,2026-09-04,2026-09-25,C,759.0,411,11,0.15223015747070315,0.57,0.62,0.64
QQQ,2026-09-04,2026-09-25,C,760.0,947,40,0.1524742956542969,0.51,0.56,0.59
QQQ,2026-09-04,2026-09-25,C,765.0,414,71,0.15332877929687502,0.35,0.36,0.38
QQQ,2026-09-04,2026-09-25,C,770.0,2183,12,0.1550377465820313,0.23,0.23,0.25
QQQ,2026-09-04,2026-09-25,C,775.0,349,8,0.1577232666015625,0.16,0.15,0.17
QQQ,2026-09-04,2026-09-25,C,780.0,966,4,0.16138533935546873,0.11,0.09,0.12
QQQ,2026-09-04,2026-09-25,C,785.0,255,28,0.16358258300781253,0.08,0.06,0.08
QQQ,2026-09-04,2026-09-25,C,790.0,216,2,0.16846534667968754,0.06,0.05,0.06
QQQ,2026-09-04,2026-09-25,C,795.0,229,525,0.174812939453125,0.03,0.02,0.05
QQQ,2026-09-04,2026-09-25,C,800.0,510,975,0.179695703125,0.03,0.02,0.04
QQQ,2026-09-04,2026-09-25,C,805.0,211,160,0.18946123046875002,0.02,0.01,0.04
QQQ,2026-09-04,2026-09-25,C,810.0,234,171,0.19336744140625,0.01,0.01,0.03
QQQ,2026-09-04,2026-09-25,C,815.0,268,10,0.20215641601562498,0.03,0.01,0.03
QQQ,2026-09-04,2026-09-25,C,820.0,287,3,0.21094539062499998,0.03,0.0,0.03
QQQ,2026-09-04,2026-09-25,C,825.0,177,50,0.21973436523437498,0.04,0.0,0.03
QQQ,2026-09-04,2026-09-25,C,830.0,75,1,0.22852333984375,0.02,0.0,0.03
QQQ,2026-09-04,2026-09-25,C,835.0,21,10,0.2148516015625,0.04,0.0,0.01
QQQ,2026-09-04,2026-09-25,C,840.0,20,8,0.2461012890625,0.04,0.0,0.03
QQQ,2026-09-04,2026-09-25,C,845.0,22,1,0.2461012890625,0.03,0.0,0.02
QQQ,2026-09-04,2026-09-25,C,850.0,60,3,0.25391371093750004,0.01,0.0,0.02
QQQ,2026-09-04,2026-09-25,C,860.0,20,1,0.2695385546875,0.01,0.0,0.02
QQQ,2026-09-04,2026-09-25,C,870.0,27,3,0.28516339843749994,0.01,0.0,0.02
QQQ,2026-09-04,2026-09-25,C,880.0,49,6,0.28516339843749994,0.02,0.0,0.01
QQQ,2026-09-04,2026-09-25,C,885.0,1,1,0.3086006640625,0.05,0.0,0.02
QQQ,2026-09-04,2026-09-25,C,890.0,2,1,0.31641308593749995,0.02,0.0,0.02
QQQ,2026-09-04,2026-09-25,C,895.0,1,0,0.3242255078124999,0.13,0.0,0.02
QQQ,2026-09-04,2026-09-25,C,900.0,3,1,0.3320379296875,0.01,0.0,0.02
QQQ,2026-09-04,2026-09-25,C,905.0,1,0,0.3398503515625,0.11,0.0,0.02
QQQ,2026-09-04,2026-09-25,C,910.0,0,2,0.34570966796874997,0.02,0.0,0.02
QQQ,2026-09-04,2026-09-25,C,915.0,1,0,0.35352208984374994,0.05,0.0,0.02
QQQ,2026-09-04,2026-09-25,C,920.0,1,0,0.35938140625,0.05,0.0,0.02
QQQ,2026-09-04,2026-09-25,C,925.0,0,0,0.367193828125,0.06,0.0,0.02
QQQ,2026-09-04,2026-09-25,C,930.0,0,0,0.37500625,0.05,0.0,0.02
QQQ,2026-09-04,2026-09-25,P,450.0,1223,2,0.6992217578125001,0.04,0.02,0.04
QQQ,2026-09-04,2026-09-25,P,455.0,59,400,0.6914093359375001,0.04,0.02,0.05
QQQ,2026-09-04,2026-09-25,P,460.0,43,160,0.6757844921875001,0.04,0.02,0.05
QQQ,2026-09-04,2026-09-25,P,465.0,66,20,0.6757844921875001,0.11,0.03,0.06
QQQ,2026-09-04,2026-09-25,P,470.0,50,160,0.6601596484375001,0.04,0.03,0.06
QQQ,2026-09-04,2026-09-25,P,475.0,114,3,0.6523472265625001,0.04,0.04,0.06
QQQ,2026-09-04,2026-09-25,P,480.0,129,49,0.6367223828125,0.06,0.04,0.06
QQQ,2026-09-04,2026-09-25,P,485.0,51,560,0.6269568554687501,0.05,0.04,0.07
QQQ,2026-09-04,2026-09-25,P,490.0,195,67,0.6171913281250001,0.08,0.05,0.07
QQQ,2026-09-04,2026-09-25,P,495.0,265,400,0.6015664843750002,0.06,0.05,0.07
QQQ,2026-09-04,2026-09-25,P,500.0,114,22,0.5918009570312501,0.05,0.05,0.08
QQQ,2026-09-04,2026-09-25,P,505.0,164,70,0.5810588769531251,0.11,0.06,0.08
QQQ,2026-09-04,2026-09-25,P,510.0,16,6,0.570316796875,0.06,0.06,0.09
QQQ,2026-09-04,2026-09-25,P,515.0,88,53,0.5585981640625001,0.07,0.07,0.09
QQQ,2026-09-04,2026-09-25,P,520.0,295,4,0.543949873046875,0.09,0.07,0.09
QQQ,2026-09-04,2026-09-25,P,525.0,37,3,0.5361374511718751,0.08,0.08,0.1
QQQ,2026-09-04,2026-09-25,P,530.0,99,3,0.524418818359375,0.11,0.08,0.11
QQQ,2026-09-04,2026-09-25,P,535.0,322,5,0.5127001855468749,0.09,0.09,0.11
QQQ,2026-09-04,2026-09-25,P,540.0,360,8,0.5029346582031251,0.21,0.1,0.12
QQQ,2026-09-04,2026-09-25,P,545.0,52,2,0.4975636181640626,0.23,0.11,0.13
QQQ,2026-09-04,2026-09-25,P,550.0,383,11,0.48730981445312505,0.14,0.12,0.14
QQQ,2026-09-04,2026-09-25,P,555.0,63,10,0.4760794580078125,0.17,0.13,0.15
QQQ,2026-09-04,2026-09-25,P,560.0,548,5,0.46484910156250003,0.18,0.14,0.16
QQQ,2026-09-04,2026-09-25,P,565.0,619,1,0.45654840332031255,0.2,0.15,0.18
QQQ,2026-09-04,2026-09-25,P,570.0,1133,27,0.44434149414062496,0.19,0.17,0.19
QQQ,2026-09-04,2026-09-25,P,575.0,245,4,0.43506424316406256,0.21,0.18,0.21
QQQ,2026-09-04,2026-09-25,P,580.0,172,5,0.42529871582031253,0.23,0.2,0.23
QQQ,2026-09-04,2026-09-25,P,585.0,1182,2,0.41260353027343744,0.3,0.22,0.24
QQQ,2026-09-04,2026-09-25,P,590.0,461,3,0.40405869384765625,0.3,0.24,0.27
QQQ,2026-09-04,2026-09-25,P,595.0,1034,6,0.3930724755859375,0.34,0.27,0.29
QQQ,2026-09-04,2026-09-25,P,600.0,687,52,0.3813538427734374,0.32,0.29,0.31
QQQ,2026-09-04,2026-09-25,P,605.0,532,171,0.37280900634765624,0.41,0.32,0.35
QQQ,2026-09-04,2026-09-25,P,610.0,565,3,0.3618227880859375,0.38,0.36,0.38
QQQ,2026-09-04,2026-09-25,P,615.0,372,102,0.3505924316406249,0.4,0.39,0.41
QQQ,2026-09-04,2026-09-25,P,620.0,926,121,0.34009448974609374,0.42,0.43,0.45
QQQ,2026-09-04,2026-09-25,P,625.0,348,217,0.33008482421874996,0.51,0.47,0.5
QQQ,2026-09-04,2026-09-25,P,630.0,845,302,0.3193427441406249,0.53,0.53,0.55
QQQ,2026-09-04,2026-09-25,P,635.0,1335,31,0.30884480224609373,0.61,0.59,0.61
QQQ,2026-09-04,2026-09-25,P,640.0,1426,45,0.2985909985351562,0.68,0.66,0.68
QQQ,2026-09-04,2026-09-25,P,645.0,1301,51,0.2882151257324218,0.74,0.75,0.76
QQQ,2026-09-04,2026-09-25,P,650.0,1105,186,0.278327529296875,0.86,0.84,0.86
QQQ,2026-09-04,2026-09-25,P,655.0,1581,79,0.26856200195312496,0.97,0.96,0.98
QQQ,2026-09-04,2026-09-25,P,660.0,2287,331,0.25928475097656256,1.13,1.11,1.13
QQQ,2026-09-04,2026-09-25,P,665.0,56521,156,0.2500075,1.28,1.3,1.31
QQQ,2026-09-04,2026-09-25,P,667.0,174,21,0.24658956542968752,1.46,1.37,1.4
QQQ,2026-09-04,2026-09-25,P,668.0,214,19,0.24463645996093752,1.6,1.42,1.44
QQQ,2026-09-04,2026-09-25,P,669.0,110,107,0.24298852722167968,1.52,1.46,1.49
QQQ,2026-09-04,2026-09-25,P,670.0,2345,243,0.24127955993652345,1.53,1.51,1.54
QQQ,2026-09-04,2026-09-25,P,671.0,172,11,0.23987576538085933,1.6,1.56,1.6
QQQ,2026-09-04,2026-09-25,P,672.0,139,23,0.23798369445800777,1.72,1.61,1.65
QQQ,2026-09-04,2026-09-25,P,673.0,90,1,0.23639679626464843,2.09,1.67,1.71
QQQ,2026-09-04,2026-09-25,P,674.0,174,20,0.23401644897460935,1.75,1.72,1.75
QQQ,2026-09-04,2026-09-25,P,675.0,1709,100,0.23267368896484375,1.8,1.79,1.82
QQQ,2026-09-04,2026-09-25,P,676.0,85,75,0.23114782531738282,1.87,1.85,1.89
QQQ,2026-09-04,2026-09-25,P,677.0,229,15,0.22925575439453127,1.94,1.92,1.95
QQQ,2026-09-04,2026-09-25,P,678.0,495,9,0.22760782165527343,2.02,1.98,2.02
QQQ,2026-09-04,2026-09-25,P,679.0,132,2,0.22583781982421874,2.56,2.06,2.09
QQQ,2026-09-04,2026-09-25,P,680.0,2106,227,0.22431195617675775,2.11,2.14,2.17
QQQ,2026-09-04,2026-09-25,P,681.0,138,11,0.22296919616699218,2.36,2.22,2.26
QQQ,2026-09-04,2026-09-25,P,682.0,333,27,0.22095505615234373,2.26,2.29,2.33
QQQ,2026-09-04,2026-09-25,P,683.0,169,12,0.21973436523437498,2.5,2.39,2.43
QQQ,2026-09-04,2026-09-25,P,684.0,165,8,0.21778125976562498,2.52,2.47,2.51
QQQ,2026-09-04,2026-09-25,P,685.0,1194,130,0.21631643066406248,2.68,2.57,2.61
QQQ,2026-09-04,2026-09-25,P,686.0,277,6,0.2150347052001953,2.73,2.67,2.72
QQQ,2026-09-04,2026-09-25,P,687.0,219,7,0.2130815997314453,2.79,2.77,2.81
QQQ,2026-09-04,2026-09-25,P,688.0,499,10,0.21155573608398434,3.39,2.87,2.92
QQQ,2026-09-04,2026-09-25,P,689.0,115,6,0.2098772860717773,3.0,2.99,3.03
QQQ,2026-09-04,2026-09-25,P,690.0,75519,206,0.20813780151367184,3.13,3.11,3.14
QQQ,2026-09-04,2026-09-25,P,691.0,136,21,0.20673400695800775,3.93,3.23,3.27
QQQ,2026-09-04,2026-09-25,P,692.0,92,4,0.20520814331054685,3.51,3.37,3.4
QQQ,2026-09-04,2026-09-25,P,693.0,1090,30,0.2039874523925781,3.5,3.49,3.55
QQQ,2026-09-04,2026-09-25,P,694.0,59,12,0.2022174505615234,3.83,3.64,3.68
QQQ,2026-09-04,2026-09-25,P,695.0,2247,64,0.20096624237060545,3.8,3.78,3.84
QQQ,2026-09-04,2026-09-25,P,696.0,164,15,0.19916572326660154,3.88,3.94,3.98
QQQ,2026-09-04,2026-09-25,P,697.0,96,12,0.19782296325683596,4.22,4.1,4.15
QQQ,2026-09-04,2026-09-25,P,698.0,183,19,0.19635813415527342,4.28,4.25,4.32
QQQ,2026-09-04,2026-09-25,P,699.0,107,13,0.19516796051025392,4.45,4.45,4.51
QQQ,2026-09-04,2026-09-25,P,700.0,4496,205,0.19361157958984376,4.66,4.64,4.69
QQQ,2026-09-04,2026-09-25,P,701.0,187,96,0.19229933685302736,5.14,4.83,4.89
QQQ,2026-09-04,2026-09-25,P,702.0,303,39,0.19080399047851562,5.13,5.02,5.09
QQQ,2026-09-04,2026-09-25,P,703.0,397,14,0.18936967864990234,5.44,5.24,5.3
QQQ,2026-09-04,2026-09-25,P,704.0,4077,18,0.18796588409423826,5.76,5.46,5.52
QQQ,2026-09-04,2026-09-25,P,705.0,2368,87,0.18619588226318357,5.7,5.67,5.73
QQQ,2026-09-04,2026-09-25,P,706.0,269,11,0.1848226049804687,5.93,5.91,5.97
QQQ,2026-09-04,2026-09-25,P,707.0,386,40,0.18378501770019529,6.17,6.17,6.24
QQQ,2026-09-04,2026-09-25,P,708.0,496,22,0.18186242950439452,6.39,6.41,6.47
QQQ,2026-09-04,2026-09-25,P,709.0,528,49,0.18097742858886717,6.67,6.69,6.77
QQQ,2026-09-04,2026-09-25,P,710.0,1970,261,0.17939053039550779,6.97,6.97,7.04
QQQ,2026-09-04,2026-09-25,P,711.0,469,12,0.17762052856445312,7.39,7.24,7.31
QQQ,2026-09-04,2026-09-25,P,712.0,350,35,0.17615569946289064,7.8,7.53,7.61
QQQ,2026-09-04,2026-09-25,P,713.0,607,54,0.17533173309326172,7.91,7.88,7.96
QQQ,2026-09-04,2026-09-25,P,714.0,255,24,0.17331759307861327,8.52,8.17,8.25
QQQ,2026-09-04,2026-09-25,P,715.0,4941,440,0.17191379852294925,8.47,8.52,8.59
QQQ,2026-09-04,2026-09-25,P,716.0,357,115,0.17044896942138676,8.93,8.86,8.94
QQQ,2026-09-04,2026-09-25,P,717.0,593,131,0.1695639685058594,9.6,9.25,9.34
QQQ,2026-09-04,2026-09-25,P,718.0,8511,2087,0.16800758758544926,9.63,9.61,9.71
QQQ,2026-09-04,2026-09-25,P,719.0,286,193,0.16681741394042973,10.12,10.03,10.12
QQQ,2026-09-04,2026-09-25,P,720.0,1126,238,0.16465068756103518,10.49,10.4,10.48
QQQ,2026-09-04,2026-09-25,P,721.0,623,72,0.16394879028320314,10.77,10.85,10.95
QQQ,2026-09-04,2026-09-25,P,722.0,137,65,0.16208723663330077,11.41,11.24,11.36
QQQ,2026-09-04,2026-09-25,P,723.0,485,21,0.16138533935546873,12.42,11.75,11.86
QQQ,2026-09-04,2026-09-25,P,724.0,370,48,0.15979844116210937,12.35,12.22,12.32
QQQ,2026-09-04,2026-09-25,P,725.0,615,96,0.15906602661132813,13.43,12.73,12.85
QQQ,2026-09-04,2026-09-25,P,726.0,52,28,0.1572655075073242,13.6,13.2,13.33
QQQ,2026-09-04,2026-09-25,P,727.0,41,3,0.15601429931640626,16.04,13.73,13.86
QQQ,2026-09-04,2026-09-25,P,728.0,29,2,0.15464102203369146,14.51,14.27,14.4
QQQ,2026-09-04,2026-09-25,P,729.0,208,35,0.1538170556640625,16.0,14.86,14.99
QQQ,2026-09-04,2026-09-25,P,730.0,432,17,0.15204705383300782,15.6,15.41,15.54
QQQ,2026-09-04,2026-09-25,P,731.0,31,1,0.15134515655517583,16.63,16.03,16.17
QQQ,2026-09-04,2026-09-25,P,732.0,42,10,0.14945308563232423,17.15,16.62,16.75
QQQ,2026-09-04,2026-09-25,P,733.0,69,13,0.14814084289550783,19.51,17.24,17.38
QQQ,2026-09-04,2026-09-25,P,734.0,72,2,0.14649291015625,26.56,17.87,18.01
QQQ,2026-09-04,2026-09-25,P,735.0,74,29,0.1456689437866211,19.13,18.56,18.7
QQQ,2026-09-04,2026-09-25,P,736.0,24,1,0.14447877014160154,21.29,19.23,19.39
QQQ,2026-09-04,2026-09-25,P,737.0,11,10,0.17945156494140624,20.22,19.85,21.98
QQQ,2026-09-04,2026-09-25,P,738.0,22,10,0.14447877014160154,22.05,20.56,20.93
QQQ,2026-09-04,2026-09-25,P,739.0,17,1,0.17914639221191403,20.02,21.29,23.44
QQQ,2026-09-04,2026-09-25,P,740.0,98,13,0.14130497375488282,24.87,22.08,22.38
QQQ,2026-09-04,2026-09-25,P,741.0,2,1,0.1789327713012695,36.59,22.95,24.95
QQQ,2026-09-04,2026-09-25,P,743.0,33,2,0.17932949584960936,32.25,24.25,26.53
QQQ,2026-09-04,2026-09-25,P,745.0,22,1,0.13483531188964848,28.26,26.0,26.35
QQQ,2026-09-04,2026-09-25,P,746.0,2,0,0.1803670831298828,33.38,26.81,28.99
QQQ,2026-09-04,2026-09-25,P,748.0,21,1,0.1815267395019531,40.93,28.46,30.69
QQQ,2026-09-04,2026-09-25,P,749.0,153,5,0.18235070587158203,33.85,29.24,31.56
QQQ,2026-09-04,2026-09-25,P,750.0,14,2,0.13147841186523437,32.0,30.32,30.75
QQQ,2026-09-04,2026-09-25,P,752.0,5,5,0.18415122497558595,26.83,32.06,34.18
QQQ,2026-09-04,2026-09-25,P,755.0,0,1,0.1887898504638672,48.26,34.71,36.95
QQQ,2026-09-04,2026-09-25,P,756.0,0,8,0.19001054138183598,48.38,35.53,37.87
QQQ,2026-09-04,2026-09-25,P,757.0,0,0,0.19178054321289065,42.3,36.61,38.81
QQQ,2026-09-04,2026-09-25,P,759.0,9,6,0.1950153741455078,46.5,38.53,40.69
QQQ,2026-09-04,2026-09-25,P,760.0,0,1,0.19678537597656248,52.25,39.3,41.64
QQQ,2026-09-04,2026-09-25,P,770.0,0,1,0.22077195251464843,52.24,47.92,51.39
QQQ,2026-09-04,2026-09-25,P,780.0,0,2,0.25171646728515623,69.24,57.9,61.39
QQQ,2026-09-04,2026-09-25,P,790.0,0,3,0.2810130493164062,74.86,67.9,71.38
QQQ,2026-09-04,2026-09-25,P,795.0,0,0,0.2955392712402344,63.38,72.9,76.38
QQQ,2026-09-04,2026-09-25,P,800.0,2,2,0.3096992858886719,90.15,77.9,81.38
QQQ,2026-09-04,2026-09-25,P,805.0,0,2,0.3242255078124999,95.17,82.9,86.39
QQQ,2026-09-04,2026-09-25,P,930.0,0,0,0.6239051281738281,198.13,207.9,211.39
QQQ,2026-09-04,2026-10-02,C,515.0,1,0,0.6693148303222658,201.25,204.44,207.92
QQQ,2026-09-04,2026-10-02,C,525.0,35,0,0.6403844555664062,184.04,194.48,197.97
QQQ,2026-09-04,2026-10-02,C,540.0,10,0,0.5983926879882813,170.95,179.57,183.05
QQQ,2026-09-04,2026-10-02,C,545.0,2,2,0.5844768115234374,171.26,174.6,178.08
QQQ,2026-09-04,2026-10-02,C,555.0,10,0,0.5566450585937501,165.07,164.66,168.14
QQQ,2026-09-04,2026-10-02,C,560.0,10,0,0.5429733203125001,158.91,159.7,163.17
QQQ,2026-09-04,2026-10-02,C,565.0,11,0,0.5290574438476563,168.67,154.72,158.21
QQQ,2026-09-04,2026-10-02,C,575.0,1,0,0.5024463818359376,141.7,144.81,148.29
QQQ,2026-09-04,2026-10-02,C,580.0,11,0,0.5753216296386718,130.65,139.84,143.33
QQQ,2026-09-04,2026-10-02,C,590.0,2,2,0.5432784930419923,129.4,129.95,133.43
QQQ,2026-09-04,2026-10-02,C,595.0,2,0,0.5272264074707032,128.96,125.01,128.48
QQQ,2026-09-04,2026-10-02,C,600.0,1,0,0.5114184600830078,118.28,120.06,123.54
QQQ,2026-09-04,2026-10-02,C,605.0,2,0,0.49561051269531253,108.22,115.13,118.6
QQQ,2026-09-04,2026-10-02,C,610.0,1,0,0.47998566894531247,100.54,110.2,113.67
QQQ,2026-09-04,2026-10-02,C,620.0,14,10,0.4442804595947265,88.85,100.35,103.68
QQQ,2026-09-04,2026-10-02,C,625.0,6,4,0.4338435522460938,83.36,95.45,98.92
QQQ,2026-09-04,2026-10-02,C,630.0,194,20,0.41864595031738283,91.18,90.52,94.02
QQQ,2026-09-04,2026-10-02,C,635.0,5,2,0.4035704174804688,76.41,85.67,89.13
QQQ,2026-09-04,2026-10-02,C,640.0,9,3,0.3890441955566406,80.62,80.77,84.27
QQQ,2026-09-04,2026-10-02,C,645.0,16,5,0.37448745635986325,76.87,75.92,79.42
QQQ,2026-09-04,2026-10-02,C,650.0,14,1,0.33136654968261714,70.94,71.66,73.51
QQQ,2026-09-04,2026-10-02,C,655.0,25,1,0.3176948114013671,64.17,66.83,68.67
QQQ,2026-09-04,2026-10-02,C,660.0,17,5,0.3068306622314453,62.31,62.11,63.96
QQQ,2026-09-04,2026-10-02,C,665.0,14,3,0.2937082348632812,57.75,57.43,59.19
QQQ,2026-09-04,2026-10-02,C,670.0,52,3,0.2821727056884765,42.4,53.08,54.52
QQQ,2026-09-04,2026-10-02,C,675.0,12,10,0.27118648742675777,39.89,48.48,49.92
QQQ,2026-09-04,2026-10-02,C,677.0,1,0,0.26709717285156254,45.69,46.4,48.11
QQQ,2026-09-04,2026-10-02,C,680.0,6,17,0.25989509643554687,43.95,43.98,45.36
QQQ,2026-09-04,2026-10-02,C,682.0,2,1,0.25666026550292964,40.53,41.93,43.62
QQQ,2026-09-04,2026-10-02,C,685.0,18,16,0.24964129272460936,37.39,39.6,40.92
QQQ,2026-09-04,2026-10-02,C,686.0,3,3,0.2486342227172852,38.99,38.9,40.1
QQQ,2026-09-04,2026-10-02,C,687.0,1,20,0.24665059997558597,31.32,38.07,39.23
QQQ,2026-09-04,2026-10-02,C,688.0,4,2,0.2446059426879883,36.3,36.72,38.36
QQQ,2026-09-04,2026-10-02,C,690.0,40,1,0.24082180084228516,35.16,35.51,36.65
QQQ,2026-09-04,2026-10-02,C,691.0,6,6,0.23889921264648437,32.97,34.17,35.8
QQQ,2026-09-04,2026-10-02,C,692.0,4,2,0.23593903717041015,34.17,34.06,34.89
QQQ,2026-09-04,2026-10-02,C,693.0,3,5,0.23404696624755855,33.19,33.22,34.05
QQQ,2026-09-04,2026-10-02,C,694.0,1,0,0.23227696441650392,28.36,32.39,33.22
QQQ,2026-09-04,2026-10-02,C,695.0,10,3,0.22895058166503907,31.0,31.56,32.3
QQQ,2026-09-04,2026-10-02,C,696.0,1,0,0.22922523712158205,26.8,30.74,31.61
QQQ,2026-09-04,2026-10-02,C,697.0,6,2,0.22687540710449217,30.41,29.93,30.76
QQQ,2026-09-04,2026-10-02,C,698.0,2,0,0.22602092346191405,25.28,29.13,30.01
QQQ,2026-09-04,2026-10-02,C,699.0,12,2,0.22348798980712886,24.56,28.33,29.16
QQQ,2026-09-04,2026-10-02,C,700.0,42,17,0.22028367614746092,26.23,27.61,28.27
QQQ,2026-09-04,2026-10-02,C,701.0,8,6,0.22003953796386716,25.01,26.75,27.58
QQQ,2026-09-04,2026-10-02,C,702.0,10,1,0.2183000534057617,26.1,25.97,26.8
QQQ,2026-09-04,2026-10-02,C,703.0,49,1,0.2166521206665039,24.15,25.2,26.03
QQQ,2026-09-04,2026-10-02,C,704.0,122,46,0.2150347052001953,24.12,24.44,25.27
QQQ,2026-09-04,2026-10-02,C,705.0,123,31,0.21198297790527343,23.1,23.69,24.42
QQQ,2026-09-04,2026-10-02,C,706.0,76,31,0.21161677062988277,19.64,22.95,23.76
QQQ,2026-09-04,2026-10-02,C,707.0,445,5,0.20868711242675775,22.5,22.28,22.93
QQQ,2026-09-04,2026-10-02,C,708.0,228,2,0.20652038604736322,22.74,22.01,22.16
QQQ,2026-09-04,2026-10-02,C,709.0,226,30,0.20508607421874997,21.25,21.3,21.45
QQQ,2026-09-04,2026-10-02,C,710.0,521,27,0.20337710693359373,20.5,20.59,20.73
QQQ,2026-09-04,2026-10-02,C,711.0,201,5,0.2018512432861328,19.77,19.89,20.03
QQQ,2026-09-04,2026-10-02,C,712.0,131,1,0.2010272769165039,17.57,19.23,19.39
QQQ,2026-09-04,2026-10-02,C,713.0,201,3,0.19883003326416016,17.57,18.52,18.66
QQQ,2026-09-04,2026-10-02,C,714.0,147,1,0.19678537597656248,17.52,17.8,17.95
QQQ,2026-09-04,2026-10-02,C,715.0,576,6,0.19516796051025392,17.25,17.15,17.28
QQQ,2026-09-04,2026-10-02,C,716.0,123,220,0.1947407186889648,16.29,16.56,16.71
QQQ,2026-09-04,2026-10-02,C,717.0,180,122,0.19339795867919923,15.12,15.94,16.08
QQQ,2026-09-04,2026-10-02,C,718.0,989,84,0.1920246813964844,14.51,15.32,15.46
QQQ,2026-09-04,2026-10-02,C,719.0,717,158,0.19052933502197267,14.67,14.71,14.84
QQQ,2026-09-04,2026-10-02,C,720.0,863,470,0.18912554046630858,14.13,14.12,14.24
QQQ,2026-09-04,2026-10-02,C,721.0,286,210,0.1878743322753906,13.56,13.54,13.66
QQQ,2026-09-04,2026-10-02,C,722.0,287,36,0.18659260681152345,13.22,12.96,13.09
QQQ,2026-09-04,2026-10-02,C,723.0,140,20,0.18515829498291014,11.71,12.43,12.52
QQQ,2026-09-04,2026-10-02,C,724.0,364,11,0.1834493276977539,11.74,11.84,11.94
QQQ,2026-09-04,2026-10-02,C,725.0,690,110,0.18210656768798827,11.33,11.32,11.4
QQQ,2026-09-04,2026-10-02,C,726.0,156,408,0.18125208404541016,10.88,10.81,10.91
QQQ,2026-09-04,2026-10-02,C,727.0,587,8,0.18039760040283204,9.71,10.35,10.43
QQQ,2026-09-04,2026-10-02,C,728.0,502,22,0.17896328857421873,9.28,9.83,9.92
QQQ,2026-09-04,2026-10-02,C,729.0,804,54,0.178719150390625,8.72,9.42,9.51
QQQ,2026-09-04,2026-10-02,C,730.0,1829,234,0.17707121765136719,8.95,8.94,9.01
QQQ,2026-09-04,2026-10-02,C,731.0,100,7,0.17623199264526368,8.3,8.49,8.58
QQQ,2026-09-04,2026-10-02,C,732.0,53,6,0.1749350085449219,7.27,8.04,8.13
QQQ,2026-09-04,2026-10-02,C,733.0,195,30,0.1742941458129883,7.56,7.65,7.74
QQQ,2026-09-04,2026-10-02,C,734.0,152,39,0.1733481103515625,7.25,7.26,7.34
QQQ,2026-09-04,2026-10-02,C,735.0,743,170,0.17206638488769532,6.76,6.85,6.93
QQQ,2026-09-04,2026-10-02,C,736.0,385,70,0.1714865567016602,6.0,6.51,6.58
QQQ,2026-09-04,2026-10-02,C,737.0,271,72,0.17072362487792972,5.97,6.15,6.23
QQQ,2026-09-04,2026-10-02,C,738.0,471,7,0.16947241668701174,5.82,5.79,5.86
QQQ,2026-09-04,2026-10-02,C,739.0,317,22,0.1694113821411133,5.06,5.51,5.58
QQQ,2026-09-04,2026-10-02,C,740.0,1128,86,0.16858741577148442,5.11,5.19,5.26
QQQ,2026-09-04,2026-10-02,C,741.0,49,5,0.16770241485595705,4.48,4.89,4.95
QQQ,2026-09-04,2026-10-02,C,742.0,231,17,0.1670920693969727,4.09,4.6,4.67
QQQ,2026-09-04,2026-10-02,C,743.0,95,3,0.16651224121093755,4.3,4.32,4.4
QQQ,2026-09-04,2026-10-02,C,744.0,168,81,0.16535258483886722,3.59,4.05,4.11
QQQ,2026-09-04,2026-10-02,C,745.0,690,233,0.16526103302001954,3.85,3.83,3.89
QQQ,2026-09-04,2026-10-02,C,746.0,303,67,0.16462017028808595,3.6,3.58,3.65
QQQ,2026-09-04,2026-10-02,C,747.0,124,180,0.16394879028320314,3.07,3.36,3.42
QQQ,2026-09-04,2026-10-02,C,748.0,341,46,0.1636741348266602,3.11,3.16,3.22
QQQ,2026-09-04,2026-10-02,C,749.0,68,4,0.16303327209472657,2.75,2.95,3.01
QQQ,2026-09-04,2026-10-02,C,750.0,841,135,0.16236189208984375,2.78,2.77,2.81
QQQ,2026-09-04,2026-10-02,C,751.0,87,84,0.16257551300048828,2.49,2.6,2.66
QQQ,2026-09-04,2026-10-02,C,752.0,53,19,0.16175154663085936,2.33,2.42,2.47
QQQ,2026-09-04,2026-10-02,C,753.0,78,5,0.16162947753906248,2.34,2.27,2.32
QQQ,2026-09-04,2026-10-02,C,754.0,46,39,0.16108016662597657,2.11,2.12,2.16
QQQ,2026-09-04,2026-10-02,C,755.0,423,12,0.16053085571289064,1.99,1.97,2.01
QQQ,2026-09-04,2026-10-02,C,756.0,142,5,0.16010361389160155,1.9,1.83,1.87
QQQ,2026-09-04,2026-10-02,C,757.0,41,1,0.16022568298339845,1.63,1.72,1.76
QQQ,2026-09-04,2026-10-02,C,758.0,331,1,0.15992051025390625,1.33,1.59,1.64
QQQ,2026-09-04,2026-10-02,C,759.0,254,13,0.15943223388671873,1.37,1.48,1.52
QQQ,2026-09-04,2026-10-02,C,760.0,638,163,0.1593711993408203,1.38,1.39,1.42
QQQ,2026-09-04,2026-10-02,C,765.0,523,19,0.15857775024414064,0.95,0.96,0.99
QQQ,2026-09-04,2026-10-02,C,770.0,1521,12,0.15851671569824222,0.68,0.66,0.69
QQQ,2026-09-04,2026-10-02,C,775.0,308,9,0.15894395751953128,0.43,0.45,0.48
QQQ,2026-09-04,2026-10-02,C,780.0,183,51,0.1601646484375,0.32,0.31,0.34
QQQ,2026-09-04,2026-10-02,C,785.0,156,6,0.1615074084472656,0.21,0.21,0.24
QQQ,2026-09-04,2026-10-02,C,790.0,138,5,0.16431499755859375,0.15,0.15,0.18
QQQ,2026-09-04,2026-10-02,C,795.0,139,1,0.16651224121093755,0.11,0.1,0.13
QQQ,2026-09-04,2026-10-02,C,800.0,252,12,0.16968603759765627,0.11,0.08,0.1
QQQ,2026-09-04,2026-10-02,C,805.0,116,5,0.17627776855468752,0.06,0.05,0.09
QQQ,2026-09-04,2026-10-02,C,810.0,34,1,0.17920742675781248,0.27,0.04,0.07
QQQ,2026-09-04,2026-10-02,C,815.0,11,1,0.187508125,0.15,0.03,0.07
QQQ,2026-09-04,2026-10-02,C,820.0,5,1,0.192390888671875,0.06,0.02,0.06
QQQ,2026-09-04,2026-10-02,C,825.0,3,3,0.196297099609375,0.07,0.02,0.05
QQQ,2026-09-04,2026-10-02,C,830.0,34,1,0.20410952148437497,0.09,0.02,0.05
QQQ,2026-09-04,2026-10-02,C,835.0,3,1,0.20703917968749996,0.08,0.01,0.04
QQQ,2026-09-04,2026-10-02,C,840.0,3,1,0.2148516015625,0.06,0.01,0.04
QQQ,2026-09-04,2026-10-02,C,845.0,3,1,0.215828154296875,0.05,0.01,0.03
QQQ,2026-09-04,2026-10-02,C,850.0,5,2,0.22266402343749997,0.11,0.01,0.03
QQQ,2026-09-04,2026-10-02,C,860.0,2,0,0.23633576171874998,0.13,0.0,0.03
QQQ,2026-09-04,2026-10-02,C,880.0,1,0,0.26367923828125,0.1,0.0,0.03
QQQ,2026-09-04,2026-10-02,C,890.0,0,2,0.26758544921875,0.01,0.0,0.02
QQQ,2026-09-04,2026-10-02,C,950.0,1,1,0.34180345703125,0.01,0.0,0.02
QQQ,2026-09-04,2026-10-02,P,450.0,844,198,0.6435582519531251,0.07,0.06,0.09
QQQ,2026-09-04,2026-10-02,P,455.0,12,65,0.632816171875,0.07,0.07,0.09
QQQ,2026-09-04,2026-10-02,P,465.0,7,6,0.6093789062500001,0.1,0.07,0.1
QQQ,2026-09-04,2026-10-02,P,470.0,19,4,0.6025430371093752,0.15,0.08,0.11
QQQ,2026-09-04,2026-10-02,P,475.0,21,8,0.5888712988281251,0.15,0.08,0.11
QQQ,2026-09-04,2026-10-02,P,480.0,24,0,0.5810588769531251,0.26,0.09,0.12
QQQ,2026-09-04,2026-10-02,P,485.0,21,0,0.567387138671875,0.14,0.09,0.12
QQQ,2026-09-04,2026-10-02,P,490.0,48,6,0.5585981640625001,0.15,0.1,0.13
QQQ,2026-09-04,2026-10-02,P,495.0,93,3,0.5507857421875001,0.13,0.11,0.14
QQQ,2026-09-04,2026-10-02,P,500.0,698,8,0.5371140039062501,0.17,0.11,0.14
QQQ,2026-09-04,2026-10-02,P,505.0,144,0,0.5283250292968751,0.18,0.12,0.15
QQQ,2026-09-04,2026-10-02,P,510.0,9,0,0.5185595019531251,0.19,0.13,0.16
QQQ,2026-09-04,2026-10-02,P,515.0,6,1,0.5092822509765625,0.16,0.14,0.17
QQQ,2026-09-04,2026-10-02,P,520.0,4,6,0.5043994873046875,0.22,0.15,0.18
QQQ,2026-09-04,2026-10-02,P,525.0,74,2,0.49414568359375005,0.2,0.16,0.19
QQQ,2026-09-04,2026-10-02,P,530.0,7,12,0.48682153808593753,0.19,0.17,0.21
QQQ,2026-09-04,2026-10-02,P,535.0,46,1,0.4760794580078125,0.22,0.19,0.22
QQQ,2026-09-04,2026-10-02,P,540.0,10,1,0.46533737792968755,0.19,0.2,0.23
QQQ,2026-09-04,2026-10-02,P,545.0,310,1,0.45654840332031255,0.26,0.22,0.25
QQQ,2026-09-04,2026-10-02,P,550.0,345,1,0.44775942871093743,0.25,0.24,0.27
QQQ,2026-09-04,2026-10-02,P,555.0,39,1,0.43848217773437503,0.31,0.26,0.29
QQQ,2026-09-04,2026-10-02,P,560.0,37,6,0.428716650390625,0.29,0.28,0.31
QQQ,2026-09-04,2026-10-02,P,565.0,59,2,0.418951123046875,0.25,0.3,0.33
QQQ,2026-09-04,2026-10-02,P,570.0,202,28,0.41040628662109374,0.34,0.33,0.36
QQQ,2026-09-04,2026-10-02,P,575.0,99,2,0.39990834472656256,0.37,0.35,0.38
QQQ,2026-09-04,2026-10-02,P,580.0,195,38,0.39087523193359375,0.4,0.38,0.41
QQQ,2026-09-04,2026-10-02,P,585.0,54,10,0.3825745336914062,0.53,0.42,0.45
QQQ,2026-09-04,2026-10-02,P,590.0,232,21,0.37256486816406253,0.51,0.45,0.48
QQQ,2026-09-04,2026-10-02,P,595.0,138,1,0.3632876171875,0.47,0.49,0.52
QQQ,2026-09-04,2026-10-02,P,600.0,296,38,0.3537662280273437,0.56,0.53,0.56
QQQ,2026-09-04,2026-10-02,P,605.0,191,20,0.3448551843261719,0.59,0.58,0.61
QQQ,2026-09-04,2026-10-02,P,610.0,201,24,0.33618827880859375,0.7,0.64,0.67
QQQ,2026-09-04,2026-10-02,P,615.0,68,1,0.3270330969238281,0.8,0.7,0.73
QQQ,2026-09-04,2026-10-02,P,620.0,175,6,0.3181220532226562,0.88,0.76,0.8
QQQ,2026-09-04,2026-10-02,P,625.0,446,19,0.30799031860351556,0.87,0.85,0.86
QQQ,2026-09-04,2026-10-02,P,630.0,349,2,0.299811689453125,0.94,0.93,0.96
QQQ,2026-09-04,2026-10-02,P,635.0,415,27,0.2915109912109374,1.08,1.04,1.07
QQQ,2026-09-04,2026-10-02,P,640.0,357,15,0.28284408569335934,1.21,1.16,1.19
QQQ,2026-09-04,2026-10-02,P,645.0,595,24,0.274421318359375,1.34,1.3,1.33
QQQ,2026-09-04,2026-10-02,P,650.0,765,112,0.26630372375488287,1.49,1.47,1.5
QQQ,2026-09-04,2026-10-02,P,655.0,601,63,0.25830819824218754,1.67,1.67,1.7
QQQ,2026-09-04,2026-10-02,P,660.0,1772,115,0.25025163818359375,1.9,1.89,1.93
QQQ,2026-09-04,2026-10-02,P,665.0,771,259,0.24262231994628902,2.18,2.18,2.21
QQQ,2026-09-04,2026-10-02,P,670.0,6298,257,0.23499300170898438,2.52,2.51,2.54
QQQ,2026-09-04,2026-10-02,P,675.0,1491,469,0.22791299438476562,2.91,2.91,2.95
QQQ,2026-09-04,2026-10-02,P,676.0,93,24,0.22650919982910156,3.13,2.99,3.04
QQQ,2026-09-04,2026-10-02,P,677.0,102,12,0.2250138534545898,3.46,3.08,3.13
QQQ,2026-09-04,2026-10-02,P,678.0,99,6,0.22345747253417966,3.2,3.18,3.22
QQQ,2026-09-04,2026-10-02,P,679.0,78,3,0.22226729888916014,3.43,3.28,3.33
QQQ,2026-09-04,2026-10-02,P,680.0,1956,55,0.2205583316040039,3.39,3.37,3.42
QQQ,2026-09-04,2026-10-02,P,681.0,56,14,0.21921557159423827,3.72,3.48,3.53
QQQ,2026-09-04,2026-10-02,P,682.0,77,206,0.21759815612792968,3.61,3.59,3.63
QQQ,2026-09-04,2026-10-02,P,683.0,992,15,0.21649953430175778,4.37,3.7,3.76
QQQ,2026-09-04,2026-10-02,P,684.0,170,8,0.21491263610839845,3.97,3.83,3.87
QQQ,2026-09-04,2026-10-02,P,685.0,503,92,0.2136919451904297,3.98,3.95,4.0
QQQ,2026-09-04,2026-10-02,P,686.0,78,11,0.21253228881835937,4.11,4.08,4.14
QQQ,2026-09-04,2026-10-02,P,687.0,64,10,0.21112849426269528,4.2,4.21,4.27
QQQ,2026-09-04,2026-10-02,P,688.0,70,4,0.20960263061523435,4.32,4.35,4.4
QQQ,2026-09-04,2026-10-02,P,689.0,176,1,0.20819883605957026,4.65,4.48,4.54
QQQ,2026-09-04,2026-10-02,P,690.0,514,289,0.206489868774414,4.64,4.62,4.67
QQQ,2026-09-04,2026-10-02,P,691.0,76,10,0.2054522814941406,5.47,4.78,4.84
QQQ,2026-09-04,2026-10-02,P,692.0,70,6,0.20414003875732417,5.02,4.94,5.0
QQQ,2026-09-04,2026-10-02,P,693.0,35,32,0.20270572692871092,5.86,5.1,5.16
QQQ,2026-09-04,2026-10-02,P,694.0,80,6,0.20117986328124998,5.41,5.26,5.32
QQQ,2026-09-04,2026-10-02,P,695.0,296,26,0.19974555145263673,5.47,5.43,5.49
QQQ,2026-09-04,2026-10-02,P,696.0,49,4,0.19855537780761717,6.37,5.61,5.68
QQQ,2026-09-04,2026-10-02,P,697.0,72,3,0.19739572143554687,6.06,5.82,5.88
QQQ,2026-09-04,2026-10-02,P,698.0,106,7,0.1961445132446289,6.23,6.02,6.08
QQQ,2026-09-04,2026-10-02,P,699.0,57,64,0.19477123596191404,6.24,6.2,6.28
QQQ,2026-09-04,2026-10-02,P,700.0,6519,630,0.19330640686035155,6.48,6.41,6.48
QQQ,2026-09-04,2026-10-02,P,701.0,281,14,0.19171950866699222,6.91,6.63,6.68
QQQ,2026-09-04,2026-10-02,P,702.0,127,5,0.19049881774902344,7.17,6.84,6.91
QQQ,2026-09-04,2026-10-02,P,703.0,42,10,0.1894307131958008,7.35,7.08,7.16
QQQ,2026-09-04,2026-10-02,P,704.0,110,2,0.18781329772949218,7.88,7.32,7.38
QQQ,2026-09-04,2026-10-02,P,705.0,529,81,0.18668415863037108,7.6,7.56,7.64
QQQ,2026-09-04,2026-10-02,P,706.0,314,2,0.18555501953124998,7.73,7.83,7.91
QQQ,2026-09-04,2026-10-02,P,707.0,138,24,0.18387656951904296,8.34,8.08,8.15
QQQ,2026-09-04,2026-10-02,P,708.0,168,7,0.1824880335998535,8.55,8.35,8.42
QQQ,2026-09-04,2026-10-02,P,709.0,234,83,0.18167932586669922,8.93,8.64,8.74
QQQ,2026-09-04,2026-10-02,P,710.0,628,145,0.18033656585693358,8.99,8.93,9.03
QQQ,2026-09-04,2026-10-02,P,711.0,102,13,0.17896328857421873,9.25,9.25,9.33
QQQ,2026-09-04,2026-10-02,P,712.0,353,23,0.17774259765625,9.73,9.55,9.65
QQQ,2026-09-04,2026-10-02,P,713.0,158,18,0.17652190673828128,10.86,9.88,9.98
QQQ,2026-09-04,2026-10-02,P,714.0,234,10,0.17488923263549805,10.7,10.19,10.29
QQQ,2026-09-04,2026-10-02,P,715.0,4282,95,0.1739279385375977,10.62,10.59,10.66
QQQ,2026-09-04,2026-10-02,P,716.0,258,40,0.17264621307373051,11.14,10.93,11.02
QQQ,2026-09-04,2026-10-02,P,717.0,686,120,0.17151707397460939,11.35,11.29,11.4
QQQ,2026-09-04,2026-10-02,P,718.0,427,55,0.16980810668945315,12.15,11.65,11.75
QQQ,2026-09-04,2026-10-02,P,719.0,75,58,0.16901465759277345,12.05,12.08,12.18
QQQ,2026-09-04,2026-10-02,P,720.0,450,223,0.16779396667480473,12.55,12.49,12.59
QQQ,2026-09-04,2026-10-02,P,721.0,279,123,0.16654275848388678,13.01,12.91,13.01
QQQ,2026-09-04,2026-10-02,P,722.0,33,18,0.16538310211181645,13.54,13.34,13.45
QQQ,2026-09-04,2026-10-02,P,723.0,502,5,0.16404034210205082,13.85,13.77,13.89
QQQ,2026-09-04,2026-10-02,P,724.0,84,5,0.1627891339111328,16.59,14.24,14.35
QQQ,2026-09-04,2026-10-02,P,725.0,218,27,0.16190413299560547,14.8,14.73,14.85
QQQ,2026-09-04,2026-10-02,P,726.0,2,2,0.1609886148071289,20.25,15.23,15.36
QQQ,2026-09-04,2026-10-02,P,727.0,7,14,0.16001206207275392,15.85,15.74,15.88
QQQ,2026-09-04,2026-10-02,P,728.0,40,39,0.1589744747924805,16.07,16.27,16.41
QQQ,2026-09-04,2026-10-02,P,729.0,7,2,0.15787585296630857,22.72,16.8,16.95
QQQ,2026-09-04,2026-10-02,P,730.0,81,2,0.15592274749755858,17.41,17.29,17.44
QQQ,2026-09-04,2026-10-02,P,731.0,44,1,0.1551292984008789,18.34,17.89,18.03
QQQ,2026-09-04,2026-10-02,P,732.0,60,1,0.1540001593017578,18.86,18.46,18.61
QQQ,2026-09-04,2026-10-02,P,733.0,74,1,0.15338981384277345,25.99,19.08,19.24
QQQ,2026-09-04,2026-10-02,P,734.0,26,3,0.15137567382812503,19.8,19.63,19.79
QQQ,2026-09-04,2026-10-02,P,735.0,8,14,0.1506432592773438,20.39,20.29,20.44
QQQ,2026-09-04,2026-10-02,P,736.0,4,0,0.14954463745117189,25.51,20.92,21.08
QQQ,2026-09-04,2026-10-02,P,737.0,205,4,0.14853756744384766,29.49,21.57,21.74
QQQ,2026-09-04,2026-10-02,P,738.0,4,4,0.1474389456176758,28.94,22.24,22.41
QQQ,2026-09-04,2026-10-02,P,739.0,3,3,0.14594359924316402,23.1,22.9,23.07
QQQ,2026-09-04,2026-10-02,P,740.0,34,11,0.15110101837158207,23.53,23.27,24.14
QQQ,2026-09-04,2026-10-02,P,742.0,1,0,0.14930049926757813,35.71,24.45,25.58
QQQ,2026-09-04,2026-10-02,P,743.0,2,0,0.1485680847167969,35.41,25.19,26.33
QQQ,2026-09-04,2026-10-02,P,745.0,5,1,0.14777463562011722,29.8,27.09,27.9
QQQ,2026-09-04,2026-10-02,P,748.0,1,0,0.1439599765014648,40.0,29.08,30.21
QQQ,2026-09-04,2026-10-02,P,750.0,9,1,0.1431970446777344,32.0,30.82,31.89
QQQ,2026-09-04,2026-10-02,P,755.0,21,0,0.1384973846435547,40.27,34.95,36.15
QQQ,2026-09-04,2026-10-02,P,756.0,8,1,0.1774374249267578,37.25,35.74,38.55
QQQ,2026-09-04,2026-10-02,P,760.0,8,1,0.1348963464355469,41.0,39.4,40.67
QQQ,2026-09-04,2026-10-02,P,770.0,3,10,0.19373364868164064,49.98,48.09,51.59
QQQ,2026-09-04,2026-10-02,P,775.0,0,0,0.20264469238281246,64.49,52.96,56.45
QQQ,2026-09-04,2026-10-02,P,780.0,0,0,0.21363091064453127,63.74,57.91,61.39
QQQ,2026-09-04,2026-10-02,P,785.0,0,0,0.22565471618652344,67.05,62.9,66.37
QQQ,2026-09-04,2026-10-02,P,790.0,0,1,0.23853300537109373,71.37,67.9,71.38
QQQ,2026-09-04,2026-10-02,P,795.0,0,0,0.2508009490966796,64.76,72.9,76.38
QQQ,2026-09-04,2026-10-09,C,450.0,4,0,0.815431533203125,268.35,269.64,273.12
QQQ,2026-09-04,2026-10-09,C,545.0,2,0,0.5568891967773439,171.91,175.24,178.72
QQQ,2026-09-04,2026-10-09,C,570.0,1,0,0.5638471350097658,140.38,150.49,153.96
QQQ,2026-09-04,2026-10-09,C,585.0,1,0,0.5202074346923828,125.66,135.67,139.14
QQQ,2026-09-04,2026-10-09,C,595.0,4,1,0.4918874053955079,125.22,125.82,129.29
QQQ,2026-09-04,2026-10-09,C,600.0,1,1,0.4777884252929688,119.62,120.9,124.37
QQQ,2026-09-04,2026-10-09,C,610.0,1,1,0.4498346032714844,111.49,111.08,114.55
QQQ,2026-09-04,2026-10-09,C,620.0,3,1,0.42249112670898437,100.79,101.3,104.77
QQQ,2026-09-04,2026-10-09,C,630.0,2,1,0.3957579956054688,94.69,91.58,95.04
QQQ,2026-09-04,2026-10-09,C,640.0,4,0,0.3477238079833984,81.61,81.92,84.43
QQQ,2026-09-04,2026-10-09,C,645.0,1,0,0.3328313787841797,67.27,77.13,79.5
QQQ,2026-09-04,2026-10-09,C,650.0,4,2,0.32507999145507804,74.67,72.37,74.9
QQQ,2026-09-04,2026-10-09,C,655.0,5,4,0.31381911773681637,68.99,67.63,70.17
QQQ,2026-09-04,2026-10-09,C,660.0,6,2,0.3002084140014648,63.32,62.95,65.35
QQQ,2026-09-04,2026-10-09,C,665.0,3,1,0.28848978118896473,59.04,58.33,60.65
QQQ,2026-09-04,2026-10-09,C,670.0,11,5,0.27814442565917963,52.28,53.74,56.06
QQQ,2026-09-04,2026-10-09,C,675.0,2,1,0.2683483810424804,49.64,49.24,51.55
QQQ,2026-09-04,2026-10-09,C,677.0,1,0,0.26453372192382807,39.8,47.46,49.77
QQQ,2026-09-04,2026-10-09,C,678.0,4,0,0.26258061645507813,40.23,46.59,48.88
QQQ,2026-09-04,2026-10-09,C,682.0,1,0,0.2549512982177735,38.59,43.08,45.36
QQQ,2026-09-04,2026-10-09,C,685.0,12,12,0.24948870635986325,39.43,40.5,42.77
QQQ,2026-09-04,2026-10-09,C,690.0,23,3,0.24079128356933593,37.08,38.13,38.55
QQQ,2026-09-04,2026-10-09,C,691.0,2,2,0.23908231628417967,28.17,37.33,37.72
QQQ,2026-09-04,2026-10-09,C,692.0,8,0,0.23731231445312498,33.18,36.4,36.89
QQQ,2026-09-04,2026-10-09,C,693.0,1,2,0.2356033471679687,34.0,35.7,36.07
QQQ,2026-09-04,2026-10-09,C,694.0,1,0,0.23398593170166015,34.44,34.89,35.26
QQQ,2026-09-04,2026-10-09,C,695.0,31,14,0.23218541259765624,31.42,33.96,34.44
QQQ,2026-09-04,2026-10-09,C,696.0,1,0,0.2301712725830078,31.63,33.29,33.61
QQQ,2026-09-04,2026-10-09,C,697.0,7,0,0.22861489166259769,29.0,32.38,32.82
QQQ,2026-09-04,2026-10-09,C,698.0,1,1,0.22715006256103515,23.0,31.6,32.04
QQQ,2026-09-04,2026-10-09,C,699.0,13,2,0.225593681640625,24.12,30.9,31.26
QQQ,2026-09-04,2026-10-09,C,700.0,19,2,0.22409833526611322,27.64,30.15,30.49
QQQ,2026-09-04,2026-10-09,C,701.0,5,0,0.2225114370727539,22.49,29.36,29.72
QQQ,2026-09-04,2026-10-09,C,703.0,32,0,0.21939867523193357,21.17,27.74,28.2
QQQ,2026-09-04,2026-10-09,C,704.0,1,0,0.21785755294799802,24.83,27.13,27.45
QQQ,2026-09-04,2026-10-09,C,705.0,244,15,0.2163469479370117,26.18,26.39,26.71
QQQ,2026-09-04,2026-10-09,C,706.0,185,52,0.2140276351928711,26.63,25.66,25.91
QQQ,2026-09-04,2026-10-09,C,707.0,64,4,0.21198297790527343,22.91,24.97,25.14
QQQ,2026-09-04,2026-10-09,C,708.0,37,11,0.21097590789794918,17.39,24.29,24.46
QQQ,2026-09-04,2026-10-09,C,709.0,15,1,0.20902280242919918,22.37,23.55,23.71
QQQ,2026-09-04,2026-10-09,C,710.0,333,29,0.20758849060058593,22.33,22.86,23.01
QQQ,2026-09-04,2026-10-09,C,711.0,111,102,0.2063067651367187,23.07,22.17,22.33
QQQ,2026-09-04,2026-10-09,C,712.0,78,4,0.204811418762207,19.29,21.5,21.64
QQQ,2026-09-04,2026-10-09,C,713.0,19,34,0.202858313293457,20.21,20.77,20.92
QQQ,2026-09-04,2026-10-09,C,714.0,25,37,0.20224796783447263,20.05,20.17,20.32
QQQ,2026-09-04,2026-10-09,C,715.0,218,31,0.20021856918334957,19.21,19.52,19.61
QQQ,2026-09-04,2026-10-09,C,716.0,142,21,0.19892158508300778,18.16,18.84,18.97
QQQ,2026-09-04,2026-10-09,C,717.0,246,124,0.1981281359863281,18.25,18.22,18.38
QQQ,2026-09-04,2026-10-09,C,718.0,262,132,0.19721261779785154,17.55,17.64,17.79
QQQ,2026-09-04,2026-10-09,C,719.0,67,28,0.19559520233154298,16.87,17.0,17.15
QQQ,2026-09-04,2026-10-09,C,720.0,431,92,0.19352002777099608,16.35,16.41,16.48
QQQ,2026-09-04,2026-10-09,C,721.0,710,118,0.19297071685791017,15.7,15.85,15.95
QQQ,2026-09-04,2026-10-09,C,722.0,570,45,0.19196364685058598,15.25,15.28,15.39
QQQ,2026-09-04,2026-10-09,C,723.0,20,11,0.19097183547973634,14.32,14.71,14.84
QQQ,2026-09-04,2026-10-09,C,724.0,48,66,0.18985795501708985,14.15,14.17,14.29
QQQ,2026-09-04,2026-10-09,C,725.0,342,42,0.18860674682617187,13.64,13.6,13.74
QQQ,2026-09-04,2026-10-09,C,726.0,79,3,0.18759967681884765,13.16,13.09,13.22
QQQ,2026-09-04,2026-10-09,C,727.0,60,32,0.1868367449951172,12.17,12.59,12.73
QQQ,2026-09-04,2026-10-09,C,728.0,49,20,0.1851125190734863,12.0,12.09,12.17
QQQ,2026-09-04,2026-10-09,C,729.0,87,50,0.18433432861328125,11.3,11.58,11.7
QQQ,2026-09-04,2026-10-09,C,730.0,426,41,0.1833119999694824,11.05,11.12,11.22
QQQ,2026-09-04,2026-10-09,C,731.0,47,9,0.18180139495849607,10.1,10.61,10.71
QQQ,2026-09-04,2026-10-09,C,732.0,65,10,0.1814809635925293,10.18,10.18,10.31
QQQ,2026-09-04,2026-10-09,C,733.0,21,28,0.18030604858398439,9.55,9.76,9.85
QQQ,2026-09-04,2026-10-09,C,734.0,526,65,0.17960415130615232,9.2,9.32,9.44
QQQ,2026-09-04,2026-10-09,C,735.0,333,61,0.17878018493652342,8.84,8.92,9.03
QQQ,2026-09-04,2026-10-09,C,736.0,53,32,0.1782156153869629,8.5,8.54,8.65
QQQ,2026-09-04,2026-10-09,C,737.0,17,6,0.17633880310058597,8.23,8.08,8.18
QQQ,2026-09-04,2026-10-09,C,738.0,109,22,0.17614044082641606,7.72,7.75,7.85
QQQ,2026-09-04,2026-10-09,C,739.0,116,69,0.17514862945556642,7.38,7.39,7.47
QQQ,2026-09-04,2026-10-09,C,740.0,325,146,0.17453828399658206,7.11,7.04,7.13
QQQ,2026-09-04,2026-10-09,C,741.0,91,29,0.17366854171752932,6.63,6.71,6.78
QQQ,2026-09-04,2026-10-09,C,742.0,144,3,0.17304293762207032,6.18,6.38,6.46
QQQ,2026-09-04,2026-10-09,C,743.0,64,7,0.17258517852783206,6.1,6.08,6.16
QQQ,2026-09-04,2026-10-09,C,744.0,88,10,0.1716696603393555,5.77,5.75,5.84
QQQ,2026-09-04,2026-10-09,C,745.0,386,56,0.17032690032958986,5.43,5.46,5.5
QQQ,2026-09-04,2026-10-09,C,746.0,123,15,0.17044896942138676,5.35,5.19,5.27
QQQ,2026-09-04,2026-10-09,C,747.0,50,4,0.16938086486816406,4.84,4.9,4.97
QQQ,2026-09-04,2026-10-09,C,748.0,66,9,0.1692587957763672,4.64,4.66,4.74
QQQ,2026-09-04,2026-10-09,C,749.0,42,22,0.16864845031738285,4.15,4.42,4.49
QQQ,2026-09-04,2026-10-09,C,750.0,424,201,0.1684043121337891,4.13,4.2,4.27
QQQ,2026-09-04,2026-10-09,C,751.0,34,54,0.16800758758544926,3.66,3.98,4.05
QQQ,2026-09-04,2026-10-09,C,752.0,150,59,0.1671225866699219,3.72,3.73,3.81
QQQ,2026-09-04,2026-10-09,C,753.0,67,5,0.16678689666748053,3.52,3.55,3.61
QQQ,2026-09-04,2026-10-09,C,754.0,108,16,0.16629862030029302,3.38,3.35,3.41
QQQ,2026-09-04,2026-10-09,C,755.0,327,43,0.16620706848144534,3.13,3.18,3.24
QQQ,2026-09-04,2026-10-09,C,756.0,54,8,0.16541361938476565,2.63,2.98,3.04
QQQ,2026-09-04,2026-10-09,C,757.0,53,4,0.16523051574707032,2.83,2.82,2.88
QQQ,2026-09-04,2026-10-09,C,758.0,45,109,0.1647422393798828,2.69,2.65,2.71
QQQ,2026-09-04,2026-10-09,C,759.0,25,3,0.16489482574462894,2.23,2.51,2.58
QQQ,2026-09-04,2026-10-09,C,760.0,507,163,0.16431499755859375,2.33,2.38,2.42
QQQ,2026-09-04,2026-10-09,C,765.0,236,104,0.16315534118652347,1.77,1.75,1.8
QQQ,2026-09-04,2026-10-09,C,770.0,580,44,0.1627891339111328,1.31,1.31,1.34
QQQ,2026-09-04,2026-10-09,C,775.0,395,35,0.1626060302734375,0.96,0.96,0.99
QQQ,2026-09-04,2026-10-09,C,780.0,498,44,0.16327741027832032,0.7,0.71,0.74
QQQ,2026-09-04,2026-10-09,C,785.0,267,1,0.1640098248291016,0.56,0.52,0.55
QQQ,2026-09-04,2026-10-09,C,790.0,379,44,0.1656577575683594,0.38,0.39,0.42
QQQ,2026-09-04,2026-10-09,C,795.0,282,10,0.1682212084960938,0.28,0.3,0.33
QQQ,2026-09-04,2026-10-09,C,800.0,171,2,0.1706625903320313,0.22,0.22,0.26
QQQ,2026-09-04,2026-10-09,C,805.0,56,4,0.1726156958007813,0.16,0.17,0.2
QQQ,2026-09-04,2026-10-09,C,810.0,116,1,0.1753012158203125,0.17,0.13,0.16
QQQ,2026-09-04,2026-10-09,C,815.0,56,20,0.17847501220703127,0.11,0.1,0.13
QQQ,2026-09-04,2026-10-09,C,820.0,4,1,0.1821370849609375,0.11,0.08,0.11
QQQ,2026-09-04,2026-10-09,C,830.0,2,1,0.192390888671875,0.07,0.06,0.09
QQQ,2026-09-04,2026-10-09,C,835.0,3,0,0.19678537597656248,0.15,0.04,0.08
QQQ,2026-09-04,2026-10-09,C,850.0,1,1,0.21094539062499998,0.03,0.02,0.06
QQQ,2026-09-04,2026-10-09,C,860.0,140,140,0.21973436523437498,0.02,0.01,0.05
QQQ,2026-09-04,2026-10-09,P,450.0,264,40,0.5908244042968751,0.12,0.1,0.12
QQQ,2026-09-04,2026-10-09,P,455.0,1,0,0.58789474609375,0.2,0.11,0.15
QQQ,2026-09-04,2026-10-09,P,460.0,15,3,0.5800823242187501,0.16,0.12,0.16
QQQ,2026-09-04,2026-10-09,P,480.0,171,9,0.5410202148437502,0.19,0.15,0.19
QQQ,2026-09-04,2026-10-09,P,485.0,10,20,0.5317429638671876,0.2,0.16,0.2
QQQ,2026-09-04,2026-10-09,P,490.0,2,12,0.5224657128906249,0.21,0.17,0.21
QQQ,2026-09-04,2026-10-09,P,495.0,46,2,0.5127001855468749,0.22,0.18,0.22
QQQ,2026-09-04,2026-10-09,P,500.0,98,18,0.5034229345703125,0.23,0.19,0.23
QQQ,2026-09-04,2026-10-09,P,510.0,2,39,0.49121602539062503,0.23,0.22,0.26
QQQ,2026-09-04,2026-10-09,P,515.0,4,34,0.4760794580078125,0.25,0.24,0.25
QQQ,2026-09-04,2026-10-09,P,520.0,2,3,0.4726615234375,0.27,0.25,0.29
QQQ,2026-09-04,2026-10-09,P,525.0,2,6,0.4621635815429688,0.27,0.27,0.3
QQQ,2026-09-04,2026-10-09,P,530.0,3,7,0.4555718505859375,0.31,0.29,0.33
QQQ,2026-09-04,2026-10-09,P,535.0,8,1,0.44482977050781247,0.36,0.31,0.34
QQQ,2026-09-04,2026-10-09,P,540.0,74,2,0.437505625,0.37,0.33,0.37
QQQ,2026-09-04,2026-10-09,P,550.0,20,204,0.4184628466796875,0.41,0.38,0.41
QQQ,2026-09-04,2026-10-09,P,555.0,56,3,0.4101621484375,0.48,0.4,0.44
QQQ,2026-09-04,2026-10-09,P,560.0,89,8,0.40161731201171874,0.46,0.43,0.47
QQQ,2026-09-04,2026-10-09,P,565.0,17,4,0.39282833740234374,0.48,0.47,0.5
QQQ,2026-09-04,2026-10-09,P,570.0,31,65,0.38477177734374995,0.54,0.5,0.54
QQQ,2026-09-04,2026-10-09,P,575.0,46,5,0.3764710791015625,0.56,0.54,0.58
QQQ,2026-09-04,2026-10-09,P,580.0,44,28,0.3679262426757813,0.6,0.58,0.62
QQQ,2026-09-04,2026-10-09,P,585.0,559,553,0.3588931298828125,0.63,0.63,0.66
QQQ,2026-09-04,2026-10-09,P,590.0,82,13,0.350470362548828,0.73,0.68,0.71
QQQ,2026-09-04,2026-10-09,P,595.0,65,7,0.3425358715820312,0.77,0.74,0.77
QQQ,2026-09-04,2026-10-09,P,600.0,112,33,0.33411310424804685,0.84,0.8,0.83
QQQ,2026-09-04,2026-10-09,P,605.0,41,28,0.3259344750976562,0.92,0.87,0.9
QQQ,2026-09-04,2026-10-09,P,610.0,81,23,0.31799998413085934,1.05,0.95,0.98
QQQ,2026-09-04,2026-10-09,P,615.0,56,16,0.3100654931640625,1.07,1.03,1.07
QQQ,2026-09-04,2026-10-09,P,620.0,131,17,0.30225307128906254,1.17,1.13,1.17
QQQ,2026-09-04,2026-10-09,P,625.0,86,11,0.2942575457763671,1.29,1.24,1.28
QQQ,2026-09-04,2026-10-09,P,630.0,316,16,0.28613995117187496,1.42,1.37,1.4
QQQ,2026-09-04,2026-10-09,P,635.0,246,31,0.2786937365722656,1.51,1.52,1.55
QQQ,2026-09-04,2026-10-09,P,640.0,1151,20,0.2712475219726562,1.8,1.69,1.72
QQQ,2026-09-04,2026-10-09,P,645.0,688,42,0.2637402728271484,1.94,1.88,1.91
QQQ,2026-09-04,2026-10-09,P,650.0,490,95,0.25666026550292964,2.13,2.1,2.14
QQQ,2026-09-04,2026-10-09,P,655.0,174,34,0.24948870635986325,2.35,2.36,2.4
QQQ,2026-09-04,2026-10-09,P,660.0,418,400,0.2423781817626953,2.68,2.66,2.7
QQQ,2026-09-04,2026-10-09,P,665.0,432,131,0.2354202435302734,3.02,3.01,3.05
QQQ,2026-09-04,2026-10-09,P,670.0,485,103,0.22882851257324222,3.43,3.43,3.47
QQQ,2026-09-04,2026-10-09,P,675.0,639,56,0.22232833343505853,3.91,3.9,3.96
QQQ,2026-09-04,2026-10-09,P,676.0,91,12,0.2210771252441406,4.0,4.01,4.07
QQQ,2026-09-04,2026-10-09,P,677.0,64,18,0.2197953997802734,4.1,4.13,4.18
QQQ,2026-09-04,2026-10-09,P,678.0,45,6,0.2186052261352539,4.22,4.24,4.3
QQQ,2026-09-04,2026-10-09,P,679.0,703,3,0.21717091430664062,4.47,4.35,4.41
QQQ,2026-09-04,2026-10-09,P,680.0,1262,109,0.2157060852050781,4.49,4.47,4.52
QQQ,2026-09-04,2026-10-09,P,681.0,23,6,0.21451591156005856,4.73,4.59,4.65
QQQ,2026-09-04,2026-10-09,P,682.0,49,15,0.21341728973388674,4.9,4.73,4.79
QQQ,2026-09-04,2026-10-09,P,683.0,123,6,0.21192194335937498,5.46,4.84,4.91
QQQ,2026-09-04,2026-10-09,P,684.0,54,14,0.21088435607910155,5.06,5.0,5.06
QQQ,2026-09-04,2026-10-09,P,685.0,239,64,0.20941952697753902,5.14,5.13,5.19
QQQ,2026-09-04,2026-10-09,P,686.0,34,7,0.20822935333251946,5.38,5.27,5.34
QQQ,2026-09-04,2026-10-09,P,687.0,70,16,0.20694762786865228,5.48,5.42,5.49
QQQ,2026-09-04,2026-10-09,P,688.0,53,6,0.2059405578613281,5.75,5.6,5.66
QQQ,2026-09-04,2026-10-09,P,689.0,18,4,0.2046588323974609,5.9,5.76,5.82
QQQ,2026-09-04,2026-10-09,P,690.0,259,77,0.2031634860229492,6.14,5.9,5.97
QQQ,2026-09-04,2026-10-09,P,691.0,20,8,0.20206486419677733,6.81,6.07,6.15
QQQ,2026-09-04,2026-10-09,P,692.0,118,7,0.20075262145996092,6.27,6.25,6.32
QQQ,2026-09-04,2026-10-09,P,693.0,28,4,0.19962348236083982,7.09,6.44,6.51
QQQ,2026-09-04,2026-10-09,P,694.0,131,2,0.1982807223510742,7.6,6.61,6.69
QQQ,2026-09-04,2026-10-09,P,695.0,92,24,0.19715158325195312,6.86,6.82,6.89
QQQ,2026-09-04,2026-10-09,P,696.0,167,10,0.19605296142578127,7.05,7.02,7.1
QQQ,2026-09-04,2026-10-09,P,697.0,87,36,0.19504589141845702,7.48,7.24,7.32
QQQ,2026-09-04,2026-10-09,P,698.0,73,35,0.19379468322753907,7.7,7.45,7.53
QQQ,2026-09-04,2026-10-09,P,699.0,58,14,0.19229933685302736,7.92,7.65,7.73
QQQ,2026-09-04,2026-10-09,P,700.0,893,246,0.19129226684570313,8.0,7.89,7.97
QQQ,2026-09-04,2026-10-09,P,701.0,24,3,0.19016312774658206,8.41,8.13,8.21
QQQ,2026-09-04,2026-10-09,P,702.0,34,26,0.1889729541015625,8.36,8.37,8.45
QQQ,2026-09-04,2026-10-09,P,703.0,201,28,0.1875386422729492,8.6,8.59,8.68
QQQ,2026-09-04,2026-10-09,P,704.0,113,10,0.18637898590087892,9.05,8.86,8.94
QQQ,2026-09-04,2026-10-09,P,705.0,286,70,0.18515829498291014,9.48,9.11,9.2
QQQ,2026-09-04,2026-10-09,P,706.0,26,3,0.18433432861328125,10.0,9.39,9.5
QQQ,2026-09-04,2026-10-09,P,707.0,158,27,0.1830220858764648,9.71,9.68,9.77
QQQ,2026-09-04,2026-10-09,P,708.0,56,30,0.18186242950439452,9.93,9.97,10.06
QQQ,2026-09-04,2026-10-09,P,709.0,31,19,0.1804738935852051,10.36,10.25,10.34
QQQ,2026-09-04,2026-10-09,P,710.0,284,80,0.17936001312255856,10.56,10.56,10.65
QQQ,2026-09-04,2026-10-09,P,711.0,114,3,0.178719150390625,11.19,10.9,11.01
QQQ,2026-09-04,2026-10-09,P,712.0,149,1,0.1772543212890625,12.56,11.22,11.31
QQQ,2026-09-04,2026-10-09,P,713.0,134,105,0.17618621673583984,11.88,11.55,11.65
QQQ,2026-09-04,2026-10-09,P,714.0,297,1,0.17496552581787111,12.15,11.89,11.99
QQQ,2026-09-04,2026-10-09,P,715.0,243,110,0.1735312139892578,12.35,12.2,12.32
QQQ,2026-09-04,2026-10-09,P,716.0,112,26,0.1726767303466797,13.1,12.6,12.71
QQQ,2026-09-04,2026-10-09,P,717.0,224,31,0.17124241851806643,13.39,12.96,13.06
QQQ,2026-09-04,2026-10-09,P,718.0,787,87,0.17015905532836917,13.4,13.34,13.45
QQQ,2026-09-04,2026-10-09,P,719.0,96,98,0.16858741577148442,13.81,13.73,13.81
QQQ,2026-09-04,2026-10-09,P,720.0,124,173,0.16819069122314456,14.2,14.17,14.28
QQQ,2026-09-04,2026-10-09,P,721.0,62,22,0.16684793121337893,14.67,14.56,14.68
QQQ,2026-09-04,2026-10-09,P,722.0,94,2,0.16605448211669926,14.91,15.01,15.14
QQQ,2026-09-04,2026-10-09,P,723.0,79,1,0.1645591357421875,17.85,15.41,15.55
QQQ,2026-09-04,2026-10-09,P,724.0,5,1,0.16352154846191408,15.66,15.89,16.01
QQQ,2026-09-04,2026-10-09,P,725.0,40,2,0.16268232345581057,16.84,16.36,16.5
QQQ,2026-09-04,2026-10-09,P,726.0,18,15,0.1619499089050293,19.1,16.88,17.01
QQQ,2026-09-04,2026-10-09,P,727.0,4,0,0.16083602844238282,19.67,17.35,17.5
QQQ,2026-09-04,2026-10-09,P,730.0,8,59,0.15732654205322266,19.44,18.89,19.03
QQQ,2026-09-04,2026-10-09,P,731.0,2,0,0.1563499893188477,21.68,19.43,19.58
QQQ,2026-09-04,2026-10-09,P,732.0,5,2,0.15531240203857422,22.16,19.99,20.14
QQQ,2026-09-04,2026-10-09,P,733.0,5,3,0.1543968838500977,22.06,20.56,20.72
QQQ,2026-09-04,2026-10-09,P,734.0,2,2,0.15293205474853522,22.75,21.11,21.27
QQQ,2026-09-04,2026-10-09,P,735.0,2,2,0.1523064506530762,24.14,21.73,21.9
QQQ,2026-09-04,2026-10-09,P,740.0,30,1,0.14725584197998048,25.19,24.91,25.09
QQQ,2026-09-04,2026-10-09,P,741.0,1,0,0.14644713424682615,31.4,25.6,25.78
QQQ,2026-09-04,2026-10-09,P,743.0,6,0,0.1484765328979492,29.71,27.02,27.44
QQQ,2026-09-04,2026-10-09,P,750.0,4,0,0.14328859649658204,37.05,30.79,32.75
QQQ,2026-09-04,2026-10-09,P,760.0,1,0,0.1364222100830078,54.37,40.64,41.21
QQQ,2026-09-04,2026-10-09,P,780.0,0,0,0.19196364685058598,73.58,58.0,61.49
QQQ,2026-09-04,2026-10-09,P,785.0,0,0,0.2004474487304687,78.58,62.93,66.4
QQQ,2026-09-04,2026-10-16,C,300.0,16,4,1.2241249731445314,433.0,419.23,422.71
QQQ,2026-09-04,2026-10-16,C,305.0,1,1,1.2075234936523436,413.87,414.25,417.74
QQQ,2026-09-04,2026-10-16,C,310.0,11,1,1.1904337353515624,409.99,409.28,412.76
QQQ,2026-09-04,2026-10-16,C,315.0,10,10,1.0000000000000003e-05,384.34,391.55,394.2
QQQ,2026-09-04,2026-10-16,C,320.0,11,1,1.1567424975585938,395.21,399.32,402.81
QQQ,2026-09-04,2026-10-16,C,325.0,3,2,1.0000000000000003e-05,398.0,381.74,384.26
QQQ,2026-09-04,2026-10-16,C,330.0,12,1,1.1240278173828124,391.02,389.37,392.86
QQQ,2026-09-04,2026-10-16,C,335.0,17,1,1.1079146166992189,383.91,384.4,387.88
QQQ,2026-09-04,2026-10-16,C,340.0,2,1,1.058842596435547,373.63,379.1,382.8
QQQ,2026-09-04,2026-10-16,C,350.0,13,1,1.0595750146484377,360.09,369.47,372.95
QQQ,2026-09-04,2026-10-16,C,355.0,251,1,1.0537156689453124,347.8,362.58,366.31
QQQ,2026-09-04,2026-10-16,C,360.0,400,400,1.0000000000000003e-05,348.38,346.89,349.55
QQQ,2026-09-04,2026-10-16,C,365.0,4,1,1.0000000000000003e-05,332.66,341.93,344.58
QQQ,2026-09-04,2026-10-16,C,370.0,10,10,1.0000000000000003e-05,329.54,336.97,339.62
QQQ,2026-09-04,2026-10-16,C,375.0,1,0,1.8089609161376952,352.39,363.67,367.13
QQQ,2026-09-04,2026-10-16,C,380.0,53,5,0.9681399670410156,333.19,339.62,343.11
QQQ,2026-09-04,2026-10-16,C,385.0,33,32,1.7633678823852539,334.69,354.07,357.68
QQQ,2026-09-04,2026-10-16,C,390.0,4,1,1.0000000000000003e-05,314.63,317.14,319.86
QQQ,2026-09-04,2026-10-16,C,395.0,6,1,0.9240730249023439,324.3,324.7,328.19
QQQ,2026-09-04,2026-10-16,C,400.0,178,150,0.9113778393554688,309.84,319.76,323.22
QQQ,2026-09-04,2026-10-16,C,405.0,3,1,0.8952647192382811,308.6,314.76,318.24
QQQ,2026-09-04,2026-10-16,C,410.0,4,1,0.8811047045898437,299.15,309.79,313.27
QQQ,2026-09-04,2026-10-16,C,420.0,3,1,0.8527846752929689,289.09,299.84,303.33
QQQ,2026-09-04,2026-10-16,C,425.0,15,1,0.8393570751953124,282.13,294.88,298.36
QQQ,2026-09-04,2026-10-16,C,430.0,7,2,0.8255632678222655,278.0,289.91,293.39
QQQ,2026-09-04,2026-10-16,C,435.0,66,2,1.0000000000000003e-05,296.46,262.62,266.33
QQQ,2026-09-04,2026-10-16,C,440.0,58,2,0.7980977221679688,275.89,279.96,283.46
QQQ,2026-09-04,2026-10-16,C,445.0,1,1,0.8542495043945313,263.49,275.96,279.55
QQQ,2026-09-04,2026-10-16,C,450.0,25,1,0.7709983837890625,268.35,270.02,273.52
QQQ,2026-09-04,2026-10-16,C,455.0,3,1,1.0000000000000003e-05,288.95,252.74,255.5
QQQ,2026-09-04,2026-10-16,C,460.0,89,51,0.7458521508789062,258.5,260.13,263.58
QQQ,2026-09-04,2026-10-16,C,465.0,37,1,0.7309597216796875,250.68,255.12,258.61
QQQ,2026-09-04,2026-10-16,C,470.0,52,1,0.7182645361328125,240.65,250.16,253.65
QQQ,2026-09-04,2026-10-16,C,475.0,48,35,0.7049590051269532,243.38,245.19,248.68
QQQ,2026-09-04,2026-10-16,C,480.0,33,4,0.6916534741210938,239.04,240.22,243.71
QQQ,2026-09-04,2026-10-16,C,485.0,52,1,0.6790803576660158,234.5,235.26,238.75
QQQ,2026-09-04,2026-10-16,C,490.0,24,47,0.6693148303222658,241.82,228.46,232.09
QQQ,2026-09-04,2026-10-16,C,495.0,62,6,0.6539341247558594,218.35,225.35,228.82
QQQ,2026-09-04,2026-10-16,C,500.0,113,75,0.6413610083007812,218.3,220.39,223.86
QQQ,2026-09-04,2026-10-16,C,505.0,8,5,0.6287878918457033,215.46,215.43,218.9
QQQ,2026-09-04,2026-10-16,C,510.0,13,8,0.6162147753906251,206.94,210.47,213.94
QQQ,2026-09-04,2026-10-16,C,515.0,23,5,0.603763728027344,222.53,205.5,208.99
QQQ,2026-09-04,2026-10-16,C,520.0,48,1,0.5911906115722658,193.8,200.54,204.03
QQQ,2026-09-04,2026-10-16,C,525.0,62,1,0.5791668060302735,186.87,195.59,199.08
QQQ,2026-09-04,2026-10-16,C,530.0,41,1,0.5668988623046876,177.69,190.64,194.12
QQQ,2026-09-04,2026-10-16,C,535.0,76,2,0.5545698840332032,184.95,185.68,189.17
QQQ,2026-09-04,2026-10-16,C,540.0,184,1,0.5429733203125001,171.86,180.74,184.23
QQQ,2026-09-04,2026-10-16,C,545.0,25,6,0.5312546875,191.46,175.81,179.28
QQQ,2026-09-04,2026-10-16,C,550.0,141,16,0.5191088128662109,172.59,170.85,174.34
QQQ,2026-09-04,2026-10-16,C,555.0,69,10,1.0000000000000003e-05,179.86,154.27,156.97
QQQ,2026-09-04,2026-10-16,C,560.0,188,1,0.5570723004150393,162.75,160.99,164.46
QQQ,2026-09-04,2026-10-16,C,565.0,130,1,0.5434615966796876,149.04,156.03,159.52
QQQ,2026-09-04,2026-10-16,C,570.0,73,3,0.5304612384033205,139.32,151.11,154.6
QQQ,2026-09-04,2026-10-16,C,575.0,42,1,0.5170641555786133,134.36,146.18,149.67
QQQ,2026-09-04,2026-10-16,C,580.0,372,3,0.5039722454833984,140.95,141.26,144.75
QQQ,2026-09-04,2026-10-16,C,585.0,95,1,0.4910329217529297,136.03,136.35,139.84
QQQ,2026-09-04,2026-10-16,C,590.0,287,4,0.478093598022461,122.07,131.44,134.93
QQQ,2026-09-04,2026-10-16,C,595.0,150,5,0.46533737792968755,117.22,126.54,130.03
QQQ,2026-09-04,2026-10-16,C,600.0,518,2,0.452703226928711,122.04,121.65,125.14
QQQ,2026-09-04,2026-10-16,C,605.0,368,3,0.4402216622924804,106.6,116.79,120.26
QQQ,2026-09-04,2026-10-16,C,610.0,287,5,0.4276180285644532,101.03,111.89,115.38
QQQ,2026-09-04,2026-10-16,C,615.0,533,3,0.41535008483886715,106.01,107.03,110.52
QQQ,2026-09-04,2026-10-16,C,620.0,292,7,0.40332627929687503,93.46,102.18,105.68
QQQ,2026-09-04,2026-10-16,C,625.0,1811,2,0.3913024737548828,96.55,97.35,100.85
QQQ,2026-09-04,2026-10-16,C,630.0,614,1,0.3577945080566406,91.43,92.58,95.01
QQQ,2026-09-04,2026-10-16,C,635.0,252,1,0.3469913934326171,88.25,89.49,90.22
QQQ,2026-09-04,2026-10-16,C,640.0,287,1,0.33624931335449215,75.18,83.03,85.45
QQQ,2026-09-04,2026-10-16,C,645.0,321,3,0.32459171508789053,78.28,78.29,80.65
QQQ,2026-09-04,2026-10-16,C,650.0,1384,4,0.31445998046874996,75.67,75.37,75.95
QQQ,2026-09-04,2026-10-16,C,651.0,2,4,0.30795980133056633,69.6,74.27,74.77
QQQ,2026-09-04,2026-10-16,C,652.0,3,4,0.3113472186279296,68.69,71.72,74.13
QQQ,2026-09-04,2026-10-16,C,653.0,31,21,0.3050911776733398,69.91,70.79,72.96
QQQ,2026-09-04,2026-10-16,C,654.0,6,1,0.30225307128906254,76.13,69.86,71.98
QQQ,2026-09-04,2026-10-16,C,655.0,883,5,0.3052742813110352,70.72,68.93,71.33
QQQ,2026-09-04,2026-10-16,C,656.0,34,2,0.3032601412963867,64.46,68.01,70.4
QQQ,2026-09-04,2026-10-16,C,657.0,3,2,0.3013985876464844,57.22,67.08,69.48
QQQ,2026-09-04,2026-10-16,C,658.0,14,2,0.2672192419433594,44.97,65.93,66.76
QQQ,2026-09-04,2026-10-16,C,659.0,29,2,0.2967294448852539,68.14,66.92,67.59
QQQ,2026-09-04,2026-10-16,C,660.0,1004,3,0.29480685668945306,64.19,66.13,66.67
QQQ,2026-09-04,2026-10-16,C,661.0,14,2,0.29300633758544914,65.42,65.21,65.76
QQQ,2026-09-04,2026-10-16,C,662.0,8,2,0.2936472003173828,63.0,64.3,65.0
QQQ,2026-09-04,2026-10-16,C,663.0,3,1,0.28900857482910147,63.63,61.58,63.92
QQQ,2026-09-04,2026-10-16,C,664.0,34,33,0.28794047027587877,64.51,60.67,63.06
QQQ,2026-09-04,2026-10-16,C,665.0,483,1,0.28601788208007806,51.22,59.77,62.15
QQQ,2026-09-04,2026-10-16,C,666.0,10,6,0.28504132934570303,50.39,58.86,61.3
QQQ,2026-09-04,2026-10-16,C,667.0,33,4,0.2816539120483398,55.3,57.96,60.3
QQQ,2026-09-04,2026-10-16,C,668.0,6,1,0.27982287567138664,69.27,57.07,59.4
QQQ,2026-09-04,2026-10-16,C,669.0,15,1,0.2787242538452148,54.29,56.17,58.55
QQQ,2026-09-04,2026-10-16,C,670.0,680,2,0.2762218374633788,55.9,55.28,57.61
QQQ,2026-09-04,2026-10-16,C,671.0,27,6,0.2744518356323242,54.17,54.39,56.72
QQQ,2026-09-04,2026-10-16,C,672.0,116,2,0.2732311447143554,53.82,55.16,55.87
QQQ,2026-09-04,2026-10-16,C,673.0,10,1,0.24619284088134769,67.2,52.36,53.32
QQQ,2026-09-04,2026-10-16,C,674.0,47,2,0.26978269287109374,52.0,51.74,54.11
QQQ,2026-09-04,2026-10-16,C,675.0,518,1,0.26773803558349607,51.28,50.86,53.21
QQQ,2026-09-04,2026-10-16,C,676.0,62,1,0.26578493011474613,53.13,49.99,52.32
QQQ,2026-09-04,2026-10-16,C,677.0,166,1,0.2640759628295898,49.45,49.12,51.45
QQQ,2026-09-04,2026-10-16,C,678.0,62,5,0.2627637200927735,49.79,48.25,50.61
QQQ,2026-09-04,2026-10-16,C,679.0,65,2,0.2611157873535156,41.8,47.39,49.75
QQQ,2026-09-04,2026-10-16,C,680.0,1432,33,0.25888802642822273,46.73,48.37,48.85
QQQ,2026-09-04,2026-10-16,C,681.0,43,2,0.2574537145996094,46.01,45.64,48.01
QQQ,2026-09-04,2026-10-16,C,682.0,42,4,0.25284560638427733,51.72,44.83,46.94
QQQ,2026-09-04,2026-10-16,C,683.0,65,1,0.25427991821289064,44.39,43.98,46.32
QQQ,2026-09-04,2026-10-16,C,684.0,58,4,0.25269302001953126,43.15,43.14,45.48
QQQ,2026-09-04,2026-10-16,C,685.0,1134,3,0.24857318817138674,42.77,44.03,44.45
QQQ,2026-09-04,2026-10-16,C,686.0,115,1,0.24666585861206058,40.93,43.2,43.59
QQQ,2026-09-04,2026-10-16,C,687.0,90,1,0.24549094360351562,41.72,42.47,42.79
QQQ,2026-09-04,2026-10-16,C,688.0,95,3,0.24375145904541018,40.77,41.67,41.95
QQQ,2026-09-04,2026-10-16,C,689.0,223,1,0.2423476644897461,45.51,40.85,41.14
QQQ,2026-09-04,2026-10-16,C,690.0,1652,26,0.24100490447998046,39.98,40.02,40.34
QQQ,2026-09-04,2026-10-16,C,691.0,63,2,0.23923490264892577,39.19,39.21,39.51
QQQ,2026-09-04,2026-10-16,C,692.0,119,2,0.23780059082031246,30.23,38.43,38.71
QQQ,2026-09-04,2026-10-16,C,693.0,109,1,0.2365493826293945,33.0,37.62,37.93
QQQ,2026-09-04,2026-10-16,C,694.0,82,1,0.23525239852905272,33.7,36.83,37.15
QQQ,2026-09-04,2026-10-16,C,695.0,1056,2,0.23267368896484375,36.87,35.95,36.27
QQQ,2026-09-04,2026-10-16,C,696.0,96,1,0.23221592987060546,34.01,35.26,35.57
QQQ,2026-09-04,2026-10-16,C,697.0,78,6,0.23097998031616213,26.35,34.48,34.81
QQQ,2026-09-04,2026-10-16,C,698.0,310,6,0.22956092712402343,26.34,33.7,34.04
QQQ,2026-09-04,2026-10-16,C,699.0,70,4,0.22760782165527343,25.82,32.93,33.23
QQQ,2026-09-04,2026-10-16,C,700.0,9738,197,0.225593681640625,32.39,32.09,32.42
QQQ,2026-09-04,2026-10-16,C,701.0,71,5,0.22528850891113278,26.8,31.34,31.76
QQQ,2026-09-04,2026-10-16,C,702.0,121,4,0.22338117935180662,27.7,30.59,30.97
QQQ,2026-09-04,2026-10-16,C,703.0,127,2,0.22267928207397458,30.01,29.94,30.29
QQQ,2026-09-04,2026-10-16,C,704.0,167,56,0.22077195251464843,22.17,29.21,29.51
QQQ,2026-09-04,2026-10-16,C,705.0,2061,47,0.21880358840942382,28.39,28.41,28.73
QQQ,2026-09-04,2026-10-16,C,706.0,277,1,0.21666737930297852,26.07,27.77,27.94
QQQ,2026-09-04,2026-10-16,C,707.0,566,13,0.2157976370239258,26.2,27.11,27.27
QQQ,2026-09-04,2026-10-16,C,708.0,992,21,0.21508048110961914,25.15,26.45,26.62
QQQ,2026-09-04,2026-10-16,C,709.0,799,6,0.21274590972900392,25.21,25.67,25.83
QQQ,2026-09-04,2026-10-16,C,710.0,4240,648,0.2124102197265625,24.82,25.06,25.23
QQQ,2026-09-04,2026-10-16,C,711.0,661,1,0.21112849426269528,22.84,24.39,24.55
QQQ,2026-09-04,2026-10-16,C,712.0,8653,16,0.20879392288208004,23.75,23.63,23.78
QQQ,2026-09-04,2026-10-16,C,713.0,1482,11,0.20822935333251946,22.54,23.03,23.18
QQQ,2026-09-04,2026-10-16,C,714.0,878,32,0.20694762786865228,21.9,22.41,22.52
QQQ,2026-09-04,2026-10-16,C,715.0,6345,252,0.205787971496582,21.71,21.73,21.88
QQQ,2026-09-04,2026-10-16,C,716.0,783,48,0.2046435737609863,21.11,21.09,21.25
QQQ,2026-09-04,2026-10-16,C,717.0,1487,85,0.20342288284301757,20.45,20.47,20.62
QQQ,2026-09-04,2026-10-16,C,718.0,925,193,0.20233951965332028,19.89,19.85,20.01
QQQ,2026-09-04,2026-10-16,C,719.0,1461,112,0.20020331054687499,18.85,19.2,19.31
QQQ,2026-09-04,2026-10-16,C,720.0,14725,1476,0.19936408554077145,18.7,18.66,18.74
QQQ,2026-09-04,2026-10-16,C,721.0,2249,65,0.1987537400817871,17.96,18.07,18.2
QQQ,2026-09-04,2026-10-16,C,722.0,578,367,0.19753304916381836,17.46,17.52,17.61
QQQ,2026-09-04,2026-10-16,C,723.0,1004,60,0.19684641052246094,16.91,16.96,17.08
QQQ,2026-09-04,2026-10-16,C,724.0,413,137,0.19553416778564453,15.62,16.37,16.5
QQQ,2026-09-04,2026-10-16,C,725.0,6486,456,0.19446606323242188,15.88,15.83,15.95
QQQ,2026-09-04,2026-10-16,C,726.0,695,87,0.19297071685791017,15.2,15.29,15.37
QQQ,2026-09-04,2026-10-16,C,727.0,429,96,0.19245192321777344,14.62,14.77,14.89
QQQ,2026-09-04,2026-10-16,C,728.0,1608,4,0.1915058877563477,14.04,14.25,14.38
QQQ,2026-09-04,2026-10-16,C,729.0,646,22,0.18970536865234378,13.74,13.73,13.8
QQQ,2026-09-04,2026-10-16,C,730.0,18829,2460,0.18900347137451173,13.29,13.26,13.33
QQQ,2026-09-04,2026-10-16,C,731.0,877,59,0.1881947636413574,12.76,12.79,12.86
QQQ,2026-09-04,2026-10-16,C,732.0,728,6,0.1878438150024414,11.9,12.32,12.44
QQQ,2026-09-04,2026-10-16,C,733.0,652,15,0.18616536499023437,11.34,11.81,11.91
QQQ,2026-09-04,2026-10-16,C,734.0,3170,62,0.18549398498535152,11.39,11.41,11.48
QQQ,2026-09-04,2026-10-16,C,735.0,2557,168,0.18503622589111324,10.96,11.0,11.08
QQQ,2026-09-04,2026-10-16,C,736.0,487,67,0.18404441452026365,10.46,10.55,10.64
QQQ,2026-09-04,2026-10-16,C,737.0,436,33,0.18338829315185545,9.63,10.14,10.24
QQQ,2026-09-04,2026-10-16,C,738.0,401,89,0.18262536132812499,9.24,9.75,9.84
QQQ,2026-09-04,2026-10-16,C,739.0,700,37,0.18187768814086913,9.27,9.37,9.45
QQQ,2026-09-04,2026-10-16,C,740.0,22324,427,0.1805501867675781,8.93,8.97,9.02
QQQ,2026-09-04,2026-10-16,C,741.0,551,80,0.179695703125,8.51,8.59,8.64
QQQ,2026-09-04,2026-10-16,C,742.0,549,53,0.179421047668457,7.95,8.25,8.32
QQQ,2026-09-04,2026-10-16,C,743.0,775,28,0.1789480299377441,7.62,7.93,7.99
QQQ,2026-09-04,2026-10-16,C,744.0,1299,215,0.1783529431152344,7.28,7.57,7.66
QQQ,2026-09-04,2026-10-16,C,745.0,8580,90,0.17765104583740232,7.22,7.25,7.33
QQQ,2026-09-04,2026-10-16,C,746.0,1189,25,0.1765829412841797,6.87,6.92,6.98
QQQ,2026-09-04,2026-10-16,C,747.0,1318,494,0.1765524240112305,6.57,6.66,6.72
QQQ,2026-09-04,2026-10-16,C,748.0,753,333,0.1758810440063477,6.23,6.35,6.42
QQQ,2026-09-04,2026-10-16,C,749.0,708,100,0.1754995780944824,5.83,6.09,6.15
QQQ,2026-09-04,2026-10-16,C,750.0,31775,1067,0.1745993185424805,5.82,5.81,5.85
QQQ,2026-09-04,2026-10-16,C,755.0,7468,300,0.17237155761718753,4.62,4.59,4.64
QQQ,2026-09-04,2026-10-16,C,760.0,5539,1085,0.17078465942382814,3.6,3.61,3.66
QQQ,2026-09-04,2026-10-16,C,765.0,6586,232,0.16910620941162113,2.78,2.8,2.84
QQQ,2026-09-04,2026-10-16,C,770.0,23236,272,0.16834327758789067,2.19,2.18,2.21
QQQ,2026-09-04,2026-10-16,C,775.0,5725,682,0.16782448394775396,1.7,1.67,1.71
QQQ,2026-09-04,2026-10-16,C,780.0,6217,131,0.16736672485351564,1.29,1.27,1.31
QQQ,2026-09-04,2026-10-16,C,785.0,3314,35,0.16754982849121097,0.97,0.98,1.01
QQQ,2026-09-04,2026-10-16,C,790.0,2669,424,0.16803810485839848,0.72,0.75,0.78
QQQ,2026-09-04,2026-10-16,C,795.0,4046,6,0.1690756921386719,0.55,0.58,0.61
QQQ,2026-09-04,2026-10-16,C,800.0,25950,1465,0.16858741577148442,0.46,0.45,0.45
QQQ,2026-09-04,2026-10-16,C,805.0,2311,47,0.17127293579101563,0.36,0.35,0.37
QQQ,2026-09-04,2026-10-16,C,810.0,1707,43,0.17359224853515626,0.29,0.27,0.3
QQQ,2026-09-04,2026-10-16,C,815.0,1737,14,0.17652190673828128,0.21,0.21,0.25
QQQ,2026-09-04,2026-10-16,C,820.0,3815,9,0.17701018310546873,0.18,0.16,0.19
QQQ,2026-09-04,2026-10-16,C,825.0,7413,15,0.17993984130859375,0.15,0.13,0.16
QQQ,2026-09-04,2026-10-16,C,830.0,2389,1,0.18384605224609374,0.12,0.1,0.14
QQQ,2026-09-04,2026-10-16,C,835.0,1906,2,0.1870198486328125,0.09,0.08,0.12
QQQ,2026-09-04,2026-10-16,C,840.0,3303,8,0.18457846679687498,0.11,0.07,0.08
QQQ,2026-09-04,2026-10-16,C,845.0,1614,1,0.19336744140625,0.05,0.06,0.09
QQQ,2026-09-04,2026-10-16,C,850.0,6972,6,0.19727365234375,0.06,0.05,0.08
QQQ,2026-09-04,2026-10-16,C,855.0,598,8,0.20020331054687499,0.06,0.04,0.07
QQQ,2026-09-04,2026-10-16,C,860.0,879,1,0.20655090332031245,0.05,0.03,0.07
QQQ,2026-09-04,2026-10-16,C,865.0,1145,10,0.20899228515624996,0.05,0.03,0.06
QQQ,2026-09-04,2026-10-16,C,870.0,325,1,0.2148516015625,0.04,0.02,0.06
QQQ,2026-09-04,2026-10-16,C,875.0,272,2,0.21680470703125,0.05,0.02,0.05
QQQ,2026-09-04,2026-10-16,C,880.0,1458,10,0.22217574707031246,0.03,0.02,0.05
QQQ,2026-09-04,2026-10-16,C,885.0,3337,2,0.22266402343749997,0.04,0.02,0.04
QQQ,2026-09-04,2026-10-16,C,890.0,331,1,0.22852333984375,0.04,0.01,0.04
QQQ,2026-09-04,2026-10-16,C,895.0,495,34,0.233406103515625,0.04,0.02,0.04
QQQ,2026-09-04,2026-10-16,C,900.0,17309,259,0.23926541992187497,0.03,0.01,0.04
QQQ,2026-09-04,2026-10-16,C,905.0,173,1,0.24414818359375,0.01,0.01,0.04
QQQ,2026-09-04,2026-10-16,C,910.0,471,5,0.243171630859375,0.03,0.01,0.03
QQQ,2026-09-04,2026-10-16,C,915.0,144,1,0.24805439453125,0.07,0.01,0.03
QQQ,2026-09-04,2026-10-16,C,920.0,4229,40,0.25391371093750004,0.03,0.01,0.03
QQQ,2026-09-04,2026-10-16,C,925.0,820,207,0.25879647460937505,0.06,0.01,0.03
QQQ,2026-09-04,2026-10-16,C,930.0,149,6,0.26367923828125,0.01,0.01,0.03
QQQ,2026-09-04,2026-10-16,C,935.0,91,1,0.26856200195312496,0.09,0.0,0.03
QQQ,2026-09-04,2026-10-16,C,940.0,657,1,0.273444765625,0.02,0.0,0.03
QQQ,2026-09-04,2026-10-16,C,945.0,196,1,0.278327529296875,0.02,0.0,0.03
QQQ,2026-09-04,2026-10-16,C,950.0,905,2,0.257819921875,0.05,0.0,0.01
QQQ,2026-09-04,2026-10-16,C,955.0,1184,1,0.2880930566406249,0.08,0.0,0.03
QQQ,2026-09-04,2026-10-16,C,960.0,180,20,0.2929758203124999,0.03,0.0,0.03
QQQ,2026-09-04,2026-10-16,C,965.0,113,6,0.29688203124999996,0.04,0.0,0.03
QQQ,2026-09-04,2026-10-16,C,970.0,15785,5,0.2929758203124999,0.04,0.0,0.02
QQQ,2026-09-04,2026-10-16,C,975.0,98,12,0.30664755859375,0.18,0.0,0.03
QQQ,2026-09-04,2026-10-16,C,980.0,164,86,0.3007882421875,0.05,0.0,0.02
QQQ,2026-09-04,2026-10-16,C,985.0,30,1,0.31641308593749995,0.34,0.0,0.03
QQQ,2026-09-04,2026-10-16,C,990.0,1011,1,0.31055376953124997,0.03,0.0,0.02
QQQ,2026-09-04,2026-10-16,C,1000.0,40,6,0.32031929687499994,0.05,0.0,0.02
QQQ,2026-09-04,2026-10-16,C,1010.0,182,122,0.32813171874999997,0.05,0.0,0.02
QQQ,2026-09-04,2026-10-16,C,1015.0,2,1,0.3437565625,0.05,0.0,0.03
QQQ,2026-09-04,2026-10-16,C,1020.0,11,8,0.335944140625,0.05,0.0,0.02
QQQ,2026-09-04,2026-10-16,C,1025.0,50,0,0.35156898437499995,0.08,0.0,0.03
QQQ,2026-09-04,2026-10-16,C,1030.0,3,6,0.34570966796874997,0.05,0.0,0.02
QQQ,2026-09-04,2026-10-16,C,1035.0,50,0,0.36133451171875,0.06,0.0,0.03
QQQ,2026-09-04,2026-10-16,C,1040.0,30,30,0.35352208984374994,0.05,0.0,0.02
QQQ,2026-09-04,2026-10-16,C,1045.0,1,1,0.35742830078125,0.04,0.0,0.02
QQQ,2026-09-04,2026-10-16,C,1050.0,191,100,0.3632876171875,0.04,0.0,0.02
QQQ,2026-09-04,2026-10-16,C,1055.0,5,5,0.367193828125,0.05,0.0,0.02
QQQ,2026-09-04,2026-10-16,C,1060.0,16,4,0.35156898437499995,0.03,0.0,0.01
QQQ,2026-09-04,2026-10-16,C,1065.0,6,6,0.37500625,0.04,0.0,0.02
QQQ,2026-09-04,2026-10-16,C,1070.0,3,2,0.3789124609375,0.04,0.0,0.02
QQQ,2026-09-04,2026-10-16,C,1075.0,687,16,0.38281867187499996,0.03,0.0,0.02
QQQ,2026-09-04,2026-10-16,C,1080.0,2068,412,0.38672488281249995,0.04,0.0,0.02
QQQ,2026-09-04,2026-10-16,C,1085.0,8711,1,0.39063109375,0.03,0.0,0.02
QQQ,2026-09-04,2026-10-16,P,300.0,1628,9,0.8437515624999999,0.02,0.01,0.04
QQQ,2026-09-04,2026-10-16,P,305.0,829,20,0.8398453515625,0.04,0.01,0.05
QQQ,2026-09-04,2026-10-16,P,310.0,300,1,0.8242205078124999,0.03,0.02,0.04
QQQ,2026-09-04,2026-10-16,P,315.0,418,7,0.8203142968749999,0.03,0.03,0.04
QQQ,2026-09-04,2026-10-16,P,320.0,263,10,0.8125018749999999,0.05,0.02,0.06
QQQ,2026-09-04,2026-10-16,P,325.0,221,80,0.789064609375,0.04,0.02,0.05
QQQ,2026-09-04,2026-10-16,P,330.0,370,50,0.7832052929687501,0.05,0.03,0.05
QQQ,2026-09-04,2026-10-16,P,335.0,326,184,0.7695335546875001,0.05,0.03,0.05
QQQ,2026-09-04,2026-10-16,P,340.0,257,60,0.7539087109375,0.05,0.03,0.05
QQQ,2026-09-04,2026-10-16,P,345.0,505,85,0.7617211328125001,0.05,0.05,0.06
QQQ,2026-09-04,2026-10-16,P,350.0,276,10,0.7480493945312501,0.06,0.05,0.06
QQQ,2026-09-04,2026-10-16,P,355.0,120,10,0.73437765625,0.06,0.05,0.06
QQQ,2026-09-04,2026-10-16,P,360.0,243,2,0.726565234375,0.06,0.05,0.07
QQQ,2026-09-04,2026-10-16,P,365.0,189,5,0.710940390625,0.11,0.05,0.07
QQQ,2026-09-04,2026-10-16,P,370.0,182,15,0.70898728515625,0.1,0.06,0.08
QQQ,2026-09-04,2026-10-16,P,375.0,190,100,0.6992217578125001,0.08,0.06,0.09
QQQ,2026-09-04,2026-10-16,P,380.0,542,1,0.6904327832031252,0.09,0.07,0.09
QQQ,2026-09-04,2026-10-16,P,385.0,283,91,0.6816438085937502,0.1,0.07,0.1
QQQ,2026-09-04,2026-10-16,P,390.0,269,10,0.6748079394531252,0.15,0.08,0.11
QQQ,2026-09-04,2026-10-16,P,395.0,270,10,0.6621127539062501,0.13,0.08,0.11
QQQ,2026-09-04,2026-10-16,P,400.0,2107,1,0.6523472265625001,0.1,0.09,0.11
QQQ,2026-09-04,2026-10-16,P,405.0,638,5,0.639652041015625,0.14,0.09,0.11
QQQ,2026-09-04,2026-10-16,P,410.0,742,10,0.629886513671875,0.11,0.1,0.11
QQQ,2026-09-04,2026-10-16,P,415.0,350,10,0.6171913281250001,0.11,0.1,0.11
QQQ,2026-09-04,2026-10-16,P,420.0,143,25,0.6152382226562501,0.14,0.11,0.14
QQQ,2026-09-04,2026-10-16,P,425.0,168,11,0.6074258007812501,0.13,0.12,0.15
QQQ,2026-09-04,2026-10-16,P,430.0,296,119,0.5976602734375001,0.2,0.12,0.16
QQQ,2026-09-04,2026-10-16,P,435.0,612,3,0.5898478515625001,0.17,0.13,0.17
QQQ,2026-09-04,2026-10-16,P,440.0,968,2,0.5810588769531251,0.16,0.14,0.18
QQQ,2026-09-04,2026-10-16,P,445.0,1089,1,0.5727581787109376,0.18,0.15,0.19
QQQ,2026-09-04,2026-10-16,P,450.0,11275,4,0.5625043750000001,0.17,0.16,0.19
QQQ,2026-09-04,2026-10-16,P,455.0,140,10,0.5556685058593751,0.2,0.17,0.21
QQQ,2026-09-04,2026-10-16,P,460.0,1356,2,0.5449264257812501,0.2,0.18,0.21
QQQ,2026-09-04,2026-10-16,P,465.0,439,1,0.5390671093750001,0.23,0.2,0.23
QQQ,2026-09-04,2026-10-16,P,470.0,2007,27,0.5312546875,0.25,0.22,0.24
QQQ,2026-09-04,2026-10-16,P,475.0,728,1,0.5214891601562499,0.25,0.23,0.25
QQQ,2026-09-04,2026-10-16,P,480.0,543,1,0.5136767382812499,0.32,0.24,0.27
QQQ,2026-09-04,2026-10-16,P,485.0,452,30,0.5048877636718749,0.3,0.25,0.29
QQQ,2026-09-04,2026-10-16,P,490.0,2375,20,0.4997608618164063,0.4,0.27,0.3
QQQ,2026-09-04,2026-10-16,P,495.0,178,1,0.49170430175781255,0.33,0.29,0.32
QQQ,2026-09-04,2026-10-16,P,500.0,6259,21,0.4819387744140625,0.32,0.31,0.33
QQQ,2026-09-04,2026-10-16,P,505.0,369,121,0.47559118164062497,0.41,0.33,0.36
QQQ,2026-09-04,2026-10-16,P,510.0,792,10,0.46533737792968755,0.37,0.35,0.37
QQQ,2026-09-04,2026-10-16,P,515.0,12464,5,0.45825737060546884,0.42,0.37,0.4
QQQ,2026-09-04,2026-10-16,P,520.0,4724,24,0.44946839599609373,0.4,0.39,0.42
QQQ,2026-09-04,2026-10-16,P,525.0,4803,22,0.44067942138671873,0.42,0.42,0.44
QQQ,2026-09-04,2026-10-16,P,530.0,1507,26,0.43286699951171875,0.47,0.44,0.47
QQQ,2026-09-04,2026-10-16,P,535.0,760,4,0.4250545776367188,0.51,0.47,0.5
QQQ,2026-09-04,2026-10-16,P,540.0,8564,25,0.4167538793945312,0.53,0.5,0.53
QQQ,2026-09-04,2026-10-16,P,545.0,970,6,0.40833111206054684,0.87,0.53,0.56
QQQ,2026-09-04,2026-10-16,P,550.0,16773,62,0.4007628283691406,0.58,0.57,0.6
QQQ,2026-09-04,2026-10-16,P,555.0,498,192,0.3929504064941406,0.62,0.61,0.64
QQQ,2026-09-04,2026-10-16,P,560.0,2849,24,0.38477177734374995,0.64,0.65,0.68
QQQ,2026-09-04,2026-10-16,P,565.0,862,52,0.3773255627441406,0.76,0.69,0.73
QQQ,2026-09-04,2026-10-16,P,570.0,15882,10,0.3679262426757813,0.77,0.75,0.76
QQQ,2026-09-04,2026-10-16,P,575.0,4732,6,0.3606020971679687,0.88,0.79,0.82
QQQ,2026-09-04,2026-10-16,P,580.0,3764,38,0.3530338134765625,0.88,0.85,0.88
QQQ,2026-09-04,2026-10-16,P,585.0,4803,43,0.3450993225097656,0.92,0.91,0.94
QQQ,2026-09-04,2026-10-16,P,590.0,5035,39,0.33740896972656254,1.01,0.98,1.01
QQQ,2026-09-04,2026-10-16,P,595.0,8618,5,0.32996275512695306,1.08,1.06,1.09
QQQ,2026-09-04,2026-10-16,P,600.0,13843,180,0.32117378051757806,1.15,1.14,1.15
QQQ,2026-09-04,2026-10-16,P,605.0,9963,24,0.31500929138183587,1.24,1.24,1.27
QQQ,2026-09-04,2026-10-16,P,610.0,13238,13,0.3073799731445312,1.37,1.34,1.37
QQQ,2026-09-04,2026-10-16,P,615.0,2073,20,0.30054410400390624,1.49,1.46,1.5
QQQ,2026-09-04,2026-10-16,P,620.0,25959,190,0.29321995849609367,1.6,1.59,1.63
QQQ,2026-09-04,2026-10-16,P,625.0,16490,57,0.2857127093505859,1.77,1.74,1.77
QQQ,2026-09-04,2026-10-16,P,630.0,18478,129,0.27875477111816405,1.9,1.9,1.94
QQQ,2026-09-04,2026-10-16,P,635.0,2618,278,0.2717968328857422,2.1,2.09,2.13
QQQ,2026-09-04,2026-10-16,P,640.0,23394,340,0.26471682556152343,2.34,2.31,2.34
QQQ,2026-09-04,2026-10-16,P,645.0,3463,99,0.25809457733154295,2.55,2.56,2.59
QQQ,2026-09-04,2026-10-16,P,650.0,31891,2311,0.251411294555664,2.86,2.84,2.87
QQQ,2026-09-04,2026-10-16,P,651.0,253,2,0.2500685345458984,2.91,2.9,2.93
QQQ,2026-09-04,2026-10-16,P,652.0,310,17,0.2486952572631836,3.02,2.96,2.99
QQQ,2026-09-04,2026-10-16,P,653.0,154,352,0.24750508361816403,3.13,3.02,3.06
QQQ,2026-09-04,2026-10-16,P,654.0,245,52,0.24652853088378907,3.24,3.09,3.14
QQQ,2026-09-04,2026-10-16,P,655.0,2573,46,0.24481956359863283,3.14,3.16,3.19
QQQ,2026-09-04,2026-10-16,P,656.0,332,16,0.24375145904541018,3.64,3.23,3.27
QQQ,2026-09-04,2026-10-16,P,657.0,77,3,0.24243921630859372,3.44,3.31,3.34
QQQ,2026-09-04,2026-10-16,P,658.0,158,5,0.24127955993652345,3.35,3.38,3.42
QQQ,2026-09-04,2026-10-16,P,659.0,199,2,0.24005886901855467,3.42,3.46,3.5
QQQ,2026-09-04,2026-10-16,P,660.0,20383,177,0.2386245571899414,3.56,3.54,3.57
QQQ,2026-09-04,2026-10-16,P,661.0,343,310,0.2375564526367187,3.63,3.61,3.66
QQQ,2026-09-04,2026-10-16,P,662.0,1619,329,0.2362136926269531,3.69,3.7,3.74
QQQ,2026-09-04,2026-10-16,P,663.0,525,13,0.2350540362548828,3.86,3.78,3.83
QQQ,2026-09-04,2026-10-16,P,664.0,252,4,0.23383334533691402,3.95,3.87,3.92
QQQ,2026-09-04,2026-10-16,P,665.0,7548,402,0.23239903350830077,3.98,3.96,4.0
QQQ,2026-09-04,2026-10-16,P,666.0,512,6,0.2313004116821289,4.16,4.06,4.1
QQQ,2026-09-04,2026-10-16,P,667.0,251,49,0.23014075531005856,4.13,4.14,4.2
QQQ,2026-09-04,2026-10-16,P,668.0,347,42,0.22892006439208984,4.21,4.24,4.3
QQQ,2026-09-04,2026-10-16,P,669.0,436,6,0.22766885620117186,4.31,4.35,4.4
QQQ,2026-09-04,2026-10-16,P,670.0,54643,398,0.22653971710205079,4.48,4.46,4.51
QQQ,2026-09-04,2026-10-16,P,671.0,372,11,0.22538006072998046,4.57,4.57,4.62
QQQ,2026-09-04,2026-10-16,P,672.0,188,4,0.22397626617431637,4.88,4.66,4.72
QQQ,2026-09-04,2026-10-16,P,673.0,845,21,0.2228776443481445,4.84,4.77,4.84
QQQ,2026-09-04,2026-10-16,P,674.0,249,5,0.2217485052490234,5.23,4.89,4.96
QQQ,2026-09-04,2026-10-16,P,675.0,14239,124,0.22052781433105467,5.04,5.02,5.08
QQQ,2026-09-04,2026-10-16,P,676.0,403,31,0.2194291925048828,5.31,5.15,5.21
QQQ,2026-09-04,2026-10-16,P,677.0,389,10,0.2181169497680664,5.4,5.27,5.33
QQQ,2026-09-04,2026-10-16,P,678.0,1453,224,0.21707936248779297,5.6,5.4,5.47
QQQ,2026-09-04,2026-10-16,P,679.0,174,24,0.215828154296875,5.6,5.54,5.6
QQQ,2026-09-04,2026-10-16,P,680.0,28717,3460,0.21451591156005856,5.77,5.68,5.73
QQQ,2026-09-04,2026-10-16,P,681.0,716,48,0.21329522064208983,5.88,5.82,5.87
QQQ,2026-09-04,2026-10-16,P,682.0,1042,53,0.2123186679077148,6.0,5.97,6.03
QQQ,2026-09-04,2026-10-16,P,683.0,713,178,0.21115901153564448,6.16,6.12,6.18
QQQ,2026-09-04,2026-10-16,P,684.0,402,13,0.20990780334472653,6.27,6.26,6.33
QQQ,2026-09-04,2026-10-16,P,685.0,7512,106,0.2087481469726562,6.52,6.42,6.49
QQQ,2026-09-04,2026-10-16,P,686.0,398,364,0.20783262878417966,6.78,6.61,6.67
QQQ,2026-09-04,2026-10-16,P,687.0,914,20,0.20670348968505853,6.88,6.78,6.84
QQQ,2026-09-04,2026-10-16,P,688.0,604,53,0.20536072967529295,7.16,6.93,7.0
QQQ,2026-09-04,2026-10-16,P,689.0,607,51,0.2043536596679687,7.36,7.13,7.19
QQQ,2026-09-04,2026-10-16,P,690.0,14125,675,0.20331607238769528,7.35,7.3,7.38
QQQ,2026-09-04,2026-10-16,P,691.0,950,12,0.20206486419677733,7.55,7.5,7.56
QQQ,2026-09-04,2026-10-16,P,692.0,434,4,0.20087469055175777,7.82,7.68,7.75
QQQ,2026-09-04,2026-10-16,P,693.0,716,5,0.19974555145263673,8.16,7.88,7.95
QQQ,2026-09-04,2026-10-16,P,694.0,368,108,0.19855537780761717,8.39,8.07,8.15
QQQ,2026-09-04,2026-10-16,P,695.0,11905,496,0.19690744506835936,8.3,8.28,8.32
QQQ,2026-09-04,2026-10-16,P,696.0,571,45,0.1963276168823242,8.78,8.5,8.58
QQQ,2026-09-04,2026-10-16,P,697.0,464,84,0.19516796051025392,9.05,8.71,8.8
QQQ,2026-09-04,2026-10-16,P,698.0,284,77,0.1941914077758789,9.28,8.96,9.04
QQQ,2026-09-04,2026-10-16,P,699.0,1151,409,0.19290968231201172,9.52,9.19,9.26
QQQ,2026-09-04,2026-10-16,P,700.0,40509,1876,0.19178054321289065,9.48,9.43,9.5
QQQ,2026-09-04,2026-10-16,P,701.0,1127,870,0.1909260595703125,9.69,9.68,9.77
QQQ,2026-09-04,2026-10-16,P,702.0,2086,1103,0.18964433410644532,9.98,9.92,10.01
QQQ,2026-09-04,2026-10-16,P,703.0,399,7,0.18863726409912107,10.22,10.2,10.28
QQQ,2026-09-04,2026-10-16,P,704.0,303,115,0.1875386422729492,10.75,10.47,10.55
QQQ,2026-09-04,2026-10-16,P,705.0,10259,250,0.18659260681152345,10.87,10.76,10.84
QQQ,2026-09-04,2026-10-16,P,706.0,646,4,0.18523458816528315,10.99,11.0,11.1
QQQ,2026-09-04,2026-10-16,P,707.0,874,44,0.18434958724975586,11.28,11.31,11.41
QQQ,2026-09-04,2026-10-16,P,708.0,1515,61,0.18338829315185545,11.64,11.61,11.72
QQQ,2026-09-04,2026-10-16,P,709.0,1292,404,0.18221337814331057,11.94,11.92,12.02
QQQ,2026-09-04,2026-10-16,P,710.0,5873,1664,0.1808553594970703,12.3,12.22,12.31
QQQ,2026-09-04,2026-10-16,P,711.0,1261,37,0.17972622039794922,13.06,12.54,12.63
QQQ,2026-09-04,2026-10-16,P,712.0,11971,185,0.1790548403930664,12.87,12.89,13.0
QQQ,2026-09-04,2026-10-16,P,713.0,1655,568,0.17765104583740232,13.25,13.21,13.31
QQQ,2026-09-04,2026-10-16,P,714.0,1452,383,0.1765829412841797,14.14,13.57,13.66
QQQ,2026-09-04,2026-10-16,P,715.0,6318,1303,0.17508759490966797,14.01,13.92,13.98
QQQ,2026-09-04,2026-10-16,P,716.0,11643,113,0.17479768081665042,14.42,14.31,14.42
QQQ,2026-09-04,2026-10-16,P,717.0,2323,243,0.1736532830810547,15.23,14.69,14.79
QQQ,2026-09-04,2026-10-16,P,718.0,654,191,0.17240207489013676,15.26,15.03,15.16
QQQ,2026-09-04,2026-10-16,P,719.0,1650,83,0.17105931488037113,15.5,15.44,15.53
QQQ,2026-09-04,2026-10-16,P,720.0,7125,875,0.17026586578369146,15.93,15.87,15.96
QQQ,2026-09-04,2026-10-16,P,721.0,736,163,0.1695639685058594,16.38,16.29,16.41
QQQ,2026-09-04,2026-10-16,P,722.0,632,246,0.1682212084960938,16.68,16.67,16.81
QQQ,2026-09-04,2026-10-16,P,723.0,196,29,0.16762612167358398,17.25,17.16,17.29
QQQ,2026-09-04,2026-10-16,P,724.0,440,17,0.16617655120849611,17.7,17.6,17.7
QQQ,2026-09-04,2026-10-16,P,725.0,1426,82,0.16558146438598637,18.09,18.06,18.2
QQQ,2026-09-04,2026-10-16,P,726.0,315,26,0.16443706665039062,19.28,18.53,18.66
QQQ,2026-09-04,2026-10-16,P,727.0,204,3,0.16361310028076176,19.75,19.03,19.16
QQQ,2026-09-04,2026-10-16,P,728.0,906,11,0.16246870254516604,20.24,19.51,19.64
QQQ,2026-09-04,2026-10-16,P,729.0,221,5,0.16173628799438478,20.78,20.03,20.17
QQQ,2026-09-04,2026-10-16,P,730.0,4636,28,0.16043930389404298,20.72,20.53,20.66
QQQ,2026-09-04,2026-10-16,P,731.0,271,24,0.1593711993408203,21.84,21.02,21.18
QQQ,2026-09-04,2026-10-16,P,732.0,391,1,0.158486198425293,22.4,21.56,21.73
QQQ,2026-09-04,2026-10-16,P,733.0,177,2,0.1572655075073242,22.33,22.1,22.26
QQQ,2026-09-04,2026-10-16,P,734.0,69,6,0.15668567932128907,23.0,22.7,22.86
QQQ,2026-09-04,2026-10-16,P,735.0,986,4,0.1556633506774902,24.12,23.26,23.43
QQQ,2026-09-04,2026-10-16,P,736.0,62,4,0.15473257385253908,26.55,23.85,24.02
QQQ,2026-09-04,2026-10-16,P,737.0,103,2,0.15377127975463867,27.73,24.45,24.62
QQQ,2026-09-04,2026-10-16,P,738.0,78,3,0.1524437783813477,26.79,25.03,25.2
QQQ,2026-09-04,2026-10-16,P,739.0,38,1,0.15229119201660157,28.67,25.71,25.89
QQQ,2026-09-04,2026-10-16,P,740.0,6295,62,0.15091791473388677,26.45,26.33,26.49
QQQ,2026-09-04,2026-10-16,P,741.0,5,4,0.1500023965454102,37.15,26.96,27.14
QQQ,2026-09-04,2026-10-16,P,742.0,5,1,0.14919368881225586,28.63,27.62,27.81
QQQ,2026-09-04,2026-10-16,P,743.0,4,2,0.1482323947143555,36.3,28.29,28.48
QQQ,2026-09-04,2026-10-16,P,744.0,3,1,0.14713377288818358,30.13,28.97,29.15
QQQ,2026-09-04,2026-10-16,P,745.0,985,20,0.14600463378906248,30.68,29.64,29.83
QQQ,2026-09-04,2026-10-16,P,746.0,9,6,0.15020075881958012,35.0,30.42,30.91
QQQ,2026-09-04,2026-10-16,P,747.0,220,2,0.14887325744628904,35.63,31.14,31.59
QQQ,2026-09-04,2026-10-16,P,748.0,16,1,0.14934627517700194,32.22,30.37,32.41
QQQ,2026-09-04,2026-10-16,P,749.0,14,17,0.16962500305175782,43.58,32.53,34.66
QQQ,2026-09-04,2026-10-16,P,750.0,1106,41,0.14661497924804687,34.12,33.3,33.82
QQQ,2026-09-04,2026-10-16,P,755.0,73,2,0.1434106655883789,40.85,37.2,37.77
QQQ,2026-09-04,2026-10-16,P,760.0,264,23,0.14020635192871095,42.64,41.39,41.94
QQQ,2026-09-04,2026-10-16,P,765.0,45,16,0.13715462463378908,47.07,45.65,46.31
QQQ,2026-09-04,2026-10-16,P,770.0,21,2,0.17194431579589847,54.06,48.82,52.33
QQQ,2026-09-04,2026-10-16,P,775.0,1,2,0.12818254638671872,56.24,53.47,55.45
QQQ,2026-09-04,2026-10-16,P,780.0,10,2,0.1795125994873047,61.02,58.22,61.7
QQQ,2026-09-04,2026-10-16,P,785.0,0,2,0.18537191589355467,65.87,63.04,66.53
QQQ,2026-09-04,2026-10-16,P,790.0,0,2,0.1925739923095703,70.81,67.95,71.43
QQQ,2026-09-04,2026-10-16,P,795.0,1,2,0.20087469055175777,75.8,72.91,76.38
QQQ,2026-09-04,2026-10-16,P,800.0,7,10,0.21021297607421874,82.03,77.9,81.37
QQQ,2026-09-04,2026-10-16,P,805.0,0,4,0.22040574523925777,97.56,82.9,86.39
QQQ,2026-09-04,2026-10-16,P,810.0,0,1,0.22980506530761718,89.8,87.9,91.39
QQQ,2026-09-04,2026-10-16,P,815.0,0,24,0.4821523953247071,96.04,107.13,109.8
QQQ,2026-09-04,2026-10-16,P,820.0,0,1,0.24817646362304688,99.11,97.9,101.39
QQQ,2026-09-04,2026-10-16,P,825.0,10,10,0.25714854187011715,105.05,102.9,106.39
QQQ,2026-09-04,2026-10-16,P,830.0,0,4,0.2659985510253906,98.14,107.9,111.39
QQQ,2026-09-04,2026-10-16,P,835.0,0,2,0.5134326000976561,112.2,127.03,129.8
QQQ,2026-09-04,2026-10-16,P,840.0,0,2,0.526097268371582,113.5,132.13,134.77
QQQ,2026-09-04,2026-10-16,P,845.0,0,202,0.2919992675781249,120.25,122.9,126.39
QQQ,2026-09-04,2026-10-16,P,850.0,0,1,0.3004220349121094,138.0,127.9,131.39
QQQ,2026-09-04,2026-10-16,P,855.0,0,1,0.30878376770019533,144.07,132.9,136.39
QQQ,2026-09-04,2026-10-16,P,860.0,2,1,0.31702343139648437,141.53,137.9,141.39
QQQ,2026-09-04,2026-10-16,P,865.0,0,1,0.32520206054687495,146.55,142.9,146.39
QQQ,2026-09-04,2026-10-16,P,870.0,0,2,0.7615075119018556,133.19,173.33,177.14
QQQ,2026-09-04,2026-10-16,P,875.0,0,2,0.7775595974731445,138.06,178.92,182.14
QQQ,2026-09-04,2026-10-16,P,880.0,0,6,0.7947408221435546,142.16,184.7,187.14
QQQ,2026-09-04,2026-10-16,P,885.0,0,2,0.7977009976196289,147.88,188.34,192.14
QQQ,2026-09-04,2026-10-16,P,890.0,0,4,0.36475244628906256,158.15,167.9,171.39
QQQ,2026-09-04,2026-10-16,P,895.0,0,0,0.8248613705444335,163.63,198.91,202.14
QQQ,2026-09-04,2026-10-16,P,900.0,0,2,0.45313046875,180.3,179.51,183.39
QQQ,2026-09-04,2026-10-16,P,910.0,0,1,0.6804231176757813,197.64,202.13,204.77
QQQ,2026-09-04,2026-10-16,P,915.0,0,0,0.8661054649353026,197.51,218.33,222.14
QQQ,2026-09-04,2026-10-16,P,920.0,0,4,0.4863942962646485,231.25,199.74,203.39
QQQ,2026-09-04,2026-10-16,P,925.0,0,1,0.41699801757812494,210.18,202.9,206.39
QQQ,2026-09-04,2026-10-16,P,930.0,0,0,0.4242000939941406,215.2,207.92,211.39
QQQ,2026-09-04,2026-10-16,P,935.0,0,0,0.9093026647949218,217.65,238.33,242.14
QQQ,2026-09-04,2026-10-16,P,940.0,0,0,0.9198311239624023,222.69,243.33,247.14
QQQ,2026-09-04,2026-10-16,P,965.0,0,0,0.785310984802246,251.76,257.06,259.77
QQQ,2026-09-04,2026-10-16,P,970.0,0,2,0.7940694421386718,257.63,262.03,264.77
QQQ,2026-09-04,2026-10-16,P,1080.0,0,1,0.6156044299316408,361.85,357.9,361.39
QQQ,2026-09-04,2026-10-16,P,1085.0,2,1,0.6206092626953126,366.83,362.9,366.38
QQQ,2026-09-04,2026-10-23,C,645.0,1,1,0.31711498321533205,78.23,80.74,81.71
QQQ,2026-09-04,2026-10-23,C,650.0,8,1,0.3303594796752929,76.06,76.11,78.51
QQQ,2026-09-04,2026-10-23,C,655.0,2,2,0.2991403094482421,69.45,71.51,72.48
QQQ,2026-09-04,2026-10-23,C,660.0,5,5,0.29123633575439445,64.75,66.99,67.99
QQQ,2026-09-04,2026-10-23,C,675.0,2,2,0.2660901028442383,52.0,53.87,54.71
QQQ,2026-09-04,2026-10-23,C,680.0,1,1,0.25881173324584966,47.72,49.94,50.49
QQQ,2026-09-04,2026-10-23,C,685.0,2,2,0.25133500137329096,42.99,45.65,46.33
QQQ,2026-09-04,2026-10-23,C,695.0,1,1,0.25429517684936526,37.47,37.57,39.93
QQQ,2026-09-04,2026-10-23,C,698.0,1,1,0.24994646545410154,33.44,35.28,37.64
QQQ,2026-09-04,2026-10-23,C,700.0,4,4,0.2471083590698242,31.95,33.79,36.14
QQQ,2026-09-04,2026-10-23,C,705.0,2,2,0.24024197265624997,28.16,30.17,32.5
QQQ,2026-09-04,2026-10-23,C,710.0,2,8,0.23087316986083983,27.0,26.72,28.74
QQQ,2026-09-04,2026-10-23,C,711.0,10,0,0.23255161987304687,22.67,26.05,28.36
QQQ,2026-09-04,2026-10-23,C,712.0,35,0,0.2312698944091797,21.16,25.39,27.69
QQQ,2026-09-04,2026-10-23,C,713.0,10,4,0.2291336853027344,25.01,24.73,26.94
QQQ,2026-09-04,2026-10-23,C,714.0,10,0,0.21276116836547854,19.99,24.0,24.76
QQQ,2026-09-04,2026-10-23,C,715.0,13,2,0.21134211517333978,23.75,23.45,24.09
QQQ,2026-09-04,2026-10-23,C,716.0,11,0,0.2245560943603515,18.79,21.15,24.91
QQQ,2026-09-04,2026-10-23,C,717.0,75,56,0.20946530288696286,22.17,22.18,22.87
QQQ,2026-09-04,2026-10-23,C,718.0,24,4,0.2079241806030273,21.53,21.5,22.21
QQQ,2026-09-04,2026-10-23,C,719.0,19,64,0.20700866241455074,20.99,20.94,21.62
QQQ,2026-09-04,2026-10-23,C,720.0,88,105,0.20505555694580074,21.0,20.5,20.93
QQQ,2026-09-04,2026-10-23,C,721.0,53,10,0.20467409103393552,20.18,19.91,20.41
QQQ,2026-09-04,2026-10-23,C,722.0,54,7,0.2033465896606445,19.65,19.39,19.8
QQQ,2026-09-04,2026-10-23,C,723.0,54,1,0.20233951965332028,17.7,18.76,19.23
QQQ,2026-09-04,2026-10-23,C,725.0,5,21,0.20027960372924802,17.79,17.65,18.11
QQQ,2026-09-04,2026-10-23,C,726.0,4,6,0.19944037872314452,16.08,17.11,17.58
QQQ,2026-09-04,2026-10-23,C,727.0,73,74,0.1984027914428711,15.43,16.58,17.04
QQQ,2026-09-04,2026-10-23,C,729.0,1,1,0.1961139959716797,16.12,15.63,15.96
QQQ,2026-09-04,2026-10-23,C,730.0,11,283,0.19493908096313478,15.17,15.03,15.43
QQQ,2026-09-04,2026-10-23,C,731.0,1,2,0.19478649459838865,14.79,14.55,15.01
QQQ,2026-09-04,2026-10-23,C,732.0,3,4,0.193642096862793,14.35,14.16,14.5
QQQ,2026-09-04,2026-10-23,C,733.0,1,37,0.19323011367797854,13.86,13.59,14.07
QQQ,2026-09-04,2026-10-23,C,735.0,6,4,0.19132278411865233,12.86,12.69,13.13
QQQ,2026-09-04,2026-10-23,C,740.0,34,15,0.1873250213623047,10.19,10.81,11.0
QQQ,2026-09-04,2026-10-23,C,741.0,5,5,0.18640950317382812,9.06,10.21,10.59
QQQ,2026-09-04,2026-10-23,C,745.0,29,28,0.18415122497558595,8.56,8.74,9.16
QQQ,2026-09-04,2026-10-23,C,746.0,20,2,0.1834340690612793,7.93,8.43,8.81
QQQ,2026-09-04,2026-10-23,C,748.0,5,2,0.18207605041503905,7.32,7.82,8.14
QQQ,2026-09-04,2026-10-23,C,749.0,1,1,0.18164880859375,7.0,7.44,7.84
QQQ,2026-09-04,2026-10-23,C,750.0,12,14,0.18113001495361325,7.43,7.21,7.54
QQQ,2026-09-04,2026-10-23,C,751.0,7,1,0.1805349281311035,6.45,6.91,7.24
QQQ,2026-09-04,2026-10-23,C,752.0,3,1,0.17984828948974607,6.2,6.63,6.94
QQQ,2026-09-04,2026-10-23,C,753.0,2,6,0.17966518585205077,6.49,6.37,6.69
QQQ,2026-09-04,2026-10-23,C,754.0,2,1,0.1787496676635742,5.59,6.01,6.39
QQQ,2026-09-04,2026-10-23,C,755.0,15,7,0.17865811584472657,5.88,5.85,6.16
QQQ,2026-09-04,2026-10-23,C,756.0,2,1,0.1782003567504883,5.87,5.61,5.91
QQQ,2026-09-04,2026-10-23,C,757.0,11,6,0.17765104583740232,5.28,5.35,5.66
QQQ,2026-09-04,2026-10-23,C,758.0,12,2,0.17728483856201172,5.04,5.15,5.43
QQQ,2026-09-04,2026-10-23,C,759.0,2,1,0.1769491485595703,4.59,4.93,5.21
QQQ,2026-09-04,2026-10-23,C,760.0,36,49,0.1763693203735352,4.85,4.76,4.98
QQQ,2026-09-04,2026-10-23,C,765.0,60,65,0.17487397399902344,3.89,3.77,4.02
QQQ,2026-09-04,2026-10-23,C,770.0,26,72,0.17322604125976562,3.07,2.97,3.2
QQQ,2026-09-04,2026-10-23,C,775.0,39,28,0.17231052307128908,2.45,2.36,2.55
QQQ,2026-09-04,2026-10-23,C,780.0,38,17,0.17221897125244146,1.94,1.89,2.05
QQQ,2026-09-04,2026-10-23,C,785.0,2,2,0.17176121215820314,1.51,1.47,1.62
QQQ,2026-09-04,2026-10-23,C,790.0,104,8,0.17188328125000002,1.18,1.1,1.29
QQQ,2026-09-04,2026-10-23,C,795.0,130,3,0.17237155761718753,0.93,0.84,1.03
QQQ,2026-09-04,2026-10-23,C,800.0,28,2,0.17328707580566405,0.76,0.65,0.83
QQQ,2026-09-04,2026-10-23,C,810.0,3,1,0.17603363037109376,0.45,0.42,0.55
QQQ,2026-09-04,2026-10-23,C,815.0,3,3,0.17762052856445312,0.31,0.34,0.45
QQQ,2026-09-04,2026-10-23,C,820.0,4,4,0.17920742675781248,0.28,0.27,0.37
QQQ,2026-09-04,2026-10-23,C,825.0,3,3,0.18140467041015623,0.23,0.21,0.31
QQQ,2026-09-04,2026-10-23,C,840.0,1,1,0.20154607055664062,0.16,0.04,0.31
QQQ,2026-09-04,2026-10-23,P,450.0,6,117,0.52539537109375,0.23,0.17,0.23
QQQ,2026-09-04,2026-10-23,P,500.0,1,1,0.467778759765625,0.44,0.31,0.49
QQQ,2026-09-04,2026-10-23,P,550.0,1,1,0.3883117810058594,0.72,0.74,0.83
QQQ,2026-09-04,2026-10-23,P,555.0,1,1,0.3807434973144531,0.82,0.7,0.88
QQQ,2026-09-04,2026-10-23,P,565.0,3,6,0.3668276208496094,0.97,0.85,1.01
QQQ,2026-09-04,2026-10-23,P,570.0,3,3,0.3590151989746094,1.0,0.87,1.07
QQQ,2026-09-04,2026-10-23,P,580.0,1,2,0.34455001159667964,1.15,1.03,1.22
QQQ,2026-09-04,2026-10-23,P,585.0,3,2,0.33612724426269536,1.2,1.11,1.28
QQQ,2026-09-04,2026-10-23,P,590.0,2,1,0.3298406860351562,1.5,1.19,1.39
QQQ,2026-09-04,2026-10-23,P,595.0,1,1,0.32227240234374993,1.43,1.3,1.48
QQQ,2026-09-04,2026-10-23,P,600.0,18,7,0.31519239501953117,1.69,1.37,1.59
QQQ,2026-09-04,2026-10-23,P,605.0,3,3,0.30811238769531246,1.72,1.51,1.71
QQQ,2026-09-04,2026-10-23,P,610.0,35,13,0.3006661730957031,1.75,1.55,1.83
QQQ,2026-09-04,2026-10-23,P,615.0,2,2,0.2941965112304687,2.11,1.83,1.99
QQQ,2026-09-04,2026-10-23,P,620.0,29,7,0.28693340026855463,2.1,1.98,2.14
QQQ,2026-09-04,2026-10-23,P,625.0,6,131,0.28040270385742183,2.28,2.11,2.33
QQQ,2026-09-04,2026-10-23,P,630.0,34,5,0.27387200744628903,2.55,2.35,2.54
QQQ,2026-09-04,2026-10-23,P,635.0,6,11,0.26758544921875,2.76,2.61,2.78
QQQ,2026-09-04,2026-10-23,P,640.0,23,18,0.26108527008056637,3.22,2.88,3.04
QQQ,2026-09-04,2026-10-23,P,645.0,36,74,0.2550733673095704,3.3,3.14,3.35
QQQ,2026-09-04,2026-10-23,P,650.0,114,282,0.24890887817382812,3.6,3.55,3.69
QQQ,2026-09-04,2026-10-23,P,655.0,109,136,0.24314111358642576,3.88,3.88,4.09
QQQ,2026-09-04,2026-10-23,P,660.0,58,347,0.23725127990722655,4.45,4.36,4.53
QQQ,2026-09-04,2026-10-23,P,665.0,62,51,0.2316055844116211,4.93,4.83,5.04
QQQ,2026-09-04,2026-10-23,P,670.0,58,103,0.22669230346679686,5.52,5.42,5.66
QQQ,2026-09-04,2026-10-23,P,675.0,64,77,0.21952074432373048,6.15,6.04,6.2
QQQ,2026-09-04,2026-10-23,P,676.0,14,64,0.21939867523193357,6.38,6.17,6.41
QQQ,2026-09-04,2026-10-23,P,677.0,40,3,0.21894091613769529,6.58,6.31,6.6
QQQ,2026-09-04,2026-10-23,P,678.0,4,6,0.21720143157958982,6.7,6.46,6.7
QQQ,2026-09-04,2026-10-23,P,679.0,22,19,0.21689625885009767,6.54,6.61,6.91
QQQ,2026-09-04,2026-10-23,P,680.0,34,29,0.21520255020141604,6.9,6.79,7.02
QQQ,2026-09-04,2026-10-23,P,681.0,3,4,0.2142565147399902,7.78,6.92,7.19
QQQ,2026-09-04,2026-10-23,P,682.0,4,511,0.21286797882080077,7.4,7.08,7.33
QQQ,2026-09-04,2026-10-23,P,683.0,1,7,0.2118303915405273,7.35,7.24,7.5
QQQ,2026-09-04,2026-10-23,P,685.0,13,42,0.21021297607421874,7.59,7.57,7.89
QQQ,2026-09-04,2026-10-23,P,686.0,2,5,0.20925168197631833,8.49,7.77,8.08
QQQ,2026-09-04,2026-10-23,P,688.0,2,4,0.20667297241210933,8.28,8.14,8.42
QQQ,2026-09-04,2026-10-23,P,689.0,3,3,0.20568116104125977,8.83,8.33,8.62
QQQ,2026-09-04,2026-10-23,P,690.0,29,16,0.20438417694091793,8.67,8.54,8.8
QQQ,2026-09-04,2026-10-23,P,693.0,5,4,0.20157658782958982,10.09,9.16,9.46
QQQ,2026-09-04,2026-10-23,P,694.0,4,10,0.20075262145996092,10.5,9.37,9.7
QQQ,2026-09-04,2026-10-23,P,695.0,21,13,0.19976081008911134,9.89,9.62,9.93
QQQ,2026-09-04,2026-10-23,P,696.0,242,9,0.19869270553588864,9.93,9.86,10.16
QQQ,2026-09-04,2026-10-23,P,697.0,19,3,0.19734994552612306,10.35,10.06,10.37
QQQ,2026-09-04,2026-10-23,P,698.0,12,2,0.1961597718811035,11.23,10.31,10.6
QQQ,2026-09-04,2026-10-23,P,699.0,2,3,0.19524425369262693,10.72,10.55,10.86
QQQ,2026-09-04,2026-10-23,P,700.0,55,60,0.19458813232421873,10.99,10.74,11.15
QQQ,2026-09-04,2026-10-23,P,701.0,2,0,0.19300123413085937,12.42,11.07,11.36
QQQ,2026-09-04,2026-10-23,P,702.0,4,2,0.1919941641235352,12.32,11.33,11.63
QQQ,2026-09-04,2026-10-23,P,703.0,25,2,0.1909260595703125,12.59,11.59,11.9
QQQ,2026-09-04,2026-10-23,P,705.0,28,36,0.18920183364868165,12.65,12.15,12.5
QQQ,2026-09-04,2026-10-23,P,706.0,4,0,0.18781329772949218,13.54,12.46,12.76
QQQ,2026-09-04,2026-10-23,P,707.0,5,19,0.1869893313598633,12.93,12.79,13.08
QQQ,2026-09-04,2026-10-23,P,709.0,2,5,0.1849141567993164,13.7,13.37,13.7
QQQ,2026-09-04,2026-10-23,P,710.0,26,35,0.18436484588623048,13.76,13.69,14.07
QQQ,2026-09-04,2026-10-23,P,712.0,6,1,0.1818319122314453,15.9,14.39,14.69
QQQ,2026-09-04,2026-10-23,P,713.0,6,3,0.18076380767822264,15.76,14.5,15.03
QQQ,2026-09-04,2026-10-23,P,714.0,36,21,0.18019923812866212,16.2,15.04,15.43
QQQ,2026-09-04,2026-10-23,P,715.0,17,28,0.17916165084838864,16.19,15.44,15.79
QQQ,2026-09-04,2026-10-23,P,716.0,2,2,0.17815458084106445,15.74,15.81,16.16
QQQ,2026-09-04,2026-10-23,P,717.0,36,6,0.17734587310791017,16.5,16.17,16.56
QQQ,2026-09-04,2026-10-23,P,718.0,23,4,0.17646087219238282,17.1,16.57,16.96
QQQ,2026-09-04,2026-10-23,P,719.0,36,10,0.17490449127197266,17.41,16.97,17.3
QQQ,2026-09-04,2026-10-23,P,720.0,67,80,0.1736532830810547,17.45,17.43,17.68
QQQ,2026-09-04,2026-10-23,P,721.0,52,37,0.17310397216796874,18.0,17.84,18.14
QQQ,2026-09-04,2026-10-23,P,722.0,50,3,0.1733481103515625,18.85,18.23,18.69
QQQ,2026-09-04,2026-10-23,P,723.0,10,0,0.17104405624389651,22.52,18.49,18.99
QQQ,2026-09-04,2026-10-23,P,725.0,2,3,0.16970129623413088,20.37,19.54,19.95
QQQ,2026-09-04,2026-10-23,P,730.0,1,2,0.16492534301757814,21.8,21.86,22.37
QQQ,2026-09-04,2026-10-23,P,735.0,2,9,0.17777311492919923,25.95,24.67,26.75
QQQ,2026-09-04,2026-10-23,P,750.0,5,5,0.16947241668701174,36.0,34.17,36.51
QQQ,2026-09-04,2026-10-30,C,470.0,1,0,0.6649203430175783,247.83,251.09,254.58
QQQ,2026-09-04,2026-10-30,C,485.0,2,0,0.5288133056640626,185.19,234.4,237.93
QQQ,2026-09-04,2026-10-30,C,490.0,2,1,0.6191444335937502,232.67,231.32,234.79
QQQ,2026-09-04,2026-10-30,C,500.0,0,1,0.5971109625244142,217.41,221.46,224.91
QQQ,2026-09-04,2026-10-30,C,520.0,3,0,0.5526167785644531,202.9,201.7,205.17
QQQ,2026-09-04,2026-10-30,C,525.0,1,1,0.5413864221191409,196.04,196.75,200.24
QQQ,2026-09-04,2026-10-30,C,530.0,1,0,0.5308884802246094,194.47,191.84,195.31
QQQ,2026-09-04,2026-10-30,C,540.0,2,1,0.5096484582519532,180.87,182.0,185.47
QQQ,2026-09-04,2026-10-30,C,550.0,5,2,0.5358017611694336,171.68,172.17,175.64
QQQ,2026-09-04,2026-10-30,C,560.0,14,6,0.5127001855468749,164.09,162.34,165.84
QQQ,2026-09-04,2026-10-30,C,565.0,1,0,0.4594780615234375,142.17,155.64,159.27
QQQ,2026-09-04,2026-10-30,C,570.0,7,3,0.48969016174316415,154.29,152.58,156.05
QQQ,2026-09-04,2026-10-30,C,575.0,2,1,0.4784598052978516,147.1,147.7,151.17
QQQ,2026-09-04,2026-10-30,C,580.0,2,35,0.46716841430664063,143.29,142.82,146.29
QQQ,2026-09-04,2026-10-30,C,585.0,2,3,0.45618219604492194,137.41,137.96,141.43
QQQ,2026-09-04,2026-10-30,C,590.0,12,2,0.4451349432373046,131.89,133.1,136.57
QQQ,2026-09-04,2026-10-30,C,595.0,3,1,0.4343928631591797,128.86,128.27,131.73
QQQ,2026-09-04,2026-10-30,C,600.0,12,3,0.4237118176269531,122.7,123.44,126.9
QQQ,2026-09-04,2026-10-30,C,605.0,1,0,0.41309180664062495,120.85,118.62,122.08
QQQ,2026-09-04,2026-10-30,C,606.0,2,0,0.4110166320800781,116.65,117.66,121.12
QQQ,2026-09-04,2026-10-30,C,608.0,3,3,0.4068662829589844,105.03,115.73,119.2
QQQ,2026-09-04,2026-10-30,C,610.0,4,1,0.387701435546875,116.07,113.82,116.46
QQQ,2026-09-04,2026-10-30,C,613.0,1,1,0.36759055267333984,93.62,110.26,112.83
QQQ,2026-09-04,2026-10-30,C,614.0,2,1,0.3803467727661133,109.74,109.99,112.66
QQQ,2026-09-04,2026-10-30,C,615.0,8,1,0.37247331634521486,105.72,109.02,111.38
QQQ,2026-09-04,2026-10-30,C,616.0,2,0,0.3764405618286133,101.12,108.08,110.75
QQQ,2026-09-04,2026-10-30,C,617.0,2,2,0.36035795898437495,118.33,106.46,109.02
QQQ,2026-09-04,2026-10-30,C,618.0,1,0,0.3707338317871094,105.59,106.16,108.74
QQQ,2026-09-04,2026-10-30,C,619.0,4,1,0.3698793481445312,104.48,105.22,107.85
QQQ,2026-09-04,2026-10-30,C,620.0,18,2,0.3655458953857422,103.94,104.27,106.76
QQQ,2026-09-04,2026-10-30,C,622.0,3,1,0.3617312362670898,105.71,102.37,104.86
QQQ,2026-09-04,2026-10-30,C,623.0,2,2,0.36084623535156246,94.93,101.42,103.97
QQQ,2026-09-04,2026-10-30,C,624.0,2,0,0.34799846343994134,71.0,99.84,102.39
QQQ,2026-09-04,2026-10-30,C,625.0,48,31,0.35407140075683585,100.65,101.25,101.9
QQQ,2026-09-04,2026-10-30,C,629.0,1,0,0.3394231097412109,63.12,95.15,97.69
QQQ,2026-09-04,2026-10-30,C,630.0,13,1,0.34726604888916013,94.62,94.77,97.33
QQQ,2026-09-04,2026-10-30,C,631.0,2,2,0.3455875988769531,92.56,93.87,96.4
QQQ,2026-09-04,2026-10-30,C,633.0,76,0,0.33264827514648443,96.2,91.42,93.95
QQQ,2026-09-04,2026-10-30,C,635.0,7,1,0.3380803497314453,81.81,90.09,92.64
QQQ,2026-09-04,2026-10-30,C,637.0,1,1,0.32581240600585937,69.26,87.72,90.22
QQQ,2026-09-04,2026-10-30,C,640.0,34,1,0.3290472369384765,84.9,85.47,87.98
QQQ,2026-09-04,2026-10-30,C,642.0,2,2,0.3253851641845703,82.55,83.62,86.12
QQQ,2026-09-04,2026-10-30,C,643.0,3,1,0.32306585144042954,87.54,82.69,85.16
QQQ,2026-09-04,2026-10-30,C,645.0,4,1,0.31641308593749995,78.35,80.87,83.1
QQQ,2026-09-04,2026-10-30,C,647.0,2,1,0.3162604995727538,78.19,80.74,81.49
QQQ,2026-09-04,2026-10-30,C,649.0,1,0,0.31323928955078123,74.72,77.16,79.69
QQQ,2026-09-04,2026-10-30,C,650.0,65,1,0.307349455871582,76.7,76.28,78.48
QQQ,2026-09-04,2026-10-30,C,651.0,2,0,0.30914997497558594,91.96,75.37,77.82
QQQ,2026-09-04,2026-10-30,C,655.0,5,1,0.3032601412963867,70.54,71.76,74.26
QQQ,2026-09-04,2026-10-30,C,657.0,1,0,0.299262378540039,87.99,69.97,72.41
QQQ,2026-09-04,2026-10-30,C,659.0,3,0,0.29480685668945306,64.62,70.02,70.53
QQQ,2026-09-04,2026-10-30,C,660.0,80,2,0.2946237530517578,67.0,67.3,69.75
QQQ,2026-09-04,2026-10-30,C,661.0,7,4,0.29337254486083975,66.85,66.39,68.89
QQQ,2026-09-04,2026-10-30,C,662.0,1,0,0.2894052993774413,82.07,65.2,67.82
QQQ,2026-09-04,2026-10-30,C,664.0,7,2,0.2885508157348632,63.6,63.75,66.24
QQQ,2026-09-04,2026-10-30,C,665.0,10,6,0.28409529388427723,61.63,64.61,65.13
QQQ,2026-09-04,2026-10-30,C,666.0,10,2,0.28494977752685535,52.29,62.02,64.45
QQQ,2026-09-04,2026-10-30,C,667.0,2,0,0.26261113372802736,45.6,61.24,61.91
QQQ,2026-09-04,2026-10-30,C,668.0,19,2,0.28174546386718746,65.02,60.29,62.7
QQQ,2026-09-04,2026-10-30,C,669.0,2,3,0.2783580465698242,58.85,61.28,61.68
QQQ,2026-09-04,2026-10-30,C,670.0,30,3,0.27866321929931637,59.37,58.86,60.97
QQQ,2026-09-04,2026-10-30,C,671.0,12,10,0.2762065788269042,51.85,59.57,60.03
QQQ,2026-09-04,2026-10-30,C,672.0,12,2,0.2757335610961914,57.43,56.85,59.26
QQQ,2026-09-04,2026-10-30,C,673.0,68,4,0.27461968063354497,47.95,55.98,58.44
QQQ,2026-09-04,2026-10-30,C,674.0,11,1,0.2731395928955078,61.57,55.13,57.59
QQQ,2026-09-04,2026-10-30,C,675.0,26,1,0.27173579833984374,53.12,54.29,56.75
QQQ,2026-09-04,2026-10-30,C,676.0,4,1,0.27017941741943363,47.0,53.45,55.9
QQQ,2026-09-04,2026-10-30,C,677.0,72,3,0.2687145883178711,52.25,52.61,55.06
QQQ,2026-09-04,2026-10-30,C,678.0,5,1,0.26688355194091795,68.31,53.65,54.19
QQQ,2026-09-04,2026-10-30,C,679.0,87,3,0.2634656173706055,49.85,52.74,53.18
QQQ,2026-09-04,2026-10-30,C,680.0,87,1,0.26203130554199217,50.99,52.0,52.35
QQQ,2026-09-04,2026-10-30,C,681.0,1,1,0.2609021664428711,50.77,51.19,51.55
QQQ,2026-09-04,2026-10-30,C,682.0,111,11,0.2589643196105958,49.59,50.37,50.68
QQQ,2026-09-04,2026-10-30,C,683.0,44,4,0.25841500869750983,50.2,49.56,49.94
QQQ,2026-09-04,2026-10-30,C,684.0,39,2,0.2567365586853027,51.43,48.64,49.1
QQQ,2026-09-04,2026-10-30,C,685.0,21,2,0.25534802276611335,38.49,47.94,48.29
QQQ,2026-09-04,2026-10-30,C,686.0,33,1,0.25403578002929694,38.5,47.14,47.49
QQQ,2026-09-04,2026-10-30,C,687.0,82,5,0.25267776138305664,44.0,46.26,46.69
QQQ,2026-09-04,2026-10-30,C,688.0,9,2,0.2513960359191894,45.0,45.45,45.9
QQQ,2026-09-04,2026-10-30,C,689.0,8,2,0.24997698272705077,37.22,44.76,45.1
QQQ,2026-09-04,2026-10-30,C,690.0,47,5,0.24829853271484376,41.1,43.97,44.28
QQQ,2026-09-04,2026-10-30,C,691.0,23,20,0.24750508361816403,33.95,43.07,43.55
QQQ,2026-09-04,2026-10-30,C,692.0,35,7,0.23242955078125,34.89,40.83,41.43
QQQ,2026-09-04,2026-10-30,C,693.0,106,1,0.2450942190551758,42.2,41.55,42.02
QQQ,2026-09-04,2026-10-30,C,694.0,67,1,0.2436751658630371,43.15,40.78,41.24
QQQ,2026-09-04,2026-10-30,C,695.0,282,510,0.24231714721679687,33.06,40.0,40.47
QQQ,2026-09-04,2026-10-30,C,696.0,75,5,0.2411117149353027,34.62,39.27,39.72
QQQ,2026-09-04,2026-10-30,C,697.0,64,1,0.23986050674438475,35.65,38.49,38.97
QQQ,2026-09-04,2026-10-30,C,698.0,15,2,0.23857878128051757,38.61,37.88,38.22
QQQ,2026-09-04,2026-10-30,C,699.0,16,2,0.23694610717773437,37.19,37.14,37.44
QQQ,2026-09-04,2026-10-30,C,700.0,259,113,0.23517610534667968,36.45,36.27,36.65
QQQ,2026-09-04,2026-10-30,C,701.0,30,16,0.23444369079589844,37.23,35.55,35.97
QQQ,2026-09-04,2026-10-30,C,702.0,25,5,0.23287205123901367,35.32,34.81,35.21
QQQ,2026-09-04,2026-10-30,C,703.0,71,5,0.23203282623291016,33.5,34.24,34.53
QQQ,2026-09-04,2026-10-30,C,704.0,4,15,0.2301712725830078,32.83,33.62,33.75
QQQ,2026-09-04,2026-10-30,C,705.0,69,10,0.22838601211547854,33.06,32.81,32.98
QQQ,2026-09-04,2026-10-30,C,706.0,26,1,0.2283402362060547,31.3,32.21,32.4
QQQ,2026-09-04,2026-10-30,C,707.0,122,4,0.2267380793762207,30.53,31.48,31.66
QQQ,2026-09-04,2026-10-30,C,708.0,234,3,0.22534954345703123,28.8,30.76,30.95
QQQ,2026-09-04,2026-10-30,C,709.0,145,13,0.22422040435791013,29.0,30.08,30.27
QQQ,2026-09-04,2026-10-30,C,710.0,428,16,0.22330488616943356,29.4,29.43,29.62
QQQ,2026-09-04,2026-10-30,C,711.0,83,1,0.2222367816162109,27.66,28.8,28.96
QQQ,2026-09-04,2026-10-30,C,712.0,168,2,0.2211076425170898,28.67,28.12,28.3
QQQ,2026-09-04,2026-10-30,C,713.0,111,1,0.22040574523925777,26.7,27.5,27.69
QQQ,2026-09-04,2026-10-30,C,714.0,354,1,0.21862048477172852,26.03,26.79,26.97
QQQ,2026-09-04,2026-10-30,C,715.0,487,54,0.21779651840209957,26.1,26.2,26.36
QQQ,2026-09-04,2026-10-30,C,716.0,177,7,0.21654531021118162,25.5,25.53,25.71
QQQ,2026-09-04,2026-10-30,C,717.0,260,8,0.2155077229309082,24.1,24.91,25.09
QQQ,2026-09-04,2026-10-30,C,718.0,246,24,0.21440910110473632,23.76,24.29,24.47
QQQ,2026-09-04,2026-10-30,C,719.0,344,13,0.21363091064453127,22.97,23.76,23.89
QQQ,2026-09-04,2026-10-30,C,720.0,673,258,0.2125933233642578,23.19,23.13,23.29
QQQ,2026-09-04,2026-10-30,C,721.0,316,2,0.21141840835571285,21.9,22.5,22.68
QQQ,2026-09-04,2026-10-30,C,722.0,291,224,0.21009090698242186,20.59,21.96,22.06
QQQ,2026-09-04,2026-10-30,C,723.0,327,3,0.20941952697753902,21.04,21.36,21.52
QQQ,2026-09-04,2026-10-30,C,724.0,137,31,0.20877866424560543,19.31,20.83,20.99
QQQ,2026-09-04,2026-10-30,C,725.0,635,8,0.20771055969238278,20.19,20.27,20.42
QQQ,2026-09-04,2026-10-30,C,726.0,318,17,0.2063067651367187,19.11,19.73,19.82
QQQ,2026-09-04,2026-10-30,C,727.0,207,4,0.20520814331054685,19.14,19.15,19.26
QQQ,2026-09-04,2026-10-30,C,728.0,394,34,0.20504029830932613,17.87,18.66,18.81
QQQ,2026-09-04,2026-10-30,C,729.0,469,3,0.2039874523925781,18.17,18.12,18.27
QQQ,2026-09-04,2026-10-30,C,730.0,1659,11,0.202583657836914,17.57,17.63,17.7
QQQ,2026-09-04,2026-10-30,C,735.0,567,9,0.1986164123535156,15.22,15.18,15.29
QQQ,2026-09-04,2026-10-30,C,740.0,1702,213,0.19559520233154298,13.0,13.03,13.17
QQQ,2026-09-04,2026-10-30,C,745.0,484,8,0.19164321548461916,10.55,11.03,11.14
QQQ,2026-09-04,2026-10-30,C,750.0,4530,91,0.18846941909790038,9.3,9.28,9.38
QQQ,2026-09-04,2026-10-30,C,755.0,1047,14,0.1859212268066406,7.42,7.79,7.86
QQQ,2026-09-04,2026-10-30,C,760.0,1191,196,0.18402915588378904,6.49,6.48,6.57
QQQ,2026-09-04,2026-10-30,C,765.0,1358,115,0.18216760223388673,5.38,5.37,5.44
QQQ,2026-09-04,2026-10-30,C,770.0,476,53,0.18061122131347657,4.38,4.4,4.48
QQQ,2026-09-04,2026-10-30,C,775.0,436,32,0.17948208221435547,3.48,3.62,3.68
QQQ,2026-09-04,2026-10-30,C,780.0,525,114,0.17841397766113282,3.01,2.95,3.0
QQQ,2026-09-04,2026-10-30,C,785.0,194,71,0.17749845947265624,2.43,2.39,2.43
QQQ,2026-09-04,2026-10-30,C,790.0,532,34,0.17719328674316404,1.95,1.94,1.98
QQQ,2026-09-04,2026-10-30,C,795.0,245,2,0.17707121765136719,1.55,1.57,1.61
QQQ,2026-09-04,2026-10-30,C,800.0,954,146,0.17749845947265624,1.29,1.27,1.32
QQQ,2026-09-04,2026-10-30,C,805.0,224,3,0.17798673583984376,0.92,1.04,1.08
QQQ,2026-09-04,2026-10-30,C,810.0,423,1,0.17847501220703127,0.84,0.84,0.88
QQQ,2026-09-04,2026-10-30,C,815.0,270,37,0.17957363403320312,0.55,0.69,0.73
QQQ,2026-09-04,2026-10-30,C,820.0,354,4,0.1805501867675781,0.55,0.57,0.6
QQQ,2026-09-04,2026-10-30,C,825.0,147,2,0.18189294677734374,0.47,0.46,0.5
QQQ,2026-09-04,2026-10-30,C,830.0,238,30,0.1834798449707031,0.26,0.38,0.42
QQQ,2026-09-04,2026-10-30,C,835.0,66,1,0.18555501953124998,0.22,0.32,0.36
QQQ,2026-09-04,2026-10-30,C,840.0,441,11,0.18689777954101564,0.25,0.26,0.3
QQQ,2026-09-04,2026-10-30,C,845.0,25,3,0.18921709228515626,0.23,0.22,0.26
QQQ,2026-09-04,2026-10-30,C,850.0,434,1,0.1909260595703125,0.2,0.18,0.22
QQQ,2026-09-04,2026-10-30,C,855.0,45,3,0.1928791650390625,0.13,0.15,0.19
QQQ,2026-09-04,2026-10-30,C,860.0,113,3,0.1958088232421875,0.07,0.12,0.17
QQQ,2026-09-04,2026-10-30,C,865.0,68,2,0.198250205078125,0.21,0.1,0.15
QQQ,2026-09-04,2026-10-30,C,870.0,178,1,0.2004474487304687,0.18,0.09,0.13
QQQ,2026-09-04,2026-10-30,C,875.0,8,1,0.2016681396484375,0.16,0.08,0.11
QQQ,2026-09-04,2026-10-30,P,470.0,227,35,0.4907277490234375,0.43,0.38,0.42
QQQ,2026-09-04,2026-10-30,P,475.0,1,0,0.49121602539062503,2.02,0.41,0.5
QQQ,2026-09-04,2026-10-30,P,480.0,72,2,0.47485876708984376,0.43,0.42,0.46
QQQ,2026-09-04,2026-10-30,P,485.0,103,10,0.46802289794921875,0.52,0.44,0.49
QQQ,2026-09-04,2026-10-30,P,490.0,20,92,0.45972219970703126,0.48,0.47,0.51
QQQ,2026-09-04,2026-10-30,P,495.0,38,10,0.4523980541992188,0.54,0.5,0.54
QQQ,2026-09-04,2026-10-30,P,500.0,263,10,0.44507390869140623,0.6,0.53,0.57
QQQ,2026-09-04,2026-10-30,P,505.0,49,4,0.437505625,0.66,0.56,0.6
QQQ,2026-09-04,2026-10-30,P,510.0,101,3,0.42981527221679694,0.71,0.59,0.63
QQQ,2026-09-04,2026-10-30,P,515.0,33,6,0.4229794030761719,0.85,0.62,0.67
QQQ,2026-09-04,2026-10-30,P,520.0,146,4,0.4158993957519531,0.96,0.66,0.71
QQQ,2026-09-04,2026-10-30,P,525.0,89,2,0.4085752502441406,0.87,0.7,0.75
QQQ,2026-09-04,2026-10-30,P,530.0,63,5,0.40112903564453123,0.8,0.75,0.79
QQQ,2026-09-04,2026-10-30,P,535.0,57,7,0.393560751953125,0.98,0.79,0.83
QQQ,2026-09-04,2026-10-30,P,540.0,317,3,0.38721315917968746,0.95,0.84,0.89
QQQ,2026-09-04,2026-10-30,P,545.0,1012,1,0.379889013671875,0.97,0.9,0.94
QQQ,2026-09-04,2026-10-30,P,550.0,421,1,0.37305314453125,1.01,0.96,1.0
QQQ,2026-09-04,2026-10-30,P,555.0,56,2,0.36597313720703123,1.22,1.02,1.06
QQQ,2026-09-04,2026-10-30,P,560.0,187,2,0.35925933715820313,1.16,1.09,1.13
QQQ,2026-09-04,2026-10-30,P,565.0,195,2,0.35278967529296873,1.18,1.16,1.21
QQQ,2026-09-04,2026-10-30,P,570.0,173,1,0.3459538061523437,1.32,1.25,1.29
QQQ,2026-09-04,2026-10-30,P,575.0,292,104,0.3389348333740234,1.4,1.33,1.37
QQQ,2026-09-04,2026-10-30,P,580.0,390,25,0.3325262060546875,1.45,1.43,1.47
QQQ,2026-09-04,2026-10-30,P,585.0,433,100,0.32617861328125,1.6,1.53,1.58
QQQ,2026-09-04,2026-10-30,P,590.0,268,3,0.3194648132324218,1.67,1.65,1.69
QQQ,2026-09-04,2026-10-30,P,595.0,225,102,0.31317825500488283,1.91,1.78,1.82
QQQ,2026-09-04,2026-10-30,P,600.0,1111,20,0.3068306622314453,1.93,1.91,1.96
QQQ,2026-09-04,2026-10-30,P,601.0,80,2,0.30560997131347656,2.0,1.94,1.99
QQQ,2026-09-04,2026-10-30,P,602.0,36,3,0.3043282458496094,2.05,1.97,2.02
QQQ,2026-09-04,2026-10-30,P,603.0,35,5,0.3030465203857422,3.12,2.0,2.05
QQQ,2026-09-04,2026-10-30,P,604.0,19,2,0.301764794921875,3.0,2.04,2.08
QQQ,2026-09-04,2026-10-30,P,605.0,275,2,0.3004220349121094,2.25,2.06,2.11
QQQ,2026-09-04,2026-10-30,P,606.0,35,1,0.2991403094482421,2.7,2.1,2.14
QQQ,2026-09-04,2026-10-30,P,607.0,77,14,0.2981027221679687,2.19,2.13,2.18
QQQ,2026-09-04,2026-10-30,P,608.0,7,1,0.29669892761230465,2.23,2.16,2.21
QQQ,2026-09-04,2026-10-30,P,609.0,63,37,0.295356167602539,2.29,2.2,2.24
QQQ,2026-09-04,2026-10-30,P,610.0,318,4,0.2942575457763671,2.28,2.23,2.28
QQQ,2026-09-04,2026-10-30,P,611.0,8,2,0.292853751220703,2.36,2.27,2.31
QQQ,2026-09-04,2026-10-30,P,612.0,173,4,0.29169409484863273,3.16,2.31,2.35
QQQ,2026-09-04,2026-10-30,P,613.0,101,1,0.29053443847656246,5.06,2.35,2.39
QQQ,2026-09-04,2026-10-30,P,614.0,18,1,0.2893747821044921,3.66,2.38,2.43
QQQ,2026-09-04,2026-10-30,P,615.0,179,1,0.28784891845703114,2.45,2.42,2.46
QQQ,2026-09-04,2026-10-30,P,616.0,128,100,0.2866587448120117,3.12,2.46,2.5
QQQ,2026-09-04,2026-10-30,P,617.0,27,7,0.2854075366210937,2.56,2.5,2.54
QQQ,2026-09-04,2026-10-30,P,618.0,152,10,0.2841868457031249,3.61,2.54,2.58
QQQ,2026-09-04,2026-10-30,P,619.0,38,1,0.28314925842285155,2.69,2.59,2.63
QQQ,2026-09-04,2026-10-30,P,620.0,299,2,0.28186753295898437,2.9,2.63,2.67
QQQ,2026-09-04,2026-10-30,P,621.0,101,1,0.2805247729492187,3.01,2.67,2.71
QQQ,2026-09-04,2026-10-30,P,622.0,38,2,0.2791820129394531,3.88,2.71,2.75
QQQ,2026-09-04,2026-10-30,P,623.0,42,31,0.27808339111328123,2.84,2.76,2.8
QQQ,2026-09-04,2026-10-30,P,624.0,24,2,0.27698476928710936,4.12,2.8,2.85
QQQ,2026-09-04,2026-10-30,P,625.0,594,52,0.275825112915039,2.9,2.85,2.9
QQQ,2026-09-04,2026-10-30,P,626.0,2,1,0.27466545654296876,3.84,2.91,2.95
QQQ,2026-09-04,2026-10-30,P,627.0,12,10,0.273444765625,3.26,2.96,3.0
QQQ,2026-09-04,2026-10-30,P,628.0,28,7,0.2722240747070312,3.18,3.0,3.05
QQQ,2026-09-04,2026-10-30,P,629.0,10,4,0.2710033837890625,3.46,3.06,3.1
QQQ,2026-09-04,2026-10-30,P,630.0,608,76,0.26996579650878905,3.2,3.11,3.16
QQQ,2026-09-04,2026-10-30,P,631.0,53,1,0.26868407104492187,4.6,3.17,3.21
QQQ,2026-09-04,2026-10-30,P,632.0,39,1,0.26758544921875,3.5,3.23,3.27
QQQ,2026-09-04,2026-10-30,P,633.0,88,30,0.2664868273925781,4.17,3.28,3.33
QQQ,2026-09-04,2026-10-30,P,634.0,78,11,0.26489992919921873,3.45,3.33,3.37
QQQ,2026-09-04,2026-10-30,P,635.0,227,18,0.26416751464843746,3.44,3.4,3.45
QQQ,2026-09-04,2026-10-30,P,636.0,15,1,0.26297734100341796,4.43,3.46,3.51
QQQ,2026-09-04,2026-10-30,P,637.0,35,2,0.26178716735839846,3.52,3.52,3.57
QQQ,2026-09-04,2026-10-30,P,638.0,25,1,0.2605359591674804,3.63,3.58,3.63
QQQ,2026-09-04,2026-10-30,P,639.0,51,2,0.2594678546142578,3.91,3.65,3.7
QQQ,2026-09-04,2026-10-30,P,640.0,7981,31,0.25818612915039063,3.74,3.72,3.76
QQQ,2026-09-04,2026-10-30,P,641.0,130,2,0.25727061096191406,5.15,3.79,3.84
QQQ,2026-09-04,2026-10-30,P,642.0,40,21,0.2561109545898438,3.96,3.86,3.91
QQQ,2026-09-04,2026-10-30,P,643.0,12,2,0.25476819458007816,3.99,3.93,3.97
QQQ,2026-09-04,2026-10-30,P,644.0,3,1,0.2537611245727539,4.89,4.0,4.05
QQQ,2026-09-04,2026-10-30,P,645.0,572,74,0.2527235372924804,4.21,4.08,4.13
QQQ,2026-09-04,2026-10-30,P,646.0,2,1,0.25165543273925783,4.62,4.16,4.21
QQQ,2026-09-04,2026-10-30,P,647.0,42,27,0.2505568109130859,4.7,4.24,4.29
QQQ,2026-09-04,2026-10-30,P,648.0,116,3,0.2492445681762695,4.37,4.31,4.36
QQQ,2026-09-04,2026-10-30,P,649.0,114,3,0.24808491180419923,4.44,4.39,4.44
QQQ,2026-09-04,2026-10-30,P,650.0,5636,132,0.2472304281616211,4.49,4.49,4.54
QQQ,2026-09-04,2026-10-30,P,651.0,111,2,0.24604025451660155,4.56,4.56,4.62
QQQ,2026-09-04,2026-10-30,P,652.0,95,2,0.2449416326904297,4.71,4.65,4.71
QQQ,2026-09-04,2026-10-30,P,653.0,25,2,0.2438430108642578,4.8,4.75,4.8
QQQ,2026-09-04,2026-10-30,P,654.0,151,3,0.24268335449218748,4.84,4.83,4.89
QQQ,2026-09-04,2026-10-30,P,655.0,7822,98,0.24167628448486328,4.97,4.94,4.99
QQQ,2026-09-04,2026-10-30,P,656.0,68,2,0.2406386972045898,5.07,5.03,5.09
QQQ,2026-09-04,2026-10-30,P,657.0,43,1,0.23957059265136715,5.4,5.13,5.19
QQQ,2026-09-04,2026-10-30,P,658.0,54,1,0.23847197082519528,5.41,5.23,5.29
QQQ,2026-09-04,2026-10-30,P,659.0,485,15,0.23731231445312498,5.29,5.33,5.39
QQQ,2026-09-04,2026-10-30,P,660.0,8679,157,0.23645783081054686,5.5,5.45,5.51
QQQ,2026-09-04,2026-10-30,P,661.0,72,1,0.2352371398925781,6.12,5.55,5.61
QQQ,2026-09-04,2026-10-30,P,662.0,166,2,0.23413851806640623,6.05,5.65,5.72
QQQ,2026-09-04,2026-10-30,P,663.0,36,15,0.23346713806152342,5.81,5.79,5.86
QQQ,2026-09-04,2026-10-30,P,664.0,50,1,0.23227696441650392,6.3,5.91,5.97
QQQ,2026-09-04,2026-10-30,P,665.0,535,109,0.2312393771362305,6.05,6.03,6.09
QQQ,2026-09-04,2026-10-30,P,666.0,61,1,0.23014075531005856,6.16,6.15,6.21
QQQ,2026-09-04,2026-10-30,P,667.0,34,4,0.22901161621093752,6.65,6.27,6.33
QQQ,2026-09-04,2026-10-30,P,668.0,69,16,0.22812661529541017,6.42,6.41,6.47
QQQ,2026-09-04,2026-10-30,P,669.0,127,25,0.22718057983398435,7.21,6.54,6.61
QQQ,2026-09-04,2026-10-30,P,670.0,710,113,0.22620402709960938,6.69,6.67,6.75
QQQ,2026-09-04,2026-10-30,P,671.0,73,30,0.22492230163574217,6.71,6.8,6.87
QQQ,2026-09-04,2026-10-30,P,672.0,51,4,0.22400678344726557,7.42,6.95,7.02
QQQ,2026-09-04,2026-10-30,P,673.0,54,5,0.2230454893493652,7.76,7.08,7.17
QQQ,2026-09-04,2026-10-30,P,674.0,54,4,0.222038419342041,7.5,7.25,7.32
QQQ,2026-09-04,2026-10-30,P,675.0,1172,298,0.22098557342529296,7.41,7.39,7.47
QQQ,2026-09-04,2026-10-30,P,676.0,51,63,0.2197801411437988,7.8,7.54,7.61
QQQ,2026-09-04,2026-10-30,P,677.0,122,4,0.2187883297729492,7.85,7.69,7.77
QQQ,2026-09-04,2026-10-30,P,678.0,63,1,0.21810169113159178,8.16,7.88,7.96
QQQ,2026-09-04,2026-10-30,P,679.0,38,1,0.21677418975830076,8.0,8.02,8.1
QQQ,2026-09-04,2026-10-30,P,680.0,5694,417,0.2158739302062988,8.27,8.19,8.28
QQQ,2026-09-04,2026-10-30,P,681.0,34,112,0.2150499638366699,8.67,8.38,8.47
QQQ,2026-09-04,2026-10-30,P,682.0,59,10,0.21418022155761718,9.45,8.57,8.66
QQQ,2026-09-04,2026-10-30,P,683.0,25,1,0.21303582382202146,8.89,8.75,8.83
QQQ,2026-09-04,2026-10-30,P,684.0,29,88,0.21207452972412105,9.26,8.94,9.02
QQQ,2026-09-04,2026-10-30,P,685.0,2559,74,0.21106745971679686,9.14,9.11,9.21
QQQ,2026-09-04,2026-10-30,P,686.0,22,2,0.2099993551635742,9.54,9.32,9.4
QQQ,2026-09-04,2026-10-30,P,687.0,48,24,0.20902280242919918,9.52,9.52,9.6
QQQ,2026-09-04,2026-10-30,P,688.0,170,21,0.208092025604248,9.88,9.71,9.81
QQQ,2026-09-04,2026-10-30,P,689.0,103,18,0.20710021423339842,10.23,9.94,10.02
QQQ,2026-09-04,2026-10-30,P,690.0,1553,71,0.20607788558959955,10.44,10.13,10.23
QQQ,2026-09-04,2026-10-30,P,691.0,32,1,0.2051165914916992,11.39,10.35,10.45
QQQ,2026-09-04,2026-10-30,P,692.0,18,1,0.2039874523925781,10.81,10.56,10.66
QQQ,2026-09-04,2026-10-30,P,693.0,108,24,0.20322452056884766,12.11,10.82,10.91
QQQ,2026-09-04,2026-10-30,P,694.0,59,27,0.2022174505615234,11.38,11.03,11.14
QQQ,2026-09-04,2026-10-30,P,695.0,378,108,0.20114934600830076,11.3,11.28,11.37
QQQ,2026-09-04,2026-10-30,P,696.0,237,29,0.20023382781982418,11.71,11.53,11.62
QQQ,2026-09-04,2026-10-30,P,697.0,36,8,0.19904365417480469,11.85,11.76,11.85
QQQ,2026-09-04,2026-10-30,P,698.0,64,6,0.1984333087158203,12.12,12.03,12.14
QQQ,2026-09-04,2026-10-30,P,699.0,150,1,0.19704477279663085,12.66,12.26,12.36
QQQ,2026-09-04,2026-10-30,P,700.0,7334,371,0.1961139959716797,12.5,12.57,12.63
QQQ,2026-09-04,2026-10-30,P,701.0,47,1,0.195320546875,13.86,12.81,12.92
QQQ,2026-09-04,2026-10-30,P,702.0,135,4,0.19406933868408205,14.1,13.06,13.17
QQQ,2026-09-04,2026-10-30,P,703.0,50,15,0.1930622686767578,13.37,13.35,13.45
QQQ,2026-09-04,2026-10-30,P,704.0,101,86,0.19228407821655275,14.45,13.65,13.76
QQQ,2026-09-04,2026-10-30,P,705.0,440,33,0.19135330139160156,14.32,13.95,14.06
QQQ,2026-09-04,2026-10-30,P,706.0,40,2,0.19036149002075198,15.6,14.25,14.36
QQQ,2026-09-04,2026-10-30,P,707.0,1103,3,0.18930864410400394,14.5,14.54,14.66
QQQ,2026-09-04,2026-10-30,P,708.0,1081,11,0.1883778672790527,15.95,14.87,14.98
QQQ,2026-09-04,2026-10-30,P,709.0,79,45,0.18720295227050782,15.51,15.17,15.28
QQQ,2026-09-04,2026-10-30,P,710.0,10578,140,0.186531572265625,16.0,15.51,15.64
QQQ,2026-09-04,2026-10-30,P,711.0,57,3,0.18560079544067382,16.69,15.84,15.98
QQQ,2026-09-04,2026-10-30,P,712.0,290,209,0.18431906997680664,17.02,16.18,16.29
QQQ,2026-09-04,2026-10-30,P,713.0,225,43,0.18335777587890623,16.59,16.52,16.64
QQQ,2026-09-04,2026-10-30,P,714.0,217,1,0.18241174041748048,18.37,16.88,17.0
QQQ,2026-09-04,2026-10-30,P,715.0,1205,82,0.1814962222290039,17.32,17.24,17.37
QQQ,2026-09-04,2026-10-30,P,716.0,96,11,0.1808858767700195,17.64,17.65,17.78
QQQ,2026-09-04,2026-10-30,P,717.0,293,35,0.17954311676025392,18.57,18.0,18.12
QQQ,2026-09-04,2026-10-30,P,718.0,294,45,0.1788717367553711,18.45,18.4,18.54
QQQ,2026-09-04,2026-10-30,P,719.0,181,94,0.1780477703857422,19.38,18.82,18.95
QQQ,2026-09-04,2026-10-30,P,720.0,512,1482,0.17704070037841796,19.36,19.2,19.35
QQQ,2026-09-04,2026-10-30,P,721.0,160,5,0.1757894921875,20.15,19.62,19.73
QQQ,2026-09-04,2026-10-30,P,722.0,164,8,0.17491974990844728,20.29,20.02,20.16
QQQ,2026-09-04,2026-10-30,P,723.0,369,40,0.17424836990356446,20.09,20.48,20.62
QQQ,2026-09-04,2026-10-30,P,724.0,83,60,0.17350069671630858,20.29,20.94,21.08
QQQ,2026-09-04,2026-10-30,P,725.0,425,128,0.17221897125244146,21.4,21.37,21.49
QQQ,2026-09-04,2026-10-30,P,726.0,1141,113,0.17131871170043944,22.01,21.81,21.95
QQQ,2026-09-04,2026-10-30,P,727.0,330,30,0.17041845214843754,22.53,22.3,22.42
QQQ,2026-09-04,2026-10-30,P,728.0,126,90,0.1695334512329102,23.0,22.78,22.9
QQQ,2026-09-04,2026-10-30,P,729.0,22,1,0.16904517486572268,24.26,23.26,23.43
QQQ,2026-09-04,2026-10-30,P,730.0,571,230,0.16817543258666995,24.67,23.78,23.93
QQQ,2026-09-04,2026-10-30,P,735.0,92,4,0.16361310028076176,26.51,26.38,26.54
QQQ,2026-09-04,2026-10-30,P,740.0,375,1,0.159188095703125,29.95,29.21,29.4
QQQ,2026-09-04,2026-10-30,P,745.0,26,179,0.1547478324890137,33.09,32.32,32.5
QQQ,2026-09-04,2026-10-30,P,750.0,330,250,0.15070429382324224,36.84,35.67,35.88
QQQ,2026-09-04,2026-10-30,P,755.0,6,1,0.1506585179138184,42.88,37.83,39.81
QQQ,2026-09-04,2026-10-30,P,760.0,298,45,0.14737791107177733,43.74,41.77,43.67
QQQ,2026-09-04,2026-10-30,P,765.0,26,11,0.14429566650390624,57.04,47.09,47.74
QQQ,2026-09-04,2026-10-30,P,770.0,338,2,0.14273928558349608,61.53,51.37,52.07
QQQ,2026-09-04,2026-10-30,P,775.0,137,2,0.13816169464111328,66.32,55.67,56.4
QQQ,2026-09-04,2026-10-30,P,780.0,1,4,0.16880103668212892,71.17,58.92,62.42
QQQ,2026-09-04,2026-10-30,P,785.0,6,7,0.17078465942382814,68.0,63.56,67.05
QQQ,2026-09-04,2026-10-30,P,790.0,0,1,0.1261684063720703,82.98,68.3,70.32
QQQ,2026-09-04,2026-10-30,P,795.0,38,5,0.17816983947753906,74.78,73.11,76.6
QQQ,2026-09-04,2026-10-30,P,800.0,0,3,0.18372398315429686,86.92,77.99,81.49
QQQ,2026-09-04,2026-10-30,P,805.0,0,0,0.19001054138183598,82.66,82.92,86.42
QQQ,2026-09-04,2026-10-30,P,810.0,0,1,0.19721261779785154,80.0,87.9,91.39
QQQ,2026-09-04,2026-10-30,P,820.0,0,0,0.21265435791015624,98.39,97.9,101.38
QQQ,2026-09-04,2026-10-30,P,825.0,0,0,0.22071091796874998,103.35,102.9,106.39
QQQ,2026-09-04,2026-10-30,P,830.0,0,0,0.22797402893066404,98.17,107.9,111.38
QQQ,2026-09-04,2026-10-30,P,835.0,0,0,0.23548127807617186,111.9,112.9,116.38
QQQ,2026-09-04,2026-10-30,P,840.0,1,1,0.24292749267578123,132.91,117.9,121.38
QQQ,2026-09-04,2026-10-30,P,845.0,0,1,0.25025163818359375,137.93,122.9,126.38
QQQ,2026-09-04,2026-10-30,P,850.0,0,267,0.257819921875,120.67,127.9,131.39
QQQ,2026-09-04,2026-10-30,P,855.0,0,178,0.26496096374511713,129.88,132.9,136.39
QQQ,2026-09-04,2026-10-30,P,860.0,0,0,0.27173579833984374,135.43,137.9,141.38
QQQ,2026-09-04,2026-10-30,P,870.0,1,1,0.28601788208007806,149.52,147.9,151.39
QQQ,2026-09-04,2026-10-30,P,875.0,0,0,0.2924875439453124,143.16,152.9,156.38
QQQ,2026-09-04,2026-11-20,C,360.0,1,1,0.735354208984375,316.78,359.33,363.02
QQQ,2026-09-04,2026-11-20,C,370.0,1,0,0.7128934960937501,334.01,349.3,353.13
QQQ,2026-09-04,2026-11-20,C,380.0,6,0,0.7005645178222657,325.0,339.5,343.24
QQQ,2026-09-04,2026-11-20,C,390.0,28,0,0.7893087475585938,330.02,331.55,335.0
QQQ,2026-09-04,2026-11-20,C,400.0,4,4,0.7669701037597658,321.25,321.67,325.15
QQQ,2026-09-04,2026-11-20,C,410.0,1,1,0.6523472265625001,278.43,309.89,313.61
QQQ,2026-09-04,2026-11-20,C,420.0,2,0,1.0000000000000003e-05,294.62,289.08,292.87
QQQ,2026-09-04,2026-11-20,C,430.0,3,0,0.6164589135742189,241.67,290.07,293.87
QQQ,2026-09-04,2026-11-20,C,435.0,7,1,0.6887238159179689,295.15,287.11,290.58
QQQ,2026-09-04,2026-11-20,C,450.0,1,1,0.6566196447753907,267.98,272.31,275.79
QQQ,2026-09-04,2026-11-20,C,455.0,3,0,0.6461827374267577,268.27,267.39,270.86
QQQ,2026-09-04,2026-11-20,C,465.0,2,2,1.0000000000000003e-05,265.08,244.86,248.73
QQQ,2026-09-04,2026-11-20,C,480.0,81,164,0.5947916497802734,248.41,242.78,246.25
QQQ,2026-09-04,2026-11-20,C,485.0,28,2,0.5849040533447265,233.97,237.87,241.34
QQQ,2026-09-04,2026-11-20,C,490.0,7,5,0.5748333532714844,230.77,232.95,236.43
QQQ,2026-09-04,2026-11-20,C,495.0,27,2,0.5650678259277344,222.6,228.05,231.52
QQQ,2026-09-04,2026-11-20,C,500.0,83,71,0.5551802294921876,214.24,223.14,226.61
QQQ,2026-09-04,2026-11-20,C,505.0,1,0,0.5455367712402344,217.74,218.24,221.71
QQQ,2026-09-04,2026-11-20,C,510.0,3,1,0.5355881402587892,226.32,213.32,216.81
QQQ,2026-09-04,2026-11-20,C,515.0,2,1,0.5260667510986328,207.0,208.42,211.92
QQQ,2026-09-04,2026-11-20,C,520.0,6,1,0.5167284655761719,206.2,203.55,207.02
QQQ,2026-09-04,2026-11-20,C,525.0,1,1,0.5070850073242188,199.32,198.64,202.14
QQQ,2026-09-04,2026-11-20,C,530.0,2,2,1.0000000000000003e-05,172.22,181.7,185.51
QQQ,2026-09-04,2026-11-20,C,535.0,1,0,0.4922536126708985,144.01,187.01,190.8
QQQ,2026-09-04,2026-11-20,C,540.0,61,1,0.5148363946533203,183.01,184.03,187.49
QQQ,2026-09-04,2026-11-20,C,545.0,1,0,0.47070841796875,141.0,177.28,180.92
QQQ,2026-09-04,2026-11-20,C,550.0,21,1,0.4950917190551758,164.5,174.3,177.78
QQQ,2026-09-04,2026-11-20,C,555.0,0,4,0.48508205352783207,176.72,169.47,172.92
QQQ,2026-09-04,2026-11-20,C,560.0,14,8,0.4783377362060547,162.38,164.58,168.25
QQQ,2026-09-04,2026-11-20,C,565.0,3,1,0.4655815161132813,159.45,159.77,163.24
QQQ,2026-09-04,2026-11-20,C,570.0,5,10,0.45609064422607426,160.2,154.92,158.42
QQQ,2026-09-04,2026-11-20,C,575.0,18,1,0.4465082205200196,151.2,150.14,153.6
QQQ,2026-09-04,2026-11-20,C,580.0,11,1,0.43716993499755863,162.17,145.3,148.8
QQQ,2026-09-04,2026-11-20,C,585.0,6,3,0.4278926840209961,136.24,140.51,144.01
QQQ,2026-09-04,2026-11-20,C,590.0,20,6,0.40491317749023437,132.59,135.78,138.33
QQQ,2026-09-04,2026-11-20,C,595.0,1,1,0.39609368560791025,130.0,131.02,133.56
QQQ,2026-09-04,2026-11-20,C,600.0,35,6,0.3881897119140625,117.9,126.27,128.86
QQQ,2026-09-04,2026-11-20,C,605.0,8,1,0.3789124609375,122.79,121.55,124.08
QQQ,2026-09-04,2026-11-20,C,610.0,50,1,0.3704896936035156,105.48,116.85,119.37
QQQ,2026-09-04,2026-11-20,C,615.0,3,1,0.36298244445800787,126.87,112.17,114.74
QQQ,2026-09-04,2026-11-20,C,620.0,173,26,0.35416295257568353,108.67,107.52,110.03
QQQ,2026-09-04,2026-11-20,C,625.0,26,1,0.3467777725219726,103.9,102.87,105.45
QQQ,2026-09-04,2026-11-20,C,630.0,49,1,0.3384160397338867,96.47,98.3,100.81
QQQ,2026-09-04,2026-11-20,C,635.0,442,401,0.3311987046813965,84.92,93.75,96.29
QQQ,2026-09-04,2026-11-20,C,640.0,49,1,0.32378300735473625,82.13,89.22,91.78
QQQ,2026-09-04,2026-11-20,C,645.0,32,1,0.31581799911499014,86.26,86.46,87.25
QQQ,2026-09-04,2026-11-20,C,650.0,126,4,0.3088295436096191,82.02,80.4,82.84
QQQ,2026-09-04,2026-11-20,C,655.0,36,4,0.30155117401123044,77.38,77.69,78.44
QQQ,2026-09-04,2026-11-20,C,660.0,345,3,0.2934640966796874,72.6,73.42,74.0
QQQ,2026-09-04,2026-11-20,C,665.0,108,1,0.28839822937011705,67.04,67.46,69.91
QQQ,2026-09-04,2026-11-20,C,670.0,208,3,0.2819285675048828,65.31,65.02,65.73
QQQ,2026-09-04,2026-11-20,C,675.0,652,100,0.27362786926269533,60.9,61.04,61.41
QQQ,2026-09-04,2026-11-20,C,680.0,504,8,0.26737182830810546,56.9,56.95,57.37
QQQ,2026-09-04,2026-11-20,C,685.0,304,2,0.26129889099121095,52.28,53.05,53.42
QQQ,2026-09-04,2026-11-20,C,690.0,663,35,0.25592785095214843,48.51,49.32,49.63
QQQ,2026-09-04,2026-11-20,C,695.0,661,2,0.2507551731872558,45.35,45.52,45.95
QQQ,2026-09-04,2026-11-20,C,700.0,1421,7,0.245124736328125,41.22,42.02,42.31
QQQ,2026-09-04,2026-11-20,C,705.0,1648,26,0.23990628265380853,38.9,38.46,38.82
QQQ,2026-09-04,2026-11-20,C,710.0,2718,19,0.23508455352783203,35.3,35.11,35.49
QQQ,2026-09-04,2026-11-20,C,715.0,2107,35,0.23059851440429688,32.0,31.94,32.32
QQQ,2026-09-04,2026-11-20,C,720.0,6294,234,0.22538006072998046,29.11,29.02,29.18
QQQ,2026-09-04,2026-11-20,C,725.0,5247,103,0.22060410751342768,26.11,26.14,26.23
QQQ,2026-09-04,2026-11-20,C,730.0,14498,215,0.21732350067138673,23.45,23.46,23.61
QQQ,2026-09-04,2026-11-20,C,735.0,1858,78,0.2135393588256836,20.78,20.9,21.07
QQQ,2026-09-04,2026-11-20,C,740.0,3871,412,0.20946530288696286,18.34,18.54,18.64
QQQ,2026-09-04,2026-11-20,C,745.0,12271,66,0.20616943740844723,16.2,16.36,16.46
QQQ,2026-09-04,2026-11-20,C,750.0,15903,400,0.20360598648071287,14.38,14.44,14.52
QQQ,2026-09-04,2026-11-20,C,755.0,1817,66,0.20098150100708007,12.63,12.61,12.72
QQQ,2026-09-04,2026-11-20,C,760.0,26646,79,0.19849434326171872,11.03,10.99,11.08
QQQ,2026-09-04,2026-11-20,C,765.0,5516,19,0.1964496859741211,9.43,9.54,9.63
QQQ,2026-09-04,2026-11-20,C,770.0,12803,47,0.19445080459594727,7.96,8.24,8.32
QQQ,2026-09-04,2026-11-20,C,775.0,2526,29,0.1925739923095703,7.12,7.08,7.15
QQQ,2026-09-04,2026-11-20,C,780.0,5837,111,0.19147537048339847,5.87,6.1,6.17
QQQ,2026-09-04,2026-11-20,C,785.0,1028,4,0.19043778320312502,4.73,5.22,5.3
QQQ,2026-09-04,2026-11-20,C,790.0,6257,27,0.1891560577392578,4.45,4.46,4.51
QQQ,2026-09-04,2026-11-20,C,795.0,754,8,0.1886677813720703,3.65,3.81,3.87
QQQ,2026-09-04,2026-11-20,C,800.0,8120,99,0.18824053955078124,3.25,3.25,3.31
QQQ,2026-09-04,2026-11-20,C,805.0,1857,169,0.1876607113647461,2.76,2.77,2.81
QQQ,2026-09-04,2026-11-20,C,810.0,502,113,0.18778278045654295,2.28,2.36,2.41
QQQ,2026-09-04,2026-11-20,C,815.0,823,13,0.18763019409179688,2.02,2.01,2.05
QQQ,2026-09-04,2026-11-20,C,820.0,2583,13,0.18781329772949218,1.63,1.71,1.75
QQQ,2026-09-04,2026-11-20,C,825.0,1607,87,0.18824053955078124,1.47,1.46,1.5
QQQ,2026-09-04,2026-11-20,C,830.0,834,16,0.18854571228027345,1.2,1.24,1.28
QQQ,2026-09-04,2026-11-20,C,835.0,3385,4,0.18921709228515626,1.01,1.05,1.1
QQQ,2026-09-04,2026-11-20,C,840.0,4515,1,0.18970536865234378,0.78,0.9,0.94
QQQ,2026-09-04,2026-11-20,C,845.0,2033,2,0.1905598522949219,0.79,0.77,0.81
QQQ,2026-09-04,2026-11-20,C,850.0,508,22,0.19147537048339847,0.69,0.66,0.7
QQQ,2026-09-04,2026-11-20,C,855.0,213,4,0.19263502685546874,0.42,0.56,0.61
QQQ,2026-09-04,2026-11-20,C,860.0,379,667,0.19373364868164064,0.52,0.49,0.53
QQQ,2026-09-04,2026-11-20,C,865.0,310,100,0.1948322705078125,0.44,0.42,0.46
QQQ,2026-09-04,2026-11-20,C,870.0,450,100,0.1966633068847656,0.4,0.36,0.41
QQQ,2026-09-04,2026-11-20,C,875.0,209,11,0.19800606689453126,0.17,0.31,0.36
QQQ,2026-09-04,2026-11-20,C,880.0,812,5,0.1997150341796875,0.21,0.27,0.32
QQQ,2026-09-04,2026-11-20,C,885.0,261,11,0.20093572509765623,0.25,0.24,0.28
QQQ,2026-09-04,2026-11-20,C,890.0,1091,1,0.20264469238281246,0.22,0.21,0.25
QQQ,2026-09-04,2026-11-20,C,895.0,149,1,0.20386538330078124,0.09,0.18,0.22
QQQ,2026-09-04,2026-11-20,C,900.0,2525,5,0.20606262695312497,0.18,0.16,0.2
QQQ,2026-09-04,2026-11-20,C,905.0,438,1,0.20777159423828123,0.07,0.14,0.18
QQQ,2026-09-04,2026-11-20,C,910.0,832,1,0.21070125244140625,0.18,0.13,0.17
QQQ,2026-09-04,2026-11-20,C,915.0,80,1,0.21192194335937498,0.16,0.12,0.15
QQQ,2026-09-04,2026-11-20,C,920.0,1372,2,0.21436332519531248,0.14,0.1,0.14
QQQ,2026-09-04,2026-11-20,C,925.0,58,1,0.21680470703125,0.07,0.1,0.13
QQQ,2026-09-04,2026-11-20,C,930.0,147,1,0.21900195068359374,0.11,0.09,0.12
QQQ,2026-09-04,2026-11-20,C,935.0,122,1,0.22315229980468748,0.05,0.08,0.12
QQQ,2026-09-04,2026-11-20,C,940.0,1418,200,0.22510540527343748,0.05,0.07,0.11
QQQ,2026-09-04,2026-11-20,C,945.0,68,1,0.22657023437499998,0.07,0.07,0.1
QQQ,2026-09-04,2026-11-20,C,950.0,2480,370,0.2280350634765625,0.07,0.07,0.09
QQQ,2026-09-04,2026-11-20,C,955.0,203,1,0.23194127441406248,0.07,0.06,0.09
QQQ,2026-09-04,2026-11-20,C,960.0,583,50,0.23535920898437498,0.04,0.06,0.09
QQQ,2026-09-04,2026-11-20,C,965.0,421,1,0.23633576171874998,0.04,0.05,0.08
QQQ,2026-09-04,2026-11-20,C,970.0,884,100,0.24024197265624997,0.04,0.05,0.08
QQQ,2026-09-04,2026-11-20,C,975.0,558,6,0.24073024902343748,0.02,0.05,0.07
QQQ,2026-09-04,2026-11-20,C,980.0,597,125,0.24414818359375,0.17,0.04,0.07
QQQ,2026-09-04,2026-11-20,C,985.0,717,62,0.24805439453125,0.15,0.04,0.07
QQQ,2026-09-04,2026-11-20,C,990.0,374,31,0.2514723291015625,0.02,0.04,0.07
QQQ,2026-09-04,2026-11-20,C,995.0,667,21,0.25098405273437496,0.02,0.04,0.06
QQQ,2026-09-04,2026-11-20,C,1000.0,16541,16,0.25489026367187506,0.02,0.04,0.06
QQQ,2026-09-04,2026-11-20,C,1005.0,5,1,0.25830819824218754,0.07,0.03,0.06
QQQ,2026-09-04,2026-11-20,C,1010.0,2,1,0.2617261328125,0.03,0.03,0.06
QQQ,2026-09-04,2026-11-20,C,1015.0,1,0,0.2651440673828125,0.18,0.03,0.06
QQQ,2026-09-04,2026-11-20,C,1020.0,12,6,0.26367923828125,0.04,0.03,0.05
QQQ,2026-09-04,2026-11-20,C,1025.0,1,0,0.26758544921875,0.13,0.03,0.05
QQQ,2026-09-04,2026-11-20,C,1030.0,4,1,0.270515107421875,0.09,0.03,0.05
QQQ,2026-09-04,2026-11-20,C,1035.0,1,0,0.274421318359375,0.09,0.03,0.05
QQQ,2026-09-04,2026-11-20,C,1040.0,1,0,0.27735097656249996,0.08,0.02,0.05
QQQ,2026-09-04,2026-11-20,C,1045.0,5,0,0.2802806347656249,0.12,0.02,0.05
QQQ,2026-09-04,2026-11-20,C,1050.0,5,4,0.28321029296874994,0.04,0.02,0.05
QQQ,2026-09-04,2026-11-20,C,1055.0,6,5,0.28711650390624993,0.11,0.02,0.05
QQQ,2026-09-04,2026-11-20,C,1060.0,9,10,0.29004616210937495,0.05,0.02,0.05
QQQ,2026-09-04,2026-11-20,C,1065.0,2,0,0.2929758203124999,0.14,0.0,0.05
QQQ,2026-09-04,2026-11-20,C,1070.0,285,305,0.2910227148437499,0.05,0.02,0.04
QQQ,2026-09-04,2026-11-20,C,1075.0,13,10,0.29395237304687494,0.06,0.02,0.04
QQQ,2026-09-04,2026-11-20,C,1080.0,2024,324,0.29688203124999996,0.05,0.02,0.04
QQQ,2026-09-04,2026-11-20,C,1085.0,27857,1,0.299811689453125,0.02,0.02,0.04
QQQ,2026-09-04,2026-11-20,P,350.0,852,68,0.6123085644531252,0.2,0.18,0.2
QQQ,2026-09-04,2026-11-20,P,355.0,169,10,0.6074258007812501,0.2,0.19,0.23
QQQ,2026-09-04,2026-11-20,P,360.0,485,1,0.5991251025390626,0.26,0.2,0.24
QQQ,2026-09-04,2026-11-20,P,365.0,246,1,0.5937540625000001,0.29,0.22,0.26
QQQ,2026-09-04,2026-11-20,P,370.0,394,1,0.5854533642578125,0.3,0.23,0.27
QQQ,2026-09-04,2026-11-20,P,375.0,114,6,0.577152666015625,0.26,0.24,0.28
QQQ,2026-09-04,2026-11-20,P,380.0,352,8,0.5712933496093751,0.38,0.26,0.3
QQQ,2026-09-04,2026-11-20,P,385.0,107,11,0.5625043750000001,0.28,0.27,0.31
QQQ,2026-09-04,2026-11-20,P,390.0,759,1,0.5561567822265626,0.32,0.29,0.33
QQQ,2026-09-04,2026-11-20,P,395.0,51,1,0.5478560839843751,0.34,0.3,0.34
QQQ,2026-09-04,2026-11-20,P,400.0,606,1,0.5410202148437502,0.35,0.32,0.36
QQQ,2026-09-04,2026-11-20,P,405.0,13,1,0.534184345703125,0.37,0.34,0.38
QQQ,2026-09-04,2026-11-20,P,410.0,177,1,0.5273484765625001,0.34,0.36,0.4
QQQ,2026-09-04,2026-11-20,P,415.0,91,1,0.5195360546875,0.38,0.37,0.42
QQQ,2026-09-04,2026-11-20,P,420.0,76,2,0.5124560473632812,0.51,0.39,0.44
QQQ,2026-09-04,2026-11-20,P,425.0,293,1,0.50586431640625,0.42,0.42,0.46
QQQ,2026-09-04,2026-11-20,P,430.0,204,9,0.5026905200195313,0.47,0.44,0.49
QQQ,2026-09-04,2026-11-20,P,435.0,105,9,0.495122236328125,0.5,0.47,0.51
QQQ,2026-09-04,2026-11-20,P,440.0,463,10,0.4887746435546876,0.51,0.49,0.54
QQQ,2026-09-04,2026-11-20,P,445.0,560,1,0.4809622216796875,0.54,0.52,0.56
QQQ,2026-09-04,2026-11-20,P,450.0,278,23,0.47437049072265625,0.57,0.55,0.59
QQQ,2026-09-04,2026-11-20,P,455.0,456,10,0.46753462158203124,0.68,0.58,0.62
QQQ,2026-09-04,2026-11-20,P,460.0,1087,13,0.45972219970703126,0.64,0.63,0.64
QQQ,2026-09-04,2026-11-20,P,465.0,157,4,0.4537408142089844,0.71,0.65,0.68
QQQ,2026-09-04,2026-11-20,P,470.0,1564,5,0.44751529052734373,0.68,0.7,0.72
QQQ,2026-09-04,2026-11-20,P,475.0,316,4,0.44116769775390624,0.73,0.73,0.76
QQQ,2026-09-04,2026-11-20,P,480.0,607,503,0.43457596679687505,0.81,0.76,0.8
QQQ,2026-09-04,2026-11-20,P,485.0,89,1,0.4279842358398438,0.85,0.81,0.84
QQQ,2026-09-04,2026-11-20,P,490.0,2243,4,0.42127043579101564,0.93,0.86,0.88
QQQ,2026-09-04,2026-11-20,P,495.0,333,112,0.4157773266601562,0.98,0.9,0.94
QQQ,2026-09-04,2026-11-20,P,500.0,1705,30,0.4100400793457031,0.98,0.95,1.0
QQQ,2026-09-04,2026-11-20,P,505.0,161,1,0.40344834838867194,1.08,1.01,1.05
QQQ,2026-09-04,2026-11-20,P,510.0,403,17,0.3967345483398438,1.11,1.07,1.1
QQQ,2026-09-04,2026-11-20,P,515.0,262,20,0.3909973010253906,1.13,1.13,1.17
QQQ,2026-09-04,2026-11-20,P,520.0,11250,5,0.3845276391601562,1.3,1.2,1.23
QQQ,2026-09-04,2026-11-20,P,525.0,138,61,0.37842418457031246,1.29,1.27,1.3
QQQ,2026-09-04,2026-11-20,P,530.0,416,5,0.3726869372558594,1.36,1.34,1.38
QQQ,2026-09-04,2026-11-20,P,535.0,3160,15,0.36664451721191404,1.44,1.42,1.46
QQQ,2026-09-04,2026-11-20,P,540.0,796,17,0.36084623535156246,1.54,1.51,1.55
QQQ,2026-09-04,2026-11-20,P,545.0,160,2,0.35480381530761707,1.63,1.6,1.64
QQQ,2026-09-04,2026-11-20,P,550.0,2311,143,0.3490055334472656,1.8,1.69,1.74
QQQ,2026-09-04,2026-11-20,P,555.0,300,4,0.34290207885742185,1.81,1.8,1.84
QQQ,2026-09-04,2026-11-20,P,560.0,628,70,0.3369817279052735,1.95,1.91,1.95
QQQ,2026-09-04,2026-11-20,P,565.0,372,2,0.33112241149902344,2.13,2.03,2.07
QQQ,2026-09-04,2026-11-20,P,570.0,1397,76,0.325629302368164,2.2,2.16,2.21
QQQ,2026-09-04,2026-11-20,P,575.0,1303,51,0.3198920550537109,2.31,2.3,2.35
QQQ,2026-09-04,2026-11-20,P,580.0,7491,1006,0.31415480773925775,2.53,2.46,2.5
QQQ,2026-09-04,2026-11-20,P,585.0,650,13,0.3086616986083984,2.7,2.63,2.67
QQQ,2026-09-04,2026-11-20,P,590.0,1912,11,0.3031075549316406,2.83,2.8,2.85
QQQ,2026-09-04,2026-11-20,P,595.0,841,2,0.2977059976196288,3.04,3.01,3.05
QQQ,2026-09-04,2026-11-20,P,600.0,6942,27,0.29218237121582025,3.29,3.23,3.26
QQQ,2026-09-04,2026-11-20,P,605.0,590,2,0.28696391754150385,3.56,3.46,3.5
QQQ,2026-09-04,2026-11-20,P,610.0,1261,72,0.28174546386718746,3.74,3.72,3.76
QQQ,2026-09-04,2026-11-20,P,615.0,1421,23,0.2767101138305663,4.1,4.0,4.05
QQQ,2026-09-04,2026-11-20,P,620.0,9580,69,0.27176631561279296,4.42,4.32,4.37
QQQ,2026-09-04,2026-11-20,P,625.0,4439,108,0.26654786193847657,4.64,4.65,4.7
QQQ,2026-09-04,2026-11-20,P,630.0,7780,201,0.2618176846313477,5.06,5.03,5.09
QQQ,2026-09-04,2026-11-20,P,635.0,2969,59,0.25690440368652345,5.48,5.45,5.5
QQQ,2026-09-04,2026-11-20,P,640.0,5572,106,0.252311554107666,5.94,5.91,5.97
QQQ,2026-09-04,2026-11-20,P,645.0,2855,95,0.24742879043579102,6.41,6.4,6.46
QQQ,2026-09-04,2026-11-20,P,650.0,18425,369,0.24274438903808593,6.98,6.96,7.01
QQQ,2026-09-04,2026-11-20,P,655.0,5626,109,0.2381973153686523,7.59,7.56,7.62
QQQ,2026-09-04,2026-11-20,P,660.0,9361,1855,0.23368075897216795,8.24,8.23,8.29
QQQ,2026-09-04,2026-11-20,P,665.0,2911,111,0.2291642025756836,8.96,8.95,9.02
QQQ,2026-09-04,2026-11-20,P,670.0,5520,264,0.22478497390747065,9.76,9.75,9.83
QQQ,2026-09-04,2026-11-20,P,675.0,3578,103,0.22054307296752929,10.67,10.66,10.73
QQQ,2026-09-04,2026-11-20,P,680.0,37364,203,0.2161943615722656,11.7,11.61,11.7
QQQ,2026-09-04,2026-11-20,P,685.0,3659,37,0.21192194335937498,13.1,12.68,12.77
QQQ,2026-09-04,2026-11-20,P,690.0,16117,128,0.20760374923706054,14.01,13.86,13.93
QQQ,2026-09-04,2026-11-20,P,695.0,2122,43,0.20339236557006835,15.23,15.09,15.21
QQQ,2026-09-04,2026-11-20,P,700.0,7041,169,0.19937934417724607,16.56,16.51,16.63
QQQ,2026-09-04,2026-11-20,P,705.0,2781,164,0.19500011550903318,18.08,18.03,18.13
QQQ,2026-09-04,2026-11-20,P,710.0,7029,181,0.1907582145690918,20.19,19.66,19.78
QQQ,2026-09-04,2026-11-20,P,715.0,3488,152,0.18677571044921876,21.52,21.51,21.61
QQQ,2026-09-04,2026-11-20,P,720.0,4656,310,0.1826101026916504,23.6,23.43,23.57
QQQ,2026-09-04,2026-11-20,P,725.0,12518,51,0.1785665640258789,25.58,25.6,25.71
QQQ,2026-09-04,2026-11-20,P,730.0,1588,28,0.1746450944519043,27.93,27.84,28.04
QQQ,2026-09-04,2026-11-20,P,735.0,445,2,0.17078465942382814,30.5,30.36,30.56
QQQ,2026-09-04,2026-11-20,P,740.0,489,18,0.16735146621704106,33.31,33.12,33.32
QQQ,2026-09-04,2026-11-20,P,745.0,83,1,0.16356732437133792,39.42,35.99,36.23
QQQ,2026-09-04,2026-11-20,P,750.0,823,13,0.16043930389404298,39.44,39.09,39.41
QQQ,2026-09-04,2026-11-20,P,755.0,36,1,0.15824206024169923,42.64,42.4,42.88
QQQ,2026-09-04,2026-11-20,P,760.0,97,1,0.15592274749755858,46.49,45.9,46.51
QQQ,2026-09-04,2026-11-20,P,765.0,21,6,0.15317619293212892,59.09,49.59,50.27
QQQ,2026-09-04,2026-11-20,P,770.0,49,1,0.14896480926513672,54.64,53.4,54.08
QQQ,2026-09-04,2026-11-20,P,775.0,201,100,0.14649291015625,57.54,56.1,58.2
QQQ,2026-09-04,2026-11-20,P,780.0,268,1,0.1458520474243164,65.0,60.33,62.58
QQQ,2026-09-04,2026-11-20,P,785.0,277,10,0.1403284210205078,58.63,64.71,66.79
QQQ,2026-09-04,2026-11-20,P,790.0,559,2,0.13767341827392582,74.2,70.46,71.3
QQQ,2026-09-04,2026-11-20,P,795.0,0,197,0.13916876464843753,77.26,73.81,76.07
QQQ,2026-09-04,2026-11-20,P,800.0,1,4,0.13581186462402345,94.09,78.5,80.72
QQQ,2026-09-04,2026-11-20,P,805.0,0,1,0.16855689849853522,87.45,83.27,86.73
QQQ,2026-09-04,2026-11-20,P,810.0,0,6,0.17243259216308598,84.53,88.1,91.59
QQQ,2026-09-04,2026-11-20,P,815.0,72,80,0.1763998376464844,97.29,92.99,96.47
QQQ,2026-09-04,2026-11-20,P,820.0,0,1210,0.18158777404785154,111.52,97.93,101.41
QQQ,2026-09-04,2026-11-20,P,825.0,0,1,0.1873250213623047,107.06,102.91,106.38
QQQ,2026-09-04,2026-11-20,P,830.0,0,2,0.19379468322753907,118.3,107.9,111.38
QQQ,2026-09-04,2026-11-20,P,835.0,0,0,0.2004474487304687,102.67,112.9,116.39
QQQ,2026-09-04,2026-11-20,P,840.0,0,2,0.20676452423095698,120.17,117.9,121.39
QQQ,2026-09-04,2026-11-20,P,845.0,0,4,0.21302056518554688,121.09,122.9,126.39
QQQ,2026-09-04,2026-11-20,P,850.0,0,2,0.21887988159179686,138.77,127.9,131.38
QQQ,2026-09-04,2026-11-20,P,855.0,0,0,0.22492230163574217,127.45,132.9,136.38
QQQ,2026-09-04,2026-11-20,P,860.0,0,0,0.2312698944091797,135.45,137.9,141.39
QQQ,2026-09-04,2026-11-20,P,865.0,0,0,0.23688507263183595,139.52,142.9,146.38
QQQ,2026-09-04,2026-11-20,P,870.0,0,0,0.2430495617675781,143.38,147.9,151.39
QQQ,2026-09-04,2026-11-20,P,875.0,0,0,0.24860370544433597,149.51,152.9,156.38
QQQ,2026-09-04,2026-11-20,P,880.0,0,1680,0.2543409527587891,158.69,157.9,161.38
QQQ,2026-09-04,2026-11-20,P,885.0,0,0,0.2600171655273438,153.47,162.9,166.38
QQQ,2026-09-04,2026-11-20,P,890.0,0,2,0.26569337829589845,178.27,167.9,171.38
QQQ,2026-09-04,2026-11-20,P,895.0,0,0,0.2712475219726562,162.57,172.9,176.38
QQQ,2026-09-04,2026-11-20,P,900.0,0,8,0.4981739636230469,205.7,191.47,195.06
QQQ,2026-09-04,2026-11-20,P,905.0,0,0,0.50566595413208,191.2,196.47,200.05
QQQ,2026-09-04,2026-11-20,P,935.0,0,0,0.373480386352539,246.65,214.44,218.48
QQQ,2026-09-04,2026-11-20,P,940.0,0,0,0.5347946911621093,231.02,231.47,235.05
QQQ,2026-09-04,2026-11-20,P,945.0,0,0,0.38422246643066404,256.16,224.44,228.45
QQQ,2026-09-04,2026-11-20,P,950.0,0,40,0.3898681619262696,261.65,229.45,233.45
QQQ,2026-09-04,2026-11-20,P,955.0,0,80,0.3954528228759766,266.02,234.45,238.45
QQQ,2026-09-04,2026-11-20,P,965.0,0,0,0.40650007568359375,276.13,244.45,248.45
QQQ,2026-09-04,2026-11-20,P,970.0,0,0,0.4119321502685547,281.48,249.45,253.45
QQQ,2026-09-04,2026-11-20,P,980.0,0,0,0.42200285034179685,291.54,259.45,263.42
QQQ,2026-09-04,2026-11-20,P,990.0,0,0,0.43408769042968753,301.47,269.45,273.48
QQQ,2026-09-04,2026-11-20,P,1005.0,0,0,0.45667047241210945,316.81,284.45,288.76
QQQ,2026-09-04,2026-11-20,P,1010.0,0,0,0.4618278915405274,322.09,289.45,293.76
QQQ,2026-09-04,2026-11-20,P,1025.0,0,0,0.478093598022461,335.52,304.45,308.8
QQQ,2026-09-04,2026-11-20,P,1035.0,0,0,0.48730981445312505,345.8,314.45,318.77
QQQ,2026-09-04,2026-11-20,P,1045.0,0,0,0.49692275543212894,355.82,324.45,328.76
QQQ,2026-09-04,2026-11-20,P,1065.0,0,0,0.5164232928466796,376.15,344.45,348.77
QQQ,2026-09-04,2026-11-20,P,1070.0,0,0,0.5211839874267576,380.87,349.45,353.77
QQQ,2026-09-04,2026-11-20,P,1075.0,0,0,0.5256089920043946,386.23,354.45,358.76
