ticker,date,expiry,type,strike,oi,volume,iv,last,bid,ask
QQQ,2026-09-03,2026-09-04,C,400.0,8,1,1.0000000000000003e-05,320.63,317.88,318.03
QQQ,2026-09-03,2026-09-04,C,405.0,2,2,1.0000000000000003e-05,312.86,312.88,313.03
QQQ,2026-09-03,2026-09-04,C,410.0,2,1,1.0000000000000003e-05,308.25,307.85,307.98
QQQ,2026-09-03,2026-09-04,C,420.0,1,1,1.0000000000000003e-05,297.61,297.83,297.93
QQQ,2026-09-03,2026-09-04,C,440.0,4,0,1.0000000000000003e-05,280.87,277.83,277.93
QQQ,2026-09-03,2026-09-04,C,450.0,1,0,1.0000000000000003e-05,270.57,267.84,267.97
QQQ,2026-09-03,2026-09-04,C,455.0,2,0,1.0000000000000003e-05,262.79,262.84,262.98
QQQ,2026-09-03,2026-09-04,C,475.0,9,0,1.0000000000000003e-05,242.84,242.84,242.98
QQQ,2026-09-03,2026-09-04,C,480.0,1,1,1.0000000000000003e-05,234.6,237.84,237.98
QQQ,2026-09-03,2026-09-04,C,490.0,50,44,1.0000000000000003e-05,229.67,227.85,227.96
QQQ,2026-09-03,2026-09-04,C,495.0,1,1,1.0000000000000003e-05,218.67,222.83,222.93
QQQ,2026-09-03,2026-09-04,C,500.0,23,8,1.0000000000000003e-05,206.47,217.85,217.97
QQQ,2026-09-03,2026-09-04,C,510.0,60,40,1.0000000000000003e-05,208.6,207.84,207.96
QQQ,2026-09-03,2026-09-04,C,515.0,0,1,1.0000000000000003e-05,200.05,202.85,202.98
QQQ,2026-09-03,2026-09-04,C,520.0,1,1,1.0000000000000003e-05,189.5,197.88,198.02
QQQ,2026-09-03,2026-09-04,C,525.0,115,28,1.0000000000000003e-05,192.64,192.88,193.02
QQQ,2026-09-03,2026-09-04,C,530.0,2,0,1.0000000000000003e-05,192.99,187.85,187.97
QQQ,2026-09-03,2026-09-04,C,535.0,2,1,1.0000000000000003e-05,182.59,182.88,183.02
QQQ,2026-09-03,2026-09-04,C,540.0,101,59,1.0000000000000003e-05,166.28,177.88,178.02
QQQ,2026-09-03,2026-09-04,C,545.0,5,1,1.0000000000000003e-05,173.92,172.88,173.02
QQQ,2026-09-03,2026-09-04,C,555.0,2,10,1.0000000000000003e-05,163.82,162.84,162.99
QQQ,2026-09-03,2026-09-04,C,565.0,11,2,1.0000000000000003e-05,146.51,152.88,153.02
QQQ,2026-09-03,2026-09-04,C,570.0,63,25,1.0000000000000003e-05,137.49,147.88,148.03
QQQ,2026-09-03,2026-09-04,C,575.0,6,12,1.0000000000000003e-05,142.32,142.83,142.93
QQQ,2026-09-03,2026-09-04,C,576.0,1,12,1.0000000000000003e-05,143.33,141.85,141.98
QQQ,2026-09-03,2026-09-04,C,578.0,2,2,1.0000000000000003e-05,141.13,139.83,139.94
QQQ,2026-09-03,2026-09-04,C,580.0,77,79,1.0000000000000003e-05,136.88,137.83,137.93
QQQ,2026-09-03,2026-09-04,C,581.0,1,1,1.0000000000000003e-05,136.74,136.81,136.93
QQQ,2026-09-03,2026-09-04,C,583.0,3,1,1.0000000000000003e-05,126.06,134.85,134.96
QQQ,2026-09-03,2026-09-04,C,585.0,3,1,1.0000000000000003e-05,132.77,132.88,133.03
QQQ,2026-09-03,2026-09-04,C,586.0,1,1,1.0000000000000003e-05,128.8,131.83,131.93
QQQ,2026-09-03,2026-09-04,C,587.0,2,0,1.0000000000000003e-05,130.74,130.88,131.03
QQQ,2026-09-03,2026-09-04,C,590.0,169,170,1.0000000000000003e-05,126.96,127.81,127.93
QQQ,2026-09-03,2026-09-04,C,593.0,2,0,1.0000000000000003e-05,124.85,124.8,124.93
QQQ,2026-09-03,2026-09-04,C,595.0,8,4,1.0000000000000003e-05,122.0,122.83,122.93
QQQ,2026-09-03,2026-09-04,C,596.0,1,1,1.0000000000000003e-05,129.23,121.83,121.93
QQQ,2026-09-03,2026-09-04,C,597.0,1,0,1.0000000000000003e-05,121.34,120.85,120.96
QQQ,2026-09-03,2026-09-04,C,598.0,4,0,1.0000000000000003e-05,120.09,119.88,120.01
QQQ,2026-09-03,2026-09-04,C,599.0,7,1,1.0000000000000003e-05,118.79,118.83,118.93
QQQ,2026-09-03,2026-09-04,C,600.0,130,114,1.0000000000000003e-05,116.61,117.84,117.97
QQQ,2026-09-03,2026-09-04,C,601.0,2,2,1.0000000000000003e-05,109.6,116.88,117.01
QQQ,2026-09-03,2026-09-04,C,602.0,2,0,1.0000000000000003e-05,116.05,115.84,115.98
QQQ,2026-09-03,2026-09-04,C,605.0,1,2,1.0000000000000003e-05,109.92,112.88,113.01
QQQ,2026-09-03,2026-09-04,C,608.0,1,1,1.0000000000000003e-05,99.46,109.83,109.93
QQQ,2026-09-03,2026-09-04,C,609.0,11,1,1.0000000000000003e-05,109.09,108.83,108.93
QQQ,2026-09-03,2026-09-04,C,610.0,4,1,1.0000000000000003e-05,109.81,107.83,107.93
QQQ,2026-09-03,2026-09-04,C,611.0,0,1,1.0000000000000003e-05,103.48,106.84,106.97
QQQ,2026-09-03,2026-09-04,C,612.0,16,1,1.0000000000000003e-05,105.51,105.88,106.01
QQQ,2026-09-03,2026-09-04,C,614.0,2,1,1.0000000000000003e-05,103.58,103.83,103.93
QQQ,2026-09-03,2026-09-04,C,615.0,33,2,1.0000000000000003e-05,95.19,102.83,102.93
QQQ,2026-09-03,2026-09-04,C,616.0,47,7,1.0000000000000003e-05,91.17,101.83,101.93
QQQ,2026-09-03,2026-09-04,C,617.0,9,6,1.0000000000000003e-05,102.14,100.88,101.02
QQQ,2026-09-03,2026-09-04,C,618.0,3,3,1.0000000000000003e-05,102.68,99.85,99.96
QQQ,2026-09-03,2026-09-04,C,619.0,10,0,1.0000000000000003e-05,67.5,98.88,99.02
QQQ,2026-09-03,2026-09-04,C,620.0,60,9,1.0000000000000003e-05,99.45,97.84,97.99
QQQ,2026-09-03,2026-09-04,C,621.0,1,1,1.0000000000000003e-05,77.66,96.88,97.03
QQQ,2026-09-03,2026-09-04,C,622.0,0,16,1.0000000000000003e-05,89.07,95.84,95.97
QQQ,2026-09-03,2026-09-04,C,624.0,3,3,1.0000000000000003e-05,96.75,93.84,93.97
QQQ,2026-09-03,2026-09-04,C,625.0,22,9,1.0000000000000003e-05,93.66,92.84,92.97
QQQ,2026-09-03,2026-09-04,C,626.0,1,1,1.0000000000000003e-05,91.31,91.84,91.97
QQQ,2026-09-03,2026-09-04,C,627.0,11,1,1.0000000000000003e-05,90.48,90.85,90.99
QQQ,2026-09-03,2026-09-04,C,630.0,48,39,1.0000000000000003e-05,90.44,87.83,87.94
QQQ,2026-09-03,2026-09-04,C,631.0,2,0,1.0000000000000003e-05,57.88,86.84,86.97
QQQ,2026-09-03,2026-09-04,C,632.0,27,7,1.0000000000000003e-05,87.53,85.84,85.97
QQQ,2026-09-03,2026-09-04,C,633.0,14,2,1.0000000000000003e-05,86.05,84.83,84.93
QQQ,2026-09-03,2026-09-04,C,634.0,1,0,1.0000000000000003e-05,41.76,83.88,84.01
QQQ,2026-09-03,2026-09-04,C,635.0,13,2,1.0000000000000003e-05,83.68,82.88,83.01
QQQ,2026-09-03,2026-09-04,C,636.0,30,2,1.0000000000000003e-05,82.7,81.83,81.93
QQQ,2026-09-03,2026-09-04,C,637.0,19,17,1.0000000000000003e-05,82.09,80.88,81.02
QQQ,2026-09-03,2026-09-04,C,639.0,14,2,1.0000000000000003e-05,67.7,78.84,78.98
QQQ,2026-09-03,2026-09-04,C,640.0,135,61,1.0000000000000003e-05,77.54,77.88,78.02
QQQ,2026-09-03,2026-09-04,C,641.0,11,6,1.0000000000000003e-05,78.18,76.84,76.97
QQQ,2026-09-03,2026-09-04,C,642.0,7,0,1.0000000000000003e-05,75.94,75.84,75.97
QQQ,2026-09-03,2026-09-04,C,644.0,22,0,1.0000000000000003e-05,74.84,73.83,73.93
QQQ,2026-09-03,2026-09-04,C,645.0,4,1,1.0000000000000003e-05,74.56,72.88,73.03
QQQ,2026-09-03,2026-09-04,C,647.0,4,2,1.0000000000000003e-05,77.2,70.88,71.03
QQQ,2026-09-03,2026-09-04,C,648.0,10,6,1.0000000000000003e-05,70.64,69.85,69.97
QQQ,2026-09-03,2026-09-04,C,649.0,6,2,1.0000000000000003e-05,57.99,68.88,69.03
QQQ,2026-09-03,2026-09-04,C,650.0,47,6,1.0000000000000003e-05,67.6,67.83,67.99
QQQ,2026-09-03,2026-09-04,C,651.0,15,13,1.0000000000000003e-05,67.43,66.83,66.93
QQQ,2026-09-03,2026-09-04,C,652.0,12,1,1.0000000000000003e-05,64.92,65.85,65.96
QQQ,2026-09-03,2026-09-04,C,653.0,6,1,1.0000000000000003e-05,81.45,64.83,64.93
QQQ,2026-09-03,2026-09-04,C,654.0,10,2,1.0000000000000003e-05,63.76,63.83,63.94
QQQ,2026-09-03,2026-09-04,C,655.0,35,4,1.0000000000000003e-05,62.53,62.85,62.99
QQQ,2026-09-03,2026-09-04,C,656.0,6,2,1.0000000000000003e-05,62.75,61.88,62.03
QQQ,2026-09-03,2026-09-04,C,657.0,14,10,1.0000000000000003e-05,52.68,60.88,61.03
QQQ,2026-09-03,2026-09-04,C,658.0,6,2,1.0000000000000003e-05,51.61,59.88,60.03
QQQ,2026-09-03,2026-09-04,C,659.0,9,2,1.0000000000000003e-05,60.34,58.83,58.93
QQQ,2026-09-03,2026-09-04,C,660.0,69,33,1.0000000000000003e-05,57.94,57.85,57.97
QQQ,2026-09-03,2026-09-04,C,661.0,37,10,1.0000000000000003e-05,51.29,56.88,57.03
QQQ,2026-09-03,2026-09-04,C,662.0,25,15,1.0000000000000003e-05,54.77,55.83,55.93
QQQ,2026-09-03,2026-09-04,C,663.0,30,2,1.0000000000000003e-05,56.8,54.83,54.96
QQQ,2026-09-03,2026-09-04,C,664.0,16,2,1.0000000000000003e-05,55.8,53.88,54.03
QQQ,2026-09-03,2026-09-04,C,665.0,40,7,1.0000000000000003e-05,52.6,52.85,52.96
QQQ,2026-09-03,2026-09-04,C,666.0,30,9,1.0000000000000003e-05,51.17,51.88,52.03
QQQ,2026-09-03,2026-09-04,C,667.0,26,6,1.0000000000000003e-05,51.47,50.85,50.97
QQQ,2026-09-03,2026-09-04,C,668.0,17,2,1.0000000000000003e-05,51.79,49.83,49.96
QQQ,2026-09-03,2026-09-04,C,669.0,44,2,1.0000000000000003e-05,50.78,48.88,49.03
QQQ,2026-09-03,2026-09-04,C,670.0,158,105,1.0000000000000003e-05,47.71,47.85,47.98
QQQ,2026-09-03,2026-09-04,C,671.0,79,3,1.0000000000000003e-05,46.07,46.85,46.97
QQQ,2026-09-03,2026-09-04,C,672.0,42,2,1.0000000000000003e-05,36.5,45.88,45.98
QQQ,2026-09-03,2026-09-04,C,673.0,53,1,1.0000000000000003e-05,44.3,44.88,45.0
QQQ,2026-09-03,2026-09-04,C,674.0,28,1,1.0000000000000003e-05,38.33,43.88,44.01
QQQ,2026-09-03,2026-09-04,C,675.0,892,42,1.0000000000000003e-05,42.23,42.88,43.01
QQQ,2026-09-03,2026-09-04,C,676.0,36,2,1.0000000000000003e-05,43.72,41.85,41.97
QQQ,2026-09-03,2026-09-04,C,677.0,45,118,1.0000000000000003e-05,40.28,40.86,40.97
QQQ,2026-09-03,2026-09-04,C,678.0,128,23,1.0000000000000003e-05,39.73,39.83,39.94
QQQ,2026-09-03,2026-09-04,C,679.0,65,2,1.0000000000000003e-05,40.72,38.83,38.94
QQQ,2026-09-03,2026-09-04,C,680.0,932,79,1.0000000000000003e-05,37.82,37.85,37.96
QQQ,2026-09-03,2026-09-04,C,681.0,50,4,1.0000000000000003e-05,36.29,36.84,36.93
QQQ,2026-09-03,2026-09-04,C,682.0,96,3,1.0000000000000003e-05,35.54,35.87,35.98
QQQ,2026-09-03,2026-09-04,C,683.0,91,25,1.0000000000000003e-05,34.54,34.88,34.99
QQQ,2026-09-03,2026-09-04,C,684.0,52,22,1.0000000000000003e-05,33.29,33.88,33.99
QQQ,2026-09-03,2026-09-04,C,685.0,144,44,1.0000000000000003e-05,32.78,32.88,32.99
QQQ,2026-09-03,2026-09-04,C,686.0,21,5,1.0000000000000003e-05,31.39,31.86,31.97
QQQ,2026-09-03,2026-09-04,C,687.0,53,17,1.0000000000000003e-05,31.34,30.88,30.99
QQQ,2026-09-03,2026-09-04,C,688.0,104,43,1.0000000000000003e-05,30.93,29.88,30.0
QQQ,2026-09-03,2026-09-04,C,689.0,28,25,1.0000000000000003e-05,28.5,28.88,28.99
QQQ,2026-09-03,2026-09-04,C,690.0,469,78,1.0000000000000003e-05,27.41,27.84,27.94
QQQ,2026-09-03,2026-09-04,C,691.0,129,27,1.0000000000000003e-05,27.34,26.88,27.0
QQQ,2026-09-03,2026-09-04,C,692.0,162,25,1.0000000000000003e-05,26.02,25.86,25.97
QQQ,2026-09-03,2026-09-04,C,693.0,105,36,1.0000000000000003e-05,26.53,24.84,24.93
QQQ,2026-09-03,2026-09-04,C,694.0,78,4,1.0000000000000003e-05,25.28,23.88,24.0
QQQ,2026-09-03,2026-09-04,C,695.0,729,96,1.0000000000000003e-05,22.85,22.88,23.0
QQQ,2026-09-03,2026-09-04,C,696.0,201,28,1.0000000000000003e-05,20.77,21.88,22.0
QQQ,2026-09-03,2026-09-04,C,697.0,193,30,1.0000000000000003e-05,20.74,20.85,20.97
QQQ,2026-09-03,2026-09-04,C,698.0,102,15,1.0000000000000003e-05,18.93,19.83,19.94
QQQ,2026-09-03,2026-09-04,C,699.0,146,20,1.0000000000000003e-05,18.61,18.88,18.99
QQQ,2026-09-03,2026-09-04,C,700.0,1226,478,1.0000000000000003e-05,17.94,17.85,17.96
QQQ,2026-09-03,2026-09-04,C,701.0,810,75,1.0000000000000003e-05,15.78,16.88,16.98
QQQ,2026-09-03,2026-09-04,C,702.0,305,236,1.0000000000000003e-05,15.61,15.83,15.94
QQQ,2026-09-03,2026-09-04,C,703.0,612,201,1.0000000000000003e-05,14.55,14.85,14.95
QQQ,2026-09-03,2026-09-04,C,704.0,1114,209,1.0000000000000003e-05,13.55,13.87,13.97
QQQ,2026-09-03,2026-09-04,C,705.0,3581,158,1.0000000000000003e-05,12.87,12.88,13.0
QQQ,2026-09-03,2026-09-04,C,706.0,1201,543,1.0000000000000003e-05,10.93,11.88,11.99
QQQ,2026-09-03,2026-09-04,C,707.0,2174,145,1.0000000000000003e-05,10.83,10.88,11.0
QQQ,2026-09-03,2026-09-04,C,708.0,2309,1051,1.0000000000000003e-05,9.43,9.88,10.0
QQQ,2026-09-03,2026-09-04,C,709.0,1744,448,1.0000000000000003e-05,8.49,8.88,9.0
QQQ,2026-09-03,2026-09-04,C,710.0,7119,1446,1.0000000000000003e-05,7.91,7.88,7.99
QQQ,2026-09-03,2026-09-04,C,711.0,3175,440,1.0000000000000003e-05,6.82,6.88,7.0
QQQ,2026-09-03,2026-09-04,C,712.0,2827,1170,1.0000000000000003e-05,5.8,5.89,5.98
QQQ,2026-09-03,2026-09-04,C,712.5,1440,1360,1.0000000000000003e-05,5.45,5.4,5.5
QQQ,2026-09-03,2026-09-04,C,713.0,3364,2718,1.0000000000000003e-05,5.01,4.86,4.97
QQQ,2026-09-03,2026-09-04,C,714.0,3420,4914,1.0000000000000003e-05,3.88,3.88,3.99
QQQ,2026-09-03,2026-09-04,C,715.0,12782,21124,1.0000000000000003e-05,3.0,2.92,2.95
QQQ,2026-09-03,2026-09-04,C,716.0,2530,54007,1.0000000000000003e-05,2.0,2.0,2.01
QQQ,2026-09-03,2026-09-04,C,717.0,2896,200902,0.014658291015625002,1.08,1.07,1.09
QQQ,2026-09-03,2026-09-04,C,717.5,2996,197404,0.024423818359375002,0.73,0.72,0.73
QQQ,2026-09-03,2026-09-04,C,718.0,4984,424009,0.02710933837890625,0.45,0.44,0.45
QQQ,2026-09-03,2026-09-04,C,719.0,4941,427017,0.03150382568359375,0.14,0.14,0.15
QQQ,2026-09-03,2026-09-04,C,720.0,14329,419177,0.03614245117187499,0.05,0.04,0.05
QQQ,2026-09-03,2026-09-04,C,721.0,4318,241897,0.04493142578125,0.03,0.02,0.03
QQQ,2026-09-03,2026-09-04,C,722.0,9474,169452,0.053720400390625006,0.01,0.01,0.02
QQQ,2026-09-03,2026-09-04,C,722.5,7297,58993,0.059579716796875,0.02,0.01,0.02
QQQ,2026-09-03,2026-09-04,C,723.0,3221,58041,0.06446248046875,0.02,0.01,0.02
QQQ,2026-09-03,2026-09-04,C,724.0,8752,77575,0.07618111328125002,0.01,0.01,0.02
QQQ,2026-09-03,2026-09-04,C,725.0,19262,52386,0.08594664062500001,0.02,0.01,0.02
QQQ,2026-09-03,2026-09-04,C,726.0,4875,18307,0.09668872070312501,0.01,0.01,0.02
QQQ,2026-09-03,2026-09-04,C,727.0,5458,13039,0.0976652734375,0.01,0.0,0.01
QQQ,2026-09-03,2026-09-04,C,727.5,2228,11448,0.10352458984374999,0.01,0.0,0.01
QQQ,2026-09-03,2026-09-04,C,728.0,9153,9230,0.117196328125,0.02,0.01,0.02
QQQ,2026-09-03,2026-09-04,C,729.0,2609,6784,0.117196328125,0.01,0.0,0.01
QQQ,2026-09-03,2026-09-04,C,730.0,19541,17178,0.12500875,0.01,0.0,0.01
QQQ,2026-09-03,2026-09-04,C,731.0,5611,5583,0.13672738281250002,0.01,0.0,0.01
QQQ,2026-09-03,2026-09-04,C,732.0,6132,1944,0.1445398046875,0.01,0.0,0.01
QQQ,2026-09-03,2026-09-04,C,732.5,906,679,0.148446015625,0.01,0.0,0.01
QQQ,2026-09-03,2026-09-04,C,733.0,2253,1107,0.15235222656250003,0.01,0.0,0.01
QQQ,2026-09-03,2026-09-04,C,734.0,2259,1698,0.16407085937500002,0.01,0.0,0.01
QQQ,2026-09-03,2026-09-04,C,735.0,30949,3600,0.17188328125000002,0.01,0.0,0.01
QQQ,2026-09-03,2026-09-04,C,736.0,2824,408,0.179695703125,0.01,0.0,0.01
QQQ,2026-09-03,2026-09-04,C,737.0,2015,385,0.1914143359375,0.01,0.0,0.01
QQQ,2026-09-03,2026-09-04,C,737.5,639,1,0.195320546875,0.01,0.0,0.01
QQQ,2026-09-03,2026-09-04,C,738.0,786,45,0.1992267578125,0.01,0.0,0.01
QQQ,2026-09-03,2026-09-04,C,739.0,2204,53,0.20703917968749996,0.01,0.0,0.01
QQQ,2026-09-03,2026-09-04,C,740.0,5100,92,0.2148516015625,0.01,0.0,0.01
QQQ,2026-09-03,2026-09-04,C,741.0,5812,52,0.22657023437499998,0.01,0.0,0.01
QQQ,2026-09-03,2026-09-04,C,742.0,637,8,0.23438265625,0.01,0.0,0.01
QQQ,2026-09-03,2026-09-04,C,742.5,614,100,0.23828886718749998,0.01,0.0,0.01
QQQ,2026-09-03,2026-09-04,C,743.0,777,30,0.242195078125,0.01,0.0,0.01
QQQ,2026-09-03,2026-09-04,C,744.0,680,84,0.2500075,0.01,0.0,0.01
QQQ,2026-09-03,2026-09-04,C,745.0,2386,295,0.257819921875,0.01,0.0,0.01
QQQ,2026-09-03,2026-09-04,C,746.0,894,30,0.26563234375,0.01,0.0,0.01
QQQ,2026-09-03,2026-09-04,C,747.0,864,5,0.273444765625,0.01,0.0,0.01
QQQ,2026-09-03,2026-09-04,C,748.0,2500,135,0.28125718749999995,0.01,0.0,0.01
QQQ,2026-09-03,2026-09-04,C,749.0,385,1,0.2929758203124999,0.01,0.0,0.01
QQQ,2026-09-03,2026-09-04,C,750.0,5577,37,0.3007882421875,0.01,0.0,0.01
QQQ,2026-09-03,2026-09-04,C,751.0,3918,100,0.3086006640625,0.02,0.0,0.01
QQQ,2026-09-03,2026-09-04,C,752.0,434,1,0.32031929687499994,0.01,0.0,0.01
QQQ,2026-09-03,2026-09-04,C,753.0,652,34,0.32813171874999997,0.01,0.0,0.01
QQQ,2026-09-03,2026-09-04,C,754.0,315,2,0.335944140625,0.01,0.0,0.01
QQQ,2026-09-03,2026-09-04,C,755.0,1906,15,0.3437565625,0.01,0.0,0.01
QQQ,2026-09-03,2026-09-04,C,756.0,296,1,0.35156898437499995,0.01,0.0,0.01
QQQ,2026-09-03,2026-09-04,C,757.0,486,234,0.35938140625,0.01,0.0,0.01
QQQ,2026-09-03,2026-09-04,C,758.0,154,3,0.367193828125,0.01,0.0,0.01
QQQ,2026-09-03,2026-09-04,C,759.0,164,54,0.37500625,0.01,0.0,0.01
QQQ,2026-09-03,2026-09-04,C,760.0,762,2,0.38281867187499996,0.01,0.0,0.01
QQQ,2026-09-03,2026-09-04,C,761.0,348,1,0.39063109375,0.01,0.0,0.01
QQQ,2026-09-03,2026-09-04,C,762.0,396,1,0.398443515625,0.02,0.0,0.01
QQQ,2026-09-03,2026-09-04,C,763.0,263,1,0.4062559375,0.01,0.0,0.01
QQQ,2026-09-03,2026-09-04,C,764.0,238,3,0.414068359375,0.01,0.0,0.01
QQQ,2026-09-03,2026-09-04,C,765.0,1930,1,0.42188078125,0.01,0.0,0.01
QQQ,2026-09-03,2026-09-04,C,766.0,208,3,0.42969320312500003,0.02,0.0,0.01
QQQ,2026-09-03,2026-09-04,C,767.0,261,2,0.437505625,0.05,0.0,0.01
QQQ,2026-09-03,2026-09-04,C,768.0,209,1,0.445318046875,0.02,0.0,0.01
QQQ,2026-09-03,2026-09-04,C,769.0,188,1,0.45313046875,0.01,0.0,0.01
QQQ,2026-09-03,2026-09-04,C,770.0,2916,1,0.46094289062500005,0.01,0.0,0.01
QQQ,2026-09-03,2026-09-04,C,771.0,116,1,0.4687553125,0.01,0.0,0.01
QQQ,2026-09-03,2026-09-04,C,772.0,765,450,0.476567734375,0.03,0.0,0.01
QQQ,2026-09-03,2026-09-04,C,773.0,126,8,0.48438015625,0.02,0.0,0.01
QQQ,2026-09-03,2026-09-04,C,774.0,135,1,0.49219257812500006,0.01,0.0,0.01
QQQ,2026-09-03,2026-09-04,C,775.0,438,1,0.500005,0.01,0.0,0.01
QQQ,2026-09-03,2026-09-04,C,776.0,127,3,0.507817421875,0.02,0.0,0.01
QQQ,2026-09-03,2026-09-04,C,777.0,297,2,0.51562984375,0.01,0.0,0.01
QQQ,2026-09-03,2026-09-04,C,778.0,211,1,0.523442265625,0.01,0.0,0.01
QQQ,2026-09-03,2026-09-04,C,779.0,53,1,0.500005,0.02,0.0,0.01
QQQ,2026-09-03,2026-09-04,C,780.0,2373,1001,0.500005,0.01,0.0,0.01
QQQ,2026-09-03,2026-09-04,C,781.0,129,3,0.51562984375,0.02,0.0,0.01
QQQ,2026-09-03,2026-09-04,C,782.0,95,3,0.51562984375,0.01,0.0,0.01
QQQ,2026-09-03,2026-09-04,C,783.0,73,1,0.5312546875,0.17,0.0,0.01
QQQ,2026-09-03,2026-09-04,C,784.0,88,1,0.5312546875,0.05,0.0,0.01
QQQ,2026-09-03,2026-09-04,C,785.0,349,1,0.5468795312500001,0.01,0.0,0.01
QQQ,2026-09-03,2026-09-04,C,786.0,50,3,0.5468795312500001,0.03,0.0,0.01
QQQ,2026-09-03,2026-09-04,C,787.0,94,2,0.5625043750000001,0.01,0.0,0.01
QQQ,2026-09-03,2026-09-04,C,788.0,24,1,0.5625043750000001,0.05,0.0,0.01
QQQ,2026-09-03,2026-09-04,C,789.0,98,5,0.5625043750000001,0.09,0.0,0.01
QQQ,2026-09-03,2026-09-04,C,790.0,222,1,0.57812921875,0.01,0.0,0.01
QQQ,2026-09-03,2026-09-04,C,791.0,84,3,0.57812921875,0.01,0.0,0.01
QQQ,2026-09-03,2026-09-04,C,792.0,176,3,0.5937540625000001,0.05,0.0,0.01
QQQ,2026-09-03,2026-09-04,C,793.0,7,4,0.5937540625000001,0.66,0.0,0.01
QQQ,2026-09-03,2026-09-04,C,794.0,735,5,0.6093789062500001,0.02,0.0,0.01
QQQ,2026-09-03,2026-09-04,C,795.0,200,1,0.6093789062500001,0.01,0.0,0.01
QQQ,2026-09-03,2026-09-04,C,796.0,131,11,0.6250037500000001,0.5,0.0,0.01
QQQ,2026-09-03,2026-09-04,C,797.0,88,5,0.6250037500000001,0.19,0.0,0.01
QQQ,2026-09-03,2026-09-04,C,798.0,320,35,0.6250037500000001,0.81,0.0,0.01
QQQ,2026-09-03,2026-09-04,C,799.0,188,1,0.64062859375,0.36,0.0,0.01
QQQ,2026-09-03,2026-09-04,C,800.0,395,10,0.64062859375,0.01,0.0,0.01
QQQ,2026-09-03,2026-09-04,C,801.0,200,3,0.6562534375000001,0.03,0.0,0.01
QQQ,2026-09-03,2026-09-04,C,802.0,139,2,0.6562534375000001,0.01,0.0,0.01
QQQ,2026-09-03,2026-09-04,C,803.0,54,1,0.6718782812500002,0.01,0.0,0.01
QQQ,2026-09-03,2026-09-04,C,804.0,300,2,0.6718782812500002,0.02,0.0,0.01
QQQ,2026-09-03,2026-09-04,C,805.0,192,1,0.6875031250000001,0.02,0.0,0.01
QQQ,2026-09-03,2026-09-04,C,806.0,178,3,0.6875031250000001,0.02,0.0,0.01
QQQ,2026-09-03,2026-09-04,C,807.0,20,10,0.6875031250000001,0.38,0.0,0.01
QQQ,2026-09-03,2026-09-04,C,808.0,389,10,0.70312796875,0.03,0.0,0.01
QQQ,2026-09-03,2026-09-04,C,809.0,150,4,0.70312796875,0.23,0.0,0.01
QQQ,2026-09-03,2026-09-04,C,810.0,466,4,0.7187528125,0.01,0.0,0.01
QQQ,2026-09-03,2026-09-04,C,811.0,22,1,0.7187528125,0.08,0.0,0.01
QQQ,2026-09-03,2026-09-04,C,812.0,11,5,0.7187528125,0.2,0.0,0.01
QQQ,2026-09-03,2026-09-04,C,813.0,21,1,0.73437765625,0.09,0.0,0.01
QQQ,2026-09-03,2026-09-04,C,814.0,1,0,0.7500025,0.84,0.0,0.01
QQQ,2026-09-03,2026-09-04,C,815.0,12,1,0.7500025,0.03,0.0,0.01
QQQ,2026-09-03,2026-09-04,C,816.0,13,1,0.7500025,0.18,0.0,0.01
QQQ,2026-09-03,2026-09-04,C,817.0,12,6,0.7500025,0.01,0.0,0.01
QQQ,2026-09-03,2026-09-04,C,818.0,7,1,0.7656273437500001,0.03,0.0,0.01
QQQ,2026-09-03,2026-09-04,C,819.0,1,0,0.7812521875,0.64,0.0,0.01
QQQ,2026-09-03,2026-09-04,C,820.0,62,3,0.7812521875,0.01,0.0,0.01
QQQ,2026-09-03,2026-09-04,C,825.0,72,10,0.8125018749999999,0.14,0.0,0.01
QQQ,2026-09-03,2026-09-04,C,830.0,226,53,0.8437515624999999,0.01,0.0,0.01
QQQ,2026-09-03,2026-09-04,C,835.0,25,1,0.87500125,0.01,0.0,0.01
QQQ,2026-09-03,2026-09-04,C,840.0,4,1,0.9062509375,0.11,0.0,0.01
QQQ,2026-09-03,2026-09-04,C,845.0,21,1,0.937500625,0.06,0.0,0.01
QQQ,2026-09-03,2026-09-04,C,850.0,30,6,0.9687503125,0.01,0.0,0.01
QQQ,2026-09-03,2026-09-04,C,860.0,17,1,1.0312548437500002,0.04,0.0,0.01
QQQ,2026-09-03,2026-09-04,C,870.0,58,1,1.09375453125,0.01,0.0,0.01
QQQ,2026-09-03,2026-09-04,C,880.0,6,8,1.15625421875,0.04,0.0,0.01
QQQ,2026-09-03,2026-09-04,C,885.0,74,0,1.1875040625,0.02,0.0,0.01
QQQ,2026-09-03,2026-09-04,C,890.0,303,2,1.21875390625,0.17,0.0,0.01
QQQ,2026-09-03,2026-09-04,C,895.0,904,3,1.2500037499999999,0.03,0.0,0.01
QQQ,2026-09-03,2026-09-04,C,900.0,4,2,1.2812535937499998,0.01,0.0,0.01
QQQ,2026-09-03,2026-09-04,C,920.0,4,1,1.3750031249999999,0.03,0.0,0.01
QQQ,2026-09-03,2026-09-04,C,930.0,3,0,1.4375028125,0.08,0.0,0.01
QQQ,2026-09-03,2026-09-04,C,940.0,1,0,1.5000025,0.05,0.0,0.01
QQQ,2026-09-03,2026-09-04,C,945.0,281,1,1.5312523437499999,0.04,0.0,0.01
QQQ,2026-09-03,2026-09-04,C,950.0,21,1,1.5625021874999998,0.01,0.0,0.01
QQQ,2026-09-03,2026-09-04,P,400.0,1365,16,3.1875020312499998,0.01,0.0,0.01
QQQ,2026-09-03,2026-09-04,P,405.0,722,16,3.1250021875,0.03,0.0,0.01
QQQ,2026-09-03,2026-09-04,P,410.0,103,100,3.06250234375,0.03,0.0,0.01
QQQ,2026-09-03,2026-09-04,P,415.0,110,3,3.0000025,0.01,0.0,0.01
QQQ,2026-09-03,2026-09-04,P,420.0,2125,1782,2.93750265625,0.01,0.0,0.01
QQQ,2026-09-03,2026-09-04,P,425.0,18874,20,2.8750028125,0.01,0.0,0.01
QQQ,2026-09-03,2026-09-04,P,430.0,578,577,2.81250296875,0.01,0.0,0.01
QQQ,2026-09-03,2026-09-04,P,435.0,1,0,2.750003125,0.33,0.0,0.01
QQQ,2026-09-03,2026-09-04,P,440.0,4,2,2.68750328125,0.03,0.0,0.01
QQQ,2026-09-03,2026-09-04,P,445.0,27,0,2.750003125,0.01,0.0,0.01
QQQ,2026-09-03,2026-09-04,P,450.0,317,25,2.56250359375,0.01,0.0,0.01
QQQ,2026-09-03,2026-09-04,P,455.0,27,15,2.50000375,0.03,0.0,0.01
QQQ,2026-09-03,2026-09-04,P,460.0,265,211,2.43750390625,0.03,0.0,0.01
QQQ,2026-09-03,2026-09-04,P,465.0,23,1,2.3750040624999995,0.03,0.0,0.01
QQQ,2026-09-03,2026-09-04,P,470.0,389,17,2.3750040624999995,0.01,0.0,0.01
QQQ,2026-09-03,2026-09-04,P,475.0,175,1,2.3125042187499996,0.02,0.0,0.01
QQQ,2026-09-03,2026-09-04,P,480.0,178,10,2.2500043749999996,0.02,0.0,0.01
QQQ,2026-09-03,2026-09-04,P,485.0,134,25,2.1875045312499997,0.01,0.0,0.01
QQQ,2026-09-03,2026-09-04,P,490.0,69,1,2.1250046874999997,0.03,0.0,0.01
QQQ,2026-09-03,2026-09-04,P,495.0,79,1,2.0625048437499998,0.03,0.0,0.01
QQQ,2026-09-03,2026-09-04,P,500.0,1962,3,2.000005,0.01,0.0,0.01
QQQ,2026-09-03,2026-09-04,P,505.0,364,20,1.96875015625,0.02,0.0,0.01
QQQ,2026-09-03,2026-09-04,P,510.0,221,3,1.9375003125,0.02,0.0,0.01
QQQ,2026-09-03,2026-09-04,P,515.0,1192,155,1.875000625,0.01,0.0,0.01
QQQ,2026-09-03,2026-09-04,P,520.0,559,10,1.8125009374999999,0.01,0.0,0.01
QQQ,2026-09-03,2026-09-04,P,525.0,330,97,1.75000125,0.01,0.0,0.01
QQQ,2026-09-03,2026-09-04,P,530.0,205,8,1.6875015625,0.01,0.0,0.01
QQQ,2026-09-03,2026-09-04,P,535.0,49,22,1.65625171875,0.02,0.0,0.01
QQQ,2026-09-03,2026-09-04,P,540.0,255,8,1.625001875,0.01,0.0,0.01
QQQ,2026-09-03,2026-09-04,P,545.0,259,1,1.5625021874999998,0.02,0.0,0.01
QQQ,2026-09-03,2026-09-04,P,550.0,201,1,1.5000025,0.01,0.0,0.01
QQQ,2026-09-03,2026-09-04,P,555.0,437,14,1.46875265625,0.01,0.0,0.01
QQQ,2026-09-03,2026-09-04,P,560.0,193,2,1.4375028125,0.01,0.0,0.01
QQQ,2026-09-03,2026-09-04,P,565.0,193,12,1.3750031249999999,0.01,0.0,0.01
QQQ,2026-09-03,2026-09-04,P,570.0,125,2,1.3125034374999998,0.01,0.0,0.01
QQQ,2026-09-03,2026-09-04,P,575.0,303,3,1.2812535937499998,0.01,0.0,0.01
QQQ,2026-09-03,2026-09-04,P,576.0,40,5,1.2500037499999999,0.01,0.0,0.01
QQQ,2026-09-03,2026-09-04,P,577.0,35,2,1.2500037499999999,0.02,0.0,0.01
QQQ,2026-09-03,2026-09-04,P,578.0,103,6,1.2500037499999999,0.03,0.0,0.01
QQQ,2026-09-03,2026-09-04,P,579.0,46,4,1.2500037499999999,0.01,0.0,0.01
QQQ,2026-09-03,2026-09-04,P,580.0,142,2,1.21875390625,0.01,0.0,0.01
QQQ,2026-09-03,2026-09-04,P,581.0,30,10,1.21875390625,0.03,0.0,0.01
QQQ,2026-09-03,2026-09-04,P,582.0,190,5,1.21875390625,0.03,0.0,0.01
QQQ,2026-09-03,2026-09-04,P,583.0,42,2,1.1875040625,0.04,0.0,0.01
QQQ,2026-09-03,2026-09-04,P,584.0,30,10,1.1875040625,0.01,0.0,0.01
QQQ,2026-09-03,2026-09-04,P,585.0,116,2,1.1875040625,0.01,0.0,0.01
QQQ,2026-09-03,2026-09-04,P,586.0,38,1,1.1875040625,0.02,0.0,0.01
QQQ,2026-09-03,2026-09-04,P,587.0,104,4,1.15625421875,0.03,0.0,0.01
QQQ,2026-09-03,2026-09-04,P,588.0,267,2,1.15625421875,0.02,0.0,0.01
QQQ,2026-09-03,2026-09-04,P,589.0,53,10,1.15625421875,0.01,0.0,0.01
QQQ,2026-09-03,2026-09-04,P,590.0,328,19,1.125004375,0.01,0.0,0.01
QQQ,2026-09-03,2026-09-04,P,591.0,144,1,1.125004375,0.02,0.0,0.01
QQQ,2026-09-03,2026-09-04,P,592.0,48,10,1.125004375,0.07,0.0,0.01
QQQ,2026-09-03,2026-09-04,P,593.0,98,64,1.125004375,0.03,0.0,0.01
QQQ,2026-09-03,2026-09-04,P,594.0,104,1,1.09375453125,0.04,0.0,0.01
QQQ,2026-09-03,2026-09-04,P,595.0,240,4,1.09375453125,0.01,0.0,0.01
QQQ,2026-09-03,2026-09-04,P,596.0,112,48,1.09375453125,0.01,0.0,0.01
QQQ,2026-09-03,2026-09-04,P,597.0,175,48,1.0625046875000002,0.01,0.0,0.01
QQQ,2026-09-03,2026-09-04,P,598.0,93,58,1.0625046875000002,0.01,0.0,0.01
QQQ,2026-09-03,2026-09-04,P,599.0,291,233,1.0625046875000002,0.01,0.0,0.01
QQQ,2026-09-03,2026-09-04,P,600.0,904,1,1.0625046875000002,0.01,0.0,0.01
QQQ,2026-09-03,2026-09-04,P,601.0,200,173,1.0312548437500002,0.01,0.0,0.01
QQQ,2026-09-03,2026-09-04,P,602.0,113,75,1.0312548437500002,0.02,0.0,0.01
QQQ,2026-09-03,2026-09-04,P,603.0,815,1306,1.0312548437500002,0.01,0.0,0.01
QQQ,2026-09-03,2026-09-04,P,604.0,270,331,1.000005,0.01,0.0,0.01
QQQ,2026-09-03,2026-09-04,P,605.0,973,1086,1.000005,0.01,0.0,0.01
QQQ,2026-09-03,2026-09-04,P,606.0,660,481,0.98437515625,0.01,0.0,0.01
QQQ,2026-09-03,2026-09-04,P,607.0,382,353,0.98437515625,0.01,0.0,0.01
QQQ,2026-09-03,2026-09-04,P,608.0,569,512,0.9687503125,0.02,0.0,0.01
QQQ,2026-09-03,2026-09-04,P,609.0,369,163,0.9687503125,0.02,0.0,0.01
QQQ,2026-09-03,2026-09-04,P,610.0,992,1,0.9687503125,0.01,0.0,0.01
QQQ,2026-09-03,2026-09-04,P,611.0,1991,2050,0.937500625,0.01,0.0,0.01
QQQ,2026-09-03,2026-09-04,P,612.0,442,10,0.937500625,0.01,0.0,0.01
QQQ,2026-09-03,2026-09-04,P,613.0,313,301,0.937500625,0.01,0.0,0.01
QQQ,2026-09-03,2026-09-04,P,614.0,234,250,0.92187578125,0.01,0.0,0.01
QQQ,2026-09-03,2026-09-04,P,615.0,680,53,0.9062509375,0.01,0.0,0.01
QQQ,2026-09-03,2026-09-04,P,616.0,184,10,0.9062509375,0.01,0.0,0.01
QQQ,2026-09-03,2026-09-04,P,617.0,107,8,0.9062509375,0.02,0.0,0.01
QQQ,2026-09-03,2026-09-04,P,618.0,284,159,0.87500125,0.01,0.0,0.01
QQQ,2026-09-03,2026-09-04,P,619.0,474,461,0.87500125,0.01,0.0,0.01
QQQ,2026-09-03,2026-09-04,P,620.0,1455,15,0.87500125,0.01,0.0,0.01
QQQ,2026-09-03,2026-09-04,P,621.0,58,9,0.85937640625,0.01,0.0,0.01
QQQ,2026-09-03,2026-09-04,P,622.0,290,3,0.8437515624999999,0.01,0.0,0.01
QQQ,2026-09-03,2026-09-04,P,623.0,144,1,0.8437515624999999,0.01,0.0,0.01
QQQ,2026-09-03,2026-09-04,P,624.0,135,2,0.8437515624999999,0.02,0.0,0.01
QQQ,2026-09-03,2026-09-04,P,625.0,21630,11,0.8125018749999999,0.01,0.0,0.01
QQQ,2026-09-03,2026-09-04,P,626.0,513,10,0.8125018749999999,0.01,0.0,0.01
QQQ,2026-09-03,2026-09-04,P,627.0,375,2,0.8125018749999999,0.01,0.0,0.01
QQQ,2026-09-03,2026-09-04,P,628.0,592,2,0.79687703125,0.01,0.0,0.01
QQQ,2026-09-03,2026-09-04,P,629.0,128,162,0.7812521875,0.01,0.0,0.01
QQQ,2026-09-03,2026-09-04,P,630.0,1337,27,0.7812521875,0.01,0.0,0.01
QQQ,2026-09-03,2026-09-04,P,631.0,109,2,0.7812521875,0.01,0.0,0.01
QQQ,2026-09-03,2026-09-04,P,632.0,320,2,0.7500025,0.01,0.0,0.01
QQQ,2026-09-03,2026-09-04,P,633.0,820,1,0.7500025,0.01,0.0,0.01
QQQ,2026-09-03,2026-09-04,P,634.0,2067,4,0.7500025,0.01,0.0,0.01
QQQ,2026-09-03,2026-09-04,P,635.0,1243,5,0.73437765625,0.01,0.0,0.01
QQQ,2026-09-03,2026-09-04,P,636.0,399,2,0.7187528125,0.01,0.0,0.01
QQQ,2026-09-03,2026-09-04,P,637.0,610,7,0.7187528125,0.01,0.0,0.01
QQQ,2026-09-03,2026-09-04,P,638.0,865,518,0.7187528125,0.01,0.0,0.01
QQQ,2026-09-03,2026-09-04,P,639.0,2109,10,0.70312796875,0.01,0.0,0.01
QQQ,2026-09-03,2026-09-04,P,640.0,1016,64,0.6875031250000001,0.01,0.0,0.01
QQQ,2026-09-03,2026-09-04,P,641.0,894,636,0.6875031250000001,0.01,0.0,0.01
QQQ,2026-09-03,2026-09-04,P,642.0,282,186,0.6718782812500002,0.01,0.0,0.01
QQQ,2026-09-03,2026-09-04,P,643.0,902,758,0.6562534375000001,0.01,0.0,0.01
QQQ,2026-09-03,2026-09-04,P,644.0,420,9,0.6562534375000001,0.01,0.0,0.01
QQQ,2026-09-03,2026-09-04,P,645.0,713,2,0.6562534375000001,0.01,0.0,0.01
QQQ,2026-09-03,2026-09-04,P,646.0,656,609,0.64062859375,0.01,0.0,0.01
QQQ,2026-09-03,2026-09-04,P,647.0,570,521,0.6250037500000001,0.01,0.0,0.01
QQQ,2026-09-03,2026-09-04,P,648.0,1194,622,0.6250037500000001,0.01,0.0,0.01
QQQ,2026-09-03,2026-09-04,P,649.0,3026,103,0.6093789062500001,0.01,0.0,0.01
QQQ,2026-09-03,2026-09-04,P,650.0,5796,30,0.6093789062500001,0.01,0.0,0.01
QQQ,2026-09-03,2026-09-04,P,651.0,359,3,0.5937540625000001,0.01,0.0,0.01
QQQ,2026-09-03,2026-09-04,P,652.0,441,168,0.5937540625000001,0.01,0.0,0.01
QQQ,2026-09-03,2026-09-04,P,653.0,780,12,0.57812921875,0.01,0.0,0.01
QQQ,2026-09-03,2026-09-04,P,654.0,890,6,0.5625043750000001,0.01,0.0,0.01
QQQ,2026-09-03,2026-09-04,P,655.0,829,8,0.5625043750000001,0.01,0.0,0.01
QQQ,2026-09-03,2026-09-04,P,656.0,643,30,0.5625043750000001,0.01,0.0,0.01
QQQ,2026-09-03,2026-09-04,P,657.0,1316,1561,0.5468795312500001,0.02,0.0,0.01
QQQ,2026-09-03,2026-09-04,P,658.0,4677,21,0.5312546875,0.01,0.0,0.01
QQQ,2026-09-03,2026-09-04,P,659.0,4177,5,0.5312546875,0.01,0.0,0.01
QQQ,2026-09-03,2026-09-04,P,660.0,3423,19,0.51562984375,0.01,0.0,0.01
QQQ,2026-09-03,2026-09-04,P,661.0,844,1222,0.51562984375,0.01,0.0,0.01
QQQ,2026-09-03,2026-09-04,P,662.0,1087,3,0.500005,0.01,0.0,0.01
QQQ,2026-09-03,2026-09-04,P,663.0,1040,10,0.500005,0.01,0.0,0.01
QQQ,2026-09-03,2026-09-04,P,664.0,633,4,0.51562984375,0.01,0.0,0.01
QQQ,2026-09-03,2026-09-04,P,665.0,2725,24,0.507817421875,0.01,0.0,0.01
QQQ,2026-09-03,2026-09-04,P,666.0,1486,11,0.500005,0.01,0.0,0.01
QQQ,2026-09-03,2026-09-04,P,667.0,1070,1,0.48438015625,0.01,0.0,0.01
QQQ,2026-09-03,2026-09-04,P,668.0,1609,10,0.476567734375,0.01,0.0,0.01
QQQ,2026-09-03,2026-09-04,P,669.0,2339,6973,0.4687553125,0.02,0.0,0.01
QQQ,2026-09-03,2026-09-04,P,670.0,4388,68,0.46094289062500005,0.01,0.0,0.01
QQQ,2026-09-03,2026-09-04,P,671.0,3025,191,0.45313046875,0.01,0.0,0.01
QQQ,2026-09-03,2026-09-04,P,672.0,1263,24,0.445318046875,0.01,0.0,0.01
QQQ,2026-09-03,2026-09-04,P,673.0,1629,37,0.437505625,0.01,0.0,0.01
QQQ,2026-09-03,2026-09-04,P,674.0,4105,82,0.42188078125,0.01,0.0,0.01
QQQ,2026-09-03,2026-09-04,P,675.0,8604,406,0.414068359375,0.01,0.0,0.01
QQQ,2026-09-03,2026-09-04,P,676.0,668,1599,0.4062559375,0.01,0.0,0.01
QQQ,2026-09-03,2026-09-04,P,677.0,2530,3222,0.398443515625,0.01,0.0,0.01
QQQ,2026-09-03,2026-09-04,P,678.0,1538,2299,0.39063109375,0.01,0.0,0.01
QQQ,2026-09-03,2026-09-04,P,679.0,1722,1325,0.38281867187499996,0.01,0.0,0.01
QQQ,2026-09-03,2026-09-04,P,680.0,9697,2446,0.367193828125,0.01,0.0,0.01
QQQ,2026-09-03,2026-09-04,P,681.0,2651,617,0.35938140625,0.01,0.0,0.01
QQQ,2026-09-03,2026-09-04,P,682.0,1688,2175,0.35156898437499995,0.01,0.0,0.01
QQQ,2026-09-03,2026-09-04,P,683.0,1661,7068,0.3437565625,0.01,0.0,0.01
QQQ,2026-09-03,2026-09-04,P,684.0,3676,1188,0.335944140625,0.01,0.0,0.01
QQQ,2026-09-03,2026-09-04,P,685.0,5240,1329,0.32813171874999997,0.01,0.0,0.01
QQQ,2026-09-03,2026-09-04,P,686.0,1671,415,0.31641308593749995,0.01,0.0,0.01
QQQ,2026-09-03,2026-09-04,P,687.0,2562,505,0.304694453125,0.01,0.0,0.01
QQQ,2026-09-03,2026-09-04,P,688.0,3628,95,0.29688203124999996,0.01,0.0,0.01
QQQ,2026-09-03,2026-09-04,P,689.0,3043,163,0.2890696093749999,0.03,0.0,0.01
QQQ,2026-09-03,2026-09-04,P,690.0,6524,951,0.28125718749999995,0.01,0.0,0.01
QQQ,2026-09-03,2026-09-04,P,691.0,4325,1990,0.2695385546875,0.01,0.0,0.01
QQQ,2026-09-03,2026-09-04,P,692.0,3072,2733,0.2617261328125,0.01,0.0,0.01
QQQ,2026-09-03,2026-09-04,P,693.0,2176,3650,0.2500075,0.01,0.0,0.01
QQQ,2026-09-03,2026-09-04,P,694.0,3984,1020,0.242195078125,0.01,0.0,0.01
QQQ,2026-09-03,2026-09-04,P,695.0,7875,2838,0.23438265625,0.01,0.0,0.01
QQQ,2026-09-03,2026-09-04,P,696.0,2516,4163,0.22266402343749997,0.01,0.0,0.01
QQQ,2026-09-03,2026-09-04,P,697.0,3844,1875,0.2148516015625,0.01,0.0,0.01
QQQ,2026-09-03,2026-09-04,P,698.0,3483,3177,0.20703917968749996,0.01,0.0,0.01
QQQ,2026-09-03,2026-09-04,P,699.0,2539,2846,0.195320546875,0.01,0.0,0.01
QQQ,2026-09-03,2026-09-04,P,700.0,16953,3913,0.20313296874999998,0.01,0.01,0.02
QQQ,2026-09-03,2026-09-04,P,701.0,2148,1989,0.1914143359375,0.02,0.01,0.02
QQQ,2026-09-03,2026-09-04,P,702.0,2736,2281,0.18164880859375,0.01,0.01,0.02
QQQ,2026-09-03,2026-09-04,P,703.0,4605,3216,0.17188328125000002,0.01,0.01,0.02
QQQ,2026-09-03,2026-09-04,P,704.0,2749,4053,0.16211775390625,0.01,0.01,0.02
QQQ,2026-09-03,2026-09-04,P,705.0,12952,5700,0.15235222656250003,0.01,0.01,0.02
QQQ,2026-09-03,2026-09-04,P,706.0,2945,4806,0.14258669921875,0.01,0.01,0.02
QQQ,2026-09-03,2026-09-04,P,707.0,5252,16459,0.13086806640624998,0.01,0.01,0.02
QQQ,2026-09-03,2026-09-04,P,708.0,8306,5467,0.1211025390625,0.02,0.01,0.02
QQQ,2026-09-03,2026-09-04,P,709.0,4176,12623,0.11036045898437499,0.01,0.01,0.02
QQQ,2026-09-03,2026-09-04,P,710.0,12393,28598,0.09961837890625,0.01,0.01,0.02
QQQ,2026-09-03,2026-09-04,P,711.0,6247,19315,0.088876298828125,0.01,0.01,0.02
QQQ,2026-09-03,2026-09-04,P,712.0,4865,27364,0.07813421875000001,0.02,0.01,0.02
QQQ,2026-09-03,2026-09-04,P,712.5,2695,9569,0.07227490234375,0.01,0.01,0.02
QQQ,2026-09-03,2026-09-04,P,713.0,5740,44575,0.06739213867187502,0.01,0.01,0.02
QQQ,2026-09-03,2026-09-04,P,714.0,3534,56144,0.059579716796875,0.02,0.02,0.03
QQQ,2026-09-03,2026-09-04,P,715.0,11661,164802,0.0503024658203125,0.04,0.03,0.04
QQQ,2026-09-03,2026-09-04,P,716.0,4592,208814,0.04224590576171875,0.06,0.06,0.07
QQQ,2026-09-03,2026-09-04,P,717.0,5754,342961,0.0376072802734375,0.17,0.17,0.18
QQQ,2026-09-03,2026-09-04,P,717.5,2964,216165,0.03772934936523438,0.32,0.31,0.32
QQQ,2026-09-03,2026-09-04,P,718.0,8607,374970,0.03943831665039062,0.54,0.54,0.55
QQQ,2026-09-03,2026-09-04,P,719.0,4394,282278,0.0473728076171875,1.21,1.22,1.26
QQQ,2026-09-03,2026-09-04,P,720.0,6210,216715,0.06336385864257812,2.13,2.08,2.2
QQQ,2026-09-03,2026-09-04,P,721.0,1613,101566,0.07984318603515625,3.16,3.1,3.18
QQQ,2026-09-03,2026-09-04,P,722.0,691,39273,0.09205009521484375,4.1,4.04,4.14
QQQ,2026-09-03,2026-09-04,P,722.5,774,12305,0.10401286621093749,4.64,4.58,4.67
QQQ,2026-09-03,2026-09-04,P,723.0,637,9627,0.11206942626953123,5.42,5.08,5.17
QQQ,2026-09-03,2026-09-04,P,724.0,207,3227,0.12622944091796873,6.18,6.04,6.16
QQQ,2026-09-03,2026-09-04,P,725.0,233,3340,0.14136600830078128,7.07,7.04,7.16
QQQ,2026-09-03,2026-09-04,P,726.0,6,1454,0.15601429931640626,8.17,8.04,8.16
QQQ,2026-09-03,2026-09-04,P,727.0,26,551,0.165047412109375,9.44,9.0,9.13
QQQ,2026-09-03,2026-09-04,P,727.5,1,279,0.17749845947265624,10.61,9.56,9.66
QQQ,2026-09-03,2026-09-04,P,728.0,0,336,0.17896328857421873,11.25,10.01,10.13
QQQ,2026-09-03,2026-09-04,P,729.0,8,152,0.192390888671875,11.36,11.0,11.13
QQQ,2026-09-03,2026-09-04,P,730.0,99,721,0.20606262695312497,12.33,12.0,12.13
QQQ,2026-09-03,2026-09-04,P,731.0,2,40,0.2192460888671875,13.3,13.0,13.13
QQQ,2026-09-03,2026-09-04,P,732.0,1,2,0.2368240380859375,14.74,14.0,14.15
QQQ,2026-09-03,2026-09-04,P,732.5,0,3,0.24976336181640624,15.36,14.56,14.68
QQQ,2026-09-03,2026-09-04,P,733.0,0,7,0.2500075,15.6,15.04,15.15
QQQ,2026-09-03,2026-09-04,P,734.0,1,2,0.26270268554687504,16.72,16.03,16.15
QQQ,2026-09-03,2026-09-04,P,735.0,2,3,0.270515107421875,16.65,17.02,17.13
QQQ,2026-09-03,2026-09-04,P,736.0,0,5,0.28321029296874994,18.29,18.0,18.13
QQQ,2026-09-03,2026-09-04,P,737.0,0,2,0.2954172021484375,19.28,19.0,19.13
QQQ,2026-09-03,2026-09-04,P,737.5,0,2,0.301764794921875,15.8,19.52,19.63
QQQ,2026-09-03,2026-09-04,P,738.0,0,3,0.3129951513671875,16.15,20.02,20.15
QQQ,2026-09-03,2026-09-04,P,739.0,3,4,0.3305731005859375,18.25,21.07,21.17
QQQ,2026-09-03,2026-09-04,P,740.0,13,21,0.3403386279296875,21.45,22.03,22.16
QQQ,2026-09-03,2026-09-04,P,741.0,1,2,0.340826904296875,23.38,22.97,23.12
QQQ,2026-09-03,2026-09-04,P,742.0,0,95,0.36475244628906256,23.66,24.03,24.16
QQQ,2026-09-03,2026-09-04,P,742.5,0,117,0.37354142089843745,24.64,24.56,24.67
QQQ,2026-09-03,2026-09-04,P,743.0,0,2,0.379889013671875,34.42,25.07,25.17
QQQ,2026-09-03,2026-09-04,P,744.0,0,2,0.38867798828125,26.37,26.02,26.16
QQQ,2026-09-03,2026-09-04,P,745.0,0,8,0.40381455566406255,31.95,27.07,27.17
QQQ,2026-09-03,2026-09-04,P,746.0,0,2,0.39942006835937505,25.35,27.97,28.12
QQQ,2026-09-03,2026-09-04,P,747.0,0,1,0.4272518212890626,30.11,29.07,29.17
QQQ,2026-09-03,2026-09-04,P,748.0,0,2,0.42188078125,27.48,29.97,30.12
QQQ,2026-09-03,2026-09-04,P,749.0,0,2,0.454107021484375,38.26,31.03,31.18
QQQ,2026-09-03,2026-09-04,P,750.0,0,20,0.4687553125,30.0,32.07,32.19
QQQ,2026-09-03,2026-09-04,P,751.0,0,88,0.45606012695312503,23.21,32.97,33.12
QQQ,2026-09-03,2026-09-04,P,752.0,0,1,0.46680220703125,34.36,33.99,34.12
QQQ,2026-09-03,2026-09-04,P,753.0,0,1,0.4931691308593751,35.37,35.03,35.16
QQQ,2026-09-03,2026-09-04,P,754.0,0,1,0.507817421875,43.25,36.06,36.17
QQQ,2026-09-03,2026-09-04,P,755.0,0,2,0.5195360546875,38.09,37.06,37.17
QQQ,2026-09-03,2026-09-04,P,756.0,0,2,0.51562984375,38.0,38.07,38.19
QQQ,2026-09-03,2026-09-04,P,757.0,0,7,0.5107470800781251,37.14,39.03,39.16
QQQ,2026-09-03,2026-09-04,P,758.0,0,0,0.5214891601562499,40.05,40.04,40.15
QQQ,2026-09-03,2026-09-04,P,759.0,0,0,0.543949873046875,38.07,41.07,41.17
QQQ,2026-09-03,2026-09-04,P,760.0,0,0,0.5546919531250001,41.2,42.07,42.17
QQQ,2026-09-03,2026-09-04,P,761.0,0,1,0.5537154003906251,43.2,43.04,43.15
QQQ,2026-09-03,2026-09-04,P,762.0,0,0,0.5732464550781251,40.36,44.06,44.17
QQQ,2026-09-03,2026-09-04,P,763.0,0,1,0.585941640625,44.89,45.07,45.17
QQQ,2026-09-03,2026-09-04,P,764.0,0,0,0.584965087890625,41.93,46.04,46.15
QQQ,2026-09-03,2026-09-04,P,765.0,0,0,0.6074258007812501,44.84,47.07,47.17
QQQ,2026-09-03,2026-09-04,P,767.0,0,0,0.6162147753906251,55.0,49.03,49.16
QQQ,2026-09-03,2026-09-04,P,769.0,0,0,0.6064492480468751,47.75,50.97,51.12
QQQ,2026-09-03,2026-09-04,P,778.0,0,2,0.726565234375,57.14,60.04,60.15
QQQ,2026-09-03,2026-09-04,P,779.0,0,0,0.7509790527343749,68.14,61.07,61.17
QQQ,2026-09-03,2026-09-04,P,780.0,0,2,0.72070591796875,69.12,61.99,62.12
QQQ,2026-09-03,2026-09-04,P,785.0,0,0,0.7919942675781251,64.9,67.03,67.15
QQQ,2026-09-03,2026-09-04,P,799.0,0,0,0.92773509765625,85.34,81.03,81.16
QQQ,2026-09-03,2026-09-04,P,825.0,0,0,1.162113564453125,136.53,107.03,107.16
QQQ,2026-09-03,2026-09-04,P,835.0,0,0,1.2441444042968748,111.11,117.02,117.16
QQQ,2026-09-03,2026-09-08,C,575.0,1,0,1.1513714306640623,146.37,141.02,144.84
QQQ,2026-09-03,2026-09-08,C,600.0,2,16,0.9589847851562499,118.36,116.03,119.76
QQQ,2026-09-03,2026-09-08,C,635.0,7,7,0.5668988623046876,72.0,80.98,83.61
QQQ,2026-09-03,2026-09-08,C,640.0,35,7,0.5366257275390626,69.7,76.2,78.61
QQQ,2026-09-03,2026-09-08,C,660.0,2,31,0.41748629394531245,58.6,56.58,58.63
QQQ,2026-09-03,2026-09-08,C,670.0,32,48,0.4101621484375,47.65,46.61,49.16
QQQ,2026-09-03,2026-09-08,C,673.0,1,0,0.3398503515625,45.72,43.12,45.65
QQQ,2026-09-03,2026-09-08,C,675.0,70,3,0.2299881689453125,43.24,41.69,43.12
QQQ,2026-09-03,2026-09-08,C,678.0,128,0,0.17188328125000002,39.92,38.64,40.06
QQQ,2026-09-03,2026-09-08,C,680.0,58,6,0.16407085937500002,37.51,36.63,38.06
QQQ,2026-09-03,2026-09-08,C,681.0,3,0,0.25391371093750004,41.06,35.7,37.36
QQQ,2026-09-03,2026-09-08,C,685.0,68,2,0.22925575439453127,34.9,32.09,33.35
QQQ,2026-09-03,2026-09-08,C,686.0,3,1,0.2260819580078125,31.81,31.21,32.37
QQQ,2026-09-03,2026-09-08,C,687.0,3,0,0.21192194335937498,32.38,30.21,31.31
QQQ,2026-09-03,2026-09-08,C,688.0,2,1,0.20752745605468748,19.69,29.09,30.32
QQQ,2026-09-03,2026-09-08,C,689.0,3,0,0.20972469970703123,26.38,28.22,29.38
QQQ,2026-09-03,2026-09-08,C,690.0,146,6,0.1958088232421875,27.2,27.12,28.32
QQQ,2026-09-03,2026-09-08,C,691.0,9,4,0.1901936450195313,27.09,26.12,27.32
QQQ,2026-09-03,2026-09-08,C,692.0,15,0,0.1928791650390625,26.84,25.23,26.39
QQQ,2026-09-03,2026-09-08,C,693.0,20,0,0.179695703125,23.15,24.14,25.33
QQQ,2026-09-03,2026-09-08,C,694.0,12,20,0.17383638671875,25.49,23.14,24.33
QQQ,2026-09-03,2026-09-08,C,695.0,248,1,0.13477427734375003,22.02,22.25,23.13
QQQ,2026-09-03,2026-09-08,C,696.0,7,3,0.13428600097656251,14.03,21.27,22.15
QQQ,2026-09-03,2026-09-08,C,697.0,11,1,0.108407353515625,20.7,20.36,21.08
QQQ,2026-09-03,2026-09-08,C,698.0,66,2,0.125985302734375,20.4,19.31,20.16
QQQ,2026-09-03,2026-09-08,C,699.0,121,13,0.11231356445312499,19.37,18.25,19.12
QQQ,2026-09-03,2026-09-08,C,700.0,277,127,0.1069425244140625,17.33,17.88,18.12
QQQ,2026-09-03,2026-09-08,C,701.0,75,3,0.143563251953125,17.5,16.33,17.46
QQQ,2026-09-03,2026-09-08,C,702.0,151,6,0.10596597167968749,16.47,15.31,16.17
QQQ,2026-09-03,2026-09-08,C,703.0,88,2,0.1098721826171875,14.53,14.4,15.24
QQQ,2026-09-03,2026-09-08,C,704.0,143,52,0.10718666259765625,13.5,13.44,14.27
QQQ,2026-09-03,2026-09-08,C,705.0,689,96,0.09790941162109376,12.32,12.4,13.24
QQQ,2026-09-03,2026-09-08,C,706.0,156,25,0.0976652734375,11.54,11.54,12.3
QQQ,2026-09-03,2026-09-08,C,707.0,1952,110,0.0937590625,10.81,11.18,11.33
QQQ,2026-09-03,2026-09-08,C,708.0,386,323,0.09644458251953125,10.38,10.06,10.46
QQQ,2026-09-03,2026-09-08,C,709.0,658,180,0.09009698974609376,9.29,9.01,9.47
QQQ,2026-09-03,2026-09-08,C,710.0,632,884,0.08851009155273437,8.36,8.15,8.57
QQQ,2026-09-03,2026-09-08,C,711.0,475,134,0.08826595336914064,7.01,7.66,7.72
QQQ,2026-09-03,2026-09-08,C,712.0,746,439,0.08619077880859377,6.76,6.8,6.86
QQQ,2026-09-03,2026-09-08,C,713.0,1004,536,0.08497008789062502,6.0,6.0,6.05
QQQ,2026-09-03,2026-09-08,C,714.0,1011,1158,0.08271180969238283,5.25,5.2,5.25
QQQ,2026-09-03,2026-09-08,C,715.0,1504,3160,0.08118594604492188,4.5,4.46,4.51
QQQ,2026-09-03,2026-09-08,C,716.0,760,6969,0.0794159442138672,3.81,3.79,3.81
QQQ,2026-09-03,2026-09-08,C,717.0,1445,21950,0.07856146057128907,3.17,3.16,3.19
QQQ,2026-09-03,2026-09-08,C,718.0,1043,35058,0.07709663146972658,2.6,2.59,2.61
QQQ,2026-09-03,2026-09-08,C,719.0,1083,27918,0.07557076782226566,2.08,2.08,2.09
QQQ,2026-09-03,2026-09-08,C,720.0,3484,40037,0.07459421508789063,1.65,1.64,1.65
QQQ,2026-09-03,2026-09-08,C,721.0,2038,27197,0.07319042053222656,1.25,1.25,1.26
QQQ,2026-09-03,2026-09-08,C,722.0,1093,19424,0.07233593688964844,0.94,0.94,0.95
QQQ,2026-09-03,2026-09-08,C,723.0,1102,10375,0.07154248779296876,0.69,0.69,0.7
QQQ,2026-09-03,2026-09-08,C,724.0,872,11272,0.07117628051757813,0.49,0.5,0.51
QQQ,2026-09-03,2026-09-08,C,725.0,2462,13004,0.07007765869140625,0.35,0.34,0.35
QQQ,2026-09-03,2026-09-08,C,726.0,2045,11628,0.06958938232421877,0.24,0.23,0.24
QQQ,2026-09-03,2026-09-08,C,727.0,540,5551,0.07105421142578125,0.17,0.17,0.18
QQQ,2026-09-03,2026-09-08,C,728.0,738,8246,0.0717866259765625,0.12,0.12,0.13
QQQ,2026-09-03,2026-09-08,C,729.0,1160,4681,0.07227490234375,0.08,0.08,0.09
QQQ,2026-09-03,2026-09-08,C,730.0,3904,6077,0.07422800781250001,0.06,0.06,0.07
QQQ,2026-09-03,2026-09-08,C,731.0,719,2537,0.07520456054687502,0.04,0.04,0.05
QQQ,2026-09-03,2026-09-08,C,732.0,713,2155,0.07764594238281251,0.03,0.03,0.04
QQQ,2026-09-03,2026-09-08,C,733.0,504,661,0.08204042968750001,0.03,0.03,0.04
QQQ,2026-09-03,2026-09-08,C,734.0,313,1626,0.08692319335937501,0.03,0.03,0.04
QQQ,2026-09-03,2026-09-08,C,735.0,2133,2591,0.08789974609375001,0.03,0.02,0.03
QQQ,2026-09-03,2026-09-08,C,736.0,945,57,0.08789974609375001,0.02,0.01,0.02
QQQ,2026-09-03,2026-09-08,C,737.0,750,2900,0.09180595703125,0.02,0.01,0.02
QQQ,2026-09-03,2026-09-08,C,738.0,320,56,0.09571216796875001,0.02,0.01,0.02
QQQ,2026-09-03,2026-09-08,C,739.0,336,50,0.100594931640625,0.02,0.01,0.02
QQQ,2026-09-03,2026-09-08,C,740.0,1120,466,0.10450114257812498,0.02,0.01,0.02
QQQ,2026-09-03,2026-09-08,C,741.0,555,109,0.10157148437499999,0.01,0.0,0.01
QQQ,2026-09-03,2026-09-08,C,742.0,401,603,0.1054776953125,0.01,0.0,0.01
QQQ,2026-09-03,2026-09-08,C,743.0,286,179,0.10743080078125,0.01,0.0,0.01
QQQ,2026-09-03,2026-09-08,C,744.0,229,81,0.11133701171874999,0.01,0.0,0.01
QQQ,2026-09-03,2026-09-08,C,745.0,290,48,0.11524322265625,0.01,0.0,0.01
QQQ,2026-09-03,2026-09-08,C,746.0,60,80,0.11914943359374999,0.02,0.0,0.01
QQQ,2026-09-03,2026-09-08,C,747.0,60,10,0.12305564453125001,0.01,0.0,0.01
QQQ,2026-09-03,2026-09-08,C,748.0,75,45,0.12696185546875,0.01,0.0,0.01
QQQ,2026-09-03,2026-09-08,C,749.0,131,117,0.13086806640624998,0.02,0.0,0.01
QQQ,2026-09-03,2026-09-08,C,750.0,618,54,0.13477427734375003,0.01,0.0,0.01
QQQ,2026-09-03,2026-09-08,C,751.0,92,50,0.13868048828125001,0.01,0.0,0.01
QQQ,2026-09-03,2026-09-08,C,752.0,112,10,0.14063359375,0.01,0.0,0.01
QQQ,2026-09-03,2026-09-08,C,753.0,108,8,0.1445398046875,0.01,0.0,0.01
QQQ,2026-09-03,2026-09-08,C,754.0,87,20,0.148446015625,0.01,0.0,0.01
QQQ,2026-09-03,2026-09-08,C,755.0,506,42,0.15235222656250003,0.02,0.0,0.01
QQQ,2026-09-03,2026-09-08,C,756.0,62,2,0.1562584375,0.02,0.0,0.01
QQQ,2026-09-03,2026-09-08,C,757.0,9,3,0.1601646484375,0.01,0.0,0.01
QQQ,2026-09-03,2026-09-08,C,758.0,21,4,0.16407085937500002,0.01,0.0,0.01
QQQ,2026-09-03,2026-09-08,C,760.0,1114,42,0.17188328125000002,0.01,0.0,0.01
QQQ,2026-09-03,2026-09-08,C,765.0,2978,1,0.187508125,0.01,0.0,0.01
QQQ,2026-09-03,2026-09-08,C,770.0,14,10,0.20703917968749996,0.01,0.0,0.01
QQQ,2026-09-03,2026-09-08,C,775.0,40,5,0.22266402343749997,0.01,0.0,0.01
QQQ,2026-09-03,2026-09-08,C,780.0,1,0,0.242195078125,0.02,0.0,0.01
QQQ,2026-09-03,2026-09-08,C,805.0,5,2,0.32031929687499994,0.02,0.0,0.01
QQQ,2026-09-03,2026-09-08,C,810.0,3,0,0.335944140625,0.02,0.0,0.01
QQQ,2026-09-03,2026-09-08,P,490.0,495,300,0.937500625,0.01,0.0,0.01
QQQ,2026-09-03,2026-09-08,P,495.0,13,10,0.937500625,0.02,0.0,0.01
QQQ,2026-09-03,2026-09-08,P,530.0,40,145,0.7656273437500001,0.01,0.0,0.01
QQQ,2026-09-03,2026-09-08,P,540.0,23,925,0.7187528125,0.02,0.0,0.01
QQQ,2026-09-03,2026-09-08,P,560.0,1084,4560,0.64062859375,0.01,0.0,0.01
QQQ,2026-09-03,2026-09-08,P,565.0,4557,771,0.6093789062500001,0.01,0.0,0.01
QQQ,2026-09-03,2026-09-08,P,575.0,19,1418,0.6015664843750002,0.01,0.0,0.02
QQQ,2026-09-03,2026-09-08,P,580.0,3670,2,0.57812921875,0.01,0.0,0.02
QQQ,2026-09-03,2026-09-08,P,590.0,2746,2,0.5546919531250001,0.07,0.01,0.02
QQQ,2026-09-03,2026-09-08,P,595.0,34,2,0.5312546875,0.01,0.01,0.02
QQQ,2026-09-03,2026-09-08,P,600.0,842,58,0.523442265625,0.01,0.0,0.02
QQQ,2026-09-03,2026-09-08,P,605.0,138,115,0.5039112109375,0.02,0.01,0.02
QQQ,2026-09-03,2026-09-08,P,610.0,306,102,0.4804739453125,0.01,0.01,0.02
QQQ,2026-09-03,2026-09-08,P,615.0,208,11,0.45703667968750006,0.01,0.01,0.02
QQQ,2026-09-03,2026-09-08,P,620.0,124,24,0.437505625,0.02,0.01,0.02
QQQ,2026-09-03,2026-09-08,P,625.0,135,104,0.414068359375,0.02,0.01,0.02
QQQ,2026-09-03,2026-09-08,P,630.0,149,976,0.39063109375,0.02,0.01,0.02
QQQ,2026-09-03,2026-09-08,P,635.0,103,162,0.3711000390625,0.02,0.01,0.02
QQQ,2026-09-03,2026-09-08,P,640.0,5442,56,0.34766277343749996,0.02,0.01,0.02
QQQ,2026-09-03,2026-09-08,P,645.0,3797,1632,0.32813171874999997,0.01,0.01,0.02
QQQ,2026-09-03,2026-09-08,P,650.0,5293,49,0.304694453125,0.03,0.01,0.02
QQQ,2026-09-03,2026-09-08,P,655.0,3415,2524,0.28516339843749994,0.01,0.01,0.02
QQQ,2026-09-03,2026-09-08,P,660.0,926,78,0.27539787109374997,0.02,0.02,0.03
QQQ,2026-09-03,2026-09-08,P,665.0,681,354,0.25196060546875,0.04,0.02,0.03
QQQ,2026-09-03,2026-09-08,P,668.0,396,158,0.23828886718749998,0.04,0.02,0.03
QQQ,2026-09-03,2026-09-08,P,669.0,1531,20,0.242195078125,0.04,0.02,0.04
QQQ,2026-09-03,2026-09-08,P,670.0,874,101,0.2304764453125,0.03,0.02,0.03
QQQ,2026-09-03,2026-09-08,P,671.0,476,251,0.233406103515625,0.04,0.03,0.04
QQQ,2026-09-03,2026-09-08,P,672.0,461,677,0.22852333984375,0.04,0.03,0.04
QQQ,2026-09-03,2026-09-08,P,673.0,242,39,0.22461712890624996,0.05,0.03,0.04
QQQ,2026-09-03,2026-09-08,P,674.0,319,77,0.21973436523437498,0.05,0.03,0.04
QQQ,2026-09-03,2026-09-08,P,675.0,828,86,0.2148516015625,0.04,0.03,0.04
QQQ,2026-09-03,2026-09-08,P,676.0,189,324,0.21094539062499998,0.04,0.03,0.04
QQQ,2026-09-03,2026-09-08,P,677.0,131,258,0.20606262695312497,0.05,0.03,0.04
QQQ,2026-09-03,2026-09-08,P,678.0,380,38,0.20703917968749996,0.05,0.04,0.05
QQQ,2026-09-03,2026-09-08,P,679.0,520,350,0.20215641601562498,0.05,0.04,0.05
QQQ,2026-09-03,2026-09-08,P,680.0,4824,836,0.19727365234375,0.04,0.04,0.05
QQQ,2026-09-03,2026-09-08,P,681.0,192,187,0.192390888671875,0.05,0.04,0.05
QQQ,2026-09-03,2026-09-08,P,682.0,392,37,0.188484677734375,0.06,0.04,0.05
QQQ,2026-09-03,2026-09-08,P,683.0,278,163,0.18360191406249998,0.06,0.04,0.05
QQQ,2026-09-03,2026-09-08,P,684.0,331,143,0.18262536132812499,0.05,0.05,0.06
QQQ,2026-09-03,2026-09-08,P,685.0,1175,319,0.17774259765625,0.06,0.05,0.06
QQQ,2026-09-03,2026-09-08,P,686.0,810,220,0.1733481103515625,0.05,0.05,0.06
QQQ,2026-09-03,2026-09-08,P,687.0,648,403,0.16846534667968754,0.07,0.05,0.06
QQQ,2026-09-03,2026-09-08,P,688.0,277,125,0.16700051757812504,0.06,0.06,0.07
QQQ,2026-09-03,2026-09-08,P,689.0,333,469,0.16211775390625,0.08,0.05,0.07
QQQ,2026-09-03,2026-09-08,P,690.0,1137,882,0.157234990234375,0.08,0.06,0.07
QQQ,2026-09-03,2026-09-08,P,691.0,1361,561,0.15235222656250003,0.06,0.06,0.07
QQQ,2026-09-03,2026-09-08,P,692.0,1204,1063,0.15039912109375003,0.07,0.06,0.08
QQQ,2026-09-03,2026-09-08,P,693.0,740,1869,0.145516357421875,0.07,0.07,0.08
QQQ,2026-09-03,2026-09-08,P,694.0,854,544,0.1401453173828125,0.08,0.07,0.08
QQQ,2026-09-03,2026-09-08,P,695.0,1745,1253,0.13770393554687502,0.09,0.08,0.09
QQQ,2026-09-03,2026-09-08,P,696.0,488,725,0.13477427734375003,0.09,0.09,0.1
QQQ,2026-09-03,2026-09-08,P,697.0,423,731,0.1294032373046875,0.08,0.09,0.1
QQQ,2026-09-03,2026-09-08,P,698.0,196,337,0.127938408203125,0.13,0.11,0.12
QQQ,2026-09-03,2026-09-08,P,699.0,237,443,0.12256736816406251,0.11,0.11,0.12
QQQ,2026-09-03,2026-09-08,P,700.0,2672,3718,0.12037012451171875,0.14,0.13,0.14
QQQ,2026-09-03,2026-09-08,P,701.0,388,1835,0.1147549462890625,0.14,0.13,0.14
QQQ,2026-09-03,2026-09-08,P,702.0,655,2937,0.11206942626953123,0.16,0.15,0.16
QQQ,2026-09-03,2026-09-08,P,703.0,471,1503,0.1098721826171875,0.18,0.18,0.19
QQQ,2026-09-03,2026-09-08,P,704.0,1157,1595,0.10621010986328125,0.22,0.2,0.21
QQQ,2026-09-03,2026-09-08,P,705.0,1063,3733,0.10401286621093749,0.25,0.24,0.25
QQQ,2026-09-03,2026-09-08,P,706.0,769,2400,0.10205976074218749,0.3,0.29,0.3
QQQ,2026-09-03,2026-09-08,P,707.0,815,3832,0.09851975708007812,0.35,0.33,0.34
QQQ,2026-09-03,2026-09-08,P,708.0,954,2570,0.0971769970703125,0.41,0.41,0.42
QQQ,2026-09-03,2026-09-08,P,709.0,1049,3567,0.0937590625,0.48,0.47,0.48
QQQ,2026-09-03,2026-09-08,P,710.0,7443,10268,0.09174492248535156,0.58,0.57,0.58
QQQ,2026-09-03,2026-09-08,P,711.0,861,5307,0.09021905883789064,0.7,0.7,0.71
QQQ,2026-09-03,2026-09-08,P,712.0,1818,6053,0.08832698791503907,0.85,0.85,0.86
QQQ,2026-09-03,2026-09-08,P,713.0,1172,6145,0.08533629516601565,1.01,1.0,1.01
QQQ,2026-09-03,2026-09-08,P,714.0,721,54289,0.08417663879394534,1.25,1.23,1.24
QQQ,2026-09-03,2026-09-08,P,715.0,2893,15878,0.08320008605957034,1.49,1.51,1.52
QQQ,2026-09-03,2026-09-08,P,716.0,1399,15789,0.081063876953125,1.81,1.8,1.81
QQQ,2026-09-03,2026-09-08,P,717.0,3058,35269,0.07978215148925781,2.19,2.17,2.18
QQQ,2026-09-03,2026-09-08,P,718.0,866,34461,0.07947697875976564,2.62,2.6,2.64
QQQ,2026-09-03,2026-09-08,P,719.0,862,24555,0.07685249328613282,3.08,3.05,3.08
QQQ,2026-09-03,2026-09-08,P,720.0,748,28842,0.07776801147460938,3.7,3.68,3.7
QQQ,2026-09-03,2026-09-08,P,721.0,207,12558,0.07715766601562501,4.29,4.28,4.33
QQQ,2026-09-03,2026-09-08,P,722.0,432,5596,0.07666938964843752,5.2,4.97,5.02
QQQ,2026-09-03,2026-09-08,P,723.0,106,3067,0.07404490417480471,5.71,5.64,5.71
QQQ,2026-09-03,2026-09-08,P,724.0,72,615,0.08759457336425781,7.31,6.44,6.83
QQQ,2026-09-03,2026-09-08,P,725.0,122,1339,0.09168388793945312,7.6,7.3,7.73
QQQ,2026-09-03,2026-09-08,P,726.0,129,568,0.09736010070800781,8.64,8.23,8.68
QQQ,2026-09-03,2026-09-08,P,727.0,59,632,0.10157148437499999,9.53,9.19,9.61
QQQ,2026-09-03,2026-09-08,P,728.0,13,208,0.10633217895507813,9.93,10.13,10.56
QQQ,2026-09-03,2026-09-08,P,729.0,0,15,0.1088956298828125,11.5,10.89,11.48
QQQ,2026-09-03,2026-09-08,P,730.0,9,285,0.1206142626953125,13.0,11.88,12.56
QQQ,2026-09-03,2026-09-08,P,731.0,2,5,0.12818254638671872,13.29,12.87,13.57
QQQ,2026-09-03,2026-09-08,P,732.0,0,2,0.13062392822265623,11.91,13.87,14.5
QQQ,2026-09-03,2026-09-08,P,733.0,0,7,0.13990117919921874,16.09,14.87,15.54
QQQ,2026-09-03,2026-09-08,P,734.0,0,1,0.14380739013671873,12.5,15.3,16.5
QQQ,2026-09-03,2026-09-08,P,735.0,0,2,0.1530846411132813,17.68,16.29,17.54
QQQ,2026-09-03,2026-09-08,P,737.0,0,1,0.16602396484375004,16.5,18.29,19.54
QQQ,2026-09-03,2026-09-08,P,739.0,0,0,0.1749350085449219,21.93,20.33,21.49
QQQ,2026-09-03,2026-09-08,P,740.0,0,3,0.1810384631347656,22.0,21.32,22.49
QQQ,2026-09-03,2026-09-08,P,741.0,0,3,0.1821370849609375,21.91,22.33,23.43
QQQ,2026-09-03,2026-09-08,P,745.0,0,1,0.20557435058593748,27.07,26.33,27.43
QQQ,2026-09-03,2026-09-08,P,748.0,0,0,0.33264827514648443,31.08,29.33,32.11
QQQ,2026-09-03,2026-09-09,C,670.0,4,1,0.3566958862304687,49.11,46.74,48.95
QQQ,2026-09-03,2026-09-09,C,680.0,64,1,0.3100654931640625,41.0,36.77,39.14
QQQ,2026-09-03,2026-09-09,C,685.0,17,1,0.23633576171874998,24.65,32.89,33.6
QQQ,2026-09-03,2026-09-09,C,690.0,78,7,0.198250205078125,20.2,27.88,28.5
QQQ,2026-09-03,2026-09-09,C,695.0,28,24,0.15088739746093754,16.2,23.02,23.31
QQQ,2026-09-03,2026-09-09,C,700.0,552,29,0.13770393554687502,17.63,18.17,18.47
QQQ,2026-09-03,2026-09-09,C,701.0,260,2,0.12867082275390623,19.68,17.15,17.43
QQQ,2026-09-03,2026-09-09,C,704.0,99,1,0.12207909179687501,15.2,14.32,14.6
QQQ,2026-09-03,2026-09-09,C,705.0,1137,36,0.1235439208984375,13.42,13.46,13.74
QQQ,2026-09-03,2026-09-09,C,708.0,257,44,0.11267977172851562,10.38,10.72,10.95
QQQ,2026-09-03,2026-09-09,C,709.0,231,297,0.1115201153564453,9.85,9.86,10.1
QQQ,2026-09-03,2026-09-09,C,710.0,806,216,0.10950597534179687,9.15,9.02,9.25
QQQ,2026-09-03,2026-09-09,C,711.0,253,151,0.10749183532714844,8.14,8.2,8.42
QQQ,2026-09-03,2026-09-09,C,712.0,399,109,0.10462321166992186,7.4,7.41,7.59
QQQ,2026-09-03,2026-09-09,C,713.0,408,125,0.10486734985351562,6.5,6.69,6.88
QQQ,2026-09-03,2026-09-09,C,714.0,298,147,0.10181562255859375,5.84,6.04,6.1
QQQ,2026-09-03,2026-09-09,C,715.0,776,877,0.09998458618164063,5.33,5.34,5.39
QQQ,2026-09-03,2026-09-09,C,716.0,1454,1843,0.0993132061767578,4.66,4.69,4.76
QQQ,2026-09-03,2026-09-09,C,717.0,536,1953,0.09754320434570313,4.1,4.09,4.13
QQQ,2026-09-03,2026-09-09,C,718.0,546,4891,0.09571216796875001,3.51,3.49,3.54
QQQ,2026-09-03,2026-09-09,C,719.0,460,2795,0.0942473388671875,2.97,2.97,3.01
QQQ,2026-09-03,2026-09-09,C,720.0,965,6146,0.09235526794433593,2.5,2.49,2.51
QQQ,2026-09-03,2026-09-09,C,721.0,1571,2984,0.09162285339355468,2.09,2.08,2.1
QQQ,2026-09-03,2026-09-09,C,722.0,5595,6280,0.09070733520507812,1.71,1.7,1.73
QQQ,2026-09-03,2026-09-09,C,723.0,457,986,0.08893733337402344,1.34,1.35,1.38
QQQ,2026-09-03,2026-09-09,C,724.0,580,1179,0.08826595336914064,1.08,1.09,1.11
QQQ,2026-09-03,2026-09-09,C,725.0,731,2420,0.08765560791015625,0.87,0.87,0.88
QQQ,2026-09-03,2026-09-09,C,726.0,537,616,0.08619077880859377,0.59,0.65,0.67
QQQ,2026-09-03,2026-09-09,C,727.0,179,2014,0.08594664062500001,0.46,0.5,0.52
QQQ,2026-09-03,2026-09-09,C,728.0,2822,2686,0.08570250244140626,0.38,0.38,0.4
QQQ,2026-09-03,2026-09-09,C,729.0,360,2681,0.08521422607421877,0.26,0.28,0.3
QQQ,2026-09-03,2026-09-09,C,730.0,1595,3680,0.08545836425781252,0.2,0.21,0.23
QQQ,2026-09-03,2026-09-09,C,731.0,192,3015,0.08423767333984378,0.16,0.15,0.16
QQQ,2026-09-03,2026-09-09,C,732.0,506,440,0.08594664062500001,0.11,0.11,0.13
QQQ,2026-09-03,2026-09-09,C,733.0,253,2369,0.08667905517578126,0.09,0.08,0.1
QQQ,2026-09-03,2026-09-09,C,734.0,106,568,0.08789974609375001,0.07,0.06,0.08
QQQ,2026-09-03,2026-09-09,C,735.0,1981,1557,0.08838802246093751,0.07,0.05,0.06
QQQ,2026-09-03,2026-09-09,C,736.0,116,196,0.0903411279296875,0.04,0.04,0.05
QQQ,2026-09-03,2026-09-09,C,737.0,112,63,0.09473561523437501,0.06,0.03,0.05
QQQ,2026-09-03,2026-09-09,C,738.0,152,12,0.09571216796875001,0.05,0.03,0.04
QQQ,2026-09-03,2026-09-09,C,739.0,38,100,0.09961837890625,0.06,0.02,0.04
QQQ,2026-09-03,2026-09-09,C,740.0,444,1044,0.1001066552734375,0.03,0.02,0.03
QQQ,2026-09-03,2026-09-09,C,741.0,1217,29,0.10401286621093749,0.03,0.01,0.03
QQQ,2026-09-03,2026-09-09,C,742.0,71,30,0.1079190771484375,0.03,0.01,0.03
QQQ,2026-09-03,2026-09-09,C,743.0,521,363,0.106454248046875,0.03,0.01,0.02
QQQ,2026-09-03,2026-09-09,C,744.0,78,2,0.11524322265625,0.03,0.01,0.03
QQQ,2026-09-03,2026-09-09,C,745.0,813,241,0.11426666992187501,0.01,0.01,0.02
QQQ,2026-09-03,2026-09-09,C,746.0,39,124,0.117196328125,0.01,0.01,0.02
QQQ,2026-09-03,2026-09-09,C,747.0,124,11,0.1211025390625,0.02,0.01,0.02
QQQ,2026-09-03,2026-09-09,C,749.0,40,10,0.1289149609375,0.01,0.0,0.02
QQQ,2026-09-03,2026-09-09,C,750.0,218,1,0.12305564453125001,0.01,0.0,0.01
QQQ,2026-09-03,2026-09-09,C,751.0,3,4,0.13575083007812502,0.02,0.0,0.02
QQQ,2026-09-03,2026-09-09,C,753.0,30,5,0.14258669921875,0.01,0.0,0.02
QQQ,2026-09-03,2026-09-09,C,755.0,66,35,0.14063359375,0.01,0.0,0.01
QQQ,2026-09-03,2026-09-09,C,756.0,11,5,0.14258669921875,0.02,0.0,0.01
QQQ,2026-09-03,2026-09-09,C,757.0,10,0,0.14649291015625,0.17,0.0,0.01
QQQ,2026-09-03,2026-09-09,C,758.0,25,0,0.148446015625,0.07,0.0,0.01
QQQ,2026-09-03,2026-09-09,C,759.0,4,0,0.15235222656250003,0.09,0.0,0.01
QQQ,2026-09-03,2026-09-09,C,760.0,77,0,0.1562584375,0.07,0.0,0.01
QQQ,2026-09-03,2026-09-09,C,765.0,259,20,0.17188328125000002,0.01,0.0,0.01
QQQ,2026-09-03,2026-09-09,C,770.0,30,20,0.187508125,0.01,0.0,0.01
QQQ,2026-09-03,2026-09-09,C,780.0,33,0,0.21875781249999998,0.02,0.0,0.01
QQQ,2026-09-03,2026-09-09,C,795.0,2,0,0.28125718749999995,0.03,0.0,0.02
QQQ,2026-09-03,2026-09-09,C,800.0,4,2,0.28125718749999995,0.03,0.0,0.01
QQQ,2026-09-03,2026-09-09,P,510.0,27,10,0.8281267187499999,0.01,0.0,0.02
QQQ,2026-09-03,2026-09-09,P,535.0,12,1,0.7187528125,0.01,0.0,0.02
QQQ,2026-09-03,2026-09-09,P,540.0,29,11,0.6953155468750001,0.01,0.0,0.02
QQQ,2026-09-03,2026-09-09,P,600.0,21,5,0.49609878906250005,0.05,0.01,0.03
QQQ,2026-09-03,2026-09-09,P,605.0,32,14,0.476567734375,0.06,0.01,0.03
QQQ,2026-09-03,2026-09-09,P,610.0,13,21,0.45508357421875,0.02,0.01,0.03
QQQ,2026-09-03,2026-09-09,P,615.0,18,5,0.4335994140625,0.02,0.01,0.03
QQQ,2026-09-03,2026-09-09,P,625.0,52,13,0.39258419921875,0.02,0.01,0.03
QQQ,2026-09-03,2026-09-09,P,635.0,2495,2210,0.3632876171875,0.03,0.02,0.04
QQQ,2026-09-03,2026-09-09,P,640.0,121,10,0.34180345703125,0.04,0.02,0.04
QQQ,2026-09-03,2026-09-09,P,645.0,4112,4017,0.32031929687499994,0.05,0.02,0.04
QQQ,2026-09-03,2026-09-09,P,650.0,3181,14,0.30762411132812495,0.04,0.03,0.05
QQQ,2026-09-03,2026-09-09,P,655.0,7697,12,0.28613995117187496,0.05,0.03,0.05
QQQ,2026-09-03,2026-09-09,P,660.0,731,36,0.26563234375,0.05,0.04,0.05
QQQ,2026-09-03,2026-09-09,P,665.0,1212,7,0.249030947265625,0.05,0.04,0.06
QQQ,2026-09-03,2026-09-09,P,670.0,1402,46,0.22754678710937498,0.06,0.05,0.06
QQQ,2026-09-03,2026-09-09,P,673.0,23,12,0.21875781249999998,0.07,0.05,0.07
QQQ,2026-09-03,2026-09-09,P,674.0,182,18,0.2148516015625,0.07,0.06,0.07
QQQ,2026-09-03,2026-09-09,P,675.0,924,68,0.213875048828125,0.07,0.06,0.08
QQQ,2026-09-03,2026-09-09,P,676.0,912,27,0.20948056152343747,0.08,0.06,0.08
QQQ,2026-09-03,2026-09-09,P,677.0,1367,13,0.20508607421874997,0.08,0.07,0.08
QQQ,2026-09-03,2026-09-09,P,678.0,2254,520,0.20069158691406247,0.1,0.07,0.08
QQQ,2026-09-03,2026-09-09,P,679.0,978,13,0.196297099609375,0.08,0.07,0.08
QQQ,2026-09-03,2026-09-09,P,680.0,894,96,0.1948322705078125,0.09,0.07,0.09
QQQ,2026-09-03,2026-09-09,P,681.0,544,60,0.19043778320312502,0.09,0.08,0.09
QQQ,2026-09-03,2026-09-09,P,682.0,223,321,0.188484677734375,0.09,0.09,0.1
QQQ,2026-09-03,2026-09-09,P,683.0,519,37,0.18360191406249998,0.11,0.09,0.1
QQQ,2026-09-03,2026-09-09,P,684.0,102,25,0.17920742675781248,0.09,0.09,0.1
QQQ,2026-09-03,2026-09-09,P,685.0,1750,113,0.1772543212890625,0.12,0.1,0.11
QQQ,2026-09-03,2026-09-09,P,686.0,282,180,0.174812939453125,0.12,0.1,0.12
QQQ,2026-09-03,2026-09-09,P,687.0,278,167,0.16993017578125003,0.14,0.1,0.12
QQQ,2026-09-03,2026-09-09,P,688.0,645,256,0.16724465576171876,0.13,0.11,0.13
QQQ,2026-09-03,2026-09-09,P,689.0,177,170,0.1626060302734375,0.15,0.11,0.13
QQQ,2026-09-03,2026-09-09,P,690.0,721,153,0.15943223388671873,0.16,0.12,0.14
QQQ,2026-09-03,2026-09-09,P,691.0,153,50,0.1562584375,0.16,0.13,0.15
QQQ,2026-09-03,2026-09-09,P,692.0,360,120,0.1530846411132813,0.18,0.15,0.16
QQQ,2026-09-03,2026-09-09,P,693.0,206,82,0.1511315356445313,0.19,0.16,0.18
QQQ,2026-09-03,2026-09-09,P,694.0,1361,142,0.147469462890625,0.2,0.17,0.19
QQQ,2026-09-03,2026-09-09,P,695.0,608,465,0.1450280810546875,0.2,0.2,0.21
QQQ,2026-09-03,2026-09-09,P,696.0,1277,194,0.14112187011718752,0.25,0.21,0.22
QQQ,2026-09-03,2026-09-09,P,697.0,1043,267,0.13916876464843753,0.27,0.23,0.25
QQQ,2026-09-03,2026-09-09,P,698.0,376,228,0.13697152099609378,0.27,0.27,0.28
QQQ,2026-09-03,2026-09-09,P,699.0,218,272,0.13233289550781252,0.31,0.28,0.29
QQQ,2026-09-03,2026-09-09,P,700.0,1010,965,0.1313563427734375,0.32,0.32,0.34
QQQ,2026-09-03,2026-09-09,P,701.0,383,428,0.127938408203125,0.39,0.36,0.37
QQQ,2026-09-03,2026-09-09,P,702.0,190,700,0.12671771728515624,0.43,0.41,0.43
QQQ,2026-09-03,2026-09-09,P,703.0,688,300,0.124032197265625,0.57,0.46,0.48
QQQ,2026-09-03,2026-09-09,P,704.0,222,544,0.1215908154296875,0.53,0.52,0.54
QQQ,2026-09-03,2026-09-09,P,705.0,1214,1248,0.11975977905273436,0.61,0.6,0.62
QQQ,2026-09-03,2026-09-09,P,706.0,301,474,0.11792874267578124,0.71,0.68,0.71
QQQ,2026-09-03,2026-09-09,P,707.0,341,699,0.11536529174804688,0.81,0.78,0.8
QQQ,2026-09-03,2026-09-09,P,708.0,233,1237,0.11316804809570313,0.96,0.89,0.91
QQQ,2026-09-03,2026-09-09,P,709.0,447,1880,0.11158114990234375,1.03,1.03,1.05
QQQ,2026-09-03,2026-09-09,P,710.0,887,1780,0.10877356079101563,1.17,1.16,1.18
QQQ,2026-09-03,2026-09-09,P,711.0,274,787,0.106454248046875,1.33,1.33,1.34
QQQ,2026-09-03,2026-09-09,P,712.0,281,839,0.1056607989501953,1.55,1.54,1.57
QQQ,2026-09-03,2026-09-09,P,713.0,357,2193,0.10328045166015623,1.8,1.76,1.78
QQQ,2026-09-03,2026-09-09,P,714.0,775,8476,0.1012663116455078,2.13,2.0,2.03
QQQ,2026-09-03,2026-09-09,P,715.0,910,3171,0.100594931640625,2.31,2.34,2.36
QQQ,2026-09-03,2026-09-09,P,716.0,429,2921,0.09851975708007812,2.65,2.66,2.68
QQQ,2026-09-03,2026-09-09,P,717.0,320,3893,0.09702441070556642,3.05,3.03,3.06
QQQ,2026-09-03,2026-09-09,P,718.0,269,7174,0.09546802978515626,3.67,3.43,3.48
QQQ,2026-09-03,2026-09-09,P,719.0,405,3161,0.09510182250976565,3.99,3.96,3.99
QQQ,2026-09-03,2026-09-09,P,720.0,279,5281,0.09320975158691407,4.45,4.44,4.49
QQQ,2026-09-03,2026-09-09,P,721.0,93,2272,0.0924773370361328,5.0,5.03,5.08
QQQ,2026-09-03,2026-09-09,P,722.0,57,791,0.09192802612304687,5.65,5.65,5.72
QQQ,2026-09-03,2026-09-09,P,723.0,91,1581,0.09540699523925782,6.66,6.3,6.53
QQQ,2026-09-03,2026-09-09,P,724.0,39,288,0.10230389892578123,7.4,7.03,7.47
QQQ,2026-09-03,2026-09-09,P,725.0,705,1014,0.10285320983886719,8.12,7.8,8.24
QQQ,2026-09-03,2026-09-09,P,726.0,113,59,0.10193769165039063,9.67,8.56,9.0
QQQ,2026-09-03,2026-09-09,P,727.0,188,56,0.10413493530273435,10.35,9.41,9.87
QQQ,2026-09-03,2026-09-09,P,728.0,162,122,0.11097080444335936,9.65,10.37,10.86
QQQ,2026-09-03,2026-09-09,P,730.0,37,114,0.11585356811523437,13.39,12.16,12.67
QQQ,2026-09-03,2026-09-09,P,744.0,0,0,0.18811847045898436,25.97,25.8,26.5
QQQ,2026-09-03,2026-09-10,C,655.0,2,0,0.39819937744140627,64.27,61.19,63.8
QQQ,2026-09-03,2026-09-10,C,665.0,86,50,0.2651440673828125,54.21,51.78,53.22
QQQ,2026-09-03,2026-09-10,C,670.0,26,1,0.252937158203125,47.23,46.87,48.27
QQQ,2026-09-03,2026-09-10,C,680.0,130,2,0.22901161621093752,38.08,36.82,38.44
QQQ,2026-09-03,2026-09-10,C,685.0,2,0,0.19947089599609374,35.25,32.79,33.4
QQQ,2026-09-03,2026-09-10,C,690.0,69,4,0.17810880493164064,29.43,27.88,28.44
QQQ,2026-09-03,2026-09-10,C,693.0,12,12,0.16431499755859375,21.0,24.95,25.46
QQQ,2026-09-03,2026-09-10,C,695.0,11,5,0.1637046520996094,19.59,23.07,23.59
QQQ,2026-09-03,2026-09-10,C,700.0,43,18,0.14527221923828126,18.39,18.24,18.75
QQQ,2026-09-03,2026-09-10,C,705.0,230,39,0.1333094482421875,13.5,13.7,14.16
QQQ,2026-09-03,2026-09-10,C,707.0,280,119,0.1302577209472656,11.72,12.02,12.44
QQQ,2026-09-03,2026-09-10,C,710.0,1266,212,0.12384909362792969,9.5,9.63,9.93
QQQ,2026-09-03,2026-09-10,C,711.0,222,185,0.12348288635253907,9.32,8.82,9.19
QQQ,2026-09-03,2026-09-10,C,712.0,242,48,0.12177391906738282,7.8,8.02,8.43
QQQ,2026-09-03,2026-09-10,C,713.0,387,41,0.1188442608642578,6.97,7.55,7.65
QQQ,2026-09-03,2026-09-10,C,714.0,503,57,0.1163723617553711,6.45,6.84,6.91
QQQ,2026-09-03,2026-09-10,C,715.0,459,251,0.11524322265625,6.05,6.17,6.25
QQQ,2026-09-03,2026-09-10,C,716.0,239,275,0.11383942810058593,5.47,5.52,5.61
QQQ,2026-09-03,2026-09-10,C,717.0,676,906,0.11188632263183593,4.98,4.91,4.98
QQQ,2026-09-03,2026-09-10,C,718.0,610,2793,0.11054356262207031,4.39,4.35,4.41
QQQ,2026-09-03,2026-09-10,C,719.0,1551,1024,0.10926183715820312,3.84,3.85,3.88
QQQ,2026-09-03,2026-09-10,C,720.0,1088,1644,0.10730873168945312,3.36,3.35,3.36
QQQ,2026-09-03,2026-09-10,C,721.0,537,770,0.10621010986328125,2.74,2.87,2.91
QQQ,2026-09-03,2026-09-10,C,722.0,196,878,0.10456217712402342,2.46,2.45,2.48
QQQ,2026-09-03,2026-09-10,C,723.0,123,278,0.10352458984374999,2.04,2.07,2.11
QQQ,2026-09-03,2026-09-10,C,724.0,258,378,0.10279217529296875,1.74,1.77,1.79
QQQ,2026-09-03,2026-09-10,C,725.0,2489,1159,0.10132734619140624,1.37,1.46,1.48
QQQ,2026-09-03,2026-09-10,C,726.0,165,110,0.100594931640625,1.11,1.2,1.23
QQQ,2026-09-03,2026-09-10,C,727.0,145,410,0.09980148254394532,0.94,0.99,1.01
QQQ,2026-09-03,2026-09-10,C,728.0,237,330,0.09858079162597656,0.79,0.79,0.81
QQQ,2026-09-03,2026-09-10,C,729.0,175,108,0.09778734252929688,0.63,0.63,0.65
QQQ,2026-09-03,2026-09-10,C,730.0,1579,688,0.09729906616210937,0.47,0.5,0.52
QQQ,2026-09-03,2026-09-10,C,731.0,679,327,0.09668872070312501,0.4,0.39,0.41
QQQ,2026-09-03,2026-09-10,C,732.0,371,266,0.09607837524414065,0.32,0.31,0.32
QQQ,2026-09-03,2026-09-10,C,733.0,140,119,0.09583423706054689,0.26,0.24,0.25
QQQ,2026-09-03,2026-09-10,C,734.0,110,81,0.09620044433593751,0.2,0.18,0.2
QQQ,2026-09-03,2026-09-10,C,735.0,381,507,0.09668872070312501,0.14,0.14,0.16
QQQ,2026-09-03,2026-09-10,C,736.0,466,328,0.09620044433593751,0.11,0.11,0.12
QQQ,2026-09-03,2026-09-10,C,737.0,329,114,0.09742113525390625,0.09,0.08,0.1
QQQ,2026-09-03,2026-09-10,C,738.0,101,186,0.0981535498046875,0.07,0.06,0.08
QQQ,2026-09-03,2026-09-10,C,739.0,179,24,0.1001066552734375,0.11,0.05,0.07
QQQ,2026-09-03,2026-09-10,C,740.0,175,75,0.10157148437499999,0.06,0.04,0.06
QQQ,2026-09-03,2026-09-10,C,741.0,64,2,0.10303631347656249,0.08,0.04,0.05
QQQ,2026-09-03,2026-09-10,C,742.0,89,9,0.1069425244140625,0.04,0.03,0.05
QQQ,2026-09-03,2026-09-10,C,743.0,33,13,0.10743080078125,0.05,0.02,0.04
QQQ,2026-09-03,2026-09-10,C,744.0,53,14,0.11133701171874999,0.03,0.02,0.04
QQQ,2026-09-03,2026-09-10,C,745.0,222,36,0.11036045898437499,0.03,0.02,0.03
QQQ,2026-09-03,2026-09-10,C,746.0,51,11,0.11426666992187501,0.02,0.02,0.03
QQQ,2026-09-03,2026-09-10,C,747.0,99,1,0.117196328125,0.03,0.01,0.03
QQQ,2026-09-03,2026-09-10,C,748.0,24,15,0.1211025390625,0.03,0.01,0.03
QQQ,2026-09-03,2026-09-10,C,749.0,8,1,0.12500875,0.02,0.01,0.03
QQQ,2026-09-03,2026-09-10,C,750.0,185,31,0.127938408203125,0.02,0.01,0.03
QQQ,2026-09-03,2026-09-10,C,751.0,25,3,0.131844619140625,0.04,0.01,0.03
QQQ,2026-09-03,2026-09-10,C,752.0,119,36,0.1289149609375,0.07,0.01,0.02
QQQ,2026-09-03,2026-09-10,C,753.0,63,1,0.132821171875,0.02,0.01,0.02
QQQ,2026-09-03,2026-09-10,C,754.0,80,1,0.13477427734375003,0.02,0.01,0.02
QQQ,2026-09-03,2026-09-10,C,755.0,233,30,0.13868048828125001,0.01,0.01,0.02
QQQ,2026-09-03,2026-09-10,C,756.0,10,0,0.14258669921875,0.27,0.01,0.02
QQQ,2026-09-03,2026-09-10,C,757.0,74,10,0.1445398046875,0.02,0.0,0.02
QQQ,2026-09-03,2026-09-10,C,758.0,20,1,0.148446015625,0.02,0.0,0.02
QQQ,2026-09-03,2026-09-10,C,760.0,85,10,0.15430533203125002,0.02,0.0,0.02
QQQ,2026-09-03,2026-09-10,C,785.0,1,0,0.23242955078125,0.03,0.0,0.02
QQQ,2026-09-03,2026-09-10,C,800.0,10,0,0.27539787109374997,0.02,0.0,0.02
QQQ,2026-09-03,2026-09-10,P,540.0,45,2,0.6796907031250001,0.05,0.01,0.03
QQQ,2026-09-03,2026-09-10,P,585.0,18,1,0.500005,0.02,0.01,0.03
QQQ,2026-09-03,2026-09-10,P,590.0,97,21,0.500005,0.02,0.01,0.03
QQQ,2026-09-03,2026-09-10,P,600.0,189,2,0.46094289062500005,0.02,0.01,0.03
QQQ,2026-09-03,2026-09-10,P,605.0,13,1,0.4414118359375,0.04,0.01,0.03
QQQ,2026-09-03,2026-09-10,P,610.0,123,5,0.4335994140625,0.05,0.02,0.04
QQQ,2026-09-03,2026-09-10,P,615.0,27,5,0.414068359375,0.03,0.02,0.04
QQQ,2026-09-03,2026-09-10,P,630.0,152,4,0.35547519531249994,0.04,0.03,0.04
QQQ,2026-09-03,2026-09-10,P,635.0,397,9,0.3437565625,0.05,0.03,0.05
QQQ,2026-09-03,2026-09-10,P,640.0,393,6,0.3242255078124999,0.06,0.04,0.05
QQQ,2026-09-03,2026-09-10,P,645.0,336,2,0.304694453125,0.07,0.04,0.05
QQQ,2026-09-03,2026-09-10,P,650.0,920,2008,0.2910227148437499,0.07,0.05,0.06
QQQ,2026-09-03,2026-09-10,P,655.0,453,924,0.27539787109374997,0.07,0.05,0.07
QQQ,2026-09-03,2026-09-10,P,660.0,1049,50,0.25586681640625003,0.1,0.06,0.07
QQQ,2026-09-03,2026-09-10,P,665.0,64,7,0.23926541992187497,0.1,0.07,0.08
QQQ,2026-09-03,2026-09-10,P,669.0,23,1,0.22657023437499998,0.12,0.08,0.09
QQQ,2026-09-03,2026-09-10,P,670.0,285,164,0.225593681640625,0.12,0.09,0.1
QQQ,2026-09-03,2026-09-10,P,673.0,39,35,0.2153398779296875,0.24,0.09,0.11
QQQ,2026-09-03,2026-09-10,P,675.0,288,36,0.20948056152343747,0.14,0.1,0.12
QQQ,2026-09-03,2026-09-10,P,676.0,173,7,0.20508607421874997,0.17,0.11,0.12
QQQ,2026-09-03,2026-09-10,P,678.0,1960,11,0.20117986328124998,0.17,0.12,0.14
QQQ,2026-09-03,2026-09-10,P,679.0,570,38,0.19678537597656248,0.17,0.13,0.14
QQQ,2026-09-03,2026-09-10,P,680.0,599,328,0.194343994140625,0.16,0.14,0.15
QQQ,2026-09-03,2026-09-10,P,681.0,243,10,0.19361157958984376,0.21,0.15,0.17
QQQ,2026-09-03,2026-09-10,P,682.0,307,24,0.18726398681640627,0.2,0.15,0.16
QQQ,2026-09-03,2026-09-10,P,683.0,70,6,0.18628743408203124,0.22,0.16,0.18
QQQ,2026-09-03,2026-09-10,P,684.0,113,10,0.18164880859375,0.18,0.17,0.18
QQQ,2026-09-03,2026-09-10,P,685.0,321,62,0.1801839794921875,0.24,0.18,0.2
QQQ,2026-09-03,2026-09-10,P,686.0,146,29,0.17701018310546873,0.23,0.2,0.21
QQQ,2026-09-03,2026-09-10,P,687.0,511,188,0.1753012158203125,0.22,0.22,0.23
QQQ,2026-09-03,2026-09-10,P,688.0,99,29,0.17163914306640626,0.27,0.23,0.24
QQQ,2026-09-03,2026-09-10,P,689.0,246,16,0.1694418994140625,0.27,0.25,0.26
QQQ,2026-09-03,2026-09-10,P,690.0,664,200,0.16577982666015628,0.35,0.25,0.27
QQQ,2026-09-03,2026-09-10,P,691.0,531,75,0.16407085937500002,0.39,0.29,0.3
QQQ,2026-09-03,2026-09-10,P,692.0,1770,53,0.16211775390625,0.37,0.31,0.33
QQQ,2026-09-03,2026-09-10,P,693.0,154,40,0.15796740478515625,0.39,0.32,0.34
QQQ,2026-09-03,2026-09-10,P,694.0,146,22,0.15564809204101562,0.4,0.35,0.37
QQQ,2026-09-03,2026-09-10,P,695.0,295,384,0.15296257202148442,0.42,0.39,0.4
QQQ,2026-09-03,2026-09-10,P,696.0,102,20,0.15088739746093754,0.55,0.43,0.44
QQQ,2026-09-03,2026-09-10,P,697.0,199,247,0.148446015625,0.52,0.46,0.48
QQQ,2026-09-03,2026-09-10,P,698.0,137,84,0.14710325561523438,0.58,0.52,0.54
QQQ,2026-09-03,2026-09-10,P,699.0,105,36,0.14527221923828126,0.62,0.58,0.6
QQQ,2026-09-03,2026-09-10,P,700.0,1195,284,0.1412439392089844,0.62,0.62,0.63
QQQ,2026-09-03,2026-09-10,P,701.0,176,83,0.13941290283203128,0.76,0.68,0.7
QQQ,2026-09-03,2026-09-10,P,702.0,103,139,0.13758186645507814,0.88,0.75,0.78
QQQ,2026-09-03,2026-09-10,P,703.0,1448,242,0.135323588256836,0.96,0.83,0.86
QQQ,2026-09-03,2026-09-10,P,704.0,98,72,0.13355358642578125,1.13,0.94,0.96
QQQ,2026-09-03,2026-09-10,P,705.0,567,197,0.13172255004882813,1.11,1.04,1.07
QQQ,2026-09-03,2026-09-10,P,706.0,121,113,0.1297694445800781,1.17,1.15,1.19
QQQ,2026-09-03,2026-09-10,P,707.0,105,101,0.12732806274414063,1.36,1.28,1.31
QQQ,2026-09-03,2026-09-10,P,708.0,291,207,0.12549702636718751,1.52,1.42,1.46
QQQ,2026-09-03,2026-09-10,P,709.0,511,366,0.124032197265625,1.73,1.61,1.64
QQQ,2026-09-03,2026-09-10,P,710.0,810,704,0.12195702270507813,1.9,1.78,1.82
QQQ,2026-09-03,2026-09-10,P,711.0,226,305,0.12018702087402343,2.13,1.98,2.03
QQQ,2026-09-03,2026-09-10,P,712.0,289,544,0.11835598449707031,2.33,2.22,2.26
QQQ,2026-09-03,2026-09-10,P,713.0,129,350,0.11695218994140624,2.63,2.49,2.53
QQQ,2026-09-03,2026-09-10,P,714.0,308,335,0.11560942993164064,2.93,2.78,2.83
QQQ,2026-09-03,2026-09-10,P,715.0,936,796,0.11371735900878906,3.27,3.1,3.14
QQQ,2026-09-03,2026-09-10,P,716.0,250,450,0.11261873718261718,3.69,3.46,3.51
QQQ,2026-09-03,2026-09-10,P,717.0,288,1371,0.11090976989746093,3.97,3.82,3.89
QQQ,2026-09-03,2026-09-10,P,718.0,320,1539,0.10956700988769531,4.31,4.27,4.32
QQQ,2026-09-03,2026-09-10,P,719.0,118,781,0.10804114624023436,4.78,4.74,4.78
QQQ,2026-09-03,2026-09-10,P,720.0,428,1549,0.10685097259521485,5.27,5.23,5.29
QQQ,2026-09-03,2026-09-10,P,721.0,83,403,0.10572183349609374,6.32,5.75,5.84
QQQ,2026-09-03,2026-09-10,P,722.0,51,141,0.10486734985351562,6.6,6.36,6.44
QQQ,2026-09-03,2026-09-10,P,723.0,51,73,0.10352458984374999,7.1,6.99,7.06
QQQ,2026-09-03,2026-09-10,P,724.0,17,96,0.10462321166992186,8.81,7.59,7.8
QQQ,2026-09-03,2026-09-10,P,725.0,196,44,0.10700355895996094,8.62,8.35,8.61
QQQ,2026-09-03,2026-09-10,P,728.0,39,50,0.10743080078125,10.8,10.69,10.98
QQQ,2026-09-03,2026-09-10,P,730.0,101,34,0.11133701171874999,12.85,12.42,12.76
QQQ,2026-09-03,2026-09-10,P,732.0,11,10,0.11316804809570313,14.71,14.23,14.55
QQQ,2026-09-03,2026-09-10,P,735.0,4,1,0.12464254272460937,25.31,17.11,17.46
QQQ,2026-09-03,2026-09-11,C,400.0,7,1,1.5800802246093748,320.89,316.14,318.3
QQQ,2026-09-03,2026-09-11,C,405.0,3,2,1.474612001953125,313.27,311.09,313.21
QQQ,2026-09-03,2026-09-11,C,420.0,1,0,1.4716823291015624,298.25,296.16,298.32
QQQ,2026-09-03,2026-09-11,C,490.0,10,44,1.3418001660156247,229.94,226.19,229.27
QQQ,2026-09-03,2026-09-11,C,495.0,1,1,1.245609240722656,219.09,221.13,223.94
QQQ,2026-09-03,2026-09-11,C,500.0,2,0,1.220707021484375,217.4,216.21,218.96
QQQ,2026-09-03,2026-09-11,C,520.0,10,0,1.12891060546875,214.42,196.21,199.09
QQQ,2026-09-03,2026-09-11,C,530.0,13,0,1.0288134497070316,204.49,186.38,188.86
QQQ,2026-09-03,2026-09-11,C,535.0,11,0,0.9970703417968749,197.15,181.73,183.84
QQQ,2026-09-03,2026-09-11,C,540.0,3,1,0.971679970703125,177.97,176.81,178.85
QQQ,2026-09-03,2026-09-11,C,545.0,1,2,0.9445806323242187,164.57,171.75,173.85
QQQ,2026-09-03,2026-09-11,C,550.0,35,0,0.9174812939453125,167.37,166.82,168.85
QQQ,2026-09-03,2026-09-11,C,555.0,250,250,0.89257919921875,153.5,161.77,163.86
QQQ,2026-09-03,2026-09-11,C,560.0,10,0,0.8657239990234374,175.09,156.83,158.86
QQQ,2026-09-03,2026-09-11,C,565.0,10,2,0.840821904296875,151.79,151.78,153.87
QQQ,2026-09-03,2026-09-11,C,570.0,5,5,0.81445498046875,124.0,146.84,148.87
QQQ,2026-09-03,2026-09-11,C,580.0,10,75,0.647464462890625,137.19,136.8,138.33
QQQ,2026-09-03,2026-09-11,C,585.0,14,2,0.737307314453125,125.26,131.8,133.88
QQQ,2026-09-03,2026-09-11,C,590.0,23,168,0.59570716796875,127.21,126.81,128.31
QQQ,2026-09-03,2026-09-11,C,600.0,13,99,0.5590864404296876,116.97,116.82,118.34
QQQ,2026-09-03,2026-09-11,C,605.0,2,1,0.6381872119140625,110.44,111.86,113.91
QQQ,2026-09-03,2026-09-11,C,610.0,27,1,0.6137733935546876,110.26,106.84,108.92
QQQ,2026-09-03,2026-09-11,C,615.0,5,3,0.5893595751953126,104.7,101.85,103.93
QQQ,2026-09-03,2026-09-11,C,620.0,9,13,0.563602996826172,98.25,96.86,98.93
QQQ,2026-09-03,2026-09-11,C,625.0,19,9,0.5390671093750001,94.05,91.86,93.94
QQQ,2026-09-03,2026-09-11,C,630.0,226,6,0.5124560473632812,87.5,86.87,88.93
QQQ,2026-09-03,2026-09-11,C,633.0,1,0,0.5024463818359376,79.73,83.94,85.98
QQQ,2026-09-03,2026-09-11,C,634.0,1,0,0.4973194799804688,98.46,82.88,84.98
QQQ,2026-09-03,2026-09-11,C,635.0,1,0,0.49121602539062503,69.53,81.87,83.97
QQQ,2026-09-03,2026-09-11,C,636.0,6,0,0.48608912353515626,88.09,80.95,82.97
QQQ,2026-09-03,2026-09-11,C,637.0,3,2,0.48291532714843755,81.31,79.95,81.99
QQQ,2026-09-03,2026-09-11,C,638.0,2,0,0.4777884252929688,94.45,78.95,80.99
QQQ,2026-09-03,2026-09-11,C,639.0,10,0,0.4726615234375,78.44,77.88,79.99
QQQ,2026-09-03,2026-09-11,C,640.0,6,1,0.393560751953125,77.79,77.02,78.41
QQQ,2026-09-03,2026-09-11,C,641.0,16,3,0.3957579956054688,77.7,75.97,77.45
QQQ,2026-09-03,2026-09-11,C,642.0,2,1,0.3942931665039063,73.93,75.0,76.47
QQQ,2026-09-03,2026-09-11,C,644.0,1,0,0.37695935546875,69.28,72.97,74.42
QQQ,2026-09-03,2026-09-11,C,646.0,7,1,0.37744763183593744,74.76,71.01,72.48
QQQ,2026-09-03,2026-09-11,C,647.0,20,2,0.3742738354492187,70.92,70.01,71.49
QQQ,2026-09-03,2026-09-11,C,648.0,3,3,0.37793590820312495,78.13,68.99,70.55
QQQ,2026-09-03,2026-09-11,C,650.0,48,4,0.3498600170898437,67.67,67.33,68.42
QQQ,2026-09-03,2026-09-11,C,651.0,9,21,0.3569400244140625,77.34,66.01,67.5
QQQ,2026-09-03,2026-09-11,C,652.0,41,31,0.36157864990234373,69.4,65.02,66.57
QQQ,2026-09-03,2026-09-11,C,653.0,21,10,0.34766277343749996,64.61,64.02,65.5
QQQ,2026-09-03,2026-09-11,C,654.0,17,14,0.33740896972656254,67.52,62.95,64.46
QQQ,2026-09-03,2026-09-11,C,655.0,10,1,0.336920693359375,66.55,62.01,63.49
QQQ,2026-09-03,2026-09-11,C,656.0,7,3,0.32959654785156245,60.95,60.96,62.47
QQQ,2026-09-03,2026-09-11,C,657.0,2,1,0.3288641333007812,59.45,60.02,61.5
QQQ,2026-09-03,2026-09-11,C,658.0,1,0,0.3254461987304687,56.74,59.02,60.51
QQQ,2026-09-03,2026-09-11,C,659.0,15,15,0.32080757324218745,59.74,58.03,59.51
QQQ,2026-09-03,2026-09-11,C,660.0,11,8,0.317389638671875,61.96,57.03,58.52
QQQ,2026-09-03,2026-09-11,C,662.0,8,4,0.3078682495117187,55.85,55.04,56.52
QQQ,2026-09-03,2026-09-11,C,663.0,1,1,0.305671005859375,52.87,54.05,55.54
QQQ,2026-09-03,2026-09-11,C,664.0,7,1,0.3020089331054688,46.51,53.06,54.55
QQQ,2026-09-03,2026-09-11,C,665.0,46,2,0.29492892578124996,53.09,52.02,53.53
QQQ,2026-09-03,2026-09-11,C,666.0,20,3,0.2934640966796874,51.45,51.07,52.56
QQQ,2026-09-03,2026-09-11,C,667.0,7,2,0.2866282275390625,37.68,50.02,51.54
QQQ,2026-09-03,2026-09-11,C,668.0,12,1,0.2849192602539062,50.22,49.09,50.57
QQQ,2026-09-03,2026-09-11,C,670.0,29,20,0.2700268310546875,48.22,47.16,48.52
QQQ,2026-09-03,2026-09-11,C,671.0,20,1,0.270515107421875,55.8,46.06,47.57
QQQ,2026-09-03,2026-09-11,C,672.0,6,4,0.2688061401367187,48.82,45.12,46.6
QQQ,2026-09-03,2026-09-11,C,673.0,17,6,0.26197027099609377,61.26,44.07,45.58
QQQ,2026-09-03,2026-09-11,C,674.0,27,1,0.25989509643554687,37.38,43.15,44.61
QQQ,2026-09-03,2026-09-11,C,675.0,146,7,0.25501233276367197,42.65,42.22,43.61
QQQ,2026-09-03,2026-09-11,C,676.0,7,4,0.25098405273437496,34.29,41.13,42.62
QQQ,2026-09-03,2026-09-11,C,677.0,2,2,0.24695577270507812,33.33,40.19,41.63
QQQ,2026-09-03,2026-09-11,C,678.0,6,1,0.24292749267578123,42.52,39.16,40.64
QQQ,2026-09-03,2026-09-11,C,679.0,6,1,0.2387771435546875,42.1,38.22,39.65
QQQ,2026-09-03,2026-09-11,C,680.0,88,2,0.23120885986328127,38.44,37.69,38.62
QQQ,2026-09-03,2026-09-11,C,681.0,27,1,0.23194127441406248,40.63,36.26,37.69
QQQ,2026-09-03,2026-09-11,C,682.0,89,4,0.22852333984375,38.97,35.43,36.71
QQQ,2026-09-03,2026-09-11,C,683.0,14,10,0.21875781249999998,30.48,34.91,35.65
QQQ,2026-09-03,2026-09-11,C,684.0,15,2,0.21680470703125,34.23,33.93,34.69
QQQ,2026-09-03,2026-09-11,C,685.0,425,10,0.2124102197265625,33.48,32.94,33.7
QQQ,2026-09-03,2026-09-11,C,686.0,102,1,0.21021297607421874,32.7,31.98,32.74
QQQ,2026-09-03,2026-09-11,C,687.0,17,10,0.2049640051269531,30.88,30.94,31.74
QQQ,2026-09-03,2026-09-11,C,688.0,78,1,0.20179020874023437,32.7,29.97,30.77
QQQ,2026-09-03,2026-09-11,C,689.0,131,2,0.19849434326171872,30.92,28.94,29.8
QQQ,2026-09-03,2026-09-11,C,690.0,117,67,0.19507640869140624,29.78,28.02,28.83
QQQ,2026-09-03,2026-09-11,C,691.0,3,3,0.19263502685546874,29.59,26.96,27.88
QQQ,2026-09-03,2026-09-11,C,692.0,28,10,0.1900715759277344,27.09,26.12,26.93
QQQ,2026-09-03,2026-09-11,C,693.0,25,8,0.1900715759277344,17.89,25.09,26.03
QQQ,2026-09-03,2026-09-11,C,694.0,43,8,0.18695881408691406,26.3,24.16,25.08
QQQ,2026-09-03,2026-09-11,C,695.0,228,23,0.18122156677246093,23.51,23.35,24.08
QQQ,2026-09-03,2026-09-11,C,696.0,37,1,0.17688811401367188,22.67,22.26,23.11
QQQ,2026-09-03,2026-09-11,C,697.0,21,11,0.1771322521972656,15.48,21.45,22.24
QQQ,2026-09-03,2026-09-11,C,698.0,90,5,0.17426362854003907,20.27,20.59,21.31
QQQ,2026-09-03,2026-09-11,C,699.0,57,17,0.17115086669921875,21.62,19.94,20.38
QQQ,2026-09-03,2026-09-11,C,700.0,1039,615,0.1682212084960938,19.21,18.87,19.46
QQQ,2026-09-03,2026-09-11,C,701.0,102,68,0.16614603393554692,17.38,18.01,18.57
QQQ,2026-09-03,2026-09-11,C,702.0,196,21,0.16376568664550784,17.39,17.15,17.68
QQQ,2026-09-03,2026-09-11,C,703.0,118,31,0.16108016662597657,16.36,16.22,16.79
QQQ,2026-09-03,2026-09-11,C,704.0,265,18,0.15876085388183597,15.52,15.46,15.92
QQQ,2026-09-03,2026-09-11,C,705.0,1954,106,0.15546498840332032,14.88,14.74,15.03
QQQ,2026-09-03,2026-09-11,C,706.0,356,46,0.15338981384277345,13.61,13.74,14.19
QQQ,2026-09-03,2026-09-11,C,707.0,909,104,0.150948432006836,13.07,12.9,13.35
QQQ,2026-09-03,2026-09-11,C,708.0,623,103,0.14930049926757813,11.83,12.15,12.55
QQQ,2026-09-03,2026-09-11,C,709.0,539,325,0.14685911743164062,11.28,11.36,11.74
QQQ,2026-09-03,2026-09-11,C,710.0,2770,670,0.14460083923339845,10.71,10.78,10.95
QQQ,2026-09-03,2026-09-11,C,711.0,551,108,0.1434106655883789,9.96,10.03,10.22
QQQ,2026-09-03,2026-09-11,C,712.0,583,291,0.14038945556640625,9.46,9.34,9.44
QQQ,2026-09-03,2026-09-11,C,713.0,1272,381,0.13868048828125001,8.45,8.64,8.73
QQQ,2026-09-03,2026-09-11,C,714.0,512,444,0.13715462463378908,7.71,7.96,8.05
QQQ,2026-09-03,2026-09-11,C,715.0,5917,3058,0.135048932800293,7.34,7.3,7.37
QQQ,2026-09-03,2026-09-11,C,716.0,773,887,0.1333094482421875,6.67,6.66,6.73
QQQ,2026-09-03,2026-09-11,C,717.0,2463,1916,0.13163099822998048,6.04,6.05,6.12
QQQ,2026-09-03,2026-09-11,C,718.0,1144,8614,0.1307459973144531,5.54,5.5,5.57
QQQ,2026-09-03,2026-09-11,C,719.0,1814,2163,0.1294032373046875,5.0,5.01,5.03
QQQ,2026-09-03,2026-09-11,C,720.0,4450,9716,0.12760271820068358,4.48,4.46,4.5
QQQ,2026-09-03,2026-09-11,C,721.0,2083,1949,0.12674823455810547,4.02,4.02,4.04
QQQ,2026-09-03,2026-09-11,C,722.0,1291,2211,0.12491719818115235,3.56,3.54,3.57
QQQ,2026-09-03,2026-09-11,C,723.0,849,1434,0.12378805908203125,3.15,3.13,3.16
QQQ,2026-09-03,2026-09-11,C,724.0,637,1066,0.12317771362304689,2.78,2.76,2.8
QQQ,2026-09-03,2026-09-11,C,725.0,3252,4350,0.1223842645263672,2.43,2.43,2.46
QQQ,2026-09-03,2026-09-11,C,726.0,843,867,0.1212856427001953,2.1,2.11,2.14
QQQ,2026-09-03,2026-09-11,C,727.0,2342,914,0.11994288269042967,1.81,1.81,1.84
QQQ,2026-09-03,2026-09-11,C,728.0,964,667,0.11951564086914063,1.57,1.57,1.6
QQQ,2026-09-03,2026-09-11,C,729.0,4344,322,0.11835598449707031,1.34,1.33,1.36
QQQ,2026-09-03,2026-09-11,C,730.0,3451,7236,0.1176846044921875,1.15,1.15,1.16
QQQ,2026-09-03,2026-09-11,C,731.0,797,633,0.11725736267089844,0.98,0.97,0.99
QQQ,2026-09-03,2026-09-11,C,732.0,904,307,0.11597563720703125,0.81,0.8,0.82
QQQ,2026-09-03,2026-09-11,C,733.0,1155,503,0.1155483953857422,0.68,0.67,0.69
QQQ,2026-09-03,2026-09-11,C,734.0,1006,585,0.11530425720214844,0.56,0.56,0.58
QQQ,2026-09-03,2026-09-11,C,735.0,7701,1135,0.1147549462890625,0.46,0.47,0.48
QQQ,2026-09-03,2026-09-11,C,736.0,595,307,0.11463287719726564,0.38,0.39,0.4
QQQ,2026-09-03,2026-09-11,C,737.0,1353,653,0.11426666992187501,0.32,0.32,0.33
QQQ,2026-09-03,2026-09-11,C,738.0,1154,214,0.11402253173828125,0.27,0.26,0.27
QQQ,2026-09-03,2026-09-11,C,739.0,941,851,0.1137783935546875,0.22,0.21,0.22
QQQ,2026-09-03,2026-09-11,C,740.0,13034,3269,0.1137783935546875,0.18,0.17,0.18
QQQ,2026-09-03,2026-09-11,C,741.0,407,153,0.11548736083984376,0.15,0.14,0.16
QQQ,2026-09-03,2026-09-11,C,742.0,547,109,0.11524322265625,0.11,0.12,0.13
QQQ,2026-09-03,2026-09-11,C,743.0,495,272,0.11597563720703125,0.11,0.1,0.11
QQQ,2026-09-03,2026-09-11,C,744.0,448,35,0.118172880859375,0.09,0.09,0.1
QQQ,2026-09-03,2026-09-11,C,745.0,2192,369,0.12012598632812499,0.08,0.08,0.09
QQQ,2026-09-03,2026-09-11,C,746.0,114,144,0.1215908154296875,0.06,0.06,0.08
QQQ,2026-09-03,2026-09-11,C,747.0,634,231,0.12256736816406251,0.07,0.05,0.07
QQQ,2026-09-03,2026-09-11,C,748.0,5059,193,0.1235439208984375,0.05,0.05,0.06
QQQ,2026-09-03,2026-09-11,C,749.0,586,27,0.12696185546875,0.07,0.04,0.06
QQQ,2026-09-03,2026-09-11,C,750.0,14708,1355,0.1274501318359375,0.05,0.04,0.05
QQQ,2026-09-03,2026-09-11,C,751.0,306,26,0.13086806640624998,0.05,0.03,0.05
QQQ,2026-09-03,2026-09-11,C,752.0,462,573,0.13086806640624998,0.03,0.03,0.04
QQQ,2026-09-03,2026-09-11,C,753.0,502,31,0.133797724609375,0.03,0.02,0.04
QQQ,2026-09-03,2026-09-11,C,754.0,498,1046,0.13721565917968753,0.03,0.02,0.04
QQQ,2026-09-03,2026-09-11,C,755.0,1261,384,0.14063359375,0.02,0.02,0.04
QQQ,2026-09-03,2026-09-11,C,756.0,141,32,0.143563251953125,0.04,0.02,0.04
QQQ,2026-09-03,2026-09-11,C,757.0,657,2,0.14258669921875,0.04,0.02,0.03
QQQ,2026-09-03,2026-09-11,C,758.0,1050,23,0.145516357421875,0.03,0.02,0.03
QQQ,2026-09-03,2026-09-11,C,759.0,293,2,0.148446015625,0.02,0.01,0.03
QQQ,2026-09-03,2026-09-11,C,760.0,3020,494,0.15137567382812503,0.03,0.01,0.03
QQQ,2026-09-03,2026-09-11,C,765.0,722,76,0.16700051757812504,0.01,0.01,0.03
QQQ,2026-09-03,2026-09-11,C,770.0,1359,171,0.17383638671875,0.02,0.01,0.02
QQQ,2026-09-03,2026-09-11,C,775.0,1788,26,0.18946123046875002,0.01,0.01,0.02
QQQ,2026-09-03,2026-09-11,C,780.0,1674,100,0.1914143359375,0.02,0.0,0.01
QQQ,2026-09-03,2026-09-11,C,785.0,1065,1,0.20313296874999998,0.01,0.0,0.01
QQQ,2026-09-03,2026-09-11,C,790.0,490,1,0.2304764453125,0.02,0.0,0.02
QQQ,2026-09-03,2026-09-11,C,795.0,293,14,0.24414818359375,0.02,0.0,0.02
QQQ,2026-09-03,2026-09-11,C,800.0,1368,5,0.242195078125,0.01,0.0,0.01
QQQ,2026-09-03,2026-09-11,C,805.0,137,1,0.25391371093750004,0.02,0.0,0.01
QQQ,2026-09-03,2026-09-11,C,810.0,411,1,0.26563234375,0.01,0.0,0.01
QQQ,2026-09-03,2026-09-11,C,815.0,308,1,0.29688203124999996,0.01,0.0,0.02
QQQ,2026-09-03,2026-09-11,C,820.0,344,25,0.31055376953124997,0.02,0.0,0.02
QQQ,2026-09-03,2026-09-11,C,825.0,57,1,0.3242255078124999,0.14,0.0,0.02
QQQ,2026-09-03,2026-09-11,C,830.0,98,20,0.335944140625,0.03,0.0,0.02
QQQ,2026-09-03,2026-09-11,C,835.0,149,5,0.34766277343749996,0.01,0.0,0.02
QQQ,2026-09-03,2026-09-11,C,840.0,297,1,0.3398503515625,0.03,0.0,0.01
QQQ,2026-09-03,2026-09-11,C,845.0,40,20,0.35156898437499995,0.12,0.0,0.01
QQQ,2026-09-03,2026-09-11,C,850.0,157,5,0.3632876171875,0.02,0.0,0.01
QQQ,2026-09-03,2026-09-11,C,860.0,13,1,0.38672488281249995,0.02,0.0,0.01
QQQ,2026-09-03,2026-09-11,C,870.0,79,1,0.4062559375,0.09,0.0,0.01
QQQ,2026-09-03,2026-09-11,C,880.0,18,4,0.42969320312500003,0.03,0.0,0.01
QQQ,2026-09-03,2026-09-11,C,885.0,34,4,0.445318046875,0.06,0.0,0.01
QQQ,2026-09-03,2026-09-11,C,890.0,1,1,0.45313046875,0.07,0.0,0.01
QQQ,2026-09-03,2026-09-11,C,895.0,1,1,0.46094289062500005,0.06,0.0,0.01
QQQ,2026-09-03,2026-09-11,C,900.0,12,1,0.476567734375,0.01,0.0,0.01
QQQ,2026-09-03,2026-09-11,C,910.0,100,0,0.49219257812500006,0.12,0.0,0.01
QQQ,2026-09-03,2026-09-11,C,915.0,59,2,0.507817421875,0.03,0.0,0.01
QQQ,2026-09-03,2026-09-11,C,930.0,270,0,0.51562984375,0.03,0.0,0.01
QQQ,2026-09-03,2026-09-11,C,935.0,12,5,0.51562984375,0.03,0.0,0.01
QQQ,2026-09-03,2026-09-11,C,940.0,310,0,0.5312546875,0.03,0.0,0.01
QQQ,2026-09-03,2026-09-11,C,945.0,50,0,0.5390671093750001,0.03,0.0,0.01
QQQ,2026-09-03,2026-09-11,C,950.0,6,1,0.5468795312500001,0.01,0.0,0.01
QQQ,2026-09-03,2026-09-11,P,400.0,1282,10,1.125004375,0.01,0.0,0.01
QQQ,2026-09-03,2026-09-11,P,405.0,208,5,1.15625421875,0.05,0.0,0.02
QQQ,2026-09-03,2026-09-11,P,410.0,228,2,1.140629296875,0.02,0.0,0.02
QQQ,2026-09-03,2026-09-11,P,415.0,534,422,1.0625046875000002,0.03,0.0,0.01
QQQ,2026-09-03,2026-09-11,P,420.0,3357,983,1.09375453125,0.01,0.0,0.02
QQQ,2026-09-03,2026-09-11,P,425.0,2993,1,1.015629921875,0.01,0.0,0.01
QQQ,2026-09-03,2026-09-11,P,430.0,117,9,1.0468797656250002,0.05,0.0,0.02
QQQ,2026-09-03,2026-09-11,P,435.0,100,0,1.015629921875,0.03,0.0,0.02
QQQ,2026-09-03,2026-09-11,P,440.0,5,38,0.992187578125,0.01,0.0,0.02
QQQ,2026-09-03,2026-09-11,P,445.0,12,10,0.9765627343750001,0.01,0.0,0.02
QQQ,2026-09-03,2026-09-11,P,450.0,2,280,0.9531254687499999,0.02,0.0,0.02
QQQ,2026-09-03,2026-09-11,P,455.0,1,1,0.937500625,0.09,0.0,0.02
QQQ,2026-09-03,2026-09-11,P,460.0,3,96,0.9062509375,0.01,0.0,0.02
QQQ,2026-09-03,2026-09-11,P,465.0,3,305,0.8906260937499999,0.01,0.0,0.02
QQQ,2026-09-03,2026-09-11,P,470.0,6,45,0.87500125,0.01,0.0,0.02
QQQ,2026-09-03,2026-09-11,P,475.0,62,61,0.851563984375,0.02,0.0,0.02
QQQ,2026-09-03,2026-09-11,P,480.0,6,1,0.85937640625,0.08,0.0,0.03
QQQ,2026-09-03,2026-09-11,P,485.0,11,3,0.8359391406249999,0.02,0.0,0.03
QQQ,2026-09-03,2026-09-11,P,490.0,17,1,0.8359391406249999,0.06,0.01,0.03
QQQ,2026-09-03,2026-09-11,P,495.0,5,4,0.8125018749999999,0.11,0.01,0.03
QQQ,2026-09-03,2026-09-11,P,500.0,13204,4,0.7929708203125,0.02,0.01,0.03
QQQ,2026-09-03,2026-09-11,P,505.0,303,1,0.773439765625,0.03,0.01,0.03
QQQ,2026-09-03,2026-09-11,P,510.0,1107,2,0.7500025,0.01,0.01,0.03
QQQ,2026-09-03,2026-09-11,P,515.0,21,1,0.73437765625,0.03,0.01,0.03
QQQ,2026-09-03,2026-09-11,P,520.0,418,10,0.710940390625,0.02,0.01,0.03
QQQ,2026-09-03,2026-09-11,P,525.0,60,1,0.6953155468750001,0.05,0.01,0.03
QQQ,2026-09-03,2026-09-11,P,530.0,185,3,0.6718782812500002,0.06,0.01,0.03
QQQ,2026-09-03,2026-09-11,P,535.0,465,1,0.6562534375000001,0.02,0.01,0.03
QQQ,2026-09-03,2026-09-11,P,540.0,94,2,0.632816171875,0.02,0.01,0.03
QQQ,2026-09-03,2026-09-11,P,545.0,588,22,0.6171913281250001,0.02,0.01,0.03
QQQ,2026-09-03,2026-09-11,P,550.0,406,102,0.6093789062500001,0.03,0.02,0.03
QQQ,2026-09-03,2026-09-11,P,555.0,349,12,0.5898478515625001,0.05,0.01,0.04
QQQ,2026-09-03,2026-09-11,P,560.0,310,1,0.5800823242187501,0.05,0.02,0.04
QQQ,2026-09-03,2026-09-11,P,565.0,364,1,0.5625043750000001,0.03,0.02,0.04
QQQ,2026-09-03,2026-09-11,P,570.0,748,10,0.5429733203125001,0.03,0.02,0.04
QQQ,2026-09-03,2026-09-11,P,575.0,406,10,0.523442265625,0.03,0.02,0.04
QQQ,2026-09-03,2026-09-11,P,580.0,393,1,0.5039112109375,0.04,0.02,0.04
QQQ,2026-09-03,2026-09-11,P,585.0,192,2,0.5097705273437501,0.03,0.02,0.05
QQQ,2026-09-03,2026-09-11,P,590.0,590,4,0.4804739453125,0.05,0.03,0.04
QQQ,2026-09-03,2026-09-11,P,595.0,988,31,0.4726615234375,0.05,0.03,0.05
QQQ,2026-09-03,2026-09-11,P,600.0,864,251,0.45313046875,0.05,0.03,0.05
QQQ,2026-09-03,2026-09-11,P,605.0,789,100,0.442388388671875,0.05,0.04,0.06
QQQ,2026-09-03,2026-09-11,P,610.0,693,297,0.42383388671875,0.05,0.04,0.06
QQQ,2026-09-03,2026-09-11,P,615.0,1061,3,0.40430283203125,0.06,0.05,0.06
QQQ,2026-09-03,2026-09-11,P,620.0,846,73,0.39160764648437496,0.06,0.05,0.07
QQQ,2026-09-03,2026-09-11,P,625.0,573,11,0.372076591796875,0.07,0.06,0.07
QQQ,2026-09-03,2026-09-11,P,630.0,6814,21,0.358404853515625,0.09,0.06,0.08
QQQ,2026-09-03,2026-09-11,P,631.0,104,18,0.3544986425781249,0.13,0.06,0.08
QQQ,2026-09-03,2026-09-11,P,632.0,750,200,0.3505924316406249,0.14,0.07,0.08
QQQ,2026-09-03,2026-09-11,P,633.0,382,15,0.34668622070312494,0.08,0.07,0.08
QQQ,2026-09-03,2026-09-11,P,634.0,204,3,0.34766277343749996,0.08,0.07,0.09
QQQ,2026-09-03,2026-09-11,P,635.0,742,35,0.3437565625,0.08,0.07,0.09
QQQ,2026-09-03,2026-09-11,P,636.0,317,2,0.3398503515625,0.1,0.07,0.09
QQQ,2026-09-03,2026-09-11,P,637.0,174,15,0.335944140625,0.1,0.07,0.09
QQQ,2026-09-03,2026-09-11,P,638.0,394,15,0.3320379296875,0.09,0.07,0.09
QQQ,2026-09-03,2026-09-11,P,639.0,5726,129,0.32813171874999997,0.15,0.07,0.09
QQQ,2026-09-03,2026-09-11,P,640.0,3155,783,0.3242255078124999,0.09,0.08,0.09
QQQ,2026-09-03,2026-09-11,P,641.0,239,2,0.32520206054687495,0.12,0.08,0.1
QQQ,2026-09-03,2026-09-11,P,642.0,197,103,0.32129584960937496,0.16,0.08,0.1
QQQ,2026-09-03,2026-09-11,P,643.0,210,6,0.31690136230468746,0.11,0.08,0.1
QQQ,2026-09-03,2026-09-11,P,644.0,297,35,0.3129951513671875,0.11,0.09,0.1
QQQ,2026-09-03,2026-09-11,P,645.0,1289,887,0.3090889404296875,0.11,0.09,0.1
QQQ,2026-09-03,2026-09-11,P,646.0,652,9,0.3086006640625,0.11,0.1,0.11
QQQ,2026-09-03,2026-09-11,P,647.0,531,6,0.304694453125,0.12,0.09,0.11
QQQ,2026-09-03,2026-09-11,P,648.0,174,13,0.3007882421875,0.12,0.09,0.11
QQQ,2026-09-03,2026-09-11,P,649.0,153,4,0.29688203124999996,0.13,0.1,0.11
QQQ,2026-09-03,2026-09-11,P,650.0,6722,157,0.2963937548828125,0.11,0.1,0.12
QQQ,2026-09-03,2026-09-11,P,651.0,1254,10,0.2924875439453124,0.14,0.1,0.12
QQQ,2026-09-03,2026-09-11,P,652.0,343,3,0.2880930566406249,0.13,0.1,0.12
QQQ,2026-09-03,2026-09-11,P,653.0,759,24,0.28711650390624993,0.15,0.11,0.13
QQQ,2026-09-03,2026-09-11,P,654.0,567,2,0.28321029296874994,0.15,0.11,0.13
QQQ,2026-09-03,2026-09-11,P,655.0,1950,259,0.27930408203124996,0.14,0.11,0.13
QQQ,2026-09-03,2026-09-11,P,656.0,1112,31,0.27539787109374997,0.15,0.12,0.13
QQQ,2026-09-03,2026-09-11,P,657.0,1111,12,0.2739330419921875,0.14,0.12,0.14
QQQ,2026-09-03,2026-09-11,P,658.0,515,81,0.2700268310546875,0.2,0.12,0.14
QQQ,2026-09-03,2026-09-11,P,659.0,393,32,0.26563234375,0.21,0.13,0.14
QQQ,2026-09-03,2026-09-11,P,660.0,2281,239,0.26416751464843746,0.15,0.13,0.15
QQQ,2026-09-03,2026-09-11,P,661.0,322,44,0.2602613037109375,0.17,0.13,0.15
QQQ,2026-09-03,2026-09-11,P,662.0,644,4,0.2563550927734375,0.17,0.13,0.15
QQQ,2026-09-03,2026-09-11,P,663.0,369,80,0.25440198730468755,0.18,0.14,0.16
QQQ,2026-09-03,2026-09-11,P,664.0,428,11,0.25049577636718745,0.18,0.15,0.16
QQQ,2026-09-03,2026-09-11,P,665.0,6884,198,0.2485426708984375,0.16,0.16,0.17
QQQ,2026-09-03,2026-09-11,P,666.0,991,54,0.24414818359375,0.18,0.15,0.17
QQQ,2026-09-03,2026-09-11,P,667.0,404,53,0.242195078125,0.18,0.16,0.18
QQQ,2026-09-03,2026-09-11,P,668.0,610,62,0.23780059082031246,0.21,0.16,0.18
QQQ,2026-09-03,2026-09-11,P,669.0,385,45,0.2356033471679687,0.27,0.17,0.19
QQQ,2026-09-03,2026-09-11,P,670.0,1956,467,0.231452998046875,0.19,0.17,0.19
QQQ,2026-09-03,2026-09-11,P,671.0,605,21,0.22901161621093752,0.21,0.18,0.2
QQQ,2026-09-03,2026-09-11,P,672.0,346,43,0.22657023437499998,0.24,0.19,0.21
QQQ,2026-09-03,2026-09-11,P,673.0,290,38,0.22217574707031246,0.24,0.19,0.21
QQQ,2026-09-03,2026-09-11,P,674.0,606,214,0.21949022705078125,0.25,0.21,0.22
QQQ,2026-09-03,2026-09-11,P,675.0,7458,263,0.21680470703125,0.25,0.22,0.23
QQQ,2026-09-03,2026-09-11,P,676.0,501,41,0.213875048828125,0.28,0.23,0.24
QQQ,2026-09-03,2026-09-11,P,677.0,365,123,0.21094539062499998,0.29,0.24,0.25
QQQ,2026-09-03,2026-09-11,P,678.0,786,19,0.20801573242187496,0.31,0.25,0.26
QQQ,2026-09-03,2026-09-11,P,679.0,845,124,0.2048419360351562,0.27,0.25,0.27
QQQ,2026-09-03,2026-09-11,P,680.0,18982,619,0.20288883056640622,0.29,0.28,0.29
QQQ,2026-09-03,2026-09-11,P,681.0,618,662,0.19947089599609374,0.31,0.28,0.3
QQQ,2026-09-03,2026-09-11,P,682.0,831,1115,0.19727365234375,0.35,0.31,0.32
QQQ,2026-09-03,2026-09-11,P,683.0,376,285,0.19385571777343752,0.34,0.31,0.33
QQQ,2026-09-03,2026-09-11,P,684.0,718,26,0.1914143359375,0.38,0.33,0.35
QQQ,2026-09-03,2026-09-11,P,685.0,2251,903,0.18872881591796875,0.39,0.36,0.37
QQQ,2026-09-03,2026-09-11,P,686.0,354,63,0.1859212268066406,0.41,0.38,0.39
QQQ,2026-09-03,2026-09-11,P,687.0,592,140,0.18384605224609374,0.48,0.41,0.42
QQQ,2026-09-03,2026-09-11,P,688.0,653,152,0.18164880859375,0.49,0.44,0.45
QQQ,2026-09-03,2026-09-11,P,689.0,812,168,0.17993984130859375,0.49,0.47,0.49
QQQ,2026-09-03,2026-09-11,P,690.0,8281,1094,0.17652190673828128,0.5,0.49,0.51
QQQ,2026-09-03,2026-09-11,P,691.0,276,156,0.17383638671875,0.6,0.53,0.54
QQQ,2026-09-03,2026-09-11,P,692.0,609,255,0.17151707397460939,0.58,0.56,0.58
QQQ,2026-09-03,2026-09-11,P,693.0,1007,282,0.16968603759765627,0.63,0.61,0.63
QQQ,2026-09-03,2026-09-11,P,694.0,462,325,0.16687844848632816,0.66,0.65,0.67
QQQ,2026-09-03,2026-09-11,P,695.0,12256,1399,0.1645591357421875,0.72,0.71,0.72
QQQ,2026-09-03,2026-09-11,P,696.0,229,326,0.16248396118164063,0.82,0.76,0.78
QQQ,2026-09-03,2026-09-11,P,697.0,2332,573,0.1601646484375,0.86,0.83,0.84
QQQ,2026-09-03,2026-09-11,P,698.0,681,308,0.15857775024414064,1.05,0.9,0.92
QQQ,2026-09-03,2026-09-11,P,699.0,403,1264,0.15613636840820314,1.0,0.97,0.99
QQQ,2026-09-03,2026-09-11,P,700.0,12910,3122,0.15430533203125002,1.06,1.06,1.08
QQQ,2026-09-03,2026-09-11,P,701.0,624,409,0.15259636474609378,1.22,1.15,1.18
QQQ,2026-09-03,2026-09-11,P,702.0,852,712,0.1508263629150391,1.29,1.26,1.29
QQQ,2026-09-03,2026-09-11,P,703.0,534,756,0.14869015380859374,1.44,1.37,1.4
QQQ,2026-09-03,2026-09-11,P,704.0,550,909,0.14661497924804687,1.51,1.5,1.52
QQQ,2026-09-03,2026-09-11,P,705.0,20074,4590,0.14441773559570312,1.66,1.64,1.65
QQQ,2026-09-03,2026-09-11,P,706.0,551,521,0.1428918719482422,1.9,1.78,1.81
QQQ,2026-09-03,2026-09-11,P,707.0,1025,628,0.1417932501220703,2.09,1.96,2.0
QQQ,2026-09-03,2026-09-11,P,708.0,1089,1017,0.13990117919921874,2.3,2.14,2.18
QQQ,2026-09-03,2026-09-11,P,709.0,782,276,0.1383753155517578,2.38,2.36,2.39
QQQ,2026-09-03,2026-09-11,P,710.0,3515,5259,0.13611703735351563,2.57,2.56,2.59
QQQ,2026-09-03,2026-09-11,P,711.0,746,1570,0.13520151916503909,2.93,2.83,2.86
QQQ,2026-09-03,2026-09-11,P,712.0,1157,1788,0.1334925518798828,3.09,3.09,3.12
QQQ,2026-09-03,2026-09-11,P,713.0,990,651,0.1311732391357422,3.38,3.35,3.38
QQQ,2026-09-03,2026-09-11,P,714.0,812,2460,0.12983047912597656,3.77,3.68,3.7
QQQ,2026-09-03,2026-09-11,P,715.0,3771,3578,0.12903703002929687,4.04,4.03,4.07
QQQ,2026-09-03,2026-09-11,P,716.0,885,1460,0.12784685638427734,4.53,4.38,4.45
QQQ,2026-09-03,2026-09-11,P,717.0,1796,4011,0.12549702636718751,4.8,4.77,4.81
QQQ,2026-09-03,2026-09-11,P,718.0,744,9207,0.12513081909179688,5.24,5.22,5.28
QQQ,2026-09-03,2026-09-11,P,719.0,978,3128,0.12329978271484376,5.7,5.65,5.72
QQQ,2026-09-03,2026-09-11,P,720.0,1848,6219,0.12287254089355469,6.23,6.19,6.25
QQQ,2026-09-03,2026-09-11,P,721.0,257,1661,0.12122460815429686,6.88,6.69,6.76
QQQ,2026-09-03,2026-09-11,P,722.0,265,1370,0.12104150451660156,7.49,7.27,7.36
QQQ,2026-09-03,2026-09-11,P,723.0,538,940,0.1203090899658203,8.5,7.87,7.97
QQQ,2026-09-03,2026-09-11,P,724.0,278,312,0.11774563903808594,9.26,8.44,8.54
QQQ,2026-09-03,2026-09-11,P,725.0,673,2421,0.11805081176757812,9.15,9.15,9.25
QQQ,2026-09-03,2026-09-11,P,726.0,134,139,0.12018702087402343,10.36,9.83,10.05
QQQ,2026-09-03,2026-09-11,P,727.0,86,968,0.11939357177734375,10.83,10.55,10.77
QQQ,2026-09-03,2026-09-11,P,728.0,320,216,0.1137783935546875,11.33,11.25,11.37
QQQ,2026-09-03,2026-09-11,P,729.0,126,86,0.12073633178710938,12.08,12.1,12.38
QQQ,2026-09-03,2026-09-11,P,730.0,887,23,0.11988184814453123,13.2,12.89,13.17
QQQ,2026-09-03,2026-09-11,P,731.0,375,32,0.11811184631347656,13.97,13.67,13.96
QQQ,2026-09-03,2026-09-11,P,732.0,104,2,0.118172880859375,15.79,14.53,14.82
QQQ,2026-09-03,2026-09-11,P,733.0,148,3,0.11890529541015624,15.14,15.41,15.71
QQQ,2026-09-03,2026-09-11,P,734.0,28,2,0.12000391723632811,16.2,16.31,16.62
QQQ,2026-09-03,2026-09-11,P,735.0,31,10,0.1211025390625,25.5,17.24,17.54
QQQ,2026-09-03,2026-09-11,P,736.0,0,1,0.12281150634765625,29.78,18.17,18.48
QQQ,2026-09-03,2026-09-11,P,737.0,0,3,0.12476461181640625,29.13,19.11,19.43
QQQ,2026-09-03,2026-09-11,P,738.0,1,5,0.13086806640624998,20.87,20.12,20.45
QQQ,2026-09-03,2026-09-11,P,739.0,0,1,0.1289149609375,31.39,21.01,21.35
QQQ,2026-09-03,2026-09-11,P,740.0,4,26,0.132821171875,21.85,21.99,22.34
QQQ,2026-09-03,2026-09-11,P,741.0,2,50,0.14405152832031248,34.66,23.06,23.43
QQQ,2026-09-03,2026-09-11,P,742.0,0,1,0.139657041015625,25.2,23.96,24.31
QQQ,2026-09-03,2026-09-11,P,743.0,0,3,0.14405152832031248,26.16,24.96,25.31
QQQ,2026-09-03,2026-09-11,P,745.0,11,20,0.15210808837890627,27.62,26.96,27.3
QQQ,2026-09-03,2026-09-11,P,746.0,0,16,0.15747912841796874,29.07,27.96,28.31
QQQ,2026-09-03,2026-09-11,P,747.0,0,15,0.16089706298828127,30.07,28.96,29.3
QQQ,2026-09-03,2026-09-11,P,748.0,0,15,0.1651694812011719,31.15,29.96,30.3
QQQ,2026-09-03,2026-09-11,P,749.0,0,17,0.1694418994140625,32.05,30.96,31.3
QQQ,2026-09-03,2026-09-11,P,750.0,1,18,0.17383638671875,33.29,31.96,32.3
QQQ,2026-09-03,2026-09-11,P,751.0,0,1,0.17798673583984376,34.09,32.96,33.3
QQQ,2026-09-03,2026-09-11,P,752.0,0,4,0.1981281359863281,35.21,34.01,34.48
QQQ,2026-09-03,2026-09-11,P,753.0,0,1,0.18640950317382812,35.11,34.96,35.3
QQQ,2026-09-03,2026-09-11,P,754.0,0,2,0.26782958740234375,36.08,35.94,37.48
QQQ,2026-09-03,2026-09-11,P,755.0,1,1,0.273444765625,38.11,36.21,38.49
QQQ,2026-09-03,2026-09-11,P,756.0,0,0,0.27857166748046874,39.18,37.94,39.49
QQQ,2026-09-03,2026-09-11,P,757.0,0,0,0.2836985693359374,40.04,38.19,40.49
QQQ,2026-09-03,2026-09-11,P,758.0,0,0,0.28882547119140617,40.95,39.76,41.49
QQQ,2026-09-03,2026-09-11,P,759.0,0,0,0.2912668530273437,41.88,40.16,42.44
QQQ,2026-09-03,2026-09-11,P,760.0,0,1,0.29566134033203123,54.18,40.75,43.43
QQQ,2026-09-03,2026-09-11,P,765.0,0,0,0.35169105346679685,46.9,46.36,49.04
QQQ,2026-09-03,2026-09-11,P,770.0,0,12,0.3794007373046875,52.0,50.95,54.09
QQQ,2026-09-03,2026-09-11,P,775.0,0,2,0.4057676611328125,56.24,56.23,59.12
QQQ,2026-09-03,2026-09-11,P,780.0,0,101,0.4285945812988281,71.51,60.97,64.09
QQQ,2026-09-03,2026-09-11,P,785.0,0,0,0.4495904650878906,69.11,66.12,69.04
QQQ,2026-09-03,2026-09-11,P,790.0,0,50,0.47290566162109376,80.56,70.76,74.04
QQQ,2026-09-03,2026-09-11,P,795.0,0,0,0.4998829309082031,61.46,75.57,79.11
QQQ,2026-09-03,2026-09-18,C,205.0,106,2,2.9160183349609374,512.41,511.01,514.4
QQQ,2026-09-03,2026-09-18,C,210.0,12,2,2.977541618652343,523.45,506.01,509.8
QQQ,2026-09-03,2026-09-18,C,220.0,11,1,2.8144560888671872,501.45,496.04,499.59
QQQ,2026-09-03,2026-09-18,C,225.0,70,20,1.0000000000000003e-05,470.99,481.27,483.2
QQQ,2026-09-03,2026-09-18,C,230.0,1,1,2.7534210852050784,491.55,486.05,489.74
QQQ,2026-09-03,2026-09-18,C,235.0,2,1,2.6074253564453125,475.7,481.01,484.38
QQQ,2026-09-03,2026-09-18,C,240.0,52,50,1.0000000000000003e-05,469.09,466.24,468.32
QQQ,2026-09-03,2026-09-18,C,245.0,13,10,1.0000000000000003e-05,450.8,461.26,463.33
QQQ,2026-09-03,2026-09-18,C,250.0,51,50,1.0000000000000003e-05,459.72,456.35,458.22
QQQ,2026-09-03,2026-09-18,C,255.0,11,1,2.4624061877441403,453.84,461.07,464.51
QQQ,2026-09-03,2026-09-18,C,260.0,2,1,2.5034217102050778,457.34,456.1,459.87
QQQ,2026-09-03,2026-09-18,C,265.0,12,10,1.0000000000000003e-05,431.03,441.31,443.4
QQQ,2026-09-03,2026-09-18,C,270.0,1,1,2.4191934051513666,409.85,446.12,449.88
QQQ,2026-09-03,2026-09-18,C,275.0,47,2,2.2968792578125,443.07,441.06,444.52
QQQ,2026-09-03,2026-09-18,C,280.0,13,4,2.3085979785156248,436.51,436.11,439.75
QQQ,2026-09-03,2026-09-18,C,285.0,15,1,2.2983440979003906,423.68,433.19,436.6
QQQ,2026-09-03,2026-09-18,C,290.0,16,1,1.0000000000000003e-05,408.68,416.4,418.47
QQQ,2026-09-03,2026-09-18,C,295.0,37,50,1.935547197265625,438.45,421.14,423.78
QQQ,2026-09-03,2026-09-18,C,300.0,28,1,2.112797686767578,409.97,416.1,419.56
QQQ,2026-09-03,2026-09-18,C,305.0,4,1,2.1152390869140625,422.13,411.11,414.75
QQQ,2026-09-03,2026-09-18,C,310.0,4,1,1.0000000000000003e-05,383.53,396.45,398.54
QQQ,2026-09-03,2026-09-18,C,315.0,29,11,2.020512761230469,397.29,401.12,404.64
QQQ,2026-09-03,2026-09-18,C,320.0,29,2,1.9775391748046878,413.89,396.13,399.6
QQQ,2026-09-03,2026-09-18,C,325.0,21,10,2.0024464001464843,395.54,391.18,394.92
QQQ,2026-09-03,2026-09-18,C,330.0,32,1,1.9165043237304689,390.76,386.13,389.64
QQQ,2026-09-03,2026-09-18,C,335.0,80,1,1.2109414453124998,374.15,381.21,384.98
QQQ,2026-09-03,2026-09-18,C,340.0,28,2,1.19141029296875,370.82,376.2,379.99
QQQ,2026-09-03,2026-09-18,C,345.0,9,2,1.1328168359375002,373.4,371.17,375.0
QQQ,2026-09-03,2026-09-18,C,350.0,76,1,1.815918889160156,368.7,366.24,369.82
QQQ,2026-09-03,2026-09-18,C,355.0,7,1,1.7854014636230469,363.03,361.18,364.83
QQQ,2026-09-03,2026-09-18,C,360.0,10,1,1.7302259582519532,357.71,356.19,359.69
QQQ,2026-09-03,2026-09-18,C,365.0,37,1,1.1640666796875,362.1,351.24,355.03
QQQ,2026-09-03,2026-09-18,C,370.0,57,5,1.1328168359375002,340.95,346.25,350.01
QQQ,2026-09-03,2026-09-18,C,375.0,21,10,1.0000000000000003e-05,342.27,331.77,333.68
QQQ,2026-09-03,2026-09-18,C,380.0,14,1,1.12891060546875,326.64,336.27,340.05
QQQ,2026-09-03,2026-09-18,C,385.0,22,1,1.0000000000000003e-05,222.02,325.0,329.61
QQQ,2026-09-03,2026-09-18,C,390.0,34,2,1.1015669921875002,328.6,326.29,330.06
QQQ,2026-09-03,2026-09-18,C,395.0,27,1,1.0800827246093752,323.08,321.28,325.07
QQQ,2026-09-03,2026-09-18,C,400.0,502,5,1.0683640332031252,318.0,316.29,320.08
QQQ,2026-09-03,2026-09-18,C,405.0,19,1,1.0429735351562504,307.89,311.26,315.1
QQQ,2026-09-03,2026-09-18,C,410.0,34,1,1.05078599609375,298.43,306.32,310.11
QQQ,2026-09-03,2026-09-18,C,415.0,39,1,1.0000000000000003e-05,288.17,291.81,293.89
QQQ,2026-09-03,2026-09-18,C,420.0,59,1,0.8710950390625,288.32,296.35,299.84
QQQ,2026-09-03,2026-09-18,C,425.0,49,3,0.991211025390625,305.71,291.33,295.11
QQQ,2026-09-03,2026-09-18,C,430.0,66,1,0.96679720703125,277.96,286.31,290.12
QQQ,2026-09-03,2026-09-18,C,435.0,45,4,0.9687503125,277.45,281.37,285.13
QQQ,2026-09-03,2026-09-18,C,440.0,234,1,0.9169930175781251,269.09,276.36,280.04
QQQ,2026-09-03,2026-09-18,C,445.0,45,2,0.936524072265625,274.0,271.38,275.15
QQQ,2026-09-03,2026-09-18,C,450.0,202,3,0.92187578125,256.63,266.39,270.16
QQQ,2026-09-03,2026-09-18,C,455.0,150,2,0.9062509375,260.83,261.4,265.17
QQQ,2026-09-03,2026-09-18,C,460.0,88,1,0.64062859375,247.54,256.35,259.79
QQQ,2026-09-03,2026-09-18,C,465.0,95,1,1.1547893823242186,244.98,251.37,254.73
QQQ,2026-09-03,2026-09-18,C,470.0,156,1,0.860352958984375,239.47,246.43,250.2
QQQ,2026-09-03,2026-09-18,C,475.0,248,1,0.840821904296875,237.08,241.43,245.2
QQQ,2026-09-03,2026-09-18,C,480.0,161,4,0.7861349511718749,238.05,236.44,240.03
QQQ,2026-09-03,2026-09-18,C,485.0,165,1,0.813478427734375,232.96,231.46,235.23
QQQ,2026-09-03,2026-09-18,C,490.0,436,1,0.9389654541015625,230.65,226.47,229.0
QQQ,2026-09-03,2026-09-18,C,495.0,122,1,0.6757844921875001,212.06,221.42,224.87
QQQ,2026-09-03,2026-09-18,C,500.0,381,2,0.6660189648437502,209.9,216.43,219.88
QQQ,2026-09-03,2026-09-18,C,505.0,170,5,0.6562534375000001,214.26,211.44,214.89
QQQ,2026-09-03,2026-09-18,C,510.0,249,1,0.6728548339843752,201.48,206.45,210.0
QQQ,2026-09-03,2026-09-18,C,515.0,237,5,0.6289099609375001,201.04,201.46,204.89
QQQ,2026-09-03,2026-09-18,C,520.0,131,1,0.64062859375,188.47,196.51,199.95
QQQ,2026-09-03,2026-09-18,C,525.0,833,1,0.6210975390625001,194.13,191.53,194.92
QQQ,2026-09-03,2026-09-18,C,530.0,347,1,0.6064492480468751,188.17,186.52,189.94
QQQ,2026-09-03,2026-09-18,C,535.0,123,1,0.6132851171875001,181.37,181.54,185.05
QQQ,2026-09-03,2026-09-18,C,540.0,598,14,0.659183095703125,179.66,176.56,180.55
QQQ,2026-09-03,2026-09-18,C,545.0,261,1,0.6425816992187501,174.6,171.58,175.55
QQQ,2026-09-03,2026-09-18,C,550.0,665,9,0.5312546875,167.65,166.53,169.89
QQQ,2026-09-03,2026-09-18,C,555.0,286,1,0.6113320117187502,160.25,161.61,165.59
QQQ,2026-09-03,2026-09-18,C,560.0,4456,6,0.5346726220703125,157.74,156.56,160.08
QQQ,2026-09-03,2026-09-18,C,565.0,637,3,0.52539537109375,152.88,151.64,155.06
QQQ,2026-09-03,2026-09-18,C,570.0,2820,7,0.5551802294921876,147.88,146.59,150.6
QQQ,2026-09-03,2026-09-18,C,575.0,1614,1,0.53320779296875,145.15,141.6,145.54
QQQ,2026-09-03,2026-09-18,C,580.0,1239,4,0.5002491381835938,138.67,136.68,140.28
QQQ,2026-09-03,2026-09-18,C,585.0,2973,2,0.6372106591796876,133.79,131.65,135.07
QQQ,2026-09-03,2026-09-18,C,590.0,4836,2,0.6285437536621095,127.9,126.67,130.27
QQQ,2026-09-03,2026-09-18,C,595.0,3963,5,0.5975382043457032,114.6,121.76,125.12
QQQ,2026-09-03,2026-09-18,C,600.0,6019,4,0.5898478515625001,120.6,116.78,120.35
QQQ,2026-09-03,2026-09-18,C,605.0,1408,3,0.5798381860351562,103.2,111.78,115.56
QQQ,2026-09-03,2026-09-18,C,610.0,12980,1,0.5380905566406251,108.3,106.84,110.2
QQQ,2026-09-03,2026-09-18,C,615.0,6719,26,0.5258836474609375,105.77,101.85,105.37
QQQ,2026-09-03,2026-09-18,C,620.0,3687,9,0.5169726037597657,98.62,96.88,100.62
QQQ,2026-09-03,2026-09-18,C,625.0,4598,6,0.4796804962158203,93.7,91.92,95.31
QQQ,2026-09-03,2026-09-18,C,630.0,10170,2,0.4679008288574219,88.46,86.92,90.51
QQQ,2026-09-03,2026-09-18,C,635.0,3211,9,0.43182941223144533,83.9,82.0,85.21
QQQ,2026-09-03,2026-09-18,C,640.0,5023,28,0.43774976318359377,80.49,78.06,80.82
QQQ,2026-09-03,2026-09-18,C,645.0,9120,1,0.41797457031249996,75.36,72.07,75.88
QQQ,2026-09-03,2026-09-18,C,650.0,7178,8,0.4009459320068359,69.22,67.52,71.02
QQQ,2026-09-03,2026-09-18,C,651.0,113,3,0.3786683227539062,70.3,66.18,69.57
QQQ,2026-09-03,2026-09-18,C,652.0,69,1,0.3899597137451172,66.44,65.22,68.97
QQQ,2026-09-03,2026-09-18,C,653.0,56,1,0.38660281372070304,77.35,64.23,68.0
QQQ,2026-09-03,2026-09-18,C,654.0,80,2,0.38867798828125,66.67,63.25,67.18
QQQ,2026-09-03,2026-09-18,C,655.0,4895,14,0.3789734954833984,64.05,62.24,66.04
QQQ,2026-09-03,2026-09-18,C,656.0,77,1,0.36926900268554685,65.84,61.22,64.9
QQQ,2026-09-03,2026-09-18,C,657.0,21,2,0.3742128009033203,63.56,60.24,64.16
QQQ,2026-09-03,2026-09-18,C,658.0,54,2,0.3653017572021484,50.3,59.3,63.04
QQQ,2026-09-03,2026-09-18,C,659.0,92,2,0.3501041552734374,53.59,58.28,61.75
QQQ,2026-09-03,2026-09-18,C,660.0,24060,16,0.3478458770751953,59.09,57.33,60.81
QQQ,2026-09-03,2026-09-18,C,661.0,46,1,0.3609072698974609,52.99,56.35,60.31
QQQ,2026-09-03,2026-09-18,C,662.0,199,1,0.3572451971435546,57.83,55.4,59.34
QQQ,2026-09-03,2026-09-18,C,663.0,109,1,0.3532779516601562,50.83,54.42,58.36
QQQ,2026-09-03,2026-09-18,C,664.0,47,1,0.3452213916015625,57.43,53.44,57.26
QQQ,2026-09-03,2026-09-18,C,665.0,2754,1,0.33789724609375,55.6,52.4,56.18
QQQ,2026-09-03,2026-09-18,C,666.0,160,4,0.3398503515625,48.58,51.47,55.38
QQQ,2026-09-03,2026-09-18,C,667.0,85,3,0.33765310791015624,48.58,50.52,54.46
QQQ,2026-09-03,2026-09-18,C,668.0,46,1,0.31830515686035155,48.44,49.54,53.01
QQQ,2026-09-03,2026-09-18,C,669.0,69,1,0.33008482421874996,42.7,48.52,52.52
QQQ,2026-09-03,2026-09-18,C,670.0,10841,4,0.2695385546875,49.41,47.55,49.91
QQQ,2026-09-03,2026-09-18,C,671.0,179,1,0.32080757324218745,48.43,48.23,50.53
QQQ,2026-09-03,2026-09-18,C,672.0,24,1,0.2628857891845704,47.88,45.67,47.96
QQQ,2026-09-03,2026-09-18,C,673.0,81,1,0.30878376770019533,42.28,46.23,48.45
QQQ,2026-09-03,2026-09-18,C,674.0,66,8,0.3051827294921875,48.23,43.67,47.49
QQQ,2026-09-03,2026-09-18,C,675.0,10557,33,0.30152065673828127,45.19,44.39,46.53
QQQ,2026-09-03,2026-09-18,C,676.0,72,1,0.29932341308593746,43.36,41.75,45.62
QQQ,2026-09-03,2026-09-18,C,677.0,118,58,0.29560030578613283,34.05,42.48,44.66
QQQ,2026-09-03,2026-09-18,C,678.0,160,1,0.2923654748535155,38.42,39.86,43.72
QQQ,2026-09-03,2026-09-18,C,679.0,112,1,0.2418899053955078,37.57,38.97,41.23
QQQ,2026-09-03,2026-09-18,C,680.0,15889,28,0.23871610900878903,39.93,39.8,40.27
QQQ,2026-09-03,2026-09-18,C,681.0,183,4,0.23712921081542968,37.85,37.07,39.36
QQQ,2026-09-03,2026-09-18,C,682.0,152,3,0.23419955261230468,36.19,37.86,38.41
QQQ,2026-09-03,2026-09-18,C,683.0,313,1,0.22864540893554688,36.89,36.97,37.38
QQQ,2026-09-03,2026-09-18,C,684.0,298,1,0.22431195617675775,35.93,35.82,36.39
QQQ,2026-09-03,2026-09-18,C,685.0,12550,18,0.22187057434082028,35.36,34.89,35.46
QQQ,2026-09-03,2026-09-18,C,686.0,163,3,0.21991746887207028,34.01,34.09,34.55
QQQ,2026-09-03,2026-09-18,C,687.0,309,3,0.21692677612304687,36.1,33.04,33.61
QQQ,2026-09-03,2026-09-18,C,688.0,372,2,0.21674367248535154,32.82,32.36,32.77
QQQ,2026-09-03,2026-09-18,C,689.0,204,1,0.21274590972900392,32.86,31.22,31.8
QQQ,2026-09-03,2026-09-18,C,690.0,14592,17,0.2039874523925781,30.47,30.24,30.66
QQQ,2026-09-03,2026-09-18,C,691.0,320,1,0.2104571142578125,30.59,27.83,30.08
QQQ,2026-09-03,2026-09-18,C,692.0,192,1,0.20880918151855465,28.73,26.93,29.21
QQQ,2026-09-03,2026-09-18,C,693.0,1016,1,0.24408714904785156,28.58,27.76,29.9
QQQ,2026-09-03,2026-09-18,C,694.0,2181,4,0.2036212451171875,27.83,25.15,27.41
QQQ,2026-09-03,2026-09-18,C,695.0,3534,29,0.19867744689941402,25.66,25.91,26.42
QQQ,2026-09-03,2026-09-18,C,696.0,240,48,0.2277604080200195,23.17,23.34,26.92
QQQ,2026-09-03,2026-09-18,C,697.0,326,6,0.1979450323486328,24.93,24.29,24.84
QQQ,2026-09-03,2026-09-18,C,698.0,1350,118,0.19568675415039063,18.6,23.44,23.98
QQQ,2026-09-03,2026-09-18,C,699.0,295,4,0.19196364685058598,23.7,22.56,23.06
QQQ,2026-09-03,2026-09-18,C,700.0,30072,235,0.18985795501708985,22.14,21.92,22.22
QQQ,2026-09-03,2026-09-18,C,701.0,539,11,0.18759967681884765,22.16,20.95,21.38
QQQ,2026-09-03,2026-09-18,C,702.0,612,8,0.18561605407714843,21.3,20.13,20.56
QQQ,2026-09-03,2026-09-18,C,703.0,219,1,0.18586019226074219,19.8,19.33,19.86
QQQ,2026-09-03,2026-09-18,C,704.0,320,13,0.18189294677734374,18.2,18.62,18.96
QQQ,2026-09-03,2026-09-18,C,705.0,15152,213,0.17993984130859375,17.74,17.82,18.17
QQQ,2026-09-03,2026-09-18,C,706.0,541,2,0.1783529431152344,18.55,17.07,17.41
QQQ,2026-09-03,2026-09-18,C,707.0,267,11,0.1765829412841797,17.2,16.31,16.65
QQQ,2026-09-03,2026-09-18,C,708.0,915,25,0.17328707580566405,15.56,15.44,15.82
QQQ,2026-09-03,2026-09-18,C,709.0,772,3,0.17221897125244146,14.67,15.0,15.12
QQQ,2026-09-03,2026-09-18,C,710.0,42277,594,0.17035741760253909,14.14,14.27,14.39
QQQ,2026-09-03,2026-09-18,C,711.0,1191,49,0.16843482940673832,13.3,13.57,13.67
QQQ,2026-09-03,2026-09-18,C,712.0,1297,108,0.16718362121582034,12.6,12.89,13.0
QQQ,2026-09-03,2026-09-18,C,713.0,1333,628,0.16602396484375004,12.15,12.25,12.35
QQQ,2026-09-03,2026-09-18,C,714.0,879,322,0.16458965301513673,11.28,11.59,11.7
QQQ,2026-09-03,2026-09-18,C,715.0,14137,1930,0.16254499572753905,11.01,10.92,11.03
QQQ,2026-09-03,2026-09-18,C,716.0,940,819,0.16144637390136718,10.26,10.33,10.43
QQQ,2026-09-03,2026-09-18,C,717.0,3826,725,0.1595543029785156,9.73,9.71,9.8
QQQ,2026-09-03,2026-09-18,C,718.0,966,691,0.15821154296875,9.11,9.13,9.22
QQQ,2026-09-03,2026-09-18,C,719.0,4563,525,0.15747912841796874,8.45,8.6,8.69
QQQ,2026-09-03,2026-09-18,C,720.0,22352,6688,0.15589223022460938,8.12,8.1,8.13
QQQ,2026-09-03,2026-09-18,C,721.0,1879,642,0.15485464294433599,7.4,7.56,7.62
QQQ,2026-09-03,2026-09-18,C,722.0,1514,212,0.15369498657226563,6.68,7.06,7.12
QQQ,2026-09-03,2026-09-18,C,723.0,1223,230,0.15293205474853522,6.47,6.58,6.66
QQQ,2026-09-03,2026-09-18,C,724.0,1340,290,0.15146722564697268,6.0,6.13,6.18
QQQ,2026-09-03,2026-09-18,C,725.0,28018,4001,0.15058222473144534,5.72,5.71,5.75
QQQ,2026-09-03,2026-09-18,C,726.0,1630,246,0.149697223815918,5.27,5.27,5.34
QQQ,2026-09-03,2026-09-18,C,727.0,785,230,0.1484765328979492,4.74,4.88,4.93
QQQ,2026-09-03,2026-09-18,C,728.0,1206,432,0.147469462890625,4.51,4.5,4.55
QQQ,2026-09-03,2026-09-18,C,729.0,1563,238,0.14649291015625,4.16,4.15,4.19
QQQ,2026-09-03,2026-09-18,C,730.0,40884,4821,0.145516357421875,3.85,3.82,3.85
QQQ,2026-09-03,2026-09-18,C,731.0,1105,355,0.1450280810546875,3.36,3.5,3.55
QQQ,2026-09-03,2026-09-18,C,732.0,647,201,0.14460083923339845,3.15,3.21,3.27
QQQ,2026-09-03,2026-09-18,C,733.0,5443,787,0.1433801483154297,2.82,2.93,2.97
QQQ,2026-09-03,2026-09-18,C,734.0,13033,7976,0.14264773376464845,2.67,2.67,2.71
QQQ,2026-09-03,2026-09-18,C,735.0,15725,3486,0.1419763537597656,2.46,2.44,2.47
QQQ,2026-09-03,2026-09-18,C,736.0,1823,114,0.1414270428466797,2.15,2.22,2.25
QQQ,2026-09-03,2026-09-18,C,737.0,1308,295,0.1408166973876953,1.94,2.0,2.04
QQQ,2026-09-03,2026-09-18,C,738.0,1970,407,0.14057255920410155,1.75,1.82,1.86
QQQ,2026-09-03,2026-09-18,C,739.0,1200,200,0.14026738647460937,1.65,1.64,1.69
QQQ,2026-09-03,2026-09-18,C,740.0,34004,2451,0.1392908337402344,1.46,1.48,1.51
QQQ,2026-09-03,2026-09-18,C,741.0,1859,324,0.13910773010253907,1.34,1.34,1.37
QQQ,2026-09-03,2026-09-18,C,742.0,903,160,0.13855841918945314,1.16,1.2,1.23
QQQ,2026-09-03,2026-09-18,C,743.0,996,141,0.1383753155517578,1.08,1.08,1.11
QQQ,2026-09-03,2026-09-18,C,744.0,926,252,0.1381922119140625,0.97,0.97,1.0
QQQ,2026-09-03,2026-09-18,C,745.0,17391,764,0.1380091082763672,0.87,0.87,0.9
QQQ,2026-09-03,2026-09-18,C,746.0,1088,215,0.13709359008789065,0.77,0.77,0.79
QQQ,2026-09-03,2026-09-18,C,747.0,870,173,0.13697152099609378,0.7,0.69,0.71
QQQ,2026-09-03,2026-09-18,C,748.0,1124,313,0.13709359008789065,0.62,0.62,0.64
QQQ,2026-09-03,2026-09-18,C,749.0,3306,223,0.13636117553710939,0.54,0.55,0.56
QQQ,2026-09-03,2026-09-18,C,750.0,50885,1764,0.1374597973632813,0.5,0.5,0.52
QQQ,2026-09-03,2026-09-18,C,751.0,894,219,0.13709359008789065,0.43,0.44,0.46
QQQ,2026-09-03,2026-09-18,C,752.0,685,100,0.13770393554687502,0.38,0.4,0.42
QQQ,2026-09-03,2026-09-18,C,753.0,927,165,0.13672738281250002,0.36,0.34,0.36
QQQ,2026-09-03,2026-09-18,C,754.0,8960,149,0.1374597973632813,0.29,0.32,0.33
QQQ,2026-09-03,2026-09-18,C,755.0,23947,164,0.13721565917968753,0.29,0.27,0.29
QQQ,2026-09-03,2026-09-18,C,756.0,415,1,0.13843635009765626,0.24,0.25,0.27
QQQ,2026-09-03,2026-09-18,C,757.0,560,90,0.13941290283203128,0.24,0.22,0.25
QQQ,2026-09-03,2026-09-18,C,758.0,846,7,0.13916876464843753,0.22,0.2,0.22
QQQ,2026-09-03,2026-09-18,C,759.0,575,171,0.13990117919921874,0.22,0.18,0.2
QQQ,2026-09-03,2026-09-18,C,760.0,30001,538,0.1401453173828125,0.17,0.16,0.18
QQQ,2026-09-03,2026-09-18,C,765.0,13050,1212,0.14478394287109375,0.12,0.1,0.12
QQQ,2026-09-03,2026-09-18,C,770.0,14567,91,0.1489342919921875,0.07,0.07,0.08
QQQ,2026-09-03,2026-09-18,C,775.0,21250,1053,0.15528188476562502,0.06,0.05,0.06
QQQ,2026-09-03,2026-09-18,C,780.0,9182,69,0.16309430664062502,0.03,0.03,0.05
QQQ,2026-09-03,2026-09-18,C,785.0,2794,148,0.165047412109375,0.03,0.02,0.03
QQQ,2026-09-03,2026-09-18,C,790.0,32609,89,0.1757894921875,0.03,0.01,0.03
QQQ,2026-09-03,2026-09-18,C,795.0,5689,23,0.18555501953124998,0.02,0.01,0.03
QQQ,2026-09-03,2026-09-18,C,800.0,58481,685,0.188484677734375,0.01,0.01,0.02
QQQ,2026-09-03,2026-09-18,C,805.0,31354,17,0.20606262695312497,0.03,0.0,0.03
QQQ,2026-09-03,2026-09-18,C,810.0,7755,1,0.20703917968749996,0.02,0.0,0.02
QQQ,2026-09-03,2026-09-18,C,815.0,3135,3,0.21680470703125,0.04,0.01,0.02
QQQ,2026-09-03,2026-09-18,C,820.0,16331,19,0.22657023437499998,0.02,0.0,0.02
QQQ,2026-09-03,2026-09-18,C,825.0,1764,4,0.23633576171874998,0.02,0.01,0.02
QQQ,2026-09-03,2026-09-18,C,830.0,10229,1,0.2461012890625,0.01,0.0,0.02
QQQ,2026-09-03,2026-09-18,C,835.0,4136,1,0.25391371093750004,0.01,0.0,0.02
QQQ,2026-09-03,2026-09-18,C,840.0,17756,32,0.26367923828125,0.01,0.0,0.02
QQQ,2026-09-03,2026-09-18,C,845.0,1508,6,0.273444765625,0.02,0.0,0.02
QQQ,2026-09-03,2026-09-18,C,850.0,20076,103,0.26563234375,0.01,0.0,0.01
QQQ,2026-09-03,2026-09-18,C,855.0,2121,1,0.2910227148437499,0.01,0.0,0.02
QQQ,2026-09-03,2026-09-18,C,860.0,2059,5,0.29883513671874995,0.01,0.0,0.02
QQQ,2026-09-03,2026-09-18,C,865.0,638,8,0.3086006640625,0.01,0.0,0.02
QQQ,2026-09-03,2026-09-18,C,870.0,20510,2,0.31641308593749995,0.02,0.0,0.02
QQQ,2026-09-03,2026-09-18,C,875.0,2291,25,0.3242255078124999,0.03,0.0,0.02
QQQ,2026-09-03,2026-09-18,C,880.0,1429,1,0.33399103515625,0.02,0.0,0.02
QQQ,2026-09-03,2026-09-18,C,885.0,1057,10,0.34180345703125,0.01,0.0,0.02
QQQ,2026-09-03,2026-09-18,C,890.0,1160,3,0.35156898437499995,0.02,0.0,0.02
QQQ,2026-09-03,2026-09-18,C,895.0,537,6,0.35938140625,0.02,0.0,0.02
QQQ,2026-09-03,2026-09-18,C,900.0,29047,1,0.367193828125,0.01,0.0,0.02
QQQ,2026-09-03,2026-09-18,C,905.0,827,5,0.37500625,0.02,0.0,0.02
QQQ,2026-09-03,2026-09-18,C,910.0,2075,1,0.38281867187499996,0.03,0.0,0.02
QQQ,2026-09-03,2026-09-18,C,915.0,15375,3,0.39063109375,0.03,0.0,0.02
QQQ,2026-09-03,2026-09-18,C,920.0,1193,1,0.398443515625,0.05,0.0,0.02
QQQ,2026-09-03,2026-09-18,C,925.0,10742,1,0.4062559375,0.01,0.0,0.02
QQQ,2026-09-03,2026-09-18,C,930.0,566,40,0.414068359375,0.06,0.0,0.02
QQQ,2026-09-03,2026-09-18,C,935.0,274,6,0.42188078125,0.04,0.0,0.02
QQQ,2026-09-03,2026-09-18,C,940.0,756,36,0.42969320312500003,0.01,0.0,0.02
QQQ,2026-09-03,2026-09-18,C,945.0,411,44,0.437505625,0.01,0.0,0.02
QQQ,2026-09-03,2026-09-18,C,950.0,1301,3,0.445318046875,0.02,0.0,0.02
QQQ,2026-09-03,2026-09-18,C,955.0,679,11,0.42969320312500003,0.01,0.0,0.01
QQQ,2026-09-03,2026-09-18,C,960.0,1728,32,0.437505625,0.01,0.0,0.01
QQQ,2026-09-03,2026-09-18,C,965.0,193,5,0.445318046875,0.08,0.0,0.01
QQQ,2026-09-03,2026-09-18,C,970.0,252,100,0.45313046875,0.11,0.0,0.01
QQQ,2026-09-03,2026-09-18,C,975.0,270,1,0.46094289062500005,0.03,0.0,0.01
QQQ,2026-09-03,2026-09-18,C,980.0,1043,1,0.46484910156250003,0.02,0.0,0.01
QQQ,2026-09-03,2026-09-18,C,985.0,220,2,0.4687553125,0.03,0.0,0.01
QQQ,2026-09-03,2026-09-18,C,990.0,2082,150,0.476567734375,0.02,0.0,0.01
QQQ,2026-09-03,2026-09-18,C,995.0,163,2,0.48438015625,0.04,0.0,0.01
QQQ,2026-09-03,2026-09-18,C,1000.0,19831,116,0.49219257812500006,0.01,0.0,0.01
QQQ,2026-09-03,2026-09-18,C,1005.0,2,0,0.500005,0.04,0.0,0.02
QQQ,2026-09-03,2026-09-18,C,1010.0,118,113,0.507817421875,0.06,0.0,0.01
QQQ,2026-09-03,2026-09-18,C,1020.0,46,2,0.500005,0.02,0.0,0.01
QQQ,2026-09-03,2026-09-18,C,1030.0,82,1,0.5312546875,0.1,0.0,0.02
QQQ,2026-09-03,2026-09-18,C,1040.0,59,1,0.5468795312500001,0.02,0.0,0.02
QQQ,2026-09-03,2026-09-18,C,1050.0,1301,817,0.5312546875,0.06,0.0,0.01
QQQ,2026-09-03,2026-09-18,C,1060.0,236,1,0.570316796875,0.04,0.0,0.02
QQQ,2026-09-03,2026-09-18,C,1065.0,1001,1,0.5468795312500001,0.05,0.0,0.01
QQQ,2026-09-03,2026-09-18,C,1070.0,318,20,0.5625043750000001,0.03,0.0,0.01
QQQ,2026-09-03,2026-09-18,C,1080.0,68,2,0.5625043750000001,0.05,0.0,0.01
QQQ,2026-09-03,2026-09-18,C,1085.0,242,236,0.57812921875,0.05,0.0,0.01
QQQ,2026-09-03,2026-09-18,C,1090.0,724,50,0.57812921875,0.01,0.0,0.01
QQQ,2026-09-03,2026-09-18,C,1100.0,7833,1,0.5937540625000001,0.02,0.0,0.01
QQQ,2026-09-03,2026-09-18,P,205.0,4748,1,1.71875140625,0.01,0.0,0.01
QQQ,2026-09-03,2026-09-18,P,210.0,1598,5,1.6875015625,0.02,0.0,0.01
QQQ,2026-09-03,2026-09-18,P,215.0,1197,5,1.65625171875,0.01,0.0,0.01
QQQ,2026-09-03,2026-09-18,P,220.0,1952,10,1.625001875,0.03,0.0,0.01
QQQ,2026-09-03,2026-09-18,P,225.0,566,3,1.5937520312499998,0.02,0.0,0.01
QQQ,2026-09-03,2026-09-18,P,230.0,635,1,1.625001875,0.02,0.0,0.02
QQQ,2026-09-03,2026-09-18,P,235.0,136,2,1.5937520312499998,0.02,0.0,0.02
QQQ,2026-09-03,2026-09-18,P,240.0,1361,850,1.5781271093749998,0.01,0.0,0.02
QQQ,2026-09-03,2026-09-18,P,245.0,746,1,1.5468772656249998,0.02,0.0,0.02
QQQ,2026-09-03,2026-09-18,P,250.0,2807,1,1.5156274218749999,0.03,0.0,0.02
QQQ,2026-09-03,2026-09-18,P,255.0,1004,9,1.5000025,0.01,0.0,0.02
QQQ,2026-09-03,2026-09-18,P,260.0,460,4,1.46875265625,0.02,0.0,0.02
QQQ,2026-09-03,2026-09-18,P,265.0,596,100,1.4375028125,0.01,0.0,0.02
QQQ,2026-09-03,2026-09-18,P,270.0,982,4,1.3437532812499997,0.01,0.0,0.01
QQQ,2026-09-03,2026-09-18,P,275.0,640,1,1.3906280468749999,0.02,0.0,0.02
QQQ,2026-09-03,2026-09-18,P,280.0,1386,4,1.359378203125,0.02,0.0,0.02
QQQ,2026-09-03,2026-09-18,P,285.0,806,5,1.3437532812499997,0.01,0.0,0.02
QQQ,2026-09-03,2026-09-18,P,290.0,1202,300,1.3125034374999998,0.01,0.0,0.02
QQQ,2026-09-03,2026-09-18,P,295.0,1210,106,1.2812535937499998,0.02,0.0,0.02
QQQ,2026-09-03,2026-09-18,P,300.0,3786,13,1.2656286718749998,0.01,0.0,0.02
QQQ,2026-09-03,2026-09-18,P,305.0,1272,2,1.2343788281249999,0.04,0.0,0.02
QQQ,2026-09-03,2026-09-18,P,310.0,1360,2,1.21875390625,0.04,0.0,0.02
QQQ,2026-09-03,2026-09-18,P,315.0,1529,4,1.203128984375,0.02,0.0,0.02
QQQ,2026-09-03,2026-09-18,P,320.0,1834,30,1.171879140625,0.03,0.0,0.02
QQQ,2026-09-03,2026-09-18,P,325.0,1115,1,1.15625421875,0.03,0.0,0.02
QQQ,2026-09-03,2026-09-18,P,330.0,1635,32,1.125004375,0.04,0.0,0.02
QQQ,2026-09-03,2026-09-18,P,335.0,1441,20,1.109379453125,0.05,0.0,0.02
QQQ,2026-09-03,2026-09-18,P,340.0,1920,2,1.09375453125,0.03,0.0,0.02
QQQ,2026-09-03,2026-09-18,P,345.0,656,10,1.0625046875000002,0.03,0.0,0.02
QQQ,2026-09-03,2026-09-18,P,350.0,744,100,1.000005,0.04,0.0,0.01
QQQ,2026-09-03,2026-09-18,P,355.0,510,1,1.0312548437500002,0.03,0.0,0.02
QQQ,2026-09-03,2026-09-18,P,360.0,1178,20,1.015629921875,0.02,0.0,0.02
QQQ,2026-09-03,2026-09-18,P,365.0,1995,6,0.98437515625,0.02,0.0,0.02
QQQ,2026-09-03,2026-09-18,P,370.0,962,100,0.9687503125,0.02,0.0,0.02
QQQ,2026-09-03,2026-09-18,P,375.0,2084,2,0.9531254687499999,0.03,0.0,0.02
QQQ,2026-09-03,2026-09-18,P,380.0,816,12,0.9609378906249999,0.03,0.0,0.03
QQQ,2026-09-03,2026-09-18,P,385.0,363,1,0.945313046875,0.02,0.0,0.03
QQQ,2026-09-03,2026-09-18,P,390.0,9596,1437,0.92187578125,0.01,0.0,0.03
QQQ,2026-09-03,2026-09-18,P,395.0,3217,1424,0.9062509375,0.01,0.0,0.03
QQQ,2026-09-03,2026-09-18,P,400.0,27744,10,0.8906260937499999,0.01,0.0,0.03
QQQ,2026-09-03,2026-09-18,P,405.0,383,1,0.87500125,0.05,0.01,0.02
QQQ,2026-09-03,2026-09-18,P,410.0,9701,70,0.851563984375,0.03,0.0,0.03
QQQ,2026-09-03,2026-09-18,P,415.0,943,2,0.8359391406249999,0.03,0.01,0.02
QQQ,2026-09-03,2026-09-18,P,420.0,8393,100,0.8203142968749999,0.02,0.01,0.02
QQQ,2026-09-03,2026-09-18,P,425.0,1788,8,0.8203142968749999,0.04,0.01,0.03
QQQ,2026-09-03,2026-09-18,P,430.0,6011,1,0.804689453125,0.03,0.01,0.03
QQQ,2026-09-03,2026-09-18,P,435.0,1063,1,0.7851583984375,0.05,0.01,0.03
QQQ,2026-09-03,2026-09-18,P,440.0,5931,5,0.7695335546875001,0.03,0.01,0.03
QQQ,2026-09-03,2026-09-18,P,445.0,1505,401,0.7656273437500001,0.03,0.01,0.04
QQQ,2026-09-03,2026-09-18,P,450.0,16358,1,0.7617211328125001,0.02,0.02,0.04
QQQ,2026-09-03,2026-09-18,P,455.0,1618,2,0.73437765625,0.11,0.01,0.04
QQQ,2026-09-03,2026-09-18,P,460.0,10622,246,0.7148466015625,0.03,0.01,0.04
QQQ,2026-09-03,2026-09-18,P,465.0,1003,350,0.6992217578125001,0.03,0.01,0.04
QQQ,2026-09-03,2026-09-18,P,470.0,2209,4,0.6953155468750001,0.03,0.02,0.04
QQQ,2026-09-03,2026-09-18,P,475.0,8352,68,0.6796907031250001,0.05,0.02,0.04
QQQ,2026-09-03,2026-09-18,P,480.0,6456,1,0.6718782812500002,0.03,0.02,0.05
QQQ,2026-09-03,2026-09-18,P,485.0,3341,23,0.6562534375000001,0.06,0.02,0.05
QQQ,2026-09-03,2026-09-18,P,490.0,6198,1,0.64062859375,0.03,0.02,0.05
QQQ,2026-09-03,2026-09-18,P,495.0,1609,20,0.63086306640625,0.03,0.03,0.05
QQQ,2026-09-03,2026-09-18,P,500.0,17628,1593,0.6152382226562501,0.04,0.03,0.05
QQQ,2026-09-03,2026-09-18,P,505.0,2551,121,0.6054726953125001,0.03,0.03,0.06
QQQ,2026-09-03,2026-09-18,P,510.0,6666,84,0.5898478515625001,0.04,0.03,0.06
QQQ,2026-09-03,2026-09-18,P,515.0,3499,16,0.5800823242187501,0.06,0.04,0.06
QQQ,2026-09-03,2026-09-18,P,520.0,7904,330,0.5644574804687501,0.05,0.04,0.06
QQQ,2026-09-03,2026-09-18,P,525.0,4903,150,0.5488326367187502,0.05,0.04,0.06
QQQ,2026-09-03,2026-09-18,P,530.0,13635,4,0.5390671093750001,0.06,0.05,0.06
QQQ,2026-09-03,2026-09-18,P,535.0,11890,1,0.53320779296875,0.06,0.05,0.08
QQQ,2026-09-03,2026-09-18,P,540.0,12337,23,0.5214891601562499,0.06,0.06,0.08
QQQ,2026-09-03,2026-09-18,P,545.0,6239,14,0.50586431640625,0.08,0.06,0.08
QQQ,2026-09-03,2026-09-18,P,550.0,32079,16,0.5039112109375,0.08,0.07,0.09
QQQ,2026-09-03,2026-09-18,P,555.0,8879,3,0.4931691308593751,0.08,0.08,0.1
QQQ,2026-09-03,2026-09-18,P,560.0,19844,283,0.477544287109375,0.1,0.08,0.1
QQQ,2026-09-03,2026-09-18,P,565.0,12508,27,0.467778759765625,0.11,0.09,0.11
QQQ,2026-09-03,2026-09-18,P,570.0,74211,2,0.45606012695312503,0.11,0.1,0.12
QQQ,2026-09-03,2026-09-18,P,575.0,18448,30,0.445318046875,0.12,0.11,0.13
QQQ,2026-09-03,2026-09-18,P,580.0,18248,10,0.4331111376953125,0.13,0.12,0.14
QQQ,2026-09-03,2026-09-18,P,585.0,9753,3,0.42090422851562503,0.14,0.13,0.15
QQQ,2026-09-03,2026-09-18,P,590.0,25855,147,0.4116269775390625,0.15,0.15,0.17
QQQ,2026-09-03,2026-09-18,P,595.0,13016,26,0.39893179199218753,0.17,0.17,0.18
QQQ,2026-09-03,2026-09-18,P,600.0,54674,288,0.38867798828125,0.19,0.18,0.2
QQQ,2026-09-03,2026-09-18,P,605.0,23376,24,0.37744763183593744,0.21,0.2,0.22
QQQ,2026-09-03,2026-09-18,P,610.0,20780,1553,0.3676821044921875,0.26,0.23,0.25
QQQ,2026-09-03,2026-09-18,P,615.0,22317,48,0.35547519531249994,0.25,0.25,0.27
QQQ,2026-09-03,2026-09-18,P,620.0,41056,204,0.34278000976562495,0.29,0.27,0.29
QQQ,2026-09-03,2026-09-18,P,625.0,14389,70,0.3315496533203125,0.32,0.3,0.32
QQQ,2026-09-03,2026-09-18,P,630.0,38131,152,0.3193427441406249,0.36,0.34,0.35
QQQ,2026-09-03,2026-09-18,P,635.0,10677,62,0.30811238769531246,0.41,0.38,0.39
QQQ,2026-09-03,2026-09-18,P,640.0,15988,92,0.29614961669921874,0.44,0.41,0.43
QQQ,2026-09-03,2026-09-18,P,645.0,10938,21,0.28443098388671867,0.5,0.47,0.48
QQQ,2026-09-03,2026-09-18,P,650.0,42500,1648,0.27295648925781246,0.54,0.53,0.54
QQQ,2026-09-03,2026-09-18,P,651.0,1168,60,0.2703930383300781,0.55,0.53,0.55
QQQ,2026-09-03,2026-09-18,P,652.0,711,3,0.26782958740234375,0.55,0.54,0.56
QQQ,2026-09-03,2026-09-18,P,653.0,718,85,0.2659985510253906,0.59,0.56,0.58
QQQ,2026-09-03,2026-09-18,P,654.0,1314,135,0.26416751464843746,0.61,0.58,0.6
QQQ,2026-09-03,2026-09-18,P,655.0,9172,354,0.2613599255371094,0.61,0.59,0.61
QQQ,2026-09-03,2026-09-18,P,656.0,810,314,0.2594068200683594,0.62,0.61,0.63
QQQ,2026-09-03,2026-09-18,P,657.0,747,164,0.2573316455078125,0.64,0.62,0.65
QQQ,2026-09-03,2026-09-18,P,658.0,679,115,0.25452405639648445,0.66,0.64,0.66
QQQ,2026-09-03,2026-09-18,P,659.0,426,184,0.25171646728515623,0.66,0.66,0.67
QQQ,2026-09-03,2026-09-18,P,660.0,109511,696,0.24951922363281248,0.69,0.67,0.69
QQQ,2026-09-03,2026-09-18,P,661.0,577,82,0.24805439453125,0.71,0.69,0.72
QQQ,2026-09-03,2026-09-18,P,662.0,927,10,0.24573508178710937,0.7,0.72,0.74
QQQ,2026-09-03,2026-09-18,P,663.0,1176,63,0.24341576904296874,0.77,0.74,0.76
QQQ,2026-09-03,2026-09-18,P,664.0,2062,156,0.24036404174804685,0.78,0.76,0.77
QQQ,2026-09-03,2026-09-18,P,665.0,5368,330,0.23853300537109373,0.8,0.78,0.8
QQQ,2026-09-03,2026-09-18,P,666.0,2552,78,0.23670196899414062,0.84,0.8,0.83
QQQ,2026-09-03,2026-09-18,P,667.0,633,92,0.23474886352539062,0.85,0.83,0.86
QQQ,2026-09-03,2026-09-18,P,668.0,782,108,0.23157506713867188,0.88,0.86,0.87
QQQ,2026-09-03,2026-09-18,P,669.0,719,102,0.23011023803710937,0.91,0.89,0.91
QQQ,2026-09-03,2026-09-18,P,670.0,35396,711,0.22736368347167968,0.94,0.91,0.93
QQQ,2026-09-03,2026-09-18,P,671.0,2114,92,0.22510540527343748,0.97,0.94,0.96
QQQ,2026-09-03,2026-09-18,P,672.0,663,57,0.22339643798828124,1.01,0.98,1.0
QQQ,2026-09-03,2026-09-18,P,673.0,1062,89,0.2215654016113281,1.04,1.02,1.04
QQQ,2026-09-03,2026-09-18,P,674.0,655,53,0.2196122961425781,1.09,1.05,1.08
QQQ,2026-09-03,2026-09-18,P,675.0,19503,866,0.21656056884765623,1.12,1.08,1.1
QQQ,2026-09-03,2026-09-18,P,676.0,2538,68,0.21497367065429687,1.22,1.13,1.15
QQQ,2026-09-03,2026-09-18,P,677.0,786,154,0.21277642700195312,1.19,1.16,1.19
QQQ,2026-09-03,2026-09-18,P,678.0,1676,80,0.21094539062499998,1.28,1.22,1.24
QQQ,2026-09-03,2026-09-18,P,679.0,6071,13,0.20899228515624996,1.3,1.26,1.29
QQQ,2026-09-03,2026-09-18,P,680.0,37825,1677,0.20655090332031245,1.31,1.32,1.33
QQQ,2026-09-03,2026-09-18,P,681.0,1363,89,0.2048419360351562,1.4,1.36,1.39
QQQ,2026-09-03,2026-09-18,P,682.0,19154,65,0.2030108996582031,1.45,1.43,1.45
QQQ,2026-09-03,2026-09-18,P,683.0,1573,79,0.2010577941894531,1.52,1.49,1.51
QQQ,2026-09-03,2026-09-18,P,684.0,4044,122,0.19898261962890623,1.71,1.55,1.57
QQQ,2026-09-03,2026-09-18,P,685.0,74625,1062,0.19715158325195312,1.65,1.62,1.64
QQQ,2026-09-03,2026-09-18,P,686.0,15931,59,0.19556468505859376,1.72,1.69,1.72
QQQ,2026-09-03,2026-09-18,P,687.0,1798,94,0.19385571777343752,1.83,1.76,1.8
QQQ,2026-09-03,2026-09-18,P,688.0,1971,91,0.19165847412109377,1.87,1.85,1.87
QQQ,2026-09-03,2026-09-18,P,689.0,1168,49,0.18994950683593753,1.94,1.93,1.96
QQQ,2026-09-03,2026-09-18,P,690.0,42745,4506,0.18811847045898436,2.03,2.03,2.05
QQQ,2026-09-03,2026-09-18,P,691.0,1266,165,0.18647053771972655,2.15,2.12,2.15
QQQ,2026-09-03,2026-09-18,P,692.0,1074,101,0.1846395013427734,2.28,2.22,2.25
QQQ,2026-09-03,2026-09-18,P,693.0,7265,100,0.18238122314453126,2.54,2.31,2.34
QQQ,2026-09-03,2026-09-18,P,694.0,952,128,0.18140467041015623,2.7,2.44,2.48
QQQ,2026-09-03,2026-09-18,P,695.0,25035,4297,0.17963466857910154,2.59,2.57,2.6
QQQ,2026-09-03,2026-09-18,P,696.0,823,118,0.17798673583984376,2.71,2.69,2.73
QQQ,2026-09-03,2026-09-18,P,697.0,1669,189,0.17664397583007813,2.7,2.83,2.88
QQQ,2026-09-03,2026-09-18,P,698.0,1932,92,0.1746298358154297,3.05,2.98,3.01
QQQ,2026-09-03,2026-09-18,P,699.0,617,88,0.17340914489746095,3.19,3.13,3.18
QQQ,2026-09-03,2026-09-18,P,700.0,100617,6193,0.17127293579101563,3.3,3.3,3.32
QQQ,2026-09-03,2026-09-18,P,701.0,564,57,0.17011327941894533,3.56,3.46,3.51
QQQ,2026-09-03,2026-09-18,P,702.0,990,216,0.1687094848632813,3.68,3.65,3.7
QQQ,2026-09-03,2026-09-18,P,703.0,996,140,0.16706155212402346,3.95,3.83,3.89
QQQ,2026-09-03,2026-09-18,P,704.0,1368,45,0.16526103302001954,4.15,4.04,4.08
QQQ,2026-09-03,2026-09-18,P,705.0,25210,2092,0.1638267211914063,4.28,4.27,4.3
QQQ,2026-09-03,2026-09-18,P,706.0,1106,146,0.16257551300048828,4.87,4.48,4.54
QQQ,2026-09-03,2026-09-18,P,707.0,1477,222,0.16126327026367188,4.8,4.73,4.79
QQQ,2026-09-03,2026-09-18,P,708.0,1465,1039,0.15973740661621094,5.0,4.98,5.04
QQQ,2026-09-03,2026-09-18,P,709.0,1286,237,0.15815050842285155,5.43,5.24,5.3
QQQ,2026-09-03,2026-09-18,P,710.0,36360,13731,0.15647205841064454,5.56,5.54,5.57
QQQ,2026-09-03,2026-09-18,P,711.0,3436,259,0.15546498840332032,5.8,5.84,5.89
QQQ,2026-09-03,2026-09-18,P,712.0,6890,312,0.1538170556640625,6.25,6.15,6.19
QQQ,2026-09-03,2026-09-18,P,713.0,1912,608,0.152626882019043,6.61,6.47,6.53
QQQ,2026-09-03,2026-09-18,P,714.0,1165,173,0.15097894927978522,6.92,6.83,6.86
QQQ,2026-09-03,2026-09-18,P,715.0,14610,2620,0.15024653472900396,7.22,7.22,7.26
QQQ,2026-09-03,2026-09-18,P,716.0,770,534,0.14869015380859374,7.61,7.54,7.63
QQQ,2026-09-03,2026-09-18,P,717.0,1655,995,0.14737791107177733,8.12,7.95,8.03
QQQ,2026-09-03,2026-09-18,P,718.0,3465,1118,0.14643187561035154,8.42,8.39,8.47
QQQ,2026-09-03,2026-09-18,P,719.0,1821,386,0.14515015014648439,9.08,8.82,8.91
QQQ,2026-09-03,2026-09-18,P,720.0,11923,2543,0.1442346319580078,9.35,9.34,9.39
QQQ,2026-09-03,2026-09-18,P,721.0,691,601,0.14298342376708983,10.11,9.78,9.87
QQQ,2026-09-03,2026-09-18,P,722.0,805,248,0.14261721649169923,10.49,10.31,10.42
QQQ,2026-09-03,2026-09-18,P,723.0,1128,475,0.14066411102294923,11.02,10.8,10.9
QQQ,2026-09-03,2026-09-18,P,724.0,1005,31,0.1403284210205078,11.51,11.37,11.49
QQQ,2026-09-03,2026-09-18,P,725.0,7917,162,0.13852790191650394,12.85,11.93,12.02
QQQ,2026-09-03,2026-09-18,P,726.0,716,41,0.1383753155517578,12.78,12.53,12.66
QQQ,2026-09-03,2026-09-18,P,727.0,847,11,0.13712410736083985,13.75,13.13,13.26
QQQ,2026-09-03,2026-09-18,P,728.0,313,2,0.1362391064453125,13.86,13.77,13.9
QQQ,2026-09-03,2026-09-18,P,729.0,324,25,0.13575083007812502,15.39,14.46,14.58
QQQ,2026-09-03,2026-09-18,P,730.0,9624,170,0.1375513491821289,15.31,15.11,15.39
QQQ,2026-09-03,2026-09-18,P,731.0,408,6,0.13660531372070314,14.86,15.61,16.08
QQQ,2026-09-03,2026-09-18,P,732.0,469,6,0.1363306582641602,17.09,16.38,16.82
QQQ,2026-09-03,2026-09-18,P,733.0,677,30,0.13593393371582033,17.18,17.19,17.57
QQQ,2026-09-03,2026-09-18,P,734.0,493,6,0.13510996734619146,17.75,17.95,18.32
QQQ,2026-09-03,2026-09-18,P,735.0,5814,42,0.13660531372070314,19.5,18.77,19.18
QQQ,2026-09-03,2026-09-18,P,736.0,184,12,0.13172255004882813,20.25,19.32,19.8
QQQ,2026-09-03,2026-09-18,P,737.0,136,16,0.13111220458984374,20.53,20.29,20.61
QQQ,2026-09-03,2026-09-18,P,738.0,42,6,0.13123427368164062,21.75,20.87,21.46
QQQ,2026-09-03,2026-09-18,P,739.0,60,4,0.13099013549804686,24.31,21.7,22.31
QQQ,2026-09-03,2026-09-18,P,740.0,4691,92,0.1326380682373047,23.72,22.86,23.23
QQQ,2026-09-03,2026-09-18,P,741.0,80,2,0.1344080700683594,32.36,23.62,24.16
QQQ,2026-09-03,2026-09-18,P,742.0,207,90,0.13770393554687502,25.24,24.5,25.14
QQQ,2026-09-03,2026-09-18,P,743.0,27,6,0.12915909912109375,24.02,25.4,25.8
QQQ,2026-09-03,2026-09-18,P,744.0,1007,3,0.1909260595703125,33.0,26.13,28.69
QQQ,2026-09-03,2026-09-18,P,745.0,3288,14,0.19171950866699222,27.45,26.98,29.55
QQQ,2026-09-03,2026-09-18,P,746.0,0,8,0.19422192504882813,27.0,27.91,30.48
QQQ,2026-09-03,2026-09-18,P,747.0,0,1,0.19693796234130856,28.51,29.06,31.42
QQQ,2026-09-03,2026-09-18,P,748.0,0,4,0.1995319305419922,25.81,29.79,32.36
QQQ,2026-09-03,2026-09-18,P,749.0,0,2,0.20264469238281246,35.43,30.96,33.32
QQQ,2026-09-03,2026-09-18,P,750.0,146,21,0.14099980102539064,32.6,31.83,32.52
QQQ,2026-09-03,2026-09-18,P,751.0,0,0,0.20899228515624996,28.7,32.69,35.25
QQQ,2026-09-03,2026-09-18,P,752.0,0,10,0.21399711791992188,42.54,33.71,36.28
QQQ,2026-09-03,2026-09-18,P,753.0,0,0,0.2156450506591797,28.23,34.68,37.2
QQQ,2026-09-03,2026-09-18,P,754.0,0,10,0.2194291925048828,41.94,34.44,38.19
QQQ,2026-09-03,2026-09-18,P,755.0,0,8,0.22528850891113278,46.22,35.39,39.25
QQQ,2026-09-03,2026-09-18,P,756.0,0,8,0.22711954528808592,40.82,36.32,40.18
QQQ,2026-09-03,2026-09-18,P,757.0,0,0,0.2307816180419922,30.63,37.32,41.17
QQQ,2026-09-03,2026-09-18,P,758.0,0,0,0.23438265625,42.3,38.26,42.16
QQQ,2026-09-03,2026-09-18,P,759.0,0,2,0.24024197265624997,51.29,39.32,43.22
QQQ,2026-09-03,2026-09-18,P,760.0,30,94,0.24250025085449217,42.01,40.31,44.17
QQQ,2026-09-03,2026-09-18,P,765.0,1,1,0.2640454455566406,35.34,45.2,49.24
QQQ,2026-09-03,2026-09-18,P,770.0,1,1,0.28040270385742183,50.73,50.24,54.17
QQQ,2026-09-03,2026-09-18,P,775.0,0,3,0.30048306945800785,61.06,55.24,59.22
QQQ,2026-09-03,2026-09-18,P,780.0,1,34,0.31915964050292955,59.85,60.24,64.24
QQQ,2026-09-03,2026-09-18,P,785.0,0,1,0.3336248278808594,60.76,65.24,69.16
QQQ,2026-09-03,2026-09-18,P,790.0,1,1,0.35120277709960934,74.0,70.24,74.17
QQQ,2026-09-03,2026-09-18,P,795.0,0,10,0.36804831176757813,80.0,75.24,79.17
QQQ,2026-09-03,2026-09-18,P,800.0,33,100,0.3846497082519531,82.29,80.24,84.17
QQQ,2026-09-03,2026-09-18,P,805.0,0,1,0.40051869018554687,97.62,85.24,89.16
QQQ,2026-09-03,2026-09-18,P,810.0,0,3,0.41699801757812494,98.65,90.35,94.17
QQQ,2026-09-03,2026-09-18,P,815.0,0,20,0.43286699951171875,105.56,95.24,99.17
QQQ,2026-09-03,2026-09-18,P,820.0,0,24,0.44836977416992185,95.27,100.24,104.17
QQQ,2026-09-03,2026-09-18,P,825.0,0,1,0.46710737976074224,93.0,105.25,109.24
QQQ,2026-09-03,2026-09-18,P,830.0,0,5,0.7708457974243165,123.0,122.4,124.48
QQQ,2026-09-03,2026-09-18,P,835.0,0,49,1.053593599243164,99.7,138.33,142.14
QQQ,2026-09-03,2026-09-18,P,840.0,0,2,0.5122119091796875,118.3,120.24,124.24
QQQ,2026-09-03,2026-09-18,P,845.0,0,20,0.5288743402099609,155.74,125.24,129.28
QQQ,2026-09-03,2026-09-18,P,850.0,0,1,0.538212625732422,130.79,130.24,134.18
QQQ,2026-09-03,2026-09-18,P,855.0,0,4,0.5524947094726562,167.26,135.24,139.18
QQQ,2026-09-03,2026-09-18,P,860.0,0,0,1.175602266540527,122.7,165.08,167.14
QQQ,2026-09-03,2026-09-18,P,865.0,0,4,0.5804485314941408,175.12,145.24,149.18
QQQ,2026-09-03,2026-09-18,P,870.0,0,0,1.2136880136108394,154.12,174.93,177.14
QQQ,2026-09-03,2026-09-18,P,885.0,0,12,0.635867899169922,195.9,165.25,169.2
QQQ,2026-09-03,2026-09-18,P,890.0,0,0,0.6502110174560547,202.3,170.24,174.22
QQQ,2026-09-03,2026-09-18,P,895.0,0,0,0.6621127539062501,206.3,175.27,179.2
QQQ,2026-09-03,2026-09-18,P,900.0,0,8,0.6762727685546877,210.49,180.24,184.22
QQQ,2026-09-03,2026-09-18,P,915.0,0,0,0.5136767382812499,226.41,195.24,199.2
QQQ,2026-09-03,2026-09-18,P,930.0,0,0,0.5434615966796876,240.6,210.24,214.2
QQQ,2026-09-03,2026-09-18,P,935.0,0,0,0.5551802294921876,245.85,215.24,219.22
QQQ,2026-09-03,2026-09-18,P,940.0,0,0,0.5649457568359376,251.1,220.24,224.22
QQQ,2026-09-03,2026-09-18,P,950.0,0,6,1.4993921514892576,210.99,254.91,257.14
QQQ,2026-09-03,2026-09-18,P,955.0,0,0,0.5883830224609375,266.38,235.24,239.18
QQQ,2026-09-03,2026-09-18,P,965.0,0,0,0.6069375244140626,276.09,245.24,249.18
QQQ,2026-09-03,2026-09-18,P,980.0,0,0,0.6367223828125,291.41,260.26,264.18
QQQ,2026-09-03,2026-09-18,P,1010.0,0,1,1.3405794689941404,296.75,302.4,304.48
QQQ,2026-09-03,2026-09-18,P,1015.0,0,0,0.6938507177734375,326.43,295.21,299.2
QQQ,2026-09-03,2026-09-18,P,1025.0,0,0,0.710940390625,335.2,305.21,309.2
QQQ,2026-09-03,2026-09-18,P,1045.0,0,0,0.74414318359375,357.08,325.21,329.2
QQQ,2026-09-03,2026-09-18,P,1055.0,0,0,0.7602563037109377,365.7,335.21,339.2
QQQ,2026-09-03,2026-09-18,P,1080.0,0,0,0.799806689453125,390.8,360.21,364.2
QQQ,2026-09-03,2026-09-18,P,1085.0,0,0,0.807619111328125,396.49,365.21,369.2
QQQ,2026-09-03,2026-09-18,P,1100.0,0,0,0.831056376953125,410.54,380.21,384.2
QQQ,2026-09-03,2026-09-25,C,500.0,5,0,0.6064492480468751,231.73,216.46,220.11
QQQ,2026-09-03,2026-09-25,C,535.0,10,0,0.5468795312500001,178.56,181.59,185.37
QQQ,2026-09-03,2026-09-25,C,540.0,10,0,0.5161181201171875,173.55,176.61,180.19
QQQ,2026-09-03,2026-09-25,C,565.0,1,1,0.6221961608886719,144.08,151.72,155.49
QQQ,2026-09-03,2026-09-25,C,570.0,1,0,0.5954630297851562,150.21,146.75,150.34
QQQ,2026-09-03,2026-09-25,C,575.0,2,3,0.57812921875,143.17,141.77,145.36
QQQ,2026-09-03,2026-09-25,C,580.0,13,10,0.5692181750488281,134.31,136.78,140.54
QQQ,2026-09-03,2026-09-25,C,590.0,4,1,0.5354050366210938,128.78,126.86,130.6
QQQ,2026-09-03,2026-09-25,C,605.0,16,1,0.47961946166992186,104.64,111.91,115.58
QQQ,2026-09-03,2026-09-25,C,610.0,3,1,0.4687553125,106.79,106.99,110.75
QQQ,2026-09-03,2026-09-25,C,615.0,15,10,0.4433039068603516,100.24,102.04,105.58
QQQ,2026-09-03,2026-09-25,C,620.0,6,6,0.43604079589843747,100.37,97.1,100.85
QQQ,2026-09-03,2026-09-25,C,625.0,4,3,0.42517664672851563,96.97,92.17,96.05
QQQ,2026-09-03,2026-09-25,C,630.0,10,23,0.38867798828125,91.79,87.17,90.57
QQQ,2026-09-03,2026-09-25,C,635.0,4,2,0.39002074829101563,75.77,82.3,86.11
QQQ,2026-09-03,2026-09-25,C,640.0,22,10,0.37366348999023435,75.9,77.33,81.18
QQQ,2026-09-03,2026-09-25,C,645.0,5,4,0.3602969244384765,72.24,72.43,76.35
QQQ,2026-09-03,2026-09-25,C,650.0,220,23,0.34516035705566406,69.24,67.54,71.48
QQQ,2026-09-03,2026-09-25,C,655.0,13,1,0.31439894592285156,57.46,62.72,66.09
QQQ,2026-09-03,2026-09-25,C,660.0,227,3,0.27497062927246096,54.7,57.9,60.42
QQQ,2026-09-03,2026-09-25,C,665.0,4,1,0.264655791015625,51.45,53.11,55.68
QQQ,2026-09-03,2026-09-25,C,668.0,1,1,0.2557447473144532,52.05,50.2,52.76
QQQ,2026-09-03,2026-09-25,C,670.0,48,3,0.25269302001953126,50.3,48.37,50.92
QQQ,2026-09-03,2026-09-25,C,671.0,2,2,0.25049577636718745,40.72,47.43,49.98
QQQ,2026-09-03,2026-09-25,C,672.0,3,2,0.24719991088867188,39.9,46.47,49.0
QQQ,2026-09-03,2026-09-25,C,673.0,7,1,0.24597921997070313,47.24,45.53,48.1
QQQ,2026-09-03,2026-09-25,C,674.0,3,2,0.24359887268066405,38.16,44.62,47.16
QQQ,2026-09-03,2026-09-25,C,675.0,56,1,0.2316361016845703,36.96,45.45,45.85
QQQ,2026-09-03,2026-09-25,C,676.0,2,2,0.24054714538574218,36.43,42.75,45.35
QQQ,2026-09-03,2026-09-25,C,680.0,41,1,0.22339643798828124,40.71,40.85,41.3
QQQ,2026-09-03,2026-09-25,C,682.0,4,1,0.22614299255371095,41.55,37.25,39.77
QQQ,2026-09-03,2026-09-25,C,683.0,14,1,0.22400678344726557,38.05,36.35,38.86
QQQ,2026-09-03,2026-09-25,C,684.0,2,1,0.2222367816162109,44.67,35.46,37.97
QQQ,2026-09-03,2026-09-25,C,685.0,48,1,0.21845263977050777,37.29,36.31,36.99
QQQ,2026-09-03,2026-09-25,C,686.0,7,1,0.21820850158691402,35.66,33.67,36.18
QQQ,2026-09-03,2026-09-25,C,687.0,22,1,0.21518729156494143,34.82,32.78,35.24
QQQ,2026-09-03,2026-09-25,C,689.0,7,7,0.2127153924560547,26.25,31.01,33.55
QQQ,2026-09-03,2026-09-25,C,690.0,44,4,0.209694182434082,32.85,30.14,32.62
QQQ,2026-09-03,2026-09-25,C,691.0,7,1,0.2075579733276367,31.0,29.29,31.74
QQQ,2026-09-03,2026-09-25,C,692.0,8,1,0.20664245513916013,28.13,28.42,30.93
QQQ,2026-09-03,2026-09-25,C,693.0,4,2,0.20468934967041014,30.16,29.45,30.07
QQQ,2026-09-03,2026-09-25,C,694.0,3,3,0.20227848510742186,22.59,28.61,29.19
QQQ,2026-09-03,2026-09-25,C,695.0,122,11,0.1992267578125,27.37,27.61,28.28
QQQ,2026-09-03,2026-09-25,C,696.0,10,2,0.19934882690429687,27.0,26.95,27.55
QQQ,2026-09-03,2026-09-25,C,697.0,48,46,0.1968158932495117,24.66,26.13,26.68
QQQ,2026-09-03,2026-09-25,C,698.0,14,5,0.1941914077758789,25.23,25.33,25.81
QQQ,2026-09-03,2026-09-25,C,699.0,8,96,0.1935505450439453,26.18,24.47,25.06
QQQ,2026-09-03,2026-09-25,C,700.0,133,26,0.19089554229736327,23.67,23.73,24.2
QQQ,2026-09-03,2026-09-25,C,701.0,8,4,0.1902851968383789,18.48,22.94,23.47
QQQ,2026-09-03,2026-09-25,C,702.0,41,4,0.18854571228027345,23.88,22.15,22.68
QQQ,2026-09-03,2026-09-25,C,703.0,149,7,0.18686726226806644,22.66,21.4,21.9
QQQ,2026-09-03,2026-09-25,C,704.0,92,203,0.18470053588867186,21.93,20.63,21.1
QQQ,2026-09-03,2026-09-25,C,705.0,147,12,0.17932949584960936,21.2,19.79,20.1
QQQ,2026-09-03,2026-09-25,C,706.0,55,8,0.1782003567504883,19.39,19.21,19.38
QQQ,2026-09-03,2026-09-25,C,707.0,338,101,0.176766044921875,18.06,18.48,18.65
QQQ,2026-09-03,2026-09-25,C,708.0,360,4,0.17520966400146482,18.47,17.75,17.92
QQQ,2026-09-03,2026-09-25,C,709.0,281,12,0.17405000762939454,16.49,17.07,17.23
QQQ,2026-09-03,2026-09-25,C,710.0,682,104,0.17231052307128908,16.22,16.36,16.51
QQQ,2026-09-03,2026-09-25,C,711.0,611,15,0.17099828033447267,16.36,15.67,15.83
QQQ,2026-09-03,2026-09-25,C,712.0,209,2,0.1695334512329102,15.96,14.99,15.15
QQQ,2026-09-03,2026-09-25,C,713.0,248,29,0.16846534667968754,14.48,14.35,14.51
QQQ,2026-09-03,2026-09-25,C,714.0,307,72,0.16721413848876954,13.6,13.72,13.87
QQQ,2026-09-03,2026-09-25,C,715.0,2273,386,0.16620706848144534,13.09,13.12,13.26
QQQ,2026-09-03,2026-09-25,C,716.0,211,29,0.16458965301513673,12.11,12.5,12.62
QQQ,2026-09-03,2026-09-25,C,717.0,426,50,0.1632163757324219,11.9,11.88,12.01
QQQ,2026-09-03,2026-09-25,C,718.0,277,116,0.16236189208984375,11.19,11.33,11.45
QQQ,2026-09-03,2026-09-25,C,719.0,1717,206,0.1611717184448242,10.75,10.73,10.88
QQQ,2026-09-03,2026-09-25,C,720.0,1181,753,0.15992051025390625,10.27,10.22,10.32
QQQ,2026-09-03,2026-09-25,C,721.0,418,217,0.15859300888061523,9.58,9.67,9.77
QQQ,2026-09-03,2026-09-25,C,722.0,393,105,0.15793688751220702,8.8,9.18,9.28
QQQ,2026-09-03,2026-09-25,C,723.0,467,45,0.15662464477539065,8.54,8.66,8.76
QQQ,2026-09-03,2026-09-25,C,724.0,239,84,0.15567860931396482,8.13,8.19,8.28
QQQ,2026-09-03,2026-09-25,C,725.0,1115,368,0.15467153930664065,7.78,7.73,7.81
QQQ,2026-09-03,2026-09-25,C,726.0,169,10,0.15415274566650394,7.39,7.29,7.39
QQQ,2026-09-03,2026-09-25,C,727.0,152,15,0.15299308929443362,7.09,6.85,6.94
QQQ,2026-09-03,2026-09-25,C,728.0,138,17,0.15219964019775395,6.19,6.45,6.53
QQQ,2026-09-03,2026-09-25,C,729.0,202,12,0.15116205291748053,6.77,6.05,6.12
QQQ,2026-09-03,2026-09-25,C,730.0,1603,425,0.15033808654785158,5.68,5.68,5.74
QQQ,2026-09-03,2026-09-25,C,731.0,408,68,0.14978877563476564,5.19,5.31,5.39
QQQ,2026-09-03,2026-09-25,C,732.0,297,133,0.14884274017333982,4.82,4.96,5.03
QQQ,2026-09-03,2026-09-25,C,733.0,702,144,0.1482934292602539,4.43,4.64,4.71
QQQ,2026-09-03,2026-09-25,C,734.0,883,177,0.14731687652587894,4.12,4.31,4.38
QQQ,2026-09-03,2026-09-25,C,735.0,889,291,0.1469811865234375,3.97,4.04,4.1
QQQ,2026-09-03,2026-09-25,C,736.0,292,15,0.146218254699707,3.7,3.75,3.81
QQQ,2026-09-03,2026-09-25,C,737.0,441,21,0.14576049560546872,3.46,3.48,3.55
QQQ,2026-09-03,2026-09-25,C,738.0,529,13,0.14524170196533204,3.73,3.23,3.3
QQQ,2026-09-03,2026-09-25,C,739.0,1002,71,0.14466187377929687,2.89,3.01,3.06
QQQ,2026-09-03,2026-09-25,C,740.0,1237,410,0.1442346319580078,2.82,2.8,2.84
QQQ,2026-09-03,2026-09-25,C,741.0,291,5,0.143563251953125,2.68,2.57,2.62
QQQ,2026-09-03,2026-09-25,C,742.0,319,45,0.14350221740722657,2.78,2.39,2.44
QQQ,2026-09-03,2026-09-25,C,743.0,498,74,0.14295290649414064,2.21,2.19,2.25
QQQ,2026-09-03,2026-09-25,C,744.0,290,32,0.1428918719482422,2.15,2.03,2.09
QQQ,2026-09-03,2026-09-25,C,745.0,1878,98,0.1420984228515625,1.8,1.87,1.91
QQQ,2026-09-03,2026-09-25,C,746.0,451,44,0.14203738830566404,1.7,1.72,1.77
QQQ,2026-09-03,2026-09-25,C,747.0,168,15,0.1419763537597656,1.91,1.59,1.64
QQQ,2026-09-03,2026-09-25,C,748.0,387,105,0.14148807739257813,1.41,1.46,1.5
QQQ,2026-09-03,2026-09-25,C,749.0,209,15,0.1412439392089844,1.51,1.33,1.38
QQQ,2026-09-03,2026-09-25,C,750.0,1687,373,0.14112187011718752,1.22,1.23,1.27
QQQ,2026-09-03,2026-09-25,C,751.0,300,32,0.14038945556640625,1.13,1.11,1.15
QQQ,2026-09-03,2026-09-25,C,752.0,64,1,0.14075566284179689,1.04,1.04,1.07
QQQ,2026-09-03,2026-09-25,C,753.0,199,33,0.14093876647949222,0.95,0.95,0.99
QQQ,2026-09-03,2026-09-25,C,754.0,88,5,0.14093876647949222,0.97,0.87,0.91
QQQ,2026-09-03,2026-09-25,C,755.0,1157,246,0.14026738647460937,0.83,0.79,0.82
QQQ,2026-09-03,2026-09-25,C,756.0,529,9,0.1401453173828125,0.74,0.72,0.75
QQQ,2026-09-03,2026-09-25,C,757.0,462,9,0.14026738647460937,0.66,0.66,0.69
QQQ,2026-09-03,2026-09-25,C,758.0,281,1,0.14069462829589846,0.61,0.6,0.64
QQQ,2026-09-03,2026-09-25,C,759.0,410,8,0.14087773193359376,0.56,0.56,0.59
QQQ,2026-09-03,2026-09-25,C,760.0,941,54,0.14038945556640625,0.52,0.51,0.53
QQQ,2026-09-03,2026-09-25,C,765.0,384,68,0.14246463012695312,0.34,0.33,0.36
QQQ,2026-09-03,2026-09-25,C,770.0,2259,98,0.14417359741210936,0.24,0.22,0.24
QQQ,2026-09-03,2026-09-25,C,775.0,319,31,0.14722532470703126,0.16,0.15,0.17
QQQ,2026-09-03,2026-09-25,C,780.0,960,12,0.1518639501953125,0.12,0.1,0.13
QQQ,2026-09-03,2026-09-25,C,785.0,255,9,0.15674671386718753,0.12,0.08,0.1
QQQ,2026-09-03,2026-09-25,C,790.0,217,1,0.16162947753906248,0.12,0.06,0.08
QQQ,2026-09-03,2026-09-25,C,795.0,152,2,0.16846534667968754,0.06,0.04,0.07
QQQ,2026-09-03,2026-09-25,C,800.0,504,62,0.17432466308593753,0.04,0.03,0.06
QQQ,2026-09-03,2026-09-25,C,805.0,211,9,0.179695703125,0.05,0.02,0.05
QQQ,2026-09-03,2026-09-25,C,810.0,237,4,0.18799640136718748,0.03,0.01,0.05
QQQ,2026-09-03,2026-09-25,C,815.0,276,10,0.196297099609375,0.03,0.01,0.05
QQQ,2026-09-03,2026-09-25,C,820.0,288,3,0.20020331054687499,0.03,0.01,0.04
QQQ,2026-09-03,2026-09-25,C,825.0,177,50,0.20801573242187496,0.04,0.0,0.04
QQQ,2026-09-03,2026-09-25,C,830.0,75,1,0.21680470703125,0.02,0.0,0.04
QQQ,2026-09-03,2026-09-25,C,835.0,21,10,0.21875781249999998,0.04,0.0,0.03
QQQ,2026-09-03,2026-09-25,C,840.0,20,8,0.22657023437499998,0.04,0.0,0.03
QQQ,2026-09-03,2026-09-25,C,845.0,22,1,0.23438265625,0.03,0.0,0.03
QQQ,2026-09-03,2026-09-25,C,850.0,60,3,0.241218525390625,0.01,0.0,0.03
QQQ,2026-09-03,2026-09-25,C,860.0,20,1,0.25586681640625003,0.05,0.0,0.03
QQQ,2026-09-03,2026-09-25,C,870.0,27,3,0.27149166015625,0.01,0.0,0.03
QQQ,2026-09-03,2026-09-25,C,880.0,49,6,0.27539787109374997,0.02,0.0,0.02
QQQ,2026-09-03,2026-09-25,C,885.0,1,1,0.28125718749999995,0.05,0.0,0.02
QQQ,2026-09-03,2026-09-25,C,890.0,2,1,0.2890696093749999,0.02,0.0,0.02
QQQ,2026-09-03,2026-09-25,C,895.0,1,0,0.29688203124999996,0.13,0.0,0.02
QQQ,2026-09-03,2026-09-25,C,900.0,3,1,0.30274134765625,0.01,0.0,0.02
QQQ,2026-09-03,2026-09-25,C,905.0,1,0,0.3086006640625,0.11,0.0,0.02
QQQ,2026-09-03,2026-09-25,C,910.0,0,2,0.31641308593749995,0.02,0.0,0.02
QQQ,2026-09-03,2026-09-25,C,915.0,1,0,0.32227240234374993,0.05,0.0,0.02
QQQ,2026-09-03,2026-09-25,C,920.0,1,0,0.32813171874999997,0.05,0.0,0.02
QQQ,2026-09-03,2026-09-25,C,925.0,0,0,0.335944140625,0.06,0.0,0.02
QQQ,2026-09-03,2026-09-25,C,930.0,0,0,0.3437565625,0.05,0.0,0.02
QQQ,2026-09-03,2026-09-25,P,450.0,1125,105,0.6621127539062501,0.05,0.05,0.06
QQQ,2026-09-03,2026-09-25,P,455.0,59,2,0.6425816992187501,0.11,0.04,0.06
QQQ,2026-09-03,2026-09-25,P,460.0,43,30,0.632816171875,0.14,0.04,0.07
QQQ,2026-09-03,2026-09-25,P,465.0,66,20,0.6250037500000001,0.11,0.05,0.07
QQQ,2026-09-03,2026-09-25,P,470.0,49,2,0.6093789062500001,0.07,0.05,0.07
QQQ,2026-09-03,2026-09-25,P,475.0,114,111,0.6015664843750002,0.2,0.05,0.08
QQQ,2026-09-03,2026-09-25,P,480.0,80,2,0.5908244042968751,0.08,0.06,0.08
QQQ,2026-09-03,2026-09-25,P,485.0,51,48,0.5800823242187501,0.21,0.06,0.09
QQQ,2026-09-03,2026-09-25,P,490.0,195,67,0.5664105859375,0.08,0.06,0.09
QQQ,2026-09-03,2026-09-25,P,495.0,265,1,0.56055126953125,0.33,0.07,0.1
QQQ,2026-09-03,2026-09-25,P,500.0,90,25,0.5459029785156251,0.09,0.07,0.1
QQQ,2026-09-03,2026-09-25,P,505.0,164,70,0.5351608984375,0.11,0.07,0.11
QQQ,2026-09-03,2026-09-25,P,510.0,16,2,0.524418818359375,0.19,0.08,0.11
QQQ,2026-09-03,2026-09-25,P,515.0,39,16,0.516606396484375,0.17,0.09,0.12
QQQ,2026-09-03,2026-09-25,P,520.0,295,1,0.5029346582031251,0.12,0.09,0.12
QQQ,2026-09-03,2026-09-25,P,525.0,37,1,0.5009815527343751,0.14,0.1,0.13
QQQ,2026-09-03,2026-09-25,P,530.0,99,19,0.49121602539062503,0.26,0.11,0.14
QQQ,2026-09-03,2026-09-25,P,535.0,322,51,0.4809622216796875,0.27,0.12,0.15
QQQ,2026-09-03,2026-09-25,P,540.0,360,8,0.4672904833984375,0.21,0.13,0.15
QQQ,2026-09-03,2026-09-25,P,545.0,52,2,0.45703667968750006,0.23,0.13,0.16
QQQ,2026-09-03,2026-09-25,P,550.0,385,2,0.4467828759765625,0.15,0.14,0.17
QQQ,2026-09-03,2026-09-25,P,555.0,74,41,0.43897045410156255,0.18,0.16,0.19
QQQ,2026-09-03,2026-09-25,P,560.0,563,105,0.42774009765625004,0.26,0.17,0.2
QQQ,2026-09-03,2026-09-25,P,565.0,620,20,0.4194393994140625,0.18,0.19,0.22
QQQ,2026-09-03,2026-09-25,P,570.0,1134,4,0.40552352294921873,0.19,0.21,0.22
QQQ,2026-09-03,2026-09-25,P,575.0,271,2,0.398443515625,0.22,0.23,0.25
QQQ,2026-09-03,2026-09-25,P,580.0,164,4,0.38672488281249995,0.26,0.25,0.26
QQQ,2026-09-03,2026-09-25,P,585.0,1184,2,0.37695935546875,0.3,0.27,0.28
QQQ,2026-09-03,2026-09-25,P,590.0,412,51,0.3698793481445312,0.31,0.3,0.32
QQQ,2026-09-03,2026-09-25,P,595.0,1031,3,0.3606020971679687,0.32,0.32,0.35
QQQ,2026-09-03,2026-09-25,P,600.0,684,28,0.3508365698242187,0.37,0.36,0.38
QQQ,2026-09-03,2026-09-25,P,605.0,400,21,0.34058276611328125,0.4,0.38,0.41
QQQ,2026-09-03,2026-09-25,P,610.0,564,12,0.33130551513671874,0.45,0.42,0.45
QQQ,2026-09-03,2026-09-25,P,615.0,377,28,0.32129584960937496,0.47,0.47,0.49
QQQ,2026-09-03,2026-09-25,P,620.0,908,66,0.31201859863281245,0.55,0.52,0.54
QQQ,2026-09-03,2026-09-25,P,625.0,343,16,0.3020089331054688,0.6,0.57,0.59
QQQ,2026-09-03,2026-09-25,P,630.0,864,124,0.29321995849609367,0.63,0.63,0.66
QQQ,2026-09-03,2026-09-25,P,635.0,311,1257,0.2834544311523437,0.7,0.7,0.73
QQQ,2026-09-03,2026-09-25,P,640.0,761,970,0.2739330419921875,0.83,0.78,0.81
QQQ,2026-09-03,2026-09-25,P,645.0,1303,56,0.26416751464843746,0.95,0.88,0.9
QQQ,2026-09-03,2026-09-25,P,650.0,1079,117,0.2547071600341797,1.03,0.98,1.01
QQQ,2026-09-03,2026-09-25,P,655.0,1589,104,0.24634542724609376,1.2,1.13,1.16
QQQ,2026-09-03,2026-09-25,P,660.0,2286,155,0.2375564526367187,1.36,1.31,1.33
QQQ,2026-09-03,2026-09-25,P,665.0,56558,183,0.22876747802734376,1.53,1.49,1.53
QQQ,2026-09-03,2026-09-25,P,667.0,173,26,0.225593681640625,1.63,1.6,1.63
QQQ,2026-09-03,2026-09-25,P,668.0,210,19,0.22425092163085933,1.6,1.65,1.69
QQQ,2026-09-03,2026-09-25,P,669.0,101,14,0.22217574707031246,1.77,1.69,1.73
QQQ,2026-09-03,2026-09-25,P,670.0,2290,232,0.22040574523925777,1.8,1.75,1.78
QQQ,2026-09-03,2026-09-25,P,671.0,173,20,0.21918505432128904,1.85,1.82,1.85
QQQ,2026-09-03,2026-09-25,P,672.0,76,73,0.21723194885253905,2.04,1.86,1.9
QQQ,2026-09-03,2026-09-25,P,673.0,91,10,0.215828154296875,1.98,1.92,1.97
QQQ,2026-09-03,2026-09-25,P,674.0,171,29,0.2146684979248047,2.05,2.02,2.05
QQQ,2026-09-03,2026-09-25,P,675.0,1368,620,0.21253228881835937,2.11,2.07,2.1
QQQ,2026-09-03,2026-09-25,P,676.0,95,22,0.21094539062499998,2.04,2.13,2.17
QQQ,2026-09-03,2026-09-25,P,677.0,186,75,0.21009090698242186,2.18,2.23,2.27
QQQ,2026-09-03,2026-09-25,P,678.0,493,30,0.20801573242187496,2.21,2.29,2.33
QQQ,2026-09-03,2026-09-25,P,679.0,138,20,0.20722228332519527,2.45,2.4,2.44
QQQ,2026-09-03,2026-09-25,P,680.0,2079,300,0.20478090148925776,2.51,2.45,2.49
QQQ,2026-09-03,2026-09-25,P,681.0,132,24,0.20328555511474605,2.62,2.54,2.58
QQQ,2026-09-03,2026-09-25,P,682.0,326,88,0.20197331237792968,2.65,2.64,2.68
QQQ,2026-09-03,2026-09-25,P,683.0,178,7,0.20050848327636717,2.89,2.73,2.78
QQQ,2026-09-03,2026-09-25,P,684.0,178,41,0.19898261962890623,2.74,2.83,2.88
QQQ,2026-09-03,2026-09-25,P,685.0,1133,159,0.19831123962402342,2.98,2.97,3.02
QQQ,2026-09-03,2026-09-25,P,686.0,211,10,0.1961139959716797,3.21,3.05,3.1
QQQ,2026-09-03,2026-09-25,P,687.0,212,25,0.1947407186889648,3.42,3.16,3.22
QQQ,2026-09-03,2026-09-25,P,688.0,517,30,0.19327588958740233,3.5,3.28,3.34
QQQ,2026-09-03,2026-09-25,P,689.0,111,12,0.19190261230468753,3.54,3.41,3.47
QQQ,2026-09-03,2026-09-25,P,690.0,75500,230,0.19043778320312502,3.63,3.55,3.6
QQQ,2026-09-03,2026-09-25,P,691.0,118,19,0.18903398864746096,3.98,3.67,3.74
QQQ,2026-09-03,2026-09-25,P,692.0,93,17,0.1875386422729492,4.03,3.82,3.88
QQQ,2026-09-03,2026-09-25,P,693.0,1175,311,0.18631795135498047,4.35,3.97,4.04
QQQ,2026-09-03,2026-09-25,P,694.0,66,12,0.18497519134521478,4.29,4.14,4.2
QQQ,2026-09-03,2026-09-25,P,695.0,2230,102,0.1835103622436523,4.44,4.3,4.36
QQQ,2026-09-03,2026-09-25,P,696.0,166,12,0.18228967132568358,4.64,4.47,4.54
QQQ,2026-09-03,2026-09-25,P,697.0,93,25,0.18076380767822264,4.97,4.64,4.71
QQQ,2026-09-03,2026-09-25,P,698.0,148,31,0.17945156494140624,5.13,4.84,4.9
QQQ,2026-09-03,2026-09-25,P,699.0,88,23,0.1782003567504883,5.4,5.04,5.1
QQQ,2026-09-03,2026-09-25,P,700.0,3997,966,0.1767965621948242,5.26,5.24,5.3
QQQ,2026-09-03,2026-09-25,P,701.0,190,25,0.1756063885498047,5.6,5.45,5.52
QQQ,2026-09-03,2026-09-25,P,702.0,296,44,0.17423311126708985,5.85,5.67,5.74
QQQ,2026-09-03,2026-09-25,P,703.0,379,17,0.17292086853027344,6.25,5.9,5.97
QQQ,2026-09-03,2026-09-25,P,704.0,2779,15,0.17176121215820314,6.43,6.15,6.22
QQQ,2026-09-03,2026-09-25,P,705.0,1579,1035,0.17029638305664066,6.52,6.38,6.46
QQQ,2026-09-03,2026-09-25,P,706.0,247,11,0.16913672668457033,6.76,6.65,6.73
QQQ,2026-09-03,2026-09-25,P,707.0,349,102,0.16782448394775396,7.24,6.93,7.0
QQQ,2026-09-03,2026-09-25,P,708.0,503,53,0.16648172393798832,7.33,7.18,7.28
QQQ,2026-09-03,2026-09-25,P,709.0,520,79,0.16529155029296877,7.9,7.5,7.58
QQQ,2026-09-03,2026-09-25,P,710.0,1713,614,0.16394879028320314,7.85,7.8,7.88
QQQ,2026-09-03,2026-09-25,P,711.0,465,19,0.1626975820922852,8.58,8.11,8.2
QQQ,2026-09-03,2026-09-25,P,712.0,321,39,0.16172102935791016,8.9,8.46,8.55
QQQ,2026-09-03,2026-09-25,P,713.0,599,24,0.16056137298583983,9.27,8.8,8.9
QQQ,2026-09-03,2026-09-25,P,714.0,252,17,0.1593711993408203,9.66,9.15,9.26
QQQ,2026-09-03,2026-09-25,P,715.0,4690,645,0.15796740478515625,9.6,9.52,9.62
QQQ,2026-09-03,2026-09-25,P,716.0,316,170,0.15696033477783206,10.16,9.9,10.02
QQQ,2026-09-03,2026-09-25,P,717.0,534,115,0.15616688568115233,10.58,10.34,10.45
QQQ,2026-09-03,2026-09-25,P,718.0,428,8523,0.15490041885375982,11.0,10.76,10.86
QQQ,2026-09-03,2026-09-25,P,719.0,236,105,0.1540001593017578,11.87,11.2,11.31
QQQ,2026-09-03,2026-09-25,P,720.0,1012,384,0.15271843383789066,11.83,11.63,11.75
QQQ,2026-09-03,2026-09-25,P,721.0,608,94,0.15210808837890627,12.71,12.13,12.25
QQQ,2026-09-03,2026-09-25,P,722.0,123,79,0.15085688018798832,12.65,12.6,12.72
QQQ,2026-09-03,2026-09-25,P,723.0,483,13,0.1500786897277832,13.47,13.1,13.24
QQQ,2026-09-03,2026-09-25,P,724.0,281,208,0.1495141201782227,14.47,13.65,13.79
QQQ,2026-09-03,2026-09-25,P,725.0,599,42,0.14801877380371098,14.45,14.16,14.29
QQQ,2026-09-03,2026-09-25,P,726.0,52,1,0.147744118347168,13.5,14.75,14.89
QQQ,2026-09-03,2026-09-25,P,727.0,40,3,0.1463403237915039,16.04,15.28,15.43
QQQ,2026-09-03,2026-09-25,P,728.0,34,5,0.1453027365112305,14.96,15.85,16.01
QQQ,2026-09-03,2026-09-25,P,729.0,54,211,0.14493652923583983,17.3,16.51,16.65
QQQ,2026-09-03,2026-09-25,P,730.0,437,7,0.14466187377929687,16.36,17.15,17.31
QQQ,2026-09-03,2026-09-25,P,731.0,28,3,0.14350221740722657,20.35,17.77,17.93
QQQ,2026-09-03,2026-09-25,P,732.0,42,4,0.1430749755859375,19.48,18.45,18.61
QQQ,2026-09-03,2026-09-25,P,733.0,69,13,0.1457299783325195,19.51,19.03,19.49
QQQ,2026-09-03,2026-09-25,P,734.0,72,2,0.1452111846923828,26.56,19.72,20.19
QQQ,2026-09-03,2026-09-25,P,735.0,73,1,0.1460351510620117,18.98,20.5,20.98
QQQ,2026-09-03,2026-09-25,P,736.0,24,1,0.17472138763427736,32.36,19.95,23.41
QQQ,2026-09-03,2026-09-25,P,737.0,11,10,0.17405000762939454,29.26,21.86,24.1
QQQ,2026-09-03,2026-09-25,P,738.0,17,7,0.14402101104736326,23.47,22.64,23.17
QQQ,2026-09-03,2026-09-25,P,739.0,17,1,0.14438721832275392,20.02,23.38,23.98
QQQ,2026-09-03,2026-09-25,P,740.0,103,13,0.14457032196044922,24.87,24.23,24.79
QQQ,2026-09-03,2026-09-25,P,741.0,2,1,0.17545380218505857,36.59,24.99,27.2
QQQ,2026-09-03,2026-09-25,P,743.0,33,2,0.14710325561523438,32.25,25.31,27.37
QQQ,2026-09-03,2026-09-25,P,745.0,20,2,0.1431970446777344,25.61,28.34,28.89
QQQ,2026-09-03,2026-09-25,P,746.0,2,0,0.18030604858398439,33.38,29.11,31.42
QQQ,2026-09-03,2026-09-25,P,748.0,21,1,0.14624877197265623,40.93,29.47,31.61
QQQ,2026-09-03,2026-09-25,P,749.0,148,386,0.14655394470214844,41.9,30.17,32.5
QQQ,2026-09-03,2026-09-25,P,750.0,13,3,0.14777463562011722,33.49,31.25,33.43
QQQ,2026-09-03,2026-09-25,P,752.0,5,5,0.14838498107910159,26.83,32.98,35.24
QQQ,2026-09-03,2026-09-25,P,755.0,0,1,0.19373364868164064,48.26,35.73,39.56
QQQ,2026-09-03,2026-09-25,P,756.0,0,8,0.19538158142089845,48.38,36.66,40.49
QQQ,2026-09-03,2026-09-25,P,757.0,0,0,0.19873848144531248,42.3,37.63,41.49
QQQ,2026-09-03,2026-09-25,P,759.0,9,6,0.20331607238769528,46.5,39.51,43.41
QQQ,2026-09-03,2026-09-25,P,760.0,0,1,0.204536763305664,52.25,40.49,44.33
QQQ,2026-09-03,2026-09-25,P,770.0,0,1,0.23157506713867188,52.24,50.25,54.17
QQQ,2026-09-03,2026-09-25,P,780.0,0,2,0.26355716918945316,69.24,60.2,64.24
QQQ,2026-09-03,2026-09-25,P,790.0,0,3,0.2903513348388671,74.86,70.24,74.18
QQQ,2026-09-03,2026-09-25,P,795.0,0,0,0.3060372131347656,63.38,75.24,79.23
QQQ,2026-09-03,2026-09-25,P,800.0,2,2,0.31763377685546873,90.15,80.24,84.17
QQQ,2026-09-03,2026-09-25,P,805.0,0,2,0.3332586206054688,95.17,85.24,89.23
QQQ,2026-09-03,2026-09-25,P,930.0,0,0,0.6212196081542969,198.13,210.24,214.23
QQQ,2026-09-03,2026-10-02,C,545.0,2,2,0.5985147570800782,171.26,171.88,175.32
QQQ,2026-09-03,2026-10-02,C,565.0,11,0,0.5409591802978517,168.67,152.03,155.47
QQQ,2026-09-03,2026-10-02,C,595.0,2,0,0.45752495605468757,128.96,122.34,125.78
QQQ,2026-09-03,2026-10-02,C,600.0,1,0,0.4410456286621094,118.28,117.38,120.77
QQQ,2026-09-03,2026-10-02,C,605.0,2,0,0.4370173486328125,108.22,112.47,116.1
QQQ,2026-09-03,2026-10-02,C,620.0,14,10,0.39624627197265627,88.85,97.72,101.35
QQQ,2026-09-03,2026-10-02,C,625.0,6,4,0.3931945446777344,83.36,92.84,96.8
QQQ,2026-09-03,2026-10-02,C,630.0,175,20,0.37579969909667965,91.18,87.93,91.78
QQQ,2026-09-03,2026-10-02,C,635.0,5,2,0.34967691345214835,76.41,83.04,86.45
QQQ,2026-09-03,2026-10-02,C,640.0,9,3,0.34870036071777344,80.62,78.19,82.03
QQQ,2026-09-03,2026-10-02,C,645.0,16,5,0.340826904296875,76.87,73.37,77.4
QQQ,2026-09-03,2026-10-02,C,650.0,14,1,0.31836619140624994,70.94,68.55,72.19
QQQ,2026-09-03,2026-10-02,C,655.0,25,1,0.2766795965576171,64.17,63.82,66.2
QQQ,2026-09-03,2026-10-02,C,660.0,17,5,0.298285825805664,62.31,59.04,62.86
QQQ,2026-09-03,2026-10-02,C,665.0,14,2,0.2551344018554688,48.63,55.98,56.7
QQQ,2026-09-03,2026-10-02,C,670.0,52,3,0.2722240747070312,42.4,51.35,53.38
QQQ,2026-09-03,2026-10-02,C,675.0,12,10,0.2389602471923828,39.89,46.73,47.62
QQQ,2026-09-03,2026-10-02,C,677.0,1,0,0.23447420806884767,45.69,43.4,45.77
QQQ,2026-09-03,2026-10-02,C,680.0,6,1,0.24945818908691403,43.13,40.7,44.24
QQQ,2026-09-03,2026-10-02,C,682.0,1,1,0.2507399145507812,41.33,38.92,42.79
QQQ,2026-09-03,2026-10-02,C,685.0,17,2,0.21933764068603517,38.0,37.97,38.63
QQQ,2026-09-03,2026-10-02,C,686.0,3,3,0.24323266540527344,38.99,35.5,39.34
QQQ,2026-09-03,2026-10-02,C,687.0,1,20,0.240943869934082,31.32,34.63,38.46
QQQ,2026-09-03,2026-10-02,C,688.0,4,2,0.23920438537597655,36.3,33.81,37.62
QQQ,2026-09-03,2026-10-02,C,690.0,39,2,0.21143366699218746,33.78,33.8,34.38
QQQ,2026-09-03,2026-10-02,C,691.0,1,6,0.2111895288085937,32.97,32.91,33.63
QQQ,2026-09-03,2026-10-02,C,693.0,4,5,0.20780211151123046,33.19,31.25,31.96
QQQ,2026-09-03,2026-10-02,C,695.0,10,3,0.20337710693359373,31.0,29.72,30.24
QQQ,2026-09-03,2026-10-02,C,697.0,7,2,0.20096624237060545,30.41,28.08,28.68
QQQ,2026-09-03,2026-10-02,C,699.0,12,2,0.1986164123535156,24.56,26.49,27.15
QQQ,2026-09-03,2026-10-02,C,700.0,49,1,0.19583934051513674,29.03,25.78,26.28
QQQ,2026-09-03,2026-10-02,C,701.0,5,6,0.19547313323974608,25.01,25.01,25.59
QQQ,2026-09-03,2026-10-02,C,703.0,48,1,0.1926045095825195,24.15,23.52,24.08
QQQ,2026-09-03,2026-10-02,C,704.0,127,46,0.1912312322998047,24.12,22.77,23.34
QQQ,2026-09-03,2026-10-02,C,705.0,127,31,0.18882036773681643,23.1,21.95,22.53
QQQ,2026-09-03,2026-10-02,C,706.0,76,31,0.18776752182006834,19.64,21.29,21.83
QQQ,2026-09-03,2026-10-02,C,707.0,445,536,0.1871114004516602,21.64,20.63,21.17
QQQ,2026-09-03,2026-10-02,C,708.0,228,2,0.18531088134765622,22.74,19.88,20.43
QQQ,2026-09-03,2026-10-02,C,709.0,233,1,0.18354087951660153,21.31,19.24,19.7
QQQ,2026-09-03,2026-10-02,C,710.0,602,52,0.18201501586914062,18.43,18.48,19.0
QQQ,2026-09-03,2026-10-02,C,711.0,209,126,0.1815267395019531,17.96,17.97,18.39
QQQ,2026-09-03,2026-10-02,C,712.0,136,53,0.17990932403564452,18.4,17.31,17.7
QQQ,2026-09-03,2026-10-02,C,713.0,197,15,0.1789327713012695,16.41,16.65,17.07
QQQ,2026-09-03,2026-10-02,C,714.0,148,2,0.17742216629028318,16.03,15.96,16.41
QQQ,2026-09-03,2026-10-02,C,715.0,601,26,0.1753012158203125,15.7,15.4,15.71
QQQ,2026-09-03,2026-10-02,C,716.0,126,86,0.1746603530883789,14.82,14.91,15.14
QQQ,2026-09-03,2026-10-02,C,717.0,132,236,0.1731650067138672,14.46,14.29,14.51
QQQ,2026-09-03,2026-10-02,C,718.0,745,996,0.1720053503417969,13.67,13.68,13.92
QQQ,2026-09-03,2026-10-02,C,719.0,720,570,0.1711966426086426,12.99,13.15,13.37
QQQ,2026-09-03,2026-10-02,C,720.0,817,328,0.16950293395996097,12.55,12.66,12.76
QQQ,2026-09-03,2026-10-02,C,721.0,221,455,0.16904517486572268,11.72,12.14,12.26
QQQ,2026-09-03,2026-10-02,C,722.0,269,31,0.16742775939941407,11.46,11.57,11.68
QQQ,2026-09-03,2026-10-02,C,723.0,133,30,0.16666482757568363,11.2,11.06,11.18
QQQ,2026-09-03,2026-10-02,C,724.0,365,9,0.16614603393554692,10.41,10.59,10.71
QQQ,2026-09-03,2026-10-02,C,725.0,684,123,0.16481853256225587,9.91,10.1,10.19
QQQ,2026-09-03,2026-10-02,C,726.0,155,7,0.1638419798278809,10.32,9.6,9.71
QQQ,2026-09-03,2026-10-02,C,727.0,279,418,0.16297223754882814,9.97,9.13,9.25
QQQ,2026-09-03,2026-10-02,C,728.0,500,4,0.1623161161804199,8.8,8.7,8.82
QQQ,2026-09-03,2026-10-02,C,729.0,794,31,0.16124801162719726,8.51,8.26,8.37
QQQ,2026-09-03,2026-10-02,C,730.0,1711,260,0.1602714588928223,7.92,7.83,7.94
QQQ,2026-09-03,2026-10-02,C,731.0,77,38,0.1595237857055664,8.05,7.44,7.54
QQQ,2026-09-03,2026-10-02,C,732.0,47,6,0.1590049920654297,7.27,7.09,7.17
QQQ,2026-09-03,2026-10-02,C,733.0,176,37,0.1581962843322754,6.45,6.71,6.79
QQQ,2026-09-03,2026-10-02,C,734.0,147,28,0.15747912841796874,6.34,6.34,6.43
QQQ,2026-09-03,2026-10-02,C,735.0,739,93,0.15674671386718753,5.98,5.99,6.08
QQQ,2026-09-03,2026-10-02,C,736.0,289,12,0.15598378204345703,5.64,5.65,5.74
QQQ,2026-09-03,2026-10-02,C,737.0,278,10,0.15546498840332032,5.29,5.34,5.43
QQQ,2026-09-03,2026-10-02,C,738.0,454,17,0.15537343658447267,5.05,5.06,5.16
QQQ,2026-09-03,2026-10-02,C,739.0,342,65,0.15421378021240234,4.75,4.75,4.83
QQQ,2026-09-03,2026-10-02,C,740.0,1093,116,0.15378653839111328,4.51,4.48,4.56
QQQ,2026-09-03,2026-10-02,C,741.0,45,5,0.15351188293457033,4.22,4.23,4.31
QQQ,2026-09-03,2026-10-02,C,742.0,219,10,0.15274895111083986,3.98,3.97,4.04
QQQ,2026-09-03,2026-10-02,C,743.0,102,23,0.1524437783813477,3.73,3.72,3.81
QQQ,2026-09-03,2026-10-02,C,744.0,189,77,0.1519860192871094,3.5,3.5,3.58
QQQ,2026-09-03,2026-10-02,C,745.0,639,285,0.15134515655517583,3.29,3.29,3.35
QQQ,2026-09-03,2026-10-02,C,746.0,301,7,0.15085688018798832,3.09,3.08,3.14
QQQ,2026-09-03,2026-10-02,C,747.0,125,8,0.15058222473144534,2.87,2.89,2.95
QQQ,2026-09-03,2026-10-02,C,748.0,131,218,0.15033808654785158,2.7,2.71,2.77
QQQ,2026-09-03,2026-10-02,C,749.0,64,14,0.15009394836425782,2.58,2.53,2.6
QQQ,2026-09-03,2026-10-02,C,750.0,865,202,0.14948360290527346,2.38,2.36,2.42
QQQ,2026-09-03,2026-10-02,C,751.0,76,14,0.14933101654052733,2.23,2.21,2.27
QQQ,2026-09-03,2026-10-02,C,752.0,58,3,0.1492394647216797,2.05,2.07,2.13
QQQ,2026-09-03,2026-10-02,C,753.0,63,30,0.14872067108154297,1.86,1.92,1.98
QQQ,2026-09-03,2026-10-02,C,754.0,47,5,0.1487511883544922,1.81,1.8,1.86
QQQ,2026-09-03,2026-10-02,C,755.0,407,86,0.14862911926269531,1.68,1.68,1.74
QQQ,2026-09-03,2026-10-02,C,756.0,158,47,0.14832394653320313,1.56,1.56,1.62
QQQ,2026-09-03,2026-10-02,C,757.0,39,3,0.14814084289550783,1.46,1.45,1.51
QQQ,2026-09-03,2026-10-02,C,758.0,185,203,0.14801877380371098,1.36,1.35,1.41
QQQ,2026-09-03,2026-10-02,C,759.0,247,4,0.1480798083496094,1.27,1.26,1.32
QQQ,2026-09-03,2026-10-02,C,760.0,600,88,0.14765256652832032,1.17,1.18,1.22
QQQ,2026-09-03,2026-10-02,C,765.0,521,8,0.14722532470703126,0.79,0.81,0.85
QQQ,2026-09-03,2026-10-02,C,770.0,1485,36,0.1482629119873047,0.66,0.57,0.61
QQQ,2026-09-03,2026-10-02,C,775.0,311,37,0.14905636108398437,0.49,0.4,0.43
QQQ,2026-09-03,2026-10-02,C,780.0,173,43,0.1506432592773438,0.3,0.27,0.31
QQQ,2026-09-03,2026-10-02,C,785.0,159,6,0.1530846411132813,0.21,0.19,0.23
QQQ,2026-09-03,2026-10-02,C,790.0,128,7,0.15650257568359377,0.22,0.14,0.18
QQQ,2026-09-03,2026-10-02,C,795.0,139,8,0.1596763720703125,0.13,0.1,0.14
QQQ,2026-09-03,2026-10-02,C,800.0,246,12,0.165047412109375,0.11,0.08,0.12
QQQ,2026-09-03,2026-10-02,C,805.0,116,2,0.1694418994140625,0.11,0.06,0.1
QQQ,2026-09-03,2026-10-02,C,810.0,34,1,0.174812939453125,0.27,0.04,0.09
QQQ,2026-09-03,2026-10-02,C,815.0,11,1,0.1801839794921875,0.15,0.03,0.08
QQQ,2026-09-03,2026-10-02,C,820.0,5,1,0.18506674316406246,0.06,0.02,0.07
QQQ,2026-09-03,2026-10-02,C,825.0,3,3,0.18946123046875002,0.07,0.02,0.06
QQQ,2026-09-03,2026-10-02,C,830.0,34,1,0.19678537597656248,0.09,0.01,0.06
QQQ,2026-09-03,2026-10-02,C,835.0,3,1,0.20410952148437497,0.08,0.01,0.06
QQQ,2026-09-03,2026-10-02,C,840.0,3,1,0.20703917968749996,0.06,0.01,0.05
QQQ,2026-09-03,2026-10-02,C,845.0,3,1,0.213875048828125,0.05,0.0,0.05
QQQ,2026-09-03,2026-10-02,C,850.0,5,2,0.22071091796874998,0.11,0.0,0.05
QQQ,2026-09-03,2026-10-02,C,860.0,2,0,0.229499892578125,0.13,0.0,0.04
QQQ,2026-09-03,2026-10-02,C,880.0,1,0,0.25586681640625003,0.1,0.0,0.04
QQQ,2026-09-03,2026-10-02,C,890.0,0,2,0.2910227148437499,0.01,0.0,0.09
QQQ,2026-09-03,2026-10-02,C,950.0,1,1,0.3632876171875,0.01,0.0,0.08
QQQ,2026-09-03,2026-10-02,P,450.0,844,3,0.5976602734375001,0.07,0.06,0.1
QQQ,2026-09-03,2026-10-02,P,455.0,12,5,0.5888712988281251,0.15,0.06,0.11
QQQ,2026-09-03,2026-10-02,P,465.0,7,6,0.569340244140625,0.1,0.07,0.12
QQQ,2026-09-03,2026-10-02,P,470.0,19,4,0.5585981640625001,0.15,0.08,0.12
QQQ,2026-09-03,2026-10-02,P,475.0,21,8,0.5488326367187502,0.15,0.08,0.13
QQQ,2026-09-03,2026-10-02,P,490.0,48,6,0.5224657128906249,0.15,0.11,0.15
QQQ,2026-09-03,2026-10-02,P,500.0,698,8,0.5034229345703125,0.17,0.12,0.17
QQQ,2026-09-03,2026-10-02,P,515.0,6,6,0.48340360351562506,0.21,0.16,0.2
QQQ,2026-09-03,2026-10-02,P,520.0,4,6,0.47363807617187503,0.22,0.17,0.21
QQQ,2026-09-03,2026-10-02,P,525.0,74,3,0.46631393066406257,0.25,0.18,0.23
QQQ,2026-09-03,2026-10-02,P,530.0,7,2,0.4558159887695313,0.37,0.2,0.24
QQQ,2026-09-03,2026-10-02,P,535.0,46,1,0.44775942871093743,0.31,0.21,0.26
QQQ,2026-09-03,2026-10-02,P,540.0,10,3,0.4370173486328125,0.32,0.23,0.27
QQQ,2026-09-03,2026-10-02,P,545.0,309,1,0.42847251220703125,0.26,0.25,0.29
QQQ,2026-09-03,2026-10-02,P,550.0,345,4,0.4194393994140625,0.34,0.27,0.31
QQQ,2026-09-03,2026-10-02,P,555.0,38,1,0.41040628662109374,0.31,0.29,0.33
QQQ,2026-09-03,2026-10-02,P,560.0,30,10,0.40259386474609377,0.36,0.31,0.36
QQQ,2026-09-03,2026-10-02,P,565.0,57,12,0.39282833740234374,0.39,0.34,0.38
QQQ,2026-09-03,2026-10-02,P,570.0,162,42,0.3842835009765625,0.36,0.37,0.41
QQQ,2026-09-03,2026-10-02,P,575.0,99,1,0.3754945263671875,0.39,0.4,0.44
QQQ,2026-09-03,2026-10-02,P,580.0,194,3,0.366217275390625,0.46,0.43,0.47
QQQ,2026-09-03,2026-10-02,P,585.0,54,10,0.3579165771484375,0.53,0.47,0.51
QQQ,2026-09-03,2026-10-02,P,590.0,237,21,0.34924967163085935,0.51,0.51,0.55
QQQ,2026-09-03,2026-10-02,P,595.0,138,13,0.34107104248046877,0.63,0.55,0.6
QQQ,2026-09-03,2026-10-02,P,600.0,383,11,0.3315496533203125,0.63,0.59,0.64
QQQ,2026-09-03,2026-10-02,P,605.0,183,12,0.32263860961914054,0.65,0.65,0.69
QQQ,2026-09-03,2026-10-02,P,610.0,191,16,0.3147041186523437,0.76,0.71,0.76
QQQ,2026-09-03,2026-10-02,P,615.0,80,12,0.3062813513183594,0.76,0.78,0.83
QQQ,2026-09-03,2026-10-02,P,620.0,148,38,0.29798065307617183,0.9,0.85,0.91
QQQ,2026-09-03,2026-10-02,P,625.0,313,138,0.28967995483398434,0.97,0.95,1.0
QQQ,2026-09-03,2026-10-02,P,630.0,257,139,0.28076891113281244,0.98,1.03,1.09
QQQ,2026-09-03,2026-10-02,P,635.0,209,42,0.27283442016601556,1.17,1.14,1.21
QQQ,2026-09-03,2026-10-02,P,640.0,342,37,0.26453372192382807,1.33,1.27,1.34
QQQ,2026-09-03,2026-10-02,P,645.0,262,52,0.2563550927734375,1.47,1.43,1.49
QQQ,2026-09-03,2026-10-02,P,650.0,767,127,0.24842060180664063,1.66,1.61,1.67
QQQ,2026-09-03,2026-10-02,P,655.0,610,100,0.2406081799316406,1.91,1.82,1.88
QQQ,2026-09-03,2026-10-02,P,660.0,1404,103,0.23334506896972657,2.11,2.07,2.14
QQQ,2026-09-03,2026-10-02,P,665.0,721,175,0.22595988891601562,2.45,2.37,2.44
QQQ,2026-09-03,2026-10-02,P,670.0,6078,357,0.21875781249999998,2.79,2.73,2.8
QQQ,2026-09-03,2026-10-02,P,675.0,1458,175,0.21155573608398434,3.19,3.17,3.22
QQQ,2026-09-03,2026-10-02,P,676.0,91,3,0.21048763153076172,3.38,3.26,3.33
QQQ,2026-09-03,2026-10-02,P,677.0,98,7,0.20914487152099603,3.22,3.37,3.43
QQQ,2026-09-03,2026-10-02,P,678.0,97,19,0.20771055969238278,3.28,3.47,3.53
QQQ,2026-09-03,2026-10-02,P,679.0,77,13,0.20642883422851557,3.65,3.57,3.64
QQQ,2026-09-03,2026-10-02,P,680.0,1365,256,0.20505555694580074,3.83,3.68,3.75
QQQ,2026-09-03,2026-10-02,P,681.0,47,14,0.2036212451171875,3.72,3.8,3.86
QQQ,2026-09-03,2026-10-02,P,682.0,63,17,0.20252262329101559,4.15,3.92,3.99
QQQ,2026-09-03,2026-10-02,P,683.0,93,969,0.20111882873535153,4.25,4.05,4.11
QQQ,2026-09-03,2026-10-02,P,684.0,160,11,0.19983710327148438,4.27,4.16,4.24
QQQ,2026-09-03,2026-10-02,P,685.0,487,84,0.1986469296264648,4.45,4.31,4.38
QQQ,2026-09-03,2026-10-02,P,686.0,48,31,0.19721261779785154,4.68,4.44,4.51
QQQ,2026-09-03,2026-10-02,P,687.0,38,10,0.19602244415283204,4.67,4.59,4.66
QQQ,2026-09-03,2026-10-02,P,688.0,67,8,0.19458813232421873,5.02,4.72,4.8
QQQ,2026-09-03,2026-10-02,P,689.0,37,9,0.19342847595214846,5.01,4.89,4.96
QQQ,2026-09-03,2026-10-02,P,690.0,412,159,0.19214675048828128,5.12,5.04,5.12
QQQ,2026-09-03,2026-10-02,P,691.0,69,36,0.19095657684326173,5.08,5.21,5.29
QQQ,2026-09-03,2026-10-02,P,692.0,61,8,0.18967485137939455,5.68,5.38,5.46
QQQ,2026-09-03,2026-10-02,P,693.0,54,1,0.18845416046142577,5.5,5.56,5.64
QQQ,2026-09-03,2026-10-02,P,694.0,78,1,0.1871419177246094,5.34,5.74,5.82
QQQ,2026-09-03,2026-10-02,P,695.0,282,90,0.1858907095336914,6.07,5.93,6.01
QQQ,2026-09-03,2026-10-02,P,696.0,48,2,0.18467001861572263,5.95,6.14,6.21
QQQ,2026-09-03,2026-10-02,P,697.0,69,7,0.18352562088012692,6.62,6.34,6.42
QQQ,2026-09-03,2026-10-02,P,698.0,104,8,0.18225915405273438,6.68,6.55,6.63
QQQ,2026-09-03,2026-10-02,P,699.0,40,17,0.18105372177124018,7.05,6.75,6.85
QQQ,2026-09-03,2026-10-02,P,700.0,6352,548,0.17972622039794922,7.02,7.0,7.07
QQQ,2026-09-03,2026-10-02,P,701.0,186,6,0.17859708129882812,6.49,7.21,7.31
QQQ,2026-09-03,2026-10-02,P,702.0,124,5,0.17746794219970702,7.17,7.48,7.56
QQQ,2026-09-03,2026-10-02,P,703.0,38,18,0.1762472512817383,8.11,7.71,7.81
QQQ,2026-09-03,2026-10-02,P,704.0,91,30,0.1750265603637695,7.55,7.99,8.07
QQQ,2026-09-03,2026-10-02,P,705.0,503,195,0.17371431762695314,8.29,8.23,8.33
QQQ,2026-09-03,2026-10-02,P,706.0,323,28,0.17253940261840822,8.4,8.5,8.61
QQQ,2026-09-03,2026-10-02,P,707.0,136,61,0.17136448760986328,8.94,8.8,8.9
QQQ,2026-09-03,2026-10-02,P,708.0,144,15,0.17022008987426762,8.66,9.1,9.2
QQQ,2026-09-03,2026-10-02,P,709.0,214,56,0.1690756921386719,9.93,9.4,9.51
QQQ,2026-09-03,2026-10-02,P,710.0,598,298,0.16779396667480473,9.78,9.71,9.82
QQQ,2026-09-03,2026-10-02,P,711.0,99,3,0.1667563793945313,10.19,10.04,10.16
QQQ,2026-09-03,2026-10-02,P,712.0,156,5,0.16559672302246098,10.67,10.39,10.5
QQQ,2026-09-03,2026-10-02,P,713.0,155,18,0.1645591357421875,10.86,10.76,10.86
QQQ,2026-09-03,2026-10-02,P,714.0,231,10,0.163368962097168,11.25,11.12,11.22
QQQ,2026-09-03,2026-10-02,P,715.0,4146,199,0.16254499572753905,12.09,11.5,11.62
QQQ,2026-09-03,2026-10-02,P,716.0,244,50,0.1613243048095703,12.12,11.88,12.0
QQQ,2026-09-03,2026-10-02,P,717.0,657,135,0.16022568298339845,12.35,12.3,12.4
QQQ,2026-09-03,2026-10-02,P,718.0,149,479,0.1593406820678711,12.77,12.72,12.83
QQQ,2026-09-03,2026-10-02,P,719.0,65,111,0.1580284393310547,13.29,13.11,13.24
QQQ,2026-09-03,2026-10-02,P,720.0,416,131,0.15795214614868164,13.98,13.55,13.76
QQQ,2026-09-03,2026-10-02,P,721.0,178,120,0.15696033477783206,14.2,13.98,14.22
QQQ,2026-09-03,2026-10-02,P,722.0,28,11,0.1560753338623047,14.38,14.48,14.7
QQQ,2026-09-03,2026-10-02,P,723.0,497,11,0.1550377465820313,14.83,14.92,15.18
QQQ,2026-09-03,2026-10-02,P,724.0,84,21,0.15454947021484378,16.31,15.28,15.72
QQQ,2026-09-03,2026-10-02,P,725.0,206,21,0.15342033111572267,16.43,15.84,16.22
QQQ,2026-09-03,2026-10-02,P,726.0,2,2,0.152626882019043,20.25,16.3,16.76
QQQ,2026-09-03,2026-10-02,P,727.0,7,1,0.15204705383300782,23.38,16.91,17.33
QQQ,2026-09-03,2026-10-02,P,728.0,11,32,0.1513146392822266,17.39,17.5,17.9
QQQ,2026-09-03,2026-10-02,P,729.0,7,2,0.1505211901855469,22.72,18.07,18.48
QQQ,2026-09-03,2026-10-02,P,730.0,76,24,0.14994136199951175,18.11,18.61,19.09
QQQ,2026-09-03,2026-10-02,P,731.0,40,3,0.17295138580322267,22.27,19.19,21.49
QQQ,2026-09-03,2026-10-02,P,732.0,60,2,0.16767189758300782,20.23,19.81,21.75
QQQ,2026-09-03,2026-10-02,P,733.0,74,1,0.17356173126220703,25.99,20.42,22.86
QQQ,2026-09-03,2026-10-02,P,734.0,26,3,0.14655394470214844,24.72,21.14,21.58
QQQ,2026-09-03,2026-10-02,P,735.0,8,4,0.14649291015625,29.75,21.8,22.29
QQQ,2026-09-03,2026-10-02,P,736.0,4,0,0.17258517852783206,25.51,22.54,24.85
QQQ,2026-09-03,2026-10-02,P,737.0,205,4,0.1723410403442383,29.49,23.24,25.54
QQQ,2026-09-03,2026-10-02,P,738.0,4,4,0.1725241439819336,28.94,23.81,26.27
QQQ,2026-09-03,2026-10-02,P,739.0,1,4,0.1720053503417969,25.0,24.55,26.96
QQQ,2026-09-03,2026-10-02,P,740.0,34,23,0.1674582766723633,34.01,25.3,27.39
QQQ,2026-09-03,2026-10-02,P,742.0,1,0,0.1727072476196289,35.71,26.75,29.24
QQQ,2026-09-03,2026-10-02,P,745.0,5,3,0.1679465530395508,36.84,29.19,31.26
QQQ,2026-09-03,2026-10-02,P,750.0,4,5,0.17105931488037113,34.56,33.28,35.47
QQQ,2026-09-03,2026-10-02,P,755.0,21,0,0.17975673767089845,40.27,37.62,40.1
QQQ,2026-09-03,2026-10-02,P,770.0,2,2,0.20423159057617185,52.8,50.45,54.27
QQQ,2026-09-03,2026-10-02,P,775.0,0,0,0.2166826379394531,64.49,55.21,59.24
QQQ,2026-09-03,2026-10-02,P,780.0,0,0,0.22907265075683597,63.74,60.8,64.22
QQQ,2026-09-03,2026-10-02,P,785.0,0,0,0.24115749084472654,67.05,65.24,69.2
QQQ,2026-09-03,2026-10-02,P,790.0,0,1,0.25354750366210943,71.37,70.79,74.2
QQQ,2026-09-03,2026-10-02,P,795.0,0,0,0.26508303283691403,64.76,75.79,79.18
QQQ,2026-09-03,2026-10-09,C,450.0,4,0,0.6750520776367189,268.35,266.96,270.33
QQQ,2026-09-03,2026-10-09,C,595.0,4,1,0.44208321594238287,125.22,123.13,126.74
QQQ,2026-09-03,2026-10-09,C,600.0,1,1,0.42896078857421877,119.62,118.28,121.81
QQQ,2026-09-03,2026-10-09,C,610.0,1,0,0.4128476684570312,113.33,108.47,112.33
QQQ,2026-09-03,2026-10-09,C,650.0,4,4,0.2910837493896483,63.18,71.09,72.44
QQQ,2026-09-03,2026-10-09,C,660.0,6,2,0.27188838470458976,64.51,61.68,63.08
QQQ,2026-09-03,2026-10-09,C,665.0,3,2,0.2623975128173829,59.91,57.08,58.46
QQQ,2026-09-03,2026-10-09,C,670.0,11,5,0.25318129638671877,52.28,52.59,53.9
QQQ,2026-09-03,2026-10-09,C,675.0,1,0,0.24436180450439454,49.4,48.14,49.42
QQQ,2026-09-03,2026-10-09,C,690.0,23,1,0.21842212249755855,32.45,35.68,36.46
QQQ,2026-09-03,2026-10-09,C,691.0,2,2,0.21686574157714844,28.17,34.86,35.64
QQQ,2026-09-03,2026-10-09,C,694.0,1,0,0.21381401428222657,34.44,32.18,33.33
QQQ,2026-09-03,2026-10-09,C,698.0,1,1,0.20636779968261715,23.0,29.37,30.06
QQQ,2026-09-03,2026-10-09,C,699.0,13,2,0.20664245513916013,24.12,28.28,29.43
QQQ,2026-09-03,2026-10-09,C,700.0,19,11,0.2051165914916992,24.3,27.55,28.66
QQQ,2026-09-03,2026-10-09,C,705.0,244,15,0.19428295959472658,26.18,24.45,24.63
QQQ,2026-09-03,2026-10-09,C,708.0,37,11,0.1902546795654297,17.39,22.33,22.5
QQQ,2026-09-03,2026-10-09,C,710.0,328,19,0.1880269186401367,22.07,21.01,21.16
QQQ,2026-09-03,2026-10-09,C,711.0,15,102,0.18723346954345704,23.07,20.34,20.53
QQQ,2026-09-03,2026-10-09,C,712.0,78,129,0.18555501953124998,19.94,19.65,19.83
QQQ,2026-09-03,2026-10-09,C,713.0,20,32,0.18467001861572263,19.5,19.03,19.21
QQQ,2026-09-03,2026-10-09,C,714.0,25,37,0.18378501770019529,20.05,18.43,18.6
QQQ,2026-09-03,2026-10-09,C,715.0,218,9,0.18225915405273438,17.37,17.8,17.94
QQQ,2026-09-03,2026-10-09,C,716.0,141,5,0.1808553594970703,16.83,17.14,17.3
QQQ,2026-09-03,2026-10-09,C,717.0,193,117,0.17978725494384767,16.58,16.54,16.7
QQQ,2026-09-03,2026-10-09,C,718.0,253,29,0.178719150390625,15.8,15.95,16.11
QQQ,2026-09-03,2026-10-09,C,719.0,70,16,0.17765104583740232,16.02,15.37,15.53
QQQ,2026-09-03,2026-10-09,C,720.0,508,326,0.17704070037841796,14.76,14.84,15.0
QQQ,2026-09-03,2026-10-09,C,721.0,327,800,0.17563690582275393,14.47,14.26,14.41
QQQ,2026-09-03,2026-10-09,C,722.0,68,511,0.17469087036132813,13.61,13.72,13.87
QQQ,2026-09-03,2026-10-09,C,723.0,27,7,0.1742941458129883,14.67,13.24,13.39
QQQ,2026-09-03,2026-10-09,C,724.0,45,16,0.17289035125732422,12.35,12.69,12.83
QQQ,2026-09-03,2026-10-09,C,725.0,143,224,0.17192905715942386,12.02,12.19,12.32
QQQ,2026-09-03,2026-10-09,C,726.0,45,73,0.17105931488037113,11.77,11.69,11.83
QQQ,2026-09-03,2026-10-09,C,727.0,77,27,0.1706625903320313,12.16,11.25,11.39
QQQ,2026-09-03,2026-10-09,C,728.0,40,14,0.16931983032226564,11.68,10.75,10.88
QQQ,2026-09-03,2026-10-09,C,729.0,86,14,0.16867896759033207,10.01,10.31,10.44
QQQ,2026-09-03,2026-10-09,C,730.0,217,164,0.1676566389465332,9.8,9.87,9.98
QQQ,2026-09-03,2026-10-09,C,731.0,47,5,0.16687844848632816,10.28,9.43,9.55
QQQ,2026-09-03,2026-10-09,C,732.0,49,28,0.16606974075317388,9.83,9.02,9.13
QQQ,2026-09-03,2026-10-09,C,733.0,9,22,0.1656119816589356,8.58,8.64,8.75
QQQ,2026-09-03,2026-10-09,C,734.0,526,11,0.1645591357421875,8.08,8.22,8.33
QQQ,2026-09-03,2026-10-09,C,735.0,192,110,0.16347577255249024,7.77,7.84,7.92
QQQ,2026-09-03,2026-10-09,C,737.0,14,10,0.16251447845458983,6.9,7.13,7.23
QQQ,2026-09-03,2026-10-09,C,740.0,198,204,0.16039352798461914,6.09,6.13,6.22
QQQ,2026-09-03,2026-10-09,C,741.0,83,4,0.16028671752929688,6.16,5.85,5.95
QQQ,2026-09-03,2026-10-09,C,742.0,113,36,0.1595237857055664,5.77,5.56,5.64
QQQ,2026-09-03,2026-10-09,C,745.0,314,155,0.1579063702392578,4.69,4.74,4.82
QQQ,2026-09-03,2026-10-09,C,746.0,111,31,0.15760119750976562,4.52,4.5,4.58
QQQ,2026-09-03,2026-10-09,C,747.0,25,27,0.15699085205078128,4.75,4.25,4.33
QQQ,2026-09-03,2026-10-09,C,748.0,37,34,0.156533092956543,4.19,4.03,4.1
QQQ,2026-09-03,2026-10-09,C,749.0,27,15,0.1564110238647461,3.72,3.81,3.9
QQQ,2026-09-03,2026-10-09,C,750.0,287,207,0.15583119567871095,3.5,3.61,3.68
QQQ,2026-09-03,2026-10-09,C,751.0,31,5,0.15561757476806642,3.81,3.42,3.49
QQQ,2026-09-03,2026-10-09,C,752.0,34,117,0.15546498840332032,3.16,3.23,3.31
QQQ,2026-09-03,2026-10-09,C,753.0,29,59,0.15497671203613284,3.0,3.05,3.12
QQQ,2026-09-03,2026-10-09,C,754.0,17,97,0.15470205657958985,2.81,2.89,2.95
QQQ,2026-09-03,2026-10-09,C,755.0,286,60,0.15430533203125002,2.71,2.73,2.78
QQQ,2026-09-03,2026-10-09,C,756.0,47,9,0.15415274566650394,2.75,2.58,2.63
QQQ,2026-09-03,2026-10-09,C,757.0,51,4,0.15406119384765626,2.37,2.43,2.49
QQQ,2026-09-03,2026-10-09,C,758.0,36,12,0.1536339520263672,2.26,2.29,2.34
QQQ,2026-09-03,2026-10-09,C,759.0,25,6,0.15351188293457033,2.59,2.16,2.21
QQQ,2026-09-03,2026-10-09,C,760.0,436,67,0.15323722747802737,2.01,2.04,2.08
QQQ,2026-09-03,2026-10-09,C,765.0,190,57,0.15271843383789066,1.5,1.51,1.55
QQQ,2026-09-03,2026-10-09,C,770.0,520,110,0.15223015747070315,1.12,1.12,1.14
QQQ,2026-09-03,2026-10-09,C,775.0,386,9,0.15271843383789066,0.82,0.81,0.85
QQQ,2026-09-03,2026-10-09,C,780.0,494,6,0.15375602111816405,0.69,0.61,0.64
QQQ,2026-09-03,2026-10-09,C,785.0,255,14,0.15485464294433599,0.44,0.45,0.48
QQQ,2026-09-03,2026-10-09,C,790.0,106,273,0.15674671386718753,0.34,0.34,0.37
QQQ,2026-09-03,2026-10-09,C,795.0,278,4,0.15906602661132813,0.27,0.26,0.29
QQQ,2026-09-03,2026-10-09,C,800.0,159,5,0.16162947753906248,0.21,0.2,0.23
QQQ,2026-09-03,2026-10-09,C,805.0,56,14,0.165047412109375,0.23,0.15,0.19
QQQ,2026-09-03,2026-10-09,C,810.0,114,2,0.16724465576171876,0.15,0.12,0.15
QQQ,2026-09-03,2026-10-09,C,815.0,36,20,0.1713950048828125,0.11,0.09,0.13
QQQ,2026-09-03,2026-10-09,C,820.0,4,1,0.17505707763671874,0.09,0.08,0.11
QQQ,2026-09-03,2026-10-09,C,835.0,3,0,0.1889729541015625,0.15,0.04,0.08
QQQ,2026-09-03,2026-10-09,P,450.0,264,1,0.56836369140625,0.13,0.12,0.16
QQQ,2026-09-03,2026-10-09,P,455.0,1,0,0.56055126953125,0.2,0.13,0.17
QQQ,2026-09-03,2026-10-09,P,480.0,161,10,0.5131884619140624,0.2,0.17,0.21
QQQ,2026-09-03,2026-10-09,P,495.0,43,2,0.4931691308593751,0.22,0.21,0.25
QQQ,2026-09-03,2026-10-09,P,500.0,80,18,0.4836477416992188,0.23,0.22,0.26
QQQ,2026-09-03,2026-10-09,P,520.0,2,0,0.4480035668945312,0.42,0.28,0.32
QQQ,2026-09-03,2026-10-09,P,530.0,3,3,0.43115803222656257,0.45,0.32,0.36
QQQ,2026-09-03,2026-10-09,P,535.0,8,4,0.42236905761718746,0.6,0.35,0.38
QQQ,2026-09-03,2026-10-09,P,540.0,74,20,0.41480077392578124,0.42,0.37,0.41
QQQ,2026-09-03,2026-10-09,P,550.0,19,1,0.39771110107421875,0.43,0.43,0.46
QQQ,2026-09-03,2026-10-09,P,560.0,83,16,0.38086556640624997,0.49,0.48,0.52
QQQ,2026-09-03,2026-10-09,P,565.0,17,1,0.37219866088867193,0.76,0.52,0.55
QQQ,2026-09-03,2026-10-09,P,570.0,11,21,0.36426416992187505,0.56,0.56,0.59
QQQ,2026-09-03,2026-10-09,P,575.0,44,2,0.35596347167968745,0.6,0.6,0.63
QQQ,2026-09-03,2026-10-09,P,580.0,41,4,0.3482731188964844,0.64,0.64,0.68
QQQ,2026-09-03,2026-10-09,P,585.0,554,13,0.3403386279296875,0.69,0.69,0.73
QQQ,2026-09-03,2026-10-09,P,590.0,72,4,0.3319158605957031,0.78,0.74,0.78
QQQ,2026-09-03,2026-10-09,P,595.0,63,2,0.32398136962890617,0.8,0.8,0.84
QQQ,2026-09-03,2026-10-09,P,600.0,104,25,0.31629101684570304,0.9,0.88,0.91
QQQ,2026-09-03,2026-10-09,P,605.0,27,18,0.30811238769531246,0.97,0.94,0.98
QQQ,2026-09-03,2026-10-09,P,610.0,60,32,0.3007882421875,1.05,1.03,1.07
QQQ,2026-09-03,2026-10-09,P,615.0,43,14,0.292853751220703,1.18,1.12,1.16
QQQ,2026-09-03,2026-10-09,P,620.0,113,59,0.2854685711669921,1.23,1.24,1.27
QQQ,2026-09-03,2026-10-09,P,625.0,85,8,0.2775340802001953,1.4,1.34,1.38
QQQ,2026-09-03,2026-10-09,P,630.0,303,18,0.27027096923828126,1.56,1.49,1.52
QQQ,2026-09-03,2026-10-09,P,635.0,218,34,0.2631299273681641,1.73,1.64,1.68
QQQ,2026-09-03,2026-10-09,P,640.0,1141,22,0.25592785095214843,1.89,1.82,1.86
QQQ,2026-09-03,2026-10-09,P,645.0,416,292,0.24890887817382812,2.12,2.04,2.07
QQQ,2026-09-03,2026-10-09,P,650.0,474,37,0.2417068017578125,2.35,2.25,2.3
QQQ,2026-09-03,2026-10-09,P,655.0,155,26,0.23493196716308595,2.62,2.53,2.58
QQQ,2026-09-03,2026-10-09,P,660.0,359,113,0.22815713256835937,2.89,2.85,2.9
QQQ,2026-09-03,2026-10-09,P,665.0,385,70,0.22165695343017577,3.3,3.22,3.28
QQQ,2026-09-03,2026-10-09,P,670.0,472,98,0.21518729156494143,3.73,3.66,3.72
QQQ,2026-09-03,2026-10-09,P,675.0,383,351,0.20896176788330073,4.43,4.16,4.24
QQQ,2026-09-03,2026-10-09,P,676.0,87,33,0.20783262878417966,4.56,4.28,4.36
QQQ,2026-09-03,2026-10-09,P,677.0,49,15,0.20645935150146477,4.47,4.41,4.47
QQQ,2026-09-03,2026-10-09,P,678.0,33,13,0.20520814331054685,4.39,4.52,4.59
QQQ,2026-09-03,2026-10-09,P,679.0,684,10,0.20389590057373047,4.88,4.64,4.71
QQQ,2026-09-03,2026-10-09,P,680.0,1175,104,0.20270572692871092,4.94,4.77,4.84
QQQ,2026-09-03,2026-10-09,P,681.0,20,1,0.20157658782958982,4.92,4.92,4.98
QQQ,2026-09-03,2026-10-09,P,682.0,35,12,0.2007221041870117,5.15,5.05,5.14
QQQ,2026-09-03,2026-10-09,P,683.0,108,16,0.19916572326660154,4.93,5.17,5.26
QQQ,2026-09-03,2026-10-09,P,684.0,49,9,0.19788399780273438,5.58,5.34,5.4
QQQ,2026-09-03,2026-10-09,P,685.0,194,48,0.1966633068847656,5.65,5.48,5.55
QQQ,2026-09-03,2026-10-09,P,686.0,32,2,0.19553416778564453,6.0,5.63,5.71
QQQ,2026-09-03,2026-10-09,P,687.0,34,50,0.19446606323242188,5.92,5.81,5.88
QQQ,2026-09-03,2026-10-09,P,688.0,24,28,0.1931843377685547,6.34,5.97,6.04
QQQ,2026-09-03,2026-10-09,P,689.0,16,3,0.1919941641235352,5.92,6.14,6.21
QQQ,2026-09-03,2026-10-09,P,690.0,226,39,0.19086502502441405,6.57,6.31,6.39
QQQ,2026-09-03,2026-10-09,P,691.0,9,10,0.18964433410644532,6.26,6.5,6.57
QQQ,2026-09-03,2026-10-09,P,692.0,39,8,0.18851519500732422,7.14,6.68,6.76
QQQ,2026-09-03,2026-10-09,P,693.0,27,2,0.1872945040893555,7.17,6.87,6.95
QQQ,2026-09-03,2026-10-09,P,694.0,124,6,0.18639424453735354,7.5,7.09,7.17
QQQ,2026-09-03,2026-10-09,P,695.0,89,15,0.18515829498291014,6.71,7.29,7.37
QQQ,2026-09-03,2026-10-09,P,696.0,120,46,0.18395286270141603,7.26,7.48,7.58
QQQ,2026-09-03,2026-10-09,P,697.0,86,9,0.1828084649658203,7.42,7.69,7.8
QQQ,2026-09-03,2026-10-09,P,698.0,64,21,0.18158777404785154,8.25,7.93,8.02
QQQ,2026-09-03,2026-10-09,P,699.0,53,7,0.1806417385864258,8.22,8.18,8.27
QQQ,2026-09-03,2026-10-09,P,700.0,728,196,0.17936001312255856,8.61,8.4,8.5
QQQ,2026-09-03,2026-10-09,P,701.0,18,9,0.1783834603881836,9.11,8.67,8.76
QQQ,2026-09-03,2026-10-09,P,702.0,32,11,0.1771627694702148,9.06,8.89,9.01
QQQ,2026-09-03,2026-10-09,P,703.0,200,11,0.17612518218994144,8.91,9.17,9.28
QQQ,2026-09-03,2026-10-09,P,704.0,109,12,0.17520966400146482,9.98,9.46,9.57
QQQ,2026-09-03,2026-10-09,P,705.0,279,25,0.17408052490234377,9.96,9.74,9.85
QQQ,2026-09-03,2026-10-09,P,706.0,15,7,0.1729819030761719,10.52,10.03,10.14
QQQ,2026-09-03,2026-10-09,P,707.0,157,6,0.1716696603393555,10.47,10.3,10.42
QQQ,2026-09-03,2026-10-09,P,708.0,56,11,0.17060155578613284,10.54,10.61,10.73
QQQ,2026-09-03,2026-10-09,P,709.0,32,4,0.16977758941650395,11.4,10.94,11.07
QQQ,2026-09-03,2026-10-09,P,710.0,200,107,0.1687247434997559,11.26,11.28,11.4
QQQ,2026-09-03,2026-10-09,P,711.0,109,12,0.16779396667480473,11.0,11.61,11.75
QQQ,2026-09-03,2026-10-09,P,712.0,142,14,0.16666482757568363,12.45,11.96,12.09
QQQ,2026-09-03,2026-10-09,P,714.0,282,15,0.1643760321044922,12.2,12.66,12.8
QQQ,2026-09-03,2026-10-09,P,715.0,263,66,0.1633537034606934,13.31,13.04,13.18
QQQ,2026-09-03,2026-10-09,P,716.0,114,8,0.16266706481933596,13.96,13.47,13.6
QQQ,2026-09-03,2026-10-09,P,717.0,213,77,0.16173628799438478,13.97,13.87,14.01
QQQ,2026-09-03,2026-10-09,P,718.0,734,138,0.16057663162231445,14.37,14.27,14.41
QQQ,2026-09-03,2026-10-09,P,719.0,62,63,0.15941697525024412,14.88,14.69,14.82
QQQ,2026-09-03,2026-10-09,P,720.0,58,164,0.15891344024658205,15.69,15.16,15.3
QQQ,2026-09-03,2026-10-09,P,721.0,8,67,0.15760119750976562,15.1,15.58,15.72
QQQ,2026-09-03,2026-10-09,P,722.0,97,5,0.1567314552307129,16.64,16.05,16.19
QQQ,2026-09-03,2026-10-09,P,723.0,79,1,0.15628895477294924,19.47,16.55,16.71
QQQ,2026-09-03,2026-10-09,P,724.0,5,1,0.15515981567382814,15.66,17.03,17.18
QQQ,2026-09-03,2026-10-09,P,725.0,35,8,0.154579987487793,18.04,17.54,17.71
QQQ,2026-09-03,2026-10-09,P,726.0,18,15,0.15351188293457033,19.1,18.06,18.21
QQQ,2026-09-03,2026-10-09,P,730.0,6,1,0.1501702415466309,18.78,20.25,20.41
QQQ,2026-09-03,2026-10-09,P,732.0,5,2,0.14835446380615236,22.16,21.38,21.57
QQQ,2026-09-03,2026-10-09,P,750.0,4,0,0.1698996585083008,37.05,33.65,36.51
QQQ,2026-09-03,2026-10-16,C,300.0,16,4,0.9492192578124999,433.0,416.4,420.07
QQQ,2026-09-03,2026-10-16,C,305.0,1,1,0.89257919921875,419.33,411.46,414.89
QQQ,2026-09-03,2026-10-16,C,310.0,11,1,0.9433599414062499,370.7,406.48,410.1
QQQ,2026-09-03,2026-10-16,C,315.0,10,10,1.0000000000000003e-05,384.34,391.55,394.2
QQQ,2026-09-03,2026-10-16,C,320.0,11,1,0.9335944140625,395.21,396.53,400.17
QQQ,2026-09-03,2026-10-16,C,325.0,3,2,1.0000000000000003e-05,398.0,381.74,384.26
QQQ,2026-09-03,2026-10-16,C,330.0,11,1,0.87695435546875,391.02,386.57,390.01
QQQ,2026-09-03,2026-10-16,C,335.0,17,1,0.8911143701171874,383.91,381.61,385.13
QQQ,2026-09-03,2026-10-16,C,340.0,2,1,1.2103310968017575,373.63,379.1,382.8
QQQ,2026-09-03,2026-10-16,C,350.0,13,1,0.8554701953125,360.09,366.69,370.13
QQQ,2026-09-03,2026-10-16,C,355.0,251,1,0.8889171264648437,347.8,361.7,365.52
QQQ,2026-09-03,2026-10-16,C,360.0,400,400,1.0000000000000003e-05,348.38,346.89,349.55
QQQ,2026-09-03,2026-10-16,C,365.0,4,1,1.0000000000000003e-05,332.66,341.93,344.58
QQQ,2026-09-03,2026-10-16,C,370.0,10,10,1.0000000000000003e-05,329.54,336.97,339.62
QQQ,2026-09-03,2026-10-16,C,375.0,1,0,1.7708751690673827,352.39,363.67,367.13
QQQ,2026-09-03,2026-10-16,C,380.0,53,5,0.8137225659179688,333.19,336.87,340.39
QQQ,2026-09-03,2026-10-16,C,385.0,33,32,1.725709379272461,334.69,354.07,357.68
QQQ,2026-09-03,2026-10-16,C,390.0,4,1,1.0000000000000003e-05,314.63,317.14,319.86
QQQ,2026-09-03,2026-10-16,C,395.0,6,1,0.7805197729492188,324.3,322.01,325.39
QQQ,2026-09-03,2026-10-16,C,400.0,178,150,0.7927266821289063,309.84,316.98,320.78
QQQ,2026-09-03,2026-10-16,C,405.0,3,1,0.7697776928710938,308.6,312.0,315.65
QQQ,2026-09-03,2026-10-16,C,410.0,4,1,0.764650791015625,299.15,307.1,310.69
QQQ,2026-09-03,2026-10-16,C,420.0,3,1,0.7509790527343749,289.09,297.16,300.89
QQQ,2026-09-03,2026-10-16,C,425.0,15,1,0.7248562670898437,282.13,292.13,295.73
QQQ,2026-09-03,2026-10-16,C,430.0,7,2,0.710940390625,278.0,287.17,290.7
QQQ,2026-09-03,2026-10-16,C,435.0,66,2,1.0000000000000003e-05,296.46,262.62,266.33
QQQ,2026-09-03,2026-10-16,C,440.0,58,2,0.6835969140625001,275.89,277.22,280.67
QQQ,2026-09-03,2026-10-16,C,445.0,1,1,0.906678179321289,263.49,275.96,279.55
QQQ,2026-09-03,2026-10-16,C,450.0,25,1,0.664309997558594,268.35,267.3,270.75
QQQ,2026-09-03,2026-10-16,C,455.0,3,1,1.0000000000000003e-05,288.95,252.74,255.5
QQQ,2026-09-03,2026-10-16,C,460.0,89,51,0.64648791015625,258.5,257.37,260.88
QQQ,2026-09-03,2026-10-16,C,465.0,37,1,0.645389288330078,250.68,252.47,256.06
QQQ,2026-09-03,2026-10-16,C,470.0,52,1,0.6267127172851563,240.65,247.51,250.91
QQQ,2026-09-03,2026-10-16,C,475.0,48,35,0.6221961608886719,243.38,242.55,246.09
QQQ,2026-09-03,2026-10-16,C,480.0,35,4,0.6159706372070313,239.04,237.51,241.32
QQQ,2026-09-03,2026-10-16,C,485.0,52,1,0.6047402807617189,234.5,232.55,236.35
QQQ,2026-09-03,2026-10-16,C,490.0,24,47,0.5939982006835938,241.82,227.59,231.39
QQQ,2026-09-03,2026-10-16,C,495.0,62,6,0.5842326733398437,218.35,222.66,226.43
QQQ,2026-09-03,2026-10-16,C,500.0,113,75,0.5736126623535156,218.3,217.7,221.48
QQQ,2026-09-03,2026-10-16,C,505.0,8,5,0.5620160986328125,215.46,212.72,216.52
QQQ,2026-09-03,2026-10-16,C,510.0,13,8,0.5520064331054688,206.94,207.78,211.57
QQQ,2026-09-03,2026-10-16,C,515.0,23,5,0.5371140039062501,222.53,202.81,206.49
QQQ,2026-09-03,2026-10-16,C,520.0,48,1,0.5311326184082032,193.8,197.88,201.67
QQQ,2026-09-03,2026-10-16,C,525.0,62,1,0.5120898400878906,186.87,192.88,196.47
QQQ,2026-09-03,2026-10-16,C,530.0,41,1,0.5012256909179689,177.69,187.98,191.45
QQQ,2026-09-03,2026-10-16,C,535.0,76,2,0.5008594836425782,184.95,183.08,186.83
QQQ,2026-09-03,2026-10-16,C,540.0,184,1,0.5526778131103516,171.86,178.09,181.5
QQQ,2026-09-03,2026-10-16,C,545.0,25,6,0.553837469482422,191.46,173.15,176.95
QQQ,2026-09-03,2026-10-16,C,550.0,144,5,0.5410812493896486,167.0,168.26,172.01
QQQ,2026-09-03,2026-10-16,C,555.0,69,10,1.0000000000000003e-05,179.86,154.27,156.97
QQQ,2026-09-03,2026-10-16,C,560.0,188,2,0.5029346582031251,151.6,158.34,161.73
QQQ,2026-09-03,2026-10-16,C,565.0,130,1,0.504460521850586,149.04,153.46,157.24
QQQ,2026-09-03,2026-10-16,C,570.0,73,3,0.4910939562988281,139.32,148.53,152.28
QQQ,2026-09-03,2026-10-16,C,575.0,42,1,0.471684970703125,134.36,143.61,147.11
QQQ,2026-09-03,2026-10-16,C,580.0,370,4,0.4682670361328125,132.75,138.68,142.5
QQQ,2026-09-03,2026-10-16,C,585.0,94,1,0.45508357421875,146.18,133.78,137.55
QQQ,2026-09-03,2026-10-16,C,590.0,287,4,0.442937699584961,122.07,128.8,132.64
QQQ,2026-09-03,2026-10-16,C,595.0,150,5,0.43219561950683594,117.22,123.91,127.79
QQQ,2026-09-03,2026-10-16,C,600.0,518,4,0.41022318298339844,120.48,119.02,122.49
QQQ,2026-09-03,2026-10-16,C,605.0,368,3,0.41000956207275385,106.6,114.15,118.08
QQQ,2026-09-03,2026-10-16,C,610.0,287,5,0.3994505856323243,101.03,109.34,113.26
QQQ,2026-09-03,2026-10-16,C,615.0,532,3,0.38779298736572265,106.01,104.38,108.4
QQQ,2026-09-03,2026-10-16,C,620.0,292,7,0.37387711090087883,93.46,99.65,103.44
QQQ,2026-09-03,2026-10-16,C,625.0,1799,12,0.34232225067138666,96.55,95.31,97.65
QQQ,2026-09-03,2026-10-16,C,630.0,614,1,0.3238593005371093,91.43,91.37,92.46
QQQ,2026-09-03,2026-10-16,C,635.0,252,1,0.32300481689453114,89.18,85.71,88.11
QQQ,2026-09-03,2026-10-16,C,640.0,287,1,0.3083565258789062,75.18,80.97,83.11
QQQ,2026-09-03,2026-10-16,C,645.0,321,3,0.30335169311523436,78.28,76.26,78.63
QQQ,2026-09-03,2026-10-16,C,650.0,1371,33,0.295356167602539,73.0,71.58,74.03
QQQ,2026-09-03,2026-10-16,C,651.0,2,4,0.2921213366699218,69.6,71.01,73.02
QQQ,2026-09-03,2026-10-16,C,652.0,3,4,0.28284408569335934,68.69,70.84,71.66
QQQ,2026-09-03,2026-10-16,C,653.0,10,21,0.28104356658935536,69.91,69.27,70.73
QQQ,2026-09-03,2026-10-16,C,654.0,6,1,0.2863230548095703,76.13,68.23,70.22
QQQ,2026-09-03,2026-10-16,C,655.0,883,5,0.2775340802001953,70.72,67.87,68.88
QQQ,2026-09-03,2026-10-16,C,656.0,34,2,0.275825112915039,64.46,67.14,67.96
QQQ,2026-09-03,2026-10-16,C,657.0,3,2,0.2876352975463866,57.22,65.05,67.87
QQQ,2026-09-03,2026-10-16,C,658.0,14,2,0.27936511657714835,44.97,64.5,66.55
QQQ,2026-09-03,2026-10-16,C,659.0,29,2,0.2839732247924803,68.14,63.3,66.04
QQQ,2026-09-03,2026-10-16,C,660.0,1002,2,0.27484856018066406,64.02,62.46,64.66
QQQ,2026-09-03,2026-10-16,C,661.0,14,2,0.2740551110839844,65.42,61.48,63.81
QQQ,2026-09-03,2026-10-16,C,662.0,8,2,0.26557130920410155,63.0,61.04,62.47
QQQ,2026-09-03,2026-10-16,C,663.0,3,1,0.2700268310546875,63.63,59.14,61.96
QQQ,2026-09-03,2026-10-16,C,664.0,34,33,0.26819579467773436,64.51,58.77,61.05
QQQ,2026-09-03,2026-10-16,C,665.0,483,1,0.2602918209838867,51.22,58.67,59.74
QQQ,2026-09-03,2026-10-16,C,666.0,10,6,0.2647778601074219,50.39,56.39,59.25
QQQ,2026-09-03,2026-10-16,C,667.0,33,4,0.26050544189453123,55.3,56.16,58.18
QQQ,2026-09-03,2026-10-16,C,668.0,6,1,0.2555006091308594,69.27,56.0,57.06
QQQ,2026-09-03,2026-10-16,C,669.0,15,1,0.2538831936645508,54.29,55.11,56.17
QQQ,2026-09-03,2026-10-16,C,670.0,680,2,0.2522352609252929,55.9,54.23,55.28
QQQ,2026-09-03,2026-10-16,C,671.0,27,6,0.25641612731933594,54.17,52.63,54.8
QQQ,2026-09-03,2026-10-16,C,672.0,116,1,0.2546461254882813,50.3,51.77,53.91
QQQ,2026-09-03,2026-10-16,C,673.0,10,1,0.25312026184082037,67.2,50.95,53.04
QQQ,2026-09-03,2026-10-16,C,674.0,47,2,0.251411294555664,52.0,50.01,52.16
QQQ,2026-09-03,2026-10-16,C,675.0,519,305,0.24420921813964847,43.93,49.87,50.88
QQQ,2026-09-03,2026-10-16,C,676.0,62,1,0.24817646362304688,53.13,48.23,50.42
QQQ,2026-09-03,2026-10-16,C,677.0,166,1,0.24649801361083984,49.45,47.52,49.55
QQQ,2026-09-03,2026-10-16,C,678.0,62,2,0.2449416326904297,45.23,46.61,48.69
QQQ,2026-09-03,2026-10-16,C,679.0,65,2,0.24826801544189453,41.8,45.66,48.21
QQQ,2026-09-03,2026-10-16,C,680.0,1433,20,0.23722076263427733,46.5,45.73,46.63
QQQ,2026-09-03,2026-10-16,C,681.0,43,2,0.23531343307495117,46.01,44.87,45.75
QQQ,2026-09-03,2026-10-16,C,682.0,42,4,0.23873136764526365,51.72,43.21,45.29
QQQ,2026-09-03,2026-10-16,C,683.0,65,1,0.2321396366882324,44.39,43.09,44.05
QQQ,2026-09-03,2026-10-16,C,684.0,58,4,0.2311173080444336,43.15,42.3,43.25
QQQ,2026-09-03,2026-10-16,C,685.0,1134,3,0.2291642025756836,42.77,41.44,42.38
QQQ,2026-09-03,2026-10-16,C,686.0,115,3,0.22780618392944335,42.38,40.61,41.56
QQQ,2026-09-03,2026-10-16,C,687.0,90,1,0.22638713073730468,41.72,40.06,40.74
QQQ,2026-09-03,2026-10-16,C,688.0,95,3,0.23407748352050778,40.77,38.51,40.68
QQQ,2026-09-03,2026-10-16,C,689.0,223,1,0.2235185070800781,45.51,38.18,39.11
QQQ,2026-09-03,2026-10-16,C,690.0,1653,1,0.22266402343749997,40.24,37.5,38.35
QQQ,2026-09-03,2026-10-16,C,691.0,63,3,0.22528850891113278,37.0,36.1,37.89
QQQ,2026-09-03,2026-10-16,C,692.0,119,2,0.22391523162841792,30.23,35.14,37.1
QQQ,2026-09-03,2026-10-16,C,693.0,109,1,0.21787281158447264,33.0,35.25,35.91
QQQ,2026-09-03,2026-10-16,C,694.0,82,1,0.22196212615966793,33.7,33.51,35.6
QQQ,2026-09-03,2026-10-16,C,695.0,1052,41,0.21518729156494143,33.49,33.6,34.35
QQQ,2026-09-03,2026-10-16,C,696.0,95,1,0.2225724716186523,32.88,32.23,34.35
QQQ,2026-09-03,2026-10-16,C,697.0,78,6,0.21250177154541017,26.35,32.16,32.81
QQQ,2026-09-03,2026-10-16,C,698.0,310,6,0.21140314971923824,26.34,31.28,32.07
QQQ,2026-09-03,2026-10-16,C,699.0,70,4,0.21454642883300779,25.82,29.81,31.72
QQQ,2026-09-03,2026-10-16,C,700.0,19586,10256,0.21329522064208983,29.95,29.86,30.98
QQQ,2026-09-03,2026-10-16,C,701.0,71,5,0.21186090881347652,26.8,28.48,30.23
QQQ,2026-09-03,2026-10-16,C,702.0,122,4,0.20604736831665038,27.7,28.33,29.08
QQQ,2026-09-03,2026-10-16,C,703.0,127,2,0.20247684738159177,30.01,27.96,28.14
QQQ,2026-09-03,2026-10-16,C,704.0,167,56,0.20163762237548827,22.17,27.28,27.46
QQQ,2026-09-03,2026-10-16,C,705.0,2065,50,0.20020331054687499,25.97,26.54,26.73
QQQ,2026-09-03,2026-10-16,C,706.0,277,2,0.19881477462768554,26.44,25.84,26.01
QQQ,2026-09-03,2026-10-16,C,707.0,578,10,0.19797554962158204,25.27,25.18,25.35
QQQ,2026-09-03,2026-10-16,C,708.0,991,1,0.19654123779296873,24.22,24.48,24.64
QQQ,2026-09-03,2026-10-16,C,709.0,799,2,0.19556468505859376,24.65,23.82,23.98
QQQ,2026-09-03,2026-10-16,C,710.0,3956,853,0.19440502868652343,23.05,23.15,23.31
QQQ,2026-09-03,2026-10-16,C,711.0,665,118,0.1930622686767578,23.11,22.45,22.63
QQQ,2026-09-03,2026-10-16,C,712.0,8714,10,0.19225356094360352,21.26,21.84,22.01
QQQ,2026-09-03,2026-10-16,C,713.0,1413,177,0.19095657684326173,20.73,21.2,21.35
QQQ,2026-09-03,2026-10-16,C,714.0,855,61,0.18947648910522463,20.4,20.52,20.68
QQQ,2026-09-03,2026-10-16,C,715.0,6359,171,0.18863726409912107,20.0,19.95,20.08
QQQ,2026-09-03,2026-10-16,C,716.0,793,22,0.18759967681884765,19.38,19.31,19.47
QQQ,2026-09-03,2026-10-16,C,717.0,1494,126,0.18650105499267577,18.75,18.72,18.86
QQQ,2026-09-03,2026-10-16,C,718.0,898,56,0.18518881225585934,18.0,18.1,18.24
QQQ,2026-09-03,2026-10-16,C,719.0,1434,71,0.18451743225097655,17.28,17.55,17.69
QQQ,2026-09-03,2026-10-16,C,720.0,14320,2060,0.18323570678710935,16.99,16.96,17.09
QQQ,2026-09-03,2026-10-16,C,721.0,2232,60,0.1825948440551758,16.29,16.42,16.56
QQQ,2026-09-03,2026-10-16,C,722.0,574,32,0.18134363586425778,16.18,15.87,15.98
QQQ,2026-09-03,2026-10-16,C,723.0,953,59,0.18041285903930665,15.33,15.32,15.44
QQQ,2026-09-03,2026-10-16,C,724.0,482,85,0.1798940653991699,15.53,14.83,14.95
QQQ,2026-09-03,2026-10-16,C,725.0,6246,626,0.1787649263000488,14.22,14.31,14.41
QQQ,2026-09-03,2026-10-16,C,726.0,669,44,0.17786466674804688,13.66,13.79,13.9
QQQ,2026-09-03,2026-10-16,C,727.0,423,22,0.17684233810424804,13.51,13.3,13.39
QQQ,2026-09-03,2026-10-16,C,728.0,1550,34,0.17604888900756838,12.57,12.85,12.91
QQQ,2026-09-03,2026-10-16,C,729.0,636,23,0.17505707763671874,12.38,12.36,12.42
QQQ,2026-09-03,2026-10-16,C,730.0,18805,924,0.17405000762939454,11.91,11.89,11.94
QQQ,2026-09-03,2026-10-16,C,731.0,882,24,0.17359224853515626,11.59,11.45,11.52
QQQ,2026-09-03,2026-10-16,C,732.0,781,26,0.17258517852783206,11.19,11.01,11.06
QQQ,2026-09-03,2026-10-16,C,733.0,631,17,0.1720358676147461,10.76,10.59,10.65
QQQ,2026-09-03,2026-10-16,C,734.0,3163,12,0.17125767715454104,10.31,10.16,10.23
QQQ,2026-09-03,2026-10-16,C,735.0,2409,206,0.17070836624145513,9.65,9.76,9.84
QQQ,2026-09-03,2026-10-16,C,736.0,508,22,0.16993017578125003,9.26,9.38,9.44
QQQ,2026-09-03,2026-10-16,C,737.0,400,62,0.16895362304687503,8.84,8.98,9.03
QQQ,2026-09-03,2026-10-16,C,738.0,294,140,0.1684195707702637,8.47,8.63,8.67
QQQ,2026-09-03,2026-10-16,C,739.0,524,239,0.16788551849365235,8.24,8.26,8.32
QQQ,2026-09-03,2026-10-16,C,740.0,21643,3192,0.16748879394531252,7.91,7.93,7.99
QQQ,2026-09-03,2026-10-16,C,741.0,541,51,0.1670920693969727,7.5,7.57,7.67
QQQ,2026-09-03,2026-10-16,C,742.0,477,153,0.16602396484375004,7.16,7.26,7.3
QQQ,2026-09-03,2026-10-16,C,743.0,795,89,0.1656577575683594,6.87,6.94,7.0
QQQ,2026-09-03,2026-10-16,C,744.0,1252,126,0.16492534301757814,6.51,6.62,6.68
QQQ,2026-09-03,2026-10-16,C,745.0,7949,880,0.16458965301513673,6.31,6.34,6.4
QQQ,2026-09-03,2026-10-16,C,746.0,1181,48,0.16413189392089844,6.03,6.1,6.12
QQQ,2026-09-03,2026-10-16,C,747.0,362,1107,0.1637046520996094,5.77,5.78,5.85
QQQ,2026-09-03,2026-10-16,C,748.0,734,116,0.16342999664306646,5.39,5.53,5.6
QQQ,2026-09-03,2026-10-16,C,749.0,702,16,0.1630637893676758,5.2,5.27,5.35
QQQ,2026-09-03,2026-10-16,C,750.0,29915,4258,0.16243818527221682,5.06,5.04,5.09
QQQ,2026-09-03,2026-10-16,C,755.0,7334,321,0.16056137298583983,3.91,3.95,4.0
QQQ,2026-09-03,2026-10-16,C,760.0,5137,349,0.1591575784301758,3.04,3.07,3.12
QQQ,2026-09-03,2026-10-16,C,765.0,6618,140,0.15821154296875,2.36,2.38,2.42
QQQ,2026-09-03,2026-10-16,C,770.0,23148,1059,0.1574486111450195,1.79,1.83,1.86
QQQ,2026-09-03,2026-10-16,C,775.0,5721,84,0.15717395568847659,1.37,1.39,1.43
QQQ,2026-09-03,2026-10-16,C,780.0,5102,219,0.15668567932128907,1.06,1.05,1.08
QQQ,2026-09-03,2026-10-16,C,785.0,2911,49,0.15747912841796874,0.79,0.81,0.84
QQQ,2026-09-03,2026-10-16,C,790.0,2554,122,0.15784533569335937,0.63,0.6,0.64
QQQ,2026-09-03,2026-10-16,C,795.0,3991,131,0.15906602661132813,0.49,0.47,0.5
QQQ,2026-09-03,2026-10-16,C,800.0,26045,544,0.16028671752929688,0.38,0.37,0.39
QQQ,2026-09-03,2026-10-16,C,805.0,2298,178,0.16211775390625,0.29,0.28,0.31
QQQ,2026-09-03,2026-10-16,C,810.0,1686,49,0.16407085937500002,0.23,0.22,0.25
QQQ,2026-09-03,2026-10-16,C,815.0,1742,36,0.1671225866699219,0.17,0.17,0.21
QQQ,2026-09-03,2026-10-16,C,820.0,3816,3,0.17041845214843754,0.15,0.14,0.18
QQQ,2026-09-03,2026-10-16,C,825.0,7438,15,0.17310397216796874,0.15,0.11,0.15
QQQ,2026-09-03,2026-10-16,C,830.0,2373,10,0.174812939453125,0.09,0.11,0.12
QQQ,2026-09-03,2026-10-16,C,835.0,1907,4,0.17920742675781248,0.08,0.08,0.11
QQQ,2026-09-03,2026-10-16,C,840.0,3303,8,0.18311363769531247,0.11,0.06,0.1
QQQ,2026-09-03,2026-10-16,C,845.0,1613,1,0.1870198486328125,0.05,0.05,0.09
QQQ,2026-09-03,2026-10-16,C,850.0,6968,3,0.18457846679687498,0.06,0.05,0.06
QQQ,2026-09-03,2026-10-16,C,855.0,598,8,0.196297099609375,0.06,0.04,0.08
QQQ,2026-09-03,2026-10-16,C,860.0,880,1,0.1992267578125,0.05,0.03,0.07
QQQ,2026-09-03,2026-10-16,C,865.0,1145,10,0.20508607421874997,0.05,0.02,0.07
QQQ,2026-09-03,2026-10-16,C,870.0,325,1,0.20703917968749996,0.04,0.02,0.06
QQQ,2026-09-03,2026-10-16,C,875.0,272,2,0.21289849609375,0.05,0.02,0.06
QQQ,2026-09-03,2026-10-16,C,880.0,1458,10,0.21826953613281247,0.03,0.01,0.06
QQQ,2026-09-03,2026-10-16,C,885.0,3337,2,0.21973436523437498,0.04,0.02,0.05
QQQ,2026-09-03,2026-10-16,C,890.0,331,1,0.22461712890624996,0.04,0.01,0.05
QQQ,2026-09-03,2026-10-16,C,895.0,461,34,0.225593681640625,0.04,0.02,0.04
QQQ,2026-09-03,2026-10-16,C,900.0,17309,259,0.23535920898437498,0.03,0.0,0.05
QQQ,2026-09-03,2026-10-16,C,905.0,173,1,0.23535920898437498,0.01,0.0,0.04
QQQ,2026-09-03,2026-10-16,C,910.0,471,5,0.24024197265624997,0.03,0.0,0.04
QQQ,2026-09-03,2026-10-16,C,915.0,144,1,0.245124736328125,0.07,0.0,0.04
QQQ,2026-09-03,2026-10-16,C,920.0,4229,40,0.2500075,0.03,0.0,0.04
QQQ,2026-09-03,2026-10-16,C,925.0,820,207,0.25586681640625003,0.06,0.0,0.04
QQQ,2026-09-03,2026-10-16,C,930.0,149,6,0.25977302734375,0.01,0.0,0.04
QQQ,2026-09-03,2026-10-16,C,935.0,91,1,0.264655791015625,0.09,0.0,0.04
QQQ,2026-09-03,2026-10-16,C,940.0,657,1,0.26367923828125,0.02,0.0,0.03
QQQ,2026-09-03,2026-10-16,C,945.0,196,1,0.26758544921875,0.02,0.0,0.03
QQQ,2026-09-03,2026-10-16,C,950.0,905,2,0.2500075,0.05,0.0,0.01
QQQ,2026-09-03,2026-10-16,C,955.0,1184,1,0.27735097656249996,0.08,0.0,0.03
QQQ,2026-09-03,2026-10-16,C,960.0,180,20,0.28125718749999995,0.03,0.0,0.03
QQQ,2026-09-03,2026-10-16,C,965.0,113,6,0.28613995117187496,0.04,0.0,0.03
QQQ,2026-09-03,2026-10-16,C,970.0,15785,5,0.28125718749999995,0.04,0.0,0.02
QQQ,2026-09-03,2026-10-16,C,975.0,98,12,0.29492892578124996,0.18,0.0,0.03
QQQ,2026-09-03,2026-10-16,C,980.0,164,86,0.29883513671874995,0.05,0.0,0.03
QQQ,2026-09-03,2026-10-16,C,985.0,30,1,0.30371790039062496,0.34,0.0,0.03
QQQ,2026-09-03,2026-10-16,C,990.0,1011,1,0.3086006640625,0.03,0.0,0.03
QQQ,2026-09-03,2026-10-16,C,1000.0,40,6,0.31641308593749995,0.05,0.0,0.03
QQQ,2026-09-03,2026-10-16,C,1010.0,182,122,0.32617861328125,0.05,0.0,0.03
QQQ,2026-09-03,2026-10-16,C,1015.0,2,1,0.33008482421874996,0.05,0.0,0.03
QQQ,2026-09-03,2026-10-16,C,1020.0,11,8,0.33399103515625,0.05,0.0,0.03
QQQ,2026-09-03,2026-10-16,C,1025.0,50,0,0.33789724609375,0.08,0.0,0.03
QQQ,2026-09-03,2026-10-16,C,1030.0,3,6,0.34180345703125,0.05,0.0,0.03
QQQ,2026-09-03,2026-10-16,C,1035.0,50,0,0.34570966796874997,0.06,0.0,0.03
QQQ,2026-09-03,2026-10-16,C,1040.0,30,30,0.34961587890624996,0.05,0.0,0.03
QQQ,2026-09-03,2026-10-16,C,1045.0,1,1,0.3437565625,0.04,0.0,0.02
QQQ,2026-09-03,2026-10-16,C,1050.0,191,100,0.34766277343749996,0.04,0.0,0.02
QQQ,2026-09-03,2026-10-16,C,1055.0,5,5,0.35156898437499995,0.05,0.0,0.02
QQQ,2026-09-03,2026-10-16,C,1060.0,16,4,0.335944140625,0.03,0.0,0.01
QQQ,2026-09-03,2026-10-16,C,1065.0,6,6,0.35938140625,0.04,0.0,0.02
QQQ,2026-09-03,2026-10-16,C,1070.0,3,2,0.3632876171875,0.04,0.0,0.02
QQQ,2026-09-03,2026-10-16,C,1075.0,687,16,0.367193828125,0.03,0.0,0.02
QQQ,2026-09-03,2026-10-16,C,1080.0,2068,412,0.3711000390625,0.04,0.0,0.02
QQQ,2026-09-03,2026-10-16,C,1085.0,8711,1,0.37500625,0.03,0.0,0.02
QQQ,2026-09-03,2026-10-16,P,300.0,1630,1,0.7851583984375,0.03,0.01,0.03
QQQ,2026-09-03,2026-10-16,P,305.0,829,20,0.773439765625,0.04,0.01,0.03
QQQ,2026-09-03,2026-10-16,P,310.0,299,1,0.7812521875,0.03,0.02,0.04
QQQ,2026-09-03,2026-10-16,P,315.0,418,7,0.7773459765625,0.03,0.03,0.04
QQQ,2026-09-03,2026-10-16,P,320.0,233,63,0.7617211328125001,0.05,0.02,0.05
QQQ,2026-09-03,2026-10-16,P,325.0,212,80,0.7656273437500001,0.04,0.03,0.06
QQQ,2026-09-03,2026-10-16,P,330.0,370,50,0.7421900781249999,0.05,0.03,0.05
QQQ,2026-09-03,2026-10-16,P,335.0,239,184,0.7382838671874999,0.05,0.03,0.06
QQQ,2026-09-03,2026-10-16,P,340.0,255,2,0.7480493945312501,0.06,0.05,0.08
QQQ,2026-09-03,2026-10-16,P,345.0,505,35,0.73437765625,0.11,0.05,0.08
QQQ,2026-09-03,2026-10-16,P,350.0,276,1,0.72070591796875,0.07,0.05,0.08
QQQ,2026-09-03,2026-10-16,P,355.0,120,2,0.710940390625,0.07,0.05,0.09
QQQ,2026-09-03,2026-10-16,P,360.0,243,10,0.6982452050781252,0.08,0.05,0.09
QQQ,2026-09-03,2026-10-16,P,365.0,189,5,0.68555001953125,0.11,0.05,0.09
QQQ,2026-09-03,2026-10-16,P,370.0,182,15,0.6757844921875001,0.1,0.06,0.09
QQQ,2026-09-03,2026-10-16,P,375.0,190,10,0.6679720703125002,0.1,0.06,0.1
QQQ,2026-09-03,2026-10-16,P,380.0,289,310,0.65820654296875,0.1,0.07,0.1
QQQ,2026-09-03,2026-10-16,P,385.0,283,91,0.649417568359375,0.1,0.07,0.11
QQQ,2026-09-03,2026-10-16,P,390.0,269,10,0.64062859375,0.15,0.08,0.11
QQQ,2026-09-03,2026-10-16,P,395.0,270,10,0.6337927246093751,0.13,0.09,0.12
QQQ,2026-09-03,2026-10-16,P,400.0,2106,1,0.6250037500000001,0.12,0.09,0.13
QQQ,2026-09-03,2026-10-16,P,405.0,638,5,0.6152382226562501,0.14,0.1,0.13
QQQ,2026-09-03,2026-10-16,P,410.0,742,10,0.6074258007812501,0.19,0.11,0.14
QQQ,2026-09-03,2026-10-16,P,415.0,350,10,0.5976602734375001,0.15,0.11,0.15
QQQ,2026-09-03,2026-10-16,P,420.0,121,25,0.58789474609375,0.14,0.13,0.14
QQQ,2026-09-03,2026-10-16,P,425.0,169,25,0.5810588769531251,0.19,0.13,0.16
QQQ,2026-09-03,2026-10-16,P,430.0,296,119,0.5727581787109376,0.2,0.14,0.17
QQQ,2026-09-03,2026-10-16,P,435.0,612,3,0.5644574804687501,0.17,0.15,0.18
QQQ,2026-09-03,2026-10-16,P,440.0,976,8,0.5566450585937501,0.18,0.16,0.19
QQQ,2026-09-03,2026-10-16,P,445.0,1089,1,0.5478560839843751,0.23,0.17,0.2
QQQ,2026-09-03,2026-10-16,P,450.0,11274,4,0.5395553857421876,0.21,0.18,0.21
QQQ,2026-09-03,2026-10-16,P,455.0,125,16,0.5307664111328125,0.2,0.19,0.22
QQQ,2026-09-03,2026-10-16,P,460.0,1356,1,0.523442265625,0.22,0.21,0.23
QQQ,2026-09-03,2026-10-16,P,465.0,439,50,0.51562984375,0.26,0.22,0.25
QQQ,2026-09-03,2026-10-16,P,470.0,2007,7,0.506840869140625,0.25,0.23,0.26
QQQ,2026-09-03,2026-10-16,P,475.0,728,6,0.5009815527343751,0.26,0.25,0.27
QQQ,2026-09-03,2026-10-16,P,480.0,543,1,0.4939015454101563,0.32,0.26,0.29
QQQ,2026-09-03,2026-10-16,P,485.0,452,30,0.48438015625,0.3,0.28,0.3
QQQ,2026-09-03,2026-10-16,P,490.0,2375,20,0.4770560107421875,0.4,0.3,0.32
QQQ,2026-09-03,2026-10-16,P,495.0,178,4,0.46924358886718753,0.4,0.32,0.34
QQQ,2026-09-03,2026-10-16,P,500.0,6161,60,0.4611870288085938,0.35,0.34,0.36
QQQ,2026-09-03,2026-10-16,P,505.0,385,121,0.4514215014648438,0.41,0.36,0.37
QQQ,2026-09-03,2026-10-16,P,510.0,757,30,0.44482977050781247,0.39,0.38,0.4
QQQ,2026-09-03,2026-10-16,P,515.0,12459,84,0.43628493408203123,0.45,0.4,0.42
QQQ,2026-09-03,2026-10-16,P,520.0,4723,1,0.42774009765625004,0.41,0.43,0.44
QQQ,2026-09-03,2026-10-16,P,525.0,4767,56,0.4204159521484375,0.44,0.45,0.47
QQQ,2026-09-03,2026-10-16,P,530.0,1497,19,0.4128476684570312,0.48,0.48,0.5
QQQ,2026-09-03,2026-10-16,P,535.0,761,1,0.4050352465820312,0.51,0.51,0.53
QQQ,2026-09-03,2026-10-16,P,540.0,8561,13,0.3969786865234375,0.56,0.54,0.56
QQQ,2026-09-03,2026-10-16,P,545.0,970,6,0.389654541015625,0.87,0.58,0.6
QQQ,2026-09-03,2026-10-16,P,550.0,16725,69,0.38220832641601554,0.64,0.63,0.64
QQQ,2026-09-03,2026-10-16,P,555.0,499,1,0.3745179736328125,0.67,0.65,0.68
QQQ,2026-09-03,2026-10-16,P,560.0,2847,5,0.36646141357421874,0.69,0.7,0.72
QQQ,2026-09-03,2026-10-16,P,565.0,816,32,0.3591372680664062,0.75,0.74,0.77
QQQ,2026-09-03,2026-10-16,P,570.0,15883,4,0.35144691528320304,0.79,0.79,0.82
QQQ,2026-09-03,2026-10-16,P,575.0,4728,25,0.3441227697753906,0.85,0.85,0.88
QQQ,2026-09-03,2026-10-16,P,580.0,3792,75,0.335944140625,0.92,0.9,0.93
QQQ,2026-09-03,2026-10-16,P,585.0,3815,107,0.3293524096679687,0.99,0.97,1.01
QQQ,2026-09-03,2026-10-16,P,590.0,5111,17,0.32166205688476557,1.02,1.05,1.08
QQQ,2026-09-03,2026-10-16,P,595.0,8614,8,0.31482618774414056,1.16,1.13,1.17
QQQ,2026-09-03,2026-10-16,P,600.0,13798,214,0.3070137658691406,1.25,1.22,1.25
QQQ,2026-09-03,2026-10-16,P,605.0,9961,7,0.2998727239990234,1.36,1.31,1.35
QQQ,2026-09-03,2026-10-16,P,610.0,13506,1049,0.29273168212890616,1.44,1.43,1.46
QQQ,2026-09-03,2026-10-16,P,615.0,2095,16,0.2851023638916015,1.55,1.54,1.57
QQQ,2026-09-03,2026-10-16,P,620.0,34939,65,0.2778392529296875,1.68,1.68,1.7
QQQ,2026-09-03,2026-10-16,P,625.0,16489,82,0.2717968328857422,1.88,1.85,1.88
QQQ,2026-09-03,2026-10-16,P,630.0,18476,212,0.2644726873779296,2.05,2.01,2.04
QQQ,2026-09-03,2026-10-16,P,635.0,2610,74,0.25833871551513676,2.27,2.22,2.26
QQQ,2026-09-03,2026-10-16,P,640.0,23541,602,0.25153336364746093,2.47,2.44,2.48
QQQ,2026-09-03,2026-10-16,P,645.0,3537,396,0.24454490814208985,2.74,2.7,2.72
QQQ,2026-09-03,2026-10-16,P,650.0,31306,4342,0.23828886718749998,3.0,3.02,3.02
QQQ,2026-09-03,2026-10-16,P,651.0,243,56,0.2373733489990234,3.14,3.05,3.1
QQQ,2026-09-03,2026-10-16,P,652.0,203,132,0.23639679626464843,3.18,3.14,3.18
QQQ,2026-09-03,2026-10-16,P,653.0,155,7,0.23474886352539062,3.26,3.18,3.23
QQQ,2026-09-03,2026-10-16,P,654.0,269,34,0.23352817260742187,3.28,3.26,3.3
QQQ,2026-09-03,2026-10-16,P,655.0,2738,199,0.23221592987060546,3.41,3.32,3.37
QQQ,2026-09-03,2026-10-16,P,656.0,291,42,0.23090368713378906,3.59,3.41,3.44
QQQ,2026-09-03,2026-10-16,P,657.0,74,16,0.22974403076171873,3.36,3.48,3.52
QQQ,2026-09-03,2026-10-16,P,658.0,159,45,0.22855385711669923,3.64,3.56,3.6
QQQ,2026-09-03,2026-10-16,P,659.0,182,27,0.22733316619873045,3.51,3.64,3.68
QQQ,2026-09-03,2026-10-16,P,660.0,20316,514,0.22605144073486327,3.81,3.73,3.76
QQQ,2026-09-03,2026-10-16,P,661.0,328,33,0.22492230163574217,3.91,3.81,3.85
QQQ,2026-09-03,2026-10-16,P,662.0,1627,315,0.22376264526367184,4.0,3.9,3.94
QQQ,2026-09-03,2026-10-16,P,663.0,544,307,0.2225724716186523,4.07,4.0,4.03
QQQ,2026-09-03,2026-10-16,P,664.0,251,46,0.22132126342773437,3.98,4.08,4.12
QQQ,2026-09-03,2026-10-16,P,665.0,7437,344,0.22022264160156246,4.25,4.17,4.22
QQQ,2026-09-03,2026-10-16,P,666.0,511,7,0.21887988159179686,4.46,4.27,4.31
QQQ,2026-09-03,2026-10-16,P,667.0,253,14,0.2178422943115234,4.47,4.37,4.42
QQQ,2026-09-03,2026-10-16,P,668.0,269,110,0.21677418975830076,4.71,4.49,4.53
QQQ,2026-09-03,2026-10-16,P,669.0,319,167,0.21549246429443358,4.62,4.58,4.63
QQQ,2026-09-03,2026-10-16,P,670.0,54545,519,0.21448539428710936,4.7,4.7,4.75
QQQ,2026-09-03,2026-10-16,P,671.0,371,35,0.21326470336914063,4.88,4.81,4.86
QQQ,2026-09-03,2026-10-16,P,672.0,195,72,0.21198297790527343,5.01,4.92,4.97
QQQ,2026-09-03,2026-10-16,P,673.0,749,106,0.2110064251708984,5.12,5.04,5.1
QQQ,2026-09-03,2026-10-16,P,674.0,247,20,0.20963314788818355,5.2,5.17,5.21
QQQ,2026-09-03,2026-10-16,P,675.0,15370,160,0.20853452606201167,5.38,5.31,5.34
QQQ,2026-09-03,2026-10-16,P,676.0,431,30,0.20768004241943355,5.49,5.42,5.49
QQQ,2026-09-03,2026-10-16,P,677.0,368,24,0.20633728240966792,5.83,5.56,5.61
QQQ,2026-09-03,2026-10-16,P,678.0,688,832,0.20508607421874997,5.76,5.7,5.74
QQQ,2026-09-03,2026-10-16,P,679.0,171,15,0.20407900421142577,6.05,5.84,5.89
QQQ,2026-09-03,2026-10-16,P,680.0,27990,1833,0.20328555511474605,6.09,6.0,6.06
QQQ,2026-09-03,2026-10-16,P,681.0,677,48,0.20172917419433595,6.38,6.14,6.18
QQQ,2026-09-03,2026-10-16,P,682.0,1012,43,0.20069158691406247,6.45,6.3,6.34
QQQ,2026-09-03,2026-10-16,P,683.0,675,45,0.19959296508789062,6.7,6.45,6.5
QQQ,2026-09-03,2026-10-16,P,684.0,369,12,0.1984333087158203,6.92,6.61,6.66
QQQ,2026-09-03,2026-10-16,P,685.0,7495,117,0.19773141143798828,6.88,6.79,6.86
QQQ,2026-09-03,2026-10-16,P,686.0,376,124,0.19620554779052735,7.27,6.95,7.0
QQQ,2026-09-03,2026-10-16,P,687.0,904,35,0.19525951232910155,7.22,7.14,7.19
QQQ,2026-09-03,2026-10-16,P,688.0,598,8,0.1943745114135742,7.69,7.3,7.39
QQQ,2026-09-03,2026-10-16,P,689.0,573,41,0.19290968231201172,7.68,7.5,7.55
QQQ,2026-09-03,2026-10-16,P,690.0,14048,528,0.19214675048828128,7.74,7.7,7.77
QQQ,2026-09-03,2026-10-16,P,691.0,573,440,0.19083450775146482,8.16,7.9,7.95
QQQ,2026-09-03,2026-10-16,P,692.0,432,16,0.1901936450195313,8.45,8.11,8.19
QQQ,2026-09-03,2026-10-16,P,693.0,700,15,0.18909502319335939,8.65,8.32,8.4
QQQ,2026-09-03,2026-10-16,P,694.0,330,45,0.18793536682128903,8.87,8.53,8.61
QQQ,2026-09-03,2026-10-16,P,695.0,11308,2059,0.18647053771972655,8.8,8.75,8.8
QQQ,2026-09-03,2026-10-16,P,696.0,559,23,0.18566182998657227,9.41,8.97,9.05
QQQ,2026-09-03,2026-10-16,P,697.0,380,118,0.18465475997924802,9.3,9.2,9.29
QQQ,2026-09-03,2026-10-16,P,698.0,306,116,0.18357139678955076,9.85,9.44,9.53
QQQ,2026-09-03,2026-10-16,P,699.0,1160,55,0.18253380950927733,10.13,9.71,9.78
QQQ,2026-09-03,2026-10-16,P,700.0,39395,3809,0.1811910494995117,10.0,9.94,10.01
QQQ,2026-09-03,2026-10-16,P,701.0,233,1112,0.1804586349487305,10.32,10.24,10.3
QQQ,2026-09-03,2026-10-16,P,702.0,1228,1101,0.1790853576660156,10.59,10.47,10.54
QQQ,2026-09-03,2026-10-16,P,703.0,393,20,0.17829190856933597,11.16,10.75,10.84
QQQ,2026-09-03,2026-10-16,P,704.0,250,65,0.17742216629028318,11.14,11.04,11.14
QQQ,2026-09-03,2026-10-16,P,705.0,10348,1052,0.17603363037109376,11.47,11.33,11.4
QQQ,2026-09-03,2026-10-16,P,706.0,641,50,0.17533173309326172,12.17,11.64,11.73
QQQ,2026-09-03,2026-10-16,P,707.0,917,80,0.17389742126464847,12.49,11.94,12.0
QQQ,2026-09-03,2026-10-16,P,708.0,1502,187,0.17311923080444336,12.7,12.26,12.34
QQQ,2026-09-03,2026-10-16,P,709.0,1234,200,0.17224948852539065,12.77,12.59,12.68
QQQ,2026-09-03,2026-10-16,P,710.0,5979,727,0.17057103851318361,13.0,12.9,12.95
QQQ,2026-09-03,2026-10-16,P,711.0,1371,311,0.17017431396484378,13.3,13.25,13.35
QQQ,2026-09-03,2026-10-16,P,712.0,11647,1285,0.16883155395507815,13.83,13.6,13.67
QQQ,2026-09-03,2026-10-16,P,713.0,1597,201,0.1682364671325684,14.13,13.99,14.07
QQQ,2026-09-03,2026-10-16,P,714.0,1310,247,0.16724465576171876,15.05,14.33,14.44
QQQ,2026-09-03,2026-10-16,P,715.0,5646,1703,0.1656272402954102,14.93,14.7,14.76
QQQ,2026-09-03,2026-10-16,P,716.0,11626,188,0.16526103302001954,15.58,15.1,15.21
QQQ,2026-09-03,2026-10-16,P,717.0,2257,273,0.1641929284667969,15.75,15.52,15.6
QQQ,2026-09-03,2026-10-16,P,718.0,582,338,0.16310956527709963,16.0,15.92,16.0
QQQ,2026-09-03,2026-10-16,P,719.0,1585,181,0.16265180618286135,17.0,16.35,16.47
QQQ,2026-09-03,2026-10-16,P,720.0,7009,805,0.16097335617065428,16.88,16.76,16.83
QQQ,2026-09-03,2026-10-16,P,721.0,683,321,0.1608055111694336,17.51,17.21,17.35
QQQ,2026-09-03,2026-10-16,P,722.0,618,40,0.15973740661621094,16.96,17.64,17.79
QQQ,2026-09-03,2026-10-16,P,723.0,196,3,0.15917283706665042,18.24,18.16,18.29
QQQ,2026-09-03,2026-10-16,P,724.0,440,1,0.1581962843322754,17.73,18.6,18.76
QQQ,2026-09-03,2026-10-16,P,725.0,1447,345,0.15731128341674805,19.31,19.1,19.25
QQQ,2026-09-03,2026-10-16,P,726.0,313,21,0.1567314552307129,19.61,19.63,19.78
QQQ,2026-09-03,2026-10-16,P,727.0,204,1,0.15561757476806642,21.29,20.12,20.27
QQQ,2026-09-03,2026-10-16,P,728.0,904,6,0.1551292984008789,19.79,20.67,20.83
QQQ,2026-09-03,2026-10-16,P,729.0,221,15,0.15401541793823242,23.47,21.18,21.34
QQQ,2026-09-03,2026-10-16,P,730.0,4621,73,0.15319145156860353,22.44,21.72,21.89
QQQ,2026-09-03,2026-10-16,P,731.0,271,5,0.15235222656250003,21.44,22.29,22.45
QQQ,2026-09-03,2026-10-16,P,732.0,389,2,0.1518334329223633,22.35,22.87,23.05
QQQ,2026-09-03,2026-10-16,P,733.0,177,1,0.15076532836914067,24.35,23.43,23.61
QQQ,2026-09-03,2026-10-16,P,734.0,69,1,0.15033808654785158,27.32,24.06,24.24
QQQ,2026-09-03,2026-10-16,P,735.0,977,25,0.14978877563476564,25.12,24.69,24.87
QQQ,2026-09-03,2026-10-16,P,736.0,62,7,0.1491326542663574,27.83,25.31,25.5
QQQ,2026-09-03,2026-10-16,P,737.0,103,1,0.14800351516723637,33.27,25.92,26.1
QQQ,2026-09-03,2026-10-16,P,738.0,78,3,0.14731687652587894,26.79,26.56,26.75
QQQ,2026-09-03,2026-10-16,P,739.0,39,2,0.14661497924804687,27.3,27.23,27.41
QQQ,2026-09-03,2026-10-16,P,740.0,6274,21,0.1456689437866211,28.63,27.87,28.06
QQQ,2026-09-03,2026-10-16,P,741.0,5,4,0.14545532287597657,37.15,28.59,28.78
QQQ,2026-09-03,2026-10-16,P,742.0,5,1,0.1514977429199219,39.5,28.17,30.02
QQQ,2026-09-03,2026-10-16,P,743.0,4,2,0.1472863592529297,36.3,29.72,30.43
QQQ,2026-09-03,2026-10-16,P,744.0,3,0,0.14673704833984375,39.61,30.44,31.15
QQQ,2026-09-03,2026-10-16,P,745.0,965,20,0.15021601745605473,30.68,30.31,32.19
QQQ,2026-09-03,2026-10-16,P,746.0,9,6,0.14977351699829106,35.0,31.29,32.93
QQQ,2026-09-03,2026-10-16,P,747.0,220,2,0.14692015197753905,35.63,32.41,33.5
QQQ,2026-09-03,2026-10-16,P,748.0,16,3,0.15500722930908206,36.87,32.48,34.89
QQQ,2026-09-03,2026-10-16,P,749.0,14,17,0.1445398046875,43.58,34.19,34.93
QQQ,2026-09-03,2026-10-16,P,750.0,1069,62,0.1431970446777344,35.69,34.78,35.65
QQQ,2026-09-03,2026-10-16,P,755.0,73,1,0.14136600830078128,38.96,38.87,39.72
QQQ,2026-09-03,2026-10-16,P,760.0,243,25,0.1552208502197266,42.69,42.27,44.82
QQQ,2026-09-03,2026-10-16,P,765.0,44,3,0.13904669555664065,47.85,47.46,48.45
QQQ,2026-09-03,2026-10-16,P,770.0,21,2,0.15992051025390625,52.11,51.25,53.9
QQQ,2026-09-03,2026-10-16,P,775.0,1,1,0.1530846411132813,66.53,55.96,58.21
QQQ,2026-09-03,2026-10-16,P,780.0,10,6,0.19144485321044924,75.84,60.46,64.37
QQQ,2026-09-03,2026-10-16,P,785.0,0,1,0.20081365600585935,70.16,65.46,69.32
QQQ,2026-09-03,2026-10-16,P,790.0,0,26,0.20941952697753902,73.47,70.26,74.25
QQQ,2026-09-03,2026-10-16,P,795.0,1,1,0.2172929833984375,76.28,75.25,79.16
QQQ,2026-09-03,2026-10-16,P,800.0,7,10,0.22882851257324222,82.03,80.21,84.23
QQQ,2026-09-03,2026-10-16,P,805.0,0,4,0.23670196899414062,97.56,85.2,89.16
QQQ,2026-09-03,2026-10-16,P,810.0,0,1,0.24802387725830077,89.8,90.36,94.23
QQQ,2026-09-03,2026-10-16,P,815.0,0,24,0.4389399368286133,96.04,107.13,109.8
QQQ,2026-09-03,2026-10-16,P,820.0,0,1,0.2666699310302735,99.11,100.36,104.23
QQQ,2026-09-03,2026-10-16,P,825.0,0,10,0.2738109729003906,105.05,105.24,109.16
QQQ,2026-09-03,2026-10-16,P,830.0,0,4,0.28449201843261707,98.14,110.24,114.22
QQQ,2026-09-03,2026-10-16,P,835.0,0,2,0.4864553308105469,112.2,127.03,129.8
QQQ,2026-09-03,2026-10-16,P,840.0,0,2,0.4974415490722657,113.5,132.13,134.77
QQQ,2026-09-03,2026-10-16,P,845.0,0,202,0.3110420458984374,120.25,125.24,129.23
QQQ,2026-09-03,2026-10-16,P,850.0,0,1,0.3198920550537109,138.0,130.31,134.24
QQQ,2026-09-03,2026-10-16,P,855.0,0,1,0.32617861328125,144.07,135.25,139.17
QQQ,2026-09-03,2026-10-16,P,860.0,1,1,0.33637138244628906,151.29,140.24,144.23
QQQ,2026-09-03,2026-10-16,P,865.0,0,1,0.34430587341308594,156.31,145.24,149.22
QQQ,2026-09-03,2026-10-16,P,870.0,0,2,0.7067595242309571,133.19,173.33,177.14
QQQ,2026-09-03,2026-10-16,P,875.0,0,2,0.721957126159668,138.06,178.92,182.14
QQQ,2026-09-03,2026-10-16,P,880.0,0,6,0.7382533499145507,142.16,184.7,187.14
QQQ,2026-09-03,2026-10-16,P,885.0,0,2,0.7406947317504882,147.88,188.34,192.14
QQQ,2026-09-03,2026-10-16,P,890.0,0,4,0.3828797064208984,158.15,170.2,174.18
QQQ,2026-09-03,2026-10-16,P,895.0,0,0,0.7663292410278321,163.63,198.91,202.14
QQQ,2026-09-03,2026-10-16,P,900.0,0,2,0.39752799743652345,180.3,180.2,184.16
QQQ,2026-09-03,2026-10-16,P,910.0,0,1,0.6210975390625001,197.64,202.13,204.77
QQQ,2026-09-03,2026-10-16,P,915.0,0,0,0.8049030740356445,197.51,218.33,222.14
QQQ,2026-09-03,2026-10-16,P,920.0,0,4,0.42810630493164065,231.25,200.25,204.18
QQQ,2026-09-03,2026-10-16,P,925.0,0,1,0.4353694158935547,210.18,205.39,209.18
QQQ,2026-09-03,2026-10-16,P,930.0,0,0,0.4426325268554688,215.2,210.25,214.18
QQQ,2026-09-03,2026-10-16,P,935.0,0,0,0.8454605297851561,217.65,238.33,242.14
QQQ,2026-09-03,2026-10-16,P,940.0,0,0,0.8553481262207032,222.69,243.33,247.14
QQQ,2026-09-03,2026-10-16,P,965.0,0,0,0.7183866052246093,251.76,257.06,259.77
QQQ,2026-09-03,2026-10-16,P,970.0,0,2,0.7265347171020508,257.63,262.03,264.77
QQQ,2026-09-03,2026-10-16,P,1080.0,0,1,0.6367834173583984,362.65,360.21,364.23
QQQ,2026-09-03,2026-10-16,P,1085.0,1,1,0.6425206646728516,367.63,365.21,369.23
QQQ,2026-09-03,2026-10-30,C,470.0,1,0,0.5998575170898439,247.83,248.35,251.82
QQQ,2026-09-03,2026-10-30,C,485.0,2,0,0.5793499096679688,185.19,233.55,237.34
QQQ,2026-09-03,2026-10-30,C,490.0,1,1,0.5688519677734375,232.67,228.59,232.4
QQQ,2026-09-03,2026-10-30,C,500.0,0,1,0.5408981457519533,217.41,218.73,222.15
QQQ,2026-09-03,2026-10-30,C,520.0,3,0,0.5024463818359376,202.9,198.99,202.44
QQQ,2026-09-03,2026-10-30,C,525.0,1,1,0.555790574951172,196.04,194.08,197.72
QQQ,2026-09-03,2026-10-30,C,530.0,1,0,0.5473678076171876,194.47,189.2,192.9
QQQ,2026-09-03,2026-10-30,C,540.0,1,1,0.5167284655761719,180.87,179.3,182.76
QQQ,2026-09-03,2026-10-30,C,550.0,4,1,0.5006153454589843,171.19,169.49,173.16
QQQ,2026-09-03,2026-10-30,C,560.0,14,6,0.48175567077636716,164.09,159.68,163.48
QQQ,2026-09-03,2026-10-30,C,565.0,1,0,0.46521530883789064,142.17,154.84,158.34
QQQ,2026-09-03,2026-10-30,C,570.0,7,3,0.4602104760742188,154.29,149.97,153.7
QQQ,2026-09-03,2026-10-30,C,575.0,1,1,0.4495294305419921,144.81,145.07,148.82
QQQ,2026-09-03,2026-10-30,C,580.0,2,1,0.439031488647461,143.2,140.14,143.95
QQQ,2026-09-03,2026-10-30,C,585.0,2,1,0.4255428540039063,127.84,135.36,138.94
QQQ,2026-09-03,2026-10-30,C,590.0,12,2,0.41235939208984373,131.89,130.43,133.94
QQQ,2026-09-03,2026-10-30,C,595.0,1,2,0.40369248657226564,130.04,125.61,129.17
QQQ,2026-09-03,2026-10-30,C,600.0,10,3,0.3900817828369141,122.7,120.85,124.15
QQQ,2026-09-03,2026-10-30,C,605.0,1,0,0.3826050509643554,120.85,115.98,119.46
QQQ,2026-09-03,2026-10-30,C,606.0,2,0,0.38303229278564455,116.65,115.07,118.63
QQQ,2026-09-03,2026-10-30,C,608.0,3,3,0.3612734771728515,105.03,114.28,115.74
QQQ,2026-09-03,2026-10-30,C,610.0,4,1,0.3689638299560547,116.07,111.23,114.44
QQQ,2026-09-03,2026-10-30,C,613.0,1,1,0.3523624334716796,93.62,109.41,110.96
QQQ,2026-09-03,2026-10-30,C,614.0,2,1,0.3506534661865234,109.74,108.46,110.01
QQQ,2026-09-03,2026-10-30,C,615.0,8,1,0.3634707208251954,105.72,106.46,109.89
QQQ,2026-09-03,2026-10-30,C,616.0,2,0,0.34683880706787107,101.12,105.99,108.09
QQQ,2026-09-03,2026-10-30,C,617.0,2,2,0.34491621887207036,118.33,105.69,107.13
QQQ,2026-09-03,2026-10-30,C,618.0,1,0,0.3577945080566406,105.59,103.58,107.03
QQQ,2026-09-03,2026-10-30,C,619.0,4,1,0.3570620935058594,104.48,102.65,106.15
QQQ,2026-09-03,2026-10-30,C,620.0,18,8,0.3630129617309571,101.83,101.64,105.68
QQQ,2026-09-03,2026-10-30,C,622.0,3,1,0.33624931335449215,105.71,100.58,102.39
QQQ,2026-09-03,2026-10-30,C,623.0,2,2,0.33447931152343746,94.93,99.35,101.44
QQQ,2026-09-03,2026-10-30,C,624.0,2,0,0.3318243087768554,71.0,99.06,100.44
QQQ,2026-09-03,2026-10-30,C,625.0,48,9,0.34018604156494137,91.1,96.96,100.11
QQQ,2026-09-03,2026-10-30,C,629.0,1,0,0.3389043161010742,63.12,93.2,96.72
QQQ,2026-09-03,2026-10-30,C,630.0,12,1,0.3320074124145508,85.57,92.26,95.45
QQQ,2026-09-03,2026-10-30,C,631.0,2,2,0.3346318978881836,92.56,91.33,94.8
QQQ,2026-09-03,2026-10-30,C,633.0,76,0,0.32684999328613284,96.2,89.45,92.65
QQQ,2026-09-03,2026-10-30,C,635.0,7,1,0.32804016693115234,81.81,87.58,91.1
QQQ,2026-09-03,2026-10-30,C,637.0,1,1,0.3096992858886719,69.26,86.91,88.24
QQQ,2026-09-03,2026-10-30,C,640.0,34,1,0.3191291232299803,84.9,82.94,86.45
QQQ,2026-09-03,2026-10-30,C,642.0,2,2,0.31168290863037107,82.55,81.14,84.32
QQQ,2026-09-03,2026-10-30,C,643.0,3,1,0.31403273864746095,87.54,80.17,83.69
QQQ,2026-09-03,2026-10-30,C,645.0,4,1,0.2973397903442382,78.35,78.89,80.9
QQQ,2026-09-03,2026-10-30,C,647.0,2,1,0.30716635223388666,74.82,76.5,80.02
QQQ,2026-09-03,2026-10-30,C,650.0,67,1,0.3016122085571289,76.7,74.38,77.25
QQQ,2026-09-03,2026-10-30,C,651.0,2,0,0.28794047027587877,91.96,74.11,75.44
QQQ,2026-09-03,2026-10-30,C,655.0,4,1,0.2811808943176269,70.54,70.51,71.79
QQQ,2026-09-03,2026-10-30,C,657.0,1,0,0.2898935757446288,87.99,67.48,70.93
QQQ,2026-09-03,2026-10-30,C,660.0,78,9,0.28507184661865226,58.99,64.82,68.26
QQQ,2026-09-03,2026-10-30,C,661.0,7,4,0.2726513165283203,66.85,65.14,66.49
QQQ,2026-09-03,2026-10-30,C,662.0,1,0,0.28186753295898437,82.07,63.06,66.49
QQQ,2026-09-03,2026-10-30,C,664.0,7,2,0.2788158056640625,63.6,61.31,64.74
QQQ,2026-09-03,2026-10-30,C,665.0,10,1,0.26663941375732425,59.07,61.12,62.97
QQQ,2026-09-03,2026-10-30,C,666.0,10,2,0.2726207992553711,52.29,59.57,62.73
QQQ,2026-09-03,2026-10-30,C,667.0,2,0,0.2638318246459961,45.6,60.23,61.24
QQQ,2026-09-03,2026-10-30,C,668.0,19,2,0.26233647827148443,65.02,58.54,60.37
QQQ,2026-09-03,2026-10-30,C,669.0,2,1,0.2610242355346679,57.6,58.22,59.52
QQQ,2026-09-03,2026-10-30,C,670.0,30,3,0.25937630279541024,59.37,57.46,58.64
QQQ,2026-09-03,2026-10-30,C,671.0,12,10,0.2581250946044922,51.85,55.98,57.8
QQQ,2026-09-03,2026-10-30,C,672.0,12,2,0.26282475463867194,57.43,54.63,57.49
QQQ,2026-09-03,2026-10-30,C,673.0,68,4,0.2648083773803711,47.95,53.53,56.95
QQQ,2026-09-03,2026-10-30,C,674.0,11,1,0.2637402728271484,61.57,52.74,56.14
QQQ,2026-09-03,2026-10-30,C,675.0,27,1,0.25264724411010747,53.12,53.16,54.42
QQQ,2026-09-03,2026-10-30,C,676.0,4,1,0.2510450872802734,47.0,52.41,53.56
QQQ,2026-09-03,2026-10-30,C,677.0,74,3,0.259345785522461,53.37,50.49,53.62
QQQ,2026-09-03,2026-10-30,C,678.0,5,1,0.24860370544433597,68.31,50.67,51.92
QQQ,2026-09-03,2026-10-30,C,679.0,87,3,0.2472151695251465,49.85,49.3,51.09
QQQ,2026-09-03,2026-10-30,C,680.0,87,5,0.2436751658630371,49.36,49.14,50.06
QQQ,2026-09-03,2026-10-30,C,681.0,1,1,0.25370009002685545,50.77,47.28,50.32
QQQ,2026-09-03,2026-10-30,C,682.0,111,11,0.24298852722167968,49.59,47.69,48.61
QQQ,2026-09-03,2026-10-30,C,683.0,44,4,0.2418899053955078,50.2,46.07,47.82
QQQ,2026-09-03,2026-10-30,C,684.0,39,2,0.2405624040222168,51.43,46.08,47.01
QQQ,2026-09-03,2026-10-30,C,685.0,21,2,0.2387771435546875,38.49,45.09,46.16
QQQ,2026-09-03,2026-10-30,C,686.0,33,1,0.23798369445800777,38.5,44.33,45.41
QQQ,2026-09-03,2026-10-30,C,687.0,80,5,0.23450472534179687,44.0,43.54,44.4
QQQ,2026-09-03,2026-10-30,C,688.0,9,2,0.24385826950073242,45.0,41.75,44.67
QQQ,2026-09-03,2026-10-30,C,689.0,8,2,0.2430800790405273,37.22,41.03,43.94
QQQ,2026-09-03,2026-10-30,C,690.0,44,5,0.23276524078369143,41.1,41.15,42.25
QQQ,2026-09-03,2026-10-30,C,691.0,23,20,0.24039455902099605,33.95,40.34,42.38
QQQ,2026-09-03,2026-10-30,C,692.0,35,7,0.2386092985534668,34.89,38.69,41.56
QQQ,2026-09-03,2026-10-30,C,693.0,107,1,0.23777007354736324,42.2,37.54,40.84
QQQ,2026-09-03,2026-10-30,C,694.0,67,1,0.22809609802246095,43.15,38.04,39.21
QQQ,2026-09-03,2026-10-30,C,695.0,282,510,0.2266312689208984,33.06,37.35,38.43
QQQ,2026-09-03,2026-10-30,C,696.0,75,5,0.22504437072753902,34.62,36.8,37.64
QQQ,2026-09-03,2026-10-30,C,697.0,64,1,0.22434247344970698,35.65,35.91,36.95
QQQ,2026-09-03,2026-10-30,C,698.0,15,2,0.22266402343749997,38.61,35.16,36.16
QQQ,2026-09-03,2026-10-30,C,699.0,16,12,0.22141281524658202,29.95,34.6,35.42
QQQ,2026-09-03,2026-10-30,C,700.0,258,9,0.22019212432861324,35.53,33.72,34.69
QQQ,2026-09-03,2026-10-30,C,701.0,30,16,0.21932238204956056,37.23,33.17,34.0
QQQ,2026-09-03,2026-10-30,C,702.0,25,802,0.2156145333862305,33.6,32.81,33.01
QQQ,2026-09-03,2026-10-30,C,703.0,80,5,0.2142717733764648,33.5,32.08,32.28
QQQ,2026-09-03,2026-10-30,C,704.0,6,10,0.2130815997314453,32.03,31.39,31.57
QQQ,2026-09-03,2026-10-30,C,705.0,69,1,0.2122881506347656,30.5,30.7,30.91
QQQ,2026-09-03,2026-10-30,C,706.0,25,2,0.21106745971679686,30.31,30.01,30.21
QQQ,2026-09-03,2026-10-30,C,707.0,123,2,0.2098162515258789,29.72,29.31,29.51
QQQ,2026-09-03,2026-10-30,C,708.0,234,27,0.2088549574279785,29.2,28.67,28.85
QQQ,2026-09-03,2026-10-30,C,709.0,145,13,0.20821409469604485,29.0,28.03,28.23
QQQ,2026-09-03,2026-10-30,C,710.0,426,4,0.2067950415039062,27.56,27.34,27.53
QQQ,2026-09-03,2026-10-30,C,711.0,83,1,0.20603210968017577,27.66,26.72,26.91
QQQ,2026-09-03,2026-10-30,C,712.0,170,2,0.20504029830932613,28.67,26.08,26.27
QQQ,2026-09-03,2026-10-30,C,713.0,113,8,0.20372805557250978,26.24,25.41,25.6
QQQ,2026-09-03,2026-10-30,C,714.0,354,1,0.2029803823852539,26.03,24.81,25.0
QQQ,2026-09-03,2026-10-30,C,715.0,548,58,0.20154607055664062,23.9,24.14,24.33
QQQ,2026-09-03,2026-10-30,C,716.0,306,17,0.20084417327880855,23.6,23.57,23.75
QQQ,2026-09-03,2026-10-30,C,717.0,325,7,0.19965399963378905,22.48,22.93,23.12
QQQ,2026-09-03,2026-10-30,C,718.0,272,17,0.19867744689941402,22.3,22.34,22.52
QQQ,2026-09-03,2026-10-30,C,719.0,395,232,0.19797554962158204,21.82,21.78,21.96
QQQ,2026-09-03,2026-10-30,C,720.0,811,267,0.19704477279663085,20.95,21.19,21.38
QQQ,2026-09-03,2026-10-30,C,721.0,126,231,0.1959614096069336,20.84,20.6,20.79
QQQ,2026-09-03,2026-10-30,C,722.0,74,224,0.19507640869140624,20.59,20.05,20.23
QQQ,2026-09-03,2026-10-30,C,723.0,302,20,0.19457287368774412,19.64,19.55,19.72
QQQ,2026-09-03,2026-10-30,C,724.0,107,31,0.1935505450439453,19.31,19.03,19.16
QQQ,2026-09-03,2026-10-30,C,725.0,601,39,0.192390888671875,19.48,18.46,18.59
QQQ,2026-09-03,2026-10-30,C,726.0,319,1,0.19178054321289065,17.48,17.95,18.09
QQQ,2026-09-03,2026-10-30,C,727.0,203,4,0.19101761138916018,17.44,17.44,17.58
QQQ,2026-09-03,2026-10-30,C,728.0,399,34,0.19001054138183598,17.87,16.9,17.05
QQQ,2026-09-03,2026-10-30,C,729.0,463,7,0.18918657501220704,16.29,16.41,16.55
QQQ,2026-09-03,2026-10-30,C,730.0,1660,100,0.188484677734375,15.5,15.93,16.07
QQQ,2026-09-03,2026-10-30,C,735.0,548,37,0.18465475997924802,13.38,13.62,13.75
QQQ,2026-09-03,2026-10-30,C,740.0,1785,94,0.18131311859130855,11.77,11.57,11.68
QQQ,2026-09-03,2026-10-30,C,745.0,464,73,0.1782308740234375,10.26,9.73,9.83
QQQ,2026-09-03,2026-10-30,C,750.0,4502,216,0.17542328491210937,7.9,8.14,8.2
QQQ,2026-09-03,2026-10-30,C,755.0,1042,16,0.1733328517150879,6.99,6.73,6.82
QQQ,2026-09-03,2026-10-30,C,760.0,1206,15,0.17124241851806643,5.42,5.55,5.61
QQQ,2026-09-03,2026-10-30,C,765.0,1351,35,0.16968603759765627,4.38,4.53,4.6
QQQ,2026-09-03,2026-10-30,C,770.0,431,135,0.1684043121337891,3.57,3.7,3.75
QQQ,2026-09-03,2026-10-30,C,775.0,379,208,0.16767189758300782,3.25,2.99,3.06
QQQ,2026-09-03,2026-10-30,C,780.0,515,47,0.16681741394042973,2.62,2.41,2.47
QQQ,2026-09-03,2026-10-30,C,785.0,196,16,0.1662681030273438,1.93,1.95,1.99
QQQ,2026-09-03,2026-10-30,C,790.0,534,10,0.16596293029785159,1.62,1.56,1.6
QQQ,2026-09-03,2026-10-30,C,795.0,226,21,0.166573275756836,1.26,1.26,1.31
QQQ,2026-09-03,2026-10-30,C,800.0,830,128,0.16687844848632816,1.01,1.02,1.06
QQQ,2026-09-03,2026-10-30,C,805.0,224,104,0.16742775939941407,0.95,0.81,0.86
QQQ,2026-09-03,2026-10-30,C,810.0,320,107,0.16816017395019534,0.66,0.66,0.7
QQQ,2026-09-03,2026-10-30,C,815.0,264,37,0.16895362304687503,0.55,0.54,0.57
QQQ,2026-09-03,2026-10-30,C,820.0,255,101,0.17017431396484378,0.46,0.44,0.47
QQQ,2026-09-03,2026-10-30,C,825.0,146,1,0.17163914306640626,0.37,0.36,0.39
QQQ,2026-09-03,2026-10-30,C,830.0,238,30,0.17347017944335938,0.26,0.29,0.33
QQQ,2026-09-03,2026-10-30,C,835.0,66,1,0.17456880126953128,0.22,0.24,0.27
QQQ,2026-09-03,2026-10-30,C,840.0,441,11,0.17749845947265624,0.25,0.2,0.24
QQQ,2026-09-03,2026-10-30,C,845.0,25,3,0.17896328857421873,0.23,0.16,0.2
QQQ,2026-09-03,2026-10-30,C,850.0,434,1,0.18189294677734374,0.14,0.14,0.18
QQQ,2026-09-03,2026-10-30,C,855.0,45,3,0.18335777587890623,0.13,0.11,0.15
QQQ,2026-09-03,2026-10-30,C,860.0,113,3,0.1870198486328125,0.07,0.1,0.14
QQQ,2026-09-03,2026-10-30,C,865.0,68,2,0.1889729541015625,0.21,0.08,0.12
QQQ,2026-09-03,2026-10-30,C,870.0,178,1,0.19190261230468753,0.18,0.07,0.11
QQQ,2026-09-03,2026-10-30,C,875.0,8,1,0.1948322705078125,0.16,0.06,0.1
QQQ,2026-09-03,2026-10-30,P,470.0,222,5,0.47070841796875,0.41,0.4,0.42
QQQ,2026-09-03,2026-10-30,P,475.0,1,0,0.4643608251953125,2.02,0.43,0.45
QQQ,2026-09-03,2026-10-30,P,480.0,72,1,0.4577690942382813,0.54,0.45,0.48
QQQ,2026-09-03,2026-10-30,P,485.0,103,10,0.45093322509765627,0.52,0.47,0.51
QQQ,2026-09-03,2026-10-30,P,490.0,20,1,0.4440973559570312,0.67,0.5,0.54
QQQ,2026-09-03,2026-10-30,P,495.0,38,3,0.43579665771484377,0.58,0.53,0.56
QQQ,2026-09-03,2026-10-30,P,500.0,263,15,0.42847251220703125,0.64,0.55,0.59
QQQ,2026-09-03,2026-10-30,P,505.0,49,4,0.42212491943359376,0.66,0.59,0.63
QQQ,2026-09-03,2026-10-30,P,510.0,101,3,0.4145566357421875,0.71,0.61,0.66
QQQ,2026-09-03,2026-10-30,P,515.0,33,6,0.40772076660156253,0.85,0.66,0.7
QQQ,2026-09-03,2026-10-30,P,520.0,146,4,0.4007628283691406,0.96,0.7,0.74
QQQ,2026-09-03,2026-10-30,P,525.0,89,2,0.393560751953125,0.87,0.74,0.78
QQQ,2026-09-03,2026-10-30,P,530.0,60,2,0.3869690209960937,0.81,0.78,0.83
QQQ,2026-09-03,2026-10-30,P,535.0,57,7,0.3795228063964844,0.98,0.83,0.87
QQQ,2026-09-03,2026-10-30,P,540.0,312,5,0.37244279907226563,0.92,0.88,0.92
QQQ,2026-09-03,2026-10-30,P,545.0,1012,1006,0.36597313720703123,1.03,0.94,0.98
QQQ,2026-09-03,2026-10-30,P,550.0,312,104,0.3580386462402344,1.02,1.0,1.02
QQQ,2026-09-03,2026-10-30,P,555.0,56,2,0.35217932983398437,1.22,1.06,1.1
QQQ,2026-09-03,2026-10-30,P,560.0,187,8,0.3454655297851562,1.24,1.14,1.17
QQQ,2026-09-03,2026-10-30,P,565.0,195,110,0.3391179370117187,1.33,1.21,1.25
QQQ,2026-09-03,2026-10-30,P,570.0,174,1,0.3324041369628906,1.32,1.29,1.33
QQQ,2026-09-03,2026-10-30,P,575.0,231,104,0.3258734405517578,1.4,1.38,1.42
QQQ,2026-09-03,2026-10-30,P,580.0,385,5,0.31995308959960933,1.49,1.48,1.53
QQQ,2026-09-03,2026-10-30,P,585.0,333,100,0.31323928955078123,1.6,1.58,1.63
QQQ,2026-09-03,2026-10-30,P,590.0,260,10,0.3069527313232422,1.75,1.7,1.75
QQQ,2026-09-03,2026-10-30,P,595.0,126,102,0.30036100036621094,1.91,1.83,1.87
QQQ,2026-09-03,2026-10-30,P,600.0,1104,23,0.294379614868164,2.03,1.97,2.02
QQQ,2026-09-03,2026-10-30,P,601.0,82,30,0.29315892395019527,2.67,2.0,2.05
QQQ,2026-09-03,2026-10-30,P,602.0,35,3,0.291877198486328,2.05,2.04,2.08
QQQ,2026-09-03,2026-10-30,P,603.0,35,5,0.2909616802978515,3.12,2.07,2.12
QQQ,2026-09-03,2026-10-30,P,604.0,19,2,0.2893747821044921,3.0,2.1,2.14
QQQ,2026-09-03,2026-10-30,P,605.0,247,31,0.28833719482421866,2.18,2.14,2.18
QQQ,2026-09-03,2026-10-30,P,606.0,35,1,0.2870249520874023,2.7,2.17,2.21
QQQ,2026-09-03,2026-10-30,P,607.0,76,14,0.2857127093505859,2.19,2.2,2.24
QQQ,2026-09-03,2026-10-30,P,608.0,6,1,0.28433943206787105,2.23,2.23,2.27
QQQ,2026-09-03,2026-10-30,P,609.0,29,37,0.2835459829711914,2.29,2.28,2.32
QQQ,2026-09-03,2026-10-30,P,610.0,304,35,0.28241684387207033,2.34,2.31,2.36
QQQ,2026-09-03,2026-10-30,P,611.0,9,1,0.2810130493164062,2.89,2.35,2.39
QQQ,2026-09-03,2026-10-30,P,612.0,173,4,0.2799144274902343,3.16,2.39,2.43
QQQ,2026-09-03,2026-10-30,P,613.0,101,1,0.2784495983886719,5.06,2.41,2.46
QQQ,2026-09-03,2026-10-30,P,614.0,18,1,0.2775340802001953,3.66,2.46,2.51
QQQ,2026-09-03,2026-10-30,P,615.0,178,1,0.27637442382812494,2.45,2.51,2.55
QQQ,2026-09-03,2026-10-30,P,616.0,128,100,0.2751537329101562,3.12,2.55,2.59
QQQ,2026-09-03,2026-10-30,P,617.0,20,7,0.27390252471923826,2.56,2.59,2.63
QQQ,2026-09-03,2026-10-30,P,618.0,152,10,0.2724071783447265,3.61,2.62,2.66
QQQ,2026-09-03,2026-10-30,P,619.0,38,2,0.2711254528808594,2.69,2.66,2.7
QQQ,2026-09-03,2026-10-30,P,620.0,279,35,0.27033200378417965,2.69,2.72,2.76
QQQ,2026-09-03,2026-10-30,P,621.0,101,1,0.26877562286376955,3.01,2.75,2.79
QQQ,2026-09-03,2026-10-30,P,622.0,38,2,0.2676770010375976,3.88,2.8,2.84
QQQ,2026-09-03,2026-10-30,P,623.0,14,31,0.2665783792114258,2.84,2.84,2.89
QQQ,2026-09-03,2026-10-30,P,624.0,24,2,0.26520510192871094,4.12,2.89,2.93
QQQ,2026-09-03,2026-10-30,P,625.0,594,36,0.26428958374023437,2.98,2.94,2.99
QQQ,2026-09-03,2026-10-30,P,626.0,2,1,0.2631299273681641,3.84,2.99,3.04
QQQ,2026-09-03,2026-10-30,P,627.0,7,5,0.26190923645019537,3.91,3.04,3.09
QQQ,2026-09-03,2026-10-30,P,628.0,21,1,0.26068854553222653,3.68,3.09,3.14
QQQ,2026-09-03,2026-10-30,P,629.0,10,4,0.2594678546142578,3.46,3.15,3.19
QQQ,2026-09-03,2026-10-30,P,630.0,522,52,0.25843026733398444,3.3,3.21,3.25
QQQ,2026-09-03,2026-10-30,P,631.0,53,1,0.25714854187011715,4.6,3.26,3.3
QQQ,2026-09-03,2026-10-30,P,632.0,39,1,0.25623302368164064,4.7,3.32,3.37
QQQ,2026-09-03,2026-10-30,P,633.0,88,30,0.2551344018554688,4.17,3.38,3.43
QQQ,2026-09-03,2026-10-30,P,634.0,77,10,0.25379164184570313,3.3,3.44,3.48
QQQ,2026-09-03,2026-10-30,P,635.0,224,4,0.25260146820068363,3.51,3.49,3.54
QQQ,2026-09-03,2026-10-30,P,636.0,15,1,0.251411294555664,4.43,3.56,3.6
QQQ,2026-09-03,2026-10-30,P,637.0,42,87,0.25061784545898436,4.01,3.63,3.68
QQQ,2026-09-03,2026-10-30,P,638.0,25,2,0.2495497409057617,4.97,3.7,3.75
QQQ,2026-09-03,2026-10-30,P,639.0,66,2,0.24808491180419923,3.91,3.75,3.8
QQQ,2026-09-03,2026-10-30,P,640.0,7981,15,0.24719991088867188,3.95,3.82,3.88
QQQ,2026-09-03,2026-10-30,P,641.0,130,2,0.24585715087890625,5.15,3.9,3.94
QQQ,2026-09-03,2026-10-30,P,642.0,20,20,0.2447280117797852,4.0,3.96,4.01
QQQ,2026-09-03,2026-10-30,P,643.0,12,1,0.24372094177246095,4.32,4.04,4.09
QQQ,2026-09-03,2026-10-30,P,644.0,3,1,0.2425307681274414,4.89,4.12,4.16
QQQ,2026-09-03,2026-10-30,P,645.0,572,9,0.24146266357421875,4.19,4.19,4.24
QQQ,2026-09-03,2026-10-30,P,646.0,2,1,0.2405776626586914,4.62,4.27,4.33
QQQ,2026-09-03,2026-10-30,P,647.0,48,27,0.23929593719482417,4.7,4.35,4.4
QQQ,2026-09-03,2026-10-30,P,648.0,116,4,0.23847197082519528,4.74,4.45,4.5
QQQ,2026-09-03,2026-10-30,P,649.0,114,101,0.23712921081542968,4.86,4.52,4.57
QQQ,2026-09-03,2026-10-30,P,650.0,5603,91,0.23627472717285153,4.66,4.62,4.67
QQQ,2026-09-03,2026-10-30,P,651.0,111,3,0.2350540362548828,6.17,4.71,4.75
QQQ,2026-09-03,2026-10-30,P,652.0,95,2,0.234108000793457,8.23,4.8,4.85
QQQ,2026-09-03,2026-10-30,P,653.0,25,2,0.23300937896728519,4.99,4.89,4.94
QQQ,2026-09-03,2026-10-30,P,654.0,151,1,0.23200230895996093,5.36,4.98,5.04
QQQ,2026-09-03,2026-10-30,P,655.0,7603,28,0.2309647216796875,5.23,5.09,5.14
QQQ,2026-09-03,2026-10-30,P,656.0,68,1,0.22974403076171873,5.56,5.17,5.23
QQQ,2026-09-03,2026-10-30,P,657.0,43,1,0.22864540893554688,5.4,5.28,5.33
QQQ,2026-09-03,2026-10-30,P,658.0,53,1,0.22766885620117186,5.29,5.39,5.44
QQQ,2026-09-03,2026-10-30,P,659.0,486,30,0.22666178619384764,5.65,5.5,5.55
QQQ,2026-09-03,2026-10-30,P,660.0,8656,110,0.22562419891357421,5.7,5.6,5.66
QQQ,2026-09-03,2026-10-30,P,661.0,72,2,0.2245560943603515,5.63,5.71,5.77
QQQ,2026-09-03,2026-10-30,P,662.0,166,1,0.22342695526123046,6.16,5.84,5.88
QQQ,2026-09-03,2026-10-30,P,663.0,36,2,0.2224198852539062,6.06,5.96,6.0
QQQ,2026-09-03,2026-10-30,P,664.0,50,3,0.2213822979736328,6.7,6.07,6.12
QQQ,2026-09-03,2026-10-30,P,665.0,478,162,0.220436262512207,6.27,6.21,6.25
QQQ,2026-09-03,2026-10-30,P,666.0,21,3,0.21945970977783202,6.54,6.33,6.38
QQQ,2026-09-03,2026-10-30,P,667.0,35,4,0.21842212249755855,6.65,6.46,6.51
QQQ,2026-09-03,2026-10-30,P,668.0,60,42,0.21738453521728518,6.4,6.58,6.64
QQQ,2026-09-03,2026-10-30,P,669.0,82,93,0.21640798248291016,6.79,6.73,6.78
QQQ,2026-09-03,2026-10-30,P,670.0,730,131,0.21540091247558596,7.03,6.87,6.92
QQQ,2026-09-03,2026-10-30,P,671.0,78,30,0.21448539428710936,6.71,7.01,7.07
QQQ,2026-09-03,2026-10-30,P,672.0,48,2,0.21341728973388674,7.22,7.15,7.21
QQQ,2026-09-03,2026-10-30,P,673.0,54,9,0.21253228881835937,9.71,7.31,7.37
QQQ,2026-09-03,2026-10-30,P,674.0,52,103,0.211372632446289,7.53,7.46,7.51
QQQ,2026-09-03,2026-10-30,P,675.0,1163,328,0.21042659698486327,7.82,7.62,7.67
QQQ,2026-09-03,2026-10-30,P,676.0,44,31,0.20941952697753902,7.82,7.77,7.83
QQQ,2026-09-03,2026-10-30,P,677.0,128,38,0.20862607788085932,8.03,7.93,8.01
QQQ,2026-09-03,2026-10-30,P,678.0,61,88,0.20764952514648435,8.21,8.11,8.18
QQQ,2026-09-03,2026-10-30,P,679.0,38,1,0.20664245513916013,8.0,8.27,8.35
QQQ,2026-09-03,2026-10-30,P,680.0,5579,348,0.2055896092224121,8.58,8.46,8.52
QQQ,2026-09-03,2026-10-30,P,681.0,30,112,0.20461305648803707,8.67,8.63,8.7
QQQ,2026-09-03,2026-10-30,P,682.0,47,71,0.20359072784423826,8.87,8.81,8.88
QQQ,2026-09-03,2026-10-30,P,683.0,26,34,0.20261417510986324,8.74,8.99,9.07
QQQ,2026-09-03,2026-10-30,P,684.0,31,88,0.20172917419433595,9.26,9.18,9.27
QQQ,2026-09-03,2026-10-30,P,685.0,2563,110,0.20067632827758786,9.68,9.38,9.46
QQQ,2026-09-03,2026-10-30,P,686.0,20,2,0.19979132736206057,9.72,9.58,9.67
QQQ,2026-09-03,2026-10-30,P,687.0,46,2,0.19896736099243162,9.93,9.8,9.89
QQQ,2026-09-03,2026-10-30,P,688.0,153,23,0.19788399780273438,10.04,9.99,10.09
QQQ,2026-09-03,2026-10-30,P,689.0,103,26,0.19684641052246094,10.75,10.22,10.3
QQQ,2026-09-03,2026-10-30,P,690.0,1540,83,0.19588511642456058,10.6,10.44,10.52
QQQ,2026-09-03,2026-10-30,P,691.0,32,1,0.19495433959960937,11.39,10.66,10.75
QQQ,2026-09-03,2026-10-30,P,692.0,18,2,0.19399304550170898,14.33,10.89,10.98
QQQ,2026-09-03,2026-10-30,P,693.0,97,33,0.19297071685791017,11.21,11.13,11.21
QQQ,2026-09-03,2026-10-30,P,694.0,55,30,0.1919941641235352,11.51,11.36,11.45
QQQ,2026-09-03,2026-10-30,P,695.0,359,58,0.19107864593505858,11.64,11.62,11.7
QQQ,2026-09-03,2026-10-30,P,696.0,223,33,0.190086834564209,11.94,11.87,11.95
QQQ,2026-09-03,2026-10-30,P,697.0,36,11,0.1891560577392578,12.56,12.1,12.21
QQQ,2026-09-03,2026-10-30,P,698.0,49,16,0.18816424636840817,12.02,12.39,12.47
QQQ,2026-09-03,2026-10-30,P,699.0,150,11,0.18721821090698243,12.61,12.64,12.74
QQQ,2026-09-03,2026-10-30,P,700.0,7030,849,0.1862263995361328,13.1,12.92,13.01
QQQ,2026-09-03,2026-10-30,P,701.0,48,6,0.18524984680175777,14.07,13.2,13.29
QQQ,2026-09-03,2026-10-30,P,702.0,129,25,0.18442588043212887,13.86,13.49,13.59
QQQ,2026-09-03,2026-10-30,P,703.0,38,15,0.1833425172424316,13.37,13.79,13.87
QQQ,2026-09-03,2026-10-30,P,704.0,99,83,0.1824880335998535,14.25,14.07,14.18
QQQ,2026-09-03,2026-10-30,P,705.0,406,148,0.18146570495605469,14.54,14.38,14.48
QQQ,2026-09-03,2026-10-30,P,706.0,43,1,0.1804891522216797,15.07,14.69,14.79
QQQ,2026-09-03,2026-10-30,P,707.0,1102,5,0.17954311676025392,15.25,15.01,15.11
QQQ,2026-09-03,2026-10-30,P,708.0,1081,11,0.17862759857177735,15.95,15.34,15.44
QQQ,2026-09-03,2026-10-30,P,709.0,107,88,0.1779257012939453,16.11,15.7,15.8
QQQ,2026-09-03,2026-10-30,P,710.0,10401,382,0.17705595901489257,16.45,16.04,16.15
QQQ,2026-09-03,2026-10-30,P,711.0,57,3,0.17585052673339846,16.5,16.36,16.47
QQQ,2026-09-03,2026-10-30,P,712.0,233,208,0.17504181900024413,16.29,16.74,16.84
QQQ,2026-09-03,2026-10-30,P,713.0,224,8,0.17408052490234377,16.7,17.1,17.2
QQQ,2026-09-03,2026-10-30,P,714.0,208,15,0.17311923080444336,17.79,17.48,17.57
QQQ,2026-09-03,2026-10-30,P,715.0,1165,109,0.17255466125488284,18.35,17.88,17.99
QQQ,2026-09-03,2026-10-30,P,716.0,102,20,0.1713797462463379,17.89,18.25,18.35
QQQ,2026-09-03,2026-10-30,P,717.0,139,450,0.17075414215087892,18.03,18.67,18.78
QQQ,2026-09-03,2026-10-30,P,718.0,258,54,0.1696097444152832,19.18,19.05,19.16
QQQ,2026-09-03,2026-10-30,P,719.0,177,89,0.16893836441040044,19.52,19.47,19.6
QQQ,2026-09-03,2026-10-30,P,720.0,472,130,0.16800758758544926,20.14,19.92,20.02
QQQ,2026-09-03,2026-10-30,P,721.0,158,14,0.167275173034668,21.1,20.34,20.47
QQQ,2026-09-03,2026-10-30,P,722.0,159,8,0.16635965484619147,20.29,20.75,20.91
QQQ,2026-09-03,2026-10-30,P,723.0,395,40,0.16574930938720706,20.09,21.22,21.39
QQQ,2026-09-03,2026-10-30,P,724.0,117,60,0.16495586029052733,20.29,21.68,21.86
QQQ,2026-09-03,2026-10-30,P,725.0,376,61,0.1639182730102539,22.48,22.14,22.31
QQQ,2026-09-03,2026-10-30,P,726.0,1093,55,0.16315534118652347,22.95,22.63,22.8
QQQ,2026-09-03,2026-10-30,P,727.0,314,104,0.16257551300048828,22.34,23.14,23.32
QQQ,2026-09-03,2026-10-30,P,728.0,76,140,0.16173628799438478,24.32,23.63,23.82
QQQ,2026-09-03,2026-10-30,P,729.0,22,1,0.1606376661682129,24.26,24.1,24.3
QQQ,2026-09-03,2026-10-30,P,730.0,563,23,0.1602714588928223,25.45,24.68,24.87
QQQ,2026-09-03,2026-10-30,P,735.0,92,5,0.15628895477294924,27.23,27.43,27.62
QQQ,2026-09-03,2026-10-30,P,740.0,374,11,0.15253533020019533,30.42,30.42,30.63
QQQ,2026-09-03,2026-10-30,P,745.0,26,5,0.14850705017089844,36.31,33.63,33.85
QQQ,2026-09-03,2026-10-30,P,750.0,319,20,0.14884274017333982,37.1,36.85,37.69
QQQ,2026-09-03,2026-10-30,P,755.0,6,1,0.14789670471191407,42.88,39.86,41.59
QQQ,2026-09-03,2026-10-30,P,760.0,298,8,0.14432618377685547,44.9,43.99,45.47
QQQ,2026-09-03,2026-10-30,P,765.0,26,11,0.1660849993896485,57.04,48.17,51.26
QQQ,2026-09-03,2026-10-30,P,770.0,338,2,0.14344118286132812,61.53,52.28,54.14
QQQ,2026-09-03,2026-10-30,P,775.0,137,2,0.1695334512329102,66.32,56.95,60.1
QQQ,2026-09-03,2026-10-30,P,780.0,1,4,0.17285983398437502,71.17,60.94,64.73
QQQ,2026-09-03,2026-10-30,P,785.0,6,7,0.1769796658325195,68.0,66.04,69.45
QQQ,2026-09-03,2026-10-30,P,790.0,0,1,0.18396812133789062,82.98,70.33,74.35
QQQ,2026-09-03,2026-10-30,P,795.0,40,5,0.1911091632080078,74.78,75.28,79.27
QQQ,2026-09-03,2026-10-30,P,800.0,0,3,0.1992267578125,86.92,80.26,84.25
QQQ,2026-09-03,2026-10-30,P,805.0,0,0,0.20587952331542966,82.66,85.33,89.17
QQQ,2026-09-03,2026-10-30,P,810.0,0,1,0.21527884338378905,80.0,90.27,94.22
QQQ,2026-09-03,2026-10-30,P,820.0,0,0,0.23169713623046873,98.39,100.36,104.23
QQQ,2026-09-03,2026-10-30,P,825.0,0,0,0.24079128356933593,103.35,105.36,109.28
QQQ,2026-09-03,2026-10-30,P,830.0,0,0,0.24567404724121095,98.17,110.2,114.16
QQQ,2026-09-03,2026-10-30,P,835.0,0,0,0.2551344018554688,111.9,115.36,119.23
QQQ,2026-09-03,2026-10-30,P,840.0,1,1,0.26093268371582035,132.91,120.4,124.16
QQQ,2026-09-03,2026-10-30,P,845.0,0,1,0.26868407104492187,137.93,125.2,129.17
QQQ,2026-09-03,2026-10-30,P,850.0,0,267,0.2760692510986328,120.67,130.25,134.17
QQQ,2026-09-03,2026-10-30,P,855.0,0,178,0.28339339660644525,129.88,135.28,139.17
QQQ,2026-09-03,2026-10-30,P,860.0,0,0,0.2919992675781249,135.43,140.29,144.22
QQQ,2026-09-03,2026-10-30,P,870.0,0,1,0.306220316772461,149.52,150.3,154.22
QQQ,2026-09-03,2026-10-30,P,875.0,0,0,0.31323928955078123,143.16,155.28,159.22
QQQ,2026-09-03,2026-11-20,C,360.0,1,1,0.7982197912597657,316.78,358.46,362.09
QQQ,2026-09-03,2026-11-20,C,370.0,1,0,0.7678245874023439,334.01,348.49,351.99
QQQ,2026-09-03,2026-11-20,C,380.0,6,0,0.75195560546875,325.0,338.6,342.28
QQQ,2026-09-03,2026-11-20,C,390.0,28,0,0.7264431652832031,330.02,328.72,332.22
QQQ,2026-09-03,2026-11-20,C,400.0,4,4,0.7174100524902343,321.25,318.85,322.78
QQQ,2026-09-03,2026-11-20,C,410.0,1,1,0.6978789978027344,278.43,309.06,312.87
QQQ,2026-09-03,2026-11-20,C,420.0,2,0,1.0000000000000003e-05,294.62,289.08,292.87
QQQ,2026-09-03,2026-11-20,C,430.0,3,0,0.6541782629394532,241.67,289.27,293.03
QQQ,2026-09-03,2026-11-20,C,435.0,7,1,0.6451451501464844,295.15,284.32,288.16
QQQ,2026-09-03,2026-11-20,C,450.0,1,1,0.6171913281250001,267.98,269.6,273.38
QQQ,2026-09-03,2026-11-20,C,455.0,3,0,0.6071816625976563,268.27,264.65,268.46
QQQ,2026-09-03,2026-11-20,C,465.0,2,2,1.0000000000000003e-05,265.08,244.86,248.73
QQQ,2026-09-03,2026-11-20,C,480.0,81,164,0.5564009204101563,248.41,240.02,243.68
QQQ,2026-09-03,2026-11-20,C,485.0,28,2,0.5454147021484376,233.97,235.18,238.58
QQQ,2026-09-03,2026-11-20,C,490.0,7,5,0.5366867620849609,230.77,230.28,233.68
QQQ,2026-09-03,2026-11-20,C,495.0,27,2,0.5286912365722658,222.6,225.3,228.92
QQQ,2026-09-03,2026-11-20,C,500.0,83,71,0.5240526110839843,214.24,220.45,224.27
QQQ,2026-09-03,2026-11-20,C,505.0,1,0,0.511174321899414,217.74,215.48,219.16
QQQ,2026-09-03,2026-11-20,C,510.0,3,1,0.5007374145507812,226.32,210.67,214.06
QQQ,2026-09-03,2026-11-20,C,515.0,2,1,0.541569525756836,207.0,205.71,209.57
QQQ,2026-09-03,2026-11-20,C,520.0,6,1,0.5311326184082032,206.2,200.82,204.66
QQQ,2026-09-03,2026-11-20,C,525.0,1,1,0.5208482974243164,200.65,195.99,199.76
QQQ,2026-09-03,2026-11-20,C,530.0,2,2,1.0000000000000003e-05,172.22,181.7,185.51
QQQ,2026-09-03,2026-11-20,C,535.0,1,0,0.49933361999511716,144.01,186.16,189.91
QQQ,2026-09-03,2026-11-20,C,540.0,62,1,0.49124654266357426,181.01,181.29,185.12
QQQ,2026-09-03,2026-11-20,C,545.0,1,0,0.47485876708984376,141.0,176.51,179.9
QQQ,2026-09-03,2026-11-20,C,550.0,21,1,0.4695487615966797,164.5,171.57,175.26
QQQ,2026-09-03,2026-11-20,C,555.0,0,4,0.4622856506347657,176.72,166.71,170.53
QQQ,2026-09-03,2026-11-20,C,560.0,14,12,0.446294599609375,156.12,161.87,165.31
QQQ,2026-09-03,2026-11-20,C,565.0,2,1,0.4442804595947265,159.45,157.05,160.89
QQQ,2026-09-03,2026-11-20,C,570.0,5,10,0.4299983758544922,160.2,152.23,155.76
QQQ,2026-09-03,2026-11-20,C,575.0,18,9,0.42673302764892584,140.37,147.46,151.3
QQQ,2026-09-03,2026-11-20,C,580.0,11,1,0.4178830184936523,162.17,142.67,146.51
QQQ,2026-09-03,2026-11-20,C,585.0,6,3,0.4021971401977539,136.24,139.34,141.28
QQQ,2026-09-03,2026-11-20,C,590.0,20,6,0.3830933273315429,132.59,133.37,135.82
QQQ,2026-09-03,2026-11-20,C,595.0,1,1,0.38532108825683586,130.0,129.81,131.77
QQQ,2026-09-03,2026-11-20,C,600.0,35,6,0.37604383728027346,117.9,125.05,126.97
QQQ,2026-09-03,2026-11-20,C,605.0,8,2,0.3629214099121094,112.56,119.18,121.9
QQQ,2026-09-03,2026-11-20,C,610.0,50,1,0.3587710607910156,105.48,115.66,117.49
QQQ,2026-09-03,2026-11-20,C,615.0,3,1,0.3551700225830078,126.87,109.52,113.16
QQQ,2026-09-03,2026-11-20,C,620.0,161,26,0.3468693243408203,108.67,104.83,108.49
QQQ,2026-09-03,2026-11-20,C,625.0,25,1,0.3354558642578125,103.9,101.74,103.58
QQQ,2026-09-03,2026-11-20,C,630.0,49,1,0.3341741387939453,96.47,95.68,99.54
QQQ,2026-09-03,2026-11-20,C,635.0,442,401,0.3164741204833984,84.92,92.62,94.11
QQQ,2026-09-03,2026-11-20,C,640.0,49,1,0.3126594613647461,82.13,88.13,89.91
QQQ,2026-09-03,2026-11-20,C,645.0,32,1,0.30997394134521483,84.32,82.17,85.87
QQQ,2026-09-03,2026-11-20,C,650.0,116,10,0.3029549685668945,80.12,77.76,81.47
QQQ,2026-09-03,2026-11-20,C,655.0,36,4,0.29097693893432613,67.24,74.95,76.61
QQQ,2026-09-03,2026-11-20,C,660.0,345,4,0.2842936561584472,62.8,70.67,72.31
QQQ,2026-09-03,2026-11-20,C,665.0,108,1,0.27970080657958973,67.04,65.92,68.28
QQQ,2026-09-03,2026-11-20,C,670.0,208,4,0.2747875256347656,59.4,60.74,64.28
QQQ,2026-09-03,2026-11-20,C,675.0,552,100,0.264304842376709,60.9,57.71,59.72
QQQ,2026-09-03,2026-11-20,C,680.0,502,7,0.26177190872192385,53.93,53.02,56.12
QQQ,2026-09-03,2026-11-20,C,685.0,304,1,0.2531507791137696,44.94,50.38,51.89
QQQ,2026-09-03,2026-11-20,C,690.0,663,4,0.2498396549987793,47.75,45.48,48.37
QQQ,2026-09-03,2026-11-20,C,695.0,661,7,0.23592377853393554,43.75,41.83,43.63
QQQ,2026-09-03,2026-11-20,C,700.0,1422,23,0.23056799713134768,40.1,39.24,40.03
QQQ,2026-09-03,2026-11-20,C,705.0,1648,10,0.22493756027221679,35.9,35.92,36.5
QQQ,2026-09-03,2026-11-20,C,710.0,2711,16,0.21973436523437498,32.72,32.66,33.14
QQQ,2026-09-03,2026-11-20,C,715.0,2148,61,0.21512625701904298,29.48,29.53,29.98
QQQ,2026-09-03,2026-11-20,C,720.0,6382,154,0.21102168380737302,26.43,26.86,27.02
QQQ,2026-09-03,2026-11-20,C,725.0,5117,501,0.20699340377807612,24.1,24.02,24.21
QQQ,2026-09-03,2026-11-20,C,730.0,14651,514,0.2029956410217285,21.33,21.42,21.55
QQQ,2026-09-03,2026-11-20,C,735.0,1603,355,0.1995319305419922,19.05,19.0,19.11
QQQ,2026-09-03,2026-11-20,C,740.0,3893,133,0.19625132369995119,16.61,16.73,16.85
QQQ,2026-09-03,2026-11-20,C,745.0,12264,36,0.19348951049804688,14.3,14.68,14.81
QQQ,2026-09-03,2026-11-20,C,750.0,15195,93,0.19068192138671874,12.8,12.8,12.92
QQQ,2026-09-03,2026-11-20,C,755.0,1156,688,0.1880116600036621,11.04,11.1,11.2
QQQ,2026-09-03,2026-11-20,C,760.0,26659,102,0.18598226135253904,9.5,9.59,9.7
QQQ,2026-09-03,2026-11-20,C,765.0,5603,787,0.18383079360961913,8.16,8.23,8.33
QQQ,2026-09-03,2026-11-20,C,770.0,12616,103,0.18221337814331057,6.91,7.06,7.15
QQQ,2026-09-03,2026-11-20,C,775.0,1789,822,0.1805501867675781,5.97,6.02,6.09
QQQ,2026-09-03,2026-11-20,C,780.0,5867,226,0.17936001312255856,5.14,5.12,5.19
QQQ,2026-09-03,2026-11-20,C,785.0,1016,50,0.1783529431152344,4.33,4.34,4.41
QQQ,2026-09-03,2026-11-20,C,790.0,6249,44,0.1774374249267578,3.63,3.67,3.73
QQQ,2026-09-03,2026-11-20,C,795.0,750,14,0.1767355276489258,3.08,3.09,3.15
QQQ,2026-09-03,2026-11-20,C,800.0,8021,143,0.17627776855468752,2.56,2.61,2.66
QQQ,2026-09-03,2026-11-20,C,805.0,1861,35,0.17609466491699222,2.14,2.19,2.25
QQQ,2026-09-03,2026-11-20,C,810.0,519,41,0.17600311309814454,1.83,1.85,1.9
QQQ,2026-09-03,2026-11-20,C,815.0,819,27,0.1759725958251953,1.54,1.56,1.6
QQQ,2026-09-03,2026-11-20,C,820.0,2530,16,0.17609466491699222,1.43,1.31,1.35
QQQ,2026-09-03,2026-11-20,C,825.0,1581,10,0.17609466491699222,1.17,1.1,1.13
QQQ,2026-09-03,2026-11-20,C,830.0,833,12,0.1769491485595703,0.98,0.92,0.97
QQQ,2026-09-03,2026-11-20,C,835.0,3285,100,0.17737639038085937,0.78,0.78,0.82
QQQ,2026-09-03,2026-11-20,C,840.0,4514,2,0.1782308740234375,0.67,0.66,0.7
QQQ,2026-09-03,2026-11-20,C,845.0,1913,128,0.17865811584472657,0.56,0.55,0.59
QQQ,2026-09-03,2026-11-20,C,850.0,473,60,0.17981777221679687,0.48,0.46,0.51
QQQ,2026-09-03,2026-11-20,C,855.0,213,4,0.18030604858398439,0.42,0.4,0.43
QQQ,2026-09-03,2026-11-20,C,860.0,233,120,0.1821370849609375,0.33,0.34,0.38
QQQ,2026-09-03,2026-11-20,C,865.0,310,3,0.18335777587890623,0.17,0.28,0.33
QQQ,2026-09-03,2026-11-20,C,870.0,450,3,0.18494467407226559,0.2,0.25,0.29
QQQ,2026-09-03,2026-11-20,C,875.0,209,11,0.18689777954101564,0.17,0.21,0.26
QQQ,2026-09-03,2026-11-20,C,880.0,815,3,0.188484677734375,0.21,0.18,0.23
QQQ,2026-09-03,2026-11-20,C,885.0,261,1,0.1909260595703125,0.16,0.16,0.21
QQQ,2026-09-03,2026-11-20,C,890.0,1091,2,0.1928791650390625,0.11,0.14,0.19
QQQ,2026-09-03,2026-11-20,C,895.0,149,1,0.19458813232421873,0.09,0.12,0.17
QQQ,2026-09-03,2026-11-20,C,900.0,2525,228,0.19605296142578127,0.13,0.11,0.15
QQQ,2026-09-03,2026-11-20,C,905.0,438,1,0.19873848144531248,0.07,0.1,0.14
QQQ,2026-09-03,2026-11-20,C,910.0,832,4,0.20117986328124998,0.06,0.08,0.13
QQQ,2026-09-03,2026-11-20,C,915.0,80,1,0.2036212451171875,0.13,0.08,0.12
QQQ,2026-09-03,2026-11-20,C,920.0,1505,308,0.20557435058593748,0.09,0.07,0.11
QQQ,2026-09-03,2026-11-20,C,925.0,58,1,0.20752745605468748,0.07,0.06,0.1
QQQ,2026-09-03,2026-11-20,C,930.0,147,1,0.21143366699218746,0.11,0.05,0.1
QQQ,2026-09-03,2026-11-20,C,935.0,122,1,0.21509573974609375,0.05,0.05,0.1
QQQ,2026-09-03,2026-11-20,C,940.0,1418,200,0.21680470703125,0.05,0.05,0.09
QQQ,2026-09-03,2026-11-20,C,945.0,68,1,0.22022264160156246,0.07,0.04,0.09
QQQ,2026-09-03,2026-11-20,C,950.0,2485,370,0.22168747070312497,0.07,0.04,0.08
QQQ,2026-09-03,2026-11-20,C,955.0,203,1,0.22510540527343748,0.07,0.03,0.08
QQQ,2026-09-03,2026-11-20,C,960.0,583,50,0.22852333984375,0.04,0.03,0.08
QQQ,2026-09-03,2026-11-20,C,965.0,421,1,0.229499892578125,0.04,0.03,0.07
QQQ,2026-09-03,2026-11-20,C,970.0,884,100,0.2329178271484375,0.04,0.03,0.07
QQQ,2026-09-03,2026-11-20,C,975.0,558,6,0.23633576171874998,0.02,0.02,0.07
QQQ,2026-09-03,2026-11-20,C,980.0,597,125,0.24024197265624997,0.17,0.02,0.07
QQQ,2026-09-03,2026-11-20,C,985.0,717,62,0.24024197265624997,0.15,0.02,0.06
QQQ,2026-09-03,2026-11-20,C,990.0,364,50,0.243171630859375,0.16,0.02,0.06
QQQ,2026-09-03,2026-11-20,C,995.0,653,21,0.23242955078125,0.02,0.02,0.03
QQQ,2026-09-03,2026-11-20,C,1000.0,16541,16,0.2500075,0.02,0.01,0.06
QQQ,2026-09-03,2026-11-20,C,1005.0,5,1,0.2534254345703125,0.07,0.01,0.06
QQQ,2026-09-03,2026-11-20,C,1010.0,2,1,0.252937158203125,0.16,0.01,0.05
QQQ,2026-09-03,2026-11-20,C,1015.0,1,0,0.25586681640625003,0.18,0.01,0.05
QQQ,2026-09-03,2026-11-20,C,1020.0,12,6,0.25879647460937505,0.04,0.01,0.05
QQQ,2026-09-03,2026-11-20,C,1025.0,1,0,0.26270268554687504,0.13,0.01,0.05
QQQ,2026-09-03,2026-11-20,C,1030.0,4,1,0.26563234375,0.09,0.01,0.05
QQQ,2026-09-03,2026-11-20,C,1035.0,1,0,0.26856200195312496,0.09,0.01,0.05
QQQ,2026-09-03,2026-11-20,C,1040.0,1,0,0.27149166015625,0.08,0.01,0.05
QQQ,2026-09-03,2026-11-20,C,1045.0,5,0,0.27539787109374997,0.12,0.0,0.05
QQQ,2026-09-03,2026-11-20,C,1050.0,5,4,0.278327529296875,0.04,0.0,0.05
QQQ,2026-09-03,2026-11-20,C,1055.0,6,5,0.28125718749999995,0.11,0.0,0.05
QQQ,2026-09-03,2026-11-20,C,1060.0,9,10,0.27930408203124996,0.05,0.0,0.04
QQQ,2026-09-03,2026-11-20,C,1065.0,2,0,0.282233740234375,0.14,0.0,0.04
QQQ,2026-09-03,2026-11-20,C,1070.0,285,305,0.28516339843749994,0.05,0.0,0.04
QQQ,2026-09-03,2026-11-20,C,1075.0,13,10,0.2880930566406249,0.06,0.0,0.04
QQQ,2026-09-03,2026-11-20,C,1080.0,2024,324,0.2910227148437499,0.05,0.0,0.04
QQQ,2026-09-03,2026-11-20,C,1085.0,27857,1,0.29395237304687494,0.02,0.0,0.04
QQQ,2026-09-03,2026-11-20,P,350.0,822,98,0.5976602734375001,0.21,0.19,0.21
QQQ,2026-09-03,2026-11-20,P,355.0,169,1,0.5913126806640626,0.24,0.2,0.23
QQQ,2026-09-03,2026-11-20,P,360.0,485,1,0.5830119824218749,0.26,0.21,0.24
QQQ,2026-09-03,2026-11-20,P,365.0,246,1,0.5776409423828125,0.29,0.23,0.26
QQQ,2026-09-03,2026-11-20,P,370.0,394,1,0.569340244140625,0.3,0.24,0.27
QQQ,2026-09-03,2026-11-20,P,375.0,114,4,0.561527822265625,0.32,0.25,0.28
QQQ,2026-09-03,2026-11-20,P,380.0,352,8,0.5551802294921876,0.38,0.27,0.3
QQQ,2026-09-03,2026-11-20,P,385.0,106,2,0.5468795312500001,0.34,0.28,0.31
QQQ,2026-09-03,2026-11-20,P,390.0,758,1,0.5407760766601564,0.37,0.3,0.33
QQQ,2026-09-03,2026-11-20,P,395.0,50,1,0.53320779296875,0.43,0.31,0.35
QQQ,2026-09-03,2026-11-20,P,400.0,593,12,0.5258836474609375,0.37,0.33,0.36
QQQ,2026-09-03,2026-11-20,P,405.0,13,1,0.5190477783203125,0.46,0.35,0.38
QQQ,2026-09-03,2026-11-20,P,410.0,177,1,0.5124560473632812,0.45,0.37,0.4
QQQ,2026-09-03,2026-11-20,P,415.0,90,1,0.5053760400390624,0.43,0.39,0.42
QQQ,2026-09-03,2026-11-20,P,420.0,76,2,0.5007374145507812,0.51,0.41,0.44
QQQ,2026-09-03,2026-11-20,P,425.0,293,1,0.49487809814453126,0.49,0.43,0.47
QQQ,2026-09-03,2026-11-20,P,430.0,203,113,0.4875539526367188,0.49,0.46,0.49
QQQ,2026-09-03,2026-11-20,P,435.0,96,10,0.47998566894531247,0.52,0.48,0.51
QQQ,2026-09-03,2026-11-20,P,440.0,461,9,0.4738822143554688,0.55,0.51,0.54
QQQ,2026-09-03,2026-11-20,P,445.0,560,1,0.4674125524902344,0.66,0.53,0.57
QQQ,2026-09-03,2026-11-20,P,450.0,271,3,0.46094289062500005,0.59,0.56,0.6
QQQ,2026-09-03,2026-11-20,P,455.0,456,10,0.454107021484375,0.68,0.59,0.63
QQQ,2026-09-03,2026-11-20,P,460.0,1087,100,0.44739322143554683,0.91,0.62,0.66
QQQ,2026-09-03,2026-11-20,P,465.0,157,11,0.4414118359375,0.75,0.65,0.7
QQQ,2026-09-03,2026-11-20,P,470.0,1559,5,0.43445389770507814,0.68,0.69,0.73
QQQ,2026-09-03,2026-11-20,P,475.0,261,58,0.4282283740234375,0.73,0.73,0.77
QQQ,2026-09-03,2026-11-20,P,480.0,603,6,0.42175871215820315,0.79,0.77,0.81
QQQ,2026-09-03,2026-11-20,P,485.0,90,1,0.41602146484374997,0.85,0.81,0.86
QQQ,2026-09-03,2026-11-20,P,490.0,2243,4,0.40991801025390623,0.93,0.86,0.91
QQQ,2026-09-03,2026-11-20,P,495.0,333,112,0.40320421020507813,0.98,0.91,0.95
QQQ,2026-09-03,2026-11-20,P,500.0,1729,14,0.397466962890625,0.98,0.96,1.01
QQQ,2026-09-03,2026-11-20,P,505.0,159,1,0.3909973010253906,1.01,1.01,1.06
QQQ,2026-09-03,2026-11-20,P,510.0,403,75,0.3850159155273437,1.31,1.07,1.12
QQQ,2026-09-03,2026-11-20,P,515.0,242,20,0.3789124609375,1.13,1.13,1.18
QQQ,2026-09-03,2026-11-20,P,520.0,11245,5,0.37305314453125,1.24,1.2,1.25
QQQ,2026-09-03,2026-11-20,P,525.0,123,13,0.36652244812011714,1.32,1.27,1.31
QQQ,2026-09-03,2026-11-20,P,530.0,412,3,0.36084623535156246,1.35,1.34,1.39
QQQ,2026-09-03,2026-11-20,P,535.0,3160,1,0.3548648498535155,1.44,1.42,1.47
QQQ,2026-09-03,2026-11-20,P,540.0,737,71,0.3487613952636719,1.54,1.51,1.55
QQQ,2026-09-03,2026-11-20,P,545.0,164,2,0.34290207885742185,1.63,1.6,1.64
QQQ,2026-09-03,2026-11-20,P,550.0,2367,146,0.3371648315429688,1.73,1.7,1.74
QQQ,2026-09-03,2026-11-20,P,555.0,301,4,0.3315496533203125,1.79,1.81,1.85
QQQ,2026-09-03,2026-11-20,P,560.0,646,21,0.32569033691406246,1.93,1.92,1.96
QQQ,2026-09-03,2026-11-20,P,565.0,357,15,0.31995308959960933,2.07,2.04,2.08
QQQ,2026-09-03,2026-11-20,P,570.0,1347,112,0.31427687683105465,2.16,2.17,2.21
QQQ,2026-09-03,2026-11-20,P,575.0,1283,71,0.3086616986083984,2.34,2.32,2.35
QQQ,2026-09-03,2026-11-20,P,580.0,7387,130,0.3032906585693359,2.44,2.47,2.51
QQQ,2026-09-03,2026-11-20,P,585.0,635,20,0.29761444580078117,2.55,2.64,2.67
QQQ,2026-09-03,2026-11-20,P,590.0,1923,9,0.2923959921264647,2.85,2.82,2.86
QQQ,2026-09-03,2026-11-20,P,595.0,852,19,0.28705546936035153,3.01,3.02,3.06
QQQ,2026-09-03,2026-11-20,P,600.0,6927,207,0.28183701568603514,3.28,3.24,3.28
QQQ,2026-09-03,2026-11-20,P,605.0,583,15,0.2764659756469726,3.46,3.48,3.51
QQQ,2026-09-03,2026-11-20,P,610.0,1277,31,0.27152217742919915,3.84,3.73,3.78
QQQ,2026-09-03,2026-11-20,P,615.0,1422,29,0.26651734466552734,4.08,4.02,4.07
QQQ,2026-09-03,2026-11-20,P,620.0,9586,46,0.2614514773559571,4.22,4.34,4.38
QQQ,2026-09-03,2026-11-20,P,625.0,4441,37,0.25659923095703124,4.79,4.68,4.73
QQQ,2026-09-03,2026-11-20,P,630.0,7786,84,0.2517469845581054,5.12,5.06,5.11
QQQ,2026-09-03,2026-11-20,P,635.0,2921,41,0.24698628997802735,5.4,5.47,5.53
QQQ,2026-09-03,2026-11-20,P,640.0,5553,85,0.24225611267089842,6.11,5.93,5.99
QQQ,2026-09-03,2026-11-20,P,645.0,2811,56,0.23749541809082028,6.56,6.43,6.49
QQQ,2026-09-03,2026-11-20,P,650.0,18425,2184,0.23294834442138673,7.05,7.0,7.05
QQQ,2026-09-03,2026-11-20,P,655.0,5607,13,0.22847756393432617,7.73,7.6,7.67
QQQ,2026-09-03,2026-11-20,P,660.0,9143,109,0.22403730072021477,8.37,8.28,8.35
QQQ,2026-09-03,2026-11-20,P,665.0,2794,799,0.21958177886962887,9.1,9.02,9.09
QQQ,2026-09-03,2026-11-20,P,670.0,5526,206,0.21541617111206057,9.97,9.84,9.93
QQQ,2026-09-03,2026-11-20,P,675.0,3551,206,0.21097590789794918,10.85,10.73,10.82
QQQ,2026-09-03,2026-11-20,P,680.0,37394,354,0.20670348968505853,11.95,11.71,11.81
QQQ,2026-09-03,2026-11-20,P,685.0,3657,82,0.20247684738159177,12.85,12.79,12.9
QQQ,2026-09-03,2026-11-20,P,690.0,16556,707,0.198250205078125,14.05,13.97,14.09
QQQ,2026-09-03,2026-11-20,P,695.0,2115,21,0.19409985595703128,15.63,15.28,15.4
QQQ,2026-09-03,2026-11-20,P,700.0,6312,947,0.18987321365356447,16.88,16.7,16.82
QQQ,2026-09-03,2026-11-20,P,705.0,2778,36,0.18572286453247067,18.3,18.27,18.38
QQQ,2026-09-03,2026-11-20,P,710.0,7020,77,0.18172510177612305,20.23,19.98,20.1
QQQ,2026-09-03,2026-11-20,P,715.0,3157,475,0.17778837356567384,21.94,21.85,21.98
QQQ,2026-09-03,2026-11-20,P,720.0,4278,717,0.17391267990112308,24.06,23.9,24.03
QQQ,2026-09-03,2026-11-20,P,725.0,12381,332,0.17034215896606447,26.3,26.09,26.29
QQQ,2026-09-03,2026-11-20,P,730.0,1857,354,0.1664664653015137,28.1,28.49,28.69
QQQ,2026-09-03,2026-11-20,P,735.0,445,2,0.16283490982055665,30.5,31.08,31.31
QQQ,2026-09-03,2026-11-20,P,740.0,489,9,0.15926438888549804,33.95,33.89,34.13
QQQ,2026-09-03,2026-11-20,P,745.0,82,2,0.1603477520751953,36.28,36.83,37.7
QQQ,2026-09-03,2026-11-20,P,750.0,817,13,0.15732654205322266,41.1,39.94,40.95
QQQ,2026-09-03,2026-11-20,P,755.0,35,1,0.15377127975463867,42.94,43.29,44.33
QQQ,2026-09-03,2026-11-20,P,760.0,97,1,0.16043930389404298,46.49,46.94,48.92
QQQ,2026-09-03,2026-11-20,P,765.0,21,6,0.14920894744873048,59.09,50.62,51.89
QQQ,2026-09-03,2026-11-20,P,770.0,45,5,0.16358258300781253,54.24,53.89,57.33
QQQ,2026-09-03,2026-11-20,P,775.0,101,100,0.15764697341918943,57.54,58.94,61.06
QQQ,2026-09-03,2026-11-20,P,780.0,268,1,0.15763171478271482,65.0,63.27,65.41
QQQ,2026-09-03,2026-11-20,P,785.0,277,10,0.15842516387939454,58.63,67.75,69.9
QQQ,2026-09-03,2026-11-20,P,790.0,559,2,0.1595543029785156,74.2,72.28,74.48
QQQ,2026-09-03,2026-11-20,P,795.0,0,197,0.16181258117675779,77.26,76.96,79.18
QQQ,2026-09-03,2026-11-20,P,800.0,1,4,0.1739889730834961,94.09,80.67,84.45
QQQ,2026-09-03,2026-11-20,P,805.0,0,1,0.17740690765380857,87.45,85.5,89.24
QQQ,2026-09-03,2026-11-20,P,810.0,0,6,0.18488363952636716,84.53,90.33,94.26
QQQ,2026-09-03,2026-11-20,P,815.0,72,80,0.19104812866210938,97.29,95.33,99.22
QQQ,2026-09-03,2026-11-20,P,820.0,0,1210,0.1979450323486328,111.52,100.24,104.22
QQQ,2026-09-03,2026-11-20,P,825.0,0,1,0.20471986694335934,107.06,105.21,109.22
QQQ,2026-09-03,2026-11-20,P,830.0,0,2,0.21009090698242186,118.3,110.21,114.16
QQQ,2026-09-03,2026-11-20,P,835.0,0,0,0.21839160522460935,102.67,115.24,119.24
QQQ,2026-09-03,2026-11-20,P,840.0,0,2,0.22449505981445309,120.17,120.25,124.22
QQQ,2026-09-03,2026-11-20,P,845.0,0,4,0.22956092712402343,121.09,125.21,129.16
QQQ,2026-09-03,2026-11-20,P,850.0,0,2,0.2358780026245117,138.77,130.25,134.16
QQQ,2026-09-03,2026-11-20,P,855.0,0,0,0.24375145904541018,127.45,135.3,139.23
QQQ,2026-09-03,2026-11-20,P,860.0,0,0,0.24970232727050778,135.45,140.25,144.22
QQQ,2026-09-03,2026-11-20,P,865.0,0,0,0.2553785400390626,139.52,145.2,149.2
QQQ,2026-09-03,2026-11-20,P,870.0,0,0,0.26068854553222653,143.38,150.3,154.17
QQQ,2026-09-03,2026-11-20,P,875.0,0,0,0.2674023455810547,149.51,155.25,159.2
QQQ,2026-09-03,2026-11-20,P,880.0,0,1680,0.2738109729003906,158.69,160.24,164.22
QQQ,2026-09-03,2026-11-20,P,885.0,0,0,0.2791820129394531,153.47,165.25,169.2
QQQ,2026-09-03,2026-11-20,P,890.0,0,2,0.2839732247924803,178.27,170.25,174.16
QQQ,2026-09-03,2026-11-20,P,895.0,0,0,0.2912668530273437,162.57,175.25,179.22
QQQ,2026-09-03,2026-11-20,P,900.0,0,8,0.4664665170288086,205.7,191.47,195.06
QQQ,2026-09-03,2026-11-20,P,905.0,0,0,0.4735923002624512,191.2,196.47,200.05
QQQ,2026-09-03,2026-11-20,P,935.0,0,0,0.3341741387939453,246.65,215.25,219.18
QQQ,2026-09-03,2026-11-20,P,940.0,0,0,0.5221910574340819,231.02,231.47,235.05
QQQ,2026-09-03,2026-11-20,P,945.0,0,0,0.3464420825195312,256.16,225.27,229.24
QQQ,2026-09-03,2026-11-20,P,950.0,0,40,0.35108070800781244,261.65,230.25,234.22
QQQ,2026-09-03,2026-11-20,P,955.0,0,80,0.3565127825927734,266.02,235.2,239.23
QQQ,2026-09-03,2026-11-20,P,965.0,0,0,0.36640037902832034,276.13,245.25,249.22
QQQ,2026-09-03,2026-11-20,P,970.0,0,0,0.37140521179199215,281.48,250.25,254.22
QQQ,2026-09-03,2026-11-20,P,980.0,0,0,0.3813538427734374,291.54,260.33,264.22
QQQ,2026-09-03,2026-11-20,P,990.0,0,0,0.39111937011718745,301.47,270.33,274.22
QQQ,2026-09-03,2026-11-20,P,1005.0,0,0,0.40418076293945315,316.81,285.21,289.18
QQQ,2026-09-03,2026-11-20,P,1010.0,0,0,0.4088804229736328,322.09,290.21,294.18
QQQ,2026-09-03,2026-11-20,P,1025.0,0,0,0.4244442321777344,335.52,305.33,309.23
QQQ,2026-09-03,2026-11-20,P,1035.0,0,0,0.4335994140625,345.8,315.33,319.23
QQQ,2026-09-03,2026-11-20,P,1045.0,0,0,0.4426325268554688,355.82,325.33,329.23
QQQ,2026-09-03,2026-11-20,P,1065.0,0,0,0.45990530334472657,376.15,345.33,349.22
QQQ,2026-09-03,2026-11-20,P,1070.0,0,0,0.4642387561035156,380.87,350.33,354.22
QQQ,2026-09-03,2026-11-20,P,1075.0,0,0,0.4688773815917969,386.23,355.33,359.23
QQQ,2026-09-03,2026-12-18,C,204.78,264,5,1.0000000000000003e-05,503.5,502.52,505.65
QQQ,2026-09-03,2026-12-18,C,209.78,231,30,1.083988955078125,473.24,507.74,511.62
QQQ,2026-09-03,2026-12-18,C,214.78,27,6,1.1043745953369142,456.85,503.19,506.94
QQQ,2026-09-03,2026-12-18,C,219.78,51,1,1.0000000000000003e-05,499.72,487.75,490.88
QQQ,2026-09-03,2026-12-18,C,224.78,6,1,1.0000000000000003e-05,405.01,403.96,407.84
QQQ,2026-09-03,2026-12-18,C,229.78,0,5,1.0000000000000003e-05,248.0,0.0,0.0
QQQ,2026-09-03,2026-12-18,C,234.78,0,5,1.0000000000000003e-05,244.0,0.0,0.0
QQQ,2026-09-03,2026-12-18,C,239.78,0,1,1.0000000000000003e-05,494.95,0.0,0.0
QQQ,2026-09-03,2026-12-18,C,244.78,40,1,1.0000000000000003e-05,329.25,0.0,0.0
QQQ,2026-09-03,2026-12-18,C,249.78,99,1,1.0402880017089848,417.3,469.0,472.89
QQQ,2026-09-03,2026-12-18,C,250.0,104,2,0.9947510290527344,454.0,468.13,472.09
QQQ,2026-09-03,2026-12-18,C,254.78,132,2,1.0000000000000003e-05,482.0,442.43,446.12
QQQ,2026-09-03,2026-12-18,C,255.0,1,0,1.0000000000000003e-05,360.92,454.85,458.79
QQQ,2026-09-03,2026-12-18,C,259.78,0,2,1.0000000000000003e-05,362.08,0.0,0.0
QQQ,2026-09-03,2026-12-18,C,260.0,2,2,1.0000000000000003e-05,373.97,449.91,454.25
QQQ,2026-09-03,2026-12-18,C,264.78,41,5,1.0000000000000003e-05,219.5,259.0,264.0
QQQ,2026-09-03,2026-12-18,C,269.78,124,1,1.0000000000000003e-05,289.89,337.67,341.54
QQQ,2026-09-03,2026-12-18,C,274.78,52,1,1.0000000000000003e-05,446.4,433.62,436.77
QQQ,2026-09-03,2026-12-18,C,275.0,104,2,0.9337164831542968,445.37,443.55,447.32
QQQ,2026-09-03,2026-12-18,C,279.78,44,1,1.0000000000000003e-05,331.8,374.49,377.51
QQQ,2026-09-03,2026-12-18,C,284.78,23,2,1.0124561096191407,439.65,436.02,439.44
QQQ,2026-09-03,2026-12-18,C,285.0,7,0,1.0000000000000003e-05,348.95,346.47,350.35
QQQ,2026-09-03,2026-12-18,C,289.78,19,1,0.8952647192382811,430.75,428.83,432.75
QQQ,2026-09-03,2026-12-18,C,294.78,57,1,0.9927979235839843,425.4,426.26,429.88
QQQ,2026-09-03,2026-12-18,C,295.0,9,46,1.4839808515930177,424.66,444.74,448.17
QQQ,2026-09-03,2026-12-18,C,299.78,122,4,1.0000000000000003e-05,443.9,398.46,402.15
QQQ,2026-09-03,2026-12-18,C,300.0,9,1,0.8717053845214844,412.68,418.86,422.54
QQQ,2026-09-03,2026-12-18,C,304.78,123,1,1.0000000000000003e-05,314.85,313.89,317.65
QQQ,2026-09-03,2026-12-18,C,309.78,68,1,1.0000000000000003e-05,390.82,399.22,402.36
QQQ,2026-09-03,2026-12-18,C,310.0,4,1,1.0000000000000003e-05,434.39,388.48,392.19
QQQ,2026-09-03,2026-12-18,C,314.78,47,5,0.9240730249023439,348.5,406.13,409.86
QQQ,2026-09-03,2026-12-18,C,319.78,0,1,1.0000000000000003e-05,284.78,0.0,0.0
QQQ,2026-09-03,2026-12-18,C,320.0,13,10,1.0000000000000003e-05,424.91,378.73,382.45
QQQ,2026-09-03,2026-12-18,C,324.78,37,3,1.0000000000000003e-05,302.41,297.15,301.01
QQQ,2026-09-03,2026-12-18,C,325.0,10,8,0.8176287768554686,410.3,394.17,397.95
QQQ,2026-09-03,2026-12-18,C,329.78,27,1,1.0000000000000003e-05,267.2,326.5,329.6
QQQ,2026-09-03,2026-12-18,C,330.0,5,3,0.8100604931640624,355.0,389.27,393.12
QQQ,2026-09-03,2026-12-18,C,334.78,0,1,1.0000000000000003e-05,244.5,0.0,0.0
QQQ,2026-09-03,2026-12-18,C,335.0,3,1,1.0000000000000003e-05,264.8,321.51,324.4
QQQ,2026-09-03,2026-12-18,C,339.78,22,3,0.8893443682861326,376.72,382.54,385.84
QQQ,2026-09-03,2026-12-18,C,340.0,5,1,1.0000000000000003e-05,300.5,282.84,286.7
QQQ,2026-09-03,2026-12-18,C,344.78,197,1,0.7739280419921876,391.97,374.65,378.39
QQQ,2026-09-03,2026-12-18,C,345.0,13,6,1.0000000000000003e-05,378.4,364.66,367.8
QQQ,2026-09-03,2026-12-18,C,349.78,423,3,0.7655052746582032,373.77,369.82,373.45
QQQ,2026-09-03,2026-12-18,C,350.0,15,2,1.0000000000000003e-05,378.3,359.78,362.73
QQQ,2026-09-03,2026-12-18,C,354.78,0,2,1.0000000000000003e-05,371.81,0.0,0.0
QQQ,2026-09-03,2026-12-18,C,355.0,3,1,1.0000000000000003e-05,253.93,280.69,284.12
QQQ,2026-09-03,2026-12-18,C,359.78,0,1,1.0000000000000003e-05,383.8,0.0,0.0
QQQ,2026-09-03,2026-12-18,C,360.0,14,1,0.7472559454345704,377.73,359.69,363.57
QQQ,2026-09-03,2026-12-18,C,364.78,0,3,1.0000000000000003e-05,251.41,0.0,0.0
QQQ,2026-09-03,2026-12-18,C,365.0,6,2,1.0000000000000003e-05,327.31,345.06,348.19
QQQ,2026-09-03,2026-12-18,C,369.78,52,1,0.7302273071289063,359.05,350.19,353.95
QQQ,2026-09-03,2026-12-18,C,370.0,310,1,0.7264431652832031,352.59,349.95,353.58
QQQ,2026-09-03,2026-12-18,C,374.78,68,20,0.7180814324951172,343.24,345.28,348.9
QQQ,2026-09-03,2026-12-18,C,375.0,7,1,1.0000000000000003e-05,321.88,335.3,338.15
QQQ,2026-09-03,2026-12-18,C,379.78,0,1,1.0000000000000003e-05,363.1,0.0,0.0
QQQ,2026-09-03,2026-12-18,C,380.0,0,1,1.0000000000000003e-05,356.8,0.0,0.0
QQQ,2026-09-03,2026-12-18,C,384.78,31,1,0.7990132403564454,316.0,338.87,342.36
QQQ,2026-09-03,2026-12-18,C,385.0,52,41,0.6950714086914063,338.43,335.08,338.82
QQQ,2026-09-03,2026-12-18,C,389.78,46,2,0.5593305786132813,230.7,325.05,329.54
QQQ,2026-09-03,2026-12-18,C,390.0,106,16,0.6871369177246094,314.95,330.27,333.89
QQQ,2026-09-03,2026-12-18,C,394.78,0,1,1.0000000000000003e-05,326.09,0.0,0.0
QQQ,2026-09-03,2026-12-18,C,395.0,25,11,0.6810334631347659,317.11,325.36,329.17
QQQ,2026-09-03,2026-12-18,C,399.78,247,2,1.0000000000000003e-05,332.11,301.35,305.06
QQQ,2026-09-03,2026-12-18,C,400.0,362,6,0.667666897583008,315.4,320.38,324.09
QQQ,2026-09-03,2026-12-18,C,404.78,0,3,1.0000000000000003e-05,348.82,0.0,0.0
QQQ,2026-09-03,2026-12-18,C,405.0,35,3,0.6566196447753907,315.26,315.54,319.0
QQQ,2026-09-03,2026-12-18,C,409.78,66,1,0.6509434320068359,307.57,310.85,314.5
QQQ,2026-09-03,2026-12-18,C,410.0,127,3,0.6510044665527344,307.38,310.58,314.37
QQQ,2026-09-03,2026-12-18,C,414.78,85,1,1.0000000000000003e-05,327.63,286.9,290.61
QQQ,2026-09-03,2026-12-18,C,415.0,21,3,1.0000000000000003e-05,310.55,296.13,299.27
QQQ,2026-09-03,2026-12-18,C,419.78,40,2,1.0000000000000003e-05,332.01,282.1,285.73
QQQ,2026-09-03,2026-12-18,C,420.0,166,5,0.6283301327514649,312.0,300.75,304.28
QQQ,2026-09-03,2026-12-18,C,424.78,184,3,0.6278113391113282,310.6,296.19,300.02
QQQ,2026-09-03,2026-12-18,C,425.0,96,1,0.6221351263427735,299.0,295.85,299.56
QQQ,2026-09-03,2026-12-18,C,429.78,117,4,0.6140175317382813,300.72,291.19,294.88
QQQ,2026-09-03,2026-12-18,C,430.0,1484,1,0.6126747717285157,294.85,290.96,294.61
QQQ,2026-09-03,2026-12-18,C,434.78,137,19,0.6044351080322268,271.01,286.29,289.93
QQQ,2026-09-03,2026-12-18,C,435.0,42,4,0.6040689007568361,277.51,286.08,289.71
QQQ,2026-09-03,2026-12-18,C,439.78,898,1,0.59570716796875,271.24,281.4,285.03
QQQ,2026-09-03,2026-12-18,C,440.0,822,6,0.5986978607177735,271.98,281.12,285.13
QQQ,2026-09-03,2026-12-18,C,444.78,1386,1,0.5907633697509767,296.0,276.48,280.45
QQQ,2026-09-03,2026-12-18,C,445.0,23,1,0.5846599151611327,267.07,276.27,279.79
QQQ,2026-09-03,2026-12-18,C,449.78,32,1,0.6768220794677735,270.0,276.31,279.64
QQQ,2026-09-03,2026-12-18,C,450.0,1267,5,0.5805706005859376,262.32,271.37,275.26
QQQ,2026-09-03,2026-12-18,C,454.78,203,1,0.6806367385864259,259.71,271.94,275.82
QQQ,2026-09-03,2026-12-18,C,455.0,28,1,0.5704083486938477,259.91,266.56,270.17
QQQ,2026-09-03,2026-12-18,C,459.78,216,2,0.5592390267944337,227.1,261.82,265.32
QQQ,2026-09-03,2026-12-18,C,460.0,440,1,0.5625043750000001,252.92,261.68,265.33
QQQ,2026-09-03,2026-12-18,C,464.78,138,1,1.0000000000000003e-05,251.0,247.61,250.84
QQQ,2026-09-03,2026-12-18,C,465.0,19,1,0.6651034466552737,224.19,262.34,266.22
QQQ,2026-09-03,2026-12-18,C,469.78,629,8,0.5456893576049805,244.37,252.11,255.78
QQQ,2026-09-03,2026-12-18,C,470.0,1891,6,0.547001600341797,246.77,251.91,255.7
QQQ,2026-09-03,2026-12-18,C,474.78,146,1,0.6367529000854493,244.4,252.56,256.03
QQQ,2026-09-03,2026-12-18,C,475.0,100,1,0.536534175720215,265.42,246.97,250.7
QQQ,2026-09-03,2026-12-18,C,479.78,148,1,0.6266822000122071,253.45,247.78,251.11
QQQ,2026-09-03,2026-12-18,C,480.0,3145,11,0.5282029602050782,234.07,242.1,245.82
QQQ,2026-09-03,2026-12-18,C,484.78,420,1,0.5211839874267576,256.5,237.49,241.2
QQQ,2026-09-03,2026-12-18,C,485.0,29,1,0.518986743774414,232.43,237.23,240.86
QQQ,2026-09-03,2026-12-18,C,489.78,854,4,1.0000000000000003e-05,263.0,215.63,219.33
QQQ,2026-09-03,2026-12-18,C,490.0,455,24,0.5120898400878906,225.07,232.36,236.12
QQQ,2026-09-03,2026-12-18,C,494.78,565,2,0.5036670727539063,214.65,227.68,231.44
QQQ,2026-09-03,2026-12-18,C,495.0,56,10,0.5035144863891602,230.43,227.54,231.17
QQQ,2026-09-03,2026-12-18,C,499.78,322,1,0.52969830657959,227.1,222.9,226.54
QQQ,2026-09-03,2026-12-18,C,500.0,6091,10,0.5305833074951172,223.86,222.63,226.4
QQQ,2026-09-03,2026-12-18,C,504.78,1898,1,0.5220995056152342,208.76,217.99,221.76
QQQ,2026-09-03,2026-12-18,C,505.0,118,48,0.5199022619628906,211.4,217.84,221.44
QQQ,2026-09-03,2026-12-18,C,509.78,0,2,1.0000000000000003e-05,241.88,0.0,0.0
QQQ,2026-09-03,2026-12-18,C,510.0,4030,47,0.508092077331543,206.53,212.98,216.41
QQQ,2026-09-03,2026-12-18,C,514.78,96,1,0.5060779373168945,211.14,208.3,212.16
QQQ,2026-09-03,2026-12-18,C,515.0,1447,5,0.505742247314453,202.1,208.14,211.95
QQQ,2026-09-03,2026-12-18,C,519.78,694,1,0.4936879244995118,211.35,203.45,207.09
QQQ,2026-09-03,2026-12-18,C,520.0,715,1,0.497349997253418,196.44,203.24,207.13
QQQ,2026-09-03,2026-12-18,C,524.78,0,3,1.0000000000000003e-05,212.52,0.0,0.0
QQQ,2026-09-03,2026-12-18,C,525.0,408,1,0.48718774536132814,195.1,198.46,202.2
QQQ,2026-09-03,2026-12-18,C,529.78,279,10,0.48044342803955076,197.68,193.87,197.68
QQQ,2026-09-03,2026-12-18,C,530.0,2519,19,0.4801077380371094,184.4,193.57,197.47
QQQ,2026-09-03,2026-12-18,C,534.78,694,1,0.46927410614013676,199.9,189.03,192.68
QQQ,2026-09-03,2026-12-18,C,535.0,240,1,0.470281176147461,182.3,188.76,192.56
QQQ,2026-09-03,2026-12-18,C,539.78,1146,1,0.4575554733276368,176.92,184.19,187.64
QQQ,2026-09-03,2026-12-18,C,540.0,4239,11,0.45752495605468757,183.75,183.98,187.45
QQQ,2026-09-03,2026-12-18,C,544.78,238,1,1.0000000000000003e-05,190.89,171.52,173.11
QQQ,2026-09-03,2026-12-18,C,545.0,1191,1,0.4546258151245117,171.23,179.19,183.02
QQQ,2026-09-03,2026-12-18,C,549.78,3010,10,0.44147287048339845,185.22,174.54,178.06
QQQ,2026-09-03,2026-12-18,C,550.0,3635,4,0.44653873779296877,177.74,174.32,178.24
QQQ,2026-09-03,2026-12-18,C,554.78,151,2,0.4372920040893554,181.52,169.82,173.56
QQQ,2026-09-03,2026-12-18,C,555.0,288,1,0.4369257968139648,166.64,169.62,173.35
QQQ,2026-09-03,2026-12-18,C,559.78,119,1,0.4307002731323243,172.98,164.98,168.9
QQQ,2026-09-03,2026-12-18,C,560.0,862,1,0.4282283740234375,169.45,164.78,168.53
QQQ,2026-09-03,2026-12-18,C,564.78,516,2,0.5109607009887696,176.1,168.97,171.72
QQQ,2026-09-03,2026-12-18,C,565.0,567,3,0.4119474089050293,165.01,160.08,163.13
QQQ,2026-09-03,2026-12-18,C,569.78,865,10,0.41322913436889647,155.35,155.54,159.27
QQQ,2026-09-03,2026-12-18,C,570.0,3458,2,0.41060464889526366,156.59,155.29,158.88
QQQ,2026-09-03,2026-12-18,C,574.78,263,2,0.24994646545410154,163.42,143.61,145.07
QQQ,2026-09-03,2026-12-18,C,575.0,336,1,0.40241076110839846,148.96,150.6,154.11
QQQ,2026-09-03,2026-12-18,C,579.78,338,2,0.3977416183471679,154.81,146.08,149.82
QQQ,2026-09-03,2026-12-18,C,580.0,1254,1,0.39819937744140627,145.97,145.83,149.68
QQQ,2026-09-03,2026-12-18,C,584.78,2896,1,0.38779298736572265,111.87,141.39,144.92
QQQ,2026-09-03,2026-12-18,C,585.0,852,18,0.3816590155029296,149.7,141.19,144.22
QQQ,2026-09-03,2026-12-18,C,589.78,1381,2,0.38150642913818356,143.88,136.66,140.34
QQQ,2026-09-03,2026-12-18,C,590.0,1931,5,0.379889013671875,139.84,136.56,140.02
QQQ,2026-09-03,2026-12-18,C,594.78,150,1,0.37247331634521486,141.66,132.11,135.53
QQQ,2026-09-03,2026-12-18,C,595.0,358,1,0.36696494857788087,139.51,131.89,134.86
QQQ,2026-09-03,2026-12-18,C,599.78,1429,1,0.364813480834961,121.04,127.42,130.85
QQQ,2026-09-03,2026-12-18,C,600.0,5632,21,0.36496606719970703,128.48,127.22,130.69
QQQ,2026-09-03,2026-12-18,C,604.78,702,1,0.360159596710205,139.96,122.76,126.47
QQQ,2026-09-03,2026-12-18,C,605.0,3442,1,0.3574588180541992,124.98,122.64,126.04
QQQ,2026-09-03,2026-12-18,C,609.78,913,1,0.35051613845825186,118.5,118.23,121.63
QQQ,2026-09-03,2026-12-18,C,610.0,4987,3,0.3559329544067382,121.69,118.04,121.99
QQQ,2026-09-03,2026-12-18,C,615.0,6847,1,0.34352768295288083,111.27,113.54,116.89
QQQ,2026-09-03,2026-12-18,C,620.0,7034,1,0.33681388290405273,114.1,109.45,112.37
QQQ,2026-09-03,2026-12-18,C,625.0,2375,2,0.32601076828002923,107.71,104.55,107.44
QQQ,2026-09-03,2026-12-18,C,630.0,2809,6,0.32425602508544915,101.47,100.02,103.49
QQQ,2026-09-03,2026-12-18,C,635.0,1746,1,0.31723705230712884,98.5,96.46,99.01
QQQ,2026-09-03,2026-12-18,C,640.0,3154,1,0.31374282455444336,88.88,91.19,94.96
QQQ,2026-09-03,2026-12-18,C,645.0,3377,1,0.3010018630981446,83.37,86.95,89.87
QQQ,2026-09-03,2026-12-18,C,650.0,7002,14,0.29897246444702147,84.1,82.7,86.07
QQQ,2026-09-03,2026-12-18,C,655.0,1264,12,0.2924875439453124,73.44,78.59,81.78
QQQ,2026-09-03,2026-12-18,C,660.0,14350,5,0.2892832302856445,69.83,74.46,77.95
QQQ,2026-09-03,2026-12-18,C,665.0,2091,3,0.2840800352478026,73.5,70.39,73.92
QQQ,2026-09-03,2026-12-18,C,670.0,4167,1,0.27779347702026363,64.93,66.33,69.8
QQQ,2026-09-03,2026-12-18,C,675.0,1493,2,0.27317011016845705,65.99,62.7,65.96
QQQ,2026-09-03,2026-12-18,C,680.0,14794,40,0.2680279496765136,61.62,58.63,62.11
QQQ,2026-09-03,2026-12-18,C,685.0,2934,10,0.26036811416625977,56.32,55.34,57.97
QQQ,2026-09-03,2026-12-18,C,690.0,12900,5,0.25440198730468755,52.92,51.46,54.13
QQQ,2026-09-03,2026-12-18,C,695.0,1280,1,0.24922930953979489,49.34,48.1,50.48
QQQ,2026-09-03,2026-12-18,C,700.0,31605,768,0.23834990173339843,45.51,45.44,46.06
QQQ,2026-09-03,2026-12-18,C,705.0,2755,4,0.23531343307495117,43.16,42.05,42.89
QQQ,2026-09-03,2026-12-18,C,710.0,4131,38,0.2305832557678223,38.89,39.17,39.56
QQQ,2026-09-03,2026-12-18,C,715.0,6109,31,0.2266160102844238,36.36,35.81,36.45
QQQ,2026-09-03,2026-12-18,C,720.0,13801,128,0.22286238571166989,33.1,33.25,33.48
QQQ,2026-09-03,2026-12-18,C,725.0,16910,651,0.21903246795654296,30.11,30.4,30.61
QQQ,2026-09-03,2026-12-18,C,730.0,14619,174,0.21555349884033204,27.36,27.7,27.91
QQQ,2026-09-03,2026-12-18,C,735.0,9528,82,0.2122576333618164,25.98,25.16,25.36
QQQ,2026-09-03,2026-12-18,C,740.0,13410,178,0.20913724220275873,22.64,22.81,22.96
QQQ,2026-09-03,2026-12-18,C,745.0,8266,30,0.20604736831665038,20.22,20.55,20.69
QQQ,2026-09-03,2026-12-18,C,750.0,19736,97,0.20317874465942382,18.53,18.53,18.58
QQQ,2026-09-03,2026-12-18,C,755.0,4840,257,0.20067632827758786,16.44,16.51,16.65
QQQ,2026-09-03,2026-12-18,C,760.0,16220,113,0.19826546371459958,14.69,14.73,14.86
QQQ,2026-09-03,2026-12-18,C,765.0,5270,115,0.196297099609375,12.91,13.13,13.25
QQQ,2026-09-03,2026-12-18,C,770.0,12194,50,0.19425244232177735,11.68,11.62,11.75
QQQ,2026-09-03,2026-12-18,C,775.0,16633,37,0.19248244049072266,10.1,10.3,10.4
QQQ,2026-09-03,2026-12-18,C,780.0,17477,91,0.19078873184204104,9.11,9.07,9.17
QQQ,2026-09-03,2026-12-18,C,785.0,1892,210,0.18932390274047856,7.81,7.97,8.07
QQQ,2026-09-03,2026-12-18,C,790.0,7732,134,0.18805743591308594,7.17,7.01,7.09
QQQ,2026-09-03,2026-12-18,C,795.0,5128,153,0.1869893313598633,6.24,6.14,6.22
QQQ,2026-09-03,2026-12-18,C,800.0,37607,173,0.18586019226074219,5.34,5.35,5.43
QQQ,2026-09-03,2026-12-18,C,805.0,3294,79,0.18521932952880854,4.56,4.69,4.76
QQQ,2026-09-03,2026-12-18,C,810.0,16360,157,0.18460898406982418,4.09,4.09,4.16
QQQ,2026-09-03,2026-12-18,C,815.0,6120,319,0.1840901904296875,3.57,3.56,3.63
QQQ,2026-09-03,2026-12-18,C,820.0,18923,6,0.18360191406249998,3.04,3.09,3.16
QQQ,2026-09-03,2026-12-18,C,825.0,4575,14,0.18323570678710935,2.85,2.68,2.75
QQQ,2026-09-03,2026-12-18,C,830.0,4351,14,0.18311363769531247,2.28,2.34,2.4
QQQ,2026-09-03,2026-12-18,C,835.0,931,181,0.1830220858764648,2.15,2.03,2.09
QQQ,2026-09-03,2026-12-18,C,840.0,5431,41,0.1827779476928711,1.73,1.76,1.81
QQQ,2026-09-03,2026-12-18,C,845.0,1324,29,0.18293053405761717,1.36,1.53,1.58
QQQ,2026-09-03,2026-12-18,C,850.0,11774,695,0.18317467224121092,1.31,1.32,1.38
QQQ,2026-09-03,2026-12-18,C,855.0,847,271,0.18329674133300777,1.24,1.15,1.2
QQQ,2026-09-03,2026-12-18,C,860.0,21458,1049,0.18372398315429686,0.99,1.0,1.05
QQQ,2026-09-03,2026-12-18,C,865.0,697,188,0.18415122497558595,1.0,0.87,0.92
QQQ,2026-09-03,2026-12-18,C,870.0,5115,1066,0.1848226049804687,0.75,0.76,0.81
QQQ,2026-09-03,2026-12-18,C,875.0,2607,109,0.18531088134765622,0.64,0.66,0.71
QQQ,2026-09-03,2026-12-18,C,880.0,24573,4,0.18573812316894528,0.58,0.58,0.62
QQQ,2026-09-03,2026-12-18,C,885.0,792,1,0.1871419177246094,0.57,0.5,0.56
QQQ,2026-09-03,2026-12-18,C,890.0,1061,30,0.18811847045898436,0.46,0.45,0.5
QQQ,2026-09-03,2026-12-18,C,895.0,3298,32,0.18933916137695314,0.44,0.39,0.45
QQQ,2026-09-03,2026-12-18,C,900.0,14447,73,0.19031571411132814,0.36,0.35,0.4
QQQ,2026-09-03,2026-12-18,C,905.0,5216,29,0.19214675048828128,0.34,0.31,0.37
QQQ,2026-09-03,2026-12-18,C,910.0,2380,1,0.19312330322265625,0.34,0.28,0.33
QQQ,2026-09-03,2026-12-18,C,915.0,564,1,0.19458813232421873,0.21,0.25,0.3
QQQ,2026-09-03,2026-12-18,C,920.0,5587,2,0.19556468505859376,0.16,0.22,0.27
QQQ,2026-09-03,2026-12-18,C,925.0,867,5,0.19739572143554687,0.14,0.2,0.25
QQQ,2026-09-03,2026-12-18,C,930.0,11074,4,0.19898261962890623,0.2,0.18,0.23
QQQ,2026-09-03,2026-12-18,C,935.0,367,1,0.2004474487304687,0.12,0.16,0.21
QQQ,2026-09-03,2026-12-18,C,940.0,1106,1,0.20264469238281246,0.12,0.15,0.2
QQQ,2026-09-03,2026-12-18,C,945.0,924,1,0.2036212451171875,0.15,0.13,0.18
QQQ,2026-09-03,2026-12-18,C,950.0,22334,16,0.20581848876953124,0.14,0.12,0.17
QQQ,2026-09-03,2026-12-18,C,955.0,962,3,0.20777159423828123,0.13,0.11,0.16
QQQ,2026-09-03,2026-12-18,C,960.0,5650,1,0.20948056152343747,0.1,0.1,0.15
QQQ,2026-09-03,2026-12-18,C,965.0,504,1,0.2111895288085937,0.09,0.09,0.14
QQQ,2026-09-03,2026-12-18,C,970.0,5758,1,0.21289849609375,0.09,0.08,0.13
QQQ,2026-09-03,2026-12-18,C,975.0,6270,1,0.215828154296875,0.08,0.08,0.13
QQQ,2026-09-03,2026-12-18,C,980.0,829,1,0.2172929833984375,0.08,0.07,0.12
QQQ,2026-09-03,2026-12-18,C,985.0,274,1,0.21826953613281247,0.07,0.07,0.11
QQQ,2026-09-03,2026-12-18,C,990.0,6180,1,0.22168747070312497,0.07,0.06,0.11
QQQ,2026-09-03,2026-12-18,C,995.0,122,1,0.22461712890624996,0.07,0.06,0.11
QQQ,2026-09-03,2026-12-18,C,1000.0,20628,1,0.225593681640625,0.09,0.05,0.1
QQQ,2026-09-03,2026-12-18,C,1005.0,159,1,0.22852333984375,0.08,0.05,0.1
QQQ,2026-09-03,2026-12-18,C,1010.0,395,9,0.22901161621093752,0.13,0.05,0.09
QQQ,2026-09-03,2026-12-18,C,1015.0,151,2,0.23194127441406248,0.08,0.04,0.09
QQQ,2026-09-03,2026-12-18,C,1020.0,126,1,0.2348709326171875,0.27,0.04,0.09
QQQ,2026-09-03,2026-12-18,C,1025.0,202,1,0.23780059082031246,0.07,0.04,0.09
QQQ,2026-09-03,2026-12-18,C,1030.0,91,1,0.23780059082031246,0.35,0.04,0.08
QQQ,2026-09-03,2026-12-18,C,1035.0,5050,1,0.24073024902343748,0.34,0.04,0.08
QQQ,2026-09-03,2026-12-18,C,1040.0,109,24,0.2436599072265625,0.05,0.03,0.08
QQQ,2026-09-03,2026-12-18,C,1045.0,18,1,0.2461012890625,0.31,0.03,0.08
QQQ,2026-09-03,2026-12-18,C,1050.0,16985,2000,0.2461012890625,0.07,0.03,0.07
QQQ,2026-09-03,2026-12-18,C,1055.0,0,1,0.249030947265625,0.24,0.03,0.07
QQQ,2026-09-03,2026-12-18,C,1060.0,746,1,0.2514723291015625,0.02,0.03,0.07
QQQ,2026-09-03,2026-12-18,C,1065.0,391,390,0.25391371093750004,0.04,0.03,0.07
QQQ,2026-09-03,2026-12-18,C,1070.0,74,1,0.256843369140625,0.02,0.03,0.07
QQQ,2026-09-03,2026-12-18,C,1075.0,172,1,0.25977302734375,0.02,0.03,0.07
QQQ,2026-09-03,2026-12-18,C,1080.0,14894,210,0.2622144091796875,0.02,0.02,0.07
QQQ,2026-09-03,2026-12-18,C,1085.0,2365,52,0.2612378564453125,0.02,0.02,0.06
QQQ,2026-09-03,2026-12-18,C,1090.0,9225,352,0.26367923828125,0.02,0.02,0.06
QQQ,2026-09-03,2026-12-18,C,1100.0,20103,2,0.26856200195312496,0.04,0.01,0.06
QQQ,2026-09-03,2026-12-18,P,204.78,9467,9,0.7753928710937501,0.06,0.05,0.07
QQQ,2026-09-03,2026-12-18,P,209.78,514,2,0.77148666015625,0.08,0.05,0.09
QQQ,2026-09-03,2026-12-18,P,214.78,222,20,0.7617211328125001,0.1,0.05,0.1
QQQ,2026-09-03,2026-12-18,P,219.78,181,1,0.75195560546875,0.1,0.05,0.11
QQQ,2026-09-03,2026-12-18,P,224.78,306,14,0.7421900781249999,0.08,0.06,0.11
QQQ,2026-09-03,2026-12-18,P,229.78,428,10,0.7324245507812499,0.11,0.06,0.12
QQQ,2026-09-03,2026-12-18,P,234.78,2265,1,0.726565234375,0.11,0.07,0.13
QQQ,2026-09-03,2026-12-18,P,239.78,482,10,0.71679970703125,0.1,0.08,0.13
QQQ,2026-09-03,2026-12-18,P,244.78,722,10,0.70117486328125,0.11,0.08,0.12
QQQ,2026-09-03,2026-12-18,P,249.78,760,40,0.6914093359375001,0.12,0.09,0.12
QQQ,2026-09-03,2026-12-18,P,250.0,1573,3,0.69336244140625,0.12,0.09,0.13
QQQ,2026-09-03,2026-12-18,P,254.78,666,333,0.6875031250000001,0.27,0.1,0.14
QQQ,2026-09-03,2026-12-18,P,255.0,358,55,0.6865265722656251,0.11,0.11,0.13
QQQ,2026-09-03,2026-12-18,P,259.78,1424,1,0.6718782812500002,0.16,0.1,0.13
QQQ,2026-09-03,2026-12-18,P,260.0,414,30,0.6718782812500002,0.11,0.11,0.12
QQQ,2026-09-03,2026-12-18,P,264.78,850,10,0.6660189648437502,0.12,0.11,0.14
QQQ,2026-09-03,2026-12-18,P,265.0,750,10,0.6650424121093752,0.12,0.11,0.14
QQQ,2026-09-03,2026-12-18,P,269.78,3606,1,0.6611362011718751,0.15,0.12,0.16
QQQ,2026-09-03,2026-12-18,P,270.0,897,10,0.65820654296875,0.13,0.12,0.15
QQQ,2026-09-03,2026-12-18,P,274.78,559,1,0.6513706738281251,0.38,0.13,0.16
QQQ,2026-09-03,2026-12-18,P,275.0,3063,10,0.6513706738281251,0.14,0.13,0.16
QQQ,2026-09-03,2026-12-18,P,279.78,415,1,0.6445348046875,0.19,0.14,0.17
QQQ,2026-09-03,2026-12-18,P,280.0,111,10,0.6435582519531251,0.15,0.14,0.17
QQQ,2026-09-03,2026-12-18,P,284.78,3826,1,0.6367223828125,0.47,0.15,0.18
QQQ,2026-09-03,2026-12-18,P,285.0,694,70,0.6362341064453125,0.32,0.15,0.18
QQQ,2026-09-03,2026-12-18,P,289.78,518,33,0.63086306640625,0.28,0.16,0.2
QQQ,2026-09-03,2026-12-18,P,290.0,259,2,0.6289099609375001,0.31,0.16,0.19
QQQ,2026-09-03,2026-12-18,P,294.78,2858,1,0.62305064453125,0.2,0.17,0.21
QQQ,2026-09-03,2026-12-18,P,295.0,245,1,0.62305064453125,0.24,0.17,0.21
QQQ,2026-09-03,2026-12-18,P,299.78,2433,1,0.6152382226562501,0.51,0.18,0.22
QQQ,2026-09-03,2026-12-18,P,300.0,3517,10,0.6152382226562501,0.2,0.18,0.22
QQQ,2026-09-03,2026-12-18,P,304.78,402,1,0.6074258007812501,0.55,0.19,0.23
QQQ,2026-09-03,2026-12-18,P,305.0,292,8,0.6074258007812501,0.33,0.19,0.23
QQQ,2026-09-03,2026-12-18,P,309.78,503,1,0.5996133789062501,0.29,0.2,0.24
QQQ,2026-09-03,2026-12-18,P,310.0,337,1,0.6005899316406251,0.24,0.2,0.25
QQQ,2026-09-03,2026-12-18,P,314.78,488,1,0.5932657861328126,0.3,0.22,0.25
QQQ,2026-09-03,2026-12-18,P,315.0,2773,22,0.5927775097656252,0.24,0.22,0.25
QQQ,2026-09-03,2026-12-18,P,319.78,2241,2,0.5864299169921875,0.42,0.23,0.27
QQQ,2026-09-03,2026-12-18,P,320.0,645,2,0.585941640625,0.4,0.23,0.27
QQQ,2026-09-03,2026-12-18,P,324.78,626,1,0.5786174951171875,0.3,0.24,0.28
QQQ,2026-09-03,2026-12-18,P,325.0,480,1,0.57812921875,0.3,0.24,0.28
QQQ,2026-09-03,2026-12-18,P,329.78,6015,1,0.5727581787109376,0.33,0.26,0.3
QQQ,2026-09-03,2026-12-18,P,330.0,1519,5,0.5725140405273439,0.31,0.26,0.3
QQQ,2026-09-03,2026-12-18,P,334.78,1128,50,0.5649457568359376,0.35,0.27,0.31
QQQ,2026-09-03,2026-12-18,P,335.0,234,5,0.5644574804687501,0.29,0.27,0.31
QQQ,2026-09-03,2026-12-18,P,339.78,816,231,0.5590864404296876,0.44,0.29,0.33
QQQ,2026-09-03,2026-12-18,P,340.0,305,4,0.5585981640625001,0.36,0.29,0.33
QQQ,2026-09-03,2026-12-18,P,344.78,8169,101,0.551762294921875,0.39,0.3,0.35
QQQ,2026-09-03,2026-12-18,P,345.0,590,1,0.5512740185546876,0.38,0.3,0.35
QQQ,2026-09-03,2026-12-18,P,349.78,2519,6,0.5446822875976562,0.35,0.32,0.36
QQQ,2026-09-03,2026-12-18,P,350.0,2986,5,0.5459029785156251,0.34,0.34,0.36
QQQ,2026-09-03,2026-12-18,P,354.78,786,2,0.5383346948242189,0.51,0.34,0.38
QQQ,2026-09-03,2026-12-18,P,355.0,494,2,0.5378464184570313,0.43,0.34,0.38
QQQ,2026-09-03,2026-12-18,P,359.78,2473,1,0.5317429638671876,0.49,0.36,0.4
QQQ,2026-09-03,2026-12-18,P,360.0,1178,1,0.5314988256835937,0.39,0.36,0.4
QQQ,2026-09-03,2026-12-18,P,364.78,671,1,0.52539537109375,0.5,0.38,0.42
QQQ,2026-09-03,2026-12-18,P,365.0,230,2,0.5256395092773438,0.51,0.38,0.43
QQQ,2026-09-03,2026-12-18,P,369.78,4016,30,0.5195360546875,0.74,0.4,0.45
QQQ,2026-09-03,2026-12-18,P,370.0,747,1,0.5190477783203125,0.51,0.4,0.45
QQQ,2026-09-03,2026-12-18,P,374.78,2053,1,0.5127001855468749,0.52,0.42,0.47
QQQ,2026-09-03,2026-12-18,P,375.0,1289,2,0.5122119091796875,0.47,0.42,0.47
QQQ,2026-09-03,2026-12-18,P,379.78,5090,2,0.50586431640625,0.77,0.44,0.49
QQQ,2026-09-03,2026-12-18,P,380.0,3735,182,0.5056201782226561,0.49,0.44,0.49
QQQ,2026-09-03,2026-12-18,P,384.78,560,1,0.5036670727539063,0.6,0.46,0.52
QQQ,2026-09-03,2026-12-18,P,385.0,397,3,0.5031787963867188,0.51,0.46,0.52
QQQ,2026-09-03,2026-12-18,P,389.78,1203,20,0.4978077563476563,0.86,0.49,0.55
QQQ,2026-09-03,2026-12-18,P,390.0,1996,2,0.4973194799804688,0.61,0.49,0.55
QQQ,2026-09-03,2026-12-18,P,394.78,817,1,0.4904836108398438,0.62,0.51,0.57
QQQ,2026-09-03,2026-12-18,P,395.0,181,2,0.49023947265625006,0.61,0.52,0.57
QQQ,2026-09-03,2026-12-18,P,399.78,3692,1,0.4845022253417969,0.66,0.54,0.6
QQQ,2026-09-03,2026-12-18,P,400.0,31831,10,0.48413601806640627,0.58,0.54,0.6
QQQ,2026-09-03,2026-12-18,P,404.78,1427,1,0.47827670166015623,0.69,0.57,0.63
QQQ,2026-09-03,2026-12-18,P,405.0,240,1,0.4779104943847656,0.69,0.57,0.63
QQQ,2026-09-03,2026-12-18,P,409.78,602,1,0.4720511779785156,0.74,0.6,0.66
QQQ,2026-09-03,2026-12-18,P,410.0,5666,90,0.471684970703125,0.61,0.6,0.66
QQQ,2026-09-03,2026-12-18,P,414.78,2290,1,0.4655815161132813,1.16,0.64,0.69
QQQ,2026-09-03,2026-12-18,P,415.0,767,1,0.46533737792968755,0.68,0.64,0.69
QQQ,2026-09-03,2026-12-18,P,419.78,514,1,0.4602104760742188,0.8,0.67,0.73
QQQ,2026-09-03,2026-12-18,P,420.0,7768,51,0.45972219970703126,0.75,0.67,0.73
QQQ,2026-09-03,2026-12-18,P,424.78,1603,1,0.45361874511718747,1.22,0.71,0.76
QQQ,2026-09-03,2026-12-18,P,425.0,1166,69,0.45313046875,0.76,0.71,0.76
QQQ,2026-09-03,2026-12-18,P,429.78,297,1,0.44775942871093743,0.92,0.75,0.8
QQQ,2026-09-03,2026-12-18,P,430.0,8577,1,0.44739322143554683,0.79,0.75,0.8
QQQ,2026-09-03,2026-12-18,P,434.78,142,1,0.4419001123046875,0.99,0.79,0.84
QQQ,2026-09-03,2026-12-18,P,435.0,365,9,0.4422663195800781,0.96,0.79,0.85
QQQ,2026-09-03,2026-12-18,P,439.78,2196,1,0.4359187268066406,1.03,0.83,0.88
QQQ,2026-09-03,2026-12-18,P,440.0,11675,1,0.43628493408203123,1.02,0.83,0.89
QQQ,2026-09-03,2026-12-18,P,444.78,2466,51,0.43054768676757815,0.93,0.87,0.93
QQQ,2026-09-03,2026-12-18,P,445.0,239,8,0.43018147949218755,1.07,0.88,0.93
QQQ,2026-09-03,2026-12-18,P,449.78,450,2,0.4250545776367188,1.11,0.92,0.98
QQQ,2026-09-03,2026-12-18,P,450.0,15733,33,0.42456630126953127,0.92,0.92,0.98
QQQ,2026-09-03,2026-12-18,P,454.78,1866,1,0.4193173303222656,0.98,0.97,1.03
QQQ,2026-09-03,2026-12-18,P,455.0,2571,5,0.418951123046875,1.04,0.97,1.03
QQQ,2026-09-03,2026-12-18,P,459.78,293,2,0.41358008300781246,1.93,1.02,1.08
QQQ,2026-09-03,2026-12-18,P,460.0,4192,1,0.41309180664062495,1.11,1.03,1.08
QQQ,2026-09-03,2026-12-18,P,464.78,520,27,0.40759869750976563,1.48,1.08,1.13
QQQ,2026-09-03,2026-12-18,P,465.0,2341,2,0.4078428356933594,1.33,1.08,1.14
QQQ,2026-09-03,2026-12-18,P,469.78,503,50,0.40210558837890625,1.24,1.14,1.19
QQQ,2026-09-03,2026-12-18,P,470.0,4339,1,0.4017393811035156,1.23,1.14,1.19
QQQ,2026-09-03,2026-12-18,P,474.78,1156,2,0.3966124792480469,2.81,1.19,1.25
QQQ,2026-09-03,2026-12-18,P,475.0,1464,3,0.3967345483398438,1.26,1.2,1.26
QQQ,2026-09-03,2026-12-18,P,479.78,333,1,0.3913635083007812,1.48,1.26,1.32
QQQ,2026-09-03,2026-12-18,P,480.0,18752,202,0.3909973010253906,1.25,1.26,1.32
QQQ,2026-09-03,2026-12-18,P,484.78,1801,200,0.38550419189453117,1.48,1.33,1.38
QQQ,2026-09-03,2026-12-18,P,485.0,3582,2,0.38556522644042956,1.34,1.33,1.39
QQQ,2026-09-03,2026-12-18,P,489.78,638,3,0.38043832458496096,1.59,1.4,1.46
QQQ,2026-09-03,2026-12-18,P,490.0,7257,11,0.3800110827636719,1.41,1.4,1.46
QQQ,2026-09-03,2026-12-18,P,494.78,749,1,0.37476211181640623,1.7,1.47,1.53
QQQ,2026-09-03,2026-12-18,P,495.0,2733,65,0.37439590454101557,1.57,1.47,1.53
QQQ,2026-09-03,2026-12-18,P,499.78,774,1,0.36939107177734376,1.55,1.55,1.61
QQQ,2026-09-03,2026-12-18,P,500.0,19752,192,0.3685976226806641,1.58,1.56,1.6
QQQ,2026-09-03,2026-12-18,P,504.78,2719,24,0.36389796264648444,1.87,1.63,1.69
QQQ,2026-09-03,2026-12-18,P,505.0,3445,10,0.36389796264648444,1.95,1.64,1.7
QQQ,2026-09-03,2026-12-18,P,509.78,318,2,0.35858795715332037,2.81,1.72,1.78
QQQ,2026-09-03,2026-12-18,P,510.0,7293,1090,0.35822174987792965,1.86,1.73,1.78
QQQ,2026-09-03,2026-12-18,P,514.78,354,1,0.35315588256835934,2.19,1.82,1.87
QQQ,2026-09-03,2026-12-18,P,515.0,12460,9781,0.35278967529296873,1.97,1.82,1.87
QQQ,2026-09-03,2026-12-18,P,519.78,785,10,0.3479069116210937,2.2,1.92,1.97
QQQ,2026-09-03,2026-12-18,P,520.0,11672,1,0.34754070434570306,1.92,1.92,1.97
QQQ,2026-09-03,2026-12-18,P,524.78,469,15,0.3428410443115234,2.17,2.02,2.08
QQQ,2026-09-03,2026-12-18,P,525.0,4292,55,0.34241380249023434,2.03,2.02,2.08
QQQ,2026-09-03,2026-12-18,P,529.78,439,17,0.3375310388183594,2.16,2.13,2.19
QQQ,2026-09-03,2026-12-18,P,530.0,22943,24,0.3371648315429688,2.31,2.13,2.19
QQQ,2026-09-03,2026-12-18,P,534.78,451,250,0.33209896423339846,2.28,2.25,2.3
QQQ,2026-09-03,2026-12-18,P,535.0,7825,2,0.3320379296875,2.39,2.25,2.31
QQQ,2026-09-03,2026-12-18,P,539.78,567,642,0.32709413146972655,2.44,2.38,2.43
QQQ,2026-09-03,2026-12-18,P,540.0,16783,72,0.32697206237792964,2.36,2.38,2.44
QQQ,2026-09-03,2026-12-18,P,544.78,631,1,0.3221503332519531,2.9,2.51,2.57
QQQ,2026-09-03,2026-12-18,P,545.0,1262,2,0.321723091430664,2.53,2.52,2.57
QQQ,2026-09-03,2026-12-18,P,549.78,439,1,0.3169623968505859,2.68,2.66,2.71
QQQ,2026-09-03,2026-12-18,P,550.0,31675,120,0.3165961895751953,2.7,2.67,2.71
QQQ,2026-09-03,2026-12-18,P,554.78,3916,10,0.3120796331787109,2.85,2.81,2.87
QQQ,2026-09-03,2026-12-18,P,555.0,7841,6,0.3117134259033203,2.89,2.82,2.87
QQQ,2026-09-03,2026-12-18,P,559.78,345,41,0.3070137658691406,4.47,2.98,3.03
QQQ,2026-09-03,2026-12-18,P,560.0,14534,20,0.307074800415039,2.96,3.0,3.05
QQQ,2026-09-03,2026-12-18,P,564.78,876,1,0.30216151947021486,3.18,3.16,3.21
QQQ,2026-09-03,2026-12-18,P,565.0,4614,1,0.3019784158325196,3.14,3.17,3.22
QQQ,2026-09-03,2026-12-18,P,569.78,844,10,0.2974923767089843,3.4,3.35,3.41
QQQ,2026-09-03,2026-12-18,P,570.0,14653,74,0.29730927307128896,3.4,3.36,3.42
QQQ,2026-09-03,2026-12-18,P,574.78,1534,1,0.29254857849121085,3.72,3.56,3.61
QQQ,2026-09-03,2026-12-18,P,575.0,20208,170,0.2923654748535155,3.6,3.57,3.62
QQQ,2026-09-03,2026-12-18,P,579.78,1274,4,0.287970987548828,4.85,3.78,3.84
QQQ,2026-09-03,2026-12-18,P,580.0,24285,33,0.2877573666381835,3.72,3.79,3.85
QQQ,2026-09-03,2026-12-18,P,584.78,917,79,0.28327132751464834,3.98,4.03,4.08
QQQ,2026-09-03,2026-12-18,P,585.0,15053,59,0.28305770660400387,3.99,4.04,4.09
QQQ,2026-09-03,2026-12-18,P,589.78,999,1,0.2788158056640625,4.55,4.29,4.35
QQQ,2026-09-03,2026-12-18,P,590.0,22999,16,0.27841908111572267,4.21,4.3,4.35
QQQ,2026-09-03,2026-12-18,P,594.78,888,10,0.27423821472167964,4.51,4.57,4.63
QQQ,2026-09-03,2026-12-18,P,595.0,2362,20,0.27399407653808594,4.52,4.58,4.64
QQQ,2026-09-03,2026-12-18,P,599.78,1275,60,0.2698132101440429,5.13,4.87,4.94
QQQ,2026-09-03,2026-12-18,P,600.0,42677,118,0.2695690719604492,4.97,4.89,4.95
QQQ,2026-09-03,2026-12-18,P,604.78,1105,1,0.26538820556640624,5.19,5.2,5.27
QQQ,2026-09-03,2026-12-18,P,605.0,8357,5,0.2652661364746094,5.31,5.22,5.29
QQQ,2026-09-03,2026-12-18,P,609.78,1360,4,0.2610242355346679,5.64,5.56,5.63
QQQ,2026-09-03,2026-12-18,P,610.0,16638,173,0.2610242355346679,5.68,5.6,5.66
QQQ,2026-09-03,2026-12-18,P,615.0,11451,55,0.25641612731933594,6.01,5.97,6.03
QQQ,2026-09-03,2026-12-18,P,620.0,22557,23,0.25226577819824214,6.22,6.39,6.46
QQQ,2026-09-03,2026-12-18,P,625.0,7701,37,0.2480696531677246,6.96,6.84,6.92
QQQ,2026-09-03,2026-12-18,P,630.0,9652,114,0.24393456268310548,7.4,7.35,7.42
QQQ,2026-09-03,2026-12-18,P,635.0,4522,193,0.23984524810791014,7.83,7.89,7.96
QQQ,2026-09-03,2026-12-18,P,640.0,18467,110,0.23583222671508786,8.55,8.47,8.55
QQQ,2026-09-03,2026-12-18,P,645.0,17410,310,0.23186498123168942,9.09,9.11,9.19
QQQ,2026-09-03,2026-12-18,P,650.0,29526,1303,0.22791299438476562,9.86,9.8,9.88
QQQ,2026-09-03,2026-12-18,P,655.0,11911,77,0.22409833526611322,10.66,10.54,10.64
QQQ,2026-09-03,2026-12-18,P,660.0,196709,352,0.22029893478393553,11.53,11.36,11.46
QQQ,2026-09-03,2026-12-18,P,665.0,3702,310,0.21646901702880855,12.5,12.23,12.34
QQQ,2026-09-03,2026-12-18,P,670.0,14690,259,0.21280694427490232,13.46,13.19,13.31
QQQ,2026-09-03,2026-12-18,P,675.0,16738,65,0.20902280242919918,14.45,14.21,14.34
QQQ,2026-09-03,2026-12-18,P,680.0,54958,362,0.2053149537658691,15.48,15.33,15.46
QQQ,2026-09-03,2026-12-18,P,685.0,3736,42,0.20169865692138672,16.68,16.54,16.68
QQQ,2026-09-03,2026-12-18,P,690.0,8474,297,0.19799080825805665,18.0,17.83,17.98
QQQ,2026-09-03,2026-12-18,P,695.0,8025,185,0.19428295959472658,19.36,19.24,19.38
QQQ,2026-09-03,2026-12-18,P,700.0,52587,1596,0.19052933502197267,20.93,20.74,20.88
QQQ,2026-09-03,2026-12-18,P,705.0,4216,233,0.18695881408691406,22.59,22.37,22.52
QQQ,2026-09-03,2026-12-18,P,710.0,9468,1072,0.1834340690612793,24.31,24.14,24.29
QQQ,2026-09-03,2026-12-18,P,715.0,3719,563,0.1799856172180176,26.18,26.04,26.2
QQQ,2026-09-03,2026-12-18,P,720.0,12829,210,0.17667449310302735,28.33,28.07,28.27
QQQ,2026-09-03,2026-12-18,P,725.0,16021,1240,0.17328707580566405,30.47,30.25,30.47
QQQ,2026-09-03,2026-12-18,P,730.0,5119,2,0.16976233078002934,32.93,32.55,32.8
QQQ,2026-09-03,2026-12-18,P,735.0,4183,5,0.16652749984741216,35.7,35.07,35.33
QQQ,2026-09-03,2026-12-18,P,740.0,7792,35,0.1633537034606934,37.99,37.75,38.03
QQQ,2026-09-03,2026-12-18,P,745.0,2997,42,0.16001206207275392,41.45,40.56,40.87
QQQ,2026-09-03,2026-12-18,P,750.0,6600,70,0.15680774841308598,43.95,43.58,43.9
QQQ,2026-09-03,2026-12-18,P,755.0,183,2,0.15747912841796874,46.49,46.65,47.61
QQQ,2026-09-03,2026-12-18,P,760.0,3692,1,0.154579987487793,49.97,49.99,50.99
QQQ,2026-09-03,2026-12-18,P,765.0,348,1,0.15869981933593752,55.31,52.57,55.37
QQQ,2026-09-03,2026-12-18,P,770.0,411,2,0.16199568481445312,65.7,56.21,59.72
QQQ,2026-09-03,2026-12-18,P,775.0,216,27,0.16086654571533204,67.83,60.24,63.65
QQQ,2026-09-03,2026-12-18,P,780.0,163,2,0.15891344024658205,64.63,64.21,67.61
QQQ,2026-09-03,2026-12-18,P,785.0,263,2,0.14783567016601565,69.34,68.56,70.87
QQQ,2026-09-03,2026-12-18,P,790.0,50,2,0.15079584564208987,80.98,72.6,75.53
QQQ,2026-09-03,2026-12-18,P,795.0,203,2,0.14545532287597657,85.61,76.97,79.62
QQQ,2026-09-03,2026-12-18,P,800.0,63,13,0.15158929473876953,82.13,81.3,84.6
QQQ,2026-09-03,2026-12-18,P,805.0,0,20,0.1524437783813477,98.66,86.04,89.25
QQQ,2026-09-03,2026-12-18,P,810.0,1,1,0.14615722015380855,101.53,90.93,93.56
QQQ,2026-09-03,2026-12-18,P,815.0,0,2,0.2814860670471191,102.37,106.89,110.01
QQQ,2026-09-03,2026-12-18,P,820.0,0,1111,0.17108983215332033,97.27,100.65,104.29
QQQ,2026-09-03,2026-12-18,P,825.0,1,13,0.17517914672851562,94.77,105.31,109.19
QQQ,2026-09-03,2026-12-18,P,830.0,6,2,0.1805196694946289,112.47,110.28,114.17
QQQ,2026-09-03,2026-12-18,P,835.0,0,2,0.18708088317871097,103.66,115.98,119.22
QQQ,2026-09-03,2026-12-18,P,840.0,0,2,0.19135330139160156,108.46,120.28,124.15
QQQ,2026-09-03,2026-12-18,P,845.0,0,1,0.19818917053222657,137.85,125.36,129.22
QQQ,2026-09-03,2026-12-18,P,850.0,0,2,0.2036212451171875,127.68,130.28,134.22
QQQ,2026-09-03,2026-12-18,P,855.0,0,20,0.20783262878417966,148.6,135.28,139.16
QQQ,2026-09-03,2026-12-18,P,860.0,0,6,0.21454642883300779,135.58,140.28,144.23
QQQ,2026-09-03,2026-12-18,P,865.0,0,661,0.22080246978759765,147.86,145.28,149.28
QQQ,2026-09-03,2026-12-18,P,870.0,0,1,0.22480023254394527,148.75,150.27,154.22
QQQ,2026-09-03,2026-12-18,P,875.0,0,14,0.22888954711914064,153.22,155.24,159.17
QQQ,2026-09-03,2026-12-18,P,880.0,0,4,0.23419955261230468,147.21,160.25,164.18
QQQ,2026-09-03,2026-12-18,P,885.0,0,4,0.24030300720214842,154.92,165.24,169.23
QQQ,2026-09-03,2026-12-18,P,890.0,0,2,0.2452773226928711,157.58,170.24,174.23
QQQ,2026-09-03,2026-12-18,P,895.0,0,20,0.2488783609008789,188.61,175.24,179.17
QQQ,2026-09-03,2026-12-18,P,900.0,1,1,0.25489026367187506,184.0,180.25,184.22
QQQ,2026-09-03,2026-12-18,P,905.0,0,1,0.25858285369873046,189.02,185.29,189.17
QQQ,2026-09-03,2026-12-18,P,910.0,0,0,1.10579365562439,300.25,298.5,303.5
QQQ,2026-09-03,2026-12-18,P,920.0,0,1111,0.27417718017578124,196.88,200.27,204.23
QQQ,2026-09-03,2026-12-18,P,925.0,0,130,0.4282131153869629,227.74,216.94,219.83
QQQ,2026-09-03,2026-12-18,P,935.0,0,2124,0.44214425048828127,237.17,226.8,230.04
QQQ,2026-09-03,2026-12-18,P,940.0,0,0,0.44791201507568357,239.52,231.8,235.04
QQQ,2026-09-03,2026-12-18,P,950.0,0,0,0.45703667968750006,235.03,241.94,244.83
QQQ,2026-09-03,2026-12-18,P,960.0,0,0,0.3096077340698242,235.26,240.25,244.2
QQQ,2026-09-03,2026-12-18,P,1000.0,0,20,0.3428410443115234,293.6,280.24,284.18
QQQ,2026-09-03,2026-12-18,P,1025.0,0,4,0.5186510537719727,327.53,316.94,319.83
