ticker,date,expiry,type,strike,oi,volume,iv,last,bid,ask
QQQ,2026-09-23,2026-09-24,C,640.0,3,3,1.5419944775390624,100.2,95.09,98.63
QQQ,2026-09-23,2026-09-24,C,650.0,0,30,1.3881866528320312,66.3,85.09,88.55
QQQ,2026-09-23,2026-09-24,C,655.0,0,14,1.4577663830566405,61.84,80.64,84.12
QQQ,2026-09-23,2026-09-24,C,660.0,0,1,1.341311887207031,51.19,75.6,78.79
QQQ,2026-09-23,2026-09-24,C,670.0,0,1,1.1137739624023437,46.53,65.09,68.61
QQQ,2026-09-23,2026-09-24,C,675.0,0,0,1.0427293957519534,37.23,60.09,63.61
QQQ,2026-09-23,2026-09-24,C,680.0,0,0,1.033452098388672,32.83,55.33,58.96
QQQ,2026-09-23,2026-09-24,C,682.0,0,0,1.0722702636718753,24.42,53.97,57.08
QQQ,2026-09-23,2026-09-24,C,683.0,0,0,0.9326178613281251,23.56,52.11,55.63
QQQ,2026-09-23,2026-09-24,C,684.0,0,1,0.928711650390625,52.73,51.23,54.61
QQQ,2026-09-23,2026-09-24,C,685.0,1,1,0.9841310180664062,51.8,50.61,53.96
QQQ,2026-09-23,2026-09-24,C,686.0,0,1,0.9619144433593749,51.03,49.59,52.9
QQQ,2026-09-23,2026-09-24,C,688.0,0,2,0.9382330395507812,29.66,47.61,50.96
QQQ,2026-09-23,2026-09-24,C,690.0,32,33,0.8549819189453125,47.2,45.28,48.7
QQQ,2026-09-23,2026-09-24,C,691.0,0,1,0.8903819555664061,46.27,44.61,47.94
QQQ,2026-09-23,2026-09-24,C,693.0,0,0,0.8764660791015625,23.43,42.62,46.14
QQQ,2026-09-23,2026-09-24,C,695.0,30,32,0.8261736132812498,42.74,40.62,43.9
QQQ,2026-09-23,2026-09-24,C,696.0,5,2,0.8435074243164062,41.11,39.92,43.03
QQQ,2026-09-23,2026-09-24,C,697.0,3,1,0.747072841796875,40.18,38.61,41.33
QQQ,2026-09-23,2026-09-24,C,698.0,1,2,0.7141141870117188,39.25,37.12,40.62
QQQ,2026-09-23,2026-09-24,C,699.0,7,1,0.6975127905273439,36.29,36.1,39.62
QQQ,2026-09-23,2026-09-24,C,700.0,45,19,0.7980977221679688,36.73,36.15,39.07
QQQ,2026-09-23,2026-09-24,C,701.0,12,7,0.7202176416015625,20.37,34.61,37.75
QQQ,2026-09-23,2026-09-24,C,702.0,168,2,0.6796907031250001,19.38,33.5,36.54
QQQ,2026-09-23,2026-09-24,C,703.0,80,1,0.7448755981445312,33.81,33.96,35.2
QQQ,2026-09-23,2026-09-24,C,704.0,78,6,0.6875031250000001,32.88,32.35,34.21
QQQ,2026-09-23,2026-09-24,C,705.0,93,19,0.6608920629882813,31.73,31.2,33.21
QQQ,2026-09-23,2026-09-24,C,706.0,78,1,0.6608920629882813,29.12,30.44,32.2
QQQ,2026-09-23,2026-09-24,C,707.0,68,3,0.6372106591796876,30.41,29.31,31.22
QQQ,2026-09-23,2026-09-24,C,708.0,53,3,0.5991251025390626,28.89,28.0,30.21
QQQ,2026-09-23,2026-09-24,C,709.0,69,2,0.6135292553710938,31.58,27.45,29.21
QQQ,2026-09-23,2026-09-24,C,710.0,461,9,0.6291540991210938,26.01,27.01,28.17
QQQ,2026-09-23,2026-09-24,C,711.0,48,6,0.5651898950195313,25.93,25.22,27.2
QQQ,2026-09-23,2026-09-24,C,712.0,54,13,0.5481002221679689,25.32,24.2,26.21
QQQ,2026-09-23,2026-09-24,C,713.0,113,8,0.5022022436523439,24.68,23.04,24.92
QQQ,2026-09-23,2026-09-24,C,714.0,169,5,0.5368698657226563,23.12,22.95,23.82
QQQ,2026-09-23,2026-09-24,C,715.0,982,13,0.5363815893554689,21.67,21.85,23.21
QQQ,2026-09-23,2026-09-24,C,716.0,238,44,0.5671430004882813,21.86,20.28,21.99
QQQ,2026-09-23,2026-09-24,C,717.0,459,14,0.5407760766601564,20.85,19.23,20.91
QQQ,2026-09-23,2026-09-24,C,718.0,372,20,0.5513960876464845,19.61,18.91,20.21
QQQ,2026-09-23,2026-09-24,C,719.0,533,4,0.53320779296875,17.6,17.59,19.22
QQQ,2026-09-23,2026-09-24,C,720.0,1050,17,0.5139208764648437,16.41,17.07,18.22
QQQ,2026-09-23,2026-09-24,C,721.0,673,14,0.4907277490234375,17.18,15.93,17.18
QQQ,2026-09-23,2026-09-24,C,722.0,833,60,0.47461462890625,16.22,15.04,16.22
QQQ,2026-09-23,2026-09-24,C,723.0,285,59,0.4398249377441406,14.76,13.94,15.05
QQQ,2026-09-23,2026-09-24,C,724.0,281,35,0.4172421557617187,13.44,12.54,14.02
QQQ,2026-09-23,2026-09-24,C,725.0,653,49,0.40051869018554687,12.75,11.94,13.06
QQQ,2026-09-23,2026-09-24,C,726.0,324,74,0.3815979809570312,12.21,10.3,12.08
QQQ,2026-09-23,2026-09-24,C,727.0,276,156,0.37354142089843745,11.16,9.82,11.24
QQQ,2026-09-23,2026-09-24,C,728.0,288,78,0.3104317004394531,9.6,8.66,9.72
QQQ,2026-09-23,2026-09-24,C,729.0,1581,208,0.29566134033203123,7.87,7.69,8.8
QQQ,2026-09-23,2026-09-24,C,730.0,2386,949,0.21887988159179686,6.8,6.73,7.11
QQQ,2026-09-23,2026-09-24,C,731.0,629,773,0.2219316088867187,6.31,5.83,6.41
QQQ,2026-09-23,2026-09-24,C,732.0,4593,1660,0.17688811401367188,5.03,5.03,5.11
QQQ,2026-09-23,2026-09-24,C,733.0,964,2980,0.1596763720703125,4.2,4.12,4.18
QQQ,2026-09-23,2026-09-24,C,734.0,621,7504,0.14869015380859374,3.33,3.33,3.37
QQQ,2026-09-23,2026-09-24,C,735.0,1599,29743,0.13855841918945314,2.61,2.61,2.62
QQQ,2026-09-23,2026-09-24,C,736.0,1349,65457,0.1287928918457031,1.94,1.92,1.94
QQQ,2026-09-23,2026-09-24,C,737.0,915,130985,0.12232322998046877,1.38,1.38,1.39
QQQ,2026-09-23,2026-09-24,C,738.0,1766,176756,0.11634184448242188,0.93,0.93,0.94
QQQ,2026-09-23,2026-09-24,C,739.0,2980,117314,0.1132901171875,0.62,0.61,0.62
QQQ,2026-09-23,2026-09-24,C,740.0,10083,111623,0.1098721826171875,0.38,0.37,0.38
QQQ,2026-09-23,2026-09-24,C,741.0,10646,87200,0.1098721826171875,0.23,0.23,0.24
QQQ,2026-09-23,2026-09-24,C,742.0,5842,33667,0.11060459716796875,0.14,0.14,0.15
QQQ,2026-09-23,2026-09-24,C,743.0,4541,18937,0.11133701171874999,0.09,0.08,0.09
QQQ,2026-09-23,2026-09-24,C,744.0,6561,21664,0.11426666992187501,0.06,0.05,0.06
QQQ,2026-09-23,2026-09-24,C,745.0,5789,16840,0.12207909179687501,0.04,0.04,0.05
QQQ,2026-09-23,2026-09-24,C,746.0,3328,8316,0.1289149609375,0.03,0.03,0.04
QQQ,2026-09-23,2026-09-24,C,747.0,4343,5028,0.132821171875,0.02,0.02,0.03
QQQ,2026-09-23,2026-09-24,C,748.0,7356,6537,0.13672738281250002,0.01,0.01,0.02
QQQ,2026-09-23,2026-09-24,C,749.0,2515,4811,0.15430533203125002,0.02,0.02,0.03
QQQ,2026-09-23,2026-09-24,C,750.0,8299,7753,0.15430533203125002,0.01,0.01,0.02
QQQ,2026-09-23,2026-09-24,C,751.0,1816,5100,0.16407085937500002,0.02,0.01,0.02
QQQ,2026-09-23,2026-09-24,C,752.0,2862,3539,0.17383638671875,0.02,0.01,0.02
QQQ,2026-09-23,2026-09-24,C,753.0,2000,1510,0.18360191406249998,0.01,0.01,0.02
QQQ,2026-09-23,2026-09-24,C,754.0,3410,1898,0.179695703125,0.01,0.0,0.01
QQQ,2026-09-23,2026-09-24,C,755.0,3114,2624,0.187508125,0.01,0.0,0.01
QQQ,2026-09-23,2026-09-24,C,756.0,1838,4763,0.195320546875,0.01,0.0,0.01
QQQ,2026-09-23,2026-09-24,C,757.0,1499,177,0.20313296874999998,0.01,0.0,0.01
QQQ,2026-09-23,2026-09-24,C,758.0,931,426,0.21094539062499998,0.01,0.0,0.01
QQQ,2026-09-23,2026-09-24,C,759.0,1543,71,0.21875781249999998,0.01,0.0,0.01
QQQ,2026-09-23,2026-09-24,C,760.0,2573,184,0.2304764453125,0.01,0.0,0.01
QQQ,2026-09-23,2026-09-24,C,761.0,1802,21,0.23828886718749998,0.01,0.0,0.01
QQQ,2026-09-23,2026-09-24,C,762.0,228,47,0.2461012890625,0.01,0.0,0.01
QQQ,2026-09-23,2026-09-24,C,763.0,781,3,0.25391371093750004,0.01,0.0,0.01
QQQ,2026-09-23,2026-09-24,C,764.0,378,1,0.2617261328125,0.01,0.0,0.01
QQQ,2026-09-23,2026-09-24,C,765.0,247,340,0.2695385546875,0.01,0.0,0.01
QQQ,2026-09-23,2026-09-24,C,766.0,344,2,0.28125718749999995,0.01,0.0,0.01
QQQ,2026-09-23,2026-09-24,C,767.0,1326,1735,0.2890696093749999,0.02,0.0,0.01
QQQ,2026-09-23,2026-09-24,C,768.0,1297,22,0.29688203124999996,0.01,0.0,0.01
QQQ,2026-09-23,2026-09-24,C,769.0,222,3,0.304694453125,0.01,0.0,0.01
QQQ,2026-09-23,2026-09-24,C,770.0,95,46,0.31250687499999996,0.02,0.0,0.01
QQQ,2026-09-23,2026-09-24,C,771.0,70,65,0.32031929687499994,0.01,0.0,0.01
QQQ,2026-09-23,2026-09-24,C,773.0,53,3,0.335944140625,0.02,0.0,0.01
QQQ,2026-09-23,2026-09-24,C,774.0,42,45,0.3437565625,0.01,0.0,0.01
QQQ,2026-09-23,2026-09-24,C,775.0,278,163,0.35156898437499995,0.01,0.0,0.01
QQQ,2026-09-23,2026-09-24,C,780.0,85,4,0.39063109375,0.01,0.0,0.01
QQQ,2026-09-23,2026-09-24,C,785.0,191,21,0.42969320312500003,0.01,0.0,0.01
QQQ,2026-09-23,2026-09-24,C,790.0,8,2,0.4687553125,0.01,0.0,0.01
QQQ,2026-09-23,2026-09-24,C,795.0,9,0,0.500005,0.02,0.0,0.01
QQQ,2026-09-23,2026-09-24,C,800.0,53,19,0.51562984375,0.01,0.0,0.01
QQQ,2026-09-23,2026-09-24,C,810.0,10,0,0.57812921875,0.02,0.0,0.01
QQQ,2026-09-23,2026-09-24,C,840.0,12,0,0.8281267187499999,0.01,0.0,0.01
QQQ,2026-09-23,2026-09-24,C,845.0,20,0,0.85937640625,0.01,0.0,0.01
QQQ,2026-09-23,2026-09-24,P,500.0,580,510,2.1250046874999997,0.01,0.0,0.01
QQQ,2026-09-23,2026-09-24,P,505.0,57,20,2.0625048437499998,0.01,0.0,0.01
QQQ,2026-09-23,2026-09-24,P,510.0,23,100,2.0625048437499998,0.03,0.0,0.01
QQQ,2026-09-23,2026-09-24,P,515.0,9,40,1.96875015625,0.03,0.0,0.01
QQQ,2026-09-23,2026-09-24,P,520.0,30,10,1.9375003125,0.01,0.0,0.01
QQQ,2026-09-23,2026-09-24,P,525.0,7,0,1.875000625,0.06,0.0,0.01
QQQ,2026-09-23,2026-09-24,P,530.0,3,0,1.9375003125,0.01,0.0,0.01
QQQ,2026-09-23,2026-09-24,P,535.0,97,2,1.8125009374999999,0.01,0.0,0.01
QQQ,2026-09-23,2026-09-24,P,540.0,250,100,1.75000125,0.01,0.0,0.01
QQQ,2026-09-23,2026-09-24,P,545.0,120,100,1.6875015625,0.01,0.0,0.01
QQQ,2026-09-23,2026-09-24,P,550.0,203,100,1.625001875,0.01,0.0,0.01
QQQ,2026-09-23,2026-09-24,P,555.0,112,11,1.5937520312499998,0.01,0.0,0.01
QQQ,2026-09-23,2026-09-24,P,560.0,22,1,1.5625021874999998,0.01,0.0,0.01
QQQ,2026-09-23,2026-09-24,P,570.0,10,1,1.4375028125,0.01,0.0,0.01
QQQ,2026-09-23,2026-09-24,P,575.0,8,0,1.40625296875,0.02,0.0,0.01
QQQ,2026-09-23,2026-09-24,P,580.0,143,42,1.4375028125,0.01,0.0,0.01
QQQ,2026-09-23,2026-09-24,P,585.0,151,1,1.3750031249999999,0.02,0.0,0.01
QQQ,2026-09-23,2026-09-24,P,590.0,26,9,1.2500037499999999,0.01,0.0,0.01
QQQ,2026-09-23,2026-09-24,P,595.0,69,13,1.21875390625,0.02,0.0,0.01
QQQ,2026-09-23,2026-09-24,P,600.0,93,13,1.1875040625,0.01,0.0,0.01
QQQ,2026-09-23,2026-09-24,P,605.0,18,1,1.125004375,0.01,0.0,0.01
QQQ,2026-09-23,2026-09-24,P,610.0,67,33,1.09375453125,0.01,0.0,0.01
QQQ,2026-09-23,2026-09-24,P,615.0,243,195,1.0312548437500002,0.01,0.0,0.01
QQQ,2026-09-23,2026-09-24,P,620.0,1153,1096,1.000005,0.01,0.0,0.01
QQQ,2026-09-23,2026-09-24,P,625.0,601,361,0.9687503125,0.01,0.0,0.01
QQQ,2026-09-23,2026-09-24,P,630.0,6499,6486,0.9062509375,0.01,0.0,0.01
QQQ,2026-09-23,2026-09-24,P,635.0,825,784,0.87500125,0.01,0.0,0.01
QQQ,2026-09-23,2026-09-24,P,640.0,1345,1327,0.8281267187499999,0.02,0.0,0.01
QQQ,2026-09-23,2026-09-24,P,645.0,849,1051,0.7812521875,0.02,0.0,0.01
QQQ,2026-09-23,2026-09-24,P,650.0,1071,561,0.7500025,0.02,0.0,0.01
QQQ,2026-09-23,2026-09-24,P,655.0,7882,1,0.6875031250000001,0.01,0.0,0.01
QQQ,2026-09-23,2026-09-24,P,660.0,992,3,0.6562534375000001,0.01,0.0,0.01
QQQ,2026-09-23,2026-09-24,P,665.0,983,1,0.6093789062500001,0.01,0.0,0.01
QQQ,2026-09-23,2026-09-24,P,666.0,399,10,0.6093789062500001,0.02,0.0,0.01
QQQ,2026-09-23,2026-09-24,P,667.0,153,4,0.5937540625000001,0.02,0.0,0.01
QQQ,2026-09-23,2026-09-24,P,668.0,238,16,0.5937540625000001,0.01,0.0,0.01
QQQ,2026-09-23,2026-09-24,P,669.0,674,1,0.57812921875,0.01,0.0,0.01
QQQ,2026-09-23,2026-09-24,P,670.0,907,92,0.5625043750000001,0.01,0.0,0.01
QQQ,2026-09-23,2026-09-24,P,671.0,1495,30,0.5625043750000001,0.01,0.0,0.01
QQQ,2026-09-23,2026-09-24,P,672.0,981,1,0.5625043750000001,0.01,0.0,0.01
QQQ,2026-09-23,2026-09-24,P,673.0,396,177,0.5468795312500001,0.01,0.0,0.01
QQQ,2026-09-23,2026-09-24,P,674.0,320,36,0.5312546875,0.01,0.0,0.01
QQQ,2026-09-23,2026-09-24,P,675.0,1610,661,0.5312546875,0.01,0.0,0.01
QQQ,2026-09-23,2026-09-24,P,676.0,283,70,0.51562984375,0.01,0.0,0.01
QQQ,2026-09-23,2026-09-24,P,677.0,826,19,0.51562984375,0.01,0.0,0.01
QQQ,2026-09-23,2026-09-24,P,678.0,298,20,0.500005,0.02,0.0,0.01
QQQ,2026-09-23,2026-09-24,P,679.0,86,2,0.500005,0.01,0.0,0.01
QQQ,2026-09-23,2026-09-24,P,680.0,1423,2,0.51562984375,0.02,0.0,0.01
QQQ,2026-09-23,2026-09-24,P,681.0,162,8,0.507817421875,0.09,0.0,0.01
QQQ,2026-09-23,2026-09-24,P,682.0,223,8,0.500005,0.02,0.0,0.01
QQQ,2026-09-23,2026-09-24,P,683.0,236,2,0.49219257812500006,0.02,0.0,0.01
QQQ,2026-09-23,2026-09-24,P,684.0,758,59,0.48438015625,0.02,0.0,0.01
QQQ,2026-09-23,2026-09-24,P,685.0,893,30,0.476567734375,0.01,0.0,0.01
QQQ,2026-09-23,2026-09-24,P,686.0,3034,1,0.4687553125,0.01,0.0,0.01
QQQ,2026-09-23,2026-09-24,P,687.0,2098,6,0.45313046875,0.01,0.0,0.01
QQQ,2026-09-23,2026-09-24,P,688.0,6644,8754,0.445318046875,0.01,0.0,0.01
QQQ,2026-09-23,2026-09-24,P,689.0,2567,5384,0.437505625,0.02,0.0,0.01
QQQ,2026-09-23,2026-09-24,P,690.0,5234,12,0.42969320312500003,0.01,0.0,0.01
QQQ,2026-09-23,2026-09-24,P,691.0,2255,1,0.42188078125,0.01,0.0,0.01
QQQ,2026-09-23,2026-09-24,P,692.0,4247,1,0.414068359375,0.01,0.0,0.01
QQQ,2026-09-23,2026-09-24,P,693.0,4987,3,0.4062559375,0.01,0.0,0.01
QQQ,2026-09-23,2026-09-24,P,694.0,7433,3,0.398443515625,0.01,0.0,0.01
QQQ,2026-09-23,2026-09-24,P,695.0,3344,4,0.38281867187499996,0.01,0.0,0.01
QQQ,2026-09-23,2026-09-24,P,696.0,864,1857,0.37500625,0.03,0.0,0.01
QQQ,2026-09-23,2026-09-24,P,697.0,4061,1,0.367193828125,0.01,0.0,0.01
QQQ,2026-09-23,2026-09-24,P,698.0,6949,6,0.35938140625,0.01,0.0,0.01
QQQ,2026-09-23,2026-09-24,P,699.0,1299,1,0.35156898437499995,0.01,0.0,0.01
QQQ,2026-09-23,2026-09-24,P,700.0,4346,349,0.3437565625,0.01,0.0,0.01
QQQ,2026-09-23,2026-09-24,P,701.0,3460,1137,0.335944140625,0.01,0.0,0.01
QQQ,2026-09-23,2026-09-24,P,702.0,709,12978,0.3242255078124999,0.01,0.0,0.01
QQQ,2026-09-23,2026-09-24,P,703.0,1072,13646,0.31250687499999996,0.01,0.0,0.01
QQQ,2026-09-23,2026-09-24,P,704.0,1255,4065,0.304694453125,0.01,0.0,0.01
QQQ,2026-09-23,2026-09-24,P,705.0,927,1095,0.29688203124999996,0.01,0.0,0.01
QQQ,2026-09-23,2026-09-24,P,706.0,335,248,0.31055376953124997,0.01,0.01,0.02
QQQ,2026-09-23,2026-09-24,P,707.0,564,1,0.3007882421875,0.01,0.01,0.02
QQQ,2026-09-23,2026-09-24,P,708.0,507,390,0.2929758203124999,0.02,0.01,0.02
QQQ,2026-09-23,2026-09-24,P,709.0,481,587,0.28125718749999995,0.02,0.01,0.02
QQQ,2026-09-23,2026-09-24,P,710.0,2174,49,0.273444765625,0.01,0.01,0.02
QQQ,2026-09-23,2026-09-24,P,711.0,1264,742,0.26367923828125,0.02,0.01,0.02
QQQ,2026-09-23,2026-09-24,P,712.0,1268,435,0.25391371093750004,0.01,0.01,0.02
QQQ,2026-09-23,2026-09-24,P,713.0,495,1630,0.24414818359375,0.02,0.01,0.02
QQQ,2026-09-23,2026-09-24,P,714.0,631,918,0.23438265625,0.01,0.01,0.02
QQQ,2026-09-23,2026-09-24,P,715.0,1592,1941,0.22461712890624996,0.01,0.01,0.02
QQQ,2026-09-23,2026-09-24,P,716.0,776,688,0.2148516015625,0.02,0.01,0.02
QQQ,2026-09-23,2026-09-24,P,717.0,1235,1466,0.20508607421874997,0.01,0.01,0.02
QQQ,2026-09-23,2026-09-24,P,718.0,2033,1570,0.20606262695312497,0.02,0.02,0.03
QQQ,2026-09-23,2026-09-24,P,719.0,1636,1649,0.195320546875,0.03,0.02,0.03
QQQ,2026-09-23,2026-09-24,P,720.0,3246,2985,0.18555501953124998,0.02,0.02,0.03
QQQ,2026-09-23,2026-09-24,P,721.0,1621,1434,0.1757894921875,0.03,0.02,0.03
QQQ,2026-09-23,2026-09-24,P,722.0,2122,2198,0.165047412109375,0.02,0.02,0.03
QQQ,2026-09-23,2026-09-24,P,723.0,1735,1459,0.161141201171875,0.04,0.03,0.04
QQQ,2026-09-23,2026-09-24,P,724.0,1516,2523,0.15039912109375003,0.04,0.03,0.04
QQQ,2026-09-23,2026-09-24,P,725.0,2522,8425,0.1445398046875,0.05,0.04,0.05
QQQ,2026-09-23,2026-09-24,P,726.0,2092,5830,0.13770393554687502,0.06,0.05,0.06
QQQ,2026-09-23,2026-09-24,P,727.0,3482,12126,0.1289149609375,0.07,0.06,0.07
QQQ,2026-09-23,2026-09-24,P,728.0,3546,16062,0.12305564453125001,0.09,0.08,0.09
QQQ,2026-09-23,2026-09-24,P,729.0,3659,26180,0.117196328125,0.13,0.11,0.12
QQQ,2026-09-23,2026-09-24,P,730.0,6461,39983,0.1128018408203125,0.17,0.16,0.17
QQQ,2026-09-23,2026-09-24,P,731.0,5589,25936,0.10669838623046876,0.22,0.22,0.23
QQQ,2026-09-23,2026-09-24,P,732.0,3740,39517,0.10132734619140624,0.32,0.31,0.32
QQQ,2026-09-23,2026-09-24,P,733.0,3007,47394,0.0976652734375,0.46,0.46,0.47
QQQ,2026-09-23,2026-09-24,P,734.0,2688,71830,0.09168388793945312,0.65,0.64,0.65
QQQ,2026-09-23,2026-09-24,P,735.0,7734,120469,0.08655698608398438,0.91,0.91,0.92
QQQ,2026-09-23,2026-09-24,P,736.0,53391,168756,0.07996525512695313,1.27,1.26,1.27
QQQ,2026-09-23,2026-09-24,P,737.0,7048,84912,0.07203076416015625,1.73,1.72,1.73
QQQ,2026-09-23,2026-09-24,P,738.0,8321,36181,0.056650058593750004,2.28,2.27,2.28
QQQ,2026-09-23,2026-09-24,P,739.0,3792,10299,1.0000000000000003e-05,2.85,2.9,2.94
QQQ,2026-09-23,2026-09-24,P,740.0,8635,9604,1.0000000000000003e-05,3.68,3.63,3.68
QQQ,2026-09-23,2026-09-24,P,741.0,8812,3336,1.0000000000000003e-05,4.46,4.44,4.5
QQQ,2026-09-23,2026-09-24,P,742.0,2739,1739,1.0000000000000003e-05,5.5,5.3,5.58
QQQ,2026-09-23,2026-09-24,P,743.0,2554,1357,1.0000000000000003e-05,6.32,6.3,6.47
QQQ,2026-09-23,2026-09-24,P,744.0,1649,632,1.0000000000000003e-05,7.29,7.35,7.36
QQQ,2026-09-23,2026-09-24,P,745.0,1756,492,1.0000000000000003e-05,7.87,8.24,8.25
QQQ,2026-09-23,2026-09-24,P,746.0,921,98,1.0000000000000003e-05,8.56,8.82,9.03
QQQ,2026-09-23,2026-09-24,P,747.0,995,48,1.0000000000000003e-05,9.86,10.0,10.27
QQQ,2026-09-23,2026-09-24,P,748.0,613,32,1.0000000000000003e-05,10.52,9.83,10.96
QQQ,2026-09-23,2026-09-24,P,749.0,199,12,1.0000000000000003e-05,11.62,10.83,11.97
QQQ,2026-09-23,2026-09-24,P,750.0,420,217,1.0000000000000003e-05,13.12,13.0,14.01
QQQ,2026-09-23,2026-09-24,P,751.0,73,10,1.0000000000000003e-05,13.65,12.87,14.07
QQQ,2026-09-23,2026-09-24,P,752.0,39,16,1.0000000000000003e-05,14.63,13.9,14.97
QQQ,2026-09-23,2026-09-24,P,753.0,35,42,1.0000000000000003e-05,15.71,14.82,15.97
QQQ,2026-09-23,2026-09-24,P,754.0,1,37,1.0000000000000003e-05,16.32,15.81,17.1
QQQ,2026-09-23,2026-09-24,P,755.0,19,52,1.0000000000000003e-05,18.03,16.81,18.07
QQQ,2026-09-23,2026-09-24,P,756.0,0,11,1.0000000000000003e-05,18.59,17.84,19.1
QQQ,2026-09-23,2026-09-24,P,757.0,1,20,1.0000000000000003e-05,19.6,18.77,20.38
QQQ,2026-09-23,2026-09-24,P,758.0,0,9,1.0000000000000003e-05,20.42,20.34,20.94
QQQ,2026-09-23,2026-09-24,P,759.0,0,22,1.0000000000000003e-05,22.06,21.36,22.62
QQQ,2026-09-23,2026-09-24,P,760.0,0,28,1.0000000000000003e-05,22.77,22.32,23.38
QQQ,2026-09-23,2026-09-24,P,762.0,0,44,0.38867798828125,24.42,22.96,26.35
QQQ,2026-09-23,2026-09-24,P,763.0,0,24,0.49170430175781255,25.82,24.39,27.78
QQQ,2026-09-23,2026-09-25,C,490.0,3,10,2.869143452148437,228.85,245.77,248.73
QQQ,2026-09-23,2026-09-25,C,500.0,11,3,2.60156599609375,237.07,235.54,238.2
QQQ,2026-09-23,2026-09-25,C,505.0,0,5,2.6923860815429688,214.27,230.78,233.77
QQQ,2026-09-23,2026-09-25,C,510.0,5,5,2.63135107788086,219.79,225.78,228.77
QQQ,2026-09-23,2026-09-25,C,515.0,0,0,2.506839670410156,227.24,220.4,223.77
QQQ,2026-09-23,2026-09-25,C,520.0,0,0,2.4272500256347658,227.67,215.62,218.43
QQQ,2026-09-23,2026-09-25,C,525.0,0,0,2.486331909179688,222.69,210.8,213.98
QQQ,2026-09-23,2026-09-25,C,535.0,0,10,2.308109698486328,172.49,200.4,203.98
QQQ,2026-09-23,2026-09-25,C,540.0,2,2,2.288578497314453,200.85,195.48,199.16
QQQ,2026-09-23,2026-09-25,C,545.0,0,0,2.192875611572265,170.5,190.4,193.98
QQQ,2026-09-23,2026-09-25,C,555.0,2,500,2.0825243249511716,162.0,180.48,183.92
QQQ,2026-09-23,2026-09-25,C,565.0,2,2,1.96875015625,152.33,170.4,173.99
QQQ,2026-09-23,2026-09-25,C,570.0,0,1,1.9301761303710938,132.73,165.59,168.93
QQQ,2026-09-23,2026-09-25,C,575.0,0,1,1.955566628417969,140.72,161.13,164.07
QQQ,2026-09-23,2026-09-25,C,580.0,4,4,1.8017588037109373,160.63,155.46,158.92
QQQ,2026-09-23,2026-09-25,C,585.0,1,0,1.7495129711914061,159.9,150.4,154.0
QQQ,2026-09-23,2026-09-25,C,590.0,4,3,1.7788096997070313,149.69,146.2,148.94
QQQ,2026-09-23,2026-09-25,C,595.0,3,3,1.6411150756835937,140.8,140.4,144.0
QQQ,2026-09-23,2026-09-25,C,600.0,6,10,1.6142597412109376,136.83,135.7,138.94
QQQ,2026-09-23,2026-09-25,C,605.0,2,8,1.5288109497070312,140.19,130.43,133.93
QQQ,2026-09-23,2026-09-25,C,610.0,9,15,1.5161157006835935,105.94,125.6,129.14
QQQ,2026-09-23,2026-09-25,C,615.0,0,1,1.4331083032226561,101.01,120.51,123.95
QQQ,2026-09-23,2026-09-25,C,620.0,32,8,1.4008819018554686,121.39,115.71,118.96
QQQ,2026-09-23,2026-09-25,C,625.0,1,3,1.4084502233886718,91.71,111.21,114.14
QQQ,2026-09-23,2026-09-25,C,630.0,10,2,1.2734411328124997,107.73,105.51,108.95
QQQ,2026-09-23,2026-09-25,C,635.0,0,1,1.220707021484375,81.75,100.44,104.02
QQQ,2026-09-23,2026-09-25,C,640.0,1,1,1.208744190673828,100.24,95.83,99.1
QQQ,2026-09-23,2026-09-25,C,645.0,3,2,1.1875040625,94.49,91.23,94.12
QQQ,2026-09-23,2026-09-25,C,650.0,53,8,1.087895185546875,96.8,86.37,88.4
QQQ,2026-09-23,2026-09-25,C,655.0,4,19,1.0361376318359379,82.75,81.38,83.41
QQQ,2026-09-23,2026-09-25,C,660.0,0,60,0.9853517089843751,56.73,76.42,78.41
QQQ,2026-09-23,2026-09-25,C,665.0,50,49,0.9313971704101562,74.24,71.42,73.41
QQQ,2026-09-23,2026-09-25,C,667.0,0,5,0.9069833520507812,73.18,69.38,71.41
QQQ,2026-09-23,2026-09-25,C,668.0,0,1,0.903321279296875,51.13,68.37,70.52
QQQ,2026-09-23,2026-09-25,C,669.0,0,0,0.8881847119140623,42.36,67.42,69.41
QQQ,2026-09-23,2026-09-25,C,670.0,19,2,0.8789074609374999,75.31,66.44,68.41
QQQ,2026-09-23,2026-09-25,C,671.0,0,1,0.867188828125,50.81,65.43,67.41
QQQ,2026-09-23,2026-09-25,C,672.0,3,1,0.8637708935546875,47.22,64.43,66.52
QQQ,2026-09-23,2026-09-25,C,673.0,5,1,0.851563984375,47.24,63.44,65.49
QQQ,2026-09-23,2026-09-25,C,674.0,1,1,0.8444839770507812,71.23,62.43,64.56
QQQ,2026-09-23,2026-09-25,C,675.0,45,2,0.8374039697265624,61.65,61.56,63.49
QQQ,2026-09-23,2026-09-25,C,676.0,0,2,0.8149432568359375,36.43,60.38,62.49
QQQ,2026-09-23,2026-09-25,C,677.0,15,15,0.8117694604492187,61.97,59.43,61.56
QQQ,2026-09-23,2026-09-25,C,678.0,0,38,0.7885763330078125,30.21,58.38,60.42
QQQ,2026-09-23,2026-09-25,C,679.0,0,0,0.7810080493164062,33.85,57.43,59.42
QQQ,2026-09-23,2026-09-25,C,680.0,12,1,0.7421900781249999,64.39,56.15,58.27
QQQ,2026-09-23,2026-09-25,C,681.0,0,1,0.7683128637695313,36.15,55.43,57.57
QQQ,2026-09-23,2026-09-25,C,682.0,2,2,0.7543969873046875,29.69,54.38,56.57
QQQ,2026-09-23,2026-09-25,C,683.0,11,1,0.743166630859375,62.86,53.38,55.57
QQQ,2026-09-23,2026-09-25,C,684.0,3,7,0.7287624780273438,34.46,52.38,54.51
QQQ,2026-09-23,2026-09-25,C,685.0,38,3,0.7299831689453125,56.4,51.57,53.53
QQQ,2026-09-23,2026-09-25,C,686.0,2,1,0.7094755615234375,28.76,50.38,52.56
QQQ,2026-09-23,2026-09-25,C,687.0,9,1,0.6914093359375001,59.65,49.4,51.42
QQQ,2026-09-23,2026-09-25,C,688.0,5,3,0.6774934594726563,31.17,48.35,50.42
QQQ,2026-09-23,2026-09-25,C,689.0,43,78,0.6750520776367189,30.49,47.39,49.53
QQQ,2026-09-23,2026-09-25,C,690.0,163,44,0.6745638012695314,46.99,46.57,48.54
QQQ,2026-09-23,2026-09-25,C,691.0,45,75,0.6472203247070312,28.59,45.39,47.43
QQQ,2026-09-23,2026-09-25,C,692.0,20,6,0.64062859375,47.0,44.39,46.51
QQQ,2026-09-23,2026-09-25,C,693.0,4,2,0.6262244409179689,24.38,43.41,45.43
QQQ,2026-09-23,2026-09-25,C,694.0,29,2,0.6176796044921876,49.89,42.46,44.43
QQQ,2026-09-23,2026-09-25,C,695.0,226,2,0.6118202880859377,41.68,41.45,43.54
QQQ,2026-09-23,2026-09-25,C,696.0,9,5,0.5930216479492189,44.72,40.42,42.43
QQQ,2026-09-23,2026-09-25,C,697.0,83,35,0.5817912915039063,40.03,39.42,41.43
QQQ,2026-09-23,2026-09-25,C,698.0,82,3,0.5705609350585938,38.67,38.42,40.43
QQQ,2026-09-23,2026-09-25,C,699.0,110,1,0.5612836840820312,36.52,37.46,39.43
QQQ,2026-09-23,2026-09-25,C,700.0,991,13,0.5144091528320311,37.19,36.82,37.4
QQQ,2026-09-23,2026-09-25,C,701.0,58,5,0.5190477783203125,39.8,36.05,36.46
QQQ,2026-09-23,2026-09-25,C,702.0,309,12,0.5022022436523439,38.79,35.03,35.37
QQQ,2026-09-23,2026-09-25,C,703.0,184,11,0.4899953344726563,37.46,33.34,34.19
QQQ,2026-09-23,2026-09-25,C,704.0,329,1,0.4777884252929688,33.36,32.86,33.18
QQQ,2026-09-23,2026-09-25,C,705.0,1155,1,0.485356708984375,31.89,31.99,32.37
QQQ,2026-09-23,2026-09-25,C,706.0,385,4,0.4738822143554688,30.91,30.98,31.37
QQQ,2026-09-23,2026-09-25,C,707.0,389,8,0.4631401342773438,34.23,30.0,30.38
QQQ,2026-09-23,2026-09-25,C,708.0,492,3,0.43469803588867195,28.3,28.84,29.2
QQQ,2026-09-23,2026-09-25,C,709.0,512,9,0.44348701049804684,27.85,28.05,28.42
QQQ,2026-09-23,2026-09-25,C,710.0,2063,32,0.41358008300781246,28.16,26.44,27.22
QQQ,2026-09-23,2026-09-25,C,711.0,1734,7,0.41809663940429687,26.14,26.06,26.4
QQQ,2026-09-23,2026-09-25,C,712.0,1075,5,0.4096738720703125,24.51,25.06,25.44
QQQ,2026-09-23,2026-09-25,C,713.0,395,54,0.40430283203125,25.38,24.17,24.52
QQQ,2026-09-23,2026-09-25,C,714.0,447,3,0.36963520996093746,22.85,22.88,23.25
QQQ,2026-09-23,2026-09-25,C,715.0,3002,172,0.35767243896484374,22.74,21.9,22.25
QQQ,2026-09-23,2026-09-25,C,716.0,927,17,0.36426416992187505,21.83,21.11,21.48
QQQ,2026-09-23,2026-09-25,C,717.0,1304,7,0.33618827880859375,20.77,19.94,20.28
QQQ,2026-09-23,2026-09-25,C,718.0,2260,74,0.3526676062011719,19.6,19.29,19.66
QQQ,2026-09-23,2026-09-25,C,719.0,2438,63,0.3078682495117187,18.04,17.97,18.23
QQQ,2026-09-23,2026-09-25,C,720.0,4723,108,0.3053047985839844,17.65,17.03,17.36
QQQ,2026-09-23,2026-09-25,C,721.0,1522,114,0.29407444213867184,16.65,16.05,16.38
QQQ,2026-09-23,2026-09-25,C,722.0,1832,118,0.284064776611328,15.57,15.08,15.42
QQQ,2026-09-23,2026-09-25,C,723.0,1496,62,0.274421318359375,15.05,14.14,14.47
QQQ,2026-09-23,2026-09-25,C,724.0,1492,189,0.2650219982910156,14.68,13.2,13.53
QQQ,2026-09-23,2026-09-25,C,725.0,3354,265,0.27686270019531245,13.03,12.6,12.94
QQQ,2026-09-23,2026-09-25,C,726.0,1972,256,0.2572095764160156,12.19,11.55,11.85
QQQ,2026-09-23,2026-09-25,C,727.0,1303,271,0.24781025634765624,11.81,10.65,10.94
QQQ,2026-09-23,2026-09-25,C,728.0,1967,400,0.2186357434082031,9.68,9.63,9.69
QQQ,2026-09-23,2026-09-25,C,729.0,6528,325,0.21704884521484374,9.1,8.86,8.93
QQQ,2026-09-23,2026-09-25,C,730.0,5596,732,0.20777159423828123,8.16,7.99,8.05
QQQ,2026-09-23,2026-09-25,C,731.0,1903,204,0.20325503784179685,7.32,7.23,7.28
QQQ,2026-09-23,2026-09-25,C,732.0,1712,363,0.1939777868652344,6.46,6.38,6.44
QQQ,2026-09-23,2026-09-25,C,733.0,1245,443,0.18988847229003908,6.31,5.68,5.73
QQQ,2026-09-23,2026-09-25,C,734.0,2111,1610,0.1828084649658203,5.01,4.97,4.99
QQQ,2026-09-23,2026-09-25,C,735.0,5615,6655,0.18201501586914062,4.33,4.38,4.42
QQQ,2026-09-23,2026-09-25,C,736.0,2008,11867,0.17621673400878907,3.78,3.76,3.78
QQQ,2026-09-23,2026-09-25,C,737.0,2086,14496,0.17170017761230472,3.21,3.19,3.21
QQQ,2026-09-23,2026-09-25,C,738.0,1446,18253,0.16602396484375004,2.65,2.65,2.66
QQQ,2026-09-23,2026-09-25,C,739.0,2862,7915,0.16480327392578126,2.24,2.24,2.25
QQQ,2026-09-23,2026-09-25,C,740.0,6854,20134,0.16028671752929688,1.82,1.81,1.82
QQQ,2026-09-23,2026-09-25,C,741.0,3978,5436,0.1580284393310547,1.54,1.47,1.48
QQQ,2026-09-23,2026-09-25,C,742.0,2469,6805,0.15784533569335937,1.23,1.21,1.22
QQQ,2026-09-23,2026-09-25,C,743.0,2791,7829,0.15528188476562502,0.95,0.95,0.96
QQQ,2026-09-23,2026-09-25,C,744.0,3834,5778,0.1549156774902344,0.75,0.75,0.77
QQQ,2026-09-23,2026-09-25,C,745.0,11725,8215,0.15284050292968754,0.58,0.58,0.59
QQQ,2026-09-23,2026-09-25,C,746.0,9191,2041,0.15332877929687502,0.48,0.46,0.47
QQQ,2026-09-23,2026-09-25,C,747.0,3616,3106,0.15357291748046875,0.36,0.36,0.37
QQQ,2026-09-23,2026-09-25,C,748.0,6996,3269,0.15406119384765626,0.28,0.28,0.29
QQQ,2026-09-23,2026-09-25,C,749.0,2258,1412,0.15674671386718753,0.25,0.23,0.24
QQQ,2026-09-23,2026-09-25,C,750.0,13050,4194,0.15430533203125002,0.18,0.16,0.17
QQQ,2026-09-23,2026-09-25,C,751.0,2398,659,0.16089706298828127,0.16,0.15,0.16
QQQ,2026-09-23,2026-09-25,C,752.0,2692,826,0.15821154296875,0.11,0.1,0.11
QQQ,2026-09-23,2026-09-25,C,753.0,3820,1919,0.16358258300781253,0.1,0.09,0.1
QQQ,2026-09-23,2026-09-25,C,754.0,10932,386,0.165047412109375,0.08,0.07,0.08
QQQ,2026-09-23,2026-09-25,C,755.0,20285,2923,0.16895362304687503,0.06,0.06,0.07
QQQ,2026-09-23,2026-09-25,C,756.0,3145,448,0.17285983398437502,0.05,0.05,0.06
QQQ,2026-09-23,2026-09-25,C,757.0,1985,314,0.174812939453125,0.04,0.04,0.05
QQQ,2026-09-23,2026-09-25,C,758.0,2937,274,0.18164880859375,0.03,0.04,0.05
QQQ,2026-09-23,2026-09-25,C,759.0,903,52,0.18360191406249998,0.04,0.03,0.04
QQQ,2026-09-23,2026-09-25,C,760.0,8547,1132,0.19043778320312502,0.04,0.03,0.04
QQQ,2026-09-23,2026-09-25,C,761.0,1842,115,0.18946123046875002,0.04,0.02,0.03
QQQ,2026-09-23,2026-09-25,C,762.0,1027,46,0.19727365234375,0.03,0.02,0.03
QQQ,2026-09-23,2026-09-25,C,763.0,820,127,0.20313296874999998,0.02,0.02,0.03
QQQ,2026-09-23,2026-09-25,C,764.0,456,421,0.20899228515624996,0.02,0.02,0.03
QQQ,2026-09-23,2026-09-25,C,765.0,4411,576,0.215828154296875,0.02,0.02,0.03
QQQ,2026-09-23,2026-09-25,C,766.0,457,8,0.21094539062499998,0.01,0.01,0.02
QQQ,2026-09-23,2026-09-25,C,767.0,179,36,0.21875781249999998,0.02,0.01,0.02
QQQ,2026-09-23,2026-09-25,C,768.0,778,321,0.22461712890624996,0.02,0.01,0.02
QQQ,2026-09-23,2026-09-25,C,769.0,123,144,0.2304764453125,0.02,0.01,0.02
QQQ,2026-09-23,2026-09-25,C,770.0,7666,232,0.23633576171874998,0.01,0.01,0.02
QQQ,2026-09-23,2026-09-25,C,771.0,88,32,0.242195078125,0.03,0.01,0.02
QQQ,2026-09-23,2026-09-25,C,772.0,25,12,0.24805439453125,0.02,0.01,0.02
QQQ,2026-09-23,2026-09-25,C,773.0,766,20,0.25391371093750004,0.02,0.01,0.02
QQQ,2026-09-23,2026-09-25,C,774.0,1115,50,0.242195078125,0.01,0.0,0.01
QQQ,2026-09-23,2026-09-25,C,775.0,1927,8,0.2500075,0.01,0.0,0.01
QQQ,2026-09-23,2026-09-25,C,780.0,1667,18,0.273444765625,0.01,0.0,0.01
QQQ,2026-09-23,2026-09-25,C,785.0,546,302,0.304694453125,0.03,0.0,0.01
QQQ,2026-09-23,2026-09-25,C,790.0,757,4,0.32813171874999997,0.01,0.0,0.01
QQQ,2026-09-23,2026-09-25,C,795.0,799,57,0.35938140625,0.02,0.0,0.01
QQQ,2026-09-23,2026-09-25,C,800.0,1377,2,0.38281867187499996,0.02,0.0,0.01
QQQ,2026-09-23,2026-09-25,C,805.0,638,150,0.4062559375,0.01,0.0,0.01
QQQ,2026-09-23,2026-09-25,C,810.0,355,164,0.437505625,0.01,0.0,0.01
QQQ,2026-09-23,2026-09-25,C,815.0,667,111,0.46094289062500005,0.01,0.0,0.01
QQQ,2026-09-23,2026-09-25,C,820.0,777,1,0.48438015625,0.01,0.0,0.01
QQQ,2026-09-23,2026-09-25,C,825.0,167,80,0.507817421875,0.02,0.0,0.01
QQQ,2026-09-23,2026-09-25,C,830.0,166,100,0.500005,0.01,0.0,0.01
QQQ,2026-09-23,2026-09-25,C,835.0,30,11,0.5312546875,0.01,0.0,0.01
QQQ,2026-09-23,2026-09-25,C,840.0,25,14,0.5468795312500001,0.01,0.0,0.01
QQQ,2026-09-23,2026-09-25,C,845.0,42,20,0.57812921875,0.01,0.0,0.01
QQQ,2026-09-23,2026-09-25,C,850.0,68,1,0.5937540625000001,0.01,0.0,0.01
QQQ,2026-09-23,2026-09-25,C,860.0,22,5,0.64062859375,0.02,0.0,0.01
QQQ,2026-09-23,2026-09-25,C,870.0,11,2,0.6875031250000001,0.02,0.0,0.01
QQQ,2026-09-23,2026-09-25,C,880.0,363,1,0.7187528125,0.01,0.0,0.01
QQQ,2026-09-23,2026-09-25,C,885.0,107,101,0.7500025,0.01,0.0,0.01
QQQ,2026-09-23,2026-09-25,C,890.0,80,80,0.7656273437500001,0.02,0.0,0.01
QQQ,2026-09-23,2026-09-25,C,895.0,222,300,0.7812521875,0.01,0.0,0.01
QQQ,2026-09-23,2026-09-25,C,900.0,32,29,0.8125018749999999,0.01,0.0,0.01
QQQ,2026-09-23,2026-09-25,C,905.0,0,0,0.500005,0.11,0.0,0.0
QQQ,2026-09-23,2026-09-25,C,910.0,0,2,0.500005,0.02,0.0,0.0
QQQ,2026-09-23,2026-09-25,C,915.0,0,0,0.500005,0.05,0.0,0.0
QQQ,2026-09-23,2026-09-25,C,920.0,0,0,0.500005,0.05,0.0,0.0
QQQ,2026-09-23,2026-09-25,C,925.0,0,0,0.500005,0.06,0.0,0.0
QQQ,2026-09-23,2026-09-25,C,930.0,0,30,0.500005,0.01,0.0,0.0
QQQ,2026-09-23,2026-09-25,C,935.0,40,0,1.000005,0.01,0.0,0.01
QQQ,2026-09-23,2026-09-25,C,950.0,58,0,1.0625046875000002,0.02,0.0,0.01
QQQ,2026-09-23,2026-09-25,P,450.0,1311,21,1.9062504687500001,0.01,0.0,0.01
QQQ,2026-09-23,2026-09-25,P,455.0,374,154,1.875000625,0.01,0.0,0.01
QQQ,2026-09-23,2026-09-25,P,460.0,469,122,1.8125009374999999,0.01,0.0,0.01
QQQ,2026-09-23,2026-09-25,P,465.0,387,10,1.78125109375,0.01,0.0,0.01
QQQ,2026-09-23,2026-09-25,P,470.0,237,10,1.75000125,0.01,0.0,0.01
QQQ,2026-09-23,2026-09-25,P,475.0,170,40,1.6875015625,0.02,0.0,0.01
QQQ,2026-09-23,2026-09-25,P,480.0,355,234,1.6875015625,0.01,0.0,0.01
QQQ,2026-09-23,2026-09-25,P,485.0,13224,22,1.625001875,0.01,0.0,0.01
QQQ,2026-09-23,2026-09-25,P,490.0,1034,779,1.5937520312499998,0.01,0.0,0.01
QQQ,2026-09-23,2026-09-25,P,495.0,557,250,1.5625021874999998,0.01,0.0,0.01
QQQ,2026-09-23,2026-09-25,P,500.0,181,12,1.5000025,0.01,0.0,0.01
QQQ,2026-09-23,2026-09-25,P,505.0,152,600,1.46875265625,0.02,0.0,0.01
QQQ,2026-09-23,2026-09-25,P,510.0,52,1,1.4375028125,0.02,0.0,0.01
QQQ,2026-09-23,2026-09-25,P,515.0,1107,25,1.40625296875,0.01,0.0,0.01
QQQ,2026-09-23,2026-09-25,P,520.0,374,30,1.3750031249999999,0.02,0.0,0.01
QQQ,2026-09-23,2026-09-25,P,525.0,195,1,1.3437532812499997,0.01,0.0,0.01
QQQ,2026-09-23,2026-09-25,P,530.0,437,54,1.3125034374999998,0.01,0.0,0.01
QQQ,2026-09-23,2026-09-25,P,535.0,1491,198,1.2500037499999999,0.01,0.0,0.01
QQQ,2026-09-23,2026-09-25,P,540.0,682,195,1.21875390625,0.01,0.0,0.01
QQQ,2026-09-23,2026-09-25,P,545.0,749,115,1.1875040625,0.02,0.0,0.01
QQQ,2026-09-23,2026-09-25,P,550.0,1110,195,1.15625421875,0.01,0.0,0.01
QQQ,2026-09-23,2026-09-25,P,555.0,1741,152,1.125004375,0.01,0.0,0.01
QQQ,2026-09-23,2026-09-25,P,560.0,3851,40,1.09375453125,0.01,0.0,0.01
QQQ,2026-09-23,2026-09-25,P,565.0,661,30,1.0625046875000002,0.01,0.0,0.01
QQQ,2026-09-23,2026-09-25,P,570.0,1277,113,1.0312548437500002,0.01,0.0,0.01
QQQ,2026-09-23,2026-09-25,P,575.0,739,1,0.98437515625,0.02,0.0,0.01
QQQ,2026-09-23,2026-09-25,P,580.0,762,10,0.9687503125,0.01,0.0,0.01
QQQ,2026-09-23,2026-09-25,P,585.0,2841,1,0.937500625,0.01,0.0,0.01
QQQ,2026-09-23,2026-09-25,P,590.0,2137,1,0.9062509375,0.01,0.0,0.01
QQQ,2026-09-23,2026-09-25,P,595.0,2035,118,0.87500125,0.01,0.0,0.01
QQQ,2026-09-23,2026-09-25,P,600.0,4070,326,0.8437515624999999,0.01,0.0,0.01
QQQ,2026-09-23,2026-09-25,P,605.0,1835,1,0.79687703125,0.02,0.0,0.01
QQQ,2026-09-23,2026-09-25,P,610.0,1466,97,0.7656273437500001,0.01,0.0,0.01
QQQ,2026-09-23,2026-09-25,P,615.0,789,43,0.73437765625,0.01,0.0,0.01
QQQ,2026-09-23,2026-09-25,P,620.0,1707,485,0.70312796875,0.01,0.0,0.01
QQQ,2026-09-23,2026-09-25,P,625.0,872,470,0.6718782812500002,0.01,0.0,0.01
QQQ,2026-09-23,2026-09-25,P,630.0,3008,332,0.64062859375,0.01,0.0,0.01
QQQ,2026-09-23,2026-09-25,P,635.0,15796,73,0.6093789062500001,0.01,0.0,0.01
QQQ,2026-09-23,2026-09-25,P,640.0,1773,81,0.64062859375,0.01,0.01,0.02
QQQ,2026-09-23,2026-09-25,P,645.0,4245,3,0.585941640625,0.01,0.0,0.02
QQQ,2026-09-23,2026-09-25,P,650.0,10432,125,0.5742230078125,0.02,0.01,0.02
QQQ,2026-09-23,2026-09-25,P,655.0,5692,3,0.5390671093750001,0.01,0.01,0.02
QQQ,2026-09-23,2026-09-25,P,660.0,3238,7,0.507817421875,0.01,0.01,0.02
QQQ,2026-09-23,2026-09-25,P,665.0,38084,2031,0.49219257812500006,0.02,0.01,0.02
QQQ,2026-09-23,2026-09-25,P,667.0,2133,2250,0.476567734375,0.01,0.01,0.02
QQQ,2026-09-23,2026-09-25,P,668.0,2052,878,0.4687553125,0.02,0.01,0.02
QQQ,2026-09-23,2026-09-25,P,669.0,717,12,0.46484910156250003,0.02,0.01,0.02
QQQ,2026-09-23,2026-09-25,P,670.0,5871,5,0.45703667968750006,0.01,0.01,0.02
QQQ,2026-09-23,2026-09-25,P,671.0,1410,601,0.44922425781249997,0.02,0.01,0.02
QQQ,2026-09-23,2026-09-25,P,672.0,465,107,0.445318046875,0.02,0.01,0.02
QQQ,2026-09-23,2026-09-25,P,673.0,543,1,0.437505625,0.02,0.01,0.02
QQQ,2026-09-23,2026-09-25,P,674.0,822,1,0.42969320312500003,0.04,0.01,0.02
QQQ,2026-09-23,2026-09-25,P,675.0,3173,12,0.42578699218750005,0.02,0.01,0.02
QQQ,2026-09-23,2026-09-25,P,676.0,485,169,0.41797457031249996,0.02,0.01,0.02
QQQ,2026-09-23,2026-09-25,P,677.0,779,156,0.4101621484375,0.02,0.01,0.02
QQQ,2026-09-23,2026-09-25,P,678.0,905,126,0.4062559375,0.02,0.01,0.02
QQQ,2026-09-23,2026-09-25,P,679.0,683,100,0.398443515625,0.02,0.01,0.02
QQQ,2026-09-23,2026-09-25,P,680.0,3626,31,0.39063109375,0.02,0.01,0.02
QQQ,2026-09-23,2026-09-25,P,681.0,1093,75,0.38672488281249995,0.02,0.01,0.02
QQQ,2026-09-23,2026-09-25,P,682.0,1018,28,0.3789124609375,0.02,0.01,0.02
QQQ,2026-09-23,2026-09-25,P,683.0,2787,707,0.3711000390625,0.02,0.01,0.02
QQQ,2026-09-23,2026-09-25,P,684.0,491,481,0.36524072265625,0.02,0.01,0.02
QQQ,2026-09-23,2026-09-25,P,685.0,2779,356,0.35938140625,0.03,0.01,0.02
QQQ,2026-09-23,2026-09-25,P,686.0,1001,37,0.35156898437499995,0.02,0.01,0.02
QQQ,2026-09-23,2026-09-25,P,687.0,1328,58,0.3437565625,0.02,0.01,0.02
QQQ,2026-09-23,2026-09-25,P,688.0,1949,107,0.3398503515625,0.02,0.01,0.02
QQQ,2026-09-23,2026-09-25,P,689.0,1692,211,0.3320379296875,0.02,0.01,0.02
QQQ,2026-09-23,2026-09-25,P,690.0,85120,440,0.3398503515625,0.02,0.02,0.03
QQQ,2026-09-23,2026-09-25,P,691.0,1365,20,0.33399103515625,0.02,0.02,0.03
QQQ,2026-09-23,2026-09-25,P,692.0,1106,8,0.32617861328125,0.03,0.02,0.03
QQQ,2026-09-23,2026-09-25,P,693.0,2931,62,0.32031929687499994,0.03,0.02,0.03
QQQ,2026-09-23,2026-09-25,P,694.0,1385,5,0.31250687499999996,0.03,0.02,0.03
QQQ,2026-09-23,2026-09-25,P,695.0,4992,52,0.30664755859375,0.02,0.02,0.03
QQQ,2026-09-23,2026-09-25,P,696.0,1842,35,0.29883513671874995,0.02,0.02,0.03
QQQ,2026-09-23,2026-09-25,P,697.0,1268,9,0.2929758203124999,0.03,0.02,0.03
QQQ,2026-09-23,2026-09-25,P,698.0,1436,17,0.28516339843749994,0.02,0.02,0.03
QQQ,2026-09-23,2026-09-25,P,699.0,1212,36,0.27930408203124996,0.03,0.02,0.03
QQQ,2026-09-23,2026-09-25,P,700.0,18818,859,0.27149166015625,0.03,0.02,0.03
QQQ,2026-09-23,2026-09-25,P,701.0,1663,722,0.26563234375,0.02,0.02,0.03
QQQ,2026-09-23,2026-09-25,P,702.0,2341,322,0.257819921875,0.03,0.02,0.03
QQQ,2026-09-23,2026-09-25,P,703.0,1708,13,0.2500075,0.02,0.02,0.03
QQQ,2026-09-23,2026-09-25,P,704.0,4245,1828,0.25196060546875,0.03,0.03,0.04
QQQ,2026-09-23,2026-09-25,P,705.0,32849,419,0.2461012890625,0.03,0.03,0.04
QQQ,2026-09-23,2026-09-25,P,706.0,1542,723,0.23828886718749998,0.03,0.03,0.04
QQQ,2026-09-23,2026-09-25,P,707.0,2133,1019,0.2304764453125,0.04,0.03,0.04
QQQ,2026-09-23,2026-09-25,P,708.0,1775,234,0.22461712890624996,0.05,0.03,0.04
QQQ,2026-09-23,2026-09-25,P,709.0,1889,363,0.22266402343749997,0.05,0.04,0.05
QQQ,2026-09-23,2026-09-25,P,710.0,10286,1968,0.215828154296875,0.04,0.04,0.05
QQQ,2026-09-23,2026-09-25,P,711.0,2394,221,0.213875048828125,0.06,0.05,0.06
QQQ,2026-09-23,2026-09-25,P,712.0,3169,2200,0.20606262695312497,0.06,0.05,0.06
QQQ,2026-09-23,2026-09-25,P,713.0,1887,183,0.20313296874999998,0.06,0.06,0.07
QQQ,2026-09-23,2026-09-25,P,714.0,4209,459,0.1992267578125,0.07,0.07,0.08
QQQ,2026-09-23,2026-09-25,P,715.0,5786,4643,0.195320546875,0.09,0.08,0.09
QQQ,2026-09-23,2026-09-25,P,716.0,3094,249,0.19043778320312502,0.1,0.09,0.1
QQQ,2026-09-23,2026-09-25,P,717.0,2772,319,0.187508125,0.12,0.11,0.12
QQQ,2026-09-23,2026-09-25,P,718.0,13145,664,0.18457846679687498,0.13,0.13,0.14
QQQ,2026-09-23,2026-09-25,P,719.0,7917,4388,0.17798673583984376,0.15,0.14,0.15
QQQ,2026-09-23,2026-09-25,P,720.0,11041,1945,0.17920742675781248,0.19,0.19,0.2
QQQ,2026-09-23,2026-09-25,P,721.0,4768,992,0.1733481103515625,0.21,0.21,0.22
QQQ,2026-09-23,2026-09-25,P,722.0,8849,1136,0.16993017578125003,0.24,0.25,0.26
QQQ,2026-09-23,2026-09-25,P,723.0,1844,972,0.16846534667968754,0.32,0.31,0.32
QQQ,2026-09-23,2026-09-25,P,724.0,2236,950,0.16651224121093755,0.33,0.38,0.39
QQQ,2026-09-23,2026-09-25,P,725.0,12285,6699,0.16309430664062502,0.46,0.45,0.46
QQQ,2026-09-23,2026-09-25,P,726.0,2043,1717,0.16040878662109376,0.54,0.54,0.55
QQQ,2026-09-23,2026-09-25,P,727.0,1626,3323,0.15796740478515625,0.64,0.65,0.66
QQQ,2026-09-23,2026-09-25,P,728.0,2830,2972,0.15406119384765626,0.76,0.76,0.77
QQQ,2026-09-23,2026-09-25,P,729.0,3413,2865,0.1514977429199219,0.91,0.91,0.92
QQQ,2026-09-23,2026-09-25,P,730.0,16135,7727,0.1485680847167969,1.09,1.08,1.09
QQQ,2026-09-23,2026-09-25,P,731.0,2017,3730,0.145516357421875,1.26,1.27,1.29
QQQ,2026-09-23,2026-09-25,P,732.0,3408,4143,0.1408166973876953,1.49,1.48,1.49
QQQ,2026-09-23,2026-09-25,P,733.0,7183,6698,0.1373377282714844,1.73,1.73,1.75
QQQ,2026-09-23,2026-09-25,P,734.0,5532,5780,0.13416393188476564,2.07,2.05,2.06
QQQ,2026-09-23,2026-09-25,P,735.0,8289,14655,0.13111220458984374,2.42,2.41,2.42
QQQ,2026-09-23,2026-09-25,P,736.0,22084,32845,0.12653461364746094,2.8,2.79,2.8
QQQ,2026-09-23,2026-09-25,P,737.0,2875,11109,0.1206142626953125,3.21,3.2,3.21
QQQ,2026-09-23,2026-09-25,P,738.0,3355,5162,0.11683012084960936,3.72,3.72,3.73
QQQ,2026-09-23,2026-09-25,P,739.0,3108,2037,0.1137783935546875,4.27,4.3,4.33
QQQ,2026-09-23,2026-09-25,P,740.0,8723,4450,0.10389079711914062,4.87,4.88,4.88
QQQ,2026-09-23,2026-09-25,P,741.0,1895,1108,0.0981535498046875,5.59,5.57,5.59
QQQ,2026-09-23,2026-09-25,P,742.0,2713,785,0.08081973876953125,6.27,6.24,6.27
QQQ,2026-09-23,2026-09-25,P,743.0,2156,388,1.0000000000000003e-05,6.83,6.92,6.98
QQQ,2026-09-23,2026-09-25,P,744.0,2134,501,1.0000000000000003e-05,7.41,7.77,7.83
QQQ,2026-09-23,2026-09-25,P,745.0,3819,613,1.0000000000000003e-05,8.29,8.3,8.78
QQQ,2026-09-23,2026-09-25,P,746.0,1502,190,1.0000000000000003e-05,8.74,8.84,9.44
QQQ,2026-09-23,2026-09-25,P,747.0,1263,171,1.0000000000000003e-05,9.54,9.75,10.35
QQQ,2026-09-23,2026-09-25,P,748.0,693,48,1.0000000000000003e-05,11.41,10.92,11.54
QQQ,2026-09-23,2026-09-25,P,749.0,741,96,1.0000000000000003e-05,11.5,12.1,12.52
QQQ,2026-09-23,2026-09-25,P,750.0,3068,515,1.0000000000000003e-05,12.24,12.99,13.48
QQQ,2026-09-23,2026-09-25,P,751.0,283,31,1.0000000000000003e-05,14.19,13.89,14.46
QQQ,2026-09-23,2026-09-25,P,752.0,146,1,1.0000000000000003e-05,14.74,14.88,15.46
QQQ,2026-09-23,2026-09-25,P,753.0,147,8,1.0000000000000003e-05,16.3,15.65,16.25
QQQ,2026-09-23,2026-09-25,P,754.0,45,2,1.0000000000000003e-05,16.1,16.58,17.22
QQQ,2026-09-23,2026-09-25,P,755.0,120,8,1.0000000000000003e-05,17.82,18.15,18.44
QQQ,2026-09-23,2026-09-25,P,756.0,166,41,1.0000000000000003e-05,16.61,18.77,19.4
QQQ,2026-09-23,2026-09-25,P,757.0,17,2,1.0000000000000003e-05,19.14,19.57,20.21
QQQ,2026-09-23,2026-09-25,P,758.0,15,11,1.0000000000000003e-05,20.14,20.39,21.09
QQQ,2026-09-23,2026-09-25,P,759.0,3,4,1.0000000000000003e-05,53.7,21.63,22.24
QQQ,2026-09-23,2026-09-25,P,760.0,10,1,1.0000000000000003e-05,22.52,22.85,23.43
QQQ,2026-09-23,2026-09-25,P,761.0,0,3,1.0000000000000003e-05,20.41,23.85,24.43
QQQ,2026-09-23,2026-09-25,P,762.0,0,4,1.0000000000000003e-05,25.58,24.85,25.44
QQQ,2026-09-23,2026-09-25,P,763.0,0,20,1.0000000000000003e-05,22.28,25.5,26.11
QQQ,2026-09-23,2026-09-25,P,764.0,0,0,1.0000000000000003e-05,16.39,26.74,27.39
QQQ,2026-09-23,2026-09-25,P,765.0,0,4,1.0000000000000003e-05,24.0,27.74,28.39
QQQ,2026-09-23,2026-09-25,P,766.0,0,100,1.0000000000000003e-05,25.09,28.56,29.15
QQQ,2026-09-23,2026-09-25,P,767.0,0,0,1.0000000000000003e-05,19.28,29.84,30.43
QQQ,2026-09-23,2026-09-25,P,768.0,0,8,1.0000000000000003e-05,27.17,30.5,31.09
QQQ,2026-09-23,2026-09-25,P,769.0,0,8,1.0000000000000003e-05,28.15,31.84,32.43
QQQ,2026-09-23,2026-09-25,P,770.0,0,1,1.0000000000000003e-05,32.08,32.84,33.53
QQQ,2026-09-23,2026-09-25,P,771.0,0,1,1.0000000000000003e-05,33.08,33.84,34.48
QQQ,2026-09-23,2026-09-25,P,774.0,0,0,1.0000000000000003e-05,32.2,36.35,37.11
QQQ,2026-09-23,2026-09-25,P,775.0,0,0,1.0000000000000003e-05,34.8,36.1,38.88
QQQ,2026-09-23,2026-09-25,P,780.0,0,2,1.0000000000000003e-05,69.24,0.0,0.0
QQQ,2026-09-23,2026-09-25,P,785.0,0,0,1.0000000000000003e-05,43.7,46.41,48.81
QQQ,2026-09-23,2026-09-25,P,790.0,4,2,1.0000000000000003e-05,49.7,51.26,53.99
QQQ,2026-09-23,2026-09-25,P,795.0,0,0,1.0000000000000003e-05,63.38,0.0,0.0
QQQ,2026-09-23,2026-09-25,P,800.0,2,5,0.57617611328125,57.0,61.42,64.41
QQQ,2026-09-23,2026-09-25,P,805.0,0,2,1.0000000000000003e-05,95.17,66.01,68.9
QQQ,2026-09-23,2026-09-25,P,820.0,0,10,0.8281267187499999,110.55,81.41,84.84
QQQ,2026-09-23,2026-09-25,P,930.0,0,0,1.0000000000000003e-05,198.13,0.0,0.0
QQQ,2026-09-23,2026-09-28,C,665.0,0,0,0.6040078662109377,50.0,70.91,74.27
QQQ,2026-09-23,2026-09-28,C,670.0,0,1,0.5933878552246095,46.74,66.33,69.46
QQQ,2026-09-23,2026-09-28,C,680.0,2,2,0.5983926879882813,60.58,55.94,59.12
QQQ,2026-09-23,2026-09-28,C,684.0,15,0,0.5816692224121094,55.6,51.96,55.39
QQQ,2026-09-23,2026-09-28,C,685.0,3,2,0.5747112841796875,55.56,50.96,54.41
QQQ,2026-09-23,2026-09-28,C,690.0,16,1,0.5373581420898439,51.2,45.98,49.47
QQQ,2026-09-23,2026-09-28,C,692.0,18,0,0.4953663745117188,17.51,43.5,46.97
QQQ,2026-09-23,2026-09-28,C,694.0,1,1,0.479924634399414,24.38,41.73,44.98
QQQ,2026-09-23,2026-09-28,C,695.0,93,30,0.47192910888671874,43.13,40.56,43.98
QQQ,2026-09-23,2026-09-28,C,696.0,1,0,0.47046427978515626,17.78,39.86,43.11
QQQ,2026-09-23,2026-09-28,C,697.0,37,20,0.4802298071289062,33.93,39.02,42.48
QQQ,2026-09-23,2026-09-28,C,698.0,1,1,0.4585015087890626,38.77,38.02,41.2
QQQ,2026-09-23,2026-09-28,C,699.0,36,5,0.4415339050292969,43.59,36.54,40.02
QQQ,2026-09-23,2026-09-28,C,700.0,136,12,0.43628493408203123,48.0,36.45,39.08
QQQ,2026-09-23,2026-09-28,C,701.0,71,6,0.4257259576416016,38.77,35.99,38.03
QQQ,2026-09-23,2026-09-28,C,702.0,18,1,0.3394841442871094,43.14,34.82,35.55
QQQ,2026-09-23,2026-09-28,C,703.0,15,3,0.34656415161132803,33.18,34.03,34.8
QQQ,2026-09-23,2026-09-28,C,704.0,48,36,0.34778484252929687,32.5,33.23,33.96
QQQ,2026-09-23,2026-09-28,C,705.0,1044,4,0.3225165405273437,33.1,31.93,32.64
QQQ,2026-09-23,2026-09-28,C,706.0,40,5,0.32483585327148434,35.36,31.18,31.82
QQQ,2026-09-23,2026-09-28,C,707.0,50,37,0.3188544677734374,34.27,30.09,30.85
QQQ,2026-09-23,2026-09-28,C,708.0,53,1,0.3053047985839844,37.9,28.97,29.74
QQQ,2026-09-23,2026-09-28,C,709.0,110,1,0.2949899603271484,31.35,28.0,28.69
QQQ,2026-09-23,2026-09-28,C,710.0,198,1,0.2830882238769531,27.93,27.06,27.61
QQQ,2026-09-23,2026-09-28,C,711.0,35,10,0.27649649291992184,34.54,26.16,26.63
QQQ,2026-09-23,2026-09-28,C,712.0,58,5,0.27027096923828126,30.88,25.07,25.66
QQQ,2026-09-23,2026-09-28,C,713.0,49,10,0.2640454455566406,33.53,24.21,24.69
QQQ,2026-09-23,2026-09-28,C,714.0,136,1,0.2572095764160156,23.06,23.2,23.71
QQQ,2026-09-23,2026-09-28,C,715.0,746,8,0.26697510375976563,26.65,22.47,23.09
QQQ,2026-09-23,2026-09-28,C,716.0,194,1,0.24457542541503907,22.0,21.26,21.78
QQQ,2026-09-23,2026-09-28,C,717.0,298,1,0.23920438537597655,20.18,20.39,20.84
QQQ,2026-09-23,2026-09-28,C,718.0,163,2,0.2332229998779297,18.92,19.42,19.89
QQQ,2026-09-23,2026-09-28,C,719.0,295,10,0.22754678710937498,18.51,18.42,18.95
QQQ,2026-09-23,2026-09-28,C,720.0,1499,2,0.2211991943359375,17.34,17.5,18.0
QQQ,2026-09-23,2026-09-28,C,721.0,191,1,0.21631643066406248,16.97,16.6,17.09
QQQ,2026-09-23,2026-09-28,C,722.0,340,22,0.21070125244140625,16.66,15.72,16.17
QQQ,2026-09-23,2026-09-28,C,723.0,213,10,0.20533021240234373,15.71,14.82,15.26
QQQ,2026-09-23,2026-09-28,C,724.0,62,57,0.20294986511230467,14.23,14.01,14.44
QQQ,2026-09-23,2026-09-28,C,725.0,651,17,0.1947102014160156,14.15,13.09,13.47
QQQ,2026-09-23,2026-09-28,C,726.0,97,4,0.19013261047363283,12.79,12.2,12.61
QQQ,2026-09-23,2026-09-28,C,727.0,186,33,0.18586019226074219,12.44,11.36,11.77
QQQ,2026-09-23,2026-09-28,C,728.0,257,6,0.18146570495605469,10.5,10.62,10.94
QQQ,2026-09-23,2026-09-28,C,729.0,455,4,0.1772543212890625,9.52,9.75,10.13
QQQ,2026-09-23,2026-09-28,C,730.0,1228,44,0.17340914489746095,9.36,9.04,9.35
QQQ,2026-09-23,2026-09-28,C,731.0,386,16,0.16223982299804687,9.11,8.28,8.35
QQQ,2026-09-23,2026-09-28,C,732.0,533,19,0.16315534118652347,8.59,7.69,7.76
QQQ,2026-09-23,2026-09-28,C,733.0,178,114,0.157234990234375,7.43,6.91,6.97
QQQ,2026-09-23,2026-09-28,C,734.0,139,128,0.1562584375,6.58,6.35,6.37
QQQ,2026-09-23,2026-09-28,C,735.0,1004,1215,0.15418326293945314,5.73,5.71,5.76
QQQ,2026-09-23,2026-09-28,C,736.0,615,1865,0.15180291564941406,5.13,5.15,5.17
QQQ,2026-09-23,2026-09-28,C,737.0,256,2936,0.1491173956298828,4.6,4.58,4.6
QQQ,2026-09-23,2026-09-28,C,738.0,494,2192,0.14490601196289063,4.01,4.0,4.01
QQQ,2026-09-23,2026-09-28,C,739.0,862,1283,0.14386842468261718,3.49,3.54,3.56
QQQ,2026-09-23,2026-09-28,C,740.0,1555,2444,0.14118290466308597,3.1,3.08,3.09
QQQ,2026-09-23,2026-09-28,C,741.0,953,1100,0.14026738647460937,2.9,2.7,2.71
QQQ,2026-09-23,2026-09-28,C,742.0,876,1235,0.13922979919433598,2.35,2.35,2.36
QQQ,2026-09-23,2026-09-28,C,743.0,564,1034,0.13648324462890626,2.02,1.97,1.99
QQQ,2026-09-23,2026-09-28,C,744.0,586,1117,0.13526255371093754,1.8,1.69,1.7
QQQ,2026-09-23,2026-09-28,C,745.0,1733,1531,0.13526255371093754,1.47,1.46,1.47
QQQ,2026-09-23,2026-09-28,C,746.0,811,2211,0.13416393188476564,1.38,1.23,1.24
QQQ,2026-09-23,2026-09-28,C,747.0,549,492,0.13367565551757812,1.04,1.04,1.05
QQQ,2026-09-23,2026-09-28,C,748.0,675,1628,0.13306531005859373,0.87,0.87,0.88
QQQ,2026-09-23,2026-09-28,C,749.0,602,403,0.132821171875,0.84,0.73,0.74
QQQ,2026-09-23,2026-09-28,C,750.0,3213,1314,0.13269910278320313,0.61,0.61,0.62
QQQ,2026-09-23,2026-09-28,C,751.0,647,402,0.13221082641601564,0.58,0.5,0.51
QQQ,2026-09-23,2026-09-28,C,752.0,370,325,0.13269910278320313,0.43,0.42,0.43
QQQ,2026-09-23,2026-09-28,C,753.0,464,165,0.13391979370117188,0.39,0.36,0.37
QQQ,2026-09-23,2026-09-28,C,754.0,1335,423,0.1324549645996094,0.3,0.28,0.29
QQQ,2026-09-23,2026-09-28,C,755.0,3487,595,0.133797724609375,0.27,0.24,0.25
QQQ,2026-09-23,2026-09-28,C,756.0,574,122,0.13453013916015627,0.21,0.19,0.21
QQQ,2026-09-23,2026-09-28,C,757.0,2101,76,0.13306531005859373,0.17,0.15,0.16
QQQ,2026-09-23,2026-09-28,C,758.0,526,71,0.13501841552734378,0.16,0.13,0.14
QQQ,2026-09-23,2026-09-28,C,759.0,237,21,0.1362391064453125,0.09,0.11,0.12
QQQ,2026-09-23,2026-09-28,C,760.0,2349,784,0.13721565917968753,0.1,0.09,0.1
QQQ,2026-09-23,2026-09-28,C,761.0,1897,184,0.139657041015625,0.1,0.08,0.09
QQQ,2026-09-23,2026-09-28,C,762.0,231,4,0.13868048828125001,0.08,0.06,0.07
QQQ,2026-09-23,2026-09-28,C,763.0,223,7,0.143563251953125,0.07,0.06,0.07
QQQ,2026-09-23,2026-09-28,C,764.0,276,12,0.1445398046875,0.06,0.05,0.06
QQQ,2026-09-23,2026-09-28,C,765.0,3227,22,0.145516357421875,0.05,0.04,0.05
QQQ,2026-09-23,2026-09-28,C,766.0,253,7,0.149422568359375,0.05,0.04,0.05
QQQ,2026-09-23,2026-09-28,C,767.0,144,4,0.149422568359375,0.04,0.03,0.04
QQQ,2026-09-23,2026-09-28,C,768.0,218,275,0.15332877929687502,0.06,0.03,0.04
QQQ,2026-09-23,2026-09-28,C,769.0,84,66,0.15821154296875,0.04,0.03,0.04
QQQ,2026-09-23,2026-09-28,C,770.0,1365,1177,0.16211775390625,0.03,0.03,0.04
QQQ,2026-09-23,2026-09-28,C,771.0,70,5,0.1601646484375,0.02,0.02,0.03
QQQ,2026-09-23,2026-09-28,C,772.0,40,14,0.16407085937500002,0.07,0.02,0.03
QQQ,2026-09-23,2026-09-28,C,773.0,39,1,0.16797707031250003,0.05,0.02,0.03
QQQ,2026-09-23,2026-09-28,C,774.0,204,142,0.17188328125000002,0.04,0.02,0.03
QQQ,2026-09-23,2026-09-28,C,775.0,267,2,0.1757894921875,0.03,0.02,0.03
QQQ,2026-09-23,2026-09-28,C,780.0,159,31,0.195320546875,0.03,0.01,0.03
QQQ,2026-09-23,2026-09-28,C,785.0,78,5,0.20508607421874997,0.01,0.01,0.02
QQQ,2026-09-23,2026-09-28,C,790.0,377,60,0.22266402343749997,0.02,0.01,0.02
QQQ,2026-09-23,2026-09-28,C,795.0,155,0,0.24024197265624997,0.04,0.01,0.02
QQQ,2026-09-23,2026-09-28,C,800.0,309,21,0.257819921875,0.02,0.01,0.02
QQQ,2026-09-23,2026-09-28,C,805.0,10,4,0.27539787109374997,0.01,0.01,0.02
QQQ,2026-09-23,2026-09-28,C,810.0,180,180,0.2929758203124999,0.02,0.01,0.02
QQQ,2026-09-23,2026-09-28,C,815.0,3,0,0.3086006640625,0.02,0.01,0.02
QQQ,2026-09-23,2026-09-28,C,845.0,0,21,0.4062559375,0.02,0.01,0.02
QQQ,2026-09-23,2026-09-28,C,850.0,48,0,0.42188078125,0.03,0.01,0.02
QQQ,2026-09-23,2026-09-28,C,855.0,2,0,0.437505625,0.01,0.01,0.02
QQQ,2026-09-23,2026-09-28,P,450.0,157,0,1.21875390625,0.02,0.0,0.01
QQQ,2026-09-23,2026-09-28,P,455.0,56,0,1.2343788281249999,0.01,0.0,0.02
QQQ,2026-09-23,2026-09-28,P,460.0,49,0,1.21875390625,0.01,0.0,0.02
QQQ,2026-09-23,2026-09-28,P,465.0,108,0,1.1875040625,0.01,0.0,0.02
QQQ,2026-09-23,2026-09-28,P,470.0,156,0,1.15625421875,0.01,0.0,0.02
QQQ,2026-09-23,2026-09-28,P,475.0,198,3,1.140629296875,0.01,0.0,0.02
QQQ,2026-09-23,2026-09-28,P,480.0,163,0,1.109379453125,0.02,0.0,0.02
QQQ,2026-09-23,2026-09-28,P,485.0,189,0,1.0781296093750001,0.01,0.0,0.02
QQQ,2026-09-23,2026-09-28,P,490.0,179,15,1.0625046875000002,0.01,0.0,0.02
QQQ,2026-09-23,2026-09-28,P,495.0,212,0,1.0312548437500002,0.01,0.0,0.02
QQQ,2026-09-23,2026-09-28,P,500.0,231,1,0.9687503125,0.01,0.0,0.01
QQQ,2026-09-23,2026-09-28,P,505.0,81,0,0.98437515625,0.02,0.0,0.02
QQQ,2026-09-23,2026-09-28,P,510.0,81,0,0.9531254687499999,0.02,0.0,0.02
QQQ,2026-09-23,2026-09-28,P,515.0,184,0,0.937500625,0.01,0.0,0.02
QQQ,2026-09-23,2026-09-28,P,520.0,28,0,0.9062509375,0.01,0.0,0.02
QQQ,2026-09-23,2026-09-28,P,525.0,144,500,0.8906260937499999,0.03,0.0,0.02
QQQ,2026-09-23,2026-09-28,P,530.0,124,500,0.85937640625,0.03,0.0,0.02
QQQ,2026-09-23,2026-09-28,P,535.0,75,500,0.8437515624999999,0.03,0.0,0.02
QQQ,2026-09-23,2026-09-28,P,540.0,141,300,0.8125018749999999,0.02,0.0,0.02
QQQ,2026-09-23,2026-09-28,P,545.0,241,900,0.79687703125,0.02,0.0,0.02
QQQ,2026-09-23,2026-09-28,P,550.0,29,900,0.773439765625,0.03,0.0,0.02
QQQ,2026-09-23,2026-09-28,P,555.0,125,900,0.7500025,0.03,0.0,0.02
QQQ,2026-09-23,2026-09-28,P,560.0,216,900,0.7500025,0.03,0.01,0.02
QQQ,2026-09-23,2026-09-28,P,565.0,2607,7,0.70312796875,0.02,0.0,0.02
QQQ,2026-09-23,2026-09-28,P,570.0,723,1437,0.70312796875,0.03,0.01,0.02
QQQ,2026-09-23,2026-09-28,P,575.0,688,495,0.6875031250000001,0.03,0.01,0.02
QQQ,2026-09-23,2026-09-28,P,580.0,3852,4143,0.6640658593750002,0.03,0.01,0.02
QQQ,2026-09-23,2026-09-28,P,585.0,1503,2,0.64062859375,0.01,0.01,0.02
QQQ,2026-09-23,2026-09-28,P,590.0,1211,1611,0.6171913281250001,0.04,0.01,0.02
QQQ,2026-09-23,2026-09-28,P,595.0,1304,1,0.5937540625000001,0.02,0.01,0.02
QQQ,2026-09-23,2026-09-28,P,600.0,11900,2578,0.5742230078125,0.01,0.01,0.02
QQQ,2026-09-23,2026-09-28,P,605.0,2383,480,0.5546919531250001,0.02,0.01,0.02
QQQ,2026-09-23,2026-09-28,P,610.0,1549,2298,0.5312546875,0.04,0.01,0.02
QQQ,2026-09-23,2026-09-28,P,615.0,1252,2132,0.507817421875,0.04,0.01,0.02
QQQ,2026-09-23,2026-09-28,P,620.0,613,3,0.500005,0.02,0.01,0.03
QQQ,2026-09-23,2026-09-28,P,625.0,68,20,0.4804739453125,0.01,0.01,0.02
QQQ,2026-09-23,2026-09-28,P,630.0,58,250,0.476567734375,0.02,0.01,0.03
QQQ,2026-09-23,2026-09-28,P,635.0,29,160,0.45313046875,0.02,0.01,0.03
QQQ,2026-09-23,2026-09-28,P,640.0,156,120,0.43164630859375,0.01,0.01,0.03
QQQ,2026-09-23,2026-09-28,P,645.0,298,25,0.4101621484375,0.02,0.01,0.03
QQQ,2026-09-23,2026-09-28,P,650.0,188,111,0.38867798828125,0.02,0.02,0.03
QQQ,2026-09-23,2026-09-28,P,655.0,105,560,0.367193828125,0.04,0.02,0.03
QQQ,2026-09-23,2026-09-28,P,660.0,487,4,0.3437565625,0.02,0.02,0.03
QQQ,2026-09-23,2026-09-28,P,661.0,71,3,0.3398503515625,0.07,0.02,0.03
QQQ,2026-09-23,2026-09-28,P,662.0,767,6,0.335944140625,0.03,0.02,0.03
QQQ,2026-09-23,2026-09-28,P,663.0,6827,7,0.3320379296875,0.03,0.02,0.03
QQQ,2026-09-23,2026-09-28,P,664.0,32,4,0.32813171874999997,0.03,0.02,0.03
QQQ,2026-09-23,2026-09-28,P,665.0,196,17,0.32227240234374993,0.03,0.02,0.03
QQQ,2026-09-23,2026-09-28,P,666.0,39,1,0.31836619140624994,0.03,0.02,0.03
QQQ,2026-09-23,2026-09-28,P,667.0,119,1,0.3242255078124999,0.04,0.03,0.04
QQQ,2026-09-23,2026-09-28,P,668.0,51,100,0.32031929687499994,0.04,0.03,0.04
QQQ,2026-09-23,2026-09-28,P,669.0,250,2,0.31445998046874996,0.06,0.03,0.04
QQQ,2026-09-23,2026-09-28,P,670.0,504,3,0.31055376953124997,0.03,0.03,0.04
QQQ,2026-09-23,2026-09-28,P,671.0,144,5,0.30664755859375,0.13,0.03,0.04
QQQ,2026-09-23,2026-09-28,P,672.0,451,4,0.30274134765625,0.05,0.03,0.04
QQQ,2026-09-23,2026-09-28,P,673.0,76,10,0.29688203124999996,0.05,0.03,0.04
QQQ,2026-09-23,2026-09-28,P,674.0,9,3,0.2929758203124999,0.15,0.03,0.04
QQQ,2026-09-23,2026-09-28,P,675.0,533,5,0.2890696093749999,0.06,0.03,0.04
QQQ,2026-09-23,2026-09-28,P,676.0,237,5,0.2841868457031249,0.04,0.03,0.04
QQQ,2026-09-23,2026-09-28,P,677.0,14,5,0.27930408203124996,0.06,0.03,0.04
QQQ,2026-09-23,2026-09-28,P,678.0,65,1,0.282233740234375,0.05,0.04,0.05
QQQ,2026-09-23,2026-09-28,P,679.0,17,1,0.27735097656249996,0.48,0.04,0.05
QQQ,2026-09-23,2026-09-28,P,680.0,441,47,0.273444765625,0.04,0.04,0.05
QQQ,2026-09-23,2026-09-28,P,681.0,43,5,0.2695385546875,0.07,0.04,0.05
QQQ,2026-09-23,2026-09-28,P,682.0,103,1,0.264655791015625,0.05,0.04,0.05
QQQ,2026-09-23,2026-09-28,P,683.0,140,6,0.25977302734375,0.05,0.04,0.05
QQQ,2026-09-23,2026-09-28,P,684.0,54,1,0.25586681640625003,0.11,0.04,0.05
QQQ,2026-09-23,2026-09-28,P,685.0,465,2,0.256843369140625,0.06,0.05,0.06
QQQ,2026-09-23,2026-09-28,P,686.0,58,2,0.25196060546875,0.06,0.05,0.06
QQQ,2026-09-23,2026-09-28,P,687.0,96,15,0.247077841796875,0.08,0.05,0.06
QQQ,2026-09-23,2026-09-28,P,688.0,128,3,0.242195078125,0.06,0.05,0.06
QQQ,2026-09-23,2026-09-28,P,689.0,237,6,0.23828886718749998,0.05,0.05,0.06
QQQ,2026-09-23,2026-09-28,P,690.0,756,11,0.23828886718749998,0.05,0.06,0.07
QQQ,2026-09-23,2026-09-28,P,691.0,472,1,0.233406103515625,0.09,0.06,0.07
QQQ,2026-09-23,2026-09-28,P,692.0,381,2,0.22852333984375,0.06,0.06,0.07
QQQ,2026-09-23,2026-09-28,P,693.0,145,3,0.22754678710937498,0.15,0.07,0.08
QQQ,2026-09-23,2026-09-28,P,694.0,144,15,0.22315229980468748,0.11,0.07,0.08
QQQ,2026-09-23,2026-09-28,P,695.0,1328,8,0.21826953613281247,0.09,0.07,0.08
QQQ,2026-09-23,2026-09-28,P,696.0,183,2,0.21680470703125,0.11,0.08,0.09
QQQ,2026-09-23,2026-09-28,P,697.0,1135,3,0.2153398779296875,0.11,0.08,0.1
QQQ,2026-09-23,2026-09-28,P,698.0,96,3,0.2104571142578125,0.1,0.09,0.1
QQQ,2026-09-23,2026-09-28,P,699.0,376,13,0.20850400878906244,0.11,0.1,0.11
QQQ,2026-09-23,2026-09-28,P,700.0,1406,93,0.20313296874999998,0.1,0.1,0.11
QQQ,2026-09-23,2026-09-28,P,701.0,172,12,0.198250205078125,0.11,0.1,0.11
QQQ,2026-09-23,2026-09-28,P,702.0,542,52,0.198250205078125,0.11,0.12,0.13
QQQ,2026-09-23,2026-09-28,P,703.0,963,6,0.19336744140625,0.12,0.12,0.13
QQQ,2026-09-23,2026-09-28,P,704.0,711,9,0.192390888671875,0.13,0.14,0.15
QQQ,2026-09-23,2026-09-28,P,705.0,2061,25,0.18921709228515626,0.14,0.15,0.16
QQQ,2026-09-23,2026-09-28,P,706.0,290,72,0.1840901904296875,0.16,0.15,0.16
QQQ,2026-09-23,2026-09-28,P,707.0,392,352,0.1821370849609375,0.16,0.17,0.18
QQQ,2026-09-23,2026-09-28,P,708.0,305,15,0.1801839794921875,0.18,0.19,0.2
QQQ,2026-09-23,2026-09-28,P,709.0,1089,48,0.174812939453125,0.2,0.19,0.2
QQQ,2026-09-23,2026-09-28,P,710.0,1046,197,0.17505707763671874,0.23,0.23,0.24
QQQ,2026-09-23,2026-09-28,P,711.0,597,23,0.1733481103515625,0.23,0.25,0.27
QQQ,2026-09-23,2026-09-28,P,712.0,365,159,0.17115086669921875,0.26,0.28,0.3
QQQ,2026-09-23,2026-09-28,P,713.0,1074,54,0.16748879394531252,0.29,0.3,0.32
QQQ,2026-09-23,2026-09-28,P,714.0,108,144,0.16663431030273443,0.3,0.36,0.37
QQQ,2026-09-23,2026-09-28,P,715.0,1846,115,0.16333844482421878,0.36,0.39,0.4
QQQ,2026-09-23,2026-09-28,P,716.0,2789,122,0.1606529248046875,0.44,0.43,0.44
QQQ,2026-09-23,2026-09-28,P,717.0,668,245,0.15845568115234376,0.46,0.48,0.49
QQQ,2026-09-23,2026-09-28,P,718.0,890,413,0.1550377465820313,0.48,0.52,0.53
QQQ,2026-09-23,2026-09-28,P,719.0,1637,246,0.15393912475585939,0.58,0.6,0.61
QQQ,2026-09-23,2026-09-28,P,720.0,2006,761,0.15296257202148442,0.69,0.69,0.7
QQQ,2026-09-23,2026-09-28,P,721.0,219,182,0.1506432592773438,0.72,0.77,0.78
QQQ,2026-09-23,2026-09-28,P,722.0,590,508,0.14777463562011722,0.77,0.85,0.86
QQQ,2026-09-23,2026-09-28,P,723.0,3921,945,0.1450280810546875,0.89,0.94,0.95
QQQ,2026-09-23,2026-09-28,P,724.0,211,644,0.143563251953125,0.96,1.06,1.08
QQQ,2026-09-23,2026-09-28,P,725.0,7877,1022,0.14099980102539064,1.2,1.19,1.2
QQQ,2026-09-23,2026-09-28,P,726.0,1992,577,0.13868048828125001,1.11,1.32,1.34
QQQ,2026-09-23,2026-09-28,P,727.0,30337,1162,0.1368494519042969,1.33,1.5,1.51
QQQ,2026-09-23,2026-09-28,P,728.0,1225,748,0.13465220825195315,1.44,1.68,1.69
QQQ,2026-09-23,2026-09-28,P,729.0,744,701,0.13208875732421876,1.69,1.86,1.88
QQQ,2026-09-23,2026-09-28,P,730.0,7360,24669,0.13050185913085935,2.1,2.11,2.12
QQQ,2026-09-23,2026-09-28,P,731.0,453,617,0.12897599548339844,2.39,2.37,2.39
QQQ,2026-09-23,2026-09-28,P,732.0,818,1446,0.1256190954589844,2.61,2.62,2.63
QQQ,2026-09-23,2026-09-28,P,733.0,1264,865,0.12378805908203125,2.94,2.93,2.95
QQQ,2026-09-23,2026-09-28,P,734.0,420,1541,0.1219265054321289,3.28,3.29,3.3
QQQ,2026-09-23,2026-09-28,P,735.0,6937,2685,0.12049219360351562,3.7,3.69,3.7
QQQ,2026-09-23,2026-09-28,P,736.0,287,1229,0.11707425903320312,4.07,4.04,4.07
QQQ,2026-09-23,2026-09-28,P,737.0,386,1819,0.11365632446289062,4.49,4.47,4.48
QQQ,2026-09-23,2026-09-28,P,738.0,2006,1177,0.11164218444824218,5.02,4.98,4.98
QQQ,2026-09-23,2026-09-28,P,739.0,332,445,0.1098721826171875,5.44,5.48,5.53
QQQ,2026-09-23,2026-09-28,P,740.0,2039,563,0.10700355895996094,5.42,6.06,6.09
QQQ,2026-09-23,2026-09-28,P,741.0,771,438,0.10419596984863279,6.17,6.63,6.7
QQQ,2026-09-23,2026-09-28,P,742.0,357,493,0.09998458618164063,7.26,7.25,7.32
QQQ,2026-09-23,2026-09-28,P,743.0,409,71,0.09839768798828125,7.53,7.91,8.06
QQQ,2026-09-23,2026-09-28,P,744.0,1585,22,0.09449147705078126,8.32,8.59,8.79
QQQ,2026-09-23,2026-09-28,P,745.0,1514,146,0.08924250610351564,9.5,9.29,9.55
QQQ,2026-09-23,2026-09-28,P,746.0,620,158,0.08619077880859377,9.4,10.11,10.4
QQQ,2026-09-23,2026-09-28,P,747.0,513,2,1.0000000000000003e-05,9.99,10.75,11.0
QQQ,2026-09-23,2026-09-28,P,748.0,272,29,1.0000000000000003e-05,11.45,11.75,11.99
QQQ,2026-09-23,2026-09-28,P,749.0,138,30,1.0000000000000003e-05,11.85,12.55,12.92
QQQ,2026-09-23,2026-09-28,P,750.0,208,10,1.0000000000000003e-05,13.6,13.52,13.85
QQQ,2026-09-23,2026-09-28,P,751.0,64,1,1.0000000000000003e-05,16.02,14.43,14.76
QQQ,2026-09-23,2026-09-28,P,752.0,93,1,1.0000000000000003e-05,16.96,15.19,15.54
QQQ,2026-09-23,2026-09-28,P,753.0,14,44,1.0000000000000003e-05,16.32,16.15,16.82
QQQ,2026-09-23,2026-09-28,P,754.0,13,34,1.0000000000000003e-05,14.45,17.17,17.8
QQQ,2026-09-23,2026-09-28,P,755.0,24,3,1.0000000000000003e-05,18.33,16.49,18.82
QQQ,2026-09-23,2026-09-28,P,756.0,3,2,1.0000000000000003e-05,15.47,19.1,19.87
QQQ,2026-09-23,2026-09-28,P,757.0,9,2,1.0000000000000003e-05,19.91,18.47,20.69
QQQ,2026-09-23,2026-09-28,P,759.0,4,2,1.0000000000000003e-05,18.21,22.02,22.49
QQQ,2026-09-23,2026-09-28,P,760.0,15,3,1.0000000000000003e-05,17.73,23.17,23.66
QQQ,2026-09-23,2026-09-28,P,761.0,3,2,1.0000000000000003e-05,20.17,22.46,24.7
QQQ,2026-09-23,2026-09-28,P,762.0,0,2,1.0000000000000003e-05,21.15,24.92,25.59
QQQ,2026-09-23,2026-09-28,P,764.0,0,8,1.0000000000000003e-05,23.12,25.41,27.72
QQQ,2026-09-23,2026-09-28,P,765.0,1,1,1.0000000000000003e-05,29.97,26.27,28.57
QQQ,2026-09-23,2026-09-28,P,773.0,0,0,1.0000000000000003e-05,27.55,34.42,36.72
QQQ,2026-09-23,2026-09-28,P,785.0,0,0,0.2954172021484375,42.47,46.12,49.41
QQQ,2026-09-23,2026-09-28,P,790.0,0,0,0.3139717041015625,48.44,50.94,54.38
QQQ,2026-09-23,2026-09-29,C,670.0,1,1,0.5478560839843751,47.09,66.45,69.52
QQQ,2026-09-23,2026-09-29,C,680.0,1,1,0.559147474975586,36.46,56.49,59.37
QQQ,2026-09-23,2026-09-29,C,685.0,1,1,0.5187426055908204,32.99,51.51,54.29
QQQ,2026-09-23,2026-09-29,C,687.0,1,1,0.5189257092285156,30.97,49.52,52.6
QQQ,2026-09-23,2026-09-29,C,689.0,0,3,0.4803518762207031,48.14,46.77,50.1
QQQ,2026-09-23,2026-09-29,C,690.0,3,2,0.47876497802734375,50.0,46.13,49.22
QQQ,2026-09-23,2026-09-29,C,693.0,12,2,0.46680220703125,27.66,43.56,46.44
QQQ,2026-09-23,2026-09-29,C,695.0,1,0,0.4539849523925781,15.18,41.19,44.49
QQQ,2026-09-23,2026-09-29,C,698.0,2,0,0.4177304321289062,20.0,38.6,41.18
QQQ,2026-09-23,2026-09-29,C,699.0,1,1,0.4321345849609375,24.02,37.61,40.69
QQQ,2026-09-23,2026-09-29,C,700.0,55,2,0.421453539428711,37.5,36.63,39.62
QQQ,2026-09-23,2026-09-29,C,701.0,8,0,0.39685661743164063,19.5,36.12,38.22
QQQ,2026-09-23,2026-09-29,C,702.0,31,8,0.33045103149414057,46.47,35.28,35.94
QQQ,2026-09-23,2026-09-29,C,703.0,14,0,0.32294378234863275,15.63,34.34,34.93
QQQ,2026-09-23,2026-09-29,C,704.0,3,0,0.30689169677734374,9.41,33.23,33.75
QQQ,2026-09-23,2026-09-29,C,705.0,229,1,0.30054410400390624,42.95,32.31,32.76
QQQ,2026-09-23,2026-09-29,C,706.0,5,3,0.29456271850585936,34.47,31.16,31.78
QQQ,2026-09-23,2026-09-29,C,707.0,17,0,0.2967599621582031,13.07,30.36,30.97
QQQ,2026-09-23,2026-09-29,C,708.0,11,0,0.28302718933105464,26.3,29.39,29.83
QQQ,2026-09-23,2026-09-29,C,709.0,50,2,0.27686270019531245,38.02,28.25,28.85
QQQ,2026-09-23,2026-09-29,C,710.0,564,1,0.28113511840820304,32.96,27.49,28.1
QQQ,2026-09-23,2026-09-29,C,711.0,36,4,0.26538820556640624,25.31,26.36,26.91
QQQ,2026-09-23,2026-09-29,C,712.0,15,1,0.260749580078125,33.7,25.43,25.97
QQQ,2026-09-23,2026-09-29,C,713.0,19,2,0.2551954364013672,34.12,24.55,25.01
QQQ,2026-09-23,2026-09-29,C,714.0,37,1,0.249030947265625,29.84,23.51,24.04
QQQ,2026-09-23,2026-09-29,C,715.0,455,31,0.24451439086914065,23.94,22.7,23.11
QQQ,2026-09-23,2026-09-29,C,716.0,187,2,0.2389602471923828,29.24,21.66,22.16
QQQ,2026-09-23,2026-09-29,C,717.0,90,6,0.23407748352050778,30.51,20.76,21.23
QQQ,2026-09-23,2026-09-29,C,718.0,117,2,0.22901161621093752,19.52,19.82,20.3
QQQ,2026-09-23,2026-09-29,C,719.0,50,2,0.22449505981445309,18.57,18.92,19.39
QQQ,2026-09-23,2026-09-29,C,720.0,883,25,0.21869677795410153,18.1,17.97,18.45
QQQ,2026-09-23,2026-09-29,C,721.0,134,1,0.21448539428710936,17.43,17.11,17.56
QQQ,2026-09-23,2026-09-29,C,722.0,147,1,0.20966366516113277,16.58,16.23,16.66
QQQ,2026-09-23,2026-09-29,C,723.0,26,11,0.20557435058593748,20.33,15.43,15.79
QQQ,2026-09-23,2026-09-29,C,724.0,115,11,0.20154607055664062,18.37,14.5,14.93
QQQ,2026-09-23,2026-09-29,C,725.0,671,2,0.19751779052734375,13.83,13.73,14.08
QQQ,2026-09-23,2026-09-29,C,726.0,84,30,0.19348951049804688,15.69,12.85,13.24
QQQ,2026-09-23,2026-09-29,C,727.0,76,2,0.18994950683593753,12.55,12.04,12.43
QQQ,2026-09-23,2026-09-29,C,728.0,258,342,0.1863484686279297,11.89,11.27,11.63
QQQ,2026-09-23,2026-09-29,C,729.0,131,2,0.18311363769531247,10.01,10.5,10.86
QQQ,2026-09-23,2026-09-29,C,730.0,413,132,0.17633880310058597,10.41,9.9,9.98
QQQ,2026-09-23,2026-09-29,C,731.0,42,7,0.17224948852539065,9.87,9.14,9.21
QQQ,2026-09-23,2026-09-29,C,732.0,68,26,0.168526381225586,9.05,8.4,8.47
QQQ,2026-09-23,2026-09-29,C,733.0,62,16,0.16639017211914067,8.08,7.71,7.81
QQQ,2026-09-23,2026-09-29,C,734.0,66,9,0.16333844482421878,7.8,7.09,7.14
QQQ,2026-09-23,2026-09-29,C,735.0,435,127,0.16071395935058597,6.72,6.47,6.51
QQQ,2026-09-23,2026-09-29,C,736.0,104,419,0.1598594757080078,6.3,5.93,5.97
QQQ,2026-09-23,2026-09-29,C,737.0,347,967,0.15717395568847659,5.59,5.37,5.39
QQQ,2026-09-23,2026-09-29,C,738.0,400,599,0.1559532647705078,4.83,4.85,4.89
QQQ,2026-09-23,2026-09-29,C,739.0,210,429,0.15448843566894532,4.4,4.37,4.41
QQQ,2026-09-23,2026-09-29,C,740.0,963,328,0.15277946838378909,3.94,3.91,3.95
QQQ,2026-09-23,2026-09-29,C,741.0,510,535,0.15058222473144534,3.47,3.47,3.5
QQQ,2026-09-23,2026-09-29,C,742.0,386,151,0.14954463745117189,3.4,3.09,3.12
QQQ,2026-09-23,2026-09-29,C,743.0,256,125,0.14795773925781253,2.99,2.71,2.75
QQQ,2026-09-23,2026-09-29,C,744.0,711,87,0.14643187561035154,2.5,2.38,2.41
QQQ,2026-09-23,2026-09-29,C,745.0,846,275,0.14527221923828126,2.1,2.08,2.11
QQQ,2026-09-23,2026-09-29,C,746.0,281,232,0.14429566650390624,1.96,1.81,1.84
QQQ,2026-09-23,2026-09-29,C,747.0,425,82,0.1430749755859375,1.57,1.57,1.59
QQQ,2026-09-23,2026-09-29,C,748.0,459,252,0.14246463012695312,1.38,1.36,1.38
QQQ,2026-09-23,2026-09-29,C,749.0,565,76,0.1417932501220703,1.26,1.17,1.19
QQQ,2026-09-23,2026-09-29,C,750.0,624,226,0.14112187011718752,1.1,1.01,1.02
QQQ,2026-09-23,2026-09-29,C,751.0,396,282,0.14099980102539064,1.0,0.86,0.88
QQQ,2026-09-23,2026-09-29,C,752.0,804,62,0.13990117919921874,0.76,0.73,0.74
QQQ,2026-09-23,2026-09-29,C,753.0,658,63,0.13843635009765626,0.54,0.6,0.61
QQQ,2026-09-23,2026-09-29,C,754.0,221,109,0.13843635009765626,0.54,0.51,0.52
QQQ,2026-09-23,2026-09-29,C,755.0,490,51,0.13916876464843753,0.45,0.44,0.45
QQQ,2026-09-23,2026-09-29,C,756.0,399,43,0.13904669555664065,0.43,0.36,0.38
QQQ,2026-09-23,2026-09-29,C,757.0,291,14,0.13904669555664065,0.33,0.31,0.32
QQQ,2026-09-23,2026-09-29,C,758.0,272,174,0.13916876464843753,0.27,0.25,0.27
QQQ,2026-09-23,2026-09-29,C,759.0,807,64,0.139657041015625,0.2,0.21,0.23
QQQ,2026-09-23,2026-09-29,C,760.0,352,269,0.13941290283203128,0.2,0.18,0.19
QQQ,2026-09-23,2026-09-29,C,761.0,139,5,0.13990117919921874,0.15,0.15,0.16
QQQ,2026-09-23,2026-09-29,C,762.0,121,17,0.14112187011718752,0.15,0.13,0.14
QQQ,2026-09-23,2026-09-29,C,763.0,216,10,0.14380739013671873,0.13,0.11,0.13
QQQ,2026-09-23,2026-09-29,C,764.0,139,2,0.14429566650390624,0.08,0.09,0.11
QQQ,2026-09-23,2026-09-29,C,765.0,1460,12,0.14405152832031248,0.09,0.08,0.09
QQQ,2026-09-23,2026-09-29,C,766.0,107,13,0.145516357421875,0.06,0.07,0.08
QQQ,2026-09-23,2026-09-29,C,767.0,65,20,0.1469811865234375,0.07,0.06,0.07
QQQ,2026-09-23,2026-09-29,C,768.0,6482,6,0.15088739746093754,0.06,0.05,0.07
QQQ,2026-09-23,2026-09-29,C,769.0,463,2,0.1518639501953125,0.04,0.04,0.06
QQQ,2026-09-23,2026-09-29,C,770.0,1038,105,0.15235222656250003,0.05,0.04,0.05
QQQ,2026-09-23,2026-09-29,C,771.0,169,15,0.1557701611328125,0.08,0.04,0.05
QQQ,2026-09-23,2026-09-29,C,772.0,60,55,0.15528188476562502,0.07,0.03,0.04
QQQ,2026-09-23,2026-09-29,C,773.0,7,2,0.159188095703125,0.04,0.03,0.04
QQQ,2026-09-23,2026-09-29,C,774.0,5,2,0.16211775390625,0.06,0.02,0.04
QQQ,2026-09-23,2026-09-29,C,775.0,289,12,0.16602396484375004,0.03,0.02,0.04
QQQ,2026-09-23,2026-09-29,C,780.0,684,663,0.17774259765625,0.04,0.01,0.03
QQQ,2026-09-23,2026-09-29,C,785.0,11,0,0.195320546875,0.06,0.01,0.03
QQQ,2026-09-23,2026-09-29,C,790.0,294,40,0.21289849609375,0.01,0.01,0.03
QQQ,2026-09-23,2026-09-29,C,795.0,23,0,0.22852333984375,0.06,0.01,0.03
QQQ,2026-09-23,2026-09-29,C,800.0,24,0,0.2461012890625,0.05,0.01,0.03
QQQ,2026-09-23,2026-09-29,C,805.0,100,0,0.2617261328125,0.02,0.01,0.03
QQQ,2026-09-23,2026-09-29,C,810.0,35,0,0.26758544921875,0.03,0.01,0.02
QQQ,2026-09-23,2026-09-29,C,815.0,117,0,0.28125718749999995,0.03,0.01,0.02
QQQ,2026-09-23,2026-09-29,C,820.0,109,0,0.29688203124999996,0.03,0.01,0.02
QQQ,2026-09-23,2026-09-29,C,825.0,100,0,0.31250687499999996,0.02,0.01,0.02
QQQ,2026-09-23,2026-09-29,C,830.0,88,0,0.32813171874999997,0.02,0.01,0.02
QQQ,2026-09-23,2026-09-29,C,835.0,44,0,0.3437565625,0.02,0.01,0.02
QQQ,2026-09-23,2026-09-29,C,840.0,136,0,0.35547519531249994,0.03,0.01,0.02
QQQ,2026-09-23,2026-09-29,C,845.0,94,0,0.3711000390625,0.01,0.01,0.02
QQQ,2026-09-23,2026-09-29,C,850.0,166,0,0.38672488281249995,0.02,0.01,0.02
QQQ,2026-09-23,2026-09-29,C,855.0,0,0,0.398443515625,0.02,0.01,0.02
QQQ,2026-09-23,2026-09-29,C,860.0,63,0,0.414068359375,0.01,0.01,0.02
QQQ,2026-09-23,2026-09-29,C,865.0,65,0,0.42578699218750005,0.01,0.01,0.02
QQQ,2026-09-23,2026-09-29,C,870.0,67,0,0.4414118359375,0.01,0.01,0.02
QQQ,2026-09-23,2026-09-29,C,875.0,84,0,0.45313046875,0.01,0.01,0.02
QQQ,2026-09-23,2026-09-29,C,880.0,67,0,0.4687553125,0.01,0.01,0.02
QQQ,2026-09-23,2026-09-29,C,885.0,128,0,0.4804739453125,0.01,0.01,0.02
QQQ,2026-09-23,2026-09-29,C,890.0,92,0,0.49609878906250005,0.01,0.0,0.02
QQQ,2026-09-23,2026-09-29,C,895.0,80,0,0.476567734375,0.01,0.0,0.01
QQQ,2026-09-23,2026-09-29,C,900.0,68,0,0.523442265625,0.03,0.0,0.02
QQQ,2026-09-23,2026-09-29,P,450.0,40,30,1.15625421875,0.01,0.0,0.02
QQQ,2026-09-23,2026-09-29,P,460.0,75,35,1.109379453125,0.01,0.0,0.02
QQQ,2026-09-23,2026-09-29,P,465.0,30,20,1.0781296093750001,0.02,0.0,0.02
QQQ,2026-09-23,2026-09-29,P,470.0,144,0,1.0625046875000002,0.01,0.0,0.02
QQQ,2026-09-23,2026-09-29,P,475.0,293,0,1.0312548437500002,0.03,0.0,0.02
QQQ,2026-09-23,2026-09-29,P,480.0,172,0,1.015629921875,0.02,0.0,0.02
QQQ,2026-09-23,2026-09-29,P,485.0,120,3,0.98437515625,0.01,0.0,0.02
QQQ,2026-09-23,2026-09-29,P,490.0,76,140,0.9687503125,0.01,0.0,0.02
QQQ,2026-09-23,2026-09-29,P,495.0,108,20,0.937500625,0.01,0.0,0.02
QQQ,2026-09-23,2026-09-29,P,500.0,218,0,0.92187578125,0.01,0.0,0.02
QQQ,2026-09-23,2026-09-29,P,505.0,158,120,0.8984385156249999,0.01,0.0,0.02
QQQ,2026-09-23,2026-09-29,P,510.0,270,0,0.87500125,0.03,0.0,0.02
QQQ,2026-09-23,2026-09-29,P,515.0,119,1100,0.85937640625,0.02,0.0,0.02
QQQ,2026-09-23,2026-09-29,P,520.0,87,0,0.8281267187499999,0.02,0.0,0.02
QQQ,2026-09-23,2026-09-29,P,525.0,84,6,0.8359391406249999,0.02,0.01,0.02
QQQ,2026-09-23,2026-09-29,P,530.0,68,80,0.8125018749999999,0.02,0.01,0.02
QQQ,2026-09-23,2026-09-29,P,535.0,147,220,0.79687703125,0.01,0.01,0.02
QQQ,2026-09-23,2026-09-29,P,540.0,226,200,0.773439765625,0.02,0.01,0.02
QQQ,2026-09-23,2026-09-29,P,545.0,96,40,0.7500025,0.01,0.01,0.02
QQQ,2026-09-23,2026-09-29,P,550.0,380,160,0.726565234375,0.02,0.01,0.02
QQQ,2026-09-23,2026-09-29,P,555.0,283,300,0.710940390625,0.02,0.01,0.02
QQQ,2026-09-23,2026-09-29,P,560.0,349,1432,0.6875031250000001,0.02,0.01,0.02
QQQ,2026-09-23,2026-09-29,P,565.0,147,1220,0.6640658593750002,0.02,0.01,0.02
QQQ,2026-09-23,2026-09-29,P,570.0,69,1200,0.648441015625,0.02,0.01,0.02
QQQ,2026-09-23,2026-09-29,P,575.0,277,1590,0.6250037500000001,0.02,0.01,0.02
QQQ,2026-09-23,2026-09-29,P,580.0,208,100,0.6015664843750002,0.01,0.01,0.02
QQQ,2026-09-23,2026-09-29,P,585.0,43,40,0.585941640625,0.01,0.01,0.02
QQQ,2026-09-23,2026-09-29,P,590.0,220,40,0.57812921875,0.01,0.01,0.03
QQQ,2026-09-23,2026-09-29,P,595.0,210,260,0.5585981640625001,0.02,0.01,0.03
QQQ,2026-09-23,2026-09-29,P,600.0,245,660,0.5390671093750001,0.02,0.01,0.03
QQQ,2026-09-23,2026-09-29,P,605.0,231,1040,0.51562984375,0.02,0.01,0.03
QQQ,2026-09-23,2026-09-29,P,610.0,155,160,0.51562984375,0.02,0.01,0.03
QQQ,2026-09-23,2026-09-29,P,615.0,82,160,0.49609878906250005,0.03,0.01,0.03
QQQ,2026-09-23,2026-09-29,P,620.0,126,60,0.476567734375,0.02,0.01,0.03
QQQ,2026-09-23,2026-09-29,P,625.0,47,78,0.45508357421875,0.01,0.01,0.03
QQQ,2026-09-23,2026-09-29,P,630.0,2739,2419,0.4335994140625,0.02,0.01,0.03
QQQ,2026-09-23,2026-09-29,P,635.0,916,640,0.414068359375,0.03,0.02,0.03
QQQ,2026-09-23,2026-09-29,P,640.0,370,3,0.39453730468750003,0.02,0.02,0.03
QQQ,2026-09-23,2026-09-29,P,645.0,54,5,0.38477177734374995,0.04,0.02,0.04
QQQ,2026-09-23,2026-09-29,P,650.0,252,4,0.36524072265625,0.05,0.03,0.04
QQQ,2026-09-23,2026-09-29,P,655.0,241,2,0.35352208984374994,0.05,0.03,0.05
QQQ,2026-09-23,2026-09-29,P,660.0,4023,1,0.3320379296875,0.05,0.04,0.05
QQQ,2026-09-23,2026-09-29,P,661.0,4127,6,0.334967587890625,0.05,0.04,0.06
QQQ,2026-09-23,2026-09-29,P,662.0,313,0,0.33008482421874996,0.71,0.04,0.06
QQQ,2026-09-23,2026-09-29,P,663.0,42,0,0.32617861328125,0.65,0.04,0.06
QQQ,2026-09-23,2026-09-29,P,664.0,138,2,0.32227240234374993,0.07,0.04,0.06
QQQ,2026-09-23,2026-09-29,P,665.0,506,21,0.31836619140624994,0.07,0.04,0.06
QQQ,2026-09-23,2026-09-29,P,666.0,52,3,0.31445998046874996,0.09,0.05,0.06
QQQ,2026-09-23,2026-09-29,P,667.0,62,14,0.3154365332031249,0.07,0.05,0.07
QQQ,2026-09-23,2026-09-29,P,668.0,81,2,0.31055376953124997,0.11,0.05,0.07
QQQ,2026-09-23,2026-09-29,P,669.0,2890,36,0.30664755859375,0.08,0.05,0.07
QQQ,2026-09-23,2026-09-29,P,670.0,4297,3696,0.30274134765625,0.09,0.05,0.07
QQQ,2026-09-23,2026-09-29,P,671.0,35,1,0.2978585839843749,0.06,0.06,0.07
QQQ,2026-09-23,2026-09-29,P,672.0,130,6,0.29395237304687494,0.2,0.06,0.07
QQQ,2026-09-23,2026-09-29,P,673.0,58,1,0.29492892578124996,0.09,0.06,0.08
QQQ,2026-09-23,2026-09-29,P,674.0,65,3,0.29004616210937495,0.12,0.06,0.08
QQQ,2026-09-23,2026-09-29,P,675.0,727,50,0.28613995117187496,0.08,0.06,0.08
QQQ,2026-09-23,2026-09-29,P,676.0,26,3,0.28125718749999995,0.1,0.07,0.08
QQQ,2026-09-23,2026-09-29,P,677.0,50,11,0.28125718749999995,0.1,0.07,0.09
QQQ,2026-09-23,2026-09-29,P,678.0,61,2,0.27735097656249996,0.22,0.07,0.09
QQQ,2026-09-23,2026-09-29,P,679.0,14,1,0.27246821289062495,0.23,0.08,0.09
QQQ,2026-09-23,2026-09-29,P,680.0,523,8,0.27197993652343744,0.12,0.08,0.1
QQQ,2026-09-23,2026-09-29,P,681.0,99,35,0.26758544921875,0.11,0.08,0.1
QQQ,2026-09-23,2026-09-29,P,682.0,83,5,0.26319096191406255,0.16,0.09,0.1
QQQ,2026-09-23,2026-09-29,P,683.0,136,26,0.25879647460937505,0.15,0.09,0.1
QQQ,2026-09-23,2026-09-29,P,684.0,82,9,0.257819921875,0.12,0.09,0.11
QQQ,2026-09-23,2026-09-29,P,685.0,175,3,0.252937158203125,0.1,0.1,0.11
QQQ,2026-09-23,2026-09-29,P,686.0,48,9,0.25196060546875,0.13,0.11,0.12
QQQ,2026-09-23,2026-09-29,P,687.0,43,3,0.247077841796875,0.35,0.11,0.12
QQQ,2026-09-23,2026-09-29,P,688.0,32,1,0.2456130126953125,0.15,0.12,0.13
QQQ,2026-09-23,2026-09-29,P,689.0,85,59,0.24073024902343748,0.16,0.12,0.13
QQQ,2026-09-23,2026-09-29,P,690.0,417,606,0.2387771435546875,0.13,0.13,0.14
QQQ,2026-09-23,2026-09-29,P,691.0,65,22,0.2368240380859375,0.23,0.14,0.15
QQQ,2026-09-23,2026-09-29,P,692.0,123,1,0.23194127441406248,0.14,0.13,0.15
QQQ,2026-09-23,2026-09-29,P,693.0,160,1,0.229499892578125,0.15,0.15,0.16
QQQ,2026-09-23,2026-09-29,P,694.0,47,3,0.22510540527343748,0.26,0.15,0.16
QQQ,2026-09-23,2026-09-29,P,695.0,792,250,0.22217574707031246,0.18,0.16,0.17
QQQ,2026-09-23,2026-09-29,P,696.0,100,1,0.22144333251953124,0.19,0.18,0.19
QQQ,2026-09-23,2026-09-29,P,697.0,178,4,0.21680470703125,0.19,0.18,0.19
QQQ,2026-09-23,2026-09-29,P,698.0,85,1,0.21363091064453127,0.22,0.19,0.2
QQQ,2026-09-23,2026-09-29,P,699.0,42,3,0.21216608154296873,0.2,0.21,0.22
QQQ,2026-09-23,2026-09-29,P,700.0,1843,43,0.21021297607421874,0.21,0.23,0.24
QQQ,2026-09-23,2026-09-29,P,701.0,145,5,0.20386538330078124,0.24,0.22,0.23
QQQ,2026-09-23,2026-09-29,P,702.0,240,24,0.20459779785156246,0.34,0.25,0.27
QQQ,2026-09-23,2026-09-29,P,703.0,153,1,0.20215641601562498,0.26,0.27,0.29
QQQ,2026-09-23,2026-09-29,P,704.0,233,1,0.198250205078125,0.34,0.28,0.3
QQQ,2026-09-23,2026-09-29,P,705.0,1462,53,0.19654123779296873,0.3,0.31,0.33
QQQ,2026-09-23,2026-09-29,P,706.0,80,92,0.192390888671875,0.34,0.33,0.34
QQQ,2026-09-23,2026-09-29,P,707.0,951,7,0.18921709228515626,0.36,0.35,0.36
QQQ,2026-09-23,2026-09-29,P,708.0,1956,2,0.1870198486328125,0.44,0.38,0.39
QQQ,2026-09-23,2026-09-29,P,709.0,82,3,0.18628743408203124,0.42,0.42,0.44
QQQ,2026-09-23,2026-09-29,P,710.0,1297,77,0.18335777587890623,0.45,0.45,0.47
QQQ,2026-09-23,2026-09-29,P,711.0,216,115,0.1801839794921875,0.47,0.49,0.5
QQQ,2026-09-23,2026-09-29,P,712.0,578,2210,0.17749845947265624,0.54,0.53,0.54
QQQ,2026-09-23,2026-09-29,P,713.0,99,5,0.17542328491210937,0.55,0.57,0.59
QQQ,2026-09-23,2026-09-29,P,714.0,196,12,0.1729819030761719,0.61,0.62,0.64
QQQ,2026-09-23,2026-09-29,P,715.0,1365,2331,0.17090672851562502,0.68,0.69,0.7
QQQ,2026-09-23,2026-09-29,P,716.0,144,66,0.16895362304687503,0.75,0.75,0.77
QQQ,2026-09-23,2026-09-29,P,717.0,507,34,0.16553568847656253,0.74,0.81,0.82
QQQ,2026-09-23,2026-09-29,P,718.0,486,149,0.16358258300781253,0.91,0.89,0.9
QQQ,2026-09-23,2026-09-29,P,719.0,760,170,0.16108016662597657,0.87,0.96,0.98
QQQ,2026-09-23,2026-09-29,P,720.0,756,222,0.1596763720703125,1.02,1.07,1.09
QQQ,2026-09-23,2026-09-29,P,721.0,406,104,0.15729602478027344,1.02,1.17,1.19
QQQ,2026-09-23,2026-09-29,P,722.0,351,58,0.15534291931152344,1.09,1.28,1.31
QQQ,2026-09-23,2026-09-29,P,723.0,667,71,0.15296257202148442,1.29,1.41,1.43
QQQ,2026-09-23,2026-09-29,P,724.0,298,142,0.1508263629150391,1.35,1.54,1.57
QQQ,2026-09-23,2026-09-29,P,725.0,20332,199,0.1489342919921875,1.62,1.72,1.73
QQQ,2026-09-23,2026-09-29,P,726.0,563,72,0.1471642901611328,1.7,1.88,1.91
QQQ,2026-09-23,2026-09-29,P,727.0,381,36,0.14515015014648439,2.1,2.07,2.1
QQQ,2026-09-23,2026-09-29,P,728.0,292,21,0.1431970446777344,2.05,2.29,2.31
QQQ,2026-09-23,2026-09-29,P,729.0,349,44,0.1412439392089844,2.2,2.52,2.54
QQQ,2026-09-23,2026-09-29,P,730.0,553,5197,0.13892462646484377,2.77,2.76,2.78
QQQ,2026-09-23,2026-09-29,P,731.0,354,68,0.13831428100585938,2.66,3.06,3.1
QQQ,2026-09-23,2026-09-29,P,732.0,361,163,0.13660531372070314,3.29,3.36,3.41
QQQ,2026-09-23,2026-09-29,P,733.0,463,78,0.13337048278808594,3.39,3.65,3.69
QQQ,2026-09-23,2026-09-29,P,734.0,1356,104,0.13208875732421876,3.61,4.04,4.07
QQQ,2026-09-23,2026-09-29,P,735.0,557,2180,0.12970841003417968,4.33,4.4,4.44
QQQ,2026-09-23,2026-09-29,P,736.0,255,201,0.1281215118408203,4.76,4.83,4.87
QQQ,2026-09-23,2026-09-29,P,737.0,232,449,0.12458150817871094,5.32,5.22,5.26
QQQ,2026-09-23,2026-09-29,P,738.0,396,144,0.12360495544433595,5.29,5.74,5.78
QQQ,2026-09-23,2026-09-29,P,739.0,743,76,0.12165184997558594,6.09,6.27,6.3
QQQ,2026-09-23,2026-09-29,P,740.0,386,187,0.11893581268310546,6.85,6.79,6.83
QQQ,2026-09-23,2026-09-29,P,741.0,284,53,0.11628080993652344,6.74,7.35,7.4
QQQ,2026-09-23,2026-09-29,P,742.0,275,6,0.11542632629394532,7.48,7.98,8.07
QQQ,2026-09-23,2026-09-29,P,743.0,493,14,0.1115201153564453,7.99,8.61,8.68
QQQ,2026-09-23,2026-09-29,P,744.0,146,52,0.10846838806152344,8.54,9.17,9.36
QQQ,2026-09-23,2026-09-29,P,745.0,263,7,0.09742113525390625,10.24,9.66,9.89
QQQ,2026-09-23,2026-09-29,P,746.0,151,65,0.10474528076171874,10.35,10.6,10.9
QQQ,2026-09-23,2026-09-29,P,747.0,334,34,0.09266044067382811,10.48,11.27,11.53
QQQ,2026-09-23,2026-09-29,P,748.0,63,1,0.09412526977539062,13.3,12.13,12.46
QQQ,2026-09-23,2026-09-29,P,749.0,56,1,0.08655698608398438,13.25,12.95,13.29
QQQ,2026-09-23,2026-09-29,P,750.0,167,14,1.0000000000000003e-05,13.48,13.8,14.07
QQQ,2026-09-23,2026-09-29,P,751.0,20,110,1.0000000000000003e-05,11.69,14.63,14.93
QQQ,2026-09-23,2026-09-29,P,752.0,34,54,1.0000000000000003e-05,13.0,15.59,15.9
QQQ,2026-09-23,2026-09-29,P,753.0,7,2,1.0000000000000003e-05,9.18,16.23,16.48
QQQ,2026-09-23,2026-09-29,P,754.0,22,25,1.0000000000000003e-05,13.38,17.42,17.7
QQQ,2026-09-23,2026-09-29,P,755.0,34,1,1.0000000000000003e-05,17.15,18.28,18.64
QQQ,2026-09-23,2026-09-29,P,756.0,22,20,1.0000000000000003e-05,20.5,19.3,19.69
QQQ,2026-09-23,2026-09-29,P,757.0,8,0,1.0000000000000003e-05,11.49,20.04,20.65
QQQ,2026-09-23,2026-09-29,P,758.0,2,0,1.0000000000000003e-05,14.26,21.02,21.55
QQQ,2026-09-23,2026-09-29,P,759.0,1,1,1.0000000000000003e-05,14.6,22.14,22.52
QQQ,2026-09-23,2026-09-29,P,760.0,1,0,1.0000000000000003e-05,19.37,23.1,23.65
QQQ,2026-09-23,2026-09-29,P,761.0,19,0,1.0000000000000003e-05,14.64,24.11,24.61
QQQ,2026-09-23,2026-09-29,P,764.0,0,1,1.0000000000000003e-05,19.17,27.16,27.6
QQQ,2026-09-23,2026-09-29,P,775.0,0,0,0.22510540527343748,32.47,35.85,39.41
QQQ,2026-09-23,2026-09-30,C,405.0,1,1,2.2231489733886716,311.79,331.38,333.82
QQQ,2026-09-23,2026-09-30,C,410.0,1,0,1.0000000000000003e-05,259.6,309.12,313.0
QQQ,2026-09-23,2026-09-30,C,415.0,0,4,1.0000000000000003e-05,179.05,0.0,0.0
QQQ,2026-09-23,2026-09-30,C,420.0,2,3,2.124516407470703,321.81,316.39,319.02
QQQ,2026-09-23,2026-09-30,C,425.0,21,10,1.0000000000000003e-05,274.64,281.77,284.12
QQQ,2026-09-23,2026-09-30,C,430.0,14,1,1.0000000000000003e-05,250.18,287.31,290.79
QQQ,2026-09-23,2026-09-30,C,435.0,13,10,1.0000000000000003e-05,264.77,271.78,274.28
QQQ,2026-09-23,2026-09-30,C,440.0,16,10,1.0000000000000003e-05,259.71,266.81,269.2
QQQ,2026-09-23,2026-09-30,C,445.0,0,12,1.8588874243164062,272.17,290.8,293.89
QQQ,2026-09-23,2026-09-30,C,450.0,47,1,1.0000000000000003e-05,265.95,270.14,274.02
QQQ,2026-09-23,2026-09-30,C,455.0,0,1,1.7792979785156249,263.7,280.72,283.9
QQQ,2026-09-23,2026-09-30,C,460.0,0,3,1.0000000000000003e-05,249.83,0.0,0.0
QQQ,2026-09-23,2026-09-30,C,465.0,0,1,1.0000000000000003e-05,270.0,0.0,0.0
QQQ,2026-09-23,2026-09-30,C,470.0,0,1,1.0000000000000003e-05,253.9,0.0,0.0
QQQ,2026-09-23,2026-09-30,C,475.0,41,4,1.0000000000000003e-05,239.29,232.06,234.37
QQQ,2026-09-23,2026-09-30,C,480.0,0,1,1.7026382055664064,230.0,256.53,259.21
QQQ,2026-09-23,2026-09-30,C,485.0,10,3,1.0000000000000003e-05,243.32,222.08,224.56
QQQ,2026-09-23,2026-09-30,C,490.0,0,14,1.6264667114257811,227.1,246.45,249.22
QQQ,2026-09-23,2026-09-30,C,495.0,16,1,1.0000000000000003e-05,233.41,212.04,214.51
QQQ,2026-09-23,2026-09-30,C,500.0,3,1,1.5556662841796873,211.5,236.46,239.19
QQQ,2026-09-23,2026-09-30,C,505.0,0,1,1.5056177062988283,210.78,231.51,233.93
QQQ,2026-09-23,2026-09-30,C,510.0,0,1,1.456545686035156,200.35,226.3,228.94
QQQ,2026-09-23,2026-09-30,C,515.0,0,1,1.0000000000000003e-05,221.4,0.0,0.0
QQQ,2026-09-23,2026-09-30,C,520.0,1,1,1.4038115747070314,197.24,216.47,218.95
QQQ,2026-09-23,2026-09-30,C,525.0,28,27,1.3637727124023438,211.02,211.36,213.96
QQQ,2026-09-23,2026-09-30,C,530.0,1,2,1.3586457849121092,190.97,206.47,209.25
QQQ,2026-09-23,2026-09-30,C,535.0,0,1,1.0000000000000003e-05,191.58,0.0,0.0
QQQ,2026-09-23,2026-09-30,C,540.0,1,1,1.2893101940917968,205.99,196.37,199.29
QQQ,2026-09-23,2026-09-30,C,545.0,2,14,1.2500037499999999,176.45,191.58,193.97
QQQ,2026-09-23,2026-09-30,C,550.0,31,16,1.2353553857421873,166.51,186.57,189.26
QQQ,2026-09-23,2026-09-30,C,555.0,0,1,1.1984903356933594,164.2,181.49,184.26
QQQ,2026-09-23,2026-09-30,C,560.0,0,10,1.1672404919433594,158.61,176.49,179.27
QQQ,2026-09-23,2026-09-30,C,565.0,45,3,1.0000000000000003e-05,124.91,152.69,156.18
QQQ,2026-09-23,2026-09-30,C,570.0,2,3,1.08203583984375,146.8,166.39,168.99
QQQ,2026-09-23,2026-09-30,C,575.0,4,1,1.0576218994140625,132.79,161.5,163.99
QQQ,2026-09-23,2026-09-30,C,580.0,13,1,1.0513963446044923,136.01,156.6,159.34
QQQ,2026-09-23,2026-09-30,C,585.0,2,1,1.002202254638672,161.82,151.6,154.0
QQQ,2026-09-23,2026-09-30,C,590.0,7,1,0.9704592797851561,149.0,146.56,149.02
QQQ,2026-09-23,2026-09-30,C,595.0,159,2,0.9157723266601563,143.3,141.83,143.3
QQQ,2026-09-23,2026-09-30,C,600.0,56,2,0.9096688720703124,141.0,136.57,139.01
QQQ,2026-09-23,2026-09-30,C,605.0,48,35,0.8825695336914061,134.61,131.62,134.02
QQQ,2026-09-23,2026-09-30,C,610.0,108,1,0.8518081225585938,136.0,126.58,129.05
QQQ,2026-09-23,2026-09-30,C,615.0,106,1,0.8156756713867187,103.13,121.62,123.88
QQQ,2026-09-23,2026-09-30,C,620.0,135,18,0.8012715185546875,115.39,116.63,119.21
QQQ,2026-09-23,2026-09-30,C,625.0,75,23,0.7631859619140625,114.08,111.6,114.06
QQQ,2026-09-23,2026-09-30,C,630.0,262,12,0.7282742016601562,105.21,106.66,108.88
QQQ,2026-09-23,2026-09-30,C,635.0,313,1,0.7056914196777344,111.22,101.67,104.04
QQQ,2026-09-23,2026-09-30,C,640.0,560,34,0.6722444885253909,99.13,96.65,98.97
QQQ,2026-09-23,2026-09-30,C,645.0,94,1,0.6475865319824219,95.96,91.68,94.07
QQQ,2026-09-23,2026-09-30,C,650.0,797,2,0.6154823608398439,92.88,86.7,88.99
QQQ,2026-09-23,2026-09-30,C,651.0,4,3,1.0000000000000003e-05,41.28,69.32,70.39
QQQ,2026-09-23,2026-09-30,C,652.0,0,1,1.0000000000000003e-05,77.0,0.0,0.0
QQQ,2026-09-23,2026-09-30,C,653.0,13,2,1.0000000000000003e-05,46.71,67.41,68.47
QQQ,2026-09-23,2026-09-30,C,654.0,9,2,0.5804485314941408,62.5,82.67,84.72
QQQ,2026-09-23,2026-09-30,C,655.0,219,1,0.5842326733398437,62.28,81.68,83.97
QQQ,2026-09-23,2026-09-30,C,656.0,12,1,0.5800823242187501,61.29,80.73,82.97
QQQ,2026-09-23,2026-09-30,C,657.0,5,2,1.0000000000000003e-05,43.97,63.59,64.64
QQQ,2026-09-23,2026-09-30,C,658.0,5,1,0.5667767932128907,59.49,78.71,80.95
QQQ,2026-09-23,2026-09-30,C,659.0,42,6,1.0000000000000003e-05,42.46,60.16,62.74
QQQ,2026-09-23,2026-09-30,C,660.0,1333,1,0.553837469482422,82.07,76.7,78.93
QQQ,2026-09-23,2026-09-30,C,661.0,1,1,0.5428512512207033,58.16,75.75,77.74
QQQ,2026-09-23,2026-09-30,C,662.0,58,1,0.5471236694335939,49.56,74.66,77.12
QQQ,2026-09-23,2026-09-30,C,663.0,5,1,0.5397995239257813,53.97,73.73,76.01
QQQ,2026-09-23,2026-09-30,C,664.0,56,1,1.0000000000000003e-05,68.31,55.51,58.0
QQQ,2026-09-23,2026-09-30,C,665.0,715,1,0.5328415856933593,82.5,71.76,74.13
QQQ,2026-09-23,2026-09-30,C,666.0,3,1,0.527470545654297,70.16,70.72,73.19
QQQ,2026-09-23,2026-09-30,C,667.0,9,6,0.5178270874023438,40.38,69.72,72.08
QQQ,2026-09-23,2026-09-30,C,668.0,23,1,1.0000000000000003e-05,64.75,53.23,54.26
QQQ,2026-09-23,2026-09-30,C,669.0,11,1,0.5184374328613282,48.7,67.73,70.47
QQQ,2026-09-23,2026-09-30,C,670.0,308,1,0.5045215563964844,76.18,66.74,69.21
QQQ,2026-09-23,2026-09-30,C,671.0,11,3,0.565556102294922,52.0,65.79,68.16
QQQ,2026-09-23,2026-09-30,C,672.0,75,1,0.5543257458496094,67.61,64.77,67.07
QQQ,2026-09-23,2026-09-30,C,673.0,52,1,0.5457809094238282,45.63,63.75,66.03
QQQ,2026-09-23,2026-09-30,C,674.0,28,2,0.5499312585449221,39.97,62.76,65.24
QQQ,2026-09-23,2026-09-30,C,675.0,402,20,0.53320779296875,66.54,61.76,64.04
QQQ,2026-09-23,2026-09-30,C,676.0,21,1,0.5371140039062501,36.16,60.78,63.25
QQQ,2026-09-23,2026-09-30,C,677.0,50,10,0.5280808911132813,59.12,59.78,62.2
QQQ,2026-09-23,2026-09-30,C,678.0,87,3,0.5242967492675781,68.06,58.78,61.26
QQQ,2026-09-23,2026-09-30,C,679.0,57,10,0.5181932946777343,42.5,57.84,60.27
QQQ,2026-09-23,2026-09-30,C,680.0,688,2,0.5090381127929688,60.97,56.81,59.22
QQQ,2026-09-23,2026-09-30,C,681.0,142,3,0.505742247314453,49.4,55.8,58.29
QQQ,2026-09-23,2026-09-30,C,682.0,100,3,0.497197410888672,33.1,54.81,57.25
QQQ,2026-09-23,2026-09-30,C,683.0,33,12,0.4713187634277344,42.03,53.82,55.85
QQQ,2026-09-23,2026-09-30,C,684.0,103,1,0.4982960327148438,48.27,52.83,55.57
QQQ,2026-09-23,2026-09-30,C,685.0,433,4,0.4802298071289062,60.43,51.86,54.32
QQQ,2026-09-23,2026-09-30,C,686.0,143,11,0.4739432489013672,25.65,50.85,53.33
QQQ,2026-09-23,2026-09-30,C,687.0,285,250,0.46533737792968755,48.4,49.87,52.29
QQQ,2026-09-23,2026-09-30,C,688.0,35,3,0.46130909790039065,57.39,48.86,51.35
QQQ,2026-09-23,2026-09-30,C,689.0,147,5,0.45532771240234376,46.45,47.9,50.37
QQQ,2026-09-23,2026-09-30,C,690.0,2883,2,0.4600884069824219,46.78,46.9,49.64
QQQ,2026-09-23,2026-09-30,C,691.0,77,1,0.4368952795410156,46.04,45.93,48.26
QQQ,2026-09-23,2026-09-30,C,692.0,63,5,0.436529072265625,44.77,44.93,47.41
QQQ,2026-09-23,2026-09-30,C,693.0,44,4,0.4101621484375,25.39,43.95,45.96
QQQ,2026-09-23,2026-09-30,C,694.0,136,100,0.4163876721191406,38.6,42.94,45.26
QQQ,2026-09-23,2026-09-30,C,695.0,182,1,0.3864807446289062,47.3,41.98,43.73
QQQ,2026-09-23,2026-09-30,C,696.0,55,1,0.4050962811279296,50.73,40.99,43.32
QQQ,2026-09-23,2026-09-30,C,697.0,179,116,0.3969786865234375,39.93,39.99,42.29
QQQ,2026-09-23,2026-09-30,C,698.0,60,1,0.3792176336669921,47.62,39.06,41.03
QQQ,2026-09-23,2026-09-30,C,699.0,85,1,0.391058335571289,39.03,38.08,40.49
QQQ,2026-09-23,2026-09-30,C,700.0,2716,77,0.39063109375,42.0,37.05,39.66
QQQ,2026-09-23,2026-09-30,C,701.0,287,1,0.3031075549316406,46.23,36.48,36.78
QQQ,2026-09-23,2026-09-30,C,702.0,190,15,0.30676962768554683,45.75,35.51,35.99
QQQ,2026-09-23,2026-09-30,C,703.0,158,43,0.29383030395507803,37.17,34.54,34.85
QQQ,2026-09-23,2026-09-30,C,704.0,364,1,0.28882547119140617,37.43,33.58,33.88
QQQ,2026-09-23,2026-09-30,C,705.0,1405,1,0.2833323620605468,32.75,32.61,32.9
QQQ,2026-09-23,2026-09-30,C,706.0,402,1,0.286567192993164,30.59,31.83,32.12
QQQ,2026-09-23,2026-09-30,C,707.0,304,2,0.2742992492675781,34.65,30.69,30.99
QQQ,2026-09-23,2026-09-30,C,708.0,517,2,0.28040270385742183,32.41,29.96,30.29
QQQ,2026-09-23,2026-09-30,C,709.0,344,6,0.26618165466308596,32.42,28.8,29.11
QQQ,2026-09-23,2026-09-30,C,710.0,10677,4,0.2631299273681641,28.59,27.88,28.2
QQQ,2026-09-23,2026-09-30,C,711.0,441,5,0.25592785095214843,31.25,26.9,27.19
QQQ,2026-09-23,2026-09-30,C,712.0,351,4,0.25299819274902346,26.33,25.97,26.29
QQQ,2026-09-23,2026-09-30,C,713.0,384,6,0.25702647277832036,25.3,25.31,25.58
QQQ,2026-09-23,2026-09-30,C,714.0,682,6,0.2447585290527344,24.36,24.12,24.44
QQQ,2026-09-23,2026-09-30,C,715.0,10634,11,0.24127955993652345,23.71,23.25,23.54
QQQ,2026-09-23,2026-09-30,C,716.0,3411,1,0.23511507080078126,22.06,22.31,22.57
QQQ,2026-09-23,2026-09-30,C,717.0,921,1,0.23133092895507812,21.88,21.41,21.67
QQQ,2026-09-23,2026-09-30,C,718.0,566,5,0.22797402893066404,19.34,20.52,20.79
QQQ,2026-09-23,2026-09-30,C,719.0,740,1,0.22309126525878903,19.08,19.64,19.87
QQQ,2026-09-23,2026-09-30,C,720.0,11713,330,0.2222367816162109,19.59,18.78,19.08
QQQ,2026-09-23,2026-09-30,C,721.0,25160,512,0.21851367431640623,18.4,17.91,18.21
QQQ,2026-09-23,2026-09-30,C,722.0,645,3,0.21265435791015624,16.4,17.06,17.28
QQQ,2026-09-23,2026-09-30,C,723.0,959,5,0.21173883972167967,16.97,16.23,16.52
QQQ,2026-09-23,2026-09-30,C,724.0,531,27,0.20636779968261715,18.57,15.41,15.62
QQQ,2026-09-23,2026-09-30,C,725.0,21581,33,0.20447572875976558,15.31,14.6,14.85
QQQ,2026-09-23,2026-09-30,C,726.0,45173,5,0.20020331054687499,14.08,13.81,14.01
QQQ,2026-09-23,2026-09-30,C,727.0,6293,1,0.19788399780273438,13.31,13.04,13.25
QQQ,2026-09-23,2026-09-30,C,728.0,1306,23,0.19623606506347657,12.99,12.28,12.53
QQQ,2026-09-23,2026-09-30,C,729.0,342,19,0.1907429559326172,11.1,11.63,11.68
QQQ,2026-09-23,2026-09-30,C,730.0,11183,5253,0.187508125,11.22,10.89,10.93
QQQ,2026-09-23,2026-09-30,C,731.0,355,80,0.18616536499023437,10.89,10.21,10.27
QQQ,2026-09-23,2026-09-30,C,732.0,1436,28,0.18384605224609374,10.07,9.51,9.59
QQQ,2026-09-23,2026-09-30,C,733.0,428,89,0.18201501586914062,8.93,8.91,8.95
QQQ,2026-09-23,2026-09-30,C,734.0,493,88,0.1800008758544922,8.96,8.29,8.32
QQQ,2026-09-23,2026-09-30,C,735.0,13606,611,0.1769491485595703,7.87,7.64,7.67
QQQ,2026-09-23,2026-09-30,C,736.0,508,340,0.1765829412841797,7.04,7.1,7.15
QQQ,2026-09-23,2026-09-30,C,737.0,445,595,0.1726767303466797,6.51,6.49,6.51
QQQ,2026-09-23,2026-09-30,C,738.0,816,272,0.17170017761230472,5.99,6.0,6.01
QQQ,2026-09-23,2026-09-30,C,739.0,456,548,0.17090672851562502,5.47,5.51,5.54
QQQ,2026-09-23,2026-09-30,C,740.0,13163,6123,0.16797707031250003,5.09,4.98,5.01
QQQ,2026-09-23,2026-09-30,C,741.0,1318,132,0.16596293029785159,4.77,4.52,4.54
QQQ,2026-09-23,2026-09-30,C,742.0,1283,227,0.16590189575195316,4.22,4.14,4.17
QQQ,2026-09-23,2026-09-30,C,743.0,699,70,0.16443706665039062,4.1,3.74,3.77
QQQ,2026-09-23,2026-09-30,C,744.0,911,152,0.16175154663085936,3.48,3.33,3.35
QQQ,2026-09-23,2026-09-30,C,745.0,17790,493,0.16175154663085936,3.09,3.03,3.05
QQQ,2026-09-23,2026-09-30,C,746.0,648,192,0.16108016662597657,2.87,2.72,2.75
QQQ,2026-09-23,2026-09-30,C,747.0,7474,119,0.15949326843261719,2.44,2.41,2.44
QQQ,2026-09-23,2026-09-30,C,748.0,918,177,0.15845568115234376,2.45,2.16,2.17
QQQ,2026-09-23,2026-09-30,C,749.0,812,248,0.1573570593261719,2.18,1.9,1.92
QQQ,2026-09-23,2026-09-30,C,750.0,9071,1480,0.15656361022949222,1.68,1.68,1.7
QQQ,2026-09-23,2026-09-30,C,751.0,482,54,0.1554039538574219,1.68,1.47,1.49
QQQ,2026-09-23,2026-09-30,C,752.0,1945,68,0.15473257385253908,1.51,1.29,1.31
QQQ,2026-09-23,2026-09-30,C,753.0,565,57,0.15375602111816405,1.32,1.12,1.14
QQQ,2026-09-23,2026-09-30,C,754.0,479,106,0.1538170556640625,1.16,0.99,1.01
QQQ,2026-09-23,2026-09-30,C,755.0,2038,189,0.15332877929687502,0.91,0.86,0.88
QQQ,2026-09-23,2026-09-30,C,756.0,434,54,0.1530846411132813,0.81,0.76,0.77
QQQ,2026-09-23,2026-09-30,C,757.0,450,82,0.15284050292968754,0.71,0.66,0.67
QQQ,2026-09-23,2026-09-30,C,758.0,338,147,0.1524742956542969,0.57,0.57,0.58
QQQ,2026-09-23,2026-09-30,C,759.0,525,12,0.15137567382812503,0.45,0.48,0.49
QQQ,2026-09-23,2026-09-30,C,760.0,11944,2333,0.15332877929687502,0.49,0.43,0.45
QQQ,2026-09-23,2026-09-30,C,761.0,2123,9,0.15161981201171876,0.35,0.35,0.37
QQQ,2026-09-23,2026-09-30,C,762.0,1314,185,0.15259636474609378,0.37,0.31,0.33
QQQ,2026-09-23,2026-09-30,C,763.0,539,47,0.15332877929687502,0.29,0.28,0.29
QQQ,2026-09-23,2026-09-30,C,764.0,330,44,0.15210808837890627,0.24,0.22,0.24
QQQ,2026-09-23,2026-09-30,C,765.0,8442,30,0.15284050292968754,0.22,0.19,0.21
QQQ,2026-09-23,2026-09-30,C,766.0,1050,4,0.15284050292968754,0.17,0.17,0.18
QQQ,2026-09-23,2026-09-30,C,767.0,731,2,0.15552602294921875,0.14,0.16,0.17
QQQ,2026-09-23,2026-09-30,C,768.0,284,10,0.15479360839843753,0.14,0.13,0.14
QQQ,2026-09-23,2026-09-30,C,769.0,277,115,0.15479360839843753,0.28,0.11,0.12
QQQ,2026-09-23,2026-09-30,C,770.0,4470,15,0.15674671386718753,0.11,0.1,0.11
QQQ,2026-09-23,2026-09-30,C,771.0,223,1,0.15821154296875,0.12,0.09,0.1
QQQ,2026-09-23,2026-09-30,C,772.0,3804,32,0.1596763720703125,0.08,0.08,0.09
QQQ,2026-09-23,2026-09-30,C,773.0,83,39,0.1606529248046875,0.16,0.07,0.08
QQQ,2026-09-23,2026-09-30,C,774.0,81,1,0.161141201171875,0.06,0.06,0.07
QQQ,2026-09-23,2026-09-30,C,775.0,1550,20,0.165047412109375,0.06,0.05,0.07
QQQ,2026-09-23,2026-09-30,C,776.0,203,5,0.165047412109375,0.05,0.05,0.06
QQQ,2026-09-23,2026-09-30,C,777.0,431,135,0.16846534667968754,0.11,0.04,0.06
QQQ,2026-09-23,2026-09-30,C,778.0,343,17,0.16797707031250003,0.09,0.04,0.05
QQQ,2026-09-23,2026-09-30,C,779.0,348,1,0.17188328125000002,0.1,0.03,0.05
QQQ,2026-09-23,2026-09-30,C,780.0,1823,134,0.174812939453125,0.06,0.03,0.05
QQQ,2026-09-23,2026-09-30,C,781.0,178,65,0.178719150390625,0.05,0.03,0.05
QQQ,2026-09-23,2026-09-30,C,782.0,253,6,0.176766044921875,0.05,0.03,0.04
QQQ,2026-09-23,2026-09-30,C,783.0,299,12,0.180672255859375,0.04,0.03,0.04
QQQ,2026-09-23,2026-09-30,C,784.0,126,50,0.18360191406249998,0.03,0.02,0.04
QQQ,2026-09-23,2026-09-30,C,785.0,1181,20,0.186531572265625,0.02,0.02,0.04
QQQ,2026-09-23,2026-09-30,C,786.0,309,10,0.19043778320312502,0.06,0.02,0.04
QQQ,2026-09-23,2026-09-30,C,787.0,132,5,0.19336744140625,0.05,0.02,0.04
QQQ,2026-09-23,2026-09-30,C,788.0,142,1,0.196297099609375,0.04,0.02,0.04
QQQ,2026-09-23,2026-09-30,C,789.0,152,1,0.1992267578125,0.1,0.02,0.04
QQQ,2026-09-23,2026-09-30,C,790.0,1745,3,0.196297099609375,0.05,0.02,0.03
QQQ,2026-09-23,2026-09-30,C,791.0,159,1,0.1992267578125,0.07,0.01,0.03
QQQ,2026-09-23,2026-09-30,C,792.0,168,20,0.20313296874999998,0.03,0.01,0.03
QQQ,2026-09-23,2026-09-30,C,793.0,64,60,0.20606262695312497,0.02,0.01,0.03
QQQ,2026-09-23,2026-09-30,C,794.0,225,80,0.20899228515624996,0.02,0.01,0.03
QQQ,2026-09-23,2026-09-30,C,795.0,464,22,0.21192194335937498,0.07,0.01,0.03
QQQ,2026-09-23,2026-09-30,C,796.0,153,2,0.2148516015625,0.08,0.01,0.03
QQQ,2026-09-23,2026-09-30,C,797.0,84,1,0.21875781249999998,0.06,0.01,0.03
QQQ,2026-09-23,2026-09-30,C,798.0,180,10,0.22071091796874998,0.04,0.01,0.03
QQQ,2026-09-23,2026-09-30,C,799.0,285,20,0.22461712890624996,0.07,0.01,0.03
QQQ,2026-09-23,2026-09-30,C,800.0,4870,35,0.22657023437499998,0.02,0.01,0.03
QQQ,2026-09-23,2026-09-30,C,801.0,102,40,0.2304764453125,0.01,0.01,0.03
QQQ,2026-09-23,2026-09-30,C,802.0,186,1,0.233406103515625,0.01,0.01,0.03
QQQ,2026-09-23,2026-09-30,C,803.0,115,8,0.23633576171874998,0.01,0.01,0.03
QQQ,2026-09-23,2026-09-30,C,804.0,210,660,0.23926541992187497,0.01,0.01,0.03
QQQ,2026-09-23,2026-09-30,C,805.0,501,63,0.242195078125,0.05,0.01,0.03
QQQ,2026-09-23,2026-09-30,C,806.0,69,16,0.2461012890625,0.05,0.01,0.03
QQQ,2026-09-23,2026-09-30,C,807.0,139,320,0.24805439453125,0.06,0.01,0.03
QQQ,2026-09-23,2026-09-30,C,808.0,33,760,0.25196060546875,0.02,0.01,0.03
QQQ,2026-09-23,2026-09-30,C,809.0,1239,800,0.25391371093750004,0.02,0.01,0.03
QQQ,2026-09-23,2026-09-30,C,810.0,981,720,0.257819921875,0.04,0.01,0.03
QQQ,2026-09-23,2026-09-30,C,811.0,291,1,0.25977302734375,0.01,0.01,0.03
QQQ,2026-09-23,2026-09-30,C,812.0,48,180,0.26367923828125,0.03,0.01,0.03
QQQ,2026-09-23,2026-09-30,C,813.0,1327,1304,0.26563234375,0.05,0.01,0.03
QQQ,2026-09-23,2026-09-30,C,814.0,1845,880,0.2695385546875,0.03,0.01,0.03
QQQ,2026-09-23,2026-09-30,C,815.0,841,4,0.27149166015625,0.01,0.01,0.03
QQQ,2026-09-23,2026-09-30,C,816.0,1402,1,0.27539787109374997,0.05,0.01,0.03
QQQ,2026-09-23,2026-09-30,C,817.0,52,100,0.27735097656249996,0.01,0.01,0.03
QQQ,2026-09-23,2026-09-30,C,818.0,77,720,0.28125718749999995,0.03,0.01,0.03
QQQ,2026-09-23,2026-09-30,C,819.0,83,65,0.28321029296874994,0.04,0.01,0.03
QQQ,2026-09-23,2026-09-30,C,820.0,6350,50,0.28711650390624993,0.03,0.01,0.03
QQQ,2026-09-23,2026-09-30,C,821.0,8,3,0.2890696093749999,0.04,0.01,0.03
QQQ,2026-09-23,2026-09-30,C,822.0,0,1,0.12500875,0.27,0.0,0.0
QQQ,2026-09-23,2026-09-30,C,823.0,103,80,0.29492892578124996,0.01,0.01,0.03
QQQ,2026-09-23,2026-09-30,C,824.0,52,80,0.29883513671874995,0.02,0.01,0.03
QQQ,2026-09-23,2026-09-30,C,825.0,1247,777,0.2890696093749999,0.03,0.01,0.02
QQQ,2026-09-23,2026-09-30,C,826.0,2084,1459,0.2929758203124999,0.03,0.01,0.02
QQQ,2026-09-23,2026-09-30,C,827.0,740,681,0.29492892578124996,0.04,0.01,0.02
QQQ,2026-09-23,2026-09-30,C,828.0,327,280,0.29688203124999996,0.02,0.01,0.02
QQQ,2026-09-23,2026-09-30,C,829.0,68,15,0.3007882421875,0.04,0.01,0.02
QQQ,2026-09-23,2026-09-30,C,830.0,911,5,0.30274134765625,0.02,0.01,0.02
QQQ,2026-09-23,2026-09-30,C,831.0,58,1,0.304694453125,0.05,0.01,0.02
QQQ,2026-09-23,2026-09-30,C,832.0,3,1,0.3086006640625,0.01,0.01,0.02
QQQ,2026-09-23,2026-09-30,C,833.0,39,1,0.31250687499999996,0.05,0.01,0.02
QQQ,2026-09-23,2026-09-30,C,834.0,0,1,0.12500875,0.16,0.0,0.0
QQQ,2026-09-23,2026-09-30,C,835.0,163,25,0.31641308593749995,0.03,0.01,0.02
QQQ,2026-09-23,2026-09-30,C,836.0,83,20,0.32031929687499994,0.01,0.01,0.02
QQQ,2026-09-23,2026-09-30,C,837.0,296,200,0.32227240234374993,0.02,0.01,0.02
QQQ,2026-09-23,2026-09-30,C,838.0,186,320,0.3242255078124999,0.03,0.01,0.02
QQQ,2026-09-23,2026-09-30,C,839.0,515,561,0.32813171874999997,0.01,0.01,0.02
QQQ,2026-09-23,2026-09-30,C,840.0,495,400,0.33008482421874996,0.04,0.01,0.02
QQQ,2026-09-23,2026-09-30,C,841.0,173,160,0.3320379296875,0.04,0.01,0.02
QQQ,2026-09-23,2026-09-30,C,842.0,56,1,0.335944140625,0.01,0.01,0.02
QQQ,2026-09-23,2026-09-30,C,843.0,666,2,0.33789724609375,0.03,0.01,0.02
QQQ,2026-09-23,2026-09-30,C,844.0,0,3,0.2500075,0.08,0.0,0.0
QQQ,2026-09-23,2026-09-30,C,845.0,568,5,0.3437565625,0.03,0.01,0.02
QQQ,2026-09-23,2026-09-30,C,846.0,0,1,0.2500075,0.19,0.0,0.0
QQQ,2026-09-23,2026-09-30,C,847.0,0,1,0.2500075,0.61,0.0,0.0
QQQ,2026-09-23,2026-09-30,C,848.0,0,1,0.2500075,0.11,0.0,0.0
QQQ,2026-09-23,2026-09-30,C,849.0,74,21,0.35547519531249994,0.03,0.01,0.02
QQQ,2026-09-23,2026-09-30,C,850.0,1819,50,0.35547519531249994,0.01,0.01,0.02
QQQ,2026-09-23,2026-09-30,C,851.0,48,15,0.35938140625,0.02,0.01,0.02
QQQ,2026-09-23,2026-09-30,C,852.0,38,35,0.3632876171875,0.02,0.01,0.02
QQQ,2026-09-23,2026-09-30,C,853.0,0,1,0.2500075,0.49,0.0,0.0
QQQ,2026-09-23,2026-09-30,C,854.0,0,1,0.2500075,0.13,0.0,0.0
QQQ,2026-09-23,2026-09-30,C,855.0,180,1,0.3711000390625,0.02,0.01,0.02
QQQ,2026-09-23,2026-09-30,C,856.0,31,2,0.3711000390625,0.02,0.01,0.02
QQQ,2026-09-23,2026-09-30,C,857.0,75,10,0.37500625,0.03,0.01,0.02
QQQ,2026-09-23,2026-09-30,C,858.0,35,0,0.4023497265625,0.18,0.0,0.04
QQQ,2026-09-23,2026-09-30,C,859.0,11,10,0.4062559375,0.19,0.0,0.04
QQQ,2026-09-23,2026-09-30,C,860.0,399,1,0.38281867187499996,0.02,0.01,0.02
QQQ,2026-09-23,2026-09-30,C,861.0,19,12,0.38672488281249995,0.03,0.01,0.02
QQQ,2026-09-23,2026-09-30,C,862.0,18,2,0.445318046875,0.43,0.02,0.08
QQQ,2026-09-23,2026-09-30,C,863.0,39,16,0.4062559375,0.35,0.0,0.03
QQQ,2026-09-23,2026-09-30,C,864.0,11,10,0.40820904296875,0.73,0.0,0.03
QQQ,2026-09-23,2026-09-30,C,865.0,94,13,0.39453730468750003,0.02,0.01,0.02
QQQ,2026-09-23,2026-09-30,C,870.0,196,1,0.4101621484375,0.02,0.01,0.02
QQQ,2026-09-23,2026-09-30,C,875.0,111,5,0.42188078125,0.01,0.01,0.02
QQQ,2026-09-23,2026-09-30,C,880.0,180,220,0.4335994140625,0.02,0.01,0.02
QQQ,2026-09-23,2026-09-30,C,885.0,517,120,0.445318046875,0.02,0.01,0.02
QQQ,2026-09-23,2026-09-30,C,890.0,216,1,0.45703667968750006,0.01,0.01,0.02
QQQ,2026-09-23,2026-09-30,C,895.0,0,5,0.2500075,0.12,0.0,0.0
QQQ,2026-09-23,2026-09-30,C,900.0,625,200,0.48438015625,0.01,0.0,0.02
QQQ,2026-09-23,2026-09-30,C,905.0,25,1,0.49609878906250005,0.01,0.0,0.02
QQQ,2026-09-23,2026-09-30,C,910.0,0,1,0.2500075,0.09,0.0,0.0
QQQ,2026-09-23,2026-09-30,C,915.0,43,1,0.5195360546875,0.53,0.0,0.02
QQQ,2026-09-23,2026-09-30,C,920.0,225,40,0.500005,0.01,0.0,0.01
QQQ,2026-09-23,2026-09-30,C,925.0,69,1,0.51562984375,0.35,0.0,0.02
QQQ,2026-09-23,2026-09-30,C,930.0,77,1,0.500005,0.01,0.0,0.01
QQQ,2026-09-23,2026-09-30,C,935.0,0,13,0.2500075,0.06,0.0,0.0
QQQ,2026-09-23,2026-09-30,C,940.0,0,1,0.2500075,0.03,0.0,0.0
QQQ,2026-09-23,2026-09-30,C,945.0,0,1,0.2500075,0.03,0.0,0.0
QQQ,2026-09-23,2026-09-30,C,950.0,8123,2,0.5312546875,0.02,0.0,0.01
QQQ,2026-09-23,2026-09-30,P,405.0,6051,1,1.2812535937499998,0.02,0.0,0.02
QQQ,2026-09-23,2026-09-30,P,410.0,2093,480,1.2656286718749998,0.03,0.0,0.02
QQQ,2026-09-23,2026-09-30,P,415.0,985,560,1.2343788281249999,0.03,0.0,0.02
QQQ,2026-09-23,2026-09-30,P,420.0,2030,880,1.21875390625,0.02,0.0,0.02
QQQ,2026-09-23,2026-09-30,P,425.0,4404,961,1.1875040625,0.01,0.0,0.02
QQQ,2026-09-23,2026-09-30,P,430.0,670,640,1.15625421875,0.01,0.0,0.02
QQQ,2026-09-23,2026-09-30,P,435.0,365,1840,1.140629296875,0.01,0.0,0.02
QQQ,2026-09-23,2026-09-30,P,440.0,605,81,1.109379453125,0.01,0.0,0.02
QQQ,2026-09-23,2026-09-30,P,445.0,462,1261,1.09375453125,0.01,0.0,0.02
QQQ,2026-09-23,2026-09-30,P,450.0,930,30,1.0625046875000002,0.01,0.0,0.02
QQQ,2026-09-23,2026-09-30,P,455.0,571,882,1.0468797656250002,0.03,0.0,0.02
QQQ,2026-09-23,2026-09-30,P,460.0,637,502,1.0312548437500002,0.02,0.0,0.02
QQQ,2026-09-23,2026-09-30,P,465.0,588,660,1.000005,0.01,0.0,0.02
QQQ,2026-09-23,2026-09-30,P,470.0,1261,15,0.98437515625,0.01,0.0,0.02
QQQ,2026-09-23,2026-09-30,P,475.0,790,158,0.9531254687499999,0.01,0.0,0.02
QQQ,2026-09-23,2026-09-30,P,480.0,1522,82,0.937500625,0.01,0.0,0.02
QQQ,2026-09-23,2026-09-30,P,485.0,496,14,0.945313046875,0.01,0.01,0.02
QQQ,2026-09-23,2026-09-30,P,490.0,512,80,0.92187578125,0.02,0.01,0.02
QQQ,2026-09-23,2026-09-30,P,495.0,705,20,0.8984385156249999,0.01,0.01,0.02
QQQ,2026-09-23,2026-09-30,P,500.0,3258,6,0.87500125,0.01,0.01,0.02
QQQ,2026-09-23,2026-09-30,P,505.0,495,960,0.85937640625,0.01,0.01,0.02
QQQ,2026-09-23,2026-09-30,P,510.0,553,1280,0.8359391406249999,0.01,0.01,0.02
QQQ,2026-09-23,2026-09-30,P,515.0,278,1217,0.8125018749999999,0.01,0.01,0.02
QQQ,2026-09-23,2026-09-30,P,520.0,8018,1120,0.79687703125,0.01,0.01,0.02
QQQ,2026-09-23,2026-09-30,P,525.0,707,2,0.773439765625,0.02,0.01,0.02
QQQ,2026-09-23,2026-09-30,P,530.0,2208,440,0.7578149218750001,0.01,0.01,0.02
QQQ,2026-09-23,2026-09-30,P,535.0,778,140,0.73437765625,0.02,0.01,0.02
QQQ,2026-09-23,2026-09-30,P,540.0,4184,722,0.710940390625,0.02,0.01,0.02
QQQ,2026-09-23,2026-09-30,P,545.0,1105,720,0.710940390625,0.03,0.01,0.03
QQQ,2026-09-23,2026-09-30,P,550.0,1878,584,0.6914093359375001,0.03,0.01,0.03
QQQ,2026-09-23,2026-09-30,P,555.0,5663,720,0.6718782812500002,0.01,0.01,0.03
QQQ,2026-09-23,2026-09-30,P,560.0,668,260,0.632816171875,0.01,0.01,0.02
QQQ,2026-09-23,2026-09-30,P,565.0,2748,1210,0.632816171875,0.02,0.01,0.03
QQQ,2026-09-23,2026-09-30,P,570.0,1550,400,0.6132851171875001,0.01,0.01,0.03
QQQ,2026-09-23,2026-09-30,P,575.0,5832,985,0.5937540625000001,0.01,0.01,0.03
QQQ,2026-09-23,2026-09-30,P,580.0,1293,1,0.5742230078125,0.02,0.01,0.03
QQQ,2026-09-23,2026-09-30,P,585.0,694,163,0.5546919531250001,0.01,0.01,0.03
QQQ,2026-09-23,2026-09-30,P,590.0,1179,606,0.5351608984375,0.03,0.01,0.03
QQQ,2026-09-23,2026-09-30,P,595.0,469,600,0.51562984375,0.02,0.01,0.03
QQQ,2026-09-23,2026-09-30,P,600.0,16192,411,0.500005,0.03,0.01,0.03
QQQ,2026-09-23,2026-09-30,P,605.0,1485,22,0.49609878906250005,0.02,0.01,0.03
QQQ,2026-09-23,2026-09-30,P,610.0,4808,3,0.47852083984375,0.02,0.02,0.03
QQQ,2026-09-23,2026-09-30,P,615.0,661,10,0.4726615234375,0.03,0.02,0.04
QQQ,2026-09-23,2026-09-30,P,620.0,2369,10,0.45313046875,0.02,0.02,0.04
QQQ,2026-09-23,2026-09-30,P,625.0,2135,1,0.4335994140625,0.04,0.03,0.04
QQQ,2026-09-23,2026-09-30,P,630.0,1557,113,0.42383388671875,0.04,0.03,0.05
QQQ,2026-09-23,2026-09-30,P,635.0,1361,11,0.40430283203125,0.05,0.04,0.05
QQQ,2026-09-23,2026-09-30,P,640.0,7694,15,0.39258419921875,0.06,0.04,0.06
QQQ,2026-09-23,2026-09-30,P,645.0,1598,34,0.3789124609375,0.06,0.06,0.07
QQQ,2026-09-23,2026-09-30,P,650.0,24526,1367,0.36524072265625,0.08,0.07,0.08
QQQ,2026-09-23,2026-09-30,P,651.0,343,192,0.36133451171875,0.08,0.06,0.08
QQQ,2026-09-23,2026-09-30,P,652.0,159,119,0.35742830078125,0.09,0.07,0.08
QQQ,2026-09-23,2026-09-30,P,653.0,116,14,0.352545537109375,0.08,0.07,0.08
QQQ,2026-09-23,2026-09-30,P,654.0,91,5,0.35352208984374994,0.09,0.08,0.09
QQQ,2026-09-23,2026-09-30,P,655.0,1913,3,0.34961587890624996,0.08,0.08,0.09
QQQ,2026-09-23,2026-09-30,P,656.0,222,132,0.34570966796874997,0.1,0.08,0.09
QQQ,2026-09-23,2026-09-30,P,657.0,222,4,0.34180345703125,0.09,0.08,0.09
QQQ,2026-09-23,2026-09-30,P,658.0,125,8,0.34180345703125,0.1,0.09,0.1
QQQ,2026-09-23,2026-09-30,P,659.0,101,10,0.33789724609375,0.11,0.09,0.1
QQQ,2026-09-23,2026-09-30,P,660.0,8370,1,0.33399103515625,0.1,0.09,0.1
QQQ,2026-09-23,2026-09-30,P,661.0,155,1,0.33008482421874996,0.1,0.09,0.1
QQQ,2026-09-23,2026-09-30,P,662.0,142,1,0.32959654785156245,0.1,0.09,0.11
QQQ,2026-09-23,2026-09-30,P,663.0,171,47,0.32520206054687495,0.12,0.09,0.11
QQQ,2026-09-23,2026-09-30,P,664.0,2061,1,0.32129584960937496,0.11,0.1,0.11
QQQ,2026-09-23,2026-09-30,P,665.0,4898,602,0.317389638671875,0.13,0.1,0.11
QQQ,2026-09-23,2026-09-30,P,666.0,4907,4868,0.31641308593749995,0.13,0.1,0.12
QQQ,2026-09-23,2026-09-30,P,667.0,1225,1,0.31250687499999996,0.12,0.11,0.12
QQQ,2026-09-23,2026-09-30,P,668.0,187,20,0.31153032226562494,0.14,0.12,0.13
QQQ,2026-09-23,2026-09-30,P,669.0,473,1,0.30762411132812495,0.13,0.12,0.13
QQQ,2026-09-23,2026-09-30,P,670.0,3891,157,0.3061592822265625,0.14,0.13,0.14
QQQ,2026-09-23,2026-09-30,P,671.0,182,3,0.29883513671874995,0.15,0.12,0.13
QQQ,2026-09-23,2026-09-30,P,672.0,257,39,0.2978585839843749,0.16,0.13,0.14
QQQ,2026-09-23,2026-09-30,P,673.0,147,4,0.2963937548828125,0.18,0.14,0.15
QQQ,2026-09-23,2026-09-30,P,674.0,134,8,0.2919992675781249,0.17,0.14,0.15
QQQ,2026-09-23,2026-09-30,P,675.0,10821,2,0.29053443847656246,0.16,0.15,0.16
QQQ,2026-09-23,2026-09-30,P,676.0,21337,16,0.28613995117187496,0.18,0.15,0.16
QQQ,2026-09-23,2026-09-30,P,677.0,1079,3,0.2841868457031249,0.17,0.16,0.17
QQQ,2026-09-23,2026-09-30,P,678.0,198,2,0.2797923583984374,0.19,0.16,0.17
QQQ,2026-09-23,2026-09-30,P,679.0,159,20,0.2778392529296875,0.18,0.17,0.18
QQQ,2026-09-23,2026-09-30,P,680.0,21686,44,0.2758861474609374,0.18,0.18,0.19
QQQ,2026-09-23,2026-09-30,P,681.0,14365,5,0.27149166015625,0.21,0.17,0.19
QQQ,2026-09-23,2026-09-30,P,682.0,1972,8,0.26709717285156254,0.2,0.18,0.19
QQQ,2026-09-23,2026-09-30,P,683.0,592,48,0.264655791015625,0.23,0.19,0.2
QQQ,2026-09-23,2026-09-30,P,684.0,395,19,0.2622144091796875,0.2,0.2,0.21
QQQ,2026-09-23,2026-09-30,P,685.0,9157,9,0.257819921875,0.23,0.2,0.21
QQQ,2026-09-23,2026-09-30,P,686.0,339,66,0.25879647460937505,0.22,0.22,0.24
QQQ,2026-09-23,2026-09-30,P,687.0,14575,72,0.25586681640625003,0.24,0.24,0.25
QQQ,2026-09-23,2026-09-30,P,688.0,1195,1,0.252937158203125,0.25,0.25,0.26
QQQ,2026-09-23,2026-09-30,P,689.0,148,16,0.2500075,0.27,0.25,0.27
QQQ,2026-09-23,2026-09-30,P,690.0,23789,198,0.24536887451171874,0.25,0.25,0.27
QQQ,2026-09-23,2026-09-30,P,691.0,831,15,0.242195078125,0.28,0.27,0.28
QQQ,2026-09-23,2026-09-30,P,692.0,279,153,0.24048611083984373,0.28,0.28,0.3
QQQ,2026-09-23,2026-09-30,P,693.0,330,5,0.23853300537109373,0.29,0.3,0.32
QQQ,2026-09-23,2026-09-30,P,694.0,277,28,0.23389437988281248,0.35,0.31,0.32
QQQ,2026-09-23,2026-09-30,P,695.0,19345,110,0.23023230712890624,0.32,0.32,0.33
QQQ,2026-09-23,2026-09-30,P,696.0,2862,28,0.22925575439453127,0.38,0.35,0.36
QQQ,2026-09-23,2026-09-30,P,697.0,492,1,0.22657023437499998,0.37,0.36,0.38
QQQ,2026-09-23,2026-09-30,P,698.0,823,4,0.2238847143554687,0.4,0.39,0.4
QQQ,2026-09-23,2026-09-30,P,699.0,512,7,0.22217574707031246,0.45,0.42,0.43
QQQ,2026-09-23,2026-09-30,P,700.0,25211,992,0.2192460888671875,0.42,0.44,0.45
QQQ,2026-09-23,2026-09-30,P,701.0,529,48,0.21509573974609375,0.45,0.45,0.46
QQQ,2026-09-23,2026-09-30,P,702.0,668,3,0.21375297973632812,0.5,0.49,0.5
QQQ,2026-09-23,2026-09-30,P,703.0,458,142,0.2111895288085937,0.53,0.52,0.53
QQQ,2026-09-23,2026-09-30,P,704.0,453,11,0.20850400878906244,0.53,0.53,0.56
QQQ,2026-09-23,2026-09-30,P,705.0,22385,635,0.20716124877929684,0.55,0.6,0.61
QQQ,2026-09-23,2026-09-30,P,706.0,677,9,0.2048419360351562,0.56,0.63,0.65
QQQ,2026-09-23,2026-09-30,P,707.0,1428,369,0.20227848510742186,0.62,0.67,0.69
QQQ,2026-09-23,2026-09-30,P,708.0,475,7,0.19947089599609374,0.67,0.71,0.73
QQQ,2026-09-23,2026-09-30,P,709.0,1739,32,0.19788399780273438,0.73,0.76,0.79
QQQ,2026-09-23,2026-09-30,P,710.0,10509,360,0.1947102014160156,0.8,0.81,0.83
QQQ,2026-09-23,2026-09-30,P,711.0,2095,14,0.19300123413085937,0.81,0.88,0.9
QQQ,2026-09-23,2026-09-30,P,712.0,662,140,0.19117019775390626,0.87,0.95,0.97
QQQ,2026-09-23,2026-09-30,P,713.0,926,45,0.18885088500976563,1.04,1.02,1.04
QQQ,2026-09-23,2026-09-30,P,714.0,1735,18,0.18738605590820312,1.08,1.11,1.13
QQQ,2026-09-23,2026-09-30,P,715.0,8519,714,0.1840901904296875,1.1,1.17,1.19
QQQ,2026-09-23,2026-09-30,P,716.0,3806,144,0.18201501586914062,1.24,1.26,1.28
QQQ,2026-09-23,2026-09-30,P,717.0,1396,26,0.17993984130859375,1.24,1.36,1.38
QQQ,2026-09-23,2026-09-30,P,718.0,1472,53,0.17847501220703127,1.39,1.48,1.5
QQQ,2026-09-23,2026-09-30,P,719.0,894,15,0.17615569946289064,1.47,1.59,1.61
QQQ,2026-09-23,2026-09-30,P,720.0,51660,2024,0.1746298358154297,1.7,1.73,1.75
QQQ,2026-09-23,2026-09-30,P,721.0,568,29,0.17237155761718753,1.73,1.86,1.88
QQQ,2026-09-23,2026-09-30,P,722.0,529,58,0.17078465942382814,1.81,2.01,2.04
QQQ,2026-09-23,2026-09-30,P,723.0,543,70,0.1690756921386719,2.04,2.18,2.21
QQQ,2026-09-23,2026-09-30,P,724.0,444,32,0.16663431030273443,2.06,2.34,2.37
QQQ,2026-09-23,2026-09-30,P,725.0,4861,969,0.16468120483398438,2.5,2.52,2.56
QQQ,2026-09-23,2026-09-30,P,726.0,441,83,0.16352154846191408,2.75,2.77,2.79
QQQ,2026-09-23,2026-09-30,P,727.0,1149,11,0.16187361572265624,2.99,2.99,3.02
QQQ,2026-09-23,2026-09-30,P,728.0,890,122,0.159188095703125,3.06,3.22,3.23
QQQ,2026-09-23,2026-09-30,P,729.0,382,61,0.15711292114257813,3.18,3.45,3.48
QQQ,2026-09-23,2026-09-30,P,730.0,49384,11782,0.1555870574951172,3.77,3.74,3.77
QQQ,2026-09-23,2026-09-30,P,731.0,335,67,0.15479360839843753,3.61,4.08,4.11
QQQ,2026-09-23,2026-09-30,P,732.0,787,260,0.15143670837402345,4.39,4.34,4.37
QQQ,2026-09-23,2026-09-30,P,733.0,702,257,0.15155877746582033,4.68,4.75,4.79
QQQ,2026-09-23,2026-09-30,P,734.0,920,204,0.14878170562744142,5.03,5.08,5.12
QQQ,2026-09-23,2026-09-30,P,735.0,7022,866,0.14643187561035154,5.39,5.46,5.49
QQQ,2026-09-23,2026-09-30,P,736.0,446,309,0.14612670288085935,5.91,5.91,5.97
QQQ,2026-09-23,2026-09-30,P,737.0,411,198,0.14295290649414064,6.33,6.33,6.36
QQQ,2026-09-23,2026-09-30,P,738.0,296,201,0.14051152465820313,6.82,6.74,6.81
QQQ,2026-09-23,2026-09-30,P,739.0,276,102,0.14069462829589846,6.84,7.29,7.39
QQQ,2026-09-23,2026-09-30,P,740.0,1506,221,0.13654427917480472,7.38,7.79,7.83
QQQ,2026-09-23,2026-09-30,P,741.0,1443,28,0.1344080700683594,7.88,8.34,8.38
QQQ,2026-09-23,2026-09-30,P,742.0,248,94,0.13221082641601564,8.55,8.91,8.96
QQQ,2026-09-23,2026-09-30,P,743.0,158,32,0.1302882382202148,9.07,9.52,9.58
QQQ,2026-09-23,2026-09-30,P,744.0,555,20,0.12860978820800778,9.45,10.17,10.24
QQQ,2026-09-23,2026-09-30,P,745.0,1360,52,0.12629047546386718,10.55,10.83,10.91
QQQ,2026-09-23,2026-09-30,P,746.0,607,11,0.12555806091308597,10.76,11.3,11.66
QQQ,2026-09-23,2026-09-30,P,747.0,415,16,0.12177391906738282,12.25,11.99,12.35
QQQ,2026-09-23,2026-09-30,P,748.0,258,59,0.11805081176757812,10.37,12.65,13.08
QQQ,2026-09-23,2026-09-30,P,749.0,29,2,0.11438873901367189,13.8,13.47,13.85
QQQ,2026-09-23,2026-09-30,P,750.0,676,354,0.10279217529296875,14.29,14.11,14.51
QQQ,2026-09-23,2026-09-30,P,751.0,79,59,0.10425700439453123,13.4,14.97,15.45
QQQ,2026-09-23,2026-09-30,P,752.0,22,5,0.09644458251953125,16.39,15.87,16.28
QQQ,2026-09-23,2026-09-30,P,753.0,11,1,0.08252870605468751,17.39,16.71,17.13
QQQ,2026-09-23,2026-09-30,P,754.0,5,2,1.0000000000000003e-05,11.94,17.58,17.99
QQQ,2026-09-23,2026-09-30,P,755.0,60,26,1.0000000000000003e-05,18.41,18.29,18.7
QQQ,2026-09-23,2026-09-30,P,756.0,24,4,1.0000000000000003e-05,17.29,19.03,19.54
QQQ,2026-09-23,2026-09-30,P,757.0,2,2,1.0000000000000003e-05,19.81,20.05,20.52
QQQ,2026-09-23,2026-09-30,P,758.0,0,0,1.0000000000000003e-05,13.03,20.92,21.38
QQQ,2026-09-23,2026-09-30,P,760.0,50,1,1.0000000000000003e-05,23.75,23.08,23.55
QQQ,2026-09-23,2026-09-30,P,761.0,8,10,1.0000000000000003e-05,20.41,24.04,24.54
QQQ,2026-09-23,2026-09-30,P,762.0,7,5,1.0000000000000003e-05,15.63,25.01,25.47
QQQ,2026-09-23,2026-09-30,P,763.0,4,1,1.0000000000000003e-05,18.7,25.99,26.49
QQQ,2026-09-23,2026-09-30,P,765.0,15,4,1.0000000000000003e-05,23.14,27.99,28.47
QQQ,2026-09-23,2026-09-30,P,766.0,0,2,1.0000000000000003e-05,28.91,28.97,29.44
QQQ,2026-09-23,2026-09-30,P,767.0,1,0,1.0000000000000003e-05,50.4,29.79,30.33
QQQ,2026-09-23,2026-09-30,P,769.0,0,1,0.7558007818603516,80.8,48.88,52.44
QQQ,2026-09-23,2026-09-30,P,770.0,4,7,1.0000000000000003e-05,24.75,32.87,33.41
QQQ,2026-09-23,2026-09-30,P,771.0,1,1,1.0000000000000003e-05,26.2,33.68,34.19
QQQ,2026-09-23,2026-09-30,P,772.0,0,0,1.0000000000000003e-05,26.52,34.95,35.43
QQQ,2026-09-23,2026-09-30,P,773.0,0,8,1.0000000000000003e-05,54.9,0.0,0.0
QQQ,2026-09-23,2026-09-30,P,774.0,0,2,1.0000000000000003e-05,31.61,36.46,37.44
QQQ,2026-09-23,2026-09-30,P,775.0,50,2,1.0000000000000003e-05,38.37,36.27,38.9
QQQ,2026-09-23,2026-09-30,P,776.0,0,0,1.0000000000000003e-05,33.49,37.15,39.9
QQQ,2026-09-23,2026-09-30,P,777.0,0,0,1.0000000000000003e-05,34.5,38.08,40.9
QQQ,2026-09-23,2026-09-30,P,778.0,0,0,1.0000000000000003e-05,36.17,39.13,41.9
QQQ,2026-09-23,2026-09-30,P,779.0,0,2,1.0000000000000003e-05,36.44,40.31,42.9
QQQ,2026-09-23,2026-09-30,P,780.0,0,1,1.0000000000000003e-05,41.5,41.05,43.99
QQQ,2026-09-23,2026-09-30,P,782.0,0,0,1.1689494677734376,72.19,74.14,76.63
QQQ,2026-09-23,2026-09-30,P,783.0,0,0,1.0000000000000003e-05,65.98,0.0,0.0
QQQ,2026-09-23,2026-09-30,P,784.0,0,1,1.1865275048828123,78.74,76.19,78.66
QQQ,2026-09-23,2026-09-30,P,785.0,0,1,1.0000000000000003e-05,63.85,0.0,0.0
QQQ,2026-09-23,2026-09-30,P,789.0,0,0,1.2272682679748537,79.23,81.19,83.66
QQQ,2026-09-23,2026-09-30,P,790.0,5,1,0.3221503332519531,85.0,51.41,54.87
QQQ,2026-09-23,2026-09-30,P,791.0,0,0,0.274421318359375,82.33,52.41,55.38
QQQ,2026-09-23,2026-09-30,P,792.0,0,1,1.2503394416809082,81.94,84.14,86.64
QQQ,2026-09-23,2026-09-30,P,795.0,0,1,1.0000000000000003e-05,64.65,0.0,0.0
QQQ,2026-09-23,2026-09-30,P,797.0,0,1,1.2905003736877443,105.96,89.19,91.66
QQQ,2026-09-23,2026-09-30,P,800.0,1,2,0.309577216796875,91.0,61.41,64.38
QQQ,2026-09-23,2026-09-30,P,801.0,0,1,0.34961587890624996,84.78,62.42,65.66
QQQ,2026-09-23,2026-09-30,P,805.0,0,2,1.3531526483154297,84.76,97.24,99.73
QQQ,2026-09-23,2026-09-30,P,806.0,0,0,1.0000000000000003e-05,73.51,0.0,0.0
QQQ,2026-09-23,2026-09-30,P,809.0,0,0,1.0528001461791994,144.92,88.78,92.29
QQQ,2026-09-23,2026-09-30,P,810.0,0,4,1.0000000000000003e-05,93.3,0.0,0.0
QQQ,2026-09-23,2026-09-30,P,815.0,0,80,1.4254789468383788,100.1,107.14,109.73
QQQ,2026-09-23,2026-09-30,P,819.0,0,5,1.0000000000000003e-05,101.19,0.0,0.0
QQQ,2026-09-23,2026-09-30,P,820.0,0,12,0.4260311303710938,101.78,81.41,84.66
QQQ,2026-09-23,2026-09-30,P,821.0,0,4,0.39331661376953125,102.8,82.42,85.41
QQQ,2026-09-23,2026-09-30,P,822.0,0,0,1.0000000000000003e-05,97.27,0.0,0.0
QQQ,2026-09-23,2026-09-30,P,825.0,0,2,1.4973169665527344,102.58,117.35,119.59
QQQ,2026-09-23,2026-09-30,P,830.0,0,2,1.529695955047607,106.35,122.14,124.64
QQQ,2026-09-23,2026-09-30,P,831.0,0,41,1.0000000000000003e-05,106.27,0.0,0.0
QQQ,2026-09-23,2026-09-30,P,833.0,0,0,1.0000000000000003e-05,109.11,0.0,0.0
QQQ,2026-09-23,2026-09-30,P,835.0,0,106,1.8809210055541992,99.4,138.33,142.14
QQQ,2026-09-23,2026-09-30,P,840.0,1,1,0.46094289062500005,132.92,101.37,104.41
QQQ,2026-09-23,2026-09-30,P,841.0,0,1,0.4892629199218751,133.94,102.41,105.55
QQQ,2026-09-23,2026-09-30,P,842.0,0,0,1.0000000000000003e-05,118.11,0.0,0.0
QQQ,2026-09-23,2026-09-30,P,843.0,0,0,1.0000000000000003e-05,118.27,0.0,0.0
QQQ,2026-09-23,2026-09-30,P,845.0,0,49,1.950317631225586,109.69,148.33,152.14
QQQ,2026-09-23,2026-09-30,P,848.0,0,0,1.0000000000000003e-05,123.27,0.0,0.0
QQQ,2026-09-23,2026-09-30,P,850.0,3,1,0.5297898583984376,109.14,111.44,114.6
QQQ,2026-09-23,2026-09-30,P,851.0,0,1,0.499028447265625,110.16,112.31,115.41
QQQ,2026-09-23,2026-09-30,P,853.0,0,0,1.0000000000000003e-05,129.11,0.0,0.0
QQQ,2026-09-23,2026-09-30,P,855.0,0,2,2.0405322424316403,118.72,160.05,162.14
QQQ,2026-09-23,2026-09-30,P,860.0,0,8,2.0727587243652343,121.72,164.99,167.14
QQQ,2026-09-23,2026-09-30,P,865.0,0,2,2.10736557144165,128.17,170.14,172.14
QQQ,2026-09-23,2026-09-30,P,890.0,0,0,2.2391401443481445,173.9,193.33,197.14
QQQ,2026-09-23,2026-09-30,P,935.0,0,0,1.792664610900879,247.64,215.51,219.14
QQQ,2026-09-23,2026-09-30,P,950.0,0,1,0.8471694970703124,230.7,211.41,214.57
QQQ,2026-09-23,2026-10-01,C,610.0,0,0,0.805666005859375,135.05,126.15,129.68
QQQ,2026-09-23,2026-10-01,C,640.0,30,0,0.6114540808105471,77.28,95.86,99.32
QQQ,2026-09-23,2026-10-01,C,645.0,30,0,0.5762981823730469,72.32,90.77,94.21
QQQ,2026-09-23,2026-10-01,C,650.0,1,0,0.5881388842773438,93.25,86.26,89.79
QQQ,2026-09-23,2026-10-01,C,675.0,1,0,0.5205126074218749,41.78,61.17,64.51
QQQ,2026-09-23,2026-10-01,C,680.0,2,1,0.49377947631835944,63.45,56.44,59.62
QQQ,2026-09-23,2026-10-01,C,687.0,5,5,0.44690494506835937,51.34,49.06,52.57
QQQ,2026-09-23,2026-10-01,C,689.0,5,5,0.45215391601562505,49.37,47.55,51.03
QQQ,2026-09-23,2026-10-01,C,690.0,4,2,0.4470880487060547,48.02,46.57,50.07
QQQ,2026-09-23,2026-10-01,C,691.0,1,0,0.44275459594726563,56.28,45.59,49.13
QQQ,2026-09-23,2026-10-01,C,695.0,19,20,0.41596043029785157,51.3,41.67,45.13
QQQ,2026-09-23,2026-10-01,C,700.0,2,0,0.37079486633300784,19.22,37.21,39.81
QQQ,2026-09-23,2026-10-01,C,705.0,5,1,0.2846751220703124,39.16,32.47,33.38
QQQ,2026-09-23,2026-10-01,C,708.0,0,0,0.2687451055908203,39.5,29.56,30.46
QQQ,2026-09-23,2026-10-01,C,709.0,2,0,0.26746338012695314,36.65,28.81,29.6
QQQ,2026-09-23,2026-10-01,C,710.0,29,1,0.26557130920410155,32.8,28.21,28.73
QQQ,2026-09-23,2026-10-01,C,711.0,0,1,0.2589795782470704,21.63,27.31,27.73
QQQ,2026-09-23,2026-10-01,C,712.0,2,1,0.2523268127441406,31.15,26.4,26.73
QQQ,2026-09-23,2026-10-01,C,713.0,0,7,0.25336440002441407,21.04,25.47,25.96
QQQ,2026-09-23,2026-10-01,C,714.0,0,1,0.24683370361328127,24.46,24.3,24.97
QQQ,2026-09-23,2026-10-01,C,715.0,212,3,0.2447585290527344,24.49,23.68,24.12
QQQ,2026-09-23,2026-10-01,C,716.0,25,1,0.237739556274414,23.11,22.76,23.12
QQQ,2026-09-23,2026-10-01,C,717.0,107,6,0.2337723107910156,24.97,21.91,22.22
QQQ,2026-09-23,2026-10-01,C,718.0,54,3,0.23084265258789063,21.26,21.1,21.36
QQQ,2026-09-23,2026-10-01,C,719.0,55,10,0.22919471984863282,20.13,20.21,20.55
QQQ,2026-09-23,2026-10-01,C,720.0,344,2,0.22724161437988277,18.79,19.36,19.74
QQQ,2026-09-23,2026-10-01,C,721.0,33,6,0.2238847143554687,20.98,18.52,18.89
QQQ,2026-09-23,2026-10-01,C,722.0,62,35,0.2186357434082031,20.07,17.65,17.98
QQQ,2026-09-23,2026-10-01,C,723.0,31,21,0.21454642883300779,19.43,16.78,17.12
QQQ,2026-09-23,2026-10-01,C,724.0,34,17,0.21375297973632812,18.84,16.06,16.39
QQQ,2026-09-23,2026-10-01,C,725.0,1239,8,0.21411918701171873,15.72,15.5,15.72
QQQ,2026-09-23,2026-10-01,C,726.0,37,228,0.20642883422851557,14.46,14.53,14.75
QQQ,2026-09-23,2026-10-01,C,727.0,112,78,0.20459779785156246,14.39,13.68,14.02
QQQ,2026-09-23,2026-10-01,C,728.0,38,76,0.20020331054687499,14.0,13.12,13.2
QQQ,2026-09-23,2026-10-01,C,729.0,301,16,0.19654123779296873,12.51,12.34,12.42
QQQ,2026-09-23,2026-10-01,C,730.0,1754,3,0.19565623687744144,11.4,11.71,11.77
QQQ,2026-09-23,2026-10-01,C,731.0,91,185,0.19367261413574222,11.84,11.02,11.09
QQQ,2026-09-23,2026-10-01,C,732.0,251,601,0.19147537048339847,10.78,10.36,10.42
QQQ,2026-09-23,2026-10-01,C,733.0,144,11,0.18824053955078124,10.18,9.67,9.72
QQQ,2026-09-23,2026-10-01,C,734.0,65,618,0.18689777954101564,9.69,9.07,9.12
QQQ,2026-09-23,2026-10-01,C,735.0,786,201,0.18418174224853517,8.94,8.43,8.48
QQQ,2026-09-23,2026-10-01,C,736.0,143,149,0.18241174041748048,8.51,7.86,7.9
QQQ,2026-09-23,2026-10-01,C,737.0,63,323,0.18042811767578126,7.41,7.28,7.33
QQQ,2026-09-23,2026-10-01,C,738.0,126,58,0.17774259765625,6.8,6.71,6.75
QQQ,2026-09-23,2026-10-01,C,739.0,717,46,0.17847501220703127,6.82,6.27,6.34
QQQ,2026-09-23,2026-10-01,C,740.0,3790,2146,0.1759725958251953,5.78,5.77,5.81
QQQ,2026-09-23,2026-10-01,C,741.0,155,67,0.17505707763671874,5.7,5.28,5.37
QQQ,2026-09-23,2026-10-01,C,742.0,129,51,0.17289035125732422,5.21,4.84,4.9
QQQ,2026-09-23,2026-10-01,C,743.0,71,42,0.1713950048828125,4.59,4.45,4.48
QQQ,2026-09-23,2026-10-01,C,744.0,66,41,0.17011327941894533,4.39,4.06,4.09
QQQ,2026-09-23,2026-10-01,C,745.0,435,220,0.16803810485839848,3.75,3.66,3.69
QQQ,2026-09-23,2026-10-01,C,746.0,273,136,0.1682212084960938,3.41,3.37,3.4
QQQ,2026-09-23,2026-10-01,C,747.0,106,129,0.1671225866699219,3.16,3.04,3.08
QQQ,2026-09-23,2026-10-01,C,748.0,87,60,0.16602396484375004,2.78,2.74,2.78
QQQ,2026-09-23,2026-10-01,C,749.0,65,26,0.1645591357421875,2.6,2.45,2.49
QQQ,2026-09-23,2026-10-01,C,750.0,627,361,0.16346051391601565,2.2,2.2,2.23
QQQ,2026-09-23,2026-10-01,C,751.0,173,57,0.16297223754882814,2.05,1.98,2.01
QQQ,2026-09-23,2026-10-01,C,752.0,167,51,0.16162947753906248,1.81,1.75,1.78
QQQ,2026-09-23,2026-10-01,C,753.0,113,42,0.16169051208496094,1.7,1.57,1.61
QQQ,2026-09-23,2026-10-01,C,754.0,110,17,0.16053085571289064,1.46,1.4,1.42
QQQ,2026-09-23,2026-10-01,C,755.0,369,43,0.1595543029785156,1.4,1.23,1.25
QQQ,2026-09-23,2026-10-01,C,756.0,119,19,0.1599815447998047,1.16,1.11,1.13
QQQ,2026-09-23,2026-10-01,C,757.0,66,25,0.1595543029785156,1.0,0.97,1.0
QQQ,2026-09-23,2026-10-01,C,758.0,162,15,0.15894395751953128,0.96,0.85,0.88
QQQ,2026-09-23,2026-10-01,C,759.0,62,5,0.1577232666015625,0.82,0.74,0.76
QQQ,2026-09-23,2026-10-01,C,760.0,1039,292,0.15760119750976562,0.7,0.65,0.67
QQQ,2026-09-23,2026-10-01,C,761.0,12,2,0.15747912841796874,0.53,0.57,0.59
QQQ,2026-09-23,2026-10-01,C,762.0,54,1,0.15808947387695313,0.49,0.5,0.53
QQQ,2026-09-23,2026-10-01,C,763.0,100,10,0.15845568115234376,0.43,0.44,0.47
QQQ,2026-09-23,2026-10-01,C,764.0,112,3,0.1573570593261719,0.4,0.39,0.4
QQQ,2026-09-23,2026-10-01,C,765.0,162,164,0.15821154296875,0.37,0.34,0.36
QQQ,2026-09-23,2026-10-01,C,766.0,17,60,0.1577232666015625,0.33,0.3,0.31
QQQ,2026-09-23,2026-10-01,C,767.0,38,11,0.1588218884277344,0.47,0.26,0.28
QQQ,2026-09-23,2026-10-01,C,768.0,3,1,0.15943223388671873,0.23,0.24,0.25
QQQ,2026-09-23,2026-10-01,C,769.0,79,2,0.15845568115234376,0.19,0.2,0.21
QQQ,2026-09-23,2026-10-01,C,770.0,256,7,0.1596763720703125,0.19,0.17,0.19
QQQ,2026-09-23,2026-10-01,C,771.0,16,15,0.1606529248046875,0.33,0.16,0.17
QQQ,2026-09-23,2026-10-01,C,772.0,24,3,0.161141201171875,0.16,0.13,0.15
QQQ,2026-09-23,2026-10-01,C,774.0,3,1,0.1645591357421875,0.11,0.11,0.13
QQQ,2026-09-23,2026-10-01,C,775.0,113,3,0.16407085937500002,0.11,0.1,0.11
QQQ,2026-09-23,2026-10-01,C,780.0,207,145,0.17090672851562502,0.09,0.06,0.07
QQQ,2026-09-23,2026-10-01,C,785.0,260,3,0.179695703125,0.05,0.03,0.05
QQQ,2026-09-23,2026-10-01,C,790.0,512,5,0.18946123046875002,0.03,0.02,0.04
QQQ,2026-09-23,2026-10-01,C,795.0,10,11,0.198250205078125,0.04,0.02,0.03
QQQ,2026-09-23,2026-10-01,C,800.0,2007,10,0.21289849609375,0.03,0.01,0.03
QQQ,2026-09-23,2026-10-01,C,805.0,34,1,0.22657023437499998,0.05,0.01,0.03
QQQ,2026-09-23,2026-10-01,C,810.0,195,240,0.24024197265624997,0.02,0.01,0.03
QQQ,2026-09-23,2026-10-01,C,815.0,16,620,0.25391371093750004,0.01,0.01,0.03
QQQ,2026-09-23,2026-10-01,C,820.0,41,0,0.26758544921875,0.05,0.01,0.03
QQQ,2026-09-23,2026-10-01,C,825.0,127,3,0.28125718749999995,0.04,0.01,0.03
QQQ,2026-09-23,2026-10-01,C,830.0,20,0,0.29492892578124996,0.02,0.01,0.03
QQQ,2026-09-23,2026-10-01,C,835.0,15,0,0.29688203124999996,0.01,0.01,0.02
QQQ,2026-09-23,2026-10-01,C,840.0,89,0,0.3086006640625,0.02,0.01,0.02
QQQ,2026-09-23,2026-10-01,C,845.0,41,0,0.32031929687499994,0.04,0.01,0.02
QQQ,2026-09-23,2026-10-01,C,850.0,96,720,0.33399103515625,0.02,0.0,0.02
QQQ,2026-09-23,2026-10-01,C,855.0,45,0,0.34570966796874997,0.04,0.0,0.02
QQQ,2026-09-23,2026-10-01,C,860.0,81,0,0.35938140625,0.01,0.0,0.02
QQQ,2026-09-23,2026-10-01,C,865.0,28,0,0.3711000390625,0.02,0.0,0.02
QQQ,2026-09-23,2026-10-01,C,870.0,108,0,0.38281867187499996,0.04,0.0,0.02
QQQ,2026-09-23,2026-10-01,C,875.0,130,0,0.39453730468750003,0.01,0.0,0.02
QQQ,2026-09-23,2026-10-01,C,880.0,102,0,0.4062559375,0.01,0.0,0.02
QQQ,2026-09-23,2026-10-01,C,885.0,74,0,0.41797457031249996,0.02,0.0,0.02
QQQ,2026-09-23,2026-10-01,C,890.0,45,0,0.42969320312500003,0.01,0.0,0.02
QQQ,2026-09-23,2026-10-01,C,895.0,45,0,0.4414118359375,0.02,0.0,0.02
QQQ,2026-09-23,2026-10-01,C,900.0,3,0,0.45313046875,0.04,0.0,0.02
QQQ,2026-09-23,2026-10-01,P,500.0,77,220,0.8203142968749999,0.01,0.01,0.02
QQQ,2026-09-23,2026-10-01,P,505.0,20,160,0.8203142968749999,0.01,0.01,0.03
QQQ,2026-09-23,2026-10-01,P,510.0,61,360,0.7812521875,0.02,0.0,0.03
QQQ,2026-09-23,2026-10-01,P,515.0,136,820,0.7656273437500001,0.03,0.0,0.03
QQQ,2026-09-23,2026-10-01,P,520.0,126,240,0.7617211328125001,0.01,0.01,0.03
QQQ,2026-09-23,2026-10-01,P,525.0,163,480,0.7421900781249999,0.01,0.01,0.03
QQQ,2026-09-23,2026-10-01,P,530.0,164,800,0.7226590234375,0.03,0.01,0.03
QQQ,2026-09-23,2026-10-01,P,535.0,102,560,0.70312796875,0.03,0.01,0.03
QQQ,2026-09-23,2026-10-01,P,540.0,389,720,0.6718782812500002,0.01,0.0,0.03
QQQ,2026-09-23,2026-10-01,P,545.0,204,800,0.6640658593750002,0.03,0.01,0.03
QQQ,2026-09-23,2026-10-01,P,550.0,98,560,0.648441015625,0.03,0.01,0.03
QQQ,2026-09-23,2026-10-01,P,555.0,149,560,0.6289099609375001,0.03,0.01,0.03
QQQ,2026-09-23,2026-10-01,P,560.0,1216,560,0.6093789062500001,0.01,0.01,0.03
QQQ,2026-09-23,2026-10-01,P,565.0,107,880,0.5898478515625001,0.01,0.01,0.03
QQQ,2026-09-23,2026-10-01,P,570.0,114,880,0.570316796875,0.03,0.01,0.03
QQQ,2026-09-23,2026-10-01,P,575.0,161,840,0.5546919531250001,0.03,0.01,0.03
QQQ,2026-09-23,2026-10-01,P,580.0,298,800,0.5351608984375,0.03,0.01,0.03
QQQ,2026-09-23,2026-10-01,P,585.0,316,240,0.5195360546875,0.03,0.01,0.03
QQQ,2026-09-23,2026-10-01,P,590.0,275,20,0.500005,0.03,0.01,0.03
QQQ,2026-09-23,2026-10-01,P,595.0,321,1460,0.500005,0.04,0.01,0.03
QQQ,2026-09-23,2026-10-01,P,600.0,99,1,0.49609878906250005,0.04,0.02,0.04
QQQ,2026-09-23,2026-10-01,P,605.0,40,3,0.47852083984375,0.04,0.02,0.04
QQQ,2026-09-23,2026-10-01,P,610.0,25,442,0.45898978515625005,0.05,0.03,0.04
QQQ,2026-09-23,2026-10-01,P,615.0,104,3,0.45117736328125,0.05,0.03,0.05
QQQ,2026-09-23,2026-10-01,P,620.0,36,3,0.4335994140625,0.06,0.04,0.05
QQQ,2026-09-23,2026-10-01,P,625.0,38,39,0.422857333984375,0.12,0.05,0.06
QQQ,2026-09-23,2026-10-01,P,630.0,94,3,0.411138701171875,0.08,0.05,0.07
QQQ,2026-09-23,2026-10-01,P,635.0,69,10,0.398443515625,0.09,0.06,0.08
QQQ,2026-09-23,2026-10-01,P,640.0,138,26,0.38477177734374995,0.09,0.08,0.09
QQQ,2026-09-23,2026-10-01,P,645.0,12,1,0.37402969726562496,0.11,0.09,0.11
QQQ,2026-09-23,2026-10-01,P,650.0,44,9,0.358404853515625,0.12,0.11,0.12
QQQ,2026-09-23,2026-10-01,P,655.0,240,4,0.34570966796874997,0.13,0.13,0.14
QQQ,2026-09-23,2026-10-01,P,660.0,43,1,0.3320379296875,0.16,0.14,0.16
QQQ,2026-09-23,2026-10-01,P,665.0,70,2,0.31690136230468746,0.19,0.16,0.18
QQQ,2026-09-23,2026-10-01,P,666.0,1,10,0.3154365332031249,0.29,0.17,0.19
QQQ,2026-09-23,2026-10-01,P,667.0,20,2,0.31153032226562494,0.22,0.17,0.19
QQQ,2026-09-23,2026-10-01,P,668.0,40,12,0.309577216796875,0.2,0.18,0.2
QQQ,2026-09-23,2026-10-01,P,670.0,100,1,0.3034737622070312,0.22,0.19,0.21
QQQ,2026-09-23,2026-10-01,P,671.0,2,2,0.3012765185546875,0.23,0.2,0.22
QQQ,2026-09-23,2026-10-01,P,672.0,47,46,0.2973703076171874,0.25,0.21,0.22
QQQ,2026-09-23,2026-10-01,P,673.0,14,3,0.29492892578124996,0.25,0.21,0.23
QQQ,2026-09-23,2026-10-01,P,674.0,9,5,0.29273168212890616,0.26,0.22,0.24
QQQ,2026-09-23,2026-10-01,P,675.0,48,4,0.2885813330078124,0.26,0.23,0.24
QQQ,2026-09-23,2026-10-01,P,676.0,19,26,0.28613995117187496,1.18,0.24,0.25
QQQ,2026-09-23,2026-10-01,P,677.0,32,3,0.2836985693359374,0.29,0.25,0.26
QQQ,2026-09-23,2026-10-01,P,678.0,17,17,0.28125718749999995,0.29,0.25,0.27
QQQ,2026-09-23,2026-10-01,P,679.0,71,6,0.278327529296875,0.31,0.26,0.28
QQQ,2026-09-23,2026-10-01,P,680.0,277,7,0.2758861474609374,0.27,0.27,0.29
QQQ,2026-09-23,2026-10-01,P,681.0,57,61,0.27295648925781246,0.31,0.28,0.3
QQQ,2026-09-23,2026-10-01,P,682.0,50,38,0.27149166015625,0.35,0.3,0.32
QQQ,2026-09-23,2026-10-01,P,683.0,65,74,0.26709717285156254,0.37,0.3,0.32
QQQ,2026-09-23,2026-10-01,P,684.0,48,120,0.26563234375,0.32,0.32,0.34
QQQ,2026-09-23,2026-10-01,P,685.0,284,13,0.2624585473632813,0.33,0.34,0.35
QQQ,2026-09-23,2026-10-01,P,687.0,43,33,0.2573316455078125,0.4,0.37,0.38
QQQ,2026-09-23,2026-10-01,P,688.0,107,96,0.2551344018554688,0.42,0.38,0.4
QQQ,2026-09-23,2026-10-01,P,689.0,23,572,0.25171646728515623,0.43,0.39,0.41
QQQ,2026-09-23,2026-10-01,P,690.0,293,213,0.2493971545410156,0.39,0.41,0.43
QQQ,2026-09-23,2026-10-01,P,691.0,22,9,0.24585715087890625,0.43,0.43,0.44
QQQ,2026-09-23,2026-10-01,P,692.0,105,40,0.24231714721679687,0.49,0.43,0.45
QQQ,2026-09-23,2026-10-01,P,693.0,95,20,0.23975369628906246,0.5,0.45,0.47
QQQ,2026-09-23,2026-10-01,P,694.0,1038,40,0.23792265991210934,0.55,0.49,0.5
QQQ,2026-09-23,2026-10-01,P,695.0,459,23,0.23596955444335935,0.56,0.51,0.53
QQQ,2026-09-23,2026-10-01,P,696.0,277,97,0.23206334350585936,0.58,0.52,0.54
QQQ,2026-09-23,2026-10-01,P,697.0,37,50,0.23072058349609376,0.55,0.56,0.58
QQQ,2026-09-23,2026-10-01,P,698.0,70,52,0.22754678710937498,0.59,0.58,0.6
QQQ,2026-09-23,2026-10-01,P,699.0,67,22,0.22583781982421874,0.6,0.62,0.64
QQQ,2026-09-23,2026-10-01,P,700.0,1088,108,0.2238847143554687,0.68,0.66,0.68
QQQ,2026-09-23,2026-10-01,P,701.0,530,26,0.22168747070312497,0.81,0.69,0.72
QQQ,2026-09-23,2026-10-01,P,702.0,396,32,0.2180253979492187,0.73,0.73,0.74
QQQ,2026-09-23,2026-10-01,P,703.0,52,54,0.21692677612304687,0.64,0.77,0.8
QQQ,2026-09-23,2026-10-01,P,704.0,50,21,0.21436332519531248,0.77,0.82,0.84
QQQ,2026-09-23,2026-10-01,P,705.0,342,29,0.21155573608398434,0.82,0.86,0.88
QQQ,2026-09-23,2026-10-01,P,706.0,52,63,0.20972469970703123,0.92,0.91,0.94
QQQ,2026-09-23,2026-10-01,P,707.0,9,45,0.20716124877929684,0.96,0.97,0.99
QQQ,2026-09-23,2026-10-01,P,708.0,62,11,0.2049640051269531,0.96,1.02,1.05
QQQ,2026-09-23,2026-10-01,P,709.0,26,826,0.2030108996582031,1.09,1.1,1.12
QQQ,2026-09-23,2026-10-01,P,710.0,391,85,0.19995917236328126,1.16,1.15,1.17
QQQ,2026-09-23,2026-10-01,P,711.0,25,41,0.19715158325195312,1.14,1.21,1.23
QQQ,2026-09-23,2026-10-01,P,712.0,94,68,0.19641916870117188,1.29,1.32,1.34
QQQ,2026-09-23,2026-10-01,P,713.0,22,17,0.1935505450439453,1.44,1.39,1.41
QQQ,2026-09-23,2026-10-01,P,714.0,31,8,0.19178054321289065,1.33,1.49,1.51
QQQ,2026-09-23,2026-10-01,P,715.0,663,123,0.18970536865234378,1.51,1.59,1.61
QQQ,2026-09-23,2026-10-01,P,716.0,49,77,0.18781329772949218,1.59,1.69,1.72
QQQ,2026-09-23,2026-10-01,P,717.0,77,19,0.1859212268066406,1.68,1.82,1.84
QQQ,2026-09-23,2026-10-01,P,718.0,103,13,0.18378501770019529,1.82,1.94,1.96
QQQ,2026-09-23,2026-10-01,P,719.0,56,34,0.18201501586914062,2.01,2.07,2.1
QQQ,2026-09-23,2026-10-01,P,720.0,715,123,0.1805501867675781,2.0,2.24,2.26
QQQ,2026-09-23,2026-10-01,P,721.0,33,30,0.17749845947265624,2.16,2.35,2.38
QQQ,2026-09-23,2026-10-01,P,722.0,30,38,0.1759725958251953,2.5,2.54,2.56
QQQ,2026-09-23,2026-10-01,P,723.0,64,8,0.17408052490234377,2.44,2.71,2.74
QQQ,2026-09-23,2026-10-01,P,724.0,61,55,0.17243259216308598,2.66,2.91,2.94
QQQ,2026-09-23,2026-10-01,P,725.0,267,228,0.17041845214843754,3.03,3.11,3.14
QQQ,2026-09-23,2026-10-01,P,726.0,195,16,0.16880103668212892,3.18,3.33,3.37
QQQ,2026-09-23,2026-10-01,P,727.0,269,15,0.16706155212402346,3.37,3.57,3.61
QQQ,2026-09-23,2026-10-01,P,728.0,148,31,0.1651389639282227,3.71,3.82,3.86
QQQ,2026-09-23,2026-10-01,P,729.0,154,230,0.1630637893676758,4.13,4.09,4.12
QQQ,2026-09-23,2026-10-01,P,730.0,1425,240,0.16202620208740232,4.06,4.4,4.44
QQQ,2026-09-23,2026-10-01,P,731.0,144,121,0.16004257934570312,4.54,4.66,4.74
QQQ,2026-09-23,2026-10-01,P,732.0,194,70,0.15757068023681642,4.72,5.01,5.04
QQQ,2026-09-23,2026-10-01,P,733.0,114,39,0.1555870574951172,4.86,5.34,5.38
QQQ,2026-09-23,2026-10-01,P,734.0,223,97,0.15424429748535157,5.3,5.73,5.77
QQQ,2026-09-23,2026-10-01,P,735.0,493,455,0.15241326110839848,6.05,6.11,6.16
QQQ,2026-09-23,2026-10-01,P,736.0,1173,267,0.15137567382812503,6.16,6.56,6.61
QQQ,2026-09-23,2026-10-01,P,737.0,352,245,0.1496056719970703,6.71,6.99,7.05
QQQ,2026-09-23,2026-10-01,P,738.0,131,854,0.14676756561279297,7.46,7.4,7.47
QQQ,2026-09-23,2026-10-01,P,739.0,846,40,0.1463708410644531,7.39,7.95,8.02
QQQ,2026-09-23,2026-10-01,P,740.0,3985,216,0.14463135650634767,8.47,8.46,8.54
QQQ,2026-09-23,2026-10-01,P,741.0,161,21,0.14301394104003906,9.43,9.02,9.09
QQQ,2026-09-23,2026-10-01,P,742.0,160,3,0.14118290466308597,9.24,9.57,9.66
QQQ,2026-09-23,2026-10-01,P,743.0,299,46,0.13715462463378908,10.06,10.06,10.17
QQQ,2026-09-23,2026-10-01,P,744.0,281,152,0.1348963464355469,10.75,10.7,10.78
QQQ,2026-09-23,2026-10-01,P,745.0,241,140,0.13288220642089843,11.0,11.36,11.43
QQQ,2026-09-23,2026-10-01,P,746.0,80,37,0.13037979003906247,12.12,12.01,12.09
QQQ,2026-09-23,2026-10-01,P,747.0,169,8,0.13214979187011722,12.65,12.53,12.92
QQQ,2026-09-23,2026-10-01,P,748.0,49,51,0.12983047912597656,13.91,13.32,13.64
QQQ,2026-09-23,2026-10-01,P,749.0,37,12,0.1251918536376953,11.69,13.83,14.32
QQQ,2026-09-23,2026-10-01,P,750.0,239,77,0.12360495544433595,14.89,14.73,15.12
QQQ,2026-09-23,2026-10-01,P,751.0,7,2,0.1206142626953125,15.43,15.49,15.91
QQQ,2026-09-23,2026-10-01,P,755.0,5,0,0.09107354248046876,15.35,18.76,19.17
QQQ,2026-09-23,2026-10-01,P,757.0,1,0,1.0000000000000003e-05,12.59,20.48,20.99
QQQ,2026-09-23,2026-10-01,P,760.0,3,0,1.0000000000000003e-05,16.9,23.06,23.61
QQQ,2026-09-23,2026-10-01,P,761.0,1,0,1.0000000000000003e-05,17.13,24.04,24.69
QQQ,2026-09-23,2026-10-01,P,765.0,2,0,1.0000000000000003e-05,20.65,27.86,28.48
QQQ,2026-09-23,2026-10-01,P,767.0,1,0,1.0000000000000003e-05,23.18,29.85,30.52
QQQ,2026-09-23,2026-10-01,P,770.0,0,0,1.0000000000000003e-05,33.74,31.14,33.32
QQQ,2026-09-23,2026-10-02,C,490.0,0,44,1.4711940502929686,227.63,246.51,249.72
QQQ,2026-09-23,2026-10-02,C,495.0,45,44,1.40234673828125,241.0,241.2,244.45
QQQ,2026-09-23,2026-10-02,C,515.0,0,1,1.298587491455078,194.99,221.22,224.7
QQQ,2026-09-23,2026-10-02,C,525.0,0,10,1.2373085009765623,179.77,211.65,214.24
QQQ,2026-09-23,2026-10-02,C,540.0,0,10,1.1054732226562503,164.07,195.88,199.25
QQQ,2026-09-23,2026-10-02,C,545.0,4,2,1.0712937060546879,172.29,190.77,194.26
QQQ,2026-09-23,2026-10-02,C,550.0,1,0,1.0730026818847658,166.59,186.26,189.27
QQQ,2026-09-23,2026-10-02,C,555.0,160,225,1.0422411169433596,184.95,181.2,184.28
QQQ,2026-09-23,2026-10-02,C,560.0,0,10,1.0441942321777344,159.24,176.79,179.26
QQQ,2026-09-23,2026-10-02,C,565.0,11,11,0.992187578125,141.1,171.29,174.29
QQQ,2026-09-23,2026-10-02,C,570.0,1,0,0.951050294189453,140.12,166.03,169.29
QQQ,2026-09-23,2026-10-02,C,575.0,10,6,0.9182137084960937,141.96,160.95,164.26
QQQ,2026-09-23,2026-10-02,C,580.0,88,2,0.9554447814941407,163.77,156.91,159.66
QQQ,2026-09-23,2026-10-02,C,585.0,10,10,0.9294440649414062,160.58,151.83,154.79
QQQ,2026-09-23,2026-10-02,C,590.0,6,1,0.8969736865234373,157.46,146.93,149.58
QQQ,2026-09-23,2026-10-02,C,595.0,6,2,0.8667005517578125,121.6,141.85,144.6
QQQ,2026-09-23,2026-10-02,C,600.0,99,98,0.8361832788085937,117.04,136.86,139.52
QQQ,2026-09-23,2026-10-02,C,605.0,16,6,0.8060322131347657,111.98,131.96,134.35
QQQ,2026-09-23,2026-10-02,C,610.0,169,139,0.782228740234375,138.25,126.89,129.51
QQQ,2026-09-23,2026-10-02,C,615.0,1,0,0.766725965576172,103.01,121.9,124.82
QQQ,2026-09-23,2026-10-02,C,620.0,103,11,0.6990996887207033,99.82,116.26,119.39
QQQ,2026-09-23,2026-10-02,C,625.0,116,2,0.7037383142089844,120.75,111.93,114.56
QQQ,2026-09-23,2026-10-02,C,630.0,249,7,0.6877472631835939,87.68,106.95,109.87
QQQ,2026-09-23,2026-10-02,C,635.0,6,13,0.6521030883789063,87.13,101.97,104.6
QQQ,2026-09-23,2026-10-02,C,640.0,10,11,0.6325720336914062,77.05,97.0,99.81
QQQ,2026-09-23,2026-10-02,C,645.0,20,1,0.5837443969726561,90.98,91.65,94.48
QQQ,2026-09-23,2026-10-02,C,650.0,32,1,0.5380905566406251,89.84,86.04,89.51
QQQ,2026-09-23,2026-10-02,C,655.0,30,15,0.5546919531250001,65.74,82.13,84.83
QQQ,2026-09-23,2026-10-02,C,660.0,85,1,0.5822795678710937,88.37,76.36,79.58
QQQ,2026-09-23,2026-10-02,C,665.0,18,3,0.5080615600585938,55.87,72.23,75.06
QQQ,2026-09-23,2026-10-02,C,670.0,66,26,0.5268602001953125,50.39,66.2,69.66
QQQ,2026-09-23,2026-10-02,C,675.0,26,1,0.500005,63.05,61.6,64.73
QQQ,2026-09-23,2026-10-02,C,676.0,1,1,0.5094043200683593,44.56,61.3,64.11
QQQ,2026-09-23,2026-10-02,C,677.0,2,1,0.5036670727539063,65.94,60.27,63.12
QQQ,2026-09-23,2026-10-02,C,678.0,1,1,0.4836477416992188,67.46,58.5,61.77
QQQ,2026-09-23,2026-10-02,C,679.0,0,0,0.4953053399658204,38.66,58.29,61.22
QQQ,2026-09-23,2026-10-02,C,680.0,58,17,0.48254911987304694,61.79,57.2,60.05
QQQ,2026-09-23,2026-10-02,C,681.0,0,0,0.4666801379394532,40.6,56.32,58.8
QQQ,2026-09-23,2026-10-02,C,682.0,37,20,0.4730277307128906,58.09,55.33,58.12
QQQ,2026-09-23,2026-10-02,C,683.0,2,0,0.4561211614990235,28.53,53.39,56.84
QQQ,2026-09-23,2026-10-02,C,684.0,1,1,0.46735151794433594,59.51,53.26,56.3
QQQ,2026-09-23,2026-10-02,C,685.0,38,16,0.4555718505859375,57.65,52.47,55.15
QQQ,2026-09-23,2026-10-02,C,686.0,12,7,0.4489801196289062,56.22,51.4,54.14
QQQ,2026-09-23,2026-10-02,C,687.0,0,1,0.436529072265625,26.27,49.98,52.97
QQQ,2026-09-23,2026-10-02,C,688.0,17,1,0.4292049267578125,54.21,48.8,51.94
QQQ,2026-09-23,2026-10-02,C,689.0,5,3,0.42304043762207033,32.37,48.3,50.94
QQQ,2026-09-23,2026-10-02,C,690.0,127,7,0.3993590338134766,48.92,47.4,49.47
QQQ,2026-09-23,2026-10-02,C,691.0,10,5,0.4131528411865234,55.24,45.65,49.01
QQQ,2026-09-23,2026-10-02,C,692.0,15,2,0.40796490478515623,27.92,45.17,48.04
QQQ,2026-09-23,2026-10-02,C,693.0,11,1,0.40796490478515623,50.42,44.63,47.22
QQQ,2026-09-23,2026-10-02,C,694.0,100,1,0.397466962890625,42.56,44.01,46.1
QQQ,2026-09-23,2026-10-02,C,695.0,268,20,0.33801931518554684,47.65,43.36,43.66
QQQ,2026-09-23,2026-10-02,C,696.0,9,1,0.33612724426269536,50.6,42.39,42.76
QQQ,2026-09-23,2026-10-02,C,697.0,26,1,0.31836619140624994,50.31,41.13,41.46
QQQ,2026-09-23,2026-10-02,C,698.0,10,4,0.3223944714355468,46.97,40.38,40.71
QQQ,2026-09-23,2026-10-02,C,699.0,78,11,0.30988238952636715,43.23,38.97,39.54
QQQ,2026-09-23,2026-10-02,C,700.0,622,8,0.31012652770996096,38.7,38.08,38.7
QQQ,2026-09-23,2026-10-02,C,701.0,23,1,0.3030465203857422,41.58,37.18,37.67
QQQ,2026-09-23,2026-10-02,C,702.0,133,6,0.30939411315917964,39.27,36.65,37.01
QQQ,2026-09-23,2026-10-02,C,703.0,125,10,0.30005582763671873,39.09,35.61,35.92
QQQ,2026-09-23,2026-10-02,C,704.0,208,1,0.2936472003173828,34.96,34.3,34.91
QQQ,2026-09-23,2026-10-02,C,705.0,1313,15,0.2940134075927734,38.11,33.82,34.1
QQQ,2026-09-23,2026-10-02,C,706.0,146,1,0.2868113311767577,37.81,32.8,33.07
QQQ,2026-09-23,2026-10-02,C,707.0,520,4,0.2778392529296875,31.71,31.46,31.99
QQQ,2026-09-23,2026-10-02,C,708.0,298,14,0.27521476745605467,37.0,30.76,31.1
QQQ,2026-09-23,2026-10-02,C,709.0,497,22,0.28266098205566403,32.59,30.19,30.53
QQQ,2026-09-23,2026-10-02,C,710.0,1615,82,0.26642579284667967,29.8,28.94,29.22
QQQ,2026-09-23,2026-10-02,C,711.0,531,1,0.26496096374511713,28.66,28.03,28.38
QQQ,2026-09-23,2026-10-02,C,712.0,420,4,0.26056647644042963,27.69,27.12,27.45
QQQ,2026-09-23,2026-10-02,C,713.0,248,2,0.2599561309814453,30.45,26.37,26.65
QQQ,2026-09-23,2026-10-02,C,714.0,332,19,0.25263198547363286,29.37,25.34,25.63
QQQ,2026-09-23,2026-10-02,C,715.0,2249,274,0.24848163635253906,24.53,24.46,24.72
QQQ,2026-09-23,2026-10-02,C,716.0,317,1,0.25012956909179684,23.45,23.78,24.02
QQQ,2026-09-23,2026-10-02,C,717.0,471,3,0.24341576904296874,26.94,22.71,23.03
QQQ,2026-09-23,2026-10-02,C,718.0,1036,7,0.24018093811035152,22.47,21.85,22.17
QQQ,2026-09-23,2026-10-02,C,719.0,517,1,0.23810576354980467,21.61,20.88,21.36
QQQ,2026-09-23,2026-10-02,C,720.0,1886,24,0.23395541442871093,20.86,20.17,20.48
QQQ,2026-09-23,2026-10-02,C,721.0,370,25,0.23090368713378906,22.12,19.34,19.65
QQQ,2026-09-23,2026-10-02,C,722.0,561,3,0.22791299438476562,18.68,18.53,18.83
QQQ,2026-09-23,2026-10-02,C,723.0,491,54,0.2237016107177734,18.47,17.73,17.97
QQQ,2026-09-23,2026-10-02,C,724.0,542,16,0.22345747253417966,20.66,16.82,17.28
QQQ,2026-09-23,2026-10-02,C,725.0,34176,387,0.21759815612792968,16.79,16.17,16.37
QQQ,2026-09-23,2026-10-02,C,726.0,676,4,0.21845263977050777,15.15,15.54,15.75
QQQ,2026-09-23,2026-10-02,C,727.0,687,22,0.21381401428222657,15.35,14.79,14.91
QQQ,2026-09-23,2026-10-02,C,728.0,591,3,0.2110064251708984,13.81,14.04,14.16
QQQ,2026-09-23,2026-10-02,C,729.0,474,17,0.20746642150878902,13.84,13.29,13.39
QQQ,2026-09-23,2026-10-02,C,730.0,2316,168,0.2049945223999023,13.34,12.56,12.68
QQQ,2026-09-23,2026-10-02,C,731.0,1290,71,0.20331607238769528,12.27,11.92,12.02
QQQ,2026-09-23,2026-10-02,C,732.0,4708,90,0.1995319305419922,11.78,11.16,11.28
QQQ,2026-09-23,2026-10-02,C,733.0,339,91,0.19831123962402342,11.0,10.57,10.67
QQQ,2026-09-23,2026-10-02,C,734.0,516,99,0.19690744506835936,10.62,9.96,10.07
QQQ,2026-09-23,2026-10-02,C,735.0,2856,1338,0.19495433959960937,9.42,9.39,9.46
QQQ,2026-09-23,2026-10-02,C,736.0,484,235,0.19171950866699222,9.24,8.77,8.81
QQQ,2026-09-23,2026-10-02,C,737.0,418,852,0.1907429559326172,8.35,8.24,8.28
QQQ,2026-09-23,2026-10-02,C,738.0,563,999,0.18891191955566405,8.08,7.72,7.73
QQQ,2026-09-23,2026-10-02,C,739.0,389,346,0.18775226318359373,7.09,7.22,7.23
QQQ,2026-09-23,2026-10-02,C,740.0,3298,1651,0.18573812316894528,6.62,6.69,6.71
QQQ,2026-09-23,2026-10-02,C,741.0,982,709,0.18311363769531247,6.13,6.15,6.18
QQQ,2026-09-23,2026-10-02,C,742.0,1483,557,0.18222863677978518,5.94,5.71,5.75
QQQ,2026-09-23,2026-10-02,C,743.0,824,560,0.1804586349487305,5.59,5.29,5.3
QQQ,2026-09-23,2026-10-02,C,744.0,1974,515,0.17963466857910154,5.3,4.9,4.91
QQQ,2026-09-23,2026-10-02,C,745.0,15767,1538,0.17810880493164064,4.44,4.49,4.51
QQQ,2026-09-23,2026-10-02,C,746.0,1035,350,0.17682707946777343,4.24,4.12,4.14
QQQ,2026-09-23,2026-10-02,C,747.0,659,756,0.1757894921875,3.76,3.77,3.8
QQQ,2026-09-23,2026-10-02,C,748.0,1073,585,0.17505707763671874,3.44,3.48,3.49
QQQ,2026-09-23,2026-10-02,C,749.0,724,552,0.17389742126464847,3.3,3.14,3.18
QQQ,2026-09-23,2026-10-02,C,750.0,2425,1134,0.1729819030761719,2.88,2.89,2.9
QQQ,2026-09-23,2026-10-02,C,751.0,372,428,0.17188328125000002,2.73,2.59,2.63
QQQ,2026-09-23,2026-10-02,C,752.0,5506,556,0.17054052124023442,2.6,2.35,2.37
QQQ,2026-09-23,2026-10-02,C,753.0,586,208,0.16993017578125003,2.18,2.13,2.15
QQQ,2026-09-23,2026-10-02,C,754.0,602,242,0.1694418994140625,1.92,1.93,1.95
QQQ,2026-09-23,2026-10-02,C,755.0,2254,414,0.16846534667968754,1.9,1.74,1.75
QQQ,2026-09-23,2026-10-02,C,756.0,864,277,0.16797707031250003,1.62,1.57,1.58
QQQ,2026-09-23,2026-10-02,C,757.0,280,561,0.16742775939941407,1.49,1.39,1.42
QQQ,2026-09-23,2026-10-02,C,758.0,718,105,0.1667563793945313,1.38,1.25,1.27
QQQ,2026-09-23,2026-10-02,C,759.0,1440,210,0.16639017211914067,1.23,1.12,1.14
QQQ,2026-09-23,2026-10-02,C,760.0,2992,580,0.16553568847656253,1.1,1.0,1.01
QQQ,2026-09-23,2026-10-02,C,761.0,281,125,0.1651694812011719,0.93,0.89,0.9
QQQ,2026-09-23,2026-10-02,C,762.0,379,105,0.16523051574707032,0.79,0.8,0.81
QQQ,2026-09-23,2026-10-02,C,763.0,400,153,0.16492534301757814,0.69,0.7,0.72
QQQ,2026-09-23,2026-10-02,C,764.0,424,163,0.16529155029296877,0.67,0.64,0.65
QQQ,2026-09-23,2026-10-02,C,765.0,2395,129,0.1645591357421875,0.57,0.56,0.57
QQQ,2026-09-23,2026-10-02,C,766.0,203,33,0.16541361938476565,0.5,0.51,0.52
QQQ,2026-09-23,2026-10-02,C,767.0,220,9,0.1651694812011719,0.46,0.44,0.46
QQQ,2026-09-23,2026-10-02,C,768.0,188,12,0.1645591357421875,0.42,0.39,0.4
QQQ,2026-09-23,2026-10-02,C,769.0,151,31,0.16590189575195316,0.35,0.36,0.37
QQQ,2026-09-23,2026-10-02,C,770.0,4131,279,0.16602396484375004,0.32,0.31,0.33
QQQ,2026-09-23,2026-10-02,C,771.0,276,2,0.16590189575195316,0.24,0.27,0.29
QQQ,2026-09-23,2026-10-02,C,772.0,237,7,0.1662681030273438,0.26,0.25,0.26
QQQ,2026-09-23,2026-10-02,C,773.0,153,3,0.16651224121093755,0.24,0.22,0.23
QQQ,2026-09-23,2026-10-02,C,774.0,141,15,0.16748879394531252,0.22,0.19,0.21
QQQ,2026-09-23,2026-10-02,C,775.0,1717,81,0.16968603759765627,0.17,0.18,0.2
QQQ,2026-09-23,2026-10-02,C,780.0,2526,31,0.17090672851562502,0.1,0.1,0.11
QQQ,2026-09-23,2026-10-02,C,785.0,909,5,0.17627776855468752,0.07,0.06,0.07
QQQ,2026-09-23,2026-10-02,C,790.0,220,17,0.18360191406249998,0.06,0.04,0.05
QQQ,2026-09-23,2026-10-02,C,795.0,310,29,0.19336744140625,0.04,0.02,0.04
QQQ,2026-09-23,2026-10-02,C,800.0,3025,15,0.20703917968749996,0.03,0.02,0.04
QQQ,2026-09-23,2026-10-02,C,805.0,184,25,0.213875048828125,0.02,0.01,0.03
QQQ,2026-09-23,2026-10-02,C,810.0,210,100,0.22657023437499998,0.03,0.01,0.03
QQQ,2026-09-23,2026-10-02,C,815.0,45,560,0.24024197265624997,0.02,0.01,0.03
QQQ,2026-09-23,2026-10-02,C,820.0,249,120,0.25196060546875,0.03,0.01,0.03
QQQ,2026-09-23,2026-10-02,C,825.0,77,3,0.26563234375,0.06,0.01,0.03
QQQ,2026-09-23,2026-10-02,C,830.0,219,960,0.27735097656249996,0.02,0.0,0.03
QQQ,2026-09-23,2026-10-02,C,835.0,175,402,0.2910227148437499,0.03,0.0,0.03
QQQ,2026-09-23,2026-10-02,C,840.0,46,640,0.2910227148437499,0.02,0.0,0.02
QQQ,2026-09-23,2026-10-02,C,845.0,23,640,0.30274134765625,0.04,0.0,0.02
QQQ,2026-09-23,2026-10-02,C,850.0,107,1,0.31445998046874996,0.01,0.0,0.02
QQQ,2026-09-23,2026-10-02,C,860.0,85,720,0.33789724609375,0.02,0.0,0.02
QQQ,2026-09-23,2026-10-02,C,870.0,66,0,0.35938140625,0.02,0.0,0.02
QQQ,2026-09-23,2026-10-02,C,880.0,43,82,0.38281867187499996,0.01,0.0,0.02
QQQ,2026-09-23,2026-10-02,C,885.0,142,0,0.39453730468750003,0.02,0.0,0.02
QQQ,2026-09-23,2026-10-02,C,890.0,199,1280,0.40430283203125,0.01,0.0,0.02
QQQ,2026-09-23,2026-10-02,C,895.0,84,0,0.414068359375,0.01,0.0,0.02
QQQ,2026-09-23,2026-10-02,C,905.0,95,0,0.437505625,0.02,0.0,0.02
QQQ,2026-09-23,2026-10-02,C,920.0,1,0,0.4687553125,0.02,0.0,0.02
QQQ,2026-09-23,2026-10-02,C,950.0,5,5,0.500005,0.01,0.0,0.02
QQQ,2026-09-23,2026-10-02,P,450.0,1048,50,0.9687503125,0.01,0.01,0.02
QQQ,2026-09-23,2026-10-02,P,455.0,145,1200,0.9531254687499999,0.01,0.01,0.02
QQQ,2026-09-23,2026-10-02,P,460.0,120,2,0.9062509375,0.02,0.0,0.02
QQQ,2026-09-23,2026-10-02,P,465.0,349,41,0.8828136718749999,0.01,0.0,0.02
QQQ,2026-09-23,2026-10-02,P,470.0,233,14,0.85937640625,0.01,0.0,0.02
QQQ,2026-09-23,2026-10-02,P,475.0,11559,11000,0.8906260937499999,0.02,0.01,0.03
QQQ,2026-09-23,2026-10-02,P,480.0,94,40,0.851563984375,0.01,0.0,0.03
QQQ,2026-09-23,2026-10-02,P,485.0,348,80,0.8359391406249999,0.01,0.0,0.03
QQQ,2026-09-23,2026-10-02,P,490.0,207,520,0.8320329296874999,0.03,0.01,0.03
QQQ,2026-09-23,2026-10-02,P,495.0,421,100,0.8125018749999999,0.01,0.01,0.03
QQQ,2026-09-23,2026-10-02,P,500.0,2091,10,0.7929708203125,0.01,0.01,0.03
QQQ,2026-09-23,2026-10-02,P,505.0,262,160,0.773439765625,0.03,0.01,0.03
QQQ,2026-09-23,2026-10-02,P,510.0,225,960,0.7578149218750001,0.02,0.01,0.03
QQQ,2026-09-23,2026-10-02,P,515.0,259,20,0.73437765625,0.01,0.01,0.03
QQQ,2026-09-23,2026-10-02,P,520.0,354,80,0.7187528125,0.02,0.01,0.03
QQQ,2026-09-23,2026-10-02,P,525.0,176,260,0.6992217578125001,0.03,0.01,0.03
QQQ,2026-09-23,2026-10-02,P,530.0,349,880,0.6796907031250001,0.02,0.01,0.03
QQQ,2026-09-23,2026-10-02,P,535.0,133,480,0.6640658593750002,0.02,0.01,0.03
QQQ,2026-09-23,2026-10-02,P,540.0,729,300,0.6445348046875,0.02,0.01,0.03
QQQ,2026-09-23,2026-10-02,P,545.0,371,260,0.6250037500000001,0.03,0.01,0.03
QQQ,2026-09-23,2026-10-02,P,550.0,475,41,0.6093789062500001,0.03,0.01,0.03
QQQ,2026-09-23,2026-10-02,P,555.0,216,361,0.5937540625000001,0.02,0.01,0.03
QQQ,2026-09-23,2026-10-02,P,560.0,232,341,0.5742230078125,0.02,0.01,0.03
QQQ,2026-09-23,2026-10-02,P,565.0,430,400,0.5585981640625001,0.02,0.01,0.03
QQQ,2026-09-23,2026-10-02,P,570.0,239,240,0.5390671093750001,0.02,0.01,0.03
QQQ,2026-09-23,2026-10-02,P,575.0,341,1000,0.523442265625,0.03,0.01,0.03
QQQ,2026-09-23,2026-10-02,P,580.0,341,170,0.51562984375,0.03,0.01,0.04
QQQ,2026-09-23,2026-10-02,P,585.0,192,1142,0.507817421875,0.03,0.02,0.04
QQQ,2026-09-23,2026-10-02,P,590.0,573,581,0.5039112109375,0.03,0.02,0.04
QQQ,2026-09-23,2026-10-02,P,595.0,292,360,0.48633326171875,0.05,0.02,0.04
QQQ,2026-09-23,2026-10-02,P,600.0,760,5,0.47852083984375,0.04,0.03,0.05
QQQ,2026-09-23,2026-10-02,P,605.0,348,101,0.46094289062500005,0.05,0.03,0.05
QQQ,2026-09-23,2026-10-02,P,610.0,295,2,0.45117736328125,0.06,0.05,0.06
QQQ,2026-09-23,2026-10-02,P,615.0,691,2,0.4414118359375,0.07,0.06,0.07
QQQ,2026-09-23,2026-10-02,P,620.0,1021,25,0.42969320312500003,0.08,0.06,0.08
QQQ,2026-09-23,2026-10-02,P,625.0,1049,7,0.41699801757812494,0.08,0.08,0.09
QQQ,2026-09-23,2026-10-02,P,630.0,796,60,0.40820904296875,0.11,0.09,0.11
QQQ,2026-09-23,2026-10-02,P,635.0,597,8,0.393560751953125,0.12,0.11,0.12
QQQ,2026-09-23,2026-10-02,P,640.0,2000,25,0.38281867187499996,0.14,0.13,0.14
QQQ,2026-09-23,2026-10-02,P,645.0,1104,4,0.370123486328125,0.16,0.14,0.16
QQQ,2026-09-23,2026-10-02,P,650.0,2722,102,0.35645174804687496,0.17,0.16,0.18
QQQ,2026-09-23,2026-10-02,P,655.0,4281,16,0.34229173339843744,0.19,0.19,0.2
QQQ,2026-09-23,2026-10-02,P,660.0,2000,173,0.32959654785156245,0.22,0.22,0.23
QQQ,2026-09-23,2026-10-02,P,665.0,5216,14,0.317389638671875,0.24,0.25,0.27
QQQ,2026-09-23,2026-10-02,P,670.0,7215,187,0.30371790039062496,0.29,0.3,0.31
QQQ,2026-09-23,2026-10-02,P,675.0,1824,359,0.2890696093749999,0.33,0.34,0.35
QQQ,2026-09-23,2026-10-02,P,676.0,302,1,0.2876047802734374,0.38,0.35,0.37
QQQ,2026-09-23,2026-10-02,P,677.0,367,12,0.2846751220703124,0.46,0.37,0.38
QQQ,2026-09-23,2026-10-02,P,678.0,517,8,0.28174546386718746,0.36,0.37,0.39
QQQ,2026-09-23,2026-10-02,P,679.0,192,66,0.2775951147460937,0.4,0.38,0.39
QQQ,2026-09-23,2026-10-02,P,680.0,2603,71,0.27698476928710936,0.38,0.41,0.42
QQQ,2026-09-23,2026-10-02,P,681.0,189,1,0.2739330419921875,0.4,0.41,0.43
QQQ,2026-09-23,2026-10-02,P,682.0,414,51,0.27075924560546877,0.45,0.43,0.44
QQQ,2026-09-23,2026-10-02,P,683.0,962,1,0.26758544921875,0.42,0.44,0.45
QQQ,2026-09-23,2026-10-02,P,684.0,296,25,0.26538820556640624,0.47,0.46,0.47
QQQ,2026-09-23,2026-10-02,P,685.0,5962,11,0.2629468237304688,0.46,0.47,0.49
QQQ,2026-09-23,2026-10-02,P,686.0,875,1,0.25965095825195317,0.52,0.49,0.5
QQQ,2026-09-23,2026-10-02,P,687.0,1305,1,0.2572095764160156,0.54,0.51,0.52
QQQ,2026-09-23,2026-10-02,P,688.0,696,1,0.2564771618652344,0.59,0.54,0.56
QQQ,2026-09-23,2026-10-02,P,689.0,1525,350,0.25379164184570313,0.66,0.57,0.58
QQQ,2026-09-23,2026-10-02,P,690.0,39926,68,0.25012956909179684,0.57,0.58,0.59
QQQ,2026-09-23,2026-10-02,P,691.0,179,3,0.24732197998046873,0.67,0.6,0.61
QQQ,2026-09-23,2026-10-02,P,692.0,178,27,0.24683370361328127,0.74,0.65,0.66
QQQ,2026-09-23,2026-10-02,P,693.0,355,341,0.24451439086914065,0.64,0.68,0.69
QQQ,2026-09-23,2026-10-02,P,694.0,364,206,0.2420730090332031,0.73,0.7,0.72
QQQ,2026-09-23,2026-10-02,P,695.0,2102,101,0.2395095581054687,0.7,0.74,0.75
QQQ,2026-09-23,2026-10-02,P,696.0,274,16,0.23694610717773437,0.72,0.77,0.78
QQQ,2026-09-23,2026-10-02,P,697.0,427,46,0.23352817260742187,0.76,0.79,0.8
QQQ,2026-09-23,2026-10-02,P,698.0,671,102,0.23194127441406248,0.81,0.84,0.85
QQQ,2026-09-23,2026-10-02,P,699.0,477,104,0.23023230712890624,0.84,0.89,0.9
QQQ,2026-09-23,2026-10-02,P,700.0,9387,579,0.2264481652832031,0.9,0.91,0.92
QQQ,2026-09-23,2026-10-02,P,701.0,293,10,0.22510540527343748,0.95,0.97,0.98
QQQ,2026-09-23,2026-10-02,P,702.0,603,8,0.22284712707519527,0.94,1.02,1.03
QQQ,2026-09-23,2026-10-02,P,703.0,612,70,0.2199785034179687,1.02,1.06,1.07
QQQ,2026-09-23,2026-10-02,P,704.0,513,45,0.21851367431640623,1.06,1.13,1.14
QQQ,2026-09-23,2026-10-02,P,705.0,8363,167,0.21631643066406248,1.13,1.19,1.2
QQQ,2026-09-23,2026-10-02,P,706.0,550,54,0.21344780700683597,1.18,1.24,1.25
QQQ,2026-09-23,2026-10-02,P,707.0,758,76,0.21186090881347652,1.17,1.32,1.33
QQQ,2026-09-23,2026-10-02,P,708.0,614,41,0.2104571142578125,1.32,1.4,1.42
QQQ,2026-09-23,2026-10-02,P,709.0,824,575,0.20801573242187496,1.38,1.48,1.49
QQQ,2026-09-23,2026-10-02,P,710.0,4352,312,0.20539124694824218,1.55,1.54,1.56
QQQ,2026-09-23,2026-10-02,P,711.0,617,226,0.2041705560302734,1.54,1.65,1.67
QQQ,2026-09-23,2026-10-02,P,712.0,544,129,0.20191227783203125,1.63,1.75,1.76
QQQ,2026-09-23,2026-10-02,P,713.0,587,38,0.19947089599609374,1.73,1.84,1.85
QQQ,2026-09-23,2026-10-02,P,714.0,448,102,0.19818917053222657,1.84,1.97,1.98
QQQ,2026-09-23,2026-10-02,P,715.0,31749,594,0.19495433959960937,2.06,2.05,2.06
QQQ,2026-09-23,2026-10-02,P,716.0,693,99,0.1935505450439453,2.04,2.18,2.2
QQQ,2026-09-23,2026-10-02,P,717.0,1513,96,0.19184157775878907,2.31,2.33,2.34
QQQ,2026-09-23,2026-10-02,P,718.0,1094,193,0.18988847229003908,2.3,2.46,2.48
QQQ,2026-09-23,2026-10-02,P,719.0,1032,101,0.18885088500976563,2.5,2.64,2.66
QQQ,2026-09-23,2026-10-02,P,720.0,3835,601,0.18628743408203124,2.8,2.78,2.8
QQQ,2026-09-23,2026-10-02,P,721.0,1092,159,0.18378501770019529,2.76,2.93,2.95
QQQ,2026-09-23,2026-10-02,P,722.0,1173,134,0.1821370849609375,2.79,3.12,3.14
QQQ,2026-09-23,2026-10-02,P,723.0,403,148,0.1815267395019531,3.02,3.34,3.38
QQQ,2026-09-23,2026-10-02,P,724.0,792,205,0.17865811584472657,3.28,3.52,3.55
QQQ,2026-09-23,2026-10-02,P,725.0,26899,1936,0.17682707946777343,3.75,3.75,3.77
QQQ,2026-09-23,2026-10-02,P,726.0,536,206,0.17487397399902344,3.66,3.98,4.0
QQQ,2026-09-23,2026-10-02,P,727.0,724,321,0.17310397216796874,3.98,4.23,4.25
QQQ,2026-09-23,2026-10-02,P,728.0,524,338,0.17096776306152345,4.54,4.48,4.5
QQQ,2026-09-23,2026-10-02,P,729.0,639,272,0.16938086486816406,4.53,4.77,4.79
QQQ,2026-09-23,2026-10-02,P,730.0,52109,2694,0.16721413848876954,5.1,5.06,5.07
QQQ,2026-09-23,2026-10-02,P,731.0,680,219,0.16602396484375004,5.33,5.39,5.41
QQQ,2026-09-23,2026-10-02,P,732.0,924,302,0.16462017028808595,5.73,5.73,5.76
QQQ,2026-09-23,2026-10-02,P,733.0,648,238,0.16233137481689452,5.69,6.07,6.09
QQQ,2026-09-23,2026-10-02,P,734.0,534,314,0.1607444766235352,6.48,6.45,6.47
QQQ,2026-09-23,2026-10-02,P,735.0,2342,2027,0.15891344024658205,6.89,6.85,6.86
QQQ,2026-09-23,2026-10-02,P,736.0,349,584,0.1572655075073242,7.3,7.26,7.28
QQQ,2026-09-23,2026-10-02,P,737.0,730,589,0.15583119567871095,7.65,7.71,7.73
QQQ,2026-09-23,2026-10-02,P,738.0,345,397,0.1536339520263672,8.08,8.11,8.17
QQQ,2026-09-23,2026-10-02,P,739.0,487,47,0.15229119201660157,8.64,8.62,8.67
QQQ,2026-09-23,2026-10-02,P,740.0,2292,722,0.15039912109375003,9.14,9.14,9.17
QQQ,2026-09-23,2026-10-02,P,741.0,605,60,0.1486596365356445,9.06,9.59,9.7
QQQ,2026-09-23,2026-10-02,P,742.0,513,21,0.14887325744628904,10.33,10.21,10.34
QQQ,2026-09-23,2026-10-02,P,743.0,347,14,0.145516357421875,10.37,10.73,10.85
QQQ,2026-09-23,2026-10-02,P,744.0,361,8,0.1439294592285156,10.91,11.35,11.46
QQQ,2026-09-23,2026-10-02,P,745.0,1363,114,0.14118290466308597,11.45,11.95,12.05
QQQ,2026-09-23,2026-10-02,P,746.0,308,49,0.1392603164672852,12.39,12.57,12.7
QQQ,2026-09-23,2026-10-02,P,747.0,356,19,0.13935186828613283,12.71,13.22,13.45
QQQ,2026-09-23,2026-10-02,P,748.0,172,69,0.13086806640624998,13.23,13.65,13.92
QQQ,2026-09-23,2026-10-02,P,749.0,114,36,0.131844619140625,14.96,14.35,14.75
QQQ,2026-09-23,2026-10-02,P,750.0,708,29,0.1310511700439453,14.9,15.2,15.54
QQQ,2026-09-23,2026-10-02,P,751.0,44,22,0.12421530090332032,15.57,15.81,16.18
QQQ,2026-09-23,2026-10-02,P,752.0,94,10,0.12012598632812499,18.0,16.57,16.94
QQQ,2026-09-23,2026-10-02,P,753.0,13,23,0.11438873901367189,15.54,17.31,17.7
QQQ,2026-09-23,2026-10-02,P,754.0,16,1,0.12122460815429686,20.0,18.21,18.74
QQQ,2026-09-23,2026-10-02,P,755.0,82,2,0.09351492431640626,18.73,18.8,19.24
QQQ,2026-09-23,2026-10-02,P,756.0,11,2,0.10218182983398436,17.66,19.85,20.29
QQQ,2026-09-23,2026-10-02,P,757.0,22,2,0.09693285888671876,20.61,20.79,21.2
QQQ,2026-09-23,2026-10-02,P,758.0,17,1,1.0000000000000003e-05,22.17,21.5,21.95
QQQ,2026-09-23,2026-10-02,P,759.0,5,0,1.0000000000000003e-05,14.3,22.53,22.96
QQQ,2026-09-23,2026-10-02,P,760.0,23,17,1.0000000000000003e-05,21.57,23.35,23.8
QQQ,2026-09-23,2026-10-02,P,761.0,15,15,1.0000000000000003e-05,22.4,24.08,24.53
QQQ,2026-09-23,2026-10-02,P,764.0,35,250,1.0000000000000003e-05,23.29,27.02,27.65
QQQ,2026-09-23,2026-10-02,P,765.0,132,124,1.0000000000000003e-05,29.57,27.81,28.3
QQQ,2026-09-23,2026-10-02,P,766.0,4,0,1.0000000000000003e-05,22.2,28.96,29.49
QQQ,2026-09-23,2026-10-02,P,767.0,1,0,1.0000000000000003e-05,20.74,29.92,30.58
QQQ,2026-09-23,2026-10-02,P,768.0,3,0,1.0000000000000003e-05,22.79,30.99,31.51
QQQ,2026-09-23,2026-10-02,P,770.0,63,50,1.0000000000000003e-05,23.23,32.63,33.16
QQQ,2026-09-23,2026-10-02,P,772.0,2,0,1.0000000000000003e-05,26.75,34.95,35.48
QQQ,2026-09-23,2026-10-02,P,774.0,0,1,1.0000000000000003e-05,29.48,36.46,37.29
QQQ,2026-09-23,2026-10-02,P,775.0,0,2,1.0000000000000003e-05,38.7,35.84,38.9
QQQ,2026-09-23,2026-10-02,P,780.0,0,100,0.22364057617187497,39.44,41.41,44.6
QQQ,2026-09-23,2026-10-02,P,785.0,0,2,0.249030947265625,48.67,46.41,49.67
QQQ,2026-09-23,2026-10-02,P,790.0,0,2,1.0000000000000003e-05,53.68,51.37,53.9
QQQ,2026-09-23,2026-10-02,P,795.0,0,0,1.0000000000000003e-05,64.76,0.0,0.0
QQQ,2026-09-23,2026-10-05,C,680.0,3,0,0.43280596496582036,63.1,56.97,60.5
QQQ,2026-09-23,2026-10-05,C,690.0,1,0,0.37000141723632807,44.67,48.1,50.23
QQQ,2026-09-23,2026-10-05,C,692.0,3,0,0.31592480957031244,55.82,46.22,46.89
QQQ,2026-09-23,2026-10-05,C,695.0,30,9,0.3039010040283203,50.14,43.32,43.99
QQQ,2026-09-23,2026-10-05,C,696.0,1,0,0.3045723840332031,50.67,42.47,43.17
QQQ,2026-09-23,2026-10-05,C,700.0,6,0,0.28504132934570303,35.62,38.65,39.22
QQQ,2026-09-23,2026-10-05,C,705.0,2,0,0.2727733856201171,44.66,34.14,34.73
QQQ,2026-09-23,2026-10-05,C,710.0,7,1,0.2505568109130859,29.87,29.35,29.96
QQQ,2026-09-23,2026-10-05,C,714.0,1,1,0.23627472717285153,29.61,25.79,26.33
QQQ,2026-09-23,2026-10-05,C,715.0,89,10,0.23645783081054686,30.7,25.13,25.59
QQQ,2026-09-23,2026-10-05,C,720.0,67,6,0.2196122961425781,21.12,20.73,21.24
QQQ,2026-09-23,2026-10-05,C,724.0,1,0,0.2102740106201172,25.76,16.45,18.08
QQQ,2026-09-23,2026-10-05,C,725.0,139,19,0.20807676696777339,17.98,16.84,17.32
QQQ,2026-09-23,2026-10-05,C,726.0,3,5,0.20020331054687499,18.57,16.17,16.29
QQQ,2026-09-23,2026-10-05,C,728.0,7,1,0.19641916870117188,14.78,14.72,14.85
QQQ,2026-09-23,2026-10-05,C,730.0,222,34,0.19208571594238283,14.1,13.35,13.43
QQQ,2026-09-23,2026-10-05,C,732.0,33,8,0.18903398864746096,12.34,12.02,12.13
QQQ,2026-09-23,2026-10-05,C,733.0,13,5,0.1859517440795898,11.6,11.34,11.42
QQQ,2026-09-23,2026-10-05,C,735.0,220,96,0.18238122314453126,10.34,10.1,10.18
QQQ,2026-09-23,2026-10-05,C,736.0,2,92,0.18180139495849607,9.6,9.55,9.65
QQQ,2026-09-23,2026-10-05,C,737.0,74,107,0.1789022540283203,9.15,8.97,9.01
QQQ,2026-09-23,2026-10-05,C,738.0,10,44,0.17789518402099608,9.0,8.44,8.49
QQQ,2026-09-23,2026-10-05,C,739.0,52,104,0.17621673400878907,8.0,7.9,7.95
QQQ,2026-09-23,2026-10-05,C,740.0,405,245,0.17362276580810548,7.88,7.33,7.38
QQQ,2026-09-23,2026-10-05,C,741.0,122,15,0.1729819030761719,7.33,6.88,6.93
QQQ,2026-09-23,2026-10-05,C,742.0,50,21,0.1712119012451172,6.87,6.4,6.44
QQQ,2026-09-23,2026-10-05,C,743.0,155,34,0.17026586578369146,6.29,5.97,6.01
QQQ,2026-09-23,2026-10-05,C,744.0,135,10,0.16916724395751953,5.74,5.55,5.59
QQQ,2026-09-23,2026-10-05,C,745.0,800,75,0.1680991394042969,5.15,5.16,5.19
QQQ,2026-09-23,2026-10-05,C,746.0,72,24,0.16666482757568363,4.67,4.76,4.79
QQQ,2026-09-23,2026-10-05,C,747.0,57,13,0.1660849993896485,4.31,4.41,4.45
QQQ,2026-09-23,2026-10-05,C,748.0,140,4,0.16495586029052733,4.13,4.07,4.1
QQQ,2026-09-23,2026-10-05,C,749.0,179,24,0.1632163757324219,3.91,3.71,3.74
QQQ,2026-09-23,2026-10-05,C,750.0,819,54,0.16285016845703126,3.56,3.42,3.46
QQQ,2026-09-23,2026-10-05,C,751.0,69,6,0.16211775390625,3.44,3.15,3.18
QQQ,2026-09-23,2026-10-05,C,752.0,25,11,0.16169051208496094,3.0,2.89,2.93
QQQ,2026-09-23,2026-10-05,C,753.0,30,8,0.16043930389404298,2.7,2.64,2.66
QQQ,2026-09-23,2026-10-05,C,754.0,18,27,0.15924913024902343,2.4,2.38,2.41
QQQ,2026-09-23,2026-10-05,C,755.0,772,102,0.15869981933593752,2.26,2.16,2.2
QQQ,2026-09-23,2026-10-05,C,756.0,24,13,0.15833361206054689,1.93,1.98,2.01
QQQ,2026-09-23,2026-10-05,C,757.0,37,3,0.15821154296875,1.84,1.81,1.84
QQQ,2026-09-23,2026-10-05,C,758.0,36,20,0.1573570593261719,2.58,1.62,1.66
QQQ,2026-09-23,2026-10-05,C,759.0,17,4,0.1577232666015625,1.54,1.49,1.53
QQQ,2026-09-23,2026-10-05,C,760.0,435,8,0.15711292114257813,1.51,1.34,1.38
QQQ,2026-09-23,2026-10-05,C,761.0,50,7,0.15644154113769532,1.12,1.21,1.24
QQQ,2026-09-23,2026-10-05,C,762.0,18,1,0.1557701611328125,0.91,1.1,1.11
QQQ,2026-09-23,2026-10-05,C,763.0,36,18,0.15583119567871095,1.0,0.98,1.01
QQQ,2026-09-23,2026-10-05,C,764.0,14,5,0.15552602294921875,0.81,0.88,0.91
QQQ,2026-09-23,2026-10-05,C,765.0,703,5,0.1554039538574219,0.75,0.81,0.82
QQQ,2026-09-23,2026-10-05,C,766.0,20,14,0.15534291931152344,0.7,0.72,0.74
QQQ,2026-09-23,2026-10-05,C,767.0,27,19,0.1549156774902344,0.54,0.64,0.66
QQQ,2026-09-23,2026-10-05,C,768.0,7,8,0.15528188476562502,0.88,0.58,0.6
QQQ,2026-09-23,2026-10-05,C,769.0,27,6,0.15528188476562502,0.77,0.52,0.54
QQQ,2026-09-23,2026-10-05,C,770.0,213,4,0.15564809204101562,0.37,0.46,0.49
QQQ,2026-09-23,2026-10-05,C,771.0,38,1,0.1549156774902344,0.43,0.42,0.43
QQQ,2026-09-23,2026-10-05,C,772.0,18,1,0.15613636840820314,0.41,0.38,0.4
QQQ,2026-09-23,2026-10-05,C,773.0,12,17,0.1562584375,0.56,0.34,0.36
QQQ,2026-09-23,2026-10-05,C,774.0,2,0,0.15613636840820314,1.02,0.3,0.32
QQQ,2026-09-23,2026-10-05,C,775.0,287,2,0.15552602294921875,0.22,0.27,0.28
QQQ,2026-09-23,2026-10-05,C,780.0,1288,10,0.15796740478515625,0.16,0.16,0.17
QQQ,2026-09-23,2026-10-05,C,785.0,447,1,0.16211775390625,0.1,0.1,0.11
QQQ,2026-09-23,2026-10-05,C,790.0,87,8,0.16846534667968754,0.17,0.06,0.08
QQQ,2026-09-23,2026-10-05,C,795.0,62,1,0.174812939453125,0.08,0.04,0.06
QQQ,2026-09-23,2026-10-05,C,800.0,26,1,0.178719150390625,0.04,0.02,0.04
QQQ,2026-09-23,2026-10-05,C,805.0,102,1,0.19043778320312502,0.02,0.02,0.04
QQQ,2026-09-23,2026-10-05,C,810.0,34,101,0.196297099609375,0.02,0.02,0.03
QQQ,2026-09-23,2026-10-05,C,820.0,90,480,0.21875781249999998,0.02,0.01,0.03
QQQ,2026-09-23,2026-10-05,C,850.0,80,1,0.273444765625,0.02,0.0,0.02
QQQ,2026-09-23,2026-10-05,C,855.0,0,0,0.28125718749999995,0.02,0.0,0.02
QQQ,2026-09-23,2026-10-05,C,860.0,29,0,0.2929758203124999,0.02,0.0,0.02
QQQ,2026-09-23,2026-10-05,C,865.0,45,0,0.30274134765625,0.02,0.0,0.02
QQQ,2026-09-23,2026-10-05,C,870.0,84,0,0.31250687499999996,0.02,0.0,0.02
QQQ,2026-09-23,2026-10-05,C,875.0,40,0,0.32031929687499994,0.02,0.0,0.02
QQQ,2026-09-23,2026-10-05,C,880.0,20,0,0.3320379296875,0.02,0.0,0.02
QQQ,2026-09-23,2026-10-05,P,470.0,45,0,0.789064609375,0.02,0.01,0.03
QQQ,2026-09-23,2026-10-05,P,475.0,125,240,0.773439765625,0.02,0.01,0.03
QQQ,2026-09-23,2026-10-05,P,480.0,174,420,0.7578149218750001,0.01,0.01,0.03
QQQ,2026-09-23,2026-10-05,P,485.0,40,3,0.7382838671874999,0.02,0.01,0.03
QQQ,2026-09-23,2026-10-05,P,490.0,108,800,0.7187528125,0.03,0.01,0.03
QQQ,2026-09-23,2026-10-05,P,495.0,49,320,0.70312796875,0.03,0.01,0.03
QQQ,2026-09-23,2026-10-05,P,500.0,10,320,0.6718782812500002,0.02,0.0,0.03
QQQ,2026-09-23,2026-10-05,P,505.0,120,480,0.6718782812500002,0.01,0.01,0.03
QQQ,2026-09-23,2026-10-05,P,510.0,120,720,0.6562534375000001,0.03,0.01,0.03
QQQ,2026-09-23,2026-10-05,P,515.0,30,320,0.6367223828125,0.02,0.01,0.03
QQQ,2026-09-23,2026-10-05,P,520.0,176,640,0.6210975390625001,0.01,0.01,0.03
QQQ,2026-09-23,2026-10-05,P,525.0,50,500,0.5937540625000001,0.02,0.0,0.03
QQQ,2026-09-23,2026-10-05,P,530.0,57,640,0.57812921875,0.02,0.0,0.03
QQQ,2026-09-23,2026-10-05,P,535.0,95,500,0.5742230078125,0.03,0.01,0.03
QQQ,2026-09-23,2026-10-05,P,540.0,28,580,0.5468795312500001,0.03,0.0,0.03
QQQ,2026-09-23,2026-10-05,P,545.0,172,400,0.5429733203125001,0.01,0.01,0.03
QQQ,2026-09-23,2026-10-05,P,550.0,53,80,0.5273484765625001,0.02,0.01,0.03
QQQ,2026-09-23,2026-10-05,P,555.0,146,420,0.5117236328125,0.02,0.01,0.03
QQQ,2026-09-23,2026-10-05,P,560.0,229,370,0.51562984375,0.02,0.01,0.03
QQQ,2026-09-23,2026-10-05,P,565.0,195,650,0.5136767382812499,0.01,0.01,0.04
QQQ,2026-09-23,2026-10-05,P,570.0,117,1442,0.49805189453125004,0.04,0.02,0.04
QQQ,2026-09-23,2026-10-05,P,575.0,102,800,0.48242705078125003,0.04,0.02,0.04
QQQ,2026-09-23,2026-10-05,P,580.0,47,160,0.46680220703125,0.04,0.02,0.04
QQQ,2026-09-23,2026-10-05,P,600.0,5,3,0.42188078125,0.05,0.05,0.06
QQQ,2026-09-23,2026-10-05,P,610.0,13,12,0.40332627929687503,0.08,0.07,0.08
QQQ,2026-09-23,2026-10-05,P,615.0,158,1,0.397466962890625,0.1,0.08,0.1
QQQ,2026-09-23,2026-10-05,P,640.0,156,0,0.34229173339843744,0.18,0.17,0.18
QQQ,2026-09-23,2026-10-05,P,645.0,187,2,0.3325262060546875,0.21,0.19,0.21
QQQ,2026-09-23,2026-10-05,P,650.0,251,0,0.3215399877929687,0.24,0.22,0.24
QQQ,2026-09-23,2026-10-05,P,655.0,157,4,0.309577216796875,0.31,0.25,0.27
QQQ,2026-09-23,2026-10-05,P,660.0,530,4,0.29688203124999996,0.3,0.29,0.3
QQQ,2026-09-23,2026-10-05,P,665.0,161,24,0.2849192602539062,0.34,0.33,0.34
QQQ,2026-09-23,2026-10-05,P,670.0,131,101,0.274421318359375,0.39,0.39,0.4
QQQ,2026-09-23,2026-10-05,P,675.0,45,2,0.2624585473632813,0.49,0.45,0.46
QQQ,2026-09-23,2026-10-05,P,680.0,110,40,0.2520826745605469,0.59,0.54,0.55
QQQ,2026-09-23,2026-10-05,P,685.0,1522,1,0.24073024902343748,0.65,0.64,0.65
QQQ,2026-09-23,2026-10-05,P,689.0,60,12,0.23120885986328127,0.79,0.73,0.74
QQQ,2026-09-23,2026-10-05,P,690.0,523,520,0.2291336853027344,0.72,0.75,0.77
QQQ,2026-09-23,2026-10-05,P,691.0,78,1,0.22754678710937498,0.83,0.79,0.81
QQQ,2026-09-23,2026-10-05,P,692.0,609,1,0.22583781982421874,0.82,0.84,0.85
QQQ,2026-09-23,2026-10-05,P,693.0,88,1,0.2235185070800781,0.94,0.86,0.88
QQQ,2026-09-23,2026-10-05,P,694.0,50,1,0.2215654016113281,0.91,0.89,0.92
QQQ,2026-09-23,2026-10-05,P,695.0,107,1,0.22010057250976559,1.02,0.95,0.97
QQQ,2026-09-23,2026-10-05,P,696.0,15,10,0.2179643634033203,0.96,0.99,1.01
QQQ,2026-09-23,2026-10-05,P,697.0,98,3,0.2161943615722656,1.13,1.04,1.06
QQQ,2026-09-23,2026-10-05,P,698.0,49,48,0.213875048828125,0.99,1.09,1.1
QQQ,2026-09-23,2026-10-05,P,699.0,39,15,0.21143366699218746,1.09,1.12,1.14
QQQ,2026-09-23,2026-10-05,P,700.0,680,7,0.21021297607421874,1.12,1.19,1.21
QQQ,2026-09-23,2026-10-05,P,701.0,53,10,0.208442974243164,1.23,1.25,1.27
QQQ,2026-09-23,2026-10-05,P,702.0,92,21,0.206489868774414,1.07,1.31,1.33
QQQ,2026-09-23,2026-10-05,P,703.0,44,5,0.20441469421386715,1.35,1.37,1.39
QQQ,2026-09-23,2026-10-05,P,704.0,12,32,0.20264469238281246,1.28,1.44,1.46
QQQ,2026-09-23,2026-10-05,P,705.0,532,13,0.20032537963867186,1.58,1.5,1.52
QQQ,2026-09-23,2026-10-05,P,706.0,16,13,0.19855537780761717,1.42,1.57,1.6
QQQ,2026-09-23,2026-10-05,P,707.0,34,34,0.19702951416015624,1.47,1.66,1.69
QQQ,2026-09-23,2026-10-05,P,708.0,115,13,0.19464916687011719,1.8,1.74,1.76
QQQ,2026-09-23,2026-10-05,P,709.0,35,35,0.19348951049804688,1.65,1.84,1.87
QQQ,2026-09-23,2026-10-05,P,710.0,661,59,0.19117019775390626,1.85,1.93,1.95
QQQ,2026-09-23,2026-10-05,P,711.0,16,20,0.1895832995605469,1.8,2.04,2.06
QQQ,2026-09-23,2026-10-05,P,712.0,29,1,0.18817950500488279,2.07,2.15,2.18
QQQ,2026-09-23,2026-10-05,P,713.0,22,5,0.1859212268066406,2.21,2.27,2.28
QQQ,2026-09-23,2026-10-05,P,714.0,72,2,0.18470053588867186,2.28,2.4,2.42
QQQ,2026-09-23,2026-10-05,P,715.0,859,45,0.18238122314453126,2.45,2.5,2.53
QQQ,2026-09-23,2026-10-05,P,716.0,76,100,0.18122156677246093,2.35,2.65,2.69
QQQ,2026-09-23,2026-10-05,P,717.0,101,15,0.17963466857910154,2.62,2.81,2.84
QQQ,2026-09-23,2026-10-05,P,718.0,50,1,0.17749845947265624,2.87,2.96,2.98
QQQ,2026-09-23,2026-10-05,P,719.0,77,1,0.17646087219238282,2.98,3.13,3.17
QQQ,2026-09-23,2026-10-05,P,720.0,503,183,0.17414155944824222,3.11,3.29,3.32
QQQ,2026-09-23,2026-10-05,P,721.0,122,3,0.1726156958007813,3.3,3.48,3.51
QQQ,2026-09-23,2026-10-05,P,722.0,70,7,0.17078465942382814,3.58,3.66,3.7
QQQ,2026-09-23,2026-10-05,P,723.0,20,3,0.16986914123535157,3.68,3.9,3.94
QQQ,2026-09-23,2026-10-05,P,724.0,40,1,0.16779396667480473,4.0,4.1,4.14
QQQ,2026-09-23,2026-10-05,P,725.0,638,63,0.16547465393066407,3.99,4.32,4.34
QQQ,2026-09-23,2026-10-05,P,726.0,70,19,0.16544413665771485,4.38,4.62,4.66
QQQ,2026-09-23,2026-10-05,P,727.0,95,4,0.1627891339111328,4.39,4.85,4.87
QQQ,2026-09-23,2026-10-05,P,728.0,110,7,0.1612937875366211,4.89,5.13,5.15
QQQ,2026-09-23,2026-10-05,P,729.0,49,5,0.16010361389160155,5.06,5.42,5.46
QQQ,2026-09-23,2026-10-05,P,730.0,973,74,0.15821154296875,5.47,5.72,5.75
QQQ,2026-09-23,2026-10-05,P,731.0,97,27,0.15717395568847659,5.75,6.06,6.1
QQQ,2026-09-23,2026-10-05,P,732.0,40,9,0.15485464294433599,6.1,6.38,6.4
QQQ,2026-09-23,2026-10-05,P,733.0,204,18,0.15372550384521483,6.41,6.74,6.78
QQQ,2026-09-23,2026-10-05,P,734.0,29,2,0.1524437783813477,6.6,7.12,7.17
QQQ,2026-09-23,2026-10-05,P,735.0,656,145,0.15174188110351564,7.31,7.58,7.61
QQQ,2026-09-23,2026-10-05,P,736.0,146,27,0.14936153381347655,7.51,7.93,7.98
QQQ,2026-09-23,2026-10-05,P,737.0,49,15,0.1471642901611328,8.14,8.31,8.38
QQQ,2026-09-23,2026-10-05,P,738.0,84,30,0.1466760137939453,8.61,8.84,8.89
QQQ,2026-09-23,2026-10-05,P,739.0,149,225,0.14576049560546872,7.72,9.34,9.4
QQQ,2026-09-23,2026-10-05,P,740.0,505,13,0.14255618194580078,9.09,9.76,9.81
QQQ,2026-09-23,2026-10-05,P,741.0,112,13,0.1412134219360352,9.93,10.24,10.34
QQQ,2026-09-23,2026-10-05,P,742.0,87,53,0.13984014465332031,10.04,10.79,10.89
QQQ,2026-09-23,2026-10-05,P,743.0,71,72,0.13776497009277344,9.45,11.32,11.43
QQQ,2026-09-23,2026-10-05,P,744.0,255,1,0.13648324462890626,12.87,11.92,12.03
QQQ,2026-09-23,2026-10-05,P,745.0,514,58,0.13449962188720704,12.81,12.53,12.62
QQQ,2026-09-23,2026-10-05,P,746.0,282,60,0.13391979370117188,14.4,13.19,13.3
QQQ,2026-09-23,2026-10-05,P,747.0,24,14,0.13221082641601564,11.86,13.84,13.95
QQQ,2026-09-23,2026-10-05,P,748.0,29,11,0.1299525482177734,10.14,14.46,14.6
QQQ,2026-09-23,2026-10-05,P,749.0,110,19,0.13391979370117188,12.58,15.08,15.53
QQQ,2026-09-23,2026-10-05,P,750.0,52,20,0.1334925518798828,16.78,15.79,16.29
QQQ,2026-09-23,2026-10-05,P,751.0,4,3,0.13208875732421876,13.6,14.75,17.03
QQQ,2026-09-23,2026-10-05,P,752.0,7,0,0.13062392822265623,10.83,17.24,17.79
QQQ,2026-09-23,2026-10-05,P,753.0,14,20,0.12915909912109375,14.89,16.17,18.57
QQQ,2026-09-23,2026-10-05,P,755.0,4,0,0.10779700805664064,13.47,19.47,19.71
QQQ,2026-09-23,2026-10-05,P,756.0,1,0,0.12024805541992187,14.92,18.45,20.91
QQQ,2026-09-23,2026-10-05,P,759.0,4,1,0.0971769970703125,23.0,22.85,23.27
QQQ,2026-09-23,2026-10-05,P,760.0,5,1,1.0000000000000003e-05,18.1,23.63,24.0
QQQ,2026-09-23,2026-10-05,P,762.0,2,2,0.09473561523437501,20.0,25.49,26.16
QQQ,2026-09-23,2026-10-05,P,765.0,5,3,1.0000000000000003e-05,24.5,26.66,28.95
QQQ,2026-09-23,2026-10-05,P,770.0,6,6,1.0000000000000003e-05,30.6,31.49,33.83
QQQ,2026-09-23,2026-10-05,P,775.0,19,0,0.11426666992187501,35.25,35.89,39.09
QQQ,2026-09-23,2026-10-05,P,780.0,1,0,0.1801839794921875,32.45,41.31,44.43
QQQ,2026-09-23,2026-10-06,C,695.0,20,10,0.3425358715820312,51.35,43.39,45.71
QQQ,2026-09-23,2026-10-06,C,715.0,21,1,0.23242955078125,25.84,25.38,25.82
QQQ,2026-09-23,2026-10-06,C,720.0,32,1,0.21985643432617186,21.77,21.23,21.66
QQQ,2026-09-23,2026-10-06,C,725.0,37,1,0.204811418762207,17.67,17.25,17.57
QQQ,2026-09-23,2026-10-06,C,730.0,46,33,0.19477123596191404,13.64,13.89,13.98
QQQ,2026-09-23,2026-10-06,C,735.0,42,14,0.1860432958984375,11.12,10.68,10.78
QQQ,2026-09-23,2026-10-06,C,740.0,133,48,0.17722380401611326,8.47,7.91,7.95
QQQ,2026-09-23,2026-10-06,C,745.0,454,131,0.17060155578613284,6.07,5.6,5.66
QQQ,2026-09-23,2026-10-06,C,750.0,463,269,0.16620706848144534,4.2,3.88,3.91
QQQ,2026-09-23,2026-10-06,C,755.0,138,82,0.16254499572753905,2.61,2.55,2.59
QQQ,2026-09-23,2026-10-06,C,760.0,389,38,0.16004257934570312,1.8,1.63,1.66
QQQ,2026-09-23,2026-10-06,C,765.0,455,224,0.15876085388183597,1.09,1.01,1.04
QQQ,2026-09-23,2026-10-06,C,770.0,2370,5,0.15845568115234376,0.56,0.62,0.64
QQQ,2026-09-23,2026-10-06,C,775.0,107,3,0.15808947387695313,0.37,0.36,0.38
QQQ,2026-09-23,2026-10-06,C,780.0,52,8,0.16138533935546873,0.23,0.23,0.25
QQQ,2026-09-23,2026-10-06,C,785.0,69,1,0.16407085937500002,0.12,0.14,0.16
QQQ,2026-09-23,2026-10-06,C,790.0,51,1,0.16651224121093755,0.09,0.08,0.1
QQQ,2026-09-23,2026-10-06,C,795.0,92,111,0.1713950048828125,0.1,0.05,0.07
QQQ,2026-09-23,2026-10-06,C,800.0,59,7,0.1801839794921875,0.05,0.04,0.06
QQQ,2026-09-23,2026-10-06,C,805.0,112,282,0.187508125,0.07,0.02,0.05
QQQ,2026-09-23,2026-10-06,C,810.0,168,280,0.194343994140625,0.04,0.02,0.04
QQQ,2026-09-23,2026-10-06,P,665.0,183,30,0.2846751220703124,0.42,0.42,0.43
QQQ,2026-09-23,2026-10-06,P,670.0,59,2,0.2722240747070312,0.48,0.46,0.48
QQQ,2026-09-23,2026-10-06,P,675.0,59,13,0.26233647827148443,0.54,0.56,0.57
QQQ,2026-09-23,2026-10-06,P,685.0,21,1,0.23889921264648437,0.78,0.74,0.76
QQQ,2026-09-23,2026-10-06,P,690.0,28,1,0.23072058349609376,0.91,0.94,0.95
QQQ,2026-09-23,2026-10-06,P,695.0,143,23,0.22046677978515622,1.17,1.13,1.15
QQQ,2026-09-23,2026-10-06,P,700.0,422,25,0.21131159790039059,1.34,1.4,1.43
QQQ,2026-09-23,2026-10-06,P,705.0,2729,25,0.20215641601562498,1.67,1.75,1.79
QQQ,2026-09-23,2026-10-06,P,710.0,424,514,0.19342847595214846,2.2,2.24,2.27
QQQ,2026-09-23,2026-10-06,P,715.0,243,43,0.18494467407226559,3.0,2.86,2.9
QQQ,2026-09-23,2026-10-06,P,720.0,289,135,0.17670501037597658,3.52,3.69,3.73
QQQ,2026-09-23,2026-10-06,P,725.0,346,54,0.16880103668212892,4.46,4.78,4.82
QQQ,2026-09-23,2026-10-06,P,730.0,211,66,0.16199568481445312,6.22,6.23,6.28
QQQ,2026-09-23,2026-10-06,P,735.0,236,167,0.1542748147583008,7.78,8.01,8.08
QQQ,2026-09-23,2026-10-06,P,740.0,266,27,0.14725584197998048,9.76,10.31,10.37
QQQ,2026-09-23,2026-10-06,P,745.0,354,1,0.13831428100585938,13.77,12.96,13.07
QQQ,2026-09-23,2026-10-06,P,750.0,82,1,0.13092910095214844,16.08,16.0,16.4
QQQ,2026-09-23,2026-10-06,P,755.0,33,46,0.12232322998046877,16.99,19.76,20.22
QQQ,2026-09-23,2026-10-06,P,760.0,14,31,0.11036045898437499,20.38,23.91,24.47
QQQ,2026-09-23,2026-10-09,C,450.0,3,4,1.316165528564453,289.72,286.9,289.65
QQQ,2026-09-23,2026-10-09,C,455.0,2,0,1.288577775878906,255.2,281.97,284.54
QQQ,2026-09-23,2026-10-09,C,500.0,1,0,1.0925338342285156,237.39,237.11,239.95
QQQ,2026-09-23,2026-10-09,C,510.0,20,0,1.0279589617919924,211.66,226.98,229.66
QQQ,2026-09-23,2026-10-09,C,520.0,5,10,0.9982910327148438,196.9,217.08,219.97
QQQ,2026-09-23,2026-10-09,C,530.0,10,10,0.9169930175781251,188.41,206.49,209.66
QQQ,2026-09-23,2026-10-09,C,535.0,10,10,0.9215095739746093,183.45,202.1,204.73
QQQ,2026-09-23,2026-10-09,C,545.0,4,2,0.851563984375,172.8,191.43,194.73
QQQ,2026-09-23,2026-10-09,C,560.0,16,10,0.8253191296386717,159.91,177.18,180.08
QQQ,2026-09-23,2026-10-09,C,565.0,1,0,0.8087177331542967,145.19,172.2,175.23
QQQ,2026-09-23,2026-10-09,C,570.0,2,1,0.7744163183593751,137.16,167.22,169.82
QQQ,2026-09-23,2026-10-09,C,575.0,0,12,0.764650791015625,145.51,162.24,165.18
QQQ,2026-09-23,2026-10-09,C,580.0,10,20,0.7329128271484374,140.45,157.26,159.83
QQQ,2026-09-23,2026-10-09,C,585.0,11,10,0.7320583435058592,161.07,152.38,155.42
QQQ,2026-09-23,2026-10-09,C,590.0,1,0,0.6976958941650393,127.75,147.3,150.05
QQQ,2026-09-23,2026-10-09,C,595.0,18,1,0.6539341247558594,150.43,141.66,144.92
QQQ,2026-09-23,2026-10-09,C,600.0,2,2,0.6724886267089845,112.27,137.53,140.48
QQQ,2026-09-23,2026-10-09,C,605.0,18,8,0.6411168701171875,141.53,132.38,135.25
QQQ,2026-09-23,2026-10-09,C,610.0,1,1,0.6323278955078125,111.49,127.52,130.61
QQQ,2026-09-23,2026-10-09,C,615.0,1,0,0.5948526843261719,103.81,122.44,125.04
QQQ,2026-09-23,2026-10-09,C,620.0,10,9,0.5843547424316407,99.29,117.48,120.44
QQQ,2026-09-23,2026-10-09,C,625.0,3,3,0.5687298986816407,92.97,112.52,115.65
QQQ,2026-09-23,2026-10-09,C,630.0,28,27,0.5369309002685547,87.23,107.56,110.15
QQQ,2026-09-23,2026-10-09,C,635.0,5,1,0.5282029602050782,112.31,102.6,105.68
QQQ,2026-09-23,2026-10-09,C,640.0,19,5,0.5051319018554687,78.22,97.65,100.55
QQQ,2026-09-23,2026-10-09,C,645.0,5,1,0.53320779296875,98.23,92.7,95.42
QQQ,2026-09-23,2026-10-09,C,650.0,64,1,0.5090991473388673,90.0,87.36,90.38
QQQ,2026-09-23,2026-10-09,C,655.0,25,12,0.49158223266601564,66.72,82.44,85.54
QQQ,2026-09-23,2026-10-09,C,660.0,116,59,0.47119669433593747,61.74,77.9,80.62
QQQ,2026-09-23,2026-10-09,C,665.0,14,1,0.44812563598632804,56.91,72.52,75.62
QQQ,2026-09-23,2026-10-09,C,670.0,23,2,0.43579665771484377,73.24,68.1,70.99
QQQ,2026-09-23,2026-10-09,C,675.0,23,3,0.4163266375732422,71.62,63.22,66.14
QQQ,2026-09-23,2026-10-09,C,676.0,2,1,0.418951123046875,63.06,62.89,65.41
QQQ,2026-09-23,2026-10-09,C,677.0,4,1,0.41547215393066406,38.17,62.29,64.46
QQQ,2026-09-23,2026-10-09,C,678.0,7,1,0.34613690979003897,34.32,60.87,61.24
QQQ,2026-09-23,2026-10-09,C,679.0,2,1,0.34204759521484374,41.03,59.94,60.25
QQQ,2026-09-23,2026-10-09,C,680.0,30,2,0.33924000610351557,60.11,58.99,59.3
QQQ,2026-09-23,2026-10-09,C,681.0,2,1,0.33539482971191403,42.19,57.97,58.32
QQQ,2026-09-23,2026-10-09,C,682.0,1,1,0.3328313787841797,61.19,57.05,57.38
QQQ,2026-09-23,2026-10-09,C,685.0,17,2,0.3300237896728515,58.32,54.44,54.74
QQQ,2026-09-23,2026-10-09,C,686.0,5,1,0.33112241149902344,24.42,53.58,53.94
QQQ,2026-09-23,2026-10-09,C,687.0,8,7,0.3284368914794922,56.42,52.68,53.01
QQQ,2026-09-23,2026-10-09,C,688.0,10,1,0.3219061950683593,51.95,51.62,51.94
QQQ,2026-09-23,2026-10-09,C,689.0,3,2,0.3094551477050781,27.49,50.34,50.66
QQQ,2026-09-23,2026-10-09,C,690.0,63,1,0.3079292840576171,52.56,49.42,49.77
QQQ,2026-09-23,2026-10-09,C,691.0,5,3,0.3041146249389648,28.7,48.48,48.8
QQQ,2026-09-23,2026-10-09,C,692.0,11,3,0.30274134765625,52.39,47.28,47.92
QQQ,2026-09-23,2026-10-09,C,693.0,1,2,0.30542686767578126,34.0,46.89,47.2
QQQ,2026-09-23,2026-10-09,C,694.0,13,1,0.3004220349121094,42.31,45.91,46.19
QQQ,2026-09-23,2026-10-09,C,695.0,31,3,0.29743134216308587,45.16,44.9,45.26
QQQ,2026-09-23,2026-10-09,C,696.0,14,2,0.2898630584716796,48.98,43.8,44.15
QQQ,2026-09-23,2026-10-09,C,697.0,67,68,0.2860789166259765,26.02,42.84,43.19
QQQ,2026-09-23,2026-10-09,C,698.0,10,2,0.28992409301757804,45.25,42.25,42.54
QQQ,2026-09-23,2026-10-09,C,699.0,22,2,0.280158565673828,23.15,41.0,41.34
QQQ,2026-09-23,2026-10-09,C,700.0,1166,3,0.2782054602050781,40.76,40.18,40.46
QQQ,2026-09-23,2026-10-09,C,701.0,144,2,0.27924304748535156,43.92,39.44,39.71
QQQ,2026-09-23,2026-10-09,C,702.0,94,3,0.2714306256103516,40.92,38.28,38.59
QQQ,2026-09-23,2026-10-09,C,703.0,52,1,0.27497062927246096,22.46,37.62,37.96
QQQ,2026-09-23,2026-10-09,C,704.0,60,5,0.26605958557128906,41.53,36.47,36.79
QQQ,2026-09-23,2026-10-09,C,705.0,370,2,0.2634656173706055,36.66,35.58,35.9
QQQ,2026-09-23,2026-10-09,C,706.0,230,2,0.2597119927978516,42.12,34.7,34.96
QQQ,2026-09-23,2026-10-09,C,707.0,118,10,0.2634961346435547,37.16,34.1,34.37
QQQ,2026-09-23,2026-10-09,C,708.0,89,5,0.2631604446411133,37.61,33.32,33.6
QQQ,2026-09-23,2026-10-09,C,709.0,167,5,0.25489026367187506,32.01,32.05,32.46
QQQ,2026-09-23,2026-10-09,C,710.0,1030,24,0.24933611999511718,31.43,31.19,31.45
QQQ,2026-09-23,2026-10-09,C,711.0,162,2,0.25144181182861325,37.37,30.5,30.81
QQQ,2026-09-23,2026-10-09,C,712.0,667,2,0.25608043731689456,37.14,29.98,30.31
QQQ,2026-09-23,2026-10-09,C,713.0,143,18,0.24292749267578123,38.12,28.63,28.93
QQQ,2026-09-23,2026-10-09,C,714.0,110,1,0.2470473245239258,34.58,28.16,28.42
QQQ,2026-09-23,2026-10-09,C,715.0,1882,175,0.23807524627685545,26.45,26.95,27.25
QQQ,2026-09-23,2026-10-09,C,716.0,430,4,0.23566438171386717,27.02,26.12,26.42
QQQ,2026-09-23,2026-10-09,C,717.0,387,1,0.2326126544189453,25.66,25.31,25.56
QQQ,2026-09-23,2026-10-09,C,718.0,324,56,0.2313004116821289,25.33,24.51,24.8
QQQ,2026-09-23,2026-10-09,C,719.0,573,1,0.22797402893066404,26.85,23.7,23.94
QQQ,2026-09-23,2026-10-09,C,720.0,1330,42,0.2322464471435547,23.48,23.25,23.5
QQQ,2026-09-23,2026-10-09,C,721.0,500,6,0.22449505981445309,22.67,22.13,22.41
QQQ,2026-09-23,2026-10-09,C,722.0,374,1,0.22296919616699218,21.21,21.36,21.67
QQQ,2026-09-23,2026-10-09,C,723.0,186,41,0.22022264160156246,20.92,20.59,20.87
QQQ,2026-09-23,2026-10-09,C,724.0,332,2,0.21613332702636717,20.49,19.88,20.0
QQQ,2026-09-23,2026-10-09,C,725.0,1379,28,0.21469901519775392,19.47,19.17,19.29
QQQ,2026-09-23,2026-10-09,C,726.0,142,8,0.21393608337402342,17.83,18.51,18.63
QQQ,2026-09-23,2026-10-09,C,727.0,201,5,0.211647287902832,17.09,17.75,17.89
QQQ,2026-09-23,2026-10-09,C,728.0,351,4,0.21051814880371095,17.34,17.13,17.23
QQQ,2026-09-23,2026-10-09,C,729.0,356,3,0.20722228332519527,16.47,16.32,16.45
QQQ,2026-09-23,2026-10-09,C,730.0,1454,59,0.20508607421874997,16.02,15.65,15.75
QQQ,2026-09-23,2026-10-09,C,731.0,408,6,0.20478090148925776,14.88,15.04,15.17
QQQ,2026-09-23,2026-10-09,C,732.0,453,4,0.20276676147460934,14.53,14.38,14.5
QQQ,2026-09-23,2026-10-09,C,733.0,514,137,0.19974555145263673,13.83,13.67,13.78
QQQ,2026-09-23,2026-10-09,C,734.0,1756,97,0.1986469296264648,13.76,13.1,13.19
QQQ,2026-09-23,2026-10-09,C,735.0,1487,55,0.19733468688964845,12.69,12.48,12.6
QQQ,2026-09-23,2026-10-09,C,736.0,185,69,0.19535106414794923,12.39,11.88,11.98
QQQ,2026-09-23,2026-10-09,C,737.0,180,93,0.19330640686035155,11.78,11.3,11.37
QQQ,2026-09-23,2026-10-09,C,738.0,511,55,0.1918720950317383,10.98,10.76,10.81
QQQ,2026-09-23,2026-10-09,C,739.0,1278,24,0.19068192138671874,10.81,10.23,10.28
QQQ,2026-09-23,2026-10-09,C,740.0,2045,625,0.18927812683105472,9.75,9.71,9.75
QQQ,2026-09-23,2026-10-09,C,741.0,262,29,0.18863726409912107,9.8,9.21,9.28
QQQ,2026-09-23,2026-10-09,C,742.0,361,149,0.18640950317382812,9.2,8.69,8.73
QQQ,2026-09-23,2026-10-09,C,743.0,753,45,0.18512777770996092,8.32,8.19,8.25
QQQ,2026-09-23,2026-10-09,C,744.0,299,40,0.1840901904296875,8.12,7.75,7.8
QQQ,2026-09-23,2026-10-09,C,745.0,1521,389,0.18265587860107418,7.36,7.31,7.34
QQQ,2026-09-23,2026-10-09,C,746.0,516,26,0.1819539813232422,7.27,6.88,6.94
QQQ,2026-09-23,2026-10-09,C,747.0,1212,143,0.18140467041015623,6.79,6.48,6.56
QQQ,2026-09-23,2026-10-09,C,748.0,1233,6913,0.1795125994873047,6.13,6.08,6.12
QQQ,2026-09-23,2026-10-09,C,749.0,157,69,0.17896328857421873,6.12,5.72,5.77
QQQ,2026-09-23,2026-10-09,C,750.0,2086,3599,0.17762052856445312,5.35,5.34,5.39
QQQ,2026-09-23,2026-10-09,C,751.0,958,9,0.1767355276489258,5.09,5.0,5.05
QQQ,2026-09-23,2026-10-09,C,752.0,808,28,0.17539276763916017,4.77,4.67,4.7
QQQ,2026-09-23,2026-10-09,C,753.0,1099,17,0.1751181121826172,4.42,4.37,4.42
QQQ,2026-09-23,2026-10-09,C,754.0,354,7,0.17420259399414065,4.03,4.07,4.12
QQQ,2026-09-23,2026-10-09,C,755.0,1180,236,0.17322604125976562,3.77,3.8,3.83
QQQ,2026-09-23,2026-10-09,C,756.0,1011,3,0.17276828216552736,3.78,3.54,3.58
QQQ,2026-09-23,2026-10-09,C,757.0,102,75,0.17163914306640626,3.55,3.27,3.31
QQQ,2026-09-23,2026-10-09,C,758.0,337,7,0.17133397033691405,3.06,3.04,3.09
QQQ,2026-09-23,2026-10-09,C,759.0,237,41,0.1700522448730469,3.04,2.81,2.84
QQQ,2026-09-23,2026-10-09,C,760.0,1160,160,0.16986914123535157,2.67,2.61,2.65
QQQ,2026-09-23,2026-10-09,C,761.0,86,14,0.16895362304687503,2.28,2.43,2.44
QQQ,2026-09-23,2026-10-09,C,762.0,54,17,0.16904517486572268,2.4,2.23,2.28
QQQ,2026-09-23,2026-10-09,C,763.0,29,22,0.16834327758789067,2.01,2.06,2.1
QQQ,2026-09-23,2026-10-09,C,764.0,66,124,0.16816017395019534,2.08,1.91,1.95
QQQ,2026-09-23,2026-10-09,C,765.0,1214,220,0.16748879394531252,1.84,1.76,1.79
QQQ,2026-09-23,2026-10-09,C,766.0,595,34,0.1664512066650391,1.72,1.61,1.63
QQQ,2026-09-23,2026-10-09,C,767.0,116,32,0.16639017211914067,1.54,1.48,1.51
QQQ,2026-09-23,2026-10-09,C,768.0,22,11,0.1667563793945313,1.38,1.38,1.41
QQQ,2026-09-23,2026-10-09,C,769.0,68,7,0.16590189575195316,1.28,1.25,1.28
QQQ,2026-09-23,2026-10-09,C,770.0,1473,66,0.16614603393554692,1.27,1.16,1.19
QQQ,2026-09-23,2026-10-09,C,771.0,84,3,0.16614603393554692,1.07,1.07,1.1
QQQ,2026-09-23,2026-10-09,C,772.0,74,3,0.16510844665527347,0.99,0.97,0.99
QQQ,2026-09-23,2026-10-09,C,773.0,64,5,0.16541361938476565,0.88,0.89,0.92
QQQ,2026-09-23,2026-10-09,C,774.0,53,6,0.16553568847656253,0.8,0.82,0.85
QQQ,2026-09-23,2026-10-09,C,775.0,735,15,0.16547465393066407,0.72,0.76,0.78
QQQ,2026-09-23,2026-10-09,C,780.0,651,24,0.16639017211914067,0.51,0.5,0.52
QQQ,2026-09-23,2026-10-09,C,785.0,817,17,0.16724465576171876,0.3,0.32,0.34
QQQ,2026-09-23,2026-10-09,C,790.0,980,12,0.1694418994140625,0.22,0.21,0.23
QQQ,2026-09-23,2026-10-09,C,795.0,441,21,0.17237155761718753,0.15,0.14,0.16
QQQ,2026-09-23,2026-10-09,C,800.0,505,200,0.17505707763671874,0.1,0.1,0.11
QQQ,2026-09-23,2026-10-09,C,805.0,798,12,0.178719150390625,0.1,0.07,0.08
QQQ,2026-09-23,2026-10-09,C,810.0,233,105,0.18360191406249998,0.09,0.05,0.06
QQQ,2026-09-23,2026-10-09,C,815.0,96,732,0.18946123046875002,0.06,0.03,0.05
QQQ,2026-09-23,2026-10-09,C,820.0,201,160,0.195320546875,0.03,0.02,0.04
QQQ,2026-09-23,2026-10-09,C,825.0,51,300,0.20508607421874997,0.03,0.01,0.04
QQQ,2026-09-23,2026-10-09,C,830.0,53,560,0.2148516015625,0.02,0.02,0.04
QQQ,2026-09-23,2026-10-09,C,835.0,163,560,0.21778125976562498,0.02,0.01,0.03
QQQ,2026-09-23,2026-10-09,C,840.0,56,657,0.22657023437499998,0.03,0.01,0.03
QQQ,2026-09-23,2026-10-09,C,845.0,104,860,0.23633576171874998,0.02,0.01,0.03
QQQ,2026-09-23,2026-10-09,C,850.0,57,800,0.245124736328125,0.04,0.01,0.03
QQQ,2026-09-23,2026-10-09,C,860.0,547,886,0.26270268554687504,0.04,0.01,0.03
QQQ,2026-09-23,2026-10-09,C,870.0,120,720,0.2802806347656249,0.02,0.0,0.03
QQQ,2026-09-23,2026-10-09,C,880.0,94,400,0.29688203124999996,0.02,0.0,0.03
QQQ,2026-09-23,2026-10-09,C,885.0,63,0,0.30664755859375,0.02,0.0,0.03
QQQ,2026-09-23,2026-10-09,C,890.0,50,0,0.31445998046874996,0.01,0.0,0.03
QQQ,2026-09-23,2026-10-09,C,895.0,40,0,0.31250687499999996,0.02,0.0,0.02
QQQ,2026-09-23,2026-10-09,C,900.0,89,882,0.32031929687499994,0.02,0.0,0.02
QQQ,2026-09-23,2026-10-09,C,905.0,29,0,0.32813171874999997,0.02,0.0,0.02
QQQ,2026-09-23,2026-10-09,C,910.0,10,0,0.335944140625,0.02,0.0,0.02
QQQ,2026-09-23,2026-10-09,C,915.0,0,0,0.3437565625,0.03,0.0,0.02
QQQ,2026-09-23,2026-10-09,C,920.0,0,0,0.35156898437499995,0.02,0.0,0.02
QQQ,2026-09-23,2026-10-09,C,950.0,4,0,0.39453730468750003,0.02,0.0,0.02
QQQ,2026-09-23,2026-10-09,P,450.0,488,380,0.7460962890625,0.01,0.01,0.03
QQQ,2026-09-23,2026-10-09,P,455.0,171,220,0.7304714453125,0.03,0.01,0.03
QQQ,2026-09-23,2026-10-09,P,460.0,139,480,0.7148466015625,0.02,0.01,0.03
QQQ,2026-09-23,2026-10-09,P,465.0,163,180,0.6992217578125001,0.03,0.01,0.03
QQQ,2026-09-23,2026-10-09,P,470.0,331,160,0.6835969140625001,0.02,0.01,0.03
QQQ,2026-09-23,2026-10-09,P,475.0,224,960,0.6679720703125002,0.02,0.01,0.03
QQQ,2026-09-23,2026-10-09,P,480.0,473,40,0.6562534375000001,0.04,0.01,0.03
QQQ,2026-09-23,2026-10-09,P,485.0,159,280,0.64062859375,0.03,0.01,0.03
QQQ,2026-09-23,2026-10-09,P,490.0,150,740,0.6250037500000001,0.02,0.01,0.03
QQQ,2026-09-23,2026-10-09,P,495.0,135,635,0.6093789062500001,0.03,0.01,0.03
QQQ,2026-09-23,2026-10-09,P,500.0,752,526,0.5937540625000001,0.02,0.01,0.03
QQQ,2026-09-23,2026-10-09,P,505.0,126,40,0.5820354296875,0.03,0.01,0.03
QQQ,2026-09-23,2026-10-09,P,510.0,172,230,0.5664105859375,0.02,0.01,0.03
QQQ,2026-09-23,2026-10-09,P,515.0,243,600,0.5625043750000001,0.02,0.01,0.04
QQQ,2026-09-23,2026-10-09,P,520.0,136,840,0.5488326367187502,0.02,0.01,0.04
QQQ,2026-09-23,2026-10-09,P,525.0,147,470,0.5351608984375,0.01,0.01,0.04
QQQ,2026-09-23,2026-10-09,P,530.0,43,240,0.5293015820312501,0.03,0.02,0.04
QQQ,2026-09-23,2026-10-09,P,535.0,271,220,0.51562984375,0.03,0.02,0.04
QQQ,2026-09-23,2026-10-09,P,540.0,145,800,0.5136767382812499,0.05,0.03,0.05
QQQ,2026-09-23,2026-10-09,P,545.0,403,170,0.500005,0.04,0.03,0.05
QQQ,2026-09-23,2026-10-09,P,550.0,419,2,0.50586431640625,0.05,0.04,0.06
QQQ,2026-09-23,2026-10-09,P,555.0,236,40,0.49023947265625006,0.06,0.04,0.06
QQQ,2026-09-23,2026-10-09,P,560.0,175,17,0.48438015625,0.19,0.05,0.07
QQQ,2026-09-23,2026-10-09,P,565.0,165,5,0.476567734375,0.07,0.06,0.08
QQQ,2026-09-23,2026-10-09,P,570.0,532,227,0.467778759765625,0.07,0.07,0.09
QQQ,2026-09-23,2026-10-09,P,575.0,235,89,0.4580132324218751,0.09,0.09,0.1
QQQ,2026-09-23,2026-10-09,P,580.0,439,2,0.44824770507812495,0.11,0.1,0.11
QQQ,2026-09-23,2026-10-09,P,585.0,790,22,0.442388388671875,0.12,0.11,0.13
QQQ,2026-09-23,2026-10-09,P,590.0,380,3,0.43164630859375,0.14,0.12,0.14
QQQ,2026-09-23,2026-10-09,P,595.0,279,10,0.4233456103515625,0.15,0.14,0.16
QQQ,2026-09-23,2026-10-09,P,600.0,375,15,0.4145566357421875,0.17,0.16,0.18
QQQ,2026-09-23,2026-10-09,P,605.0,211,11,0.40479110839843746,0.2,0.18,0.2
QQQ,2026-09-23,2026-10-09,P,610.0,294,28,0.39453730468750003,0.21,0.2,0.22
QQQ,2026-09-23,2026-10-09,P,615.0,352,12,0.383795224609375,0.24,0.23,0.24
QQQ,2026-09-23,2026-10-09,P,620.0,711,30,0.37476211181640623,0.27,0.25,0.27
QQQ,2026-09-23,2026-10-09,P,625.0,264,26,0.36475244628906256,0.3,0.28,0.3
QQQ,2026-09-23,2026-10-09,P,630.0,533,1,0.35425450439453116,0.32,0.31,0.33
QQQ,2026-09-23,2026-10-09,P,635.0,405,1,0.34448897705078124,0.39,0.35,0.37
QQQ,2026-09-23,2026-10-09,P,640.0,1024,5,0.3327703442382813,0.41,0.38,0.4
QQQ,2026-09-23,2026-10-09,P,645.0,1737,3,0.3217841259765625,0.44,0.42,0.44
QQQ,2026-09-23,2026-10-09,P,650.0,1871,46,0.31323928955078123,0.49,0.49,0.51
QQQ,2026-09-23,2026-10-09,P,655.0,826,18,0.30274134765625,0.55,0.55,0.57
QQQ,2026-09-23,2026-10-09,P,660.0,2154,43,0.29053443847656246,0.6,0.61,0.62
QQQ,2026-09-23,2026-10-09,P,665.0,1497,1,0.28162339477539056,0.69,0.7,0.72
QQQ,2026-09-23,2026-10-09,P,670.0,2044,15,0.27075924560546877,0.79,0.78,0.81
QQQ,2026-09-23,2026-10-09,P,675.0,1051,29,0.2613599255371094,0.89,0.92,0.94
QQQ,2026-09-23,2026-10-09,P,676.0,122,2,0.25843026733398444,0.92,0.92,0.95
QQQ,2026-09-23,2026-10-09,P,677.0,63,1,0.2564771618652344,1.0,0.96,0.98
QQQ,2026-09-23,2026-10-09,P,678.0,113,23,0.2557447473144532,0.95,1.01,1.03
QQQ,2026-09-23,2026-10-09,P,679.0,751,60,0.25318129638671877,0.99,1.03,1.05
QQQ,2026-09-23,2026-10-09,P,680.0,4304,92,0.2520826745605469,1.07,1.08,1.1
QQQ,2026-09-23,2026-10-09,P,681.0,145,2,0.2500075,1.01,1.11,1.13
QQQ,2026-09-23,2026-10-09,P,682.0,76,12,0.24829853271484376,1.05,1.15,1.17
QQQ,2026-09-23,2026-10-09,P,683.0,138,1,0.24652853088378907,1.15,1.18,1.21
QQQ,2026-09-23,2026-10-09,P,684.0,131,1,0.24420921813964847,1.22,1.22,1.24
QQQ,2026-09-23,2026-10-09,P,685.0,630,69,0.24134059448242187,1.22,1.23,1.26
QQQ,2026-09-23,2026-10-09,P,686.0,235,13,0.24073024902343748,1.24,1.31,1.33
QQQ,2026-09-23,2026-10-09,P,687.0,380,22,0.2386550744628906,0.95,1.35,1.37
QQQ,2026-09-23,2026-10-09,P,688.0,125,2,0.2370071417236328,1.39,1.4,1.42
QQQ,2026-09-23,2026-10-09,P,689.0,277,1,0.2352371398925781,1.39,1.45,1.47
QQQ,2026-09-23,2026-10-09,P,690.0,756,52,0.23255161987304687,1.43,1.48,1.5
QQQ,2026-09-23,2026-10-09,P,691.0,106,20,0.23139196350097657,1.38,1.54,1.57
QQQ,2026-09-23,2026-10-09,P,692.0,142,2,0.22937782348632813,1.54,1.6,1.62
QQQ,2026-09-23,2026-10-09,P,693.0,538,43,0.2283402362060547,1.51,1.67,1.7
QQQ,2026-09-23,2026-10-09,P,694.0,166,1,0.22614299255371095,1.66,1.73,1.75
QQQ,2026-09-23,2026-10-09,P,695.0,995,38,0.22425092163085933,1.76,1.79,1.81
QQQ,2026-09-23,2026-10-09,P,696.0,174,31,0.2222367816162109,1.79,1.84,1.87
QQQ,2026-09-23,2026-10-09,P,697.0,171,26,0.22113815979003904,2.12,1.93,1.96
QQQ,2026-09-23,2026-10-09,P,698.0,157,3,0.2192460888671875,2.0,2.01,2.03
QQQ,2026-09-23,2026-10-09,P,699.0,151,26,0.2172929833984375,1.95,2.07,2.1
QQQ,2026-09-23,2026-10-09,P,700.0,2718,226,0.2155229815673828,2.15,2.15,2.18
QQQ,2026-09-23,2026-10-09,P,701.0,208,14,0.2136919451904297,2.27,2.24,2.26
QQQ,2026-09-23,2026-10-09,P,702.0,1598,132,0.2122881506347656,2.35,2.34,2.36
QQQ,2026-09-23,2026-10-09,P,703.0,404,62,0.21051814880371095,2.4,2.43,2.45
QQQ,2026-09-23,2026-10-09,P,704.0,312,23,0.20862607788085932,2.52,2.52,2.54
QQQ,2026-09-23,2026-10-09,P,705.0,1805,69,0.2074053869628906,2.56,2.63,2.66
QQQ,2026-09-23,2026-10-09,P,706.0,167,9,0.20526917785644527,2.56,2.73,2.75
QQQ,2026-09-23,2026-10-09,P,707.0,530,3,0.2038043487548828,2.76,2.85,2.87
QQQ,2026-09-23,2026-10-09,P,708.0,266,65,0.2030108996582031,2.84,3.0,3.02
QQQ,2026-09-23,2026-10-09,P,709.0,305,11,0.20099675964355468,2.97,3.11,3.13
QQQ,2026-09-23,2026-10-09,P,710.0,3819,276,0.19959296508789062,3.22,3.24,3.27
QQQ,2026-09-23,2026-10-09,P,711.0,630,7,0.1980671014404297,3.2,3.37,3.41
QQQ,2026-09-23,2026-10-09,P,712.0,400,67,0.19638865142822265,3.06,3.5,3.55
QQQ,2026-09-23,2026-10-09,P,713.0,216,3,0.1950153741455078,3.48,3.68,3.71
QQQ,2026-09-23,2026-10-09,P,714.0,394,9,0.19263502685546874,3.63,3.8,3.83
QQQ,2026-09-23,2026-10-09,P,715.0,1496,174,0.19095657684326173,3.86,3.98,3.99
QQQ,2026-09-23,2026-10-09,P,716.0,634,177,0.1901936450195313,4.16,4.16,4.2
QQQ,2026-09-23,2026-10-09,P,717.0,554,15,0.18817950500488279,4.18,4.31,4.36
QQQ,2026-09-23,2026-10-09,P,718.0,817,16,0.18625691680908202,4.48,4.5,4.53
QQQ,2026-09-23,2026-10-09,P,719.0,546,12,0.1859517440795898,4.76,4.73,4.79
QQQ,2026-09-23,2026-10-09,P,720.0,957,223,0.18369346588134766,4.91,4.94,4.96
QQQ,2026-09-23,2026-10-09,P,721.0,128,19,0.18222863677978518,5.3,5.15,5.18
QQQ,2026-09-23,2026-10-09,P,722.0,258,69,0.18076380767822264,5.14,5.37,5.41
QQQ,2026-09-23,2026-10-09,P,723.0,275,39,0.17984828948974607,5.38,5.62,5.68
QQQ,2026-09-23,2026-10-09,P,724.0,51,2,0.17765104583740232,5.57,5.86,5.89
QQQ,2026-09-23,2026-10-09,P,725.0,1275,275,0.17615569946289064,5.92,6.12,6.15
QQQ,2026-09-23,2026-10-09,P,726.0,358,221,0.17551483673095702,6.1,6.4,6.47
QQQ,2026-09-23,2026-10-09,P,727.0,4337,11,0.17343966217041018,6.32,6.69,6.72
QQQ,2026-09-23,2026-10-09,P,728.0,150,4,0.17221897125244146,6.68,7.01,7.03
QQQ,2026-09-23,2026-10-09,P,729.0,56,13,0.17041845214843754,6.76,7.26,7.32
QQQ,2026-09-23,2026-10-09,P,730.0,6288,941,0.1684043121337891,7.52,7.57,7.61
QQQ,2026-09-23,2026-10-09,P,731.0,76,3,0.16751931121826175,7.78,7.91,7.98
QQQ,2026-09-23,2026-10-09,P,732.0,240,3,0.16639017211914067,7.99,8.25,8.35
QQQ,2026-09-23,2026-10-09,P,733.0,207,58,0.16452861846923827,8.6,8.62,8.69
QQQ,2026-09-23,2026-10-09,P,734.0,228,60,0.16275861663818358,8.72,9.0,9.05
QQQ,2026-09-23,2026-10-09,P,735.0,775,120,0.16220930572509767,9.37,9.44,9.5
QQQ,2026-09-23,2026-10-09,P,736.0,137,37,0.16059189025878906,9.3,9.84,9.9
QQQ,2026-09-23,2026-10-09,P,737.0,183,192,0.159188095703125,10.0,10.27,10.33
QQQ,2026-09-23,2026-10-09,P,738.0,221,14,0.15818102569580078,10.34,10.72,10.8
QQQ,2026-09-23,2026-10-09,P,739.0,258,27,0.157234990234375,10.65,11.21,11.29
QQQ,2026-09-23,2026-10-09,P,740.0,871,151,0.15436636657714847,11.07,11.62,11.68
QQQ,2026-09-23,2026-10-09,P,741.0,195,16,0.1540001593017578,12.12,12.15,12.24
QQQ,2026-09-23,2026-10-09,P,742.0,398,43,0.15268791656494146,12.11,12.66,12.76
QQQ,2026-09-23,2026-10-09,P,743.0,146,207,0.15122308746337892,11.2,13.17,13.29
QQQ,2026-09-23,2026-10-09,P,744.0,116,6,0.1505211901855469,13.67,13.74,13.88
QQQ,2026-09-23,2026-10-09,P,745.0,264,18,0.1484154983520508,14.3,14.3,14.41
QQQ,2026-09-23,2026-10-09,P,746.0,74,10,0.14670653106689452,14.91,14.85,14.98
QQQ,2026-09-23,2026-10-09,P,747.0,69,2,0.1440820455932617,14.96,15.39,15.52
QQQ,2026-09-23,2026-10-09,P,748.0,56,4,0.14441773559570312,15.82,16.11,16.24
QQQ,2026-09-23,2026-10-09,P,749.0,89,10,0.1417932501220703,14.26,16.67,16.82
QQQ,2026-09-23,2026-10-09,P,750.0,184,57,0.1392908337402344,17.34,17.34,17.43
QQQ,2026-09-23,2026-10-09,P,751.0,25,4,0.13941290283203128,15.39,17.84,18.19
QQQ,2026-09-23,2026-10-09,P,752.0,1,1,0.13498789825439456,16.5,18.39,18.75
QQQ,2026-09-23,2026-10-09,P,753.0,38,4,0.13813117736816405,16.75,19.24,19.68
QQQ,2026-09-23,2026-10-09,P,754.0,3,1,0.13660531372070314,14.22,19.88,20.41
QQQ,2026-09-23,2026-10-09,P,755.0,47,4,0.12970841003417968,20.45,20.43,20.94
QQQ,2026-09-23,2026-10-09,P,757.0,2,2,0.12250633361816407,18.99,21.93,22.37
QQQ,2026-09-23,2026-10-09,P,758.0,9,10,0.1263515100097656,19.71,22.97,23.37
QQQ,2026-09-23,2026-10-09,P,760.0,211,26,0.1155483953857422,25.76,24.43,24.83
QQQ,2026-09-23,2026-10-09,P,761.0,2,2,0.116219775390625,21.98,25.33,25.76
QQQ,2026-09-23,2026-10-09,P,765.0,111,11,1.0000000000000003e-05,26.73,28.49,29.02
QQQ,2026-09-23,2026-10-09,P,766.0,2,2,0.08789974609375001,26.06,29.67,30.13
QQQ,2026-09-23,2026-10-09,P,770.0,52,13,1.0000000000000003e-05,31.21,33.34,33.79
QQQ,2026-09-23,2026-10-09,P,771.0,1,0,1.0000000000000003e-05,27.42,33.92,34.45
QQQ,2026-09-23,2026-10-09,P,774.0,1,0,1.0000000000000003e-05,29.77,36.53,37.31
QQQ,2026-09-23,2026-10-09,P,775.0,1,1,1.0000000000000003e-05,31.46,36.4,39.01
QQQ,2026-09-23,2026-10-09,P,780.0,2,4,1.0000000000000003e-05,43.35,41.13,43.91
QQQ,2026-09-23,2026-10-09,P,785.0,0,4,1.0000000000000003e-05,48.27,46.17,48.9
QQQ,2026-09-23,2026-10-09,P,790.0,0,0,1.0000000000000003e-05,53.26,50.95,53.88
QQQ,2026-09-23,2026-10-16,C,300.0,14,1,1.8615729577636717,445.0,436.92,439.55
QQQ,2026-09-23,2026-10-16,C,305.0,0,1,1.81640716796875,413.87,431.83,434.44
QQQ,2026-09-23,2026-10-16,C,310.0,11,1,1.738038419189453,409.99,426.18,429.43
QQQ,2026-09-23,2026-10-16,C,315.0,10,10,1.0000000000000003e-05,384.34,391.55,394.2
QQQ,2026-09-23,2026-10-16,C,320.0,0,1,1.0000000000000003e-05,395.21,0.0,0.0
QQQ,2026-09-23,2026-10-16,C,325.0,10,3,1.730958376464844,421.07,411.88,414.93
QQQ,2026-09-23,2026-10-16,C,330.0,12,1,1.6813980773925783,391.02,406.89,409.59
QQQ,2026-09-23,2026-10-16,C,335.0,17,1,1.6711442224121096,377.26,401.91,404.87
QQQ,2026-09-23,2026-10-16,C,340.0,2,1,1.0000000000000003e-05,373.63,379.1,382.8
QQQ,2026-09-23,2026-10-16,C,345.0,2,2,1.642579912109375,366.88,392.04,395.23
QQQ,2026-09-23,2026-10-16,C,350.0,13,1,1.5300316467285153,367.06,386.28,389.56
QQQ,2026-09-23,2026-10-16,C,355.0,251,1,1.5646994421386715,361.45,381.96,384.9
QQQ,2026-09-23,2026-10-16,C,360.0,400,1,1.4777858142089846,356.58,376.3,379.54
QQQ,2026-09-23,2026-10-16,C,365.0,4,1,1.0000000000000003e-05,332.66,341.93,344.58
QQQ,2026-09-23,2026-10-16,C,370.0,10,1,1.4782740930175784,347.04,367.11,369.62
QQQ,2026-09-23,2026-10-16,C,375.0,1,0,1.632081917724609,352.39,363.67,367.13
QQQ,2026-09-23,2026-10-16,C,380.0,53,11,1.4228544482421874,356.14,357.03,359.62
QQQ,2026-09-23,2026-10-16,C,385.0,33,32,1.6103535107421876,334.69,354.07,357.68
QQQ,2026-09-23,2026-10-16,C,390.0,6,1,1.3959991137695313,351.85,347.08,350.02
QQQ,2026-09-23,2026-10-16,C,395.0,6,1,1.3659699670410155,324.3,342.07,344.92
QQQ,2026-09-23,2026-10-16,C,400.0,581,9,1.2924840063476561,321.7,336.33,339.7
QQQ,2026-09-23,2026-10-16,C,405.0,3,1,1.3217807348632813,314.21,332.21,334.87
QQQ,2026-09-23,2026-10-16,C,410.0,5,2,1.298343352050781,307.66,327.12,329.97
QQQ,2026-09-23,2026-10-16,C,420.0,3,1,1.2586706988525391,296.73,317.15,320.1
QQQ,2026-09-23,2026-10-16,C,425.0,13,4,1.2219277185058592,313.63,312.16,314.78
QQQ,2026-09-23,2026-10-16,C,430.0,1,6,1.2131386999511715,278.78,307.18,310.08
QQQ,2026-09-23,2026-10-16,C,435.0,66,2,1.0000000000000003e-05,296.46,262.62,266.33
QQQ,2026-09-23,2026-10-16,C,440.0,62,5,1.1613811462402346,304.36,297.26,299.84
QQQ,2026-09-23,2026-10-16,C,445.0,1,1,1.0000000000000003e-05,263.49,275.96,279.55
QQQ,2026-09-23,2026-10-16,C,450.0,71,5,1.0986373193359378,288.43,286.8,289.85
QQQ,2026-09-23,2026-10-16,C,455.0,3,1,1.0000000000000003e-05,288.95,252.74,255.5
QQQ,2026-09-23,2026-10-16,C,460.0,84,6,1.087895185546875,258.72,277.27,280.18
QQQ,2026-09-23,2026-10-16,C,465.0,63,1,1.0596970843505862,252.57,272.29,274.98
QQQ,2026-09-23,2026-10-16,C,470.0,55,1,1.0396776531982426,247.61,267.3,270.0
QQQ,2026-09-23,2026-10-16,C,475.0,48,1,1.0296679376220703,271.15,262.34,265.26
QQQ,2026-09-23,2026-10-16,C,480.0,24,4,0.9774172180175782,253.07,256.8,259.95
QQQ,2026-09-23,2026-10-16,C,485.0,52,1,0.9487309814453124,232.08,251.57,254.96
QQQ,2026-09-23,2026-10-16,C,490.0,34,10,0.9741213525390625,229.49,247.37,250.43
QQQ,2026-09-23,2026-10-16,C,495.0,56,6,0.9251716467285156,247.25,242.0,244.97
QQQ,2026-09-23,2026-10-16,C,500.0,93,2,0.9248054394531251,240.78,237.51,240.03
QQQ,2026-09-23,2026-10-16,C,505.0,7,5,0.9060067993164063,227.07,232.53,235.05
QQQ,2026-09-23,2026-10-16,C,510.0,12,1,0.8825695336914061,232.28,227.44,230.03
QQQ,2026-09-23,2026-10-16,C,515.0,17,5,0.879334702758789,202.33,222.57,225.43
QQQ,2026-09-23,2026-10-16,C,520.0,50,22,0.8516860534667969,192.97,217.48,220.26
QQQ,2026-09-23,2026-10-16,C,525.0,33,1,0.8464370825195311,215.92,212.61,215.62
QQQ,2026-09-23,2026-10-16,C,530.0,41,3,0.8131122204589842,189.41,207.53,210.22
QQQ,2026-09-23,2026-10-16,C,535.0,76,2,0.7963887548828125,184.95,202.55,205.29
QQQ,2026-09-23,2026-10-16,C,540.0,236,7,0.7541528491210938,206.34,196.92,200.13
QQQ,2026-09-23,2026-10-16,C,545.0,29,1,0.7358424853515625,175.52,191.89,195.17
QQQ,2026-09-23,2026-10-16,C,550.0,132,1,0.7437769763183593,194.0,187.81,190.2
QQQ,2026-09-23,2026-10-16,C,555.0,85,2,0.7341335180664061,188.08,182.64,185.73
QQQ,2026-09-23,2026-10-16,C,560.0,106,1,0.7136869451904297,181.41,177.67,180.64
QQQ,2026-09-23,2026-10-16,C,565.0,159,29,0.686648641357422,142.2,172.7,175.28
QQQ,2026-09-23,2026-10-16,C,570.0,76,3,0.6766389758300781,174.16,167.73,170.6
QQQ,2026-09-23,2026-10-16,C,575.0,45,1,0.6508823974609376,165.65,162.68,165.35
QQQ,2026-09-23,2026-10-16,C,580.0,415,2,0.62305064453125,162.1,157.26,160.38
QQQ,2026-09-23,2026-10-16,C,585.0,94,2,0.602787175292969,152.48,152.14,155.41
QQQ,2026-09-23,2026-10-16,C,590.0,289,1,0.6072426971435547,151.67,147.88,150.66
QQQ,2026-09-23,2026-10-16,C,595.0,192,3,0.5875895733642578,146.28,142.98,145.5
QQQ,2026-09-23,2026-10-16,C,600.0,658,2,0.567387138671875,139.14,137.84,140.55
QQQ,2026-09-23,2026-10-16,C,605.0,361,17,0.5561567822265626,136.28,133.01,135.72
QQQ,2026-09-23,2026-10-16,C,610.0,282,1,0.5282639947509766,128.98,127.6,130.65
QQQ,2026-09-23,2026-10-16,C,615.0,488,9,0.5286912365722658,127.92,123.22,125.99
QQQ,2026-09-23,2026-10-16,C,620.0,402,1,0.5496260858154298,119.39,117.55,120.76
QQQ,2026-09-23,2026-10-16,C,625.0,1810,2,0.5359543475341797,116.92,113.23,115.94
QQQ,2026-09-23,2026-10-16,C,630.0,785,1,0.5153857055664062,112.5,107.59,110.9
QQQ,2026-09-23,2026-10-16,C,635.0,284,1,0.4998829309082031,103.69,103.48,106.03
QQQ,2026-09-23,2026-10-16,C,638.0,2,0,0.4967701690673829,95.11,100.52,103.33
QQQ,2026-09-23,2026-10-16,C,640.0,313,1,0.4827322235107422,102.94,97.75,101.11
QQQ,2026-09-23,2026-10-16,C,645.0,324,25,0.4646659979248047,97.42,93.02,96.16
QQQ,2026-09-23,2026-10-16,C,650.0,1721,4,0.4491632232666015,94.15,88.83,91.31
QQQ,2026-09-23,2026-10-16,C,651.0,2,4,0.45178770874023444,69.6,87.66,90.56
QQQ,2026-09-23,2026-10-16,C,652.0,103,1,0.4509027078247071,68.48,86.82,89.68
QQQ,2026-09-23,2026-10-16,C,653.0,91,88,0.4381770050048829,59.45,85.75,88.34
QQQ,2026-09-23,2026-10-16,C,654.0,8,1,0.4347590704345704,62.01,84.65,87.36
QQQ,2026-09-23,2026-10-16,C,655.0,948,2,0.4382075222778321,92.52,83.95,86.65
QQQ,2026-09-23,2026-10-16,C,656.0,39,5,0.4350032086181641,63.9,82.38,85.68
QQQ,2026-09-23,2026-10-16,C,657.0,18,15,0.42496302581787115,63.92,81.16,84.44
QQQ,2026-09-23,2026-10-16,C,658.0,15,1,0.4265194067382813,62.09,80.83,83.66
QQQ,2026-09-23,2026-10-16,C,659.0,29,1,0.4249935430908204,84.61,79.89,82.76
QQQ,2026-09-23,2026-10-16,C,660.0,1113,4,0.41901215759277344,83.57,79.65,81.68
QQQ,2026-09-23,2026-10-16,C,661.0,15,1,0.41843232940673825,52.84,78.43,80.82
QQQ,2026-09-23,2026-10-16,C,662.0,8,1,0.3690858990478516,54.41,77.52,78.05
QQQ,2026-09-23,2026-10-16,C,663.0,12,14,0.36615624084472653,58.71,76.74,77.08
QQQ,2026-09-23,2026-10-16,C,664.0,37,1,0.3634707208251954,82.16,75.61,76.12
QQQ,2026-09-23,2026-10-16,C,665.0,493,15,0.36048002807617185,78.59,74.64,75.15
QQQ,2026-09-23,2026-10-16,C,666.0,10,6,0.3572451971435546,57.55,73.57,74.17
QQQ,2026-09-23,2026-10-16,C,667.0,39,4,0.3550479534912109,56.55,72.72,73.23
QQQ,2026-09-23,2026-10-16,C,668.0,8,1,0.3517520880126953,53.42,71.75,72.25
QQQ,2026-09-23,2026-10-16,C,669.0,17,2,0.354376573486328,54.44,70.77,71.5
QQQ,2026-09-23,2026-10-16,C,670.0,668,1,0.34998208618164056,68.13,70.0,70.48
QQQ,2026-09-23,2026-10-16,C,671.0,28,1,0.34339035522460937,49.79,68.88,69.37
QQQ,2026-09-23,2026-10-16,C,672.0,122,4,0.3482120843505859,52.28,68.21,68.72
QQQ,2026-09-23,2026-10-16,C,673.0,24,5,0.3382024188232422,65.7,66.96,67.47
QQQ,2026-09-23,2026-10-16,C,674.0,58,2,0.34015552429199214,49.86,66.17,66.71
QQQ,2026-09-23,2026-10-16,C,675.0,528,3,0.3398503515625,69.54,65.35,65.86
QQQ,2026-09-23,2026-10-16,C,676.0,60,3,0.3345098287963867,65.19,64.27,64.8
QQQ,2026-09-23,2026-10-16,C,677.0,163,1,0.33267879241943366,63.73,63.35,63.89
QQQ,2026-09-23,2026-10-16,C,678.0,61,3,0.32404240417480457,38.32,62.19,62.69
QQQ,2026-09-23,2026-10-16,C,679.0,66,2,0.32129584960937496,63.95,61.26,61.74
QQQ,2026-09-23,2026-10-16,C,680.0,1538,3,0.31854929504394525,60.62,60.3,60.79
QQQ,2026-09-23,2026-10-16,C,681.0,45,2,0.32068550415039054,43.56,59.53,60.06
QQQ,2026-09-23,2026-10-16,C,682.0,53,10,0.3133613586425781,61.76,58.42,58.91
QQQ,2026-09-23,2026-10-16,C,683.0,122,1,0.31070635589599604,64.67,57.48,57.97
QQQ,2026-09-23,2026-10-16,C,684.0,61,3,0.3124153231811523,40.93,56.72,57.23
QQQ,2026-09-23,2026-10-16,C,685.0,1129,2,0.3133003240966796,61.66,55.82,56.46
QQQ,2026-09-23,2026-10-16,C,686.0,121,1,0.30795980133056633,58.88,54.94,55.4
QQQ,2026-09-23,2026-10-16,C,687.0,91,2,0.3091194577026367,47.56,54.01,54.65
QQQ,2026-09-23,2026-10-16,C,688.0,93,2,0.29978117218017575,34.99,52.83,53.4
QQQ,2026-09-23,2026-10-16,C,689.0,219,1,0.30023893127441403,35.27,52.07,52.62
QQQ,2026-09-23,2026-10-16,C,690.0,2685,1,0.2942575457763671,51.54,50.99,51.53
QQQ,2026-09-23,2026-10-16,C,691.0,97,1,0.29755341125488277,57.8,50.32,50.9
QQQ,2026-09-23,2026-10-16,C,692.0,310,9,0.2949594430541992,49.68,49.4,49.98
QQQ,2026-09-23,2026-10-16,C,693.0,151,2,0.2924875439453124,53.92,48.49,49.07
QQQ,2026-09-23,2026-10-16,C,694.0,119,2,0.29328099304199207,47.48,47.64,48.33
QQQ,2026-09-23,2026-10-16,C,695.0,1199,5,0.2839732247924803,46.6,46.59,47.07
QQQ,2026-09-23,2026-10-16,C,696.0,104,9,0.2779613220214844,45.7,45.55,45.98
QQQ,2026-09-23,2026-10-16,C,697.0,87,8,0.2756114920043945,44.73,44.64,45.08
QQQ,2026-09-23,2026-10-16,C,698.0,326,27,0.2732006274414062,43.7,43.74,44.18
QQQ,2026-09-23,2026-10-16,C,699.0,134,12,0.2714611428833008,42.79,42.88,43.32
QQQ,2026-09-23,2026-10-16,C,700.0,10328,120,0.26856200195312496,43.06,41.99,42.4
QQQ,2026-09-23,2026-10-16,C,701.0,183,124,0.26636475830078127,41.51,41.03,41.52
QQQ,2026-09-23,2026-10-16,C,702.0,264,4,0.26532717102050785,40.67,40.2,40.71
QQQ,2026-09-23,2026-10-16,C,703.0,262,34,0.2619397537231446,39.94,39.26,39.77
QQQ,2026-09-23,2026-10-16,C,704.0,252,2,0.260749580078125,39.11,38.49,38.96
QQQ,2026-09-23,2026-10-16,C,705.0,4250,38,0.2586438882446289,38.88,37.6,38.1
QQQ,2026-09-23,2026-10-16,C,706.0,790,14,0.256141471862793,37.4,36.78,37.22
QQQ,2026-09-23,2026-10-16,C,707.0,1148,21,0.2542188836669922,37.01,35.9,36.38
QQQ,2026-09-23,2026-10-16,C,708.0,1410,24,0.25189957092285153,35.42,35.08,35.52
QQQ,2026-09-23,2026-10-16,C,709.0,1371,24,0.24985491363525392,34.85,34.23,34.68
QQQ,2026-09-23,2026-10-16,C,710.0,5500,173,0.24677266906738282,33.41,33.37,33.78
QQQ,2026-09-23,2026-10-16,C,711.0,847,42,0.24457542541503907,32.41,32.56,32.94
QQQ,2026-09-23,2026-10-16,C,712.0,8993,70,0.2442397354125977,31.91,31.7,32.22
QQQ,2026-09-23,2026-10-16,C,713.0,1560,20,0.2406081799316406,31.62,30.92,31.3
QQQ,2026-09-23,2026-10-16,C,714.0,2714,4,0.23944852355957028,30.14,30.12,30.54
QQQ,2026-09-23,2026-10-16,C,715.0,7697,68,0.23770903900146478,30.03,29.29,29.75
QQQ,2026-09-23,2026-10-16,C,716.0,1515,22,0.23465731170654297,29.47,28.51,28.88
QQQ,2026-09-23,2026-10-16,C,717.0,2397,38,0.23520662261962888,28.8,27.86,28.25
QQQ,2026-09-23,2026-10-16,C,718.0,9305,90,0.2307816180419922,27.51,26.94,27.3
QQQ,2026-09-23,2026-10-16,C,719.0,3245,26,0.2292862716674805,26.77,26.17,26.55
QQQ,2026-09-23,2026-10-16,C,720.0,18546,211,0.22711954528808592,25.58,25.41,25.76
QQQ,2026-09-23,2026-10-16,C,721.0,2040,75,0.22425092163085933,25.5,24.79,24.93
QQQ,2026-09-23,2026-10-16,C,722.0,1083,39,0.22290816162109373,24.55,24.08,24.21
QQQ,2026-09-23,2026-10-16,C,723.0,1468,6,0.2207414352416992,24.1,23.3,23.44
QQQ,2026-09-23,2026-10-16,C,724.0,1702,16,0.21903246795654296,23.3,22.57,22.71
QQQ,2026-09-23,2026-10-16,C,725.0,10085,210,0.21662160339355468,21.95,21.82,21.94
QQQ,2026-09-23,2026-10-16,C,726.0,2188,74,0.2148516015625,21.97,21.08,21.22
QQQ,2026-09-23,2026-10-16,C,727.0,1909,15,0.21323418609619144,20.6,20.38,20.52
QQQ,2026-09-23,2026-10-16,C,728.0,2313,287,0.211647287902832,20.46,19.73,19.83
QQQ,2026-09-23,2026-10-16,C,729.0,1575,139,0.2107470283508301,19.29,19.07,19.2
QQQ,2026-09-23,2026-10-16,C,730.0,16453,375,0.20890073333740228,18.44,18.41,18.51
QQQ,2026-09-23,2026-10-16,C,731.0,2968,210,0.20719176605224604,17.75,17.72,17.84
QQQ,2026-09-23,2026-10-16,C,732.0,1327,46,0.20633728240966792,17.09,17.13,17.24
QQQ,2026-09-23,2026-10-16,C,733.0,1793,49,0.20478090148925776,16.44,16.5,16.6
QQQ,2026-09-23,2026-10-16,C,734.0,3756,161,0.20308719284057614,16.16,15.85,15.96
QQQ,2026-09-23,2026-10-16,C,735.0,12107,841,0.20194279510498048,15.43,15.27,15.37
QQQ,2026-09-23,2026-10-16,C,736.0,1462,97,0.20023382781982418,15.03,14.68,14.75
QQQ,2026-09-23,2026-10-16,C,737.0,834,313,0.19934882690429687,14.2,14.09,14.2
QQQ,2026-09-23,2026-10-16,C,738.0,1337,314,0.19763985961914063,13.78,13.52,13.6
QQQ,2026-09-23,2026-10-16,C,739.0,2577,145,0.1959003750610352,13.23,12.94,13.01
QQQ,2026-09-23,2026-10-16,C,740.0,27977,1036,0.1947102014160156,12.45,12.43,12.47
QQQ,2026-09-23,2026-10-16,C,741.0,737,386,0.19281813049316404,11.97,11.84,11.89
QQQ,2026-09-23,2026-10-16,C,742.0,1308,169,0.1922383023071289,11.44,11.35,11.42
QQQ,2026-09-23,2026-10-16,C,743.0,1703,199,0.19126174957275394,11.24,10.87,10.93
QQQ,2026-09-23,2026-10-16,C,744.0,1670,314,0.18982743774414065,10.41,10.39,10.42
QQQ,2026-09-23,2026-10-16,C,745.0,17591,4578,0.1887898504638672,9.98,9.9,9.95
QQQ,2026-09-23,2026-10-16,C,746.0,1789,285,0.1877217459106445,9.71,9.45,9.49
QQQ,2026-09-23,2026-10-16,C,747.0,2336,286,0.18689777954101564,9.44,9.01,9.06
QQQ,2026-09-23,2026-10-16,C,748.0,2068,303,0.18579915771484373,8.77,8.59,8.62
QQQ,2026-09-23,2026-10-16,C,749.0,1984,263,0.18506674316406246,8.3,8.18,8.22
QQQ,2026-09-23,2026-10-16,C,750.0,36116,3471,0.1834493276977539,7.77,7.76,7.77
QQQ,2026-09-23,2026-10-16,C,751.0,665,215,0.18357139678955076,7.38,7.41,7.45
QQQ,2026-09-23,2026-10-16,C,752.0,4673,472,0.18186242950439452,7.13,6.98,7.02
QQQ,2026-09-23,2026-10-16,C,753.0,830,550,0.1808858767700195,6.74,6.62,6.65
QQQ,2026-09-23,2026-10-16,C,754.0,896,400,0.18079432495117187,6.33,6.29,6.35
QQQ,2026-09-23,2026-10-16,C,755.0,19518,833,0.17990932403564452,6.03,5.98,6.01
QQQ,2026-09-23,2026-10-16,C,756.0,5738,308,0.1785360467529297,5.64,5.62,5.65
QQQ,2026-09-23,2026-10-16,C,757.0,2702,239,0.17841397766113282,5.33,5.32,5.38
QQQ,2026-09-23,2026-10-16,C,758.0,2118,264,0.1771322521972656,5.21,5.01,5.05
QQQ,2026-09-23,2026-10-16,C,759.0,2814,195,0.17615569946289064,4.74,4.72,4.75
QQQ,2026-09-23,2026-10-16,C,760.0,80560,1419,0.17582000946044923,4.47,4.48,4.5
QQQ,2026-09-23,2026-10-16,C,761.0,1170,334,0.17514862945556642,4.47,4.19,4.24
QQQ,2026-09-23,2026-10-16,C,762.0,631,203,0.1744772494506836,4.2,3.97,3.99
QQQ,2026-09-23,2026-10-16,C,763.0,877,295,0.17435518035888675,4.01,3.75,3.78
QQQ,2026-09-23,2026-10-16,C,764.0,433,169,0.17347017944335938,3.74,3.53,3.54
QQQ,2026-09-23,2026-10-16,C,765.0,10730,518,0.17319552398681642,3.53,3.32,3.34
QQQ,2026-09-23,2026-10-16,C,766.0,1092,111,0.17273776489257814,3.1,3.12,3.14
QQQ,2026-09-23,2026-10-16,C,767.0,527,148,0.17188328125000002,3.06,2.91,2.93
QQQ,2026-09-23,2026-10-16,C,768.0,554,170,0.17163914306640626,2.92,2.71,2.76
QQQ,2026-09-23,2026-10-16,C,769.0,690,73,0.1710287976074219,2.38,2.57,2.58
QQQ,2026-09-23,2026-10-16,C,770.0,29117,2716,0.17090672851562502,2.42,2.41,2.43
QQQ,2026-09-23,2026-10-16,C,771.0,405,187,0.17017431396484378,2.42,2.24,2.26
QQQ,2026-09-23,2026-10-16,C,772.0,1593,23,0.17041845214843754,2.11,2.12,2.14
QQQ,2026-09-23,2026-10-16,C,773.0,517,84,0.1700217276000977,2.01,1.99,2.0
QQQ,2026-09-23,2026-10-16,C,774.0,466,361,0.16996069305419925,1.87,1.85,1.88
QQQ,2026-09-23,2026-10-16,C,775.0,43600,406,0.1694418994140625,1.8,1.74,1.75
QQQ,2026-09-23,2026-10-16,C,780.0,10009,320,0.16828224304199224,1.25,1.22,1.24
QQQ,2026-09-23,2026-10-16,C,785.0,15532,143,0.16846534667968754,0.93,0.87,0.89
QQQ,2026-09-23,2026-10-16,C,790.0,3142,111,0.16858741577148442,0.66,0.61,0.63
QQQ,2026-09-23,2026-10-16,C,795.0,4435,10,0.17090672851562502,0.47,0.44,0.47
QQQ,2026-09-23,2026-10-16,C,800.0,27688,538,0.17054052124023442,0.32,0.31,0.32
QQQ,2026-09-23,2026-10-16,C,805.0,2851,54,0.17432466308593753,0.25,0.23,0.25
QQQ,2026-09-23,2026-10-16,C,810.0,2675,163,0.1757894921875,0.17,0.16,0.18
QQQ,2026-09-23,2026-10-16,C,815.0,1812,44,0.17920742675781248,0.12,0.12,0.14
QQQ,2026-09-23,2026-10-16,C,820.0,4923,30,0.18262536132812499,0.08,0.08,0.11
QQQ,2026-09-23,2026-10-16,C,825.0,7329,496,0.18457846679687498,0.1,0.06,0.08
QQQ,2026-09-23,2026-10-16,C,830.0,2741,90,0.18994950683593753,0.04,0.05,0.07
QQQ,2026-09-23,2026-10-16,C,835.0,1886,851,0.1914143359375,0.06,0.03,0.05
QQQ,2026-09-23,2026-10-16,C,840.0,3574,611,0.1992267578125,0.06,0.02,0.05
QQQ,2026-09-23,2026-10-16,C,845.0,1577,322,0.20215641601562498,0.03,0.02,0.04
QQQ,2026-09-23,2026-10-16,C,850.0,7236,441,0.20996883789062498,0.02,0.01,0.04
QQQ,2026-09-23,2026-10-16,C,855.0,598,400,0.21778125976562498,0.02,0.01,0.04
QQQ,2026-09-23,2026-10-16,C,860.0,888,99,0.21875781249999998,0.02,0.01,0.03
QQQ,2026-09-23,2026-10-16,C,865.0,969,80,0.22657023437499998,0.02,0.01,0.03
QQQ,2026-09-23,2026-10-16,C,870.0,346,620,0.23438265625,0.04,0.01,0.03
QQQ,2026-09-23,2026-10-16,C,875.0,300,560,0.24024197265624997,0.04,0.01,0.03
QQQ,2026-09-23,2026-10-16,C,880.0,1332,740,0.24805439453125,0.02,0.01,0.03
QQQ,2026-09-23,2026-10-16,C,885.0,3324,623,0.25489026367187506,0.02,0.01,0.03
QQQ,2026-09-23,2026-10-16,C,890.0,292,1550,0.2617261328125,0.02,0.0,0.03
QQQ,2026-09-23,2026-10-16,C,895.0,462,440,0.2695385546875,0.02,0.0,0.03
QQQ,2026-09-23,2026-10-16,C,900.0,17807,365,0.27539787109374997,0.01,0.0,0.03
QQQ,2026-09-23,2026-10-16,C,905.0,217,540,0.28321029296874994,0.02,0.0,0.03
QQQ,2026-09-23,2026-10-16,C,910.0,571,720,0.2890696093749999,0.03,0.0,0.03
QQQ,2026-09-23,2026-10-16,C,915.0,267,360,0.29688203124999996,0.02,0.0,0.03
QQQ,2026-09-23,2026-10-16,C,920.0,6492,930,0.30274134765625,0.01,0.0,0.03
QQQ,2026-09-23,2026-10-16,C,925.0,893,630,0.3086006640625,0.04,0.0,0.03
QQQ,2026-09-23,2026-10-16,C,930.0,144,224,0.31641308593749995,0.01,0.0,0.03
QQQ,2026-09-23,2026-10-16,C,935.0,81,300,0.32227240234374993,0.03,0.0,0.03
QQQ,2026-09-23,2026-10-16,C,940.0,659,60,0.32813171874999997,0.02,0.0,0.03
QQQ,2026-09-23,2026-10-16,C,945.0,225,120,0.335944140625,0.01,0.0,0.03
QQQ,2026-09-23,2026-10-16,C,950.0,907,4,0.34180345703125,0.04,0.0,0.03
QQQ,2026-09-23,2026-10-16,C,955.0,0,1,0.2500075,0.08,0.0,0.0
QQQ,2026-09-23,2026-10-16,C,960.0,0,20,0.2500075,0.03,0.0,0.0
QQQ,2026-09-23,2026-10-16,C,965.0,0,6,0.2500075,0.04,0.0,0.0
QQQ,2026-09-23,2026-10-16,C,970.0,15745,10,0.367193828125,0.02,0.0,0.03
QQQ,2026-09-23,2026-10-16,C,975.0,98,12,0.37305314453125,0.18,0.0,0.03
QQQ,2026-09-23,2026-10-16,C,980.0,0,86,0.2500075,0.05,0.0,0.0
QQQ,2026-09-23,2026-10-16,C,985.0,30,1,0.38477177734374995,0.34,0.0,0.03
QQQ,2026-09-23,2026-10-16,C,990.0,0,1,0.2500075,0.03,0.0,0.0
QQQ,2026-09-23,2026-10-16,C,1000.0,0,6,0.2500075,0.05,0.0,0.0
QQQ,2026-09-23,2026-10-16,C,1010.0,0,122,0.2500075,0.05,0.0,0.0
QQQ,2026-09-23,2026-10-16,C,1015.0,2,1,0.42188078125,0.05,0.0,0.03
QQQ,2026-09-23,2026-10-16,C,1020.0,0,8,0.2500075,0.05,0.0,0.0
QQQ,2026-09-23,2026-10-16,C,1025.0,50,0,0.4335994140625,0.08,0.0,0.03
QQQ,2026-09-23,2026-10-16,C,1030.0,0,6,0.2500075,0.05,0.0,0.0
QQQ,2026-09-23,2026-10-16,C,1035.0,50,0,0.44336494140625,0.06,0.0,0.03
QQQ,2026-09-23,2026-10-16,C,1040.0,0,30,0.2500075,0.05,0.0,0.0
QQQ,2026-09-23,2026-10-16,C,1045.0,0,1,0.2500075,0.04,0.0,0.0
QQQ,2026-09-23,2026-10-16,C,1050.0,0,100,0.2500075,0.04,0.0,0.0
QQQ,2026-09-23,2026-10-16,C,1055.0,0,5,0.2500075,0.05,0.0,0.0
QQQ,2026-09-23,2026-10-16,C,1060.0,16,1,0.4335994140625,0.01,0.0,0.01
QQQ,2026-09-23,2026-10-16,C,1065.0,0,6,0.2500075,0.04,0.0,0.0
QQQ,2026-09-23,2026-10-16,C,1070.0,0,2,0.2500075,0.04,0.0,0.0
QQQ,2026-09-23,2026-10-16,C,1075.0,687,10,0.4726615234375,0.02,0.0,0.02
QQQ,2026-09-23,2026-10-16,C,1080.0,0,412,0.2500075,0.04,0.0,0.0
QQQ,2026-09-23,2026-10-16,C,1085.0,8716,15,0.48438015625,0.03,0.0,0.02
QQQ,2026-09-23,2026-10-16,P,300.0,1999,60,0.992187578125,0.02,0.0,0.01
QQQ,2026-09-23,2026-10-16,P,305.0,830,1,1.0625046875000002,0.01,0.0,0.03
QQQ,2026-09-23,2026-10-16,P,310.0,337,1,1.0390673046875003,0.02,0.0,0.03
QQQ,2026-09-23,2026-10-16,P,315.0,418,1,1.0234423828125,0.03,0.0,0.03
QQQ,2026-09-23,2026-10-16,P,320.0,271,22,1.000005,0.03,0.0,0.03
QQQ,2026-09-23,2026-10-16,P,325.0,219,2,0.98437515625,0.02,0.0,0.03
QQQ,2026-09-23,2026-10-16,P,330.0,389,100,0.9687503125,0.02,0.0,0.03
QQQ,2026-09-23,2026-10-16,P,335.0,435,501,0.9531254687499999,0.01,0.0,0.03
QQQ,2026-09-23,2026-10-16,P,340.0,370,460,0.937500625,0.01,0.0,0.03
QQQ,2026-09-23,2026-10-16,P,345.0,590,480,0.937500625,0.01,0.01,0.03
QQQ,2026-09-23,2026-10-16,P,350.0,343,520,0.92187578125,0.03,0.01,0.03
QQQ,2026-09-23,2026-10-16,P,355.0,279,540,0.9023447265625,0.03,0.01,0.03
QQQ,2026-09-23,2026-10-16,P,360.0,304,424,0.9023447265625,0.04,0.01,0.04
QQQ,2026-09-23,2026-10-16,P,365.0,232,500,0.867188828125,0.01,0.01,0.03
QQQ,2026-09-23,2026-10-16,P,370.0,758,140,0.851563984375,0.01,0.01,0.03
QQQ,2026-09-23,2026-10-16,P,375.0,321,400,0.8359391406249999,0.03,0.01,0.03
QQQ,2026-09-23,2026-10-16,P,380.0,582,500,0.8203142968749999,0.01,0.01,0.03
QQQ,2026-09-23,2026-10-16,P,385.0,427,372,0.8203142968749999,0.01,0.01,0.04
QQQ,2026-09-23,2026-10-16,P,390.0,323,360,0.789064609375,0.03,0.01,0.03
QQQ,2026-09-23,2026-10-16,P,395.0,355,380,0.7773459765625,0.01,0.01,0.03
QQQ,2026-09-23,2026-10-16,P,400.0,2064,180,0.7617211328125001,0.01,0.01,0.03
QQQ,2026-09-23,2026-10-16,P,405.0,645,300,0.7617211328125001,0.02,0.01,0.04
QQQ,2026-09-23,2026-10-16,P,410.0,789,360,0.7460962890625,0.01,0.01,0.04
QQQ,2026-09-23,2026-10-16,P,415.0,395,400,0.7304714453125,0.01,0.01,0.04
QQQ,2026-09-23,2026-10-16,P,420.0,128,1,0.726565234375,0.02,0.02,0.04
QQQ,2026-09-23,2026-10-16,P,425.0,290,60,0.70312796875,0.04,0.01,0.04
QQQ,2026-09-23,2026-10-16,P,430.0,407,300,0.6992217578125001,0.02,0.02,0.04
QQQ,2026-09-23,2026-10-16,P,435.0,805,140,0.6757844921875001,0.04,0.01,0.04
QQQ,2026-09-23,2026-10-16,P,440.0,1006,100,0.6601596484375001,0.01,0.01,0.04
QQQ,2026-09-23,2026-10-16,P,445.0,1176,60,0.6562534375000001,0.04,0.02,0.04
QQQ,2026-09-23,2026-10-16,P,450.0,11180,805,0.6445348046875,0.04,0.02,0.04
QQQ,2026-09-23,2026-10-16,P,455.0,217,960,0.6289099609375001,0.02,0.02,0.04
QQQ,2026-09-23,2026-10-16,P,460.0,1231,580,0.6171913281250001,0.04,0.02,0.04
QQQ,2026-09-23,2026-10-16,P,465.0,527,822,0.6015664843750002,0.03,0.02,0.04
QQQ,2026-09-23,2026-10-16,P,470.0,2101,40,0.5976602734375001,0.03,0.02,0.05
QQQ,2026-09-23,2026-10-16,P,475.0,751,4,0.5918009570312501,0.05,0.03,0.05
QQQ,2026-09-23,2026-10-16,P,480.0,485,50,0.57812921875,0.03,0.03,0.05
QQQ,2026-09-23,2026-10-16,P,485.0,411,60,0.570316796875,0.05,0.03,0.06
QQQ,2026-09-23,2026-10-16,P,490.0,2455,1,0.5644574804687501,0.04,0.04,0.06
QQQ,2026-09-23,2026-10-16,P,495.0,415,71,0.5546919531250001,0.06,0.04,0.07
QQQ,2026-09-23,2026-10-16,P,500.0,6579,62,0.5468795312500001,0.06,0.05,0.07
QQQ,2026-09-23,2026-10-16,P,505.0,691,263,0.5419967675781252,0.06,0.06,0.08
QQQ,2026-09-23,2026-10-16,P,510.0,881,11,0.53320779296875,0.07,0.06,0.09
QQQ,2026-09-23,2026-10-16,P,515.0,12434,10,0.5293015820312501,0.09,0.08,0.1
QQQ,2026-09-23,2026-10-16,P,520.0,5527,10,0.5214891601562499,0.08,0.09,0.11
QQQ,2026-09-23,2026-10-16,P,525.0,5512,2,0.5136767382812499,0.11,0.1,0.12
QQQ,2026-09-23,2026-10-16,P,530.0,1643,1,0.5048877636718749,0.13,0.11,0.13
QQQ,2026-09-23,2026-10-16,P,535.0,1567,1,0.5004932763671875,0.13,0.12,0.14
QQQ,2026-09-23,2026-10-16,P,540.0,7867,43,0.4946339599609375,0.15,0.14,0.16
QQQ,2026-09-23,2026-10-16,P,545.0,907,127,0.4848684326171875,0.14,0.15,0.17
QQQ,2026-09-23,2026-10-16,P,550.0,16834,65,0.47461462890625,0.15,0.17,0.18
QQQ,2026-09-23,2026-10-16,P,555.0,1441,1,0.47022014160156256,0.2,0.19,0.21
QQQ,2026-09-23,2026-10-16,P,560.0,2955,117,0.4594780615234375,0.22,0.2,0.22
QQQ,2026-09-23,2026-10-16,P,565.0,965,41,0.44824770507812495,0.23,0.22,0.23
QQQ,2026-09-23,2026-10-16,P,570.0,16227,10,0.43994700683593746,0.26,0.24,0.25
QQQ,2026-09-23,2026-10-16,P,575.0,5126,51,0.432622861328125,0.28,0.26,0.28
QQQ,2026-09-23,2026-10-16,P,580.0,4036,85,0.42310147216796873,0.3,0.28,0.3
QQQ,2026-09-23,2026-10-16,P,585.0,4868,1,0.41309180664062495,0.33,0.3,0.32
QQQ,2026-09-23,2026-10-16,P,590.0,4713,224,0.4062559375,0.35,0.34,0.36
QQQ,2026-09-23,2026-10-16,P,595.0,8612,8,0.3957579956054688,0.37,0.36,0.38
QQQ,2026-09-23,2026-10-16,P,600.0,13437,55,0.3864807446289062,0.42,0.39,0.41
QQQ,2026-09-23,2026-10-16,P,605.0,11443,18,0.37793590820312495,0.43,0.43,0.45
QQQ,2026-09-23,2026-10-16,P,610.0,17854,32,0.3679262426757813,0.5,0.46,0.48
QQQ,2026-09-23,2026-10-16,P,615.0,4248,15,0.35742830078125,0.53,0.49,0.51
QQQ,2026-09-23,2026-10-16,P,620.0,26164,27,0.3487613952636719,0.55,0.54,0.56
QQQ,2026-09-23,2026-10-16,P,621.0,60,7,0.3469303588867187,0.59,0.55,0.57
QQQ,2026-09-23,2026-10-16,P,622.0,10,6,0.3461979443359374,0.6,0.56,0.59
QQQ,2026-09-23,2026-10-16,P,623.0,533,31,0.34326828613281246,0.61,0.57,0.59
QQQ,2026-09-23,2026-10-16,P,624.0,7,10,0.34241380249023434,0.62,0.59,0.61
QQQ,2026-09-23,2026-10-16,P,625.0,16034,5,0.33960621337890623,0.61,0.6,0.61
QQQ,2026-09-23,2026-10-16,P,630.0,21291,160,0.33081723876953123,0.64,0.65,0.67
QQQ,2026-09-23,2026-10-16,P,633.0,51,105,0.3238593005371093,0.7,0.68,0.69
QQQ,2026-09-23,2026-10-16,P,635.0,3596,32,0.32129584960937496,0.7,0.71,0.73
QQQ,2026-09-23,2026-10-16,P,640.0,25419,29,0.31140825317382803,0.77,0.77,0.79
QQQ,2026-09-23,2026-10-16,P,643.0,4,0,0.3061592822265625,0.71,0.82,0.84
QQQ,2026-09-23,2026-10-16,P,644.0,5,0,0.3039620385742187,0.72,0.83,0.85
QQQ,2026-09-23,2026-10-16,P,645.0,4291,17,0.301764794921875,0.86,0.85,0.86
QQQ,2026-09-23,2026-10-16,P,647.0,48,1,0.29846892944335934,0.88,0.87,0.9
QQQ,2026-09-23,2026-10-16,P,648.0,2,0,0.29614961669921874,0.9,0.9,0.91
QQQ,2026-09-23,2026-10-16,P,650.0,29591,144,0.2933420275878905,0.93,0.94,0.96
QQQ,2026-09-23,2026-10-16,P,651.0,317,2,0.29090064575195307,0.83,0.95,0.97
QQQ,2026-09-23,2026-10-16,P,652.0,821,59,0.28919167846679683,1.0,0.97,0.99
QQQ,2026-09-23,2026-10-16,P,653.0,784,207,0.2873606420898437,1.04,0.99,1.01
QQQ,2026-09-23,2026-10-16,P,654.0,604,1,0.2854075366210937,1.02,1.02,1.03
QQQ,2026-09-23,2026-10-16,P,655.0,9066,51,0.28357650024414055,1.04,1.03,1.05
QQQ,2026-09-23,2026-10-16,P,656.0,2108,5,0.2827220166015625,1.12,1.07,1.09
QQQ,2026-09-23,2026-10-16,P,657.0,663,37,0.2802806347656249,1.03,1.08,1.1
QQQ,2026-09-23,2026-10-16,P,658.0,566,8,0.27930408203124996,1.11,1.12,1.14
QQQ,2026-09-23,2026-10-16,P,659.0,715,36,0.277778218383789,1.14,1.16,1.17
QQQ,2026-09-23,2026-10-16,P,660.0,34750,111,0.2757640783691406,1.17,1.18,1.19
QQQ,2026-09-23,2026-10-16,P,661.0,677,299,0.27411614562988285,1.19,1.21,1.22
QQQ,2026-09-23,2026-10-16,P,662.0,1726,14,0.2710033837890625,1.3,1.21,1.22
QQQ,2026-09-23,2026-10-16,P,663.0,700,45,0.2699047619628906,1.28,1.24,1.26
QQQ,2026-09-23,2026-10-16,P,664.0,2188,37,0.2690502783203125,1.27,1.29,1.31
QQQ,2026-09-23,2026-10-16,P,665.0,12962,58,0.26734131103515624,1.3,1.33,1.34
QQQ,2026-09-23,2026-10-16,P,666.0,628,18,0.2655102746582031,1.32,1.36,1.37
QQQ,2026-09-23,2026-10-16,P,667.0,814,2,0.26416751464843746,1.35,1.39,1.41
QQQ,2026-09-23,2026-10-16,P,668.0,768,3,0.2618482019042969,1.42,1.42,1.43
QQQ,2026-09-23,2026-10-16,P,669.0,4333,6,0.260749580078125,1.41,1.46,1.48
QQQ,2026-09-23,2026-10-16,P,670.0,49810,40,0.25879647460937505,1.49,1.49,1.51
QQQ,2026-09-23,2026-10-16,P,671.0,616,6,0.2572095764160156,1.54,1.54,1.55
QQQ,2026-09-23,2026-10-16,P,672.0,495,7,0.2555616436767578,1.65,1.58,1.59
QQQ,2026-09-23,2026-10-16,P,673.0,2800,13,0.25427991821289064,1.61,1.62,1.64
QQQ,2026-09-23,2026-10-16,P,674.0,6940,14,0.25250991638183595,1.67,1.66,1.68
QQQ,2026-09-23,2026-10-16,P,675.0,23630,2326,0.2507399145507812,1.65,1.7,1.72
QQQ,2026-09-23,2026-10-16,P,676.0,512,38,0.2485426708984375,1.77,1.73,1.75
QQQ,2026-09-23,2026-10-16,P,677.0,853,46,0.24768818725585937,1.86,1.81,1.82
QQQ,2026-09-23,2026-10-16,P,678.0,1790,63,0.2457961163330078,1.78,1.84,1.86
QQQ,2026-09-23,2026-10-16,P,679.0,1018,24,0.24414818359375,2.0,1.9,1.91
QQQ,2026-09-23,2026-10-16,P,680.0,37633,1408,0.24311059631347653,1.94,1.96,1.98
QQQ,2026-09-23,2026-10-16,P,681.0,1160,7,0.2410354217529297,2.07,2.01,2.02
QQQ,2026-09-23,2026-10-16,P,682.0,1947,9,0.23957059265136715,2.06,2.06,2.08
QQQ,2026-09-23,2026-10-16,P,683.0,1974,110,0.23804472900390622,2.12,2.12,2.14
QQQ,2026-09-23,2026-10-16,P,684.0,799,59,0.23670196899414062,2.18,2.18,2.21
QQQ,2026-09-23,2026-10-16,P,685.0,10697,116,0.23535920898437498,2.27,2.26,2.28
QQQ,2026-09-23,2026-10-16,P,686.0,1944,19,0.2335892071533203,2.23,2.32,2.34
QQQ,2026-09-23,2026-10-16,P,687.0,1528,44,0.23212437805175778,2.48,2.39,2.41
QQQ,2026-09-23,2026-10-16,P,688.0,835,132,0.23053747985839845,2.47,2.45,2.48
QQQ,2026-09-23,2026-10-16,P,689.0,1138,233,0.22888954711914064,2.48,2.52,2.55
QQQ,2026-09-23,2026-10-16,P,690.0,22577,353,0.22772989074707028,2.6,2.63,2.64
QQQ,2026-09-23,2026-10-16,P,691.0,1053,32,0.22595988891601562,2.66,2.69,2.71
QQQ,2026-09-23,2026-10-16,P,692.0,1010,117,0.22461712890624996,2.61,2.77,2.8
QQQ,2026-09-23,2026-10-16,P,693.0,1654,63,0.22321333435058593,2.8,2.88,2.89
QQQ,2026-09-23,2026-10-16,P,694.0,769,57,0.22126022888183594,2.83,2.94,2.96
QQQ,2026-09-23,2026-10-16,P,695.0,36602,405,0.21973436523437498,2.96,3.03,3.05
QQQ,2026-09-23,2026-10-16,P,696.0,1420,12,0.21881884704589843,3.07,3.13,3.17
QQQ,2026-09-23,2026-10-16,P,697.0,1346,6,0.2171098797607422,3.07,3.23,3.26
QQQ,2026-09-23,2026-10-16,P,698.0,523,52,0.21576711975097657,3.31,3.34,3.37
QQQ,2026-09-23,2026-10-16,P,699.0,1733,84,0.21414970428466795,3.27,3.45,3.47
QQQ,2026-09-23,2026-10-16,P,700.0,64587,668,0.21289849609375,3.57,3.57,3.59
QQQ,2026-09-23,2026-10-16,P,701.0,1026,35,0.21109797698974608,3.55,3.67,3.69
QQQ,2026-09-23,2026-10-16,P,702.0,2067,124,0.21006038970947266,3.67,3.81,3.83
QQQ,2026-09-23,2026-10-16,P,703.0,2768,38,0.20871762969970697,3.78,3.92,3.96
QQQ,2026-09-23,2026-10-16,P,704.0,1588,56,0.20771055969238278,4.07,4.06,4.11
QQQ,2026-09-23,2026-10-16,P,705.0,43407,572,0.20517762603759765,4.19,4.18,4.19
QQQ,2026-09-23,2026-10-16,P,706.0,1428,89,0.20475038421630853,4.35,4.36,4.38
QQQ,2026-09-23,2026-10-16,P,707.0,2365,234,0.20282779602050777,4.31,4.49,4.5
QQQ,2026-09-23,2026-10-16,P,708.0,2408,142,0.20160710510253904,4.64,4.64,4.66
QQQ,2026-09-23,2026-10-16,P,709.0,1668,156,0.20063055236816402,4.59,4.8,4.84
QQQ,2026-09-23,2026-10-16,P,710.0,24856,661,0.19916572326660154,4.98,4.96,5.0
QQQ,2026-09-23,2026-10-16,P,711.0,1841,46,0.1974567559814453,4.93,5.13,5.15
QQQ,2026-09-23,2026-10-16,P,712.0,12528,18,0.19599192687988282,5.04,5.29,5.32
QQQ,2026-09-23,2026-10-16,P,713.0,13307,2655,0.19440502868652343,5.22,5.46,5.49
QQQ,2026-09-23,2026-10-16,P,714.0,1468,87,0.19388623504638675,5.35,5.7,5.73
QQQ,2026-09-23,2026-10-16,P,715.0,16314,536,0.1924214059448242,5.7,5.9,5.92
QQQ,2026-09-23,2026-10-16,P,716.0,11966,95,0.19068192138671874,5.85,6.06,6.1
QQQ,2026-09-23,2026-10-16,P,717.0,2294,123,0.18946123046875002,6.28,6.28,6.32
QQQ,2026-09-23,2026-10-16,P,718.0,4237,224,0.18845416046142577,6.5,6.5,6.56
QQQ,2026-09-23,2026-10-16,P,719.0,3679,151,0.186531572265625,6.67,6.71,6.75
QQQ,2026-09-23,2026-10-16,P,720.0,13358,2452,0.18524984680175777,6.98,6.96,6.99
QQQ,2026-09-23,2026-10-16,P,721.0,1345,102,0.1844563977050781,6.8,7.24,7.27
QQQ,2026-09-23,2026-10-16,P,722.0,1230,187,0.18323570678710935,7.18,7.5,7.53
QQQ,2026-09-23,2026-10-16,P,723.0,942,91,0.18143518768310546,7.43,7.7,7.76
QQQ,2026-09-23,2026-10-16,P,724.0,724,148,0.1808248422241211,7.92,8.04,8.08
QQQ,2026-09-23,2026-10-16,P,725.0,11274,2632,0.17844449493408204,8.22,8.25,8.29
QQQ,2026-09-23,2026-10-16,P,726.0,639,163,0.1775594940185547,8.3,8.55,8.61
QQQ,2026-09-23,2026-10-16,P,727.0,521,183,0.17621673400878907,8.52,8.86,8.91
QQQ,2026-09-23,2026-10-16,P,728.0,1334,229,0.17545380218505857,8.87,9.19,9.26
QQQ,2026-09-23,2026-10-16,P,729.0,552,280,0.17340914489746095,9.18,9.47,9.53
QQQ,2026-09-23,2026-10-16,P,730.0,12668,1333,0.17231052307128908,9.87,9.83,9.88
QQQ,2026-09-23,2026-10-16,P,731.0,1248,255,0.17107457351684574,9.89,10.17,10.23
QQQ,2026-09-23,2026-10-16,P,732.0,823,207,0.16980810668945315,10.29,10.53,10.59
QQQ,2026-09-23,2026-10-16,P,733.0,957,352,0.1684043121337891,10.71,10.92,10.95
QQQ,2026-09-23,2026-10-16,P,734.0,1016,186,0.16666482757568363,11.33,11.27,11.3
QQQ,2026-09-23,2026-10-16,P,735.0,4947,2562,0.1659934475708008,11.72,11.68,11.74
QQQ,2026-09-23,2026-10-16,P,736.0,780,298,0.16489482574462894,12.04,12.09,12.16
QQQ,2026-09-23,2026-10-16,P,737.0,941,504,0.1631858584594727,12.49,12.53,12.55
QQQ,2026-09-23,2026-10-16,P,738.0,1261,186,0.16227034027099607,12.58,12.97,13.01
QQQ,2026-09-23,2026-10-16,P,739.0,858,154,0.16143111526489257,13.3,13.4,13.49
QQQ,2026-09-23,2026-10-16,P,740.0,16427,580,0.1595848202514648,13.82,13.84,13.91
QQQ,2026-09-23,2026-10-16,P,741.0,1665,126,0.159188095703125,13.89,14.37,14.45
QQQ,2026-09-23,2026-10-16,P,742.0,1911,45,0.15821154296875,14.39,14.9,14.96
QQQ,2026-09-23,2026-10-16,P,743.0,673,43,0.1568687829589844,14.97,15.4,15.46
QQQ,2026-09-23,2026-10-16,P,744.0,669,23,0.15506826385498051,15.24,15.82,15.94
QQQ,2026-09-23,2026-10-16,P,745.0,4411,123,0.15372550384521483,16.35,16.38,16.47
QQQ,2026-09-23,2026-10-16,P,746.0,1664,62,0.152901537475586,16.85,16.92,17.05
QQQ,2026-09-23,2026-10-16,P,747.0,1305,10,0.15143670837402345,17.39,17.47,17.6
QQQ,2026-09-23,2026-10-16,P,748.0,295,13,0.1498803274536133,18.25,18.03,18.16
QQQ,2026-09-23,2026-10-16,P,749.0,63,8,0.14930049926757813,18.06,18.66,18.8
QQQ,2026-09-23,2026-10-16,P,750.0,1870,104,0.14832394653320313,19.17,19.32,19.43
QQQ,2026-09-23,2026-10-16,P,751.0,122,2,0.14713377288818358,19.62,19.92,20.06
QQQ,2026-09-23,2026-10-16,P,752.0,1138,4,0.14457032196044922,20.29,20.5,20.62
QQQ,2026-09-23,2026-10-16,P,753.0,5,2,0.14383790740966795,19.57,21.16,21.31
QQQ,2026-09-23,2026-10-16,P,754.0,8,3,0.14218997467041017,20.16,21.83,21.96
QQQ,2026-09-23,2026-10-16,P,755.0,339,11,0.13831428100585938,21.9,22.22,22.5
QQQ,2026-09-23,2026-10-16,P,756.0,3,1,0.13831428100585938,21.7,23.03,23.28
QQQ,2026-09-23,2026-10-16,P,757.0,116,32,0.13904669555664065,21.11,23.81,24.11
QQQ,2026-09-23,2026-10-16,P,758.0,85,0,0.1373072109985352,17.64,24.59,24.82
QQQ,2026-09-23,2026-10-16,P,759.0,53,0,0.13602548553466798,19.42,25.32,25.57
QQQ,2026-09-23,2026-10-16,P,760.0,1458,11,0.13340100006103517,25.19,26.01,26.27
QQQ,2026-09-23,2026-10-16,P,761.0,30,2,0.1375208319091797,24.74,26.75,27.3
QQQ,2026-09-23,2026-10-16,P,762.0,3,4,0.13086806640624998,27.05,27.54,27.85
QQQ,2026-09-23,2026-10-16,P,763.0,2,2,0.1253139227294922,25.01,28.23,28.49
QQQ,2026-09-23,2026-10-16,P,764.0,2,2,0.12305564453125001,27.02,29.02,29.29
QQQ,2026-09-23,2026-10-16,P,765.0,616,6,0.12409323181152344,30.72,29.95,30.22
QQQ,2026-09-23,2026-10-16,P,766.0,3,2,0.1253139227294922,28.61,30.73,31.16
QQQ,2026-09-23,2026-10-16,P,767.0,7,2,0.11963770996093749,29.0,31.57,31.89
QQQ,2026-09-23,2026-10-16,P,770.0,183,8,0.11158114990234375,33.69,34.18,34.49
QQQ,2026-09-23,2026-10-16,P,772.0,7,1,0.09888596435546876,36.41,35.89,36.21
QQQ,2026-09-23,2026-10-16,P,774.0,5,0,1.0000000000000003e-05,31.1,37.36,37.78
QQQ,2026-09-23,2026-10-16,P,775.0,267,1,0.106454248046875,39.67,38.58,39.22
QQQ,2026-09-23,2026-10-16,P,780.0,72,31,0.1519860192871094,40.96,41.6,44.82
QQQ,2026-09-23,2026-10-16,P,785.0,4,1,0.10157148437499999,40.53,46.47,49.05
QQQ,2026-09-23,2026-10-16,P,790.0,7,5,1.0000000000000003e-05,46.2,51.4,53.89
QQQ,2026-09-23,2026-10-16,P,795.0,1,2,0.1834798449707031,61.74,56.41,59.7
QQQ,2026-09-23,2026-10-16,P,800.0,7,5,0.17737639038085937,57.39,61.31,64.42
QQQ,2026-09-23,2026-10-16,P,805.0,0,1,1.0000000000000003e-05,58.6,66.31,68.85
QQQ,2026-09-23,2026-10-16,P,810.0,0,2,0.19727365234375,95.9,71.41,74.4
QQQ,2026-09-23,2026-10-16,P,815.0,0,4,1.0000000000000003e-05,69.71,76.41,78.99
QQQ,2026-09-23,2026-10-16,P,820.0,2,1,1.0000000000000003e-05,79.27,81.41,83.9
QQQ,2026-09-23,2026-10-16,P,825.0,17,1,1.0000000000000003e-05,87.7,86.41,89.0
QQQ,2026-09-23,2026-10-16,P,830.0,1,16,0.25501233276367197,89.16,91.41,94.6
QQQ,2026-09-23,2026-10-16,P,835.0,0,2,0.26538820556640624,114.2,96.14,99.6
QQQ,2026-09-23,2026-10-16,P,840.0,0,2,0.2970041003417968,119.21,101.41,104.91
QQQ,2026-09-23,2026-10-16,P,845.0,0,2,0.26856200195312496,124.21,106.03,109.41
QQQ,2026-09-23,2026-10-16,P,850.0,0,2,0.2749095947265625,117.6,110.92,114.38
QQQ,2026-09-23,2026-10-16,P,855.0,5,1,0.2957834094238281,118.18,116.41,119.49
QQQ,2026-09-23,2026-10-16,P,860.0,1,1,0.274421318359375,112.01,120.88,124.24
QQQ,2026-09-23,2026-10-16,P,865.0,0,7,0.3061592822265625,117.53,125.88,129.41
QQQ,2026-09-23,2026-10-16,P,870.0,0,2,1.1673320442199708,133.19,173.33,177.14
QQQ,2026-09-23,2026-10-16,P,875.0,0,2,0.3244696459960937,159.0,136.0,139.41
QQQ,2026-09-23,2026-10-16,P,880.0,0,6,1.2122231771850585,142.16,184.7,187.14
QQQ,2026-09-23,2026-10-16,P,885.0,0,2,1.219059080505371,147.88,188.34,192.14
QQQ,2026-09-23,2026-10-16,P,890.0,0,4,1.0000000000000003e-05,158.15,0.0,0.0
QQQ,2026-09-23,2026-10-16,P,895.0,0,0,1.2566870661926268,163.63,198.91,202.14
QQQ,2026-09-23,2026-10-16,P,900.0,0,2,0.8762219409179688,180.3,179.51,183.39
QQQ,2026-09-23,2026-10-16,P,910.0,0,1,1.1147505200195313,197.64,202.13,204.77
QQQ,2026-09-23,2026-10-16,P,915.0,0,0,1.3166232899475097,197.51,218.33,222.14
QQQ,2026-09-23,2026-10-16,P,920.0,0,4,0.934448897705078,231.25,199.74,203.39
QQQ,2026-09-23,2026-10-16,P,925.0,0,1,1.0000000000000003e-05,210.18,0.0,0.0
QQQ,2026-09-23,2026-10-16,P,930.0,0,0,1.0000000000000003e-05,215.2,0.0,0.0
QQQ,2026-09-23,2026-10-16,P,935.0,0,0,1.3780853849792478,217.65,238.33,242.14
QQQ,2026-09-23,2026-10-16,P,940.0,0,0,1.3930084060668944,222.69,243.33,247.14
QQQ,2026-09-23,2026-10-16,P,965.0,0,0,1.2711828433227539,251.76,257.06,259.77
QQQ,2026-09-23,2026-10-16,P,970.0,0,2,1.2843358537292477,257.63,262.03,264.77
QQQ,2026-09-23,2026-10-16,P,1020.0,0,0,0.45117736328125,314.35,280.83,284.07
QQQ,2026-09-23,2026-10-16,P,1025.0,0,0,0.5542036767578126,319.35,286.04,289.36
QQQ,2026-09-23,2026-10-16,P,1030.0,0,0,0.5610395458984375,324.35,291.06,294.36
QQQ,2026-09-23,2026-10-16,P,1035.0,0,0,0.5756878369140624,329.38,296.01,299.4
QQQ,2026-09-23,2026-10-16,P,1040.0,0,0,0.5825237060546875,334.35,301.23,304.4
QQQ,2026-09-23,2026-10-16,P,1060.0,0,0,0.6020547607421877,354.38,321.03,324.36
QQQ,2026-09-23,2026-10-16,P,1080.0,0,2,0.6367223828125,332.02,341.05,344.4
QQQ,2026-09-23,2026-10-16,P,1085.0,2,2,0.6044961425781252,337.0,346.1,349.24
QQQ,2026-09-23,2026-10-23,C,450.0,1,1,1.0218554766845702,269.94,287.72,290.68
QQQ,2026-09-23,2026-10-23,C,500.0,8,0,0.8173846386718748,218.12,237.4,240.41
QQQ,2026-09-23,2026-10-23,C,515.0,2,1,0.789064609375,192.15,222.71,226.04
QQQ,2026-09-23,2026-10-23,C,520.0,10,10,0.7779563220214845,197.83,217.96,221.06
QQQ,2026-09-23,2026-10-23,C,535.0,13,10,0.7264431652832031,174.47,203.16,205.91
QQQ,2026-09-23,2026-10-23,C,540.0,11,1,0.6807282904052736,178.4,197.21,200.64
QQQ,2026-09-23,2026-10-23,C,545.0,3,1,0.6762727685546877,201.84,192.69,195.68
QQQ,2026-09-23,2026-10-23,C,565.0,3,0,0.6068764898681642,154.87,172.41,175.83
QQQ,2026-09-23,2026-10-23,C,575.0,3,0,0.57812921875,145.21,162.51,165.92
QQQ,2026-09-23,2026-10-23,C,580.0,13,11,0.5832561206054687,125.47,158.14,161.4
QQQ,2026-09-23,2026-10-23,C,585.0,1,0,0.5570112658691408,123.08,153.0,156.02
QQQ,2026-09-23,2026-10-23,C,600.0,1,0,0.5293015820312501,115.84,138.74,141.53
QQQ,2026-09-23,2026-10-23,C,605.0,0,0,0.5019581054687501,104.16,133.33,136.28
QQQ,2026-09-23,2026-10-23,C,610.0,1,1,0.5319260675048829,109.16,128.35,131.35
QQQ,2026-09-23,2026-10-23,C,615.0,4,1,0.5259446820068359,104.59,123.84,126.77
QQQ,2026-09-23,2026-10-23,C,620.0,1,1,0.5097094927978516,99.5,118.87,121.82
QQQ,2026-09-23,2026-10-23,C,625.0,15,2,0.48944602355957045,117.66,113.79,116.71
QQQ,2026-09-23,2026-10-23,C,635.0,12,2,0.4637504797363281,107.37,103.8,107.09
QQQ,2026-09-23,2026-10-23,C,640.0,15,2,0.4493768441772461,84.7,99.33,102.23
QQQ,2026-09-23,2026-10-23,C,645.0,12,8,0.42810630493164065,100.8,93.8,97.07
QQQ,2026-09-23,2026-10-23,C,650.0,23,4,0.3857483300781249,97.95,90.55,90.99
QQQ,2026-09-23,2026-10-23,C,655.0,3,2,0.3621889953613281,60.0,85.36,85.71
QQQ,2026-09-23,2026-10-23,C,660.0,55,4,0.35147743255615227,88.7,80.51,80.98
QQQ,2026-09-23,2026-10-23,C,665.0,14,11,0.3449467361450196,80.66,75.94,76.47
QQQ,2026-09-23,2026-10-23,C,670.0,11,1,0.3311834460449219,69.6,71.21,71.65
QQQ,2026-09-23,2026-10-23,C,675.0,21,2,0.319220675048828,70.26,66.6,66.94
QQQ,2026-09-23,2026-10-23,C,677.0,1,0,0.31452101501464835,51.11,64.64,65.07
QQQ,2026-09-23,2026-10-23,C,679.0,2,0,0.3099434240722656,45.25,62.78,63.21
QQQ,2026-09-23,2026-10-23,C,680.0,14,14,0.30445031494140623,46.23,61.71,62.11
QQQ,2026-09-23,2026-10-23,C,681.0,2,2,0.3081734222412109,63.37,61.11,61.51
QQQ,2026-09-23,2026-10-23,C,683.0,2,1,0.30438928039550783,34.29,59.35,59.71
QQQ,2026-09-23,2026-10-23,C,684.0,1,0,0.2949594430541992,33.97,57.99,58.39
QQQ,2026-09-23,2026-10-23,C,685.0,42,38,0.29325047576904284,54.54,57.1,57.5
QQQ,2026-09-23,2026-10-23,C,686.0,3,2,0.292701164855957,59.13,56.17,56.68
QQQ,2026-09-23,2026-10-23,C,687.0,1,0,0.295356167602539,31.68,55.69,56.05
QQQ,2026-09-23,2026-10-23,C,688.0,2,2,0.2898630584716796,30.92,54.63,54.95
QQQ,2026-09-23,2026-10-23,C,689.0,4,2,0.283362879333496,52.15,53.24,53.79
QQQ,2026-09-23,2026-10-23,C,690.0,27,2,0.28400374206542955,51.25,52.56,53.05
QQQ,2026-09-23,2026-10-23,C,691.0,9,2,0.2803416693115234,50.35,51.67,52.06
QQQ,2026-09-23,2026-10-23,C,692.0,6,3,0.2786937365722656,51.24,50.8,51.19
QQQ,2026-09-23,2026-10-23,C,693.0,11,2,0.27616080291748035,48.59,49.91,50.27
QQQ,2026-09-23,2026-10-23,C,694.0,8,2,0.27423821472167964,47.71,49.03,49.39
QQQ,2026-09-23,2026-10-23,C,695.0,96,2,0.27436028381347655,50.56,48.3,48.64
QQQ,2026-09-23,2026-10-23,C,696.0,16,3,0.2696606237792969,51.68,47.24,47.59
QQQ,2026-09-23,2026-10-23,C,697.0,14,36,0.26840941558837883,46.32,46.16,46.76
QQQ,2026-09-23,2026-10-23,C,698.0,15,1,0.26630372375488287,20.88,45.29,45.88
QQQ,2026-09-23,2026-10-23,C,699.0,60,4,0.2648083773803711,20.5,44.44,45.04
QQQ,2026-09-23,2026-10-23,C,700.0,521,7,0.2624585473632813,44.16,43.8,44.15
QQQ,2026-09-23,2026-10-23,C,701.0,157,57,0.2629468237304688,49.68,43.17,43.45
QQQ,2026-09-23,2026-10-23,C,702.0,289,6,0.25751474914550787,49.58,41.87,42.36
QQQ,2026-09-23,2026-10-23,C,703.0,348,70,0.25580578186035163,45.38,41.24,41.52
QQQ,2026-09-23,2026-10-23,C,704.0,133,1,0.25708750732421876,40.13,40.62,40.89
QQQ,2026-09-23,2026-10-23,C,705.0,252,35,0.25450879776000984,43.35,39.72,40.0
QQQ,2026-09-23,2026-10-23,C,706.0,221,1,0.2510145700073242,37.48,38.72,39.05
QQQ,2026-09-23,2026-10-23,C,707.0,274,1,0.2514875877380371,44.49,38.11,38.38
QQQ,2026-09-23,2026-10-23,C,708.0,272,1,0.24777973907470702,40.0,36.87,37.42
QQQ,2026-09-23,2026-10-23,C,709.0,326,7,0.2471083590698242,36.23,36.4,36.68
QQQ,2026-09-23,2026-10-23,C,710.0,547,8,0.2468947381591797,36.21,35.65,35.98
QQQ,2026-09-23,2026-10-23,C,711.0,386,6,0.2414016290283203,37.57,34.62,34.9
QQQ,2026-09-23,2026-10-23,C,712.0,164,1,0.24323266540527344,32.7,34.05,34.36
QQQ,2026-09-23,2026-10-23,C,713.0,215,2,0.2375564526367187,31.86,33.07,33.27
QQQ,2026-09-23,2026-10-23,C,714.0,152,14,0.23584748535156247,32.5,32.3,32.48
QQQ,2026-09-23,2026-10-23,C,715.0,458,11,0.23529817443847656,31.51,31.54,31.78
QQQ,2026-09-23,2026-10-23,C,716.0,373,5,0.23307041351318358,29.8,30.77,30.96
QQQ,2026-09-23,2026-10-23,C,717.0,321,55,0.2314224807739258,30.6,30.01,30.19
QQQ,2026-09-23,2026-10-23,C,718.0,71,10,0.22956092712402343,29.28,29.3,29.41
QQQ,2026-09-23,2026-10-23,C,719.0,127,7,0.22843178802490233,28.54,28.54,28.69
QQQ,2026-09-23,2026-10-23,C,720.0,626,36,0.22667704483032225,28.42,27.8,27.93
QQQ,2026-09-23,2026-10-23,C,721.0,350,4,0.22422040435791013,25.83,26.98,27.12
QQQ,2026-09-23,2026-10-23,C,722.0,344,2,0.22321333435058593,25.69,26.3,26.43
QQQ,2026-09-23,2026-10-23,C,723.0,453,2,0.22235885070800776,24.6,25.61,25.76
QQQ,2026-09-23,2026-10-23,C,724.0,28,3,0.22066514205932614,24.66,24.91,25.03
QQQ,2026-09-23,2026-10-23,C,725.0,345,12,0.21826953613281247,24.92,24.13,24.25
QQQ,2026-09-23,2026-10-23,C,726.0,80,4,0.21750660430908203,23.14,23.46,23.61
QQQ,2026-09-23,2026-10-23,C,727.0,200,7,0.21666737930297852,25.64,22.84,22.97
QQQ,2026-09-23,2026-10-23,C,728.0,37,4,0.21450065292358395,22.47,22.11,22.23
QQQ,2026-09-23,2026-10-23,C,729.0,292,35,0.21309685836791992,21.61,21.43,21.56
QQQ,2026-09-23,2026-10-23,C,730.0,521,82,0.21172358108520506,21.28,20.78,20.9
QQQ,2026-09-23,2026-10-23,C,731.0,184,4,0.21060970062255857,20.06,20.16,20.27
QQQ,2026-09-23,2026-10-23,C,732.0,184,37,0.2095110787963867,19.13,19.54,19.65
QQQ,2026-09-23,2026-10-23,C,733.0,113,25,0.20771055969238278,18.61,18.86,18.98
QQQ,2026-09-23,2026-10-23,C,734.0,54,2,0.20652038604736322,18.3,18.25,18.37
QQQ,2026-09-23,2026-10-23,C,735.0,554,76,0.2056048678588867,17.8,17.68,17.79
QQQ,2026-09-23,2026-10-23,C,736.0,117,23,0.20432314239501947,17.46,17.07,17.19
QQQ,2026-09-23,2026-10-23,C,737.0,204,86,0.20317874465942382,17.07,16.48,16.61
QQQ,2026-09-23,2026-10-23,C,738.0,70,24,0.2016833982849121,16.15,15.9,16.01
QQQ,2026-09-23,2026-10-23,C,739.0,195,32,0.200905207824707,15.85,15.37,15.48
QQQ,2026-09-23,2026-10-23,C,740.0,2776,170,0.19944037872314452,15.15,14.82,14.9
QQQ,2026-09-23,2026-10-23,C,741.0,151,27,0.19890632644653317,14.39,14.3,14.41
QQQ,2026-09-23,2026-10-23,C,742.0,151,111,0.19707529006958008,14.02,13.73,13.82
QQQ,2026-09-23,2026-10-23,C,743.0,200,10,0.19620554779052735,13.55,13.21,13.32
QQQ,2026-09-23,2026-10-23,C,744.0,152,4,0.19519847778320312,12.98,12.76,12.82
QQQ,2026-09-23,2026-10-23,C,745.0,877,109,0.1942066664123535,12.28,12.26,12.33
QQQ,2026-09-23,2026-10-23,C,746.0,1107,209,0.19297071685791017,12.13,11.74,11.83
QQQ,2026-09-23,2026-10-23,C,747.0,193,6,0.19196364685058598,11.83,11.29,11.36
QQQ,2026-09-23,2026-10-23,C,748.0,172,7,0.19132278411865233,11.06,10.84,10.93
QQQ,2026-09-23,2026-10-23,C,749.0,485,31,0.19043778320312502,10.59,10.37,10.49
QQQ,2026-09-23,2026-10-23,C,750.0,621,161,0.1894307131958008,10.28,9.97,10.05
QQQ,2026-09-23,2026-10-23,C,751.0,116,5,0.18842364318847654,9.96,9.58,9.62
QQQ,2026-09-23,2026-10-23,C,752.0,266,5,0.18778278045654295,9.41,9.17,9.23
QQQ,2026-09-23,2026-10-23,C,753.0,168,7,0.1870198486328125,8.82,8.77,8.84
QQQ,2026-09-23,2026-10-23,C,754.0,136,7,0.18625691680908202,8.26,8.38,8.46
QQQ,2026-09-23,2026-10-23,C,755.0,5952,105,0.18534139862060545,8.28,8.01,8.08
QQQ,2026-09-23,2026-10-23,C,756.0,151,1,0.18457846679687498,7.84,7.66,7.72
QQQ,2026-09-23,2026-10-23,C,757.0,113,97,0.18366294860839844,7.45,7.31,7.36
QQQ,2026-09-23,2026-10-23,C,758.0,135,15,0.1830220858764648,7.35,6.97,7.03
QQQ,2026-09-23,2026-10-23,C,759.0,311,13,0.1819539813232422,6.55,6.61,6.68
QQQ,2026-09-23,2026-10-23,C,760.0,4092,1138,0.18174036041259767,6.5,6.34,6.4
QQQ,2026-09-23,2026-10-23,C,761.0,86,4,0.18039760040283204,6.17,6.0,6.05
QQQ,2026-09-23,2026-10-23,C,762.0,199,16,0.18006191040039063,5.76,5.72,5.78
QQQ,2026-09-23,2026-10-23,C,763.0,101,9,0.17972622039794922,5.15,5.47,5.52
QQQ,2026-09-23,2026-10-23,C,764.0,101,3,0.17865811584472657,5.03,5.17,5.22
QQQ,2026-09-23,2026-10-23,C,765.0,1037,146,0.1785360467529297,5.08,4.94,4.99
QQQ,2026-09-23,2026-10-23,C,766.0,148,2,0.17795621856689453,4.49,4.69,4.74
QQQ,2026-09-23,2026-10-23,C,767.0,208,1,0.1772543212890625,4.22,4.43,4.49
QQQ,2026-09-23,2026-10-23,C,768.0,109,14,0.17704070037841796,4.04,4.23,4.28
QQQ,2026-09-23,2026-10-23,C,769.0,66,12,0.1763693203735352,4.21,4.0,4.05
QQQ,2026-09-23,2026-10-23,C,770.0,1143,159,0.17572845764160155,3.94,3.79,3.83
QQQ,2026-09-23,2026-10-23,C,771.0,45,55,0.1757894921875,4.38,3.6,3.66
QQQ,2026-09-23,2026-10-23,C,772.0,95,11,0.17505707763671874,3.57,3.41,3.45
QQQ,2026-09-23,2026-10-23,C,773.0,76,2,0.17432466308593753,3.1,3.22,3.25
QQQ,2026-09-23,2026-10-23,C,774.0,207,13,0.17362276580810548,3.23,3.03,3.06
QQQ,2026-09-23,2026-10-23,C,775.0,3455,204,0.1733481103515625,3.05,2.86,2.9
QQQ,2026-09-23,2026-10-23,C,780.0,3307,263,0.17194431579589847,2.32,2.16,2.19
QQQ,2026-09-23,2026-10-23,C,785.0,7421,120,0.17145603942871096,1.68,1.64,1.66
QQQ,2026-09-23,2026-10-23,C,790.0,4584,64,0.17096776306152345,1.3,1.22,1.24
QQQ,2026-09-23,2026-10-23,C,795.0,1766,74,0.17108983215332033,0.98,0.91,0.93
QQQ,2026-09-23,2026-10-23,C,800.0,1008,41,0.1712119012451172,0.66,0.68,0.69
QQQ,2026-09-23,2026-10-23,C,805.0,346,20,0.17212741943359378,0.45,0.5,0.52
QQQ,2026-09-23,2026-10-23,C,810.0,2092,1,0.1744467321777344,0.31,0.38,0.41
QQQ,2026-09-23,2026-10-23,C,815.0,127,1,0.17566742309570313,0.27,0.28,0.31
QQQ,2026-09-23,2026-10-23,C,820.0,583,64,0.178719150390625,0.22,0.22,0.25
QQQ,2026-09-23,2026-10-23,C,825.0,149,122,0.17993984130859375,0.23,0.17,0.19
QQQ,2026-09-23,2026-10-23,C,830.0,21,12,0.18238122314453126,0.15,0.13,0.15
QQQ,2026-09-23,2026-10-23,C,835.0,19,1,0.18506674316406246,0.13,0.1,0.12
QQQ,2026-09-23,2026-10-23,C,840.0,142,2,0.188484677734375,0.1,0.08,0.1
QQQ,2026-09-23,2026-10-23,C,850.0,581,6,0.195320546875,0.08,0.04,0.07
QQQ,2026-09-23,2026-10-23,C,860.0,25,2,0.20215641601562498,0.06,0.02,0.05
QQQ,2026-09-23,2026-10-23,C,870.0,2,220,0.20996883789062498,0.04,0.01,0.04
QQQ,2026-09-23,2026-10-23,C,880.0,10,540,0.22266402343749997,0.02,0.01,0.04
QQQ,2026-09-23,2026-10-23,C,895.0,35,20,0.23535920898437498,0.01,0.01,0.03
QQQ,2026-09-23,2026-10-23,C,900.0,70,80,0.242195078125,0.01,0.0,0.03
QQQ,2026-09-23,2026-10-23,C,910.0,51,21,0.25391371093750004,0.04,0.0,0.03
QQQ,2026-09-23,2026-10-23,C,920.0,10,0,0.26563234375,0.01,0.0,0.03
QQQ,2026-09-23,2026-10-23,P,450.0,1616,10,0.5898478515625001,0.05,0.04,0.06
QQQ,2026-09-23,2026-10-23,P,455.0,13,1,0.585941640625,0.04,0.05,0.07
QQQ,2026-09-23,2026-10-23,P,460.0,2,1,0.57812921875,0.07,0.05,0.08
QQQ,2026-09-23,2026-10-23,P,465.0,13,20,0.5742230078125,0.09,0.06,0.09
QQQ,2026-09-23,2026-10-23,P,470.0,731,583,0.5644574804687501,0.07,0.07,0.09
QQQ,2026-09-23,2026-10-23,P,480.0,2,0,0.5498091894531252,0.3,0.08,0.11
QQQ,2026-09-23,2026-10-23,P,490.0,162,161,0.53320779296875,0.1,0.1,0.12
QQQ,2026-09-23,2026-10-23,P,495.0,10,10,0.52539537109375,0.13,0.11,0.13
QQQ,2026-09-23,2026-10-23,P,500.0,33,1,0.5200243310546875,0.12,0.12,0.15
QQQ,2026-09-23,2026-10-23,P,505.0,20,20,0.5117236328125,0.22,0.13,0.16
QQQ,2026-09-23,2026-10-23,P,510.0,48,45,0.5029346582031251,0.27,0.14,0.17
QQQ,2026-09-23,2026-10-23,P,515.0,130,130,0.4995167236328125,0.16,0.16,0.18
QQQ,2026-09-23,2026-10-23,P,520.0,174,401,0.4931691308593751,0.17,0.17,0.2
QQQ,2026-09-23,2026-10-23,P,525.0,93,2,0.48389187988281257,0.18,0.19,0.21
QQQ,2026-09-23,2026-10-23,P,530.0,55,19,0.476567734375,0.19,0.22,0.23
QQQ,2026-09-23,2026-10-23,P,535.0,16,0,0.46924358886718753,0.2,0.22,0.25
QQQ,2026-09-23,2026-10-23,P,540.0,111,57,0.45898978515625005,0.22,0.24,0.26
QQQ,2026-09-23,2026-10-23,P,545.0,86,200,0.45117736328125,0.23,0.26,0.28
QQQ,2026-09-23,2026-10-23,P,550.0,108,1,0.4409235595703125,0.3,0.28,0.29
QQQ,2026-09-23,2026-10-23,P,555.0,69,20,0.43604079589843747,0.28,0.3,0.33
QQQ,2026-09-23,2026-10-23,P,560.0,84,14,0.42529871582031253,0.3,0.32,0.34
QQQ,2026-09-23,2026-10-23,P,565.0,256,7,0.41797457031249996,0.35,0.35,0.37
QQQ,2026-09-23,2026-10-23,P,570.0,58,3,0.4101621484375,0.38,0.38,0.4
QQQ,2026-09-23,2026-10-23,P,575.0,289,2,0.40039662109375,0.38,0.4,0.42
QQQ,2026-09-23,2026-10-23,P,580.0,57,4,0.39331661376953125,0.41,0.43,0.46
QQQ,2026-09-23,2026-10-23,P,585.0,41,22,0.3857483300781249,0.46,0.47,0.5
QQQ,2026-09-23,2026-10-23,P,590.0,155,1,0.3764710791015625,0.54,0.5,0.53
QQQ,2026-09-23,2026-10-23,P,595.0,136,39,0.36817038085937503,0.53,0.54,0.57
QQQ,2026-09-23,2026-10-23,P,600.0,664,7,0.36048002807617185,0.6,0.59,0.62
QQQ,2026-09-23,2026-10-23,P,605.0,234,29,0.35144691528320304,0.6,0.63,0.66
QQQ,2026-09-23,2026-10-23,P,610.0,212,2,0.3430241479492187,0.74,0.68,0.71
QQQ,2026-09-23,2026-10-23,P,615.0,277,7,0.334967587890625,0.77,0.74,0.77
QQQ,2026-09-23,2026-10-23,P,620.0,448,12,0.32642275146484373,0.85,0.81,0.83
QQQ,2026-09-23,2026-10-23,P,625.0,321,9,0.3181220532226562,0.93,0.87,0.9
QQQ,2026-09-23,2026-10-23,P,630.0,410,9,0.3100654931640625,0.96,0.95,0.98
QQQ,2026-09-23,2026-10-23,P,635.0,638,14,0.3020089331054688,1.03,1.05,1.07
QQQ,2026-09-23,2026-10-23,P,640.0,2742,1,0.2934640966796874,1.14,1.14,1.16
QQQ,2026-09-23,2026-10-23,P,645.0,471,30,0.2867502966308593,1.33,1.28,1.3
QQQ,2026-09-23,2026-10-23,P,650.0,949,36,0.2784495983886719,1.41,1.4,1.42
QQQ,2026-09-23,2026-10-23,P,655.0,473,14,0.2706371765136719,1.56,1.55,1.57
QQQ,2026-09-23,2026-10-23,P,660.0,1088,70,0.2639844110107422,1.71,1.74,1.77
QQQ,2026-09-23,2026-10-23,P,665.0,577,24,0.25702647277832036,1.97,1.96,1.99
QQQ,2026-09-23,2026-10-23,P,670.0,1350,40,0.24915301635742187,2.14,2.19,2.21
QQQ,2026-09-23,2026-10-23,P,675.0,1715,3,0.24280542358398435,2.44,2.49,2.52
QQQ,2026-09-23,2026-10-23,P,676.0,567,1,0.24164576721191405,2.49,2.55,2.59
QQQ,2026-09-23,2026-10-23,P,677.0,133,56,0.23957059265136715,2.48,2.6,2.63
QQQ,2026-09-23,2026-10-23,P,678.0,225,127,0.23908231628417967,2.6,2.69,2.73
QQQ,2026-09-23,2026-10-23,P,679.0,120,7,0.23746490081787108,2.9,2.76,2.79
QQQ,2026-09-23,2026-10-23,P,680.0,1104,51,0.236061106262207,2.75,2.82,2.86
QQQ,2026-09-23,2026-10-23,P,681.0,53,8,0.2348709326171875,2.72,2.91,2.94
QQQ,2026-09-23,2026-10-23,P,682.0,259,4,0.23334506896972657,2.85,2.98,3.01
QQQ,2026-09-23,2026-10-23,P,683.0,201,125,0.23206334350585936,2.86,3.06,3.09
QQQ,2026-09-23,2026-10-23,P,684.0,77,4,0.23044592803955077,3.15,3.13,3.16
QQQ,2026-09-23,2026-10-23,P,685.0,1577,10,0.2294693753051758,3.13,3.23,3.26
QQQ,2026-09-23,2026-10-23,P,686.0,82,2,0.22800454620361327,3.54,3.3,3.34
QQQ,2026-09-23,2026-10-23,P,687.0,124,4,0.2262650616455078,3.38,3.37,3.41
QQQ,2026-09-23,2026-10-23,P,688.0,140,3,0.22553264709472653,3.44,3.48,3.53
QQQ,2026-09-23,2026-10-23,P,689.0,89,200,0.22431195617675775,3.6,3.59,3.63
QQQ,2026-09-23,2026-10-23,P,690.0,2567,94,0.22281660980224605,3.65,3.69,3.72
QQQ,2026-09-23,2026-10-23,P,691.0,128,3,0.22168747070312497,3.72,3.77,3.83
QQQ,2026-09-23,2026-10-23,P,692.0,35,1,0.22028367614746092,3.77,3.89,3.93
QQQ,2026-09-23,2026-10-23,P,693.0,117,7,0.21900195068359374,3.95,4.0,4.04
QQQ,2026-09-23,2026-10-23,P,694.0,141,1,0.21768970794677733,4.03,4.09,4.15
QQQ,2026-09-23,2026-10-23,P,695.0,619,29,0.21628591339111325,4.09,4.21,4.26
QQQ,2026-09-23,2026-10-23,P,696.0,367,3,0.2150347052001953,4.24,4.33,4.38
QQQ,2026-09-23,2026-10-23,P,697.0,109,4,0.213875048828125,4.31,4.46,4.51
QQQ,2026-09-23,2026-10-23,P,698.0,137,1,0.21247125427246094,4.94,4.59,4.63
QQQ,2026-09-23,2026-10-23,P,699.0,127,13,0.21152521881103514,4.66,4.73,4.78
QQQ,2026-09-23,2026-10-23,P,700.0,2914,343,0.21015194152832029,4.89,4.87,4.91
QQQ,2026-09-23,2026-10-23,P,701.0,187,3,0.2085650433349609,5.0,4.98,5.03
QQQ,2026-09-23,2026-10-23,P,702.0,716,42,0.2075579733276367,5.12,5.15,5.19
QQQ,2026-09-23,2026-10-23,P,703.0,188,22,0.2063067651367187,5.0,5.29,5.34
QQQ,2026-09-23,2026-10-23,P,704.0,153,1,0.20533021240234373,5.71,5.45,5.51
QQQ,2026-09-23,2026-10-23,P,705.0,639,12,0.20377383148193356,5.51,5.6,5.65
QQQ,2026-09-23,2026-10-23,P,706.0,226,6,0.20246158874511716,5.64,5.77,5.81
QQQ,2026-09-23,2026-10-23,P,707.0,196,5,0.2010883114624023,5.81,5.92,5.97
QQQ,2026-09-23,2026-10-23,P,708.0,557,14,0.19992865509033203,6.25,6.09,6.15
QQQ,2026-09-23,2026-10-23,P,709.0,146,1,0.19867744689941402,6.44,6.28,6.33
QQQ,2026-09-23,2026-10-23,P,710.0,534,52,0.19751779052734375,6.45,6.48,6.52
QQQ,2026-09-23,2026-10-23,P,711.0,418,3,0.19638865142822265,6.53,6.67,6.72
QQQ,2026-09-23,2026-10-23,P,712.0,211,2,0.19547313323974608,6.64,6.87,6.94
QQQ,2026-09-23,2026-10-23,P,713.0,113,20,0.19391675231933597,6.86,7.07,7.12
QQQ,2026-09-23,2026-10-23,P,714.0,202,3,0.19309278594970702,7.11,7.3,7.36
QQQ,2026-09-23,2026-10-23,P,715.0,852,90,0.19178054321289065,7.26,7.51,7.57
QQQ,2026-09-23,2026-10-23,P,716.0,829,8,0.19034623138427736,7.7,7.73,7.78
QQQ,2026-09-23,2026-10-23,P,717.0,575,351,0.18900347137451173,7.55,7.94,8.0
QQQ,2026-09-23,2026-10-23,P,718.0,484,37,0.188210022277832,7.94,8.22,8.27
QQQ,2026-09-23,2026-10-23,P,719.0,171,2,0.1871724349975586,8.06,8.45,8.53
QQQ,2026-09-23,2026-10-23,P,720.0,1605,198,0.1859212268066406,8.51,8.72,8.78
QQQ,2026-09-23,2026-10-23,P,721.0,267,30,0.18454794952392578,9.16,8.97,9.03
QQQ,2026-09-23,2026-10-23,P,722.0,214,40,0.182976309967041,8.81,9.2,9.27
QQQ,2026-09-23,2026-10-23,P,723.0,85,7,0.18192346405029297,9.3,9.5,9.56
QQQ,2026-09-23,2026-10-23,P,724.0,92,7,0.18091639404296872,9.77,9.8,9.86
QQQ,2026-09-23,2026-10-23,P,725.0,542,88,0.17990932403564452,9.8,10.1,10.17
QQQ,2026-09-23,2026-10-23,P,726.0,87,6,0.1785360467529297,10.49,10.39,10.46
QQQ,2026-09-23,2026-10-23,P,727.0,236,24,0.17731535583496094,10.4,10.7,10.77
QQQ,2026-09-23,2026-10-23,P,728.0,169,11,0.17646087219238282,11.1,11.03,11.12
QQQ,2026-09-23,2026-10-23,P,729.0,326,14,0.17536225036621095,11.13,11.38,11.46
QQQ,2026-09-23,2026-10-23,P,730.0,457,34,0.17379061080932617,11.36,11.71,11.77
QQQ,2026-09-23,2026-10-23,P,731.0,179,6,0.17282931671142582,11.82,12.07,12.14
QQQ,2026-09-23,2026-10-23,P,732.0,109,6,0.17173069488525394,12.08,12.41,12.51
QQQ,2026-09-23,2026-10-23,P,733.0,150,9,0.17029638305664066,12.62,12.75,12.86
QQQ,2026-09-23,2026-10-23,P,734.0,250,18,0.16930457168579105,12.66,13.18,13.26
QQQ,2026-09-23,2026-10-23,P,735.0,523,101,0.16867896759033207,13.46,13.63,13.7
QQQ,2026-09-23,2026-10-23,P,736.0,119,20,0.16697000030517584,13.7,14.0,14.06
QQQ,2026-09-23,2026-10-23,P,737.0,94,22,0.16617655120849611,14.2,14.44,14.51
QQQ,2026-09-23,2026-10-23,P,738.0,502,455,0.165047412109375,14.21,14.86,14.94
QQQ,2026-09-23,2026-10-23,P,739.0,229,10,0.16410137664794922,15.09,15.3,15.4
QQQ,2026-09-23,2026-10-23,P,740.0,2007,79,0.16303327209472657,15.15,15.76,15.86
QQQ,2026-09-23,2026-10-23,P,741.0,150,21,0.1614768911743164,15.91,16.2,16.29
QQQ,2026-09-23,2026-10-23,P,742.0,87,16,0.1604698211669922,16.27,16.69,16.78
QQQ,2026-09-23,2026-10-23,P,743.0,79,1,0.15931016479492188,17.55,17.18,17.27
QQQ,2026-09-23,2026-10-23,P,744.0,84,3,0.15863878479003907,17.02,17.72,17.81
QQQ,2026-09-23,2026-10-23,P,745.0,165,10,0.15729602478027344,17.8,18.19,18.31
QQQ,2026-09-23,2026-10-23,P,746.0,320,2,0.15592274749755858,18.69,18.68,18.82
QQQ,2026-09-23,2026-10-23,P,747.0,130,3,0.15502248794555668,19.19,19.26,19.38
QQQ,2026-09-23,2026-10-23,P,748.0,29,2,0.15395438339233397,19.75,19.81,19.94
QQQ,2026-09-23,2026-10-23,P,749.0,7,3,0.15259636474609378,20.35,20.35,20.49
QQQ,2026-09-23,2026-10-23,P,750.0,401,61,0.15091791473388677,21.0,20.92,21.03
QQQ,2026-09-23,2026-10-23,P,751.0,25,2,0.151024725189209,21.53,21.58,21.72
QQQ,2026-09-23,2026-10-23,P,752.0,20,2,0.1491173956298828,22.13,22.11,22.27
QQQ,2026-09-23,2026-10-23,P,753.0,43,43,0.14795773925781253,19.36,22.74,22.89
QQQ,2026-09-23,2026-10-23,P,754.0,4,2,0.14646239288330076,23.39,23.37,23.5
QQQ,2026-09-23,2026-10-23,P,755.0,203,10,0.14563842651367187,23.59,24.04,24.17
QQQ,2026-09-23,2026-10-23,P,756.0,3,0,0.14460083923339845,19.43,24.68,24.84
QQQ,2026-09-23,2026-10-23,P,757.0,389,389,0.1430749755859375,22.78,25.32,25.49
QQQ,2026-09-23,2026-10-23,P,758.0,46,1,0.14299868240356445,20.4,25.82,26.25
QQQ,2026-09-23,2026-10-23,P,759.0,1,0,0.14151859466552735,21.93,26.51,26.93
QQQ,2026-09-23,2026-10-23,P,760.0,15,7,0.13980962738037112,24.42,27.08,27.61
QQQ,2026-09-23,2026-10-23,P,763.0,3,1,0.13239393005371097,26.04,29.19,29.62
QQQ,2026-09-23,2026-10-23,P,765.0,2,2,0.13272962005615235,28.4,30.92,31.32
QQQ,2026-09-23,2026-10-23,P,766.0,2,2,0.13224134368896484,32.4,31.62,32.15
QQQ,2026-09-23,2026-10-23,P,767.0,8,0,0.12702289001464845,27.36,32.3,32.77
QQQ,2026-09-23,2026-10-23,P,768.0,35,1,0.13001358276367186,27.4,33.21,33.78
QQQ,2026-09-23,2026-10-23,P,769.0,11,0,0.1283351327514648,28.72,34.01,34.59
QQQ,2026-09-23,2026-10-23,P,770.0,16,6,0.12506978454589845,32.86,34.87,35.35
QQQ,2026-09-23,2026-10-23,P,771.0,14,0,0.11451080810546876,28.62,35.42,35.89
QQQ,2026-09-23,2026-10-23,P,774.0,11,0,0.11756253540039063,31.72,38.18,38.77
QQQ,2026-09-23,2026-10-23,P,775.0,2,0,0.11219149536132811,42.88,39.04,39.57
QQQ,2026-09-23,2026-10-23,P,785.0,196,194,1.0000000000000003e-05,44.96,48.01,48.7
QQQ,2026-09-23,2026-10-23,P,800.0,200,194,0.15125360473632815,59.7,61.41,64.36
QQQ,2026-09-23,2026-10-23,P,805.0,0,0,1.0000000000000003e-05,62.44,65.83,68.9
QQQ,2026-09-23,2026-10-23,P,810.0,0,0,0.17359224853515626,63.25,71.24,74.41
QQQ,2026-09-23,2026-10-23,P,820.0,0,0,0.19898261962890623,103.89,81.41,84.51
QQQ,2026-09-23,2026-10-23,P,845.0,0,0,0.2590406127929688,128.85,106.31,109.73
QQQ,2026-09-23,2026-10-23,P,850.0,0,0,0.2436599072265625,133.82,110.83,114.41
QQQ,2026-09-23,2026-10-23,P,860.0,0,0,0.2602613037109375,143.82,120.95,124.41
QQQ,2026-09-23,2026-10-23,P,870.0,0,0,0.28394270751953116,153.82,131.31,134.49
QQQ,2026-09-23,2026-10-23,P,880.0,0,0,0.31909860595703116,163.84,141.31,144.72
QQQ,2026-09-23,2026-10-23,P,885.0,0,0,0.30005582763671873,168.81,146.11,149.41
QQQ,2026-09-23,2026-10-23,P,890.0,0,0,0.33570000244140624,173.81,151.31,154.72
QQQ,2026-09-23,2026-10-23,P,895.0,0,0,0.34229173339843744,178.81,156.41,159.7
QQQ,2026-09-23,2026-10-30,C,470.0,0,0,1.0000000000000003e-05,247.83,0.0,0.0
QQQ,2026-09-23,2026-10-30,C,480.0,1,0,0.838746729736328,267.45,258.2,261.11
QQQ,2026-09-23,2026-10-30,C,485.0,2,0,1.0000000000000003e-05,185.19,234.4,237.93
QQQ,2026-09-23,2026-10-30,C,490.0,1,1,0.8121967022705077,214.33,248.26,251.37
QQQ,2026-09-23,2026-10-30,C,500.0,1,1,0.7530542272949219,218.23,237.63,240.89
QQQ,2026-09-23,2026-10-30,C,510.0,2,0,0.724490059814453,201.66,227.72,230.96
QQQ,2026-09-23,2026-10-30,C,515.0,2,1,0.7326686889648437,215.57,223.44,226.36
QQQ,2026-09-23,2026-10-30,C,520.0,3,1,0.7131376342773439,193.11,218.48,221.16
QQQ,2026-09-23,2026-10-30,C,525.0,11,10,0.704226590576172,182.09,213.53,216.47
QQQ,2026-09-23,2026-10-30,C,530.0,11,10,0.6832307067871095,190.01,208.57,211.18
QQQ,2026-09-23,2026-10-30,C,535.0,10,10,0.6749910430908206,185.03,203.61,206.54
QQQ,2026-09-23,2026-10-30,C,540.0,12,10,0.6445348046875,166.57,198.17,201.22
QQQ,2026-09-23,2026-10-30,C,545.0,2,0,0.6400182482910157,172.9,193.71,196.27
QQQ,2026-09-23,2026-10-30,C,550.0,84,16,0.6124916680908206,169.04,188.02,191.32
QQQ,2026-09-23,2026-10-30,C,555.0,10,0,0.602787175292969,149.59,183.22,186.43
QQQ,2026-09-23,2026-10-30,C,560.0,24,10,0.6018716571044924,161.68,178.87,181.61
QQQ,2026-09-23,2026-10-30,C,565.0,2,1,0.5913126806640626,148.14,173.93,176.85
QQQ,2026-09-23,2026-10-30,C,570.0,6,2,0.5745892150878906,149.24,169.1,171.61
QQQ,2026-09-23,2026-10-30,C,575.0,3,1,0.5687909332275392,134.47,164.16,167.17
QQQ,2026-09-23,2026-10-30,C,580.0,46,10,0.5340012420654296,139.36,158.42,161.68
QQQ,2026-09-23,2026-10-30,C,585.0,5,3,0.5418136639404298,137.41,154.3,157.31
QQQ,2026-09-23,2026-10-30,C,590.0,16,10,0.5217943328857422,159.26,149.28,152.02
QQQ,2026-09-23,2026-10-30,C,595.0,13,3,0.5058032818603515,147.19,144.34,146.92
QQQ,2026-09-23,2026-10-30,C,600.0,220,204,0.5386703848266602,150.67,139.45,142.49
QQQ,2026-09-23,2026-10-30,C,601.0,5,0,0.5356491748046875,148.42,138.6,141.5
QQQ,2026-09-23,2026-10-30,C,602.0,5,0,0.5343064147949219,147.37,137.46,140.58
QQQ,2026-09-23,2026-10-30,C,604.0,1,0,0.5187120883178712,106.39,135.5,138.2
QQQ,2026-09-23,2026-10-30,C,605.0,0,0,1.0000000000000003e-05,120.85,0.0,0.0
QQQ,2026-09-23,2026-10-30,C,606.0,2,0,0.5180101910400392,116.65,133.54,136.44
QQQ,2026-09-23,2026-10-30,C,608.0,3,3,0.5051319018554687,105.03,131.03,134.17
QQQ,2026-09-23,2026-10-30,C,609.0,1,0,0.5173388110351562,105.68,130.75,133.83
QQQ,2026-09-23,2026-10-30,C,610.0,33,29,0.5081225946044923,112.07,129.62,132.57
QQQ,2026-09-23,2026-10-30,C,613.0,1,1,1.0000000000000003e-05,93.62,110.26,112.83
QQQ,2026-09-23,2026-10-30,C,614.0,3,1,0.4958546508789063,102.71,125.7,128.6
QQQ,2026-09-23,2026-10-30,C,615.0,7,1,0.4862111926269531,126.36,124.61,127.32
QQQ,2026-09-23,2026-10-30,C,616.0,2,0,0.4904836108398438,101.12,123.74,126.65
QQQ,2026-09-23,2026-10-30,C,617.0,2,2,1.0000000000000003e-05,118.33,106.46,109.02
QQQ,2026-09-23,2026-10-30,C,618.0,1,0,0.47818514984130855,105.59,121.79,124.39
QQQ,2026-09-23,2026-10-30,C,619.0,4,1,0.4754080780029296,105.12,120.14,123.41
QQQ,2026-09-23,2026-10-30,C,620.0,20,1,0.4788870471191406,120.98,119.94,122.71
QQQ,2026-09-23,2026-10-30,C,621.0,2,0,0.486882572631836,90.58,118.86,122.23
QQQ,2026-09-23,2026-10-30,C,622.0,4,1,0.46845013977050787,87.88,117.99,120.53
QQQ,2026-09-23,2026-10-30,C,623.0,3,1,0.4715629016113281,117.0,116.91,119.82
QQQ,2026-09-23,2026-10-30,C,624.0,2,1,0.46332323791503904,94.41,115.94,118.59
QQQ,2026-09-23,2026-10-30,C,625.0,87,1,0.45966116516113287,115.94,115.07,117.57
QQQ,2026-09-23,2026-10-30,C,627.0,1,1,0.45795219787597663,113.97,113.12,115.79
QQQ,2026-09-23,2026-10-30,C,629.0,1,0,1.0000000000000003e-05,63.12,95.15,97.69
QQQ,2026-09-23,2026-10-30,C,630.0,19,2,0.4575554733276368,93.19,110.1,113.24
QQQ,2026-09-23,2026-10-30,C,631.0,0,2,1.0000000000000003e-05,92.56,0.0,0.0
QQQ,2026-09-23,2026-10-30,C,632.0,100,3,0.4413202841186523,108.24,107.42,110.77
QQQ,2026-09-23,2026-10-30,C,633.0,76,0,1.0000000000000003e-05,96.2,91.42,93.95
QQQ,2026-09-23,2026-10-30,C,635.0,9,6,0.40381455566406255,114.01,105.84,106.47
QQQ,2026-09-23,2026-10-30,C,636.0,5,1,0.4129087030029296,89.28,105.51,106.03
QQQ,2026-09-23,2026-10-30,C,637.0,1,1,0.3991759301757813,103.95,103.91,104.54
QQQ,2026-09-23,2026-10-30,C,640.0,47,15,0.3915466119384765,102.24,100.9,101.62
QQQ,2026-09-23,2026-10-30,C,642.0,0,2,1.0000000000000003e-05,82.55,0.0,0.0
QQQ,2026-09-23,2026-10-30,C,643.0,3,1,0.3880676428222656,87.54,98.25,98.9
QQQ,2026-09-23,2026-10-30,C,644.0,4,3,0.39230954376220706,82.99,97.61,98.26
QQQ,2026-09-23,2026-10-30,C,645.0,46,41,0.3823914300537109,99.99,96.16,96.93
QQQ,2026-09-23,2026-10-30,C,647.0,3,1,0.37567763000488286,77.89,94.3,94.91
QQQ,2026-09-23,2026-10-30,C,648.0,4,1,0.3771729763793945,96.83,93.52,94.14
QQQ,2026-09-23,2026-10-30,C,649.0,1,0,0.37259538543701176,74.72,92.42,93.07
QQQ,2026-09-23,2026-10-30,C,650.0,75,2,0.3723817645263672,95.38,91.61,92.22
QQQ,2026-09-23,2026-10-30,C,651.0,0,0,1.0000000000000003e-05,91.96,0.0,0.0
QQQ,2026-09-23,2026-10-30,C,653.0,1,1,0.3655458953857422,94.66,88.75,89.36
QQQ,2026-09-23,2026-10-30,C,654.0,2,1,0.35962554443359374,95.57,87.63,88.22
QQQ,2026-09-23,2026-10-30,C,655.0,108,7,0.3632876171875,69.96,86.94,87.58
QQQ,2026-09-23,2026-10-30,C,656.0,87,0,0.3551700225830078,60.18,85.73,86.32
QQQ,2026-09-23,2026-10-30,C,657.0,2,1,0.3618533053588867,62.51,85.24,85.85
QQQ,2026-09-23,2026-10-30,C,658.0,2,1,0.35062294891357415,58.61,83.84,84.42
QQQ,2026-09-23,2026-10-30,C,659.0,5,1,0.34833415344238283,86.67,82.9,83.47
QQQ,2026-09-23,2026-10-30,C,660.0,103,1,0.3458317370605468,86.69,81.84,82.51
QQQ,2026-09-23,2026-10-30,C,661.0,8,1,0.3473576007080078,62.69,81.19,81.77
QQQ,2026-09-23,2026-10-30,C,662.0,1,0,1.0000000000000003e-05,82.07,65.2,67.82
QQQ,2026-09-23,2026-10-30,C,664.0,8,1,0.34076586975097656,78.11,78.37,78.95
QQQ,2026-09-23,2026-10-30,C,665.0,14,1,0.342230698852539,59.05,77.6,78.22
QQQ,2026-09-23,2026-10-30,C,666.0,21,1,0.33316706878662117,76.24,76.22,76.89
QQQ,2026-09-23,2026-10-30,C,667.0,2,0,1.0000000000000003e-05,45.6,61.24,61.91
QQQ,2026-09-23,2026-10-30,C,668.0,20,1,0.33243465423583984,83.31,74.64,75.23
QQQ,2026-09-23,2026-10-30,C,669.0,2,1,0.3286199951171874,57.81,73.51,74.2
QQQ,2026-09-23,2026-10-30,C,670.0,71,55,0.3263006823730469,80.28,72.52,73.26
QQQ,2026-09-23,2026-10-30,C,671.0,12,3,0.32282171325683584,58.78,71.7,72.25
QQQ,2026-09-23,2026-10-30,C,672.0,12,2,0.3247748187255859,57.43,71.02,71.57
QQQ,2026-09-23,2026-10-30,C,673.0,68,1,0.31845774322509757,73.13,69.83,70.39
QQQ,2026-09-23,2026-10-30,C,674.0,15,2,0.31690136230468746,76.26,68.94,69.5
QQQ,2026-09-23,2026-10-30,C,675.0,29,1,0.31757274230957033,71.0,68.19,68.75
QQQ,2026-09-23,2026-10-30,C,676.0,14,1,0.31259842681884764,68.13,67.12,67.65
QQQ,2026-09-23,2026-10-30,C,677.0,71,1,0.31806101867675773,70.08,66.63,67.21
QQQ,2026-09-23,2026-10-30,C,678.0,6,1,0.3086616986083984,72.94,65.3,65.83
QQQ,2026-09-23,2026-10-30,C,679.0,86,1,0.3064949722290039,46.98,64.29,64.91
QQQ,2026-09-23,2026-10-30,C,680.0,112,3,0.30478600494384767,71.5,63.47,64.02
QQQ,2026-09-23,2026-10-30,C,681.0,62,2,0.30548790222167965,61.22,62.71,63.29
QQQ,2026-09-23,2026-10-30,C,682.0,97,2,0.30048306945800785,60.32,61.67,62.19
QQQ,2026-09-23,2026-10-30,C,683.0,0,2,0.29883513671874995,59.44,60.79,61.31
QQQ,2026-09-23,2026-10-30,C,684.0,43,2,0.29892668853759763,58.5,60.03,60.55
QQQ,2026-09-23,2026-10-30,C,685.0,57,3,0.299262378540039,59.53,59.16,59.81
QQQ,2026-09-23,2026-10-30,C,686.0,32,2,0.29572237487792963,56.79,58.31,58.81
QQQ,2026-09-23,2026-10-30,C,687.0,79,80,0.29114478393554677,59.29,57.15,57.74
QQQ,2026-09-23,2026-10-30,C,688.0,9,2,0.2903513348388671,55.04,56.35,56.93
QQQ,2026-09-23,2026-10-30,C,689.0,11,2,0.2880625393676757,54.07,55.49,56.02
QQQ,2026-09-23,2026-10-30,C,690.0,54,2,0.28575848526000974,53.21,54.62,55.11
QQQ,2026-09-23,2026-10-30,C,691.0,29,2,0.28385115570068353,52.35,53.73,54.23
QQQ,2026-09-23,2026-10-30,C,692.0,36,2,0.2820506365966796,51.49,52.88,53.36
QQQ,2026-09-23,2026-10-30,C,693.0,108,2,0.283362879333496,58.96,52.23,52.72
QQQ,2026-09-23,2026-10-30,C,694.0,89,23,0.2803721865844726,58.08,51.26,51.77
QQQ,2026-09-23,2026-10-30,C,695.0,344,2,0.2803416693115234,48.93,50.56,51.04
QQQ,2026-09-23,2026-10-30,C,696.0,79,3,0.2771373556518554,47.82,49.58,50.08
QQQ,2026-09-23,2026-10-30,C,697.0,104,1,0.2760692510986328,51.48,48.76,49.28
QQQ,2026-09-23,2026-10-30,C,698.0,102,47,0.2732311447143554,55.15,47.85,48.35
QQQ,2026-09-23,2026-10-30,C,699.0,135,108,0.2719494192504882,56.5,47.04,47.54
QQQ,2026-09-23,2026-10-30,C,700.0,1259,4,0.26877562286376955,46.02,46.07,46.59
QQQ,2026-09-23,2026-10-30,C,701.0,193,2,0.2661053614807129,51.66,45.21,45.68
QQQ,2026-09-23,2026-10-30,C,702.0,146,72,0.26929441650390623,45.1,44.76,45.23
QQQ,2026-09-23,2026-10-30,C,703.0,137,1,0.26285527191162117,42.38,43.51,44.03
QQQ,2026-09-23,2026-10-30,C,704.0,284,2,0.2612225978088379,49.07,42.77,43.21
QQQ,2026-09-23,2026-10-30,C,705.0,517,11,0.2605359591674804,42.73,41.91,42.47
QQQ,2026-09-23,2026-10-30,C,706.0,131,2,0.2580640600585938,44.79,41.15,41.59
QQQ,2026-09-23,2026-10-30,C,707.0,280,4,0.2582624223327637,43.67,40.48,40.93
QQQ,2026-09-23,2026-10-30,C,708.0,363,6,0.2578962150573731,45.66,39.76,40.23
QQQ,2026-09-23,2026-10-30,C,709.0,231,5,0.2546766427612305,41.78,38.74,39.3
QQQ,2026-09-23,2026-10-30,C,710.0,916,21,0.24985491363525392,38.45,38.0,38.24
QQQ,2026-09-23,2026-10-30,C,711.0,232,1,0.24825275680541992,39.63,37.17,37.45
QQQ,2026-09-23,2026-10-30,C,712.0,305,10,0.24683370361328127,39.39,36.41,36.68
QQQ,2026-09-23,2026-10-30,C,713.0,168,2,0.24536887451171874,38.75,35.62,35.91
QQQ,2026-09-23,2026-10-30,C,714.0,431,14,0.24454490814208985,40.58,34.87,35.2
QQQ,2026-09-23,2026-10-30,C,715.0,694,2,0.24225611267089842,33.94,34.24,34.37
QQQ,2026-09-23,2026-10-30,C,716.0,405,12,0.24039455902099605,35.13,33.4,33.58
QQQ,2026-09-23,2026-10-30,C,717.0,398,1,0.2395095581054687,33.06,32.72,32.88
QQQ,2026-09-23,2026-10-30,C,718.0,474,6,0.23809050491333006,32.8,31.97,32.14
QQQ,2026-09-23,2026-10-30,C,719.0,384,4,0.2368392967224121,39.4,31.26,31.42
QQQ,2026-09-23,2026-10-30,C,720.0,1774,12,0.23450472534179687,31.08,30.45,30.61
QQQ,2026-09-23,2026-10-30,C,721.0,384,4,0.2338028280639648,29.66,29.79,29.95
QQQ,2026-09-23,2026-10-30,C,722.0,386,5,0.23191075714111326,29.53,29.06,29.19
QQQ,2026-09-23,2026-10-30,C,723.0,485,2,0.23075110076904298,33.2,28.34,28.5
QQQ,2026-09-23,2026-10-30,C,724.0,159,7,0.229499892578125,30.68,27.65,27.81
QQQ,2026-09-23,2026-10-30,C,725.0,564,14,0.2284165293884277,26.96,27.0,27.14
QQQ,2026-09-23,2026-10-30,C,726.0,373,5,0.22736368347167968,26.41,26.33,26.48
QQQ,2026-09-23,2026-10-30,C,727.0,380,1,0.22623454437255858,24.53,25.67,25.82
QQQ,2026-09-23,2026-10-30,C,728.0,397,2,0.22504437072753902,25.21,25.03,25.16
QQQ,2026-09-23,2026-10-30,C,729.0,522,1,0.22321333435058593,25.57,24.32,24.45
QQQ,2026-09-23,2026-10-30,C,730.0,2689,51,0.22208419525146478,23.98,23.69,23.81
QQQ,2026-09-23,2026-10-30,C,731.0,252,5,0.22077195251464843,22.94,23.02,23.16
QQQ,2026-09-23,2026-10-30,C,732.0,215,8,0.21991746887207028,22.88,22.41,22.56
QQQ,2026-09-23,2026-10-30,C,733.0,142,3,0.21834582931518554,22.21,21.76,21.9
QQQ,2026-09-23,2026-10-30,C,734.0,89,15,0.21732350067138673,21.57,21.17,21.3
QQQ,2026-09-23,2026-10-30,C,735.0,1288,338,0.21656056884765623,20.59,20.6,20.73
QQQ,2026-09-23,2026-10-30,C,736.0,178,44,0.2147447911071777,20.24,19.95,20.07
QQQ,2026-09-23,2026-10-30,C,737.0,171,42,0.2140276351928711,20.0,19.42,19.52
QQQ,2026-09-23,2026-10-30,C,738.0,268,44,0.21268487518310547,19.12,18.8,18.92
QQQ,2026-09-23,2026-10-30,C,739.0,261,8,0.21157099472045893,18.84,18.22,18.35
QQQ,2026-09-23,2026-10-30,C,740.0,2403,519,0.2108080628967285,18.07,17.73,17.82
QQQ,2026-09-23,2026-10-30,C,741.0,317,27,0.2095263374328613,17.32,17.13,17.25
QQQ,2026-09-23,2026-10-30,C,742.0,400,18,0.2082598706054687,17.24,16.61,16.69
QQQ,2026-09-23,2026-10-30,C,743.0,416,10,0.2075579733276367,16.32,16.07,16.19
QQQ,2026-09-23,2026-10-30,C,744.0,852,3,0.20676452423095698,15.79,15.61,15.69
QQQ,2026-09-23,2026-10-30,C,745.0,1102,82,0.20586426467895508,15.48,15.1,15.19
QQQ,2026-09-23,2026-10-30,C,746.0,157,21,0.2049945223999023,14.66,14.59,14.7
QQQ,2026-09-23,2026-10-30,C,747.0,154,38,0.20414003875732417,14.31,14.09,14.22
QQQ,2026-09-23,2026-10-30,C,748.0,263,12,0.20296512374877929,13.99,13.62,13.72
QQQ,2026-09-23,2026-10-30,C,749.0,283,3,0.20125615646362305,13.1,13.11,13.18
QQQ,2026-09-23,2026-10-30,C,750.0,4745,2134,0.20110357009887692,12.95,12.71,12.79
QQQ,2026-09-23,2026-10-30,C,751.0,331,64,0.20075262145996092,12.8,12.3,12.39
QQQ,2026-09-23,2026-10-30,C,752.0,136,1,0.19928779235839844,10.93,11.81,11.9
QQQ,2026-09-23,2026-10-30,C,753.0,228,3,0.19873848144531248,11.62,11.38,11.5
QQQ,2026-09-23,2026-10-30,C,754.0,100,7,0.19799080825805665,11.2,11.0,11.09
QQQ,2026-09-23,2026-10-30,C,755.0,2938,50,0.1966633068847656,10.64,10.56,10.64
QQQ,2026-09-23,2026-10-30,C,756.0,4674,12,0.19640391006469726,10.06,10.2,10.29
QQQ,2026-09-23,2026-10-30,C,757.0,129,24,0.19522899505615232,10.17,9.8,9.87
QQQ,2026-09-23,2026-10-30,C,758.0,675,16,0.1945270977783203,9.7,9.44,9.5
QQQ,2026-09-23,2026-10-30,C,759.0,829,27,0.1938252005004883,10.44,9.07,9.14
QQQ,2026-09-23,2026-10-30,C,760.0,4032,98,0.19315382049560548,8.78,8.72,8.79
QQQ,2026-09-23,2026-10-30,C,761.0,252,2,0.19300123413085937,7.95,8.42,8.49
QQQ,2026-09-23,2026-10-30,C,762.0,25,1,0.1922383023071289,8.13,8.08,8.15
QQQ,2026-09-23,2026-10-30,C,763.0,87,50,0.19164321548461916,7.81,7.74,7.83
QQQ,2026-09-23,2026-10-30,C,764.0,45,1,0.19104812866210938,7.75,7.44,7.52
QQQ,2026-09-23,2026-10-30,C,765.0,3286,108,0.18998002410888676,7.18,7.12,7.18
QQQ,2026-09-23,2026-10-30,C,766.0,62,12,0.18982743774414065,6.93,6.86,6.92
QQQ,2026-09-23,2026-10-30,C,767.0,35,6,0.18918657501220704,6.8,6.55,6.63
QQQ,2026-09-23,2026-10-30,C,768.0,70,10,0.18882036773681643,5.76,6.29,6.37
QQQ,2026-09-23,2026-10-30,C,769.0,47,175,0.18796588409423826,6.02,6.0,6.08
QQQ,2026-09-23,2026-10-30,C,770.0,3364,193,0.1875386422729492,5.82,5.78,5.83
QQQ,2026-09-23,2026-10-30,C,771.0,94,1,0.1872945040893555,5.52,5.53,5.6
QQQ,2026-09-23,2026-10-30,C,772.0,171,21,0.18680622772216798,5.4,5.3,5.36
QQQ,2026-09-23,2026-10-30,C,773.0,376,80,0.1859212268066406,4.96,5.04,5.1
QQQ,2026-09-23,2026-10-30,C,774.0,85,9,0.18579915771484373,4.98,4.85,4.9
QQQ,2026-09-23,2026-10-30,C,775.0,1384,138,0.18512777770996092,4.68,4.62,4.67
QQQ,2026-09-23,2026-10-30,C,780.0,3517,92,0.183327258605957,3.73,3.67,3.72
QQQ,2026-09-23,2026-10-30,C,785.0,2449,118,0.18201501586914062,3.1,2.91,2.95
QQQ,2026-09-23,2026-10-30,C,790.0,1369,82,0.18091639404296872,2.33,2.28,2.32
QQQ,2026-09-23,2026-10-30,C,795.0,1031,62,0.18079432495117187,1.92,1.8,1.84
QQQ,2026-09-23,2026-10-30,C,800.0,1523,89,0.18128260131835935,1.45,1.43,1.47
QQQ,2026-09-23,2026-10-30,C,805.0,566,35,0.18116053222656248,1.14,1.12,1.15
QQQ,2026-09-23,2026-10-30,C,810.0,745,25,0.18256432678222656,0.92,0.9,0.93
QQQ,2026-09-23,2026-10-30,C,815.0,288,52,0.1829915686035156,0.72,0.7,0.73
QQQ,2026-09-23,2026-10-30,C,820.0,802,2,0.18457846679687498,0.52,0.55,0.59
QQQ,2026-09-23,2026-10-30,C,825.0,709,6,0.18567708862304685,0.42,0.45,0.47
QQQ,2026-09-23,2026-10-30,C,830.0,815,10,0.18738605590820312,0.36,0.35,0.38
QQQ,2026-09-23,2026-10-30,C,835.0,284,61,0.18836260864257812,0.3,0.28,0.3
QQQ,2026-09-23,2026-10-30,C,840.0,420,21,0.19080399047851562,0.24,0.22,0.25
QQQ,2026-09-23,2026-10-30,C,845.0,208,47,0.19336744140625,0.2,0.18,0.21
QQQ,2026-09-23,2026-10-30,C,850.0,581,1,0.19507640869140624,0.14,0.14,0.17
QQQ,2026-09-23,2026-10-30,C,855.0,155,113,0.19702951416015624,0.19,0.11,0.14
QQQ,2026-09-23,2026-10-30,C,860.0,144,1,0.1977619287109375,0.18,0.08,0.11
QQQ,2026-09-23,2026-10-30,C,865.0,145,10,0.20215641601562498,0.09,0.06,0.1
QQQ,2026-09-23,2026-10-30,C,870.0,232,1,0.20313296874999998,0.07,0.05,0.08
QQQ,2026-09-23,2026-10-30,C,875.0,158,6,0.20655090332031245,0.09,0.04,0.07
QQQ,2026-09-23,2026-10-30,C,880.0,16,6,0.20899228515624996,0.07,0.03,0.06
QQQ,2026-09-23,2026-10-30,C,890.0,72,20,0.21680470703125,0.02,0.02,0.05
QQQ,2026-09-23,2026-10-30,C,895.0,9,100,0.22266402343749997,0.02,0.01,0.05
QQQ,2026-09-23,2026-10-30,C,900.0,48,1,0.22364057617187497,0.01,0.01,0.04
QQQ,2026-09-23,2026-10-30,P,470.0,461,11,0.5444381494140625,0.15,0.14,0.17
QQQ,2026-09-23,2026-10-30,P,475.0,21,2,0.5361374511718751,0.15,0.15,0.18
QQQ,2026-09-23,2026-10-30,P,480.0,78,6,0.5283250292968751,0.17,0.16,0.19
QQQ,2026-09-23,2026-10-30,P,485.0,322,76,0.5224657128906249,0.21,0.18,0.21
QQQ,2026-09-23,2026-10-30,P,490.0,115,30,0.5136767382812499,0.19,0.19,0.22
QQQ,2026-09-23,2026-10-30,P,495.0,92,20,0.507817421875,0.21,0.21,0.24
QQQ,2026-09-23,2026-10-30,P,500.0,595,24,0.500005,0.23,0.23,0.25
QQQ,2026-09-23,2026-10-30,P,505.0,71,6,0.495122236328125,0.24,0.24,0.27
QQQ,2026-09-23,2026-10-30,P,510.0,83,60,0.48779809082031256,0.27,0.26,0.29
QQQ,2026-09-23,2026-10-30,P,515.0,41,10,0.48413601806640627,0.29,0.29,0.33
QQQ,2026-09-23,2026-10-30,P,520.0,282,1,0.4760794580078125,0.3,0.31,0.35
QQQ,2026-09-23,2026-10-30,P,525.0,96,1,0.4643608251953125,0.3,0.33,0.35
QQQ,2026-09-23,2026-10-30,P,530.0,114,42,0.45752495605468757,0.31,0.36,0.38
QQQ,2026-09-23,2026-10-30,P,535.0,270,102,0.4489801196289062,0.36,0.37,0.4
QQQ,2026-09-23,2026-10-30,P,540.0,219,4,0.4401911450195312,0.38,0.4,0.42
QQQ,2026-09-23,2026-10-30,P,545.0,1023,2,0.43408769042968753,0.43,0.43,0.46
QQQ,2026-09-23,2026-10-30,P,550.0,587,1,0.42627526855468756,0.48,0.46,0.49
QQQ,2026-09-23,2026-10-30,P,555.0,72,42,0.41699801757812494,0.49,0.48,0.51
QQQ,2026-09-23,2026-10-30,P,560.0,244,22,0.40869731933593745,0.54,0.51,0.54
QQQ,2026-09-23,2026-10-30,P,565.0,221,40,0.401373173828125,0.57,0.55,0.58
QQQ,2026-09-23,2026-10-30,P,570.0,228,56,0.39380489013671877,0.57,0.59,0.62
QQQ,2026-09-23,2026-10-30,P,575.0,345,1,0.3857483300781249,0.67,0.63,0.66
QQQ,2026-09-23,2026-10-30,P,580.0,472,52,0.37756970092773434,0.67,0.67,0.7
QQQ,2026-09-23,2026-10-30,P,585.0,374,3,0.3715883154296875,0.72,0.73,0.77
QQQ,2026-09-23,2026-10-30,P,590.0,1635,104,0.3635317553710938,0.79,0.79,0.82
QQQ,2026-09-23,2026-10-30,P,595.0,202,19,0.35596347167968745,0.87,0.84,0.88
QQQ,2026-09-23,2026-10-30,P,600.0,1925,5,0.3474186352539062,0.93,0.91,0.93
QQQ,2026-09-23,2026-10-30,P,601.0,96,1,0.34570966796874997,0.95,0.92,0.94
QQQ,2026-09-23,2026-10-30,P,602.0,47,6,0.34448897705078124,0.83,0.93,0.96
QQQ,2026-09-23,2026-10-30,P,603.0,36,1,0.34339035522460937,0.85,0.95,0.98
QQQ,2026-09-23,2026-10-30,P,604.0,60,1,0.3415593188476562,0.98,0.96,0.99
QQQ,2026-09-23,2026-10-30,P,605.0,208,1,0.3404606970214844,0.98,0.98,1.01
QQQ,2026-09-23,2026-10-30,P,606.0,87,1,0.33801931518554684,0.89,0.98,1.01
QQQ,2026-09-23,2026-10-30,P,607.0,73,4,0.33740896972656254,3.01,1.01,1.04
QQQ,2026-09-23,2026-10-30,P,608.0,20,6,0.334967587890625,1.01,1.01,1.04
QQQ,2026-09-23,2026-10-30,P,609.0,66,2,0.33374689697265625,0.96,1.03,1.06
QQQ,2026-09-23,2026-10-30,P,610.0,1576,1,0.3319158605957031,1.05,1.05,1.07
QQQ,2026-09-23,2026-10-30,P,611.0,16,1,0.3305731005859375,1.78,1.05,1.09
QQQ,2026-09-23,2026-10-30,P,612.0,177,1,0.3298406860351562,1.09,1.09,1.12
QQQ,2026-09-23,2026-10-30,P,613.0,107,2,0.32739930419921875,0.98,1.09,1.12
QQQ,2026-09-23,2026-10-30,P,614.0,64,12,0.3266668896484375,1.07,1.12,1.15
QQQ,2026-09-23,2026-10-30,P,615.0,223,1,0.32581240600585937,1.24,1.15,1.18
QQQ,2026-09-23,2026-10-30,P,616.0,201,1,0.3238593005371093,1.11,1.16,1.19
QQQ,2026-09-23,2026-10-30,P,617.0,157,20,0.3223944714355468,1.91,1.18,1.21
QQQ,2026-09-23,2026-10-30,P,618.0,164,8,0.3210517114257812,1.11,1.2,1.23
QQQ,2026-09-23,2026-10-30,P,619.0,61,2,0.31958688232421867,1.09,1.22,1.25
QQQ,2026-09-23,2026-10-30,P,620.0,595,101,0.3171455004882812,1.22,1.22,1.25
QQQ,2026-09-23,2026-10-30,P,621.0,104,2,0.3165961895751953,1.26,1.26,1.29
QQQ,2026-09-23,2026-10-30,P,622.0,116,1,0.31555860229492183,1.11,1.29,1.32
QQQ,2026-09-23,2026-10-30,P,623.0,207,1,0.3136054968261719,1.28,1.3,1.33
QQQ,2026-09-23,2026-10-30,P,624.0,21,1,0.31201859863281245,1.16,1.32,1.35
QQQ,2026-09-23,2026-10-30,P,625.0,668,6,0.3104317004394531,1.33,1.35,1.37
QQQ,2026-09-23,2026-10-30,P,626.0,18,1,0.30933307861328124,1.38,1.38,1.4
QQQ,2026-09-23,2026-10-30,P,627.0,71,2,0.30823445678710937,1.35,1.4,1.43
QQQ,2026-09-23,2026-10-30,P,628.0,47,2,0.3065865240478516,1.46,1.42,1.45
QQQ,2026-09-23,2026-10-30,P,629.0,27,2,0.30536583312988286,1.44,1.45,1.48
QQQ,2026-09-23,2026-10-30,P,630.0,1353,4,0.3032906585693359,1.45,1.47,1.49
QQQ,2026-09-23,2026-10-30,P,631.0,75,2,0.30121548400878906,1.5,1.48,1.5
QQQ,2026-09-23,2026-10-30,P,632.0,68,1,0.3011544494628906,1.31,1.53,1.56
QQQ,2026-09-23,2026-10-30,P,633.0,101,1,0.29944548217773437,1.35,1.55,1.58
QQQ,2026-09-23,2026-10-30,P,634.0,112,31,0.297736514892578,1.5,1.57,1.6
QQQ,2026-09-23,2026-10-30,P,635.0,365,24,0.2963937548828125,1.52,1.61,1.63
QQQ,2026-09-23,2026-10-30,P,636.0,295,1,0.2942575457763671,1.68,1.62,1.64
QQQ,2026-09-23,2026-10-30,P,637.0,386,343,0.2940134075927734,1.44,1.67,1.7
QQQ,2026-09-23,2026-10-30,P,638.0,98,134,0.29224340576171864,1.48,1.69,1.72
QQQ,2026-09-23,2026-10-30,P,639.0,64,2,0.29114478393554677,1.72,1.73,1.76
QQQ,2026-09-23,2026-10-30,P,640.0,8252,20,0.28967995483398434,1.74,1.76,1.79
QQQ,2026-09-23,2026-10-30,P,641.0,140,1,0.28888650573730457,1.66,1.8,1.84
QQQ,2026-09-23,2026-10-30,P,642.0,49,3,0.2873606420898437,1.7,1.83,1.87
QQQ,2026-09-23,2026-10-30,P,643.0,556,500,0.2854685711669921,1.6,1.85,1.89
QQQ,2026-09-23,2026-10-30,P,644.0,51,1,0.28394270751953116,1.78,1.89,1.92
QQQ,2026-09-23,2026-10-30,P,645.0,884,33,0.2819896020507812,1.9,1.92,1.94
QQQ,2026-09-23,2026-10-30,P,646.0,56,2,0.28137925659179686,2.0,1.97,2.0
QQQ,2026-09-23,2026-10-30,P,647.0,61,1,0.2797923583984374,1.95,2.0,2.03
QQQ,2026-09-23,2026-10-30,P,648.0,150,7,0.27875477111816405,1.93,2.05,2.08
QQQ,2026-09-23,2026-10-30,P,649.0,360,6,0.27771718383789057,2.07,2.1,2.13
QQQ,2026-09-23,2026-10-30,P,650.0,4406,32,0.2763133892822265,2.09,2.14,2.17
QQQ,2026-09-23,2026-10-30,P,651.0,179,3,0.27399407653808594,2.0,2.16,2.18
QQQ,2026-09-23,2026-10-30,P,652.0,138,3,0.273444765625,2.06,2.22,2.25
QQQ,2026-09-23,2026-10-30,P,653.0,89,1,0.27197993652343744,2.18,2.26,2.29
QQQ,2026-09-23,2026-10-30,P,654.0,169,1,0.27020993469238286,2.28,2.3,2.32
QQQ,2026-09-23,2026-10-30,P,655.0,6237,22,0.26923338195800783,2.34,2.35,2.38
QQQ,2026-09-23,2026-10-30,P,656.0,124,3,0.26853148468017574,2.45,2.41,2.45
QQQ,2026-09-23,2026-10-30,P,657.0,105,18,0.26636475830078127,2.41,2.44,2.47
QQQ,2026-09-23,2026-10-30,P,658.0,117,32,0.2647778601074219,2.3,2.49,2.51
QQQ,2026-09-23,2026-10-30,P,659.0,499,5,0.26367923828125,2.51,2.55,2.57
QQQ,2026-09-23,2026-10-30,P,660.0,7066,175,0.26306889282226564,2.61,2.62,2.65
QQQ,2026-09-23,2026-10-30,P,661.0,109,11,0.2611157873535156,2.42,2.66,2.68
QQQ,2026-09-23,2026-10-30,P,662.0,352,4,0.26044440734863283,2.66,2.72,2.76
QQQ,2026-09-23,2026-10-30,P,663.0,249,1,0.25843026733398444,2.77,2.76,2.79
QQQ,2026-09-23,2026-10-30,P,664.0,121,7,0.2581556118774414,2.87,2.85,2.89
QQQ,2026-09-23,2026-10-30,P,665.0,2229,29,0.256843369140625,2.8,2.91,2.95
QQQ,2026-09-23,2026-10-30,P,666.0,119,1,0.25547009185791025,2.97,2.97,3.01
QQQ,2026-09-23,2026-10-30,P,667.0,344,12,0.2540968145751954,3.0,3.04,3.07
QQQ,2026-09-23,2026-10-30,P,668.0,191,7,0.2524488818359375,3.08,3.08,3.12
QQQ,2026-09-23,2026-10-30,P,669.0,129,33,0.25119767364501955,2.86,3.16,3.19
QQQ,2026-09-23,2026-10-30,P,670.0,3270,48,0.2503737072753906,3.16,3.24,3.28
QQQ,2026-09-23,2026-10-30,P,671.0,215,14,0.24909198181152342,3.14,3.31,3.35
QQQ,2026-09-23,2026-10-30,P,672.0,224,33,0.24793232543945312,3.11,3.39,3.43
QQQ,2026-09-23,2026-10-30,P,673.0,85,23,0.2465590481567383,3.36,3.46,3.5
QQQ,2026-09-23,2026-10-30,P,674.0,114,7,0.24555197814941404,3.39,3.55,3.59
QQQ,2026-09-23,2026-10-30,P,675.0,2299,28,0.24408714904785156,3.52,3.62,3.66
QQQ,2026-09-23,2026-10-30,P,676.0,2137,126,0.24280542358398435,3.5,3.71,3.74
QQQ,2026-09-23,2026-10-30,P,677.0,184,3,0.24167628448486328,3.72,3.79,3.83
QQQ,2026-09-23,2026-10-30,P,678.0,225,11,0.24048611083984373,3.83,3.87,3.92
QQQ,2026-09-23,2026-10-30,P,679.0,194,4,0.23908231628417967,4.1,3.97,4.0
QQQ,2026-09-23,2026-10-30,P,680.0,21384,241,0.2381973153686523,3.98,4.06,4.11
QQQ,2026-09-23,2026-10-30,P,681.0,229,6,0.23688507263183595,4.07,4.16,4.2
QQQ,2026-09-23,2026-10-30,P,682.0,128,2,0.23590851989746092,4.07,4.26,4.31
QQQ,2026-09-23,2026-10-30,P,683.0,97,2,0.23450472534179687,4.32,4.35,4.4
QQQ,2026-09-23,2026-10-30,P,684.0,116,1,0.2335892071533203,4.41,4.46,4.52
QQQ,2026-09-23,2026-10-30,P,685.0,4522,100,0.23209386077880856,4.51,4.55,4.61
QQQ,2026-09-23,2026-10-30,P,686.0,600,9,0.23075110076904298,4.5,4.66,4.71
QQQ,2026-09-23,2026-10-30,P,687.0,156,2,0.2296829962158203,4.67,4.79,4.83
QQQ,2026-09-23,2026-10-30,P,688.0,314,2,0.22858437438964846,4.87,4.89,4.95
QQQ,2026-09-23,2026-10-30,P,689.0,269,11,0.22724161437988277,4.93,4.99,5.06
QQQ,2026-09-23,2026-10-30,P,690.0,5498,182,0.22605144073486327,5.07,5.14,5.18
QQQ,2026-09-23,2026-10-30,P,691.0,118,36,0.22528850891113278,4.68,5.28,5.33
QQQ,2026-09-23,2026-10-30,P,692.0,650,86,0.22394574890136715,4.96,5.39,5.45
QQQ,2026-09-23,2026-10-30,P,693.0,201,9,0.22290816162109373,5.48,5.53,5.59
QQQ,2026-09-23,2026-10-30,P,694.0,114,6,0.22180953979492185,4.68,5.67,5.73
QQQ,2026-09-23,2026-10-30,P,695.0,5425,67,0.22049729705810545,5.65,5.8,5.86
QQQ,2026-09-23,2026-10-30,P,696.0,366,6,0.21912401977539062,5.78,5.93,5.99
QQQ,2026-09-23,2026-10-30,P,697.0,123,33,0.2181474670410156,5.98,6.1,6.15
QQQ,2026-09-23,2026-10-30,P,698.0,258,3,0.21695729339599606,6.24,6.25,6.3
QQQ,2026-09-23,2026-10-30,P,699.0,212,45,0.21588918884277342,6.28,6.4,6.46
QQQ,2026-09-23,2026-10-30,P,700.0,23335,326,0.21472953247070312,6.53,6.57,6.62
QQQ,2026-09-23,2026-10-30,P,701.0,261,10,0.2135088415527344,6.5,6.72,6.78
QQQ,2026-09-23,2026-10-30,P,702.0,927,19,0.21253228881835937,6.68,6.89,6.96
QQQ,2026-09-23,2026-10-30,P,703.0,340,4,0.21134211517333978,6.72,7.07,7.13
QQQ,2026-09-23,2026-10-30,P,704.0,220,10,0.21009090698242186,7.06,7.24,7.3
QQQ,2026-09-23,2026-10-30,P,705.0,1254,68,0.20917538879394526,7.4,7.43,7.5
QQQ,2026-09-23,2026-10-30,P,706.0,485,6,0.20807676696777339,7.46,7.62,7.69
QQQ,2026-09-23,2026-10-30,P,707.0,1483,21,0.20676452423095698,7.54,7.8,7.87
QQQ,2026-09-23,2026-10-30,P,708.0,1360,44,0.20565064376831055,7.8,8.01,8.07
QQQ,2026-09-23,2026-10-30,P,709.0,363,1,0.20471986694335934,8.75,8.22,8.29
QQQ,2026-09-23,2026-10-30,P,710.0,12296,63,0.2033465896606445,8.45,8.4,8.48
QQQ,2026-09-23,2026-10-30,P,711.0,517,1,0.20230900238037108,8.6,8.63,8.7
QQQ,2026-09-23,2026-10-30,P,712.0,408,2,0.20117986328124998,8.59,8.85,8.92
QQQ,2026-09-23,2026-10-30,P,713.0,644,9,0.2000812414550781,8.78,9.08,9.15
QQQ,2026-09-23,2026-10-30,P,714.0,341,6,0.19919624053955076,9.27,9.33,9.4
QQQ,2026-09-23,2026-10-30,P,715.0,2221,114,0.19808236007690427,9.34,9.56,9.64
QQQ,2026-09-23,2026-10-30,P,716.0,936,8,0.19678537597656248,9.79,9.8,9.87
QQQ,2026-09-23,2026-10-30,P,717.0,756,9,0.1959003750610352,9.81,10.07,10.14
QQQ,2026-09-23,2026-10-30,P,718.0,464,24,0.1945576150512695,10.26,10.32,10.38
QQQ,2026-09-23,2026-10-30,P,719.0,819,4,0.19304701004028318,10.31,10.52,10.61
QQQ,2026-09-23,2026-10-30,P,720.0,5589,170,0.1926045095825195,10.9,10.86,10.94
QQQ,2026-09-23,2026-10-30,P,721.0,316,7,0.19162795684814454,11.05,11.14,11.23
QQQ,2026-09-23,2026-10-30,P,722.0,371,15,0.1901020932006836,11.45,11.4,11.48
QQQ,2026-09-23,2026-10-30,P,723.0,424,9,0.1890797645568848,11.49,11.68,11.78
QQQ,2026-09-23,2026-10-30,P,724.0,248,11,0.18817950500488279,11.77,12.02,12.1
QQQ,2026-09-23,2026-10-30,P,725.0,2139,49,0.18677571044921876,12.18,12.31,12.38
QQQ,2026-09-23,2026-10-30,P,726.0,1349,12,0.18581441635131835,12.39,12.61,12.71
QQQ,2026-09-23,2026-10-30,P,727.0,821,68,0.18488363952636716,11.52,12.95,13.05
QQQ,2026-09-23,2026-10-30,P,728.0,288,83,0.1836324313354492,12.02,13.3,13.37
QQQ,2026-09-23,2026-10-30,P,729.0,282,7,0.18274743041992186,13.22,13.62,13.73
QQQ,2026-09-23,2026-10-30,P,730.0,5368,247,0.18164880859375,13.87,13.98,14.08
QQQ,2026-09-23,2026-10-30,P,731.0,228,26,0.1804586349487305,14.09,14.32,14.43
QQQ,2026-09-23,2026-10-30,P,732.0,132,4,0.18004665176391604,14.63,14.73,14.86
QQQ,2026-09-23,2026-10-30,P,733.0,134,1,0.1788717367553711,15.85,15.12,15.23
QQQ,2026-09-23,2026-10-30,P,734.0,102,10,0.17762052856445312,15.34,15.51,15.6
QQQ,2026-09-23,2026-10-30,P,735.0,5350,381,0.1763693203735352,15.79,15.88,15.98
QQQ,2026-09-23,2026-10-30,P,736.0,302,132,0.17543854354858396,16.05,16.3,16.4
QQQ,2026-09-23,2026-10-30,P,737.0,280,230,0.17452302536010744,16.52,16.71,16.83
QQQ,2026-09-23,2026-10-30,P,738.0,217,100,0.1739279385375977,16.94,17.17,17.3
QQQ,2026-09-23,2026-10-30,P,739.0,249,46,0.17247836807250982,17.19,17.61,17.7
QQQ,2026-09-23,2026-10-30,P,740.0,3749,108,0.1715628498840332,17.74,18.05,18.16
QQQ,2026-09-23,2026-10-30,P,741.0,115,24,0.17107457351684574,18.26,18.52,18.67
QQQ,2026-09-23,2026-10-30,P,742.0,348,10,0.16950293395996097,19.0,18.94,19.09
QQQ,2026-09-23,2026-10-30,P,743.0,257,1,0.16858741577148442,20.18,19.45,19.58
QQQ,2026-09-23,2026-10-30,P,744.0,364,1,0.16797707031250003,19.86,19.97,20.11
QQQ,2026-09-23,2026-10-30,P,745.0,642,60,0.16683267257690432,20.06,20.45,20.6
QQQ,2026-09-23,2026-10-30,P,746.0,234,27,0.165673016204834,20.78,20.95,21.1
QQQ,2026-09-23,2026-10-30,P,747.0,92,5,0.16405560073852543,21.74,21.43,21.57
QQQ,2026-09-23,2026-10-30,P,748.0,39,1,0.16431499755859375,22.06,22.05,22.22
QQQ,2026-09-23,2026-10-30,P,749.0,132,26,0.16223982299804687,19.96,22.52,22.67
QQQ,2026-09-23,2026-10-30,P,750.0,878,122,0.16101913208007812,22.52,23.06,23.21
QQQ,2026-09-23,2026-10-30,P,751.0,89,9,0.16024094161987307,20.98,23.64,23.8
QQQ,2026-09-23,2026-10-30,P,752.0,88,23,0.15909654388427735,21.52,24.2,24.37
QQQ,2026-09-23,2026-10-30,P,753.0,1,0,0.1583030947875977,48.23,24.81,24.98
QQQ,2026-09-23,2026-10-30,P,754.0,23,2,0.15749438705444335,21.59,25.43,25.6
QQQ,2026-09-23,2026-10-30,P,755.0,104,1,0.1565483515930176,26.54,26.05,26.22
QQQ,2026-09-23,2026-10-30,P,756.0,274,276,0.15583119567871095,24.88,26.7,26.87
QQQ,2026-09-23,2026-10-30,P,757.0,8,6,0.15424429748535157,24.78,27.28,27.46
QQQ,2026-09-23,2026-10-30,P,758.0,4,1,0.15348136566162113,25.61,27.95,28.13
QQQ,2026-09-23,2026-10-30,P,759.0,1,0,0.1516808465576172,25.0,28.56,28.73
QQQ,2026-09-23,2026-10-30,P,760.0,450,125,0.15076532836914067,29.72,29.23,29.41
QQQ,2026-09-23,2026-10-30,P,765.0,99,6,0.14576049560546872,29.78,32.67,32.95
QQQ,2026-09-23,2026-10-30,P,766.0,78,0,0.1447229083251953,26.75,33.39,33.69
QQQ,2026-09-23,2026-10-30,P,767.0,3,1,0.14350221740722657,33.71,34.09,34.43
QQQ,2026-09-23,2026-10-30,P,768.0,1,0,0.14643187561035154,31.59,34.79,35.44
QQQ,2026-09-23,2026-10-30,P,769.0,1,0,0.1420068710327148,32.32,35.62,36.0
QQQ,2026-09-23,2026-10-30,P,770.0,839,1,0.14365480377197265,35.73,36.43,36.94
QQQ,2026-09-23,2026-10-30,P,774.0,1,0,0.13556772644042972,32.86,39.54,39.96
QQQ,2026-09-23,2026-10-30,P,775.0,189,7,0.1344080700683594,32.46,40.34,40.79
QQQ,2026-09-23,2026-10-30,P,780.0,7,1,0.12644306182861326,37.0,44.53,45.02
QQQ,2026-09-23,2026-10-30,P,785.0,73,68,0.11402253173828125,49.03,48.85,49.42
QQQ,2026-09-23,2026-10-30,P,790.0,31,31,0.08789974609375001,46.02,53.5,54.04
QQQ,2026-09-23,2026-10-30,P,795.0,53,64,0.10596597167968749,54.22,56.32,59.1
QQQ,2026-09-23,2026-10-30,P,800.0,102,3,0.14234256103515625,58.94,61.48,64.45
QQQ,2026-09-23,2026-10-30,P,805.0,0,1,1.0000000000000003e-05,64.38,65.89,68.9
QQQ,2026-09-23,2026-10-30,P,810.0,0,1,0.15699085205078128,71.37,71.31,74.41
QQQ,2026-09-23,2026-10-30,P,815.0,0,3,1.0000000000000003e-05,68.69,76.22,78.99
QQQ,2026-09-23,2026-10-30,P,820.0,0,2,0.17347017944335938,78.69,81.41,84.41
QQQ,2026-09-23,2026-10-30,P,825.0,0,2,1.0000000000000003e-05,83.75,86.01,88.81
QQQ,2026-09-23,2026-10-30,P,830.0,0,2,1.0000000000000003e-05,88.61,90.92,93.99
QQQ,2026-09-23,2026-10-30,P,835.0,0,2,1.0000000000000003e-05,93.56,96.15,98.99
QQQ,2026-09-23,2026-10-30,P,840.0,1,2,0.2181474670410156,98.62,101.41,104.6
QQQ,2026-09-23,2026-10-30,P,845.0,0,2,0.22620402709960938,103.62,106.41,109.6
QQQ,2026-09-23,2026-10-30,P,850.0,0,2,0.20508607421874997,139.91,111.13,114.25
QQQ,2026-09-23,2026-10-30,P,855.0,0,178,1.0000000000000003e-05,129.88,0.0,0.0
QQQ,2026-09-23,2026-10-30,P,860.0,0,3,0.2679516564941406,154.37,121.37,124.91
QQQ,2026-09-23,2026-10-30,P,865.0,0,0,0.22632609619140626,159.37,125.88,129.25
QQQ,2026-09-23,2026-10-30,P,870.0,1,1,0.28003649658203117,122.48,131.39,134.84
QQQ,2026-09-23,2026-10-30,P,875.0,0,1,0.25708750732421876,127.5,135.83,139.41
QQQ,2026-09-23,2026-10-30,P,885.0,0,0,0.25196060546875,179.35,145.88,149.24
QQQ,2026-09-23,2026-11-20,C,350.0,3,1,1.0929610781860353,368.66,388.55,391.27
QQQ,2026-09-23,2026-11-20,C,360.0,1,1,1.0000000000000003e-05,316.78,359.33,363.02
QQQ,2026-09-23,2026-11-20,C,365.0,1,0,1.0460863125610356,353.51,373.67,376.45
QQQ,2026-09-23,2026-11-20,C,370.0,38,39,1.0322314013671878,352.21,368.76,371.52
QQQ,2026-09-23,2026-11-20,C,380.0,6,1,1.00275156829834,364.08,358.79,361.72
QQQ,2026-09-23,2026-11-20,C,390.0,0,0,1.0000000000000003e-05,330.02,0.0,0.0
QQQ,2026-09-23,2026-11-20,C,400.0,11,1,0.9320075158691408,344.26,338.96,341.42
QQQ,2026-09-23,2026-11-20,C,405.0,1,0,0.923950955810547,316.12,334.0,336.76
QQQ,2026-09-23,2026-11-20,C,410.0,6,5,0.9149178430175782,311.7,329.05,332.05
QQQ,2026-09-23,2026-11-20,C,420.0,4,3,0.874879180908203,324.65,319.13,321.6
QQQ,2026-09-23,2026-11-20,C,425.0,5,5,0.8607802008056642,293.61,314.18,316.63
QQQ,2026-09-23,2026-11-20,C,430.0,4,1,0.8483901879882811,314.58,309.23,311.74
QQQ,2026-09-23,2026-11-20,C,435.0,0,1,1.0000000000000003e-05,295.15,0.0,0.0
QQQ,2026-09-23,2026-11-20,C,440.0,11,11,0.8301408587646484,278.65,299.32,302.31
QQQ,2026-09-23,2026-11-20,C,445.0,1,0,0.8127460131835937,260.41,294.37,297.15
QQQ,2026-09-23,2026-11-20,C,450.0,0,1,1.0000000000000003e-05,267.98,0.0,0.0
QQQ,2026-09-23,2026-11-20,C,455.0,0,0,1.0000000000000003e-05,268.27,0.0,0.0
QQQ,2026-09-23,2026-11-20,C,460.0,50,50,0.7770408038330079,288.0,279.53,282.53
QQQ,2026-09-23,2026-11-20,C,465.0,7,5,0.7543969873046875,257.3,274.58,277.03
QQQ,2026-09-23,2026-11-20,C,480.0,85,4,0.7226590234375,255.33,259.76,262.57
QQQ,2026-09-23,2026-11-20,C,485.0,28,1,0.7063017651367188,224.07,254.82,257.39
QQQ,2026-09-23,2026-11-20,C,490.0,7,1,0.6903107141113283,218.54,249.77,252.33
QQQ,2026-09-23,2026-11-20,C,495.0,27,1,0.6883576086425782,213.29,244.94,247.96
QQQ,2026-09-23,2026-11-20,C,500.0,98,5,0.6697420721435547,245.3,240.01,242.59
QQQ,2026-09-23,2026-11-20,C,505.0,6,5,0.6575961975097657,229.65,235.08,237.65
QQQ,2026-09-23,2026-11-20,C,510.0,78,75,0.6491123956298828,231.61,230.15,232.96
QQQ,2026-09-23,2026-11-20,C,515.0,4,1,0.637271693725586,199.22,225.22,228.04
QQQ,2026-09-23,2026-11-20,C,520.0,6,5,0.6253089227294923,223.29,220.29,223.11
QQQ,2026-09-23,2026-11-20,C,525.0,96,56,0.6138954626464845,216.63,215.37,218.21
QQQ,2026-09-23,2026-11-20,C,530.0,5,1,0.6044351080322268,213.6,210.45,213.46
QQQ,2026-09-23,2026-11-20,C,535.0,1,0,1.0000000000000003e-05,144.01,187.01,190.8
QQQ,2026-09-23,2026-11-20,C,540.0,336,4,0.5780071496582031,209.81,200.62,203.36
QQQ,2026-09-23,2026-11-20,C,545.0,1,0,1.0000000000000003e-05,141.0,177.28,180.92
QQQ,2026-09-23,2026-11-20,C,550.0,26,1,0.5559126440429689,184.3,190.8,193.59
QQQ,2026-09-23,2026-11-20,C,555.0,0,4,1.0000000000000003e-05,176.72,0.0,0.0
QQQ,2026-09-23,2026-11-20,C,560.0,33,12,0.5300950311279298,179.68,181.0,183.48
QQQ,2026-09-23,2026-11-20,C,565.0,19,2,0.5227708856201172,174.79,176.11,178.91
QQQ,2026-09-23,2026-11-20,C,570.0,14,1,0.5131884619140624,174.83,171.12,174.25
QQQ,2026-09-23,2026-11-20,C,575.0,27,3,0.5031482791137696,172.4,166.34,169.35
QQQ,2026-09-23,2026-11-20,C,580.0,12,1,0.5117846673583983,164.27,160.92,163.96
QQQ,2026-09-23,2026-11-20,C,585.0,9,2,0.5064746618652343,160.7,156.6,159.41
QQQ,2026-09-23,2026-11-20,C,590.0,26,3,0.49506120178222657,152.02,151.74,154.54
QQQ,2026-09-23,2026-11-20,C,595.0,4,3,0.4788260125732422,146.02,146.19,149.4
QQQ,2026-09-23,2026-11-20,C,600.0,175,9,0.46793134613037113,145.67,141.29,144.56
QQQ,2026-09-23,2026-11-20,C,605.0,12,3,0.42981527221679694,140.6,137.7,138.17
QQQ,2026-09-23,2026-11-20,C,610.0,95,1,0.42020233123779294,133.44,132.74,133.37
QQQ,2026-09-23,2026-11-20,C,615.0,13,5,0.4102842175292969,132.47,128.09,128.56
QQQ,2026-09-23,2026-11-20,C,620.0,191,1,0.4008848974609375,131.39,123.32,123.79
QQQ,2026-09-23,2026-11-20,C,625.0,29,3,0.39145506011962883,123.83,118.57,119.03
QQQ,2026-09-23,2026-11-20,C,630.0,35,1,0.3860535028076171,114.02,113.91,114.54
QQQ,2026-09-23,2026-11-20,C,635.0,571,1,0.3746400427246094,113.99,108.83,109.68
QQQ,2026-09-23,2026-11-20,C,640.0,243,1,0.3639895144653321,109.0,104.43,104.88
QQQ,2026-09-23,2026-11-20,C,645.0,110,1,0.35871002624511716,99.42,99.98,100.47
QQQ,2026-09-23,2026-11-20,C,650.0,234,11,0.34979898254394526,98.41,95.23,95.83
QQQ,2026-09-23,2026-11-20,C,655.0,47,3,0.3394078511047363,95.1,90.31,91.1
QQQ,2026-09-23,2026-11-20,C,660.0,516,1,0.32968809967041013,86.11,86.02,86.44
QQQ,2026-09-23,2026-11-20,C,665.0,125,3,0.3263311996459961,85.95,81.61,82.32
QQQ,2026-09-23,2026-11-20,C,670.0,228,5,0.3164436032104492,79.44,77.31,77.71
QQQ,2026-09-23,2026-11-20,C,675.0,697,6,0.3060066958618164,76.37,72.68,73.08
QQQ,2026-09-23,2026-11-20,C,680.0,516,2,0.299811689453125,71.45,68.13,68.86
QQQ,2026-09-23,2026-11-20,C,685.0,430,1,0.2942575457763671,65.92,64.37,64.76
QQQ,2026-09-23,2026-11-20,C,690.0,2396,6,0.28472089797973626,60.3,59.93,60.34
QQQ,2026-09-23,2026-11-20,C,695.0,676,8,0.27721364883422844,59.7,55.8,56.17
QQQ,2026-09-23,2026-11-20,C,700.0,2185,1,0.27111019424438476,52.3,51.79,52.21
QQQ,2026-09-23,2026-11-20,C,705.0,2214,5,0.2634656173706055,48.7,47.93,48.17
QQQ,2026-09-23,2026-11-20,C,710.0,3096,102,0.2565687136840821,45.17,44.11,44.29
QQQ,2026-09-23,2026-11-20,C,715.0,2184,4,0.2509993113708496,41.44,40.47,40.65
QQQ,2026-09-23,2026-11-20,C,720.0,11359,38,0.24546042633056642,37.4,36.96,37.12
QQQ,2026-09-23,2026-11-20,C,725.0,6189,18,0.23987576538085933,34.07,33.55,33.7
QQQ,2026-09-23,2026-11-20,C,730.0,15592,203,0.2345810185241699,30.48,30.3,30.44
QQQ,2026-09-23,2026-11-20,C,735.0,1853,26,0.2296829962158203,27.96,27.26,27.36
QQQ,2026-09-23,2026-11-20,C,740.0,6764,61,0.22519695709228515,24.7,24.39,24.47
QQQ,2026-09-23,2026-11-20,C,745.0,3154,51,0.22087876296997067,21.7,21.67,21.75
QQQ,2026-09-23,2026-11-20,C,750.0,16275,245,0.21675893112182615,19.16,19.15,19.21
QQQ,2026-09-23,2026-11-20,C,755.0,3269,40,0.21305108245849608,16.88,16.79,16.88
QQQ,2026-09-23,2026-11-20,C,760.0,27290,301,0.209694182434082,14.67,14.69,14.75
QQQ,2026-09-23,2026-11-20,C,765.0,5535,2047,0.20702392105102535,13.22,12.8,12.86
QQQ,2026-09-23,2026-11-20,C,770.0,18948,1482,0.2039874523925781,11.1,11.03,11.09
QQQ,2026-09-23,2026-11-20,C,775.0,29153,1730,0.20154607055664062,9.74,9.5,9.54
QQQ,2026-09-23,2026-11-20,C,780.0,16196,4180,0.19977606872558595,8.34,8.14,8.2
QQQ,2026-09-23,2026-11-20,C,785.0,2463,18,0.19788399780273438,6.98,6.93,6.99
QQQ,2026-09-23,2026-11-20,C,790.0,11096,72,0.1960834786987305,5.93,5.88,5.92
QQQ,2026-09-23,2026-11-20,C,795.0,1914,57,0.19477123596191404,5.15,4.97,5.01
QQQ,2026-09-23,2026-11-20,C,800.0,10174,169,0.19358106231689454,4.25,4.19,4.22
QQQ,2026-09-23,2026-11-20,C,805.0,2397,72,0.19254347503662111,3.58,3.54,3.54
QQQ,2026-09-23,2026-11-20,C,810.0,2419,112,0.1925739923095703,3.12,2.97,3.01
QQQ,2026-09-23,2026-11-20,C,815.0,977,116,0.1920246813964844,2.58,2.5,2.52
QQQ,2026-09-23,2026-11-20,C,820.0,3698,437,0.192390888671875,2.2,2.1,2.14
QQQ,2026-09-23,2026-11-20,C,825.0,1907,27,0.1922077850341797,1.73,1.76,1.79
QQQ,2026-09-23,2026-11-20,C,830.0,1032,8,0.1925739923095703,1.48,1.48,1.51
QQQ,2026-09-23,2026-11-20,C,835.0,3874,9,0.1931843377685547,1.28,1.25,1.28
QQQ,2026-09-23,2026-11-20,C,840.0,5171,117,0.19373364868164064,1.08,1.06,1.08
QQQ,2026-09-23,2026-11-20,C,845.0,1642,3,0.19391675231933597,0.86,0.87,0.9
QQQ,2026-09-23,2026-11-20,C,850.0,1981,13,0.19507640869140624,0.71,0.74,0.77
QQQ,2026-09-23,2026-11-20,C,855.0,222,3,0.196297099609375,0.66,0.62,0.66
QQQ,2026-09-23,2026-11-20,C,860.0,1228,6,0.19727365234375,0.54,0.52,0.56
QQQ,2026-09-23,2026-11-20,C,865.0,318,21,0.19727365234375,0.54,0.43,0.46
QQQ,2026-09-23,2026-11-20,C,870.0,847,499,0.19898261962890623,0.64,0.37,0.4
QQQ,2026-09-23,2026-11-20,C,875.0,165,10,0.19995917236328126,0.36,0.31,0.34
QQQ,2026-09-23,2026-11-20,C,880.0,2477,901,0.20117986328124998,0.28,0.26,0.29
QQQ,2026-09-23,2026-11-20,C,885.0,268,8,0.2036212451171875,0.38,0.22,0.26
QQQ,2026-09-23,2026-11-20,C,890.0,1174,9,0.2043536596679687,0.21,0.18,0.22
QQQ,2026-09-23,2026-11-20,C,895.0,153,1,0.20581848876953124,0.17,0.16,0.19
QQQ,2026-09-23,2026-11-20,C,900.0,2568,40,0.20801573242187496,0.14,0.13,0.17
QQQ,2026-09-23,2026-11-20,C,905.0,543,1,0.2082598706054687,0.22,0.11,0.14
QQQ,2026-09-23,2026-11-20,C,910.0,837,8,0.20948056152343747,0.24,0.09,0.12
QQQ,2026-09-23,2026-11-20,C,915.0,90,10,0.21192194335937498,0.08,0.08,0.11
QQQ,2026-09-23,2026-11-20,C,920.0,1271,3,0.21436332519531248,0.07,0.07,0.1
QQQ,2026-09-23,2026-11-20,C,925.0,61,2,0.21680470703125,0.19,0.06,0.09
QQQ,2026-09-23,2026-11-20,C,930.0,148,1,0.21875781249999998,0.08,0.05,0.08
QQQ,2026-09-23,2026-11-20,C,935.0,128,4,0.22315229980468748,0.11,0.04,0.08
QQQ,2026-09-23,2026-11-20,C,940.0,1347,80,0.22461712890624996,0.07,0.03,0.07
QQQ,2026-09-23,2026-11-20,C,945.0,68,1,0.22510540527343748,0.07,0.03,0.06
QQQ,2026-09-23,2026-11-20,C,950.0,2480,370,0.229499892578125,0.07,0.03,0.06
QQQ,2026-09-23,2026-11-20,C,955.0,703,500,0.233406103515625,0.04,0.03,0.06
QQQ,2026-09-23,2026-11-20,C,960.0,1139,507,0.233406103515625,0.04,0.02,0.05
QQQ,2026-09-23,2026-11-20,C,965.0,422,1,0.23780059082031246,0.03,0.02,0.05
QQQ,2026-09-23,2026-11-20,C,970.0,884,14,0.242195078125,0.02,0.01,0.05
QQQ,2026-09-23,2026-11-20,C,975.0,565,20,0.2461012890625,0.02,0.01,0.05
QQQ,2026-09-23,2026-11-20,C,980.0,603,20,0.245124736328125,0.02,0.01,0.04
QQQ,2026-09-23,2026-11-20,C,985.0,707,20,0.249030947265625,0.02,0.01,0.04
QQQ,2026-09-23,2026-11-20,C,990.0,374,31,0.252937158203125,0.02,0.01,0.04
QQQ,2026-09-23,2026-11-20,C,995.0,793,20,0.256843369140625,0.02,0.01,0.04
QQQ,2026-09-23,2026-11-20,C,1000.0,16541,5,0.25977302734375,0.03,0.01,0.04
QQQ,2026-09-23,2026-11-20,C,1005.0,7,3,0.26367923828125,0.04,0.0,0.04
QQQ,2026-09-23,2026-11-20,C,1010.0,2,1,0.2617261328125,0.03,0.0,0.03
QQQ,2026-09-23,2026-11-20,C,1015.0,0,0,0.12500875,0.18,0.0,0.0
QQQ,2026-09-23,2026-11-20,C,1020.0,12,2,0.26856200195312496,0.03,0.0,0.03
QQQ,2026-09-23,2026-11-20,C,1025.0,0,0,0.12500875,0.13,0.0,0.0
QQQ,2026-09-23,2026-11-20,C,1030.0,0,1,0.12500875,0.09,0.0,0.0
QQQ,2026-09-23,2026-11-20,C,1035.0,0,0,0.12500875,0.09,0.0,0.0
QQQ,2026-09-23,2026-11-20,C,1040.0,33,80,0.28321029296874994,0.02,0.0,0.03
QQQ,2026-09-23,2026-11-20,C,1045.0,45,80,0.28711650390624993,0.02,0.0,0.03
QQQ,2026-09-23,2026-11-20,C,1050.0,0,4,0.12500875,0.04,0.0,0.0
QQQ,2026-09-23,2026-11-20,C,1055.0,0,5,0.12500875,0.11,0.0,0.0
QQQ,2026-09-23,2026-11-20,C,1060.0,0,10,0.12500875,0.05,0.0,0.0
QQQ,2026-09-23,2026-11-20,C,1065.0,2,0,0.31445998046874996,0.14,0.0,0.05
QQQ,2026-09-23,2026-11-20,C,1070.0,0,305,0.12500875,0.05,0.0,0.0
QQQ,2026-09-23,2026-11-20,C,1075.0,0,10,0.12500875,0.06,0.0,0.0
QQQ,2026-09-23,2026-11-20,C,1080.0,2023,1,0.31055376953124997,0.02,0.0,0.03
QQQ,2026-09-23,2026-11-20,C,1085.0,27864,6,0.31445998046874996,0.03,0.0,0.03
QQQ,2026-09-23,2026-11-20,P,350.0,1395,11,0.64648791015625,0.08,0.07,0.08
QQQ,2026-09-23,2026-11-20,P,355.0,226,20,0.6425816992187501,0.08,0.08,0.09
QQQ,2026-09-23,2026-11-20,P,360.0,433,1,0.637698935546875,0.1,0.08,0.11
QQQ,2026-09-23,2026-11-20,P,365.0,247,1,0.6289099609375001,0.1,0.09,0.11
QQQ,2026-09-23,2026-11-20,P,370.0,396,2,0.624027197265625,0.1,0.1,0.12
QQQ,2026-09-23,2026-11-20,P,375.0,165,10,0.6152382226562501,0.13,0.11,0.12
QQQ,2026-09-23,2026-11-20,P,380.0,353,1,0.6064492480468751,0.11,0.11,0.13
QQQ,2026-09-23,2026-11-20,P,385.0,102,3,0.6044961425781252,0.14,0.13,0.15
QQQ,2026-09-23,2026-11-20,P,390.0,711,88,0.59570716796875,0.14,0.14,0.15
QQQ,2026-09-23,2026-11-20,P,395.0,51,1,0.5903361279296876,0.15,0.15,0.17
QQQ,2026-09-23,2026-11-20,P,400.0,517,97,0.5830119824218749,0.15,0.16,0.18
QQQ,2026-09-23,2026-11-20,P,405.0,16,2,0.577152666015625,0.17,0.17,0.2
QQQ,2026-09-23,2026-11-20,P,410.0,182,1,0.5712933496093751,0.22,0.18,0.22
QQQ,2026-09-23,2026-11-20,P,415.0,99,1,0.5629926513671876,0.22,0.19,0.23
QQQ,2026-09-23,2026-11-20,P,420.0,84,1,0.5566450585937501,0.22,0.21,0.24
QQQ,2026-09-23,2026-11-20,P,425.0,668,2,0.5483443603515626,0.22,0.22,0.25
QQQ,2026-09-23,2026-11-20,P,430.0,211,1,0.5429733203125001,0.25,0.24,0.27
QQQ,2026-09-23,2026-11-20,P,435.0,107,4,0.5356491748046875,0.38,0.25,0.29
QQQ,2026-09-23,2026-11-20,P,440.0,472,1,0.5283250292968751,0.27,0.27,0.3
QQQ,2026-09-23,2026-11-20,P,445.0,564,1,0.5210008837890624,0.3,0.28,0.32
QQQ,2026-09-23,2026-11-20,P,450.0,339,2,0.5141650146484374,0.28,0.3,0.34
QQQ,2026-09-23,2026-11-20,P,455.0,427,1,0.5075732836914062,0.44,0.32,0.36
QQQ,2026-09-23,2026-11-20,P,460.0,705,2,0.5024463818359376,0.47,0.34,0.37
QQQ,2026-09-23,2026-11-20,P,465.0,352,200,0.4968312036132813,0.37,0.37,0.4
QQQ,2026-09-23,2026-11-20,P,470.0,633,3,0.48950705810546885,0.38,0.39,0.42
QQQ,2026-09-23,2026-11-20,P,475.0,529,2,0.48340360351562506,0.43,0.41,0.45
QQQ,2026-09-23,2026-11-20,P,480.0,808,56,0.47559118164062497,0.45,0.44,0.47
QQQ,2026-09-23,2026-11-20,P,485.0,217,1,0.46924358886718753,0.51,0.47,0.5
QQQ,2026-09-23,2026-11-20,P,490.0,2324,24,0.46143116699218756,0.51,0.5,0.52
QQQ,2026-09-23,2026-11-20,P,495.0,369,3,0.4558159887695313,0.54,0.53,0.56
QQQ,2026-09-23,2026-11-20,P,500.0,3399,5,0.44775942871093743,0.57,0.56,0.58
QQQ,2026-09-23,2026-11-20,P,505.0,177,7,0.44165597412109375,0.6,0.59,0.62
QQQ,2026-09-23,2026-11-20,P,510.0,471,2,0.4343318286132813,0.61,0.63,0.65
QQQ,2026-09-23,2026-11-20,P,515.0,433,25,0.4288387194824219,0.65,0.67,0.7
QQQ,2026-09-23,2026-11-20,P,520.0,11303,1,0.42212491943359376,0.71,0.71,0.74
QQQ,2026-09-23,2026-11-20,P,525.0,4500,85,0.41528905029296875,0.77,0.75,0.78
QQQ,2026-09-23,2026-11-20,P,530.0,467,2,0.40820904296875,0.77,0.8,0.82
QQQ,2026-09-23,2026-11-20,P,535.0,3007,3,0.4017393811035156,0.81,0.85,0.87
QQQ,2026-09-23,2026-11-20,P,540.0,3085,52,0.3957579956054688,0.89,0.9,0.93
QQQ,2026-09-23,2026-11-20,P,545.0,171,2,0.3881897119140625,0.97,0.96,0.97
QQQ,2026-09-23,2026-11-20,P,550.0,2744,37,0.38184211914062494,1.04,1.02,1.03
QQQ,2026-09-23,2026-11-20,P,555.0,717,4,0.3763490100097656,1.06,1.09,1.11
QQQ,2026-09-23,2026-11-20,P,560.0,1247,4,0.37000141723632807,1.16,1.15,1.18
QQQ,2026-09-23,2026-11-20,P,565.0,984,169,0.3634707208251954,1.28,1.22,1.25
QQQ,2026-09-23,2026-11-20,P,570.0,13183,2,0.35718416259765623,1.3,1.31,1.33
QQQ,2026-09-23,2026-11-20,P,575.0,1323,26,0.3505924316406249,1.35,1.39,1.41
QQQ,2026-09-23,2026-11-20,P,580.0,3387,138,0.344733115234375,1.47,1.48,1.51
QQQ,2026-09-23,2026-11-20,P,585.0,2948,344,0.33814138427734375,1.42,1.58,1.6
QQQ,2026-09-23,2026-11-20,P,590.0,2297,384,0.3327703442382813,1.66,1.69,1.73
QQQ,2026-09-23,2026-11-20,P,595.0,1180,432,0.32672792419433594,1.8,1.81,1.85
QQQ,2026-09-23,2026-11-20,P,600.0,15377,149,0.3200141241455078,1.91,1.94,1.96
QQQ,2026-09-23,2026-11-20,P,605.0,939,6,0.31464308410644526,2.05,2.09,2.12
QQQ,2026-09-23,2026-11-20,P,610.0,5694,2,0.3082954913330078,2.19,2.23,2.26
QQQ,2026-09-23,2026-11-20,P,615.0,1840,3,0.30216151947021486,2.35,2.39,2.42
QQQ,2026-09-23,2026-11-20,P,620.0,10632,611,0.29730927307128896,2.59,2.61,2.64
QQQ,2026-09-23,2026-11-20,P,625.0,27587,1016,0.2914499566650389,2.77,2.82,2.84
QQQ,2026-09-23,2026-11-20,P,630.0,20740,16,0.2858347784423828,3.04,3.05,3.07
QQQ,2026-09-23,2026-11-20,P,635.0,4012,9,0.2804942556762695,3.35,3.3,3.33
QQQ,2026-09-23,2026-11-20,P,640.0,6958,225,0.27503166381835936,3.54,3.58,3.61
QQQ,2026-09-23,2026-11-20,P,645.0,6514,4,0.2696606237792969,3.8,3.89,3.92
QQQ,2026-09-23,2026-11-20,P,650.0,31383,97,0.26428958374023437,4.25,4.24,4.26
QQQ,2026-09-23,2026-11-20,P,655.0,5060,27,0.259071130065918,4.62,4.62,4.64
QQQ,2026-09-23,2026-11-20,P,660.0,13352,54,0.25403578002929694,5.07,5.03,5.07
QQQ,2026-09-23,2026-11-20,P,665.0,3272,32,0.24912249908447265,5.6,5.52,5.55
QQQ,2026-09-23,2026-11-20,P,670.0,20010,113,0.24393456268310548,6.02,6.03,6.06
QQQ,2026-09-23,2026-11-20,P,675.0,4429,72,0.2391433508300781,6.49,6.61,6.65
QQQ,2026-09-23,2026-11-20,P,680.0,44041,431,0.2342300698852539,7.19,7.25,7.29
QQQ,2026-09-23,2026-11-20,P,685.0,5510,26,0.22922523712158205,7.82,7.96,7.99
QQQ,2026-09-23,2026-11-20,P,690.0,40216,507,0.22444928390502927,8.66,8.75,8.78
QQQ,2026-09-23,2026-11-20,P,695.0,3203,85,0.21987169296264647,9.61,9.61,9.67
QQQ,2026-09-23,2026-11-20,P,700.0,23654,991,0.21517203292846682,10.38,10.58,10.64
QQQ,2026-09-23,2026-11-20,P,705.0,5624,88,0.2099840965270996,11.59,11.63,11.66
QQQ,2026-09-23,2026-11-20,P,710.0,10844,71,0.20569641967773436,12.76,12.82,12.88
QQQ,2026-09-23,2026-11-20,P,715.0,7716,60,0.20081365600585935,14.07,14.13,14.16
QQQ,2026-09-23,2026-11-20,P,720.0,20010,287,0.19684641052246094,15.53,15.6,15.67
QQQ,2026-09-23,2026-11-20,P,725.0,3264,90,0.19210097457885744,16.89,17.18,17.24
QQQ,2026-09-23,2026-11-20,P,730.0,3929,207,0.18756915954589842,19.0,18.93,18.99
QQQ,2026-09-23,2026-11-20,P,735.0,4015,229,0.18357139678955076,20.92,20.87,20.97
QQQ,2026-09-23,2026-11-20,P,740.0,2228,177,0.1794057890319824,23.04,23.04,23.11
QQQ,2026-09-23,2026-11-20,P,745.0,1595,22,0.17496552581787111,25.14,25.27,25.41
QQQ,2026-09-23,2026-11-20,P,750.0,6655,88,0.1712119012451172,27.55,27.82,27.99
QQQ,2026-09-23,2026-11-20,P,755.0,374,28,0.16703103485107423,30.04,30.58,30.73
QQQ,2026-09-23,2026-11-20,P,760.0,844,7,0.1624229266357422,33.24,33.46,33.64
QQQ,2026-09-23,2026-11-20,P,765.0,339,3,0.15818102569580078,33.54,36.62,36.81
QQQ,2026-09-23,2026-11-20,P,770.0,285,2,0.15357291748046875,36.51,39.99,40.17
QQQ,2026-09-23,2026-11-20,P,775.0,287,4,0.14704222106933595,40.73,43.13,43.6
QQQ,2026-09-23,2026-11-20,P,780.0,1063,2,0.14258669921875,47.2,46.88,47.44
QQQ,2026-09-23,2026-11-20,P,785.0,445,4,0.13376720733642578,43.05,50.66,51.23
QQQ,2026-09-23,2026-11-20,P,790.0,750,24,0.1368494519042969,55.26,55.06,55.9
QQQ,2026-09-23,2026-11-20,P,795.0,123,123,0.11542632629394532,50.72,59.02,59.68
QQQ,2026-09-23,2026-11-20,P,800.0,657,4,0.106454248046875,64.12,63.69,64.3
QQQ,2026-09-23,2026-11-20,P,805.0,1,2,1.0000000000000003e-05,68.64,67.88,68.56
QQQ,2026-09-23,2026-11-20,P,810.0,3,2,0.11170321899414062,65.74,71.38,74.19
QQQ,2026-09-23,2026-11-20,P,815.0,235,4,1.0000000000000003e-05,78.28,78.12,78.57
QQQ,2026-09-23,2026-11-20,P,820.0,3,2,1.0000000000000003e-05,82.0,81.74,83.92
QQQ,2026-09-23,2026-11-20,P,825.0,0,2,0.15430533203125002,88.14,86.32,89.59
QQQ,2026-09-23,2026-11-20,P,830.0,0,2,1.0000000000000003e-05,118.3,91.06,93.9
QQQ,2026-09-23,2026-11-20,P,835.0,1,1,0.16980810668945315,88.43,96.41,99.64
QQQ,2026-09-23,2026-11-20,P,840.0,0,2,1.0000000000000003e-05,120.17,0.0,0.0
QQQ,2026-09-23,2026-11-20,P,845.0,0,4,1.0000000000000003e-05,121.09,0.0,0.0
QQQ,2026-09-23,2026-11-20,P,850.0,7,7,1.0000000000000003e-05,134.36,110.83,113.9
QQQ,2026-09-23,2026-11-20,P,855.0,0,0,1.0000000000000003e-05,127.45,0.0,0.0
QQQ,2026-09-23,2026-11-20,P,860.0,0,4,1.0000000000000003e-05,143.82,120.83,123.9
QQQ,2026-09-23,2026-11-20,P,865.0,0,0,1.0000000000000003e-05,139.52,0.0,0.0
QQQ,2026-09-23,2026-11-20,P,870.0,0,0,1.0000000000000003e-05,143.38,0.0,0.0
QQQ,2026-09-23,2026-11-20,P,875.0,0,0,1.0000000000000003e-05,149.51,0.0,0.0
QQQ,2026-09-23,2026-11-20,P,880.0,0,1680,1.0000000000000003e-05,158.69,0.0,0.0
QQQ,2026-09-23,2026-11-20,P,885.0,0,0,1.0000000000000003e-05,153.47,0.0,0.0
QQQ,2026-09-23,2026-11-20,P,890.0,0,1,0.2518385363769531,184.35,151.41,154.91
QQQ,2026-09-23,2026-11-20,P,895.0,0,0,1.0000000000000003e-05,162.57,0.0,0.0
QQQ,2026-09-23,2026-11-20,P,900.0,0,1,0.24817646362304688,156.0,161.31,164.62
QQQ,2026-09-23,2026-11-20,P,905.0,0,0,0.6905853695678713,191.2,196.47,200.05
QQQ,2026-09-23,2026-11-20,P,930.0,0,0,0.284064776611328,224.35,191.31,194.66
QQQ,2026-09-23,2026-11-20,P,935.0,0,0,0.6127968408203126,246.65,214.44,218.48
QQQ,2026-09-23,2026-11-20,P,940.0,0,0,0.7554956091308593,231.02,231.47,235.05
QQQ,2026-09-23,2026-11-20,P,945.0,0,0,0.6291540991210938,256.16,224.44,228.45
QQQ,2026-09-23,2026-11-20,P,950.0,0,40,0.6373327282714845,261.65,229.45,233.45
QQQ,2026-09-23,2026-11-20,P,955.0,0,80,0.645389288330078,266.02,234.45,238.45
QQQ,2026-09-23,2026-11-20,P,965.0,0,2,0.30713583496093744,259.35,226.41,229.48
QQQ,2026-09-23,2026-11-20,P,970.0,0,0,0.669070692138672,281.48,249.45,253.45
QQQ,2026-09-23,2026-11-20,P,980.0,0,0,0.6842988113403321,291.54,259.45,263.42
QQQ,2026-09-23,2026-11-20,P,990.0,0,0,0.6998321032714845,301.47,269.45,273.48
QQQ,2026-09-23,2026-11-20,P,1000.0,0,0,0.33411310424804685,294.35,260.92,264.41
QQQ,2026-09-23,2026-11-20,P,1005.0,0,6,0.33875172973632806,299.35,265.92,269.41
QQQ,2026-09-23,2026-11-20,P,1010.0,0,6,0.34326828613281246,304.35,271.06,274.41
QQQ,2026-09-23,2026-11-20,P,1020.0,0,0,0.3469303588867187,314.36,280.95,284.36
QQQ,2026-09-23,2026-11-20,P,1025.0,0,4,0.3569400244140625,319.36,285.92,289.41
QQQ,2026-09-23,2026-11-20,P,1035.0,0,2,0.4184628466796875,329.37,296.41,300.09
QQQ,2026-09-23,2026-11-20,P,1040.0,0,0,0.42517664672851563,334.37,301.41,305.12
QQQ,2026-09-23,2026-11-20,P,1045.0,0,2,0.37476211181640623,339.48,306.41,309.41
QQQ,2026-09-23,2026-11-20,P,1050.0,0,0,0.3790345300292969,344.39,311.41,314.41
QQQ,2026-09-23,2026-11-20,P,1055.0,0,0,0.4155331884765625,349.39,316.31,319.76
QQQ,2026-09-23,2026-11-20,P,1060.0,0,0,0.4177304321289062,354.48,321.31,324.73
QQQ,2026-09-23,2026-11-20,P,1065.0,0,2,0.3918517846679687,359.36,325.96,329.41
QQQ,2026-09-23,2026-11-20,P,1070.0,0,4,0.39624627197265627,364.36,331.05,334.41
QQQ,2026-09-23,2026-11-20,P,1075.0,0,8,0.40039662109375,369.35,335.96,339.41
QQQ,2026-09-23,2026-11-20,P,1080.0,0,0,0.40454697021484376,374.35,340.83,344.41
QQQ,2026-09-23,2026-11-20,P,1085.0,0,0,0.40869731933593745,379.35,345.83,349.41
QQQ,2026-09-23,2026-12-18,C,204.78,270,1,1.4415311126708985,543.39,533.42,535.9
QQQ,2026-09-23,2026-12-18,C,209.78,232,10,1.3909942559814452,522.56,527.72,530.95
QQQ,2026-09-23,2026-12-18,C,214.78,25,1,1.3786652160644528,496.84,523.0,526.0
QQQ,2026-09-23,2026-12-18,C,219.78,52,1,1.356570599975586,522.5,518.0,521.06
QQQ,2026-09-23,2026-12-18,C,224.78,6,1,1.0000000000000003e-05,405.01,403.96,407.84
QQQ,2026-09-23,2026-12-18,C,229.78,11,2,1.3381380749511713,515.57,508.69,511.21
QQQ,2026-09-23,2026-12-18,C,234.78,1,5,1.2926060760498046,507.77,503.0,506.23
QQQ,2026-09-23,2026-12-18,C,239.78,10,1,1.2982212823486325,502.72,498.8,501.29
QQQ,2026-09-23,2026-12-18,C,244.78,40,1,1.0000000000000003e-05,329.25,0.0,0.0
QQQ,2026-09-23,2026-12-18,C,249.78,99,1,1.2694128326416012,486.4,488.91,491.69
QQQ,2026-09-23,2026-12-18,C,250.0,105,1,1.2446326831054684,493.01,488.11,491.26
QQQ,2026-09-23,2026-12-18,C,254.78,132,2,1.0000000000000003e-05,482.0,442.43,446.12
QQQ,2026-09-23,2026-12-18,C,255.0,7,6,1.2419471496582029,463.01,483.75,486.24
QQQ,2026-09-23,2026-12-18,C,259.78,0,2,1.0000000000000003e-05,362.08,0.0,0.0
QQQ,2026-09-23,2026-12-18,C,260.0,2,2,1.0000000000000003e-05,373.97,449.91,454.25
QQQ,2026-09-23,2026-12-18,C,264.78,41,5,1.0000000000000003e-05,219.5,259.0,264.0
QQQ,2026-09-23,2026-12-18,C,269.78,124,1,1.0000000000000003e-05,289.89,337.67,341.54
QQQ,2026-09-23,2026-12-18,C,274.78,49,3,1.1826212744140623,462.3,464.19,467.04
QQQ,2026-09-23,2026-12-18,C,275.0,104,2,1.1801798803710937,445.37,463.97,466.76
QQQ,2026-09-23,2026-12-18,C,279.78,44,1,1.0000000000000003e-05,331.8,374.49,377.51
QQQ,2026-09-23,2026-12-18,C,284.78,23,2,1.0000000000000003e-05,439.65,436.02,439.44
QQQ,2026-09-23,2026-12-18,C,285.0,12,5,1.1395917044067385,426.96,454.08,456.59
QQQ,2026-09-23,2026-12-18,C,289.78,0,1,1.0000000000000003e-05,430.75,0.0,0.0
QQQ,2026-09-23,2026-12-18,C,294.78,57,1,1.0000000000000003e-05,425.4,426.26,429.88
QQQ,2026-09-23,2026-12-18,C,295.0,10,1,1.1112104986572267,448.93,444.19,446.86
QQQ,2026-09-23,2026-12-18,C,299.78,122,2,1.0831955020141604,414.67,439.0,442.06
QQQ,2026-09-23,2026-12-18,C,300.0,10,2,1.1012618179321292,445.76,439.25,442.16
QQQ,2026-09-23,2026-12-18,C,304.78,124,1,1.0837448156738283,438.47,434.52,437.33
QQQ,2026-09-23,2026-12-18,C,305.0,1,1,1.0765427032470705,416.4,434.31,436.82
QQQ,2026-09-23,2026-12-18,C,309.78,68,1,1.0000000000000003e-05,390.82,399.22,402.36
QQQ,2026-09-23,2026-12-18,C,310.0,5,1,1.0706833575439456,413.38,429.36,432.3
QQQ,2026-09-23,2026-12-18,C,314.78,47,5,1.0000000000000003e-05,348.5,406.13,409.86
QQQ,2026-09-23,2026-12-18,C,319.78,0,1,1.0000000000000003e-05,284.78,0.0,0.0
QQQ,2026-09-23,2026-12-18,C,320.0,23,8,1.0404100714111333,392.83,419.48,422.41
QQQ,2026-09-23,2026-12-18,C,324.78,37,3,1.0000000000000003e-05,302.41,297.15,301.01
QQQ,2026-09-23,2026-12-18,C,325.0,0,8,1.0000000000000003e-05,410.3,0.0,0.0
QQQ,2026-09-23,2026-12-18,C,329.78,27,1,1.0000000000000003e-05,267.2,326.5,329.6
QQQ,2026-09-23,2026-12-18,C,330.0,39,42,1.0090381579589844,389.98,409.6,412.43
QQQ,2026-09-23,2026-12-18,C,334.78,109,1,0.9972534454345703,406.99,404.87,407.81
QQQ,2026-09-23,2026-12-18,C,335.0,4,1,0.9916993017578125,408.29,404.66,407.34
QQQ,2026-09-23,2026-12-18,C,339.78,22,1,0.9765016998291016,404.71,399.94,402.53
QQQ,2026-09-23,2026-12-18,C,340.0,6,1,0.9790041162109376,379.71,399.72,402.47
QQQ,2026-09-23,2026-12-18,C,344.78,0,1,1.0000000000000003e-05,391.97,0.0,0.0
QQQ,2026-09-23,2026-12-18,C,345.0,14,1,0.9610599597167968,398.37,394.78,397.33
QQQ,2026-09-23,2026-12-18,C,349.78,423,1,0.9489751196289062,368.48,389.71,393.01
QQQ,2026-09-23,2026-12-18,C,350.0,15,2,1.0000000000000003e-05,378.3,359.78,362.73
QQQ,2026-09-23,2026-12-18,C,354.78,0,2,1.0000000000000003e-05,371.81,0.0,0.0
QQQ,2026-09-23,2026-12-18,C,355.0,3,1,1.0000000000000003e-05,253.93,280.69,284.12
QQQ,2026-09-23,2026-12-18,C,359.78,0,1,1.0000000000000003e-05,383.8,0.0,0.0
QQQ,2026-09-23,2026-12-18,C,360.0,22,2,0.9063730065917968,385.93,379.19,382.54
QQQ,2026-09-23,2026-12-18,C,364.78,27,1,0.8941660974121093,343.3,374.47,377.83
QQQ,2026-09-23,2026-12-18,C,365.0,6,2,1.0000000000000003e-05,327.31,345.06,348.19
QQQ,2026-09-23,2026-12-18,C,369.78,53,1,0.8831188446044922,374.32,369.63,372.89
QQQ,2026-09-23,2026-12-18,C,370.0,310,1,0.9010630010986327,350.14,370.1,373.02
QQQ,2026-09-23,2026-12-18,C,374.78,68,20,1.0000000000000003e-05,343.24,346.19,349.68
QQQ,2026-09-23,2026-12-18,C,375.0,7,1,1.0000000000000003e-05,321.88,335.3,338.15
QQQ,2026-09-23,2026-12-18,C,379.78,109,4,0.875977802734375,362.62,360.45,363.38
QQQ,2026-09-23,2026-12-18,C,380.0,0,1,1.0000000000000003e-05,356.8,0.0,0.0
QQQ,2026-09-23,2026-12-18,C,384.78,31,1,1.0000000000000003e-05,316.0,338.87,342.36
QQQ,2026-09-23,2026-12-18,C,385.0,0,41,1.0000000000000003e-05,338.43,0.0,0.0
QQQ,2026-09-23,2026-12-18,C,389.78,46,2,1.0000000000000003e-05,230.7,325.05,329.54
QQQ,2026-09-23,2026-12-18,C,390.0,106,16,1.0000000000000003e-05,314.95,330.79,334.72
QQQ,2026-09-23,2026-12-18,C,394.78,0,1,1.0000000000000003e-05,326.09,0.0,0.0
QQQ,2026-09-23,2026-12-18,C,395.0,25,11,0.8356339678955076,317.11,345.44,348.23
QQQ,2026-09-23,2026-12-18,C,399.78,247,1,0.8202532623291015,343.43,340.72,343.29
QQQ,2026-09-23,2026-12-18,C,400.0,365,3,0.8247698187255859,349.33,340.51,343.39
QQQ,2026-09-23,2026-12-18,C,404.78,0,3,1.0000000000000003e-05,348.82,0.0,0.0
QQQ,2026-09-23,2026-12-18,C,405.0,36,1,0.7986470330810547,315.79,335.0,338.14
QQQ,2026-09-23,2026-12-18,C,409.78,0,1,1.0000000000000003e-05,307.57,0.0,0.0
QQQ,2026-09-23,2026-12-18,C,410.0,126,1,0.7997456549072266,299.22,330.65,333.48
QQQ,2026-09-23,2026-12-18,C,414.78,85,1,1.0000000000000003e-05,327.63,286.9,290.61
QQQ,2026-09-23,2026-12-18,C,415.0,21,3,1.0000000000000003e-05,310.55,296.13,299.27
QQQ,2026-09-23,2026-12-18,C,419.78,40,1,0.7704490728759765,302.25,320.6,323.83
QQQ,2026-09-23,2026-12-18,C,420.0,166,1,0.7758811474609376,293.81,320.8,323.61
QQQ,2026-09-23,2026-12-18,C,424.78,186,2,0.7611718218994141,295.87,316.09,318.65
QQQ,2026-09-23,2026-12-18,C,425.0,94,1,0.7661766546630859,296.29,315.88,318.82
QQQ,2026-09-23,2026-12-18,C,429.78,0,4,1.0000000000000003e-05,300.72,0.0,0.0
QQQ,2026-09-23,2026-12-18,C,430.0,1479,1,0.7537866418457031,316.37,310.95,313.84
QQQ,2026-09-23,2026-12-18,C,434.78,137,1,0.7457911163330078,281.89,306.25,309.35
QQQ,2026-09-23,2026-12-18,C,435.0,42,4,0.7429224926757811,277.51,306.03,308.96
QQQ,2026-09-23,2026-12-18,C,439.78,897,1,0.7172269488525391,267.02,300.59,303.89
QQQ,2026-09-23,2026-12-18,C,440.0,814,1,0.7186917779541016,280.45,300.51,303.68
QQQ,2026-09-23,2026-12-18,C,444.78,0,1,1.0000000000000003e-05,296.0,0.0,0.0
QQQ,2026-09-23,2026-12-18,C,445.0,29,3,0.7156400506591796,298.72,296.19,298.76
QQQ,2026-09-23,2026-12-18,C,449.78,31,1,0.7085295260620117,256.9,291.49,294.33
QQQ,2026-09-23,2026-12-18,C,450.0,1271,1,0.7093534924316407,298.68,291.28,294.21
QQQ,2026-09-23,2026-12-18,C,454.78,203,1,1.0000000000000003e-05,259.71,271.94,275.82
QQQ,2026-09-23,2026-12-18,C,455.0,34,14,0.6981841705322267,291.56,286.36,289.29
QQQ,2026-09-23,2026-12-18,C,459.78,218,2,0.6869538140869142,288.64,281.67,284.52
QQQ,2026-09-23,2026-12-18,C,460.0,448,3,0.6844513977050781,289.61,281.45,284.14
QQQ,2026-09-23,2026-12-18,C,464.78,138,1,1.0000000000000003e-05,251.0,247.61,250.84
QQQ,2026-09-23,2026-12-18,C,465.0,29,10,0.6640658593750002,250.06,275.87,279.11
QQQ,2026-09-23,2026-12-18,C,469.78,629,8,0.653445848388672,244.37,271.12,274.42
QQQ,2026-09-23,2026-12-18,C,470.0,1891,1,0.6615634429931643,254.8,271.63,274.2
QQQ,2026-09-23,2026-12-18,C,474.78,148,1,0.6547275738525393,269.69,266.94,269.79
QQQ,2026-09-23,2026-12-18,C,475.0,101,1,0.6561313684082033,247.87,266.73,269.73
QQQ,2026-09-23,2026-12-18,C,479.78,148,1,1.0000000000000003e-05,253.45,247.78,251.11
QQQ,2026-09-23,2026-12-18,C,480.0,3143,2,0.6456639437866211,241.01,261.83,264.83
QQQ,2026-09-23,2026-12-18,C,484.78,0,1,1.0000000000000003e-05,256.5,0.0,0.0
QQQ,2026-09-23,2026-12-18,C,485.0,30,6,0.6343420355224609,262.23,256.93,259.85
QQQ,2026-09-23,2026-12-18,C,489.78,854,4,1.0000000000000003e-05,263.0,215.63,219.33
QQQ,2026-09-23,2026-12-18,C,490.0,463,6,0.6124306335449221,257.18,251.32,254.6
QQQ,2026-09-23,2026-12-18,C,494.78,570,10,0.6155433953857423,256.0,247.35,250.4
QQQ,2026-09-23,2026-12-18,C,495.0,58,1,0.6104775280761721,250.78,247.19,249.69
QQQ,2026-09-23,2026-12-18,C,499.78,322,10,0.5941507870483399,251.16,241.85,245.04
QQQ,2026-09-23,2026-12-18,C,500.0,6081,58,0.6020547607421877,251.15,242.25,245.01
QQQ,2026-09-23,2026-12-18,C,504.78,1904,11,0.5942423388671876,246.26,237.57,240.52
QQQ,2026-09-23,2026-12-18,C,505.0,123,1,0.589969920654297,240.9,237.36,239.92
QQQ,2026-09-23,2026-12-18,C,509.78,546,10,0.574375594177246,241.34,232.05,235.28
QQQ,2026-09-23,2026-12-18,C,510.0,4005,1,0.5829204306030272,235.25,232.47,235.33
QQQ,2026-09-23,2026-12-18,C,514.78,96,10,0.5734905932617188,236.44,227.81,230.66
QQQ,2026-09-23,2026-12-18,C,515.0,1537,1,0.5704388659667969,237.0,227.59,230.18
QQQ,2026-09-23,2026-12-18,C,519.78,0,1,1.0000000000000003e-05,211.35,0.0,0.0
QQQ,2026-09-23,2026-12-18,C,520.0,716,3,0.5658307577514649,223.38,222.72,225.84
QQQ,2026-09-23,2026-12-18,C,524.78,0,3,1.0000000000000003e-05,212.52,0.0,0.0
QQQ,2026-09-23,2026-12-18,C,525.0,408,2,0.5542647113037109,226.78,217.84,220.78
QQQ,2026-09-23,2026-12-18,C,529.78,278,1,0.5457198748779297,222.24,213.19,216.2
QQQ,2026-09-23,2026-12-18,C,530.0,2508,1,0.5459029785156251,217.74,212.97,216.06
QQQ,2026-09-23,2026-12-18,C,534.78,0,1,1.0000000000000003e-05,199.9,0.0,0.0
QQQ,2026-09-23,2026-12-18,C,535.0,240,2,0.527470545654297,191.63,207.6,210.71
QQQ,2026-09-23,2026-12-18,C,539.78,1146,1,0.5172777764892578,176.92,202.82,206.06
QQQ,2026-09-23,2026-12-18,C,540.0,4232,1,0.517308293762207,202.5,203.25,205.25
QQQ,2026-09-23,2026-12-18,C,544.78,238,1,1.0000000000000003e-05,190.89,171.52,173.11
QQQ,2026-09-23,2026-12-18,C,545.0,1191,1,0.5131579446411132,171.23,198.39,201.0
QQQ,2026-09-23,2026-12-18,C,549.78,0,10,1.0000000000000003e-05,185.22,0.0,0.0
QQQ,2026-09-23,2026-12-18,C,550.0,3640,14,0.5038196591186525,198.5,193.54,196.15
QQQ,2026-09-23,2026-12-18,C,554.78,151,12,0.5155993264770508,196.0,188.85,191.52
QQQ,2026-09-23,2026-12-18,C,555.0,285,4,0.51523311920166,159.43,188.7,191.31
QQQ,2026-09-23,2026-12-18,C,559.78,0,1,1.0000000000000003e-05,172.98,0.0,0.0
QQQ,2026-09-23,2026-12-18,C,560.0,858,1,0.5056812127685546,187.57,183.24,186.48
QQQ,2026-09-23,2026-12-18,C,564.78,516,1,0.5019123295593262,161.0,179.25,182.23
QQQ,2026-09-23,2026-12-18,C,565.0,570,1,0.5002186209106446,182.68,179.15,181.93
QQQ,2026-09-23,2026-12-18,C,569.78,866,1,0.49149068084716796,145.61,174.44,177.35
QQQ,2026-09-23,2026-12-18,C,570.0,3166,1,0.4873708489990235,178.46,173.59,176.88
QQQ,2026-09-23,2026-12-18,C,574.78,263,2,1.0000000000000003e-05,163.42,143.61,145.07
QQQ,2026-09-23,2026-12-18,C,575.0,337,1,0.4781241152954102,175.96,169.42,172.08
QQQ,2026-09-23,2026-12-18,C,579.78,0,2,1.0000000000000003e-05,154.81,0.0,0.0
QQQ,2026-09-23,2026-12-18,C,580.0,1254,1,0.4466302896118164,140.21,164.75,165.71
QQQ,2026-09-23,2026-12-18,C,584.78,2899,1,0.4405878695678711,169.05,160.31,161.29
QQQ,2026-09-23,2026-12-18,C,585.0,700,7,0.4426020095825196,164.45,160.41,161.25
QQQ,2026-09-23,2026-12-18,C,589.78,1383,2,0.44824770507812495,162.69,155.64,157.72
QQQ,2026-09-23,2026-12-18,C,590.0,1924,1,0.4350947604370118,155.29,155.92,156.56
QQQ,2026-09-23,2026-12-18,C,594.78,151,4,0.42462733581542966,155.91,150.38,151.84
QQQ,2026-09-23,2026-12-18,C,595.0,458,7,0.4208737112426758,154.95,150.45,151.38
QQQ,2026-09-23,2026-12-18,C,599.78,1432,4,0.415746809387207,148.06,146.08,147.06
QQQ,2026-09-23,2026-12-18,C,600.0,5932,1,0.41391577301025384,146.77,145.74,146.74
QQQ,2026-09-23,2026-12-18,C,604.78,703,3,0.4062711961364746,146.02,140.99,142.24
QQQ,2026-09-23,2026-12-18,C,605.0,3495,8,0.40396714202880857,145.81,141.08,141.88
QQQ,2026-09-23,2026-12-18,C,609.78,918,4,0.4025633474731446,138.62,136.74,137.89
QQQ,2026-09-23,2026-12-18,C,610.0,5282,1,0.3983214465332031,136.81,136.76,137.37
QQQ,2026-09-23,2026-12-18,C,615.0,6784,5,0.388327039642334,132.49,131.71,132.52
QQQ,2026-09-23,2026-12-18,C,620.0,6989,2,0.3834595346069336,126.1,127.41,128.11
QQQ,2026-09-23,2026-12-18,C,625.0,2400,7,0.3723207299804688,126.32,122.59,123.18
QQQ,2026-09-23,2026-12-18,C,630.0,2781,13,0.36521020538330085,126.96,117.73,118.61
QQQ,2026-09-23,2026-12-18,C,635.0,1788,4,0.3597170962524414,118.21,113.6,114.21
QQQ,2026-09-23,2026-12-18,C,640.0,3162,1,0.34989053436279294,112.17,108.61,109.43
QQQ,2026-09-23,2026-12-18,C,645.0,3359,4,0.3431767343139648,113.62,104.18,104.96
QQQ,2026-09-23,2026-12-18,C,650.0,7324,5,0.33568474380493163,99.5,99.64,100.44
QQQ,2026-09-23,2026-12-18,C,655.0,1400,65,0.32874206420898433,99.62,95.23,96.0
QQQ,2026-09-23,2026-12-18,C,660.0,14422,1,0.32245550598144523,91.45,91.2,91.66
QQQ,2026-09-23,2026-12-18,C,665.0,2099,4,0.31537549865722647,86.05,86.53,87.27
QQQ,2026-09-23,2026-12-18,C,670.0,4746,2,0.3088753195190429,82.32,82.26,82.98
QQQ,2026-09-23,2026-12-18,C,675.0,1762,6,0.3037789349365234,78.44,78.13,78.89
QQQ,2026-09-23,2026-12-18,C,680.0,14941,81,0.29824004989624014,76.64,74.35,74.8
QQQ,2026-09-23,2026-12-18,C,685.0,2950,21,0.2909311630249023,73.8,70.12,70.55
QQQ,2026-09-23,2026-12-18,C,690.0,12745,7,0.2845377943420409,68.98,66.1,66.46
QQQ,2026-09-23,2026-12-18,C,695.0,1202,13,0.27889209884643557,65.59,61.89,62.52
QQQ,2026-09-23,2026-12-18,C,700.0,31840,23,0.2725139888000488,59.08,58.31,58.55
QQQ,2026-09-23,2026-12-18,C,705.0,2688,2,0.2671429487609864,54.3,54.5,54.78
QQQ,2026-09-23,2026-12-18,C,710.0,6640,2,0.26248906463623045,51.44,50.93,51.18
QQQ,2026-09-23,2026-12-18,C,715.0,7168,1,0.2573469041442871,47.88,47.37,47.6
QQQ,2026-09-23,2026-12-18,C,720.0,14382,5,0.25252517501831057,44.34,43.85,44.15
QQQ,2026-09-23,2026-12-18,C,725.0,18879,8,0.24736775588989257,40.92,40.55,40.75
QQQ,2026-09-23,2026-12-18,C,730.0,15987,33,0.24294275131225584,37.71,37.4,37.55
QQQ,2026-09-23,2026-12-18,C,735.0,13220,60,0.23874662628173826,34.45,34.38,34.49
QQQ,2026-09-23,2026-12-18,C,740.0,14087,38,0.23473360488891604,31.55,31.42,31.57
QQQ,2026-09-23,2026-12-18,C,745.0,7115,424,0.2312546357727051,29.1,28.72,28.84
QQQ,2026-09-23,2026-12-18,C,750.0,20354,94,0.22768411483764645,26.51,26.11,26.22
QQQ,2026-09-23,2026-12-18,C,755.0,5310,14,0.2243729907226562,23.71,23.66,23.76
QQQ,2026-09-23,2026-12-18,C,760.0,20566,104,0.2213822979736328,21.76,21.36,21.47
QQQ,2026-09-23,2026-12-18,C,765.0,9088,72,0.21846789840698239,19.34,19.2,19.32
QQQ,2026-09-23,2026-12-18,C,770.0,19654,5,0.2158739302062988,17.53,17.24,17.34
QQQ,2026-09-23,2026-12-18,C,775.0,18690,14,0.2133715138244629,15.86,15.42,15.5
QQQ,2026-09-23,2026-12-18,C,780.0,21478,79,0.21091487335205078,13.9,13.73,13.79
QQQ,2026-09-23,2026-12-18,C,785.0,2525,8,0.20917538879394526,12.3,12.23,12.29
QQQ,2026-09-23,2026-12-18,C,790.0,7072,30,0.20722228332519527,10.85,10.8,10.88
QQQ,2026-09-23,2026-12-18,C,795.0,5413,3009,0.2055896092224121,9.72,9.54,9.62
QQQ,2026-09-23,2026-12-18,C,800.0,47210,187,0.2038043487548828,8.45,8.41,8.45
QQQ,2026-09-23,2026-12-18,C,805.0,5208,121,0.2029803823852539,7.4,7.41,7.48
QQQ,2026-09-23,2026-12-18,C,810.0,21492,21,0.2019580537414551,6.39,6.52,6.58
QQQ,2026-09-23,2026-12-18,C,815.0,35172,45,0.20075262145996092,5.82,5.7,5.75
QQQ,2026-09-23,2026-12-18,C,820.0,18933,39,0.20002020690917968,5.01,4.99,5.04
QQQ,2026-09-23,2026-12-18,C,825.0,13685,528,0.19937934417724607,4.4,4.36,4.41
QQQ,2026-09-23,2026-12-18,C,830.0,4623,18,0.19883003326416016,3.8,3.82,3.85
QQQ,2026-09-23,2026-12-18,C,835.0,893,26,0.19870796417236325,3.38,3.34,3.38
QQQ,2026-09-23,2026-12-18,C,840.0,8938,42,0.1986164123535156,3.01,2.92,2.96
QQQ,2026-09-23,2026-12-18,C,845.0,3639,132,0.19855537780761717,2.63,2.56,2.59
QQQ,2026-09-23,2026-12-18,C,850.0,7490,15,0.19849434326171872,2.26,2.22,2.26
QQQ,2026-09-23,2026-12-18,C,855.0,782,23,0.19892158508300778,1.96,1.95,1.99
QQQ,2026-09-23,2026-12-18,C,860.0,20425,4,0.19886055053710935,1.75,1.69,1.73
QQQ,2026-09-23,2026-12-18,C,865.0,713,27,0.19904365417480469,1.46,1.48,1.51
QQQ,2026-09-23,2026-12-18,C,870.0,5875,9,0.19965399963378905,1.39,1.29,1.33
QQQ,2026-09-23,2026-12-18,C,875.0,2936,1,0.19959296508789062,1.14,1.11,1.15
QQQ,2026-09-23,2026-12-18,C,880.0,20772,6,0.20014227600097656,0.96,0.96,1.01
QQQ,2026-09-23,2026-12-18,C,885.0,1084,435,0.20087469055175777,0.86,0.86,0.89
QQQ,2026-09-23,2026-12-18,C,890.0,1101,26,0.20093572509765623,0.84,0.73,0.77
QQQ,2026-09-23,2026-12-18,C,895.0,3512,132,0.20179020874023437,0.73,0.64,0.68
QQQ,2026-09-23,2026-12-18,C,900.0,15323,10,0.20252262329101559,0.54,0.57,0.6
QQQ,2026-09-23,2026-12-18,C,905.0,5305,12,0.2039874523925781,0.49,0.5,0.54
QQQ,2026-09-23,2026-12-18,C,910.0,2378,77,0.2049640051269531,0.47,0.44,0.48
QQQ,2026-09-23,2026-12-18,C,915.0,563,2,0.2054522814941406,0.57,0.38,0.42
QQQ,2026-09-23,2026-12-18,C,920.0,5607,1,0.20618469604492184,0.41,0.33,0.37
QQQ,2026-09-23,2026-12-18,C,925.0,905,1,0.20728331787109372,0.3,0.3,0.33
QQQ,2026-09-23,2026-12-18,C,930.0,10742,14,0.20887021606445308,0.27,0.26,0.3
QQQ,2026-09-23,2026-12-18,C,935.0,399,1,0.21021297607421874,0.28,0.23,0.27
QQQ,2026-09-23,2026-12-18,C,940.0,1092,2,0.21094539062499998,0.24,0.21,0.24
QQQ,2026-09-23,2026-12-18,C,945.0,1452,1,0.21167780517578122,0.21,0.18,0.21
QQQ,2026-09-23,2026-12-18,C,950.0,22285,29,0.21289849609375,0.17,0.16,0.19
QQQ,2026-09-23,2026-12-18,C,955.0,961,1,0.213875048828125,0.15,0.12,0.17
QQQ,2026-09-23,2026-12-18,C,960.0,5653,1,0.21460746337890624,0.16,0.12,0.15
QQQ,2026-09-23,2026-12-18,C,965.0,546,1,0.21680470703125,0.17,0.1,0.14
QQQ,2026-09-23,2026-12-18,C,970.0,5761,1,0.21851367431640623,0.15,0.09,0.13
QQQ,2026-09-23,2026-12-18,C,975.0,6299,4,0.22022264160156246,0.14,0.09,0.12
QQQ,2026-09-23,2026-12-18,C,980.0,829,3,0.22168747070312497,0.09,0.08,0.11
QQQ,2026-09-23,2026-12-18,C,985.0,276,1,0.22315229980468748,0.12,0.07,0.1
QQQ,2026-09-23,2026-12-18,C,990.0,6020,3,0.22657023437499998,0.09,0.07,0.1
QQQ,2026-09-23,2026-12-18,C,995.0,125,2,0.22754678710937498,0.09,0.04,0.09
QQQ,2026-09-23,2026-12-18,C,1000.0,20562,43,0.2304764453125,0.12,0.06,0.09
QQQ,2026-09-23,2026-12-18,C,1005.0,402,480,0.231452998046875,0.11,0.05,0.08
QQQ,2026-09-23,2026-12-18,C,1010.0,396,1,0.23438265625,0.04,0.04,0.08
QQQ,2026-09-23,2026-12-18,C,1015.0,167,21,0.22754678710937498,0.08,0.04,0.05
QQQ,2026-09-23,2026-12-18,C,1020.0,126,1,0.23828886718749998,0.08,0.04,0.07
QQQ,2026-09-23,2026-12-18,C,1025.0,202,1,0.241218525390625,0.07,0.03,0.07
QQQ,2026-09-23,2026-12-18,C,1030.0,93,10,0.24073024902343748,0.03,0.03,0.06
QQQ,2026-09-23,2026-12-18,C,1035.0,5050,10,0.24414818359375,0.03,0.03,0.06
QQQ,2026-09-23,2026-12-18,C,1040.0,109,1,0.247077841796875,0.09,0.02,0.06
QQQ,2026-09-23,2026-12-18,C,1045.0,18,2,0.2461012890625,0.07,0.02,0.05
QQQ,2026-09-23,2026-12-18,C,1050.0,17960,3,0.249030947265625,0.05,0.02,0.05
QQQ,2026-09-23,2026-12-18,C,1055.0,51,51,0.25196060546875,0.03,0.02,0.05
QQQ,2026-09-23,2026-12-18,C,1060.0,749,1,0.25489026367187506,0.02,0.01,0.05
QQQ,2026-09-23,2026-12-18,C,1065.0,393,2,0.257819921875,0.02,0.01,0.05
QQQ,2026-09-23,2026-12-18,C,1070.0,77,2,0.260749580078125,0.02,0.01,0.05
QQQ,2026-09-23,2026-12-18,C,1075.0,174,1,0.25879647460937505,0.02,0.01,0.04
QQQ,2026-09-23,2026-12-18,C,1080.0,14895,1,0.2617261328125,0.05,0.01,0.04
QQQ,2026-09-23,2026-12-18,C,1085.0,3098,20,0.264655791015625,0.03,0.01,0.04
QQQ,2026-09-23,2026-12-18,C,1090.0,9683,9,0.26758544921875,0.05,0.01,0.04
QQQ,2026-09-23,2026-12-18,C,1100.0,25888,1,0.26563234375,0.02,0.01,0.03
QQQ,2026-09-23,2026-12-18,P,204.78,9887,5,0.8359391406249999,0.04,0.03,0.04
QQQ,2026-09-23,2026-12-18,P,209.78,1058,100,0.789064609375,0.02,0.01,0.03
QQQ,2026-09-23,2026-12-18,P,214.78,222,50,0.8164080859374999,0.05,0.02,0.06
QQQ,2026-09-23,2026-12-18,P,219.78,171,50,0.8007832421875,0.05,0.02,0.06
QQQ,2026-09-23,2026-12-18,P,224.78,302,50,0.7695335546875001,0.05,0.02,0.04
QQQ,2026-09-23,2026-12-18,P,229.78,428,60,0.7539087109375,0.05,0.02,0.04
QQQ,2026-09-23,2026-12-18,P,234.78,2265,30,0.7656273437500001,0.05,0.02,0.07
QQQ,2026-09-23,2026-12-18,P,239.78,484,5,0.7539087109375,0.04,0.02,0.07
QQQ,2026-09-23,2026-12-18,P,244.78,726,5,0.7382838671874999,0.04,0.02,0.07
QQQ,2026-09-23,2026-12-18,P,249.78,760,27,0.7500025,0.09,0.05,0.08
QQQ,2026-09-23,2026-12-18,P,250.0,1916,301,0.7480493945312501,0.06,0.05,0.08
QQQ,2026-09-23,2026-12-18,P,254.78,762,65,0.726565234375,0.12,0.03,0.08
QQQ,2026-09-23,2026-12-18,P,255.0,515,27,0.73633076171875,0.09,0.05,0.08
QQQ,2026-09-23,2026-12-18,P,259.78,1424,1,0.7128934960937501,0.16,0.03,0.08
QQQ,2026-09-23,2026-12-18,P,260.0,471,240,0.7128934960937501,0.09,0.03,0.08
QQQ,2026-09-23,2026-12-18,P,264.78,750,500,0.710940390625,0.1,0.04,0.09
QQQ,2026-09-23,2026-12-18,P,265.0,830,18,0.70898728515625,0.08,0.04,0.09
QQQ,2026-09-23,2026-12-18,P,269.78,3616,15,0.70312796875,0.06,0.05,0.09
QQQ,2026-09-23,2026-12-18,P,270.0,988,10,0.70117486328125,0.09,0.05,0.09
QQQ,2026-09-23,2026-12-18,P,274.78,599,20,0.6992217578125001,0.13,0.06,0.1
QQQ,2026-09-23,2026-12-18,P,275.0,3162,10,0.69336244140625,0.07,0.06,0.09
QQQ,2026-09-23,2026-12-18,P,279.78,435,20,0.6865265722656251,0.14,0.06,0.1
QQQ,2026-09-23,2026-12-18,P,280.0,202,10,0.68555001953125,0.13,0.06,0.1
QQQ,2026-09-23,2026-12-18,P,284.78,3841,2,0.6816438085937502,0.12,0.07,0.11
QQQ,2026-09-23,2026-12-18,P,285.0,731,10,0.6816438085937502,0.1,0.07,0.11
QQQ,2026-09-23,2026-12-18,P,289.78,539,2,0.6728548339843752,0.15,0.08,0.11
QQQ,2026-09-23,2026-12-18,P,290.0,309,10,0.6728548339843752,0.12,0.08,0.11
QQQ,2026-09-23,2026-12-18,P,294.78,2875,10,0.6640658593750002,0.18,0.08,0.12
QQQ,2026-09-23,2026-12-18,P,295.0,313,20,0.6640658593750002,0.12,0.08,0.12
QQQ,2026-09-23,2026-12-18,P,299.78,2438,20,0.659183095703125,0.14,0.09,0.13
QQQ,2026-09-23,2026-12-18,P,300.0,3565,12,0.65820654296875,0.1,0.09,0.13
QQQ,2026-09-23,2026-12-18,P,304.78,402,1,0.694338994140625,0.55,0.18,0.26
QQQ,2026-09-23,2026-12-18,P,305.0,322,10,0.649417568359375,0.12,0.1,0.13
QQQ,2026-09-23,2026-12-18,P,309.78,502,1,0.6435582519531251,0.17,0.11,0.14
QQQ,2026-09-23,2026-12-18,P,310.0,352,10,0.6435582519531251,0.13,0.11,0.14
QQQ,2026-09-23,2026-12-18,P,314.78,488,9,0.637698935546875,0.21,0.12,0.15
QQQ,2026-09-23,2026-12-18,P,315.0,2829,10,0.631839619140625,0.14,0.12,0.13
QQQ,2026-09-23,2026-12-18,P,319.78,2280,39,0.6289099609375001,0.27,0.12,0.16
QQQ,2026-09-23,2026-12-18,P,320.0,700,20,0.6259803027343751,0.15,0.13,0.14
QQQ,2026-09-23,2026-12-18,P,324.78,626,1,0.624027197265625,0.21,0.14,0.17
QQQ,2026-09-23,2026-12-18,P,325.0,1419,1,0.6210975390625001,0.15,0.14,0.16
QQQ,2026-09-23,2026-12-18,P,329.78,6211,719,0.6171913281250001,0.17,0.15,0.18
QQQ,2026-09-23,2026-12-18,P,330.0,2021,501,0.6162147753906251,0.15,0.15,0.18
QQQ,2026-09-23,2026-12-18,P,334.78,1128,50,0.6098671826171876,0.35,0.16,0.19
QQQ,2026-09-23,2026-12-18,P,335.0,240,2,0.6093789062500001,0.17,0.16,0.19
QQQ,2026-09-23,2026-12-18,P,339.78,816,231,0.6005899316406251,0.44,0.16,0.2
QQQ,2026-09-23,2026-12-18,P,340.0,350,1,0.6020547607421877,0.18,0.17,0.2
QQQ,2026-09-23,2026-12-18,P,344.78,8168,1,0.5952188916015625,0.33,0.18,0.21
QQQ,2026-09-23,2026-12-18,P,345.0,603,1,0.5927775097656252,0.2,0.18,0.2
QQQ,2026-09-23,2026-12-18,P,349.78,2514,10,0.5893595751953126,0.35,0.19,0.23
QQQ,2026-09-23,2026-12-18,P,350.0,2972,5,0.5903361279296876,0.2,0.2,0.23
QQQ,2026-09-23,2026-12-18,P,354.78,788,6,0.5830119824218749,0.29,0.21,0.24
QQQ,2026-09-23,2026-12-18,P,355.0,494,1,0.5825237060546875,0.19,0.21,0.24
QQQ,2026-09-23,2026-12-18,P,359.78,2478,8,0.5766643896484375,0.36,0.22,0.26
QQQ,2026-09-23,2026-12-18,P,360.0,1183,1,0.57617611328125,0.3,0.22,0.26
QQQ,2026-09-23,2026-12-18,P,364.78,675,1,0.570316796875,0.32,0.24,0.27
QQQ,2026-09-23,2026-12-18,P,365.0,230,1,0.5698285205078125,0.32,0.24,0.27
QQQ,2026-09-23,2026-12-18,P,369.78,4016,1,0.5634809277343751,0.34,0.25,0.29
QQQ,2026-09-23,2026-12-18,P,370.0,769,17,0.5629926513671876,0.27,0.25,0.29
QQQ,2026-09-23,2026-12-18,P,374.78,2053,1,0.5566450585937501,0.39,0.27,0.3
QQQ,2026-09-23,2026-12-18,P,375.0,1653,43,0.5564009204101563,0.28,0.27,0.3
QQQ,2026-09-23,2026-12-18,P,379.78,5090,1,0.5510298803710938,0.41,0.29,0.32
QQQ,2026-09-23,2026-12-18,P,380.0,3799,2,0.5493209130859377,0.32,0.28,0.32
QQQ,2026-09-23,2026-12-18,P,384.78,560,1,0.5449264257812501,0.43,0.31,0.34
QQQ,2026-09-23,2026-12-18,P,385.0,320,2,0.5444381494140625,0.32,0.31,0.34
QQQ,2026-09-23,2026-12-18,P,389.78,1208,1,0.5388229711914063,0.42,0.33,0.36
QQQ,2026-09-23,2026-12-18,P,390.0,1994,2,0.5383346948242189,0.36,0.33,0.36
QQQ,2026-09-23,2026-12-18,P,394.78,816,1,0.5324753784179688,0.45,0.35,0.38
QQQ,2026-09-23,2026-12-18,P,395.0,181,2,0.5319871020507813,0.35,0.35,0.38
QQQ,2026-09-23,2026-12-18,P,399.78,3695,1,0.5258836474609375,0.51,0.37,0.4
QQQ,2026-09-23,2026-12-18,P,400.0,31839,65,0.52539537109375,0.36,0.37,0.4
QQQ,2026-09-23,2026-12-18,P,404.78,1426,1,0.5195360546875,0.54,0.39,0.42
QQQ,2026-09-23,2026-12-18,P,405.0,237,1,0.5180712255859375,0.4,0.38,0.42
QQQ,2026-09-23,2026-12-18,P,409.78,608,6,0.5127001855468749,0.46,0.41,0.44
QQQ,2026-09-23,2026-12-18,P,410.0,5796,1,0.5129443237304687,0.54,0.41,0.45
QQQ,2026-09-23,2026-12-18,P,414.78,3056,1,0.5065967309570312,0.56,0.43,0.47
QQQ,2026-09-23,2026-12-18,P,415.0,761,3,0.506840869140625,0.48,0.44,0.47
QQQ,2026-09-23,2026-12-18,P,419.78,509,1,0.5004932763671875,0.6,0.46,0.49
QQQ,2026-09-23,2026-12-18,P,420.0,7779,2,0.5007374145507812,0.47,0.47,0.49
QQQ,2026-09-23,2026-12-18,P,424.78,1604,1,0.49658706542968756,0.66,0.49,0.52
QQQ,2026-09-23,2026-12-18,P,425.0,1194,12,0.49609878906250005,0.49,0.48,0.52
QQQ,2026-09-23,2026-12-18,P,429.78,297,1,0.4907277490234375,0.7,0.52,0.55
QQQ,2026-09-23,2026-12-18,P,430.0,8479,1,0.49023947265625006,0.59,0.52,0.55
QQQ,2026-09-23,2026-12-18,P,434.78,143,1,0.4846242944335938,0.74,0.54,0.58
QQQ,2026-09-23,2026-12-18,P,435.0,346,1,0.48413601806640627,0.56,0.55,0.58
QQQ,2026-09-23,2026-12-18,P,439.78,2200,1,0.47827670166015623,0.6,0.58,0.61
QQQ,2026-09-23,2026-12-18,P,440.0,11854,1,0.4779104943847656,0.6,0.59,0.61
QQQ,2026-09-23,2026-12-18,P,444.78,2492,1,0.47192910888671874,0.62,0.61,0.64
QQQ,2026-09-23,2026-12-18,P,445.0,243,1,0.4715629016113281,0.63,0.62,0.64
QQQ,2026-09-23,2026-12-18,P,449.78,713,1,0.46655806884765627,0.63,0.65,0.68
QQQ,2026-09-23,2026-12-18,P,450.0,17014,2,0.4660697924804688,0.65,0.65,0.68
QQQ,2026-09-23,2026-12-18,P,454.78,1868,1,0.46082082153320314,0.66,0.69,0.72
QQQ,2026-09-23,2026-12-18,P,455.0,2573,1,0.4594780615234375,0.69,0.69,0.71
QQQ,2026-09-23,2026-12-18,P,459.78,293,1,0.4549615051269531,0.7,0.72,0.76
QQQ,2026-09-23,2026-12-18,P,460.0,4325,346,0.45361874511718747,0.68,0.72,0.75
QQQ,2026-09-23,2026-12-18,P,464.78,524,6,0.44812563598632804,1.02,0.75,0.79
QQQ,2026-09-23,2026-12-18,P,465.0,2457,1,0.44775942871093743,0.77,0.76,0.79
QQQ,2026-09-23,2026-12-18,P,469.78,553,1,0.44287666503906253,0.81,0.8,0.84
QQQ,2026-09-23,2026-12-18,P,470.0,4364,4,0.442388388671875,0.82,0.81,0.84
QQQ,2026-09-23,2026-12-18,P,474.78,1150,1,0.4366511413574219,0.85,0.85,0.88
QQQ,2026-09-23,2026-12-18,P,475.0,1662,1,0.43555251953125,0.84,0.84,0.87
QQQ,2026-09-23,2026-12-18,P,479.78,334,3,0.43103596313476567,0.87,0.89,0.93
QQQ,2026-09-23,2026-12-18,P,480.0,28634,11,0.4299373413085938,0.89,0.9,0.92
QQQ,2026-09-23,2026-12-18,P,484.78,1800,1,0.42517664672851563,0.9,0.94,0.98
QQQ,2026-09-23,2026-12-18,P,485.0,3676,3,0.42407802490234375,0.96,0.94,0.97
QQQ,2026-09-23,2026-12-18,P,489.78,642,1,0.4193173303222656,0.94,0.99,1.03
QQQ,2026-09-23,2026-12-18,P,490.0,7457,101,0.4182187084960937,0.99,0.99,1.02
QQQ,2026-09-23,2026-12-18,P,494.78,679,10,0.41260353027343744,1.0,1.04,1.07
QQQ,2026-09-23,2026-12-18,P,495.0,2736,3,0.41223732299804683,1.03,1.04,1.07
QQQ,2026-09-23,2026-12-18,P,499.78,774,1,0.40698835205078127,1.1,1.09,1.13
QQQ,2026-09-23,2026-12-18,P,500.0,19875,204,0.4066221447753906,1.1,1.11,1.13
QQQ,2026-09-23,2026-12-18,P,504.78,2719,1,0.4018614501953125,1.12,1.16,1.2
QQQ,2026-09-23,2026-12-18,P,505.0,4235,3,0.4008848974609375,1.15,1.15,1.19
QQQ,2026-09-23,2026-12-18,P,509.78,319,1,0.39588006469726567,1.17,1.23,1.26
QQQ,2026-09-23,2026-12-18,P,510.0,7621,3,0.39551385742187506,1.21,1.22,1.26
QQQ,2026-09-23,2026-12-18,P,514.78,356,1,0.39038695556640624,1.26,1.29,1.33
QQQ,2026-09-23,2026-12-18,P,515.0,13077,39,0.38947143737792966,1.31,1.28,1.32
QQQ,2026-09-23,2026-12-18,P,519.78,789,1,0.3846497082519531,1.34,1.36,1.4
QQQ,2026-09-23,2026-12-18,P,520.0,11762,25,0.383795224609375,1.37,1.36,1.39
QQQ,2026-09-23,2026-12-18,P,524.78,488,18,0.3792176336669921,1.43,1.44,1.48
QQQ,2026-09-23,2026-12-18,P,525.0,4767,7,0.378363150024414,1.45,1.44,1.47
QQQ,2026-09-23,2026-12-18,P,529.78,3785,60,0.3736024554443359,1.46,1.52,1.56
QQQ,2026-09-23,2026-12-18,P,530.0,23695,2,0.37317521362304684,1.55,1.52,1.56
QQQ,2026-09-23,2026-12-18,P,534.78,907,25,0.36780417358398443,1.62,1.6,1.64
QQQ,2026-09-23,2026-12-18,P,535.0,7892,306,0.36743796630859377,1.58,1.6,1.64
QQQ,2026-09-23,2026-12-18,P,539.78,1176,2,0.3626772717285156,1.61,1.69,1.74
QQQ,2026-09-23,2026-12-18,P,540.0,17085,2,0.3610903735351562,1.74,1.69,1.71
QQQ,2026-09-23,2026-12-18,P,544.78,564,1,0.35657381713867187,1.86,1.78,1.82
QQQ,2026-09-23,2026-12-18,P,545.0,1666,413,0.35584140258789054,1.74,1.78,1.81
QQQ,2026-09-23,2026-12-18,P,549.78,480,4,0.35108070800781244,1.82,1.89,1.92
QQQ,2026-09-23,2026-12-18,P,550.0,29290,11,0.351019673461914,1.9,1.89,1.93
QQQ,2026-09-23,2026-12-18,P,554.78,3949,4,0.34564863342285157,1.9,2.0,2.03
QQQ,2026-09-23,2026-12-18,P,555.0,9840,5,0.3459538061523437,1.99,2.01,2.05
QQQ,2026-09-23,2026-12-18,P,559.78,341,5,0.34039966247558595,2.11,2.12,2.15
QQQ,2026-09-23,2026-12-18,P,560.0,14587,18,0.3403386279296875,2.07,2.12,2.16
QQQ,2026-09-23,2026-12-18,P,564.78,895,1,0.3349065533447265,2.32,2.24,2.27
QQQ,2026-09-23,2026-12-18,P,565.0,4663,8,0.33484551879882807,2.26,2.25,2.28
QQQ,2026-09-23,2026-12-18,P,569.78,842,3,0.3298406860351562,3.16,2.38,2.41
QQQ,2026-09-23,2026-12-18,P,570.0,14907,2,0.32971861694335935,2.25,2.39,2.42
QQQ,2026-09-23,2026-12-18,P,574.78,1827,1,0.3247748187255859,2.55,2.52,2.56
QQQ,2026-09-23,2026-12-18,P,575.0,20539,42,0.32462223236083976,2.56,2.53,2.57
QQQ,2026-09-23,2026-12-18,P,579.78,1504,7,0.31915964050292955,2.3,2.66,2.7
QQQ,2026-09-23,2026-12-18,P,580.0,27077,2,0.31928170959472646,2.68,2.68,2.72
QQQ,2026-09-23,2026-12-18,P,584.78,887,27,0.31415480773925775,2.61,2.83,2.87
QQQ,2026-09-23,2026-12-18,P,585.0,15047,5,0.3139717041015625,2.91,2.84,2.88
QQQ,2026-09-23,2026-12-18,P,589.78,1046,10,0.30951618225097655,2.88,3.03,3.07
QQQ,2026-09-23,2026-12-18,P,590.0,24424,23,0.3091194577026367,3.0,3.04,3.07
QQQ,2026-09-23,2026-12-18,P,594.78,3430,1,0.30438928039550783,2.91,3.22,3.26
QQQ,2026-09-23,2026-12-18,P,595.0,3707,42,0.3042061767578125,3.06,3.23,3.27
QQQ,2026-09-23,2026-12-18,P,599.78,2382,3,0.29941496490478514,3.27,3.43,3.47
QQQ,2026-09-23,2026-12-18,P,600.0,46785,66,0.2989877230834961,3.38,3.45,3.47
QQQ,2026-09-23,2026-12-18,P,604.78,1036,3,0.29456271850585936,3.57,3.66,3.7
QQQ,2026-09-23,2026-12-18,P,605.0,19020,52,0.2937082348632812,3.71,3.65,3.68
QQQ,2026-09-23,2026-12-18,P,609.78,1328,4,0.2897409893798828,3.49,3.91,3.95
QQQ,2026-09-23,2026-12-18,P,610.0,27865,2,0.2891306439208984,3.92,3.91,3.94
QQQ,2026-09-23,2026-12-18,P,615.0,14012,10,0.28436994934082027,4.11,4.17,4.21
QQQ,2026-09-23,2026-12-18,P,620.0,31901,2,0.27997546203613277,4.4,4.48,4.52
QQQ,2026-09-23,2026-12-18,P,625.0,8812,37,0.2750011465454102,4.83,4.77,4.82
QQQ,2026-09-23,2026-12-18,P,630.0,11679,11,0.27033200378417965,5.1,5.12,5.16
QQQ,2026-09-23,2026-12-18,P,635.0,5442,107,0.2657238955688477,5.43,5.48,5.53
QQQ,2026-09-23,2026-12-18,P,640.0,18518,132,0.2616956155395508,5.82,5.92,5.97
QQQ,2026-09-23,2026-12-18,P,645.0,19770,10526,0.2571790591430664,6.3,6.36,6.41
QQQ,2026-09-23,2026-12-18,P,650.0,31954,204,0.25275405456542965,6.9,6.84,6.89
QQQ,2026-09-23,2026-12-18,P,655.0,23972,8,0.24846637771606445,7.33,7.36,7.42
QQQ,2026-09-23,2026-12-18,P,660.0,201076,74,0.2442549940490723,7.82,7.95,8.0
QQQ,2026-09-23,2026-12-18,P,665.0,7640,29,0.239967317199707,8.45,8.56,8.62
QQQ,2026-09-23,2026-12-18,P,670.0,21682,12,0.23578645080566402,9.24,9.23,9.3
QQQ,2026-09-23,2026-12-18,P,675.0,24595,770,0.23154454986572265,9.84,9.98,10.03
QQQ,2026-09-23,2026-12-18,P,680.0,68688,123,0.22769937347412106,10.62,10.78,10.86
QQQ,2026-09-23,2026-12-18,P,685.0,4995,2,0.22357954162597654,11.61,11.65,11.73
QQQ,2026-09-23,2026-12-18,P,690.0,25380,651,0.2195360029602051,12.32,12.61,12.68
QQQ,2026-09-23,2026-12-18,P,695.0,8021,12,0.21526358474731444,13.4,13.62,13.68
QQQ,2026-09-23,2026-12-18,P,700.0,61562,198,0.21144892562866208,14.78,14.75,14.82
QQQ,2026-09-23,2026-12-18,P,705.0,3820,41,0.2075427146911621,15.63,15.94,16.04
QQQ,2026-09-23,2026-12-18,P,710.0,16628,10536,0.20371279693603517,17.0,17.26,17.37
QQQ,2026-09-23,2026-12-18,P,715.0,4910,30,0.19976081008911134,18.35,18.69,18.79
QQQ,2026-09-23,2026-12-18,P,720.0,13626,52,0.19585459915161135,19.91,20.23,20.33
QQQ,2026-09-23,2026-12-18,P,725.0,23206,66,0.1919941641235352,21.63,21.92,22.0
QQQ,2026-09-23,2026-12-18,P,730.0,6068,100,0.18828631546020508,23.74,23.75,23.82
QQQ,2026-09-23,2026-12-18,P,735.0,4693,123,0.18486838088989255,25.7,25.67,25.82
QQQ,2026-09-23,2026-12-18,P,740.0,9536,703,0.1808401008605957,27.41,27.77,27.88
QQQ,2026-09-23,2026-12-18,P,745.0,3265,383,0.17740690765380857,29.7,30.0,30.18
QQQ,2026-09-23,2026-12-18,P,750.0,9836,49,0.17405000762939454,32.14,32.48,32.65
QQQ,2026-09-23,2026-12-18,P,755.0,303,1,0.1700675035095215,34.36,35.02,35.2
QQQ,2026-09-23,2026-12-18,P,760.0,3689,30,0.16642068939208987,36.34,37.76,37.97
QQQ,2026-09-23,2026-12-18,P,765.0,392,2,0.16381146255493167,37.91,40.44,41.05
QQQ,2026-09-23,2026-12-18,P,770.0,586,35,0.15860826751708984,40.86,43.37,43.98
QQQ,2026-09-23,2026-12-18,P,775.0,780,2,0.15715869705200197,41.56,46.91,47.55
QQQ,2026-09-23,2026-12-18,P,780.0,862,9,0.1518486915588379,48.0,50.19,50.85
QQQ,2026-09-23,2026-12-18,P,785.0,444,1,0.1482781706237793,54.35,53.99,54.53
QQQ,2026-09-23,2026-12-18,P,790.0,60,19,0.14542480560302734,50.03,57.66,58.45
QQQ,2026-09-23,2026-12-18,P,795.0,222,8,0.13922979919433598,57.98,61.67,62.26
QQQ,2026-09-23,2026-12-18,P,800.0,1146,3,0.1362391064453125,66.0,65.78,66.5
QQQ,2026-09-23,2026-12-18,P,805.0,305,119,0.1315394464111328,69.95,69.88,70.78
QQQ,2026-09-23,2026-12-18,P,810.0,615,4,0.11560942993164064,72.4,74.14,74.77
QQQ,2026-09-23,2026-12-18,P,815.0,221,285,0.0991301025390625,71.92,78.57,79.22
QQQ,2026-09-23,2026-12-18,P,820.0,330,4,0.10669838623046876,80.25,83.25,84.26
QQQ,2026-09-23,2026-12-18,P,825.0,252,292,0.11109287353515623,79.76,86.36,89.25
QQQ,2026-09-23,2026-12-18,P,830.0,0,2,1.0000000000000003e-05,112.47,0.0,0.0
QQQ,2026-09-23,2026-12-18,P,835.0,0,2,1.0000000000000003e-05,103.66,0.0,0.0
QQQ,2026-09-23,2026-12-18,P,840.0,0,2,1.0000000000000003e-05,108.46,0.0,0.0
QQQ,2026-09-23,2026-12-18,P,845.0,1,1,0.062509375,100.64,106.11,108.99
QQQ,2026-09-23,2026-12-18,P,850.0,0,2,1.0000000000000003e-05,127.68,0.0,0.0
QQQ,2026-09-23,2026-12-18,P,855.0,0,20,0.062509375,148.6,115.92,118.99
QQQ,2026-09-23,2026-12-18,P,860.0,0,1,0.17078465942382814,114.5,121.41,124.76
QQQ,2026-09-23,2026-12-18,P,865.0,0,661,1.0000000000000003e-05,147.86,0.0,0.0
QQQ,2026-09-23,2026-12-18,P,870.0,0,1,1.0000000000000003e-05,148.75,0.0,0.0
QQQ,2026-09-23,2026-12-18,P,875.0,0,2,0.13086806640624998,169.37,136.41,139.04
QQQ,2026-09-23,2026-12-18,P,880.0,0,4,1.0000000000000003e-05,147.21,0.0,0.0
QQQ,2026-09-23,2026-12-18,P,885.0,0,4,1.0000000000000003e-05,154.92,0.0,0.0
QQQ,2026-09-23,2026-12-18,P,890.0,0,2,1.0000000000000003e-05,157.58,0.0,0.0
QQQ,2026-09-23,2026-12-18,P,895.0,0,20,0.18775226318359373,188.61,156.41,159.41
QQQ,2026-09-23,2026-12-18,P,900.0,1,1,0.19226881958007813,159.22,161.13,164.41
QQQ,2026-09-23,2026-12-18,P,905.0,0,1,0.19678537597656248,164.24,165.92,169.41
QQQ,2026-09-23,2026-12-18,P,910.0,0,0,1.2945439325714108,300.25,298.5,303.5
QQQ,2026-09-23,2026-12-18,P,920.0,0,1111,0.2063067651367187,196.88,180.96,184.36
QQQ,2026-09-23,2026-12-18,P,925.0,0,130,0.5992319129943848,227.74,216.94,219.83
QQQ,2026-09-23,2026-12-18,P,935.0,0,2124,0.6145210667419434,237.17,226.8,230.04
QQQ,2026-09-23,2026-12-18,P,940.0,0,0,0.6218909881591796,239.52,231.8,235.04
QQQ,2026-09-23,2026-12-18,P,950.0,0,1,0.26367923828125,213.0,211.42,214.91
QQQ,2026-09-23,2026-12-18,P,960.0,0,2,0.2395095581054687,254.37,220.93,224.36
QQQ,2026-09-23,2026-12-18,P,1000.0,0,6,0.29932341308593746,294.37,261.23,264.77
QQQ,2026-09-23,2026-12-18,P,1015.0,0,0,0.2836985693359374,309.37,275.92,279.38
QQQ,2026-09-23,2026-12-18,P,1020.0,0,0,0.2910227148437499,314.38,281.05,284.42
QQQ,2026-09-23,2026-12-18,P,1025.0,0,4,0.736407054901123,327.53,316.94,319.83
QQQ,2026-09-23,2026-12-18,P,1030.0,0,0,0.29932341308593746,324.38,290.88,294.43
QQQ,2026-09-23,2026-12-18,P,1045.0,0,0,0.352545537109375,339.38,306.44,310.1
QQQ,2026-09-23,2026-12-18,P,1050.0,0,0,0.26709717285156254,344.2,310.84,314.09
QQQ,2026-09-23,2026-12-18,P,1055.0,0,0,0.31653515502929686,349.2,315.93,319.42
QQQ,2026-09-23,2026-12-18,P,1060.0,0,0,0.31909860595703116,354.38,321.22,324.41
QQQ,2026-09-23,2026-12-18,P,1065.0,0,0,0.37622694091796877,359.37,326.44,330.27
QQQ,2026-09-23,2026-12-18,P,1070.0,0,0,0.32617861328125,364.37,330.94,334.41
QQQ,2026-09-23,2026-12-18,P,1100.0,0,0,0.34766277343749996,394.48,360.88,364.42
QQQ,2026-09-23,2027-01-15,C,205.0,245,5,1.260379674682617,537.75,533.32,535.91
QQQ,2026-09-23,2027-01-15,C,210.0,0,3,1.0000000000000003e-05,522.82,0.0,0.0
QQQ,2026-09-23,2027-01-15,C,215.0,31,3,1.224002903442383,506.5,523.47,526.03
QQQ,2026-09-23,2027-01-15,C,220.0,80,8,1.0000000000000003e-05,476.88,487.71,491.12
QQQ,2026-09-23,2027-01-15,C,225.0,0,20,1.0000000000000003e-05,478.9,0.0,0.0
QQQ,2026-09-23,2027-01-15,C,230.0,61,61,1.175541231689453,491.0,508.7,511.33
QQQ,2026-09-23,2027-01-15,C,235.0,8,1,1.1348920208740236,477.8,502.95,506.35
QQQ,2026-09-23,2027-01-15,C,240.0,169,11,1.1424603424072266,497.83,498.85,501.45
QQQ,2026-09-23,2027-01-15,C,245.0,21,5,1.0000000000000003e-05,487.7,452.4,456.19
QQQ,2026-09-23,2027-01-15,C,250.0,102,2,1.0000000000000003e-05,493.94,447.53,451.33
QQQ,2026-09-23,2027-01-15,C,255.0,3,1,1.0000000000000003e-05,480.75,453.4,456.82
QQQ,2026-09-23,2027-01-15,C,260.0,15,1,1.0808151428222659,460.04,479.16,481.73
QQQ,2026-09-23,2027-01-15,C,265.0,37,1,1.0000000000000003e-05,454.16,443.57,447.01
QQQ,2026-09-23,2027-01-15,C,270.0,0,36,1.0000000000000003e-05,453.02,0.0,0.0
QQQ,2026-09-23,2027-01-15,C,275.0,0,1,1.0000000000000003e-05,454.0,0.0,0.0
QQQ,2026-09-23,2027-01-15,C,280.0,0,1,1.0000000000000003e-05,445.57,0.0,0.0
QQQ,2026-09-23,2027-01-15,C,285.0,0,20,1.0000000000000003e-05,438.56,0.0,0.0
QQQ,2026-09-23,2027-01-15,C,290.0,29,2,0.9827272235107423,435.16,448.94,452.23
QQQ,2026-09-23,2027-01-15,C,295.0,0,50,1.0000000000000003e-05,441.65,0.0,0.0
QQQ,2026-09-23,2027-01-15,C,300.0,231,7,0.957458921508789,414.27,439.14,442.38
QQQ,2026-09-23,2027-01-15,C,305.0,16,1,1.0000000000000003e-05,380.0,414.96,418.99
QQQ,2026-09-23,2027-01-15,C,310.0,0,65,1.0000000000000003e-05,402.56,0.0,0.0
QQQ,2026-09-23,2027-01-15,C,315.0,114,11,0.9407354559326171,398.38,425.06,428.09
QQQ,2026-09-23,2027-01-15,C,320.0,0,1,1.0000000000000003e-05,402.38,0.0,0.0
QQQ,2026-09-23,2027-01-15,C,325.0,176,7,0.9147347393798828,395.1,415.22,418.21
QQQ,2026-09-23,2027-01-15,C,330.0,78,1,1.153477133026123,420.53,419.9,423.55
QQQ,2026-09-23,2027-01-15,C,335.0,60,4,0.8768322863769531,385.2,404.99,407.97
QQQ,2026-09-23,2027-01-15,C,340.0,26,1,0.8570570935058592,379.17,399.6,403.05
QQQ,2026-09-23,2027-01-15,C,345.0,0,3,1.0000000000000003e-05,382.12,0.0,0.0
QQQ,2026-09-23,2027-01-15,C,350.0,129,3,0.8376481079101561,373.35,389.97,393.23
QQQ,2026-09-23,2027-01-15,C,355.0,0,2,1.0000000000000003e-05,372.47,0.0,0.0
QQQ,2026-09-23,2027-01-15,C,360.0,65,1,0.8137836004638672,351.32,380.04,383.41
QQQ,2026-09-23,2027-01-15,C,365.0,0,3,1.0000000000000003e-05,361.41,0.0,0.0
QQQ,2026-09-23,2027-01-15,C,370.0,46,2,0.8037129003906249,355.13,371.04,373.58
QQQ,2026-09-23,2027-01-15,C,375.0,0,1,1.0000000000000003e-05,342.41,0.0,0.0
QQQ,2026-09-23,2027-01-15,C,380.0,71,3,1.0000000000000003e-05,347.54,331.24,334.8
QQQ,2026-09-23,2027-01-15,C,385.0,37,1,0.7710594183349608,326.7,355.91,359.26
QQQ,2026-09-23,2027-01-15,C,390.0,0,1,1.0000000000000003e-05,334.64,0.0,0.0
QQQ,2026-09-23,2027-01-15,C,395.0,57,1,0.7429224926757811,328.6,345.8,349.21
QQQ,2026-09-23,2027-01-15,C,400.0,453,1,0.7318142053222656,350.0,340.95,344.19
QQQ,2026-09-23,2027-01-15,C,405.0,0,1,1.0000000000000003e-05,311.84,0.0,0.0
QQQ,2026-09-23,2027-01-15,C,410.0,0,6,1.0000000000000003e-05,334.76,0.0,0.0
QQQ,2026-09-23,2027-01-15,C,415.0,14,1,0.7107572869873047,296.12,326.69,329.82
QQQ,2026-09-23,2027-01-15,C,420.0,168,1,0.7044096942138673,302.69,322.05,324.99
QQQ,2026-09-23,2027-01-15,C,425.0,78,5,0.6899750241088869,296.73,317.16,319.7
QQQ,2026-09-23,2027-01-15,C,430.0,105,3,0.6723665576171877,292.27,311.54,314.84
QQQ,2026-09-23,2027-01-15,C,435.0,76,3,1.0000000000000003e-05,288.95,291.79,295.67
QQQ,2026-09-23,2027-01-15,C,440.0,83,2,0.6612887875366212,301.8,302.5,305.07
QQQ,2026-09-23,2027-01-15,C,445.0,0,1,1.0000000000000003e-05,275.47,0.0,0.0
QQQ,2026-09-23,2027-01-15,C,450.0,714,1,0.642307043762207,303.9,292.73,295.31
QQQ,2026-09-23,2027-01-15,C,455.0,137,2,1.0000000000000003e-05,260.68,258.59,262.17
QQQ,2026-09-23,2027-01-15,C,460.0,133,5,0.623752541809082,290.0,282.98,285.56
QQQ,2026-09-23,2027-01-15,C,465.0,54,6,0.6185951226806643,257.0,278.11,281.11
QQQ,2026-09-23,2027-01-15,C,470.0,300,1,0.5993997579956055,247.0,272.54,275.87
QQQ,2026-09-23,2027-01-15,C,475.0,0,3,1.0000000000000003e-05,267.06,0.0,0.0
QQQ,2026-09-23,2027-01-15,C,480.0,755,1,0.5880473324584962,245.0,263.51,266.15
QQQ,2026-09-23,2027-01-15,C,485.0,0,2,1.0000000000000003e-05,261.74,0.0,0.0
QQQ,2026-09-23,2027-01-15,C,490.0,323,1,0.5640607559204102,228.0,253.11,256.39
QQQ,2026-09-23,2027-01-15,C,495.0,0,1,1.0000000000000003e-05,251.0,0.0,0.0
QQQ,2026-09-23,2027-01-15,C,500.0,2848,2,0.5525862612915039,245.87,244.1,246.69
QQQ,2026-09-23,2027-01-15,C,505.0,669,2,0.5444686666870118,245.0,239.26,241.9
QQQ,2026-09-23,2027-01-15,C,510.0,618,7,0.6716646603393556,243.15,243.88,247.75
QQQ,2026-09-23,2027-01-15,C,515.0,282,2,0.5286607192993166,234.37,229.58,232.39
QQQ,2026-09-23,2027-01-15,C,520.0,548,13,0.5152941537475585,234.8,224.3,227.36
QQQ,2026-09-23,2027-01-15,C,525.0,797,31,0.5123339782714844,228.52,219.93,222.8
QQQ,2026-09-23,2027-01-15,C,530.0,1458,1,0.5043384527587891,218.08,215.11,218.03
QQQ,2026-09-23,2027-01-15,C,535.0,601,4,0.5184374328613282,181.18,210.3,213.4
QQQ,2026-09-23,2027-01-15,C,540.0,884,2,0.5094653546142578,211.41,205.5,208.57
QQQ,2026-09-23,2027-01-15,C,545.0,150,1,0.4950917190551758,200.45,200.0,203.32
QQQ,2026-09-23,2027-01-15,C,550.0,3771,3,0.48672998626708985,201.1,195.91,198.53
QQQ,2026-09-23,2027-01-15,C,555.0,606,1,0.48175567077636716,198.34,191.13,194.02
QQQ,2026-09-23,2027-01-15,C,560.0,1931,11,0.45093322509765627,192.54,186.47,187.42
QQQ,2026-09-23,2027-01-15,C,565.0,984,5,0.44397528686523435,190.75,182.12,182.72
QQQ,2026-09-23,2027-01-15,C,570.0,3159,2,0.4363154513549804,181.43,177.38,177.97
QQQ,2026-09-23,2027-01-15,C,575.0,2064,45,0.42896078857421877,178.31,172.65,173.25
QQQ,2026-09-23,2027-01-15,C,580.0,3560,25,0.42082793533325197,178.65,167.55,168.47
QQQ,2026-09-23,2027-01-15,C,585.0,2807,3,0.41342749664306633,172.9,162.85,163.76
QQQ,2026-09-23,2027-01-15,C,590.0,1422,2,0.40738507659912115,166.25,158.59,159.18
QQQ,2026-09-23,2027-01-15,C,595.0,1129,1,0.3990386024475098,160.23,153.45,154.4
QQQ,2026-09-23,2027-01-15,C,600.0,9163,34,0.3920043710327148,149.86,148.8,149.75
QQQ,2026-09-23,2027-01-15,C,605.0,1593,1,0.3882202291870117,152.35,144.87,145.43
QQQ,2026-09-23,2027-01-15,C,610.0,2239,2,0.3781953050231933,144.31,139.59,140.51
QQQ,2026-09-23,2027-01-15,C,615.0,1041,1,0.3714815049743652,142.71,135.01,135.93
QQQ,2026-09-23,2027-01-15,C,620.0,2492,1,0.36832296722412117,131.17,131.12,131.74
QQQ,2026-09-23,2027-01-15,C,625.0,1370,7,0.36105985626220705,130.54,126.59,127.14
QQQ,2026-09-23,2027-01-15,C,630.0,4805,15,0.35454441848754875,120.81,122.09,122.64
QQQ,2026-09-23,2027-01-15,C,635.0,1991,15,0.3485630329895019,116.31,117.64,118.22
QQQ,2026-09-23,2027-01-15,C,640.0,4498,35,0.3392857820129394,118.1,112.94,113.44
QQQ,2026-09-23,2027-01-15,C,645.0,2705,3,0.33304499969482426,114.82,108.18,109.03
QQQ,2026-09-23,2027-01-15,C,650.0,7983,23,0.32947447875976554,108.34,104.44,104.97
QQQ,2026-09-23,2027-01-15,C,655.0,3042,14,0.3210669700622558,84.2,99.89,100.35
QQQ,2026-09-23,2027-01-15,C,660.0,6753,2,0.31525342956542957,100.22,95.28,96.08
QQQ,2026-09-23,2027-01-15,C,665.0,3986,36,0.3095619581604004,100.97,91.08,91.86
QQQ,2026-09-23,2027-01-15,C,670.0,7598,5,0.306220316772461,89.5,87.49,87.99
QQQ,2026-09-23,2027-01-15,C,675.0,4717,4,0.2991097921752929,86.0,83.16,83.66
QQQ,2026-09-23,2027-01-15,C,680.0,6945,11,0.29325047576904284,78.38,78.87,79.54
QQQ,2026-09-23,2027-01-15,C,685.0,2479,7,0.2885508157348632,83.58,75.16,75.63
QQQ,2026-09-23,2027-01-15,C,690.0,9990,6,0.2849192602539062,71.04,71.39,71.93
QQQ,2026-09-23,2027-01-15,C,695.0,2490,4,0.27851063293457035,75.0,67.14,67.88
QQQ,2026-09-23,2027-01-15,C,700.0,10348,3,0.2738033435821533,63.65,63.67,64.14
QQQ,2026-09-23,2027-01-15,C,705.0,4531,8,0.26893583854675285,62.39,59.89,60.44
QQQ,2026-09-23,2027-01-15,C,710.0,1741,8,0.2644040235137939,59.58,56.41,56.86
QQQ,2026-09-23,2027-01-15,C,715.0,1835,1,0.2601697518920898,53.31,52.93,53.4
QQQ,2026-09-23,2027-01-15,C,720.0,4649,20,0.2559507389068604,50.28,49.54,50.02
QQQ,2026-09-23,2027-01-15,C,725.0,7407,4,0.25177750183105463,46.89,46.17,46.73
QQQ,2026-09-23,2027-01-15,C,730.0,6842,11,0.24781025634765624,43.19,43.12,43.56
QQQ,2026-09-23,2027-01-15,C,735.0,2535,70,0.24397270927429202,39.75,40.09,40.5
QQQ,2026-09-23,2027-01-15,C,740.0,7846,26,0.24004361038208005,37.7,37.17,37.52
QQQ,2026-09-23,2027-01-15,C,745.0,2127,17,0.23630524444580076,34.9,34.43,34.67
QQQ,2026-09-23,2027-01-15,C,750.0,9867,44,0.23249821464538575,31.93,31.71,31.91
QQQ,2026-09-23,2027-01-15,C,755.0,2711,5,0.2295151512145996,29.77,29.21,29.39
QQQ,2026-09-23,2027-01-15,C,760.0,7688,60,0.22649394119262695,27.22,26.83,26.97
QQQ,2026-09-23,2027-01-15,C,765.0,5017,3,0.22380079185485838,25.08,24.57,24.71
QQQ,2026-09-23,2027-01-15,C,770.0,8652,6,0.22130600479125978,22.78,22.51,22.59
QQQ,2026-09-23,2027-01-15,C,775.0,4232,60,0.21868151931762692,20.53,20.46,20.56
QQQ,2026-09-23,2027-01-15,C,780.0,7009,268,0.21680470703125,18.64,18.64,18.75
QQQ,2026-09-23,2027-01-15,C,785.0,2055,3,0.21482108428955077,16.95,16.93,17.03
QQQ,2026-09-23,2027-01-15,C,790.0,3704,1,0.21245599563598633,15.23,15.26,15.36
QQQ,2026-09-23,2027-01-15,C,795.0,2117,3,0.21106745971679686,14.2,13.79,13.93
QQQ,2026-09-23,2027-01-15,C,800.0,14001,1373,0.20963314788818355,12.55,12.54,12.59
QQQ,2026-09-23,2027-01-15,C,805.0,3852,2,0.20841245697021477,11.56,11.27,11.37
QQQ,2026-09-23,2027-01-15,C,810.0,8914,154,0.20664245513916013,10.29,10.1,10.17
QQQ,2026-09-23,2027-01-15,C,815.0,1359,9,0.20597107513427731,9.37,9.09,9.19
QQQ,2026-09-23,2027-01-15,C,820.0,3119,7,0.20490297058105467,8.4,8.17,8.24
QQQ,2026-09-23,2027-01-15,C,825.0,1509,20,0.20386538330078124,7.55,7.27,7.37
QQQ,2026-09-23,2027-01-15,C,830.0,5804,33,0.20322452056884766,7.04,6.51,6.61
QQQ,2026-09-23,2027-01-15,C,835.0,993,2,0.20284305465698238,6.01,5.84,5.94
QQQ,2026-09-23,2027-01-15,C,840.0,1706,29,0.20182072601318357,5.25,5.21,5.27
QQQ,2026-09-23,2027-01-15,C,845.0,639,1,0.20163762237548827,4.35,4.63,4.73
QQQ,2026-09-23,2027-01-15,C,850.0,23958,301,0.2010883114624023,4.31,4.16,4.21
QQQ,2026-09-23,2027-01-15,C,855.0,1418,2,0.2013934841918945,4.69,3.71,3.8
QQQ,2026-09-23,2027-01-15,C,860.0,2534,46,0.20130193237304686,3.64,3.32,3.4
QQQ,2026-09-23,2027-01-15,C,865.0,3617,2,0.20111882873535153,3.2,2.97,3.03
QQQ,2026-09-23,2027-01-15,C,870.0,4630,8,0.20133244964599606,2.72,2.66,2.72
QQQ,2026-09-23,2027-01-15,C,875.0,1470,2,0.20136296691894529,2.58,2.36,2.43
QQQ,2026-09-23,2027-01-15,C,880.0,4077,4,0.20163762237548827,2.2,2.13,2.18
QQQ,2026-09-23,2027-01-15,C,885.0,4374,2,0.2020343469238281,1.87,1.87,1.96
QQQ,2026-09-23,2027-01-15,C,890.0,756,4,0.20264469238281246,1.87,1.7,1.77
QQQ,2026-09-23,2027-01-15,C,895.0,424,1,0.20307193420410152,2.1,1.51,1.59
QQQ,2026-09-23,2027-01-15,C,900.0,18191,261,0.20325503784179685,1.4,1.37,1.42
QQQ,2026-09-23,2027-01-15,C,905.0,985,1,0.20386538330078124,1.29,1.19,1.28
QQQ,2026-09-23,2027-01-15,C,910.0,724,60,0.2046588323974609,1.19,1.09,1.16
QQQ,2026-09-23,2027-01-15,C,915.0,431,6,0.20502503967285152,0.49,0.96,1.04
QQQ,2026-09-23,2027-01-15,C,920.0,965,35,0.20569641967773436,0.97,0.88,0.94
QQQ,2026-09-23,2027-01-15,C,925.0,595,1,0.20606262695312497,0.82,0.78,0.84
QQQ,2026-09-23,2027-01-15,C,930.0,4709,7,0.20716124877929684,0.91,0.71,0.77
QQQ,2026-09-23,2027-01-15,C,935.0,6051,1,0.20807676696777339,0.66,0.64,0.7
QQQ,2026-09-23,2027-01-15,C,940.0,244,1,0.20911435424804684,0.64,0.57,0.64
QQQ,2026-09-23,2027-01-15,C,945.0,282,1,0.2098467687988281,0.56,0.52,0.58
QQQ,2026-09-23,2027-01-15,C,950.0,33974,40,0.2108233215332031,0.48,0.47,0.53
QQQ,2026-09-23,2027-01-15,C,955.0,62,1,0.21155573608398434,0.47,0.43,0.48
QQQ,2026-09-23,2027-01-15,C,960.0,5274,1,0.21265435791015624,0.45,0.39,0.44
QQQ,2026-09-23,2027-01-15,C,965.0,9230,1,0.21411918701171873,0.44,0.36,0.41
QQQ,2026-09-23,2027-01-15,C,970.0,167,1,0.2161943615722656,0.41,0.33,0.39
QQQ,2026-09-23,2027-01-15,C,975.0,573,1,0.2172929833984375,0.36,0.3,0.36
QQQ,2026-09-23,2027-01-15,C,980.0,86,1,0.21741505249023438,0.35,0.27,0.32
QQQ,2026-09-23,2027-01-15,C,985.0,38,1,0.21900195068359374,0.27,0.24,0.3
QQQ,2026-09-23,2027-01-15,C,990.0,9,2,0.22046677978515622,0.25,0.23,0.28
QQQ,2026-09-23,2027-01-15,C,995.0,204,1,0.22168747070312497,0.23,0.2,0.26
QQQ,2026-09-23,2027-01-15,C,1000.0,5874,164,0.2192460888671875,0.21,0.19,0.21
QQQ,2026-09-23,2027-01-15,C,1005.0,6507,1,0.22473919799804684,0.22,0.17,0.23
QQQ,2026-09-23,2027-01-15,C,1010.0,26,1,0.225593681640625,0.22,0.16,0.21
QQQ,2026-09-23,2027-01-15,C,1015.0,59,1,0.22730264892578123,0.21,0.14,0.2
QQQ,2026-09-23,2027-01-15,C,1020.0,97,1,0.22901161621093752,0.19,0.14,0.19
QQQ,2026-09-23,2027-01-15,C,1025.0,12,1,0.22901161621093752,0.19,0.13,0.17
QQQ,2026-09-23,2027-01-15,C,1030.0,21,1,0.2304764453125,0.18,0.12,0.16
QQQ,2026-09-23,2027-01-15,C,1035.0,2153,10,0.233406103515625,0.2,0.11,0.16
QQQ,2026-09-23,2027-01-15,C,1040.0,12,1,0.2348709326171875,0.17,0.1,0.15
QQQ,2026-09-23,2027-01-15,C,1045.0,27,1,0.23584748535156247,0.16,0.09,0.14
QQQ,2026-09-23,2027-01-15,C,1050.0,23,1,0.2368240380859375,0.17,0.08,0.13
QQQ,2026-09-23,2027-01-15,C,1055.0,120,53,0.23780059082031246,0.13,0.08,0.12
QQQ,2026-09-23,2027-01-15,C,1060.0,1005,1000,0.24048611083984373,0.05,0.08,0.12
QQQ,2026-09-23,2027-01-15,C,1065.0,5367,1,0.241218525390625,0.05,0.07,0.11
QQQ,2026-09-23,2027-01-15,C,1070.0,206,1,0.2436599072265625,0.13,0.07,0.11
QQQ,2026-09-23,2027-01-15,C,1075.0,7226,1,0.24414818359375,0.06,0.06,0.1
QQQ,2026-09-23,2027-01-15,C,1080.0,1075,3,0.24683370361328127,0.1,0.06,0.1
QQQ,2026-09-23,2027-01-15,C,1085.0,30037,753,0.247077841796875,0.06,0.06,0.09
QQQ,2026-09-23,2027-01-15,P,205.0,3618,518,0.7656273437500001,0.06,0.06,0.07
QQQ,2026-09-23,2027-01-15,P,210.0,2773,40,0.75195560546875,0.07,0.04,0.09
QQQ,2026-09-23,2027-01-15,P,215.0,736,101,0.7324245507812499,0.08,0.03,0.09
QQQ,2026-09-23,2027-01-15,P,220.0,648,1,0.73437765625,0.05,0.05,0.1
QQQ,2026-09-23,2027-01-15,P,225.0,68,38,0.71679970703125,0.14,0.04,0.1
QQQ,2026-09-23,2027-01-15,P,230.0,252,171,0.710940390625,0.13,0.05,0.11
QQQ,2026-09-23,2027-01-15,P,235.0,168,5,0.70312796875,0.16,0.06,0.11
QQQ,2026-09-23,2027-01-15,P,240.0,170,1,0.69336244140625,0.1,0.06,0.12
QQQ,2026-09-23,2027-01-15,P,245.0,119,64,0.68555001953125,0.17,0.07,0.12
QQQ,2026-09-23,2027-01-15,P,250.0,3021,30,0.6826203613281252,0.12,0.09,0.13
QQQ,2026-09-23,2027-01-15,P,255.0,901,1,0.6728548339843752,0.19,0.09,0.14
QQQ,2026-09-23,2027-01-15,P,260.0,2415,20,0.6640658593750002,0.21,0.09,0.15
QQQ,2026-09-23,2027-01-15,P,265.0,128,1,0.6601596484375001,0.14,0.11,0.16
QQQ,2026-09-23,2027-01-15,P,270.0,238,20,0.65039412109375,0.14,0.11,0.17
QQQ,2026-09-23,2027-01-15,P,275.0,173,10,0.641605146484375,0.15,0.13,0.16
QQQ,2026-09-23,2027-01-15,P,280.0,851,2,0.6367223828125,0.15,0.14,0.18
QQQ,2026-09-23,2027-01-15,P,285.0,332,21,0.6293982373046876,0.17,0.14,0.2
QQQ,2026-09-23,2027-01-15,P,290.0,345,5,0.622074091796875,0.2,0.16,0.2
QQQ,2026-09-23,2027-01-15,P,295.0,132,1,0.6162147753906251,0.18,0.17,0.22
QQQ,2026-09-23,2027-01-15,P,300.0,3853,826,0.6088906298828126,0.2,0.18,0.23
QQQ,2026-09-23,2027-01-15,P,305.0,118,1,0.6025430371093752,0.21,0.19,0.25
QQQ,2026-09-23,2027-01-15,P,310.0,386,1,0.5952188916015625,0.26,0.2,0.26
QQQ,2026-09-23,2027-01-15,P,315.0,201,1,0.5903361279296876,0.25,0.22,0.28
QQQ,2026-09-23,2027-01-15,P,320.0,64,1,0.5835002587890624,0.28,0.24,0.29
QQQ,2026-09-23,2027-01-15,P,325.0,255,1,0.57812921875,0.3,0.26,0.31
QQQ,2026-09-23,2027-01-15,P,330.0,440,1,0.570316796875,0.32,0.27,0.32
QQQ,2026-09-23,2027-01-15,P,335.0,76,1,0.5644574804687501,0.32,0.29,0.34
QQQ,2026-09-23,2027-01-15,P,340.0,2631,1,0.5566450585937501,0.33,0.3,0.35
QQQ,2026-09-23,2027-01-15,P,345.0,516,11,0.5515181567382813,0.36,0.33,0.37
QQQ,2026-09-23,2027-01-15,P,350.0,1915,1,0.5461471166992189,0.37,0.35,0.4
QQQ,2026-09-23,2027-01-15,P,355.0,1074,1,0.5397995239257813,0.39,0.37,0.42
QQQ,2026-09-23,2027-01-15,P,360.0,956,1,0.5334519311523438,0.38,0.39,0.44
QQQ,2026-09-23,2027-01-15,P,365.0,905,1,0.5278367529296876,0.39,0.41,0.47
QQQ,2026-09-23,2027-01-15,P,370.0,1038,1,0.5224657128906249,0.43,0.44,0.5
QQQ,2026-09-23,2027-01-15,P,375.0,502,1,0.5158739819335938,0.45,0.47,0.51
QQQ,2026-09-23,2027-01-15,P,380.0,1406,1,0.5097705273437501,0.47,0.49,0.54
QQQ,2026-09-23,2027-01-15,P,385.0,2278,1,0.5036670727539063,0.52,0.51,0.57
QQQ,2026-09-23,2027-01-15,P,390.0,340,1,0.5002491381835938,0.57,0.55,0.59
QQQ,2026-09-23,2027-01-15,P,395.0,993,1,0.4953663745117188,0.6,0.58,0.63
QQQ,2026-09-23,2027-01-15,P,400.0,3741,6,0.4862111926269531,0.62,0.6,0.63
QQQ,2026-09-23,2027-01-15,P,405.0,1380,1,0.48413601806640627,0.66,0.64,0.7
QQQ,2026-09-23,2027-01-15,P,410.0,1722,1,0.4777884252929688,0.68,0.67,0.73
QQQ,2026-09-23,2027-01-15,P,415.0,1459,1,0.47241738525390625,0.7,0.71,0.77
QQQ,2026-09-23,2027-01-15,P,420.0,2120,1,0.4660697924804688,0.75,0.75,0.8
QQQ,2026-09-23,2027-01-15,P,425.0,1509,1,0.4596001306152344,0.76,0.79,0.83
QQQ,2026-09-23,2027-01-15,P,430.0,661,54,0.45532771240234376,0.84,0.83,0.89
QQQ,2026-09-23,2027-01-15,P,435.0,1014,1,0.44946839599609373,0.89,0.87,0.93
QQQ,2026-09-23,2027-01-15,P,440.0,1870,1,0.44360907958984375,0.94,0.92,0.97
QQQ,2026-09-23,2027-01-15,P,445.0,4934,1,0.4382380395507813,0.96,0.97,1.02
QQQ,2026-09-23,2027-01-15,P,450.0,5941,3,0.4321345849609375,1.02,1.01,1.06
QQQ,2026-09-23,2027-01-15,P,455.0,545,1,0.4271297521972657,1.09,1.06,1.12
QQQ,2026-09-23,2027-01-15,P,460.0,2800,5,0.4202938830566406,1.09,1.12,1.15
QQQ,2026-09-23,2027-01-15,P,465.0,1003,1,0.4161435339355468,1.17,1.18,1.23
QQQ,2026-09-23,2027-01-15,P,470.0,3298,1,0.4107724938964844,1.19,1.24,1.29
QQQ,2026-09-23,2027-01-15,P,475.0,2207,4,0.4053404193115234,1.26,1.29,1.35
QQQ,2026-09-23,2027-01-15,P,480.0,6102,3,0.4002135174560547,1.32,1.37,1.42
QQQ,2026-09-23,2027-01-15,P,485.0,1455,3,0.39453730468750003,1.32,1.42,1.48
QQQ,2026-09-23,2027-01-15,P,490.0,2138,1,0.38959350646972657,1.54,1.49,1.56
QQQ,2026-09-23,2027-01-15,P,495.0,1823,10,0.38410039733886714,1.55,1.58,1.63
QQQ,2026-09-23,2027-01-15,P,500.0,18738,2,0.3789124609375,1.7,1.67,1.71
QQQ,2026-09-23,2027-01-15,P,505.0,932,1,0.37476211181640623,1.82,1.75,1.82
QQQ,2026-09-23,2027-01-15,P,510.0,1834,1,0.36890279541015625,1.79,1.84,1.89
QQQ,2026-09-23,2027-01-15,P,515.0,758,7,0.36365382446289063,2.55,1.93,1.98
QQQ,2026-09-23,2027-01-15,P,520.0,4517,3,0.35864899169921877,2.05,2.04,2.08
QQQ,2026-09-23,2027-01-15,P,525.0,4757,2,0.354376573486328,2.05,2.15,2.21
QQQ,2026-09-23,2027-01-15,P,530.0,3191,1,0.3490055334472656,2.27,2.26,2.31
QQQ,2026-09-23,2027-01-15,P,535.0,2600,1,0.34442794250488284,2.4,2.38,2.44
QQQ,2026-09-23,2027-01-15,P,540.0,7874,2,0.3390569024658203,2.53,2.5,2.55
QQQ,2026-09-23,2027-01-15,P,545.0,1453,2,0.3343572424316406,2.57,2.64,2.69
QQQ,2026-09-23,2027-01-15,P,550.0,20763,8,0.32923034057617184,2.83,2.76,2.82
QQQ,2026-09-23,2027-01-15,P,555.0,735,10,0.3253851641845703,2.96,2.95,3.01
QQQ,2026-09-23,2027-01-15,P,560.0,4438,1,0.3203803314208984,3.14,3.11,3.16
QQQ,2026-09-23,2027-01-15,P,565.0,977,12,0.315863775024414,3.33,3.27,3.34
QQQ,2026-09-23,2027-01-15,P,570.0,2680,41,0.31131670135498035,3.42,3.47,3.53
QQQ,2026-09-23,2027-01-15,P,575.0,3642,1,0.30655600677490236,3.64,3.67,3.72
QQQ,2026-09-23,2027-01-15,P,580.0,12130,5,0.3021920367431641,3.92,3.88,3.94
QQQ,2026-09-23,2027-01-15,P,585.0,1940,4,0.297736514892578,3.97,4.11,4.17
QQQ,2026-09-23,2027-01-15,P,590.0,10504,1,0.29321995849609367,4.52,4.36,4.41
QQQ,2026-09-23,2027-01-15,P,595.0,2267,2,0.28897805755615225,4.66,4.61,4.68
QQQ,2026-09-23,2027-01-15,P,600.0,29749,28,0.2847666738891601,4.84,4.9,4.97
QQQ,2026-09-23,2027-01-15,P,605.0,2094,21,0.2807383938598632,5.0,5.22,5.29
QQQ,2026-09-23,2027-01-15,P,610.0,8174,5,0.2765727861022949,5.27,5.54,5.62
QQQ,2026-09-23,2027-01-15,P,615.0,9051,4,0.27237666107177727,5.68,5.89,5.97
QQQ,2026-09-23,2027-01-15,P,620.0,8570,11,0.26840941558837883,6.18,6.27,6.36
QQQ,2026-09-23,2027-01-15,P,625.0,5566,7,0.2642285491943359,6.72,6.68,6.76
QQQ,2026-09-23,2027-01-15,P,630.0,5813,13,0.26023078643798825,7.14,7.1,7.2
QQQ,2026-09-23,2027-01-15,P,635.0,5691,6,0.25623302368164064,7.46,7.58,7.67
QQQ,2026-09-23,2027-01-15,P,640.0,8962,12,0.252311554107666,7.95,8.1,8.18
QQQ,2026-09-23,2027-01-15,P,645.0,2761,20,0.24845111907958983,8.15,8.64,8.73
QQQ,2026-09-23,2027-01-15,P,650.0,20604,90,0.24451439086914065,9.26,9.24,9.31
QQQ,2026-09-23,2027-01-15,P,655.0,3578,30,0.2407607662963867,9.75,9.86,9.95
QQQ,2026-09-23,2027-01-15,P,660.0,13896,294,0.23633576171874998,10.57,10.55,10.56
QQQ,2026-09-23,2027-01-15,P,665.0,8691,7,0.2332840344238281,11.28,11.28,11.37
QQQ,2026-09-23,2027-01-15,P,670.0,10790,14,0.229499892578125,12.0,12.06,12.15
QQQ,2026-09-23,2027-01-15,P,675.0,8632,12,0.22574626800537106,12.75,12.91,12.99
QQQ,2026-09-23,2027-01-15,P,680.0,15974,15,0.22216048843383784,13.7,13.78,13.91
QQQ,2026-09-23,2027-01-15,P,685.0,2278,13,0.21862048477172852,14.63,14.76,14.9
QQQ,2026-09-23,2027-01-15,P,690.0,8506,18,0.21471427383422853,15.64,15.84,15.91
QQQ,2026-09-23,2027-01-15,P,695.0,2904,14,0.21108271835327147,16.86,16.95,17.03
QQQ,2026-09-23,2027-01-15,P,700.0,28625,64,0.2077258183288574,18.22,18.17,18.27
QQQ,2026-09-23,2027-01-15,P,705.0,4034,55,0.20420107330322262,19.23,19.42,19.57
QQQ,2026-09-23,2027-01-15,P,710.0,5098,3,0.20034063827514648,20.62,20.82,20.91
QQQ,2026-09-23,2027-01-15,P,715.0,2669,12,0.19760934234619143,22.09,22.27,22.52
QQQ,2026-09-23,2027-01-15,P,720.0,8352,121,0.19312330322265625,23.96,23.91,23.96
QQQ,2026-09-23,2027-01-15,P,725.0,8580,16,0.19036149002075198,25.27,25.67,25.78
QQQ,2026-09-23,2027-01-15,P,730.0,7674,23,0.18675282249450684,27.31,27.47,27.58
QQQ,2026-09-23,2027-01-15,P,735.0,2160,27,0.18338829315185545,29.13,29.44,29.54
QQQ,2026-09-23,2027-01-15,P,740.0,3645,41,0.18039760040283204,31.32,31.55,31.69
QQQ,2026-09-23,2027-01-15,P,745.0,558,5,0.1774526835632324,33.35,33.74,33.98
QQQ,2026-09-23,2027-01-15,P,750.0,1674,2,0.17426362854003907,36.62,36.14,36.37
QQQ,2026-09-23,2027-01-15,P,755.0,755,54,0.17113560806274414,36.9,38.62,38.91
QQQ,2026-09-23,2027-01-15,P,760.0,1706,1,0.16782448394775396,41.71,41.24,41.57
QQQ,2026-09-23,2027-01-15,P,765.0,985,6,0.1650168948364258,41.75,43.81,44.46
QQQ,2026-09-23,2027-01-15,P,770.0,381,12,0.161942279586792,47.25,46.75,47.46
QQQ,2026-09-23,2027-01-15,P,775.0,814,1,0.1570671452331543,47.95,49.79,50.36
QQQ,2026-09-23,2027-01-15,P,780.0,737,16,0.15470205657958985,50.61,53.2,53.78
QQQ,2026-09-23,2027-01-15,P,785.0,216,79,0.15126886337280276,49.9,56.63,57.21
QQQ,2026-09-23,2027-01-15,P,790.0,95,1,0.14713377288818358,57.45,60.12,60.72
QQQ,2026-09-23,2027-01-15,P,795.0,324,16,0.1450128224182129,62.46,63.83,64.62
QQQ,2026-09-23,2027-01-15,P,800.0,840,53,0.1375513491821289,60.34,67.52,68.13
QQQ,2026-09-23,2027-01-15,P,805.0,243,8,0.13333996551513672,72.19,71.55,72.16
QQQ,2026-09-23,2027-01-15,P,810.0,238,1,0.132821171875,73.03,75.82,76.62
QQQ,2026-09-23,2027-01-15,P,815.0,32,1,0.1288234091186523,76.78,80.09,80.93
QQQ,2026-09-23,2027-01-15,P,820.0,15,8,0.11902736450195311,80.35,84.45,85.09
QQQ,2026-09-23,2027-01-15,P,825.0,68,8,0.11225252990722655,83.32,88.79,89.62
QQQ,2026-09-23,2027-01-15,P,830.0,63,312,0.10822424987792968,93.87,93.35,94.37
QQQ,2026-09-23,2027-01-15,P,835.0,8,9,1.0000000000000003e-05,90.64,98.13,98.86
QQQ,2026-09-23,2027-01-15,P,840.0,3,3,0.10584390258789061,98.54,101.57,104.16
QQQ,2026-09-23,2027-01-15,P,845.0,0,2,0.09986251708984376,99.68,106.11,109.05
QQQ,2026-09-23,2027-01-15,P,850.0,2,8,0.10706459350585937,106.4,111.44,114.08
QQQ,2026-09-23,2027-01-15,P,855.0,2,2,0.14057255920410155,124.86,116.4,119.63
QQQ,2026-09-23,2027-01-15,P,860.0,12,2,0.147469462890625,129.83,121.41,124.7
QQQ,2026-09-23,2027-01-15,P,865.0,0,20,1.0000000000000003e-05,156.16,0.0,0.0
QQQ,2026-09-23,2027-01-15,P,870.0,0,13,0.1069425244140625,160.25,130.92,133.99
QQQ,2026-09-23,2027-01-15,P,875.0,0,2,1.0000000000000003e-05,154.11,0.0,0.0
QQQ,2026-09-23,2027-01-15,P,880.0,0,4,1.0000000000000003e-05,160.39,0.0,0.0
QQQ,2026-09-23,2027-01-15,P,885.0,0,2,1.0000000000000003e-05,163.33,0.0,0.0
QQQ,2026-09-23,2027-01-15,P,890.0,0,2,1.0000000000000003e-05,156.79,0.0,0.0
QQQ,2026-09-23,2027-01-15,P,895.0,0,8,0.49205525039672854,186.04,186.68,190.08
QQQ,2026-09-23,2027-01-15,P,900.0,0,2,0.49811292907714844,165.87,191.84,194.94
QQQ,2026-09-23,2027-01-15,P,905.0,0,2,0.5061084545898438,216.48,196.68,200.08
QQQ,2026-09-23,2027-01-15,P,910.0,0,42,0.5005543109130859,203.93,201.68,205.08
QQQ,2026-09-23,2027-01-15,P,915.0,0,854,0.5073291455078125,206.88,206.68,210.08
QQQ,2026-09-23,2027-01-15,P,920.0,0,2,0.20642883422851557,196.55,181.39,184.91
QQQ,2026-09-23,2027-01-15,P,925.0,0,286,1.0000000000000003e-05,204.76,0.0,0.0
QQQ,2026-09-23,2027-01-15,P,930.0,0,848,0.5271806315612793,219.17,221.68,225.08
QQQ,2026-09-23,2027-01-15,P,935.0,0,20,1.0000000000000003e-05,210.26,0.0,0.0
QQQ,2026-09-23,2027-01-15,P,940.0,0,1,1.0000000000000003e-05,225.97,0.0,0.0
QQQ,2026-09-23,2027-01-15,P,945.0,1,1,0.23053747985839845,221.07,206.41,210.02
QQQ,2026-09-23,2027-01-15,P,950.0,0,1,0.2243729907226562,232.63,211.31,214.76
QQQ,2026-09-23,2027-01-15,P,955.0,1,1,0.23395541442871093,207.01,216.39,219.9
QQQ,2026-09-23,2027-01-15,P,960.0,0,1,0.23780059082031246,212.03,221.44,224.9
QQQ,2026-09-23,2027-01-15,P,965.0,0,394,1.0000000000000003e-05,245.01,0.0,0.0
QQQ,2026-09-23,2027-01-15,P,975.0,0,154,1.0000000000000003e-05,254.64,0.0,0.0
QQQ,2026-09-23,2027-01-15,P,980.0,0,2,1.0000000000000003e-05,260.03,0.0,0.0
QQQ,2026-09-23,2027-01-15,P,985.0,0,120,1.0000000000000003e-05,265.17,0.0,0.0
QQQ,2026-09-23,2027-01-15,P,990.0,0,64,0.6006509661865236,288.59,281.68,285.08
QQQ,2026-09-23,2027-01-15,P,995.0,0,1,0.5139971696472168,287.29,275.51,279.39
QQQ,2026-09-23,2027-01-15,P,1000.0,0,30,0.6121712367248537,299.47,291.84,294.94
QQQ,2026-09-23,2027-01-15,P,1005.0,0,8,0.5246476979064942,305.95,285.52,289.39
QQQ,2026-09-23,2027-01-15,P,1025.0,0,0,0.5453536676025392,325.95,305.52,309.4
QQQ,2026-09-23,2027-01-15,P,1030.0,0,2,0.6452061846923829,330.67,321.68,325.08
QQQ,2026-09-23,2027-01-15,P,1035.0,0,0,0.26587648193359376,329.39,296.07,299.43
QQQ,2026-09-23,2027-01-15,P,1040.0,0,20,0.26978269287109374,334.39,300.9,304.44
QQQ,2026-09-23,2027-01-15,P,1055.0,0,1,0.5751690432739257,347.54,335.53,339.41
QQQ,2026-09-23,2027-01-15,P,1065.0,0,0,0.5846751737976073,357.46,345.52,349.4
