ticker,date,expiry,type,strike,oi,volume,iv,last,bid,ask
QQQ,2026-08-20,2026-08-21,C,315.0,11,1,6.820313974609375,402.57,398.17,401.66
QQQ,2026-08-20,2026-08-21,C,320.0,9,2,6.496095629882813,412.89,393.07,396.49
QQQ,2026-08-20,2026-08-21,C,325.0,14,10,6.417970727539062,394.59,388.1,391.51
QQQ,2026-08-20,2026-08-21,C,330.0,19,1,6.6093767382812505,386.75,383.2,386.86
QQQ,2026-08-20,2026-08-21,C,335.0,32,1,6.429689462890625,385.81,378.29,381.67
QQQ,2026-08-20,2026-08-21,C,340.0,22,3,6.443361320800782,381.58,373.29,376.89
QQQ,2026-08-20,2026-08-21,C,345.0,17,4,5.988283764648438,379.82,367.99,371.65
QQQ,2026-08-20,2026-08-21,C,350.0,26,1,5.886721391601563,363.71,362.99,366.66
QQQ,2026-08-20,2026-08-21,C,355.0,2,2,6.093752382812499,369.01,358.3,361.87
QQQ,2026-08-20,2026-08-21,C,360.0,2,1,5.808596489257813,373.21,353.29,356.57
QQQ,2026-08-20,2026-08-21,C,365.0,1,2,5.554690556640624,359.0,347.99,351.64
QQQ,2026-08-20,2026-08-21,C,370.0,36,5,5.652346684570313,339.77,343.3,346.66
QQQ,2026-08-20,2026-08-21,C,375.0,1,0,1.0000000000000003e-05,233.55,277.5,280.66
QQQ,2026-08-20,2026-08-21,C,380.0,10,41,5.25586280517578,338.13,332.99,336.65
QQQ,2026-08-20,2026-08-21,C,385.0,11,1,5.1562535546875,333.17,327.99,331.65
QQQ,2026-08-20,2026-08-21,C,390.0,30,28,5.169925412597656,326.22,323.29,326.54
QQQ,2026-08-20,2026-08-21,C,395.0,0,1,1.0000000000000003e-05,347.88,299.37,302.67
QQQ,2026-08-20,2026-08-21,C,400.0,192,4,5.011722485351562,310.74,313.07,314.95
QQQ,2026-08-20,2026-08-21,C,405.0,5,2,4.73437908203125,307.53,308.07,311.51
QQQ,2026-08-20,2026-08-21,C,410.0,6,5,4.623051096191406,300.45,303.04,306.51
QQQ,2026-08-20,2026-08-21,C,415.0,11,1,4.601566748046874,304.16,297.99,301.68
QQQ,2026-08-20,2026-08-21,C,420.0,3,1,4.5214887231445315,299.13,293.02,296.67
QQQ,2026-08-20,2026-08-21,C,425.0,3,2,4.460941923828125,241.17,288.09,291.66
QQQ,2026-08-20,2026-08-21,C,430.0,5,1,4.419926350097655,284.5,282.99,286.86
QQQ,2026-08-20,2026-08-21,C,435.0,14,2,4.330082712402343,291.89,277.99,281.86
QQQ,2026-08-20,2026-08-21,C,440.0,15,4,4.162114172363281,270.65,273.07,276.62
QQQ,2026-08-20,2026-08-21,C,445.0,12,1,4.064458044433594,273.8,267.99,271.68
QQQ,2026-08-20,2026-08-21,C,450.0,110,6,3.978515678710937,262.54,262.99,266.68
QQQ,2026-08-20,2026-08-21,C,455.0,3,2,4.01562998046875,257.56,258.29,261.65
QQQ,2026-08-20,2026-08-21,C,460.0,65,54,3.8183598291015626,255.9,253.18,256.51
QQQ,2026-08-20,2026-08-21,C,465.0,30,25,3.7539068652343754,247.48,248.07,251.66
QQQ,2026-08-20,2026-08-21,C,470.0,17,2,3.6328134179687503,241.39,242.99,246.66
QQQ,2026-08-20,2026-08-21,C,475.0,29,1,3.72656318359375,234.8,238.29,241.79
QQQ,2026-08-20,2026-08-21,C,480.0,36,1,3.6132822167968754,230.1,233.27,236.73
QQQ,2026-08-20,2026-08-21,C,485.0,56,43,3.58593853515625,226.11,228.27,231.89
QQQ,2026-08-20,2026-08-21,C,490.0,35,2,3.3261735595703117,221.6,223.27,226.42
QQQ,2026-08-20,2026-08-21,C,495.0,11,2,3.3437516406249994,215.35,218.07,221.87
QQQ,2026-08-20,2026-08-21,C,500.0,38,4,3.2187519531249995,210.92,213.16,216.66
QQQ,2026-08-20,2026-08-21,C,505.0,112,8,3.2031269921874994,205.72,208.27,211.73
QQQ,2026-08-20,2026-08-21,C,510.0,104,2,3.113283466796875,210.27,203.29,206.68
QQQ,2026-08-20,2026-08-21,C,515.0,287,1,3.091799145507812,196.38,198.29,201.86
QQQ,2026-08-20,2026-08-21,C,520.0,87,10,2.847659130859375,192.47,192.98,196.68
QQQ,2026-08-20,2026-08-21,C,525.0,51,28,2.9033230541992188,188.09,188.16,191.89
QQQ,2026-08-20,2026-08-21,C,530.0,146,80,2.7656280859375,183.91,183.21,186.65
QQQ,2026-08-20,2026-08-21,C,535.0,38,1,2.6435580786132817,174.8,178.07,181.65
QQQ,2026-08-20,2026-08-21,C,540.0,91,1,2.5419958325195307,172.33,172.98,176.66
QQQ,2026-08-20,2026-08-21,C,545.0,18,2,2.468753828125,173.25,167.98,171.66
QQQ,2026-08-20,2026-08-21,C,550.0,281,168,2.5537145532226564,160.39,163.29,166.89
QQQ,2026-08-20,2026-08-21,C,555.0,263,6,2.452152307128906,163.3,158.29,161.79
QQQ,2026-08-20,2026-08-21,C,560.0,168,2,2.345707260742187,152.26,153.07,156.89
QQQ,2026-08-20,2026-08-21,C,565.0,160,3,2.2070357324218746,147.54,148.07,151.66
QQQ,2026-08-20,2026-08-21,C,570.0,262,18,2.1357468481445308,147.26,143.07,146.66
QQQ,2026-08-20,2026-08-21,C,575.0,150,2,2.0439502026367187,136.39,137.98,141.68
QQQ,2026-08-20,2026-08-21,C,580.0,286,45,2.037114282226563,131.91,133.17,136.73
QQQ,2026-08-20,2026-08-21,C,585.0,1009,7,2.0053760803222658,126.11,128.29,131.78
QQQ,2026-08-20,2026-08-21,C,590.0,468,8,1.7822276513671875,121.09,123.05,126.43
QQQ,2026-08-20,2026-08-21,C,595.0,294,8,1.7587902685546877,117.8,117.98,121.66
QQQ,2026-08-20,2026-08-21,C,600.0,1407,118,1.7490246923828123,111.35,113.29,116.6
QQQ,2026-08-20,2026-08-21,C,605.0,552,8,1.7041030419921874,106.96,108.29,111.72
QQQ,2026-08-20,2026-08-21,C,610.0,1648,6,1.6601579492187502,102.74,103.29,106.86
QQQ,2026-08-20,2026-08-21,C,615.0,3029,43,1.4716823291015624,97.55,98.17,101.42
QQQ,2026-08-20,2026-08-21,C,620.0,2056,76,1.5107446337890624,92.52,93.26,96.86
QQQ,2026-08-20,2026-08-21,C,625.0,3254,18,1.421877890625,88.95,88.16,91.86
QQQ,2026-08-20,2026-08-21,C,630.0,3334,45,1.3261752441406247,82.45,83.29,86.59
QQQ,2026-08-20,2026-08-21,C,635.0,2424,1,1.306155812988281,76.78,78.29,81.89
QQQ,2026-08-20,2026-08-21,C,640.0,6125,13,1.2314491552734375,70.62,73.29,76.87
QQQ,2026-08-20,2026-08-21,C,645.0,2566,176,1.0795944458007813,65.45,68.0,71.66
QQQ,2026-08-20,2026-08-21,C,650.0,3161,32,1.0883834643554686,64.75,63.29,66.87
QQQ,2026-08-20,2026-08-21,C,651.0,48,1,1.0029346728515625,69.62,62.04,65.65
QQQ,2026-08-20,2026-08-21,C,652.0,45,4,1.0166064794921876,69.46,61.18,64.68
QQQ,2026-08-20,2026-08-21,C,653.0,26,7,0.9672854833984376,60.57,59.98,63.66
QQQ,2026-08-20,2026-08-21,C,654.0,60,2,0.954102021484375,63.22,58.98,62.66
QQQ,2026-08-20,2026-08-21,C,655.0,2832,12,0.948242705078125,59.29,58.09,61.6
QQQ,2026-08-20,2026-08-21,C,656.0,81,56,0.9575199560546874,56.19,57.17,60.67
QQQ,2026-08-20,2026-08-21,C,657.0,81,1,0.9580082324218748,64.95,56.29,59.65
QQQ,2026-08-20,2026-08-21,C,658.0,37,4,0.929688203125,33.15,55.17,58.67
QQQ,2026-08-20,2026-08-21,C,659.0,83,1,0.9575199560546874,53.46,54.29,57.86
QQQ,2026-08-20,2026-08-21,C,660.0,2089,41,0.9443364941406249,53.73,53.29,56.87
QQQ,2026-08-20,2026-08-21,C,661.0,78,4,0.8920909228515624,51.55,52.2,55.67
QQQ,2026-08-20,2026-08-21,C,662.0,64,15,0.8833019482421874,56.63,51.22,54.69
QQQ,2026-08-20,2026-08-21,C,663.0,81,1,0.8295915478515624,39.14,49.98,53.65
QQQ,2026-08-20,2026-08-21,C,664.0,49,5,0.8852550537109375,48.25,49.29,52.86
QQQ,2026-08-20,2026-08-21,C,665.0,1238,7,0.813478427734375,47.59,48.29,51.42
QQQ,2026-08-20,2026-08-21,C,666.0,141,1,0.788088056640625,63.83,46.98,50.65
QQQ,2026-08-20,2026-08-21,C,667.0,108,1,0.8415543188476562,56.0,46.29,49.86
QQQ,2026-08-20,2026-08-21,C,668.0,535,1,0.8188494677734374,50.29,45.29,48.79
QQQ,2026-08-20,2026-08-21,C,669.0,459,2,0.772463212890625,41.89,44.16,47.66
QQQ,2026-08-20,2026-08-21,C,670.0,4122,28,0.8085956640624999,41.76,43.39,46.86
QQQ,2026-08-20,2026-08-21,C,671.0,130,1,0.7773459765625,40.3,42.29,45.81
QQQ,2026-08-20,2026-08-21,C,672.0,237,2,0.7084990087890625,40.54,40.98,44.67
QQQ,2026-08-20,2026-08-21,C,673.0,152,2,0.6528355029296876,45.39,39.98,43.38
QQQ,2026-08-20,2026-08-21,C,674.0,125,2,0.6909210595703126,40.14,39.07,42.66
QQQ,2026-08-20,2026-08-21,C,675.0,4007,40,0.6435582519531251,37.76,38.07,41.41
QQQ,2026-08-20,2026-08-21,C,676.0,209,4,0.6499058447265625,36.41,36.98,40.65
QQQ,2026-08-20,2026-08-21,C,677.0,300,15,0.6049844189453126,34.32,35.99,39.41
QQQ,2026-08-20,2026-08-21,C,678.0,1723,16,0.6826203613281252,34.09,35.29,38.89
QQQ,2026-08-20,2026-08-21,C,679.0,271,1,0.6279334082031252,31.67,34.15,37.65
QQQ,2026-08-20,2026-08-21,C,680.0,7421,108,0.6699251757812501,32.6,33.08,35.18
QQQ,2026-08-20,2026-08-21,C,681.0,269,1,0.637698935546875,32.09,32.29,35.89
QQQ,2026-08-20,2026-08-21,C,682.0,469,2,0.6228065063476562,29.51,31.29,34.89
QQQ,2026-08-20,2026-08-21,C,683.0,211,2,0.5351608984375,28.44,30.29,33.2
QQQ,2026-08-20,2026-08-21,C,684.0,2116,1,0.6987334814453126,26.47,29.06,31.77
QQQ,2026-08-20,2026-08-21,C,685.0,2883,38,0.6596713720703126,27.02,28.52,30.61
QQQ,2026-08-20,2026-08-21,C,686.0,371,6,0.6513706738281251,24.92,27.29,29.67
QQQ,2026-08-20,2026-08-21,C,687.0,828,204,0.6997100341796876,24.62,26.29,29.18
QQQ,2026-08-20,2026-08-21,C,688.0,552,8,0.6888458850097658,24.06,25.29,28.24
QQQ,2026-08-20,2026-08-21,C,689.0,276,2,0.5459029785156251,23.21,24.09,26.28
QQQ,2026-08-20,2026-08-21,C,690.0,10789,80,0.48511257080078124,22.79,22.9,25.0
QQQ,2026-08-20,2026-08-21,C,691.0,969,4,0.5483443603515626,23.6,23.54,25.52
QQQ,2026-08-20,2026-08-21,C,692.0,672,11,0.49878430908203125,20.07,21.09,23.29
QQQ,2026-08-20,2026-08-21,C,693.0,4270,32,0.524418818359375,17.55,20.28,22.61
QQQ,2026-08-20,2026-08-21,C,694.0,463,2,0.4897511962890626,16.96,19.28,21.47
QQQ,2026-08-20,2026-08-21,C,695.0,4301,56,0.39819937744140627,18.92,17.9,19.94
QQQ,2026-08-20,2026-08-21,C,696.0,4033,12,0.45044494873046875,13.59,17.09,19.43
QQQ,2026-08-20,2026-08-21,C,697.0,730,13,0.3957579956054688,16.79,16.21,18.14
QQQ,2026-08-20,2026-08-21,C,698.0,708,28,0.4133359448242187,14.49,15.29,17.41
QQQ,2026-08-20,2026-08-21,C,699.0,589,61,0.4050352465820312,14.55,14.2,16.49
QQQ,2026-08-20,2026-08-21,C,700.0,42975,1821,0.3205634350585937,14.59,14.59,14.95
QQQ,2026-08-20,2026-08-21,C,701.0,933,73,0.37964487548828124,9.85,12.21,14.59
QQQ,2026-08-20,2026-08-21,C,702.0,988,166,0.301764794921875,10.94,11.84,13.06
QQQ,2026-08-20,2026-08-21,C,703.0,653,425,0.1840901904296875,12.13,10.27,11.43
QQQ,2026-08-20,2026-08-21,C,704.0,803,710,0.3487613952636719,11.26,10.58,11.86
QQQ,2026-08-20,2026-08-21,C,705.0,13577,2061,0.28516339843749994,9.64,9.64,10.4
QQQ,2026-08-20,2026-08-21,C,706.0,724,1862,0.22290816162109373,8.94,8.64,8.98
QQQ,2026-08-20,2026-08-21,C,707.0,994,3235,0.20606262695312497,7.75,7.68,7.99
QQQ,2026-08-20,2026-08-21,C,708.0,976,5887,0.1895832995605469,6.79,6.67,7.01
QQQ,2026-08-20,2026-08-21,C,709.0,1784,14386,0.16175154663085936,5.85,5.77,5.92
QQQ,2026-08-20,2026-08-21,C,710.0,20188,122320,0.1358728991699219,4.79,4.73,4.85
QQQ,2026-08-20,2026-08-21,C,711.0,4008,119067,0.131844619140625,4.02,3.9,4.03
QQQ,2026-08-20,2026-08-21,C,712.0,4839,225712,0.1137783935546875,3.08,3.04,3.08
QQQ,2026-08-20,2026-08-21,C,712.5,1571,86521,0.11316804809570313,2.69,2.68,2.73
QQQ,2026-08-20,2026-08-21,C,713.0,5205,170734,0.10120527709960936,2.22,2.2,2.24
QQQ,2026-08-20,2026-08-21,C,714.0,3824,168866,0.09253837158203124,1.52,1.52,1.53
QQQ,2026-08-20,2026-08-21,C,715.0,14889,164961,0.08667905517578126,0.97,0.95,0.97
QQQ,2026-08-20,2026-08-21,C,716.0,8280,90568,0.08399353515625002,0.57,0.56,0.58
QQQ,2026-08-20,2026-08-21,C,717.0,7737,62647,0.08301698242187502,0.33,0.32,0.33
QQQ,2026-08-20,2026-08-21,C,717.5,2893,9395,0.08252870605468751,0.23,0.23,0.24
QQQ,2026-08-20,2026-08-21,C,718.0,11039,16791,0.08326112060546878,0.17,0.17,0.18
QQQ,2026-08-20,2026-08-21,C,719.0,6734,16771,0.08741146972656251,0.11,0.1,0.11
QQQ,2026-08-20,2026-08-21,C,720.0,23863,31551,0.088876298828125,0.06,0.05,0.06
QQQ,2026-08-20,2026-08-21,C,721.0,2735,11506,0.09473561523437501,0.04,0.03,0.04
QQQ,2026-08-20,2026-08-21,C,722.0,5139,3772,0.10157148437499999,0.03,0.02,0.03
QQQ,2026-08-20,2026-08-21,C,722.5,1596,5264,0.106454248046875,0.03,0.02,0.03
QQQ,2026-08-20,2026-08-21,C,723.0,3304,2708,0.11231356445312499,0.02,0.02,0.03
QQQ,2026-08-20,2026-08-21,C,724.0,3057,2030,0.116219775390625,0.01,0.01,0.02
QQQ,2026-08-20,2026-08-21,C,725.0,18603,3435,0.12696185546875,0.01,0.01,0.02
QQQ,2026-08-20,2026-08-21,C,726.0,7477,1763,0.13672738281250002,0.01,0.01,0.02
QQQ,2026-08-20,2026-08-21,C,727.0,3757,1958,0.13477427734375003,0.02,0.0,0.01
QQQ,2026-08-20,2026-08-21,C,727.5,2989,1083,0.14063359375,0.01,0.0,0.01
QQQ,2026-08-20,2026-08-21,C,728.0,5090,2836,0.1445398046875,0.01,0.0,0.01
QQQ,2026-08-20,2026-08-21,C,729.0,4466,814,0.15235222656250003,0.01,0.0,0.01
QQQ,2026-08-20,2026-08-21,C,730.0,40489,2452,0.1601646484375,0.01,0.0,0.01
QQQ,2026-08-20,2026-08-21,C,731.0,2542,395,0.17188328125000002,0.01,0.0,0.01
QQQ,2026-08-20,2026-08-21,C,732.0,4769,91,0.179695703125,0.01,0.0,0.01
QQQ,2026-08-20,2026-08-21,C,732.5,2222,38,0.18360191406249998,0.01,0.0,0.01
QQQ,2026-08-20,2026-08-21,C,733.0,6916,255,0.187508125,0.01,0.0,0.01
QQQ,2026-08-20,2026-08-21,C,734.0,7236,218,0.1992267578125,0.01,0.0,0.01
QQQ,2026-08-20,2026-08-21,C,735.0,28012,241,0.20703917968749996,0.01,0.0,0.01
QQQ,2026-08-20,2026-08-21,C,736.0,2637,1,0.2148516015625,0.01,0.0,0.01
QQQ,2026-08-20,2026-08-21,C,737.0,6325,261,0.22266402343749997,0.01,0.0,0.01
QQQ,2026-08-20,2026-08-21,C,737.5,2553,77,0.22657023437499998,0.01,0.0,0.01
QQQ,2026-08-20,2026-08-21,C,738.0,4498,77,0.23438265625,0.01,0.0,0.01
QQQ,2026-08-20,2026-08-21,C,739.0,2099,52,0.242195078125,0.01,0.0,0.01
QQQ,2026-08-20,2026-08-21,C,740.0,28538,81,0.2500075,0.01,0.0,0.01
QQQ,2026-08-20,2026-08-21,C,741.0,1840,64,0.257819921875,0.01,0.0,0.01
QQQ,2026-08-20,2026-08-21,C,742.0,2899,38,0.26563234375,0.01,0.0,0.01
QQQ,2026-08-20,2026-08-21,C,742.5,1419,4,0.273444765625,0.01,0.0,0.01
QQQ,2026-08-20,2026-08-21,C,743.0,1231,68,0.273444765625,0.01,0.0,0.01
QQQ,2026-08-20,2026-08-21,C,744.0,4351,14,0.28125718749999995,0.01,0.0,0.01
QQQ,2026-08-20,2026-08-21,C,745.0,12694,48,0.2929758203124999,0.01,0.0,0.01
QQQ,2026-08-20,2026-08-21,C,746.0,2999,5,0.3007882421875,0.01,0.0,0.01
QQQ,2026-08-20,2026-08-21,C,747.0,1311,10,0.3086006640625,0.01,0.0,0.01
QQQ,2026-08-20,2026-08-21,C,748.0,2923,13,0.31641308593749995,0.01,0.0,0.01
QQQ,2026-08-20,2026-08-21,C,749.0,1969,3,0.32813171874999997,0.01,0.0,0.01
QQQ,2026-08-20,2026-08-21,C,750.0,30029,92,0.335944140625,0.01,0.0,0.01
QQQ,2026-08-20,2026-08-21,C,751.0,925,11,0.3437565625,0.01,0.0,0.01
QQQ,2026-08-20,2026-08-21,C,752.0,1767,8,0.35156898437499995,0.01,0.0,0.01
QQQ,2026-08-20,2026-08-21,C,753.0,819,131,0.35938140625,0.01,0.0,0.01
QQQ,2026-08-20,2026-08-21,C,754.0,999,3,0.367193828125,0.01,0.0,0.01
QQQ,2026-08-20,2026-08-21,C,755.0,9438,3,0.37500625,0.01,0.0,0.01
QQQ,2026-08-20,2026-08-21,C,756.0,434,3,0.38281867187499996,0.01,0.0,0.01
QQQ,2026-08-20,2026-08-21,C,757.0,672,10,0.39063109375,0.01,0.0,0.01
QQQ,2026-08-20,2026-08-21,C,758.0,604,2,0.398443515625,0.01,0.0,0.01
QQQ,2026-08-20,2026-08-21,C,759.0,434,3,0.4062559375,0.01,0.0,0.01
QQQ,2026-08-20,2026-08-21,C,760.0,22576,6,0.414068359375,0.01,0.0,0.01
QQQ,2026-08-20,2026-08-21,C,761.0,743,29,0.42188078125,0.02,0.0,0.01
QQQ,2026-08-20,2026-08-21,C,762.0,185,5,0.42969320312500003,0.01,0.0,0.01
QQQ,2026-08-20,2026-08-21,C,763.0,336,21,0.437505625,0.01,0.0,0.01
QQQ,2026-08-20,2026-08-21,C,764.0,1026,30,0.445318046875,0.01,0.0,0.01
QQQ,2026-08-20,2026-08-21,C,765.0,9475,205,0.45313046875,0.01,0.0,0.01
QQQ,2026-08-20,2026-08-21,C,766.0,148,2,0.46094289062500005,0.01,0.0,0.01
QQQ,2026-08-20,2026-08-21,C,767.0,50,13,0.4687553125,0.04,0.0,0.01
QQQ,2026-08-20,2026-08-21,C,768.0,222,1,0.476567734375,0.01,0.0,0.01
QQQ,2026-08-20,2026-08-21,C,769.0,78,3,0.48438015625,0.02,0.0,0.01
QQQ,2026-08-20,2026-08-21,C,770.0,13969,7,0.49219257812500006,0.03,0.0,0.01
QQQ,2026-08-20,2026-08-21,C,775.0,6825,2,0.500005,0.01,0.0,0.01
QQQ,2026-08-20,2026-08-21,C,780.0,10396,1,0.5312546875,0.01,0.0,0.01
QQQ,2026-08-20,2026-08-21,C,785.0,16747,2,0.57812921875,0.02,0.0,0.01
QQQ,2026-08-20,2026-08-21,C,790.0,6175,1,0.6093789062500001,0.01,0.0,0.01
QQQ,2026-08-20,2026-08-21,C,795.0,1769,1,0.64062859375,0.01,0.0,0.01
QQQ,2026-08-20,2026-08-21,C,800.0,12456,1,0.6718782812500002,0.01,0.0,0.01
QQQ,2026-08-20,2026-08-21,C,805.0,3221,5,0.7187528125,0.01,0.0,0.01
QQQ,2026-08-20,2026-08-21,C,810.0,6747,1,0.7500025,0.01,0.0,0.01
QQQ,2026-08-20,2026-08-21,C,815.0,1151,1,0.7812521875,0.01,0.0,0.01
QQQ,2026-08-20,2026-08-21,C,820.0,4180,1,0.8125018749999999,0.01,0.0,0.01
QQQ,2026-08-20,2026-08-21,C,825.0,10864,7,0.8437515624999999,0.01,0.0,0.01
QQQ,2026-08-20,2026-08-21,C,830.0,9965,20,0.87500125,0.01,0.0,0.01
QQQ,2026-08-20,2026-08-21,C,835.0,683,1,0.9062509375,0.02,0.0,0.01
QQQ,2026-08-20,2026-08-21,C,840.0,2801,1,0.937500625,0.01,0.0,0.01
QQQ,2026-08-20,2026-08-21,C,845.0,1152,56,0.9687503125,0.16,0.0,0.01
QQQ,2026-08-20,2026-08-21,C,850.0,15543,6,1.000005,0.01,0.0,0.01
QQQ,2026-08-20,2026-08-21,C,855.0,468,1,1.0312548437500002,0.02,0.0,0.01
QQQ,2026-08-20,2026-08-21,C,860.0,1554,2,1.0625046875000002,0.02,0.0,0.01
QQQ,2026-08-20,2026-08-21,C,865.0,590,18,1.09375453125,0.04,0.0,0.01
QQQ,2026-08-20,2026-08-21,C,870.0,3493,10,1.125004375,0.01,0.0,0.01
QQQ,2026-08-20,2026-08-21,C,875.0,7757,22,1.15625421875,0.07,0.0,0.01
QQQ,2026-08-20,2026-08-21,C,880.0,735,5,1.1875040625,0.02,0.0,0.01
QQQ,2026-08-20,2026-08-21,C,885.0,1674,4,1.21875390625,0.02,0.0,0.01
QQQ,2026-08-20,2026-08-21,C,890.0,696,200,1.2500037499999999,0.01,0.0,0.01
QQQ,2026-08-20,2026-08-21,C,895.0,139,15,1.2812535937499998,0.05,0.0,0.01
QQQ,2026-08-20,2026-08-21,C,900.0,36361,1,1.3125034374999998,0.03,0.0,0.01
QQQ,2026-08-20,2026-08-21,C,905.0,396,2,1.3125034374999998,0.02,0.0,0.01
QQQ,2026-08-20,2026-08-21,C,910.0,248,1,1.3750031249999999,0.01,0.0,0.01
QQQ,2026-08-20,2026-08-21,C,915.0,349,10,1.3750031249999999,0.01,0.0,0.01
QQQ,2026-08-20,2026-08-21,C,920.0,893,1,1.40625296875,0.01,0.0,0.01
QQQ,2026-08-20,2026-08-21,C,925.0,1217,1,1.4375028125,0.06,0.0,0.01
QQQ,2026-08-20,2026-08-21,C,930.0,430,1,1.46875265625,0.03,0.0,0.01
QQQ,2026-08-20,2026-08-21,C,935.0,176,1,1.5000025,0.06,0.0,0.01
QQQ,2026-08-20,2026-08-21,C,940.0,497,51,1.5312523437499999,0.02,0.0,0.01
QQQ,2026-08-20,2026-08-21,C,945.0,652,12,1.5625021874999998,0.06,0.0,0.01
QQQ,2026-08-20,2026-08-21,C,950.0,6857,2,1.5625021874999998,0.01,0.0,0.01
QQQ,2026-08-20,2026-08-21,P,315.0,3184,12,4.375004531249999,0.01,0.0,0.01
QQQ,2026-08-20,2026-08-21,P,320.0,1513,5,4.312504609374999,0.02,0.0,0.01
QQQ,2026-08-20,2026-08-21,P,325.0,974,1,4.2500046875,0.03,0.0,0.01
QQQ,2026-08-20,2026-08-21,P,330.0,420,25,4.12500484375,0.01,0.0,0.01
QQQ,2026-08-20,2026-08-21,P,335.0,698,141,4.12500484375,0.02,0.0,0.01
QQQ,2026-08-20,2026-08-21,P,340.0,1060,2,4.000005,0.01,0.0,0.01
QQQ,2026-08-20,2026-08-21,P,345.0,556,2,3.8750003125,0.03,0.0,0.01
QQQ,2026-08-20,2026-08-21,P,350.0,859,2,3.8750003125,0.02,0.0,0.01
QQQ,2026-08-20,2026-08-21,P,355.0,247,111,3.750000625,0.03,0.0,0.01
QQQ,2026-08-20,2026-08-21,P,360.0,666,4,3.6875007812500002,0.01,0.0,0.01
QQQ,2026-08-20,2026-08-21,P,365.0,379,11,3.6250009375000003,0.02,0.0,0.01
QQQ,2026-08-20,2026-08-21,P,370.0,1089,678,3.56250109375,0.01,0.0,0.01
QQQ,2026-08-20,2026-08-21,P,375.0,535,393,3.50000125,0.01,0.0,0.01
QQQ,2026-08-20,2026-08-21,P,380.0,3378,120,3.3750015624999996,0.01,0.0,0.01
QQQ,2026-08-20,2026-08-21,P,385.0,1047,1,3.3750015624999996,0.01,0.0,0.01
QQQ,2026-08-20,2026-08-21,P,390.0,2290,5,3.2500018749999997,0.01,0.0,0.01
QQQ,2026-08-20,2026-08-21,P,395.0,561,5,3.2500018749999997,0.01,0.0,0.01
QQQ,2026-08-20,2026-08-21,P,400.0,1024,5,3.1250021875,0.01,0.0,0.01
QQQ,2026-08-20,2026-08-21,P,405.0,642,11,3.1250021875,0.01,0.0,0.01
QQQ,2026-08-20,2026-08-21,P,410.0,961,20,3.0000025,0.01,0.0,0.01
QQQ,2026-08-20,2026-08-21,P,415.0,416,15,3.0000025,0.02,0.0,0.01
QQQ,2026-08-20,2026-08-21,P,420.0,678,33,2.8750028125,0.01,0.0,0.01
QQQ,2026-08-20,2026-08-21,P,425.0,12161,2780,2.8750028125,0.01,0.0,0.01
QQQ,2026-08-20,2026-08-21,P,430.0,4219,1159,2.750003125,0.02,0.0,0.01
QQQ,2026-08-20,2026-08-21,P,435.0,1260,268,2.750003125,0.01,0.0,0.01
QQQ,2026-08-20,2026-08-21,P,440.0,1262,498,2.6250034375,0.01,0.0,0.01
QQQ,2026-08-20,2026-08-21,P,445.0,1006,10,2.6250034375,0.01,0.0,0.01
QQQ,2026-08-20,2026-08-21,P,450.0,2059,12,2.56250359375,0.01,0.0,0.01
QQQ,2026-08-20,2026-08-21,P,455.0,395,1,2.50000375,0.01,0.0,0.01
QQQ,2026-08-20,2026-08-21,P,460.0,659,121,2.43750390625,0.01,0.0,0.01
QQQ,2026-08-20,2026-08-21,P,465.0,1369,830,2.3750040624999995,0.01,0.0,0.01
QQQ,2026-08-20,2026-08-21,P,470.0,24119,1,2.3125042187499996,0.01,0.0,0.01
QQQ,2026-08-20,2026-08-21,P,475.0,15209,15000,2.2500043749999996,0.01,0.0,0.01
QQQ,2026-08-20,2026-08-21,P,480.0,2132,1,2.1875045312499997,0.02,0.0,0.01
QQQ,2026-08-20,2026-08-21,P,485.0,1124,10,2.1250046874999997,0.01,0.0,0.01
QQQ,2026-08-20,2026-08-21,P,490.0,3998,103,2.1250046874999997,0.01,0.0,0.01
QQQ,2026-08-20,2026-08-21,P,495.0,1749,5,2.0625048437499998,0.01,0.0,0.01
QQQ,2026-08-20,2026-08-21,P,500.0,11635,80,1.96875015625,0.01,0.0,0.01
QQQ,2026-08-20,2026-08-21,P,505.0,539,41,1.9375003125,0.01,0.0,0.01
QQQ,2026-08-20,2026-08-21,P,510.0,6007,3,1.875000625,0.01,0.0,0.01
QQQ,2026-08-20,2026-08-21,P,515.0,11106,304,1.8125009374999999,0.01,0.0,0.01
QQQ,2026-08-20,2026-08-21,P,520.0,6310,4698,1.78125109375,0.01,0.0,0.01
QQQ,2026-08-20,2026-08-21,P,525.0,27053,12235,1.75000125,0.01,0.0,0.01
QQQ,2026-08-20,2026-08-21,P,530.0,17925,1219,1.6875015625,0.01,0.0,0.01
QQQ,2026-08-20,2026-08-21,P,535.0,7775,4230,1.625001875,0.01,0.0,0.01
QQQ,2026-08-20,2026-08-21,P,540.0,6402,1029,1.5625021874999998,0.01,0.0,0.01
QQQ,2026-08-20,2026-08-21,P,545.0,9697,5414,1.5312523437499999,0.01,0.0,0.01
QQQ,2026-08-20,2026-08-21,P,550.0,18675,6436,1.5000025,0.01,0.0,0.01
QQQ,2026-08-20,2026-08-21,P,555.0,2841,1,1.4375028125,0.01,0.0,0.01
QQQ,2026-08-20,2026-08-21,P,560.0,7953,3894,1.3750031249999999,0.01,0.0,0.01
QQQ,2026-08-20,2026-08-21,P,565.0,3179,3,1.3437532812499997,0.01,0.0,0.01
QQQ,2026-08-20,2026-08-21,P,570.0,10553,852,1.3125034374999998,0.02,0.0,0.01
QQQ,2026-08-20,2026-08-21,P,575.0,5274,13,1.2500037499999999,0.01,0.0,0.01
QQQ,2026-08-20,2026-08-21,P,580.0,14330,11,1.1875040625,0.01,0.0,0.01
QQQ,2026-08-20,2026-08-21,P,585.0,10808,16,1.15625421875,0.01,0.0,0.01
QQQ,2026-08-20,2026-08-21,P,590.0,3488,9,1.125004375,0.01,0.0,0.01
QQQ,2026-08-20,2026-08-21,P,595.0,3396,3,1.0625046875000002,0.01,0.0,0.01
QQQ,2026-08-20,2026-08-21,P,600.0,22293,18,1.0312548437500002,0.01,0.0,0.01
QQQ,2026-08-20,2026-08-21,P,605.0,3380,1,0.9687503125,0.01,0.0,0.01
QQQ,2026-08-20,2026-08-21,P,610.0,5448,10,0.937500625,0.01,0.0,0.01
QQQ,2026-08-20,2026-08-21,P,615.0,4349,5,0.87500125,0.01,0.0,0.01
QQQ,2026-08-20,2026-08-21,P,620.0,10356,8,0.8437515624999999,0.01,0.0,0.01
QQQ,2026-08-20,2026-08-21,P,625.0,19809,10,0.79687703125,0.01,0.0,0.01
QQQ,2026-08-20,2026-08-21,P,630.0,16760,20,0.7500025,0.01,0.0,0.01
QQQ,2026-08-20,2026-08-21,P,635.0,14439,78,0.70312796875,0.01,0.0,0.01
QQQ,2026-08-20,2026-08-21,P,640.0,27356,12,0.6562534375000001,0.01,0.0,0.01
QQQ,2026-08-20,2026-08-21,P,645.0,29344,5,0.6250037500000001,0.01,0.0,0.01
QQQ,2026-08-20,2026-08-21,P,650.0,33169,353,0.57812921875,0.01,0.0,0.01
QQQ,2026-08-20,2026-08-21,P,651.0,955,3,0.5625043750000001,0.01,0.0,0.01
QQQ,2026-08-20,2026-08-21,P,652.0,1236,206,0.5625043750000001,0.01,0.0,0.01
QQQ,2026-08-20,2026-08-21,P,653.0,916,2,0.5468795312500001,0.01,0.0,0.01
QQQ,2026-08-20,2026-08-21,P,654.0,1672,2489,0.5468795312500001,0.02,0.0,0.01
QQQ,2026-08-20,2026-08-21,P,655.0,8468,83,0.5312546875,0.01,0.0,0.01
QQQ,2026-08-20,2026-08-21,P,656.0,1394,21,0.5312546875,0.01,0.0,0.01
QQQ,2026-08-20,2026-08-21,P,657.0,1665,781,0.51562984375,0.01,0.0,0.01
QQQ,2026-08-20,2026-08-21,P,658.0,1680,580,0.500005,0.01,0.0,0.01
QQQ,2026-08-20,2026-08-21,P,659.0,969,45,0.500005,0.01,0.0,0.01
QQQ,2026-08-20,2026-08-21,P,660.0,20608,200,0.51562984375,0.01,0.0,0.01
QQQ,2026-08-20,2026-08-21,P,661.0,1358,35,0.507817421875,0.01,0.0,0.01
QQQ,2026-08-20,2026-08-21,P,662.0,1934,29,0.500005,0.01,0.0,0.01
QQQ,2026-08-20,2026-08-21,P,663.0,2790,47,0.49219257812500006,0.01,0.0,0.01
QQQ,2026-08-20,2026-08-21,P,664.0,1165,408,0.48438015625,0.01,0.0,0.01
QQQ,2026-08-20,2026-08-21,P,665.0,6724,174,0.476567734375,0.01,0.0,0.01
QQQ,2026-08-20,2026-08-21,P,666.0,2407,403,0.4687553125,0.01,0.0,0.01
QQQ,2026-08-20,2026-08-21,P,667.0,1159,1318,0.45313046875,0.01,0.0,0.01
QQQ,2026-08-20,2026-08-21,P,668.0,6263,443,0.445318046875,0.02,0.0,0.01
QQQ,2026-08-20,2026-08-21,P,669.0,1877,1861,0.437505625,0.01,0.0,0.01
QQQ,2026-08-20,2026-08-21,P,670.0,27160,5561,0.42969320312500003,0.01,0.0,0.01
QQQ,2026-08-20,2026-08-21,P,671.0,2324,5020,0.42188078125,0.01,0.0,0.01
QQQ,2026-08-20,2026-08-21,P,672.0,1141,706,0.414068359375,0.01,0.0,0.01
QQQ,2026-08-20,2026-08-21,P,673.0,841,737,0.398443515625,0.01,0.0,0.01
QQQ,2026-08-20,2026-08-21,P,674.0,881,723,0.39063109375,0.01,0.0,0.01
QQQ,2026-08-20,2026-08-21,P,675.0,22651,932,0.38281867187499996,0.01,0.0,0.01
QQQ,2026-08-20,2026-08-21,P,676.0,824,1211,0.37500625,0.01,0.0,0.01
QQQ,2026-08-20,2026-08-21,P,677.0,1299,1105,0.367193828125,0.01,0.0,0.01
QQQ,2026-08-20,2026-08-21,P,678.0,1628,1322,0.35938140625,0.01,0.0,0.01
QQQ,2026-08-20,2026-08-21,P,679.0,2100,80,0.3437565625,0.01,0.0,0.01
QQQ,2026-08-20,2026-08-21,P,680.0,68073,1439,0.335944140625,0.02,0.0,0.01
QQQ,2026-08-20,2026-08-21,P,681.0,1014,123,0.32813171874999997,0.01,0.0,0.01
QQQ,2026-08-20,2026-08-21,P,682.0,2601,471,0.32031929687499994,0.01,0.0,0.01
QQQ,2026-08-20,2026-08-21,P,683.0,2810,1282,0.31250687499999996,0.01,0.0,0.01
QQQ,2026-08-20,2026-08-21,P,684.0,4805,2138,0.3007882421875,0.01,0.0,0.01
QQQ,2026-08-20,2026-08-21,P,685.0,8425,1795,0.31250687499999996,0.01,0.01,0.02
QQQ,2026-08-20,2026-08-21,P,686.0,2050,394,0.304694453125,0.01,0.01,0.02
QQQ,2026-08-20,2026-08-21,P,687.0,3724,701,0.29492892578124996,0.01,0.01,0.02
QQQ,2026-08-20,2026-08-21,P,688.0,2838,372,0.28516339843749994,0.01,0.01,0.02
QQQ,2026-08-20,2026-08-21,P,689.0,3778,1762,0.27539787109374997,0.01,0.01,0.02
QQQ,2026-08-20,2026-08-21,P,690.0,34122,4827,0.26563234375,0.01,0.01,0.02
QQQ,2026-08-20,2026-08-21,P,691.0,2961,631,0.25391371093750004,0.02,0.01,0.02
QQQ,2026-08-20,2026-08-21,P,692.0,4955,2806,0.2461012890625,0.02,0.01,0.02
QQQ,2026-08-20,2026-08-21,P,693.0,6910,2066,0.23438265625,0.02,0.01,0.02
QQQ,2026-08-20,2026-08-21,P,694.0,7585,3536,0.22657023437499998,0.02,0.01,0.02
QQQ,2026-08-20,2026-08-21,P,695.0,31596,8279,0.2148516015625,0.01,0.01,0.02
QQQ,2026-08-20,2026-08-21,P,696.0,3342,3125,0.20508607421874997,0.01,0.01,0.02
QQQ,2026-08-20,2026-08-21,P,697.0,2714,3759,0.195320546875,0.01,0.01,0.02
QQQ,2026-08-20,2026-08-21,P,698.0,4067,5249,0.18555501953124998,0.02,0.01,0.02
QQQ,2026-08-20,2026-08-21,P,699.0,2622,6225,0.1757894921875,0.01,0.01,0.02
QQQ,2026-08-20,2026-08-21,P,700.0,69891,26933,0.16407085937500002,0.02,0.01,0.02
QQQ,2026-08-20,2026-08-21,P,701.0,3670,7384,0.16407085937500002,0.03,0.02,0.03
QQQ,2026-08-20,2026-08-21,P,702.0,4054,8218,0.15235222656250003,0.02,0.02,0.03
QQQ,2026-08-20,2026-08-21,P,703.0,5639,10998,0.141610146484375,0.02,0.02,0.03
QQQ,2026-08-20,2026-08-21,P,704.0,4157,13989,0.13672738281250002,0.03,0.03,0.04
QQQ,2026-08-20,2026-08-21,P,705.0,31356,60952,0.12500875,0.03,0.03,0.04
QQQ,2026-08-20,2026-08-21,P,706.0,6137,28814,0.118172880859375,0.04,0.04,0.05
QQQ,2026-08-20,2026-08-21,P,707.0,7196,43535,0.10938390625,0.05,0.05,0.06
QQQ,2026-08-20,2026-08-21,P,708.0,8360,92751,0.1001066552734375,0.06,0.06,0.07
QQQ,2026-08-20,2026-08-21,P,709.0,7732,106957,0.09400320068359375,0.1,0.09,0.1
QQQ,2026-08-20,2026-08-21,P,710.0,29505,196948,0.08692319335937501,0.13,0.13,0.14
QQQ,2026-08-20,2026-08-21,P,711.0,5680,156211,0.08081973876953125,0.21,0.2,0.21
QQQ,2026-08-20,2026-08-21,P,712.0,3969,116811,0.0763031823730469,0.34,0.33,0.34
QQQ,2026-08-20,2026-08-21,P,712.5,1666,45750,0.07471628417968751,0.43,0.43,0.44
QQQ,2026-08-20,2026-08-21,P,713.0,5287,58282,0.071298349609375,0.53,0.53,0.54
QQQ,2026-08-20,2026-08-21,P,714.0,3625,41362,0.06763627685546877,0.85,0.86,0.87
QQQ,2026-08-20,2026-08-21,P,715.0,13775,33014,0.06104454589843751,1.29,1.3,1.31
QQQ,2026-08-20,2026-08-21,P,716.0,4137,6666,0.04651832397460938,1.85,1.84,1.86
QQQ,2026-08-20,2026-08-21,P,717.0,14518,3639,1.0000000000000003e-05,2.56,2.53,2.57
QQQ,2026-08-20,2026-08-21,P,717.5,2798,693,1.0000000000000003e-05,3.07,2.93,2.97
QQQ,2026-08-20,2026-08-21,P,718.0,23169,1123,1.0000000000000003e-05,3.34,3.31,3.45
QQQ,2026-08-20,2026-08-21,P,719.0,2595,767,1.0000000000000003e-05,4.3,4.25,4.36
QQQ,2026-08-20,2026-08-21,P,720.0,10807,1015,1.0000000000000003e-05,5.35,5.35,5.35
QQQ,2026-08-20,2026-08-21,P,721.0,249,282,1.0000000000000003e-05,6.3,6.1,6.42
QQQ,2026-08-20,2026-08-21,P,722.0,357,74,1.0000000000000003e-05,7.29,7.09,7.37
QQQ,2026-08-20,2026-08-21,P,722.5,8,50,0.18677571044921876,11.81,7.59,8.63
QQQ,2026-08-20,2026-08-21,P,723.0,157,158,0.16919776123046876,8.83,8.09,8.96
QQQ,2026-08-20,2026-08-21,P,724.0,163,62,1.0000000000000003e-05,8.9,9.08,9.27
QQQ,2026-08-20,2026-08-21,P,725.0,6542,353,1.0000000000000003e-05,10.27,10.13,10.42
QQQ,2026-08-20,2026-08-21,P,726.0,3068,25,0.3154365332031249,12.0,11.02,12.73
QQQ,2026-08-20,2026-08-21,P,727.0,27,26,0.3425358715820312,14.69,12.09,13.82
QQQ,2026-08-20,2026-08-21,P,727.5,3,3,0.3435124243164062,15.57,12.54,14.25
QQQ,2026-08-20,2026-08-21,P,728.0,62,35,0.3541324353027343,17.55,13.01,14.77
QQQ,2026-08-20,2026-08-21,P,729.0,218,34,1.0000000000000003e-05,15.76,14.08,14.59
QQQ,2026-08-20,2026-08-21,P,730.0,6096,141,0.40015248291015626,15.47,15.05,16.88
QQQ,2026-08-20,2026-08-21,P,731.0,142,59,1.0000000000000003e-05,16.39,16.05,16.42
QQQ,2026-08-20,2026-08-21,P,732.0,90,4,0.4309138940429688,22.05,16.93,18.86
QQQ,2026-08-20,2026-08-21,P,732.5,22,13,0.4292049267578125,22.27,17.42,19.28
QQQ,2026-08-20,2026-08-21,P,733.0,20,15,0.43970286865234376,19.6,17.84,19.8
QQQ,2026-08-20,2026-08-21,P,734.0,1086,22,0.445318046875,20.6,18.87,20.72
QQQ,2026-08-20,2026-08-21,P,735.0,1288,13,0.46851117431640626,21.82,18.38,21.78
QQQ,2026-08-20,2026-08-21,P,736.0,4,3,0.481450498046875,26.93,19.13,22.76
QQQ,2026-08-20,2026-08-21,P,737.0,0,13,0.49414568359375005,26.57,20.3,23.74
QQQ,2026-08-20,2026-08-21,P,737.5,0,69,0.5397995239257813,20.36,20.88,24.53
QQQ,2026-08-20,2026-08-21,P,738.0,51,133,0.5268602001953125,29.19,21.38,24.87
QQQ,2026-08-20,2026-08-21,P,739.0,0,81,0.5283250292968751,29.1,22.18,25.77
QQQ,2026-08-20,2026-08-21,P,740.0,1477,6,0.5432174584960938,26.82,23.18,26.77
QQQ,2026-08-20,2026-08-21,P,741.0,1,1,0.5581098876953126,29.22,24.37,27.77
QQQ,2026-08-20,2026-08-21,P,742.0,0,3,0.5727581787109376,33.0,25.16,28.77
QQQ,2026-08-20,2026-08-21,P,742.5,2,1,0.6030313134765627,25.51,25.88,29.43
QQQ,2026-08-20,2026-08-21,P,743.0,0,5,0.6005899316406251,25.04,26.18,29.86
QQQ,2026-08-20,2026-08-21,P,744.0,0,2,0.6167030517578126,31.45,27.37,30.87
QQQ,2026-08-20,2026-08-21,P,745.0,4,519,0.6543003320312502,26.46,28.37,32.03
QQQ,2026-08-20,2026-08-21,P,746.0,0,111,0.6691927612304689,34.69,29.38,33.03
QQQ,2026-08-20,2026-08-21,P,747.0,0,82,0.6694368994140626,28.62,30.38,33.93
QQQ,2026-08-20,2026-08-21,P,748.0,0,1,0.6984893432617189,36.0,31.37,35.03
QQQ,2026-08-20,2026-08-21,P,749.0,0,2,0.7128934960937501,29.78,32.37,36.03
QQQ,2026-08-20,2026-08-21,P,750.0,8,131,0.727541787109375,38.75,33.39,37.03
QQQ,2026-08-20,2026-08-21,P,751.0,0,2,0.743166630859375,31.78,34.35,38.04
QQQ,2026-08-20,2026-08-21,P,752.0,0,0,0.7060576269531251,20.8,35.37,38.72
QQQ,2026-08-20,2026-08-21,P,753.0,0,1,0.719729365234375,32.64,36.37,39.72
QQQ,2026-08-20,2026-08-21,P,755.0,1,2,0.7983418603515625,42.3,38.38,42.03
QQQ,2026-08-20,2026-08-21,P,756.0,0,14,0.8122577368164061,26.38,39.37,43.03
QQQ,2026-08-20,2026-08-21,P,757.0,0,0,0.7944356494140624,23.98,40.18,43.84
QQQ,2026-08-20,2026-08-21,P,760.0,21,81,0.8164080859374999,48.76,43.37,46.74
QQQ,2026-08-20,2026-08-21,P,765.0,0,1,0.9345709667968749,46.97,48.37,52.03
QQQ,2026-08-20,2026-08-21,P,770.0,0,1,0.9448247705078124,46.94,53.17,56.74
QQQ,2026-08-20,2026-08-21,P,775.0,0,1,1.0649460815429688,59.95,58.37,62.03
QQQ,2026-08-20,2026-08-21,P,780.0,5,5,1.09375453125,65.65,63.03,66.86
QQQ,2026-08-20,2026-08-21,P,785.0,0,2,1.169681885986328,101.43,68.71,71.93
QQQ,2026-08-20,2026-08-21,P,790.0,0,1,1.2299843188476562,56.59,73.35,76.93
QQQ,2026-08-20,2026-08-21,P,795.0,0,2,1.2893101940917968,111.41,78.37,81.93
QQQ,2026-08-20,2026-08-21,P,800.0,0,2,1.3071323706054683,91.02,83.3,86.76
QQQ,2026-08-20,2026-08-21,P,805.0,0,2,1.36328443359375,81.44,88.17,91.76
QQQ,2026-08-20,2026-08-21,P,810.0,0,2,1.4858424145507811,85.09,93.37,97.03
QQQ,2026-08-20,2026-08-21,P,815.0,0,1,1.5424827563476562,82.66,98.37,102.03
QQQ,2026-08-20,2026-08-21,P,820.0,0,2,1.5278343920898436,118.44,103.11,106.76
QQQ,2026-08-20,2026-08-21,P,825.0,0,5,1.6274432690429688,128.52,108.36,111.93
QQQ,2026-08-20,2026-08-21,P,830.0,0,14,3.801270028076172,94.09,134.04,137.14
QQQ,2026-08-20,2026-08-21,P,835.0,0,0,3.928711115722656,99.26,140.15,142.14
QQQ,2026-08-20,2026-08-21,P,840.0,0,0,3.9550782373046873,104.21,143.87,147.14
QQQ,2026-08-20,2026-08-21,P,845.0,0,0,4.081669936981202,109.12,150.0,152.14
QQQ,2026-08-20,2026-08-21,P,850.0,0,10,1.8325203686523435,133.61,133.37,136.74
QQQ,2026-08-20,2026-08-21,P,855.0,0,0,1.9750977807617187,125.04,138.37,142.05
QQQ,2026-08-20,2026-08-21,P,860.0,0,0,1.9311526879882814,130.02,143.24,146.74
QQQ,2026-08-20,2026-08-21,P,900.0,0,64,2.306644858398437,170.42,183.18,186.74
QQQ,2026-08-20,2026-08-21,P,915.0,0,0,2.517581831054687,194.44,198.37,201.95
QQQ,2026-08-20,2026-08-21,P,925.0,0,50,2.6342807580566405,218.74,208.37,212.03
QQQ,2026-08-20,2026-08-21,P,950.0,0,4,5.485842986450194,210.71,253.95,257.14
QQQ,2026-08-20,2026-08-24,C,585.0,2,0,0.9887696435546875,140.52,128.32,131.63
QQQ,2026-08-20,2026-08-24,C,600.0,10,1,0.8535170898437501,111.49,113.02,116.69
QQQ,2026-08-20,2026-08-24,C,610.0,2,0,0.7817404638671875,123.73,103.33,106.36
QQQ,2026-08-20,2026-08-24,C,620.0,11,1,0.7172879833984375,91.65,93.21,96.52
QQQ,2026-08-20,2026-08-24,C,640.0,31,30,0.6071816625976563,90.36,73.15,76.9
QQQ,2026-08-20,2026-08-24,C,665.0,3,0,0.5773968041992188,65.63,48.04,51.71
QQQ,2026-08-20,2026-08-24,C,670.0,8,7,0.5473678076171876,40.2,43.05,46.92
QQQ,2026-08-20,2026-08-24,C,675.0,20,2,0.5054981091308592,36.4,38.34,41.97
QQQ,2026-08-20,2026-08-24,C,680.0,24,3,0.37830211547851555,32.26,34.81,35.71
QQQ,2026-08-20,2026-08-24,C,684.0,15,15,0.3343572424316406,49.94,30.83,31.56
QQQ,2026-08-20,2026-08-24,C,685.0,41,13,0.33264827514648443,25.25,29.73,30.65
QQQ,2026-08-20,2026-08-24,C,686.0,7,2,0.32971861694335935,31.03,28.66,29.73
QQQ,2026-08-20,2026-08-24,C,688.0,2,0,0.313483427734375,42.7,26.68,27.74
QQQ,2026-08-20,2026-08-24,C,690.0,37,21,0.2845530529785155,24.22,24.88,25.56
QQQ,2026-08-20,2026-08-24,C,691.0,1,2,0.28955788574218744,41.68,23.71,24.77
QQQ,2026-08-20,2026-08-24,C,694.0,2,2,0.2661206201171875,19.34,20.75,21.82
QQQ,2026-08-20,2026-08-24,C,695.0,31,4,0.24719991088867188,17.83,19.94,20.65
QQQ,2026-08-20,2026-08-24,C,697.0,15,4,0.23120885986328127,15.94,17.81,18.68
QQQ,2026-08-20,2026-08-24,C,698.0,18,29,0.2243729907226562,14.28,16.56,17.72
QQQ,2026-08-20,2026-08-24,C,700.0,97,507,0.18262536132812499,15.23,14.94,15.3
QQQ,2026-08-20,2026-08-24,C,701.0,70,72,0.19763985961914063,12.85,14.0,14.74
QQQ,2026-08-20,2026-08-24,C,703.0,225,232,0.18378501770019529,12.26,12.17,12.85
QQQ,2026-08-20,2026-08-24,C,704.0,97,105,0.15662464477539065,10.18,11.11,11.49
QQQ,2026-08-20,2026-08-24,C,705.0,176,431,0.16468120483398438,10.2,9.92,10.87
QQQ,2026-08-20,2026-08-24,C,706.0,96,249,0.16303327209472657,8.41,9.49,10.07
QQQ,2026-08-20,2026-08-24,C,707.0,117,409,0.13575083007812502,9.01,8.62,8.68
QQQ,2026-08-20,2026-08-24,C,709.0,440,1671,0.1307459973144531,7.0,7.04,7.09
QQQ,2026-08-20,2026-08-24,C,710.0,1538,7975,0.12500875,6.33,6.22,6.25
QQQ,2026-08-20,2026-08-24,C,711.0,1178,11472,0.12085840087890626,5.45,5.43,5.48
QQQ,2026-08-20,2026-08-24,C,712.0,1243,22257,0.12152978088378906,4.82,4.84,4.88
QQQ,2026-08-20,2026-08-24,C,713.0,1218,16312,0.11835598449707031,4.19,4.17,4.21
QQQ,2026-08-20,2026-08-24,C,714.0,820,9245,0.1157314990234375,3.6,3.59,3.6
QQQ,2026-08-20,2026-08-24,C,715.0,1705,16867,0.10962804443359375,2.92,2.91,2.93
QQQ,2026-08-20,2026-08-24,C,716.0,821,5020,0.10822424987792968,2.45,2.43,2.45
QQQ,2026-08-20,2026-08-24,C,717.0,1017,3161,0.10755286987304688,2.05,2.03,2.04
QQQ,2026-08-20,2026-08-24,C,718.0,1152,5081,0.1054776953125,1.65,1.62,1.64
QQQ,2026-08-20,2026-08-24,C,719.0,685,2733,0.10364665893554686,1.31,1.28,1.3
QQQ,2026-08-20,2026-08-24,C,720.0,2464,11391,0.10144941528320311,1.0,0.99,1.0
QQQ,2026-08-20,2026-08-24,C,721.0,705,2043,0.10181562255859375,0.77,0.79,0.8
QQQ,2026-08-20,2026-08-24,C,722.0,1146,2292,0.10071700073242187,0.61,0.6,0.61
QQQ,2026-08-20,2026-08-24,C,723.0,393,1076,0.09998458618164063,0.48,0.45,0.46
QQQ,2026-08-20,2026-08-24,C,724.0,439,954,0.09998458618164063,0.36,0.34,0.35
QQQ,2026-08-20,2026-08-24,C,725.0,2511,6458,0.100594931640625,0.26,0.26,0.27
QQQ,2026-08-20,2026-08-24,C,726.0,989,1143,0.10157148437499999,0.21,0.2,0.21
QQQ,2026-08-20,2026-08-24,C,727.0,411,496,0.10230389892578123,0.15,0.15,0.16
QQQ,2026-08-20,2026-08-24,C,728.0,5402,1465,0.10279217529296875,0.12,0.11,0.12
QQQ,2026-08-20,2026-08-24,C,729.0,291,201,0.10523355712890625,0.1,0.09,0.1
QQQ,2026-08-20,2026-08-24,C,730.0,2207,3031,0.1069425244140625,0.08,0.07,0.08
QQQ,2026-08-20,2026-08-24,C,731.0,521,1019,0.10743080078125,0.05,0.05,0.06
QQQ,2026-08-20,2026-08-24,C,732.0,773,491,0.1098721826171875,0.05,0.04,0.05
QQQ,2026-08-20,2026-08-24,C,733.0,471,219,0.11524322265625,0.05,0.04,0.05
QQQ,2026-08-20,2026-08-24,C,734.0,2218,270,0.1167080517578125,0.03,0.03,0.04
QQQ,2026-08-20,2026-08-24,C,735.0,3900,435,0.117196328125,0.02,0.02,0.03
QQQ,2026-08-20,2026-08-24,C,736.0,901,193,0.12207909179687501,0.03,0.02,0.03
QQQ,2026-08-20,2026-08-24,C,737.0,535,8,0.12696185546875,0.02,0.02,0.03
QQQ,2026-08-20,2026-08-24,C,738.0,300,9,0.12500875,0.01,0.01,0.02
QQQ,2026-08-20,2026-08-24,C,739.0,218,1,0.129891513671875,0.02,0.01,0.02
QQQ,2026-08-20,2026-08-24,C,740.0,6032,229,0.13477427734375003,0.01,0.01,0.02
QQQ,2026-08-20,2026-08-24,C,741.0,283,4,0.13868048828125001,0.01,0.01,0.02
QQQ,2026-08-20,2026-08-24,C,742.0,6025,61,0.143563251953125,0.02,0.0,0.02
QQQ,2026-08-20,2026-08-24,C,743.0,479,154,0.148446015625,0.02,0.0,0.02
QQQ,2026-08-20,2026-08-24,C,744.0,196,31,0.14063359375,0.01,0.0,0.01
QQQ,2026-08-20,2026-08-24,C,745.0,474,47,0.14649291015625,0.03,0.0,0.01
QQQ,2026-08-20,2026-08-24,C,746.0,214,1,0.15039912109375003,0.01,0.0,0.01
QQQ,2026-08-20,2026-08-24,C,747.0,30,4,0.16602396484375004,0.01,0.0,0.02
QQQ,2026-08-20,2026-08-24,C,748.0,178,3,0.16993017578125003,0.01,0.0,0.02
QQQ,2026-08-20,2026-08-24,C,749.0,57,1,0.17383638671875,0.01,0.0,0.02
QQQ,2026-08-20,2026-08-24,C,750.0,425,50,0.16797707031250003,0.01,0.0,0.01
QQQ,2026-08-20,2026-08-24,C,751.0,266,22,0.17188328125000002,0.03,0.0,0.01
QQQ,2026-08-20,2026-08-24,C,752.0,101,11,0.1757894921875,0.01,0.0,0.01
QQQ,2026-08-20,2026-08-24,C,753.0,73,3,0.179695703125,0.01,0.0,0.01
QQQ,2026-08-20,2026-08-24,C,754.0,143,51,0.18360191406249998,0.02,0.0,0.01
QQQ,2026-08-20,2026-08-24,C,755.0,371,1,0.187508125,0.01,0.0,0.01
QQQ,2026-08-20,2026-08-24,C,756.0,145,8,0.1914143359375,0.01,0.0,0.01
QQQ,2026-08-20,2026-08-24,C,757.0,220,17,0.195320546875,0.04,0.0,0.01
QQQ,2026-08-20,2026-08-24,C,758.0,63,2,0.1992267578125,0.01,0.0,0.01
QQQ,2026-08-20,2026-08-24,C,759.0,79,1,0.20313296874999998,0.02,0.0,0.01
QQQ,2026-08-20,2026-08-24,C,760.0,427,2,0.20703917968749996,0.01,0.0,0.01
QQQ,2026-08-20,2026-08-24,C,765.0,773,2,0.22657023437499998,0.01,0.0,0.01
QQQ,2026-08-20,2026-08-24,C,770.0,234,11,0.2461012890625,0.01,0.0,0.01
QQQ,2026-08-20,2026-08-24,C,775.0,113,102,0.26563234375,0.02,0.0,0.01
QQQ,2026-08-20,2026-08-24,C,780.0,639,3,0.28516339843749994,0.01,0.0,0.01
QQQ,2026-08-20,2026-08-24,C,785.0,7,0,0.304694453125,0.03,0.0,0.01
QQQ,2026-08-20,2026-08-24,C,790.0,4,0,0.32031929687499994,0.07,0.0,0.01
QQQ,2026-08-20,2026-08-24,C,795.0,1,1,0.3398503515625,0.01,0.0,0.01
QQQ,2026-08-20,2026-08-24,C,800.0,70,5,0.35938140625,0.01,0.0,0.01
QQQ,2026-08-20,2026-08-24,C,810.0,3,2,0.39063109375,0.02,0.0,0.01
QQQ,2026-08-20,2026-08-24,C,825.0,2,0,0.445318046875,0.02,0.0,0.01
QQQ,2026-08-20,2026-08-24,C,835.0,2,0,0.476567734375,0.02,0.0,0.01
QQQ,2026-08-20,2026-08-24,C,840.0,1,0,0.500005,0.03,0.0,0.01
QQQ,2026-08-20,2026-08-24,P,505.0,15,117,0.9687503125,0.01,0.0,0.01
QQQ,2026-08-20,2026-08-24,P,540.0,3,11072,0.85937640625,0.01,0.01,0.02
QQQ,2026-08-20,2026-08-24,P,575.0,4916,3,0.6796907031250001,0.02,0.01,0.02
QQQ,2026-08-20,2026-08-24,P,585.0,845,5,0.632816171875,0.03,0.01,0.02
QQQ,2026-08-20,2026-08-24,P,590.0,2040,14,0.6093789062500001,0.01,0.01,0.02
QQQ,2026-08-20,2026-08-24,P,595.0,25,10,0.57812921875,0.03,0.01,0.02
QQQ,2026-08-20,2026-08-24,P,600.0,3387,130,0.5546919531250001,0.02,0.01,0.02
QQQ,2026-08-20,2026-08-24,P,620.0,3121,72,0.49023947265625006,0.03,0.01,0.03
QQQ,2026-08-20,2026-08-24,P,625.0,1549,132,0.46484910156250003,0.01,0.01,0.03
QQQ,2026-08-20,2026-08-24,P,630.0,57,25,0.43945873046875,0.02,0.01,0.03
QQQ,2026-08-20,2026-08-24,P,635.0,70,25,0.414068359375,0.02,0.01,0.03
QQQ,2026-08-20,2026-08-24,P,640.0,127,3,0.39063109375,0.02,0.01,0.03
QQQ,2026-08-20,2026-08-24,P,645.0,237,215,0.36524072265625,0.03,0.02,0.03
QQQ,2026-08-20,2026-08-24,P,650.0,278,68,0.3398503515625,0.03,0.02,0.03
QQQ,2026-08-20,2026-08-24,P,655.0,234,312,0.31445998046874996,0.03,0.02,0.03
QQQ,2026-08-20,2026-08-24,P,660.0,433,12,0.2890696093749999,0.03,0.02,0.03
QQQ,2026-08-20,2026-08-24,P,665.0,280,342,0.273444765625,0.04,0.03,0.04
QQQ,2026-08-20,2026-08-24,P,670.0,317,303,0.24805439453125,0.04,0.03,0.04
QQQ,2026-08-20,2026-08-24,P,671.0,202,46,0.242195078125,0.04,0.03,0.04
QQQ,2026-08-20,2026-08-24,P,672.0,47,68,0.23828886718749998,0.04,0.03,0.04
QQQ,2026-08-20,2026-08-24,P,673.0,134,146,0.23242955078125,0.04,0.03,0.04
QQQ,2026-08-20,2026-08-24,P,674.0,394,175,0.22754678710937498,0.04,0.03,0.04
QQQ,2026-08-20,2026-08-24,P,675.0,383,329,0.22266402343749997,0.04,0.03,0.04
QQQ,2026-08-20,2026-08-24,P,676.0,67,113,0.22266402343749997,0.05,0.04,0.05
QQQ,2026-08-20,2026-08-24,P,677.0,83,25,0.21778125976562498,0.05,0.04,0.05
QQQ,2026-08-20,2026-08-24,P,678.0,306,1,0.21289849609375,0.07,0.04,0.05
QQQ,2026-08-20,2026-08-24,P,679.0,360,109,0.20703917968749996,0.05,0.04,0.05
QQQ,2026-08-20,2026-08-24,P,680.0,833,234,0.20215641601562498,0.04,0.04,0.05
QQQ,2026-08-20,2026-08-24,P,681.0,202,94,0.196297099609375,0.06,0.04,0.05
QQQ,2026-08-20,2026-08-24,P,682.0,754,757,0.196297099609375,0.05,0.05,0.06
QQQ,2026-08-20,2026-08-24,P,683.0,656,745,0.19043778320312502,0.06,0.05,0.06
QQQ,2026-08-20,2026-08-24,P,684.0,584,252,0.18555501953124998,0.07,0.05,0.06
QQQ,2026-08-20,2026-08-24,P,685.0,1183,650,0.18360191406249998,0.06,0.06,0.07
QQQ,2026-08-20,2026-08-24,P,686.0,824,271,0.1782308740234375,0.07,0.06,0.07
QQQ,2026-08-20,2026-08-24,P,687.0,597,473,0.17285983398437502,0.09,0.06,0.07
QQQ,2026-08-20,2026-08-24,P,688.0,648,306,0.17041845214843754,0.08,0.07,0.08
QQQ,2026-08-20,2026-08-24,P,689.0,835,290,0.16748879394531252,0.08,0.08,0.09
QQQ,2026-08-20,2026-08-24,P,690.0,1115,1732,0.16162947753906248,0.09,0.08,0.09
QQQ,2026-08-20,2026-08-24,P,691.0,468,355,0.161141201171875,0.1,0.1,0.11
QQQ,2026-08-20,2026-08-24,P,692.0,486,562,0.15528188476562502,0.12,0.1,0.11
QQQ,2026-08-20,2026-08-24,P,693.0,555,845,0.15137567382812503,0.11,0.11,0.12
QQQ,2026-08-20,2026-08-24,P,694.0,2610,456,0.15088739746093754,0.14,0.14,0.15
QQQ,2026-08-20,2026-08-24,P,695.0,999,810,0.14649291015625,0.15,0.15,0.16
QQQ,2026-08-20,2026-08-24,P,696.0,642,505,0.14478394287109375,0.19,0.18,0.19
QQQ,2026-08-20,2026-08-24,P,697.0,758,342,0.14234256103515625,0.21,0.21,0.22
QQQ,2026-08-20,2026-08-24,P,698.0,556,601,0.13941290283203128,0.24,0.24,0.25
QQQ,2026-08-20,2026-08-24,P,699.0,438,860,0.13575083007812502,0.31,0.27,0.28
QQQ,2026-08-20,2026-08-24,P,700.0,3691,5929,0.132821171875,0.32,0.31,0.32
QQQ,2026-08-20,2026-08-24,P,701.0,767,1670,0.13099013549804686,0.37,0.37,0.38
QQQ,2026-08-20,2026-08-24,P,702.0,612,1675,0.1274501318359375,0.44,0.42,0.43
QQQ,2026-08-20,2026-08-24,P,703.0,508,1366,0.12415426635742188,0.49,0.48,0.49
QQQ,2026-08-20,2026-08-24,P,704.0,715,1800,0.12207909179687501,0.57,0.57,0.58
QQQ,2026-08-20,2026-08-24,P,705.0,3566,5567,0.11853908813476563,0.66,0.65,0.66
QQQ,2026-08-20,2026-08-24,P,706.0,543,2543,0.11634184448242188,0.78,0.76,0.78
QQQ,2026-08-20,2026-08-24,P,707.0,728,2794,0.11267977172851562,0.9,0.88,0.89
QQQ,2026-08-20,2026-08-24,P,708.0,981,2819,0.11042149353027343,1.07,1.04,1.05
QQQ,2026-08-20,2026-08-24,P,709.0,547,3614,0.10743080078125,1.22,1.21,1.22
QQQ,2026-08-20,2026-08-24,P,710.0,1760,35054,0.10633217895507813,1.43,1.45,1.47
QQQ,2026-08-20,2026-08-24,P,711.0,1691,11800,0.10309734802246093,1.69,1.69,1.7
QQQ,2026-08-20,2026-08-24,P,712.0,1281,10198,0.10096113891601563,1.94,1.98,2.0
QQQ,2026-08-20,2026-08-24,P,713.0,792,8812,0.0979704461669922,2.3,2.3,2.32
QQQ,2026-08-20,2026-08-24,P,714.0,971,5681,0.09565113342285157,2.63,2.69,2.71
QQQ,2026-08-20,2026-08-24,P,715.0,1994,4734,0.09180595703125,3.11,3.1,3.11
QQQ,2026-08-20,2026-08-24,P,716.0,1999,1158,0.09003595520019532,3.62,3.6,3.63
QQQ,2026-08-20,2026-08-24,P,717.0,1410,360,0.08966974792480469,4.1,4.22,4.25
QQQ,2026-08-20,2026-08-24,P,718.0,1084,229,0.08515319152832034,4.83,4.78,4.82
QQQ,2026-08-20,2026-08-24,P,719.0,871,170,0.07996525512695313,5.15,5.39,5.45
QQQ,2026-08-20,2026-08-24,P,720.0,2546,473,0.07691352783203126,6.23,6.15,6.2
QQQ,2026-08-20,2026-08-24,P,721.0,552,42,0.07691352783203126,8.6,7.0,7.06
QQQ,2026-08-20,2026-08-24,P,722.0,486,282,0.0507907421875,7.63,7.67,7.74
QQQ,2026-08-20,2026-08-24,P,723.0,216,14,0.07398386962890627,10.93,8.18,8.85
QQQ,2026-08-20,2026-08-24,P,724.0,285,90,1.0000000000000003e-05,9.3,9.07,9.66
QQQ,2026-08-20,2026-08-24,P,725.0,194,69,1.0000000000000003e-05,10.66,9.9,10.63
QQQ,2026-08-20,2026-08-24,P,726.0,26,17,1.0000000000000003e-05,11.18,10.86,11.59
QQQ,2026-08-20,2026-08-24,P,727.0,11,91,1.0000000000000003e-05,14.73,11.74,12.42
QQQ,2026-08-20,2026-08-24,P,728.0,11,9,1.0000000000000003e-05,16.92,12.87,13.58
QQQ,2026-08-20,2026-08-24,P,729.0,39,44,1.0000000000000003e-05,16.76,13.75,14.35
QQQ,2026-08-20,2026-08-24,P,730.0,26,12,0.08204042968750001,17.33,14.78,15.72
QQQ,2026-08-20,2026-08-24,P,731.0,7,24,0.092782509765625,20.24,15.86,16.73
QQQ,2026-08-20,2026-08-24,P,732.0,7,15,1.0000000000000003e-05,21.38,16.52,17.31
QQQ,2026-08-20,2026-08-24,P,733.0,0,1,1.0000000000000003e-05,21.79,17.51,18.3
QQQ,2026-08-20,2026-08-24,P,734.0,6,5,0.062509375,24.73,18.85,19.71
QQQ,2026-08-20,2026-08-24,P,735.0,1,2,1.0000000000000003e-05,25.74,19.96,20.69
QQQ,2026-08-20,2026-08-24,P,736.0,0,4,1.0000000000000003e-05,21.0,20.85,21.66
QQQ,2026-08-20,2026-08-24,P,737.0,1,1,1.0000000000000003e-05,20.36,21.62,22.7
QQQ,2026-08-20,2026-08-24,P,738.0,0,1,0.062509375,27.91,22.87,23.71
QQQ,2026-08-20,2026-08-24,P,739.0,0,797,1.0000000000000003e-05,8.7,23.49,24.64
QQQ,2026-08-20,2026-08-24,P,740.0,3,540,0.15821154296875,30.74,24.46,25.78
QQQ,2026-08-20,2026-08-24,P,741.0,2,2,1.0000000000000003e-05,30.77,25.78,26.7
QQQ,2026-08-20,2026-08-24,P,743.0,0,5,0.062509375,23.46,27.66,28.71
QQQ,2026-08-20,2026-08-24,P,744.0,0,5,1.0000000000000003e-05,31.6,28.64,29.7
QQQ,2026-08-20,2026-08-24,P,745.0,0,1,1.0000000000000003e-05,25.99,29.65,30.66
QQQ,2026-08-20,2026-08-24,P,752.0,1,1,0.362311064453125,19.95,35.13,38.83
QQQ,2026-08-20,2026-08-24,P,756.0,0,1,0.389654541015625,34.92,39.1,42.83
QQQ,2026-08-20,2026-08-25,C,650.0,4,2,0.6355016918945313,69.61,63.12,66.83
QQQ,2026-08-20,2026-08-25,C,665.0,1,0,0.5394333166503908,57.4,48.46,52.16
QQQ,2026-08-20,2026-08-25,C,680.0,34,0,0.336920693359375,39.94,33.52,35.76
QQQ,2026-08-20,2026-08-25,C,690.0,80,1,0.2712475219726562,24.15,25.04,25.92
QQQ,2026-08-20,2026-08-25,C,693.0,7,6,0.2523268127441406,20.66,22.05,23.01
QQQ,2026-08-20,2026-08-25,C,695.0,37,8,0.23157506713867188,22.39,20.2,20.92
QQQ,2026-08-20,2026-08-25,C,700.0,101,66,0.18439536315917968,16.16,15.46,15.79
QQQ,2026-08-20,2026-08-25,C,703.0,9,238,0.19031571411132814,9.92,12.84,13.55
QQQ,2026-08-20,2026-08-25,C,704.0,28,32,0.18506674316406246,10.18,11.84,12.66
QQQ,2026-08-20,2026-08-25,C,705.0,382,82,0.17426362854003907,10.36,11.06,11.63
QQQ,2026-08-20,2026-08-25,C,706.0,17,20,0.17060155578613284,9.82,10.29,10.8
QQQ,2026-08-20,2026-08-25,C,707.0,144,42,0.16529155029296877,7.71,9.39,9.94
QQQ,2026-08-20,2026-08-25,C,708.0,62,163,0.15369498657226563,8.75,8.6,8.91
QQQ,2026-08-20,2026-08-25,C,710.0,766,1375,0.1427698028564453,7.34,7.17,7.25
QQQ,2026-08-20,2026-08-25,C,712.0,784,2559,0.13776497009277344,5.86,5.81,5.87
QQQ,2026-08-20,2026-08-25,C,715.0,416,2988,0.12964737548828126,3.95,3.98,4.02
QQQ,2026-08-20,2026-08-25,C,716.0,2452,1599,0.1271449591064453,3.44,3.47,3.48
QQQ,2026-08-20,2026-08-25,C,717.0,605,962,0.12610737182617188,2.95,3.0,3.03
QQQ,2026-08-20,2026-08-25,C,719.0,478,501,0.12305564453125001,2.16,2.18,2.21
QQQ,2026-08-20,2026-08-25,C,720.0,1120,2243,0.12152978088378906,1.83,1.84,1.86
QQQ,2026-08-20,2026-08-25,C,721.0,363,783,0.12122460815429686,1.55,1.56,1.58
QQQ,2026-08-20,2026-08-25,C,722.0,399,604,0.11963770996093749,1.28,1.29,1.3
QQQ,2026-08-20,2026-08-25,C,723.0,506,479,0.11914943359374999,1.12,1.06,1.08
QQQ,2026-08-20,2026-08-25,C,724.0,208,484,0.117196328125,0.87,0.85,0.86
QQQ,2026-08-20,2026-08-25,C,725.0,1472,2125,0.116219775390625,0.68,0.68,0.69
QQQ,2026-08-20,2026-08-25,C,726.0,1176,207,0.11658598266601564,0.57,0.55,0.57
QQQ,2026-08-20,2026-08-25,C,727.0,694,314,0.11634184448242188,0.45,0.45,0.46
QQQ,2026-08-20,2026-08-25,C,728.0,1114,605,0.11560942993164064,0.36,0.35,0.36
QQQ,2026-08-20,2026-08-25,C,729.0,740,187,0.11585356811523437,0.29,0.28,0.29
QQQ,2026-08-20,2026-08-25,C,730.0,1497,419,0.11597563720703125,0.22,0.22,0.23
QQQ,2026-08-20,2026-08-25,C,731.0,537,179,0.1157314990234375,0.19,0.17,0.18
QQQ,2026-08-20,2026-08-25,C,732.0,570,56,0.117196328125,0.08,0.14,0.15
QQQ,2026-08-20,2026-08-25,C,733.0,1251,50,0.1176846044921875,0.11,0.11,0.12
QQQ,2026-08-20,2026-08-25,C,734.0,380,73,0.1211025390625,0.1,0.09,0.11
QQQ,2026-08-20,2026-08-25,C,735.0,644,639,0.12207909179687501,0.06,0.07,0.09
QQQ,2026-08-20,2026-08-25,C,736.0,440,20,0.12207909179687501,0.06,0.06,0.07
QQQ,2026-08-20,2026-08-25,C,737.0,352,7,0.124032197265625,0.04,0.04,0.06
QQQ,2026-08-20,2026-08-25,C,738.0,148,8,0.12549702636718751,0.03,0.03,0.05
QQQ,2026-08-20,2026-08-25,C,739.0,789,2,0.125985302734375,0.02,0.03,0.04
QQQ,2026-08-20,2026-08-25,C,740.0,1662,942,0.13086806640624998,0.03,0.02,0.04
QQQ,2026-08-20,2026-08-25,C,741.0,104,12,0.129891513671875,0.02,0.02,0.03
QQQ,2026-08-20,2026-08-25,C,742.0,80,5,0.13477427734375003,0.01,0.01,0.03
QQQ,2026-08-20,2026-08-25,C,743.0,455,12,0.13868048828125001,0.01,0.02,0.03
QQQ,2026-08-20,2026-08-25,C,744.0,177,10,0.13672738281250002,0.02,0.01,0.02
QQQ,2026-08-20,2026-08-25,C,745.0,2416,111,0.14063359375,0.03,0.01,0.02
QQQ,2026-08-20,2026-08-25,C,746.0,267,1,0.1445398046875,0.04,0.01,0.02
QQQ,2026-08-20,2026-08-25,C,747.0,139,58,0.148446015625,0.01,0.01,0.02
QQQ,2026-08-20,2026-08-25,C,748.0,227,34,0.15235222656250003,0.02,0.0,0.02
QQQ,2026-08-20,2026-08-25,C,749.0,145,3,0.1562584375,0.01,0.0,0.02
QQQ,2026-08-20,2026-08-25,C,750.0,742,6,0.1601646484375,0.01,0.0,0.02
QQQ,2026-08-20,2026-08-25,C,751.0,44,5,0.16407085937500002,0.04,0.0,0.02
QQQ,2026-08-20,2026-08-25,C,752.0,14,1,0.16797707031250003,0.03,0.0,0.02
QQQ,2026-08-20,2026-08-25,C,753.0,78,10,0.17188328125000002,0.01,0.0,0.02
QQQ,2026-08-20,2026-08-25,C,754.0,2310,13,0.1757894921875,0.01,0.0,0.02
QQQ,2026-08-20,2026-08-25,C,755.0,318,46,0.179695703125,0.01,0.0,0.02
QQQ,2026-08-20,2026-08-25,C,756.0,86,1,0.18360191406249998,0.01,0.0,0.02
QQQ,2026-08-20,2026-08-25,C,757.0,219,1,0.187508125,0.04,0.0,0.02
QQQ,2026-08-20,2026-08-25,C,758.0,109,1,0.1914143359375,0.01,0.0,0.02
QQQ,2026-08-20,2026-08-25,C,759.0,231,1,0.195320546875,0.03,0.0,0.02
QQQ,2026-08-20,2026-08-25,C,760.0,214,2,0.19727365234375,0.02,0.0,0.02
QQQ,2026-08-20,2026-08-25,C,765.0,169,55,0.21680470703125,0.09,0.0,0.02
QQQ,2026-08-20,2026-08-25,C,770.0,54,2,0.21875781249999998,0.02,0.0,0.01
QQQ,2026-08-20,2026-08-25,C,775.0,26,1,0.23828886718749998,0.02,0.0,0.01
QQQ,2026-08-20,2026-08-25,C,780.0,16,1,0.25391371093750004,0.02,0.0,0.01
QQQ,2026-08-20,2026-08-25,C,785.0,49,1,0.2695385546875,0.03,0.0,0.01
QQQ,2026-08-20,2026-08-25,P,555.0,21,20,0.7187528125,0.03,0.01,0.03
QQQ,2026-08-20,2026-08-25,P,560.0,16,1,0.6953155468750001,0.02,0.01,0.03
QQQ,2026-08-20,2026-08-25,P,580.0,1767,110,0.6015664843750002,0.04,0.01,0.03
QQQ,2026-08-20,2026-08-25,P,600.0,1196,2,0.5117236328125,0.02,0.01,0.03
QQQ,2026-08-20,2026-08-25,P,610.0,937,1,0.49805189453125004,0.05,0.02,0.04
QQQ,2026-08-20,2026-08-25,P,625.0,4,4,0.42969320312500003,0.03,0.02,0.04
QQQ,2026-08-20,2026-08-25,P,630.0,94,5,0.4062559375,0.04,0.03,0.04
QQQ,2026-08-20,2026-08-25,P,635.0,12,1,0.38281867187499996,0.04,0.03,0.04
QQQ,2026-08-20,2026-08-25,P,640.0,42,1,0.36914693359375,0.07,0.03,0.05
QQQ,2026-08-20,2026-08-25,P,645.0,80,2,0.34570966796874997,0.05,0.03,0.05
QQQ,2026-08-20,2026-08-25,P,650.0,2454,34,0.32227240234374993,0.05,0.04,0.05
QQQ,2026-08-20,2026-08-25,P,655.0,578,9,0.304694453125,0.06,0.04,0.06
QQQ,2026-08-20,2026-08-25,P,660.0,356,15,0.28613995117187496,0.06,0.05,0.07
QQQ,2026-08-20,2026-08-25,P,665.0,291,24,0.2617261328125,0.1,0.06,0.07
QQQ,2026-08-20,2026-08-25,P,670.0,2345,30,0.2461012890625,0.08,0.07,0.09
QQQ,2026-08-20,2026-08-25,P,671.0,108,15,0.241218525390625,0.1,0.07,0.09
QQQ,2026-08-20,2026-08-25,P,672.0,743,14,0.23633576171874998,0.11,0.08,0.09
QQQ,2026-08-20,2026-08-25,P,675.0,386,12,0.22461712890624996,0.13,0.09,0.1
QQQ,2026-08-20,2026-08-25,P,676.0,369,9,0.22217574707031246,0.17,0.09,0.11
QQQ,2026-08-20,2026-08-25,P,679.0,120,17,0.21192194335937498,0.16,0.11,0.13
QQQ,2026-08-20,2026-08-25,P,680.0,550,79,0.20703917968749996,0.16,0.12,0.13
QQQ,2026-08-20,2026-08-25,P,681.0,55,31,0.20410952148437497,0.14,0.12,0.14
QQQ,2026-08-20,2026-08-25,P,682.0,109,33,0.20069158691406247,0.14,0.13,0.15
QQQ,2026-08-20,2026-08-25,P,685.0,1551,72,0.19043778320312502,0.21,0.16,0.18
QQQ,2026-08-20,2026-08-25,P,686.0,114,121,0.188484677734375,0.22,0.18,0.2
QQQ,2026-08-20,2026-08-25,P,687.0,162,77,0.18433432861328125,0.21,0.2,0.21
QQQ,2026-08-20,2026-08-25,P,688.0,183,135,0.18164880859375,0.29,0.21,0.23
QQQ,2026-08-20,2026-08-25,P,689.0,356,122,0.1772543212890625,0.28,0.22,0.24
QQQ,2026-08-20,2026-08-25,P,690.0,3564,299,0.17554535400390625,0.28,0.26,0.27
QQQ,2026-08-20,2026-08-25,P,691.0,199,204,0.17310397216796874,0.27,0.29,0.3
QQQ,2026-08-20,2026-08-25,P,692.0,345,228,0.17041845214843754,0.44,0.32,0.33
QQQ,2026-08-20,2026-08-25,P,693.0,272,113,0.16748879394531252,0.34,0.35,0.36
QQQ,2026-08-20,2026-08-25,P,694.0,680,267,0.16407085937500002,0.4,0.37,0.39
QQQ,2026-08-20,2026-08-25,P,695.0,368,349,0.16040878662109376,0.43,0.41,0.42
QQQ,2026-08-20,2026-08-25,P,696.0,343,157,0.1596763720703125,0.47,0.47,0.49
QQQ,2026-08-20,2026-08-25,P,697.0,283,156,0.15601429931640626,0.52,0.52,0.53
QQQ,2026-08-20,2026-08-25,P,698.0,854,834,0.15357291748046875,0.58,0.58,0.59
QQQ,2026-08-20,2026-08-25,P,699.0,286,143,0.14991084472656252,0.61,0.63,0.64
QQQ,2026-08-20,2026-08-25,P,700.0,2007,1778,0.14820187744140628,0.72,0.72,0.73
QQQ,2026-08-20,2026-08-25,P,701.0,644,451,0.14490601196289063,0.87,0.78,0.8
QQQ,2026-08-20,2026-08-25,P,702.0,254,296,0.14258669921875,0.9,0.88,0.9
QQQ,2026-08-20,2026-08-25,P,703.0,268,399,0.14063359375,1.08,1.01,1.02
QQQ,2026-08-20,2026-08-25,P,704.0,627,435,0.13758186645507814,1.14,1.11,1.13
QQQ,2026-08-20,2026-08-25,P,705.0,2522,1023,0.1360560028076172,1.29,1.27,1.29
QQQ,2026-08-20,2026-08-25,P,706.0,392,231,0.1333094482421875,1.45,1.41,1.44
QQQ,2026-08-20,2026-08-25,P,707.0,693,320,0.13099013549804686,1.62,1.6,1.62
QQQ,2026-08-20,2026-08-25,P,708.0,508,776,0.12860978820800778,1.77,1.79,1.82
QQQ,2026-08-20,2026-08-25,P,709.0,477,1059,0.12641254455566403,2.04,2.03,2.05
QQQ,2026-08-20,2026-08-25,P,710.0,1569,4185,0.12360495544433595,2.31,2.27,2.29
QQQ,2026-08-20,2026-08-25,P,711.0,277,1452,0.12152978088378906,2.57,2.55,2.58
QQQ,2026-08-20,2026-08-25,P,712.0,598,1849,0.11963770996093749,2.9,2.9,2.91
QQQ,2026-08-20,2026-08-25,P,713.0,320,1763,0.11756253540039063,3.25,3.25,3.27
QQQ,2026-08-20,2026-08-25,P,714.0,435,495,0.1155483953857422,3.66,3.66,3.67
QQQ,2026-08-20,2026-08-25,P,715.0,426,490,0.11286287536621094,4.04,4.04,4.09
QQQ,2026-08-20,2026-08-25,P,716.0,299,287,0.11133701171874999,4.61,4.55,4.59
QQQ,2026-08-20,2026-08-25,P,717.0,474,73,0.10846838806152344,5.15,5.04,5.09
QQQ,2026-08-20,2026-08-25,P,718.0,326,113,0.1069425244140625,5.69,5.62,5.68
QQQ,2026-08-20,2026-08-25,P,719.0,192,162,0.10492838439941406,6.27,6.24,6.3
QQQ,2026-08-20,2026-08-25,P,720.0,362,77,0.09967941345214844,6.9,6.82,6.88
QQQ,2026-08-20,2026-08-25,P,721.0,124,54,0.1115201153564453,9.49,7.27,7.95
QQQ,2026-08-20,2026-08-25,P,722.0,471,26,0.1176846044921875,8.38,8.27,8.88
QQQ,2026-08-20,2026-08-25,P,723.0,242,14,0.11121494262695311,12.15,8.81,9.53
QQQ,2026-08-20,2026-08-25,P,724.0,360,13,0.10621010986328125,11.3,9.57,10.27
QQQ,2026-08-20,2026-08-25,P,725.0,664,41,0.09266044067382811,10.59,10.61,10.94
QQQ,2026-08-20,2026-08-25,P,726.0,261,15,0.0991301025390625,13.5,11.45,11.94
QQQ,2026-08-20,2026-08-25,P,727.0,151,1,0.09546802978515626,17.12,12.42,12.83
QQQ,2026-08-20,2026-08-25,P,728.0,29,2,0.09790941162109376,14.56,13.28,13.8
QQQ,2026-08-20,2026-08-25,P,729.0,27,18,0.0937590625,17.78,14.1,14.73
QQQ,2026-08-20,2026-08-25,P,730.0,10,13,0.0991301025390625,19.64,15.21,15.73
QQQ,2026-08-20,2026-08-25,P,731.0,0,25,0.12281150634765625,20.88,16.18,16.87
QQQ,2026-08-20,2026-08-25,P,732.0,7,10,0.13770393554687502,21.07,17.06,17.96
QQQ,2026-08-20,2026-08-25,P,733.0,0,2,0.12696185546875,21.87,17.93,18.81
QQQ,2026-08-20,2026-08-25,P,734.0,2,3,0.11744046630859376,21.4,18.97,19.72
QQQ,2026-08-20,2026-08-25,P,735.0,1,2,0.13916876464843753,21.45,20.01,20.82
QQQ,2026-08-20,2026-08-25,P,736.0,0,3,0.10938390625,24.39,21.06,21.66
QQQ,2026-08-20,2026-08-25,P,737.0,0,160,0.1601646484375,20.03,20.37,22.9
QQQ,2026-08-20,2026-08-25,P,738.0,0,3,0.15650257568359377,23.99,23.03,23.83
QQQ,2026-08-20,2026-08-25,P,740.0,1,17,1.0000000000000003e-05,22.56,23.36,25.59
QQQ,2026-08-20,2026-08-25,P,743.0,0,0,0.19654123779296873,14.67,27.86,28.93
QQQ,2026-08-20,2026-08-25,P,745.0,0,6,0.187508125,33.7,29.97,30.8
QQQ,2026-08-20,2026-08-25,P,749.0,0,0,0.196297099609375,17.38,32.35,34.75
QQQ,2026-08-20,2026-08-25,P,752.0,1,0,0.3286199951171874,21.23,35.42,38.82
QQQ,2026-08-20,2026-08-26,C,590.0,1,0,0.7773459765625,142.8,123.35,126.75
QQQ,2026-08-20,2026-08-26,C,665.0,9,8,0.4820608435058594,52.73,48.39,51.97
QQQ,2026-08-20,2026-08-26,C,680.0,55,2,0.31116411499023433,33.3,35.36,35.82
QQQ,2026-08-20,2026-08-26,C,690.0,43,2,0.264655791015625,21.51,25.44,26.27
QQQ,2026-08-20,2026-08-26,C,695.0,16,3,0.22882851257324222,20.42,20.6,21.31
QQQ,2026-08-20,2026-08-26,C,700.0,87,1,0.21302056518554688,14.44,16.15,16.93
QQQ,2026-08-20,2026-08-26,C,704.0,16,12,0.1912312322998047,11.18,12.69,13.32
QQQ,2026-08-20,2026-08-26,C,705.0,83,75,0.18677571044921876,11.2,12.1,12.47
QQQ,2026-08-20,2026-08-26,C,706.0,45,67,0.1840901904296875,9.47,11.24,11.69
QQQ,2026-08-20,2026-08-26,C,710.0,204,1755,0.16309430664062502,8.23,8.32,8.38
QQQ,2026-08-20,2026-08-26,C,712.0,327,596,0.1583946466064453,6.99,6.99,7.04
QQQ,2026-08-20,2026-08-26,C,715.0,309,1447,0.1496056719970703,5.22,5.12,5.16
QQQ,2026-08-20,2026-08-26,C,720.0,1894,1522,0.1422815264892578,2.89,2.85,2.88
QQQ,2026-08-20,2026-08-26,C,721.0,285,65,0.14215945739746094,2.51,2.54,2.56
QQQ,2026-08-20,2026-08-26,C,723.0,339,96,0.13990117919921874,2.0,1.91,1.94
QQQ,2026-08-20,2026-08-26,C,724.0,468,226,0.13727669372558599,1.63,1.61,1.63
QQQ,2026-08-20,2026-08-26,C,725.0,678,308,0.1376429010009766,1.43,1.42,1.43
QQQ,2026-08-20,2026-08-26,C,726.0,284,173,0.13672738281250002,1.15,1.21,1.22
QQQ,2026-08-20,2026-08-26,C,727.0,266,512,0.1356897955322266,1.01,1.02,1.03
QQQ,2026-08-20,2026-08-26,C,728.0,893,1054,0.13501841552734378,0.9,0.86,0.87
QQQ,2026-08-20,2026-08-26,C,729.0,91,3140,0.13538462280273442,0.73,0.73,0.75
QQQ,2026-08-20,2026-08-26,C,730.0,1459,2586,0.13428600097656251,0.6,0.61,0.62
QQQ,2026-08-20,2026-08-26,C,731.0,243,54,0.1333094482421875,0.41,0.5,0.51
QQQ,2026-08-20,2026-08-26,C,732.0,1364,157,0.13355358642578125,0.42,0.42,0.43
QQQ,2026-08-20,2026-08-26,C,733.0,163,264,0.13355358642578125,0.27,0.34,0.36
QQQ,2026-08-20,2026-08-26,C,734.0,221,56,0.13355358642578125,0.3,0.29,0.3
QQQ,2026-08-20,2026-08-26,C,735.0,951,205,0.13257703369140628,0.24,0.23,0.24
QQQ,2026-08-20,2026-08-26,C,736.0,266,41,0.13306531005859373,0.13,0.19,0.2
QQQ,2026-08-20,2026-08-26,C,737.0,177,27,0.13526255371093754,0.17,0.16,0.18
QQQ,2026-08-20,2026-08-26,C,738.0,99,8,0.13404186279296876,0.11,0.13,0.14
QQQ,2026-08-20,2026-08-26,C,739.0,102,25,0.13526255371093754,0.09,0.11,0.12
QQQ,2026-08-20,2026-08-26,C,740.0,680,26,0.13770393554687502,0.06,0.09,0.11
QQQ,2026-08-20,2026-08-26,C,741.0,128,12,0.13770393554687502,0.06,0.08,0.09
QQQ,2026-08-20,2026-08-26,C,742.0,381,1,0.139657041015625,0.05,0.07,0.08
QQQ,2026-08-20,2026-08-26,C,743.0,899,1020,0.14112187011718752,0.04,0.06,0.07
QQQ,2026-08-20,2026-08-26,C,744.0,33,4,0.1420984228515625,0.05,0.05,0.06
QQQ,2026-08-20,2026-08-26,C,745.0,400,11,0.14258669921875,0.03,0.04,0.05
QQQ,2026-08-20,2026-08-26,C,746.0,79,1,0.14649291015625,0.03,0.04,0.05
QQQ,2026-08-20,2026-08-26,C,747.0,180,8,0.14649291015625,0.11,0.03,0.04
QQQ,2026-08-20,2026-08-26,C,748.0,76,3,0.15039912109375003,0.03,0.03,0.04
QQQ,2026-08-20,2026-08-26,C,749.0,34,1,0.15430533203125002,0.02,0.02,0.04
QQQ,2026-08-20,2026-08-26,C,750.0,200,17,0.15235222656250003,0.01,0.02,0.03
QQQ,2026-08-20,2026-08-26,C,751.0,34,1,0.1562584375,0.03,0.02,0.03
QQQ,2026-08-20,2026-08-26,C,752.0,47,1,0.1601646484375,0.08,0.02,0.03
QQQ,2026-08-20,2026-08-26,C,753.0,6,4,0.16407085937500002,0.02,0.02,0.03
QQQ,2026-08-20,2026-08-26,C,754.0,254,400,0.16700051757812504,0.07,0.02,0.03
QQQ,2026-08-20,2026-08-26,C,755.0,228,8,0.16407085937500002,0.02,0.01,0.02
QQQ,2026-08-20,2026-08-26,C,756.0,56,10,0.16700051757812504,0.03,0.01,0.02
QQQ,2026-08-20,2026-08-26,C,757.0,213,201,0.16993017578125003,0.09,0.01,0.02
QQQ,2026-08-20,2026-08-26,C,758.0,51,5,0.16211775390625,0.02,0.0,0.01
QQQ,2026-08-20,2026-08-26,C,759.0,34,2,0.17774259765625,0.03,0.0,0.02
QQQ,2026-08-20,2026-08-26,C,760.0,180,13,0.18164880859375,0.03,0.0,0.02
QQQ,2026-08-20,2026-08-26,C,765.0,65,21,0.19727365234375,0.02,0.0,0.02
QQQ,2026-08-20,2026-08-26,C,770.0,153,5,0.2148516015625,0.01,0.0,0.02
QQQ,2026-08-20,2026-08-26,C,775.0,85,20,0.2304764453125,0.02,0.0,0.02
QQQ,2026-08-20,2026-08-26,C,780.0,45,1,0.24805439453125,0.01,0.0,0.02
QQQ,2026-08-20,2026-08-26,C,785.0,10,0,0.26367923828125,0.06,0.0,0.02
QQQ,2026-08-20,2026-08-26,C,795.0,2,0,0.29492892578124996,0.08,0.0,0.02
QQQ,2026-08-20,2026-08-26,C,805.0,1,0,0.32617861328125,0.05,0.0,0.02
QQQ,2026-08-20,2026-08-26,C,810.0,4,3,0.3398503515625,0.02,0.0,0.02
QQQ,2026-08-20,2026-08-26,C,825.0,1,0,0.38672488281249995,0.02,0.0,0.02
QQQ,2026-08-20,2026-08-26,P,550.0,2,0,0.6796907031250001,0.02,0.01,0.03
QQQ,2026-08-20,2026-08-26,P,560.0,5,0,0.6171913281250001,0.05,0.01,0.02
QQQ,2026-08-20,2026-08-26,P,600.0,7,5,0.49805189453125004,0.06,0.02,0.04
QQQ,2026-08-20,2026-08-26,P,610.0,5,2,0.46484910156250003,0.07,0.03,0.05
QQQ,2026-08-20,2026-08-26,P,615.0,6,5,0.44336494140625,0.07,0.03,0.05
QQQ,2026-08-20,2026-08-26,P,640.0,43,10,0.34961587890624996,0.05,0.05,0.07
QQQ,2026-08-20,2026-08-26,P,650.0,339,31,0.3149482568359374,0.09,0.08,0.09
QQQ,2026-08-20,2026-08-26,P,655.0,98,44,0.2963937548828125,0.12,0.08,0.1
QQQ,2026-08-20,2026-08-26,P,660.0,187,28,0.27735097656249996,0.15,0.1,0.11
QQQ,2026-08-20,2026-08-26,P,665.0,212,24,0.26270268554687504,0.16,0.12,0.14
QQQ,2026-08-20,2026-08-26,P,670.0,625,80,0.2461012890625,0.21,0.16,0.17
QQQ,2026-08-20,2026-08-26,P,674.0,120,27,0.23242955078125,0.25,0.19,0.2
QQQ,2026-08-20,2026-08-26,P,675.0,2362,60,0.23120885986328127,0.28,0.2,0.22
QQQ,2026-08-20,2026-08-26,P,677.0,31,42,0.2243729907226562,0.3,0.22,0.24
QQQ,2026-08-20,2026-08-26,P,679.0,207,19,0.21851367431640623,0.28,0.25,0.27
QQQ,2026-08-20,2026-08-26,P,680.0,1513,1918,0.21607229248046872,0.41,0.27,0.29
QQQ,2026-08-20,2026-08-26,P,681.0,244,73,0.21070125244140625,0.74,0.28,0.29
QQQ,2026-08-20,2026-08-26,P,682.0,109,52,0.2104571142578125,0.54,0.32,0.33
QQQ,2026-08-20,2026-08-26,P,683.0,1904,46,0.20752745605468748,0.47,0.33,0.35
QQQ,2026-08-20,2026-08-26,P,685.0,404,296,0.20191227783203125,0.38,0.38,0.4
QQQ,2026-08-20,2026-08-26,P,687.0,457,38,0.19556468505859376,0.58,0.43,0.45
QQQ,2026-08-20,2026-08-26,P,688.0,311,38,0.1925129577636719,0.64,0.47,0.48
QQQ,2026-08-20,2026-08-26,P,689.0,112,21,0.1909260595703125,0.62,0.51,0.53
QQQ,2026-08-20,2026-08-26,P,690.0,1068,165,0.18824053955078124,0.55,0.55,0.57
QQQ,2026-08-20,2026-08-26,P,691.0,265,67,0.18518881225585934,0.64,0.6,0.61
QQQ,2026-08-20,2026-08-26,P,692.0,241,19,0.18262536132812499,0.64,0.65,0.66
QQQ,2026-08-20,2026-08-26,P,693.0,296,231,0.179695703125,0.71,0.69,0.71
QQQ,2026-08-20,2026-08-26,P,694.0,449,78,0.17774259765625,1.14,0.76,0.78
QQQ,2026-08-20,2026-08-26,P,695.0,525,132,0.17542328491210937,0.84,0.84,0.85
QQQ,2026-08-20,2026-08-26,P,696.0,324,35,0.1733481103515625,0.95,0.92,0.93
QQQ,2026-08-20,2026-08-26,P,697.0,278,46,0.17029638305664066,0.99,0.98,1.0
QQQ,2026-08-20,2026-08-26,P,698.0,1337,397,0.16785500122070315,1.09,1.07,1.09
QQQ,2026-08-20,2026-08-26,P,699.0,188,93,0.16547465393066407,1.16,1.17,1.19
QQQ,2026-08-20,2026-08-26,P,700.0,943,477,0.16309430664062502,1.25,1.29,1.3
QQQ,2026-08-20,2026-08-26,P,701.0,136,84,0.161141201171875,1.39,1.4,1.43
QQQ,2026-08-20,2026-08-26,P,702.0,199,96,0.15906602661132813,1.5,1.55,1.57
QQQ,2026-08-20,2026-08-26,P,703.0,202,34,0.15650257568359377,1.73,1.69,1.71
QQQ,2026-08-20,2026-08-26,P,704.0,159,106,0.1552208502197266,1.88,1.87,1.9
QQQ,2026-08-20,2026-08-26,P,705.0,554,570,0.1536339520263672,2.04,2.08,2.1
QQQ,2026-08-20,2026-08-26,P,706.0,216,111,0.15210808837890627,2.57,2.29,2.32
QQQ,2026-08-20,2026-08-26,P,707.0,203,408,0.14966670654296876,2.53,2.5,2.53
QQQ,2026-08-20,2026-08-26,P,708.0,330,180,0.147469462890625,2.74,2.73,2.77
QQQ,2026-08-20,2026-08-26,P,709.0,183,173,0.14496704650878905,3.06,2.98,3.02
QQQ,2026-08-20,2026-08-26,P,710.0,1743,1153,0.14264773376464845,3.19,3.28,3.3
QQQ,2026-08-20,2026-08-26,P,711.0,289,802,0.14130497375488282,3.66,3.6,3.64
QQQ,2026-08-20,2026-08-26,P,712.0,536,839,0.1397791101074219,4.05,3.99,4.0
QQQ,2026-08-20,2026-08-26,P,713.0,342,183,0.13904669555664065,4.4,4.39,4.42
QQQ,2026-08-20,2026-08-26,P,714.0,184,113,0.13614755462646483,4.59,4.75,4.79
QQQ,2026-08-20,2026-08-26,P,715.0,421,301,0.13373669006347655,5.23,5.17,5.21
QQQ,2026-08-20,2026-08-26,P,716.0,163,79,0.1315394464111328,5.48,5.64,5.67
QQQ,2026-08-20,2026-08-26,P,717.0,180,40,0.1297694445800781,6.0,6.14,6.18
QQQ,2026-08-20,2026-08-26,P,718.0,248,33,0.12787737365722657,6.77,6.67,6.72
QQQ,2026-08-20,2026-08-26,P,719.0,114,60,0.1251918536376953,7.87,7.23,7.27
QQQ,2026-08-20,2026-08-26,P,720.0,1155,62,0.12378805908203125,7.93,7.85,7.9
QQQ,2026-08-20,2026-08-26,P,721.0,201,13,0.12293357543945313,8.58,8.52,8.58
QQQ,2026-08-20,2026-08-26,P,722.0,31,11,0.12299460998535157,10.52,9.05,9.32
QQQ,2026-08-20,2026-08-26,P,723.0,346,8,0.13306531005859373,11.8,9.69,10.37
QQQ,2026-08-20,2026-08-26,P,724.0,137,14,0.12500875,13.64,10.48,10.93
QQQ,2026-08-20,2026-08-26,P,725.0,597,64,0.11408356628417969,11.4,11.09,11.49
QQQ,2026-08-20,2026-08-26,P,726.0,240,1,0.13086806640624998,14.2,12.09,12.71
QQQ,2026-08-20,2026-08-26,P,727.0,762,24,0.1302577209472656,18.11,12.95,13.54
QQQ,2026-08-20,2026-08-26,P,728.0,58,17,0.13001358276367186,17.07,13.71,14.4
QQQ,2026-08-20,2026-08-26,P,729.0,118,3,0.12647357910156248,18.64,14.64,15.22
QQQ,2026-08-20,2026-08-26,P,730.0,244,32,0.12488668090820312,18.27,15.29,16.1
QQQ,2026-08-20,2026-08-26,P,731.0,61,12,0.13538462280273442,19.36,16.41,17.17
QQQ,2026-08-20,2026-08-26,P,732.0,11,22,0.12122460815429686,20.9,17.28,17.91
QQQ,2026-08-20,2026-08-26,P,733.0,4,1,0.11939357177734375,22.5,18.23,18.84
QQQ,2026-08-20,2026-08-26,P,734.0,1,1,0.13990117919921874,20.23,19.18,20.0
QQQ,2026-08-20,2026-08-26,P,735.0,0,101,0.1137783935546875,25.59,20.11,20.73
QQQ,2026-08-20,2026-08-26,P,737.0,0,0,0.1186611572265625,10.85,22.08,22.71
QQQ,2026-08-20,2026-08-26,P,738.0,0,2,0.1511315356445313,27.77,23.05,23.9
QQQ,2026-08-20,2026-08-26,P,739.0,0,200,0.15015498291015628,23.41,24.04,24.85
QQQ,2026-08-20,2026-08-26,P,740.0,0,4,0.1538170556640625,30.5,25.03,25.84
QQQ,2026-08-20,2026-08-26,P,744.0,0,2,0.18091639404296872,28.25,28.97,29.9
QQQ,2026-08-20,2026-08-26,P,748.0,0,2,0.18116053222656248,37.54,31.35,33.78
QQQ,2026-08-20,2026-08-26,P,755.0,0,0,0.31763377685546873,23.81,38.44,41.83
QQQ,2026-08-20,2026-08-27,C,655.0,3,0,0.5180712255859375,78.18,58.39,62.07
QQQ,2026-08-20,2026-08-27,C,665.0,51,50,0.4559380578613281,49.62,48.46,52.16
QQQ,2026-08-20,2026-08-27,C,695.0,42,3,0.2310867907714844,18.0,21.16,21.81
QQQ,2026-08-20,2026-08-27,C,700.0,53,185,0.2150347052001953,15.3,16.79,17.47
QQQ,2026-08-20,2026-08-27,C,701.0,26,71,0.21155573608398434,14.18,16.0,16.62
QQQ,2026-08-20,2026-08-27,C,705.0,102,28,0.19654123779296873,12.37,12.89,13.28
QQQ,2026-08-20,2026-08-27,C,710.0,542,444,0.1754843194580078,9.2,9.25,9.31
QQQ,2026-08-20,2026-08-27,C,715.0,930,874,0.16410137664794922,6.2,6.12,6.17
QQQ,2026-08-20,2026-08-27,C,716.0,373,201,0.16352154846191408,5.83,5.64,5.68
QQQ,2026-08-20,2026-08-27,C,720.0,732,396,0.15815050842285155,3.86,3.8,3.85
QQQ,2026-08-20,2026-08-27,C,722.0,180,382,0.1549156774902344,2.75,3.03,3.07
QQQ,2026-08-20,2026-08-27,C,724.0,175,49,0.15241326110839848,2.2,2.39,2.42
QQQ,2026-08-20,2026-08-27,C,725.0,1854,201,0.15174188110351564,2.12,2.12,2.15
QQQ,2026-08-20,2026-08-27,C,726.0,194,29,0.15027705200195315,1.91,1.85,1.88
QQQ,2026-08-20,2026-08-27,C,728.0,1265,54,0.1485680847167969,1.18,1.41,1.44
QQQ,2026-08-20,2026-08-27,C,729.0,81,30,0.14722532470703126,0.87,1.22,1.24
QQQ,2026-08-20,2026-08-27,C,730.0,582,231,0.1463708410644531,1.05,1.05,1.07
QQQ,2026-08-20,2026-08-27,C,731.0,389,75,0.145516357421875,0.92,0.9,0.92
QQQ,2026-08-20,2026-08-27,C,732.0,2180,263,0.14490601196289063,0.8,0.77,0.79
QQQ,2026-08-20,2026-08-27,C,733.0,1398,401,0.1445398046875,0.68,0.66,0.68
QQQ,2026-08-20,2026-08-27,C,734.0,84,5,0.14344118286132812,0.44,0.56,0.57
QQQ,2026-08-20,2026-08-27,C,735.0,436,51,0.14405152832031248,0.47,0.48,0.5
QQQ,2026-08-20,2026-08-27,C,736.0,80,34,0.14331911376953127,0.43,0.41,0.42
QQQ,2026-08-20,2026-08-27,C,737.0,44,29,0.14258669921875,0.24,0.34,0.35
QQQ,2026-08-20,2026-08-27,C,738.0,129,137,0.14185428466796873,0.29,0.28,0.29
QQQ,2026-08-20,2026-08-27,C,739.0,76,18,0.14234256103515625,0.17,0.24,0.25
QQQ,2026-08-20,2026-08-27,C,740.0,714,50,0.14234256103515625,0.14,0.19,0.21
QQQ,2026-08-20,2026-08-27,C,741.0,56,68,0.14405152832031248,0.11,0.17,0.19
QQQ,2026-08-20,2026-08-27,C,742.0,80,89,0.14258669921875,0.09,0.13,0.15
QQQ,2026-08-20,2026-08-27,C,745.0,139,37,0.145516357421875,0.07,0.08,0.1
QQQ,2026-08-20,2026-08-27,C,748.0,125,99,0.149422568359375,0.06,0.05,0.07
QQQ,2026-08-20,2026-08-27,C,749.0,101,84,0.15039912109375003,0.04,0.04,0.06
QQQ,2026-08-20,2026-08-27,C,750.0,465,6,0.1538170556640625,0.04,0.04,0.06
QQQ,2026-08-20,2026-08-27,C,751.0,102,47,0.15430533203125002,0.06,0.03,0.05
QQQ,2026-08-20,2026-08-27,C,752.0,122,34,0.15332877929687502,0.03,0.03,0.04
QQQ,2026-08-20,2026-08-27,C,753.0,47,19,0.15674671386718753,0.03,0.02,0.04
QQQ,2026-08-20,2026-08-27,C,754.0,54,1,0.1601646484375,0.03,0.02,0.04
QQQ,2026-08-20,2026-08-27,C,755.0,201,14,0.15821154296875,0.03,0.02,0.03
QQQ,2026-08-20,2026-08-27,C,756.0,44,2,0.16211775390625,0.09,0.02,0.03
QQQ,2026-08-20,2026-08-27,C,757.0,23,25,0.165047412109375,0.02,0.01,0.03
QQQ,2026-08-20,2026-08-27,C,758.0,21,1,0.16797707031250003,0.03,0.01,0.03
QQQ,2026-08-20,2026-08-27,C,759.0,34,20,0.17188328125000002,0.04,0.01,0.03
QQQ,2026-08-20,2026-08-27,C,760.0,73,5,0.174812939453125,0.03,0.01,0.03
QQQ,2026-08-20,2026-08-27,C,765.0,706,12,0.18360191406249998,0.02,0.0,0.02
QQQ,2026-08-20,2026-08-27,C,770.0,100,1,0.1992267578125,0.02,0.0,0.02
QQQ,2026-08-20,2026-08-27,C,775.0,420,60,0.2148516015625,0.02,0.0,0.02
QQQ,2026-08-20,2026-08-27,C,780.0,46,35,0.22852333984375,0.02,0.0,0.02
QQQ,2026-08-20,2026-08-27,C,785.0,12,2,0.24414818359375,0.03,0.0,0.02
QQQ,2026-08-20,2026-08-27,C,800.0,108,1,0.2890696093749999,0.02,0.0,0.02
QQQ,2026-08-20,2026-08-27,P,600.0,60,2,0.4726615234375,0.05,0.03,0.05
QQQ,2026-08-20,2026-08-27,P,610.0,500,496,0.43945873046875,0.08,0.04,0.06
QQQ,2026-08-20,2026-08-27,P,620.0,566,476,0.4062559375,0.12,0.05,0.07
QQQ,2026-08-20,2026-08-27,P,625.0,162,2,0.38477177734374995,0.07,0.06,0.07
QQQ,2026-08-20,2026-08-27,P,630.0,180,76,0.370123486328125,0.15,0.06,0.08
QQQ,2026-08-20,2026-08-27,P,635.0,626,11,0.3544986425781249,0.1,0.07,0.09
QQQ,2026-08-20,2026-08-27,P,640.0,8223,9,0.33789724609375,0.11,0.08,0.1
QQQ,2026-08-20,2026-08-27,P,645.0,581,9,0.32031929687499994,0.11,0.09,0.11
QQQ,2026-08-20,2026-08-27,P,655.0,684,8,0.29004616210937495,0.17,0.13,0.15
QQQ,2026-08-20,2026-08-27,P,660.0,587,27,0.27295648925781246,0.21,0.16,0.17
QQQ,2026-08-20,2026-08-27,P,665.0,784,10,0.25879647460937505,0.25,0.2,0.21
QQQ,2026-08-20,2026-08-27,P,670.0,621,21,0.2456130126953125,0.29,0.25,0.27
QQQ,2026-08-20,2026-08-27,P,675.0,288,119,0.2309647216796875,0.36,0.33,0.34
QQQ,2026-08-20,2026-08-27,P,677.0,89,10,0.2268143725585937,0.48,0.37,0.39
QQQ,2026-08-20,2026-08-27,P,678.0,67,12,0.22400678344726557,0.41,0.39,0.41
QQQ,2026-08-20,2026-08-27,P,679.0,384,21,0.2219316088867187,0.51,0.42,0.44
QQQ,2026-08-20,2026-08-27,P,680.0,269,3914,0.21875781249999998,0.44,0.45,0.46
QQQ,2026-08-20,2026-08-27,P,681.0,147,5,0.21546194702148438,0.48,0.47,0.48
QQQ,2026-08-20,2026-08-27,P,682.0,117,36,0.21289849609375,0.61,0.5,0.51
QQQ,2026-08-20,2026-08-27,P,685.0,240,44,0.20569641967773436,0.73,0.61,0.62
QQQ,2026-08-20,2026-08-27,P,688.0,275,5,0.1986164123535156,1.21,0.75,0.76
QQQ,2026-08-20,2026-08-27,P,689.0,229,58,0.1966633068847656,0.85,0.81,0.82
QQQ,2026-08-20,2026-08-27,P,690.0,1662,202,0.19385571777343752,0.88,0.86,0.87
QQQ,2026-08-20,2026-08-27,P,691.0,246,73,0.19129226684570313,1.54,0.92,0.93
QQQ,2026-08-20,2026-08-27,P,692.0,252,76,0.1900715759277344,1.29,1.0,1.02
QQQ,2026-08-20,2026-08-27,P,693.0,82,65,0.18799640136718748,1.09,1.08,1.1
QQQ,2026-08-20,2026-08-27,P,695.0,394,45,0.18335777587890623,1.24,1.25,1.27
QQQ,2026-08-20,2026-08-27,P,696.0,360,24,0.18207605041503905,1.69,1.36,1.39
QQQ,2026-08-20,2026-08-27,P,697.0,181,11,0.17957363403320312,1.41,1.47,1.49
QQQ,2026-08-20,2026-08-27,P,698.0,91,43,0.1779257012939453,1.89,1.59,1.62
QQQ,2026-08-20,2026-08-27,P,699.0,192,50,0.17585052673339846,2.33,1.72,1.75
QQQ,2026-08-20,2026-08-27,P,700.0,561,229,0.17377535217285156,1.88,1.87,1.89
QQQ,2026-08-20,2026-08-27,P,701.0,140,88,0.17163914306640626,2.69,2.01,2.04
QQQ,2026-08-20,2026-08-27,P,702.0,177,44,0.17011327941894533,2.36,2.19,2.22
QQQ,2026-08-20,2026-08-27,P,703.0,164,58,0.1690756921386719,2.46,2.4,2.43
QQQ,2026-08-20,2026-08-27,P,704.0,402,294,0.16687844848632816,2.58,2.59,2.62
QQQ,2026-08-20,2026-08-27,P,705.0,366,304,0.16577982666015628,2.9,2.83,2.86
QQQ,2026-08-20,2026-08-27,P,707.0,165,70,0.16162947753906248,3.17,3.29,3.33
QQQ,2026-08-20,2026-08-27,P,708.0,170,120,0.15924913024902343,3.49,3.54,3.58
QQQ,2026-08-20,2026-08-27,P,709.0,229,104,0.15821154296875,4.75,3.86,3.9
QQQ,2026-08-20,2026-08-27,P,710.0,828,473,0.15552602294921875,4.17,4.16,4.18
QQQ,2026-08-20,2026-08-27,P,711.0,338,664,0.15357291748046875,4.51,4.46,4.51
QQQ,2026-08-20,2026-08-27,P,712.0,227,343,0.15155877746582033,4.9,4.81,4.86
QQQ,2026-08-20,2026-08-27,P,713.0,316,77,0.14966670654296876,5.63,5.2,5.24
QQQ,2026-08-20,2026-08-27,P,715.0,797,79,0.14692015197753905,6.15,6.08,6.12
QQQ,2026-08-20,2026-08-27,P,718.0,758,166,0.1412439392089844,9.77,7.53,7.59
QQQ,2026-08-20,2026-08-27,P,719.0,88,310,0.1404504901123047,8.65,8.11,8.18
QQQ,2026-08-20,2026-08-27,P,720.0,313,38,0.13892462646484377,9.35,8.7,8.77
QQQ,2026-08-20,2026-08-27,P,721.0,131,2,0.13562876098632815,12.32,9.25,9.33
QQQ,2026-08-20,2026-08-27,P,722.0,104,3,0.13373669006347655,9.95,9.89,9.97
QQQ,2026-08-20,2026-08-27,P,723.0,69,2,0.1364222100830078,13.49,10.71,10.79
QQQ,2026-08-20,2026-08-27,P,724.0,147,2,0.13959600646972659,14.55,11.27,11.64
QQQ,2026-08-20,2026-08-27,P,725.0,90,19,0.14295290649414064,11.74,11.97,12.51
QQQ,2026-08-20,2026-08-27,P,726.0,32,1,0.13416393188476564,16.3,12.56,13.05
QQQ,2026-08-20,2026-08-27,P,727.0,37,23,0.14106083557128907,17.0,13.31,14.05
QQQ,2026-08-20,2026-08-27,P,728.0,40,14,0.13630014099121096,17.65,14.19,14.76
QQQ,2026-08-20,2026-08-27,P,729.0,41,1,0.13208875732421876,17.61,14.99,15.52
QQQ,2026-08-20,2026-08-27,P,730.0,223,9,0.15076532836914067,15.75,15.89,16.8
QQQ,2026-08-20,2026-08-27,P,731.0,84,5,0.12537495727539064,20.33,16.73,17.17
QQQ,2026-08-20,2026-08-27,P,732.0,25,4,0.12439840454101564,21.48,17.65,18.07
QQQ,2026-08-20,2026-08-27,P,733.0,139,6,0.1245204736328125,23.63,18.53,19.0
QQQ,2026-08-20,2026-08-27,P,734.0,212,3,0.1211025390625,23.3,19.48,19.9
QQQ,2026-08-20,2026-08-27,P,735.0,105,6,0.12085840087890626,24.23,20.4,20.85
QQQ,2026-08-20,2026-08-27,P,736.0,3,1,0.11426666992187501,24.78,21.29,21.76
QQQ,2026-08-20,2026-08-27,P,740.0,0,5,0.13111220458984374,28.68,25.17,25.76
QQQ,2026-08-20,2026-08-27,P,741.0,0,0,0.15039912109375003,13.94,26.09,26.87
QQQ,2026-08-20,2026-08-27,P,742.0,0,77,0.15259636474609378,24.65,27.1,27.85
QQQ,2026-08-20,2026-08-27,P,755.0,0,2,0.30542686767578126,35.4,38.15,42.02
QQQ,2026-08-20,2026-08-28,C,360.0,11,1,2.170903010253906,370.01,353.56,357.13
QQQ,2026-08-20,2026-08-28,C,380.0,10,0,2.03906740234375,316.11,333.58,337.27
QQQ,2026-08-20,2026-08-28,C,390.0,2,0,1.8583991455078124,340.15,323.27,326.92
QQQ,2026-08-20,2026-08-28,C,405.0,0,1,1.8339852050781247,311.11,308.59,312.12
QQQ,2026-08-20,2026-08-28,C,420.0,1,0,1.7192396850585938,310.21,293.47,297.17
QQQ,2026-08-20,2026-08-28,C,440.0,13,1,1.579591945800781,293.89,273.48,277.12
QQQ,2026-08-20,2026-08-28,C,455.0,10,0,1.44140904296875,241.37,258.31,261.98
QQQ,2026-08-20,2026-08-28,C,460.0,1,1,1.4541042919921874,224.08,253.62,257.01
QQQ,2026-08-20,2026-08-28,C,475.0,1,1,1.359378203125,222.74,238.63,241.99
QQQ,2026-08-20,2026-08-28,C,480.0,1,0,1.3535188574218748,252.98,233.63,237.22
QQQ,2026-08-20,2026-08-28,C,485.0,1,1,1.267093508300781,199.29,228.33,232.02
QQQ,2026-08-20,2026-08-28,C,490.0,11,10,1.2373085009765623,241.82,223.34,227.01
QQQ,2026-08-20,2026-08-28,C,495.0,0,1,1.2080117724609374,222.76,218.34,222.01
QQQ,2026-08-20,2026-08-28,C,500.0,16,4,1.1923868505859376,210.75,213.45,217.02
QQQ,2026-08-20,2026-08-28,C,525.0,1,1,1.0683640332031252,158.93,188.67,192.0
QQQ,2026-08-20,2026-08-28,C,530.0,11,1,1.043705953369141,169.05,183.66,187.05
QQQ,2026-08-20,2026-08-28,C,535.0,10,0,0.9877930908203125,164.8,178.37,182.04
QQQ,2026-08-20,2026-08-28,C,540.0,14,1,0.9804689453125001,172.73,173.38,177.25
QQQ,2026-08-20,2026-08-28,C,545.0,20,2,0.9794923925781251,186.68,168.69,172.27
QQQ,2026-08-20,2026-08-28,C,550.0,2,1,0.9414068359375,180.31,163.57,167.26
QQQ,2026-08-20,2026-08-28,C,555.0,252,250,0.8823253955078124,178.54,158.39,162.06
QQQ,2026-08-20,2026-08-28,C,560.0,20,0,0.9003916210937499,140.4,153.71,157.32
QQQ,2026-08-20,2026-08-28,C,570.0,30,166,0.8430191479492187,142.44,143.72,147.28
QQQ,2026-08-20,2026-08-28,C,575.0,2,2,0.7812521875,147.77,138.42,142.1
QQQ,2026-08-20,2026-08-28,C,580.0,19,75,0.7663597583007813,132.64,133.71,136.97
QQQ,2026-08-20,2026-08-28,C,585.0,12,8,0.7634301000976562,137.5,128.74,132.3
QQQ,2026-08-20,2026-08-28,C,590.0,13,3,0.70898728515625,129.15,123.63,126.99
QQQ,2026-08-20,2026-08-28,C,595.0,5,2,0.6970245141601563,118.31,118.72,122.12
QQQ,2026-08-20,2026-08-28,C,600.0,9,118,0.6552768847656252,112.82,113.46,117.14
QQQ,2026-08-20,2026-08-28,C,605.0,30,6,0.6355016918945313,107.89,108.55,112.15
QQQ,2026-08-20,2026-08-28,C,610.0,26,14,0.6074258007812501,101.49,103.76,106.91
QQQ,2026-08-20,2026-08-28,C,615.0,29,1,0.5847209497070311,104.82,98.57,102.16
QQQ,2026-08-20,2026-08-28,C,620.0,15,2,0.5720257641601563,98.26,93.6,97.38
QQQ,2026-08-20,2026-08-28,C,625.0,8,1,0.53320779296875,86.52,88.51,92.23
QQQ,2026-08-20,2026-08-28,C,630.0,245,21,0.512578116455078,81.56,83.62,87.23
QQQ,2026-08-20,2026-08-28,C,635.0,46,7,0.6265906481933594,76.55,78.64,82.42
QQQ,2026-08-20,2026-08-28,C,640.0,34,1,0.5887492297363282,70.27,73.86,77.3
QQQ,2026-08-20,2026-08-28,C,645.0,47,1,0.5506636730957033,67.03,68.87,72.17
QQQ,2026-08-20,2026-08-28,C,650.0,150,3,0.5203295037841795,67.65,63.9,67.18
QQQ,2026-08-20,2026-08-28,C,651.0,8,5,0.5109912182617188,81.68,62.83,66.12
QQQ,2026-08-20,2026-08-28,C,652.0,27,14,0.51562984375,80.79,61.68,65.33
QQQ,2026-08-20,2026-08-28,C,653.0,13,1,0.5113574255371094,79.77,60.72,64.37
QQQ,2026-08-20,2026-08-28,C,654.0,11,5,0.5051319018554687,38.75,59.76,63.37
QQQ,2026-08-20,2026-08-28,C,655.0,54,6,0.4978077563476563,69.67,58.67,62.35
QQQ,2026-08-20,2026-08-28,C,656.0,59,56,0.49347430358886724,56.6,57.78,61.39
QQQ,2026-08-20,2026-08-28,C,657.0,9,4,0.48077911804199214,36.45,56.97,60.26
QQQ,2026-08-20,2026-08-28,C,658.0,10,8,0.4903615417480469,36.09,55.99,59.59
QQQ,2026-08-20,2026-08-28,C,659.0,7,2,0.47449255981445315,42.85,54.81,58.39
QQQ,2026-08-20,2026-08-28,C,660.0,21,2,0.4700370379638672,55.47,53.72,57.43
QQQ,2026-08-20,2026-08-28,C,661.0,16,1,0.4627739270019532,58.67,52.74,56.41
QQQ,2026-08-20,2026-08-28,C,662.0,53,4,0.4572808178710938,51.36,51.75,55.43
QQQ,2026-08-20,2026-08-28,C,663.0,16,2,0.4513604669189454,49.37,50.86,54.44
QQQ,2026-08-20,2026-08-28,C,664.0,11,3,0.43195148132324224,48.03,50.04,53.16
QQQ,2026-08-20,2026-08-28,C,665.0,126,1,0.44031321411132807,47.55,48.97,52.48
QQQ,2026-08-20,2026-08-28,C,666.0,22,1,0.42896078857421877,47.2,47.83,51.37
QQQ,2026-08-20,2026-08-28,C,667.0,80,1,0.41528905029296875,45.66,46.99,50.21
QQQ,2026-08-20,2026-08-28,C,668.0,126,1,0.42011077941894537,40.0,45.93,49.46
QQQ,2026-08-20,2026-08-28,C,669.0,81,1,0.41663181030273433,55.55,44.95,48.53
QQQ,2026-08-20,2026-08-28,C,670.0,285,8,0.42236905761718746,41.86,44.13,47.82
QQQ,2026-08-20,2026-08-28,C,671.0,46,10,0.4206600903320313,60.16,43.17,46.94
QQQ,2026-08-20,2026-08-28,C,672.0,65,11,0.4008848974609375,58.3,42.08,45.62
QQQ,2026-08-20,2026-08-28,C,673.0,53,1,0.399969379272461,41.98,40.94,44.76
QQQ,2026-08-20,2026-08-28,C,674.0,314,1,0.3880676428222656,59.85,40.22,43.63
QQQ,2026-08-20,2026-08-28,C,675.0,483,6,0.39063109375,39.93,39.24,42.86
QQQ,2026-08-20,2026-08-28,C,676.0,188,129,0.37756970092773434,35.5,38.05,41.7
QQQ,2026-08-20,2026-08-28,C,677.0,119,1,0.305671005859375,50.91,38.04,39.2
QQQ,2026-08-20,2026-08-28,C,678.0,121,9,0.30005582763671873,36.86,37.09,38.21
QQQ,2026-08-20,2026-08-28,C,679.0,92,3,0.29407444213867184,38.31,36.49,37.21
QQQ,2026-08-20,2026-08-28,C,680.0,271,7,0.29077857666015616,32.29,35.48,36.27
QQQ,2026-08-20,2026-08-28,C,681.0,59,2,0.28650615844726557,31.42,34.21,35.31
QQQ,2026-08-20,2026-08-28,C,682.0,69,1,0.2821727056884765,36.59,33.42,34.35
QQQ,2026-08-20,2026-08-28,C,683.0,69,7,0.27771718383789057,35.56,32.64,33.39
QQQ,2026-08-20,2026-08-28,C,684.0,64,1,0.271918901977539,29.8,31.75,32.4
QQQ,2026-08-20,2026-08-28,C,685.0,260,18,0.2677685528564453,30.33,30.83,31.45
QQQ,2026-08-20,2026-08-28,C,686.0,83,1,0.2626416510009766,27.9,30.06,30.48
QQQ,2026-08-20,2026-08-28,C,687.0,104,4,0.26154302917480465,32.52,28.76,29.61
QQQ,2026-08-20,2026-08-28,C,688.0,242,6,0.26520510192871094,27.44,28.18,28.87
QQQ,2026-08-20,2026-08-28,C,689.0,100,2,0.25165543273925783,31.06,27.3,27.69
QQQ,2026-08-20,2026-08-28,C,690.0,735,37,0.24768818725585937,26.47,26.35,26.76
QQQ,2026-08-20,2026-08-28,C,691.0,161,3,0.2569654382324219,30.01,25.44,26.2
QQQ,2026-08-20,2026-08-28,C,692.0,136,2,0.2475661181640625,23.01,24.64,25.13
QQQ,2026-08-20,2026-08-28,C,693.0,134,4,0.23957059265136715,22.8,23.64,24.1
QQQ,2026-08-20,2026-08-28,C,694.0,259,2,0.23493196716308595,20.0,22.78,23.17
QQQ,2026-08-20,2026-08-28,C,695.0,494,5,0.23450472534179687,20.66,21.89,22.37
QQQ,2026-08-20,2026-08-28,C,696.0,235,11,0.22760782165527343,19.3,20.95,21.38
QQQ,2026-08-20,2026-08-28,C,697.0,233,6,0.22504437072753902,18.49,20.08,20.53
QQQ,2026-08-20,2026-08-28,C,698.0,201,45,0.2219316088867187,18.74,19.29,19.67
QQQ,2026-08-20,2026-08-28,C,699.0,223,17,0.21918505432128904,16.2,18.45,18.83
QQQ,2026-08-20,2026-08-28,C,700.0,1154,261,0.21643849975585935,18.0,17.62,18.0
QQQ,2026-08-20,2026-08-28,C,701.0,329,113,0.21631643066406248,13.81,16.91,17.27
QQQ,2026-08-20,2026-08-28,C,702.0,210,36,0.2110064251708984,15.21,16.0,16.37
QQQ,2026-08-20,2026-08-28,C,703.0,205,28,0.21448539428710936,13.68,15.34,15.8
QQQ,2026-08-20,2026-08-28,C,704.0,203,353,0.20838193969726557,12.72,14.47,14.89
QQQ,2026-08-20,2026-08-28,C,705.0,3053,833,0.20337710693359373,13.86,13.68,14.03
QQQ,2026-08-20,2026-08-28,C,706.0,258,1263,0.20093572509765623,12.5,12.95,13.28
QQQ,2026-08-20,2026-08-28,C,707.0,361,1215,0.19507640869140624,12.32,12.3,12.41
QQQ,2026-08-20,2026-08-28,C,708.0,756,1724,0.19275709594726562,11.79,11.6,11.69
QQQ,2026-08-20,2026-08-28,C,709.0,308,670,0.1902546795654297,10.85,10.89,10.98
QQQ,2026-08-20,2026-08-28,C,710.0,2213,4914,0.18659260681152345,10.17,10.18,10.24
QQQ,2026-08-20,2026-08-28,C,711.0,875,4131,0.1862263995361328,9.58,9.57,9.65
QQQ,2026-08-20,2026-08-28,C,712.0,1831,4771,0.1839070867919922,9.0,8.96,9.0
QQQ,2026-08-20,2026-08-28,C,712.5,213,982,0.18293053405761717,8.73,8.62,8.69
QQQ,2026-08-20,2026-08-28,C,713.0,530,2320,0.18323570678710935,8.41,8.37,8.44
QQQ,2026-08-20,2026-08-28,C,714.0,759,736,0.18140467041015623,7.8,7.78,7.85
QQQ,2026-08-20,2026-08-28,C,715.0,2181,4654,0.1788717367553711,7.28,7.2,7.25
QQQ,2026-08-20,2026-08-28,C,716.0,376,488,0.1772543212890625,6.79,6.66,6.71
QQQ,2026-08-20,2026-08-28,C,717.0,1233,410,0.17557587127685548,6.22,6.15,6.19
QQQ,2026-08-20,2026-08-28,C,717.5,334,226,0.17453828399658206,5.98,5.88,5.93
QQQ,2026-08-20,2026-08-28,C,718.0,1013,533,0.17456880126953128,5.69,5.67,5.72
QQQ,2026-08-20,2026-08-28,C,719.0,1340,924,0.17401949035644532,5.16,5.23,5.29
QQQ,2026-08-20,2026-08-28,C,720.0,6440,5784,0.170479486694336,4.8,4.73,4.76
QQQ,2026-08-20,2026-08-28,C,721.0,704,346,0.1695334512329102,4.35,4.32,4.36
QQQ,2026-08-20,2026-08-28,C,722.0,729,1048,0.16803810485839848,3.91,3.93,3.96
QQQ,2026-08-20,2026-08-28,C,722.5,201,110,0.1676108630371094,3.77,3.74,3.78
QQQ,2026-08-20,2026-08-28,C,723.0,570,435,0.16593241302490236,3.64,3.51,3.56
QQQ,2026-08-20,2026-08-28,C,724.0,963,342,0.16535258483886722,3.25,3.22,3.24
QQQ,2026-08-20,2026-08-28,C,725.0,2878,3969,0.165047412109375,2.89,2.92,2.95
QQQ,2026-08-20,2026-08-28,C,726.0,693,301,0.16413189392089844,2.61,2.62,2.66
QQQ,2026-08-20,2026-08-28,C,727.0,534,343,0.16266706481933596,2.31,2.32,2.37
QQQ,2026-08-20,2026-08-28,C,727.5,122,152,0.16181258117675779,2.23,2.19,2.23
QQQ,2026-08-20,2026-08-28,C,728.0,376,255,0.16108016662597657,2.11,2.06,2.1
QQQ,2026-08-20,2026-08-28,C,729.0,1069,73,0.1601646484375,1.79,1.83,1.87
QQQ,2026-08-20,2026-08-28,C,730.0,17219,4586,0.15931016479492188,1.65,1.64,1.66
QQQ,2026-08-20,2026-08-28,C,731.0,854,1556,0.15815050842285155,1.52,1.45,1.46
QQQ,2026-08-20,2026-08-28,C,732.0,2183,100,0.15711292114257813,1.28,1.27,1.28
QQQ,2026-08-20,2026-08-28,C,732.5,261,29,0.1575401629638672,1.07,1.2,1.22
QQQ,2026-08-20,2026-08-28,C,733.0,2576,237,0.15656361022949222,1.13,1.11,1.13
QQQ,2026-08-20,2026-08-28,C,734.0,1355,704,0.15589223022460938,0.88,0.98,0.99
QQQ,2026-08-20,2026-08-28,C,735.0,19967,1220,0.1550377465820313,0.86,0.84,0.86
QQQ,2026-08-20,2026-08-28,C,736.0,693,69,0.1550377465820313,0.62,0.74,0.76
QQQ,2026-08-20,2026-08-28,C,737.0,586,121,0.1550377465820313,0.68,0.65,0.67
QQQ,2026-08-20,2026-08-28,C,737.5,141,10,0.15393912475585939,0.63,0.6,0.61
QQQ,2026-08-20,2026-08-28,C,738.0,931,16,0.1544274011230469,0.52,0.57,0.58
QQQ,2026-08-20,2026-08-28,C,739.0,347,95,0.1538170556640625,0.5,0.49,0.5
QQQ,2026-08-20,2026-08-28,C,740.0,8119,848,0.15406119384765626,0.42,0.42,0.44
QQQ,2026-08-20,2026-08-28,C,741.0,349,88,0.15296257202148442,0.35,0.36,0.37
QQQ,2026-08-20,2026-08-28,C,742.0,5027,613,0.15284050292968754,0.3,0.31,0.32
QQQ,2026-08-20,2026-08-28,C,742.5,158,11,0.15406119384765626,0.22,0.29,0.31
QQQ,2026-08-20,2026-08-28,C,743.0,3477,52,0.15320671020507814,0.2,0.26,0.28
QQQ,2026-08-20,2026-08-28,C,744.0,445,64,0.15406119384765626,0.24,0.23,0.25
QQQ,2026-08-20,2026-08-28,C,745.0,2778,879,0.15332877929687502,0.19,0.2,0.21
QQQ,2026-08-20,2026-08-28,C,746.0,842,444,0.15479360839843753,0.18,0.18,0.19
QQQ,2026-08-20,2026-08-28,C,747.0,3925,49,0.15430533203125002,0.14,0.15,0.16
QQQ,2026-08-20,2026-08-28,C,748.0,1995,20,0.15650257568359377,0.14,0.13,0.15
QQQ,2026-08-20,2026-08-28,C,749.0,459,1,0.15869981933593752,0.1,0.12,0.14
QQQ,2026-08-20,2026-08-28,C,750.0,13897,588,0.15650257568359377,0.1,0.1,0.11
QQQ,2026-08-20,2026-08-28,C,751.0,815,1,0.15796740478515625,0.07,0.09,0.1
QQQ,2026-08-20,2026-08-28,C,752.0,440,67,0.159188095703125,0.07,0.08,0.09
QQQ,2026-08-20,2026-08-28,C,753.0,665,175,0.1626060302734375,0.06,0.07,0.09
QQQ,2026-08-20,2026-08-28,C,754.0,404,29,0.16358258300781253,0.09,0.06,0.08
QQQ,2026-08-20,2026-08-28,C,755.0,4308,66,0.161141201171875,0.06,0.05,0.06
QQQ,2026-08-20,2026-08-28,C,756.0,286,1,0.16748879394531252,0.05,0.05,0.07
QQQ,2026-08-20,2026-08-28,C,757.0,367,15,0.16748879394531252,0.04,0.04,0.06
QQQ,2026-08-20,2026-08-28,C,758.0,483,56,0.16700051757812504,0.03,0.03,0.05
QQQ,2026-08-20,2026-08-28,C,759.0,364,5,0.16993017578125003,0.04,0.03,0.05
QQQ,2026-08-20,2026-08-28,C,760.0,20120,95,0.16895362304687503,0.04,0.03,0.04
QQQ,2026-08-20,2026-08-28,C,765.0,62519,354,0.178719150390625,0.02,0.02,0.03
QQQ,2026-08-20,2026-08-28,C,770.0,8126,139,0.19336744140625,0.02,0.01,0.03
QQQ,2026-08-20,2026-08-28,C,775.0,1425,114,0.20899228515624996,0.03,0.01,0.03
QQQ,2026-08-20,2026-08-28,C,780.0,1646,114,0.22266402343749997,0.01,0.0,0.03
QQQ,2026-08-20,2026-08-28,C,785.0,793,100,0.23828886718749998,0.01,0.0,0.03
QQQ,2026-08-20,2026-08-28,C,790.0,478,3,0.242195078125,0.01,0.0,0.02
QQQ,2026-08-20,2026-08-28,C,795.0,668,40,0.25586681640625003,0.01,0.0,0.02
QQQ,2026-08-20,2026-08-28,C,800.0,720,2,0.25391371093750004,0.02,0.0,0.01
QQQ,2026-08-20,2026-08-28,C,805.0,550,2,0.26563234375,0.01,0.0,0.01
QQQ,2026-08-20,2026-08-28,C,810.0,831,2,0.27735097656249996,0.01,0.0,0.01
QQQ,2026-08-20,2026-08-28,C,815.0,413,15,0.3086006640625,0.08,0.0,0.02
QQQ,2026-08-20,2026-08-28,C,820.0,207,1,0.32031929687499994,0.01,0.0,0.02
QQQ,2026-08-20,2026-08-28,C,825.0,67,1,0.33399103515625,0.04,0.0,0.02
QQQ,2026-08-20,2026-08-28,C,830.0,150,1,0.34766277343749996,0.01,0.0,0.02
QQQ,2026-08-20,2026-08-28,C,835.0,129,2,0.35938140625,0.07,0.0,0.02
QQQ,2026-08-20,2026-08-28,C,840.0,41,1,0.3711000390625,0.02,0.0,0.02
QQQ,2026-08-20,2026-08-28,C,845.0,32,25,0.38281867187499996,0.02,0.0,0.02
QQQ,2026-08-20,2026-08-28,C,850.0,359,6,0.39649041015625003,0.03,0.0,0.02
QQQ,2026-08-20,2026-08-28,C,860.0,265,1,0.42188078125,0.04,0.0,0.02
QQQ,2026-08-20,2026-08-28,C,870.0,521,100,0.445318046875,0.02,0.0,0.02
QQQ,2026-08-20,2026-08-28,C,880.0,19,6,0.4687553125,0.03,0.0,0.02
QQQ,2026-08-20,2026-08-28,C,890.0,93,8,0.49219257812500006,0.02,0.0,0.02
QQQ,2026-08-20,2026-08-28,C,895.0,424,400,0.500005,0.04,0.0,0.02
QQQ,2026-08-20,2026-08-28,C,900.0,131,10,0.5117236328125,0.01,0.0,0.02
QQQ,2026-08-20,2026-08-28,C,920.0,1,0,0.523442265625,0.04,0.0,0.02
QQQ,2026-08-20,2026-08-28,C,925.0,1,0,0.5390671093750001,0.05,0.0,0.02
QQQ,2026-08-20,2026-08-28,C,940.0,1,0,0.570316796875,0.03,0.0,0.02
QQQ,2026-08-20,2026-08-28,C,945.0,2,1,0.57812921875,0.14,0.0,0.02
QQQ,2026-08-20,2026-08-28,C,950.0,2466,300,0.585941640625,0.04,0.0,0.02
QQQ,2026-08-20,2026-08-28,P,360.0,37,1,1.3750031249999999,0.01,0.0,0.02
QQQ,2026-08-20,2026-08-28,P,365.0,5,2,1.3437532812499997,0.02,0.0,0.02
QQQ,2026-08-20,2026-08-28,P,370.0,53,2,1.3125034374999998,0.02,0.0,0.02
QQQ,2026-08-20,2026-08-28,P,375.0,20,1,1.2968785156249998,0.02,0.0,0.02
QQQ,2026-08-20,2026-08-28,P,380.0,26,2,1.2656286718749998,0.03,0.0,0.02
QQQ,2026-08-20,2026-08-28,P,385.0,80,1,1.2500037499999999,0.03,0.0,0.02
QQQ,2026-08-20,2026-08-28,P,390.0,75,1,1.21875390625,0.03,0.0,0.02
QQQ,2026-08-20,2026-08-28,P,395.0,91,1,1.1875040625,0.02,0.0,0.02
QQQ,2026-08-20,2026-08-28,P,400.0,194,2,1.171879140625,0.02,0.0,0.02
QQQ,2026-08-20,2026-08-28,P,405.0,26,2,1.140629296875,0.05,0.0,0.02
QQQ,2026-08-20,2026-08-28,P,410.0,21,1,1.125004375,0.03,0.0,0.02
QQQ,2026-08-20,2026-08-28,P,415.0,31,1,1.09375453125,0.02,0.0,0.02
QQQ,2026-08-20,2026-08-28,P,420.0,14,2,1.0781296093750001,0.01,0.0,0.02
QQQ,2026-08-20,2026-08-28,P,425.0,1,4,1.0625046875000002,0.02,0.0,0.02
QQQ,2026-08-20,2026-08-28,P,430.0,18,2,1.0312548437500002,0.04,0.0,0.02
QQQ,2026-08-20,2026-08-28,P,435.0,12,10,1.0468797656250002,0.02,0.0,0.03
QQQ,2026-08-20,2026-08-28,P,440.0,312,1,1.015629921875,0.02,0.0,0.03
QQQ,2026-08-20,2026-08-28,P,445.0,6,2,0.992187578125,0.09,0.0,0.03
QQQ,2026-08-20,2026-08-28,P,450.0,231,10,0.9765627343750001,0.02,0.0,0.03
QQQ,2026-08-20,2026-08-28,P,455.0,13,10,0.9531254687499999,0.02,0.0,0.03
QQQ,2026-08-20,2026-08-28,P,460.0,419,10,0.929688203125,0.02,0.0,0.03
QQQ,2026-08-20,2026-08-28,P,465.0,78,3,0.929688203125,0.04,0.01,0.03
QQQ,2026-08-20,2026-08-28,P,470.0,325,1,0.9062509375,0.02,0.01,0.03
QQQ,2026-08-20,2026-08-28,P,475.0,107,1,0.8906260937499999,0.24,0.01,0.03
QQQ,2026-08-20,2026-08-28,P,480.0,161,1,0.867188828125,0.02,0.01,0.03
QQQ,2026-08-20,2026-08-28,P,485.0,375,20,0.8437515624999999,0.02,0.01,0.03
QQQ,2026-08-20,2026-08-28,P,490.0,97,10,0.8242205078124999,0.05,0.01,0.03
QQQ,2026-08-20,2026-08-28,P,495.0,63,2,0.804689453125,0.03,0.01,0.03
QQQ,2026-08-20,2026-08-28,P,500.0,159,1,0.7812521875,0.03,0.01,0.03
QQQ,2026-08-20,2026-08-28,P,505.0,155,1,0.7773459765625,0.03,0.01,0.04
QQQ,2026-08-20,2026-08-28,P,510.0,547,499,0.7578149218750001,0.04,0.01,0.04
QQQ,2026-08-20,2026-08-28,P,515.0,357,1,0.73437765625,0.02,0.01,0.04
QQQ,2026-08-20,2026-08-28,P,520.0,501,2,0.7148466015625,0.02,0.01,0.04
QQQ,2026-08-20,2026-08-28,P,525.0,88,2,0.6953155468750001,0.02,0.02,0.03
QQQ,2026-08-20,2026-08-28,P,530.0,2364,10,0.6875031250000001,0.03,0.02,0.04
QQQ,2026-08-20,2026-08-28,P,535.0,721,401,0.6679720703125002,0.03,0.02,0.04
QQQ,2026-08-20,2026-08-28,P,540.0,364,144,0.648441015625,0.04,0.02,0.04
QQQ,2026-08-20,2026-08-28,P,545.0,765,147,0.6367223828125,0.04,0.02,0.05
QQQ,2026-08-20,2026-08-28,P,550.0,424,108,0.6171913281250001,0.03,0.02,0.05
QQQ,2026-08-20,2026-08-28,P,555.0,251,36,0.5898478515625001,0.04,0.02,0.04
QQQ,2026-08-20,2026-08-28,P,560.0,347,1,0.57812921875,0.04,0.03,0.04
QQQ,2026-08-20,2026-08-28,P,565.0,456,5,0.5664105859375,0.03,0.03,0.05
QQQ,2026-08-20,2026-08-28,P,570.0,793,105,0.5468795312500001,0.08,0.03,0.05
QQQ,2026-08-20,2026-08-28,P,575.0,481,1,0.53320779296875,0.06,0.03,0.06
QQQ,2026-08-20,2026-08-28,P,580.0,1119,12,0.5136767382812499,0.05,0.03,0.06
QQQ,2026-08-20,2026-08-28,P,585.0,397,3,0.500005,0.05,0.04,0.06
QQQ,2026-08-20,2026-08-28,P,590.0,1037,29,0.48828636718750007,0.08,0.05,0.06
QQQ,2026-08-20,2026-08-28,P,595.0,974,13,0.476567734375,0.06,0.05,0.07
QQQ,2026-08-20,2026-08-28,P,600.0,1601,134,0.44922425781249997,0.06,0.05,0.06
QQQ,2026-08-20,2026-08-28,P,605.0,1513,82,0.437505625,0.06,0.05,0.07
QQQ,2026-08-20,2026-08-28,P,610.0,911,38,0.424810439453125,0.08,0.06,0.08
QQQ,2026-08-20,2026-08-28,P,615.0,630,41,0.405279384765625,0.09,0.06,0.08
QQQ,2026-08-20,2026-08-28,P,620.0,5455,44,0.3857483300781249,0.08,0.07,0.08
QQQ,2026-08-20,2026-08-28,P,625.0,469,214,0.375982802734375,0.1,0.08,0.1
QQQ,2026-08-20,2026-08-28,P,630.0,8444,53,0.36035795898437495,0.11,0.09,0.11
QQQ,2026-08-20,2026-08-28,P,635.0,606,19,0.3437565625,0.13,0.1,0.12
QQQ,2026-08-20,2026-08-28,P,640.0,1882,85,0.33008482421874996,0.13,0.13,0.14
QQQ,2026-08-20,2026-08-28,P,645.0,2060,70,0.31250687499999996,0.14,0.14,0.15
QQQ,2026-08-20,2026-08-28,P,650.0,2095,309,0.301764794921875,0.19,0.17,0.19
QQQ,2026-08-20,2026-08-28,P,651.0,166,1,0.2978585839843749,0.26,0.17,0.19
QQQ,2026-08-20,2026-08-28,P,652.0,132,11,0.295905478515625,0.29,0.18,0.2
QQQ,2026-08-20,2026-08-28,P,653.0,153,34,0.2934640966796874,0.25,0.19,0.21
QQQ,2026-08-20,2026-08-28,P,654.0,227,10,0.2893137475585937,0.46,0.2,0.21
QQQ,2026-08-20,2026-08-28,P,655.0,1331,9,0.28711650390624993,0.22,0.2,0.22
QQQ,2026-08-20,2026-08-28,P,656.0,101,2,0.2866282275390625,0.26,0.22,0.24
QQQ,2026-08-20,2026-08-28,P,657.0,254,2,0.282233740234375,0.31,0.22,0.24
QQQ,2026-08-20,2026-08-28,P,658.0,167,24,0.2797923583984374,0.29,0.23,0.25
QQQ,2026-08-20,2026-08-28,P,659.0,101,2,0.27686270019531245,0.32,0.24,0.26
QQQ,2026-08-20,2026-08-28,P,660.0,3488,193,0.27417718017578124,0.28,0.25,0.27
QQQ,2026-08-20,2026-08-28,P,661.0,217,105,0.27149166015625,0.39,0.26,0.28
QQQ,2026-08-20,2026-08-28,P,662.0,152,505,0.26856200195312496,0.3,0.27,0.29
QQQ,2026-08-20,2026-08-28,P,663.0,534,212,0.26709717285156254,0.58,0.29,0.31
QQQ,2026-08-20,2026-08-28,P,664.0,3344,123,0.26392337646484376,0.36,0.29,0.32
QQQ,2026-08-20,2026-08-28,P,665.0,1093,171,0.2622144091796875,0.34,0.32,0.34
QQQ,2026-08-20,2026-08-28,P,666.0,115,3,0.25757578369140627,0.45,0.33,0.34
QQQ,2026-08-20,2026-08-28,P,667.0,462,150,0.256843369140625,0.37,0.35,0.37
QQQ,2026-08-20,2026-08-28,P,668.0,212,21,0.2534254345703125,0.39,0.36,0.38
QQQ,2026-08-20,2026-08-28,P,669.0,1751,398,0.2500075,0.41,0.38,0.39
QQQ,2026-08-20,2026-08-28,P,670.0,7006,321,0.2475661181640625,0.41,0.4,0.41
QQQ,2026-08-20,2026-08-28,P,671.0,133,63,0.245124736328125,0.45,0.42,0.43
QQQ,2026-08-20,2026-08-28,P,672.0,3488,155,0.24243921630859372,0.47,0.44,0.45
QQQ,2026-08-20,2026-08-28,P,673.0,326,88,0.24073024902343748,0.5,0.46,0.48
QQQ,2026-08-20,2026-08-28,P,674.0,615,148,0.23780059082031246,0.52,0.49,0.5
QQQ,2026-08-20,2026-08-28,P,675.0,4627,409,0.23474886352539062,0.55,0.5,0.52
QQQ,2026-08-20,2026-08-28,P,676.0,278,27,0.233406103515625,0.58,0.54,0.56
QQQ,2026-08-20,2026-08-28,P,677.0,280,41,0.23011023803710937,0.58,0.57,0.58
QQQ,2026-08-20,2026-08-28,P,678.0,301,75,0.22754678710937498,0.64,0.6,0.61
QQQ,2026-08-20,2026-08-28,P,679.0,274,22,0.225593681640625,0.76,0.64,0.65
QQQ,2026-08-20,2026-08-28,P,680.0,10985,849,0.22278609252929685,0.67,0.67,0.68
QQQ,2026-08-20,2026-08-28,P,681.0,327,199,0.2211991943359375,0.76,0.71,0.73
QQQ,2026-08-20,2026-08-28,P,682.0,167,487,0.21875781249999998,0.77,0.76,0.77
QQQ,2026-08-20,2026-08-28,P,683.0,539,282,0.21607229248046872,0.8,0.8,0.81
QQQ,2026-08-20,2026-08-28,P,684.0,374,195,0.21375297973632812,0.85,0.85,0.86
QQQ,2026-08-20,2026-08-28,P,685.0,3854,400,0.21198297790527343,0.91,0.91,0.92
QQQ,2026-08-20,2026-08-28,P,686.0,443,259,0.2093584924316406,0.95,0.96,0.97
QQQ,2026-08-20,2026-08-28,P,687.0,396,139,0.20813780151367184,1.08,1.03,1.05
QQQ,2026-08-20,2026-08-28,P,688.0,412,250,0.20557435058593748,1.18,1.09,1.11
QQQ,2026-08-20,2026-08-28,P,689.0,489,355,0.20337710693359373,1.14,1.16,1.18
QQQ,2026-08-20,2026-08-28,P,690.0,4813,3524,0.20136296691894529,1.25,1.25,1.26
QQQ,2026-08-20,2026-08-28,P,691.0,381,269,0.1991046887207031,1.3,1.33,1.34
QQQ,2026-08-20,2026-08-28,P,692.0,838,565,0.19788399780273438,1.42,1.43,1.45
QQQ,2026-08-20,2026-08-28,P,693.0,769,124,0.1959308923339844,1.52,1.52,1.55
QQQ,2026-08-20,2026-08-28,P,694.0,1861,169,0.19367261413574222,1.64,1.62,1.65
QQQ,2026-08-20,2026-08-28,P,695.0,2937,482,0.19190261230468753,1.76,1.73,1.77
QQQ,2026-08-20,2026-08-28,P,696.0,284,113,0.1905598522949219,1.95,1.87,1.91
QQQ,2026-08-20,2026-08-28,P,697.0,942,166,0.18885088500976563,2.05,2.02,2.05
QQQ,2026-08-20,2026-08-28,P,698.0,597,176,0.1868367449951172,2.15,2.15,2.19
QQQ,2026-08-20,2026-08-28,P,699.0,972,1210,0.1848226049804687,2.29,2.29,2.34
QQQ,2026-08-20,2026-08-28,P,700.0,13898,3616,0.18244225769042968,2.48,2.47,2.49
QQQ,2026-08-20,2026-08-28,P,701.0,3590,183,0.18158777404785154,2.65,2.65,2.7
QQQ,2026-08-20,2026-08-28,P,702.0,290,145,0.1800008758544922,2.92,2.85,2.9
QQQ,2026-08-20,2026-08-28,P,703.0,2244,339,0.1771627694702148,3.09,3.03,3.07
QQQ,2026-08-20,2026-08-28,P,704.0,1486,1537,0.17652190673828128,3.31,3.28,3.33
QQQ,2026-08-20,2026-08-28,P,705.0,8217,3731,0.17456880126953128,3.54,3.53,3.56
QQQ,2026-08-20,2026-08-28,P,706.0,621,330,0.17194431579589847,3.79,3.74,3.78
QQQ,2026-08-20,2026-08-28,P,707.0,1235,252,0.1710287976074219,4.0,4.04,4.08
QQQ,2026-08-20,2026-08-28,P,708.0,1018,794,0.16910620941162113,4.32,4.31,4.36
QQQ,2026-08-20,2026-08-28,P,709.0,2731,663,0.16700051757812504,4.65,4.6,4.65
QQQ,2026-08-20,2026-08-28,P,710.0,3211,1941,0.16587137847900396,5.0,4.97,5.0
QQQ,2026-08-20,2026-08-28,P,711.0,671,1479,0.16425396301269532,5.36,5.31,5.35
QQQ,2026-08-20,2026-08-28,P,712.0,970,1709,0.16285016845703126,5.71,5.69,5.73
QQQ,2026-08-20,2026-08-28,P,712.5,200,876,0.1624229266357422,5.93,5.88,5.94
QQQ,2026-08-20,2026-08-28,P,713.0,418,620,0.161141201171875,6.12,6.06,6.12
QQQ,2026-08-20,2026-08-28,P,714.0,460,710,0.15869981933593752,6.54,6.44,6.5
QQQ,2026-08-20,2026-08-28,P,715.0,2232,3691,0.15781481842041017,6.96,6.93,6.97
QQQ,2026-08-20,2026-08-28,P,716.0,525,181,0.1568382656860352,7.43,7.39,7.46
QQQ,2026-08-20,2026-08-28,P,717.0,989,506,0.15479360839843753,7.91,7.87,7.93
QQQ,2026-08-20,2026-08-28,P,717.5,105,455,0.15415274566650394,8.05,8.11,8.19
QQQ,2026-08-20,2026-08-28,P,718.0,1471,791,0.15287102020263676,8.42,8.37,8.43
QQQ,2026-08-20,2026-08-28,P,719.0,696,813,0.15103998382568362,9.04,8.88,8.96
QQQ,2026-08-20,2026-08-28,P,720.0,3509,370,0.14978877563476564,9.54,9.48,9.54
QQQ,2026-08-20,2026-08-28,P,721.0,4271,253,0.14765256652832032,11.65,10.02,10.11
QQQ,2026-08-20,2026-08-28,P,722.0,336,216,0.14661497924804687,10.75,10.67,10.75
QQQ,2026-08-20,2026-08-28,P,722.5,74,1,0.14881222290039062,11.54,11.1,11.18
QQQ,2026-08-20,2026-08-28,P,723.0,302,134,0.14325807922363282,12.57,11.24,11.33
QQQ,2026-08-20,2026-08-28,P,724.0,476,27,0.1450280810546875,15.33,12.03,12.12
QQQ,2026-08-20,2026-08-28,P,725.0,1628,32,0.14362428649902342,12.6,12.45,12.82
QQQ,2026-08-20,2026-08-28,P,726.0,754,2,0.13922979919433598,13.54,12.98,13.45
QQQ,2026-08-20,2026-08-28,P,727.0,264,5,0.14600463378906248,16.95,13.93,14.45
QQQ,2026-08-20,2026-08-28,P,727.5,61,3,0.14063359375,17.75,14.32,14.69
QQQ,2026-08-20,2026-08-28,P,728.0,434,4,0.13959600646972659,17.04,14.69,15.07
QQQ,2026-08-20,2026-08-28,P,729.0,194,8,0.13013565185546871,20.39,15.16,15.66
QQQ,2026-08-20,2026-08-28,P,730.0,7054,72,0.1326380682373047,16.3,16.24,16.58
QQQ,2026-08-20,2026-08-28,P,731.0,173,5,0.133797724609375,19.03,17.08,17.48
QQQ,2026-08-20,2026-08-28,P,732.0,323,27,0.12683978637695312,19.8,17.71,18.23
QQQ,2026-08-20,2026-08-28,P,732.5,58,1,0.1315394464111328,24.02,18.34,18.77
QQQ,2026-08-20,2026-08-28,P,733.0,1175,23,0.11414460083007813,22.16,18.55,18.95
QQQ,2026-08-20,2026-08-28,P,734.0,66,1,0.1157314990234375,20.16,19.39,19.91
QQQ,2026-08-20,2026-08-28,P,735.0,376,107,0.12500875,21.45,20.55,20.97
QQQ,2026-08-20,2026-08-28,P,736.0,26,1,0.12476461181640625,25.81,21.39,21.91
QQQ,2026-08-20,2026-08-28,P,737.0,48,46,0.11939357177734375,26.84,22.25,22.81
QQQ,2026-08-20,2026-08-28,P,737.5,8,5,0.12256736816406251,21.25,22.73,23.32
QQQ,2026-08-20,2026-08-28,P,738.0,36,78,0.11890529541015624,27.45,23.25,23.77
QQQ,2026-08-20,2026-08-28,P,739.0,18,9,0.1079190771484375,29.22,24.12,24.68
QQQ,2026-08-20,2026-08-28,P,740.0,8,36,0.09571216796875001,28.88,24.92,25.63
QQQ,2026-08-20,2026-08-28,P,741.0,1,6,1.0000000000000003e-05,23.0,25.88,26.57
QQQ,2026-08-20,2026-08-28,P,742.0,6,3,0.09571216796875001,32.43,26.85,27.62
QQQ,2026-08-20,2026-08-28,P,742.5,0,2,1.0000000000000003e-05,32.6,27.41,28.04
QQQ,2026-08-20,2026-08-28,P,743.0,0,2,0.117196328125,33.42,28.01,28.66
QQQ,2026-08-20,2026-08-28,P,744.0,0,2,0.18994950683593753,27.41,29.03,30.29
QQQ,2026-08-20,2026-08-28,P,745.0,14,8,0.23712921081542968,34.25,29.87,32.06
QQQ,2026-08-20,2026-08-28,P,746.0,0,2,1.0000000000000003e-05,29.49,30.94,31.54
QQQ,2026-08-20,2026-08-28,P,747.0,0,4,1.0000000000000003e-05,30.13,31.86,32.55
QQQ,2026-08-20,2026-08-28,P,748.0,0,2,0.24695577270507812,31.42,32.87,34.94
QQQ,2026-08-20,2026-08-28,P,749.0,0,15,0.2567213000488281,32.64,33.92,36.03
QQQ,2026-08-20,2026-08-28,P,750.0,5,33,0.2618482019042969,39.0,34.79,37.03
QQQ,2026-08-20,2026-08-28,P,751.0,0,31,0.26697510375976563,34.62,34.36,38.03
QQQ,2026-08-20,2026-08-28,P,752.0,0,6,0.25623302368164064,40.02,35.14,38.74
QQQ,2026-08-20,2026-08-28,P,754.0,0,2,0.26489992919921873,34.63,37.21,40.72
QQQ,2026-08-20,2026-08-28,P,755.0,7,1,0.2867502966308593,42.22,38.33,42.02
QQQ,2026-08-20,2026-08-28,P,757.0,0,4,0.2858958129882812,67.09,40.34,43.83
QQQ,2026-08-20,2026-08-28,P,760.0,1,5,0.3002999658203125,42.51,43.13,46.83
QQQ,2026-08-20,2026-08-28,P,765.0,0,1,0.33484551879882807,47.66,48.35,52.01
QQQ,2026-08-20,2026-08-28,P,770.0,2,2,0.3590151989746094,37.36,53.34,57.02
QQQ,2026-08-20,2026-08-28,P,775.0,0,3,0.35938140625,103.21,58.21,61.69
QQQ,2026-08-20,2026-08-28,P,780.0,0,0,0.39148557739257805,61.68,63.13,66.83
QQQ,2026-08-20,2026-08-28,P,790.0,0,0,0.43445389770507814,66.41,73.12,76.83
QQQ,2026-08-20,2026-08-28,P,800.0,0,0,0.4703422106933594,103.0,83.36,86.76
QQQ,2026-08-20,2026-08-28,P,805.0,0,0,0.5109912182617188,98.48,88.36,92.01
QQQ,2026-08-20,2026-08-28,P,810.0,0,0,0.507817421875,120.0,93.15,96.73
QQQ,2026-08-20,2026-08-28,P,815.0,0,0,0.5300339965820313,91.87,98.15,101.76
QQQ,2026-08-20,2026-08-28,P,825.0,0,0,0.575077491455078,105.16,108.34,111.83
QQQ,2026-08-20,2026-08-31,C,500.0,14,1,1.0478563232421876,233.45,213.53,217.29
QQQ,2026-08-20,2026-08-31,C,505.0,1,1,1.0395555834960941,218.82,208.73,212.31
QQQ,2026-08-20,2026-08-31,C,510.0,3,1,0.973633076171875,213.27,203.62,206.92
QQQ,2026-08-20,2026-08-31,C,515.0,0,1,0.99023447265625,166.0,198.74,202.32
QQQ,2026-08-20,2026-08-31,C,520.0,2,6,0.9570316796874999,171.04,193.62,197.33
QQQ,2026-08-20,2026-08-31,C,525.0,0,1,0.9072274902343749,194.58,188.51,192.11
QQQ,2026-08-20,2026-08-31,C,530.0,0,0,1.3458895010375973,177.96,189.45,192.99
QQQ,2026-08-20,2026-08-31,C,535.0,37,27,0.8933116137695312,176.64,178.76,182.34
QQQ,2026-08-20,2026-08-31,C,545.0,1,0,1.0000000000000003e-05,195.32,151.49,155.2
QQQ,2026-08-20,2026-08-31,C,550.0,30,6,0.8208025732421874,168.06,163.78,167.33
QQQ,2026-08-20,2026-08-31,C,555.0,7,1,0.7905294384765625,171.16,158.78,162.23
QQQ,2026-08-20,2026-08-31,C,560.0,15,1,0.7468287036132812,158.1,153.55,157.15
QQQ,2026-08-20,2026-08-31,C,565.0,20,2,0.7163114306640624,159.4,148.56,152.03
QQQ,2026-08-20,2026-08-31,C,570.0,4,2,0.70117486328125,115.74,143.5,147.21
QQQ,2026-08-20,2026-08-31,C,575.0,17,3,0.6806672558593752,136.73,138.57,142.18
QQQ,2026-08-20,2026-08-31,C,580.0,3,1,0.6606479248046876,129.92,133.61,137.19
QQQ,2026-08-20,2026-08-31,C,585.0,13,4,0.6359899682617188,127.02,128.54,132.23
QQQ,2026-08-20,2026-08-31,C,590.0,11,4,0.6350134155273439,122.18,123.83,127.35
QQQ,2026-08-20,2026-08-31,C,595.0,5,1,0.5910685424804689,136.4,118.56,122.22
QQQ,2026-08-20,2026-08-31,C,600.0,30,1,0.5700726586914062,110.33,113.67,117.14
QQQ,2026-08-20,2026-08-31,C,605.0,45,31,0.5616498913574219,130.1,108.77,112.33
QQQ,2026-08-20,2026-08-31,C,610.0,47,5,0.5520064331054688,123.55,103.89,107.51
QQQ,2026-08-20,2026-08-31,C,615.0,19,1,0.5252733020019531,104.03,98.8,102.52
QQQ,2026-08-20,2026-08-31,C,620.0,30,8,0.507817421875,93.56,93.92,97.54
QQQ,2026-08-20,2026-08-31,C,625.0,37,1,0.5930216479492189,87.0,88.94,92.53
QQQ,2026-08-20,2026-08-31,C,630.0,81,28,0.567265069580078,83.54,83.73,87.55
QQQ,2026-08-20,2026-08-31,C,635.0,24,1,0.5419357330322268,84.54,78.71,82.58
QQQ,2026-08-20,2026-08-31,C,640.0,46,10,0.5081836291503907,73.83,73.73,77.43
QQQ,2026-08-20,2026-08-31,C,645.0,8,6,0.4779104943847656,90.22,68.78,72.35
QQQ,2026-08-20,2026-08-31,C,650.0,282,11,0.45905081970214845,63.28,63.92,67.53
QQQ,2026-08-20,2026-08-31,C,651.0,2,2,0.4506890869140625,32.23,63.12,66.46
QQQ,2026-08-20,2026-08-31,C,652.0,8,3,0.44446356323242187,61.72,61.85,65.44
QQQ,2026-08-20,2026-08-31,C,653.0,3,2,0.43860424682617194,30.95,60.96,64.43
QQQ,2026-08-20,2026-08-31,C,655.0,21,1,0.4336604486083985,57.46,58.88,62.57
QQQ,2026-08-20,2026-08-31,C,656.0,13,2,0.4249325085449219,38.24,58.0,61.49
QQQ,2026-08-20,2026-08-31,C,657.0,6,2,0.43195148132324224,47.38,57.19,60.8
QQQ,2026-08-20,2026-08-31,C,658.0,50,1,0.4169369830322265,69.46,56.01,59.56
QQQ,2026-08-20,2026-08-31,C,659.0,82,1,0.41736422485351554,75.75,55.13,58.71
QQQ,2026-08-20,2026-08-31,C,660.0,147,30,0.4165097412109374,57.7,54.23,57.83
QQQ,2026-08-20,2026-08-31,C,661.0,31,1,0.41095559753417965,73.97,53.16,56.83
QQQ,2026-08-20,2026-08-31,C,662.0,62,1,0.4000914483642578,71.85,51.99,55.69
QQQ,2026-08-20,2026-08-31,C,663.0,190,1,0.39453730468750003,70.87,51.0,54.69
QQQ,2026-08-20,2026-08-31,C,664.0,17,2,0.38977661010742193,38.22,50.11,53.71
QQQ,2026-08-20,2026-08-31,C,665.0,126,1,0.38196418823242184,66.52,49.05,52.65
QQQ,2026-08-20,2026-08-31,C,666.0,47,0,0.37531142272949214,65.6,48.07,51.62
QQQ,2026-08-20,2026-08-31,C,667.0,43,1,0.37085590087890624,52.76,47.09,50.65
QQQ,2026-08-20,2026-08-31,C,668.0,112,66,0.37000141723632807,59.7,46.12,49.78
QQQ,2026-08-20,2026-08-31,C,669.0,461,300,0.366217275390625,52.06,45.14,48.83
QQQ,2026-08-20,2026-08-31,C,670.0,14230,21,0.30939411315917964,46.0,44.35,46.5
QQQ,2026-08-20,2026-08-31,C,671.0,41,1,0.3566348516845703,63.51,43.28,46.88
QQQ,2026-08-20,2026-08-31,C,672.0,47,1,0.29651582397460935,50.96,42.32,44.44
QQQ,2026-08-20,2026-08-31,C,673.0,135,50,0.30072720764160155,48.3,41.26,43.67
QQQ,2026-08-20,2026-08-31,C,674.0,46,2,0.2997506549072265,48.18,40.29,42.78
QQQ,2026-08-20,2026-08-31,C,675.0,330,3,0.2955392712402344,38.9,39.33,41.81
QQQ,2026-08-20,2026-08-31,C,676.0,25,3,0.28790995300292954,44.1,38.37,40.75
QQQ,2026-08-20,2026-08-31,C,677.0,143,6,0.28778788391113275,51.19,37.41,39.89
QQQ,2026-08-20,2026-08-31,C,678.0,116,1,0.28412581115722646,54.32,36.55,38.94
QQQ,2026-08-20,2026-08-31,C,679.0,74,1,0.2790599438476562,35.81,35.51,37.95
QQQ,2026-08-20,2026-08-31,C,680.0,477,20,0.2788158056640625,33.52,34.56,37.1
QQQ,2026-08-20,2026-08-31,C,681.0,92,3,0.26978269287109374,40.91,33.61,36.0
QQQ,2026-08-20,2026-08-31,C,682.0,67,1,0.266608896484375,49.91,32.75,35.07
QQQ,2026-08-20,2026-08-31,C,683.0,119,2,0.26471682556152343,31.89,31.73,34.18
QQQ,2026-08-20,2026-08-31,C,684.0,255,1,0.2722240747070312,30.63,30.99,33.59
QQQ,2026-08-20,2026-08-31,C,685.0,595,3,0.2549512982177735,30.26,31.43,32.23
QQQ,2026-08-20,2026-08-31,C,686.0,250,2,0.25269302001953126,27.25,30.38,31.34
QQQ,2026-08-20,2026-08-31,C,687.0,202,1,0.2503126727294922,27.84,28.05,30.45
QQQ,2026-08-20,2026-08-31,C,688.0,244,1,0.24469749450683598,27.44,28.55,29.46
QQQ,2026-08-20,2026-08-31,C,689.0,247,7,0.2406081799316406,25.04,27.65,28.52
QQQ,2026-08-20,2026-08-31,C,690.0,521,17,0.24195093994140626,25.5,26.95,27.77
QQQ,2026-08-20,2026-08-31,C,691.0,99,3,0.23725127990722655,23.7,24.42,26.82
QQQ,2026-08-20,2026-08-31,C,692.0,118,3,0.23307041351318358,41.11,23.54,25.89
QQQ,2026-08-20,2026-08-31,C,693.0,152,25,0.2301712725830078,22.42,22.7,25.01
QQQ,2026-08-20,2026-08-31,C,694.0,201,1,0.22919471984863282,28.66,21.78,24.21
QQQ,2026-08-20,2026-08-31,C,695.0,12571,2,0.22199264343261715,20.45,22.5,23.18
QQQ,2026-08-20,2026-08-31,C,696.0,85,2,0.224067817993164,20.1,21.75,22.51
QQQ,2026-08-20,2026-08-31,C,697.0,145,1,0.2199785034179687,26.42,20.78,21.61
QQQ,2026-08-20,2026-08-31,C,698.0,176,20,0.2157060852050781,18.73,19.99,20.71
QQQ,2026-08-20,2026-08-31,C,699.0,287,25,0.21085383880615233,16.53,19.1,19.79
QQQ,2026-08-20,2026-08-31,C,700.0,32912,14,0.2092364233398437,18.69,18.5,19.01
QQQ,2026-08-20,2026-08-31,C,701.0,242,14,0.20615417877197262,15.87,17.53,18.18
QQQ,2026-08-20,2026-08-31,C,702.0,209,1,0.20587952331542966,14.19,16.82,17.48
QQQ,2026-08-20,2026-08-31,C,703.0,193,26,0.2034991760253906,16.51,16.02,16.7
QQQ,2026-08-20,2026-08-31,C,704.0,119,10,0.2010883114624023,13.6,15.34,15.93
QQQ,2026-08-20,2026-08-31,C,705.0,14014,13,0.19712106597900392,14.8,14.56,15.1
QQQ,2026-08-20,2026-08-31,C,706.0,223,15,0.19684641052246094,11.26,13.81,14.45
QQQ,2026-08-20,2026-08-31,C,707.0,553,137,0.18555501953124998,11.05,13.21,13.3
QQQ,2026-08-20,2026-08-31,C,708.0,467,19,0.18476157043457028,11.27,12.57,12.65
QQQ,2026-08-20,2026-08-31,C,709.0,445,170,0.1829915686035156,10.38,11.88,11.97
QQQ,2026-08-20,2026-08-31,C,710.0,5475,1967,0.18006191040039063,11.21,11.17,11.25
QQQ,2026-08-20,2026-08-31,C,711.0,727,360,0.17789518402099608,10.62,10.5,10.58
QQQ,2026-08-20,2026-08-31,C,712.0,556,173,0.17618621673583984,9.92,9.87,9.95
QQQ,2026-08-20,2026-08-31,C,713.0,382,725,0.17554535400390625,9.31,9.31,9.39
QQQ,2026-08-20,2026-08-31,C,714.0,285,174,0.1739279385375977,8.71,8.73,8.8
QQQ,2026-08-20,2026-08-31,C,715.0,1818,745,0.17273776489257814,8.2,8.2,8.25
QQQ,2026-08-20,2026-08-31,C,716.0,291,81,0.1713950048828125,7.62,7.64,7.71
QQQ,2026-08-20,2026-08-31,C,717.0,1065,71,0.1692587957763672,7.09,7.08,7.15
QQQ,2026-08-20,2026-08-31,C,718.0,295,41,0.16816017395019534,6.6,6.59,6.66
QQQ,2026-08-20,2026-08-31,C,719.0,666,82,0.16681741394042973,5.95,6.11,6.18
QQQ,2026-08-20,2026-08-31,C,720.0,5785,1665,0.16635965484619147,5.66,5.7,5.76
QQQ,2026-08-20,2026-08-31,C,721.0,397,28,0.1641929284667969,5.08,5.23,5.28
QQQ,2026-08-20,2026-08-31,C,722.0,334,38,0.16333844482421878,4.67,4.83,4.88
QQQ,2026-08-20,2026-08-31,C,723.0,698,58,0.16199568481445312,4.5,4.43,4.48
QQQ,2026-08-20,2026-08-31,C,724.0,2680,34,0.16089706298828127,4.12,4.06,4.11
QQQ,2026-08-20,2026-08-31,C,725.0,5924,521,0.15979844116210937,3.73,3.71,3.76
QQQ,2026-08-20,2026-08-31,C,726.0,360,69,0.15873033660888675,3.41,3.38,3.43
QQQ,2026-08-20,2026-08-31,C,727.0,381,64,0.15717395568847659,3.07,3.05,3.1
QQQ,2026-08-20,2026-08-31,C,728.0,460,158,0.1563805065917969,2.9,2.76,2.82
QQQ,2026-08-20,2026-08-31,C,729.0,427,511,0.15534291931152344,2.46,2.51,2.55
QQQ,2026-08-20,2026-08-31,C,730.0,27723,1239,0.15467153930664065,2.29,2.27,2.31
QQQ,2026-08-20,2026-08-31,C,731.0,842,65,0.15406119384765626,2.0,2.05,2.09
QQQ,2026-08-20,2026-08-31,C,732.0,571,68,0.1532677447509766,1.76,1.83,1.88
QQQ,2026-08-20,2026-08-31,C,733.0,201,105,0.15235222656250003,1.57,1.65,1.68
QQQ,2026-08-20,2026-08-31,C,734.0,356,183,0.1518639501953125,1.4,1.47,1.51
QQQ,2026-08-20,2026-08-31,C,735.0,9094,444,0.15088739746093754,1.33,1.31,1.34
QQQ,2026-08-20,2026-08-31,C,736.0,418,209,0.15015498291015628,1.12,1.17,1.19
QQQ,2026-08-20,2026-08-31,C,737.0,559,602,0.15009394836425782,0.94,1.05,1.07
QQQ,2026-08-20,2026-08-31,C,738.0,295,86,0.14917843017578125,0.95,0.92,0.94
QQQ,2026-08-20,2026-08-31,C,739.0,301,12,0.14905636108398437,0.79,0.82,0.84
QQQ,2026-08-20,2026-08-31,C,740.0,9835,466,0.148446015625,0.73,0.72,0.74
QQQ,2026-08-20,2026-08-31,C,741.0,457,88,0.14905636108398437,0.63,0.65,0.67
QQQ,2026-08-20,2026-08-31,C,742.0,1913,1,0.14869015380859374,0.43,0.57,0.59
QQQ,2026-08-20,2026-08-31,C,743.0,1267,8,0.14832394653320313,0.52,0.51,0.52
QQQ,2026-08-20,2026-08-31,C,744.0,427,22,0.14832394653320313,0.43,0.44,0.46
QQQ,2026-08-20,2026-08-31,C,745.0,21407,131,0.1485680847167969,0.42,0.39,0.41
QQQ,2026-08-20,2026-08-31,C,746.0,225,14,0.14832394653320313,0.25,0.35,0.36
QQQ,2026-08-20,2026-08-31,C,747.0,2000,7,0.1485680847167969,0.27,0.31,0.32
QQQ,2026-08-20,2026-08-31,C,748.0,555,32,0.149422568359375,0.26,0.27,0.29
QQQ,2026-08-20,2026-08-31,C,749.0,571,9,0.14991084472656252,0.22,0.25,0.26
QQQ,2026-08-20,2026-08-31,C,750.0,16500,157,0.15015498291015628,0.23,0.22,0.23
QQQ,2026-08-20,2026-08-31,C,751.0,331,1,0.1511315356445313,0.15,0.19,0.21
QQQ,2026-08-20,2026-08-31,C,752.0,634,1,0.1518639501953125,0.15,0.17,0.19
QQQ,2026-08-20,2026-08-31,C,753.0,296,30,0.15235222656250003,0.14,0.16,0.17
QQQ,2026-08-20,2026-08-31,C,754.0,1285,13,0.15284050292968754,0.13,0.14,0.15
QQQ,2026-08-20,2026-08-31,C,755.0,1275,8,0.15235222656250003,0.13,0.12,0.13
QQQ,2026-08-20,2026-08-31,C,756.0,288,4,0.1557701611328125,0.1,0.1,0.13
QQQ,2026-08-20,2026-08-31,C,757.0,537,3,0.15674671386718753,0.08,0.1,0.12
QQQ,2026-08-20,2026-08-31,C,758.0,185,19,0.1577232666015625,0.1,0.09,0.11
QQQ,2026-08-20,2026-08-31,C,759.0,196,1,0.15869981933593752,0.22,0.08,0.1
QQQ,2026-08-20,2026-08-31,C,760.0,9577,60,0.1596763720703125,0.06,0.07,0.09
QQQ,2026-08-20,2026-08-31,C,761.0,243,3,0.1626060302734375,0.07,0.07,0.09
QQQ,2026-08-20,2026-08-31,C,762.0,407,3,0.1626060302734375,0.07,0.06,0.08
QQQ,2026-08-20,2026-08-31,C,763.0,115,1,0.1626060302734375,0.06,0.05,0.07
QQQ,2026-08-20,2026-08-31,C,764.0,160,2,0.16553568847656253,0.06,0.05,0.07
QQQ,2026-08-20,2026-08-31,C,765.0,13234,11,0.165047412109375,0.04,0.04,0.06
QQQ,2026-08-20,2026-08-31,C,766.0,540,2,0.16797707031250003,0.04,0.04,0.06
QQQ,2026-08-20,2026-08-31,C,767.0,570,8,0.17090672851562502,0.1,0.03,0.06
QQQ,2026-08-20,2026-08-31,C,768.0,240,50,0.16993017578125003,0.03,0.03,0.05
QQQ,2026-08-20,2026-08-31,C,769.0,136,1,0.17237155761718753,0.04,0.03,0.05
QQQ,2026-08-20,2026-08-31,C,770.0,20062,13,0.174812939453125,0.04,0.03,0.05
QQQ,2026-08-20,2026-08-31,C,771.0,258,4,0.17774259765625,0.03,0.02,0.05
QQQ,2026-08-20,2026-08-31,C,772.0,348,4,0.1757894921875,0.03,0.02,0.04
QQQ,2026-08-20,2026-08-31,C,773.0,226,3,0.178719150390625,0.05,0.02,0.04
QQQ,2026-08-20,2026-08-31,C,774.0,378,2,0.180672255859375,0.09,0.02,0.04
QQQ,2026-08-20,2026-08-31,C,775.0,1206,4,0.18360191406249998,0.03,0.02,0.04
QQQ,2026-08-20,2026-08-31,C,780.0,17240,127,0.19043778320312502,0.02,0.01,0.03
QQQ,2026-08-20,2026-08-31,C,785.0,10687,5,0.195320546875,0.02,0.01,0.02
QQQ,2026-08-20,2026-08-31,C,790.0,1608,8,0.2148516015625,0.03,0.01,0.03
QQQ,2026-08-20,2026-08-31,C,795.0,544,1,0.22657023437499998,0.02,0.0,0.03
QQQ,2026-08-20,2026-08-31,C,800.0,8869,22,0.23828886718749998,0.02,0.01,0.03
QQQ,2026-08-20,2026-08-31,C,805.0,436,1,0.24024197265624997,0.02,0.0,0.02
QQQ,2026-08-20,2026-08-31,C,810.0,734,8,0.25196060546875,0.01,0.0,0.02
QQQ,2026-08-20,2026-08-31,C,815.0,849,1,0.26367923828125,0.02,0.0,0.02
QQQ,2026-08-20,2026-08-31,C,820.0,315,25,0.273444765625,0.01,0.0,0.02
QQQ,2026-08-20,2026-08-31,C,825.0,2898,11,0.28516339843749994,0.02,0.0,0.02
QQQ,2026-08-20,2026-08-31,C,830.0,437,17,0.29688203124999996,0.03,0.0,0.02
QQQ,2026-08-20,2026-08-31,C,835.0,375,15,0.30664755859375,0.01,0.0,0.02
QQQ,2026-08-20,2026-08-31,C,840.0,391,3,0.31641308593749995,0.01,0.0,0.02
QQQ,2026-08-20,2026-08-31,C,845.0,602,2,0.32813171874999997,0.08,0.0,0.02
QQQ,2026-08-20,2026-08-31,C,850.0,2032,2,0.33789724609375,0.03,0.0,0.02
QQQ,2026-08-20,2026-08-31,C,855.0,794,1,0.34766277343749996,0.02,0.0,0.02
QQQ,2026-08-20,2026-08-31,C,860.0,642,2,0.35938140625,0.04,0.0,0.02
QQQ,2026-08-20,2026-08-31,C,865.0,303,1,0.367193828125,0.03,0.0,0.02
QQQ,2026-08-20,2026-08-31,C,870.0,690,1,0.3789124609375,0.05,0.0,0.02
QQQ,2026-08-20,2026-08-31,C,875.0,381,7,0.38867798828125,0.03,0.0,0.02
QQQ,2026-08-20,2026-08-31,C,880.0,514,1,0.398443515625,0.23,0.0,0.02
QQQ,2026-08-20,2026-08-31,C,885.0,151,25,0.40820904296875,0.16,0.0,0.02
QQQ,2026-08-20,2026-08-31,C,890.0,133,3,0.41797457031249996,0.07,0.0,0.02
QQQ,2026-08-20,2026-08-31,C,895.0,525,501,0.42774009765625004,0.02,0.0,0.02
QQQ,2026-08-20,2026-08-31,C,900.0,162,52,0.437505625,0.02,0.0,0.02
QQQ,2026-08-20,2026-08-31,C,905.0,168,1,0.445318046875,0.04,0.0,0.02
QQQ,2026-08-20,2026-08-31,C,910.0,353,270,0.45703667968750006,0.02,0.0,0.02
QQQ,2026-08-20,2026-08-31,C,915.0,136,1,0.46484910156250003,0.03,0.0,0.02
QQQ,2026-08-20,2026-08-31,C,920.0,1146,4,0.476567734375,0.03,0.0,0.02
QQQ,2026-08-20,2026-08-31,C,925.0,520,23,0.48438015625,0.03,0.0,0.02
QQQ,2026-08-20,2026-08-31,C,930.0,1955,2,0.49219257812500006,0.02,0.0,0.02
QQQ,2026-08-20,2026-08-31,C,935.0,407,2,0.5039112109375,0.03,0.0,0.02
QQQ,2026-08-20,2026-08-31,C,940.0,442,3,0.5117236328125,0.07,0.0,0.02
QQQ,2026-08-20,2026-08-31,C,945.0,272,1,0.5937540625000001,0.22,0.0,0.17
QQQ,2026-08-20,2026-08-31,C,950.0,36783,29,0.500005,0.01,0.0,0.02
QQQ,2026-08-20,2026-08-31,P,490.0,404,3,0.7148466015625,0.03,0.01,0.04
QQQ,2026-08-20,2026-08-31,P,495.0,343,2,0.6992217578125001,0.03,0.01,0.04
QQQ,2026-08-20,2026-08-31,P,500.0,185,6,0.6914093359375001,0.03,0.02,0.04
QQQ,2026-08-20,2026-08-31,P,505.0,18,2,0.6718782812500002,0.08,0.02,0.04
QQQ,2026-08-20,2026-08-31,P,510.0,331,16,0.6562534375000001,0.04,0.02,0.04
QQQ,2026-08-20,2026-08-31,P,515.0,76,4,0.6367223828125,0.04,0.02,0.04
QQQ,2026-08-20,2026-08-31,P,520.0,246,25,0.6289099609375001,0.05,0.02,0.05
QQQ,2026-08-20,2026-08-31,P,525.0,134,2,0.6113320117187502,0.06,0.02,0.05
QQQ,2026-08-20,2026-08-31,P,530.0,3225,4,0.6015664843750002,0.05,0.03,0.05
QQQ,2026-08-20,2026-08-31,P,535.0,300,10,0.5839885351562499,0.05,0.03,0.05
QQQ,2026-08-20,2026-08-31,P,540.0,399,3,0.5664105859375,0.07,0.03,0.05
QQQ,2026-08-20,2026-08-31,P,545.0,284,1,0.5546919531250001,0.05,0.03,0.06
QQQ,2026-08-20,2026-08-31,P,550.0,349,31,0.5390671093750001,0.06,0.03,0.06
QQQ,2026-08-20,2026-08-31,P,555.0,456,1,0.5273484765625001,0.06,0.04,0.06
QQQ,2026-08-20,2026-08-31,P,560.0,259,3,0.5097705273437501,0.07,0.04,0.06
QQQ,2026-08-20,2026-08-31,P,565.0,415,51,0.5019581054687501,0.08,0.05,0.06
QQQ,2026-08-20,2026-08-31,P,570.0,767,2,0.48438015625,0.07,0.04,0.06
QQQ,2026-08-20,2026-08-31,P,575.0,441,3,0.47461462890625,0.08,0.05,0.07
QQQ,2026-08-20,2026-08-31,P,580.0,1265,4,0.46484910156250003,0.07,0.05,0.08
QQQ,2026-08-20,2026-08-31,P,585.0,395,1,0.44727115234375,0.09,0.06,0.08
QQQ,2026-08-20,2026-08-31,P,590.0,1086,1,0.42969320312500003,0.06,0.06,0.08
QQQ,2026-08-20,2026-08-31,P,595.0,1651,1,0.41309180664062495,0.09,0.07,0.08
QQQ,2026-08-20,2026-08-31,P,600.0,10356,21,0.401373173828125,0.08,0.07,0.09
QQQ,2026-08-20,2026-08-31,P,605.0,976,61,0.38867798828125,0.17,0.08,0.1
QQQ,2026-08-20,2026-08-31,P,610.0,1155,1,0.375982802734375,0.11,0.09,0.11
QQQ,2026-08-20,2026-08-31,P,615.0,11629,3,0.362311064453125,0.14,0.1,0.12
QQQ,2026-08-20,2026-08-31,P,620.0,1253,15,0.348639326171875,0.12,0.11,0.13
QQQ,2026-08-20,2026-08-31,P,625.0,1914,2,0.33399103515625,0.15,0.12,0.14
QQQ,2026-08-20,2026-08-31,P,630.0,1826,48,0.32227240234374993,0.15,0.14,0.16
QQQ,2026-08-20,2026-08-31,P,635.0,3100,10,0.309577216796875,0.23,0.16,0.18
QQQ,2026-08-20,2026-08-31,P,640.0,3734,19,0.2978585839843749,0.21,0.19,0.21
QQQ,2026-08-20,2026-08-31,P,645.0,1193,30,0.28516339843749994,0.25,0.23,0.24
QQQ,2026-08-20,2026-08-31,P,650.0,6535,105,0.27466545654296876,0.28,0.27,0.29
QQQ,2026-08-20,2026-08-31,P,651.0,89,3,0.27246821289062495,0.56,0.28,0.3
QQQ,2026-08-20,2026-08-31,P,652.0,72,3,0.2700268310546875,0.41,0.29,0.31
QQQ,2026-08-20,2026-08-31,P,653.0,120,1,0.26758544921875,0.32,0.3,0.32
QQQ,2026-08-20,2026-08-31,P,654.0,75,16,0.26489992919921873,0.62,0.32,0.33
QQQ,2026-08-20,2026-08-31,P,655.0,1057,15,0.2624585473632813,0.35,0.32,0.34
QQQ,2026-08-20,2026-08-31,P,656.0,762,1,0.25977302734375,0.48,0.34,0.35
QQQ,2026-08-20,2026-08-31,P,657.0,104,5,0.25952888916015626,0.79,0.35,0.38
QQQ,2026-08-20,2026-08-31,P,658.0,123,33,0.256843369140625,0.68,0.37,0.39
QQQ,2026-08-20,2026-08-31,P,659.0,280,40,0.2551344018554688,0.85,0.38,0.41
QQQ,2026-08-20,2026-08-31,P,660.0,21028,142,0.2512281909179687,0.5,0.4,0.41
QQQ,2026-08-20,2026-08-31,P,661.0,593,158,0.25025163818359375,0.47,0.41,0.44
QQQ,2026-08-20,2026-08-31,P,662.0,186,118,0.24732197998046873,0.6,0.43,0.45
QQQ,2026-08-20,2026-08-31,P,663.0,171,10,0.24536887451171874,0.62,0.45,0.47
QQQ,2026-08-20,2026-08-31,P,664.0,308,64,0.243171630859375,0.63,0.47,0.49
QQQ,2026-08-20,2026-08-31,P,665.0,1879,50,0.2399978344726562,0.5,0.48,0.5
QQQ,2026-08-20,2026-08-31,P,666.0,223,138,0.23853300537109373,0.54,0.51,0.53
QQQ,2026-08-20,2026-08-31,P,667.0,304,139,0.23609162353515623,0.55,0.53,0.55
QQQ,2026-08-20,2026-08-31,P,668.0,227,22,0.23365024169921872,0.73,0.56,0.57
QQQ,2026-08-20,2026-08-31,P,669.0,119,9,0.2318192053222656,0.86,0.59,0.6
QQQ,2026-08-20,2026-08-31,P,670.0,5653,100,0.2298660998535156,0.62,0.61,0.63
QQQ,2026-08-20,2026-08-31,P,671.0,329,8,0.22705851074218747,0.94,0.64,0.65
QQQ,2026-08-20,2026-08-31,P,672.0,650,43,0.2249833361816406,0.89,0.67,0.68
QQQ,2026-08-20,2026-08-31,P,673.0,491,39,0.22266402343749997,0.87,0.7,0.71
QQQ,2026-08-20,2026-08-31,P,674.0,329,37,0.22095505615234373,0.93,0.74,0.75
QQQ,2026-08-20,2026-08-31,P,675.0,11742,264,0.21851367431640623,0.77,0.76,0.78
QQQ,2026-08-20,2026-08-31,P,676.0,253,6,0.21656056884765623,1.0,0.8,0.82
QQQ,2026-08-20,2026-08-31,P,677.0,448,4,0.21497367065429687,1.23,0.85,0.87
QQQ,2026-08-20,2026-08-31,P,678.0,218,13,0.21216608154296873,1.27,0.89,0.9
QQQ,2026-08-20,2026-08-31,P,679.0,266,13,0.21033504516601562,1.13,0.94,0.95
QQQ,2026-08-20,2026-08-31,P,680.0,13962,100,0.20887021606445308,1.0,0.99,1.01
QQQ,2026-08-20,2026-08-31,P,681.0,174,227,0.20673400695800775,1.44,1.05,1.06
QQQ,2026-08-20,2026-08-31,P,682.0,1021,145,0.20447572875976558,1.73,1.09,1.11
QQQ,2026-08-20,2026-08-31,P,683.0,898,7,0.20337710693359373,1.59,1.16,1.19
QQQ,2026-08-20,2026-08-31,P,684.0,663,11,0.20124089782714843,1.54,1.23,1.25
QQQ,2026-08-20,2026-08-31,P,685.0,2654,115,0.19898261962890623,1.5,1.3,1.31
QQQ,2026-08-20,2026-08-31,P,686.0,448,46,0.1977619287109375,1.62,1.38,1.4
QQQ,2026-08-20,2026-08-31,P,687.0,239,23,0.19507640869140624,2.09,1.44,1.46
QQQ,2026-08-20,2026-08-31,P,688.0,586,20,0.19348951049804688,2.44,1.53,1.55
QQQ,2026-08-20,2026-08-31,P,689.0,271,36,0.1920246813964844,1.6,1.62,1.65
QQQ,2026-08-20,2026-08-31,P,690.0,17189,208,0.19068192138671874,1.7,1.72,1.76
QQQ,2026-08-20,2026-08-31,P,691.0,189,101,0.18872881591796875,2.23,1.82,1.86
QQQ,2026-08-20,2026-08-31,P,692.0,125,34,0.18695881408691406,2.35,1.94,1.97
QQQ,2026-08-20,2026-08-31,P,693.0,462,30,0.18555501953124998,2.74,2.07,2.1
QQQ,2026-08-20,2026-08-31,P,694.0,2156,97,0.18396812133789062,2.21,2.2,2.23
QQQ,2026-08-20,2026-08-31,P,695.0,3949,204,0.18207605041503905,2.35,2.32,2.36
QQQ,2026-08-20,2026-08-31,P,696.0,243,63,0.1808553594970703,2.47,2.47,2.52
QQQ,2026-08-20,2026-08-31,P,697.0,288,73,0.1790853576660156,3.09,2.63,2.67
QQQ,2026-08-20,2026-08-31,P,698.0,340,83,0.17731535583496094,2.96,2.78,2.83
QQQ,2026-08-20,2026-08-31,P,699.0,319,66,0.1757894921875,3.34,2.96,3.01
QQQ,2026-08-20,2026-08-31,P,700.0,20020,1298,0.17450776672363283,3.17,3.16,3.21
QQQ,2026-08-20,2026-08-31,P,701.0,339,26,0.1739584558105469,4.32,3.4,3.45
QQQ,2026-08-20,2026-08-31,P,702.0,211,95,0.17133397033691405,4.0,3.58,3.62
QQQ,2026-08-20,2026-08-31,P,703.0,326,50,0.17060155578613284,3.83,3.82,3.88
QQQ,2026-08-20,2026-08-31,P,704.0,204,98,0.16858741577148442,4.07,4.05,4.1
QQQ,2026-08-20,2026-08-31,P,705.0,9272,1127,0.16739724212646484,4.32,4.31,4.37
QQQ,2026-08-20,2026-08-31,P,706.0,293,82,0.16590189575195316,5.68,4.58,4.64
QQQ,2026-08-20,2026-08-31,P,707.0,343,107,0.16535258483886722,4.82,4.91,4.97
QQQ,2026-08-20,2026-08-31,P,708.0,558,197,0.16227034027099607,5.17,5.14,5.2
QQQ,2026-08-20,2026-08-31,P,709.0,640,100,0.16187361572265624,6.22,5.51,5.57
QQQ,2026-08-20,2026-08-31,P,710.0,9469,1001,0.159188095703125,5.86,5.8,5.85
QQQ,2026-08-20,2026-08-31,P,711.0,319,99,0.15781481842041017,6.46,6.15,6.21
QQQ,2026-08-20,2026-08-31,P,712.0,1189,243,0.1562584375,6.41,6.52,6.58
QQQ,2026-08-20,2026-08-31,P,713.0,493,121,0.1550987811279297,6.98,6.92,6.99
QQQ,2026-08-20,2026-08-31,P,714.0,2078,57,0.1547630911254883,7.4,7.4,7.46
QQQ,2026-08-20,2026-08-31,P,715.0,1499,209,0.15137567382812503,7.77,7.74,7.8
QQQ,2026-08-20,2026-08-31,P,716.0,286,31,0.15079584564208987,9.58,8.24,8.3
QQQ,2026-08-20,2026-08-31,P,717.0,486,2,0.1501855001831055,10.53,8.75,8.82
QQQ,2026-08-20,2026-08-31,P,718.0,594,46,0.14789670471191407,9.59,9.21,9.28
QQQ,2026-08-20,2026-08-31,P,719.0,596,17,0.14594359924316402,12.36,9.71,9.78
QQQ,2026-08-20,2026-08-31,P,720.0,3456,68,0.14478394287109375,10.35,10.25,10.34
QQQ,2026-08-20,2026-08-31,P,721.0,504,234,0.143563251953125,11.4,10.83,10.92
QQQ,2026-08-20,2026-08-31,P,722.0,439,5,0.14313601013183597,13.0,11.47,11.56
QQQ,2026-08-20,2026-08-31,P,723.0,264,23,0.14041997283935548,12.02,12.03,12.12
QQQ,2026-08-20,2026-08-31,P,724.0,601,3,0.13874152282714847,14.31,12.66,12.75
QQQ,2026-08-20,2026-08-31,P,725.0,4376,8,0.13666634826660157,14.63,13.29,13.39
QQQ,2026-08-20,2026-08-31,P,726.0,409,8,0.13526255371093754,17.04,13.99,14.08
QQQ,2026-08-20,2026-08-31,P,727.0,386,10,0.14722532470703126,16.83,14.64,15.31
QQQ,2026-08-20,2026-08-31,P,728.0,349,5,0.14765256652832032,18.79,15.4,16.09
QQQ,2026-08-20,2026-08-31,P,729.0,425,19,0.14063359375,18.23,16.06,16.62
QQQ,2026-08-20,2026-08-31,P,730.0,1890,60,0.1383753155517578,19.29,16.82,17.35
QQQ,2026-08-20,2026-08-31,P,731.0,51,7,0.1437463555908203,20.85,17.66,18.35
QQQ,2026-08-20,2026-08-31,P,732.0,1120,1,0.14075566284179689,20.03,18.29,19.09
QQQ,2026-08-20,2026-08-31,P,733.0,230,1,0.1417932501220703,19.33,19.2,19.97
QQQ,2026-08-20,2026-08-31,P,734.0,266,98,0.13990117919921874,21.96,20.0,20.78
QQQ,2026-08-20,2026-08-31,P,735.0,304,5,0.13648324462890626,24.66,20.77,21.57
QQQ,2026-08-20,2026-08-31,P,736.0,112,11,0.13501841552734378,24.48,21.63,22.43
QQQ,2026-08-20,2026-08-31,P,737.0,58,1,0.13898566101074222,26.43,22.57,23.42
QQQ,2026-08-20,2026-08-31,P,738.0,13,3,0.14051152465820313,26.68,23.57,24.36
QQQ,2026-08-20,2026-08-31,P,739.0,40,7,0.14136600830078128,22.34,24.52,25.29
QQQ,2026-08-20,2026-08-31,P,740.0,43,1,0.14002324829101562,29.86,25.4,26.19
QQQ,2026-08-20,2026-08-31,P,741.0,11,3,0.1463708410644531,31.78,26.27,27.23
QQQ,2026-08-20,2026-08-31,P,742.0,3,5,0.14515015014648439,31.34,27.18,28.14
QQQ,2026-08-20,2026-08-31,P,743.0,0,12,0.14185428466796873,32.16,26.54,29.03
QQQ,2026-08-20,2026-08-31,P,744.0,1,66,0.14344118286132812,32.89,29.06,30.0
QQQ,2026-08-20,2026-08-31,P,745.0,10,88,0.15015498291015628,34.15,28.49,31.04
QQQ,2026-08-20,2026-08-31,P,746.0,0,4,0.1333094482421875,17.48,29.43,31.81
QQQ,2026-08-20,2026-08-31,P,747.0,0,2,0.131844619140625,16.4,31.93,32.77
QQQ,2026-08-20,2026-08-31,P,748.0,0,4,0.13892462646484377,19.65,31.42,33.8
QQQ,2026-08-20,2026-08-31,P,749.0,0,4,0.13697152099609378,36.18,32.37,34.76
QQQ,2026-08-20,2026-08-31,P,750.0,3,2,0.15259636474609378,36.04,35.03,35.86
QQQ,2026-08-20,2026-08-31,P,751.0,0,1,0.22815713256835937,32.28,34.36,38.04
QQQ,2026-08-20,2026-08-31,P,752.0,0,5,0.23255161987304687,42.06,35.15,39.04
QQQ,2026-08-20,2026-08-31,P,753.0,0,2,0.22278609252929685,64.8,36.17,39.74
QQQ,2026-08-20,2026-08-31,P,754.0,19,3,0.7162503961181641,39.19,58.43,60.71
QQQ,2026-08-20,2026-08-31,P,755.0,0,8,0.2310867907714844,35.17,38.16,41.74
QQQ,2026-08-20,2026-08-31,P,756.0,0,1,0.24927508544921873,38.0,39.15,43.03
QQQ,2026-08-20,2026-08-31,P,757.0,0,1,0.25110612182617187,71.58,40.35,43.98
QQQ,2026-08-20,2026-08-31,P,758.0,0,0,1.0000000000000003e-05,38.76,0.0,0.0
QQQ,2026-08-20,2026-08-31,P,759.0,0,1,0.24622335815429688,28.6,42.13,45.72
QQQ,2026-08-20,2026-08-31,P,760.0,2,1,0.2561109545898438,45.69,43.13,46.83
QQQ,2026-08-20,2026-08-31,P,761.0,0,1,0.2601392346191406,51.5,44.14,47.83
QQQ,2026-08-20,2026-08-31,P,762.0,22,25,0.3170844659423828,52.86,47.38,50.02
QQQ,2026-08-20,2026-08-31,P,765.0,0,2,0.285590640258789,32.94,48.35,52.01
QQQ,2026-08-20,2026-08-31,P,766.0,0,4,0.29016823120117186,48.15,49.34,53.02
QQQ,2026-08-20,2026-08-31,P,769.0,0,0,0.3016427258300781,52.36,52.34,56.01
QQQ,2026-08-20,2026-08-31,P,770.0,0,1,0.2882151257324218,100.25,53.31,56.7
QQQ,2026-08-20,2026-08-31,P,772.0,0,0,0.3034737622070312,107.99,55.13,58.83
QQQ,2026-08-20,2026-08-31,P,773.0,1,1,0.317389638671875,108.97,56.15,60.01
QQQ,2026-08-20,2026-08-31,P,774.0,0,20,0.3219061950683593,81.33,57.19,61.02
QQQ,2026-08-20,2026-08-31,P,775.0,0,1,0.32520206054687495,105.25,58.15,62.01
QQQ,2026-08-20,2026-08-31,P,780.0,0,70,0.3450993225097656,60.36,63.15,67.02
QQQ,2026-08-20,2026-08-31,P,785.0,0,2,0.35242346801757807,67.1,68.2,71.83
QQQ,2026-08-20,2026-08-31,P,790.0,0,1,0.3825745336914062,67.27,73.34,77.02
QQQ,2026-08-20,2026-08-31,P,795.0,0,3,0.39502558105468755,84.6,78.13,81.93
QQQ,2026-08-20,2026-08-31,P,800.0,0,3,0.4128476684570312,92.69,83.15,86.93
QQQ,2026-08-20,2026-08-31,P,810.0,0,1,0.44775942871093743,74.53,93.15,96.93
QQQ,2026-08-20,2026-08-31,P,815.0,0,4,0.47046427978515626,103.19,98.13,102.01
QQQ,2026-08-20,2026-08-31,P,820.0,0,0,1.0957686813354495,85.42,123.86,127.14
QQQ,2026-08-20,2026-08-31,P,825.0,0,2,0.5048877636718749,116.23,108.15,112.02
QQQ,2026-08-20,2026-08-31,P,830.0,0,1,0.5067188000488281,105.0,113.2,116.83
QQQ,2026-08-20,2026-08-31,P,835.0,0,10,1.164310819091797,98.5,138.39,142.14
QQQ,2026-08-20,2026-08-31,P,840.0,0,0,1.2043496813964842,102.99,144.65,147.14
QQQ,2026-08-20,2026-08-31,P,845.0,0,0,1.0000000000000003e-05,110.35,0.0,0.0
QQQ,2026-08-20,2026-08-31,P,850.0,0,0,0.5697064514160157,136.4,133.13,136.83
QQQ,2026-08-20,2026-08-31,P,875.0,0,1,0.6564975756835938,161.76,158.11,161.96
QQQ,2026-08-20,2026-08-31,P,900.0,0,247,0.725588681640625,185.26,183.15,186.93
QQQ,2026-08-20,2026-09-04,C,405.0,0,1,1.3706086157226562,313.78,308.66,312.37
QQQ,2026-08-20,2026-09-04,C,420.0,1,0,1.3227572924804685,297.13,294.0,297.39
QQQ,2026-08-20,2026-09-04,C,480.0,1,0,1.0310107043457033,253.43,233.95,237.51
QQQ,2026-08-20,2026-09-04,C,500.0,2,1,0.9345709667968749,233.07,213.84,217.55
QQQ,2026-08-20,2026-09-04,C,510.0,20,0,0.8952647192382811,207.88,203.9,207.58
QQQ,2026-08-20,2026-09-04,C,520.0,1,0,0.8508315698242188,159.76,193.89,197.59
QQQ,2026-08-20,2026-09-04,C,525.0,60,0,0.8327653442382811,197.78,189.0,192.55
QQQ,2026-08-20,2026-09-04,C,530.0,2,0,0.8093280786132812,192.99,183.95,187.57
QQQ,2026-08-20,2026-09-04,C,535.0,1,0,0.7897970239257812,164.65,178.96,182.6
QQQ,2026-08-20,2026-09-04,C,540.0,10,0,0.7697776928710938,183.16,173.94,177.65
QQQ,2026-08-20,2026-09-04,C,545.0,4,2,0.7517114672851561,176.19,168.99,172.67
QQQ,2026-08-20,2026-09-04,C,555.0,10,0,0.7117948742675781,168.22,159.02,162.7
QQQ,2026-08-20,2026-09-04,C,565.0,13,11,0.6772493212890626,167.03,149.16,152.74
QQQ,2026-08-20,2026-09-04,C,570.0,36,1,0.6535679174804689,164.1,144.08,147.76
QQQ,2026-08-20,2026-09-04,C,575.0,5,1,0.6385534191894531,137.62,139.27,142.72
QQQ,2026-08-20,2026-09-04,C,580.0,11,10,0.6147499462890625,143.57,134.12,137.8
QQQ,2026-08-20,2026-09-04,C,581.0,1,1,0.609500975341797,144.25,133.1,136.79
QQQ,2026-08-20,2026-09-04,C,590.0,1,1,0.5767864587402343,131.45,124.17,127.85
QQQ,2026-08-20,2026-09-04,C,595.0,6,1,0.5726361096191408,124.31,119.46,123.05
QQQ,2026-08-20,2026-09-04,C,596.0,1,1,0.5528609167480469,129.23,118.17,121.88
QQQ,2026-08-20,2026-09-04,C,597.0,1,0,0.5501753967285157,121.34,117.2,120.89
QQQ,2026-08-20,2026-09-04,C,600.0,7,4,0.546025047607422,120.82,114.48,117.86
QQQ,2026-08-20,2026-09-04,C,601.0,2,0,0.5440719421386719,90.34,113.33,117.08
QQQ,2026-08-20,2026-09-04,C,605.0,3,1,0.5236864038085938,115.1,109.42,112.88
QQQ,2026-08-20,2026-09-04,C,608.0,1,0,0.5092822509765625,71.19,106.28,109.96
QQQ,2026-08-20,2026-09-04,C,609.0,1,0,0.5031787963867188,87.53,105.25,108.93
QQQ,2026-08-20,2026-09-04,C,610.0,2,1,0.591923026123047,102.44,104.31,107.87
QQQ,2026-08-20,2026-09-04,C,612.0,17,1,0.5861247442626953,119.08,102.31,105.95
QQQ,2026-08-20,2026-09-04,C,614.0,1,0,0.5793499096679688,79.75,100.32,104.01
QQQ,2026-08-20,2026-09-04,C,615.0,2,1,0.5746502496337891,97.49,99.33,103.01
QQQ,2026-08-20,2026-09-04,C,616.0,8,6,0.5703778314208985,103.63,98.34,102.02
QQQ,2026-08-20,2026-09-04,C,617.0,9,6,0.5661664477539063,117.54,97.35,101.03
QQQ,2026-08-20,2026-09-04,C,618.0,3,0,0.5559126440429689,116.59,96.42,99.9
QQQ,2026-08-20,2026-09-04,C,619.0,10,0,0.5525557440185547,67.5,95.53,98.93
QQQ,2026-08-20,2026-09-04,C,620.0,61,1,0.5532881585693359,75.49,94.38,98.06
QQQ,2026-08-20,2026-09-04,C,621.0,1,1,0.5490157403564455,77.66,93.39,97.07
QQQ,2026-08-20,2026-09-04,C,622.0,16,16,0.5380905566406251,89.07,92.47,95.92
QQQ,2026-08-20,2026-09-04,C,624.0,3,3,0.5296067547607424,96.75,90.58,93.94
QQQ,2026-08-20,2026-09-04,C,625.0,8,9,0.5302171002197267,89.48,89.4,93.07
QQQ,2026-08-20,2026-09-04,C,630.0,38,1,0.5090381127929688,84.76,84.75,88.13
QQQ,2026-08-20,2026-09-04,C,631.0,2,0,0.5047046600341796,57.88,83.46,87.14
QQQ,2026-08-20,2026-09-04,C,632.0,28,17,0.49805189453125004,82.33,82.67,86.09
QQQ,2026-08-20,2026-09-04,C,633.0,12,0,0.4964039617919922,48.18,81.49,85.17
QQQ,2026-08-20,2026-09-04,C,634.0,1,0,0.4886525744628907,41.76,80.7,84.09
QQQ,2026-08-20,2026-09-04,C,635.0,13,7,0.4880422290039063,84.56,79.67,83.2
QQQ,2026-08-20,2026-09-04,C,636.0,16,2,0.4803518762207031,88.34,78.54,82.12
QQQ,2026-08-20,2026-09-04,C,637.0,8,47,0.4793142889404296,60.57,77.55,81.22
QQQ,2026-08-20,2026-09-04,C,639.0,16,2,0.47235635070800785,84.3,75.58,79.29
QQQ,2026-08-20,2026-09-04,C,640.0,47,1,0.46722944885253903,73.11,74.74,78.28
QQQ,2026-08-20,2026-09-04,C,641.0,5,0,0.47022014160156256,40.7,73.8,77.5
QQQ,2026-08-20,2026-09-04,C,645.0,3,1,0.44751529052734373,67.32,69.69,73.4
QQQ,2026-08-20,2026-09-04,C,647.0,4,2,0.43921459228515625,77.2,67.87,71.44
QQQ,2026-08-20,2026-09-04,C,648.0,4,2,0.43408769042968753,76.54,66.94,70.43
QQQ,2026-08-20,2026-09-04,C,649.0,6,2,0.4309138940429688,57.99,65.91,69.48
QQQ,2026-08-20,2026-09-04,C,650.0,45,4,0.4267025103759766,66.51,64.93,68.5
QQQ,2026-08-20,2026-09-04,C,651.0,4,1,0.42774009765625004,67.32,64.11,67.68
QQQ,2026-08-20,2026-09-04,C,652.0,20,10,0.4244442321777344,77.3,62.98,66.73
QQQ,2026-08-20,2026-09-04,C,653.0,6,1,0.41119973571777346,81.45,62.06,65.47
QQQ,2026-08-20,2026-09-04,C,654.0,13,4,0.41046732116699214,71.0,61.03,64.6
QQQ,2026-08-20,2026-09-04,C,655.0,22,4,0.4124814611816406,61.25,60.11,63.82
QQQ,2026-08-20,2026-09-04,C,656.0,6,2,0.40192248474121095,44.59,58.96,62.64
QQQ,2026-08-20,2026-09-04,C,657.0,13,0,0.39856558471679693,77.87,58.0,61.69
QQQ,2026-08-20,2026-09-04,C,658.0,6,1,0.39453730468750003,62.85,57.02,60.72
QQQ,2026-08-20,2026-09-04,C,659.0,9,2,0.3404606970214844,42.36,56.07,58.22
QQQ,2026-08-20,2026-09-04,C,660.0,68,2,0.33588310607910155,55.11,55.1,57.22
QQQ,2026-08-20,2026-09-04,C,661.0,30,1,0.33374689697265625,59.89,54.15,56.29
QQQ,2026-08-20,2026-09-04,C,662.0,25,15,0.37293107543945314,58.92,53.17,56.66
QQQ,2026-08-20,2026-09-04,C,663.0,31,1,0.3299017205810546,73.53,52.28,54.45
QQQ,2026-08-20,2026-09-04,C,664.0,16,1,0.3711000390625,59.33,51.27,54.94
QQQ,2026-08-20,2026-09-04,C,665.0,34,2,0.36804831176757813,65.87,50.37,54.01
QQQ,2026-08-20,2026-09-04,C,666.0,29,1,0.315863775024414,57.4,49.36,51.45
QQQ,2026-08-20,2026-09-04,C,667.0,28,1,0.3562076098632812,61.18,48.39,51.95
QQQ,2026-08-20,2026-09-04,C,668.0,21,1,0.3563907135009765,53.02,47.44,51.14
QQQ,2026-08-20,2026-09-04,C,669.0,45,1,0.307074800415039,53.21,46.49,48.62
QQQ,2026-08-20,2026-09-04,C,670.0,104,1,0.30475548767089844,47.02,45.55,47.7
QQQ,2026-08-20,2026-09-04,C,671.0,69,1,0.3023751403808594,48.13,44.61,46.78
QQQ,2026-08-20,2026-09-04,C,672.0,43,1,0.30225307128906254,48.6,45.12,45.94
QQQ,2026-08-20,2026-09-04,C,673.0,54,23,0.29651582397460935,31.51,42.74,44.91
QQQ,2026-08-20,2026-09-04,C,674.0,28,38,0.2947458221435546,45.95,43.15,44.02
QQQ,2026-08-20,2026-09-04,C,675.0,864,8,0.2892527130126953,47.0,42.3,43.0
QQQ,2026-08-20,2026-09-04,C,676.0,38,1,0.28900857482910147,39.67,41.52,42.17
QQQ,2026-08-20,2026-09-04,C,677.0,31,2,0.29431858032226554,37.94,40.82,41.55
QQQ,2026-08-20,2026-09-04,C,678.0,131,5,0.28330184478759757,36.52,39.61,40.33
QQQ,2026-08-20,2026-09-04,C,679.0,63,2,0.2779613220214844,36.51,38.7,39.32
QQQ,2026-08-20,2026-09-04,C,680.0,890,6,0.28195908477783205,36.0,37.89,38.67
QQQ,2026-08-20,2026-09-04,C,681.0,52,3,0.27497062927246096,34.02,36.96,37.6
QQQ,2026-08-20,2026-09-04,C,682.0,83,1,0.2763133892822265,39.47,36.3,36.86
QQQ,2026-08-20,2026-09-04,C,683.0,90,2,0.2685009674072265,31.45,33.57,35.76
QQQ,2026-08-20,2026-09-04,C,684.0,25,1,0.2674023455810547,49.51,32.68,34.93
QQQ,2026-08-20,2026-09-04,C,685.0,107,9,0.2651440673828125,31.51,33.47,34.06
QQQ,2026-08-20,2026-09-04,C,686.0,34,1,0.2580640600585938,37.29,30.93,32.99
QQQ,2026-08-20,2026-09-04,C,687.0,55,1,0.257819921875,29.65,30.04,32.21
QQQ,2026-08-20,2026-09-04,C,688.0,102,1,0.25345595184326175,30.04,29.2,31.26
QQQ,2026-08-20,2026-09-04,C,689.0,28,1,0.2567213000488281,27.74,28.37,30.65
QQQ,2026-08-20,2026-09-04,C,690.0,238,24,0.25107560455322264,27.07,28.88,29.65
QQQ,2026-08-20,2026-09-04,C,691.0,95,1,0.2486647399902344,43.16,26.61,28.8
QQQ,2026-08-20,2026-09-04,C,692.0,95,18,0.24485008087158205,24.25,27.27,27.89
QQQ,2026-08-20,2026-09-04,C,693.0,100,56,0.24539939178466796,23.47,26.45,27.19
QQQ,2026-08-20,2026-09-04,C,694.0,70,30,0.24073024902343748,23.1,25.56,26.25
QQQ,2026-08-20,2026-09-04,C,695.0,500,10,0.2423781817626953,23.86,24.82,25.62
QQQ,2026-08-20,2026-09-04,C,696.0,240,90,0.23749541809082028,22.46,24.0,24.68
QQQ,2026-08-20,2026-09-04,C,697.0,101,176,0.2357559335327148,21.97,23.28,23.9
QQQ,2026-08-20,2026-09-04,C,698.0,53,44,0.231452998046875,20.15,22.52,23.0
QQQ,2026-08-20,2026-09-04,C,699.0,125,113,0.2307816180419922,19.18,21.56,22.29
QQQ,2026-08-20,2026-09-04,C,700.0,706,130,0.23300937896728519,20.59,21.06,21.74
QQQ,2026-08-20,2026-09-04,C,701.0,231,146,0.22830971893310548,18.13,20.3,20.84
QQQ,2026-08-20,2026-09-04,C,702.0,128,55,0.22632609619140626,17.46,19.41,20.09
QQQ,2026-08-20,2026-09-04,C,703.0,120,110,0.22473919799804684,16.47,18.92,19.37
QQQ,2026-08-20,2026-09-04,C,704.0,581,1,0.21891039886474606,15.51,17.99,18.43
QQQ,2026-08-20,2026-09-04,C,705.0,383,37,0.21189142608642575,17.0,17.34,17.43
QQQ,2026-08-20,2026-09-04,C,706.0,307,30,0.21274590972900392,15.03,16.77,16.87
QQQ,2026-08-20,2026-09-04,C,707.0,398,8,0.2106402178955078,13.61,16.07,16.16
QQQ,2026-08-20,2026-09-04,C,708.0,490,118,0.20890073333740228,13.71,15.38,15.48
QQQ,2026-08-20,2026-09-04,C,709.0,463,39,0.20551331604003903,12.98,14.61,14.72
QQQ,2026-08-20,2026-09-04,C,710.0,437,891,0.20563538513183593,14.05,14.09,14.17
QQQ,2026-08-20,2026-09-04,C,711.0,1160,92,0.20432314239501947,12.66,13.45,13.55
QQQ,2026-08-20,2026-09-04,C,712.0,544,204,0.20191227783203125,12.85,12.78,12.88
QQQ,2026-08-20,2026-09-04,C,713.0,703,184,0.20117986328124998,12.2,12.22,12.32
QQQ,2026-08-20,2026-09-04,C,714.0,192,36,0.19968451690673827,11.62,11.65,11.73
QQQ,2026-08-20,2026-09-04,C,715.0,612,472,0.19779244598388673,11.02,11.07,11.13
QQQ,2026-08-20,2026-09-04,C,716.0,407,30,0.19599192687988282,10.29,10.46,10.55
QQQ,2026-08-20,2026-09-04,C,717.0,531,23,0.19516796051025392,8.35,9.96,10.04
QQQ,2026-08-20,2026-09-04,C,718.0,253,14,0.19358106231689454,9.23,9.43,9.5
QQQ,2026-08-20,2026-09-04,C,719.0,390,22,0.19208571594238283,8.89,8.92,8.98
QQQ,2026-08-20,2026-09-04,C,720.0,1415,441,0.1892476095581055,8.39,8.4,8.4
QQQ,2026-08-20,2026-09-04,C,721.0,1077,22,0.1887898504638672,7.35,7.9,7.97
QQQ,2026-08-20,2026-09-04,C,722.0,528,41,0.18827105682373046,7.35,7.49,7.55
QQQ,2026-08-20,2026-09-04,C,723.0,772,45,0.18659260681152345,7.13,7.01,7.08
QQQ,2026-08-20,2026-09-04,C,724.0,211,19,0.18552450225830075,6.0,6.61,6.66
QQQ,2026-08-20,2026-09-04,C,725.0,1204,286,0.18418174224853517,6.21,6.18,6.24
QQQ,2026-08-20,2026-09-04,C,726.0,716,102,0.1821370849609375,5.83,5.74,5.8
QQQ,2026-08-20,2026-09-04,C,727.0,327,10,0.18134363586425778,4.71,5.38,5.44
QQQ,2026-08-20,2026-09-04,C,728.0,835,47,0.1806417385864258,5.0,5.04,5.1
QQQ,2026-08-20,2026-09-04,C,729.0,794,7,0.1790548403930664,4.5,4.68,4.73
QQQ,2026-08-20,2026-09-04,C,730.0,2999,292,0.17878018493652342,4.45,4.39,4.44
QQQ,2026-08-20,2026-09-04,C,731.0,1086,48,0.17780363220214845,4.11,4.07,4.13
QQQ,2026-08-20,2026-09-04,C,732.0,409,49,0.17670501037597658,3.26,3.78,3.83
QQQ,2026-08-20,2026-09-04,C,733.0,655,35,0.1763998376464844,3.55,3.52,3.58
QQQ,2026-08-20,2026-09-04,C,734.0,477,236,0.1756063885498047,3.35,3.26,3.32
QQQ,2026-08-20,2026-09-04,C,735.0,27372,262,0.17426362854003907,3.05,3.01,3.05
QQQ,2026-08-20,2026-09-04,C,736.0,478,21,0.1735312139892578,2.73,2.77,2.82
QQQ,2026-08-20,2026-09-04,C,737.0,449,36,0.17322604125976562,2.42,2.58,2.62
QQQ,2026-08-20,2026-09-04,C,738.0,279,54,0.17212741943359378,1.99,2.36,2.4
QQQ,2026-08-20,2026-09-04,C,739.0,204,30,0.1714865567016602,2.2,2.17,2.21
QQQ,2026-08-20,2026-09-04,C,740.0,1956,132,0.17078465942382814,2.07,1.99,2.03
QQQ,2026-08-20,2026-09-04,C,741.0,581,27,0.1706625903320313,1.69,1.84,1.88
QQQ,2026-08-20,2026-09-04,C,742.0,347,24,0.17029638305664066,1.7,1.69,1.73
QQQ,2026-08-20,2026-09-04,C,743.0,312,91,0.1695639685058594,1.27,1.54,1.58
QQQ,2026-08-20,2026-09-04,C,744.0,189,44,0.1695639685058594,1.14,1.42,1.46
QQQ,2026-08-20,2026-09-04,C,745.0,1079,213,0.168526381225586,1.3,1.29,1.32
QQQ,2026-08-20,2026-09-04,C,746.0,349,34,0.16828224304199224,1.2,1.17,1.21
QQQ,2026-08-20,2026-09-04,C,747.0,220,15,0.16773293212890628,1.07,1.08,1.1
QQQ,2026-08-20,2026-09-04,C,748.0,1094,24,0.1676108630371094,0.8,0.98,1.01
QQQ,2026-08-20,2026-09-04,C,749.0,337,69,0.16730569030761722,0.75,0.9,0.92
QQQ,2026-08-20,2026-09-04,C,750.0,4452,159,0.16663431030273443,0.84,0.81,0.83
QQQ,2026-08-20,2026-09-04,C,751.0,171,53,0.16663431030273443,0.61,0.74,0.76
QQQ,2026-08-20,2026-09-04,C,752.0,410,9,0.16639017211914067,0.56,0.68,0.69
QQQ,2026-08-20,2026-09-04,C,753.0,328,30,0.16639017211914067,0.5,0.62,0.63
QQQ,2026-08-20,2026-09-04,C,754.0,237,38,0.16724465576171876,0.47,0.57,0.59
QQQ,2026-08-20,2026-09-04,C,755.0,1348,264,0.16797707031250003,0.41,0.53,0.55
QQQ,2026-08-20,2026-09-04,C,756.0,352,17,0.16724465576171876,0.39,0.47,0.49
QQQ,2026-08-20,2026-09-04,C,757.0,331,9,0.1667563793945313,0.35,0.43,0.44
QQQ,2026-08-20,2026-09-04,C,758.0,147,7,0.1667563793945313,0.37,0.38,0.4
QQQ,2026-08-20,2026-09-04,C,759.0,128,13,0.16895362304687503,0.38,0.37,0.39
QQQ,2026-08-20,2026-09-04,C,760.0,708,395,0.16858741577148442,0.32,0.32,0.35
QQQ,2026-08-20,2026-09-04,C,761.0,534,68,0.16883155395507815,0.32,0.29,0.32
QQQ,2026-08-20,2026-09-04,C,762.0,257,18,0.16883155395507815,0.28,0.28,0.29
QQQ,2026-08-20,2026-09-04,C,763.0,191,10,0.1706625903320313,0.23,0.26,0.28
QQQ,2026-08-20,2026-09-04,C,764.0,268,2,0.17017431396484378,0.2,0.23,0.25
QQQ,2026-08-20,2026-09-04,C,765.0,1589,41,0.1706625903320313,0.19,0.21,0.23
QQQ,2026-08-20,2026-09-04,C,766.0,245,16,0.17212741943359378,0.16,0.19,0.22
QQQ,2026-08-20,2026-09-04,C,767.0,267,1,0.17237155761718753,0.16,0.17,0.2
QQQ,2026-08-20,2026-09-04,C,768.0,219,7,0.17359224853515626,0.15,0.16,0.19
QQQ,2026-08-20,2026-09-04,C,769.0,194,103,0.174812939453125,0.17,0.16,0.18
QQQ,2026-08-20,2026-09-04,C,770.0,3061,97,0.17432466308593753,0.11,0.15,0.16
QQQ,2026-08-20,2026-09-04,C,771.0,118,7,0.1753012158203125,0.19,0.12,0.15
QQQ,2026-08-20,2026-09-04,C,772.0,104,2,0.17774259765625,0.12,0.12,0.15
QQQ,2026-08-20,2026-09-04,C,773.0,133,3,0.178719150390625,0.1,0.11,0.14
QQQ,2026-08-20,2026-09-04,C,774.0,137,28,0.17920742675781248,0.11,0.11,0.13
QQQ,2026-08-20,2026-09-04,C,775.0,408,46,0.179695703125,0.1,0.1,0.12
QQQ,2026-08-20,2026-09-04,C,776.0,131,13,0.1821370849609375,0.08,0.09,0.12
QQQ,2026-08-20,2026-09-04,C,777.0,271,12,0.18262536132812499,0.09,0.09,0.11
QQQ,2026-08-20,2026-09-04,C,778.0,212,1,0.18262536132812499,0.17,0.08,0.1
QQQ,2026-08-20,2026-09-04,C,779.0,53,2,0.18506674316406246,0.08,0.08,0.1
QQQ,2026-08-20,2026-09-04,C,780.0,3261,11,0.18506674316406246,0.07,0.07,0.09
QQQ,2026-08-20,2026-09-04,C,781.0,131,10,0.1870198486328125,0.1,0.07,0.09
QQQ,2026-08-20,2026-09-04,C,782.0,97,4,0.18946123046875002,0.1,0.06,0.09
QQQ,2026-08-20,2026-09-04,C,783.0,73,1,0.1889729541015625,0.17,0.06,0.08
QQQ,2026-08-20,2026-09-04,C,784.0,88,1,0.1914143359375,0.05,0.06,0.08
QQQ,2026-08-20,2026-09-04,C,785.0,267,32,0.19043778320312502,0.06,0.05,0.07
QQQ,2026-08-20,2026-09-04,C,786.0,50,5,0.1928791650390625,0.08,0.05,0.07
QQQ,2026-08-20,2026-09-04,C,787.0,95,1,0.195320546875,0.45,0.04,0.07
QQQ,2026-08-20,2026-09-04,C,788.0,24,1,0.19727365234375,0.05,0.04,0.07
QQQ,2026-08-20,2026-09-04,C,789.0,98,5,0.196297099609375,0.09,0.04,0.06
QQQ,2026-08-20,2026-09-04,C,790.0,225,2,0.198250205078125,0.04,0.04,0.06
QQQ,2026-08-20,2026-09-04,C,791.0,87,3,0.20020331054687499,0.06,0.04,0.06
QQQ,2026-08-20,2026-09-04,C,792.0,176,3,0.20264469238281246,0.05,0.03,0.06
QQQ,2026-08-20,2026-09-04,C,793.0,7,4,0.20508607421874997,0.66,0.03,0.06
QQQ,2026-08-20,2026-09-04,C,794.0,730,21,0.20313296874999998,0.56,0.03,0.05
QQQ,2026-08-20,2026-09-04,C,795.0,174,30,0.20508607421874997,0.02,0.03,0.05
QQQ,2026-08-20,2026-09-04,C,796.0,131,11,0.20703917968749996,0.5,0.03,0.05
QQQ,2026-08-20,2026-09-04,C,797.0,88,5,0.20899228515624996,0.19,0.03,0.05
QQQ,2026-08-20,2026-09-04,C,798.0,320,35,0.21094539062499998,0.81,0.02,0.05
QQQ,2026-08-20,2026-09-04,C,799.0,188,1,0.213875048828125,0.36,0.02,0.05
QQQ,2026-08-20,2026-09-04,C,800.0,356,1,0.215828154296875,0.03,0.02,0.05
QQQ,2026-08-20,2026-09-04,C,801.0,108,2,0.21289849609375,0.79,0.03,0.04
QQQ,2026-08-20,2026-09-04,C,802.0,140,1,0.2148516015625,0.34,0.02,0.04
QQQ,2026-08-20,2026-09-04,C,803.0,53,1,0.21680470703125,0.05,0.02,0.04
QQQ,2026-08-20,2026-09-04,C,804.0,298,1,0.21875781249999998,0.21,0.02,0.04
QQQ,2026-08-20,2026-09-04,C,805.0,189,42,0.22071091796874998,0.04,0.02,0.04
QQQ,2026-08-20,2026-09-04,C,806.0,176,4,0.22266402343749997,0.04,0.02,0.04
QQQ,2026-08-20,2026-09-04,C,807.0,20,10,0.22461712890624996,0.38,0.01,0.04
QQQ,2026-08-20,2026-09-04,C,808.0,389,10,0.22657023437499998,0.03,0.01,0.04
QQQ,2026-08-20,2026-09-04,C,809.0,150,4,0.22852333984375,0.23,0.01,0.04
QQQ,2026-08-20,2026-09-04,C,810.0,467,1,0.2304764453125,0.05,0.01,0.04
QQQ,2026-08-20,2026-09-04,C,811.0,22,1,0.23242955078125,0.08,0.01,0.04
QQQ,2026-08-20,2026-09-04,C,812.0,11,5,0.23535920898437498,0.2,0.01,0.04
QQQ,2026-08-20,2026-09-04,C,813.0,21,1,0.23731231445312498,0.09,0.01,0.04
QQQ,2026-08-20,2026-09-04,C,814.0,1,0,0.23926541992187497,0.84,0.01,0.04
QQQ,2026-08-20,2026-09-04,C,815.0,12,1,0.241218525390625,0.03,0.01,0.04
QQQ,2026-08-20,2026-09-04,C,816.0,13,1,0.243171630859375,0.18,0.01,0.04
QQQ,2026-08-20,2026-09-04,C,817.0,6,2,0.245124736328125,0.28,0.01,0.04
QQQ,2026-08-20,2026-09-04,C,818.0,7,1,0.247077841796875,0.03,0.01,0.04
QQQ,2026-08-20,2026-09-04,C,819.0,1,0,0.249030947265625,0.64,0.01,0.04
QQQ,2026-08-20,2026-09-04,C,820.0,63,1,0.25098405273437496,0.01,0.01,0.04
QQQ,2026-08-20,2026-09-04,C,825.0,72,10,0.25391371093750004,0.14,0.01,0.03
QQQ,2026-08-20,2026-09-04,C,830.0,176,1,0.26367923828125,0.03,0.0,0.03
QQQ,2026-08-20,2026-09-04,C,835.0,25,1,0.27246821289062495,0.01,0.0,0.03
QQQ,2026-08-20,2026-09-04,C,840.0,4,1,0.28125718749999995,0.11,0.0,0.03
QQQ,2026-08-20,2026-09-04,C,845.0,21,1,0.2910227148437499,0.06,0.0,0.03
QQQ,2026-08-20,2026-09-04,C,850.0,26,2,0.3007882421875,0.03,0.0,0.03
QQQ,2026-08-20,2026-09-04,C,860.0,17,1,0.31836619140624994,0.04,0.0,0.03
QQQ,2026-08-20,2026-09-04,C,870.0,57,3,0.335944140625,0.05,0.0,0.03
QQQ,2026-08-20,2026-09-04,C,880.0,6,8,0.35352208984374994,0.04,0.0,0.03
QQQ,2026-08-20,2026-09-04,C,890.0,303,2,0.3711000390625,0.17,0.0,0.03
QQQ,2026-08-20,2026-09-04,C,895.0,904,3,0.3789124609375,0.03,0.0,0.03
QQQ,2026-08-20,2026-09-04,C,900.0,4,1,0.37500625,0.06,0.0,0.02
QQQ,2026-08-20,2026-09-04,C,920.0,4,1,0.4062559375,0.03,0.0,0.02
QQQ,2026-08-20,2026-09-04,C,930.0,3,0,0.42188078125,0.08,0.0,0.02
QQQ,2026-08-20,2026-09-04,C,940.0,1,0,0.437505625,0.05,0.0,0.02
QQQ,2026-08-20,2026-09-04,C,945.0,281,1,0.445318046875,0.04,0.0,0.02
QQQ,2026-08-20,2026-09-04,C,950.0,21,0,0.45313046875,0.03,0.0,0.02
QQQ,2026-08-20,2026-09-04,P,400.0,1264,2,0.9179695703125,0.03,0.01,0.04
QQQ,2026-08-20,2026-09-04,P,405.0,706,1,0.8984385156249999,0.05,0.01,0.04
QQQ,2026-08-20,2026-09-04,P,415.0,10,3,0.8632826171875,0.04,0.01,0.04
QQQ,2026-08-20,2026-09-04,P,420.0,16,5,0.8437515624999999,0.02,0.01,0.04
QQQ,2026-08-20,2026-09-04,P,425.0,37,4,0.8125018749999999,0.03,0.01,0.03
QQQ,2026-08-20,2026-09-04,P,430.0,1,1,0.8203142968749999,0.06,0.02,0.04
QQQ,2026-08-20,2026-09-04,P,435.0,1,0,0.8164080859374999,0.33,0.02,0.05
QQQ,2026-08-20,2026-09-04,P,440.0,2,0,0.79687703125,0.17,0.02,0.05
QQQ,2026-08-20,2026-09-04,P,450.0,21,5,0.7617211328125001,0.04,0.02,0.05
QQQ,2026-08-20,2026-09-04,P,455.0,12,1,0.7460962890625,0.03,0.02,0.05
QQQ,2026-08-20,2026-09-04,P,460.0,265,211,0.7382838671874999,0.03,0.03,0.05
QQQ,2026-08-20,2026-09-04,P,465.0,23,1,0.7226590234375,0.03,0.03,0.05
QQQ,2026-08-20,2026-09-04,P,470.0,370,1,0.710940390625,0.03,0.03,0.06
QQQ,2026-08-20,2026-09-04,P,475.0,78,2,0.6953155468750001,0.03,0.03,0.06
QQQ,2026-08-20,2026-09-04,P,480.0,43,1,0.6796907031250001,0.04,0.03,0.06
QQQ,2026-08-20,2026-09-04,P,485.0,72,2,0.6679720703125002,0.08,0.04,0.06
QQQ,2026-08-20,2026-09-04,P,490.0,68,1,0.65820654296875,0.15,0.04,0.07
QQQ,2026-08-20,2026-09-04,P,495.0,78,1,0.6425816992187501,0.06,0.04,0.07
QQQ,2026-08-20,2026-09-04,P,500.0,253,1,0.6250037500000001,0.07,0.04,0.07
QQQ,2026-08-20,2026-09-04,P,505.0,344,86,0.6093789062500001,0.2,0.04,0.07
QQQ,2026-08-20,2026-09-04,P,510.0,61,1,0.6035195898437502,0.08,0.05,0.08
QQQ,2026-08-20,2026-09-04,P,515.0,60,22,0.58789474609375,0.23,0.05,0.08
QQQ,2026-08-20,2026-09-04,P,520.0,268,1,0.5712933496093751,0.09,0.05,0.08
QQQ,2026-08-20,2026-09-04,P,525.0,150,5,0.5634809277343751,0.15,0.06,0.09
QQQ,2026-08-20,2026-09-04,P,530.0,224,2,0.5478560839843751,0.09,0.06,0.09
QQQ,2026-08-20,2026-09-04,P,535.0,29,2,0.5351608984375,0.11,0.07,0.09
QQQ,2026-08-20,2026-09-04,P,540.0,207,58,0.523442265625,0.09,0.07,0.1
QQQ,2026-08-20,2026-09-04,P,545.0,146,117,0.5107470800781251,0.1,0.08,0.1
QQQ,2026-08-20,2026-09-04,P,550.0,161,10,0.50586431640625,0.1,0.08,0.11
QQQ,2026-08-20,2026-09-04,P,555.0,187,11,0.495122236328125,0.12,0.09,0.12
QQQ,2026-08-20,2026-09-04,P,560.0,105,9,0.47852083984375,0.16,0.1,0.12
QQQ,2026-08-20,2026-09-04,P,565.0,178,5,0.467778759765625,0.19,0.11,0.13
QQQ,2026-08-20,2026-09-04,P,570.0,114,12,0.4555718505859375,0.15,0.12,0.14
QQQ,2026-08-20,2026-09-04,P,575.0,228,1,0.44336494140625,0.16,0.13,0.15
QQQ,2026-08-20,2026-09-04,P,576.0,42,15,0.44385321777343745,0.16,0.13,0.16
QQQ,2026-08-20,2026-09-04,P,577.0,35,15,0.44043528320312497,0.17,0.14,0.16
QQQ,2026-08-20,2026-09-04,P,578.0,71,1,0.437505625,0.19,0.14,0.16
QQQ,2026-08-20,2026-09-04,P,579.0,6,5,0.437505625,0.43,0.14,0.17
QQQ,2026-08-20,2026-09-04,P,580.0,152,8,0.43457596679687505,0.25,0.14,0.17
QQQ,2026-08-20,2026-09-04,P,581.0,23,10,0.43115803222656257,0.23,0.14,0.17
QQQ,2026-08-20,2026-09-04,P,582.0,184,1,0.42774009765625004,0.24,0.15,0.17
QQQ,2026-08-20,2026-09-04,P,583.0,42,5,0.42774009765625004,0.74,0.15,0.18
QQQ,2026-08-20,2026-09-04,P,584.0,22,10,0.424810439453125,0.2,0.15,0.18
QQQ,2026-08-20,2026-09-04,P,585.0,148,1,0.42139250488281255,0.24,0.16,0.18
QQQ,2026-08-20,2026-09-04,P,586.0,38,6,0.41797457031249996,0.26,0.16,0.18
QQQ,2026-08-20,2026-09-04,P,587.0,98,94,0.41797457031249996,0.27,0.16,0.19
QQQ,2026-08-20,2026-09-04,P,588.0,193,67,0.4145566357421875,0.2,0.17,0.19
QQQ,2026-08-20,2026-09-04,P,589.0,35,32,0.414068359375,0.27,0.17,0.2
QQQ,2026-08-20,2026-09-04,P,590.0,238,60,0.411138701171875,0.18,0.18,0.2
QQQ,2026-08-20,2026-09-04,P,591.0,81,1,0.40772076660156253,0.65,0.18,0.2
QQQ,2026-08-20,2026-09-04,P,592.0,58,44,0.407232490234375,0.28,0.18,0.21
QQQ,2026-08-20,2026-09-04,P,593.0,48,2,0.40381455566406255,0.31,0.19,0.21
QQQ,2026-08-20,2026-09-04,P,594.0,105,1,0.40332627929687503,0.31,0.19,0.22
QQQ,2026-08-20,2026-09-04,P,595.0,249,57,0.39990834472656256,0.31,0.2,0.22
QQQ,2026-08-20,2026-09-04,P,596.0,109,4,0.39649041015625003,0.26,0.2,0.22
QQQ,2026-08-20,2026-09-04,P,597.0,168,5,0.39600213378906257,0.21,0.21,0.23
QQQ,2026-08-20,2026-09-04,P,598.0,46,6,0.39258419921875,0.31,0.21,0.23
QQQ,2026-08-20,2026-09-04,P,599.0,52,1,0.39160764648437496,0.5,0.21,0.24
QQQ,2026-08-20,2026-09-04,P,600.0,734,9,0.3881897119140625,0.24,0.22,0.24
QQQ,2026-08-20,2026-09-04,P,601.0,79,54,0.38721315917968746,0.34,0.22,0.25
QQQ,2026-08-20,2026-09-04,P,602.0,115,113,0.383795224609375,0.25,0.23,0.25
QQQ,2026-08-20,2026-09-04,P,603.0,44,3,0.38281867187499996,0.36,0.23,0.26
QQQ,2026-08-20,2026-09-04,P,604.0,50,1,0.3794007373046875,0.72,0.24,0.26
QQQ,2026-08-20,2026-09-04,P,605.0,134,2,0.37842418457031246,0.4,0.24,0.27
QQQ,2026-08-20,2026-09-04,P,606.0,46,1,0.37500625,0.37,0.25,0.27
QQQ,2026-08-20,2026-09-04,P,607.0,48,41,0.37354142089843745,0.37,0.25,0.28
QQQ,2026-08-20,2026-09-04,P,608.0,67,1,0.37036762451171873,0.42,0.26,0.28
QQQ,2026-08-20,2026-09-04,P,609.0,78,1,0.36890279541015625,0.33,0.26,0.29
QQQ,2026-08-20,2026-09-04,P,610.0,284,3,0.3657289990234375,0.29,0.27,0.29
QQQ,2026-08-20,2026-09-04,P,611.0,42,1,0.36426416992187505,0.36,0.28,0.3
QQQ,2026-08-20,2026-09-04,P,612.0,40,3,0.36255520263671875,0.47,0.28,0.31
QQQ,2026-08-20,2026-09-04,P,613.0,32,1,0.35938140625,0.45,0.29,0.31
QQQ,2026-08-20,2026-09-04,P,614.0,60,25,0.35767243896484374,0.46,0.3,0.32
QQQ,2026-08-20,2026-09-04,P,615.0,435,17,0.35596347167968745,0.45,0.3,0.33
QQQ,2026-08-20,2026-09-04,P,616.0,95,1,0.352545537109375,0.39,0.31,0.33
QQQ,2026-08-20,2026-09-04,P,617.0,99,47,0.3508365698242187,0.32,0.32,0.34
QQQ,2026-08-20,2026-09-04,P,618.0,38,15,0.3491276025390625,0.51,0.32,0.35
QQQ,2026-08-20,2026-09-04,P,619.0,26,1,0.34717449707031245,0.48,0.34,0.36
QQQ,2026-08-20,2026-09-04,P,620.0,797,5,0.3437565625,0.39,0.34,0.36
QQQ,2026-08-20,2026-09-04,P,621.0,53,1,0.34326828613281246,0.47,0.35,0.38
QQQ,2026-08-20,2026-09-04,P,622.0,16,8,0.3398503515625,0.53,0.36,0.38
QQQ,2026-08-20,2026-09-04,P,623.0,106,2,0.33789724609375,0.37,0.37,0.39
QQQ,2026-08-20,2026-09-04,P,624.0,17,1,0.335944140625,0.58,0.37,0.4
QQQ,2026-08-20,2026-09-04,P,625.0,1365,10,0.33374689697265625,0.45,0.38,0.41
QQQ,2026-08-20,2026-09-04,P,626.0,317,1,0.3305731005859375,0.64,0.39,0.41
QQQ,2026-08-20,2026-09-04,P,627.0,82,15,0.32959654785156245,0.62,0.4,0.43
QQQ,2026-08-20,2026-09-04,P,628.0,183,2,0.32617861328125,0.44,0.41,0.43
QQQ,2026-08-20,2026-09-04,P,629.0,46,5,0.32398136962890617,0.53,0.42,0.44
QQQ,2026-08-20,2026-09-04,P,630.0,1383,30,0.32300481689453114,0.51,0.43,0.46
QQQ,2026-08-20,2026-09-04,P,631.0,119,12,0.3205634350585937,0.47,0.44,0.47
QQQ,2026-08-20,2026-09-04,P,632.0,97,6,0.31836619140624994,0.59,0.46,0.48
QQQ,2026-08-20,2026-09-04,P,633.0,39,3,0.31592480957031244,0.51,0.47,0.49
QQQ,2026-08-20,2026-09-04,P,634.0,2043,34,0.3147041186523437,0.59,0.48,0.51
QQQ,2026-08-20,2026-09-04,P,635.0,584,23,0.3122627368164062,0.63,0.49,0.52
QQQ,2026-08-20,2026-09-04,P,636.0,36,34,0.3096992858886719,0.54,0.5,0.53
QQQ,2026-08-20,2026-09-04,P,637.0,96,23,0.30713583496093744,0.88,0.51,0.54
QQQ,2026-08-20,2026-09-04,P,638.0,101,16,0.305671005859375,0.56,0.53,0.56
QQQ,2026-08-20,2026-09-04,P,639.0,254,8,0.30213100219726563,0.66,0.54,0.56
QQQ,2026-08-20,2026-09-04,P,640.0,619,6,0.30054410400390624,0.71,0.56,0.58
QQQ,2026-08-20,2026-09-04,P,641.0,185,65,0.2978585839843749,0.61,0.57,0.59
QQQ,2026-08-20,2026-09-04,P,642.0,94,102,0.2970041003417968,0.7,0.59,0.62
QQQ,2026-08-20,2026-09-04,P,643.0,200,7,0.2941965112304687,0.65,0.6,0.63
QQQ,2026-08-20,2026-09-04,P,644.0,54,15,0.2923654748535155,0.66,0.62,0.65
QQQ,2026-08-20,2026-09-04,P,645.0,535,9,0.28955788574218744,0.8,0.63,0.66
QQQ,2026-08-20,2026-09-04,P,646.0,63,5,0.2884592639160155,0.78,0.66,0.69
QQQ,2026-08-20,2026-09-04,P,647.0,72,8,0.28565167480468745,0.8,0.68,0.7
QQQ,2026-08-20,2026-09-04,P,648.0,119,4,0.2834544311523437,0.85,0.7,0.72
QQQ,2026-08-20,2026-09-04,P,649.0,114,20,0.28137925659179686,0.92,0.72,0.74
QQQ,2026-08-20,2026-09-04,P,650.0,1918,21,0.2791820129394531,0.77,0.74,0.76
QQQ,2026-08-20,2026-09-04,P,651.0,117,31,0.2775951147460937,0.95,0.77,0.79
QQQ,2026-08-20,2026-09-04,P,652.0,105,10,0.27466545654296876,1.0,0.79,0.8
QQQ,2026-08-20,2026-09-04,P,653.0,108,7,0.27295648925781246,0.95,0.82,0.83
QQQ,2026-08-20,2026-09-04,P,654.0,53,36,0.270515107421875,1.41,0.84,0.85
QQQ,2026-08-20,2026-09-04,P,655.0,576,10,0.2688061401367187,1.17,0.87,0.88
QQQ,2026-08-20,2026-09-04,P,656.0,188,51,0.2668530346679688,0.95,0.9,0.91
QQQ,2026-08-20,2026-09-04,P,657.0,76,1,0.26489992919921873,1.18,0.93,0.94
QQQ,2026-08-20,2026-09-04,P,658.0,63,9,0.2617261328125,0.99,0.94,0.95
QQQ,2026-08-20,2026-09-04,P,659.0,151,10,0.260749580078125,0.99,0.98,1.0
QQQ,2026-08-20,2026-09-04,P,660.0,2134,110,0.25867440551757814,1.06,1.01,1.03
QQQ,2026-08-20,2026-09-04,P,661.0,161,1,0.25586681640625003,1.16,1.03,1.05
QQQ,2026-08-20,2026-09-04,P,662.0,227,3,0.2546461254882813,1.13,1.09,1.1
QQQ,2026-08-20,2026-09-04,P,663.0,111,19,0.2528150891113281,1.31,1.13,1.14
QQQ,2026-08-20,2026-09-04,P,664.0,117,28,0.251411294555664,1.61,1.16,1.19
QQQ,2026-08-20,2026-09-04,P,665.0,1640,90,0.24890887817382812,1.22,1.21,1.22
QQQ,2026-08-20,2026-09-04,P,666.0,176,3,0.24732197998046873,1.71,1.24,1.27
QQQ,2026-08-20,2026-09-04,P,667.0,210,19,0.245124736328125,1.43,1.29,1.31
QQQ,2026-08-20,2026-09-04,P,668.0,131,33,0.24378197631835938,1.49,1.34,1.37
QQQ,2026-08-20,2026-09-04,P,669.0,377,11,0.24146266357421875,1.77,1.39,1.41
QQQ,2026-08-20,2026-09-04,P,670.0,3620,97,0.2395095581054687,1.45,1.44,1.46
QQQ,2026-08-20,2026-09-04,P,671.0,98,19,0.23780059082031246,1.66,1.49,1.52
QQQ,2026-08-20,2026-09-04,P,672.0,233,3,0.23645783081054686,1.96,1.56,1.59
QQQ,2026-08-20,2026-09-04,P,673.0,107,40,0.23419955261230468,1.8,1.62,1.64
QQQ,2026-08-20,2026-09-04,P,674.0,138,57,0.2326126544189453,2.12,1.68,1.71
QQQ,2026-08-20,2026-09-04,P,675.0,3006,98,0.2312698944091797,1.77,1.77,1.79
QQQ,2026-08-20,2026-09-04,P,676.0,173,58,0.2291336853027344,2.3,1.82,1.85
QQQ,2026-08-20,2026-09-04,P,677.0,117,17,0.22718057983398435,2.0,1.9,1.92
QQQ,2026-08-20,2026-09-04,P,678.0,117,15,0.2254716125488281,2.21,1.98,2.0
QQQ,2026-08-20,2026-09-04,P,679.0,196,27,0.2243729907226562,2.1,2.06,2.1
QQQ,2026-08-20,2026-09-04,P,680.0,12374,293,0.22272505798339842,2.18,2.15,2.19
QQQ,2026-08-20,2026-09-04,P,681.0,294,54,0.22126022888183594,2.27,2.25,2.29
QQQ,2026-08-20,2026-09-04,P,682.0,105,10,0.21973436523437498,2.68,2.35,2.39
QQQ,2026-08-20,2026-09-04,P,683.0,93,7,0.21772022521972656,2.98,2.44,2.48
QQQ,2026-08-20,2026-09-04,P,684.0,990,22,0.21643849975585935,2.6,2.55,2.6
QQQ,2026-08-20,2026-09-04,P,685.0,1053,94,0.21448539428710936,2.85,2.67,2.7
QQQ,2026-08-20,2026-09-04,P,686.0,132,52,0.2132036688232422,3.05,2.79,2.83
QQQ,2026-08-20,2026-09-04,P,687.0,288,50,0.21173883972167967,3.39,2.91,2.96
QQQ,2026-08-20,2026-09-04,P,688.0,485,18,0.21039607971191404,3.37,3.05,3.1
QQQ,2026-08-20,2026-09-04,P,689.0,1493,181,0.20862607788085932,3.21,3.18,3.23
QQQ,2026-08-20,2026-09-04,P,690.0,1745,369,0.2069781451416015,3.27,3.33,3.37
QQQ,2026-08-20,2026-09-04,P,691.0,257,14,0.2049640051269531,3.52,3.46,3.5
QQQ,2026-08-20,2026-09-04,P,692.0,98,19,0.2041705560302734,4.57,3.64,3.69
QQQ,2026-08-20,2026-09-04,P,693.0,165,14,0.20273624420166014,4.33,3.81,3.86
QQQ,2026-08-20,2026-09-04,P,694.0,233,20,0.20087469055175777,4.37,3.97,4.02
QQQ,2026-08-20,2026-09-04,P,695.0,1170,206,0.19934882690429687,4.18,4.15,4.2
QQQ,2026-08-20,2026-09-04,P,696.0,202,18,0.19867744689941402,4.99,4.37,4.43
QQQ,2026-08-20,2026-09-04,P,697.0,229,19,0.19675485870361326,5.43,4.55,4.61
QQQ,2026-08-20,2026-09-04,P,698.0,300,15,0.19507640869140624,5.1,4.76,4.81
QQQ,2026-08-20,2026-09-04,P,699.0,134,15,0.19361157958984376,5.03,4.97,5.03
QQQ,2026-08-20,2026-09-04,P,700.0,5920,616,0.1925739923095703,5.24,5.22,5.28
QQQ,2026-08-20,2026-09-04,P,701.0,172,49,0.1911091632080078,5.4,5.47,5.52
QQQ,2026-08-20,2026-09-04,P,702.0,264,23,0.1894307131958008,6.46,5.7,5.76
QQQ,2026-08-20,2026-09-04,P,703.0,2617,50,0.18814898773193356,6.26,5.97,6.03
QQQ,2026-08-20,2026-09-04,P,704.0,220,72,0.18662312408447268,6.85,6.24,6.3
QQQ,2026-08-20,2026-09-04,P,705.0,1338,409,0.185280364074707,6.57,6.53,6.59
QQQ,2026-08-20,2026-09-04,P,706.0,301,54,0.18515829498291014,7.43,6.89,6.96
QQQ,2026-08-20,2026-09-04,P,707.0,660,29,0.1827779476928711,7.1,7.15,7.22
QQQ,2026-08-20,2026-09-04,P,708.0,178,65,0.18109949768066402,7.33,7.47,7.53
QQQ,2026-08-20,2026-09-04,P,709.0,207,142,0.17954311676025392,7.85,7.79,7.86
QQQ,2026-08-20,2026-09-04,P,710.0,3989,620,0.1779257012939453,8.24,8.14,8.2
QQQ,2026-08-20,2026-09-04,P,711.0,296,95,0.1769186312866211,8.81,8.51,8.59
QQQ,2026-08-20,2026-09-04,P,712.0,395,98,0.17585052673339846,9.75,8.91,8.99
QQQ,2026-08-20,2026-09-04,P,713.0,260,77,0.17343966217041018,9.35,9.25,9.33
QQQ,2026-08-20,2026-09-04,P,714.0,241,122,0.17304293762207032,9.7,9.73,9.8
QQQ,2026-08-20,2026-09-04,P,715.0,2924,144,0.1706625903320313,10.2,10.11,10.17
QQQ,2026-08-20,2026-09-04,P,716.0,635,99,0.1700522448730469,10.48,10.58,10.66
QQQ,2026-08-20,2026-09-04,P,717.0,699,43,0.16883155395507815,11.1,11.05,11.13
QQQ,2026-08-20,2026-09-04,P,718.0,1586,181,0.1669394830322266,12.64,11.5,11.58
QQQ,2026-08-20,2026-09-04,P,719.0,175,26,0.1656577575683594,14.17,12.0,12.08
QQQ,2026-08-20,2026-09-04,P,720.0,4270,384,0.16422344573974612,12.58,12.52,12.59
QQQ,2026-08-20,2026-09-04,P,721.0,277,51,0.1632163757324219,14.4,13.04,13.14
QQQ,2026-08-20,2026-09-04,P,722.0,496,27,0.16169051208496094,13.83,13.58,13.68
QQQ,2026-08-20,2026-09-04,P,723.0,349,1,0.15964585479736326,15.58,14.11,14.21
QQQ,2026-08-20,2026-09-04,P,724.0,213,2,0.16022568298339845,17.0,14.8,14.9
QQQ,2026-08-20,2026-09-04,P,725.0,1140,5,0.15711292114257813,17.38,15.31,15.41
QQQ,2026-08-20,2026-09-04,P,726.0,138,6,0.1568993002319336,15.77,15.98,16.09
QQQ,2026-08-20,2026-09-04,P,727.0,223,8,0.15436636657714847,17.31,16.57,16.67
QQQ,2026-08-20,2026-09-04,P,728.0,118,10,0.15424429748535157,21.94,17.28,17.39
QQQ,2026-08-20,2026-09-04,P,729.0,718,4,0.15174188110351564,19.75,17.9,18.01
QQQ,2026-08-20,2026-09-04,P,730.0,6744,18,0.15766223205566404,18.36,18.45,19.04
QQQ,2026-08-20,2026-09-04,P,731.0,632,9,0.18799640136718748,24.25,19.09,21.23
QQQ,2026-08-20,2026-09-04,P,732.0,179,1,0.1542748147583008,22.98,19.8,20.43
QQQ,2026-08-20,2026-09-04,P,733.0,163,21,0.15204705383300782,23.82,20.64,21.13
QQQ,2026-08-20,2026-09-04,P,734.0,95,1,0.1513146392822266,23.69,21.35,21.91
QQQ,2026-08-20,2026-09-04,P,735.0,268,30,0.14350221740722657,23.5,21.91,22.44
QQQ,2026-08-20,2026-09-04,P,736.0,372,6,0.14789670471191407,24.88,22.84,23.44
QQQ,2026-08-20,2026-09-04,P,737.0,287,17,0.18659260681152345,26.72,23.62,25.77
QQQ,2026-08-20,2026-09-04,P,738.0,116,55,0.18744709045410157,29.89,24.27,26.61
QQQ,2026-08-20,2026-09-04,P,739.0,261,1,0.18781329772949218,24.15,25.1,27.44
QQQ,2026-08-20,2026-09-04,P,740.0,173,23,0.14466187377929687,28.68,26.06,26.8
QQQ,2026-08-20,2026-09-04,P,741.0,142,252,0.18903398864746096,15.46,27.03,29.14
QQQ,2026-08-20,2026-09-04,P,742.0,140,1,0.13037979003906247,30.77,27.33,28.26
QQQ,2026-08-20,2026-09-04,P,743.0,205,2,0.14026738647460937,33.78,28.63,29.4
QQQ,2026-08-20,2026-09-04,P,744.0,9,10,0.18598226135253904,18.71,29.22,31.58
QQQ,2026-08-20,2026-09-04,P,745.0,41,2,0.13721565917968753,32.64,30.43,31.19
QQQ,2026-08-20,2026-09-04,P,746.0,69,43,0.1945270977783203,35.65,30.47,33.59
QQQ,2026-08-20,2026-09-04,P,747.0,29,2,0.19574778869628906,20.06,32.34,34.5
QQQ,2026-08-20,2026-09-04,P,748.0,20,2,0.1297694445800781,35.04,31.71,33.92
QQQ,2026-08-20,2026-09-04,P,749.0,2,1,0.12500875,32.3,32.69,34.83
QQQ,2026-08-20,2026-09-04,P,750.0,5,5,0.1307459973144531,35.97,33.59,35.86
QQQ,2026-08-20,2026-09-04,P,751.0,0,88,0.20374331420898437,23.21,34.56,38.27
QQQ,2026-08-20,2026-09-04,P,752.0,1,7,0.20179020874023437,22.32,35.52,39.11
QQQ,2026-08-20,2026-09-04,P,753.0,0,0,0.2074053869628906,33.7,36.48,40.16
QQQ,2026-08-20,2026-09-04,P,754.0,0,1,0.20655090332031245,43.25,37.45,41.04
QQQ,2026-08-20,2026-09-04,P,755.0,0,1,0.2140581524658203,24.85,38.44,42.14
QQQ,2026-08-20,2026-09-04,P,756.0,0,0,0.2161943615722656,35.89,39.43,43.1
QQQ,2026-08-20,2026-09-04,P,757.0,0,7,0.2146684979248047,37.14,40.39,43.97
QQQ,2026-08-20,2026-09-04,P,758.0,0,0,0.21741505249023438,40.05,41.36,44.95
QQQ,2026-08-20,2026-09-04,P,759.0,0,0,0.22553264709472653,38.07,42.36,46.06
QQQ,2026-08-20,2026-09-04,P,760.0,0,0,0.2287064434814453,41.2,43.33,47.05
QQQ,2026-08-20,2026-09-04,P,761.0,0,0,0.2318192053222656,42.45,44.35,48.04
QQQ,2026-08-20,2026-09-04,P,762.0,0,0,0.23023230712890624,40.36,45.34,48.92
QQQ,2026-08-20,2026-09-04,P,763.0,0,0,0.2337723107910156,41.16,46.36,49.92
QQQ,2026-08-20,2026-09-04,P,764.0,0,0,0.24195093994140626,41.93,47.35,51.03
QQQ,2026-08-20,2026-09-04,P,765.0,0,0,0.24243921630859372,44.84,48.35,51.96
QQQ,2026-08-20,2026-09-04,P,767.0,0,0,0.24878680908203127,55.0,50.31,53.95
QQQ,2026-08-20,2026-09-04,P,769.0,0,0,0.25879647460937505,47.75,52.34,56.02
QQQ,2026-08-20,2026-09-04,P,778.0,0,2,0.2884592639160155,57.14,61.36,65.01
QQQ,2026-08-20,2026-09-04,P,780.0,0,2,0.29505099487304687,69.12,63.34,67.01
QQQ,2026-08-20,2026-09-04,P,785.0,0,0,0.30713583496093744,64.9,68.34,71.93
QQQ,2026-08-20,2026-09-04,P,799.0,0,0,0.35559726440429684,85.34,82.36,86.02
QQQ,2026-08-20,2026-09-04,P,825.0,0,0,0.4317683776855469,136.53,108.35,112.01
QQQ,2026-08-20,2026-09-04,P,835.0,0,0,0.4598442687988281,111.11,118.19,122.01
QQQ,2026-08-20,2026-09-11,C,400.0,6,2,1.2165566516113282,333.79,314.28,317.64
QQQ,2026-08-20,2026-09-11,C,405.0,1,1,1.1787150439453122,328.66,309.1,312.59
QQQ,2026-08-20,2026-09-11,C,520.0,10,0,0.73437765625,214.42,194.34,197.89
QQQ,2026-08-20,2026-09-11,C,530.0,13,0,0.70898728515625,204.49,184.5,188.05
QQQ,2026-08-20,2026-09-11,C,535.0,11,0,0.6881134704589844,197.15,179.52,182.97
QQQ,2026-08-20,2026-09-11,C,560.0,10,0,0.6041299353027345,175.09,154.55,158.18
QQQ,2026-08-20,2026-09-11,C,570.0,5,5,0.5738568005371094,124.0,144.62,148.31
QQQ,2026-08-20,2026-09-11,C,580.0,10,2,0.5433395275878907,152.53,134.78,138.36
QQQ,2026-08-20,2026-09-11,C,585.0,8,0,0.5280808911132813,138.81,129.84,133.41
QQQ,2026-08-20,2026-09-11,C,590.0,20,1,0.5117236328125,132.01,124.87,128.45
QQQ,2026-08-20,2026-09-11,C,600.0,10,1,0.5522505712890625,120.67,114.87,118.54
QQQ,2026-08-20,2026-09-11,C,605.0,1,1,0.5347946911621093,116.71,109.93,113.61
QQQ,2026-08-20,2026-09-11,C,610.0,1,1,0.5131274273681641,103.23,104.99,108.56
QQQ,2026-08-20,2026-09-11,C,615.0,1,1,0.49658706542968756,98.31,100.26,103.66
QQQ,2026-08-20,2026-09-11,C,620.0,3,1,0.48828636718750007,100.3,95.34,99.03
QQQ,2026-08-20,2026-09-11,C,625.0,32,16,0.46771772521972654,87.07,90.43,94.02
QQQ,2026-08-20,2026-09-11,C,630.0,8,1,0.44836977416992185,97.14,85.46,89.05
QQQ,2026-08-20,2026-09-11,C,634.0,1,0,0.43219561950683594,98.46,81.54,85.05
QQQ,2026-08-20,2026-09-11,C,635.0,1,0,0.436529072265625,69.53,80.65,84.35
QQQ,2026-08-20,2026-09-11,C,637.0,3,2,0.4244442321777344,99.16,78.52,82.21
QQQ,2026-08-20,2026-09-11,C,638.0,2,0,0.42639733764648446,94.45,77.73,81.43
QQQ,2026-08-20,2026-09-11,C,640.0,1,1,0.4143735321044921,83.24,75.88,79.29
QQQ,2026-08-20,2026-09-11,C,642.0,2,1,0.4080259393310547,73.93,74.98,77.36
QQQ,2026-08-20,2026-09-11,C,646.0,7,1,0.3948424774169922,74.76,71.18,73.49
QQQ,2026-08-20,2026-09-11,C,647.0,11,2,0.3506534661865234,86.45,70.19,71.02
QQQ,2026-08-20,2026-09-11,C,648.0,3,3,0.3467472552490234,78.13,69.2,70.02
QQQ,2026-08-20,2026-09-11,C,650.0,15,2,0.34265794067382804,85.35,65.95,68.15
QQQ,2026-08-20,2026-09-11,C,651.0,9,21,0.33924000610351557,77.34,66.34,67.17
QQQ,2026-08-20,2026-09-11,C,652.0,12,0,0.3369817279052735,75.64,64.03,66.23
QQQ,2026-08-20,2026-09-11,C,653.0,11,0,0.3343572424316406,84.37,64.34,65.28
QQQ,2026-08-20,2026-09-11,C,654.0,6,3,0.36853658813476564,61.75,62.17,65.78
QQQ,2026-08-20,2026-09-11,C,655.0,11,6,0.3258734405517578,66.23,61.19,63.26
QQQ,2026-08-20,2026-09-11,C,656.0,7,3,0.3477238079833984,54.05,60.66,63.27
QQQ,2026-08-20,2026-09-11,C,657.0,2,1,0.32340154144287103,59.45,60.8,61.47
QQQ,2026-08-20,2026-09-11,C,659.0,15,0,0.317389638671875,67.11,58.59,59.55
QQQ,2026-08-20,2026-09-11,C,660.0,4,1,0.31354446228027344,61.74,57.88,58.56
QQQ,2026-08-20,2026-09-11,C,662.0,8,4,0.33029844512939455,55.85,55.13,57.6
QQQ,2026-08-20,2026-09-11,C,664.0,6,6,0.3035347967529296,35.11,54.13,54.82
QQQ,2026-08-20,2026-09-11,C,665.0,41,2,0.30152065673828127,51.17,53.1,53.91
QQQ,2026-08-20,2026-09-11,C,666.0,23,3,0.30225307128906254,55.4,52.12,53.12
QQQ,2026-08-20,2026-09-11,C,667.0,7,2,0.2998727239990234,37.68,51.33,52.2
QQQ,2026-08-20,2026-09-11,C,668.0,11,62,0.2967599621582031,61.1,48.98,51.25
QQQ,2026-08-20,2026-09-11,C,670.0,20,4,0.2891306439208984,46.18,48.49,49.29
QQQ,2026-08-20,2026-09-11,C,671.0,20,1,0.2898935757446288,55.8,47.78,48.52
QQQ,2026-08-20,2026-09-11,C,672.0,4,4,0.2853465020751953,56.04,46.63,47.51
QQQ,2026-08-20,2026-09-11,C,673.0,17,6,0.2827220166015625,61.26,45.78,46.59
QQQ,2026-08-20,2026-09-11,C,674.0,28,2,0.2804637384033203,32.03,45.02,45.69
QQQ,2026-08-20,2026-09-11,C,675.0,110,84,0.27957873748779294,40.25,44.22,44.86
QQQ,2026-08-20,2026-09-11,C,676.0,5,1,0.27719839019775383,53.54,43.18,43.96
QQQ,2026-08-20,2026-09-11,C,677.0,2,4,0.2905954730224609,37.87,40.82,43.86
QQQ,2026-08-20,2026-09-11,C,678.0,6,2,0.2706371765136719,39.52,39.95,42.08
QQQ,2026-08-20,2026-09-11,C,679.0,3,0,0.271064418334961,22.61,39.06,41.33
QQQ,2026-08-20,2026-09-11,C,680.0,60,1,0.2676464837646484,36.84,38.18,40.39
QQQ,2026-08-20,2026-09-11,C,681.0,27,1,0.263251996459961,36.01,37.31,39.4
QQQ,2026-08-20,2026-09-11,C,682.0,87,1,0.27887684020996095,35.68,36.44,39.48
QQQ,2026-08-20,2026-09-11,C,683.0,13,1,0.2613294082641602,40.59,35.57,37.79
QQQ,2026-08-20,2026-09-11,C,684.0,15,1,0.2606580282592773,50.68,36.09,37.01
QQQ,2026-08-20,2026-09-11,C,685.0,387,15,0.2586133709716797,34.17,35.33,36.16
QQQ,2026-08-20,2026-09-11,C,686.0,100,1,0.25525647094726567,52.63,33.01,35.24
QQQ,2026-08-20,2026-09-11,C,687.0,7,2,0.25449353912353523,34.19,33.55,34.47
QQQ,2026-08-20,2026-09-11,C,688.0,28,2,0.2508009490966796,31.01,32.8,33.54
QQQ,2026-08-20,2026-09-11,C,689.0,131,2,0.24829853271484376,30.39,32.06,32.68
QQQ,2026-08-20,2026-09-11,C,690.0,69,3,0.24607077178955078,29.62,31.2,31.84
QQQ,2026-08-20,2026-09-11,C,691.0,3,1,0.244422839050293,28.31,30.32,31.04
QQQ,2026-08-20,2026-09-11,C,692.0,5,5,0.24250025085449217,21.52,29.53,30.23
QQQ,2026-08-20,2026-09-11,C,693.0,25,15,0.24115749084472654,26.13,28.74,29.46
QQQ,2026-08-20,2026-09-11,C,694.0,15,24,0.23938748901367185,26.28,28.05,28.67
QQQ,2026-08-20,2026-09-11,C,695.0,66,22,0.23703765899658202,25.87,27.18,27.85
QQQ,2026-08-20,2026-09-11,C,696.0,24,10,0.23441317352294921,23.88,26.47,27.02
QQQ,2026-08-20,2026-09-11,C,697.0,14,10,0.23758696990966793,23.45,25.86,26.56
QQQ,2026-08-20,2026-09-11,C,698.0,29,10,0.2311173080444336,22.51,24.99,25.5
QQQ,2026-08-20,2026-09-11,C,699.0,21,10,0.22882851257324222,21.72,24.22,24.71
QQQ,2026-08-20,2026-09-11,C,700.0,865,15,0.2307816180419922,21.72,23.38,24.2
QQQ,2026-08-20,2026-09-11,C,701.0,92,20,0.22595988891601562,20.62,22.53,23.26
QQQ,2026-08-20,2026-09-11,C,702.0,50,30,0.22428143890380853,19.8,21.85,22.53
QQQ,2026-08-20,2026-09-11,C,703.0,51,20,0.21808643249511717,19.34,21.4,21.51
QQQ,2026-08-20,2026-09-11,C,704.0,35,10,0.21738453521728518,18.79,20.75,20.86
QQQ,2026-08-20,2026-09-11,C,705.0,1143,3,0.2150347052001953,17.5,20.0,20.11
QQQ,2026-08-20,2026-09-11,C,706.0,50,136,0.21302056518554688,17.29,19.28,19.39
QQQ,2026-08-20,2026-09-11,C,707.0,64,5,0.21204401245117185,16.51,18.64,18.75
QQQ,2026-08-20,2026-09-11,C,708.0,140,16,0.21006038970947266,15.93,17.95,18.05
QQQ,2026-08-20,2026-09-11,C,709.0,88,19,0.21012142425537106,15.24,17.39,17.5
QQQ,2026-08-20,2026-09-11,C,710.0,658,122,0.20771055969238278,16.7,16.69,16.79
QQQ,2026-08-20,2026-09-11,C,711.0,114,167,0.20572693695068356,16.2,16.02,16.12
QQQ,2026-08-20,2026-09-11,C,712.0,328,132,0.20432314239501947,14.06,15.4,15.5
QQQ,2026-08-20,2026-09-11,C,713.0,438,313,0.20389590057373047,15.0,14.87,14.96
QQQ,2026-08-20,2026-09-11,C,714.0,466,30,0.2020343469238281,14.2,14.23,14.33
QQQ,2026-08-20,2026-09-11,C,715.0,2008,181,0.2001727932739258,13.9,13.62,13.71
QQQ,2026-08-20,2026-09-11,C,716.0,256,46,0.19956244781494142,13.03,13.11,13.19
QQQ,2026-08-20,2026-09-11,C,717.0,119,45,0.19736520416259767,11.33,12.49,12.57
QQQ,2026-08-20,2026-09-11,C,718.0,161,27,0.1961445132446289,11.47,11.94,12.03
QQQ,2026-08-20,2026-09-11,C,719.0,1553,43,0.19489330505371094,11.28,11.42,11.5
QQQ,2026-08-20,2026-09-11,C,720.0,1356,941,0.19348951049804688,11.16,10.9,10.97
QQQ,2026-08-20,2026-09-11,C,721.0,1686,42,0.19245192321777344,9.97,10.39,10.48
QQQ,2026-08-20,2026-09-11,C,722.0,246,43,0.19214675048828128,10.15,9.98,10.05
QQQ,2026-08-20,2026-09-11,C,723.0,489,16,0.19031571411132814,9.5,9.46,9.53
QQQ,2026-08-20,2026-09-11,C,724.0,540,312,0.18964433410644532,7.5,9.03,9.1
QQQ,2026-08-20,2026-09-11,C,725.0,819,413,0.1880269186401367,8.56,8.56,8.62
QQQ,2026-08-20,2026-09-11,C,726.0,213,6,0.18744709045410157,6.63,8.16,8.22
QQQ,2026-08-20,2026-09-11,C,727.0,946,9,0.1858907095336914,6.76,7.69,7.77
QQQ,2026-08-20,2026-09-11,C,728.0,144,7,0.1844563977050781,6.47,7.27,7.34
QQQ,2026-08-20,2026-09-11,C,729.0,82,3,0.18421225952148437,5.76,6.93,7.0
QQQ,2026-08-20,2026-09-11,C,730.0,1238,143,0.183327258605957,6.0,6.56,6.63
QQQ,2026-08-20,2026-09-11,C,731.0,225,24,0.18222863677978518,5.07,6.19,6.26
QQQ,2026-08-20,2026-09-11,C,732.0,217,14,0.18158777404785154,4.54,5.86,5.93
QQQ,2026-08-20,2026-09-11,C,733.0,559,31,0.17993984130859375,5.03,5.49,5.55
QQQ,2026-08-20,2026-09-11,C,734.0,507,12,0.1785360467529297,4.45,5.14,5.2
QQQ,2026-08-20,2026-09-11,C,735.0,939,101,0.17862759857177735,5.03,4.89,4.95
QQQ,2026-08-20,2026-09-11,C,736.0,317,7,0.17731535583496094,3.84,4.58,4.63
QQQ,2026-08-20,2026-09-11,C,737.0,1470,15,0.17670501037597658,4.37,4.3,4.36
QQQ,2026-08-20,2026-09-11,C,738.0,452,21,0.1763998376464844,3.61,4.06,4.12
QQQ,2026-08-20,2026-09-11,C,739.0,292,14,0.17517914672851562,3.1,3.79,3.84
QQQ,2026-08-20,2026-09-11,C,740.0,4917,95,0.17408052490234377,3.49,3.54,3.58
QQQ,2026-08-20,2026-09-11,C,741.0,176,4,0.17377535217285156,2.9,3.32,3.37
QQQ,2026-08-20,2026-09-11,C,742.0,366,26,0.17328707580566405,2.85,3.11,3.16
QQQ,2026-08-20,2026-09-11,C,743.0,107,47,0.17255466125488284,2.55,2.9,2.95
QQQ,2026-08-20,2026-09-11,C,744.0,215,29,0.17182224670410157,2.39,2.7,2.75
QQQ,2026-08-20,2026-09-11,C,745.0,670,71,0.1715781085205078,2.48,2.54,2.58
QQQ,2026-08-20,2026-09-11,C,746.0,59,3,0.17133397033691405,2.02,2.37,2.42
QQQ,2026-08-20,2026-09-11,C,747.0,362,6,0.16996069305419925,2.08,2.18,2.22
QQQ,2026-08-20,2026-09-11,C,748.0,2626,36,0.1700522448730469,1.9,2.04,2.09
QQQ,2026-08-20,2026-09-11,C,749.0,100,56,0.16999121032714848,1.86,1.91,1.96
QQQ,2026-08-20,2026-09-11,C,750.0,5180,73,0.16950293395996097,1.79,1.78,1.82
QQQ,2026-08-20,2026-09-11,C,751.0,43,13,0.1687094848632813,1.62,1.65,1.68
QQQ,2026-08-20,2026-09-11,C,752.0,545,7,0.16864845031738285,1.5,1.53,1.57
QQQ,2026-08-20,2026-09-11,C,753.0,264,8,0.16803810485839848,1.28,1.42,1.45
QQQ,2026-08-20,2026-09-11,C,754.0,139,23,0.1682212084960938,1.11,1.33,1.36
QQQ,2026-08-20,2026-09-11,C,755.0,1148,52,0.16748879394531252,1.25,1.23,1.25
QQQ,2026-08-20,2026-09-11,C,756.0,155,8,0.1676108630371094,0.88,1.14,1.17
QQQ,2026-08-20,2026-09-11,C,757.0,943,3,0.16681741394042973,0.9,1.05,1.07
QQQ,2026-08-20,2026-09-11,C,758.0,1369,3,0.16736672485351564,0.81,0.98,1.01
QQQ,2026-08-20,2026-09-11,C,759.0,275,18,0.16736672485351564,0.7,0.91,0.94
QQQ,2026-08-20,2026-09-11,C,760.0,1379,75,0.1667563793945313,0.87,0.84,0.86
QQQ,2026-08-20,2026-09-11,C,765.0,707,199,0.1671225866699219,0.58,0.58,0.6
QQQ,2026-08-20,2026-09-11,C,770.0,1116,141,0.1680991394042969,0.38,0.41,0.42
QQQ,2026-08-20,2026-09-11,C,775.0,1161,36,0.17090672851562502,0.29,0.28,0.31
QQQ,2026-08-20,2026-09-11,C,780.0,1596,11,0.1726156958007813,0.19,0.2,0.22
QQQ,2026-08-20,2026-09-11,C,785.0,323,21,0.17652190673828128,0.13,0.14,0.17
QQQ,2026-08-20,2026-09-11,C,790.0,517,39,0.18164880859375,0.13,0.11,0.14
QQQ,2026-08-20,2026-09-11,C,795.0,245,1,0.18555501953124998,0.09,0.09,0.11
QQQ,2026-08-20,2026-09-11,C,800.0,1277,42,0.1928791650390625,0.08,0.07,0.1
QQQ,2026-08-20,2026-09-11,C,805.0,138,3,0.19678537597656248,0.07,0.06,0.08
QQQ,2026-08-20,2026-09-11,C,810.0,424,6,0.20264469238281246,0.18,0.05,0.07
QQQ,2026-08-20,2026-09-11,C,815.0,321,105,0.21094539062499998,0.05,0.04,0.07
QQQ,2026-08-20,2026-09-11,C,820.0,324,26,0.21631643066406248,0.05,0.03,0.06
QQQ,2026-08-20,2026-09-11,C,825.0,57,1,0.22461712890624996,0.14,0.03,0.06
QQQ,2026-08-20,2026-09-11,C,830.0,98,20,0.22852333984375,0.03,0.02,0.05
QQQ,2026-08-20,2026-09-11,C,835.0,152,2,0.23633576171874998,0.04,0.02,0.05
QQQ,2026-08-20,2026-09-11,C,840.0,297,1,0.245124736328125,0.03,0.01,0.05
QQQ,2026-08-20,2026-09-11,C,845.0,40,20,0.247077841796875,0.12,0.01,0.04
QQQ,2026-08-20,2026-09-11,C,850.0,157,5,0.25489026367187506,0.02,0.01,0.04
QQQ,2026-08-20,2026-09-11,C,860.0,14,1,0.2695385546875,0.04,0.01,0.04
QQQ,2026-08-20,2026-09-11,C,870.0,79,1,0.28516339843749994,0.09,0.0,0.04
QQQ,2026-08-20,2026-09-11,C,880.0,18,4,0.299811689453125,0.03,0.0,0.04
QQQ,2026-08-20,2026-09-11,C,885.0,34,4,0.29883513671874995,0.06,0.0,0.03
QQQ,2026-08-20,2026-09-11,C,890.0,1,1,0.30664755859375,0.07,0.0,0.03
QQQ,2026-08-20,2026-09-11,C,895.0,1,1,0.31250687499999996,0.06,0.0,0.03
QQQ,2026-08-20,2026-09-11,C,900.0,12,2,0.32031929687499994,0.04,0.0,0.03
QQQ,2026-08-20,2026-09-11,C,910.0,100,0,0.33399103515625,0.12,0.0,0.03
QQQ,2026-08-20,2026-09-11,C,915.0,59,2,0.34180345703125,0.03,0.0,0.03
QQQ,2026-08-20,2026-09-11,C,930.0,270,0,0.36133451171875,0.03,0.0,0.03
QQQ,2026-08-20,2026-09-11,C,935.0,12,5,0.367193828125,0.03,0.0,0.03
QQQ,2026-08-20,2026-09-11,C,940.0,310,0,0.37500625,0.03,0.0,0.03
QQQ,2026-08-20,2026-09-11,C,945.0,50,0,0.38086556640624997,0.03,0.0,0.03
QQQ,2026-08-20,2026-09-11,C,950.0,6,1,0.38672488281249995,0.01,0.0,0.03
QQQ,2026-08-20,2026-09-11,P,400.0,1118,4,0.789064609375,0.05,0.02,0.06
QQQ,2026-08-20,2026-09-11,P,405.0,203,3,0.7812521875,0.05,0.03,0.06
QQQ,2026-08-20,2026-09-11,P,415.0,12,101,0.7500025,0.03,0.03,0.06
QQQ,2026-08-20,2026-09-11,P,420.0,12,2,0.73437765625,0.07,0.03,0.06
QQQ,2026-08-20,2026-09-11,P,425.0,14,10,0.726565234375,0.05,0.03,0.07
QQQ,2026-08-20,2026-09-11,P,430.0,15,0,0.71679970703125,0.09,0.04,0.07
QQQ,2026-08-20,2026-09-11,P,440.0,5,1,0.68555001953125,0.07,0.04,0.07
QQQ,2026-08-20,2026-09-11,P,445.0,24,20,0.6757844921875001,0.11,0.04,0.08
QQQ,2026-08-20,2026-09-11,P,450.0,1,1,0.6660189648437502,0.05,0.05,0.08
QQQ,2026-08-20,2026-09-11,P,455.0,1,1,0.6523472265625001,0.09,0.05,0.08
QQQ,2026-08-20,2026-09-11,P,460.0,1,1,0.6367223828125,0.11,0.05,0.08
QQQ,2026-08-20,2026-09-11,P,465.0,1,1,0.63086306640625,0.11,0.06,0.09
QQQ,2026-08-20,2026-09-11,P,470.0,3,2,0.6171913281250001,0.09,0.06,0.09
QQQ,2026-08-20,2026-09-11,P,475.0,12,2,0.6025430371093752,0.1,0.06,0.09
QQQ,2026-08-20,2026-09-11,P,480.0,5,2,0.59570716796875,0.1,0.07,0.1
QQQ,2026-08-20,2026-09-11,P,485.0,6,3,0.5820354296875,0.08,0.07,0.1
QQQ,2026-08-20,2026-09-11,P,490.0,17,10,0.570316796875,0.09,0.07,0.11
QQQ,2026-08-20,2026-09-11,P,495.0,5,4,0.559574716796875,0.11,0.08,0.11
QQQ,2026-08-20,2026-09-11,P,500.0,47,34,0.5449264257812501,0.11,0.08,0.11
QQQ,2026-08-20,2026-09-11,P,505.0,2,1,0.5371140039062501,0.2,0.09,0.12
QQQ,2026-08-20,2026-09-11,P,510.0,263,6,0.5283250292968751,0.1,0.1,0.13
QQQ,2026-08-20,2026-09-11,P,515.0,21,1,0.514653291015625,0.13,0.1,0.13
QQQ,2026-08-20,2026-09-11,P,520.0,117,53,0.5048877636718749,0.18,0.11,0.14
QQQ,2026-08-20,2026-09-11,P,525.0,56,2,0.5014698291015626,0.16,0.12,0.15
QQQ,2026-08-20,2026-09-11,P,530.0,88,11,0.49121602539062503,0.15,0.13,0.16
QQQ,2026-08-20,2026-09-11,P,535.0,266,1,0.4804739453125,0.19,0.14,0.17
QQQ,2026-08-20,2026-09-11,P,540.0,84,2,0.46973186523437505,0.23,0.15,0.18
QQQ,2026-08-20,2026-09-11,P,545.0,281,16,0.45898978515625005,0.25,0.17,0.19
QQQ,2026-08-20,2026-09-11,P,550.0,263,30,0.4506890869140625,0.22,0.19,0.21
QQQ,2026-08-20,2026-09-11,P,555.0,112,1,0.43945873046875,0.22,0.2,0.22
QQQ,2026-08-20,2026-09-11,P,560.0,118,71,0.43018147949218755,0.33,0.22,0.24
QQQ,2026-08-20,2026-09-11,P,565.0,56,2,0.4204159521484375,0.25,0.24,0.26
QQQ,2026-08-20,2026-09-11,P,570.0,136,9,0.41260353027343744,0.31,0.26,0.29
QQQ,2026-08-20,2026-09-11,P,575.0,137,2,0.40210558837890625,0.44,0.29,0.31
QQQ,2026-08-20,2026-09-11,P,580.0,157,11,0.3930724755859375,0.45,0.32,0.34
QQQ,2026-08-20,2026-09-11,P,585.0,133,4,0.38355108642578123,0.49,0.35,0.37
QQQ,2026-08-20,2026-09-11,P,590.0,746,1,0.37354142089843745,0.43,0.38,0.4
QQQ,2026-08-20,2026-09-11,P,595.0,1168,2,0.3645083081054688,0.5,0.42,0.44
QQQ,2026-08-20,2026-09-11,P,600.0,524,3,0.35596347167968745,0.53,0.46,0.49
QQQ,2026-08-20,2026-09-11,P,605.0,239,3,0.34570966796874997,0.61,0.5,0.53
QQQ,2026-08-20,2026-09-11,P,610.0,442,156,0.3371648315429688,0.76,0.56,0.59
QQQ,2026-08-20,2026-09-11,P,615.0,989,2,0.32691102783203124,0.76,0.62,0.64
QQQ,2026-08-20,2026-09-11,P,620.0,720,6,0.3177558459472656,0.88,0.68,0.71
QQQ,2026-08-20,2026-09-11,P,625.0,530,7,0.3086006640625,0.93,0.76,0.79
QQQ,2026-08-20,2026-09-11,P,630.0,5618,112,0.29944548217773437,1.03,0.86,0.88
QQQ,2026-08-20,2026-09-11,P,631.0,115,6,0.29761444580078117,1.26,0.88,0.9
QQQ,2026-08-20,2026-09-11,P,632.0,162,1,0.2957834094238281,1.18,0.89,0.92
QQQ,2026-08-20,2026-09-11,P,633.0,33,3,0.2933420275878905,1.22,0.91,0.93
QQQ,2026-08-20,2026-09-11,P,634.0,98,1,0.2919992675781249,1.12,0.94,0.96
QQQ,2026-08-20,2026-09-11,P,635.0,322,13,0.29016823120117186,1.41,0.97,0.98
QQQ,2026-08-20,2026-09-11,P,636.0,164,1,0.2887034020996093,1.37,0.98,1.01
QQQ,2026-08-20,2026-09-11,P,637.0,76,66,0.2872385729980468,1.28,1.01,1.04
QQQ,2026-08-20,2026-09-11,P,638.0,170,9,0.28528546752929684,1.13,1.03,1.06
QQQ,2026-08-20,2026-09-11,P,639.0,5630,3,0.2836985693359374,1.35,1.06,1.09
QQQ,2026-08-20,2026-09-11,P,640.0,2383,43,0.28162339477539056,1.09,1.09,1.11
QQQ,2026-08-20,2026-09-11,P,641.0,73,32,0.2799144274902343,1.14,1.11,1.14
QQQ,2026-08-20,2026-09-11,P,642.0,66,10,0.277778218383789,1.25,1.14,1.16
QQQ,2026-08-20,2026-09-11,P,643.0,78,15,0.2760692510986328,1.28,1.17,1.19
QQQ,2026-08-20,2026-09-11,P,644.0,187,17,0.2742992492675781,1.31,1.2,1.22
QQQ,2026-08-20,2026-09-11,P,645.0,481,17,0.2725292474365234,1.35,1.23,1.25
QQQ,2026-08-20,2026-09-11,P,646.0,106,8,0.2711254528808594,1.38,1.26,1.29
QQQ,2026-08-20,2026-09-11,P,647.0,39,39,0.26972165832519535,1.42,1.3,1.33
QQQ,2026-08-20,2026-09-11,P,648.0,78,5,0.26734131103515624,1.57,1.33,1.35
QQQ,2026-08-20,2026-09-11,P,649.0,62,2,0.26581544738769536,1.53,1.37,1.39
QQQ,2026-08-20,2026-09-11,P,650.0,1486,101,0.26380130737304686,1.54,1.4,1.42
QQQ,2026-08-20,2026-09-11,P,651.0,32,1,0.26258061645507813,1.75,1.45,1.47
QQQ,2026-08-20,2026-09-11,P,652.0,196,5,0.2608716491699219,1.8,1.49,1.51
QQQ,2026-08-20,2026-09-11,P,653.0,38,13,0.25916268188476566,1.95,1.52,1.55
QQQ,2026-08-20,2026-09-11,P,654.0,495,69,0.2573316455078125,1.77,1.57,1.59
QQQ,2026-08-20,2026-09-11,P,655.0,734,138,0.25629405822753903,1.77,1.62,1.65
QQQ,2026-08-20,2026-09-11,P,656.0,93,96,0.25476819458007816,2.16,1.67,1.7
QQQ,2026-08-20,2026-09-11,P,657.0,928,99,0.25238784729003905,1.72,1.71,1.73
QQQ,2026-08-20,2026-09-11,P,658.0,75,76,0.25110612182617187,2.13,1.77,1.79
QQQ,2026-08-20,2026-09-11,P,659.0,137,18,0.24976336181640624,2.39,1.82,1.85
QQQ,2026-08-20,2026-09-11,P,660.0,1856,124,0.24768818725585937,1.88,1.87,1.89
QQQ,2026-08-20,2026-09-11,P,661.0,84,22,0.24616232360839846,2.42,1.93,1.95
QQQ,2026-08-20,2026-09-11,P,662.0,616,503,0.24463645996093752,3.07,1.99,2.01
QQQ,2026-08-20,2026-09-11,P,663.0,110,27,0.24329369995117187,2.02,2.05,2.08
QQQ,2026-08-20,2026-09-11,P,664.0,139,5,0.24195093994140626,2.68,2.12,2.15
QQQ,2026-08-20,2026-09-11,P,665.0,8200,125,0.24018093811035152,2.22,2.18,2.21
QQQ,2026-08-20,2026-09-11,P,666.0,630,24,0.2386550744628906,2.34,2.25,2.28
QQQ,2026-08-20,2026-09-11,P,667.0,55,22,0.23706817626953125,2.44,2.33,2.35
QQQ,2026-08-20,2026-09-11,P,668.0,94,1,0.23566438171386717,2.91,2.4,2.43
QQQ,2026-08-20,2026-09-11,P,669.0,132,50,0.2342300698852539,2.68,2.48,2.51
QQQ,2026-08-20,2026-09-11,P,670.0,829,40,0.23242955078125,2.61,2.55,2.58
QQQ,2026-08-20,2026-09-11,P,671.0,199,3,0.2310867907714844,3.23,2.64,2.67
QQQ,2026-08-20,2026-09-11,P,672.0,280,202,0.2296524789428711,3.75,2.72,2.76
QQQ,2026-08-20,2026-09-11,P,673.0,84,2,0.22788247711181642,2.83,2.8,2.84
QQQ,2026-08-20,2026-09-11,P,674.0,84,10,0.2268143725585937,3.16,2.91,2.95
QQQ,2026-08-20,2026-09-11,P,675.0,1131,28,0.22510540527343748,3.01,3.0,3.04
QQQ,2026-08-20,2026-09-11,P,676.0,207,2,0.22361005889892577,3.74,3.1,3.14
QQQ,2026-08-20,2026-09-11,P,677.0,243,1,0.2222367816162109,3.87,3.2,3.25
QQQ,2026-08-20,2026-09-11,P,678.0,146,3,0.22126022888183594,3.33,3.33,3.38
QQQ,2026-08-20,2026-09-11,P,679.0,478,126,0.21949022705078125,4.66,3.43,3.48
QQQ,2026-08-20,2026-09-11,P,680.0,34088,95,0.21759815612792968,3.7,3.56,3.58
QQQ,2026-08-20,2026-09-11,P,681.0,112,6,0.2169878106689453,4.59,3.69,3.74
QQQ,2026-08-20,2026-09-11,P,682.0,250,4,0.2151567742919922,4.6,3.81,3.85
QQQ,2026-08-20,2026-09-11,P,683.0,158,1,0.213875048828125,4.42,3.95,3.99
QQQ,2026-08-20,2026-09-11,P,684.0,122,1,0.21247125427246094,5.14,4.09,4.13
QQQ,2026-08-20,2026-09-11,P,685.0,627,43,0.211372632446289,4.29,4.24,4.29
QQQ,2026-08-20,2026-09-11,P,686.0,90,11,0.20960263061523435,6.05,4.37,4.42
QQQ,2026-08-20,2026-09-11,P,687.0,311,3,0.20829038787841792,5.43,4.54,4.58
QQQ,2026-08-20,2026-09-11,P,688.0,117,49,0.2074359042358398,6.68,4.7,4.77
QQQ,2026-08-20,2026-09-11,P,689.0,77,8,0.20587952331542966,5.51,4.88,4.93
QQQ,2026-08-20,2026-09-11,P,690.0,1513,170,0.20423159057617185,5.0,5.05,5.09
QQQ,2026-08-20,2026-09-11,P,691.0,130,42,0.2030414169311523,5.79,5.23,5.28
QQQ,2026-08-20,2026-09-11,P,692.0,152,36,0.20206486419677733,6.94,5.43,5.49
QQQ,2026-08-20,2026-09-11,P,693.0,115,2,0.20075262145996092,6.97,5.63,5.69
QQQ,2026-08-20,2026-09-11,P,694.0,276,7,0.19934882690429687,7.05,5.83,5.89
QQQ,2026-08-20,2026-09-11,P,695.0,9301,232,0.19782296325683596,6.1,6.03,6.09
QQQ,2026-08-20,2026-09-11,P,696.0,136,14,0.1963276168823242,6.96,6.24,6.3
QQQ,2026-08-20,2026-09-11,P,697.0,816,18,0.19571727142333983,7.2,6.5,6.57
QQQ,2026-08-20,2026-09-11,P,698.0,83,41,0.1941303732299805,7.43,6.74,6.79
QQQ,2026-08-20,2026-09-11,P,699.0,91,16,0.19303175140380857,7.7,6.98,7.05
QQQ,2026-08-20,2026-09-11,P,700.0,2439,503,0.19135330139160156,7.16,7.21,7.28
QQQ,2026-08-20,2026-09-11,P,701.0,417,78,0.18998002410888676,8.25,7.47,7.54
QQQ,2026-08-20,2026-09-11,P,702.0,74,147,0.188484677734375,8.57,7.73,7.8
QQQ,2026-08-20,2026-09-11,P,703.0,290,17,0.1873250213623047,8.85,8.03,8.09
QQQ,2026-08-20,2026-09-11,P,704.0,173,45,0.18613484771728517,9.16,8.32,8.39
QQQ,2026-08-20,2026-09-11,P,705.0,33997,267,0.18494467407226559,8.61,8.64,8.7
QQQ,2026-08-20,2026-09-11,P,706.0,281,20,0.1834493276977539,8.92,8.92,9.0
QQQ,2026-08-20,2026-09-11,P,707.0,225,29,0.18256432678222656,9.35,9.28,9.35
QQQ,2026-08-20,2026-09-11,P,708.0,181,54,0.1809011354064941,9.7,9.58,9.66
QQQ,2026-08-20,2026-09-11,P,709.0,247,24,0.17966518585205077,9.84,9.93,10.01
QQQ,2026-08-20,2026-09-11,P,710.0,3103,370,0.17841397766113282,10.39,10.31,10.37
QQQ,2026-08-20,2026-09-11,P,711.0,221,49,0.1769796658325195,11.69,10.66,10.73
QQQ,2026-08-20,2026-09-11,P,712.0,155,134,0.1762472512817383,11.74,11.07,11.15
QQQ,2026-08-20,2026-09-11,P,713.0,265,21,0.1744772494506836,11.99,11.43,11.51
QQQ,2026-08-20,2026-09-11,P,714.0,422,27,0.17350069671630858,11.92,11.86,11.94
QQQ,2026-08-20,2026-09-11,P,715.0,1883,123,0.17163914306640626,12.21,12.24,12.32
QQQ,2026-08-20,2026-09-11,P,716.0,231,171,0.17017431396484378,12.76,12.65,12.74
QQQ,2026-08-20,2026-09-11,P,717.0,390,60,0.16880103668212892,14.37,13.1,13.18
QQQ,2026-08-20,2026-09-11,P,718.0,420,214,0.1682212084960938,14.38,13.62,13.69
QQQ,2026-08-20,2026-09-11,P,719.0,315,138,0.16672586212158208,13.96,14.05,14.15
QQQ,2026-08-20,2026-09-11,P,720.0,821,386,0.165322067565918,14.64,14.55,14.63
QQQ,2026-08-20,2026-09-11,P,721.0,137,30,0.16458965301513673,17.11,15.09,15.17
QQQ,2026-08-20,2026-09-11,P,722.0,219,9,0.16275861663818358,15.51,15.56,15.65
QQQ,2026-08-20,2026-09-11,P,723.0,86,41,0.16172102935791016,15.98,16.1,16.2
QQQ,2026-08-20,2026-09-11,P,724.0,254,3,0.1609275802612305,19.51,16.68,16.78
QQQ,2026-08-20,2026-09-11,P,725.0,525,4,0.15961533752441404,19.8,17.25,17.34
QQQ,2026-08-20,2026-09-11,P,726.0,86,8,0.1579063702392578,20.71,17.78,17.89
QQQ,2026-08-20,2026-09-11,P,727.0,55,2,0.1570518865966797,20.99,18.39,18.51
QQQ,2026-08-20,2026-09-11,P,728.0,212,6,0.15549550567626952,22.33,18.99,19.1
QQQ,2026-08-20,2026-09-11,P,729.0,125,1,0.15351188293457033,22.44,19.57,19.68
QQQ,2026-08-20,2026-09-11,P,730.0,549,15,0.15436636657714847,20.02,20.33,20.45
QQQ,2026-08-20,2026-09-11,P,731.0,394,7,0.15152826019287113,25.56,20.9,21.01
QQQ,2026-08-20,2026-09-11,P,732.0,109,1,0.15021601745605473,24.69,21.56,21.68
QQQ,2026-08-20,2026-09-11,P,733.0,118,5,0.1486596365356445,24.56,22.24,22.35
QQQ,2026-08-20,2026-09-11,P,734.0,627,5,0.15323722747802737,24.58,22.74,23.37
QQQ,2026-08-20,2026-09-11,P,735.0,108,5,0.15107050109863285,25.2,23.54,24.03
QQQ,2026-08-20,2026-09-11,P,736.0,8,3,0.15070429382324224,21.25,24.23,24.8
QQQ,2026-08-20,2026-09-11,P,737.0,11,4,0.1513146392822266,29.41,24.98,25.63
QQQ,2026-08-20,2026-09-11,P,738.0,18,1,0.14902584381103517,15.06,25.6,26.33
QQQ,2026-08-20,2026-09-11,P,739.0,39,1,0.17774259765625,30.41,26.37,28.58
QQQ,2026-08-20,2026-09-11,P,740.0,766,2,0.14780515289306645,28.2,27.24,27.93
QQQ,2026-08-20,2026-09-11,P,741.0,41,37,0.17728483856201172,18.63,28.02,30.15
QQQ,2026-08-20,2026-09-11,P,742.0,85,172,0.17728483856201172,17.76,28.82,30.96
QQQ,2026-08-20,2026-09-11,P,745.0,10,4,0.141610146484375,34.0,31.29,32.01
QQQ,2026-08-20,2026-09-11,P,747.0,31,5,0.14026738647460937,34.19,32.8,33.76
QQQ,2026-08-20,2026-09-11,P,748.0,6,7,0.13715462463378908,30.82,33.86,34.58
QQQ,2026-08-20,2026-09-11,P,749.0,0,1,0.17936001312255856,31.62,34.6,36.93
QQQ,2026-08-20,2026-09-11,P,750.0,19,1,0.1381922119140625,41.18,35.64,36.45
QQQ,2026-08-20,2026-09-11,P,752.0,5,3,0.1818319122314453,40.2,37.45,39.64
QQQ,2026-08-20,2026-09-11,P,753.0,1,2,0.1828694995117187,36.49,38.33,40.56
QQQ,2026-08-20,2026-09-11,P,760.0,1,3,0.19348951049804688,42.71,43.5,47.19
QQQ,2026-08-20,2026-09-11,P,765.0,0,0,0.19727365234375,46.9,48.18,51.88
QQQ,2026-08-20,2026-09-11,P,770.0,0,12,0.21692677612304687,52.0,53.36,57.03
QQQ,2026-08-20,2026-09-11,P,775.0,0,2,0.2304764453125,56.24,58.35,62.02
QQQ,2026-08-20,2026-09-11,P,780.0,0,101,0.2436599072265625,71.51,63.35,67.01
QQQ,2026-08-20,2026-09-11,P,790.0,0,50,0.2701489001464844,80.56,73.34,77.01
QQQ,2026-08-20,2026-09-11,P,795.0,0,0,0.2794261511230468,61.46,78.34,81.93
QQQ,2026-08-20,2026-09-18,C,205.0,104,1,2.037114282226563,507.1,508.7,512.32
QQQ,2026-08-20,2026-09-18,C,210.0,12,2,2.058598603515625,523.45,503.98,507.54
QQQ,2026-08-20,2026-09-18,C,220.0,11,1,1.9345706396484377,501.45,493.69,497.39
QQQ,2026-08-20,2026-09-18,C,225.0,70,20,1.9042973535156251,470.99,488.71,492.41
QQQ,2026-08-20,2026-09-18,C,230.0,1,1,1.8686530004882815,491.55,483.72,487.39
QQQ,2026-08-20,2026-09-18,C,235.0,2,1,1.0000000000000003e-05,500.85,459.48,463.06
QQQ,2026-08-20,2026-09-18,C,240.0,52,50,1.8134774951171875,469.09,473.76,477.45
QQQ,2026-08-20,2026-09-18,C,245.0,13,1,1.7680675659179688,450.8,468.77,472.32
QQQ,2026-08-20,2026-09-18,C,250.0,51,50,1.7534192016601562,459.72,463.79,467.46
QQQ,2026-08-20,2026-09-18,C,255.0,0,1,1.0000000000000003e-05,475.72,0.0,0.0
QQQ,2026-08-20,2026-09-18,C,260.0,2,1,2.1774947906494138,485.65,457.88,461.53
QQQ,2026-08-20,2026-09-18,C,265.0,12,1,1.6962905810546878,431.03,448.9,452.71
QQQ,2026-08-20,2026-09-18,C,270.0,1,1,1.6630876220703126,409.85,443.92,447.65
QQQ,2026-08-20,2026-09-18,C,275.0,49,112,1.6259784326171873,451.5,438.94,442.54
QQQ,2026-08-20,2026-09-18,C,280.0,13,1,1.5937520312499998,451.0,433.88,437.56
QQQ,2026-08-20,2026-09-18,C,285.0,15,1,2.0120899307250975,423.68,433.19,436.6
QQQ,2026-08-20,2026-09-18,C,290.0,16,1,1.542726895751953,408.68,423.91,427.58
QQQ,2026-08-20,2026-09-18,C,295.0,37,50,1.5183129553222656,438.45,418.93,422.59
QQQ,2026-08-20,2026-09-18,C,300.0,28,2,1.4965845483398437,375.86,413.94,417.64
QQQ,2026-08-20,2026-09-18,C,305.0,4,1,1.4711940502929686,422.13,408.96,412.63
QQQ,2026-08-20,2026-09-18,C,310.0,4,1,1.4477566674804687,383.53,403.98,407.64
QQQ,2026-08-20,2026-09-18,C,315.0,29,1,1.837647296142578,399.49,403.44,407.0
QQQ,2026-08-20,2026-09-18,C,320.0,29,2,1.4040557141113283,413.89,394.0,397.71
QQQ,2026-08-20,2026-09-18,C,325.0,21,10,1.3815948889160152,395.54,389.02,392.72
QQQ,2026-08-20,2026-09-18,C,330.0,32,1,1.3774445190429687,389.59,384.12,387.91
QQQ,2026-08-20,2026-09-18,C,335.0,81,1,1.3359408203124996,383.46,379.05,382.73
QQQ,2026-08-20,2026-09-18,C,340.0,28,4,1.314212413330078,382.6,374.07,377.74
QQQ,2026-08-20,2026-09-18,C,345.0,0,1,1.0000000000000003e-05,398.36,0.0,0.0
QQQ,2026-08-20,2026-09-18,C,350.0,79,1,1.2736852722167966,369.99,364.1,367.8
QQQ,2026-08-20,2026-09-18,C,355.0,8,1,1.2522010046386716,375.87,359.11,362.81
QQQ,2026-08-20,2026-09-18,C,360.0,10,1,1.584963012695312,364.15,358.58,362.27
QQQ,2026-08-20,2026-09-18,C,365.0,37,1,1.210453166503906,362.1,349.15,352.82
QQQ,2026-08-20,2026-09-18,C,370.0,52,5,1.1860392260742185,340.95,344.26,347.67
QQQ,2026-08-20,2026-09-18,C,375.0,21,10,1.1709025830078126,342.27,339.18,342.86
QQQ,2026-08-20,2026-09-18,C,380.0,14,1,1.1516155700683592,342.72,334.2,337.88
QQQ,2026-08-20,2026-09-18,C,385.0,22,1,0.860352958984375,222.02,325.0,329.61
QQQ,2026-08-20,2026-09-18,C,390.0,32,4,1.1276899084472656,327.52,324.55,327.87
QQQ,2026-08-20,2026-09-18,C,395.0,27,11,1.093998670654297,304.09,319.25,322.93
QQQ,2026-08-20,2026-09-18,C,400.0,619,3,1.0756882153320313,311.68,314.27,317.95
QQQ,2026-08-20,2026-09-18,C,405.0,20,2,1.0551805053710939,306.97,309.4,312.82
QQQ,2026-08-20,2026-09-18,C,410.0,27,6,1.0405321411132817,301.77,304.32,308.01
QQQ,2026-08-20,2026-09-18,C,415.0,39,1,1.0210009887695315,288.17,299.32,303.02
QQQ,2026-08-20,2026-09-18,C,420.0,59,26,1.0168506188964845,300.49,294.65,298.02
QQQ,2026-08-20,2026-09-18,C,425.0,49,3,0.9873048144531251,305.71,289.48,292.98
QQQ,2026-08-20,2026-09-18,C,430.0,67,1,0.9737551452636719,282.82,284.5,288.09
QQQ,2026-08-20,2026-09-18,C,435.0,43,10,0.9509282250976561,264.63,279.4,283.11
QQQ,2026-08-20,2026-09-18,C,440.0,235,1,0.9255378540039063,283.09,274.42,277.95
QQQ,2026-08-20,2026-09-18,C,445.0,33,2,0.9213875048828125,275.87,269.56,273.15
QQQ,2026-08-20,2026-09-18,C,450.0,213,7,0.9045419702148438,260.8,264.58,268.18
QQQ,2026-08-20,2026-09-18,C,455.0,116,1,0.8825695336914061,264.32,259.49,263.19
QQQ,2026-08-20,2026-09-18,C,460.0,90,1,0.8653577917480468,258.78,254.58,258.13
QQQ,2026-08-20,2026-09-18,C,465.0,71,25,0.853639158935547,248.98,249.64,253.24
QQQ,2026-08-20,2026-09-18,C,470.0,158,2,0.8319108605957031,242.98,244.56,248.23
QQQ,2026-08-20,2026-09-18,C,475.0,278,1,0.815431533203125,236.68,239.58,243.25
QQQ,2026-08-20,2026-09-18,C,480.0,164,1,0.7993184130859375,231.46,234.6,238.28
QQQ,2026-08-20,2026-09-18,C,485.0,191,2,0.783327362060547,249.97,229.63,233.3
QQQ,2026-08-20,2026-09-18,C,490.0,441,1,0.7673363110351563,241.33,224.65,228.33
QQQ,2026-08-20,2026-09-18,C,495.0,128,1,0.7514673291015624,229.32,219.68,223.35
QQQ,2026-08-20,2026-09-18,C,500.0,392,6,0.7485376708984376,213.45,214.9,218.58
QQQ,2026-08-20,2026-09-18,C,505.0,175,1,0.7215604016113282,227.46,209.74,213.44
QQQ,2026-08-20,2026-09-18,C,510.0,290,4,0.702151416015625,210.44,204.76,208.35
QQQ,2026-08-20,2026-09-18,C,515.0,237,2,0.6940948559570312,207.01,199.91,203.5
QQQ,2026-08-20,2026-09-18,C,520.0,136,10,0.6728548339843752,194.34,194.94,198.33
QQQ,2026-08-20,2026-09-18,C,525.0,834,1,0.6596713720703126,190.98,189.86,193.54
QQQ,2026-08-20,2026-09-18,C,530.0,362,6,0.6447789428710937,185.58,184.89,188.58
QQQ,2026-08-20,2026-09-18,C,535.0,129,5,0.633914793701172,197.3,180.05,183.64
QQQ,2026-08-20,2026-09-18,C,540.0,602,29,0.62305064453125,173.22,175.09,178.83
QQQ,2026-08-20,2026-09-18,C,545.0,265,2,0.6013223461914063,177.21,170.01,173.72
QQQ,2026-08-20,2026-09-18,C,550.0,692,1,0.5854533642578125,164.56,165.07,168.69
QQQ,2026-08-20,2026-09-18,C,555.0,290,2,0.5734905932617188,177.3,160.21,163.74
QQQ,2026-08-20,2026-09-18,C,560.0,4465,3,0.5578657495117189,153.75,155.16,158.83
QQQ,2026-08-20,2026-09-18,C,565.0,650,27,0.5410812493896486,149.67,150.2,153.78
QQQ,2026-08-20,2026-09-18,C,570.0,2837,2,0.5371140039062501,143.9,145.44,149.11
QQQ,2026-08-20,2026-09-18,C,575.0,1619,6,0.5153857055664062,160.5,140.32,143.99
QQQ,2026-08-20,2026-09-18,C,580.0,1252,1,0.5012256909179689,138.75,135.37,139.05
QQQ,2026-08-20,2026-09-18,C,585.0,2978,2,0.5517012603759766,135.38,130.43,134.11
QQQ,2026-08-20,2026-09-18,C,590.0,4838,3,0.536259520263672,125.25,125.51,129.19
QQQ,2026-08-20,2026-09-18,C,595.0,4064,1,0.5205126074218749,119.8,120.59,124.26
QQQ,2026-08-20,2026-09-18,C,600.0,5986,35,0.5054981091308592,113.66,115.68,119.36
QQQ,2026-08-20,2026-09-18,C,605.0,1414,6,0.4901174035644532,110.69,111.06,114.45
QQQ,2026-08-20,2026-09-18,C,610.0,12993,6,0.4498346032714844,107.47,105.87,108.66
QQQ,2026-08-20,2026-09-18,C,615.0,6729,10,0.4603325451660156,98.35,101.11,104.68
QQQ,2026-08-20,2026-09-18,C,620.0,3671,21,0.45313046875,95.66,96.41,100.11
QQQ,2026-08-20,2026-09-18,C,625.0,4609,5,0.4352473468017578,90.98,91.45,95.13
QQQ,2026-08-20,2026-09-18,C,630.0,10166,2,0.38092660095214836,88.03,87.95,88.68
QQQ,2026-08-20,2026-09-18,C,635.0,3222,1,0.3706117626953125,80.1,81.69,83.96
QQQ,2026-08-20,2026-09-18,C,640.0,5092,4,0.35321691711425773,74.45,76.83,78.97
QQQ,2026-08-20,2026-09-18,C,645.0,9134,8,0.34570966796874997,72.9,73.48,74.41
QQQ,2026-08-20,2026-09-18,C,650.0,7187,10,0.3315496533203125,66.27,67.36,69.59
QQQ,2026-08-20,2026-09-18,C,651.0,113,2,0.33115292877197267,47.44,67.66,68.74
QQQ,2026-08-20,2026-09-18,C,652.0,70,1,0.3569400244140625,71.71,66.77,69.18
QQQ,2026-08-20,2026-09-18,C,653.0,56,1,0.3265448205566406,77.35,65.95,66.87
QQQ,2026-08-20,2026-09-18,C,654.0,80,2,0.32117378051757806,71.65,64.9,65.79
QQQ,2026-08-20,2026-09-18,C,655.0,4895,12,0.31891550231933585,62.15,64.13,64.86
QQQ,2026-08-20,2026-09-18,C,656.0,77,42,0.3221503332519531,81.39,63.36,64.2
QQQ,2026-08-20,2026-09-18,C,657.0,21,21,0.3145820495605468,66.04,62.28,63.01
QQQ,2026-08-20,2026-09-18,C,658.0,54,2,0.3124458404541015,50.3,61.49,62.09
QQQ,2026-08-20,2026-09-18,C,659.0,95,1,0.3161689477539062,57.54,60.25,61.47
QQQ,2026-08-20,2026-09-18,C,660.0,23889,13,0.3143073941040039,56.5,59.85,60.57
QQQ,2026-08-20,2026-09-18,C,661.0,47,6,0.3124153231811523,62.24,58.76,59.67
QQQ,2026-08-20,2026-09-18,C,662.0,204,1,0.30951618225097655,62.36,57.85,58.72
QQQ,2026-08-20,2026-09-18,C,663.0,37,3,0.3031991067504882,60.14,56.9,57.59
QQQ,2026-08-20,2026-09-18,C,664.0,57,1,0.2993539303588867,70.79,55.79,56.59
QQQ,2026-08-20,2026-09-18,C,665.0,2743,2,0.2990182403564453,52.49,55.08,55.78
QQQ,2026-08-20,2026-09-18,C,666.0,158,5,0.2953256503295898,51.56,54.07,54.79
QQQ,2026-08-20,2026-09-18,C,667.0,86,1,0.29288426849365223,64.12,53.18,53.87
QQQ,2026-08-20,2026-09-18,C,668.0,46,1,0.2947153048706054,52.99,52.44,53.19
QQQ,2026-08-20,2026-09-18,C,669.0,65,1,0.28864236755371087,57.8,51.24,52.07
QQQ,2026-08-20,2026-09-18,C,670.0,10824,8,0.2866282275390625,47.98,50.46,51.18
QQQ,2026-08-20,2026-09-18,C,671.0,180,1,0.28733012481689446,46.88,49.42,50.45
QQQ,2026-08-20,2026-09-18,C,672.0,24,3,0.28278305114746094,44.79,48.59,49.42
QQQ,2026-08-20,2026-09-18,C,673.0,82,1,0.28183701568603514,65.16,47.66,48.6
QQQ,2026-08-20,2026-09-18,C,674.0,71,5,0.2789683920288085,57.69,46.84,47.67
QQQ,2026-08-20,2026-09-18,C,675.0,11095,4,0.28186753295898437,44.86,46.19,47.09
QQQ,2026-08-20,2026-09-18,C,676.0,72,1,0.27509269836425776,47.68,45.23,45.93
QQQ,2026-08-20,2026-09-18,C,677.0,143,38,0.2876047802734374,46.71,43.37,45.96
QQQ,2026-08-20,2026-09-18,C,678.0,179,1,0.2735973519897461,41.62,43.5,44.35
QQQ,2026-08-20,2026-09-18,C,679.0,111,1,0.2836070175170897,48.11,41.8,44.25
QQQ,2026-08-20,2026-09-18,C,680.0,12783,3266,0.2683178637695312,42.2,41.76,42.55
QQQ,2026-08-20,2026-09-18,C,681.0,183,1,0.26563234375,39.72,39.5,41.65
QQQ,2026-08-20,2026-09-18,C,682.0,153,4,0.2630383755493164,40.8,39.96,40.76
QQQ,2026-08-20,2026-09-18,C,683.0,352,3,0.2610242355346679,37.1,39.26,39.91
QQQ,2026-08-20,2026-09-18,C,684.0,245,103,0.25925423370361333,35.2,38.43,39.08
QQQ,2026-08-20,2026-09-18,C,685.0,12580,2,0.26224492645263675,36.35,37.81,38.57
QQQ,2026-08-20,2026-09-18,C,686.0,169,3,0.2579267323303223,34.97,36.81,37.58
QQQ,2026-08-20,2026-09-18,C,687.0,312,5,0.2550733673095704,32.93,36.0,36.69
QQQ,2026-08-20,2026-09-18,C,688.0,370,147,0.2546461254882813,33.6,35.11,35.97
QQQ,2026-08-20,2026-09-18,C,689.0,224,5,0.25196060546875,31.38,34.34,35.1
QQQ,2026-08-20,2026-09-18,C,690.0,14706,19,0.2502211209106445,33.0,33.73,34.3
QQQ,2026-08-20,2026-09-18,C,691.0,312,99,0.24813068771362307,31.13,32.79,33.48
QQQ,2026-08-20,2026-09-18,C,692.0,210,1,0.24683370361328127,30.68,31.98,32.72
QQQ,2026-08-20,2026-09-18,C,693.0,1021,11,0.24445335632324222,28.47,31.27,31.89
QQQ,2026-08-20,2026-09-18,C,694.0,2200,23,0.24118800811767577,30.95,30.55,31.0
QQQ,2026-08-20,2026-09-18,C,695.0,3455,13,0.2424086990356445,26.44,29.79,30.44
QQQ,2026-08-20,2026-09-18,C,696.0,187,6,0.2398147308349609,26.29,28.93,29.61
QQQ,2026-08-20,2026-09-18,C,697.0,292,11,0.23798369445800777,26.83,28.26,28.84
QQQ,2026-08-20,2026-09-18,C,698.0,399,3,0.23886869537353517,26.17,27.64,28.28
QQQ,2026-08-20,2026-09-18,C,699.0,302,10,0.23514558807373048,26.0,26.66,27.38
QQQ,2026-08-20,2026-09-18,C,700.0,27155,110,0.23490144989013673,26.43,26.09,26.75
QQQ,2026-08-20,2026-09-18,C,701.0,498,3,0.22721109710693355,22.93,25.45,25.56
QQQ,2026-08-20,2026-09-18,C,702.0,602,21,0.22733316619873045,23.23,24.86,24.97
QQQ,2026-08-20,2026-09-18,C,703.0,253,82,0.22528850891113278,22.5,24.11,24.22
QQQ,2026-08-20,2026-09-18,C,704.0,287,52,0.22467816345214842,21.49,23.48,23.59
QQQ,2026-08-20,2026-09-18,C,705.0,7278,148,0.22113815979003904,22.61,22.64,22.74
QQQ,2026-08-20,2026-09-18,C,706.0,476,21,0.22034471069335934,19.98,22.01,22.11
QQQ,2026-08-20,2026-09-18,C,707.0,283,34,0.2181779843139648,19.0,21.28,21.38
QQQ,2026-08-20,2026-09-18,C,708.0,227,20,0.21855945022583007,18.42,20.76,20.86
QQQ,2026-08-20,2026-09-18,C,709.0,401,9,0.21720143157958982,18.2,20.1,20.21
QQQ,2026-08-20,2026-09-18,C,710.0,40857,1849,0.21370720382690428,19.48,19.3,19.4
QQQ,2026-08-20,2026-09-18,C,711.0,1011,147,0.21451591156005856,18.92,18.83,18.94
QQQ,2026-08-20,2026-09-18,C,712.0,923,322,0.21256280609130856,18.2,18.16,18.27
QQQ,2026-08-20,2026-09-18,C,713.0,1105,231,0.21152521881103514,17.76,17.58,17.68
QQQ,2026-08-20,2026-09-18,C,714.0,773,189,0.21010616561889645,16.8,16.96,17.07
QQQ,2026-08-20,2026-09-18,C,715.0,12581,1800,0.20882444015502927,16.35,16.39,16.48
QQQ,2026-08-20,2026-09-18,C,716.0,612,70,0.20705443832397458,15.9,15.77,15.86
QQQ,2026-08-20,2026-09-18,C,717.0,3219,79,0.20627624786376947,15.39,15.24,15.33
QQQ,2026-08-20,2026-09-18,C,718.0,527,206,0.20478090148925776,14.0,14.68,14.75
QQQ,2026-08-20,2026-09-18,C,719.0,4308,47,0.2035144346618652,14.05,14.11,14.2
QQQ,2026-08-20,2026-09-18,C,720.0,21178,1032,0.2024921060180664,13.58,13.63,13.68
QQQ,2026-08-20,2026-09-18,C,721.0,1146,124,0.20099675964355468,12.13,13.06,13.13
QQQ,2026-08-20,2026-09-18,C,722.0,906,45,0.19997443099975587,12.0,12.55,12.63
QQQ,2026-08-20,2026-09-18,C,723.0,681,35,0.19883003326416016,10.87,12.05,12.13
QQQ,2026-08-20,2026-09-18,C,724.0,828,82,0.19844856735229488,10.61,11.63,11.7
QQQ,2026-08-20,2026-09-18,C,725.0,13521,448,0.1962665823364258,11.18,11.08,11.14
QQQ,2026-08-20,2026-09-18,C,726.0,1516,36,0.1965259791564941,10.54,10.7,10.78
QQQ,2026-08-20,2026-09-18,C,727.0,600,33,0.1948322705078125,9.1,10.2,10.28
QQQ,2026-08-20,2026-09-18,C,728.0,479,36,0.19367261413574222,8.84,9.76,9.83
QQQ,2026-08-20,2026-09-18,C,729.0,607,56,0.19232985412597658,9.51,9.32,9.38
QQQ,2026-08-20,2026-09-18,C,730.0,22580,8730,0.19208571594238283,9.0,8.94,9.02
QQQ,2026-08-20,2026-09-18,C,731.0,718,18,0.1914143359375,8.4,8.57,8.64
QQQ,2026-08-20,2026-09-18,C,732.0,542,41,0.19031571411132814,8.26,8.17,8.24
QQQ,2026-08-20,2026-09-18,C,733.0,790,124,0.18952226501464847,7.22,7.81,7.87
QQQ,2026-08-20,2026-09-18,C,734.0,811,278,0.18840838455200193,7.16,7.44,7.49
QQQ,2026-08-20,2026-09-18,C,735.0,13633,642,0.1878743322753906,7.14,7.12,7.16
QQQ,2026-08-20,2026-09-18,C,736.0,1293,45,0.1870198486328125,6.65,6.76,6.82
QQQ,2026-08-20,2026-09-18,C,737.0,621,341,0.18561605407714843,6.12,6.39,6.45
QQQ,2026-08-20,2026-09-18,C,738.0,600,69,0.18549398498535152,5.36,6.13,6.18
QQQ,2026-08-20,2026-09-18,C,739.0,587,31,0.18436484588623048,5.93,5.79,5.85
QQQ,2026-08-20,2026-09-18,C,740.0,33855,7534,0.18396812133789062,5.57,5.52,5.58
QQQ,2026-08-20,2026-09-18,C,741.0,1680,12,0.18329674133300777,5.0,5.24,5.3
QQQ,2026-08-20,2026-09-18,C,742.0,727,96,0.18262536132812499,5.0,4.98,5.03
QQQ,2026-08-20,2026-09-18,C,743.0,956,44,0.18113001495361325,4.1,4.67,4.72
QQQ,2026-08-20,2026-09-18,C,744.0,1012,39,0.18128260131835935,4.43,4.46,4.52
QQQ,2026-08-20,2026-09-18,C,745.0,18722,927,0.1808248422241211,4.32,4.24,4.29
QQQ,2026-08-20,2026-09-18,C,746.0,858,33,0.1801839794921875,4.1,4.01,4.06
QQQ,2026-08-20,2026-09-18,C,747.0,904,55,0.1792379440307617,3.36,3.77,3.82
QQQ,2026-08-20,2026-09-18,C,748.0,607,30,0.17902432312011718,3.09,3.58,3.63
QQQ,2026-08-20,2026-09-18,C,749.0,2624,80,0.17829190856933597,3.46,3.37,3.42
QQQ,2026-08-20,2026-09-18,C,750.0,51188,899,0.17777311492919923,3.22,3.18,3.23
QQQ,2026-08-20,2026-09-18,C,751.0,535,1,0.17768156311035155,2.37,3.03,3.07
QQQ,2026-08-20,2026-09-18,C,752.0,162,18,0.17688811401367188,2.55,2.84,2.88
QQQ,2026-08-20,2026-09-18,C,753.0,815,145,0.17652190673828128,2.37,2.68,2.72
QQQ,2026-08-20,2026-09-18,C,754.0,9110,941,0.17600311309814454,2.48,2.52,2.56
QQQ,2026-08-20,2026-09-18,C,755.0,23447,444,0.17600311309814454,2.42,2.38,2.43
QQQ,2026-08-20,2026-09-18,C,756.0,460,8,0.17517914672851562,1.97,2.24,2.27
QQQ,2026-08-20,2026-09-18,C,757.0,401,96,0.17490449127197266,2.07,2.11,2.14
QQQ,2026-08-20,2026-09-18,C,758.0,627,119,0.17469087036132813,2.06,1.98,2.02
QQQ,2026-08-20,2026-09-18,C,759.0,750,33,0.17414155944824222,1.62,1.86,1.89
QQQ,2026-08-20,2026-09-18,C,760.0,38128,529,0.1736532830810547,1.8,1.75,1.77
QQQ,2026-08-20,2026-09-18,C,765.0,15509,3235,0.1729819030761719,1.18,1.29,1.31
QQQ,2026-08-20,2026-09-18,C,770.0,15332,194,0.17206638488769532,0.98,0.93,0.95
QQQ,2026-08-20,2026-09-18,C,775.0,27947,1018,0.17328707580566405,0.71,0.7,0.72
QQQ,2026-08-20,2026-09-18,C,780.0,12371,544,0.17432466308593753,0.53,0.53,0.54
QQQ,2026-08-20,2026-09-18,C,785.0,2946,107,0.17591156127929689,0.38,0.38,0.41
QQQ,2026-08-20,2026-09-18,C,790.0,32748,38,0.1783529431152344,0.27,0.29,0.32
QQQ,2026-08-20,2026-09-18,C,795.0,5781,24,0.18079432495117187,0.22,0.23,0.25
QQQ,2026-08-20,2026-09-18,C,800.0,58119,451,0.18262536132812499,0.18,0.18,0.19
QQQ,2026-08-20,2026-09-18,C,805.0,31437,3,0.18677571044921876,0.14,0.14,0.16
QQQ,2026-08-20,2026-09-18,C,810.0,7750,40,0.19165847412109377,0.12,0.11,0.14
QQQ,2026-08-20,2026-09-18,C,815.0,3100,4,0.1958088232421875,0.07,0.09,0.12
QQQ,2026-08-20,2026-09-18,C,820.0,16242,8,0.1997150341796875,0.09,0.07,0.1
QQQ,2026-08-20,2026-09-18,C,825.0,1806,2,0.20459779785156246,0.06,0.06,0.09
QQQ,2026-08-20,2026-09-18,C,830.0,10218,14,0.20948056152343747,0.05,0.05,0.08
QQQ,2026-08-20,2026-09-18,C,835.0,4192,120,0.213875048828125,0.07,0.04,0.07
QQQ,2026-08-20,2026-09-18,C,840.0,17844,2,0.22071091796874998,0.05,0.04,0.07
QQQ,2026-08-20,2026-09-18,C,845.0,1512,2,0.22461712890624996,0.04,0.03,0.06
QQQ,2026-08-20,2026-09-18,C,850.0,20070,2,0.231452998046875,0.04,0.03,0.06
QQQ,2026-08-20,2026-09-18,C,855.0,2121,61,0.233406103515625,0.02,0.02,0.05
QQQ,2026-08-20,2026-09-18,C,860.0,2068,60,0.24024197265624997,0.04,0.02,0.05
QQQ,2026-08-20,2026-09-18,C,865.0,708,4,0.247077841796875,0.04,0.02,0.05
QQQ,2026-08-20,2026-09-18,C,870.0,20536,8,0.24805439453125,0.03,0.02,0.04
QQQ,2026-08-20,2026-09-18,C,875.0,2291,68,0.260749580078125,0.05,0.02,0.05
QQQ,2026-08-20,2026-09-18,C,880.0,1438,13,0.2617261328125,0.03,0.01,0.04
QQQ,2026-08-20,2026-09-18,C,885.0,1064,11,0.26758544921875,0.02,0.01,0.04
QQQ,2026-08-20,2026-09-18,C,890.0,1160,3,0.273444765625,0.02,0.01,0.04
QQQ,2026-08-20,2026-09-18,C,895.0,537,6,0.2802806347656249,0.02,0.01,0.04
QQQ,2026-08-20,2026-09-18,C,900.0,29047,1,0.28613995117187496,0.05,0.01,0.04
QQQ,2026-08-20,2026-09-18,C,905.0,822,1,0.2929758203124999,0.03,0.0,0.04
QQQ,2026-08-20,2026-09-18,C,910.0,2075,1,0.29883513671874995,0.03,0.0,0.04
QQQ,2026-08-20,2026-09-18,C,915.0,15375,3,0.304694453125,0.03,0.0,0.04
QQQ,2026-08-20,2026-09-18,C,920.0,1193,1,0.31055376953124997,0.05,0.0,0.04
QQQ,2026-08-20,2026-09-18,C,925.0,10742,25,0.31641308593749995,0.05,0.0,0.04
QQQ,2026-08-20,2026-09-18,C,930.0,566,40,0.31445998046874996,0.06,0.0,0.03
QQQ,2026-08-20,2026-09-18,C,935.0,274,6,0.32031929687499994,0.04,0.0,0.03
QQQ,2026-08-20,2026-09-18,C,940.0,756,4,0.32617861328125,0.05,0.01,0.03
QQQ,2026-08-20,2026-09-18,C,945.0,411,4,0.3320379296875,0.2,0.01,0.03
QQQ,2026-08-20,2026-09-18,C,950.0,1301,3,0.33789724609375,0.02,0.0,0.03
QQQ,2026-08-20,2026-09-18,C,955.0,679,38,0.3437565625,0.18,0.01,0.03
QQQ,2026-08-20,2026-09-18,C,960.0,1760,1,0.34766277343749996,0.01,0.01,0.03
QQQ,2026-08-20,2026-09-18,C,965.0,193,5,0.35352208984374994,0.08,0.0,0.03
QQQ,2026-08-20,2026-09-18,C,970.0,252,100,0.35938140625,0.11,0.0,0.03
QQQ,2026-08-20,2026-09-18,C,975.0,270,1,0.36524072265625,0.03,0.0,0.03
QQQ,2026-08-20,2026-09-18,C,980.0,1043,2,0.3711000390625,0.01,0.0,0.03
QQQ,2026-08-20,2026-09-18,C,985.0,220,2,0.37500625,0.03,0.0,0.03
QQQ,2026-08-20,2026-09-18,C,990.0,2082,150,0.38086556640624997,0.02,0.0,0.03
QQQ,2026-08-20,2026-09-18,C,995.0,163,2,0.38672488281249995,0.04,0.0,0.03
QQQ,2026-08-20,2026-09-18,C,1000.0,19831,100,0.39063109375,0.02,0.01,0.03
QQQ,2026-08-20,2026-09-18,C,1005.0,2,0,0.39649041015625003,0.04,0.0,0.03
QQQ,2026-08-20,2026-09-18,C,1010.0,118,113,0.4023497265625,0.06,0.0,0.03
QQQ,2026-08-20,2026-09-18,C,1020.0,46,2,0.41211525390625,0.02,0.0,0.03
QQQ,2026-08-20,2026-09-18,C,1030.0,82,1,0.42188078125,0.1,0.0,0.03
QQQ,2026-08-20,2026-09-18,C,1040.0,59,1,0.41797457031249996,0.02,0.0,0.02
QQQ,2026-08-20,2026-09-18,C,1050.0,1301,817,0.42969320312500003,0.06,0.0,0.02
QQQ,2026-08-20,2026-09-18,C,1060.0,236,1,0.437505625,0.04,0.0,0.02
QQQ,2026-08-20,2026-09-18,C,1065.0,1001,1,0.4414118359375,0.05,0.0,0.02
QQQ,2026-08-20,2026-09-18,C,1070.0,318,20,0.44727115234375,0.03,0.0,0.02
QQQ,2026-08-20,2026-09-18,C,1080.0,68,2,0.45703667968750006,0.05,0.0,0.02
QQQ,2026-08-20,2026-09-18,C,1085.0,242,236,0.46094289062500005,0.05,0.0,0.02
QQQ,2026-08-20,2026-09-18,C,1090.0,699,172,0.46484910156250003,0.03,0.0,0.02
QQQ,2026-08-20,2026-09-18,C,1100.0,7833,1,0.476567734375,0.02,0.0,0.02
QQQ,2026-08-20,2026-09-18,P,205.0,4748,2,1.2812535937499998,0.01,0.0,0.02
QQQ,2026-08-20,2026-09-18,P,210.0,1598,5,1.2656286718749998,0.02,0.0,0.02
QQQ,2026-08-20,2026-09-18,P,215.0,1197,1,1.2343788281249999,0.02,0.0,0.02
QQQ,2026-08-20,2026-09-18,P,220.0,1952,10,1.21875390625,0.03,0.0,0.02
QQQ,2026-08-20,2026-09-18,P,225.0,566,3,1.1875040625,0.02,0.0,0.02
QQQ,2026-08-20,2026-09-18,P,230.0,635,1,1.171879140625,0.02,0.0,0.02
QQQ,2026-08-20,2026-09-18,P,235.0,136,2,1.15625421875,0.02,0.0,0.02
QQQ,2026-08-20,2026-09-18,P,240.0,1361,850,1.15625421875,0.01,0.0,0.03
QQQ,2026-08-20,2026-09-18,P,245.0,746,1,1.140629296875,0.02,0.0,0.03
QQQ,2026-08-20,2026-09-18,P,250.0,2807,1,1.1171919140625,0.03,0.0,0.03
QQQ,2026-08-20,2026-09-18,P,255.0,1014,100,1.09375453125,0.03,0.0,0.03
QQQ,2026-08-20,2026-09-18,P,260.0,456,1,1.0468797656250002,0.02,0.0,0.02
QQQ,2026-08-20,2026-09-18,P,265.0,596,102,1.0625046875000002,0.01,0.0,0.03
QQQ,2026-08-20,2026-09-18,P,270.0,982,3,1.0390673046875003,0.03,0.0,0.03
QQQ,2026-08-20,2026-09-18,P,275.0,640,1,1.015629921875,0.02,0.0,0.03
QQQ,2026-08-20,2026-09-18,P,280.0,1391,2,0.9687503125,0.02,0.0,0.02
QQQ,2026-08-20,2026-09-18,P,285.0,806,5,0.98437515625,0.01,0.0,0.03
QQQ,2026-08-20,2026-09-18,P,290.0,1502,2,0.9687503125,0.03,0.0,0.03
QQQ,2026-08-20,2026-09-18,P,295.0,1204,2,0.945313046875,0.04,0.0,0.03
QQQ,2026-08-20,2026-09-18,P,300.0,3366,50,0.9531254687499999,0.01,0.01,0.03
QQQ,2026-08-20,2026-09-18,P,305.0,1272,2,0.937500625,0.04,0.0,0.04
QQQ,2026-08-20,2026-09-18,P,310.0,1360,2,0.914063359375,0.04,0.0,0.04
QQQ,2026-08-20,2026-09-18,P,315.0,1532,1,0.8984385156249999,0.03,0.0,0.04
QQQ,2026-08-20,2026-09-18,P,320.0,1834,30,0.8984385156249999,0.03,0.01,0.04
QQQ,2026-08-20,2026-09-18,P,325.0,1115,1,0.8828136718749999,0.03,0.01,0.04
QQQ,2026-08-20,2026-09-18,P,330.0,1635,32,0.867188828125,0.04,0.01,0.04
QQQ,2026-08-20,2026-09-18,P,335.0,1440,1,0.851563984375,0.03,0.01,0.04
QQQ,2026-08-20,2026-09-18,P,340.0,1910,3,0.8476577734374999,0.03,0.01,0.05
QQQ,2026-08-20,2026-09-18,P,345.0,636,2,0.8320329296874999,0.04,0.01,0.05
QQQ,2026-08-20,2026-09-18,P,350.0,699,100,0.8242205078124999,0.04,0.02,0.05
QQQ,2026-08-20,2026-09-18,P,355.0,510,11,0.8203142968749999,0.05,0.03,0.05
QQQ,2026-08-20,2026-09-18,P,360.0,1172,1,0.804689453125,0.05,0.03,0.05
QQQ,2026-08-20,2026-09-18,P,365.0,1992,20,0.789064609375,0.04,0.02,0.06
QQQ,2026-08-20,2026-09-18,P,370.0,880,70,0.7812521875,0.04,0.03,0.06
QQQ,2026-08-20,2026-09-18,P,375.0,2086,29,0.7656273437500001,0.06,0.03,0.06
QQQ,2026-08-20,2026-09-18,P,380.0,797,10,0.75195560546875,0.05,0.03,0.06
QQQ,2026-08-20,2026-09-18,P,385.0,234,41,0.74414318359375,0.05,0.03,0.07
QQQ,2026-08-20,2026-09-18,P,390.0,8374,1,0.7421900781249999,0.06,0.05,0.07
QQQ,2026-08-20,2026-09-18,P,395.0,1845,15,0.726565234375,0.05,0.05,0.07
QQQ,2026-08-20,2026-09-18,P,400.0,27592,3,0.71679970703125,0.07,0.05,0.08
QQQ,2026-08-20,2026-09-18,P,405.0,374,20,0.70312796875,0.06,0.05,0.08
QQQ,2026-08-20,2026-09-18,P,410.0,9634,3,0.6894562304687502,0.06,0.05,0.08
QQQ,2026-08-20,2026-09-18,P,415.0,942,4,0.6796907031250001,0.09,0.05,0.09
QQQ,2026-08-20,2026-09-18,P,420.0,8303,1,0.6699251757812501,0.05,0.06,0.09
QQQ,2026-08-20,2026-09-18,P,425.0,1797,40,0.6562534375000001,0.09,0.06,0.09
QQQ,2026-08-20,2026-09-18,P,430.0,5972,2,0.64648791015625,0.09,0.06,0.1
QQQ,2026-08-20,2026-09-18,P,435.0,1060,5,0.6367223828125,0.11,0.07,0.1
QQQ,2026-08-20,2026-09-18,P,440.0,5930,11,0.6259803027343751,0.08,0.07,0.11
QQQ,2026-08-20,2026-09-18,P,445.0,641,1,0.6162147753906251,0.11,0.08,0.11
QQQ,2026-08-20,2026-09-18,P,450.0,16235,410,0.6054726953125001,0.1,0.08,0.12
QQQ,2026-08-20,2026-09-18,P,455.0,1580,10,0.59570716796875,0.11,0.09,0.12
QQQ,2026-08-20,2026-09-18,P,460.0,10534,3,0.58789474609375,0.15,0.1,0.13
QQQ,2026-08-20,2026-09-18,P,465.0,1001,19,0.577152666015625,0.15,0.11,0.13
QQQ,2026-08-20,2026-09-18,P,470.0,2191,10,0.5664105859375,0.16,0.11,0.14
QQQ,2026-08-20,2026-09-18,P,475.0,8417,6,0.5576216113281252,0.13,0.12,0.15
QQQ,2026-08-20,2026-09-18,P,480.0,6435,2,0.5488326367187502,0.14,0.13,0.16
QQQ,2026-08-20,2026-09-18,P,485.0,3302,1,0.5395553857421876,0.19,0.14,0.17
QQQ,2026-08-20,2026-09-18,P,490.0,6175,4,0.5302781347656251,0.16,0.15,0.18
QQQ,2026-08-20,2026-09-18,P,495.0,1589,10,0.5205126074218749,0.19,0.16,0.19
QQQ,2026-08-20,2026-09-18,P,500.0,17774,12,0.5112353564453125,0.21,0.17,0.2
QQQ,2026-08-20,2026-09-18,P,505.0,2571,17,0.5014698291015626,0.25,0.18,0.21
QQQ,2026-08-20,2026-09-18,P,510.0,6797,1,0.49805189453125004,0.26,0.2,0.23
QQQ,2026-08-20,2026-09-18,P,515.0,3510,1,0.48779809082031256,0.26,0.21,0.24
QQQ,2026-08-20,2026-09-18,P,520.0,7965,14,0.47949739257812496,0.26,0.24,0.26
QQQ,2026-08-20,2026-09-18,P,525.0,4722,701,0.47119669433593747,0.35,0.25,0.28
QQQ,2026-08-20,2026-09-18,P,530.0,13502,9,0.4621635815429688,0.29,0.27,0.3
QQQ,2026-08-20,2026-09-18,P,535.0,11142,1000,0.45313046875,0.33,0.3,0.32
QQQ,2026-08-20,2026-09-18,P,540.0,12127,22,0.445318046875,0.35,0.32,0.35
QQQ,2026-08-20,2026-09-18,P,545.0,6359,6,0.43555251953125,0.38,0.35,0.37
QQQ,2026-08-20,2026-09-18,P,550.0,32289,109,0.4272518212890626,0.4,0.39,0.4
QQQ,2026-08-20,2026-09-18,P,555.0,9092,101,0.41992767578125,0.54,0.41,0.44
QQQ,2026-08-20,2026-09-18,P,560.0,19936,10,0.4096738720703125,0.5,0.44,0.46
QQQ,2026-08-20,2026-09-18,P,565.0,12385,15,0.401373173828125,0.53,0.47,0.5
QQQ,2026-08-20,2026-09-18,P,570.0,73533,5,0.39282833740234374,0.55,0.51,0.54
QQQ,2026-08-20,2026-09-18,P,575.0,19204,5,0.3850159155273437,0.74,0.56,0.59
QQQ,2026-08-20,2026-09-18,P,580.0,18090,15,0.37573866455078125,0.68,0.61,0.63
QQQ,2026-08-20,2026-09-18,P,585.0,9867,14,0.36694968994140625,0.76,0.66,0.68
QQQ,2026-08-20,2026-09-18,P,590.0,25891,15,0.35864899169921877,0.78,0.71,0.74
QQQ,2026-08-20,2026-09-18,P,595.0,12936,10,0.3491276025390625,0.92,0.77,0.79
QQQ,2026-08-20,2026-09-18,P,600.0,57948,298,0.340826904296875,0.86,0.83,0.86
QQQ,2026-08-20,2026-09-18,P,605.0,23055,54,0.3319158605957031,1.0,0.91,0.93
QQQ,2026-08-20,2026-09-18,P,610.0,19407,383,0.32434757690429683,1.12,1.01,1.03
QQQ,2026-08-20,2026-09-18,P,615.0,22069,12,0.3150703259277343,1.23,1.09,1.11
QQQ,2026-08-20,2026-09-18,P,620.0,40978,632,0.3073799731445312,1.25,1.22,1.23
QQQ,2026-08-20,2026-09-18,P,625.0,13601,113,0.29846892944335934,1.47,1.32,1.34
QQQ,2026-08-20,2026-09-18,P,630.0,35451,597,0.2916330603027343,1.6,1.49,1.51
QQQ,2026-08-20,2026-09-18,P,635.0,9791,104,0.2838206384277343,1.78,1.66,1.68
QQQ,2026-08-20,2026-09-18,P,640.0,12392,206,0.2759471820068359,1.88,1.84,1.87
QQQ,2026-08-20,2026-09-18,P,645.0,9976,268,0.26819579467773436,2.08,2.07,2.09
QQQ,2026-08-20,2026-09-18,P,650.0,47425,2565,0.26099371826171874,2.33,2.34,2.36
QQQ,2026-08-20,2026-09-18,P,651.0,869,221,0.25989509643554687,2.48,2.4,2.43
QQQ,2026-08-20,2026-09-18,P,652.0,755,69,0.2581556118774414,2.54,2.46,2.48
QQQ,2026-08-20,2026-09-18,P,653.0,441,159,0.2569654382324219,2.5,2.52,2.55
QQQ,2026-08-20,2026-09-18,P,654.0,1357,53,0.2551344018554688,2.66,2.58,2.6
QQQ,2026-08-20,2026-09-18,P,655.0,6981,1087,0.2540968145751954,2.64,2.66,2.68
QQQ,2026-08-20,2026-09-18,P,656.0,856,108,0.25269302001953126,2.84,2.72,2.75
QQQ,2026-08-20,2026-09-18,P,657.0,703,45,0.25098405273437496,2.78,2.79,2.81
QQQ,2026-08-20,2026-09-18,P,658.0,582,65,0.24951922363281248,2.99,2.86,2.88
QQQ,2026-08-20,2026-09-18,P,659.0,371,72,0.2482374981689453,2.91,2.93,2.96
QQQ,2026-08-20,2026-09-18,P,660.0,89955,395,0.24716939361572265,3.03,3.01,3.05
QQQ,2026-08-20,2026-09-18,P,661.0,431,71,0.2457961163330078,3.08,3.09,3.13
QQQ,2026-08-20,2026-09-18,P,662.0,575,120,0.24433128723144532,3.32,3.17,3.21
QQQ,2026-08-20,2026-09-18,P,663.0,489,32,0.2430495617675781,3.41,3.27,3.3
QQQ,2026-08-20,2026-09-18,P,664.0,1420,34,0.2417068017578125,3.61,3.36,3.39
QQQ,2026-08-20,2026-09-18,P,665.0,4552,142,0.24054714538574218,3.44,3.45,3.49
QQQ,2026-08-20,2026-09-18,P,666.0,2359,126,0.23908231628417967,3.5,3.54,3.58
QQQ,2026-08-20,2026-09-18,P,667.0,511,31,0.23804472900390622,3.91,3.65,3.69
QQQ,2026-08-20,2026-09-18,P,668.0,534,33,0.23603058898925777,4.0,3.72,3.76
QQQ,2026-08-20,2026-09-18,P,669.0,583,37,0.23502351898193358,3.8,3.84,3.88
QQQ,2026-08-20,2026-09-18,P,670.0,32854,990,0.2337417935180664,3.98,3.95,3.99
QQQ,2026-08-20,2026-09-18,P,671.0,1913,236,0.23239903350830077,4.01,4.06,4.1
QQQ,2026-08-20,2026-09-18,P,672.0,522,33,0.23120885986328127,4.49,4.17,4.22
QQQ,2026-08-20,2026-09-18,P,673.0,838,229,0.23011023803710937,4.62,4.3,4.35
QQQ,2026-08-20,2026-09-18,P,674.0,565,13,0.22895058166503907,4.74,4.44,4.48
QQQ,2026-08-20,2026-09-18,P,675.0,18727,177,0.22715006256103515,4.63,4.55,4.58
QQQ,2026-08-20,2026-09-18,P,676.0,2098,15,0.22620402709960938,4.7,4.69,4.73
QQQ,2026-08-20,2026-09-18,P,677.0,598,18,0.22486126708984372,5.06,4.82,4.86
QQQ,2026-08-20,2026-09-18,P,678.0,812,53,0.22339643798828124,5.22,4.95,4.99
QQQ,2026-08-20,2026-09-18,P,679.0,4192,646,0.2224198852539062,5.93,5.1,5.15
QQQ,2026-08-20,2026-09-18,P,680.0,32108,3484,0.22098557342529296,5.32,5.24,5.29
QQQ,2026-08-20,2026-09-18,P,681.0,631,8,0.22000902069091793,6.3,5.41,5.46
QQQ,2026-08-20,2026-09-18,P,682.0,19924,45,0.2186052261352539,5.61,5.55,5.61
QQQ,2026-08-20,2026-09-18,P,683.0,1289,266,0.21695729339599606,5.65,5.72,5.75
QQQ,2026-08-20,2026-09-18,P,684.0,3946,19,0.21607229248046872,5.92,5.89,5.94
QQQ,2026-08-20,2026-09-18,P,685.0,61267,152,0.21476004974365231,6.02,6.06,6.11
QQQ,2026-08-20,2026-09-18,P,686.0,15513,35,0.2136919451904297,6.26,6.24,6.3
QQQ,2026-08-20,2026-09-18,P,687.0,2071,364,0.21222711608886718,6.61,6.42,6.47
QQQ,2026-08-20,2026-09-18,P,688.0,1720,11,0.2112810806274414,7.29,6.62,6.68
QQQ,2026-08-20,2026-09-18,P,689.0,583,179,0.20993832061767576,6.84,6.81,6.87
QQQ,2026-08-20,2026-09-18,P,690.0,34434,812,0.20868711242675775,7.02,7.01,7.07
QQQ,2026-08-20,2026-09-18,P,691.0,893,36,0.20731383514404295,7.26,7.22,7.27
QQQ,2026-08-20,2026-09-18,P,692.0,998,58,0.2063067651367187,8.01,7.44,7.5
QQQ,2026-08-20,2026-09-18,P,693.0,3647,37,0.20475038421630853,7.6,7.64,7.7
QQQ,2026-08-20,2026-09-18,P,694.0,758,36,0.20328555511474605,8.59,7.86,7.91
QQQ,2026-08-20,2026-09-18,P,695.0,18513,394,0.2024005541992187,8.16,8.1,8.17
QQQ,2026-08-20,2026-09-18,P,696.0,598,79,0.20114934600830076,8.96,8.35,8.41
QQQ,2026-08-20,2026-09-18,P,697.0,750,188,0.20078313873291015,9.2,8.65,8.72
QQQ,2026-08-20,2026-09-18,P,698.0,838,14,0.1986164123535156,9.53,8.85,8.91
QQQ,2026-08-20,2026-09-18,P,699.0,540,43,0.19733468688964845,9.88,9.11,9.17
QQQ,2026-08-20,2026-09-18,P,700.0,103841,3634,0.19635813415527342,9.43,9.4,9.46
QQQ,2026-08-20,2026-09-18,P,701.0,353,13,0.1951374432373047,10.23,9.66,9.74
QQQ,2026-08-20,2026-09-18,P,702.0,583,17,0.1939472695922852,10.02,9.96,10.03
QQQ,2026-08-20,2026-09-18,P,703.0,549,61,0.19263502685546874,10.6,10.25,10.32
QQQ,2026-08-20,2026-09-18,P,704.0,689,8,0.1912159736633301,11.32,10.54,10.61
QQQ,2026-08-20,2026-09-18,P,705.0,11334,2582,0.1895527822875977,10.89,10.83,10.89
QQQ,2026-08-20,2026-09-18,P,706.0,851,45,0.18856097091674806,11.8,11.16,11.23
QQQ,2026-08-20,2026-09-18,P,707.0,401,30,0.1873250213623047,12.14,11.49,11.56
QQQ,2026-08-20,2026-09-18,P,708.0,398,26,0.18647053771972655,12.5,11.85,11.93
QQQ,2026-08-20,2026-09-18,P,709.0,330,247,0.18485312225341793,12.48,12.17,12.25
QQQ,2026-08-20,2026-09-18,P,710.0,27590,1216,0.1836171726989746,12.57,12.53,12.61
QQQ,2026-08-20,2026-09-18,P,711.0,727,114,0.18238122314453126,12.93,12.91,12.98
QQQ,2026-08-20,2026-09-18,P,712.0,1184,515,0.18164880859375,13.3,13.33,13.4
QQQ,2026-08-20,2026-09-18,P,713.0,1502,151,0.18003139312744143,13.63,13.68,13.76
QQQ,2026-08-20,2026-09-18,P,714.0,934,103,0.1789022540283203,13.93,14.1,14.17
QQQ,2026-08-20,2026-09-18,P,715.0,11821,849,0.17813932220458983,14.52,14.54,14.62
QQQ,2026-08-20,2026-09-18,P,716.0,595,67,0.17675078628540042,14.8,14.94,15.03
QQQ,2026-08-20,2026-09-18,P,717.0,1094,85,0.17545380218505857,15.45,15.38,15.46
QQQ,2026-08-20,2026-09-18,P,718.0,1007,62,0.17414155944824222,15.85,15.82,15.9
QQQ,2026-08-20,2026-09-18,P,719.0,1770,24,0.1727072476196289,19.33,16.26,16.34
QQQ,2026-08-20,2026-09-18,P,720.0,11009,441,0.17260043716430667,16.8,16.83,16.9
QQQ,2026-08-20,2026-09-18,P,721.0,460,16,0.170479486694336,17.73,17.23,17.31
QQQ,2026-08-20,2026-09-18,P,722.0,813,9,0.1695639685058594,18.59,17.75,17.83
QQQ,2026-08-20,2026-09-18,P,723.0,887,4,0.16800758758544926,20.17,18.21,18.31
QQQ,2026-08-20,2026-09-18,P,724.0,1143,87,0.16678689666748053,21.26,18.73,18.83
QQQ,2026-08-20,2026-09-18,P,725.0,7961,68,0.1670920693969727,19.81,19.39,19.48
QQQ,2026-08-20,2026-09-18,P,726.0,727,15,0.16489482574462894,22.67,19.85,19.95
QQQ,2026-08-20,2026-09-18,P,727.0,824,5,0.16330792755126955,22.0,20.37,20.48
QQQ,2026-08-20,2026-09-18,P,728.0,292,11,0.1619346502685547,20.91,20.93,21.04
QQQ,2026-08-20,2026-09-18,P,729.0,266,62,0.1626975820922852,25.0,21.66,21.77
QQQ,2026-08-20,2026-09-18,P,730.0,9682,692,0.16043930389404298,22.74,22.18,22.29
QQQ,2026-08-20,2026-09-18,P,731.0,475,1,0.1592186129760742,25.33,22.78,22.9
QQQ,2026-08-20,2026-09-18,P,732.0,576,8,0.15781481842041017,24.36,23.39,23.51
QQQ,2026-08-20,2026-09-18,P,733.0,667,8,0.1560753338623047,24.67,23.99,24.11
QQQ,2026-08-20,2026-09-18,P,734.0,424,6,0.15543447113037112,24.5,24.68,24.8
QQQ,2026-08-20,2026-09-18,P,735.0,5596,15,0.15415274566650394,25.42,25.34,25.46
QQQ,2026-08-20,2026-09-18,P,736.0,154,5,0.15329826202392582,27.62,26.05,26.16
QQQ,2026-08-20,2026-09-18,P,737.0,111,3,0.15760119750976562,29.36,26.44,27.2
QQQ,2026-08-20,2026-09-18,P,738.0,42,2,0.15470205657958985,29.04,27.13,27.79
QQQ,2026-08-20,2026-09-18,P,739.0,58,16,0.1785055294799805,29.92,27.88,30.07
QQQ,2026-08-20,2026-09-18,P,740.0,4777,115,0.14966670654296876,30.68,28.49,29.07
QQQ,2026-08-20,2026-09-18,P,741.0,81,3,0.15372550384521483,27.39,29.34,30.11
QQQ,2026-08-20,2026-09-18,P,742.0,227,1,0.17688811401367188,19.65,29.92,32.28
QQQ,2026-08-20,2026-09-18,P,743.0,48,1,0.1765829412841797,20.21,30.81,33.05
QQQ,2026-08-20,2026-09-18,P,744.0,1017,1000,0.15015498291015628,35.31,31.59,32.38
QQQ,2026-08-20,2026-09-18,P,745.0,3942,1,0.1505517074584961,36.6,32.47,33.24
QQQ,2026-08-20,2026-09-18,P,746.0,28,1,0.14749998016357424,30.59,33.26,33.94
QQQ,2026-08-20,2026-09-18,P,747.0,5,1,0.1453332537841797,37.09,34.02,34.7
QQQ,2026-08-20,2026-09-18,P,748.0,5,4,0.17520966400146482,25.81,34.77,37.03
QQQ,2026-08-20,2026-09-18,P,749.0,8,2,0.17496552581787111,39.7,35.6,37.85
QQQ,2026-08-20,2026-09-18,P,750.0,2807,1,0.1749350085449219,37.57,36.5,38.69
QQQ,2026-08-20,2026-09-18,P,751.0,1,0,0.14273928558349608,28.7,37.32,38.12
QQQ,2026-08-20,2026-09-18,P,752.0,10,0,0.13562876098632815,27.38,37.69,38.77
QQQ,2026-08-20,2026-09-18,P,753.0,102,0,0.14026738647460937,28.23,39.02,39.84
QQQ,2026-08-20,2026-09-18,P,754.0,23,10,0.13269910278320313,41.94,39.63,40.52
QQQ,2026-08-20,2026-09-18,P,755.0,35,24,0.12329978271484376,30.27,40.6,41.21
QQQ,2026-08-20,2026-09-18,P,756.0,33,0,0.17151707397460939,29.43,41.45,43.72
QQQ,2026-08-20,2026-09-18,P,757.0,13,0,0.17670501037597658,30.63,42.67,44.82
QQQ,2026-08-20,2026-09-18,P,758.0,1,0,0.17731535583496094,42.3,42.57,45.73
QQQ,2026-08-20,2026-09-18,P,760.0,113,30,0.17829190856933597,47.94,45.41,47.55
QQQ,2026-08-20,2026-09-18,P,765.0,1,1,0.1840901904296875,35.34,49.98,52.28
QQQ,2026-08-20,2026-09-18,P,770.0,2,2,0.18836260864257812,57.08,53.39,57.01
QQQ,2026-08-20,2026-09-18,P,775.0,0,3,0.20179020874023437,61.06,58.33,62.05
QQQ,2026-08-20,2026-09-18,P,780.0,11,31,0.21295953063964845,69.53,63.31,67.03
QQQ,2026-08-20,2026-09-18,P,785.0,0,1,0.22425092163085933,60.76,68.31,72.02
QQQ,2026-08-20,2026-09-18,P,790.0,1,1,0.2357254162597656,77.67,73.35,77.02
QQQ,2026-08-20,2026-09-18,P,795.0,0,2,0.24695577270507812,78.28,78.3,82.02
QQQ,2026-08-20,2026-09-18,P,800.0,33,314,0.2580640600585938,88.76,83.35,87.02
QQQ,2026-08-20,2026-09-18,P,805.0,0,13,0.26856200195312496,93.88,88.3,92.01
QQQ,2026-08-20,2026-09-18,P,810.0,0,3,0.2758861474609374,98.65,93.3,96.93
QQQ,2026-08-20,2026-09-18,P,815.0,0,20,0.2863840893554687,105.56,98.3,101.93
QQQ,2026-08-20,2026-09-18,P,820.0,0,24,0.2967599621582031,95.27,103.3,106.93
QQQ,2026-08-20,2026-09-18,P,825.0,0,1,0.3070137658691406,93.0,108.34,111.93
QQQ,2026-08-20,2026-09-18,P,830.0,0,5,0.3171455004882812,123.0,113.34,116.93
QQQ,2026-08-20,2026-09-18,P,835.0,0,49,0.7166471206665038,99.7,138.33,142.14
QQQ,2026-08-20,2026-09-18,P,840.0,0,2,0.336920693359375,118.3,123.34,126.93
QQQ,2026-08-20,2026-09-18,P,845.0,0,20,0.35108070800781244,155.74,128.34,132.02
QQQ,2026-08-20,2026-09-18,P,850.0,0,1,0.36084623535156246,130.79,133.34,137.02
QQQ,2026-08-20,2026-09-18,P,855.0,0,4,0.3658510681152344,167.26,138.32,141.93
QQQ,2026-08-20,2026-09-18,P,860.0,0,0,0.8027363476562499,122.7,165.08,167.14
QQQ,2026-08-20,2026-09-18,P,865.0,0,4,0.3888000573730469,175.12,148.34,152.01
QQQ,2026-08-20,2026-09-18,P,870.0,0,0,0.8291948233032226,154.12,174.93,177.14
QQQ,2026-08-20,2026-09-18,P,885.0,0,12,0.42529871582031253,195.9,168.32,172.01
QQQ,2026-08-20,2026-09-18,P,890.0,0,0,0.43420975952148444,202.3,173.32,177.01
QQQ,2026-08-20,2026-09-18,P,895.0,0,0,0.44312080322265623,206.3,178.32,182.01
QQQ,2026-08-20,2026-09-18,P,900.0,0,8,0.4523980541992188,210.49,183.35,187.02
QQQ,2026-08-20,2026-09-18,P,915.0,0,0,0.4781546325683594,226.41,198.32,202.02
QQQ,2026-08-20,2026-09-18,P,930.0,0,0,0.5033008654785156,240.6,213.32,217.02
QQQ,2026-08-20,2026-09-18,P,935.0,0,0,0.5114794946289063,245.85,218.35,222.02
QQQ,2026-08-20,2026-09-18,P,940.0,0,0,0.5196581237792968,251.1,223.32,227.02
QQQ,2026-08-20,2026-09-18,P,950.0,0,6,1.0287524148559575,210.99,254.91,257.14
QQQ,2026-08-20,2026-09-18,P,955.0,0,0,0.5429733203125001,266.38,238.32,242.01
QQQ,2026-08-20,2026-09-18,P,965.0,0,0,0.5587202331542969,276.09,248.19,252.01
QQQ,2026-08-20,2026-09-18,P,980.0,0,0,0.5817912915039063,291.41,263.32,267.01
QQQ,2026-08-20,2026-09-18,P,1010.0,0,1,0.627078924560547,296.75,293.32,297.02
QQQ,2026-08-20,2026-09-18,P,1015.0,0,0,0.6336706555175782,326.43,298.32,302.01
QQQ,2026-08-20,2026-09-18,P,1025.0,0,0,0.6486851538085938,335.2,308.34,312.02
QQQ,2026-08-20,2026-09-18,P,1045.0,0,0,0.6699251757812501,357.08,328.34,331.93
QQQ,2026-08-20,2026-09-18,P,1055.0,0,0,0.6835969140625001,365.7,338.34,341.93
QQQ,2026-08-20,2026-09-18,P,1080.0,0,0,0.7233914379882812,390.8,363.34,367.01
QQQ,2026-08-20,2026-09-18,P,1085.0,0,0,0.7233914379882812,396.49,368.34,371.93
QQQ,2026-08-20,2026-09-18,P,1100.0,0,0,0.7428004235839842,410.54,383.34,386.93
QQQ,2026-08-20,2026-09-25,C,500.0,5,0,0.6784700122070313,231.73,215.07,218.67
QQQ,2026-08-20,2026-09-25,C,575.0,2,1,0.5347336566162109,145.59,140.8,144.37
QQQ,2026-08-20,2026-09-25,C,580.0,3,0,0.5217943328857422,154.74,135.88,139.49
QQQ,2026-08-20,2026-09-25,C,610.0,2,1,0.4310664804077149,112.96,106.26,109.76
QQQ,2026-08-20,2026-09-25,C,615.0,5,1,0.42130095306396487,102.15,101.59,105.04
QQQ,2026-08-20,2026-09-25,C,620.0,5,1,0.396063168334961,115.54,96.7,99.65
QQQ,2026-08-20,2026-09-25,C,625.0,2,1,0.38388677642822266,90.21,91.77,94.83
QQQ,2026-08-20,2026-09-25,C,630.0,4,2,0.3671633108520508,93.78,86.98,89.81
QQQ,2026-08-20,2026-09-25,C,640.0,12,1,0.34931070617675775,77.62,77.49,80.55
QQQ,2026-08-20,2026-09-25,C,650.0,135,10,0.32114326324462883,66.9,68.17,70.85
QQQ,2026-08-20,2026-09-25,C,655.0,10,1,0.3156806713867187,63.44,63.59,66.52
QQQ,2026-08-20,2026-09-25,C,660.0,126,25,0.30503014312744137,58.9,59.03,61.94
QQQ,2026-08-20,2026-09-25,C,668.0,1,0,0.2919077157592772,63.57,51.93,54.96
QQQ,2026-08-20,2026-09-25,C,670.0,7,1,0.2866892620849609,55.99,50.19,53.11
QQQ,2026-08-20,2026-09-25,C,672.0,1,0,0.2850108120727538,59.24,48.46,51.51
QQQ,2026-08-20,2026-09-25,C,680.0,19,2,0.2630078582763672,41.06,43.27,44.15
QQQ,2026-08-20,2026-09-25,C,682.0,3,0,0.25989509643554687,58.55,41.6,42.51
QQQ,2026-08-20,2026-09-25,C,685.0,44,2,0.2551344018554688,36.04,39.21,40.07
QQQ,2026-08-20,2026-09-25,C,690.0,13,4,0.24759663543701171,33.78,35.24,36.12
QQQ,2026-08-20,2026-09-25,C,691.0,2,2,0.24616232360839846,37.77,34.47,35.35
QQQ,2026-08-20,2026-09-25,C,692.0,4,1,0.24466697723388675,32.21,33.73,34.58
QQQ,2026-08-20,2026-09-25,C,693.0,1,5,0.24323266540527344,43.5,32.94,33.82
QQQ,2026-08-20,2026-09-25,C,697.0,0,24,0.2375564526367187,40.55,30.0,30.84
QQQ,2026-08-20,2026-09-25,C,698.0,1,1,0.23615265808105468,42.88,29.29,30.11
QQQ,2026-08-20,2026-09-25,C,700.0,23,1,0.22715006256103515,26.75,27.99,28.14
QQQ,2026-08-20,2026-09-25,C,702.0,46,17,0.22449505981445309,24.65,26.58,26.73
QQQ,2026-08-20,2026-09-25,C,703.0,8,1,0.22264876480102536,25.21,25.84,25.99
QQQ,2026-08-20,2026-09-25,C,704.0,16,5,0.222114712524414,23.05,25.22,25.37
QQQ,2026-08-20,2026-09-25,C,705.0,49,2,0.22068040069580075,24.57,24.54,24.68
QQQ,2026-08-20,2026-09-25,C,706.0,3,13,0.2190629852294922,22.51,23.83,23.98
QQQ,2026-08-20,2026-09-25,C,707.0,107,116,0.21805591522216794,21.43,23.2,23.34
QQQ,2026-08-20,2026-09-25,C,709.0,236,54,0.21588918884277342,20.27,21.93,22.07
QQQ,2026-08-20,2026-09-25,C,710.0,266,133,0.21404289382934572,21.4,21.23,21.38
QQQ,2026-08-20,2026-09-25,C,711.0,105,249,0.21314263427734376,20.2,20.64,20.78
QQQ,2026-08-20,2026-09-25,C,712.0,80,64,0.2114641842651367,20.06,19.99,20.12
QQQ,2026-08-20,2026-09-25,C,713.0,379,31,0.21094539062499998,19.52,19.43,19.57
QQQ,2026-08-20,2026-09-25,C,714.0,111,25,0.20862607788085932,16.43,18.73,18.87
QQQ,2026-08-20,2026-09-25,C,715.0,353,171,0.20870237106323236,18.3,18.26,18.39
QQQ,2026-08-20,2026-09-25,C,716.0,62,24,0.20655090332031245,17.71,17.6,17.72
QQQ,2026-08-20,2026-09-25,C,717.0,95,4,0.20655090332031245,16.6,17.13,17.25
QQQ,2026-08-20,2026-09-25,C,718.0,168,14,0.20533021240234373,14.07,16.56,16.68
QQQ,2026-08-20,2026-09-25,C,719.0,95,2,0.20444521148681638,14.3,16.03,16.15
QQQ,2026-08-20,2026-09-25,C,720.0,209,41,0.20291934783935545,15.26,15.45,15.57
QQQ,2026-08-20,2026-09-25,C,721.0,73,1,0.20172917419433595,13.11,14.92,15.03
QQQ,2026-08-20,2026-09-25,C,722.0,77,27,0.20122563919067382,13.85,14.44,14.56
QQQ,2026-08-20,2026-09-25,C,723.0,78,11,0.19994391372680664,11.7,13.92,14.03
QQQ,2026-08-20,2026-09-25,C,724.0,95,6,0.19878425735473632,12.85,13.41,13.52
QQQ,2026-08-20,2026-09-25,C,725.0,616,14,0.19831123962402342,12.31,12.96,13.08
QQQ,2026-08-20,2026-09-25,C,726.0,68,13,0.19739572143554687,11.5,12.49,12.61
QQQ,2026-08-20,2026-09-25,C,727.0,72,16,0.19603770278930666,11.41,12.05,12.11
QQQ,2026-08-20,2026-09-25,C,728.0,58,1,0.19559520233154298,10.71,11.61,11.7
QQQ,2026-08-20,2026-09-25,C,729.0,68,14,0.1947102014160156,10.38,11.16,11.26
QQQ,2026-08-20,2026-09-25,C,730.0,652,66,0.19428295959472658,10.86,10.76,10.87
QQQ,2026-08-20,2026-09-25,C,731.0,263,37,0.1930622686767578,10.42,10.32,10.42
QQQ,2026-08-20,2026-09-25,C,732.0,86,3,0.19194838821411137,9.55,9.89,9.99
QQQ,2026-08-20,2026-09-25,C,733.0,214,39,0.19181106048583985,9.64,9.55,9.65
QQQ,2026-08-20,2026-09-25,C,734.0,708,9,0.19071243865966797,8.19,9.14,9.24
QQQ,2026-08-20,2026-09-25,C,735.0,334,12,0.18998002410888676,8.56,8.78,8.87
QQQ,2026-08-20,2026-09-25,C,736.0,91,72,0.18888140228271483,7.44,8.39,8.48
QQQ,2026-08-20,2026-09-25,C,737.0,42,3,0.18854571228027345,7.28,8.08,8.16
QQQ,2026-08-20,2026-09-25,C,738.0,45,6,0.18798114273071287,7.1,7.74,7.83
QQQ,2026-08-20,2026-09-25,C,739.0,522,17,0.18703510726928713,6.27,7.39,7.48
QQQ,2026-08-20,2026-09-25,C,740.0,284,16,0.18650105499267577,7.12,7.08,7.17
QQQ,2026-08-20,2026-09-25,C,741.0,50,1,0.18570760589599605,5.92,6.76,6.85
QQQ,2026-08-20,2026-09-25,C,742.0,33,5,0.18531088134765622,5.63,6.48,6.57
QQQ,2026-08-20,2026-09-25,C,743.0,39,7,0.1848226049804687,5.01,6.21,6.29
QQQ,2026-08-20,2026-09-25,C,744.0,29,48,0.18436484588623048,5.1,5.93,6.02
QQQ,2026-08-20,2026-09-25,C,745.0,111,38,0.1836324313354492,5.68,5.66,5.74
QQQ,2026-08-20,2026-09-25,C,746.0,67,9,0.1828084649658203,4.65,5.39,5.46
QQQ,2026-08-20,2026-09-25,C,747.0,67,3,0.1826863958740234,4.41,5.16,5.24
QQQ,2026-08-20,2026-09-25,C,748.0,58,24,0.18189294677734374,4.45,4.9,4.98
QQQ,2026-08-20,2026-09-25,C,749.0,37,70,0.18143518768310546,4.24,4.67,4.75
QQQ,2026-08-20,2026-09-25,C,750.0,439,36,0.1808248422241211,4.52,4.47,4.52
QQQ,2026-08-20,2026-09-25,C,751.0,199,1389,0.18042811767578126,3.84,4.23,4.31
QQQ,2026-08-20,2026-09-25,C,752.0,23,1,0.17975673767089845,3.35,4.01,4.09
QQQ,2026-08-20,2026-09-25,C,753.0,92,2,0.17975673767089845,3.8,3.85,3.92
QQQ,2026-08-20,2026-09-25,C,754.0,31,5,0.17917690948486326,3.42,3.66,3.72
QQQ,2026-08-20,2026-09-25,C,755.0,91,144,0.17862759857177735,3.14,3.47,3.53
QQQ,2026-08-20,2026-09-25,C,756.0,288,121,0.17813932220458983,2.81,3.29,3.35
QQQ,2026-08-20,2026-09-25,C,757.0,41,9,0.17807828765869144,2.9,3.14,3.2
QQQ,2026-08-20,2026-09-25,C,758.0,47,16,0.1771322521972656,2.83,2.95,3.01
QQQ,2026-08-20,2026-09-25,C,759.0,305,2,0.17722380401611326,2.67,2.83,2.88
QQQ,2026-08-20,2026-09-25,C,760.0,653,14,0.17682707946777343,2.72,2.69,2.73
QQQ,2026-08-20,2026-09-25,C,765.0,277,63,0.17554535400390625,1.88,2.05,2.1
QQQ,2026-08-20,2026-09-25,C,770.0,493,5,0.17450776672363283,1.54,1.58,1.6
QQQ,2026-08-20,2026-09-25,C,775.0,349,15,0.17469087036132813,1.2,1.21,1.24
QQQ,2026-08-20,2026-09-25,C,780.0,391,158,0.1751181121826172,0.81,0.93,0.96
QQQ,2026-08-20,2026-09-25,C,785.0,256,128,0.17566742309570313,0.66,0.71,0.74
QQQ,2026-08-20,2026-09-25,C,790.0,212,139,0.1774374249267578,0.54,0.57,0.59
QQQ,2026-08-20,2026-09-25,C,795.0,149,6,0.17920742675781248,0.39,0.44,0.47
QQQ,2026-08-20,2026-09-25,C,800.0,363,162,0.18225915405273438,0.35,0.35,0.39
QQQ,2026-08-20,2026-09-25,C,805.0,229,8,0.1848226049804687,0.27,0.28,0.32
QQQ,2026-08-20,2026-09-25,C,810.0,217,4,0.18799640136718748,0.25,0.23,0.27
QQQ,2026-08-20,2026-09-25,C,815.0,276,5,0.1914143359375,0.17,0.19,0.23
QQQ,2026-08-20,2026-09-25,C,820.0,293,1,0.19385571777343752,0.18,0.16,0.19
QQQ,2026-08-20,2026-09-25,C,825.0,90,1,0.198250205078125,0.15,0.13,0.17
QQQ,2026-08-20,2026-09-25,C,830.0,68,6,0.2024005541992187,0.13,0.11,0.15
QQQ,2026-08-20,2026-09-25,C,835.0,10,1,0.20557435058593748,0.12,0.09,0.13
QQQ,2026-08-20,2026-09-25,C,840.0,16,1,0.2104571142578125,0.1,0.08,0.12
QQQ,2026-08-20,2026-09-25,C,845.0,22,2,0.21289849609375,0.08,0.07,0.1
QQQ,2026-08-20,2026-09-25,C,850.0,57,1,0.21680470703125,0.07,0.06,0.09
QQQ,2026-08-20,2026-09-25,C,860.0,19,4,0.22657023437499998,0.05,0.04,0.08
QQQ,2026-08-20,2026-09-25,C,870.0,27,1,0.23535920898437498,0.03,0.03,0.07
QQQ,2026-08-20,2026-09-25,C,880.0,46,1,0.24414818359375,0.03,0.02,0.06
QQQ,2026-08-20,2026-09-25,C,885.0,1,1,0.2500075,0.05,0.02,0.06
QQQ,2026-08-20,2026-09-25,C,890.0,3,1,0.25586681640625003,0.06,0.02,0.06
QQQ,2026-08-20,2026-09-25,C,895.0,1,0,0.2617261328125,0.13,0.02,0.06
QQQ,2026-08-20,2026-09-25,C,900.0,3,1,0.26270268554687504,0.01,0.01,0.05
QQQ,2026-08-20,2026-09-25,C,905.0,1,0,0.26758544921875,0.11,0.01,0.05
QQQ,2026-08-20,2026-09-25,C,910.0,0,2,0.273444765625,0.02,0.01,0.05
QQQ,2026-08-20,2026-09-25,C,915.0,1,0,0.27930408203124996,0.05,0.01,0.05
QQQ,2026-08-20,2026-09-25,C,920.0,1,0,0.28516339843749994,0.05,0.01,0.05
QQQ,2026-08-20,2026-09-25,C,925.0,0,0,0.29004616210937495,0.06,0.01,0.05
QQQ,2026-08-20,2026-09-25,C,930.0,0,0,0.295905478515625,0.05,0.0,0.05
QQQ,2026-08-20,2026-09-25,P,450.0,645,130,0.577152666015625,0.18,0.16,0.19
QQQ,2026-08-20,2026-09-25,P,455.0,5,2,0.569340244140625,0.22,0.17,0.21
QQQ,2026-08-20,2026-09-25,P,460.0,13,1,0.5600629931640625,0.2,0.18,0.22
QQQ,2026-08-20,2026-09-25,P,465.0,23,1,0.5507857421875001,0.2,0.19,0.23
QQQ,2026-08-20,2026-09-25,P,470.0,49,1,0.5410202148437502,0.21,0.2,0.24
QQQ,2026-08-20,2026-09-25,P,475.0,4,2,0.5312546875,0.24,0.21,0.25
QQQ,2026-08-20,2026-09-25,P,480.0,78,10,0.5229539892578124,0.3,0.23,0.26
QQQ,2026-08-20,2026-09-25,P,485.0,4,1,0.5141650146484374,0.28,0.24,0.28
QQQ,2026-08-20,2026-09-25,P,490.0,128,1,0.5043994873046875,0.3,0.25,0.29
QQQ,2026-08-20,2026-09-25,P,495.0,266,1,0.5007374145507812,0.33,0.27,0.31
QQQ,2026-08-20,2026-09-25,P,500.0,90,4,0.49023947265625006,0.37,0.29,0.32
QQQ,2026-08-20,2026-09-25,P,505.0,3,1,0.4819387744140625,0.33,0.31,0.34
QQQ,2026-08-20,2026-09-25,P,510.0,10,1,0.4731497998046875,0.37,0.32,0.36
QQQ,2026-08-20,2026-09-25,P,515.0,25,1,0.4643608251953125,0.39,0.35,0.38
QQQ,2026-08-20,2026-09-25,P,520.0,207,2,0.4567925415039063,0.42,0.37,0.41
QQQ,2026-08-20,2026-09-25,P,525.0,15,8,0.44751529052734373,0.44,0.39,0.43
QQQ,2026-08-20,2026-09-25,P,530.0,17,1,0.43945873046875,0.5,0.42,0.46
QQQ,2026-08-20,2026-09-25,P,535.0,2,1,0.43115803222656257,0.53,0.45,0.49
QQQ,2026-08-20,2026-09-25,P,540.0,8,1,0.4226131958007812,0.57,0.48,0.52
QQQ,2026-08-20,2026-09-25,P,545.0,6,11,0.4138242211914062,0.6,0.52,0.55
QQQ,2026-08-20,2026-09-25,P,550.0,15,12,0.40601179931640624,0.6,0.56,0.59
QQQ,2026-08-20,2026-09-25,P,555.0,85,9,0.39771110107421875,0.74,0.6,0.63
QQQ,2026-08-20,2026-09-25,P,560.0,82,1,0.3892883337402344,0.7,0.64,0.67
QQQ,2026-08-20,2026-09-25,P,565.0,253,20,0.3813538427734374,0.73,0.69,0.72
QQQ,2026-08-20,2026-09-25,P,570.0,84,1,0.37317521362304684,0.76,0.74,0.77
QQQ,2026-08-20,2026-09-25,P,575.0,271,4,0.366217275390625,0.96,0.81,0.84
QQQ,2026-08-20,2026-09-25,P,580.0,110,4,0.3580386462402344,0.95,0.87,0.9
QQQ,2026-08-20,2026-09-25,P,585.0,383,1,0.3501041552734374,1.06,0.94,0.97
QQQ,2026-08-20,2026-09-25,P,590.0,281,203,0.3425358715820312,1.24,1.02,1.05
QQQ,2026-08-20,2026-09-25,P,595.0,64,3,0.334967587890625,1.22,1.1,1.14
QQQ,2026-08-20,2026-09-25,P,600.0,353,6,0.3270330969238281,1.29,1.21,1.23
QQQ,2026-08-20,2026-09-25,P,605.0,50,21,0.31958688232421867,1.38,1.31,1.34
QQQ,2026-08-20,2026-09-25,P,610.0,297,26,0.31250687499999996,1.5,1.45,1.47
QQQ,2026-08-20,2026-09-25,P,615.0,38,33,0.305671005859375,1.66,1.59,1.62
QQQ,2026-08-20,2026-09-25,P,620.0,340,3,0.29822479125976553,1.89,1.75,1.77
QQQ,2026-08-20,2026-09-25,P,625.0,131,4,0.2912058184814452,2.14,1.93,1.95
QQQ,2026-08-20,2026-09-25,P,630.0,460,41,0.28412581115722646,2.19,2.12,2.15
QQQ,2026-08-20,2026-09-25,P,635.0,134,8,0.27722890747070306,2.55,2.36,2.38
QQQ,2026-08-20,2026-09-25,P,640.0,449,32,0.27069821105957037,2.86,2.62,2.65
QQQ,2026-08-20,2026-09-25,P,645.0,1187,34,0.2639844110107422,3.18,2.92,2.95
QQQ,2026-08-20,2026-09-25,P,650.0,849,15,0.257819921875,3.28,3.28,3.31
QQQ,2026-08-20,2026-09-25,P,655.0,472,4,0.25168595001220706,3.93,3.68,3.72
QQQ,2026-08-20,2026-09-25,P,660.0,1338,31,0.2452468054199219,4.4,4.12,4.17
QQQ,2026-08-20,2026-09-25,P,665.0,461,34,0.2395095581054687,4.97,4.65,4.72
QQQ,2026-08-20,2026-09-25,P,667.0,126,10,0.2371902453613281,5.58,4.9,4.96
QQQ,2026-08-20,2026-09-25,P,668.0,111,11,0.23578645080566402,5.71,5.01,5.07
QQQ,2026-08-20,2026-09-25,P,669.0,30,21,0.2346878289794922,5.94,5.14,5.2
QQQ,2026-08-20,2026-09-25,P,670.0,619,625,0.23383334533691402,5.32,5.28,5.35
QQQ,2026-08-20,2026-09-25,P,671.0,70,72,0.23227696441650392,5.78,5.4,5.46
QQQ,2026-08-20,2026-09-25,P,672.0,43,101,0.23099523895263674,5.98,5.52,5.59
QQQ,2026-08-20,2026-09-25,P,673.0,37,35,0.2296524789428711,6.15,5.66,5.72
QQQ,2026-08-20,2026-09-25,P,674.0,20,8,0.22873696075439454,6.42,5.82,5.88
QQQ,2026-08-20,2026-09-25,P,675.0,577,582,0.22730264892578123,6.01,5.95,6.01
QQQ,2026-08-20,2026-09-25,P,676.0,59,52,0.22641764801025388,7.17,6.11,6.18
QQQ,2026-08-20,2026-09-25,P,677.0,57,100,0.2248307498168945,7.11,6.24,6.31
QQQ,2026-08-20,2026-09-25,P,678.0,74,62,0.22397626617431637,6.86,6.42,6.49
QQQ,2026-08-20,2026-09-25,P,679.0,81,122,0.22260298889160152,7.07,6.58,6.64
QQQ,2026-08-20,2026-09-25,P,680.0,1204,51,0.22190109161376947,6.75,6.78,6.84
QQQ,2026-08-20,2026-09-25,P,681.0,84,26,0.22052781433105467,7.56,6.93,7.0
QQQ,2026-08-20,2026-09-25,P,682.0,57,1,0.2192460888671875,7.95,7.09,7.17
QQQ,2026-08-20,2026-09-25,P,683.0,97,5,0.21833057067871092,8.4,7.29,7.37
QQQ,2026-08-20,2026-09-25,P,684.0,55,2,0.21720143157958982,7.62,7.48,7.56
QQQ,2026-08-20,2026-09-25,P,685.0,386,16,0.21573660247802734,7.7,7.66,7.73
QQQ,2026-08-20,2026-09-25,P,686.0,48,2,0.21488211883544922,9.29,7.87,7.95
QQQ,2026-08-20,2026-09-25,P,687.0,83,11,0.21341728973388674,8.17,8.06,8.13
QQQ,2026-08-20,2026-09-25,P,688.0,63,9,0.2124102197265625,8.31,8.27,8.35
QQQ,2026-08-20,2026-09-25,P,689.0,28,1,0.21106745971679686,9.44,8.48,8.55
QQQ,2026-08-20,2026-09-25,P,690.0,972,49,0.2101824588012695,8.63,8.71,8.79
QQQ,2026-08-20,2026-09-25,P,691.0,28,2,0.20883969879150388,9.59,8.93,9.0
QQQ,2026-08-20,2026-09-25,P,692.0,18,4,0.208442974243164,10.27,9.2,9.29
QQQ,2026-08-20,2026-09-25,P,693.0,50,2,0.20655090332031245,10.1,9.39,9.47
QQQ,2026-08-20,2026-09-25,P,694.0,49,5,0.2054827987670898,10.26,9.64,9.72
QQQ,2026-08-20,2026-09-25,P,695.0,331,99,0.2043384010314941,9.79,9.89,9.97
QQQ,2026-08-20,2026-09-25,P,696.0,84,17,0.20322452056884766,10.79,10.14,10.23
QQQ,2026-08-20,2026-09-25,P,697.0,43,1,0.20227848510742186,11.25,10.42,10.51
QQQ,2026-08-20,2026-09-25,P,698.0,107,15,0.20114934600830076,11.53,10.7,10.78
QQQ,2026-08-20,2026-09-25,P,699.0,50,10,0.20002020690917968,12.47,10.97,11.06
QQQ,2026-08-20,2026-09-25,P,700.0,702,103,0.19870796417236325,11.12,11.25,11.33
QQQ,2026-08-20,2026-09-25,P,701.0,43,18,0.1980365841674805,12.17,11.56,11.66
QQQ,2026-08-20,2026-09-25,P,702.0,37,14,0.19654123779296873,12.67,11.84,11.93
QQQ,2026-08-20,2026-09-25,P,703.0,50,4,0.19554942642211914,12.85,12.16,12.25
QQQ,2026-08-20,2026-09-25,P,704.0,60,67,0.1941303732299805,12.96,12.44,12.54
QQQ,2026-08-20,2026-09-25,P,705.0,206,52,0.1930775273132324,12.65,12.78,12.87
QQQ,2026-08-20,2026-09-25,P,706.0,135,8,0.19226881958007813,14.01,13.14,13.23
QQQ,2026-08-20,2026-09-25,P,707.0,127,12,0.1910328700256348,14.37,13.47,13.56
QQQ,2026-08-20,2026-09-25,P,708.0,108,69,0.18946123046875002,13.71,13.78,13.87
QQQ,2026-08-20,2026-09-25,P,709.0,143,18,0.18860674682617187,14.23,14.16,14.25
QQQ,2026-08-20,2026-09-25,P,710.0,217,195,0.1875386422729492,14.57,14.53,14.62
QQQ,2026-08-20,2026-09-25,P,711.0,218,272,0.1862416581726074,14.81,14.88,14.98
QQQ,2026-08-20,2026-09-25,P,712.0,127,206,0.1857533818054199,15.84,15.32,15.42
QQQ,2026-08-20,2026-09-25,P,713.0,149,113,0.18402915588378904,15.59,15.65,15.76
QQQ,2026-08-20,2026-09-25,P,714.0,80,87,0.1834493276977539,16.68,16.1,16.21
QQQ,2026-08-20,2026-09-25,P,715.0,302,22,0.18253380950927733,16.59,16.53,16.64
QQQ,2026-08-20,2026-09-25,P,716.0,123,21,0.18128260131835935,18.12,16.93,17.05
QQQ,2026-08-20,2026-09-25,P,717.0,100,16,0.18024501403808596,19.63,17.39,17.49
QQQ,2026-08-20,2026-09-25,P,718.0,116,9,0.17945156494140624,18.88,17.84,17.96
QQQ,2026-08-20,2026-09-25,P,719.0,111,1,0.17841397766113282,20.14,18.3,18.42
QQQ,2026-08-20,2026-09-25,P,720.0,396,33,0.17728483856201172,18.54,18.77,18.88
QQQ,2026-08-20,2026-09-25,P,721.0,583,25,0.17591156127929689,21.97,19.21,19.33
QQQ,2026-08-20,2026-09-25,P,722.0,79,3,0.1746450944519043,22.4,19.67,19.8
QQQ,2026-08-20,2026-09-25,P,723.0,512,1,0.1738211280822754,22.35,20.2,20.32
QQQ,2026-08-20,2026-09-25,P,724.0,52,1,0.17276828216552736,23.82,20.71,20.83
QQQ,2026-08-20,2026-09-25,P,725.0,155,5,0.17182224670410157,24.0,21.23,21.36
QQQ,2026-08-20,2026-09-25,P,726.0,31,2,0.17051000396728522,23.75,21.74,21.87
QQQ,2026-08-20,2026-09-25,P,727.0,46,1,0.16977758941650395,23.98,22.3,22.44
QQQ,2026-08-20,2026-09-25,P,728.0,27,1,0.16843482940673832,25.18,22.83,22.97
QQQ,2026-08-20,2026-09-25,P,729.0,43,10,0.16742775939941407,25.35,23.4,23.54
QQQ,2026-08-20,2026-09-25,P,730.0,219,59,0.16642068939208987,27.0,23.98,24.12
QQQ,2026-08-20,2026-09-25,P,731.0,26,7,0.1655204298400879,24.04,24.57,24.72
QQQ,2026-08-20,2026-09-25,P,732.0,24,7,0.16458965301513673,24.0,25.2,25.33
QQQ,2026-08-20,2026-09-25,P,733.0,55,1,0.16404034210205082,26.37,25.83,25.98
QQQ,2026-08-20,2026-09-25,P,734.0,73,2,0.16257551300048828,27.55,26.43,26.57
QQQ,2026-08-20,2026-09-25,P,735.0,59,44,0.16162947753906248,28.83,27.06,27.21
QQQ,2026-08-20,2026-09-25,P,736.0,23,5,0.1607749938964844,18.6,27.72,27.87
QQQ,2026-08-20,2026-09-25,P,737.0,9,11,0.1592186129760742,26.79,28.34,28.49
QQQ,2026-08-20,2026-09-25,P,738.0,16,1,0.15821154296875,31.26,29.01,29.16
QQQ,2026-08-20,2026-09-25,P,739.0,17,1,0.15757068023681642,20.02,29.71,29.87
QQQ,2026-08-20,2026-09-25,P,740.0,47,10,0.16724465576171876,31.6,30.3,31.33
QQQ,2026-08-20,2026-09-25,P,743.0,30,0,0.16947241668701174,23.58,32.47,33.79
QQQ,2026-08-20,2026-09-25,P,748.0,21,1,0.15992051025390625,40.93,36.12,37.18
QQQ,2026-08-20,2026-09-25,P,750.0,10,2,0.16346051391601565,35.21,37.68,39.05
QQQ,2026-08-20,2026-09-25,P,752.0,5,5,0.1583030947875977,26.83,39.28,40.45
QQQ,2026-08-20,2026-09-25,P,755.0,1,0,0.1560753338623047,33.27,41.79,42.93
QQQ,2026-08-20,2026-09-25,P,760.0,35,31,0.1463708410644531,47.83,46.15,46.99
QQQ,2026-08-20,2026-09-25,P,770.0,2,5,0.15143670837402345,52.79,53.71,56.46
QQQ,2026-08-20,2026-09-25,P,790.0,0,3,0.2122881506347656,74.86,73.31,77.03
QQQ,2026-08-20,2026-09-25,P,795.0,0,0,0.22205367797851558,63.38,78.31,82.02
QQQ,2026-08-20,2026-09-25,P,800.0,2,2,0.23200230895996093,91.04,83.3,87.02
QQQ,2026-08-20,2026-09-25,P,930.0,0,0,0.44727115234375,198.13,213.15,216.93
QQQ,2026-08-20,2026-10-02,C,565.0,11,0,0.524418818359375,168.67,150.85,154.56
QQQ,2026-08-20,2026-10-02,C,645.0,6,5,0.32330998962402335,77.38,75.31,76.68
QQQ,2026-08-20,2026-10-02,C,650.0,2,1,0.3118354949951171,68.85,70.57,71.96
QQQ,2026-08-20,2026-10-02,C,660.0,1,4,0.2995675512695312,60.55,61.64,63.34
QQQ,2026-08-20,2026-10-02,C,690.0,1,0,0.24945818908691403,50.7,37.06,38.13
QQQ,2026-08-20,2026-10-02,C,711.0,56,51,0.22245040252685544,21.37,22.35,23.45
QQQ,2026-08-20,2026-10-02,C,720.0,142,5,0.21068599380493164,16.2,17.59,18.01
QQQ,2026-08-20,2026-10-02,C,721.0,3,2,0.20945004425048824,19.53,16.92,17.45
QQQ,2026-08-20,2026-10-02,C,724.0,8,8,0.20665771377563474,13.85,15.48,15.91
QQQ,2026-08-20,2026-10-02,C,725.0,25,91,0.20591004058837886,15.01,14.93,15.43
QQQ,2026-08-20,2026-10-02,C,726.0,56,3,0.20508607421874997,14.15,14.5,14.95
QQQ,2026-08-20,2026-10-02,C,727.0,12,3,0.20415529739379878,14.03,13.97,14.47
QQQ,2026-08-20,2026-10-02,C,728.0,21,2,0.20325503784179685,12.45,13.55,14.0
QQQ,2026-08-20,2026-10-02,C,729.0,13,12,0.20247684738159177,15.54,13.1,13.55
QQQ,2026-08-20,2026-10-02,C,730.0,280,13,0.20172917419433595,13.06,12.71,13.11
QQQ,2026-08-20,2026-10-02,C,731.0,28,2,0.20098150100708007,10.83,12.16,12.68
QQQ,2026-08-20,2026-10-02,C,732.0,28,1,0.20015753463745117,12.85,11.77,12.25
QQQ,2026-08-20,2026-10-02,C,733.0,49,5,0.19945563735961913,10.15,11.42,11.84
QQQ,2026-08-20,2026-10-02,C,734.0,44,3,0.19887580917358394,11.31,10.96,11.45
QQQ,2026-08-20,2026-10-02,C,735.0,216,13,0.19832649826049803,10.69,10.63,11.07
QQQ,2026-08-20,2026-10-02,C,736.0,78,1,0.19779244598388673,10.39,10.24,10.7
QQQ,2026-08-20,2026-10-02,C,737.0,76,2,0.19672434143066403,11.72,9.86,10.29
QQQ,2026-08-20,2026-10-02,C,738.0,79,6,0.19602244415283204,9.68,9.5,9.92
QQQ,2026-08-20,2026-10-02,C,739.0,75,1,0.19519847778320312,8.36,9.15,9.55
QQQ,2026-08-20,2026-10-02,C,740.0,333,19,0.19477123596191404,8.05,8.81,9.22
QQQ,2026-08-20,2026-10-02,C,745.0,34,12,0.19213149185180667,7.11,7.27,7.65
QQQ,2026-08-20,2026-10-02,C,746.0,29,16,0.19149062911987308,6.57,6.93,7.35
QQQ,2026-08-20,2026-10-02,C,750.0,306,59,0.19042252456665043,6.0,5.96,6.34
QQQ,2026-08-20,2026-10-02,C,752.0,9,1,0.18886614364624021,4.96,5.38,5.8
QQQ,2026-08-20,2026-10-02,C,754.0,11,10,0.18827105682373046,4.73,5.02,5.36
QQQ,2026-08-20,2026-10-02,C,755.0,101,24,0.18741657318115235,4.27,4.8,5.11
QQQ,2026-08-20,2026-10-02,C,765.0,129,14,0.1834798449707031,2.78,3.02,3.28
QQQ,2026-08-20,2026-10-02,C,770.0,225,22,0.18360191406249998,2.48,2.37,2.68
QQQ,2026-08-20,2026-10-02,C,775.0,268,21,0.18265587860107418,1.78,1.85,2.13
QQQ,2026-08-20,2026-10-02,C,780.0,122,23,0.1828694995117187,1.39,1.4,1.72
QQQ,2026-08-20,2026-10-02,C,785.0,136,2,0.18396812133789062,1.1,1.08,1.41
QQQ,2026-08-20,2026-10-02,C,790.0,34,19,0.18360191406249998,0.86,0.87,1.11
QQQ,2026-08-20,2026-10-02,C,795.0,17,1,0.1825032922363281,0.69,0.64,0.85
QQQ,2026-08-20,2026-10-02,C,800.0,57,20,0.1870198486328125,0.58,0.52,0.76
QQQ,2026-08-20,2026-10-02,C,810.0,32,1,0.18921709228515626,0.36,0.27,0.5
QQQ,2026-08-20,2026-10-02,C,815.0,6,9,0.1914143359375,0.86,0.22,0.42
QQQ,2026-08-20,2026-10-02,C,830.0,33,3,0.2030108996582031,0.24,0.09,0.3
QQQ,2026-08-20,2026-10-02,C,835.0,2,0,0.21094539062499998,0.45,0.07,0.31
QQQ,2026-08-20,2026-10-02,C,840.0,3,2,0.2166826379394531,0.15,0.05,0.3
QQQ,2026-08-20,2026-10-02,C,845.0,3,1,0.2211991943359375,0.16,0.04,0.28
QQQ,2026-08-20,2026-10-02,C,850.0,3,1,0.2243729907226562,0.1,0.03,0.25
QQQ,2026-08-20,2026-10-02,C,950.0,1,1,0.3283758569335937,0.01,0.0,0.17
QQQ,2026-08-20,2026-10-02,P,450.0,15,7,0.5546919531250001,0.25,0.15,0.39
QQQ,2026-08-20,2026-10-02,P,490.0,20,0,0.4929249926757813,0.31,0.26,0.45
QQQ,2026-08-20,2026-10-02,P,500.0,35,33,0.477544287109375,0.45,0.34,0.51
QQQ,2026-08-20,2026-10-02,P,560.0,14,13,0.383795224609375,1.09,0.85,1.05
QQQ,2026-08-20,2026-10-02,P,590.0,64,1,0.33728690063476563,1.42,1.37,1.54
QQQ,2026-08-20,2026-10-02,P,600.0,77,26,0.32416447326660147,1.73,1.6,1.82
QQQ,2026-08-20,2026-10-02,P,605.0,13,5,0.3182441223144531,2.07,1.72,2.0
QQQ,2026-08-20,2026-10-02,P,610.0,19,13,0.31073687316894527,2.49,1.84,2.15
QQQ,2026-08-20,2026-10-02,P,615.0,14,2,0.3040230731201171,2.3,2.08,2.34
QQQ,2026-08-20,2026-10-02,P,620.0,76,11,0.29645478942871095,2.42,2.28,2.52
QQQ,2026-08-20,2026-10-02,P,630.0,118,6,0.28302718933105464,2.88,2.75,3.0
QQQ,2026-08-20,2026-10-02,P,635.0,125,27,0.2763133892822265,3.28,2.97,3.28
QQQ,2026-08-20,2026-10-02,P,640.0,207,4,0.2713390737915039,3.7,3.39,3.67
QQQ,2026-08-20,2026-10-02,P,645.0,137,14,0.2648083773803711,4.16,3.72,4.03
QQQ,2026-08-20,2026-10-02,P,650.0,278,11,0.2578809564208985,4.52,4.06,4.41
QQQ,2026-08-20,2026-10-02,P,655.0,209,38,0.2523268127441406,5.1,4.54,4.91
QQQ,2026-08-20,2026-10-02,P,660.0,279,72,0.2462843927001953,5.54,5.11,5.44
QQQ,2026-08-20,2026-10-02,P,665.0,126,25,0.24048611083984373,5.98,5.68,6.05
QQQ,2026-08-20,2026-10-02,P,670.0,159,39,0.23389437988281248,6.65,6.29,6.68
QQQ,2026-08-20,2026-10-02,P,675.0,206,218,0.22818764984130857,7.36,7.06,7.45
QQQ,2026-08-20,2026-10-02,P,677.0,64,1,0.22664652755737302,8.74,7.44,7.84
QQQ,2026-08-20,2026-10-02,P,679.0,14,4,0.2244798011779785,8.63,7.76,8.2
QQQ,2026-08-20,2026-10-02,P,680.0,178,54,0.2231828170776367,8.21,8.01,8.37
QQQ,2026-08-20,2026-10-02,P,681.0,8,3,0.2222367816162109,9.68,8.1,8.57
QQQ,2026-08-20,2026-10-02,P,685.0,75,8,0.21804065658569333,9.29,8.91,9.39
QQQ,2026-08-20,2026-10-02,P,687.0,10,3,0.21524832611083983,11.05,9.34,9.77
QQQ,2026-08-20,2026-10-02,P,690.0,217,123,0.21134211517333978,11.7,9.96,10.4
QQQ,2026-08-20,2026-10-02,P,692.0,8,28,0.2102740106201172,11.25,10.48,10.98
QQQ,2026-08-20,2026-10-02,P,695.0,99,19,0.20703917968749996,11.56,11.3,11.75
QQQ,2026-08-20,2026-10-02,P,697.0,11,28,0.20505555694580074,13.78,11.89,12.31
QQQ,2026-08-20,2026-10-02,P,700.0,424,14,0.19983710327148438,13.34,12.73,12.99
QQQ,2026-08-20,2026-10-02,P,703.0,11,2,0.1986164123535156,14.69,13.64,14.1
QQQ,2026-08-20,2026-10-02,P,706.0,5,4,0.1964496859741211,17.42,14.64,15.19
QQQ,2026-08-20,2026-10-02,P,707.0,120,102,0.1933521827697754,15.48,14.94,15.34
QQQ,2026-08-20,2026-10-02,P,708.0,14,13,0.1941303732299805,16.85,15.33,15.87
QQQ,2026-08-20,2026-10-02,P,710.0,349,140,0.19005631729125982,16.58,16.03,16.41
QQQ,2026-08-20,2026-10-02,P,711.0,41,43,0.1903767486572266,18.24,16.47,16.92
QQQ,2026-08-20,2026-10-02,P,712.0,20,91,0.18946123046875002,17.6,16.82,17.32
QQQ,2026-08-20,2026-10-02,P,715.0,140,23,0.1863484686279297,18.28,18.0,18.53
QQQ,2026-08-20,2026-10-02,P,716.0,22,1,0.18640950317382812,21.09,18.51,19.06
QQQ,2026-08-20,2026-10-02,P,717.0,17,2,0.18436484588623048,20.63,18.94,19.39
QQQ,2026-08-20,2026-10-02,P,718.0,8,1,0.18436484588623048,22.06,19.37,19.93
QQQ,2026-08-20,2026-10-02,P,719.0,15,1,0.18325096542358393,20.13,19.83,20.37
QQQ,2026-08-20,2026-10-02,P,720.0,50,1,0.18225915405273438,21.67,20.29,20.83
QQQ,2026-08-20,2026-10-02,P,724.0,27,1,0.17801725311279298,23.9,22.16,22.74
QQQ,2026-08-20,2026-10-02,P,725.0,73,1,0.1772543212890625,25.12,22.57,23.27
QQQ,2026-08-20,2026-10-02,P,727.0,3,2,0.1790395817565918,21.94,23.61,24.67
QQQ,2026-08-20,2026-10-02,P,728.0,3,0,0.1783224258422852,18.51,24.12,25.23
QQQ,2026-08-20,2026-10-02,P,729.0,1,50,0.17664397583007813,27.29,24.69,25.71
QQQ,2026-08-20,2026-10-02,P,730.0,47,10,0.1754843194580078,27.89,25.19,26.25
QQQ,2026-08-20,2026-10-02,P,731.0,52,50,0.1749960430908203,28.48,25.45,26.86
QQQ,2026-08-20,2026-10-02,P,732.0,63,120,0.17496552581787111,30.68,26.34,27.52
QQQ,2026-08-20,2026-10-02,P,733.0,71,40,0.17359224853515626,30.01,27.02,28.07
QQQ,2026-08-20,2026-10-02,P,735.0,0,1,0.17188328125000002,31.2,28.12,29.29
QQQ,2026-08-20,2026-10-02,P,739.0,1,1,0.17182224670410157,22.23,30.61,32.13
QQQ,2026-08-20,2026-10-02,P,740.0,3,1,0.16773293212890628,35.04,31.34,32.52
QQQ,2026-08-20,2026-10-02,P,750.0,2,1,0.1603477520751953,39.67,38.64,39.76
QQQ,2026-08-20,2026-10-16,C,300.0,16,4,1.1015669921875002,433.0,414.28,417.93
QQQ,2026-08-20,2026-10-16,C,305.0,1,1,1.0863082794189454,419.33,409.32,412.97
QQQ,2026-08-20,2026-10-16,C,310.0,11,1,1.0727585424804689,370.7,404.36,408.04
QQQ,2026-08-20,2026-10-16,C,315.0,10,0,1.062748826904297,384.34,399.67,402.92
QQQ,2026-08-20,2026-10-16,C,320.0,11,1,1.041508698730469,395.21,394.41,398.12
QQQ,2026-08-20,2026-10-16,C,325.0,3,2,1.0253954980468751,398.0,389.46,393.12
QQQ,2026-08-20,2026-10-16,C,330.0,11,1,1.0122119702148438,403.76,384.5,388.19
QQQ,2026-08-20,2026-10-16,C,335.0,17,1,0.9978027563476561,383.91,379.55,383.22
QQQ,2026-08-20,2026-10-16,C,340.0,2,1,1.2343788281249999,373.63,379.1,382.8
QQQ,2026-08-20,2026-10-16,C,350.0,12,1,0.9531254687499999,374.47,364.62,368.34
QQQ,2026-08-20,2026-10-16,C,355.0,251,1,0.9377447631835938,347.8,359.85,363.15
QQQ,2026-08-20,2026-10-16,C,360.0,400,400,0.9201668139648438,348.38,354.78,358.2
QQQ,2026-08-20,2026-10-16,C,365.0,4,4,0.9123543920898438,332.66,349.77,353.45
QQQ,2026-08-20,2026-10-16,C,370.0,10,0,0.8966074792480467,329.54,344.78,348.46
QQQ,2026-08-20,2026-10-16,C,375.0,1,0,1.611940416870117,352.39,363.67,367.13
QQQ,2026-08-20,2026-10-16,C,380.0,53,5,0.8674329663085938,333.19,334.97,338.36
QQQ,2026-08-20,2026-10-16,C,385.0,33,32,1.570070509033203,334.69,354.07,357.68
QQQ,2026-08-20,2026-10-16,C,390.0,4,1,0.8454605297851561,314.63,324.98,328.65
QQQ,2026-08-20,2026-10-16,C,395.0,6,3,0.8328874133300779,317.21,320.03,323.7
QQQ,2026-08-20,2026-10-16,C,400.0,33,1,0.8155536022949219,311.79,315.09,318.58
QQQ,2026-08-20,2026-10-16,C,405.0,3,1,1.0162402703857423,305.71,315.18,318.78
QQQ,2026-08-20,2026-10-16,C,410.0,3,1,0.7980977221679688,265.28,305.31,308.81
QQQ,2026-08-20,2026-10-16,C,420.0,2,1,0.7728294201660157,301.44,295.4,298.9
QQQ,2026-08-20,2026-10-16,C,425.0,16,1,0.7563500927734376,310.0,290.31,293.93
QQQ,2026-08-20,2026-10-16,C,430.0,6,1,0.7482935327148439,298.0,285.49,289.01
QQQ,2026-08-20,2026-10-16,C,435.0,66,2,1.0000000000000003e-05,296.46,259.65,263.39
QQQ,2026-08-20,2026-10-16,C,440.0,58,2,0.720827987060547,275.89,275.46,279.11
QQQ,2026-08-20,2026-10-16,C,445.0,1,1,0.8974009283447264,263.49,275.96,279.55
QQQ,2026-08-20,2026-10-16,C,450.0,25,20,0.696414168701172,282.13,265.58,269.17
QQQ,2026-08-20,2026-10-16,C,455.0,3,1,0.6974517559814455,288.95,260.84,264.6
QQQ,2026-08-20,2026-10-16,C,460.0,89,51,0.6756624230957033,258.5,255.8,259.29
QQQ,2026-08-20,2026-10-16,C,465.0,36,2,0.6603427520751954,250.66,250.66,254.37
QQQ,2026-08-20,2026-10-16,C,470.0,51,8,0.6508823974609376,242.47,245.81,249.43
QQQ,2026-08-20,2026-10-16,C,475.0,13,55,0.6406896282958985,239.84,241.07,244.35
QQQ,2026-08-20,2026-10-16,C,480.0,32,55,0.6281165118408205,205.78,235.93,239.55
QQQ,2026-08-20,2026-10-16,C,485.0,53,1,0.6132851171875001,251.45,230.99,234.43
QQQ,2026-08-20,2026-10-16,C,490.0,24,47,0.6048623498535157,241.82,226.05,229.64
QQQ,2026-08-20,2026-10-16,C,495.0,55,47,0.5960733752441407,240.61,221.23,224.72
QQQ,2026-08-20,2026-10-16,C,500.0,39,3,0.5822185333251952,220.69,216.11,219.82
QQQ,2026-08-20,2026-10-16,C,505.0,4,1,0.5722699023437501,222.0,211.24,214.89
QQQ,2026-08-20,2026-10-16,C,510.0,11,2,0.5613447186279297,175.63,206.33,209.94
QQQ,2026-08-20,2026-10-16,C,515.0,23,5,0.5524336749267578,222.53,201.62,204.92
QQQ,2026-08-20,2026-10-16,C,520.0,48,2,0.5423629748535157,201.99,196.61,200.13
QQQ,2026-08-20,2026-10-16,C,525.0,39,6,0.5289353747558594,212.7,191.51,195.22
QQQ,2026-08-20,2026-10-16,C,530.0,41,1,0.5184984674072266,144.11,186.67,190.24
QQQ,2026-08-20,2026-10-16,C,535.0,77,2,0.5089160437011719,198.45,181.75,185.4
QQQ,2026-08-20,2026-10-16,C,540.0,183,20,0.5004932763671875,182.78,176.98,180.5
QQQ,2026-08-20,2026-10-16,C,545.0,25,6,0.5310715838623048,191.46,172.18,175.47
QQQ,2026-08-20,2026-10-16,C,550.0,145,1,0.520237951965332,163.52,167.0,170.6
QQQ,2026-08-20,2026-10-16,C,555.0,69,10,0.5097705273437501,179.86,162.31,165.75
QQQ,2026-08-20,2026-10-16,C,560.0,187,1,0.5003101727294923,162.09,157.24,160.95
QQQ,2026-08-20,2026-10-16,C,565.0,130,1,0.4904836108398438,149.04,152.39,156.14
QQQ,2026-08-20,2026-10-16,C,570.0,71,1,0.4835867071533204,167.72,147.8,151.48
QQQ,2026-08-20,2026-10-16,C,575.0,39,1,0.46851117431640626,161.2,142.86,146.42
QQQ,2026-08-20,2026-10-16,C,580.0,382,1,0.46024099334716795,136.37,138.12,141.71
QQQ,2026-08-20,2026-10-16,C,585.0,94,1,0.4461725305175781,146.18,133.09,136.7
QQQ,2026-08-20,2026-10-16,C,590.0,287,1,0.4267940621948243,126.45,128.49,131.4
QQQ,2026-08-20,2026-10-16,C,595.0,150,2,0.400823862915039,121.45,124.5,125.74
QQQ,2026-08-20,2026-10-16,C,600.0,507,1,0.39038695556640624,119.83,120.01,120.9
QQQ,2026-08-20,2026-10-16,C,605.0,365,3,0.3810791873168945,110.41,115.06,116.13
QQQ,2026-08-20,2026-10-16,C,610.0,277,1,0.3739381454467773,106.49,110.63,111.5
QQQ,2026-08-20,2026-10-16,C,615.0,518,5,0.3631350308227539,102.9,105.67,106.67
QQQ,2026-08-20,2026-10-16,C,620.0,247,1,0.3685060708618164,105.82,100.06,102.88
QQQ,2026-08-20,2026-10-16,C,625.0,1999,11,0.34635053070068356,92.17,96.31,97.35
QQQ,2026-08-20,2026-10-16,C,630.0,633,23,0.3506839834594726,87.7,90.76,93.6
QQQ,2026-08-20,2026-10-16,C,635.0,233,2,0.34183397430419915,84.12,86.39,89.0
QQQ,2026-08-20,2026-10-16,C,640.0,275,5,0.3210517114257812,80.05,82.54,83.54
QQQ,2026-08-20,2026-10-16,C,645.0,317,1,0.31320877227783206,77.13,78.05,79.04
QQQ,2026-08-20,2026-10-16,C,650.0,1333,13,0.3075630767822265,72.6,73.62,74.75
QQQ,2026-08-20,2026-10-16,C,651.0,1,2,0.30408410766601557,69.2,72.87,73.71
QQQ,2026-08-20,2026-10-16,C,652.0,3,2,0.31357497955322267,77.0,71.15,73.72
QQQ,2026-08-20,2026-10-16,C,653.0,12,9,0.3117286845397949,69.61,70.19,72.82
QQQ,2026-08-20,2026-10-16,C,654.0,6,1,0.29953703399658205,76.13,70.1,71.07
QQQ,2026-08-20,2026-10-16,C,655.0,861,33,0.2981027221679687,67.5,69.39,70.2
QQQ,2026-08-20,2026-10-16,C,656.0,32,0,0.2970041003417968,41.12,68.43,69.36
QQQ,2026-08-20,2026-10-16,C,657.0,1,2,0.29550875396728515,45.68,67.51,68.49
QQQ,2026-08-20,2026-10-16,C,658.0,14,2,0.2936472003173828,44.97,66.63,67.59
QQQ,2026-08-20,2026-10-16,C,659.0,27,0,0.2921060780334472,44.65,65.77,66.72
QQQ,2026-08-20,2026-10-16,C,660.0,974,18,0.2901987484741211,62.26,65.07,65.82
QQQ,2026-08-20,2026-10-16,C,661.0,12,5,0.2900156448364257,55.25,64.28,65.07
QQQ,2026-08-20,2026-10-16,C,662.0,8,2,0.28783365982055653,63.0,63.28,64.15
QQQ,2026-08-20,2026-10-16,C,663.0,2,1,0.28711650390624993,55.68,62.57,63.36
QQQ,2026-08-20,2026-10-16,C,664.0,5,1,0.2850108120727538,48.62,61.51,62.45
QQQ,2026-08-20,2026-10-16,C,665.0,489,3,0.28433943206787105,58.46,59.38,61.67
QQQ,2026-08-20,2026-10-16,C,666.0,3,1,0.2821727056884765,71.91,59.83,60.76
QQQ,2026-08-20,2026-10-16,C,667.0,32,1,0.28078416976928705,74.79,58.99,59.92
QQQ,2026-08-20,2026-10-16,C,668.0,6,1,0.280356927947998,69.27,56.87,59.17
QQQ,2026-08-20,2026-10-16,C,669.0,14,10,0.27889209884643557,56.03,56.03,58.33
QQQ,2026-08-20,2026-10-16,C,670.0,673,12,0.2762065788269042,53.41,56.58,57.38
QQQ,2026-08-20,2026-10-16,C,671.0,15,10,0.2764354583740234,54.37,55.89,56.7
QQQ,2026-08-20,2026-10-16,C,672.0,114,10,0.27423821472167964,51.91,54.89,55.8
QQQ,2026-08-20,2026-10-16,C,673.0,10,1,0.2726665751647949,67.2,54.1,54.96
QQQ,2026-08-20,2026-10-16,C,674.0,46,1,0.27233088516235343,53.15,53.44,54.24
QQQ,2026-08-20,2026-10-16,C,675.0,428,4,0.2693249337768554,50.75,52.58,53.27
QQQ,2026-08-20,2026-10-16,C,676.0,62,1,0.2683026051330566,49.24,51.64,52.49
QQQ,2026-08-20,2026-10-16,C,677.0,164,1,0.26828734649658204,65.08,50.86,51.81
QQQ,2026-08-20,2026-10-16,C,678.0,63,1,0.2655102746582031,65.6,50.14,50.87
QQQ,2026-08-20,2026-10-16,C,679.0,65,4,0.2654187228393554,59.29,49.23,50.19
QQQ,2026-08-20,2026-10-16,C,680.0,1418,3,0.2629163064575196,46.13,48.64,49.28
QQQ,2026-08-20,2026-10-16,C,681.0,43,3,0.2631299273681641,46.46,47.69,48.64
QQQ,2026-08-20,2026-10-16,C,682.0,42,4,0.26187871917724614,51.72,47.06,47.86
QQQ,2026-08-20,2026-10-16,C,683.0,63,10,0.26059699371337885,59.78,46.12,47.08
QQQ,2026-08-20,2026-10-16,C,684.0,55,1,0.25878121597290044,53.7,45.52,46.25
QQQ,2026-08-20,2026-10-16,C,685.0,1138,1,0.25702647277832036,41.69,44.68,45.43
QQQ,2026-08-20,2026-10-16,C,686.0,117,1,0.2556531954956055,44.31,43.92,44.65
QQQ,2026-08-20,2026-10-16,C,687.0,90,5,0.25559216094970705,54.56,43.18,44.01
QQQ,2026-08-20,2026-10-16,C,688.0,97,3,0.2531507791137696,40.35,42.29,43.13
QQQ,2026-08-20,2026-10-16,C,689.0,222,1,0.25310500320434576,39.32,41.72,42.5
QQQ,2026-08-20,2026-10-16,C,690.0,1515,77,0.2502211209106445,38.97,41.01,41.58
QQQ,2026-08-20,2026-10-16,C,691.0,63,1,0.2488478436279297,45.73,40.06,40.82
QQQ,2026-08-20,2026-10-16,C,692.0,116,1,0.2494276718139648,55.2,39.32,40.27
QQQ,2026-08-20,2026-10-16,C,693.0,91,4,0.24842060180664063,42.62,38.59,39.56
QQQ,2026-08-20,2026-10-16,C,694.0,70,2,0.24588766815185548,51.67,37.87,38.69
QQQ,2026-08-20,2026-10-16,C,695.0,985,2,0.24584189224243164,37.01,37.34,38.09
QQQ,2026-08-20,2026-10-16,C,696.0,95,1,0.24088283538818356,49.38,36.81,36.97
QQQ,2026-08-20,2026-10-16,C,697.0,63,1,0.23964688583374016,52.33,36.09,36.25
QQQ,2026-08-20,2026-10-16,C,698.0,102,1,0.23863981582641602,32.6,35.4,35.56
QQQ,2026-08-20,2026-10-16,C,699.0,49,1,0.23749541809082028,42.8,34.71,34.86
QQQ,2026-08-20,2026-10-16,C,700.0,18884,48,0.23694610717773437,34.28,34.07,34.23
QQQ,2026-08-20,2026-10-16,C,701.0,68,1,0.23525239852905272,32.2,33.32,33.48
QQQ,2026-08-20,2026-10-16,C,702.0,110,2,0.2348861912536621,32.6,32.72,32.88
QQQ,2026-08-20,2026-10-16,C,703.0,93,2,0.2331009307861328,34.96,31.97,32.13
QQQ,2026-08-20,2026-10-16,C,704.0,124,2,0.23136144622802735,29.51,31.24,31.39
QQQ,2026-08-20,2026-10-16,C,705.0,945,92,0.22992713439941403,30.63,30.55,30.69
QQQ,2026-08-20,2026-10-16,C,706.0,196,6,0.23026282440185547,28.57,30.04,30.19
QQQ,2026-08-20,2026-10-16,C,707.0,206,2,0.2294541166687012,27.3,29.41,29.57
QQQ,2026-08-20,2026-10-16,C,708.0,129,2,0.22788247711181642,31.6,28.73,28.87
QQQ,2026-08-20,2026-10-16,C,709.0,147,2,0.22751626983642576,26.17,28.17,28.31
QQQ,2026-08-20,2026-10-16,C,710.0,1703,203,0.2251206639099121,27.49,27.51,27.53
QQQ,2026-08-20,2026-10-16,C,711.0,77,6,0.22518169845581054,25.24,26.88,27.03
QQQ,2026-08-20,2026-10-16,C,712.0,187,61,0.22322859298706055,24.95,26.16,26.31
QQQ,2026-08-20,2026-10-16,C,713.0,181,210,0.2229997134399414,25.5,25.65,25.79
QQQ,2026-08-20,2026-10-16,C,714.0,126,20,0.2217485052490234,24.66,25.01,25.16
QQQ,2026-08-20,2026-10-16,C,715.0,4278,64,0.2210466079711914,24.67,24.46,24.6
QQQ,2026-08-20,2026-10-16,C,716.0,243,52,0.22003953796386716,22.73,23.87,24.01
QQQ,2026-08-20,2026-10-16,C,717.0,187,15,0.21976488250732418,21.98,23.36,23.51
QQQ,2026-08-20,2026-10-16,C,718.0,619,504,0.21854419158935545,21.7,22.79,22.91
QQQ,2026-08-20,2026-10-16,C,719.0,1236,7,0.21753712158203126,20.16,22.21,22.34
QQQ,2026-08-20,2026-10-16,C,720.0,6616,575,0.2161943615722656,21.68,21.63,21.74
QQQ,2026-08-20,2026-10-16,C,721.0,445,12,0.21613332702636717,19.26,21.17,21.29
QQQ,2026-08-20,2026-10-16,C,722.0,315,3,0.2149584120178223,18.22,20.59,20.72
QQQ,2026-08-20,2026-10-16,C,723.0,454,44,0.21389030746459958,18.62,20.05,20.17
QQQ,2026-08-20,2026-10-16,C,724.0,361,4,0.2132036688232422,18.32,19.55,19.67
QQQ,2026-08-20,2026-10-16,C,725.0,4351,185,0.21247125427246094,19.21,19.06,19.17
QQQ,2026-08-20,2026-10-16,C,726.0,638,17,0.21149470153808592,17.01,18.54,18.65
QQQ,2026-08-20,2026-10-16,C,727.0,358,5,0.2108080628967285,16.15,18.05,18.17
QQQ,2026-08-20,2026-10-16,C,728.0,742,8,0.20916013015747065,15.66,17.47,17.59
QQQ,2026-08-20,2026-10-16,C,729.0,251,5,0.20916013015747065,15.88,17.09,17.2
QQQ,2026-08-20,2026-10-16,C,730.0,9639,1206,0.20801573242187496,16.66,16.6,16.69
QQQ,2026-08-20,2026-10-16,C,731.0,604,5,0.20780211151123046,15.0,16.19,16.29
QQQ,2026-08-20,2026-10-16,C,732.0,573,8,0.2070849555969238,14.35,15.74,15.84
QQQ,2026-08-20,2026-10-16,C,733.0,611,215,0.20601685104370115,13.65,15.25,15.36
QQQ,2026-08-20,2026-10-16,C,734.0,282,24,0.20563538513183593,13.98,14.86,14.96
QQQ,2026-08-20,2026-10-16,C,735.0,2000,160,0.20414003875732417,14.48,14.33,14.45
QQQ,2026-08-20,2026-10-16,C,736.0,255,7,0.2042773664855957,12.94,14.02,14.12
QQQ,2026-08-20,2026-10-16,C,737.0,305,1,0.20322452056884766,12.09,13.58,13.67
QQQ,2026-08-20,2026-10-16,C,738.0,217,8,0.20218693328857418,13.09,13.12,13.23
QQQ,2026-08-20,2026-10-16,C,739.0,176,16,0.20233951965332028,13.02,12.83,12.92
QQQ,2026-08-20,2026-10-16,C,740.0,8579,231,0.20096624237060545,12.44,12.36,12.46
QQQ,2026-08-20,2026-10-16,C,741.0,464,54,0.20098150100708007,12.27,12.06,12.15
QQQ,2026-08-20,2026-10-16,C,742.0,305,27,0.200554259185791,11.7,11.7,11.8
QQQ,2026-08-20,2026-10-16,C,743.0,565,31,0.19976081008911134,11.55,11.34,11.42
QQQ,2026-08-20,2026-10-16,C,744.0,323,18,0.19948615463256836,11.2,11.0,11.1
QQQ,2026-08-20,2026-10-16,C,745.0,3173,89,0.19814339462280273,10.84,10.6,10.68
QQQ,2026-08-20,2026-10-16,C,746.0,951,38,0.19814339462280273,10.51,10.32,10.4
QQQ,2026-08-20,2026-10-16,C,747.0,269,21,0.19777718734741212,10.19,9.99,10.09
QQQ,2026-08-20,2026-10-16,C,748.0,161,12,0.19702951416015624,9.64,9.67,9.75
QQQ,2026-08-20,2026-10-16,C,749.0,166,25,0.1966327896118164,9.55,9.37,9.45
QQQ,2026-08-20,2026-10-16,C,750.0,23688,312,0.19617503051757812,9.11,9.06,9.15
QQQ,2026-08-20,2026-10-16,C,755.0,4795,436,0.19377942459106445,7.72,7.66,7.74
QQQ,2026-08-20,2026-10-16,C,760.0,4347,282,0.191688991394043,6.61,6.43,6.51
QQQ,2026-08-20,2026-10-16,C,765.0,7430,223,0.19043778320312502,5.45,5.43,5.49
QQQ,2026-08-20,2026-10-16,C,770.0,22099,127,0.18909502319335939,4.54,4.54,4.59
QQQ,2026-08-20,2026-10-16,C,775.0,5116,456,0.18796588409423826,3.85,3.77,3.82
QQQ,2026-08-20,2026-10-16,C,780.0,2374,511,0.18689777954101564,3.11,3.11,3.16
QQQ,2026-08-20,2026-10-16,C,785.0,2301,34,0.1863484686279297,2.56,2.58,2.62
QQQ,2026-08-20,2026-10-16,C,790.0,1450,14,0.1860432958984375,2.19,2.14,2.17
QQQ,2026-08-20,2026-10-16,C,795.0,3778,15,0.18579915771484373,1.55,1.76,1.79
QQQ,2026-08-20,2026-10-16,C,800.0,34912,148,0.18555501953124998,1.42,1.44,1.47
QQQ,2026-08-20,2026-10-16,C,805.0,2512,49,0.18561605407714843,1.05,1.19,1.21
QQQ,2026-08-20,2026-10-16,C,810.0,1282,81,0.1863484686279297,0.87,0.98,1.01
QQQ,2026-08-20,2026-10-16,C,815.0,1052,93,0.1870198486328125,0.71,0.81,0.84
QQQ,2026-08-20,2026-10-16,C,820.0,3879,39,0.18824053955078124,0.68,0.67,0.71
QQQ,2026-08-20,2026-10-16,C,825.0,7444,1,0.18952226501464847,0.52,0.56,0.6
QQQ,2026-08-20,2026-10-16,C,830.0,2447,27,0.19031571411132814,0.39,0.47,0.5
QQQ,2026-08-20,2026-10-16,C,835.0,1896,3,0.1914143359375,0.35,0.39,0.42
QQQ,2026-08-20,2026-10-16,C,840.0,1410,2,0.1939777868652344,0.31,0.33,0.37
QQQ,2026-08-20,2026-10-16,C,845.0,1607,25,0.19495433959960937,0.24,0.28,0.31
QQQ,2026-08-20,2026-10-16,C,850.0,6898,1,0.19702951416015624,0.24,0.24,0.27
QQQ,2026-08-20,2026-10-16,C,855.0,601,10,0.19947089599609374,0.19,0.2,0.24
QQQ,2026-08-20,2026-10-16,C,860.0,889,2,0.2016681396484375,0.15,0.17,0.21
QQQ,2026-08-20,2026-10-16,C,865.0,1143,1,0.2043536596679687,0.14,0.15,0.19
QQQ,2026-08-20,2026-10-16,C,870.0,325,11,0.20533021240234373,0.18,0.13,0.16
QQQ,2026-08-20,2026-10-16,C,875.0,269,4,0.20899228515624996,0.11,0.11,0.15
QQQ,2026-08-20,2026-10-16,C,880.0,1378,211,0.2124102197265625,0.12,0.1,0.14
QQQ,2026-08-20,2026-10-16,C,885.0,3338,3,0.21363091064453127,0.12,0.09,0.12
QQQ,2026-08-20,2026-10-16,C,890.0,330,1,0.21631643066406248,0.25,0.07,0.11
QQQ,2026-08-20,2026-10-16,C,895.0,461,11,0.2192460888671875,0.18,0.07,0.1
QQQ,2026-08-20,2026-10-16,C,900.0,17457,3,0.22364057617187497,0.07,0.06,0.1
QQQ,2026-08-20,2026-10-16,C,905.0,174,1,0.2260819580078125,0.07,0.05,0.09
QQQ,2026-08-20,2026-10-16,C,910.0,511,2,0.2304764453125,0.08,0.05,0.09
QQQ,2026-08-20,2026-10-16,C,915.0,144,1,0.23242955078125,0.07,0.04,0.08
QQQ,2026-08-20,2026-10-16,C,920.0,4231,17,0.2368240380859375,0.1,0.04,0.08
QQQ,2026-08-20,2026-10-16,C,925.0,679,1,0.23828886718749998,0.09,0.03,0.07
QQQ,2026-08-20,2026-10-16,C,930.0,151,10,0.24268335449218748,0.05,0.03,0.07
QQQ,2026-08-20,2026-10-16,C,935.0,91,1,0.247077841796875,0.09,0.03,0.07
QQQ,2026-08-20,2026-10-16,C,940.0,657,1,0.2514723291015625,0.07,0.02,0.07
QQQ,2026-08-20,2026-10-16,C,945.0,196,34,0.25196060546875,0.04,0.02,0.06
QQQ,2026-08-20,2026-10-16,C,950.0,903,4,0.25586681640625003,0.04,0.02,0.06
QQQ,2026-08-20,2026-10-16,C,955.0,1184,1,0.2602613037109375,0.08,0.02,0.06
QQQ,2026-08-20,2026-10-16,C,960.0,180,20,0.264655791015625,0.03,0.01,0.06
QQQ,2026-08-20,2026-10-16,C,965.0,113,6,0.26856200195312496,0.04,0.01,0.06
QQQ,2026-08-20,2026-10-16,C,970.0,15824,66,0.27246821289062495,0.03,0.01,0.06
QQQ,2026-08-20,2026-10-16,C,975.0,98,12,0.27246821289062495,0.18,0.01,0.05
QQQ,2026-08-20,2026-10-16,C,980.0,164,86,0.27637442382812494,0.05,0.01,0.05
QQQ,2026-08-20,2026-10-16,C,985.0,30,1,0.2802806347656249,0.34,0.01,0.05
QQQ,2026-08-20,2026-10-16,C,990.0,1011,1,0.2841868457031249,0.03,0.01,0.05
QQQ,2026-08-20,2026-10-16,C,1000.0,40,6,0.2919992675781249,0.05,0.0,0.05
QQQ,2026-08-20,2026-10-16,C,1010.0,182,122,0.299811689453125,0.05,0.0,0.05
QQQ,2026-08-20,2026-10-16,C,1015.0,2,1,0.2978585839843749,0.05,0.0,0.04
QQQ,2026-08-20,2026-10-16,C,1020.0,11,8,0.3007882421875,0.05,0.0,0.04
QQQ,2026-08-20,2026-10-16,C,1025.0,50,0,0.304694453125,0.08,0.0,0.04
QQQ,2026-08-20,2026-10-16,C,1030.0,3,6,0.3086006640625,0.05,0.0,0.04
QQQ,2026-08-20,2026-10-16,C,1035.0,50,0,0.31250687499999996,0.06,0.0,0.04
QQQ,2026-08-20,2026-10-16,C,1040.0,30,30,0.31641308593749995,0.05,0.0,0.04
QQQ,2026-08-20,2026-10-16,C,1045.0,1,1,0.3193427441406249,0.04,0.0,0.04
QQQ,2026-08-20,2026-10-16,C,1050.0,191,100,0.3232489550781249,0.04,0.0,0.04
QQQ,2026-08-20,2026-10-16,C,1055.0,5,5,0.32617861328125,0.05,0.0,0.04
QQQ,2026-08-20,2026-10-16,C,1060.0,16,4,0.33008482421874996,0.03,0.0,0.04
QQQ,2026-08-20,2026-10-16,C,1065.0,6,6,0.33399103515625,0.04,0.0,0.04
QQQ,2026-08-20,2026-10-16,C,1070.0,3,2,0.33789724609375,0.04,0.0,0.04
QQQ,2026-08-20,2026-10-16,C,1075.0,687,16,0.340826904296875,0.03,0.0,0.04
QQQ,2026-08-20,2026-10-16,C,1080.0,2068,412,0.3437565625,0.04,0.0,0.04
QQQ,2026-08-20,2026-10-16,C,1085.0,8710,1,0.34766277343749996,0.02,0.0,0.04
QQQ,2026-08-20,2026-10-16,P,300.0,1401,35,0.7617211328125001,0.08,0.07,0.09
QQQ,2026-08-20,2026-10-16,P,305.0,373,21,0.74414318359375,0.09,0.06,0.09
QQQ,2026-08-20,2026-10-16,P,310.0,218,22,0.7382838671874999,0.09,0.07,0.1
QQQ,2026-08-20,2026-10-16,P,315.0,169,20,0.725588681640625,0.1,0.07,0.1
QQQ,2026-08-20,2026-10-16,P,320.0,177,10,0.719729365234375,0.1,0.08,0.11
QQQ,2026-08-20,2026-10-16,P,325.0,125,10,0.7070341796875,0.1,0.08,0.11
QQQ,2026-08-20,2026-10-16,P,330.0,312,35,0.70117486328125,0.11,0.09,0.12
QQQ,2026-08-20,2026-10-16,P,335.0,218,30,0.6914093359375001,0.12,0.09,0.13
QQQ,2026-08-20,2026-10-16,P,340.0,199,10,0.6835969140625001,0.12,0.1,0.14
QQQ,2026-08-20,2026-10-16,P,345.0,356,10,0.6738313867187502,0.13,0.11,0.14
QQQ,2026-08-20,2026-10-16,P,350.0,269,30,0.6640658593750002,0.15,0.11,0.15
QQQ,2026-08-20,2026-10-16,P,355.0,111,20,0.6567417138671876,0.15,0.12,0.16
QQQ,2026-08-20,2026-10-16,P,360.0,202,20,0.649417568359375,0.16,0.13,0.17
QQQ,2026-08-20,2026-10-16,P,365.0,76,10,0.6411168701171875,0.17,0.14,0.18
QQQ,2026-08-20,2026-10-16,P,370.0,77,10,0.63086306640625,0.17,0.15,0.18
QQQ,2026-08-20,2026-10-16,P,375.0,75,1,0.6250037500000001,0.17,0.16,0.2
QQQ,2026-08-20,2026-10-16,P,380.0,86,5,0.6162147753906251,0.18,0.17,0.21
QQQ,2026-08-20,2026-10-16,P,385.0,137,1,0.6084023535156251,0.19,0.18,0.22
QQQ,2026-08-20,2026-10-16,P,390.0,205,2,0.5996133789062501,0.21,0.19,0.23
QQQ,2026-08-20,2026-10-16,P,395.0,101,50,0.5908244042968751,0.23,0.2,0.24
QQQ,2026-08-20,2026-10-16,P,400.0,2099,30,0.5820354296875,0.22,0.21,0.25
QQQ,2026-08-20,2026-10-16,P,405.0,134,1,0.5737347314453125,0.27,0.22,0.26
QQQ,2026-08-20,2026-10-16,P,410.0,330,1,0.567387138671875,0.28,0.24,0.28
QQQ,2026-08-20,2026-10-16,P,415.0,172,1,0.5585981640625001,0.31,0.25,0.29
QQQ,2026-08-20,2026-10-16,P,420.0,94,4,0.551762294921875,0.32,0.27,0.31
QQQ,2026-08-20,2026-10-16,P,425.0,103,1,0.5429733203125001,0.33,0.28,0.32
QQQ,2026-08-20,2026-10-16,P,430.0,350,1,0.5356491748046875,0.31,0.3,0.34
QQQ,2026-08-20,2026-10-16,P,435.0,132,2,0.5266160620117188,0.4,0.31,0.35
QQQ,2026-08-20,2026-10-16,P,440.0,184,23,0.5195360546875,0.4,0.33,0.37
QQQ,2026-08-20,2026-10-16,P,445.0,40,1,0.5119677709960937,0.4,0.35,0.39
QQQ,2026-08-20,2026-10-16,P,450.0,11127,2,0.5043994873046875,0.42,0.37,0.41
QQQ,2026-08-20,2026-10-16,P,455.0,74,1,0.5012256909179689,0.44,0.39,0.44
QQQ,2026-08-20,2026-10-16,P,460.0,1208,1,0.4931691308593751,0.52,0.42,0.46
QQQ,2026-08-20,2026-10-16,P,465.0,107,8,0.48511257080078124,0.51,0.44,0.48
QQQ,2026-08-20,2026-10-16,P,470.0,1987,7,0.47827670166015623,0.53,0.47,0.51
QQQ,2026-08-20,2026-10-16,P,475.0,692,2,0.47119669433593747,0.6,0.5,0.54
QQQ,2026-08-20,2026-10-16,P,480.0,469,10,0.463872548828125,0.55,0.53,0.57
QQQ,2026-08-20,2026-10-16,P,485.0,307,10,0.4563042651367188,0.66,0.56,0.6
QQQ,2026-08-20,2026-10-16,P,490.0,2366,4,0.44873598144531246,0.71,0.59,0.63
QQQ,2026-08-20,2026-10-16,P,495.0,139,1,0.44214425048828127,0.59,0.63,0.67
QQQ,2026-08-20,2026-10-16,P,500.0,5873,50,0.4343318286132813,0.71,0.66,0.7
QQQ,2026-08-20,2026-10-16,P,505.0,228,63,0.4271297521972657,0.82,0.7,0.74
QQQ,2026-08-20,2026-10-16,P,510.0,723,100,0.4206600903320313,0.83,0.75,0.79
QQQ,2026-08-20,2026-10-16,P,515.0,12393,12060,0.414068359375,0.91,0.8,0.84
QQQ,2026-08-20,2026-10-16,P,520.0,4703,4,0.4063780065917969,0.93,0.85,0.88
QQQ,2026-08-20,2026-10-16,P,525.0,4746,7,0.4000304138183594,1.01,0.9,0.94
QQQ,2026-08-20,2026-10-16,P,530.0,1324,10,0.3927062683105469,1.14,0.96,0.99
QQQ,2026-08-20,2026-10-16,P,535.0,726,2,0.3864807446289062,1.18,1.02,1.06
QQQ,2026-08-20,2026-10-16,P,540.0,9348,1784,0.3794007373046875,1.09,1.09,1.12
QQQ,2026-08-20,2026-10-16,P,545.0,975,2,0.37329728271484375,1.31,1.16,1.2
QQQ,2026-08-20,2026-10-16,P,550.0,8577,60,0.36676658630371095,1.34,1.24,1.28
QQQ,2026-08-20,2026-10-16,P,555.0,619,1,0.35999175170898434,1.51,1.32,1.36
QQQ,2026-08-20,2026-10-16,P,560.0,2807,1,0.35346105529785155,1.61,1.42,1.45
QQQ,2026-08-20,2026-10-16,P,565.0,780,32,0.34754070434570306,1.81,1.52,1.56
QQQ,2026-08-20,2026-10-16,P,570.0,1382,5,0.34076586975097656,1.77,1.63,1.66
QQQ,2026-08-20,2026-10-16,P,575.0,5358,7,0.334967587890625,1.97,1.75,1.79
QQQ,2026-08-20,2026-10-16,P,580.0,3971,25,0.3290472369384765,2.0,1.89,1.93
QQQ,2026-08-20,2026-10-16,P,585.0,3850,4,0.32282171325683584,2.24,2.04,2.07
QQQ,2026-08-20,2026-10-16,P,590.0,3876,18,0.3164741204833984,2.26,2.19,2.22
QQQ,2026-08-20,2026-10-16,P,595.0,8575,10,0.31073687316894527,2.53,2.36,2.4
QQQ,2026-08-20,2026-10-16,P,600.0,13515,35,0.30475548767089844,2.72,2.55,2.59
QQQ,2026-08-20,2026-10-16,P,605.0,2954,16,0.29892668853759763,2.91,2.77,2.8
QQQ,2026-08-20,2026-10-16,P,610.0,5906,53,0.2930978894042968,3.15,3.0,3.03
QQQ,2026-08-20,2026-10-16,P,615.0,1689,113,0.2872385729980468,3.37,3.25,3.28
QQQ,2026-08-20,2026-10-16,P,620.0,17809,111,0.2817759811401367,3.68,3.54,3.57
QQQ,2026-08-20,2026-10-16,P,625.0,15575,71,0.2761302856445312,4.03,3.85,3.88
QQQ,2026-08-20,2026-10-16,P,630.0,5134,94,0.270515107421875,4.18,4.19,4.22
QQQ,2026-08-20,2026-10-16,P,635.0,2082,128,0.2653576882934571,4.81,4.58,4.62
QQQ,2026-08-20,2026-10-16,P,640.0,10819,126,0.2600171655273438,5.05,5.0,5.05
QQQ,2026-08-20,2026-10-16,P,645.0,875,170,0.2546461254882813,5.57,5.47,5.52
QQQ,2026-08-20,2026-10-16,P,650.0,20116,3418,0.249732844543457,6.03,6.01,6.07
QQQ,2026-08-20,2026-10-16,P,651.0,193,42,0.24839008453369144,6.52,6.1,6.16
QQQ,2026-08-20,2026-10-16,P,652.0,119,2,0.2474135317993164,6.64,6.22,6.28
QQQ,2026-08-20,2026-10-16,P,653.0,113,3,0.2462843927001953,6.77,6.34,6.39
QQQ,2026-08-20,2026-10-16,P,654.0,204,5,0.24539939178466796,6.82,6.46,6.52
QQQ,2026-08-20,2026-10-16,P,655.0,1944,43,0.24433128723144532,7.0,6.58,6.64
QQQ,2026-08-20,2026-10-16,P,656.0,187,2,0.24323266540527344,7.15,6.7,6.76
QQQ,2026-08-20,2026-10-16,P,657.0,86,3,0.2423781817626953,7.28,6.83,6.9
QQQ,2026-08-20,2026-10-16,P,658.0,106,3,0.24109645629882812,7.42,6.94,7.01
QQQ,2026-08-20,2026-10-16,P,659.0,105,3,0.24030300720214842,7.54,7.09,7.16
QQQ,2026-08-20,2026-10-16,P,660.0,13619,169,0.23920438537597655,7.2,7.23,7.29
QQQ,2026-08-20,2026-10-16,P,661.0,105,46,0.23807524627685545,7.83,7.36,7.42
QQQ,2026-08-20,2026-10-16,P,662.0,1465,47,0.23731231445312498,7.85,7.52,7.58
QQQ,2026-08-20,2026-10-16,P,663.0,410,65,0.23610688217163084,9.01,7.65,7.71
QQQ,2026-08-20,2026-10-16,P,664.0,78,1,0.23538972625732418,8.24,7.81,7.88
QQQ,2026-08-20,2026-10-16,P,665.0,4257,10,0.234108000793457,8.41,7.95,8.01
QQQ,2026-08-20,2026-10-16,P,666.0,288,1,0.2331924826049805,8.74,8.1,8.17
QQQ,2026-08-20,2026-10-16,P,667.0,203,5,0.23209386077880856,8.43,8.26,8.32
QQQ,2026-08-20,2026-10-16,P,668.0,146,3,0.2310867907714844,8.84,8.41,8.48
QQQ,2026-08-20,2026-10-16,P,669.0,85,50,0.22992713439941403,10.33,8.56,8.63
QQQ,2026-08-20,2026-10-16,P,670.0,25017,52,0.22907265075683597,8.81,8.74,8.81
QQQ,2026-08-20,2026-10-16,P,671.0,81,1,0.22818764984130857,10.0,8.91,8.99
QQQ,2026-08-20,2026-10-16,P,672.0,96,1,0.22736368347167968,9.98,9.1,9.18
QQQ,2026-08-20,2026-10-16,P,673.0,692,63,0.22617350982666018,10.96,9.27,9.34
QQQ,2026-08-20,2026-10-16,P,674.0,190,92,0.22516643981933593,11.26,9.45,9.52
QQQ,2026-08-20,2026-10-16,P,675.0,6569,107,0.22422040435791013,9.65,9.64,9.71
QQQ,2026-08-20,2026-10-16,P,676.0,180,3,0.2233506620788574,11.22,9.84,9.91
QQQ,2026-08-20,2026-10-16,P,677.0,232,80,0.22243514389038083,11.77,10.03,10.11
QQQ,2026-08-20,2026-10-16,P,678.0,105,1,0.22126022888183594,10.96,10.21,10.29
QQQ,2026-08-20,2026-10-16,P,679.0,72,1,0.2205888488769531,11.46,10.43,10.52
QQQ,2026-08-20,2026-10-16,P,680.0,25502,314,0.2194291925048828,10.68,10.63,10.71
QQQ,2026-08-20,2026-10-16,P,681.0,293,1,0.21845263977050777,11.97,10.84,10.92
QQQ,2026-08-20,2026-10-16,P,682.0,304,13,0.21741505249023438,12.72,11.05,11.13
QQQ,2026-08-20,2026-10-16,P,683.0,633,4,0.2163469479370117,12.06,11.26,11.34
QQQ,2026-08-20,2026-10-16,P,684.0,127,1,0.2153398779296875,12.61,11.49,11.56
QQQ,2026-08-20,2026-10-16,P,685.0,7073,16,0.21460746337890624,12.27,11.73,11.81
QQQ,2026-08-20,2026-10-16,P,686.0,179,1,0.21360039337158204,12.9,11.95,12.04
QQQ,2026-08-20,2026-10-16,P,687.0,362,5,0.21244073699951171,14.0,12.17,12.26
QQQ,2026-08-20,2026-10-16,P,688.0,441,2,0.2114641842651367,14.91,12.43,12.5
QQQ,2026-08-20,2026-10-16,P,689.0,338,5,0.21071651107788086,12.68,12.68,12.77
QQQ,2026-08-20,2026-10-16,P,690.0,4527,2193,0.20963314788818355,12.95,12.93,13.01
QQQ,2026-08-20,2026-10-16,P,691.0,408,89,0.20888547470092766,14.76,13.19,13.29
QQQ,2026-08-20,2026-10-16,P,692.0,314,105,0.20769530105590817,15.04,13.43,13.53
QQQ,2026-08-20,2026-10-16,P,693.0,306,15,0.20685607604980466,15.32,13.72,13.81
QQQ,2026-08-20,2026-10-16,P,694.0,258,30,0.20557435058593748,15.75,13.97,14.05
QQQ,2026-08-20,2026-10-16,P,695.0,2995,121,0.20462831512451168,14.88,14.24,14.33
QQQ,2026-08-20,2026-10-16,P,696.0,414,7,0.20391115921020508,15.27,14.56,14.64
QQQ,2026-08-20,2026-10-16,P,697.0,195,3,0.202858313293457,16.8,14.82,14.92
QQQ,2026-08-20,2026-10-16,P,698.0,242,2,0.20192753646850586,15.88,15.11,15.22
QQQ,2026-08-20,2026-10-16,P,699.0,990,7,0.20142400146484374,16.95,15.47,15.57
QQQ,2026-08-20,2026-10-16,P,700.0,15794,885,0.20029486236572264,15.77,15.76,15.86
QQQ,2026-08-20,2026-10-16,P,701.0,132,26,0.1994098614501953,16.78,16.07,16.18
QQQ,2026-08-20,2026-10-16,P,702.0,985,14,0.19826546371459958,17.11,16.37,16.48
QQQ,2026-08-20,2026-10-16,P,703.0,200,2,0.19725839370727538,17.55,16.7,16.8
QQQ,2026-08-20,2026-10-16,P,704.0,109,1,0.19692270370483395,18.38,17.11,17.2
QQQ,2026-08-20,2026-10-16,P,705.0,2864,3700,0.1961597718811035,17.5,17.45,17.56
QQQ,2026-08-20,2026-10-16,P,706.0,287,67,0.19506115005493163,19.77,17.78,17.89
QQQ,2026-08-20,2026-10-16,P,707.0,250,4,0.1938252005004883,18.9,18.11,18.21
QQQ,2026-08-20,2026-10-16,P,708.0,290,65,0.1928791650390625,18.44,18.45,18.57
QQQ,2026-08-20,2026-10-16,P,709.0,82,20,0.1918720950317383,20.7,18.82,18.93
QQQ,2026-08-20,2026-10-16,P,710.0,2074,314,0.1906361454772949,19.21,19.18,19.27
QQQ,2026-08-20,2026-10-16,P,711.0,198,19,0.1900410586547852,20.42,19.58,19.69
QQQ,2026-08-20,2026-10-16,P,712.0,325,160,0.18912554046630858,19.9,19.99,20.08
QQQ,2026-08-20,2026-10-16,P,713.0,208,142,0.188484677734375,20.56,20.39,20.51
QQQ,2026-08-20,2026-10-16,P,714.0,249,12,0.1875386422729492,21.76,20.8,20.91
QQQ,2026-08-20,2026-10-16,P,715.0,3276,102,0.18631795135498047,21.25,21.18,21.29
QQQ,2026-08-20,2026-10-16,P,716.0,11471,103,0.18549398498535152,21.7,21.61,21.72
QQQ,2026-08-20,2026-10-16,P,717.0,1508,12,0.18460898406982418,23.02,22.04,22.15
QQQ,2026-08-20,2026-10-16,P,718.0,419,57,0.18355613815307614,23.68,22.45,22.57
QQQ,2026-08-20,2026-10-16,P,719.0,1418,2,0.18288475814819333,24.54,22.92,23.04
QQQ,2026-08-20,2026-10-16,P,720.0,7023,145,0.18222863677978518,23.54,23.41,23.52
QQQ,2026-08-20,2026-10-16,P,721.0,166,7,0.18132837722778317,24.3,23.86,23.98
QQQ,2026-08-20,2026-10-16,P,722.0,222,3,0.18062647994995118,25.8,24.34,24.47
QQQ,2026-08-20,2026-10-16,P,723.0,125,2,0.17939053039550779,27.5,24.8,24.91
QQQ,2026-08-20,2026-10-16,P,724.0,355,25,0.178719150390625,29.09,25.29,25.42
QQQ,2026-08-20,2026-10-16,P,725.0,1618,60,0.17798673583984376,25.6,25.81,25.93
QQQ,2026-08-20,2026-10-16,P,726.0,292,1,0.17707121765136719,27.75,26.29,26.43
QQQ,2026-08-20,2026-10-16,P,727.0,190,12,0.17627776855468752,28.62,26.81,26.95
QQQ,2026-08-20,2026-10-16,P,728.0,888,10,0.1753012158203125,29.46,27.32,27.46
QQQ,2026-08-20,2026-10-16,P,729.0,142,40,0.17479768081665042,29.86,27.89,28.03
QQQ,2026-08-20,2026-10-16,P,730.0,2058,169,0.17377535217285156,29.08,28.4,28.55
QQQ,2026-08-20,2026-10-16,P,731.0,281,80,0.17293612716674805,32.83,28.95,29.1
QQQ,2026-08-20,2026-10-16,P,732.0,400,11,0.17238681625366215,29.61,29.55,29.69
QQQ,2026-08-20,2026-10-16,P,733.0,166,2,0.1714865567016602,32.78,30.09,30.25
QQQ,2026-08-20,2026-10-16,P,734.0,72,3,0.17040319351196292,33.07,30.65,30.8
QQQ,2026-08-20,2026-10-16,P,735.0,724,1,0.16951819259643558,33.75,31.23,31.38
QQQ,2026-08-20,2026-10-16,P,736.0,43,1,0.16846534667968754,33.15,31.79,31.95
QQQ,2026-08-20,2026-10-16,P,737.0,105,3,0.16817543258666995,33.68,32.45,32.61
QQQ,2026-08-20,2026-10-16,P,738.0,16,4,0.1681296566772461,35.91,33.14,33.3
QQQ,2026-08-20,2026-10-16,P,739.0,35,1,0.16629862030029302,36.38,33.66,33.82
QQQ,2026-08-20,2026-10-16,P,740.0,6361,3,0.16547465393066407,35.85,34.3,34.45
QQQ,2026-08-20,2026-10-16,P,741.0,1,1,0.1648643084716797,30.95,34.94,35.11
QQQ,2026-08-20,2026-10-16,P,742.0,5,1,0.16397930755615236,39.5,35.58,35.75
QQQ,2026-08-20,2026-10-16,P,743.0,4,2,0.16329266891479494,36.3,36.25,36.42
QQQ,2026-08-20,2026-10-16,P,745.0,883,2,0.1616599948120117,39.0,37.59,37.76
QQQ,2026-08-20,2026-10-16,P,746.0,9,7,0.16069870071411135,29.84,38.25,38.43
QQQ,2026-08-20,2026-10-16,P,747.0,205,5,0.1599815447998047,29.94,38.96,39.13
QQQ,2026-08-20,2026-10-16,P,748.0,1,1,0.1787496676635742,40.52,39.46,41.61
QQQ,2026-08-20,2026-10-16,P,749.0,2,2,0.16190413299560547,38.25,40.18,40.85
QQQ,2026-08-20,2026-10-16,P,750.0,980,58,0.1611717184448242,41.5,40.72,41.57
QQQ,2026-08-20,2026-10-16,P,755.0,68,15,0.1746603530883789,47.86,44.56,46.68
QQQ,2026-08-20,2026-10-16,P,760.0,207,2,0.1539086074829102,51.23,48.35,49.21
QQQ,2026-08-20,2026-10-16,P,765.0,44,1,0.1715781085205078,56.58,52.37,54.7
QQQ,2026-08-20,2026-10-16,P,770.0,517,7,0.17029638305664066,55.79,56.61,58.93
QQQ,2026-08-20,2026-10-16,P,775.0,107,1,0.1695944857788086,66.53,61.04,63.31
QQQ,2026-08-20,2026-10-16,P,780.0,103,1,0.17035741760253909,67.0,64.58,67.86
QQQ,2026-08-20,2026-10-16,P,785.0,104,1,0.1715781085205078,76.22,70.19,72.5
QQQ,2026-08-20,2026-10-16,P,790.0,3,1,0.17340914489746095,78.57,73.55,77.22
QQQ,2026-08-20,2026-10-16,P,795.0,1,1,0.17740690765380857,78.37,78.46,82.06
QQQ,2026-08-20,2026-10-16,P,800.0,8,11,0.18537191589355467,86.68,83.36,87.06
QQQ,2026-08-20,2026-10-16,P,805.0,10,20,0.19232985412597658,96.51,88.36,92.03
QQQ,2026-08-20,2026-10-16,P,810.0,0,1,0.19818917053222657,89.8,93.35,96.97
QQQ,2026-08-20,2026-10-16,P,815.0,0,24,0.20758849060058593,96.04,98.35,102.03
QQQ,2026-08-20,2026-10-16,P,820.0,0,1,0.21472953247070312,99.11,103.3,107.02
QQQ,2026-08-20,2026-10-16,P,825.0,0,1,0.222114712524414,101.0,108.34,112.02
QQQ,2026-08-20,2026-10-16,P,830.0,0,4,0.22638713073730468,98.14,113.35,116.93
QQQ,2026-08-20,2026-10-16,P,835.0,0,2,0.23651886535644528,112.2,118.36,122.02
QQQ,2026-08-20,2026-10-16,P,840.0,0,2,0.2436599072265625,113.5,123.34,127.02
QQQ,2026-08-20,2026-10-16,P,845.0,0,202,0.25061784545898436,120.25,128.3,132.02
QQQ,2026-08-20,2026-10-16,P,850.0,0,8,0.25440198730468755,125.88,133.34,136.93
QQQ,2026-08-20,2026-10-16,P,855.0,0,1,0.25739268005371096,144.07,138.15,141.83
QQQ,2026-08-20,2026-10-16,P,860.0,1,1,0.2708813146972656,147.58,143.35,147.01
QQQ,2026-08-20,2026-10-16,P,865.0,0,130,0.581882843322754,129.53,169.96,172.14
QQQ,2026-08-20,2026-10-16,P,870.0,0,2,0.5822185333251952,133.19,173.33,177.14
QQQ,2026-08-20,2026-10-16,P,875.0,0,2,0.5953104434204101,138.06,178.92,182.14
QQQ,2026-08-20,2026-10-16,P,880.0,0,6,0.6094094235229494,142.16,184.7,187.14
QQQ,2026-08-20,2026-10-16,P,885.0,0,2,0.6107827008056643,147.88,188.34,192.14
QQQ,2026-08-20,2026-10-16,P,890.0,0,4,0.30676962768554683,158.15,173.31,176.93
QQQ,2026-08-20,2026-10-16,P,895.0,0,0,0.6326788441467286,163.63,198.91,202.14
QQQ,2026-08-20,2026-10-16,P,900.0,0,2,0.319220675048828,180.3,183.34,186.93
QQQ,2026-08-20,2026-10-16,P,910.0,0,1,0.3314275842285156,197.64,193.34,196.93
QQQ,2026-08-20,2026-10-16,P,915.0,0,0,0.6648898257446291,197.51,218.33,222.14
QQQ,2026-08-20,2026-10-16,P,920.0,0,4,0.3452213916015625,231.25,203.35,206.97
QQQ,2026-08-20,2026-10-16,P,925.0,0,1,0.3534000207519531,210.18,208.34,212.02
QQQ,2026-08-20,2026-10-16,P,930.0,0,0,0.35925933715820313,215.2,213.35,217.02
QQQ,2026-08-20,2026-10-16,P,935.0,0,0,0.6990844300842287,217.65,238.33,242.14
QQQ,2026-08-20,2026-10-16,P,940.0,0,0,0.7074156455993652,222.69,243.33,247.14
QQQ,2026-08-20,2026-10-16,P,965.0,0,0,0.3993590338134766,251.76,248.32,252.02
QQQ,2026-08-20,2026-10-16,P,970.0,0,2,0.40491317749023437,257.63,253.34,257.02
QQQ,2026-08-20,2026-11-20,C,360.0,1,1,0.8125629095458984,316.78,356.46,360.16
QQQ,2026-08-20,2026-11-20,C,370.0,1,0,0.7896749548339843,334.01,346.61,350.29
QQQ,2026-08-20,2026-11-20,C,380.0,6,0,0.7674583801269532,325.0,336.74,340.46
QQQ,2026-08-20,2026-11-20,C,400.0,4,4,0.7237576452636718,321.25,317.05,320.75
QQQ,2026-08-20,2026-11-20,C,410.0,1,1,0.7025786578369142,278.43,307.21,310.91
QQQ,2026-08-20,2026-11-20,C,420.0,2,0,0.6820710504150393,294.62,297.38,301.09
QQQ,2026-08-20,2026-11-20,C,430.0,3,0,0.6589389575195312,241.67,287.55,291.08
QQQ,2026-08-20,2026-11-20,C,435.0,7,1,0.6517979156494143,295.15,282.65,286.36
QQQ,2026-08-20,2026-11-20,C,465.0,2,2,0.5926554406738282,265.08,253.23,256.91
QQQ,2026-08-20,2026-11-20,C,480.0,81,164,0.5652509295654298,248.41,238.58,242.29
QQQ,2026-08-20,2026-11-20,C,485.0,28,2,0.5560347131347658,238.81,233.7,237.41
QQQ,2026-08-20,2026-11-20,C,490.0,2,1,0.5466353930664063,236.06,228.83,232.5
QQQ,2026-08-20,2026-11-20,C,500.0,10,1,0.5285996847534181,222.54,219.09,222.76
QQQ,2026-08-20,2026-11-20,C,510.0,3,1,0.5150194982910157,226.32,209.57,213.26
QQQ,2026-08-20,2026-11-20,C,515.0,1,1,0.5053455227661132,191.0,204.72,208.32
QQQ,2026-08-20,2026-11-20,C,525.0,1,1,0.5176134664916993,200.65,194.85,198.55
QQQ,2026-08-20,2026-11-20,C,530.0,2,0,0.5109301837158204,172.22,190.21,193.88
QQQ,2026-08-20,2026-11-20,C,535.0,1,0,0.5018665536499024,144.01,185.21,189.07
QQQ,2026-08-20,2026-11-20,C,540.0,26,1,0.4929249926757813,177.3,180.67,184.27
QQQ,2026-08-20,2026-11-20,C,545.0,1,0,0.4834646380615235,141.0,175.78,179.44
QQQ,2026-08-20,2026-11-20,C,550.0,32,10,0.47235635070800785,176.43,170.98,174.5
QQQ,2026-08-20,2026-11-20,C,555.0,0,4,0.46616134429931644,176.72,166.2,169.9
QQQ,2026-08-20,2026-11-20,C,560.0,2,1,0.45474788421630863,172.2,161.24,164.94
QQQ,2026-08-20,2026-11-20,C,565.0,2,0,0.43613234771728515,129.42,156.49,159.46
QQQ,2026-08-20,2026-11-20,C,570.0,11,3,0.4318904467773438,151.14,151.75,155.01
QQQ,2026-08-20,2026-11-20,C,575.0,5,2,0.4180356048583984,165.9,147.02,149.86
QQQ,2026-08-20,2026-11-20,C,580.0,11,1,0.4100553379821777,162.17,142.32,145.15
QQQ,2026-08-20,2026-11-20,C,585.0,3,0,0.400671276550293,146.4,137.65,140.34
QQQ,2026-08-20,2026-11-20,C,590.0,15,1,0.3931029928588867,132.0,132.96,135.68
QQQ,2026-08-20,2026-11-20,C,595.0,1,1,0.3881134187316894,130.0,128.32,131.25
QQQ,2026-08-20,2026-11-20,C,600.0,29,3,0.3887847987365723,123.2,123.7,127.34
QQQ,2026-08-20,2026-11-20,C,605.0,6,4,0.3729005581665039,125.52,119.11,122.01
QQQ,2026-08-20,2026-11-20,C,610.0,48,1,0.36426416992187505,125.14,114.55,117.32
QQQ,2026-08-20,2026-11-20,C,615.0,3,1,0.35387303848266594,126.87,110.04,112.48
QQQ,2026-08-20,2026-11-20,C,620.0,20,6,0.35147743255615227,117.94,105.52,108.41
QQQ,2026-08-20,2026-11-20,C,625.0,8,2,0.34085742156982424,117.19,102.49,103.58
QQQ,2026-08-20,2026-11-20,C,630.0,31,1,0.3332586206054688,96.92,96.64,99.06
QQQ,2026-08-20,2026-11-20,C,635.0,28,2,0.3300085310363769,98.6,92.27,95.02
QQQ,2026-08-20,2026-11-20,C,640.0,43,2,0.3259955096435546,87.0,88.12,90.95
QQQ,2026-08-20,2026-11-20,C,645.0,21,5,0.3168098104858398,83.3,83.67,86.36
QQQ,2026-08-20,2026-11-20,C,650.0,86,4,0.30989764816284177,78.78,80.94,82.05
QQQ,2026-08-20,2026-11-20,C,655.0,24,17,0.3078987667846679,74.5,75.31,78.35
QQQ,2026-08-20,2026-11-20,C,660.0,210,1,0.2970803935241699,70.79,72.61,73.67
QQQ,2026-08-20,2026-11-20,C,665.0,79,23,0.2910684907531737,70.92,68.68,69.6
QQQ,2026-08-20,2026-11-20,C,670.0,198,3,0.2859721061706542,64.39,64.71,65.7
QQQ,2026-08-20,2026-11-20,C,675.0,462,1,0.28044847976684567,60.22,60.94,61.81
QQQ,2026-08-20,2026-11-20,C,680.0,510,6,0.2752605433654785,54.15,57.16,58.03
QQQ,2026-08-20,2026-11-20,C,685.0,303,7,0.2704998487854004,52.03,53.36,54.38
QQQ,2026-08-20,2026-11-20,C,690.0,642,7,0.26538820556640624,47.77,49.72,50.76
QQQ,2026-08-20,2026-11-20,C,695.0,654,1,0.25987983779907226,43.85,46.27,47.17
QQQ,2026-08-20,2026-11-20,C,700.0,1186,160,0.25382978843688964,42.0,42.95,43.59
QQQ,2026-08-20,2026-11-20,C,705.0,558,3,0.2505415522766113,37.33,39.52,40.49
QQQ,2026-08-20,2026-11-20,C,710.0,1625,67,0.24567404724121095,36.75,36.36,37.27
QQQ,2026-08-20,2026-11-20,C,715.0,800,12,0.2389602471923828,32.18,33.71,33.89
QQQ,2026-08-20,2026-11-20,C,720.0,5736,12,0.23433688034057615,30.48,30.74,30.92
QQQ,2026-08-20,2026-11-20,C,725.0,3944,73,0.2310715321350098,28.19,28.13,28.26
QQQ,2026-08-20,2026-11-20,C,730.0,3706,43,0.22765359756469727,25.64,25.54,25.7
QQQ,2026-08-20,2026-11-20,C,735.0,1428,32,0.223716869354248,23.19,23.06,23.19
QQQ,2026-08-20,2026-11-20,C,740.0,2465,20,0.22078721115112304,20.7,20.82,20.95
QQQ,2026-08-20,2026-11-20,C,745.0,12088,11,0.21744556976318358,18.9,18.64,18.78
QQQ,2026-08-20,2026-11-20,C,750.0,2398,103,0.21530936065673828,16.79,16.79,16.9
QQQ,2026-08-20,2026-11-20,C,755.0,660,40,0.21268487518310547,14.99,14.95,15.08
QQQ,2026-08-20,2026-11-20,C,760.0,3454,49,0.21057918334960937,13.31,13.32,13.45
QQQ,2026-08-20,2026-11-20,C,765.0,623,32,0.2085650433349609,11.4,11.84,11.95
QQQ,2026-08-20,2026-11-20,C,770.0,3346,49,0.20667297241210933,10.56,10.47,10.58
QQQ,2026-08-20,2026-11-20,C,775.0,2093,43,0.20476564285278315,9.4,9.23,9.32
QQQ,2026-08-20,2026-11-20,C,780.0,1845,118,0.20307193420410152,8.21,8.11,8.19
QQQ,2026-08-20,2026-11-20,C,785.0,949,88,0.20218693328857418,6.33,7.16,7.24
QQQ,2026-08-20,2026-11-20,C,790.0,3595,19,0.200554259185791,5.75,6.24,6.31
QQQ,2026-08-20,2026-11-20,C,795.0,694,28,0.19995917236328126,5.11,5.48,5.56
QQQ,2026-08-20,2026-11-20,C,800.0,7560,21,0.198952102355957,4.74,4.77,4.85
QQQ,2026-08-20,2026-11-20,C,805.0,1753,4,0.19844856735229488,3.86,4.19,4.25
QQQ,2026-08-20,2026-11-20,C,810.0,396,7,0.19788399780273438,3.51,3.64,3.71
QQQ,2026-08-20,2026-11-20,C,815.0,481,2,0.19754830780029298,3.04,3.19,3.24
QQQ,2026-08-20,2026-11-20,C,820.0,2332,3,0.19733468688964845,2.54,2.78,2.83
QQQ,2026-08-20,2026-11-20,C,825.0,3066,6,0.196998996887207,2.33,2.42,2.46
QQQ,2026-08-20,2026-11-20,C,830.0,215,2,0.19684641052246094,1.93,2.1,2.14
QQQ,2026-08-20,2026-11-20,C,835.0,3294,1,0.19696847961425779,1.78,1.83,1.87
QQQ,2026-08-20,2026-11-20,C,840.0,450,4,0.19702951416015624,1.59,1.59,1.63
QQQ,2026-08-20,2026-11-20,C,845.0,1652,2,0.19721261779785154,1.23,1.37,1.42
QQQ,2026-08-20,2026-11-20,C,850.0,406,14,0.19748727325439452,1.12,1.19,1.24
QQQ,2026-08-20,2026-11-20,C,855.0,273,31,0.1977619287109375,0.93,1.04,1.08
QQQ,2026-08-20,2026-11-20,C,860.0,338,2,0.19837227416992187,0.8,0.9,0.95
QQQ,2026-08-20,2026-11-20,C,865.0,308,1,0.1992267578125,0.73,0.79,0.84
QQQ,2026-08-20,2026-11-20,C,870.0,359,2,0.1998981378173828,0.64,0.69,0.74
QQQ,2026-08-20,2026-11-20,C,875.0,204,1,0.2005695178222656,0.56,0.6,0.65
QQQ,2026-08-20,2026-11-20,C,880.0,692,4,0.20111882873535153,0.49,0.53,0.57
QQQ,2026-08-20,2026-11-20,C,885.0,271,40,0.20227848510742186,0.58,0.46,0.51
QQQ,2026-08-20,2026-11-20,C,890.0,1079,8,0.20313296874999998,0.41,0.4,0.45
QQQ,2026-08-20,2026-11-20,C,895.0,148,2,0.20410952148437497,0.34,0.36,0.4
QQQ,2026-08-20,2026-11-20,C,900.0,1305,1,0.20459779785156246,0.31,0.31,0.35
QQQ,2026-08-20,2026-11-20,C,905.0,437,1,0.2063067651367187,0.34,0.28,0.32
QQQ,2026-08-20,2026-11-20,C,910.0,988,1,0.20777159423828123,0.26,0.24,0.29
QQQ,2026-08-20,2026-11-20,C,915.0,78,1,0.20899228515624996,0.24,0.21,0.26
QQQ,2026-08-20,2026-11-20,C,920.0,1008,101,0.21070125244140625,0.21,0.21,0.24
QQQ,2026-08-20,2026-11-20,C,925.0,55,1,0.2111895288085937,0.16,0.17,0.21
QQQ,2026-08-20,2026-11-20,C,930.0,150,4,0.2124102197265625,0.14,0.15,0.19
QQQ,2026-08-20,2026-11-20,C,935.0,113,9,0.2148516015625,0.14,0.13,0.18
QQQ,2026-08-20,2026-11-20,C,940.0,399,862,0.215828154296875,0.12,0.12,0.16
QQQ,2026-08-20,2026-11-20,C,945.0,65,5,0.21778125976562498,0.11,0.1,0.15
QQQ,2026-08-20,2026-11-20,C,950.0,2577,254,0.21973436523437498,0.1,0.09,0.14
QQQ,2026-08-20,2026-11-20,C,955.0,203,1,0.22144333251953124,0.12,0.08,0.13
QQQ,2026-08-20,2026-11-20,C,960.0,667,1,0.22315229980468748,0.09,0.07,0.12
QQQ,2026-08-20,2026-11-20,C,965.0,422,1,0.22461712890624996,0.09,0.06,0.11
QQQ,2026-08-20,2026-11-20,C,970.0,1075,1,0.225593681640625,0.06,0.06,0.1
QQQ,2026-08-20,2026-11-20,C,975.0,559,311,0.22901161621093752,0.14,0.05,0.1
QQQ,2026-08-20,2026-11-20,C,980.0,597,125,0.2299881689453125,0.17,0.04,0.09
QQQ,2026-08-20,2026-11-20,C,985.0,717,62,0.2304764453125,0.15,0.04,0.08
QQQ,2026-08-20,2026-11-20,C,990.0,364,50,0.23389437988281248,0.16,0.04,0.08
QQQ,2026-08-20,2026-11-20,C,995.0,653,1,0.2368240380859375,0.07,0.03,0.08
QQQ,2026-08-20,2026-11-20,C,1000.0,16637,44,0.24024197265624997,0.06,0.03,0.08
QQQ,2026-08-20,2026-11-20,C,1005.0,5,1,0.24024197265624997,0.07,0.03,0.07
QQQ,2026-08-20,2026-11-20,C,1010.0,2,1,0.243171630859375,0.16,0.02,0.07
QQQ,2026-08-20,2026-11-20,C,1015.0,1,0,0.2461012890625,0.18,0.02,0.07
QQQ,2026-08-20,2026-11-20,C,1020.0,12,6,0.2461012890625,0.04,0.02,0.06
QQQ,2026-08-20,2026-11-20,C,1025.0,1,0,0.249030947265625,0.13,0.02,0.06
QQQ,2026-08-20,2026-11-20,C,1030.0,4,1,0.25196060546875,0.09,0.01,0.06
QQQ,2026-08-20,2026-11-20,C,1035.0,1,0,0.25489026367187506,0.09,0.01,0.06
QQQ,2026-08-20,2026-11-20,C,1040.0,1,0,0.257819921875,0.08,0.01,0.06
QQQ,2026-08-20,2026-11-20,C,1045.0,5,0,0.260749580078125,0.12,0.01,0.06
QQQ,2026-08-20,2026-11-20,C,1050.0,5,4,0.25977302734375,0.04,0.01,0.05
QQQ,2026-08-20,2026-11-20,C,1055.0,6,5,0.26270268554687504,0.11,0.01,0.05
QQQ,2026-08-20,2026-11-20,C,1060.0,9,10,0.264655791015625,0.05,0.0,0.05
QQQ,2026-08-20,2026-11-20,C,1065.0,2,0,0.26758544921875,0.14,0.0,0.05
QQQ,2026-08-20,2026-11-20,C,1070.0,285,305,0.270515107421875,0.05,0.0,0.05
QQQ,2026-08-20,2026-11-20,C,1075.0,13,10,0.273444765625,0.06,0.0,0.05
QQQ,2026-08-20,2026-11-20,C,1080.0,2024,324,0.27149166015625,0.05,0.0,0.04
QQQ,2026-08-20,2026-11-20,C,1085.0,27835,20,0.273444765625,0.02,0.0,0.04
QQQ,2026-08-20,2026-11-20,P,350.0,287,1,0.5795940478515625,0.34,0.31,0.36
QQQ,2026-08-20,2026-11-20,P,355.0,47,2,0.5717816259765626,0.34,0.33,0.37
QQQ,2026-08-20,2026-11-20,P,360.0,116,1,0.5649457568359376,0.38,0.35,0.39
QQQ,2026-08-20,2026-11-20,P,365.0,63,1,0.5571333349609376,0.42,0.36,0.41
QQQ,2026-08-20,2026-11-20,P,370.0,105,2,0.5510298803710938,0.41,0.39,0.43
QQQ,2026-08-20,2026-11-20,P,375.0,13,1,0.543949873046875,0.46,0.41,0.45
QQQ,2026-08-20,2026-11-20,P,380.0,55,1,0.5376022802734376,0.47,0.43,0.48
QQQ,2026-08-20,2026-11-20,P,385.0,38,1,0.5302781347656251,0.53,0.45,0.5
QQQ,2026-08-20,2026-11-20,P,390.0,144,4,0.523442265625,0.52,0.48,0.52
QQQ,2026-08-20,2026-11-20,P,395.0,28,1,0.5168505346679688,0.58,0.5,0.55
QQQ,2026-08-20,2026-11-20,P,400.0,173,4,0.5105029418945313,0.56,0.53,0.58
QQQ,2026-08-20,2026-11-20,P,405.0,8,1,0.5041553491210937,0.64,0.56,0.61
QQQ,2026-08-20,2026-11-20,P,410.0,165,1,0.5002491381835938,0.69,0.59,0.64
QQQ,2026-08-20,2026-11-20,P,415.0,24,1,0.4935353381347657,0.68,0.63,0.67
QQQ,2026-08-20,2026-11-20,P,420.0,21,2,0.4866994689941406,0.72,0.66,0.7
QQQ,2026-08-20,2026-11-20,P,425.0,182,1,0.48071808349609374,0.78,0.69,0.74
QQQ,2026-08-20,2026-11-20,P,430.0,197,1,0.47461462890625,0.83,0.73,0.78
QQQ,2026-08-20,2026-11-20,P,435.0,87,70,0.4682670361328125,0.75,0.77,0.82
QQQ,2026-08-20,2026-11-20,P,440.0,454,1,0.46191944335937507,0.83,0.81,0.86
QQQ,2026-08-20,2026-11-20,P,445.0,561,1,0.4554497814941406,0.93,0.85,0.9
QQQ,2026-08-20,2026-11-20,P,450.0,158,1,0.4495904650878906,0.97,0.9,0.95
QQQ,2026-08-20,2026-11-20,P,455.0,192,1,0.44287666503906253,1.07,0.95,0.99
QQQ,2026-08-20,2026-11-20,P,460.0,987,3,0.4373835559082031,1.12,1.0,1.05
QQQ,2026-08-20,2026-11-20,P,465.0,32,2,0.43103596313476567,1.1,1.06,1.1
QQQ,2026-08-20,2026-11-20,P,470.0,1317,102,0.42529871582031253,1.21,1.11,1.16
QQQ,2026-08-20,2026-11-20,P,475.0,198,1,0.4193173303222656,1.31,1.18,1.22
QQQ,2026-08-20,2026-11-20,P,480.0,122,1,0.4137631866455078,1.3,1.24,1.29
QQQ,2026-08-20,2026-11-20,P,485.0,74,1,0.4080259393310547,1.38,1.31,1.36
QQQ,2026-08-20,2026-11-20,P,490.0,21,1,0.40161731201171874,1.42,1.38,1.42
QQQ,2026-08-20,2026-11-20,P,495.0,115,2,0.3965514447021484,1.53,1.46,1.51
QQQ,2026-08-20,2026-11-20,P,500.0,820,37,0.3903259210205078,1.56,1.54,1.58
QQQ,2026-08-20,2026-11-20,P,505.0,80,1,0.38483281188964835,1.76,1.63,1.67
QQQ,2026-08-20,2026-11-20,P,510.0,276,10,0.37915659912109373,1.95,1.72,1.76
QQQ,2026-08-20,2026-11-20,P,515.0,181,18,0.3737245245361328,2.11,1.82,1.86
QQQ,2026-08-20,2026-11-20,P,520.0,69,3,0.36804831176757813,2.12,1.92,1.96
QQQ,2026-08-20,2026-11-20,P,525.0,113,2,0.3629214099121094,2.19,2.03,2.08
QQQ,2026-08-20,2026-11-20,P,530.0,244,1,0.35748933532714844,2.38,2.16,2.2
QQQ,2026-08-20,2026-11-20,P,535.0,124,2637,0.3522403643798828,2.37,2.29,2.33
QQQ,2026-08-20,2026-11-20,P,540.0,723,1,0.3467472552490234,2.65,2.42,2.46
QQQ,2026-08-20,2026-11-20,P,545.0,139,1,0.3415593188476562,2.76,2.56,2.61
QQQ,2026-08-20,2026-11-20,P,550.0,551,1,0.33646293426513674,3.01,2.73,2.77
QQQ,2026-08-20,2026-11-20,P,555.0,293,1,0.33136654968261714,3.05,2.89,2.94
QQQ,2026-08-20,2026-11-20,P,560.0,411,12,0.3262091305541992,3.55,3.08,3.12
QQQ,2026-08-20,2026-11-20,P,565.0,304,81,0.32129584960937496,3.41,3.28,3.32
QQQ,2026-08-20,2026-11-20,P,570.0,889,2,0.31629101684570304,3.76,3.49,3.53
QQQ,2026-08-20,2026-11-20,P,575.0,1053,154,0.31140825317382803,3.78,3.71,3.76
QQQ,2026-08-20,2026-11-20,P,580.0,4954,119,0.30643393768310545,3.97,3.96,4.0
QQQ,2026-08-20,2026-11-20,P,585.0,489,160,0.30170376037597657,4.8,4.22,4.27
QQQ,2026-08-20,2026-11-20,P,590.0,1155,428,0.29703461761474603,4.68,4.5,4.56
QQQ,2026-08-20,2026-11-20,P,595.0,759,6,0.29233495758056627,5.65,4.82,4.87
QQQ,2026-08-20,2026-11-20,P,600.0,5886,225,0.2876047802734374,5.26,5.15,5.2
QQQ,2026-08-20,2026-11-20,P,605.0,481,4,0.2829661547851562,5.75,5.5,5.56
QQQ,2026-08-20,2026-11-20,P,610.0,997,39,0.27854115020751957,6.13,5.9,5.96
QQQ,2026-08-20,2026-11-20,P,615.0,1377,6,0.2739788179016113,6.54,6.31,6.38
QQQ,2026-08-20,2026-11-20,P,620.0,5205,35,0.2695385546875,7.04,6.77,6.84
QQQ,2026-08-20,2026-11-20,P,625.0,4317,10,0.26491518783569334,7.4,7.25,7.32
QQQ,2026-08-20,2026-11-20,P,630.0,4812,117,0.26070380416870115,8.09,7.8,7.87
QQQ,2026-08-20,2026-11-20,P,635.0,2421,3,0.2564619032287598,8.79,8.38,8.46
QQQ,2026-08-20,2026-11-20,P,640.0,3683,134,0.25196060546875,9.27,8.99,9.07
QQQ,2026-08-20,2026-11-20,P,645.0,2530,23,0.24790180816650392,9.74,9.68,9.77
QQQ,2026-08-20,2026-11-20,P,650.0,7987,623,0.24388878677368164,10.48,10.43,10.53
QQQ,2026-08-20,2026-11-20,P,655.0,2551,61,0.2395248167419433,11.54,11.21,11.31
QQQ,2026-08-20,2026-11-20,P,660.0,5444,6,0.2356033471679687,12.73,12.09,12.2
QQQ,2026-08-20,2026-11-20,P,665.0,1840,4,0.2314224807739258,13.63,13.03,13.13
QQQ,2026-08-20,2026-11-20,P,670.0,4883,635,0.22731790756225584,14.35,14.04,14.14
QQQ,2026-08-20,2026-11-20,P,675.0,3405,5,0.22347273117065425,15.15,15.15,15.26
QQQ,2026-08-20,2026-11-20,P,680.0,11087,520,0.21933764068603517,16.3,16.33,16.43
QQQ,2026-08-20,2026-11-20,P,685.0,3426,8,0.2158128956604004,19.28,17.65,17.77
QQQ,2026-08-20,2026-11-20,P,690.0,8084,256,0.21169306381225583,19.24,18.99,19.13
QQQ,2026-08-20,2026-11-20,P,695.0,1870,11,0.20775633560180662,21.15,20.49,20.62
QQQ,2026-08-20,2026-11-20,P,700.0,4821,159,0.20438417694091793,22.35,22.16,22.3
QQQ,2026-08-20,2026-11-20,P,705.0,1657,42,0.20064581100463863,24.17,23.9,24.05
QQQ,2026-08-20,2026-11-20,P,710.0,1812,181,0.1964344273376465,26.65,25.71,25.86
QQQ,2026-08-20,2026-11-20,P,715.0,1292,26,0.1923451127624512,28.62,27.67,27.82
QQQ,2026-08-20,2026-11-20,P,720.0,3672,9,0.18903398864746096,29.91,29.86,30.03
QQQ,2026-08-20,2026-11-20,P,725.0,12331,16,0.18607381317138671,33.18,32.24,32.44
QQQ,2026-08-20,2026-11-20,P,730.0,1305,47,0.18169458450317383,35.17,34.67,34.8
QQQ,2026-08-20,2026-11-20,P,735.0,448,1,0.17816983947753906,38.36,37.24,37.44
QQQ,2026-08-20,2026-11-20,P,740.0,229,2,0.17461457717895512,42.78,40.01,40.24
QQQ,2026-08-20,2026-11-20,P,745.0,29,2,0.17554535400390625,42.69,42.89,43.79
QQQ,2026-08-20,2026-11-20,P,750.0,602,88,0.1715781085205078,47.55,45.98,46.85
QQQ,2026-08-20,2026-11-20,P,755.0,28,2,0.1687857780456543,45.29,49.3,50.22
QQQ,2026-08-20,2026-11-20,P,760.0,45,2,0.1697318135070801,54.41,52.77,54.17
QQQ,2026-08-20,2026-11-20,P,765.0,13,1,0.16654275848388678,47.77,54.8,57.78
QQQ,2026-08-20,2026-11-20,P,770.0,45,1,0.16104964935302735,61.62,60.17,61.32
QQQ,2026-08-20,2026-11-20,P,775.0,7,5,0.16021042434692384,66.6,64.1,65.46
QQQ,2026-08-20,2026-11-20,P,780.0,260,1,0.15161981201171876,69.24,68.1,69.09
QQQ,2026-08-20,2026-11-20,P,785.0,277,10,0.15226067474365235,58.63,72.38,73.59
QQQ,2026-08-20,2026-11-20,P,790.0,558,19,0.149422568359375,73.52,76.71,77.94
QQQ,2026-08-20,2026-11-20,P,795.0,620,197,0.1471642901611328,77.26,79.69,82.43
QQQ,2026-08-20,2026-11-20,P,800.0,1078,37,0.14154911193847658,89.39,84.24,86.86
QQQ,2026-08-20,2026-11-20,P,805.0,894,1,0.14710325561523438,87.45,88.89,91.84
QQQ,2026-08-20,2026-11-20,P,810.0,364,6,0.15961533752441404,84.53,93.7,97.12
QQQ,2026-08-20,2026-11-20,P,815.0,62,20,0.166573275756836,102.0,98.42,102.16
QQQ,2026-08-20,2026-11-20,P,820.0,0,1210,0.1656882748413086,111.52,103.2,106.88
QQQ,2026-08-20,2026-11-20,P,825.0,0,2,0.1754843194580078,95.05,108.36,112.04
QQQ,2026-08-20,2026-11-20,P,830.0,0,2,0.18097742858886717,117.55,113.35,117.03
QQQ,2026-08-20,2026-11-20,P,835.0,0,0,0.18665364135742188,102.67,118.31,122.03
QQQ,2026-08-20,2026-11-20,P,840.0,0,2,0.1895527822875977,120.17,123.33,126.93
QQQ,2026-08-20,2026-11-20,P,845.0,0,4,0.19751779052734375,121.09,128.3,132.02
QQQ,2026-08-20,2026-11-20,P,850.0,0,2,0.20294986511230467,116.41,133.34,137.02
QQQ,2026-08-20,2026-11-20,P,855.0,0,0,0.20581848876953124,127.45,138.21,141.93
QQQ,2026-08-20,2026-11-20,P,860.0,0,0,0.21253228881835937,135.45,143.34,146.98
QQQ,2026-08-20,2026-11-20,P,865.0,0,0,0.21631643066406248,139.52,148.34,151.93
QQQ,2026-08-20,2026-11-20,P,870.0,0,0,0.22391523162841792,143.38,153.35,157.01
QQQ,2026-08-20,2026-11-20,P,875.0,0,0,0.22907265075683597,149.51,158.3,162.01
QQQ,2026-08-20,2026-11-20,P,880.0,0,1680,0.23419955261230468,158.69,163.3,167.01
QQQ,2026-08-20,2026-11-20,P,885.0,0,0,0.23926541992187497,153.47,168.34,172.01
QQQ,2026-08-20,2026-11-20,P,890.0,0,2,0.2442702526855469,177.6,173.3,177.01
QQQ,2026-08-20,2026-11-20,P,895.0,0,0,0.24665059997558597,162.57,178.3,181.93
QQQ,2026-08-20,2026-11-20,P,900.0,0,8,0.25318129638671877,205.7,183.3,186.98
QQQ,2026-08-20,2026-11-20,P,905.0,0,0,0.2590406127929688,191.2,188.3,192.01
QQQ,2026-08-20,2026-11-20,P,935.0,0,0,0.2845530529785155,246.65,218.34,221.93
QQQ,2026-08-20,2026-11-20,P,940.0,0,0,0.2890696093749999,231.02,223.34,226.93
QQQ,2026-08-20,2026-11-20,P,945.0,0,0,0.2954172021484375,256.16,228.34,231.98
QQQ,2026-08-20,2026-11-20,P,950.0,0,40,0.2981027221679687,261.65,233.15,236.93
QQQ,2026-08-20,2026-11-20,P,955.0,0,80,0.30438928039550783,266.02,238.31,241.98
QQQ,2026-08-20,2026-11-20,P,965.0,0,0,0.3112861840820312,276.13,248.35,251.93
QQQ,2026-08-20,2026-11-20,P,970.0,0,0,0.3175117077636719,281.48,253.31,256.98
QQQ,2026-08-20,2026-11-20,P,980.0,0,0,0.32416447326660147,291.54,263.34,266.93
QQQ,2026-08-20,2026-11-20,P,990.0,0,0,0.33618827880859375,301.47,273.34,277.02
QQQ,2026-08-20,2026-11-20,P,1005.0,0,0,0.348639326171875,316.81,288.34,292.02
QQQ,2026-08-20,2026-11-20,P,1010.0,0,0,0.35278967529296873,322.09,293.34,297.02
QQQ,2026-08-20,2026-11-20,P,1025.0,0,0,0.36121244262695307,335.52,308.35,311.93
QQQ,2026-08-20,2026-11-20,P,1035.0,0,0,0.3728700408935547,345.8,318.34,322.02
QQQ,2026-08-20,2026-11-20,P,1045.0,0,0,0.3807434973144531,355.82,328.32,332.02
QQQ,2026-08-20,2026-11-20,P,1065.0,0,0,0.3961242028808594,376.15,348.35,352.02
QQQ,2026-08-20,2026-11-20,P,1070.0,0,0,0.39813834289550787,380.87,353.14,356.98
QQQ,2026-08-20,2026-11-20,P,1075.0,0,0,0.4036314520263672,386.23,358.32,362.02
QQQ,2026-08-20,2026-12-18,C,204.78,264,5,1.1546673126220701,503.5,510.58,514.17
QQQ,2026-08-20,2026-12-18,C,209.78,231,30,1.1376996240234376,473.24,505.66,509.21
QQQ,2026-08-20,2026-12-18,C,214.78,27,6,1.2636755566406248,456.85,503.19,506.94
QQQ,2026-08-20,2026-12-18,C,219.78,51,1,1.1060835711669925,499.72,495.81,499.34
QQQ,2026-08-20,2026-12-18,C,224.78,6,1,1.0000000000000003e-05,405.01,403.96,407.84
QQQ,2026-08-20,2026-12-18,C,229.78,0,5,1.0000000000000003e-05,248.0,0.0,0.0
QQQ,2026-08-20,2026-12-18,C,234.78,0,5,1.0000000000000003e-05,244.0,0.0,0.0
QQQ,2026-08-20,2026-12-18,C,239.78,0,1,1.0000000000000003e-05,494.95,0.0,0.0
QQQ,2026-08-20,2026-12-18,C,244.78,40,1,1.0000000000000003e-05,329.25,371.26,375.17
QQQ,2026-08-20,2026-12-18,C,249.78,99,1,1.1511272912597654,417.3,469.0,472.89
QQQ,2026-08-20,2026-12-18,C,250.0,104,2,1.0206347796630861,454.0,466.06,469.64
QQQ,2026-08-20,2026-12-18,C,254.78,132,2,1.0000000000000003e-05,482.0,442.43,446.12
QQQ,2026-08-20,2026-12-18,C,255.0,1,0,1.0000000000000003e-05,360.92,454.85,458.79
QQQ,2026-08-20,2026-12-18,C,259.78,0,2,1.0000000000000003e-05,362.08,0.0,0.0
QQQ,2026-08-20,2026-12-18,C,260.0,2,2,1.0000000000000003e-05,373.97,449.91,454.25
QQQ,2026-08-20,2026-12-18,C,264.78,41,5,1.0000000000000003e-05,219.5,259.0,264.0
QQQ,2026-08-20,2026-12-18,C,269.78,124,1,1.0000000000000003e-05,289.89,337.67,341.54
QQQ,2026-08-20,2026-12-18,C,274.78,52,1,0.9551396087646484,446.4,441.68,445.26
QQQ,2026-08-20,2026-12-18,C,275.0,0,1,1.0000000000000003e-05,461.18,0.0,0.0
QQQ,2026-08-20,2026-12-18,C,279.78,44,1,1.0000000000000003e-05,331.8,374.49,377.51
QQQ,2026-08-20,2026-12-18,C,284.78,23,2,1.0783737487792968,439.65,436.02,439.44
QQQ,2026-08-20,2026-12-18,C,285.0,7,0,1.0000000000000003e-05,348.95,346.47,350.35
QQQ,2026-08-20,2026-12-18,C,289.78,19,1,0.917115086669922,430.75,426.93,430.48
QQQ,2026-08-20,2026-12-18,C,294.78,57,1,1.0524339370727542,425.4,426.26,429.88
QQQ,2026-08-20,2026-12-18,C,295.0,9,46,1.458712423248291,424.66,444.74,448.17
QQQ,2026-08-20,2026-12-18,C,299.78,122,4,1.0000000000000003e-05,443.9,398.46,402.15
QQQ,2026-08-20,2026-12-18,C,300.0,7,1,0.891480577392578,376.92,416.88,420.39
QQQ,2026-08-20,2026-12-18,C,304.78,123,1,1.0000000000000003e-05,314.85,313.89,317.65
QQQ,2026-08-20,2026-12-18,C,309.78,68,1,0.8701795208740235,390.82,407.26,410.87
QQQ,2026-08-20,2026-12-18,C,310.0,4,1,1.0000000000000003e-05,434.39,388.48,392.19
QQQ,2026-08-20,2026-12-18,C,314.78,47,5,0.9814149807739257,348.5,406.13,409.86
QQQ,2026-08-20,2026-12-18,C,319.78,0,1,1.0000000000000003e-05,284.78,0.0,0.0
QQQ,2026-08-20,2026-12-18,C,320.0,13,10,1.0000000000000003e-05,424.91,378.73,382.45
QQQ,2026-08-20,2026-12-18,C,324.78,37,3,1.0000000000000003e-05,302.41,297.15,301.01
QQQ,2026-08-20,2026-12-18,C,325.0,10,8,0.8314836187744139,410.3,392.31,395.7
QQQ,2026-08-20,2026-12-18,C,329.78,27,1,1.0000000000000003e-05,267.2,326.5,329.6
QQQ,2026-08-20,2026-12-18,C,330.0,5,3,0.8204363659667968,355.0,387.39,390.8
QQQ,2026-08-20,2026-12-18,C,334.78,0,1,1.0000000000000003e-05,244.5,0.0,0.0
QQQ,2026-08-20,2026-12-18,C,335.0,3,1,1.0000000000000003e-05,264.8,321.51,324.4
QQQ,2026-08-20,2026-12-18,C,339.78,22,3,0.931366653137207,376.72,382.54,385.84
QQQ,2026-08-20,2026-12-18,C,340.0,5,4,1.0000000000000003e-05,300.5,282.84,286.7
QQQ,2026-08-20,2026-12-18,C,344.78,197,1,0.7905294384765625,391.97,372.88,376.42
QQQ,2026-08-20,2026-12-18,C,345.0,13,6,0.7930318548583983,378.4,372.86,376.19
QQQ,2026-08-20,2026-12-18,C,349.78,423,1,0.7824728784179689,367.72,368.0,371.65
QQQ,2026-08-20,2026-12-18,C,350.0,15,2,0.7788718402099608,378.3,367.76,371.26
QQQ,2026-08-20,2026-12-18,C,354.78,0,2,1.0000000000000003e-05,371.81,0.0,0.0
QQQ,2026-08-20,2026-12-18,C,355.0,3,1,1.0000000000000003e-05,253.93,280.69,284.12
QQQ,2026-08-20,2026-12-18,C,359.78,0,1,1.0000000000000003e-05,383.8,0.0,0.0
QQQ,2026-08-20,2026-12-18,C,360.0,14,1,0.7600732000732424,377.73,357.95,361.59
QQQ,2026-08-20,2026-12-18,C,364.78,0,3,1.0000000000000003e-05,251.41,0.0,0.0
QQQ,2026-08-20,2026-12-18,C,365.0,6,2,0.7497583618164063,327.31,353.24,356.5
QQQ,2026-08-20,2026-12-18,C,369.78,52,1,0.7382533499145507,359.05,348.36,351.89
QQQ,2026-08-20,2026-12-18,C,370.0,310,1,0.7390162817382812,352.59,348.15,351.75
QQQ,2026-08-20,2026-12-18,C,374.78,68,20,0.7278469598388673,343.24,343.46,346.97
QQQ,2026-08-20,2026-12-18,C,375.0,7,1,0.7316921362304687,321.88,343.54,346.76
QQQ,2026-08-20,2026-12-18,C,379.78,0,1,1.0000000000000003e-05,363.1,0.0,0.0
QQQ,2026-08-20,2026-12-18,C,380.0,0,1,1.0000000000000003e-05,356.8,0.0,0.0
QQQ,2026-08-20,2026-12-18,C,384.78,31,1,0.8274553387451171,316.0,338.87,342.36
QQQ,2026-08-20,2026-12-18,C,385.0,52,41,0.7097196997070312,338.43,333.65,336.92
QQQ,2026-08-20,2026-12-18,C,389.78,46,2,0.5944864770507813,230.7,325.05,329.54
QQQ,2026-08-20,2026-12-18,C,390.0,106,16,0.6994658959960938,314.95,328.55,332.2
QQQ,2026-08-20,2026-12-18,C,394.78,0,1,1.0000000000000003e-05,326.09,0.0,0.0
QQQ,2026-08-20,2026-12-18,C,395.0,0,3,1.0000000000000003e-05,312.0,0.0,0.0
QQQ,2026-08-20,2026-12-18,C,399.78,247,2,1.0000000000000003e-05,332.11,301.35,305.06
QQQ,2026-08-20,2026-12-18,C,400.0,362,1,0.6794465649414063,323.0,318.77,322.36
QQQ,2026-08-20,2026-12-18,C,404.78,0,3,1.0000000000000003e-05,348.82,0.0,0.0
QQQ,2026-08-20,2026-12-18,C,405.0,32,17,0.6715120739746094,319.07,314.08,317.4
QQQ,2026-08-20,2026-12-18,C,409.78,66,1,0.6628451684570313,307.57,309.41,312.76
QQQ,2026-08-20,2026-12-18,C,410.0,127,3,0.6596713720703126,307.38,308.99,312.52
QQQ,2026-08-20,2026-12-18,C,414.78,85,1,1.0000000000000003e-05,327.63,286.9,290.61
QQQ,2026-08-20,2026-12-18,C,415.0,21,3,0.651492742919922,310.55,304.11,307.73
QQQ,2026-08-20,2026-12-18,C,419.78,40,2,1.0000000000000003e-05,332.01,282.1,285.73
QQQ,2026-08-20,2026-12-18,C,420.0,166,5,0.6422765264892578,312.0,299.23,302.85
QQQ,2026-08-20,2026-12-18,C,424.78,184,3,0.6329077236938477,310.6,294.56,298.14
QQQ,2026-08-20,2026-12-18,C,425.0,96,1,0.6325109991455078,310.78,294.35,297.92
QQQ,2026-08-20,2026-12-18,C,429.78,117,4,0.6239661627197266,300.72,289.69,293.27
QQQ,2026-08-20,2026-12-18,C,430.0,1484,26,0.6242103009033204,292.48,289.47,293.12
QQQ,2026-08-20,2026-12-18,C,434.78,137,19,0.6144142562866212,271.01,284.81,288.35
QQQ,2026-08-20,2026-12-18,C,435.0,44,2,0.6140175317382813,287.6,284.6,288.13
QQQ,2026-08-20,2026-12-18,C,439.78,899,1,0.606144075317383,241.54,279.94,283.54
QQQ,2026-08-20,2026-12-18,C,440.0,817,1,0.6064797653198243,282.73,279.74,283.38
QQQ,2026-08-20,2026-12-18,C,444.78,1386,1,0.597782342529297,296.0,275.07,278.72
QQQ,2026-08-20,2026-12-18,C,445.0,22,1,0.5970499279785157,272.38,274.86,278.47
QQQ,2026-08-20,2026-12-18,C,449.78,32,1,0.6923248541259766,270.0,276.31,279.64
QQQ,2026-08-20,2026-12-18,C,450.0,1265,3,0.5888712988281251,275.74,270.01,273.65
QQQ,2026-08-20,2026-12-18,C,454.78,203,1,0.6931183032226562,259.71,271.94,275.82
QQQ,2026-08-20,2026-12-18,C,455.0,28,1,0.5800823242187501,261.51,265.13,268.8
QQQ,2026-08-20,2026-12-18,C,459.78,216,2,0.571995246887207,227.1,260.49,264.17
QQQ,2026-08-20,2026-12-18,C,460.0,438,1,0.5705304177856446,278.24,260.27,263.85
QQQ,2026-08-20,2026-12-18,C,464.78,138,1,0.5632978240966797,251.0,255.63,259.31
QQQ,2026-08-20,2026-12-18,C,465.0,19,1,0.6757234576416018,224.19,262.34,266.22
QQQ,2026-08-20,2026-12-18,C,469.78,630,1,0.5549055740356447,246.47,250.8,254.45
QQQ,2026-08-20,2026-12-18,C,470.0,1903,2,0.5545088494873047,253.88,250.57,254.25
QQQ,2026-08-20,2026-12-18,C,474.78,146,1,0.6479222219848633,244.4,252.56,256.03
QQQ,2026-08-20,2026-12-18,C,475.0,100,1,0.5461776339721681,265.42,245.73,249.41
QQQ,2026-08-20,2026-12-18,C,479.78,148,1,0.637424280090332,253.45,247.78,251.11
QQQ,2026-08-20,2026-12-18,C,480.0,3122,12,0.5377548666381836,243.54,240.91,244.54
QQQ,2026-08-20,2026-12-18,C,484.78,420,1,0.5293931338500978,256.5,236.28,239.87
QQQ,2026-08-20,2026-12-18,C,485.0,29,1,0.5289964093017578,232.43,236.06,239.66
QQQ,2026-08-20,2026-12-18,C,489.78,854,4,1.0000000000000003e-05,263.0,215.63,219.33
QQQ,2026-08-20,2026-12-18,C,490.0,467,2,0.5197191583251952,209.51,231.24,234.69
QQQ,2026-08-20,2026-12-18,C,494.78,565,2,0.5137377728271484,214.65,226.63,230.29
QQQ,2026-08-20,2026-12-18,C,495.0,56,10,0.5136462210083007,230.43,226.43,230.1
QQQ,2026-08-20,2026-12-18,C,499.78,322,1,0.504460521850586,227.1,221.83,225.3
QQQ,2026-08-20,2026-12-18,C,500.0,6154,1,0.505162419128418,221.39,221.61,225.23
QQQ,2026-08-20,2026-12-18,C,504.78,1899,1,0.5253038192749023,199.02,217.02,220.69
QQQ,2026-08-20,2026-12-18,C,505.0,90,2,0.5249376119995117,236.03,216.81,220.48
QQQ,2026-08-20,2026-12-18,C,509.78,0,2,1.0000000000000003e-05,241.88,0.0,0.0
QQQ,2026-08-20,2026-12-18,C,510.0,4030,1,0.5166369137573242,232.42,212.01,215.69
QQQ,2026-08-20,2026-12-18,C,514.78,96,1,0.5087634573364258,211.14,207.43,211.12
QQQ,2026-08-20,2026-12-18,C,515.0,1452,1,0.5078631977844239,216.13,207.21,210.87
QQQ,2026-08-20,2026-12-18,C,519.78,694,1,0.4997303445434571,211.35,202.64,206.28
QQQ,2026-08-20,2026-12-18,C,520.0,721,7,0.49989818954467774,201.23,202.43,206.11
QQQ,2026-08-20,2026-12-18,C,524.78,0,3,1.0000000000000003e-05,212.52,0.0,0.0
QQQ,2026-08-20,2026-12-18,C,525.0,408,2,0.48898826446533217,202.99,197.65,201.13
QQQ,2026-08-20,2026-12-18,C,529.78,279,10,0.4838003280639649,197.68,193.09,196.77
QQQ,2026-08-20,2026-12-18,C,530.0,2512,1,0.4821523953247071,191.5,192.89,196.46
QQQ,2026-08-20,2026-12-18,C,534.78,694,1,0.4758353198242187,199.9,188.34,192.02
QQQ,2026-08-20,2026-12-18,C,535.0,241,6,0.47510290527343746,198.99,188.13,191.78
QQQ,2026-08-20,2026-12-18,C,539.78,1145,1,0.4668327243041992,200.46,183.59,187.19
QQQ,2026-08-20,2026-12-18,C,540.0,4231,18,0.4667106552124024,183.4,183.39,187.0
QQQ,2026-08-20,2026-12-18,C,544.78,238,1,0.4452264950561523,190.89,178.86,181.33
QQQ,2026-08-20,2026-12-18,C,545.0,1191,20,0.44350226913452145,184.66,179.78,181.01
QQQ,2026-08-20,2026-12-18,C,549.78,3010,10,0.4457147714233398,185.22,174.14,177.27
QQQ,2026-08-20,2026-12-18,C,550.0,3636,6,0.4347590704345704,179.48,175.18,176.18
QQQ,2026-08-20,2026-12-18,C,554.78,151,2,0.43039510040283213,181.52,169.43,171.9
QQQ,2026-08-20,2026-12-18,C,555.0,288,1,0.4281368222045898,175.58,170.56,171.53
QQQ,2026-08-20,2026-12-18,C,559.78,119,1,0.4244137149047852,172.98,164.74,167.32
QQQ,2026-08-20,2026-12-18,C,560.0,861,2,0.42105681488037117,172.57,165.51,166.85
QQQ,2026-08-20,2026-12-18,C,564.78,516,2,0.510594493713379,176.1,168.97,171.72
QQQ,2026-08-20,2026-12-18,C,565.0,567,3,0.4139768075561523,165.01,161.1,162.18
QQQ,2026-08-20,2026-12-18,C,569.78,870,60,0.41481603256225585,154.11,155.41,158.42
QQQ,2026-08-20,2026-12-18,C,570.0,3460,3,0.4073393006896973,172.12,156.59,157.56
QQQ,2026-08-20,2026-12-18,C,574.78,263,2,0.4023497265625,163.42,150.77,153.28
QQQ,2026-08-20,2026-12-18,C,575.0,338,10,0.3991759301757813,154.9,151.63,152.81
QQQ,2026-08-20,2026-12-18,C,579.78,338,2,0.3957427369689942,154.81,146.71,148.69
QQQ,2026-08-20,2026-12-18,C,580.0,1254,1,0.3923248023986816,145.97,147.02,148.19
QQQ,2026-08-20,2026-12-18,C,584.78,2896,1,0.38817445327758787,111.87,142.29,144.02
QQQ,2026-08-20,2026-12-18,C,585.0,852,18,0.4001830001831055,149.7,142.15,145.04
QQQ,2026-08-20,2026-12-18,C,589.78,1381,2,0.3818116018676757,143.88,137.75,139.48
QQQ,2026-08-20,2026-12-18,C,590.0,1935,5,0.3795228063964844,142.42,137.8,139.08
QQQ,2026-08-20,2026-12-18,C,594.78,150,1,0.383444275970459,141.66,132.44,135.79
QQQ,2026-08-20,2026-12-18,C,595.0,359,1,0.37293107543945314,149.29,133.26,134.53
QQQ,2026-08-20,2026-12-18,C,599.78,1429,1,0.37291581680297853,110.6,128.13,130.86
QQQ,2026-08-20,2026-12-18,C,600.0,5713,1,0.37438064590454095,128.27,127.93,130.85
QQQ,2026-08-20,2026-12-18,C,604.78,702,1,0.3616396844482421,139.96,123.83,125.85
QQQ,2026-08-20,2026-12-18,C,605.0,3444,3,0.36022063125610343,123.02,124.6,125.53
QQQ,2026-08-20,2026-12-18,C,609.78,914,1,0.35561252304077146,111.92,119.75,121.42
QQQ,2026-08-20,2026-12-18,C,610.0,4985,2,0.35394933166503895,118.12,119.83,121.07
QQQ,2026-08-20,2026-12-18,C,615.0,6848,2,0.3471439797973632,113.75,115.48,116.57
QQQ,2026-08-20,2026-12-18,C,620.0,7036,70,0.341177852935791,112.85,111.21,112.19
QQQ,2026-08-20,2026-12-18,C,625.0,2381,3,0.3355779333496094,103.3,106.79,107.88
QQQ,2026-08-20,2026-12-18,C,630.0,2842,1,0.32924559921264646,101.15,102.64,103.51
QQQ,2026-08-20,2026-12-18,C,635.0,1744,2,0.33103085968017576,95.77,97.35,100.19
QQQ,2026-08-20,2026-12-18,C,640.0,3161,3,0.31877817459106433,93.83,94.02,95.14
QQQ,2026-08-20,2026-12-18,C,645.0,3377,1,0.31345291046142576,87.95,89.83,91.0
QQQ,2026-08-20,2026-12-18,C,650.0,7031,10,0.3082802326965332,83.07,85.86,86.92
QQQ,2026-08-20,2026-12-18,C,655.0,1258,1,0.30242091629028317,78.41,81.98,82.79
QQQ,2026-08-20,2026-12-18,C,660.0,14324,1,0.2986672917175292,76.24,78.1,79.0
QQQ,2026-08-20,2026-12-18,C,665.0,2093,27,0.29256383712768547,70.94,74.1,74.93
QQQ,2026-08-20,2026-12-18,C,670.0,4170,1,0.2878412891387938,67.76,69.97,71.11
QQQ,2026-08-20,2026-12-18,C,675.0,1444,3,0.28232529205322265,66.35,66.53,67.23
QQQ,2026-08-20,2026-12-18,C,680.0,14797,7,0.27802235656738283,62.8,62.71,63.59
QQQ,2026-08-20,2026-12-18,C,685.0,2925,2,0.2754894229125976,57.8,59.38,60.29
QQQ,2026-08-20,2026-12-18,C,690.0,12910,3,0.26892820922851557,54.29,55.63,56.44
QQQ,2026-08-20,2026-12-18,C,695.0,1273,2,0.26569337829589845,49.42,52.05,53.18
QQQ,2026-08-20,2026-12-18,C,700.0,31500,30,0.2611310459899902,47.92,48.84,49.79
QQQ,2026-08-20,2026-12-18,C,705.0,2766,125,0.2565076791381836,44.33,45.51,46.47
QQQ,2026-08-20,2026-12-18,C,710.0,4351,139,0.2520979331970215,42.95,42.58,43.27
QQQ,2026-08-20,2026-12-18,C,715.0,5441,152,0.24715413497924804,40.2,39.86,40.07
QQQ,2026-08-20,2026-12-18,C,720.0,11884,275,0.2438277522277832,36.0,37.05,37.23
QQQ,2026-08-20,2026-12-18,C,725.0,4524,516,0.24004361038208005,32.92,34.21,34.41
QQQ,2026-08-20,2026-12-18,C,730.0,14895,170,0.23685455535888672,31.82,31.6,31.79
QQQ,2026-08-20,2026-12-18,C,735.0,9883,75,0.2337799401092529,27.75,29.13,29.29
QQQ,2026-08-20,2026-12-18,C,740.0,13625,49,0.23055273849487307,25.2,26.75,26.87
QQQ,2026-08-20,2026-12-18,C,745.0,8088,268,0.22751626983642576,23.01,24.44,24.59
QQQ,2026-08-20,2026-12-18,C,750.0,14356,35,0.22521221572875977,22.0,22.4,22.53
QQQ,2026-08-20,2026-12-18,C,755.0,4539,18,0.22280135116577143,19.45,20.42,20.56
QQQ,2026-08-20,2026-12-18,C,760.0,16627,302,0.2201463484191894,18.62,18.53,18.66
QQQ,2026-08-20,2026-12-18,C,765.0,5223,55,0.21825427749633786,15.71,16.85,16.98
QQQ,2026-08-20,2026-12-18,C,770.0,10170,12,0.21636983589172362,15.42,15.26,15.4
QQQ,2026-08-20,2026-12-18,C,775.0,12498,9,0.2141954801940918,13.2,13.77,13.88
QQQ,2026-08-20,2026-12-18,C,780.0,17712,25,0.2126085820007324,11.6,12.44,12.54
QQQ,2026-08-20,2026-12-18,C,785.0,1654,20,0.21102168380737302,11.38,11.19,11.29
QQQ,2026-08-20,2026-12-18,C,790.0,7988,95,0.20966366516113277,9.82,10.06,10.16
QQQ,2026-08-20,2026-12-18,C,795.0,5105,19,0.20854978469848628,9.2,9.04,9.14
QQQ,2026-08-20,2026-12-18,C,800.0,38446,103,0.20752745605468748,8.23,8.12,8.21
QQQ,2026-08-20,2026-12-18,C,805.0,3208,32,0.20656616195678706,6.64,7.27,7.36
QQQ,2026-08-20,2026-12-18,C,810.0,16441,4,0.20571167831420895,6.02,6.5,6.59
QQQ,2026-08-20,2026-12-18,C,815.0,6144,3,0.20502503967285152,5.35,5.81,5.9
QQQ,2026-08-20,2026-12-18,C,820.0,18802,5,0.20410952148437497,4.83,5.16,5.25
QQQ,2026-08-20,2026-12-18,C,825.0,4490,8,0.20383486602783202,4.71,4.62,4.71
QQQ,2026-08-20,2026-12-18,C,830.0,4461,33,0.20331607238769528,3.8,4.14,4.2
QQQ,2026-08-20,2026-12-18,C,835.0,852,30,0.202858313293457,3.39,3.67,3.74
QQQ,2026-08-20,2026-12-18,C,840.0,5504,11,0.20262943374633785,3.08,3.28,3.34
QQQ,2026-08-20,2026-12-18,C,845.0,1342,21,0.20246158874511716,2.71,2.92,2.98
QQQ,2026-08-20,2026-12-18,C,850.0,8042,71,0.20237003692626948,2.42,2.6,2.66
QQQ,2026-08-20,2026-12-18,C,855.0,1611,21,0.20227848510742186,2.18,2.33,2.37
QQQ,2026-08-20,2026-12-18,C,860.0,20474,88,0.2022174505615234,1.9,2.06,2.11
QQQ,2026-08-20,2026-12-18,C,865.0,734,2,0.20246158874511716,2.09,1.85,1.89
QQQ,2026-08-20,2026-12-18,C,870.0,5020,47,0.2024005541992187,1.54,1.64,1.68
QQQ,2026-08-20,2026-12-18,C,875.0,2616,25,0.20313296874999998,1.33,1.47,1.52
QQQ,2026-08-20,2026-12-18,C,880.0,24565,10,0.20313296874999998,1.22,1.3,1.35
QQQ,2026-08-20,2026-12-18,C,885.0,773,19,0.2034991760253906,1.09,1.17,1.21
QQQ,2026-08-20,2026-12-18,C,890.0,1036,30,0.20441469421386715,1.0,1.05,1.1
QQQ,2026-08-20,2026-12-18,C,895.0,802,70,0.20459779785156246,0.93,0.93,0.98
QQQ,2026-08-20,2026-12-18,C,900.0,14180,45,0.20508607421874997,0.84,0.83,0.88
QQQ,2026-08-20,2026-12-18,C,905.0,5187,1,0.2059405578613281,0.77,0.75,0.8
QQQ,2026-08-20,2026-12-18,C,910.0,2385,3,0.20655090332031245,0.65,0.68,0.72
QQQ,2026-08-20,2026-12-18,C,915.0,525,12,0.20764952514648435,0.64,0.61,0.66
QQQ,2026-08-20,2026-12-18,C,920.0,5638,2,0.20801573242187496,0.53,0.54,0.59
QQQ,2026-08-20,2026-12-18,C,925.0,868,1,0.20911435424804684,0.46,0.5,0.54
QQQ,2026-08-20,2026-12-18,C,930.0,10632,32,0.2104571142578125,0.48,0.47,0.5
QQQ,2026-08-20,2026-12-18,C,935.0,366,1,0.21167780517578122,0.39,0.41,0.46
QQQ,2026-08-20,2026-12-18,C,940.0,1106,4,0.21253228881835937,0.39,0.37,0.42
QQQ,2026-08-20,2026-12-18,C,945.0,873,1,0.213875048828125,0.37,0.34,0.39
QQQ,2026-08-20,2026-12-18,C,950.0,22228,1,0.21509573974609375,0.32,0.31,0.36
QQQ,2026-08-20,2026-12-18,C,955.0,754,1,0.21607229248046872,0.27,0.28,0.33
QQQ,2026-08-20,2026-12-18,C,960.0,5526,1,0.21778125976562498,0.26,0.26,0.31
QQQ,2026-08-20,2026-12-18,C,965.0,477,58,0.2192460888671875,0.23,0.24,0.29
QQQ,2026-08-20,2026-12-18,C,970.0,5772,17,0.22046677978515622,0.2,0.22,0.27
QQQ,2026-08-20,2026-12-18,C,975.0,6125,1,0.21949022705078125,0.3,0.2,0.23
QQQ,2026-08-20,2026-12-18,C,980.0,731,5,0.22266402343749997,0.2,0.18,0.23
QQQ,2026-08-20,2026-12-18,C,985.0,262,1,0.22461712890624996,0.26,0.17,0.22
QQQ,2026-08-20,2026-12-18,C,990.0,6089,2,0.22510540527343748,0.17,0.15,0.2
QQQ,2026-08-20,2026-12-18,C,995.0,121,9,0.22705851074218747,0.16,0.14,0.19
QQQ,2026-08-20,2026-12-18,C,1000.0,19369,52,0.22852333984375,0.17,0.13,0.18
QQQ,2026-08-20,2026-12-18,C,1005.0,159,9,0.2299881689453125,0.14,0.12,0.17
QQQ,2026-08-20,2026-12-18,C,1010.0,395,9,0.231452998046875,0.13,0.11,0.16
QQQ,2026-08-20,2026-12-18,C,1015.0,147,1,0.23267368896484375,0.11,0.1,0.15
QQQ,2026-08-20,2026-12-18,C,1020.0,126,1,0.23389437988281248,0.27,0.09,0.14
QQQ,2026-08-20,2026-12-18,C,1025.0,201,12,0.2368240380859375,0.25,0.09,0.14
QQQ,2026-08-20,2026-12-18,C,1030.0,91,1,0.23780059082031246,0.35,0.08,0.13
QQQ,2026-08-20,2026-12-18,C,1035.0,5050,1,0.23853300537109373,0.34,0.07,0.12
QQQ,2026-08-20,2026-12-18,C,1040.0,109,24,0.241218525390625,0.11,0.07,0.12
QQQ,2026-08-20,2026-12-18,C,1045.0,18,1,0.2417068017578125,0.31,0.06,0.11
QQQ,2026-08-20,2026-12-18,C,1050.0,11985,2304,0.24463645996093752,0.13,0.06,0.11
QQQ,2026-08-20,2026-12-18,C,1055.0,0,1,0.247077841796875,0.24,0.06,0.11
QQQ,2026-08-20,2026-12-18,C,1060.0,744,1,0.2475661181640625,0.2,0.05,0.1
QQQ,2026-08-20,2026-12-18,C,1065.0,1,1,0.2500075,0.25,0.05,0.1
QQQ,2026-08-20,2026-12-18,C,1070.0,70,2,0.2524488818359375,0.09,0.04,0.1
QQQ,2026-08-20,2026-12-18,C,1075.0,1,1,0.252937158203125,0.22,0.04,0.09
QQQ,2026-08-20,2026-12-18,C,1080.0,14894,1,0.2553785400390626,0.06,0.04,0.09
QQQ,2026-08-20,2026-12-18,C,1085.0,927,910,0.257819921875,0.06,0.04,0.09
QQQ,2026-08-20,2026-12-18,C,1090.0,4269,1364,0.2602613037109375,0.05,0.03,0.09
QQQ,2026-08-20,2026-12-18,C,1100.0,12359,2040,0.2622144091796875,0.04,0.03,0.08
QQQ,2026-08-20,2026-12-18,P,204.78,9512,200,0.7539087109375,0.08,0.08,0.1
QQQ,2026-08-20,2026-12-18,P,209.78,515,1,0.7460962890625,0.08,0.09,0.11
QQQ,2026-08-20,2026-12-18,P,214.78,212,10,0.73633076171875,0.11,0.09,0.12
QQQ,2026-08-20,2026-12-18,P,219.78,152,10,0.72851833984375,0.11,0.1,0.13
QQQ,2026-08-20,2026-12-18,P,224.78,272,10,0.72070591796875,0.13,0.11,0.14
QQQ,2026-08-20,2026-12-18,P,229.78,428,11,0.717776259765625,0.14,0.12,0.17
QQQ,2026-08-20,2026-12-18,P,234.78,2234,1,0.7050810742187501,0.16,0.12,0.17
QQQ,2026-08-20,2026-12-18,P,239.78,379,2,0.6972686523437501,0.32,0.13,0.18
QQQ,2026-08-20,2026-12-18,P,244.78,632,1,0.6884796777343751,0.33,0.14,0.19
QQQ,2026-08-20,2026-12-18,P,249.78,655,20,0.6801789794921876,0.17,0.15,0.2
QQQ,2026-08-20,2026-12-18,P,250.0,557,4,0.6796907031250001,0.18,0.15,0.2
QQQ,2026-08-20,2026-12-18,P,254.78,666,333,0.6718782812500002,0.27,0.16,0.21
QQQ,2026-08-20,2026-12-18,P,255.0,348,5,0.6728548339843752,0.26,0.17,0.21
QQQ,2026-08-20,2026-12-18,P,259.78,1423,16,0.6669955175781253,0.2,0.18,0.23
QQQ,2026-08-20,2026-12-18,P,260.0,346,3,0.6660189648437502,0.21,0.18,0.23
QQQ,2026-08-20,2026-12-18,P,264.78,840,500,0.65820654296875,0.21,0.19,0.24
QQQ,2026-08-20,2026-12-18,P,265.0,700,500,0.6577182666015625,0.21,0.19,0.24
QQQ,2026-08-20,2026-12-18,P,269.78,3606,8,0.6999541723632813,0.58,0.23,0.64
QQQ,2026-08-20,2026-12-18,P,270.0,759,10,0.6489292919921875,0.24,0.2,0.25
QQQ,2026-08-20,2026-12-18,P,274.78,559,1,0.6411168701171875,0.38,0.21,0.26
QQQ,2026-08-20,2026-12-18,P,275.0,3038,50,0.641605146484375,0.26,0.22,0.26
QQQ,2026-08-20,2026-12-18,P,279.78,415,1,0.6352575537109376,0.37,0.23,0.28
QQQ,2026-08-20,2026-12-18,P,280.0,105,3,0.6347692773437501,0.28,0.23,0.28
QQQ,2026-08-20,2026-12-18,P,284.78,3826,1,0.6264685791015626,0.47,0.24,0.29
QQQ,2026-08-20,2026-12-18,P,285.0,694,70,0.6259803027343751,0.32,0.24,0.29
QQQ,2026-08-20,2026-12-18,P,289.78,518,33,0.6201209863281252,0.28,0.26,0.31
QQQ,2026-08-20,2026-12-18,P,290.0,259,2,0.6196327099609377,0.31,0.26,0.31
QQQ,2026-08-20,2026-12-18,P,294.78,2858,1,0.6137733935546876,0.52,0.28,0.33
QQQ,2026-08-20,2026-12-18,P,295.0,245,4,0.6132851171875001,0.3,0.28,0.33
QQQ,2026-08-20,2026-12-18,P,299.78,2433,1,0.6049844189453126,0.51,0.29,0.34
QQQ,2026-08-20,2026-12-18,P,300.0,3507,2,0.6044961425781252,0.35,0.29,0.34
QQQ,2026-08-20,2026-12-18,P,304.78,402,1,0.5986368261718751,0.55,0.31,0.36
QQQ,2026-08-20,2026-12-18,P,305.0,292,2,0.5981485498046876,0.46,0.31,0.36
QQQ,2026-08-20,2026-12-18,P,309.78,503,1,0.5918009570312501,0.6,0.33,0.38
QQQ,2026-08-20,2026-12-18,P,310.0,336,1,0.5913126806640626,0.48,0.33,0.38
QQQ,2026-08-20,2026-12-18,P,314.78,489,1,0.584965087890625,0.51,0.35,0.4
QQQ,2026-08-20,2026-12-18,P,315.0,2773,2,0.5844768115234374,0.35,0.35,0.4
QQQ,2026-08-20,2026-12-18,P,319.78,2241,2,0.57812921875,0.42,0.37,0.42
QQQ,2026-08-20,2026-12-18,P,320.0,645,2,0.5776409423828125,0.4,0.37,0.42
QQQ,2026-08-20,2026-12-18,P,324.78,626,2,0.5710492114257812,0.41,0.39,0.44
QQQ,2026-08-20,2026-12-18,P,325.0,479,1,0.5705609350585938,0.42,0.39,0.44
QQQ,2026-08-20,2026-12-18,P,329.78,6014,1,0.5656781713867188,0.49,0.42,0.47
QQQ,2026-08-20,2026-12-18,P,330.0,1520,1,0.5651898950195313,0.47,0.42,0.47
QQQ,2026-08-20,2026-12-18,P,334.78,1128,2,0.5583540258789064,0.47,0.44,0.49
QQQ,2026-08-20,2026-12-18,P,335.0,234,6,0.5581098876953126,0.5,0.44,0.49
QQQ,2026-08-20,2026-12-18,P,339.78,723,1,0.55273884765625,0.52,0.47,0.52
QQQ,2026-08-20,2026-12-18,P,340.0,316,1,0.5522505712890625,0.53,0.47,0.52
QQQ,2026-08-20,2026-12-18,P,344.78,7897,101,0.5454147021484376,0.58,0.49,0.54
QQQ,2026-08-20,2026-12-18,P,345.0,588,2,0.5449264257812501,0.57,0.49,0.54
QQQ,2026-08-20,2026-12-18,P,349.78,2521,84,0.5393112475585939,0.62,0.52,0.57
QQQ,2026-08-20,2026-12-18,P,350.0,2808,2,0.5388229711914063,0.59,0.52,0.57
QQQ,2026-08-20,2026-12-18,P,354.78,785,1,0.53320779296875,0.64,0.55,0.6
QQQ,2026-08-20,2026-12-18,P,355.0,495,207,0.5327195166015625,0.71,0.55,0.6
QQQ,2026-08-20,2026-12-18,P,359.78,2473,34,0.5268602001953125,0.67,0.58,0.63
QQQ,2026-08-20,2026-12-18,P,360.0,1173,2,0.526371923828125,0.63,0.58,0.63
QQQ,2026-08-20,2026-12-18,P,364.78,671,1,0.5205126074218749,0.71,0.61,0.66
QQQ,2026-08-20,2026-12-18,P,365.0,229,4,0.5200243310546875,0.61,0.61,0.66
QQQ,2026-08-20,2026-12-18,P,369.78,4016,30,0.5139208764648437,0.74,0.64,0.69
QQQ,2026-08-20,2026-12-18,P,370.0,747,1,0.5136767382812499,0.72,0.64,0.69
QQQ,2026-08-20,2026-12-18,P,374.78,2053,1,0.5085498364257812,0.72,0.68,0.73
QQQ,2026-08-20,2026-12-18,P,375.0,1322,200,0.5080615600585938,0.73,0.68,0.73
QQQ,2026-08-20,2026-12-18,P,379.78,5090,2,0.5018360363769532,0.77,0.71,0.76
QQQ,2026-08-20,2026-12-18,P,380.0,3842,31,0.5014698291015626,0.79,0.71,0.76
QQQ,2026-08-20,2026-12-18,P,384.78,560,4,0.4982960327148438,0.81,0.75,0.8
QQQ,2026-08-20,2026-12-18,P,385.0,392,3,0.4978077563476563,0.78,0.75,0.8
QQQ,2026-08-20,2026-12-18,P,389.78,1203,20,0.4914601635742188,0.86,0.78,0.83
QQQ,2026-08-20,2026-12-18,P,390.0,1953,21,0.4919484399414063,0.77,0.79,0.84
QQQ,2026-08-20,2026-12-18,P,394.78,817,1,0.485356708984375,0.95,0.82,0.87
QQQ,2026-08-20,2026-12-18,P,395.0,181,1,0.4857229162597656,0.88,0.83,0.88
QQQ,2026-08-20,2026-12-18,P,399.78,3691,38,0.4792532543945312,1.84,0.86,0.91
QQQ,2026-08-20,2026-12-18,P,400.0,29948,28,0.47876497802734375,0.9,0.87,0.91
QQQ,2026-08-20,2026-12-18,P,404.78,1426,1,0.47363807617187503,1.0,0.91,0.96
QQQ,2026-08-20,2026-12-18,P,405.0,241,50,0.4732718688964844,0.97,0.91,0.96
QQQ,2026-08-20,2026-12-18,P,409.78,603,1,0.4674125524902344,1.04,0.95,1.0
QQQ,2026-08-20,2026-12-18,P,410.0,5661,1,0.4669242761230469,1.03,0.95,1.0
QQQ,2026-08-20,2026-12-18,P,414.78,2290,1,0.4616753051757813,1.16,1.0,1.05
QQQ,2026-08-20,2026-12-18,P,415.0,767,1,0.4611870288085938,1.08,1.0,1.05
QQQ,2026-08-20,2026-12-18,P,419.78,515,1,0.4558159887695313,1.16,1.05,1.1
QQQ,2026-08-20,2026-12-18,P,420.0,7763,2,0.4554497814941406,1.16,1.05,1.1
QQQ,2026-08-20,2026-12-18,P,424.78,1604,1,0.4498346032714844,1.22,1.1,1.15
QQQ,2026-08-20,2026-12-18,P,425.0,455,1,0.44946839599609373,1.19,1.1,1.15
QQQ,2026-08-20,2026-12-18,P,429.78,297,1,0.44385321777343745,1.38,1.16,1.2
QQQ,2026-08-20,2026-12-18,P,430.0,8566,42,0.44397528686523435,1.1,1.16,1.21
QQQ,2026-08-20,2026-12-18,P,434.78,144,1,0.4382990740966797,1.34,1.21,1.26
QQQ,2026-08-20,2026-12-18,P,435.0,344,8,0.43848217773437503,1.37,1.22,1.27
QQQ,2026-08-20,2026-12-18,P,439.78,2192,1000,0.432622861328125,1.22,1.28,1.32
QQQ,2026-08-20,2026-12-18,P,440.0,11601,2,0.4327449304199219,1.39,1.28,1.33
QQQ,2026-08-20,2026-12-18,P,444.78,1758,1,0.42737389038085943,2.18,1.34,1.39
QQQ,2026-08-20,2026-12-18,P,445.0,239,9,0.4270076831054688,1.48,1.34,1.39
QQQ,2026-08-20,2026-12-18,P,449.78,452,1,0.4215145739746094,1.55,1.41,1.45
QQQ,2026-08-20,2026-12-18,P,450.0,15613,26,0.4215756085205078,1.5,1.41,1.46
QQQ,2026-08-20,2026-12-18,P,454.78,1867,2,0.41644870666503897,1.66,1.48,1.53
QQQ,2026-08-20,2026-12-18,P,455.0,2499,2,0.41602146484374997,1.63,1.48,1.53
QQQ,2026-08-20,2026-12-18,P,459.78,293,2,0.4107724938964844,1.93,1.55,1.6
QQQ,2026-08-20,2026-12-18,P,460.0,4194,1,0.41040628662109374,1.72,1.56,1.6
QQQ,2026-08-20,2026-12-18,P,464.78,493,1,0.40546248840332033,1.81,1.63,1.68
QQQ,2026-08-20,2026-12-18,P,465.0,2342,1,0.40552352294921873,1.73,1.64,1.69
QQQ,2026-08-20,2026-12-18,P,469.78,456,3,0.40039662109375,1.84,1.72,1.77
QQQ,2026-08-20,2026-12-18,P,470.0,4328,1,0.4000304138183594,1.97,1.72,1.77
QQQ,2026-08-20,2026-12-18,P,474.78,1156,2,0.3947814428710938,2.81,1.8,1.85
QQQ,2026-08-20,2026-12-18,P,475.0,1464,19,0.3947814428710938,2.02,1.81,1.86
QQQ,2026-08-20,2026-12-18,P,479.78,332,1,0.3898376446533204,2.33,1.9,1.95
QQQ,2026-08-20,2026-12-18,P,480.0,18361,2,0.38947143737792966,1.98,1.91,1.95
QQQ,2026-08-20,2026-12-18,P,484.78,1754,20,0.38471074279785156,2.24,2.0,2.05
QQQ,2026-08-20,2026-12-18,P,485.0,1452,1,0.38434453552246095,2.11,2.01,2.05
QQQ,2026-08-20,2026-12-18,P,489.78,641,4,0.3797669445800781,2.56,2.11,2.16
QQQ,2026-08-20,2026-12-18,P,490.0,7251,45,0.3794007373046875,2.21,2.11,2.16
QQQ,2026-08-20,2026-12-18,P,494.78,749,2,0.3746400427246094,2.47,2.23,2.27
QQQ,2026-08-20,2026-12-18,P,495.0,1295,4,0.3742738354492187,2.18,2.23,2.27
QQQ,2026-08-20,2026-12-18,P,499.78,770,5,0.3696962445068359,2.61,2.34,2.39
QQQ,2026-08-20,2026-12-18,P,500.0,19562,49,0.3693300372314453,2.53,2.35,2.39
QQQ,2026-08-20,2026-12-18,P,504.78,2715,1,0.3645693426513672,2.39,2.47,2.51
QQQ,2026-08-20,2026-12-18,P,505.0,3444,2,0.3645083081054688,2.31,2.47,2.52
QQQ,2026-08-20,2026-12-18,P,509.78,318,2,0.35986968261718744,2.81,2.6,2.65
QQQ,2026-08-20,2026-12-18,P,510.0,6455,1,0.35950347534179683,2.68,2.6,2.65
QQQ,2026-08-20,2026-12-18,P,514.78,348,2,0.3549564016723632,3.02,2.75,2.79
QQQ,2026-08-20,2026-12-18,P,515.0,2713,2,0.35455967712402336,2.55,2.75,2.79
QQQ,2026-08-20,2026-12-18,P,519.78,796,10,0.3501041552734374,2.72,2.89,2.94
QQQ,2026-08-20,2026-12-18,P,520.0,9566,11,0.3497379479980468,3.22,2.9,2.94
QQQ,2026-08-20,2026-12-18,P,524.78,472,150,0.34534346069335936,2.98,3.05,3.1
QQQ,2026-08-20,2026-12-18,P,525.0,4288,8,0.3452213916015625,3.43,3.06,3.11
QQQ,2026-08-20,2026-12-18,P,529.78,439,21,0.34064380065917965,3.29,3.22,3.27
QQQ,2026-08-20,2026-12-18,P,530.0,23040,3,0.3404606970214844,3.45,3.23,3.28
QQQ,2026-08-20,2026-12-18,P,534.78,445,1,0.335944140625,3.67,3.4,3.45
QQQ,2026-08-20,2026-12-18,P,535.0,7863,2,0.33576103698730464,3.79,3.42,3.46
QQQ,2026-08-20,2026-12-18,P,539.78,554,1,0.33124448059082034,3.91,3.6,3.64
QQQ,2026-08-20,2026-12-18,P,540.0,16787,38,0.331061376953125,4.09,3.6,3.65
QQQ,2026-08-20,2026-12-18,P,544.78,632,1,0.32672792419433594,3.49,3.8,3.85
QQQ,2026-08-20,2026-12-18,P,545.0,1261,20,0.32636171691894533,4.23,3.81,3.85
QQQ,2026-08-20,2026-12-18,P,549.78,437,1,0.32221136779785153,4.46,4.01,4.07
QQQ,2026-08-20,2026-12-18,P,550.0,22151,4,0.32199774688720695,4.29,4.03,4.08
QQQ,2026-08-20,2026-12-18,P,554.78,3917,1,0.3174506732177734,3.93,4.24,4.29
QQQ,2026-08-20,2026-12-18,P,555.0,7857,13,0.31723705230712884,4.51,4.25,4.3
QQQ,2026-08-20,2026-12-18,P,559.78,314,30,0.3130256686401367,4.83,4.48,4.54
QQQ,2026-08-20,2026-12-18,P,560.0,14564,49,0.3128120477294921,4.68,4.5,4.55
QQQ,2026-08-20,2026-12-18,P,564.78,847,1,0.3085091122436523,4.21,4.75,4.8
QQQ,2026-08-20,2026-12-18,P,565.0,4614,9,0.3082954913330078,5.37,4.75,4.81
QQQ,2026-08-20,2026-12-18,P,569.78,843,37,0.3042366940307617,5.73,5.04,5.09
QQQ,2026-08-20,2026-12-18,P,570.0,14249,110,0.3039925558471679,5.46,5.04,5.1
QQQ,2026-08-20,2026-12-18,P,574.78,1707,3,0.2998727239990234,5.46,5.33,5.39
QQQ,2026-08-20,2026-12-18,P,575.0,13890,22,0.2995980685424804,5.89,5.34,5.4
QQQ,2026-08-20,2026-12-18,P,579.78,1297,2,0.295356167602539,6.16,5.64,5.7
QQQ,2026-08-20,2026-12-18,P,580.0,24224,43,0.29538668487548825,5.78,5.67,5.73
QQQ,2026-08-20,2026-12-18,P,584.78,915,10,0.2910227148437499,6.23,5.99,6.04
QQQ,2026-08-20,2026-12-18,P,585.0,8090,10,0.2910532321166991,6.43,6.02,6.07
QQQ,2026-08-20,2026-12-18,P,589.78,852,7,0.28684184844970695,6.81,6.36,6.41
QQQ,2026-08-20,2026-12-18,P,590.0,14189,4,0.2866892620849609,6.62,6.36,6.43
QQQ,2026-08-20,2026-12-18,P,594.78,883,8,0.2827220166015625,7.24,6.74,6.81
QQQ,2026-08-20,2026-12-18,P,595.0,2368,15,0.28243210250854495,7.75,6.76,6.82
QQQ,2026-08-20,2026-12-18,P,599.78,1276,48,0.27854115020751957,7.69,7.16,7.23
QQQ,2026-08-20,2026-12-18,P,600.0,35365,68,0.2783580465698242,7.18,7.2,7.25
QQQ,2026-08-20,2026-12-18,P,604.78,918,17,0.2746349392700196,7.75,7.62,7.7
QQQ,2026-08-20,2026-12-18,P,605.0,8235,80,0.2744518356323242,7.68,7.63,7.72
QQQ,2026-08-20,2026-12-18,P,609.78,1473,1,0.2703930383300781,8.1,8.1,8.17
QQQ,2026-08-20,2026-12-18,P,610.0,12538,20,0.27020993469238286,8.2,8.11,8.19
QQQ,2026-08-20,2026-12-18,P,615.0,11328,34,0.2663800169372559,9.0,8.66,8.73
QQQ,2026-08-20,2026-12-18,P,620.0,21040,26,0.2623975128173829,9.53,9.21,9.29
QQQ,2026-08-20,2026-12-18,P,625.0,7433,26,0.2582624223327637,10.22,9.78,9.87
QQQ,2026-08-20,2026-12-18,P,630.0,9626,29,0.2544325045776368,10.9,10.43,10.52
QQQ,2026-08-20,2026-12-18,P,635.0,4450,157,0.25048051773071284,11.52,11.11,11.2
QQQ,2026-08-20,2026-12-18,P,640.0,18886,503,0.2468489622497559,12.2,11.85,11.96
QQQ,2026-08-20,2026-12-18,P,645.0,15754,93,0.24311059631347653,13.33,12.66,12.76
QQQ,2026-08-20,2026-12-18,P,650.0,32252,146,0.2395248167419433,13.5,13.52,13.63
QQQ,2026-08-20,2026-12-18,P,655.0,9889,34,0.235710157623291,15.42,14.42,14.53
QQQ,2026-08-20,2026-12-18,P,660.0,196952,100,0.2318192053222656,15.37,15.36,15.48
QQQ,2026-08-20,2026-12-18,P,665.0,3603,48,0.22849282257080078,17.13,16.45,16.57
QQQ,2026-08-20,2026-12-18,P,670.0,13999,56,0.22458661163330074,18.19,17.54,17.65
QQQ,2026-08-20,2026-12-18,P,675.0,12742,19,0.22113815979003904,19.43,18.74,18.87
QQQ,2026-08-20,2026-12-18,P,680.0,55047,65,0.21756763885498048,20.65,20.03,20.15
QQQ,2026-08-20,2026-12-18,P,685.0,3777,225,0.21422599746704102,21.81,21.41,21.55
QQQ,2026-08-20,2026-12-18,P,690.0,8208,101,0.21069362312316894,22.99,22.87,23.01
QQQ,2026-08-20,2026-12-18,P,695.0,3259,13,0.2074511628723144,25.35,24.45,24.61
QQQ,2026-08-20,2026-12-18,P,700.0,48942,344,0.2034991760253906,26.26,26.07,26.2
QQQ,2026-08-20,2026-12-18,P,705.0,4074,72,0.2002109398651123,28.11,27.85,28.0
QQQ,2026-08-20,2026-12-18,P,710.0,8743,513,0.19678537597656248,29.65,29.71,29.89
QQQ,2026-08-20,2026-12-18,P,715.0,2801,26,0.19344373458862307,32.72,31.73,31.91
QQQ,2026-08-20,2026-12-18,P,720.0,8761,244,0.19076584388732912,34.89,33.95,34.16
QQQ,2026-08-20,2026-12-18,P,725.0,15659,528,0.18669178794860838,36.44,36.11,36.31
QQQ,2026-08-20,2026-12-18,P,730.0,5178,1,0.18352562088012692,39.92,38.56,38.74
QQQ,2026-08-20,2026-12-18,P,735.0,4273,38,0.18094691131591795,41.21,41.18,41.4
QQQ,2026-08-20,2026-12-18,P,740.0,8264,3,0.17692626060485842,47.13,43.78,43.97
QQQ,2026-08-20,2026-12-18,P,745.0,2949,2,0.1739584558105469,50.87,46.58,46.85
QQQ,2026-08-20,2026-12-18,P,750.0,6225,9,0.16947241668701174,50.0,49.36,49.65
QQQ,2026-08-20,2026-12-18,P,755.0,182,2,0.16883155395507815,51.37,52.31,53.16
QQQ,2026-08-20,2026-12-18,P,760.0,3692,1,0.1661612925720215,60.61,55.65,56.51
QQQ,2026-08-20,2026-12-18,P,765.0,346,4,0.1623161161804199,62.71,59.12,59.85
QQQ,2026-08-20,2026-12-18,P,770.0,408,11,0.1588218884277344,55.35,62.62,63.39
QQQ,2026-08-20,2026-12-18,P,775.0,206,12,0.16855689849853522,58.8,66.26,68.61
QQQ,2026-08-20,2026-12-18,P,780.0,163,2,0.16614603393554692,67.89,70.1,72.45
QQQ,2026-08-20,2026-12-18,P,785.0,217,2,0.14997187927246097,76.67,73.81,75.05
QQQ,2026-08-20,2026-12-18,P,790.0,66,2,0.14643187561035154,77.1,78.14,79.15
QQQ,2026-08-20,2026-12-18,P,795.0,213,197,0.1428918719482422,79.29,82.51,83.38
QQQ,2026-08-20,2026-12-18,P,800.0,31,2,0.15818102569580078,85.5,86.71,89.08
QQQ,2026-08-20,2026-12-18,P,805.0,0,10,0.13672738281250002,122.21,91.22,92.25
QQQ,2026-08-20,2026-12-18,P,810.0,1,2,0.15586171295166018,82.72,95.6,98.06
QQQ,2026-08-20,2026-12-18,P,815.0,0,2,0.1555870574951172,102.37,100.42,102.7
QQQ,2026-08-20,2026-12-18,P,820.0,26,4,0.1563499893188477,89.49,104.92,107.44
QQQ,2026-08-20,2026-12-18,P,825.0,221,13,0.15519033294677737,94.77,108.5,112.12
QQQ,2026-08-20,2026-12-18,P,830.0,6,2,0.15827257751464846,112.47,113.25,117.03
QQQ,2026-08-20,2026-12-18,P,835.0,0,2,0.16413189392089844,103.66,118.38,122.07
QQQ,2026-08-20,2026-12-18,P,840.0,0,2,0.16742775939941407,108.46,123.36,127.0
QQQ,2026-08-20,2026-12-18,P,845.0,1,2,0.17224948852539065,112.9,128.31,132.0
QQQ,2026-08-20,2026-12-18,P,850.0,0,2,0.17774259765625,127.68,133.33,137.03
QQQ,2026-08-20,2026-12-18,P,855.0,0,10,0.1825032922363281,130.37,138.34,142.03
QQQ,2026-08-20,2026-12-18,P,860.0,0,6,0.18689777954101564,135.58,143.3,147.02
QQQ,2026-08-20,2026-12-18,P,865.0,0,661,0.19129226684570313,147.86,148.35,152.01
QQQ,2026-08-20,2026-12-18,P,870.0,0,1,0.19586985778808597,148.75,153.35,157.01
QQQ,2026-08-20,2026-12-18,P,875.0,0,14,0.2003864141845703,153.22,158.34,162.01
QQQ,2026-08-20,2026-12-18,P,880.0,0,4,0.2048419360351562,147.21,163.34,167.01
QQQ,2026-08-20,2026-12-18,P,885.0,0,4,0.208442974243164,154.92,168.3,171.98
QQQ,2026-08-20,2026-12-18,P,890.0,0,2,0.21143366699218746,157.58,173.3,176.93
QQQ,2026-08-20,2026-12-18,P,895.0,0,8,0.2180253979492187,163.48,178.34,182.01
QQQ,2026-08-20,2026-12-18,P,900.0,1,1,0.22232833343505853,182.8,183.3,187.01
QQQ,2026-08-20,2026-12-18,P,905.0,0,2,0.22657023437499998,173.08,188.34,192.01
QQQ,2026-08-20,2026-12-18,P,910.0,0,0,1.0270129216003419,300.25,298.5,303.5
QQQ,2026-08-20,2026-12-18,P,920.0,0,301,0.23944852355957028,195.26,203.34,207.02
QQQ,2026-08-20,2026-12-18,P,925.0,0,130,0.24329369995117187,227.74,208.34,212.01
QQQ,2026-08-20,2026-12-18,P,935.0,0,2124,0.25171646728515623,237.17,218.36,222.02
QQQ,2026-08-20,2026-12-18,P,940.0,0,0,0.25287612365722656,239.52,223.36,226.93
QQQ,2026-08-20,2026-12-18,P,950.0,0,0,0.2623975128173829,235.03,233.3,236.98
QQQ,2026-08-20,2026-12-18,P,960.0,0,0,0.2714306256103516,235.26,243.3,247.02
QQQ,2026-08-20,2026-12-18,P,1000.0,0,176,0.3013985876464844,304.16,283.36,287.02
QQQ,2026-08-20,2026-12-18,P,1025.0,0,4,0.31964791687011707,327.53,308.37,312.03
