ticker,date,expiry,type,strike,oi,volume,iv,last,bid,ask
QQQ,2026-09-21,2026-09-23,C,505.0,0,0,2.9589869775390625,241.48,231.84,235.16
QQQ,2026-09-21,2026-09-23,C,600.0,0,10,1.9140629296875002,144.05,137.13,140.39
QQQ,2026-09-21,2026-09-23,C,625.0,0,0,1.64453302734375,83.52,112.51,115.5
QQQ,2026-09-21,2026-09-23,C,630.0,0,0,1.6591813916015625,117.42,107.59,110.69
QQQ,2026-09-21,2026-09-23,C,640.0,0,1,1.4370145336914062,100.3,97.23,100.48
QQQ,2026-09-21,2026-09-23,C,650.0,0,4,1.2666052294921872,67.0,86.8,90.39
QQQ,2026-09-21,2026-09-23,C,661.0,0,4,1.1630901220703125,79.57,76.62,79.48
QQQ,2026-09-21,2026-09-23,C,662.0,0,1,1.1137739624023437,81.35,74.84,78.39
QQQ,2026-09-21,2026-09-23,C,663.0,0,1,1.1367230664062502,77.49,73.98,77.48
QQQ,2026-09-21,2026-09-23,C,664.0,0,1,1.0712937060546879,76.56,73.62,76.35
QQQ,2026-09-21,2026-09-23,C,665.0,0,0,1.0751999365234377,51.99,71.84,75.39
QQQ,2026-09-21,2026-09-23,C,666.0,0,0,1.0625046875000002,51.0,70.84,74.39
QQQ,2026-09-21,2026-09-23,C,667.0,0,1,1.0844772338867186,76.6,70.62,73.48
QQQ,2026-09-21,2026-09-23,C,668.0,0,7,1.0371141894531253,72.0,68.91,72.39
QQQ,2026-09-21,2026-09-23,C,669.0,0,6,1.0083057397460937,71.06,68.62,71.35
QQQ,2026-09-21,2026-09-23,C,670.0,0,1,1.01172369140625,73.23,67.05,70.39
QQQ,2026-09-21,2026-09-23,C,671.0,0,1,1.0322314013671878,72.3,65.8,69.48
QQQ,2026-09-21,2026-09-23,C,672.0,0,0,0.9707034179687499,45.02,65.62,68.35
QQQ,2026-09-21,2026-09-23,C,673.0,0,1,1.0131885278320314,70.6,64.62,67.5
QQQ,2026-09-21,2026-09-23,C,674.0,0,1,0.9997558618164062,69.66,63.2,66.5
QQQ,2026-09-21,2026-09-23,C,675.0,0,1,0.9804689453125001,67.08,62.15,65.48
QQQ,2026-09-21,2026-09-23,C,676.0,0,1,0.9355475195312499,66.14,61.13,64.39
QQQ,2026-09-21,2026-09-23,C,677.0,0,1,1.0058643457031249,64.89,60.47,63.65
QQQ,2026-09-21,2026-09-23,C,678.0,0,1,0.9101571484375,63.95,58.97,62.39
QQQ,2026-09-21,2026-09-23,C,679.0,0,1,0.866212275390625,61.68,57.9,61.31
QQQ,2026-09-21,2026-09-23,C,680.0,0,11,0.866212275390625,61.73,57.13,60.34
QQQ,2026-09-21,2026-09-23,C,681.0,0,10,0.84961087890625,60.74,55.88,59.33
QQQ,2026-09-21,2026-09-23,C,682.0,0,1,0.8369156933593749,62.05,55.49,58.33
QQQ,2026-09-21,2026-09-23,C,683.0,0,1,0.8242205078124999,58.01,54.24,57.33
QQQ,2026-09-21,2026-09-23,C,684.0,0,1,0.8115253222656249,57.07,52.9,56.33
QQQ,2026-09-21,2026-09-23,C,685.0,0,2,0.7993184130859375,58.11,52.08,55.33
QQQ,2026-09-21,2026-09-23,C,686.0,0,2,0.8359391406249999,57.12,51.29,54.48
QQQ,2026-09-21,2026-09-23,C,687.0,0,1,0.7744163183593751,55.31,49.8,53.33
QQQ,2026-09-21,2026-09-23,C,690.0,0,32,0.7592797509765626,51.28,46.89,50.4
QQQ,2026-09-21,2026-09-23,C,691.0,0,1,0.7729514892578125,50.36,45.89,49.49
QQQ,2026-09-21,2026-09-23,C,692.0,0,3,0.727541787109375,25.12,44.89,48.38
QQQ,2026-09-21,2026-09-23,C,693.0,0,0,0.7143583251953125,12.84,43.8,47.38
QQQ,2026-09-21,2026-09-23,C,694.0,0,1,0.780275634765625,47.97,42.88,46.68
QQQ,2026-09-21,2026-09-23,C,695.0,0,1,0.719729365234375,47.04,41.9,45.49
QQQ,2026-09-21,2026-09-23,C,696.0,0,8,0.7524438818359375,25.27,40.86,44.68
QQQ,2026-09-21,2026-09-23,C,697.0,0,0,0.6655306884765627,20.02,39.85,43.39
QQQ,2026-09-21,2026-09-23,C,698.0,5,5,0.6640658593750002,44.09,38.88,42.43
QQQ,2026-09-21,2026-09-23,C,699.0,0,3,0.639652041015625,43.03,37.9,41.39
QQQ,2026-09-21,2026-09-23,C,700.0,0,48,0.6601596484375001,39.02,36.83,40.52
QQQ,2026-09-21,2026-09-23,C,701.0,0,4,0.6132851171875001,40.99,35.9,39.39
QQQ,2026-09-21,2026-09-23,C,702.0,0,11,0.6030313134765627,40.0,35.18,38.4
QQQ,2026-09-21,2026-09-23,C,703.0,0,7,0.5898478515625001,36.61,33.84,37.4
QQQ,2026-09-21,2026-09-23,C,704.0,0,1,0.5988809643554689,38.86,32.91,36.49
QQQ,2026-09-21,2026-09-23,C,705.0,0,5,0.5898478515625001,34.68,31.84,35.51
QQQ,2026-09-21,2026-09-23,C,706.0,115,36,0.5502974658203126,34.56,31.1,34.4
QQQ,2026-09-21,2026-09-23,C,707.0,0,33,0.5581098876953126,33.63,29.84,33.49
QQQ,2026-09-21,2026-09-23,C,708.0,0,12,0.5210008837890624,32.55,28.85,32.39
QQQ,2026-09-21,2026-09-23,C,709.0,0,53,0.5004932763671875,31.62,27.95,31.36
QQQ,2026-09-21,2026-09-23,C,710.0,880,122,0.5083056982421875,30.82,27.37,30.45
QQQ,2026-09-21,2026-09-23,C,711.0,216,40,0.5432174584960938,29.81,26.65,29.7
QQQ,2026-09-21,2026-09-23,C,712.0,0,81,0.45117736328125,29.83,26.25,28.32
QQQ,2026-09-21,2026-09-23,C,713.0,0,13,0.4379939013671875,28.4,25.31,27.32
QQQ,2026-09-21,2026-09-23,C,714.0,0,8,0.46533737792968755,27.98,24.49,26.51
QQQ,2026-09-21,2026-09-23,C,715.0,0,47,1.0000000000000003e-05,24.02,23.59,23.74
QQQ,2026-09-21,2026-09-23,C,716.0,0,4,1.0000000000000003e-05,24.26,22.57,22.73
QQQ,2026-09-21,2026-09-23,C,717.0,0,22,1.0000000000000003e-05,22.93,21.62,21.75
QQQ,2026-09-21,2026-09-23,C,718.0,0,66,1.0000000000000003e-05,20.62,20.58,20.72
QQQ,2026-09-21,2026-09-23,C,719.0,0,22,1.0000000000000003e-05,21.4,19.63,19.77
QQQ,2026-09-21,2026-09-23,C,720.0,0,105,1.0000000000000003e-05,19.49,18.63,18.77
QQQ,2026-09-21,2026-09-23,C,721.0,0,280,1.0000000000000003e-05,18.75,17.6,17.74
QQQ,2026-09-21,2026-09-23,C,722.0,0,31,1.0000000000000003e-05,17.35,16.6,16.75
QQQ,2026-09-21,2026-09-23,C,723.0,0,94,1.0000000000000003e-05,17.17,15.58,15.73
QQQ,2026-09-21,2026-09-23,C,724.0,0,32,1.0000000000000003e-05,15.19,14.65,14.79
QQQ,2026-09-21,2026-09-23,C,725.0,0,68,1.0000000000000003e-05,13.34,13.61,13.74
QQQ,2026-09-21,2026-09-23,C,726.0,0,150,1.0000000000000003e-05,14.9,12.64,12.78
QQQ,2026-09-21,2026-09-23,C,727.0,0,52,1.0000000000000003e-05,12.7,11.6,11.72
QQQ,2026-09-21,2026-09-23,C,728.0,0,66,1.0000000000000003e-05,10.65,10.65,10.79
QQQ,2026-09-21,2026-09-23,C,729.0,0,172,1.0000000000000003e-05,10.44,9.49,9.6
QQQ,2026-09-21,2026-09-23,C,730.0,0,1253,1.0000000000000003e-05,8.52,8.56,8.7
QQQ,2026-09-21,2026-09-23,C,731.0,0,321,1.0000000000000003e-05,7.95,7.64,7.8
QQQ,2026-09-21,2026-09-23,C,732.0,911,403,1.0000000000000003e-05,6.51,6.69,6.82
QQQ,2026-09-21,2026-09-23,C,733.0,0,415,1.0000000000000003e-05,5.74,5.75,5.89
QQQ,2026-09-21,2026-09-23,C,734.0,0,765,1.0000000000000003e-05,4.74,4.78,4.88
QQQ,2026-09-21,2026-09-23,C,735.0,0,2148,1.0000000000000003e-05,4.08,3.89,3.99
QQQ,2026-09-21,2026-09-23,C,736.0,1802,3145,1.0000000000000003e-05,3.08,3.03,3.09
QQQ,2026-09-21,2026-09-23,C,737.0,0,10976,1.0000000000000003e-05,2.24,2.29,2.3
QQQ,2026-09-21,2026-09-23,C,738.0,0,29162,1.0000000000000003e-05,1.56,1.55,1.56
QQQ,2026-09-21,2026-09-23,C,739.0,0,89574,0.01832036376953125,0.99,0.97,0.98
QQQ,2026-09-21,2026-09-23,C,740.0,0,277783,0.039804523925781245,0.58,0.58,0.59
QQQ,2026-09-21,2026-09-23,C,741.0,0,227344,0.047861083984375,0.32,0.31,0.33
QQQ,2026-09-21,2026-09-23,C,742.0,0,277378,0.053720400390625006,0.18,0.17,0.18
QQQ,2026-09-21,2026-09-23,C,743.0,0,252865,0.05933557861328125,0.09,0.09,0.1
QQQ,2026-09-21,2026-09-23,C,744.0,4213,197196,0.06763627685546877,0.07,0.06,0.07
QQQ,2026-09-21,2026-09-23,C,745.0,0,215676,0.07520456054687502,0.05,0.04,0.05
QQQ,2026-09-21,2026-09-23,C,746.0,0,122270,0.08399353515625002,0.03,0.03,0.04
QQQ,2026-09-21,2026-09-23,C,747.0,0,88835,0.090829404296875,0.03,0.02,0.03
QQQ,2026-09-21,2026-09-23,C,748.0,0,55102,0.10157148437499999,0.03,0.02,0.03
QQQ,2026-09-21,2026-09-23,C,749.0,3146,33014,0.11133701171874999,0.03,0.02,0.03
QQQ,2026-09-21,2026-09-23,C,750.0,0,43739,0.11524322265625,0.02,0.01,0.02
QQQ,2026-09-21,2026-09-23,C,751.0,2795,19517,0.12500875,0.02,0.01,0.02
QQQ,2026-09-21,2026-09-23,C,752.0,0,25836,0.13477427734375003,0.01,0.01,0.02
QQQ,2026-09-21,2026-09-23,C,753.0,3476,7167,0.1445398046875,0.01,0.01,0.02
QQQ,2026-09-21,2026-09-23,C,754.0,0,8903,0.15430533203125002,0.01,0.01,0.02
QQQ,2026-09-21,2026-09-23,C,755.0,0,13639,0.15039912109375003,0.01,0.0,0.01
QQQ,2026-09-21,2026-09-23,C,756.0,0,4295,0.1601646484375,0.01,0.0,0.01
QQQ,2026-09-21,2026-09-23,C,757.0,0,1826,0.16797707031250003,0.01,0.0,0.01
QQQ,2026-09-21,2026-09-23,C,758.0,0,5613,0.1757894921875,0.01,0.0,0.01
QQQ,2026-09-21,2026-09-23,C,759.0,0,814,0.18360191406249998,0.01,0.0,0.01
QQQ,2026-09-21,2026-09-23,C,760.0,0,1991,0.195320546875,0.01,0.0,0.01
QQQ,2026-09-21,2026-09-23,C,761.0,0,1586,0.20313296874999998,0.01,0.0,0.01
QQQ,2026-09-21,2026-09-23,C,762.0,0,597,0.21094539062499998,0.01,0.0,0.01
QQQ,2026-09-21,2026-09-23,C,763.0,777,44,0.21875781249999998,0.01,0.0,0.01
QQQ,2026-09-21,2026-09-23,C,764.0,0,33,0.22657023437499998,0.01,0.0,0.01
QQQ,2026-09-21,2026-09-23,C,765.0,0,438,0.23438265625,0.01,0.0,0.01
QQQ,2026-09-21,2026-09-23,C,766.0,0,51,0.242195078125,0.01,0.0,0.01
QQQ,2026-09-21,2026-09-23,C,767.0,0,22,0.2500075,0.01,0.0,0.01
QQQ,2026-09-21,2026-09-23,C,768.0,130,3,0.2617261328125,0.01,0.0,0.01
QQQ,2026-09-21,2026-09-23,C,769.0,0,1,0.2695385546875,0.01,0.0,0.01
QQQ,2026-09-21,2026-09-23,C,770.0,0,8,0.27735097656249996,0.01,0.0,0.01
QQQ,2026-09-21,2026-09-23,C,771.0,0,0,0.28516339843749994,0.02,0.0,0.01
QQQ,2026-09-21,2026-09-23,C,772.0,17,0,0.2929758203124999,0.01,0.0,0.01
QQQ,2026-09-21,2026-09-23,C,773.0,0,0,0.3007882421875,0.01,0.0,0.01
QQQ,2026-09-21,2026-09-23,C,774.0,0,0,0.3086006640625,0.01,0.0,0.01
QQQ,2026-09-21,2026-09-23,C,775.0,0,2120,0.31641308593749995,0.02,0.0,0.01
QQQ,2026-09-21,2026-09-23,C,780.0,0,1,0.35938140625,0.01,0.0,0.01
QQQ,2026-09-21,2026-09-23,C,785.0,0,11,0.398443515625,0.01,0.0,0.01
QQQ,2026-09-21,2026-09-23,C,790.0,0,274,0.437505625,0.01,0.0,0.01
QQQ,2026-09-21,2026-09-23,C,795.0,0,657,0.4687553125,0.01,0.0,0.01
QQQ,2026-09-21,2026-09-23,C,800.0,424,75,0.507817421875,0.01,0.0,0.01
QQQ,2026-09-21,2026-09-23,C,805.0,0,1,0.5468795312500001,0.01,0.0,0.01
QQQ,2026-09-21,2026-09-23,C,810.0,0,0,0.57812921875,0.01,0.0,0.01
QQQ,2026-09-21,2026-09-23,C,815.0,0,0,0.6171913281250001,0.02,0.0,0.01
QQQ,2026-09-21,2026-09-23,C,820.0,75,0,0.6562534375000001,0.01,0.0,0.01
QQQ,2026-09-21,2026-09-23,C,825.0,0,0,0.6875031250000001,0.01,0.0,0.01
QQQ,2026-09-21,2026-09-23,C,830.0,0,0,0.7187528125,0.01,0.0,0.01
QQQ,2026-09-21,2026-09-23,C,835.0,0,0,0.7578149218750001,0.01,0.0,0.01
QQQ,2026-09-21,2026-09-23,C,840.0,0,0,0.79687703125,0.01,0.0,0.01
QQQ,2026-09-21,2026-09-23,C,845.0,0,0,0.8281267187499999,0.02,0.0,0.01
QQQ,2026-09-21,2026-09-23,C,855.0,0,0,0.8906260937499999,0.02,0.0,0.01
QQQ,2026-09-21,2026-09-23,C,860.0,0,0,0.92187578125,0.01,0.0,0.01
QQQ,2026-09-21,2026-09-23,C,865.0,0,0,0.9531254687499999,0.01,0.0,0.01
QQQ,2026-09-21,2026-09-23,C,870.0,0,0,0.98437515625,0.01,0.0,0.01
QQQ,2026-09-21,2026-09-23,C,885.0,0,0,1.0781296093750001,0.02,0.0,0.01
QQQ,2026-09-21,2026-09-23,C,900.0,0,37,1.125004375,0.01,0.0,0.01
QQQ,2026-09-21,2026-09-23,P,450.0,60,12,2.750003125,0.01,0.0,0.01
QQQ,2026-09-21,2026-09-23,P,455.0,415,400,2.68750328125,0.01,0.0,0.01
QQQ,2026-09-21,2026-09-23,P,460.0,4,0,2.6250034375,0.01,0.0,0.01
QQQ,2026-09-21,2026-09-23,P,470.0,57,0,2.50000375,0.01,0.0,0.01
QQQ,2026-09-21,2026-09-23,P,475.0,18,3,2.43750390625,0.01,0.0,0.01
QQQ,2026-09-21,2026-09-23,P,485.0,0,0,2.3125042187499996,0.02,0.0,0.01
QQQ,2026-09-21,2026-09-23,P,495.0,1,0,2.2500043749999996,0.02,0.0,0.01
QQQ,2026-09-21,2026-09-23,P,500.0,235,104,2.1875045312499997,0.02,0.0,0.01
QQQ,2026-09-21,2026-09-23,P,505.0,105,0,2.1250046874999997,0.02,0.0,0.01
QQQ,2026-09-21,2026-09-23,P,510.0,46,900,2.0625048437499998,0.01,0.0,0.01
QQQ,2026-09-21,2026-09-23,P,515.0,203,41,2.000005,0.01,0.0,0.01
QQQ,2026-09-21,2026-09-23,P,520.0,33,31,1.96875015625,0.03,0.0,0.01
QQQ,2026-09-21,2026-09-23,P,525.0,249,213,1.9375003125,0.01,0.0,0.01
QQQ,2026-09-21,2026-09-23,P,530.0,435,418,1.875000625,0.02,0.0,0.01
QQQ,2026-09-21,2026-09-23,P,535.0,48,200,1.8125009374999999,0.02,0.0,0.01
QQQ,2026-09-21,2026-09-23,P,540.0,852,845,1.75000125,0.01,0.0,0.01
QQQ,2026-09-21,2026-09-23,P,545.0,426,355,1.71875140625,0.01,0.0,0.01
QQQ,2026-09-21,2026-09-23,P,550.0,67,89,1.6875015625,0.01,0.0,0.01
QQQ,2026-09-21,2026-09-23,P,555.0,47,77,1.625001875,0.01,0.0,0.01
QQQ,2026-09-21,2026-09-23,P,560.0,544,13,1.5625021874999998,0.01,0.0,0.01
QQQ,2026-09-21,2026-09-23,P,565.0,100,0,1.609376953125,0.01,0.0,0.01
QQQ,2026-09-21,2026-09-23,P,570.0,404,400,1.5000025,0.01,0.0,0.01
QQQ,2026-09-21,2026-09-23,P,575.0,6,0,1.4375028125,0.02,0.0,0.01
QQQ,2026-09-21,2026-09-23,P,580.0,463,400,1.3750031249999999,0.01,0.0,0.01
QQQ,2026-09-21,2026-09-23,P,585.0,2347,22,1.3437532812499997,0.01,0.0,0.01
QQQ,2026-09-21,2026-09-23,P,590.0,242,201,1.3125034374999998,0.01,0.0,0.01
QQQ,2026-09-21,2026-09-23,P,595.0,177,0,1.2500037499999999,0.09,0.0,0.01
QQQ,2026-09-21,2026-09-23,P,600.0,179,71,1.21875390625,0.01,0.0,0.01
QQQ,2026-09-21,2026-09-23,P,605.0,3303,3836,1.15625421875,0.01,0.0,0.01
QQQ,2026-09-21,2026-09-23,P,610.0,252,149,1.125004375,0.01,0.0,0.01
QQQ,2026-09-21,2026-09-23,P,615.0,160,68,1.0625046875000002,0.01,0.0,0.01
QQQ,2026-09-21,2026-09-23,P,620.0,448,442,1.0312548437500002,0.01,0.0,0.01
QQQ,2026-09-21,2026-09-23,P,625.0,212,210,0.98437515625,0.02,0.0,0.01
QQQ,2026-09-21,2026-09-23,P,630.0,93,41,0.937500625,0.02,0.0,0.01
QQQ,2026-09-21,2026-09-23,P,635.0,68,1,0.9062509375,0.01,0.0,0.01
QQQ,2026-09-21,2026-09-23,P,640.0,295,53,0.8437515624999999,0.01,0.0,0.01
QQQ,2026-09-21,2026-09-23,P,645.0,1183,1,0.8125018749999999,0.01,0.0,0.01
QQQ,2026-09-21,2026-09-23,P,650.0,1047,1838,0.7812521875,0.01,0.0,0.01
QQQ,2026-09-21,2026-09-23,P,655.0,544,453,0.7187528125,0.01,0.0,0.01
QQQ,2026-09-21,2026-09-23,P,660.0,2497,23,0.6875031250000001,0.01,0.0,0.01
QQQ,2026-09-21,2026-09-23,P,661.0,222,57,0.6875031250000001,0.01,0.0,0.01
QQQ,2026-09-21,2026-09-23,P,662.0,745,200,0.6718782812500002,0.01,0.0,0.01
QQQ,2026-09-21,2026-09-23,P,663.0,446,91,0.6562534375000001,0.01,0.0,0.01
QQQ,2026-09-21,2026-09-23,P,664.0,339,6,0.6562534375000001,0.03,0.0,0.01
QQQ,2026-09-21,2026-09-23,P,665.0,936,33,0.64062859375,0.01,0.0,0.01
QQQ,2026-09-21,2026-09-23,P,666.0,213,1,0.64062859375,0.01,0.0,0.01
QQQ,2026-09-21,2026-09-23,P,667.0,246,1,0.6250037500000001,0.01,0.0,0.01
QQQ,2026-09-21,2026-09-23,P,668.0,219,11,0.6250037500000001,0.01,0.0,0.01
QQQ,2026-09-21,2026-09-23,P,669.0,215,6,0.6093789062500001,0.03,0.0,0.01
QQQ,2026-09-21,2026-09-23,P,670.0,484,20,0.5937540625000001,0.01,0.0,0.01
QQQ,2026-09-21,2026-09-23,P,671.0,209,101,0.5937540625000001,0.02,0.0,0.01
QQQ,2026-09-21,2026-09-23,P,672.0,488,25,0.5937540625000001,0.01,0.0,0.01
QQQ,2026-09-21,2026-09-23,P,673.0,595,20,0.57812921875,0.02,0.0,0.01
QQQ,2026-09-21,2026-09-23,P,674.0,1418,1,0.5625043750000001,0.01,0.0,0.01
QQQ,2026-09-21,2026-09-23,P,675.0,1439,1,0.5625043750000001,0.01,0.0,0.01
QQQ,2026-09-21,2026-09-23,P,676.0,517,20,0.5468795312500001,0.02,0.0,0.01
QQQ,2026-09-21,2026-09-23,P,677.0,152,4,0.5468795312500001,0.01,0.0,0.01
QQQ,2026-09-21,2026-09-23,P,678.0,186,1,0.5312546875,0.01,0.0,0.01
QQQ,2026-09-21,2026-09-23,P,679.0,202,4,0.5312546875,0.01,0.0,0.01
QQQ,2026-09-21,2026-09-23,P,680.0,2997,3,0.51562984375,0.01,0.0,0.01
QQQ,2026-09-21,2026-09-23,P,681.0,1825,4,0.51562984375,0.01,0.0,0.01
QQQ,2026-09-21,2026-09-23,P,682.0,178,33,0.500005,0.02,0.0,0.01
QQQ,2026-09-21,2026-09-23,P,683.0,495,6,0.500005,0.01,0.0,0.01
QQQ,2026-09-21,2026-09-23,P,684.0,466,1,0.51562984375,0.01,0.0,0.01
QQQ,2026-09-21,2026-09-23,P,685.0,670,1,0.507817421875,0.01,0.0,0.01
QQQ,2026-09-21,2026-09-23,P,686.0,258,2,0.500005,0.02,0.0,0.01
QQQ,2026-09-21,2026-09-23,P,687.0,376,6,0.49219257812500006,0.02,0.0,0.01
QQQ,2026-09-21,2026-09-23,P,688.0,203,1,0.48438015625,0.01,0.0,0.01
QQQ,2026-09-21,2026-09-23,P,689.0,645,6,0.4687553125,0.01,0.0,0.01
QQQ,2026-09-21,2026-09-23,P,690.0,1477,6,0.46094289062500005,0.01,0.0,0.01
QQQ,2026-09-21,2026-09-23,P,691.0,226,62,0.45313046875,0.02,0.0,0.01
QQQ,2026-09-21,2026-09-23,P,692.0,822,3,0.445318046875,0.01,0.0,0.01
QQQ,2026-09-21,2026-09-23,P,693.0,983,2,0.437505625,0.01,0.0,0.01
QQQ,2026-09-21,2026-09-23,P,694.0,193,5,0.42969320312500003,0.01,0.0,0.01
QQQ,2026-09-21,2026-09-23,P,695.0,1713,10,0.42188078125,0.01,0.0,0.01
QQQ,2026-09-21,2026-09-23,P,696.0,3332,14,0.414068359375,0.01,0.0,0.01
QQQ,2026-09-21,2026-09-23,P,697.0,3257,13,0.398443515625,0.01,0.0,0.01
QQQ,2026-09-21,2026-09-23,P,698.0,1493,44,0.39063109375,0.02,0.0,0.01
QQQ,2026-09-21,2026-09-23,P,699.0,3216,127,0.38281867187499996,0.01,0.0,0.01
QQQ,2026-09-21,2026-09-23,P,700.0,4073,39,0.37500625,0.01,0.0,0.01
QQQ,2026-09-21,2026-09-23,P,701.0,4444,742,0.367193828125,0.01,0.0,0.01
QQQ,2026-09-21,2026-09-23,P,702.0,1328,2012,0.35938140625,0.01,0.0,0.01
QQQ,2026-09-21,2026-09-23,P,703.0,963,747,0.35156898437499995,0.01,0.0,0.01
QQQ,2026-09-21,2026-09-23,P,704.0,1744,1468,0.3437565625,0.01,0.0,0.01
QQQ,2026-09-21,2026-09-23,P,705.0,2206,393,0.3320379296875,0.01,0.0,0.01
QQQ,2026-09-21,2026-09-23,P,706.0,2441,97,0.32031929687499994,0.01,0.0,0.01
QQQ,2026-09-21,2026-09-23,P,707.0,3854,4511,0.31250687499999996,0.01,0.0,0.01
QQQ,2026-09-21,2026-09-23,P,708.0,2491,288,0.304694453125,0.01,0.0,0.01
QQQ,2026-09-21,2026-09-23,P,709.0,1279,34,0.29688203124999996,0.01,0.0,0.01
QQQ,2026-09-21,2026-09-23,P,710.0,3866,1288,0.2890696093749999,0.01,0.0,0.01
QQQ,2026-09-21,2026-09-23,P,711.0,1303,884,0.28125718749999995,0.01,0.0,0.01
QQQ,2026-09-21,2026-09-23,P,712.0,1872,1150,0.2695385546875,0.01,0.0,0.01
QQQ,2026-09-21,2026-09-23,P,713.0,2176,335,0.2617261328125,0.01,0.0,0.01
QQQ,2026-09-21,2026-09-23,P,714.0,1733,375,0.2500075,0.01,0.0,0.01
QQQ,2026-09-21,2026-09-23,P,715.0,2022,1416,0.242195078125,0.01,0.0,0.01
QQQ,2026-09-21,2026-09-23,P,716.0,766,2544,0.23438265625,0.01,0.0,0.01
QQQ,2026-09-21,2026-09-23,P,717.0,1903,3757,0.242195078125,0.02,0.01,0.02
QQQ,2026-09-21,2026-09-23,P,718.0,2262,4588,0.23438265625,0.01,0.01,0.02
QQQ,2026-09-21,2026-09-23,P,719.0,1414,5030,0.22266402343749997,0.01,0.01,0.02
QQQ,2026-09-21,2026-09-23,P,720.0,2920,4008,0.2148516015625,0.01,0.01,0.02
QQQ,2026-09-21,2026-09-23,P,721.0,1477,2907,0.20508607421874997,0.01,0.01,0.02
QQQ,2026-09-21,2026-09-23,P,722.0,1597,2177,0.195320546875,0.01,0.01,0.02
QQQ,2026-09-21,2026-09-23,P,723.0,1571,3561,0.18555501953124998,0.02,0.01,0.02
QQQ,2026-09-21,2026-09-23,P,724.0,999,2055,0.1757894921875,0.02,0.01,0.02
QQQ,2026-09-21,2026-09-23,P,725.0,4623,6412,0.174812939453125,0.03,0.02,0.03
QQQ,2026-09-21,2026-09-23,P,726.0,2310,6910,0.16407085937500002,0.02,0.02,0.03
QQQ,2026-09-21,2026-09-23,P,727.0,3409,7219,0.15430533203125002,0.03,0.02,0.03
QQQ,2026-09-21,2026-09-23,P,728.0,2593,9916,0.15039912109375003,0.03,0.03,0.04
QQQ,2026-09-21,2026-09-23,P,729.0,1530,5790,0.14405152832031248,0.04,0.04,0.05
QQQ,2026-09-21,2026-09-23,P,730.0,3282,19329,0.13672738281250002,0.06,0.05,0.06
QQQ,2026-09-21,2026-09-23,P,731.0,3109,10022,0.131844619140625,0.07,0.07,0.08
QQQ,2026-09-21,2026-09-23,P,732.0,3294,16499,0.12500875,0.1,0.09,0.1
QQQ,2026-09-21,2026-09-23,P,733.0,2580,34165,0.11914943359374999,0.13,0.12,0.13
QQQ,2026-09-21,2026-09-23,P,734.0,4004,39613,0.11426666992187501,0.18,0.17,0.18
QQQ,2026-09-21,2026-09-23,P,735.0,12760,102843,0.11060459716796875,0.25,0.25,0.26
QQQ,2026-09-21,2026-09-23,P,736.0,2629,85106,0.10767493896484376,0.36,0.37,0.38
QQQ,2026-09-21,2026-09-23,P,737.0,2816,123270,0.10376872802734374,0.53,0.53,0.54
QQQ,2026-09-21,2026-09-23,P,738.0,4558,197389,0.10804114624023436,0.86,0.86,0.87
QQQ,2026-09-21,2026-09-23,P,739.0,7880,292673,0.11036045898437499,1.27,1.26,1.27
QQQ,2026-09-21,2026-09-23,P,740.0,10959,468970,0.12073633178710938,1.88,1.88,1.89
QQQ,2026-09-21,2026-09-23,P,741.0,2391,255724,0.13477427734375003,2.58,2.58,2.65
QQQ,2026-09-21,2026-09-23,P,742.0,5069,202922,0.15076532836914067,3.48,3.41,3.5
QQQ,2026-09-21,2026-09-23,P,743.0,6189,150118,0.16980810668945315,4.4,4.31,4.43
QQQ,2026-09-21,2026-09-23,P,744.0,4856,125859,0.19507640869140624,5.4,5.32,5.47
QQQ,2026-09-21,2026-09-23,P,745.0,6789,76265,0.21509573974609375,6.55,6.28,6.45
QQQ,2026-09-21,2026-09-23,P,746.0,5159,27870,0.23242955078125,7.39,7.27,7.41
QQQ,2026-09-21,2026-09-23,P,747.0,5021,11370,0.25220474365234374,8.42,8.27,8.41
QQQ,2026-09-21,2026-09-23,P,748.0,1817,4182,0.2758861474609374,9.54,9.32,9.46
QQQ,2026-09-21,2026-09-23,P,749.0,528,1027,0.2902903002929687,10.71,10.28,10.41
QQQ,2026-09-21,2026-09-23,P,750.0,1208,3922,0.3087227331542969,11.15,11.31,11.41
QQQ,2026-09-21,2026-09-23,P,751.0,1041,345,0.3286199951171874,12.14,12.28,12.43
QQQ,2026-09-21,2026-09-23,P,752.0,197,517,0.3425358715820312,13.03,13.23,13.39
QQQ,2026-09-21,2026-09-23,P,753.0,144,299,0.36377589355468753,14.55,14.27,14.43
QQQ,2026-09-21,2026-09-23,P,754.0,133,106,0.37695935546875,14.4,15.24,15.39
QQQ,2026-09-21,2026-09-23,P,755.0,86,214,0.39258419921875,16.56,16.23,16.38
QQQ,2026-09-21,2026-09-23,P,756.0,80,76,0.4102842175292969,15.2,17.25,17.39
QQQ,2026-09-21,2026-09-23,P,757.0,26,59,0.4299373413085938,16.47,18.27,18.42
QQQ,2026-09-21,2026-09-23,P,758.0,81,30,0.43848217773437503,19.09,19.2,19.35
QQQ,2026-09-21,2026-09-23,P,759.0,1,11,0.45313046875,18.42,20.2,20.34
QQQ,2026-09-21,2026-09-23,P,760.0,40,124,0.4770560107421875,19.28,21.27,21.41
QQQ,2026-09-21,2026-09-23,P,761.0,3,39,0.4892629199218751,19.0,22.22,22.38
QQQ,2026-09-21,2026-09-23,P,762.0,1,40,0.5029346582031251,22.55,23.3,23.43
QQQ,2026-09-21,2026-09-23,P,764.0,0,92,0.5363815893554689,25.51,23.62,27.16
QQQ,2026-09-21,2026-09-23,P,765.0,2,98,0.5478560839843751,25.78,24.61,28.11
QQQ,2026-09-21,2026-09-23,P,770.0,3,36,0.629886513671875,31.44,29.69,33.16
QQQ,2026-09-21,2026-09-23,P,780.0,1,15,0.8015156567382812,40.8,40.15,43.13
QQQ,2026-09-21,2026-09-24,C,640.0,2,3,1.1103560107421875,100.2,96.92,100.83
QQQ,2026-09-21,2026-09-24,C,650.0,0,30,0.9116219775390625,66.3,87.68,90.44
QQQ,2026-09-21,2026-09-24,C,655.0,0,14,0.8886729882812499,61.84,82.04,85.52
QQQ,2026-09-21,2026-09-24,C,660.0,0,1,0.8667005517578125,51.19,77.58,80.62
QQQ,2026-09-21,2026-09-24,C,670.0,0,1,0.7314479980468749,46.53,67.59,70.45
QQQ,2026-09-21,2026-09-24,C,675.0,0,0,0.7241238525390624,37.23,61.97,65.62
QQQ,2026-09-21,2026-09-24,C,680.0,0,0,0.6762727685546877,32.83,57.25,60.62
QQQ,2026-09-21,2026-09-24,C,682.0,0,0,0.657229990234375,24.42,54.93,58.62
QQQ,2026-09-21,2026-09-24,C,683.0,0,0,0.6274451318359376,23.56,54.05,57.52
QQQ,2026-09-21,2026-09-24,C,684.0,0,0,0.6181678808593751,33.29,53.05,56.52
QQQ,2026-09-21,2026-09-24,C,685.0,1,1,0.5961954443359375,60.17,52.6,55.46
QQQ,2026-09-21,2026-09-24,C,686.0,0,37,0.6189002954101563,31.06,50.93,54.62
QQQ,2026-09-21,2026-09-24,C,688.0,0,2,0.5996133789062501,29.66,48.93,52.62
QQQ,2026-09-21,2026-09-24,C,690.0,0,3,0.5637250659179689,26.52,47.34,50.53
QQQ,2026-09-21,2026-09-24,C,691.0,0,0,0.5708050732421875,16.95,45.97,49.62
QQQ,2026-09-21,2026-09-24,C,693.0,0,0,0.5351608984375,23.43,44.05,47.53
QQQ,2026-09-21,2026-09-24,C,695.0,30,30,0.5336960693359375,44.03,41.98,45.63
QQQ,2026-09-21,2026-09-24,C,696.0,5,0,0.506840869140625,11.62,41.05,44.53
QQQ,2026-09-21,2026-09-24,C,697.0,3,2,0.4973194799804688,49.5,40.06,43.53
QQQ,2026-09-21,2026-09-24,C,698.0,1,1,0.5043994873046875,18.78,38.98,42.63
QQQ,2026-09-21,2026-09-24,C,699.0,6,1,0.4946339599609375,46.49,37.94,41.63
QQQ,2026-09-21,2026-09-24,C,700.0,40,10,0.4848684326171875,42.47,36.94,40.63
QQQ,2026-09-21,2026-09-24,C,701.0,12,7,0.46045461425781253,20.37,36.06,39.54
QQQ,2026-09-21,2026-09-24,C,702.0,169,2,1.0000000000000003e-05,19.38,36.2,37.45
QQQ,2026-09-21,2026-09-24,C,703.0,81,41,1.0000000000000003e-05,36.02,35.29,36.31
QQQ,2026-09-21,2026-09-24,C,704.0,78,2,1.0000000000000003e-05,42.7,34.67,35.45
QQQ,2026-09-21,2026-09-24,C,705.0,93,35,1.0000000000000003e-05,34.21,33.61,34.5
QQQ,2026-09-21,2026-09-24,C,706.0,81,1,1.0000000000000003e-05,29.12,32.45,33.46
QQQ,2026-09-21,2026-09-24,C,707.0,78,13,1.0000000000000003e-05,33.63,31.4,32.51
QQQ,2026-09-21,2026-09-24,C,708.0,50,4,1.0000000000000003e-05,34.16,30.69,31.52
QQQ,2026-09-21,2026-09-24,C,709.0,69,1,1.0000000000000003e-05,36.11,29.69,30.52
QQQ,2026-09-21,2026-09-24,C,710.0,461,11,1.0000000000000003e-05,30.69,28.35,29.56
QQQ,2026-09-21,2026-09-24,C,711.0,48,25,1.0000000000000003e-05,31.05,27.39,28.53
QQQ,2026-09-21,2026-09-24,C,712.0,54,6,1.0000000000000003e-05,34.42,26.71,27.53
QQQ,2026-09-21,2026-09-24,C,713.0,103,3,1.0000000000000003e-05,27.45,25.44,26.26
QQQ,2026-09-21,2026-09-24,C,714.0,189,2,1.0000000000000003e-05,26.11,24.42,25.25
QQQ,2026-09-21,2026-09-24,C,715.0,1085,21,1.0000000000000003e-05,28.78,23.68,24.52
QQQ,2026-09-21,2026-09-24,C,716.0,240,6,1.0000000000000003e-05,23.22,22.75,23.27
QQQ,2026-09-21,2026-09-24,C,717.0,459,14,1.0000000000000003e-05,25.02,21.45,22.28
QQQ,2026-09-21,2026-09-24,C,718.0,424,10,1.0000000000000003e-05,22.62,20.7,21.21
QQQ,2026-09-21,2026-09-24,C,719.0,533,6,1.0000000000000003e-05,21.5,19.31,20.31
QQQ,2026-09-21,2026-09-24,C,720.0,1092,162,1.0000000000000003e-05,19.52,18.51,19.32
QQQ,2026-09-21,2026-09-24,C,721.0,421,258,1.0000000000000003e-05,18.98,17.83,18.34
QQQ,2026-09-21,2026-09-24,C,722.0,833,16,1.0000000000000003e-05,17.87,16.6,17.58
QQQ,2026-09-21,2026-09-24,C,723.0,269,12,1.0000000000000003e-05,18.19,15.9,16.32
QQQ,2026-09-21,2026-09-24,C,724.0,278,10,1.0000000000000003e-05,18.11,14.71,15.35
QQQ,2026-09-21,2026-09-24,C,725.0,749,12,1.0000000000000003e-05,14.97,13.89,14.39
QQQ,2026-09-21,2026-09-24,C,726.0,334,36,1.0000000000000003e-05,13.91,12.88,13.44
QQQ,2026-09-21,2026-09-24,C,727.0,254,15,1.0000000000000003e-05,12.4,11.94,12.5
QQQ,2026-09-21,2026-09-24,C,728.0,273,47,1.0000000000000003e-05,11.49,11.13,11.55
QQQ,2026-09-21,2026-09-24,C,729.0,1468,121,1.0000000000000003e-05,10.98,10.35,10.42
QQQ,2026-09-21,2026-09-24,C,730.0,2244,787,1.0000000000000003e-05,9.25,9.52,9.6
QQQ,2026-09-21,2026-09-24,C,731.0,403,69,1.0000000000000003e-05,9.29,8.62,8.7
QQQ,2026-09-21,2026-09-24,C,732.0,4521,283,1.0000000000000003e-05,7.89,7.81,7.89
QQQ,2026-09-21,2026-09-24,C,733.0,844,228,0.08399353515625002,6.88,7.02,7.08
QQQ,2026-09-21,2026-09-24,C,734.0,363,484,0.10230389892578123,6.34,6.31,6.36
QQQ,2026-09-21,2026-09-24,C,735.0,1382,1164,0.10730873168945312,5.55,5.55,5.6
QQQ,2026-09-21,2026-09-24,C,736.0,1044,1626,0.11042149353027343,4.84,4.85,4.88
QQQ,2026-09-21,2026-09-24,C,737.0,560,1476,0.1147549462890625,4.3,4.23,4.25
QQQ,2026-09-21,2026-09-24,C,738.0,718,4356,0.1167080517578125,3.62,3.63,3.64
QQQ,2026-09-21,2026-09-24,C,739.0,772,8107,0.11890529541015624,3.08,3.09,3.1
QQQ,2026-09-21,2026-09-24,C,740.0,1487,21686,0.11878322631835936,2.56,2.56,2.57
QQQ,2026-09-21,2026-09-24,C,741.0,336,20369,0.11939357177734375,2.07,2.11,2.12
QQQ,2026-09-21,2026-09-24,C,742.0,1188,21204,0.1186611572265625,1.7,1.69,1.7
QQQ,2026-09-21,2026-09-24,C,743.0,1147,20793,0.11951564086914063,1.35,1.36,1.37
QQQ,2026-09-21,2026-09-24,C,744.0,1139,14499,0.11914943359374999,1.04,1.06,1.07
QQQ,2026-09-21,2026-09-24,C,745.0,1134,22130,0.11988184814453123,0.84,0.83,0.84
QQQ,2026-09-21,2026-09-24,C,746.0,1360,12138,0.12049219360351562,0.63,0.64,0.65
QQQ,2026-09-21,2026-09-24,C,747.0,1290,13511,0.11975977905273436,0.49,0.47,0.48
QQQ,2026-09-21,2026-09-24,C,748.0,1086,12859,0.12122460815429686,0.37,0.36,0.37
QQQ,2026-09-21,2026-09-24,C,749.0,999,5209,0.12232322998046877,0.27,0.27,0.28
QQQ,2026-09-21,2026-09-24,C,750.0,4324,11210,0.12207909179687501,0.21,0.19,0.2
QQQ,2026-09-21,2026-09-24,C,751.0,541,2564,0.1235439208984375,0.15,0.14,0.15
QQQ,2026-09-21,2026-09-24,C,752.0,1556,3260,0.12647357910156248,0.12,0.11,0.12
QQQ,2026-09-21,2026-09-24,C,753.0,607,1781,0.127938408203125,0.08,0.08,0.09
QQQ,2026-09-21,2026-09-24,C,754.0,2502,2393,0.13037979003906247,0.07,0.06,0.07
QQQ,2026-09-21,2026-09-24,C,755.0,4395,9659,0.13477427734375003,0.05,0.05,0.06
QQQ,2026-09-21,2026-09-24,C,756.0,586,1792,0.1381922119140625,0.03,0.04,0.05
QQQ,2026-09-21,2026-09-24,C,757.0,1305,414,0.14063359375,0.04,0.03,0.04
QQQ,2026-09-21,2026-09-24,C,758.0,337,1049,0.148446015625,0.03,0.03,0.04
QQQ,2026-09-21,2026-09-24,C,759.0,405,363,0.148446015625,0.03,0.02,0.03
QQQ,2026-09-21,2026-09-24,C,760.0,1684,2419,0.1562584375,0.03,0.02,0.03
QQQ,2026-09-21,2026-09-24,C,761.0,806,234,0.15430533203125002,0.02,0.01,0.02
QQQ,2026-09-21,2026-09-24,C,762.0,166,69,0.1601646484375,0.02,0.01,0.02
QQQ,2026-09-21,2026-09-24,C,763.0,323,615,0.16797707031250003,0.01,0.01,0.02
QQQ,2026-09-21,2026-09-24,C,764.0,15,116,0.17383638671875,0.01,0.01,0.02
QQQ,2026-09-21,2026-09-24,C,765.0,336,315,0.179695703125,0.02,0.01,0.02
QQQ,2026-09-21,2026-09-24,C,766.0,137,249,0.17188328125000002,0.01,0.0,0.01
QQQ,2026-09-21,2026-09-24,C,767.0,28,1636,0.179695703125,0.02,0.0,0.01
QQQ,2026-09-21,2026-09-24,C,768.0,61,1295,0.18360191406249998,0.01,0.0,0.01
QQQ,2026-09-21,2026-09-24,C,769.0,2,1,0.1914143359375,0.01,0.0,0.01
QQQ,2026-09-21,2026-09-24,C,770.0,96,40,0.195320546875,0.01,0.0,0.01
QQQ,2026-09-21,2026-09-24,C,771.0,5,60,0.20313296874999998,0.01,0.0,0.01
QQQ,2026-09-21,2026-09-24,C,773.0,50,0,0.21094539062499998,0.04,0.0,0.01
QQQ,2026-09-21,2026-09-24,C,774.0,3,40,0.21875781249999998,0.01,0.0,0.01
QQQ,2026-09-21,2026-09-24,C,775.0,117,34,0.22266402343749997,0.01,0.0,0.01
QQQ,2026-09-21,2026-09-24,C,780.0,53,42,0.2500075,0.01,0.0,0.01
QQQ,2026-09-21,2026-09-24,C,785.0,191,58,0.28125718749999995,0.02,0.0,0.01
QQQ,2026-09-21,2026-09-24,C,790.0,7,1,0.304694453125,0.01,0.0,0.01
QQQ,2026-09-21,2026-09-24,C,795.0,9,0,0.335944140625,0.02,0.0,0.01
QQQ,2026-09-21,2026-09-24,C,800.0,52,18,0.35938140625,0.01,0.0,0.01
QQQ,2026-09-21,2026-09-24,C,810.0,10,0,0.414068359375,0.02,0.0,0.01
QQQ,2026-09-21,2026-09-24,C,840.0,12,0,0.5625043750000001,0.01,0.0,0.01
QQQ,2026-09-21,2026-09-24,C,845.0,20,0,0.585941640625,0.01,0.0,0.01
QQQ,2026-09-21,2026-09-24,P,500.0,580,510,1.5312523437499999,0.01,0.0,0.01
QQQ,2026-09-21,2026-09-24,P,505.0,57,20,1.5000025,0.01,0.0,0.01
QQQ,2026-09-21,2026-09-24,P,510.0,23,100,1.46875265625,0.03,0.0,0.01
QQQ,2026-09-21,2026-09-24,P,515.0,9,40,1.4375028125,0.03,0.0,0.01
QQQ,2026-09-21,2026-09-24,P,520.0,30,10,1.3750031249999999,0.01,0.0,0.01
QQQ,2026-09-21,2026-09-24,P,525.0,7,0,1.3437532812499997,0.06,0.0,0.01
QQQ,2026-09-21,2026-09-24,P,530.0,3,0,1.3906280468749999,0.01,0.0,0.01
QQQ,2026-09-21,2026-09-24,P,535.0,97,2,1.2812535937499998,0.01,0.0,0.01
QQQ,2026-09-21,2026-09-24,P,540.0,250,100,1.2500037499999999,0.01,0.0,0.01
QQQ,2026-09-21,2026-09-24,P,545.0,120,100,1.21875390625,0.01,0.0,0.01
QQQ,2026-09-21,2026-09-24,P,550.0,203,100,1.1875040625,0.01,0.0,0.01
QQQ,2026-09-21,2026-09-24,P,555.0,112,11,1.15625421875,0.01,0.0,0.01
QQQ,2026-09-21,2026-09-24,P,560.0,21,1,1.125004375,0.01,0.0,0.01
QQQ,2026-09-21,2026-09-24,P,570.0,10,1,1.0468797656250002,0.01,0.0,0.01
QQQ,2026-09-21,2026-09-24,P,575.0,8,0,1.000005,0.02,0.0,0.01
QQQ,2026-09-21,2026-09-24,P,580.0,101,40,1.0312548437500002,0.01,0.0,0.01
QQQ,2026-09-21,2026-09-24,P,585.0,150,1,1.0625046875000002,0.02,0.0,0.02
QQQ,2026-09-21,2026-09-24,P,590.0,26,1,0.9062509375,0.02,0.0,0.01
QQQ,2026-09-21,2026-09-24,P,595.0,56,4,0.937500625,0.01,0.0,0.02
QQQ,2026-09-21,2026-09-24,P,600.0,93,13,0.9062509375,0.01,0.0,0.02
QQQ,2026-09-21,2026-09-24,P,605.0,18,1,0.867188828125,0.01,0.0,0.02
QQQ,2026-09-21,2026-09-24,P,610.0,44,1,0.8281267187499999,0.27,0.0,0.02
QQQ,2026-09-21,2026-09-24,P,615.0,48,99,0.79687703125,0.01,0.0,0.02
QQQ,2026-09-21,2026-09-24,P,620.0,85,512,0.7656273437500001,0.02,0.0,0.02
QQQ,2026-09-21,2026-09-24,P,625.0,270,315,0.6875031250000001,0.01,0.0,0.01
QQQ,2026-09-21,2026-09-24,P,630.0,60,308,0.6562534375000001,0.01,0.0,0.01
QQQ,2026-09-21,2026-09-24,P,635.0,60,82,0.6953155468750001,0.01,0.01,0.02
QQQ,2026-09-21,2026-09-24,P,640.0,28,310,0.6640658593750002,0.02,0.01,0.02
QQQ,2026-09-21,2026-09-24,P,645.0,419,438,0.6093789062500001,0.01,0.0,0.02
QQQ,2026-09-21,2026-09-24,P,650.0,693,244,0.5976602734375001,0.02,0.01,0.02
QQQ,2026-09-21,2026-09-24,P,655.0,7832,3,0.5625043750000001,0.02,0.01,0.02
QQQ,2026-09-21,2026-09-24,P,660.0,988,4,0.5312546875,0.02,0.01,0.02
QQQ,2026-09-21,2026-09-24,P,665.0,982,7,0.500005,0.01,0.01,0.02
QQQ,2026-09-21,2026-09-24,P,666.0,391,9,0.507817421875,0.01,0.01,0.02
QQQ,2026-09-21,2026-09-24,P,667.0,152,4,0.500005,0.02,0.01,0.02
QQQ,2026-09-21,2026-09-24,P,668.0,234,4,0.49609878906250005,0.02,0.01,0.02
QQQ,2026-09-21,2026-09-24,P,669.0,675,4,0.48828636718750007,0.02,0.01,0.02
QQQ,2026-09-21,2026-09-24,P,670.0,907,2,0.4804739453125,0.01,0.01,0.02
QQQ,2026-09-21,2026-09-24,P,671.0,1215,631,0.476567734375,0.01,0.01,0.02
QQQ,2026-09-21,2026-09-24,P,672.0,960,1,0.4687553125,0.01,0.01,0.02
QQQ,2026-09-21,2026-09-24,P,673.0,220,177,0.46094289062500005,0.01,0.01,0.02
QQQ,2026-09-21,2026-09-24,P,674.0,293,34,0.45313046875,0.01,0.01,0.02
QQQ,2026-09-21,2026-09-24,P,675.0,1191,584,0.44922425781249997,0.01,0.01,0.02
QQQ,2026-09-21,2026-09-24,P,676.0,243,157,0.4414118359375,0.23,0.01,0.02
QQQ,2026-09-21,2026-09-24,P,677.0,813,3,0.437505625,0.01,0.01,0.02
QQQ,2026-09-21,2026-09-24,P,678.0,302,20,0.42969320312500003,0.02,0.01,0.02
QQQ,2026-09-21,2026-09-24,P,679.0,88,2,0.42188078125,0.08,0.01,0.02
QQQ,2026-09-21,2026-09-24,P,680.0,1457,2,0.4335994140625,0.02,0.01,0.03
QQQ,2026-09-21,2026-09-24,P,681.0,162,8,0.42578699218750005,0.09,0.01,0.03
QQQ,2026-09-21,2026-09-24,P,682.0,218,3,0.41992767578125,0.02,0.01,0.03
QQQ,2026-09-21,2026-09-24,P,683.0,235,1,0.39453730468750003,0.02,0.01,0.02
QQQ,2026-09-21,2026-09-24,P,684.0,699,59,0.4062559375,0.02,0.01,0.03
QQQ,2026-09-21,2026-09-24,P,685.0,897,25,0.398443515625,0.02,0.02,0.03
QQQ,2026-09-21,2026-09-24,P,686.0,394,3002,0.37500625,0.02,0.01,0.02
QQQ,2026-09-21,2026-09-24,P,687.0,108,3050,0.3711000390625,0.02,0.01,0.02
QQQ,2026-09-21,2026-09-24,P,688.0,826,5869,0.3789124609375,0.02,0.02,0.03
QQQ,2026-09-21,2026-09-24,P,689.0,382,5137,0.37305314453125,0.02,0.02,0.03
QQQ,2026-09-21,2026-09-24,P,690.0,624,5515,0.36524072265625,0.02,0.02,0.03
QQQ,2026-09-21,2026-09-24,P,691.0,131,2751,0.35938140625,0.02,0.02,0.03
QQQ,2026-09-21,2026-09-24,P,692.0,127,783,0.35156898437499995,0.02,0.02,0.03
QQQ,2026-09-21,2026-09-24,P,693.0,275,2661,0.34570966796874997,0.02,0.02,0.03
QQQ,2026-09-21,2026-09-24,P,694.0,181,4244,0.33789724609375,0.02,0.02,0.03
QQQ,2026-09-21,2026-09-24,P,695.0,534,1242,0.3320379296875,0.02,0.02,0.03
QQQ,2026-09-21,2026-09-24,P,696.0,101,530,0.3242255078124999,0.02,0.02,0.03
QQQ,2026-09-21,2026-09-24,P,697.0,303,754,0.31836619140624994,0.02,0.02,0.03
QQQ,2026-09-21,2026-09-24,P,698.0,174,383,0.31055376953124997,0.02,0.02,0.03
QQQ,2026-09-21,2026-09-24,P,699.0,1056,437,0.304694453125,0.02,0.02,0.03
QQQ,2026-09-21,2026-09-24,P,700.0,1549,333,0.29688203124999996,0.03,0.02,0.03
QQQ,2026-09-21,2026-09-24,P,701.0,255,36,0.3007882421875,0.03,0.02,0.04
QQQ,2026-09-21,2026-09-24,P,702.0,157,64,0.2929758203124999,0.03,0.03,0.04
QQQ,2026-09-21,2026-09-24,P,703.0,255,243,0.28711650390624993,0.04,0.03,0.04
QQQ,2026-09-21,2026-09-24,P,704.0,880,569,0.27930408203124996,0.03,0.03,0.04
QQQ,2026-09-21,2026-09-24,P,705.0,698,660,0.273444765625,0.03,0.03,0.04
QQQ,2026-09-21,2026-09-24,P,706.0,188,800,0.26563234375,0.03,0.03,0.04
QQQ,2026-09-21,2026-09-24,P,707.0,342,153,0.26563234375,0.03,0.04,0.05
QQQ,2026-09-21,2026-09-24,P,708.0,278,287,0.25879647460937505,0.05,0.04,0.05
QQQ,2026-09-21,2026-09-24,P,709.0,280,83,0.25196060546875,0.05,0.04,0.05
QQQ,2026-09-21,2026-09-24,P,710.0,1369,424,0.24414818359375,0.05,0.04,0.05
QQQ,2026-09-21,2026-09-24,P,711.0,408,195,0.243171630859375,0.04,0.05,0.06
QQQ,2026-09-21,2026-09-24,P,712.0,730,579,0.23535920898437498,0.04,0.05,0.06
QQQ,2026-09-21,2026-09-24,P,713.0,351,63,0.23242955078125,0.05,0.06,0.07
QQQ,2026-09-21,2026-09-24,P,714.0,300,352,0.225593681640625,0.07,0.06,0.07
QQQ,2026-09-21,2026-09-24,P,715.0,1236,276,0.21778125976562498,0.09,0.06,0.07
QQQ,2026-09-21,2026-09-24,P,716.0,535,375,0.21778125976562498,0.09,0.08,0.09
QQQ,2026-09-21,2026-09-24,P,717.0,454,663,0.20996883789062498,0.09,0.08,0.09
QQQ,2026-09-21,2026-09-24,P,718.0,1292,396,0.20899228515624996,0.1,0.1,0.11
QQQ,2026-09-21,2026-09-24,P,719.0,921,672,0.20069158691406247,0.12,0.1,0.11
QQQ,2026-09-21,2026-09-24,P,720.0,806,2887,0.198250205078125,0.13,0.12,0.13
QQQ,2026-09-21,2026-09-24,P,721.0,761,651,0.1948322705078125,0.15,0.14,0.15
QQQ,2026-09-21,2026-09-24,P,722.0,487,1549,0.192390888671875,0.19,0.17,0.18
QQQ,2026-09-21,2026-09-24,P,723.0,647,1316,0.18946123046875002,0.21,0.2,0.21
QQQ,2026-09-21,2026-09-24,P,724.0,392,1239,0.18360191406249998,0.25,0.22,0.23
QQQ,2026-09-21,2026-09-24,P,725.0,765,2298,0.1821370849609375,0.29,0.27,0.28
QQQ,2026-09-21,2026-09-24,P,726.0,376,2766,0.18164880859375,0.38,0.34,0.35
QQQ,2026-09-21,2026-09-24,P,727.0,1630,1878,0.18091639404296872,0.38,0.42,0.43
QQQ,2026-09-21,2026-09-24,P,728.0,1678,4248,0.17762052856445312,0.52,0.49,0.5
QQQ,2026-09-21,2026-09-24,P,729.0,1155,4496,0.17774259765625,0.6,0.61,0.62
QQQ,2026-09-21,2026-09-24,P,730.0,1690,12415,0.1744467321777344,0.71,0.7,0.72
QQQ,2026-09-21,2026-09-24,P,731.0,772,7462,0.17432466308593753,0.88,0.87,0.88
QQQ,2026-09-21,2026-09-24,P,732.0,876,10225,0.17115086669921875,1.02,1.01,1.02
QQQ,2026-09-21,2026-09-24,P,733.0,509,8937,0.17151707397460939,1.24,1.23,1.24
QQQ,2026-09-21,2026-09-24,P,734.0,425,9045,0.16883155395507815,1.48,1.43,1.44
QQQ,2026-09-21,2026-09-24,P,735.0,1906,15074,0.16938086486816406,1.73,1.71,1.73
QQQ,2026-09-21,2026-09-24,P,736.0,561,43906,0.16895362304687503,2.06,2.03,2.04
QQQ,2026-09-21,2026-09-24,P,737.0,1035,11610,0.16919776123046876,2.37,2.38,2.4
QQQ,2026-09-21,2026-09-24,P,738.0,884,19760,0.16968603759765627,2.81,2.8,2.81
QQQ,2026-09-21,2026-09-24,P,739.0,663,23881,0.17017431396484378,3.24,3.24,3.26
QQQ,2026-09-21,2026-09-24,P,740.0,1984,35046,0.1700522448730469,3.72,3.7,3.74
QQQ,2026-09-21,2026-09-24,P,741.0,926,18519,0.17115086669921875,4.31,4.26,4.29
QQQ,2026-09-21,2026-09-24,P,742.0,1286,18345,0.1712119012451172,4.94,4.82,4.86
QQQ,2026-09-21,2026-09-24,P,743.0,824,14941,0.17505707763671874,5.38,5.48,5.55
QQQ,2026-09-21,2026-09-24,P,744.0,1174,10168,0.1772543212890625,6.3,6.17,6.24
QQQ,2026-09-21,2026-09-24,P,745.0,1383,12291,0.1818319122314453,6.97,6.94,7.01
QQQ,2026-09-21,2026-09-24,P,746.0,1041,3352,0.1909260595703125,8.0,7.63,7.89
QQQ,2026-09-21,2026-09-24,P,747.0,867,1343,0.21558401611328126,9.0,8.58,9.07
QQQ,2026-09-21,2026-09-24,P,748.0,505,686,0.21216608154296873,8.9,9.37,9.75
QQQ,2026-09-21,2026-09-24,P,749.0,187,591,0.23365024169921872,9.76,10.19,10.88
QQQ,2026-09-21,2026-09-24,P,750.0,192,497,0.22595988891601562,11.36,11.4,11.53
QQQ,2026-09-21,2026-09-24,P,751.0,68,63,0.2356033471679687,12.35,12.19,12.48
QQQ,2026-09-21,2026-09-24,P,752.0,37,51,0.28626202026367187,11.87,13.17,14.08
QQQ,2026-09-21,2026-09-24,P,753.0,16,65,0.2740551110839844,14.0,14.15,14.68
QQQ,2026-09-21,2026-09-24,P,754.0,100,18,0.28992409301757804,11.8,14.87,15.73
QQQ,2026-09-21,2026-09-24,P,755.0,119,60,0.305671005859375,13.57,16.14,16.78
QQQ,2026-09-21,2026-09-24,P,756.0,57,6,0.3393620751953125,14.95,17.06,18.1
QQQ,2026-09-21,2026-09-24,P,757.0,142,78,0.3259344750976562,14.92,17.84,18.72
QQQ,2026-09-21,2026-09-24,P,758.0,2,3,0.33777517700195314,16.93,18.88,19.72
QQQ,2026-09-21,2026-09-24,P,759.0,1,2,0.3715883154296875,18.06,20.14,21.03
QQQ,2026-09-21,2026-09-24,P,760.0,19,521,0.3663393444824219,19.75,20.86,21.79
QQQ,2026-09-21,2026-09-24,P,762.0,2,3,0.40210558837890625,21.13,22.84,23.96
QQQ,2026-09-21,2026-09-24,P,763.0,1,2,0.4202938830566406,22.15,24.08,25.05
QQQ,2026-09-21,2026-09-25,C,490.0,0,10,2.160160849609375,228.85,247.98,250.7
QQQ,2026-09-21,2026-09-25,C,500.0,0,6,2.0898485253906243,240.41,237.96,240.76
QQQ,2026-09-21,2026-09-25,C,505.0,0,5,2.0156299609375,214.27,232.96,235.69
QQQ,2026-09-21,2026-09-25,C,510.0,0,5,2.0732470043945312,219.79,227.6,230.98
QQQ,2026-09-21,2026-09-25,C,515.0,0,0,1.9472658886718752,227.24,223.41,225.75
QQQ,2026-09-21,2026-09-25,C,520.0,0,0,1.8828130859374999,227.67,217.58,220.7
QQQ,2026-09-21,2026-09-25,C,525.0,5,0,1.8417976660156248,222.69,212.54,215.71
QQQ,2026-09-21,2026-09-25,C,535.0,0,10,1.8339852050781247,172.49,203.71,205.96
QQQ,2026-09-21,2026-09-25,C,540.0,0,3,1.7089858300781249,179.04,198.53,200.71
QQQ,2026-09-21,2026-09-25,C,545.0,0,0,1.3105503222656247,170.5,193.98,196.16
QQQ,2026-09-21,2026-09-25,C,555.0,0,500,1.6801773803710938,162.0,183.71,186.06
QQQ,2026-09-21,2026-09-25,C,565.0,0,2,1.5004907788085937,152.33,172.63,175.73
QQQ,2026-09-21,2026-09-25,C,570.0,0,1,1.4580105224609374,132.73,168.55,170.73
QQQ,2026-09-21,2026-09-25,C,575.0,0,1,1.4902369238281248,140.72,163.71,166.01
QQQ,2026-09-21,2026-09-25,C,580.0,0,10,1.460451916503906,125.28,158.77,161.07
QQQ,2026-09-21,2026-09-25,C,585.0,0,0,1.334964262695312,159.9,153.02,155.74
QQQ,2026-09-21,2026-09-25,C,590.0,0,3,1.2939488427734374,149.69,148.56,150.74
QQQ,2026-09-21,2026-09-25,C,595.0,0,3,1.319827619628906,140.8,142.61,146.02
QQQ,2026-09-21,2026-09-25,C,600.0,0,2,1.2876012182617185,140.95,138.8,141.07
QQQ,2026-09-21,2026-09-25,C,605.0,0,8,1.2465857983398436,140.19,133.79,136.08
QQQ,2026-09-21,2026-09-25,C,610.0,0,15,0.93945373046875,105.94,129.07,131.29
QQQ,2026-09-21,2026-09-25,C,615.0,0,1,1.1635784008789063,101.01,123.77,126.09
QQQ,2026-09-21,2026-09-25,C,620.0,32,17,1.0273486132812502,124.22,118.58,120.65
QQQ,2026-09-21,2026-09-25,C,625.0,0,3,1.0302782861328126,91.71,113.76,115.84
QQQ,2026-09-21,2026-09-25,C,630.0,0,38,0.948242705078125,86.48,108.64,110.65
QQQ,2026-09-21,2026-09-25,C,635.0,0,1,0.98242205078125,81.75,103.83,106.02
QQQ,2026-09-21,2026-09-25,C,640.0,0,1,0.9355475195312499,100.24,98.77,100.99
QQQ,2026-09-21,2026-09-25,C,645.0,0,2,0.9008798974609374,94.49,92.6,96.03
QQQ,2026-09-21,2026-09-25,C,650.0,0,8,0.8293474096679687,96.8,88.73,90.85
QQQ,2026-09-21,2026-09-25,C,655.0,0,2,0.789064609375,85.34,84.08,85.85
QQQ,2026-09-21,2026-09-25,C,660.0,0,60,0.7780783911132813,56.73,78.8,81.04
QQQ,2026-09-21,2026-09-25,C,665.0,0,49,0.7365748999023438,74.24,73.14,76.04
QQQ,2026-09-21,2026-09-25,C,667.0,0,5,0.719729365234375,73.18,71.84,74.04
QQQ,2026-09-21,2026-09-25,C,668.0,0,1,0.654544470214844,51.13,69.65,72.67
QQQ,2026-09-21,2026-09-25,C,669.0,0,0,0.6450230810546875,42.36,68.67,71.66
QQQ,2026-09-21,2026-09-25,C,670.0,0,2,0.6962920996093751,75.31,68.82,71.05
QQQ,2026-09-21,2026-09-25,C,671.0,0,1,0.63086306640625,50.81,67.48,69.67
QQQ,2026-09-21,2026-09-25,C,672.0,0,1,0.6528355029296876,47.22,66.61,68.86
QQQ,2026-09-21,2026-09-25,C,673.0,0,1,0.6711458666992189,47.24,65.29,68.05
QQQ,2026-09-21,2026-09-25,C,674.0,0,1,0.6091347680664063,71.23,64.61,66.68
QQQ,2026-09-21,2026-09-25,C,675.0,0,3,0.667239655761719,69.9,64.11,66.15
QQQ,2026-09-21,2026-09-25,C,676.0,0,2,0.6599155102539063,36.43,62.66,65.16
QQQ,2026-09-21,2026-09-25,C,677.0,0,15,0.5854533642578125,61.97,61.61,63.68
QQQ,2026-09-21,2026-09-25,C,678.0,0,38,0.5776409423828125,30.21,60.54,62.68
QQQ,2026-09-21,2026-09-25,C,679.0,0,0,0.5712933496093751,33.85,59.61,61.69
QQQ,2026-09-21,2026-09-25,C,680.0,0,1,0.5893595751953126,64.39,58.83,60.87
QQQ,2026-09-21,2026-09-25,C,681.0,0,1,0.6054726953125001,36.15,57.91,60.06
QQQ,2026-09-21,2026-09-25,C,682.0,0,2,0.5473678076171876,29.69,56.62,58.69
QQQ,2026-09-21,2026-09-25,C,683.0,11,1,0.6025430371093752,62.86,56.06,58.18
QQQ,2026-09-21,2026-09-25,C,684.0,0,7,0.5329636547851562,34.46,54.62,56.7
QQQ,2026-09-21,2026-09-25,C,685.0,0,5,0.5656781713867188,57.25,54.09,56.01
QQQ,2026-09-21,2026-09-25,C,686.0,0,1,0.5585981640625001,28.76,52.89,55.02
QQQ,2026-09-21,2026-09-25,C,687.0,0,1,0.5571333349609376,59.65,51.89,54.08
QQQ,2026-09-21,2026-09-25,C,688.0,0,3,0.5485884985351563,31.17,50.9,53.08
QQQ,2026-09-21,2026-09-25,C,689.0,0,78,0.5400436621093752,30.49,49.95,52.08
QQQ,2026-09-21,2026-09-25,C,690.0,0,5,0.4865773999023438,49.8,48.68,50.71
QQQ,2026-09-21,2026-09-25,C,691.0,0,75,0.5368698657226563,28.59,48.08,50.21
QQQ,2026-09-21,2026-09-25,C,692.0,0,6,0.51562984375,47.0,46.95,49.09
QQQ,2026-09-21,2026-09-25,C,693.0,0,2,0.5080615600585938,24.38,45.95,48.1
QQQ,2026-09-21,2026-09-25,C,694.0,0,2,0.4567925415039063,49.89,44.64,46.73
QQQ,2026-09-21,2026-09-25,C,695.0,0,57,0.44873598144531246,47.45,42.87,45.73
QQQ,2026-09-21,2026-09-25,C,696.0,0,1,0.48340360351562506,22.91,42.97,45.11
QQQ,2026-09-21,2026-09-25,C,697.0,0,42,0.4694877270507813,48.9,41.87,44.06
QQQ,2026-09-21,2026-09-25,C,698.0,0,61,0.44727115234375,41.74,40.87,42.93
QQQ,2026-09-21,2026-09-25,C,699.0,0,6,0.45825737060546884,46.76,39.97,42.12
QQQ,2026-09-21,2026-09-25,C,700.0,0,75,1.0000000000000003e-05,41.14,38.67,39.19
QQQ,2026-09-21,2026-09-25,C,701.0,0,8,0.4370173486328125,47.16,38.18,40.08
QQQ,2026-09-21,2026-09-25,C,702.0,0,1,0.4282283740234375,43.54,36.62,39.08
QQQ,2026-09-21,2026-09-25,C,703.0,0,11,1.0000000000000003e-05,37.46,35.77,36.45
QQQ,2026-09-21,2026-09-25,C,704.0,0,16,1.0000000000000003e-05,43.87,34.91,35.45
QQQ,2026-09-21,2026-09-25,C,705.0,0,144,1.0000000000000003e-05,37.55,33.98,34.46
QQQ,2026-09-21,2026-09-25,C,706.0,0,1,1.0000000000000003e-05,39.8,32.91,33.47
QQQ,2026-09-21,2026-09-25,C,707.0,0,6,1.0000000000000003e-05,35.18,31.87,32.47
QQQ,2026-09-21,2026-09-25,C,708.0,0,2,1.0000000000000003e-05,31.56,30.9,31.48
QQQ,2026-09-21,2026-09-25,C,709.0,0,2,1.0000000000000003e-05,31.25,29.9,30.49
QQQ,2026-09-21,2026-09-25,C,710.0,0,122,1.0000000000000003e-05,31.03,29.14,29.51
QQQ,2026-09-21,2026-09-25,C,711.0,0,6,1.0000000000000003e-05,33.96,27.92,28.51
QQQ,2026-09-21,2026-09-25,C,712.0,0,71,1.0000000000000003e-05,30.65,26.94,27.52
QQQ,2026-09-21,2026-09-25,C,713.0,0,26,1.0000000000000003e-05,34.3,26.19,26.55
QQQ,2026-09-21,2026-09-25,C,714.0,0,177,1.0000000000000003e-05,31.37,25.15,25.58
QQQ,2026-09-21,2026-09-25,C,715.0,0,229,1.0000000000000003e-05,25.8,24.14,24.6
QQQ,2026-09-21,2026-09-25,C,716.0,0,36,1.0000000000000003e-05,23.61,23.05,23.63
QQQ,2026-09-21,2026-09-25,C,717.0,0,66,1.0000000000000003e-05,24.21,22.14,22.66
QQQ,2026-09-21,2026-09-25,C,718.0,0,13,1.0000000000000003e-05,23.19,21.34,21.69
QQQ,2026-09-21,2026-09-25,C,719.0,0,26,1.0000000000000003e-05,21.61,20.17,20.73
QQQ,2026-09-21,2026-09-25,C,720.0,0,193,1.0000000000000003e-05,19.84,19.43,19.77
QQQ,2026-09-21,2026-09-25,C,721.0,0,62,1.0000000000000003e-05,19.0,18.44,18.83
QQQ,2026-09-21,2026-09-25,C,722.0,0,78,1.0000000000000003e-05,20.5,17.54,17.89
QQQ,2026-09-21,2026-09-25,C,723.0,0,169,1.0000000000000003e-05,17.44,16.35,16.69
QQQ,2026-09-21,2026-09-25,C,724.0,0,45,0.1206142626953125,17.3,15.5,16.02
QQQ,2026-09-21,2026-09-25,C,725.0,0,120,1.0000000000000003e-05,14.83,14.6,14.92
QQQ,2026-09-21,2026-09-25,C,726.0,0,26,0.13599496826171875,15.0,13.7,14.19
QQQ,2026-09-21,2026-09-25,C,727.0,0,538,0.1420984228515625,13.23,13.01,13.32
QQQ,2026-09-21,2026-09-25,C,728.0,0,593,0.1289149609375,13.06,11.95,12.27
QQQ,2026-09-21,2026-09-25,C,729.0,6632,124,0.13758186645507814,11.28,11.12,11.47
QQQ,2026-09-21,2026-09-25,C,730.0,0,476,0.13147841186523437,10.51,10.42,10.51
QQQ,2026-09-21,2026-09-25,C,731.0,0,164,0.14692015197753905,9.6,9.64,9.91
QQQ,2026-09-21,2026-09-25,C,732.0,0,579,0.13916876464843753,9.56,8.87,8.96
QQQ,2026-09-21,2026-09-25,C,733.0,0,346,0.13898566101074222,8.11,8.09,8.17
QQQ,2026-09-21,2026-09-25,C,734.0,0,371,0.139657041015625,7.36,7.4,7.43
QQQ,2026-09-21,2026-09-25,C,735.0,0,2006,0.14087773193359376,6.71,6.71,6.74
QQQ,2026-09-21,2026-09-25,C,736.0,0,901,0.14167118103027343,5.95,6.05,6.08
QQQ,2026-09-21,2026-09-25,C,737.0,0,1398,0.14008428283691404,5.39,5.35,5.4
QQQ,2026-09-21,2026-09-25,C,738.0,0,1707,0.1392908337402344,4.76,4.74,4.78
QQQ,2026-09-21,2026-09-25,C,739.0,2313,5070,0.1392908337402344,4.18,4.19,4.22
QQQ,2026-09-21,2026-09-25,C,740.0,0,21063,0.13916876464843753,3.68,3.69,3.7
QQQ,2026-09-21,2026-09-25,C,741.0,1773,8169,0.13855841918945314,3.2,3.2,3.21
QQQ,2026-09-21,2026-09-25,C,742.0,0,8016,0.1378260046386719,2.75,2.75,2.76
QQQ,2026-09-21,2026-09-25,C,743.0,0,10441,0.13703255554199223,2.34,2.34,2.35
QQQ,2026-09-21,2026-09-25,C,744.0,0,9188,0.13776497009277344,2.0,2.01,2.02
QQQ,2026-09-21,2026-09-25,C,745.0,0,26660,0.1373377282714844,1.7,1.69,1.7
QQQ,2026-09-21,2026-09-25,C,746.0,0,12649,0.13697152099609378,1.4,1.41,1.42
QQQ,2026-09-21,2026-09-25,C,747.0,0,6586,0.1368494519042969,1.17,1.17,1.18
QQQ,2026-09-21,2026-09-25,C,748.0,0,5195,0.13709359008789065,0.97,0.97,0.98
QQQ,2026-09-21,2026-09-25,C,749.0,0,3456,0.1368494519042969,0.79,0.79,0.8
QQQ,2026-09-21,2026-09-25,C,750.0,0,24394,0.1368494519042969,0.64,0.64,0.65
QQQ,2026-09-21,2026-09-25,C,751.0,0,3384,0.13721565917968753,0.52,0.52,0.53
QQQ,2026-09-21,2026-09-25,C,752.0,2042,3761,0.13770393554687502,0.42,0.42,0.43
QQQ,2026-09-21,2026-09-25,C,753.0,0,7592,0.13758186645507814,0.35,0.33,0.34
QQQ,2026-09-21,2026-09-25,C,754.0,0,6674,0.13892462646484377,0.27,0.27,0.28
QQQ,2026-09-21,2026-09-25,C,755.0,0,21826,0.14038945556640625,0.22,0.22,0.23
QQQ,2026-09-21,2026-09-25,C,756.0,0,1747,0.14038945556640625,0.17,0.17,0.18
QQQ,2026-09-21,2026-09-25,C,757.0,0,1578,0.1420984228515625,0.14,0.13,0.15
QQQ,2026-09-21,2026-09-25,C,758.0,1913,4807,0.1430749755859375,0.11,0.11,0.12
QQQ,2026-09-21,2026-09-25,C,759.0,0,1107,0.147469462890625,0.1,0.1,0.11
QQQ,2026-09-21,2026-09-25,C,760.0,0,13439,0.1489342919921875,0.09,0.07,0.09
QQQ,2026-09-21,2026-09-25,C,761.0,0,1097,0.15235222656250003,0.07,0.06,0.08
QQQ,2026-09-21,2026-09-25,C,762.0,0,1153,0.15479360839843753,0.05,0.06,0.07
QQQ,2026-09-21,2026-09-25,C,763.0,0,518,0.157234990234375,0.05,0.05,0.06
QQQ,2026-09-21,2026-09-25,C,764.0,0,106,0.159188095703125,0.07,0.04,0.05
QQQ,2026-09-21,2026-09-25,C,765.0,0,5576,0.16407085937500002,0.03,0.03,0.05
QQQ,2026-09-21,2026-09-25,C,766.0,0,292,0.165047412109375,0.06,0.03,0.04
QQQ,2026-09-21,2026-09-25,C,767.0,0,82,0.17090672851562502,0.03,0.03,0.04
QQQ,2026-09-21,2026-09-25,C,768.0,655,145,0.16993017578125003,0.03,0.02,0.03
QQQ,2026-09-21,2026-09-25,C,769.0,0,111,0.174812939453125,0.06,0.02,0.03
QQQ,2026-09-21,2026-09-25,C,770.0,0,1154,0.179695703125,0.02,0.02,0.03
QQQ,2026-09-21,2026-09-25,C,771.0,0,17,0.18555501953124998,0.04,0.01,0.03
QQQ,2026-09-21,2026-09-25,C,772.0,0,0,0.18164880859375,0.1,0.01,0.02
QQQ,2026-09-21,2026-09-25,C,773.0,0,459,0.187508125,0.03,0.01,0.02
QQQ,2026-09-21,2026-09-25,C,774.0,0,758,0.1914143359375,0.01,0.01,0.02
QQQ,2026-09-21,2026-09-25,C,775.0,0,1834,0.19727365234375,0.02,0.01,0.02
QQQ,2026-09-21,2026-09-25,C,780.0,0,175,0.22071091796874998,0.02,0.01,0.02
QQQ,2026-09-21,2026-09-25,C,785.0,0,302,0.24414818359375,0.03,0.01,0.02
QQQ,2026-09-21,2026-09-25,C,790.0,0,268,0.26758544921875,0.01,0.01,0.02
QQQ,2026-09-21,2026-09-25,C,795.0,0,2,0.273444765625,0.01,0.0,0.01
QQQ,2026-09-21,2026-09-25,C,800.0,0,760,0.2929758203124999,0.01,0.0,0.01
QQQ,2026-09-21,2026-09-25,C,805.0,0,535,0.335944140625,0.02,0.0,0.02
QQQ,2026-09-21,2026-09-25,C,810.0,0,19,0.35938140625,0.02,0.01,0.02
QQQ,2026-09-21,2026-09-25,C,815.0,622,539,0.3789124609375,0.02,0.0,0.02
QQQ,2026-09-21,2026-09-25,C,820.0,0,25,0.4023497265625,0.01,0.01,0.02
QQQ,2026-09-21,2026-09-25,C,825.0,0,40,0.42188078125,0.01,0.0,0.02
QQQ,2026-09-21,2026-09-25,C,830.0,0,100,0.445318046875,0.01,0.0,0.02
QQQ,2026-09-21,2026-09-25,C,835.0,0,11,0.46484910156250003,0.01,0.0,0.02
QQQ,2026-09-21,2026-09-25,C,840.0,0,2,0.48438015625,0.01,0.0,0.02
QQQ,2026-09-21,2026-09-25,C,845.0,0,20,0.507817421875,0.01,0.0,0.02
QQQ,2026-09-21,2026-09-25,C,850.0,0,10,0.5273484765625001,0.02,0.0,0.02
QQQ,2026-09-21,2026-09-25,C,860.0,17,5,0.5312546875,0.02,0.0,0.02
QQQ,2026-09-21,2026-09-25,C,870.0,0,2,0.5468795312500001,0.02,0.0,0.01
QQQ,2026-09-21,2026-09-25,C,880.0,0,327,0.57812921875,0.01,0.0,0.01
QQQ,2026-09-21,2026-09-25,C,885.0,0,100,0.5937540625000001,0.01,0.0,0.01
QQQ,2026-09-21,2026-09-25,C,890.0,0,80,0.6093789062500001,0.02,0.0,0.01
QQQ,2026-09-21,2026-09-25,C,895.0,0,300,0.6250037500000001,0.01,0.0,0.01
QQQ,2026-09-21,2026-09-25,C,900.0,0,1,0.500005,0.01,0.0,0.0
QQQ,2026-09-21,2026-09-25,C,905.0,0,0,0.500005,0.11,0.0,0.0
QQQ,2026-09-21,2026-09-25,C,910.0,0,2,0.500005,0.02,0.0,0.0
QQQ,2026-09-21,2026-09-25,C,915.0,0,0,0.500005,0.05,0.0,0.0
QQQ,2026-09-21,2026-09-25,C,920.0,0,0,0.500005,0.05,0.0,0.0
QQQ,2026-09-21,2026-09-25,C,925.0,0,0,0.500005,0.06,0.0,0.0
QQQ,2026-09-21,2026-09-25,C,930.0,0,30,0.500005,0.01,0.0,0.0
QQQ,2026-09-21,2026-09-25,C,935.0,0,0,0.79687703125,0.01,0.0,0.01
QQQ,2026-09-21,2026-09-25,C,950.0,0,0,0.8437515624999999,0.02,0.0,0.01
QQQ,2026-09-21,2026-09-25,P,450.0,1320,21,1.5625021874999998,0.01,0.0,0.01
QQQ,2026-09-21,2026-09-25,P,455.0,374,154,1.625001875,0.01,0.0,0.02
QQQ,2026-09-21,2026-09-25,P,460.0,469,122,1.5781271093749998,0.01,0.0,0.02
QQQ,2026-09-21,2026-09-25,P,465.0,387,10,1.46875265625,0.01,0.0,0.01
QQQ,2026-09-21,2026-09-25,P,470.0,237,10,1.4375028125,0.01,0.0,0.01
QQQ,2026-09-21,2026-09-25,P,475.0,170,40,1.484377578125,0.02,0.0,0.02
QQQ,2026-09-21,2026-09-25,P,480.0,355,234,1.4375028125,0.01,0.0,0.02
QQQ,2026-09-21,2026-09-25,P,485.0,13204,22,1.3437532812499997,0.01,0.0,0.01
QQQ,2026-09-21,2026-09-25,P,490.0,1034,779,1.3125034374999998,0.01,0.0,0.01
QQQ,2026-09-21,2026-09-25,P,495.0,557,250,1.2812535937499998,0.01,0.0,0.01
QQQ,2026-09-21,2026-09-25,P,500.0,191,10,1.2500037499999999,0.01,0.0,0.01
QQQ,2026-09-21,2026-09-25,P,505.0,152,600,1.2812535937499998,0.02,0.0,0.02
QQQ,2026-09-21,2026-09-25,P,510.0,52,1,1.2500037499999999,0.02,0.0,0.02
QQQ,2026-09-21,2026-09-25,P,515.0,1094,25,1.15625421875,0.01,0.0,0.01
QQQ,2026-09-21,2026-09-25,P,520.0,374,30,1.1875040625,0.02,0.0,0.02
QQQ,2026-09-21,2026-09-25,P,525.0,195,1,1.15625421875,0.01,0.0,0.02
QQQ,2026-09-21,2026-09-25,P,530.0,423,54,1.0625046875000002,0.01,0.0,0.01
QQQ,2026-09-21,2026-09-25,P,535.0,1405,600,1.109379453125,0.01,0.0,0.02
QQQ,2026-09-21,2026-09-25,P,540.0,542,179,1.0312548437500002,0.01,0.0,0.01
QQQ,2026-09-21,2026-09-25,P,545.0,733,99,1.0468797656250002,0.01,0.0,0.02
QQQ,2026-09-21,2026-09-25,P,550.0,925,10,0.9687503125,0.01,0.0,0.01
QQQ,2026-09-21,2026-09-25,P,555.0,1605,142,0.98437515625,0.01,0.0,0.02
QQQ,2026-09-21,2026-09-25,P,560.0,3839,17,0.9531254687499999,0.01,0.0,0.02
QQQ,2026-09-21,2026-09-25,P,565.0,612,35,0.92187578125,0.02,0.0,0.02
QQQ,2026-09-21,2026-09-25,P,570.0,1261,113,0.9062509375,0.01,0.0,0.02
QQQ,2026-09-21,2026-09-25,P,575.0,739,1,0.87500125,0.02,0.0,0.02
QQQ,2026-09-21,2026-09-25,P,580.0,762,21,0.87500125,0.02,0.01,0.02
QQQ,2026-09-21,2026-09-25,P,585.0,2848,2,0.8125018749999999,0.02,0.0,0.02
QQQ,2026-09-21,2026-09-25,P,590.0,2127,12,0.8125018749999999,0.01,0.01,0.02
QQQ,2026-09-21,2026-09-25,P,595.0,2081,1,0.7656273437500001,0.01,0.0,0.02
QQQ,2026-09-21,2026-09-25,P,600.0,4074,12,0.73437765625,0.01,0.0,0.02
QQQ,2026-09-21,2026-09-25,P,605.0,1837,1,0.70312796875,0.02,0.0,0.02
QQQ,2026-09-21,2026-09-25,P,610.0,1466,25,0.6796907031250001,0.02,0.0,0.02
QQQ,2026-09-21,2026-09-25,P,615.0,799,10,0.6796907031250001,0.02,0.01,0.02
QQQ,2026-09-21,2026-09-25,P,620.0,1898,12,0.648441015625,0.01,0.01,0.02
QQQ,2026-09-21,2026-09-25,P,625.0,889,61,0.6250037500000001,0.01,0.01,0.02
QQQ,2026-09-21,2026-09-25,P,630.0,3039,10,0.5937540625000001,0.02,0.01,0.02
QQQ,2026-09-21,2026-09-25,P,635.0,15803,322,0.570316796875,0.01,0.01,0.02
QQQ,2026-09-21,2026-09-25,P,640.0,1775,3,0.5390671093750001,0.01,0.01,0.02
QQQ,2026-09-21,2026-09-25,P,645.0,4291,90,0.51562984375,0.01,0.01,0.02
QQQ,2026-09-21,2026-09-25,P,650.0,10503,170,0.500005,0.02,0.01,0.02
QQQ,2026-09-21,2026-09-25,P,655.0,5606,320,0.49219257812500006,0.02,0.01,0.03
QQQ,2026-09-21,2026-09-25,P,660.0,3078,600,0.46484910156250003,0.03,0.02,0.03
QQQ,2026-09-21,2026-09-25,P,665.0,37977,205,0.437505625,0.02,0.02,0.03
QQQ,2026-09-21,2026-09-25,P,667.0,891,1629,0.42578699218750005,0.03,0.02,0.03
QQQ,2026-09-21,2026-09-25,P,668.0,440,2342,0.42188078125,0.02,0.02,0.03
QQQ,2026-09-21,2026-09-25,P,669.0,724,650,0.414068359375,0.03,0.02,0.03
QQQ,2026-09-21,2026-09-25,P,670.0,5703,433,0.4101621484375,0.03,0.02,0.03
QQQ,2026-09-21,2026-09-25,P,671.0,988,581,0.40430283203125,0.02,0.02,0.03
QQQ,2026-09-21,2026-09-25,P,672.0,395,66,0.398443515625,0.02,0.02,0.03
QQQ,2026-09-21,2026-09-25,P,673.0,543,8,0.39258419921875,0.02,0.02,0.03
QQQ,2026-09-21,2026-09-25,P,674.0,819,7,0.38672488281249995,0.02,0.02,0.03
QQQ,2026-09-21,2026-09-25,P,675.0,3234,106,0.38281867187499996,0.02,0.02,0.03
QQQ,2026-09-21,2026-09-25,P,676.0,348,127,0.37500625,0.02,0.02,0.03
QQQ,2026-09-21,2026-09-25,P,677.0,916,150,0.3711000390625,0.02,0.02,0.03
QQQ,2026-09-21,2026-09-25,P,678.0,940,126,0.37695935546875,0.02,0.02,0.04
QQQ,2026-09-21,2026-09-25,P,679.0,690,1,0.3711000390625,0.03,0.02,0.04
QQQ,2026-09-21,2026-09-25,P,680.0,4134,522,0.36524072265625,0.04,0.03,0.04
QQQ,2026-09-21,2026-09-25,P,681.0,706,417,0.35938140625,0.03,0.02,0.04
QQQ,2026-09-21,2026-09-25,P,682.0,1024,9,0.35352208984374994,0.03,0.03,0.04
QQQ,2026-09-21,2026-09-25,P,683.0,2787,36,0.34766277343749996,0.03,0.03,0.04
QQQ,2026-09-21,2026-09-25,P,684.0,506,28,0.34180345703125,0.03,0.03,0.04
QQQ,2026-09-21,2026-09-25,P,685.0,2818,142,0.335944140625,0.03,0.03,0.04
QQQ,2026-09-21,2026-09-25,P,686.0,964,30,0.331061376953125,0.02,0.03,0.04
QQQ,2026-09-21,2026-09-25,P,687.0,742,43,0.32617861328125,0.04,0.03,0.04
QQQ,2026-09-21,2026-09-25,P,688.0,1655,12,0.32031929687499994,0.04,0.03,0.04
QQQ,2026-09-21,2026-09-25,P,689.0,1730,102,0.31445998046874996,0.04,0.03,0.04
QQQ,2026-09-21,2026-09-25,P,690.0,84048,1785,0.31641308593749995,0.04,0.04,0.05
QQQ,2026-09-21,2026-09-25,P,691.0,1111,548,0.30274134765625,0.04,0.03,0.04
QQQ,2026-09-21,2026-09-25,P,692.0,1108,35,0.304694453125,0.04,0.04,0.05
QQQ,2026-09-21,2026-09-25,P,693.0,3149,17,0.29883513671874995,0.04,0.04,0.05
QQQ,2026-09-21,2026-09-25,P,694.0,1522,50,0.2929758203124999,0.03,0.04,0.05
QQQ,2026-09-21,2026-09-25,P,695.0,4365,235,0.28711650390624993,0.05,0.04,0.05
QQQ,2026-09-21,2026-09-25,P,696.0,1175,15,0.2880930566406249,0.07,0.05,0.06
QQQ,2026-09-21,2026-09-25,P,697.0,1098,20,0.282233740234375,0.06,0.05,0.06
QQQ,2026-09-21,2026-09-25,P,698.0,1411,143,0.28125718749999995,0.05,0.05,0.07
QQQ,2026-09-21,2026-09-25,P,699.0,1264,249,0.27539787109374997,0.04,0.06,0.07
QQQ,2026-09-21,2026-09-25,P,700.0,20478,506,0.2695385546875,0.07,0.06,0.07
QQQ,2026-09-21,2026-09-25,P,701.0,1761,89,0.26856200195312496,0.06,0.07,0.08
QQQ,2026-09-21,2026-09-25,P,702.0,2331,17,0.2617261328125,0.06,0.07,0.08
QQQ,2026-09-21,2026-09-25,P,703.0,1800,142,0.25586681640625003,0.07,0.07,0.08
QQQ,2026-09-21,2026-09-25,P,704.0,3627,1541,0.25391371093750004,0.09,0.08,0.09
QQQ,2026-09-21,2026-09-25,P,705.0,32629,736,0.2514723291015625,0.08,0.09,0.1
QQQ,2026-09-21,2026-09-25,P,706.0,1501,66,0.245124736328125,0.08,0.09,0.1
QQQ,2026-09-21,2026-09-25,P,707.0,2110,242,0.245124736328125,0.11,0.11,0.12
QQQ,2026-09-21,2026-09-25,P,708.0,1734,115,0.2417068017578125,0.09,0.12,0.13
QQQ,2026-09-21,2026-09-25,P,709.0,1931,543,0.23535920898437498,0.13,0.12,0.13
QQQ,2026-09-21,2026-09-25,P,710.0,9098,1903,0.23389437988281248,0.15,0.14,0.15
QQQ,2026-09-21,2026-09-25,P,711.0,2118,635,0.229499892578125,0.17,0.15,0.16
QQQ,2026-09-21,2026-09-25,P,712.0,1519,2410,0.22510540527343748,0.16,0.16,0.17
QQQ,2026-09-21,2026-09-25,P,713.0,1605,619,0.22266402343749997,0.19,0.18,0.19
QQQ,2026-09-21,2026-09-25,P,714.0,2031,2170,0.21973436523437498,0.21,0.2,0.21
QQQ,2026-09-21,2026-09-25,P,715.0,6994,2779,0.21778125976562498,0.25,0.23,0.24
QQQ,2026-09-21,2026-09-25,P,716.0,2929,827,0.2153398779296875,0.28,0.26,0.27
QQQ,2026-09-21,2026-09-25,P,717.0,2485,772,0.213875048828125,0.31,0.3,0.31
QQQ,2026-09-21,2026-09-25,P,718.0,13286,1141,0.20899228515624996,0.34,0.32,0.33
QQQ,2026-09-21,2026-09-25,P,719.0,3726,5557,0.20777159423828123,0.39,0.37,0.38
QQQ,2026-09-21,2026-09-25,P,720.0,9879,16082,0.20667297241210933,0.44,0.43,0.44
QQQ,2026-09-21,2026-09-25,P,721.0,5083,1439,0.2048419360351562,0.5,0.49,0.5
QQQ,2026-09-21,2026-09-25,P,722.0,2071,4782,0.20032537963867186,0.54,0.53,0.54
QQQ,2026-09-21,2026-09-25,P,723.0,1641,854,0.19898261962890623,0.58,0.61,0.62
QQQ,2026-09-21,2026-09-25,P,724.0,1740,1260,0.1959308923339844,0.69,0.68,0.69
QQQ,2026-09-21,2026-09-25,P,725.0,7235,8833,0.1959308923339844,0.75,0.8,0.81
QQQ,2026-09-21,2026-09-25,P,726.0,2044,1240,0.1915364050292969,0.91,0.87,0.88
QQQ,2026-09-21,2026-09-25,P,727.0,1846,1877,0.18982743774414065,0.99,0.99,1.0
QQQ,2026-09-21,2026-09-25,P,728.0,1404,2350,0.1889729541015625,1.14,1.14,1.15
QQQ,2026-09-21,2026-09-25,P,729.0,2013,2214,0.18598226135253904,1.24,1.27,1.28
QQQ,2026-09-21,2026-09-25,P,730.0,10903,18305,0.18384605224609374,1.45,1.43,1.44
QQQ,2026-09-21,2026-09-25,P,731.0,1476,3515,0.18317467224121092,1.68,1.64,1.65
QQQ,2026-09-21,2026-09-25,P,732.0,2820,2748,0.1805501867675781,1.84,1.83,1.84
QQQ,2026-09-21,2026-09-25,P,733.0,1563,3538,0.1782308740234375,2.08,2.05,2.06
QQQ,2026-09-21,2026-09-25,P,734.0,5113,3160,0.17798673583984376,2.34,2.34,2.35
QQQ,2026-09-21,2026-09-25,P,735.0,8556,15673,0.17603363037109376,2.62,2.62,2.63
QQQ,2026-09-21,2026-09-25,P,736.0,1602,37525,0.17701018310546873,3.04,3.0,3.01
QQQ,2026-09-21,2026-09-25,P,737.0,1410,7391,0.17359224853515626,3.42,3.3,3.31
QQQ,2026-09-21,2026-09-25,P,738.0,1916,19336,0.17212741943359378,3.74,3.68,3.69
QQQ,2026-09-21,2026-09-25,P,739.0,880,9496,0.17310397216796874,4.16,4.15,4.17
QQQ,2026-09-21,2026-09-25,P,740.0,11114,28350,0.17243259216308598,4.64,4.59,4.64
QQQ,2026-09-21,2026-09-25,P,741.0,1995,5642,0.17347017944335938,5.29,5.15,5.19
QQQ,2026-09-21,2026-09-25,P,742.0,2114,9813,0.17176121215820314,5.65,5.66,5.7
QQQ,2026-09-21,2026-09-25,P,743.0,2230,4903,0.17212741943359378,6.15,6.26,6.3
QQQ,2026-09-21,2026-09-25,P,744.0,1813,6326,0.1739584558105469,7.01,6.91,6.97
QQQ,2026-09-21,2026-09-25,P,745.0,4299,7503,0.1795125994873047,7.79,7.55,7.76
QQQ,2026-09-21,2026-09-25,P,746.0,1674,2776,0.1878743322753906,8.31,8.38,8.64
QQQ,2026-09-21,2026-09-25,P,747.0,1813,1329,0.19178054321289065,9.3,9.08,9.43
QQQ,2026-09-21,2026-09-25,P,748.0,999,1165,0.19519847778320312,10.08,9.88,10.23
QQQ,2026-09-21,2026-09-25,P,749.0,655,401,0.19690744506835936,10.44,10.49,11.01
QQQ,2026-09-21,2026-09-25,P,750.0,3133,1119,0.20581848876953124,11.48,11.58,11.96
QQQ,2026-09-21,2026-09-25,P,751.0,202,215,0.21247125427246094,12.49,12.48,12.87
QQQ,2026-09-21,2026-09-25,P,752.0,126,191,0.2196122961425781,13.2,13.4,13.8
QQQ,2026-09-21,2026-09-25,P,753.0,138,123,0.2269364416503906,12.5,14.34,14.74
QQQ,2026-09-21,2026-09-25,P,754.0,54,25,0.23511507080078126,13.85,15.24,15.7
QQQ,2026-09-21,2026-09-25,P,755.0,125,63,0.24402611450195313,15.9,16.21,16.68
QQQ,2026-09-21,2026-09-25,P,756.0,155,40,0.2528150891113281,15.8,17.21,17.66
QQQ,2026-09-21,2026-09-25,P,757.0,17,41,0.26197027099609377,15.82,18.22,18.65
QQQ,2026-09-21,2026-09-25,P,758.0,98,12,0.2662426892089844,17.32,19.22,19.56
QQQ,2026-09-21,2026-09-25,P,759.0,4,4,0.2794261511230468,53.7,20.21,20.62
QQQ,2026-09-21,2026-09-25,P,760.0,128,56,0.28943581665039053,21.21,21.18,21.63
QQQ,2026-09-21,2026-09-25,P,761.0,3,3,0.29871306762695304,20.41,22.16,22.63
QQQ,2026-09-21,2026-09-25,P,762.0,3,2,0.30725790405273434,21.18,23.18,23.62
QQQ,2026-09-21,2026-09-25,P,763.0,14,20,0.31641308593749995,22.28,24.2,24.62
QQQ,2026-09-21,2026-09-25,P,764.0,9,0,0.3200751586914062,16.39,24.94,25.54
QQQ,2026-09-21,2026-09-25,P,765.0,5,2,0.3343572424316406,23.86,26.21,26.62
QQQ,2026-09-21,2026-09-25,P,766.0,4,100,0.3364324169921875,25.09,26.93,27.52
QQQ,2026-09-21,2026-09-25,P,767.0,3,0,0.35205726074218746,19.28,28.18,28.62
QQQ,2026-09-21,2026-09-25,P,768.0,1,8,0.36084623535156246,27.17,29.2,29.62
QQQ,2026-09-21,2026-09-25,P,769.0,0,8,0.3695131408691406,28.15,30.19,30.62
QQQ,2026-09-21,2026-09-25,P,770.0,1,3,0.37805797729492185,29.12,31.21,31.62
QQQ,2026-09-21,2026-09-25,P,771.0,0,2,0.3852600537109374,32.22,32.21,32.6
QQQ,2026-09-21,2026-09-25,P,774.0,0,0,0.41199318481445313,32.2,35.14,35.62
QQQ,2026-09-21,2026-09-25,P,775.0,0,0,0.4202938830566406,34.8,36.19,36.62
QQQ,2026-09-21,2026-09-25,P,780.0,0,2,1.0000000000000003e-05,69.24,0.0,0.0
QQQ,2026-09-21,2026-09-25,P,785.0,0,0,0.5611616149902343,43.7,44.68,47.4
QQQ,2026-09-21,2026-09-25,P,790.0,4,2,0.5716595568847658,49.7,49.69,52.0
QQQ,2026-09-21,2026-09-25,P,795.0,0,0,1.0000000000000003e-05,63.38,0.0,0.0
QQQ,2026-09-21,2026-09-25,P,800.0,12,5,0.5317429638671876,57.0,59.69,62.06
QQQ,2026-09-21,2026-09-25,P,805.0,0,2,0.5712933496093751,95.17,64.68,67.16
QQQ,2026-09-21,2026-09-25,P,820.0,0,10,0.7087431469726562,110.55,79.7,82.73
QQQ,2026-09-21,2026-09-25,P,930.0,0,0,1.0000000000000003e-05,198.13,0.0,0.0
QQQ,2026-09-21,2026-09-28,C,665.0,0,0,0.5092822509765625,50.0,72.27,75.93
QQQ,2026-09-21,2026-09-28,C,670.0,0,1,0.48242705078125003,46.74,67.24,70.95
QQQ,2026-09-21,2026-09-28,C,680.0,2,0,0.426885614013672,49.56,57.4,60.98
QQQ,2026-09-21,2026-09-28,C,684.0,15,0,0.389654541015625,55.6,53.86,56.83
QQQ,2026-09-21,2026-09-28,C,685.0,3,2,0.4000304138183594,46.28,52.28,56.01
QQQ,2026-09-21,2026-09-28,C,690.0,15,11,0.37183245361328127,49.61,47.88,51.03
QQQ,2026-09-21,2026-09-28,C,692.0,18,0,0.35352208984374994,17.51,45.46,48.95
QQQ,2026-09-21,2026-09-28,C,694.0,1,1,0.34326828613281246,24.38,43.59,46.97
QQQ,2026-09-21,2026-09-28,C,695.0,93,22,0.3448551843261719,44.66,42.41,46.07
QQQ,2026-09-21,2026-09-28,C,696.0,1,0,0.33960621337890623,17.78,41.5,45.08
QQQ,2026-09-21,2026-09-28,C,697.0,37,20,0.33423517333984376,33.93,40.51,44.09
QQQ,2026-09-21,2026-09-28,C,698.0,1,1,0.32874206420898433,38.77,39.51,43.1
QQQ,2026-09-21,2026-09-28,C,699.0,31,5,0.3233710241699218,43.59,38.42,42.11
QQQ,2026-09-21,2026-09-28,C,700.0,136,12,0.3178779150390625,48.0,37.37,41.12
QQQ,2026-09-21,2026-09-28,C,701.0,71,6,0.31238480590820306,38.77,36.44,40.13
QQQ,2026-09-21,2026-09-28,C,702.0,18,1,0.30750204223632804,43.14,35.51,39.15
QQQ,2026-09-21,2026-09-28,C,703.0,16,3,0.19385571777343752,33.18,36.35,37.08
QQQ,2026-09-21,2026-09-28,C,704.0,49,36,1.0000000000000003e-05,32.5,35.25,35.93
QQQ,2026-09-21,2026-09-28,C,705.0,1049,4,0.1909260595703125,41.63,34.39,35.11
QQQ,2026-09-21,2026-09-28,C,706.0,35,4,0.1289149609375,40.84,33.33,33.96
QQQ,2026-09-21,2026-09-28,C,707.0,49,34,0.143563251953125,37.97,32.31,32.98
QQQ,2026-09-21,2026-09-28,C,708.0,53,1,0.15235222656250003,37.9,31.38,32.01
QQQ,2026-09-21,2026-09-28,C,709.0,110,1,0.16602396484375004,31.35,30.35,31.08
QQQ,2026-09-21,2026-09-28,C,710.0,199,3,1.0000000000000003e-05,32.23,29.25,29.67
QQQ,2026-09-21,2026-09-28,C,711.0,35,10,1.0000000000000003e-05,34.54,28.28,28.71
QQQ,2026-09-21,2026-09-28,C,712.0,58,5,0.10938390625,30.88,27.5,27.96
QQQ,2026-09-21,2026-09-28,C,713.0,64,10,1.0000000000000003e-05,33.53,26.36,26.81
QQQ,2026-09-21,2026-09-28,C,714.0,136,5,1.0000000000000003e-05,31.85,25.4,25.93
QQQ,2026-09-21,2026-09-28,C,715.0,748,50,0.106454248046875,32.0,24.49,24.97
QQQ,2026-09-21,2026-09-28,C,716.0,281,12,0.1333094482421875,25.52,23.63,24.08
QQQ,2026-09-21,2026-09-28,C,717.0,298,7,0.13990117919921874,27.66,22.57,23.16
QQQ,2026-09-21,2026-09-28,C,718.0,166,20,0.13501841552734378,22.91,21.72,22.16
QQQ,2026-09-21,2026-09-28,C,719.0,295,3,0.1333094482421875,29.49,20.65,21.19
QQQ,2026-09-21,2026-09-28,C,720.0,1481,8,0.14368532104492188,21.41,19.86,20.36
QQQ,2026-09-21,2026-09-28,C,721.0,191,5,0.13953497192382813,26.75,18.95,19.38
QQQ,2026-09-21,2026-09-28,C,722.0,354,43,0.13526255371093754,21.22,17.99,18.4
QQQ,2026-09-21,2026-09-28,C,723.0,202,32,0.12574116455078127,18.6,16.92,17.35
QQQ,2026-09-21,2026-09-28,C,724.0,65,6,0.1373377282714844,20.5,16.28,16.62
QQQ,2026-09-21,2026-09-28,C,725.0,1286,29,0.14106083557128907,15.91,15.47,15.81
QQQ,2026-09-21,2026-09-28,C,726.0,100,17,0.1373377282714844,15.87,14.52,14.87
QQQ,2026-09-21,2026-09-28,C,727.0,194,27,0.13770393554687502,14.05,13.72,14.03
QQQ,2026-09-21,2026-09-28,C,728.0,254,81,0.13727669372558599,13.32,12.85,13.19
QQQ,2026-09-21,2026-09-28,C,729.0,427,52,0.14069462829589846,13.52,12.16,12.47
QQQ,2026-09-21,2026-09-28,C,730.0,1203,209,0.13068496276855468,11.32,11.32,11.41
QQQ,2026-09-21,2026-09-28,C,731.0,393,67,0.13086806640624998,11.43,10.55,10.64
QQQ,2026-09-21,2026-09-28,C,732.0,388,98,0.13086806640624998,10.86,9.8,9.89
QQQ,2026-09-21,2026-09-28,C,733.0,189,76,0.13099013549804686,9.33,9.09,9.17
QQQ,2026-09-21,2026-09-28,C,734.0,115,82,0.13031875549316402,8.68,8.37,8.45
QQQ,2026-09-21,2026-09-28,C,735.0,1051,248,0.1302577209472656,7.79,7.74,7.78
QQQ,2026-09-21,2026-09-28,C,736.0,605,255,0.129891513671875,7.01,7.06,7.13
QQQ,2026-09-21,2026-09-28,C,737.0,167,411,0.12952530639648438,6.72,6.46,6.51
QQQ,2026-09-21,2026-09-28,C,738.0,531,200,0.128640305480957,5.85,5.85,5.9
QQQ,2026-09-21,2026-09-28,C,739.0,703,458,0.127938408203125,5.31,5.27,5.33
QQQ,2026-09-21,2026-09-28,C,740.0,1153,1627,0.12720599365234375,4.75,4.75,4.79
QQQ,2026-09-21,2026-09-28,C,741.0,375,1159,0.1266566827392578,4.16,4.25,4.29
QQQ,2026-09-21,2026-09-28,C,742.0,586,1122,0.12622944091796873,3.85,3.81,3.83
QQQ,2026-09-21,2026-09-28,C,743.0,511,1058,0.12549702636718751,3.41,3.36,3.39
QQQ,2026-09-21,2026-09-28,C,744.0,425,755,0.12525288818359376,3.0,2.97,3.0
QQQ,2026-09-21,2026-09-28,C,745.0,1459,1545,0.1243373699951172,2.54,2.59,2.62
QQQ,2026-09-21,2026-09-28,C,746.0,516,646,0.12391012817382813,2.32,2.27,2.29
QQQ,2026-09-21,2026-09-28,C,747.0,264,658,0.12348288635253907,1.91,1.97,1.99
QQQ,2026-09-21,2026-09-28,C,748.0,296,739,0.12342185180664064,1.79,1.71,1.73
QQQ,2026-09-21,2026-09-28,C,749.0,158,838,0.12317771362304689,1.56,1.46,1.49
QQQ,2026-09-21,2026-09-28,C,750.0,2246,2459,0.12299460998535157,1.25,1.26,1.28
QQQ,2026-09-21,2026-09-28,C,751.0,628,742,0.12268943725585937,1.02,1.07,1.09
QQQ,2026-09-21,2026-09-28,C,752.0,244,339,0.12275047180175781,0.92,0.91,0.93
QQQ,2026-09-21,2026-09-28,C,753.0,525,381,0.12232322998046877,0.76,0.76,0.78
QQQ,2026-09-21,2026-09-28,C,754.0,193,3219,0.12183495361328125,0.62,0.63,0.65
QQQ,2026-09-21,2026-09-28,C,755.0,950,3759,0.12281150634765625,0.51,0.54,0.56
QQQ,2026-09-21,2026-09-28,C,756.0,466,344,0.12220116088867189,0.43,0.44,0.46
QQQ,2026-09-21,2026-09-28,C,757.0,271,356,0.12281150634765625,0.42,0.37,0.39
QQQ,2026-09-21,2026-09-28,C,758.0,114,450,0.12342185180664064,0.33,0.31,0.33
QQQ,2026-09-21,2026-09-28,C,759.0,177,99,0.12427633544921876,0.25,0.27,0.28
QQQ,2026-09-21,2026-09-28,C,760.0,1277,2146,0.12427633544921876,0.22,0.22,0.23
QQQ,2026-09-21,2026-09-28,C,761.0,799,3060,0.1245204736328125,0.21,0.18,0.19
QQQ,2026-09-21,2026-09-28,C,762.0,59,180,0.12647357910156248,0.16,0.15,0.17
QQQ,2026-09-21,2026-09-28,C,763.0,63,171,0.12696185546875,0.14,0.12,0.14
QQQ,2026-09-21,2026-09-28,C,764.0,113,194,0.127938408203125,0.1,0.11,0.12
QQQ,2026-09-21,2026-09-28,C,765.0,2979,709,0.12842668457031248,0.09,0.09,0.1
QQQ,2026-09-21,2026-09-28,C,766.0,52,230,0.13086806640624998,0.08,0.08,0.09
QQQ,2026-09-21,2026-09-28,C,767.0,79,45,0.13233289550781252,0.07,0.07,0.08
QQQ,2026-09-21,2026-09-28,C,768.0,135,275,0.133797724609375,0.06,0.06,0.07
QQQ,2026-09-21,2026-09-28,C,769.0,93,64,0.1381922119140625,0.1,0.05,0.07
QQQ,2026-09-21,2026-09-28,C,770.0,322,1381,0.13916876464843753,0.05,0.05,0.06
QQQ,2026-09-21,2026-09-28,C,771.0,70,5,0.1430749755859375,0.05,0.04,0.06
QQQ,2026-09-21,2026-09-28,C,772.0,29,14,0.143563251953125,0.07,0.03,0.05
QQQ,2026-09-21,2026-09-28,C,773.0,39,1,0.147469462890625,0.05,0.03,0.05
QQQ,2026-09-21,2026-09-28,C,774.0,88,0,0.14649291015625,0.12,0.03,0.04
QQQ,2026-09-21,2026-09-28,C,775.0,134,23,0.15039912109375003,0.04,0.03,0.04
QQQ,2026-09-21,2026-09-28,C,780.0,157,31,0.16309430664062502,0.03,0.02,0.03
QQQ,2026-09-21,2026-09-28,C,785.0,76,10,0.180672255859375,0.03,0.01,0.03
QQQ,2026-09-21,2026-09-28,C,790.0,411,130,0.19727365234375,0.03,0.01,0.03
QQQ,2026-09-21,2026-09-28,C,795.0,155,0,0.2148516015625,0.04,0.01,0.03
QQQ,2026-09-21,2026-09-28,C,800.0,288,20,0.2304764453125,0.02,0.02,0.03
QQQ,2026-09-21,2026-09-28,C,805.0,10,4,0.24805439453125,0.01,0.01,0.03
QQQ,2026-09-21,2026-09-28,C,810.0,4,180,0.26367923828125,0.02,0.01,0.03
QQQ,2026-09-21,2026-09-28,C,815.0,3,0,0.2695385546875,0.02,0.0,0.02
QQQ,2026-09-21,2026-09-28,C,845.0,0,0,0.35742830078125,0.03,0.01,0.02
QQQ,2026-09-21,2026-09-28,C,850.0,48,0,0.3711000390625,0.03,0.0,0.02
QQQ,2026-09-21,2026-09-28,C,855.0,2,0,0.38672488281249995,0.01,0.0,0.02
QQQ,2026-09-21,2026-09-28,P,450.0,157,0,1.171879140625,0.02,0.0,0.02
QQQ,2026-09-21,2026-09-28,P,455.0,56,0,1.140629296875,0.01,0.0,0.02
QQQ,2026-09-21,2026-09-28,P,460.0,49,0,1.125004375,0.01,0.0,0.02
QQQ,2026-09-21,2026-09-28,P,465.0,108,0,1.09375453125,0.01,0.0,0.02
QQQ,2026-09-21,2026-09-28,P,470.0,156,0,1.0625046875000002,0.01,0.0,0.02
QQQ,2026-09-21,2026-09-28,P,475.0,198,3,1.0468797656250002,0.01,0.0,0.02
QQQ,2026-09-21,2026-09-28,P,480.0,163,0,1.0234423828125,0.02,0.0,0.02
QQQ,2026-09-21,2026-09-28,P,485.0,189,0,1.000005,0.01,0.0,0.02
QQQ,2026-09-21,2026-09-28,P,490.0,179,15,0.98437515625,0.01,0.0,0.02
QQQ,2026-09-21,2026-09-28,P,495.0,212,0,0.9531254687499999,0.01,0.0,0.02
QQQ,2026-09-21,2026-09-28,P,500.0,230,1,0.937500625,0.01,0.0,0.02
QQQ,2026-09-21,2026-09-28,P,505.0,81,0,0.9062509375,0.02,0.0,0.02
QQQ,2026-09-21,2026-09-28,P,510.0,81,0,0.8906260937499999,0.02,0.0,0.02
QQQ,2026-09-21,2026-09-28,P,515.0,184,0,0.867188828125,0.01,0.0,0.02
QQQ,2026-09-21,2026-09-28,P,520.0,28,0,0.87500125,0.01,0.01,0.02
QQQ,2026-09-21,2026-09-28,P,525.0,144,500,0.851563984375,0.03,0.01,0.02
QQQ,2026-09-21,2026-09-28,P,530.0,138,500,0.79687703125,0.03,0.0,0.02
QQQ,2026-09-21,2026-09-28,P,535.0,75,500,0.804689453125,0.03,0.01,0.02
QQQ,2026-09-21,2026-09-28,P,540.0,141,300,0.7578149218750001,0.02,0.0,0.02
QQQ,2026-09-21,2026-09-28,P,545.0,241,900,0.73437765625,0.02,0.0,0.02
QQQ,2026-09-21,2026-09-28,P,550.0,29,900,0.7187528125,0.03,0.0,0.02
QQQ,2026-09-21,2026-09-28,P,555.0,125,900,0.6953155468750001,0.03,0.0,0.02
QQQ,2026-09-21,2026-09-28,P,560.0,216,900,0.6718782812500002,0.03,0.0,0.02
QQQ,2026-09-21,2026-09-28,P,565.0,2607,2402,0.6796907031250001,0.02,0.01,0.02
QQQ,2026-09-21,2026-09-28,P,570.0,723,1437,0.64062859375,0.03,0.0,0.02
QQQ,2026-09-21,2026-09-28,P,575.0,688,495,0.64062859375,0.03,0.01,0.02
QQQ,2026-09-21,2026-09-28,P,580.0,3852,4143,0.6171913281250001,0.03,0.01,0.02
QQQ,2026-09-21,2026-09-28,P,585.0,1503,1493,0.57812921875,0.03,0.0,0.02
QQQ,2026-09-21,2026-09-28,P,590.0,1211,1611,0.57812921875,0.04,0.01,0.02
QQQ,2026-09-21,2026-09-28,P,595.0,1303,1,0.5546919531250001,0.02,0.01,0.02
QQQ,2026-09-21,2026-09-28,P,600.0,11900,2578,0.5390671093750001,0.01,0.01,0.02
QQQ,2026-09-21,2026-09-28,P,605.0,2383,480,0.51562984375,0.02,0.01,0.02
QQQ,2026-09-21,2026-09-28,P,610.0,1549,2298,0.500005,0.04,0.01,0.02
QQQ,2026-09-21,2026-09-28,P,615.0,1252,2132,0.49219257812500006,0.04,0.01,0.02
QQQ,2026-09-21,2026-09-28,P,620.0,621,3,0.48828636718750007,0.02,0.01,0.03
QQQ,2026-09-21,2026-09-28,P,625.0,89,4,0.4687553125,0.02,0.01,0.03
QQQ,2026-09-21,2026-09-28,P,630.0,63,10,0.44922425781249997,0.01,0.01,0.03
QQQ,2026-09-21,2026-09-28,P,635.0,29,23,0.42774009765625004,0.05,0.02,0.03
QQQ,2026-09-21,2026-09-28,P,640.0,156,100,0.40820904296875,0.01,0.02,0.03
QQQ,2026-09-21,2026-09-28,P,645.0,299,1560,0.38867798828125,0.03,0.02,0.03
QQQ,2026-09-21,2026-09-28,P,650.0,198,1,0.367193828125,0.03,0.02,0.03
QQQ,2026-09-21,2026-09-28,P,655.0,105,3,0.35938140625,0.04,0.03,0.04
QQQ,2026-09-21,2026-09-28,P,660.0,487,19,0.33789724609375,0.03,0.03,0.04
QQQ,2026-09-21,2026-09-28,P,661.0,71,3,0.33399103515625,0.07,0.03,0.04
QQQ,2026-09-21,2026-09-28,P,662.0,773,6,0.33008482421874996,0.03,0.03,0.04
QQQ,2026-09-21,2026-09-28,P,663.0,6827,6818,0.33399103515625,0.09,0.04,0.05
QQQ,2026-09-21,2026-09-28,P,664.0,32,1,0.33008482421874996,0.04,0.03,0.05
QQQ,2026-09-21,2026-09-28,P,665.0,209,17,0.32617861328125,0.03,0.04,0.05
QQQ,2026-09-21,2026-09-28,P,666.0,39,1,0.32227240234374993,0.03,0.04,0.05
QQQ,2026-09-21,2026-09-28,P,667.0,118,1,0.31836619140624994,0.04,0.04,0.05
QQQ,2026-09-21,2026-09-28,P,668.0,51,1,0.31445998046874996,0.1,0.04,0.05
QQQ,2026-09-21,2026-09-28,P,669.0,250,2,0.31055376953124997,0.06,0.04,0.05
QQQ,2026-09-21,2026-09-28,P,670.0,506,18,0.305671005859375,0.05,0.04,0.05
QQQ,2026-09-21,2026-09-28,P,671.0,144,5,0.3086006640625,0.13,0.05,0.06
QQQ,2026-09-21,2026-09-28,P,672.0,448,4,0.30371790039062496,0.05,0.05,0.06
QQQ,2026-09-21,2026-09-28,P,673.0,66,10,0.299811689453125,0.05,0.05,0.06
QQQ,2026-09-21,2026-09-28,P,674.0,9,3,0.295905478515625,0.15,0.05,0.06
QQQ,2026-09-21,2026-09-28,P,675.0,533,3,0.2910227148437499,0.06,0.05,0.06
QQQ,2026-09-21,2026-09-28,P,676.0,237,92,0.2929758203124999,0.05,0.05,0.07
QQQ,2026-09-21,2026-09-28,P,677.0,14,5,0.2880930566406249,0.06,0.05,0.07
QQQ,2026-09-21,2026-09-28,P,678.0,65,4,0.2841868457031249,0.15,0.05,0.07
QQQ,2026-09-21,2026-09-28,P,679.0,17,1,0.2802806347656249,0.48,0.06,0.07
QQQ,2026-09-21,2026-09-28,P,680.0,430,7,0.2802806347656249,0.07,0.06,0.08
QQQ,2026-09-21,2026-09-28,P,681.0,38,5,0.2758861474609374,0.07,0.07,0.08
QQQ,2026-09-21,2026-09-28,P,682.0,98,7,0.27149166015625,0.06,0.07,0.08
QQQ,2026-09-21,2026-09-28,P,683.0,141,1,0.26758544921875,0.07,0.07,0.08
QQQ,2026-09-21,2026-09-28,P,684.0,55,1,0.26709717285156254,0.11,0.08,0.09
QQQ,2026-09-21,2026-09-28,P,685.0,471,10,0.26270268554687504,0.07,0.08,0.09
QQQ,2026-09-21,2026-09-28,P,686.0,58,11,0.25830819824218754,0.11,0.08,0.09
QQQ,2026-09-21,2026-09-28,P,687.0,91,15,0.257819921875,0.08,0.08,0.1
QQQ,2026-09-21,2026-09-28,P,688.0,128,2,0.252937158203125,0.09,0.09,0.1
QQQ,2026-09-21,2026-09-28,P,689.0,237,25,0.25196060546875,0.1,0.09,0.11
QQQ,2026-09-21,2026-09-28,P,690.0,750,29,0.2475661181640625,0.1,0.1,0.11
QQQ,2026-09-21,2026-09-28,P,691.0,474,101,0.2461012890625,0.1,0.1,0.12
QQQ,2026-09-21,2026-09-28,P,692.0,385,1,0.2417068017578125,0.09,0.11,0.12
QQQ,2026-09-21,2026-09-28,P,693.0,171,3,0.23975369628906246,0.15,0.12,0.13
QQQ,2026-09-21,2026-09-28,P,694.0,151,4,0.23780059082031246,0.1,0.12,0.14
QQQ,2026-09-21,2026-09-28,P,695.0,1500,34,0.2329178271484375,0.13,0.13,0.14
QQQ,2026-09-21,2026-09-28,P,696.0,196,2,0.2309647216796875,0.17,0.13,0.15
QQQ,2026-09-21,2026-09-28,P,697.0,1134,1,0.22852333984375,0.12,0.14,0.16
QQQ,2026-09-21,2026-09-28,P,698.0,95,3,0.2260819580078125,0.21,0.15,0.17
QQQ,2026-09-21,2026-09-28,P,699.0,340,5,0.22315229980468748,0.2,0.16,0.18
QQQ,2026-09-21,2026-09-28,P,700.0,1264,121,0.22022264160156246,0.18,0.18,0.19
QQQ,2026-09-21,2026-09-28,P,701.0,204,57,0.2192460888671875,0.17,0.19,0.21
QQQ,2026-09-21,2026-09-28,P,702.0,490,113,0.21436332519531248,0.15,0.2,0.21
QQQ,2026-09-21,2026-09-28,P,703.0,904,132,0.21265435791015624,0.15,0.21,0.23
QQQ,2026-09-21,2026-09-28,P,704.0,690,58,0.2092364233398437,0.22,0.23,0.24
QQQ,2026-09-21,2026-09-28,P,705.0,2008,224,0.20728331787109372,0.2,0.25,0.26
QQQ,2026-09-21,2026-09-28,P,706.0,197,139,0.20508607421874997,0.26,0.26,0.28
QQQ,2026-09-21,2026-09-28,P,707.0,75,105,0.2036212451171875,0.2,0.29,0.31
QQQ,2026-09-21,2026-09-28,P,708.0,288,24,0.1997150341796875,0.21,0.31,0.32
QQQ,2026-09-21,2026-09-28,P,709.0,1054,43,0.19678537597656248,0.31,0.33,0.34
QQQ,2026-09-21,2026-09-28,P,710.0,898,188,0.1948322705078125,0.36,0.36,0.37
QQQ,2026-09-21,2026-09-28,P,711.0,571,51,0.19361157958984376,0.33,0.4,0.41
QQQ,2026-09-21,2026-09-28,P,712.0,327,86,0.1909260595703125,0.43,0.43,0.44
QQQ,2026-09-21,2026-09-28,P,713.0,1050,132,0.1889729541015625,0.39,0.46,0.48
QQQ,2026-09-21,2026-09-28,P,714.0,101,18,0.1859212268066406,0.37,0.49,0.51
QQQ,2026-09-21,2026-09-28,P,715.0,2105,2055,0.1840901904296875,0.52,0.55,0.56
QQQ,2026-09-21,2026-09-28,P,716.0,2739,167,0.1821370849609375,0.62,0.6,0.61
QQQ,2026-09-21,2026-09-28,P,717.0,685,71,0.18030604858398439,0.46,0.66,0.67
QQQ,2026-09-21,2026-09-28,P,718.0,922,138,0.1782308740234375,0.61,0.72,0.73
QQQ,2026-09-21,2026-09-28,P,719.0,1642,112,0.1763998376464844,0.8,0.78,0.8
QQQ,2026-09-21,2026-09-28,P,720.0,2027,741,0.17469087036132813,0.88,0.87,0.88
QQQ,2026-09-21,2026-09-28,P,721.0,228,135,0.17371431762695314,0.95,0.95,0.98
QQQ,2026-09-21,2026-09-28,P,722.0,497,207,0.17115086669921875,1.05,1.04,1.06
QQQ,2026-09-21,2026-09-28,P,723.0,3785,710,0.1692587957763672,1.15,1.14,1.16
QQQ,2026-09-21,2026-09-28,P,724.0,116,111,0.16913672668457033,1.2,1.28,1.31
QQQ,2026-09-21,2026-09-28,P,725.0,6337,2975,0.16590189575195316,1.34,1.38,1.4
QQQ,2026-09-21,2026-09-28,P,726.0,289,716,0.16468120483398438,1.6,1.52,1.55
QQQ,2026-09-21,2026-09-28,P,727.0,30290,652,0.1626060302734375,1.76,1.67,1.69
QQQ,2026-09-21,2026-09-28,P,728.0,1242,443,0.16108016662597657,1.84,1.84,1.86
QQQ,2026-09-21,2026-09-28,P,729.0,566,415,0.16010361389160155,1.91,2.03,2.06
QQQ,2026-09-21,2026-09-28,P,730.0,2805,4372,0.15857775024414064,2.29,2.24,2.26
QQQ,2026-09-21,2026-09-28,P,731.0,284,289,0.1580284393310547,2.56,2.48,2.51
QQQ,2026-09-21,2026-09-28,P,732.0,629,637,0.15619740295410156,2.64,2.71,2.74
QQQ,2026-09-21,2026-09-28,P,733.0,917,543,0.15351188293457033,3.01,2.93,2.96
QQQ,2026-09-21,2026-09-28,P,734.0,342,422,0.152901537475586,3.35,3.25,3.27
QQQ,2026-09-21,2026-09-28,P,735.0,1294,7491,0.15271843383789066,3.5,3.58,3.62
QQQ,2026-09-21,2026-09-28,P,736.0,269,402,0.15180291564941406,3.41,3.92,3.97
QQQ,2026-09-21,2026-09-28,P,737.0,158,337,0.15155877746582033,4.36,4.33,4.37
QQQ,2026-09-21,2026-09-28,P,738.0,1088,1255,0.14926998199462893,4.69,4.69,4.72
QQQ,2026-09-21,2026-09-28,P,739.0,190,643,0.14917843017578125,5.05,5.14,5.18
QQQ,2026-09-21,2026-09-28,P,740.0,2442,5406,0.14917843017578125,5.56,5.61,5.67
QQQ,2026-09-21,2026-09-28,P,741.0,612,1296,0.14838498107910159,5.6,6.12,6.16
QQQ,2026-09-21,2026-09-28,P,742.0,205,1328,0.14740842834472656,6.38,6.63,6.67
QQQ,2026-09-21,2026-09-28,P,743.0,187,1186,0.14722532470703126,7.19,7.2,7.24
QQQ,2026-09-21,2026-09-28,P,744.0,379,3132,0.14655394470214844,7.87,7.74,7.82
QQQ,2026-09-21,2026-09-28,P,745.0,1658,1708,0.14710325561523438,8.72,8.4,8.47
QQQ,2026-09-21,2026-09-28,P,746.0,440,761,0.1557701611328125,9.02,9.02,9.43
QQQ,2026-09-21,2026-09-28,P,747.0,578,393,0.1577232666015625,10.05,9.79,10.17
QQQ,2026-09-21,2026-09-28,P,748.0,312,360,0.157234990234375,10.66,10.44,10.85
QQQ,2026-09-21,2026-09-28,P,749.0,153,101,0.1544274011230469,10.77,11.05,11.48
QQQ,2026-09-21,2026-09-28,P,750.0,194,162,0.15729602478027344,12.38,11.91,12.31
QQQ,2026-09-21,2026-09-28,P,751.0,28,107,0.16901465759277345,12.7,12.94,13.42
QQQ,2026-09-21,2026-09-28,P,752.0,20,278,0.17017431396484378,13.6,13.8,14.22
QQQ,2026-09-21,2026-09-28,P,753.0,5,52,0.17401949035644532,15.18,14.55,15.11
QQQ,2026-09-21,2026-09-28,P,754.0,5,34,0.18012294494628905,14.45,15.56,16.07
QQQ,2026-09-21,2026-09-28,P,755.0,23,8,0.1815267395019531,11.08,16.36,16.91
QQQ,2026-09-21,2026-09-28,P,756.0,2,2,0.18909502319335939,15.47,17.15,17.92
QQQ,2026-09-21,2026-09-28,P,757.0,9,4,0.19263502685546874,16.41,18.16,18.83
QQQ,2026-09-21,2026-09-28,P,759.0,6,2,0.19361157958984376,18.21,20.01,20.53
QQQ,2026-09-21,2026-09-28,P,760.0,16,3,0.21277642700195312,17.73,21.26,21.82
QQQ,2026-09-21,2026-09-28,P,761.0,2,2,0.2156450506591797,20.17,22.25,22.73
QQQ,2026-09-21,2026-09-28,P,762.0,9,2,0.22571575073242187,21.15,23.25,23.81
QQQ,2026-09-21,2026-09-28,P,764.0,1,8,0.23432162170410153,23.12,25.23,25.71
QQQ,2026-09-21,2026-09-28,P,765.0,15,2,0.23548127807617186,24.1,24.35,26.6
QQQ,2026-09-21,2026-09-28,P,773.0,0,0,0.2869944348144531,27.55,32.52,34.65
QQQ,2026-09-21,2026-09-28,P,785.0,0,0,0.430242514038086,42.47,44.51,48.1
QQQ,2026-09-21,2026-09-28,P,790.0,0,0,0.4631401342773438,48.44,49.64,53.15
QQQ,2026-09-21,2026-09-29,C,670.0,0,1,0.44739322143554683,47.09,67.47,71.05
QQQ,2026-09-21,2026-09-29,C,680.0,0,1,0.3975890319824219,36.46,57.38,61.1
QQQ,2026-09-21,2026-09-29,C,685.0,0,1,0.3734193518066406,32.99,52.48,56.14
QQQ,2026-09-21,2026-09-29,C,687.0,0,1,0.3497379479980468,30.97,51.09,53.98
QQQ,2026-09-21,2026-09-29,C,689.0,0,3,0.3635317553710938,48.14,49.1,52.31
QQQ,2026-09-21,2026-09-29,C,690.0,0,2,0.348639326171875,50.0,47.46,51.18
QQQ,2026-09-21,2026-09-29,C,693.0,0,2,0.3332586206054688,27.66,44.57,48.2
QQQ,2026-09-21,2026-09-29,C,695.0,0,0,0.324103438720703,15.18,42.58,46.23
QQQ,2026-09-21,2026-09-29,C,698.0,0,0,0.3103096313476562,20.0,40.19,43.28
QQQ,2026-09-21,2026-09-29,C,699.0,0,1,0.3051827294921875,24.02,38.85,42.29
QQQ,2026-09-21,2026-09-29,C,700.0,0,6,0.29431858032226554,47.97,37.86,41.21
QQQ,2026-09-21,2026-09-29,C,701.0,0,0,0.28992409301757804,19.5,36.87,40.23
QQQ,2026-09-21,2026-09-29,C,702.0,31,8,0.2913889221191405,46.47,35.61,39.35
QQQ,2026-09-21,2026-09-29,C,703.0,0,0,0.27722890747070306,15.63,36.01,38.21
QQQ,2026-09-21,2026-09-29,C,704.0,0,0,1.0000000000000003e-05,9.41,35.4,35.95
QQQ,2026-09-21,2026-09-29,C,705.0,0,1,1.0000000000000003e-05,42.95,34.43,35.03
QQQ,2026-09-21,2026-09-29,C,706.0,0,3,1.0000000000000003e-05,34.47,33.25,33.88
QQQ,2026-09-21,2026-09-29,C,707.0,0,0,1.0000000000000003e-05,13.07,32.3,32.79
QQQ,2026-09-21,2026-09-29,C,708.0,0,0,1.0000000000000003e-05,26.3,31.32,31.83
QQQ,2026-09-21,2026-09-29,C,709.0,0,2,1.0000000000000003e-05,38.02,30.36,30.99
QQQ,2026-09-21,2026-09-29,C,710.0,0,1,0.15235222656250003,32.96,29.61,30.19
QQQ,2026-09-21,2026-09-29,C,711.0,0,4,1.0000000000000003e-05,25.31,28.44,28.93
QQQ,2026-09-21,2026-09-29,C,712.0,0,1,1.0000000000000003e-05,33.7,27.46,27.99
QQQ,2026-09-21,2026-09-29,C,713.0,0,2,0.10743080078125,34.12,26.55,27.07
QQQ,2026-09-21,2026-09-29,C,714.0,0,1,0.13916876464843753,29.84,25.62,26.22
QQQ,2026-09-21,2026-09-29,C,715.0,0,1,0.139657041015625,31.06,24.68,25.26
QQQ,2026-09-21,2026-09-29,C,716.0,0,2,0.1274501318359375,29.24,23.75,24.2
QQQ,2026-09-21,2026-09-29,C,717.0,0,6,0.14685911743164062,30.51,22.82,23.43
QQQ,2026-09-21,2026-09-29,C,718.0,0,2,0.1562584375,23.09,22.11,22.63
QQQ,2026-09-21,2026-09-29,C,719.0,0,2,0.14954463745117189,27.16,21.06,21.61
QQQ,2026-09-21,2026-09-29,C,720.0,0,111,0.14905636108398437,21.96,20.3,20.69
QQQ,2026-09-21,2026-09-29,C,721.0,0,3,0.141610146484375,22.63,19.4,19.66
QQQ,2026-09-21,2026-09-29,C,722.0,0,111,0.14222049194335937,19.79,18.35,18.77
QQQ,2026-09-21,2026-09-29,C,723.0,0,11,0.14490601196289063,20.33,17.52,17.94
QQQ,2026-09-21,2026-09-29,C,724.0,0,9,0.14167118103027343,19.3,16.56,17.0
QQQ,2026-09-21,2026-09-29,C,725.0,678,5,0.141610146484375,17.41,15.71,16.14
QQQ,2026-09-21,2026-09-29,C,726.0,0,14,0.149422568359375,17.45,15.1,15.5
QQQ,2026-09-21,2026-09-29,C,727.0,0,4,0.14258669921875,16.69,14.17,14.5
QQQ,2026-09-21,2026-09-29,C,728.0,0,10,0.14270876831054688,14.74,13.47,13.7
QQQ,2026-09-21,2026-09-29,C,729.0,139,6,0.14252566467285155,14.8,12.81,12.91
QQQ,2026-09-21,2026-09-29,C,730.0,0,6,0.14136600830078128,12.91,12.0,12.11
QQQ,2026-09-21,2026-09-29,C,731.0,0,2,0.14118290466308597,12.06,11.26,11.36
QQQ,2026-09-21,2026-09-29,C,732.0,0,5,0.14002324829101562,12.53,10.52,10.6
QQQ,2026-09-21,2026-09-29,C,733.0,0,7,0.1391382473754883,9.98,9.79,9.87
QQQ,2026-09-21,2026-09-29,C,734.0,0,1,0.13953497192382813,11.25,9.15,9.21
QQQ,2026-09-21,2026-09-29,C,735.0,0,228,0.13868048828125001,8.65,8.47,8.53
QQQ,2026-09-21,2026-09-29,C,736.0,0,13,0.13797859100341797,8.59,7.82,7.88
QQQ,2026-09-21,2026-09-29,C,737.0,0,41,0.1373377282714844,7.51,7.2,7.26
QQQ,2026-09-21,2026-09-29,C,738.0,0,74,0.1373377282714844,6.65,6.65,6.69
QQQ,2026-09-21,2026-09-29,C,739.0,0,173,0.13608652008056643,6.09,6.05,6.1
QQQ,2026-09-21,2026-09-29,C,740.0,0,933,0.13562876098632815,5.41,5.53,5.57
QQQ,2026-09-21,2026-09-29,C,741.0,0,751,0.13501841552734378,5.17,5.01,5.06
QQQ,2026-09-21,2026-09-29,C,742.0,0,218,0.13385875915527345,4.5,4.52,4.56
QQQ,2026-09-21,2026-09-29,C,743.0,0,319,0.1334925518798828,4.24,4.09,4.12
QQQ,2026-09-21,2026-09-29,C,744.0,0,635,0.13294324096679688,3.93,3.68,3.7
QQQ,2026-09-21,2026-09-29,C,745.0,475,1480,0.132119274597168,3.26,3.28,3.3
QQQ,2026-09-21,2026-09-29,C,746.0,0,224,0.13187513641357423,2.94,2.92,2.95
QQQ,2026-09-21,2026-09-29,C,747.0,0,440,0.1311732391357422,2.8,2.59,2.61
QQQ,2026-09-21,2026-09-29,C,748.0,0,452,0.13050185913085935,2.45,2.29,2.3
QQQ,2026-09-21,2026-09-29,C,749.0,0,139,0.13056289367675777,1.96,2.02,2.04
QQQ,2026-09-21,2026-09-29,C,750.0,0,1632,0.129891513671875,1.75,1.77,1.78
QQQ,2026-09-21,2026-09-29,C,751.0,0,366,0.12970841003417968,1.54,1.54,1.56
QQQ,2026-09-21,2026-09-29,C,752.0,0,499,0.12952530639648438,1.35,1.34,1.36
QQQ,2026-09-21,2026-09-29,C,753.0,0,460,0.12885392639160154,1.17,1.16,1.17
QQQ,2026-09-21,2026-09-29,C,754.0,0,140,0.12867082275390623,1.0,1.0,1.01
QQQ,2026-09-21,2026-09-29,C,755.0,0,816,0.1289149609375,0.88,0.86,0.88
QQQ,2026-09-21,2026-09-29,C,756.0,0,74,0.12854875366210936,0.77,0.73,0.75
QQQ,2026-09-21,2026-09-29,C,757.0,112,173,0.12781633911132811,0.61,0.61,0.63
QQQ,2026-09-21,2026-09-29,C,758.0,0,181,0.12732806274414063,0.61,0.51,0.53
QQQ,2026-09-21,2026-09-29,C,759.0,0,50,0.12732806274414063,0.51,0.44,0.45
QQQ,2026-09-21,2026-09-29,C,760.0,0,217,0.12806047729492187,0.36,0.37,0.39
QQQ,2026-09-21,2026-09-29,C,761.0,0,116,0.12818254638671872,0.32,0.32,0.33
QQQ,2026-09-21,2026-09-29,C,762.0,0,66,0.12842668457031248,0.27,0.27,0.28
QQQ,2026-09-21,2026-09-29,C,763.0,0,318,0.12903703002929687,0.24,0.22,0.24
QQQ,2026-09-21,2026-09-29,C,764.0,0,12,0.13013565185546871,0.25,0.19,0.21
QQQ,2026-09-21,2026-09-29,C,765.0,0,527,0.13086806640624998,0.16,0.17,0.18
QQQ,2026-09-21,2026-09-29,C,766.0,0,58,0.13086806640624998,0.15,0.13,0.15
QQQ,2026-09-21,2026-09-29,C,767.0,0,49,0.131844619140625,0.16,0.11,0.13
QQQ,2026-09-21,2026-09-29,C,768.0,2,7378,0.13233289550781252,0.11,0.1,0.11
QQQ,2026-09-21,2026-09-29,C,769.0,0,60,0.13428600097656251,0.1,0.09,0.1
QQQ,2026-09-21,2026-09-29,C,770.0,0,339,0.13575083007812502,0.08,0.07,0.09
QQQ,2026-09-21,2026-09-29,C,771.0,0,12,0.13721565917968753,0.07,0.07,0.08
QQQ,2026-09-21,2026-09-29,C,772.0,0,15,0.13868048828125001,0.12,0.06,0.07
QQQ,2026-09-21,2026-09-29,C,773.0,0,6,0.1420984228515625,0.07,0.05,0.07
QQQ,2026-09-21,2026-09-29,C,774.0,0,1,0.14258669921875,0.09,0.05,0.06
QQQ,2026-09-21,2026-09-29,C,775.0,0,2,0.14649291015625,0.07,0.04,0.06
QQQ,2026-09-21,2026-09-29,C,780.0,0,521,0.1601646484375,0.05,0.03,0.05
QQQ,2026-09-21,2026-09-29,C,785.0,0,0,0.17285983398437502,0.06,0.02,0.04
QQQ,2026-09-21,2026-09-29,C,790.0,0,20,0.18262536132812499,0.04,0.01,0.03
QQQ,2026-09-21,2026-09-29,C,795.0,0,0,0.198250205078125,0.06,0.01,0.03
QQQ,2026-09-21,2026-09-29,C,800.0,0,0,0.21289849609375,0.05,0.01,0.03
QQQ,2026-09-21,2026-09-29,C,805.0,0,0,0.22852333984375,0.02,0.01,0.03
QQQ,2026-09-21,2026-09-29,C,810.0,0,0,0.24414818359375,0.03,0.01,0.03
QQQ,2026-09-21,2026-09-29,C,815.0,0,0,0.257819921875,0.03,0.01,0.03
QQQ,2026-09-21,2026-09-29,C,820.0,0,0,0.273444765625,0.03,0.01,0.03
QQQ,2026-09-21,2026-09-29,C,825.0,100,0,0.28711650390624993,0.02,0.01,0.03
QQQ,2026-09-21,2026-09-29,C,830.0,0,0,0.2890696093749999,0.02,0.01,0.02
QQQ,2026-09-21,2026-09-29,C,835.0,0,0,0.304694453125,0.02,0.01,0.02
QQQ,2026-09-21,2026-09-29,C,840.0,0,0,0.31641308593749995,0.03,0.01,0.02
QQQ,2026-09-21,2026-09-29,C,845.0,0,0,0.3320379296875,0.01,0.01,0.02
QQQ,2026-09-21,2026-09-29,C,850.0,0,0,0.3437565625,0.02,0.01,0.02
QQQ,2026-09-21,2026-09-29,C,855.0,0,0,0.35742830078125,0.02,0.01,0.02
QQQ,2026-09-21,2026-09-29,C,860.0,0,0,0.3711000390625,0.01,0.0,0.02
QQQ,2026-09-21,2026-09-29,C,865.0,65,0,0.38281867187499996,0.01,0.0,0.02
QQQ,2026-09-21,2026-09-29,C,870.0,0,0,0.39453730468750003,0.01,0.0,0.02
QQQ,2026-09-21,2026-09-29,C,875.0,0,0,0.4101621484375,0.01,0.01,0.02
QQQ,2026-09-21,2026-09-29,C,880.0,0,0,0.42188078125,0.01,0.01,0.02
QQQ,2026-09-21,2026-09-29,C,885.0,0,0,0.4335994140625,0.01,0.01,0.02
QQQ,2026-09-21,2026-09-29,C,890.0,0,0,0.445318046875,0.01,0.01,0.02
QQQ,2026-09-21,2026-09-29,C,895.0,0,0,0.45703667968750006,0.01,0.0,0.02
QQQ,2026-09-21,2026-09-29,C,900.0,0,0,0.4687553125,0.03,0.01,0.02
QQQ,2026-09-21,2026-09-29,P,450.0,10,0,1.0781296093750001,0.02,0.0,0.02
QQQ,2026-09-21,2026-09-29,P,460.0,40,35,1.0312548437500002,0.01,0.0,0.02
QQQ,2026-09-21,2026-09-29,P,465.0,10,20,1.015629921875,0.02,0.0,0.02
QQQ,2026-09-21,2026-09-29,P,470.0,144,0,0.98437515625,0.01,0.0,0.02
QQQ,2026-09-21,2026-09-29,P,475.0,293,0,0.9687503125,0.03,0.0,0.02
QQQ,2026-09-21,2026-09-29,P,480.0,172,0,0.9531254687499999,0.02,0.0,0.02
QQQ,2026-09-21,2026-09-29,P,485.0,117,3,0.92187578125,0.01,0.0,0.02
QQQ,2026-09-21,2026-09-29,P,490.0,76,140,0.9062509375,0.01,0.0,0.02
QQQ,2026-09-21,2026-09-29,P,495.0,113,20,0.8906260937499999,0.01,0.0,0.02
QQQ,2026-09-21,2026-09-29,P,500.0,218,0,0.85937640625,0.01,0.0,0.02
QQQ,2026-09-21,2026-09-29,P,505.0,158,120,0.867188828125,0.01,0.01,0.02
QQQ,2026-09-21,2026-09-29,P,510.0,270,0,0.8281267187499999,0.03,0.0,0.02
QQQ,2026-09-21,2026-09-29,P,515.0,119,1100,0.79687703125,0.02,0.0,0.02
QQQ,2026-09-21,2026-09-29,P,520.0,87,0,0.804689453125,0.02,0.01,0.02
QQQ,2026-09-21,2026-09-29,P,525.0,84,6,0.789064609375,0.02,0.01,0.02
QQQ,2026-09-21,2026-09-29,P,530.0,68,80,0.7656273437500001,0.02,0.01,0.02
QQQ,2026-09-21,2026-09-29,P,535.0,147,220,0.7187528125,0.01,0.0,0.02
QQQ,2026-09-21,2026-09-29,P,540.0,226,200,0.70312796875,0.02,0.0,0.02
QQQ,2026-09-21,2026-09-29,P,545.0,109,40,0.6875031250000001,0.01,0.0,0.02
QQQ,2026-09-21,2026-09-29,P,550.0,380,160,0.6640658593750002,0.02,0.0,0.02
QQQ,2026-09-21,2026-09-29,P,555.0,303,300,0.648441015625,0.02,0.0,0.02
QQQ,2026-09-21,2026-09-29,P,560.0,349,1432,0.6250037500000001,0.02,0.0,0.02
QQQ,2026-09-21,2026-09-29,P,565.0,149,1220,0.6093789062500001,0.02,0.0,0.02
QQQ,2026-09-21,2026-09-29,P,570.0,69,1200,0.6093789062500001,0.02,0.01,0.02
QQQ,2026-09-21,2026-09-29,P,575.0,280,1590,0.5898478515625001,0.02,0.01,0.02
QQQ,2026-09-21,2026-09-29,P,580.0,208,100,0.570316796875,0.01,0.01,0.02
QQQ,2026-09-21,2026-09-29,P,585.0,43,40,0.5664105859375,0.01,0.01,0.03
QQQ,2026-09-21,2026-09-29,P,590.0,220,40,0.5468795312500001,0.01,0.01,0.03
QQQ,2026-09-21,2026-09-29,P,595.0,216,260,0.5273484765625001,0.02,0.01,0.03
QQQ,2026-09-21,2026-09-29,P,600.0,245,660,0.5117236328125,0.02,0.01,0.03
QQQ,2026-09-21,2026-09-29,P,605.0,231,1040,0.5097705273437501,0.02,0.01,0.03
QQQ,2026-09-21,2026-09-29,P,610.0,143,661,0.49219257812500006,0.02,0.01,0.03
QQQ,2026-09-21,2026-09-29,P,615.0,93,300,0.4726615234375,0.02,0.01,0.03
QQQ,2026-09-21,2026-09-29,P,620.0,129,103,0.45313046875,0.02,0.01,0.03
QQQ,2026-09-21,2026-09-29,P,625.0,47,40,0.4335994140625,0.03,0.02,0.03
QQQ,2026-09-21,2026-09-29,P,630.0,706,260,0.414068359375,0.04,0.02,0.03
QQQ,2026-09-21,2026-09-29,P,635.0,916,5,0.40820904296875,0.08,0.03,0.04
QQQ,2026-09-21,2026-09-29,P,640.0,370,3,0.38867798828125,0.02,0.03,0.04
QQQ,2026-09-21,2026-09-29,P,645.0,54,5,0.3789124609375,0.04,0.03,0.05
QQQ,2026-09-21,2026-09-29,P,650.0,250,3,0.35938140625,0.04,0.04,0.05
QQQ,2026-09-21,2026-09-29,P,655.0,241,13,0.34766277343749996,0.07,0.05,0.06
QQQ,2026-09-21,2026-09-29,P,660.0,4023,23,0.33399103515625,0.07,0.05,0.07
QQQ,2026-09-21,2026-09-29,P,661.0,4127,4000,0.33008482421874996,0.12,0.06,0.07
QQQ,2026-09-21,2026-09-29,P,662.0,313,0,0.32617861328125,0.71,0.06,0.07
QQQ,2026-09-21,2026-09-29,P,663.0,42,0,0.327155166015625,0.65,0.06,0.08
QQQ,2026-09-21,2026-09-29,P,664.0,138,0,0.3232489550781249,1.72,0.06,0.08
QQQ,2026-09-21,2026-09-29,P,665.0,506,21,0.3193427441406249,0.07,0.06,0.08
QQQ,2026-09-21,2026-09-29,P,666.0,52,3,0.3154365332031249,0.09,0.07,0.08
QQQ,2026-09-21,2026-09-29,P,667.0,62,1,0.31153032226562494,0.18,0.07,0.08
QQQ,2026-09-21,2026-09-29,P,668.0,81,2,0.31153032226562494,0.11,0.07,0.09
QQQ,2026-09-21,2026-09-29,P,669.0,2879,11,0.30762411132812495,0.11,0.07,0.09
QQQ,2026-09-21,2026-09-29,P,670.0,4297,3696,0.30371790039062496,0.09,0.08,0.09
QQQ,2026-09-21,2026-09-29,P,671.0,35,1,0.30371790039062496,0.11,0.08,0.1
QQQ,2026-09-21,2026-09-29,P,672.0,130,6,0.299811689453125,0.2,0.08,0.1
QQQ,2026-09-21,2026-09-29,P,673.0,58,1,0.295905478515625,0.09,0.09,0.1
QQQ,2026-09-21,2026-09-29,P,674.0,65,3,0.2919992675781249,0.12,0.09,0.1
QQQ,2026-09-21,2026-09-29,P,675.0,731,50,0.2910227148437499,0.08,0.09,0.11
QQQ,2026-09-21,2026-09-29,P,676.0,26,2,0.28711650390624993,0.15,0.1,0.11
QQQ,2026-09-21,2026-09-29,P,677.0,50,11,0.28613995117187496,0.1,0.1,0.12
QQQ,2026-09-21,2026-09-29,P,678.0,61,2,0.282233740234375,0.22,0.11,0.12
QQQ,2026-09-21,2026-09-29,P,679.0,14,1,0.2778392529296875,0.23,0.11,0.12
QQQ,2026-09-21,2026-09-29,P,680.0,515,4,0.27686270019531245,0.1,0.11,0.13
QQQ,2026-09-21,2026-09-29,P,681.0,102,10,0.27246821289062495,0.26,0.12,0.13
QQQ,2026-09-21,2026-09-29,P,682.0,85,5,0.2710033837890625,0.16,0.13,0.14
QQQ,2026-09-21,2026-09-29,P,683.0,136,1,0.26709717285156254,0.1,0.12,0.14
QQQ,2026-09-21,2026-09-29,P,684.0,91,1,0.2651440673828125,0.31,0.14,0.15
QQQ,2026-09-21,2026-09-29,P,685.0,180,1,0.26367923828125,0.12,0.15,0.16
QQQ,2026-09-21,2026-09-29,P,686.0,57,9,0.2617261328125,1.21,0.15,0.17
QQQ,2026-09-21,2026-09-29,P,687.0,43,3,0.2573316455078125,0.35,0.16,0.17
QQQ,2026-09-21,2026-09-29,P,688.0,32,1,0.2551344018554688,0.15,0.16,0.18
QQQ,2026-09-21,2026-09-29,P,689.0,60,1,0.252937158203125,0.22,0.17,0.19
QQQ,2026-09-21,2026-09-29,P,690.0,721,605,0.25049577636718745,0.15,0.18,0.2
QQQ,2026-09-21,2026-09-29,P,691.0,67,22,0.2461012890625,0.23,0.19,0.2
QQQ,2026-09-21,2026-09-29,P,692.0,121,42,0.2436599072265625,0.17,0.2,0.21
QQQ,2026-09-21,2026-09-29,P,693.0,57,121,0.24268335449218748,0.17,0.22,0.23
QQQ,2026-09-21,2026-09-29,P,694.0,46,3,0.23975369628906246,0.26,0.22,0.24
QQQ,2026-09-21,2026-09-29,P,695.0,780,157,0.2368240380859375,0.18,0.23,0.25
QQQ,2026-09-21,2026-09-29,P,696.0,33,116,0.23389437988281248,0.19,0.24,0.26
QQQ,2026-09-21,2026-09-29,P,697.0,181,16,0.23072058349609376,0.27,0.26,0.27
QQQ,2026-09-21,2026-09-29,P,698.0,122,1,0.22754678710937498,0.22,0.27,0.28
QQQ,2026-09-21,2026-09-29,P,699.0,43,30,0.2268143725585937,0.22,0.29,0.31
QQQ,2026-09-21,2026-09-29,P,700.0,2182,49,0.22339643798828124,0.24,0.31,0.32
QQQ,2026-09-21,2026-09-29,P,701.0,116,55,0.2211991943359375,0.36,0.32,0.34
QQQ,2026-09-21,2026-09-29,P,702.0,216,12,0.21875781249999998,0.41,0.34,0.36
QQQ,2026-09-21,2026-09-29,P,703.0,58,101,0.21607229248046872,0.37,0.37,0.38
QQQ,2026-09-21,2026-09-29,P,704.0,216,12,0.2133867724609375,0.36,0.39,0.4
QQQ,2026-09-21,2026-09-29,P,705.0,1397,85,0.21143366699218746,0.34,0.42,0.43
QQQ,2026-09-21,2026-09-29,P,706.0,34,31,0.20948056152343747,0.3,0.44,0.46
QQQ,2026-09-21,2026-09-29,P,707.0,901,28,0.20703917968749996,0.37,0.47,0.49
QQQ,2026-09-21,2026-09-29,P,708.0,1944,29,0.20459779785156246,0.38,0.51,0.52
QQQ,2026-09-21,2026-09-29,P,709.0,93,29,0.20264469238281246,0.48,0.54,0.56
QQQ,2026-09-21,2026-09-29,P,710.0,606,122,0.2005695178222656,0.39,0.58,0.6
QQQ,2026-09-21,2026-09-29,P,711.0,99,126,0.19751779052734375,0.65,0.62,0.63
QQQ,2026-09-21,2026-09-29,P,712.0,454,204,0.19556468505859376,0.63,0.67,0.68
QQQ,2026-09-21,2026-09-29,P,713.0,107,40,0.19348951049804688,0.65,0.71,0.73
QQQ,2026-09-21,2026-09-29,P,714.0,112,59,0.19104812866210938,0.56,0.77,0.78
QQQ,2026-09-21,2026-09-29,P,715.0,443,145,0.18909502319335939,0.62,0.83,0.84
QQQ,2026-09-21,2026-09-29,P,716.0,99,72,0.18628743408203124,0.63,0.87,0.89
QQQ,2026-09-21,2026-09-29,P,717.0,463,194,0.18531088134765622,0.74,0.97,0.98
QQQ,2026-09-21,2026-09-29,P,718.0,445,74,0.18396812133789062,0.85,1.05,1.07
QQQ,2026-09-21,2026-09-29,P,719.0,682,137,0.1818319122314453,0.92,1.13,1.15
QQQ,2026-09-21,2026-09-29,P,720.0,583,490,0.17981777221679687,0.98,1.22,1.24
QQQ,2026-09-21,2026-09-29,P,721.0,152,153,0.1783529431152344,0.96,1.33,1.35
QQQ,2026-09-21,2026-09-29,P,722.0,188,261,0.17688811401367188,1.49,1.44,1.47
QQQ,2026-09-21,2026-09-29,P,723.0,628,267,0.17505707763671874,1.54,1.57,1.59
QQQ,2026-09-21,2026-09-29,P,724.0,113,341,0.1736532830810547,1.78,1.7,1.73
QQQ,2026-09-21,2026-09-29,P,725.0,3233,14850,0.17176121215820314,1.82,1.85,1.87
QQQ,2026-09-21,2026-09-29,P,726.0,67,683,0.16986914123535157,1.79,2.0,2.02
QQQ,2026-09-21,2026-09-29,P,727.0,241,262,0.1688925885009766,2.06,2.18,2.21
QQQ,2026-09-21,2026-09-29,P,728.0,73,357,0.16938086486816406,2.17,2.41,2.46
QQQ,2026-09-21,2026-09-29,P,729.0,391,687,0.1664512066650391,2.65,2.59,2.62
QQQ,2026-09-21,2026-09-29,P,730.0,245,478,0.16614603393554692,2.91,2.84,2.88
QQQ,2026-09-21,2026-09-29,P,731.0,49,485,0.1638877557373047,3.12,3.07,3.09
QQQ,2026-09-21,2026-09-29,P,732.0,176,306,0.16309430664062502,3.44,3.34,3.37
QQQ,2026-09-21,2026-09-29,P,733.0,262,410,0.1623008575439453,3.7,3.65,3.67
QQQ,2026-09-21,2026-09-29,P,734.0,426,546,0.1604698211669922,3.82,3.92,3.95
QQQ,2026-09-21,2026-09-29,P,735.0,530,703,0.15964585479736326,4.31,4.26,4.29
QQQ,2026-09-21,2026-09-29,P,736.0,125,412,0.1590049920654297,4.68,4.62,4.66
QQQ,2026-09-21,2026-09-29,P,737.0,167,187,0.15857775024414064,4.54,5.01,5.06
QQQ,2026-09-21,2026-09-29,P,738.0,237,525,0.15656361022949222,5.49,5.39,5.42
QQQ,2026-09-21,2026-09-29,P,739.0,626,1084,0.15717395568847659,5.75,5.86,5.91
QQQ,2026-09-21,2026-09-29,P,740.0,383,943,0.1563805065917969,6.55,6.31,6.37
QQQ,2026-09-21,2026-09-29,P,741.0,106,285,0.15552602294921875,7.0,6.79,6.85
QQQ,2026-09-21,2026-09-29,P,742.0,224,344,0.15528188476562502,7.2,7.31,7.38
QQQ,2026-09-21,2026-09-29,P,743.0,582,234,0.15464102203369146,7.48,7.86,7.92
QQQ,2026-09-21,2026-09-29,P,744.0,172,168,0.1536339520263672,7.98,8.41,8.47
QQQ,2026-09-21,2026-09-29,P,745.0,363,440,0.15528188476562502,8.08,9.08,9.15
QQQ,2026-09-21,2026-09-29,P,746.0,196,104,0.15378653839111328,9.22,9.65,9.73
QQQ,2026-09-21,2026-09-29,P,747.0,367,376,0.15851671569824222,10.43,10.23,10.57
QQQ,2026-09-21,2026-09-29,P,748.0,41,160,0.16266706481933596,9.65,10.94,11.4
QQQ,2026-09-21,2026-09-29,P,749.0,26,149,0.1607749938964844,10.3,11.69,12.03
QQQ,2026-09-21,2026-09-29,P,750.0,76,271,0.16394879028320314,10.84,12.4,12.86
QQQ,2026-09-21,2026-09-29,P,751.0,11,110,0.1632163757324219,11.69,13.15,13.57
QQQ,2026-09-21,2026-09-29,P,752.0,24,44,0.16553568847656253,12.41,13.99,14.4
QQQ,2026-09-21,2026-09-29,P,753.0,5,2,0.16394879028320314,9.18,14.65,15.12
QQQ,2026-09-21,2026-09-29,P,754.0,20,13,0.16529155029296877,11.95,15.66,15.95
QQQ,2026-09-21,2026-09-29,P,755.0,32,6,0.17383638671875,16.49,16.46,17.0
QQQ,2026-09-21,2026-09-29,P,756.0,22,0,0.17572845764160155,11.24,17.42,17.86
QQQ,2026-09-21,2026-09-29,P,757.0,8,0,0.18305260314941402,11.49,18.34,18.88
QQQ,2026-09-21,2026-09-29,P,758.0,2,0,0.18628743408203124,14.26,19.26,19.79
QQQ,2026-09-21,2026-09-29,P,759.0,1,1,0.18140467041015623,14.6,19.89,20.5
QQQ,2026-09-21,2026-09-29,P,760.0,1,0,0.18994950683593753,19.37,20.82,21.56
QQQ,2026-09-21,2026-09-29,P,761.0,20,0,0.2048419360351562,14.64,22.11,22.78
QQQ,2026-09-21,2026-09-29,P,764.0,1,1,0.20838193969726557,19.17,24.99,25.43
QQQ,2026-09-21,2026-09-29,P,775.0,0,0,0.2759471820068359,32.47,35.75,36.55
QQQ,2026-09-21,2026-09-30,C,405.0,1,1,1.808106428222656,311.79,332.63,335.66
QQQ,2026-09-21,2026-09-30,C,410.0,1,0,1.0000000000000003e-05,259.6,309.12,313.0
QQQ,2026-09-21,2026-09-30,C,415.0,0,4,1.0000000000000003e-05,179.05,0.0,0.0
QQQ,2026-09-21,2026-09-30,C,420.0,2,3,1.776856584472656,321.81,317.63,320.86
QQQ,2026-09-21,2026-09-30,C,425.0,21,2,1.0000000000000003e-05,274.64,281.77,284.12
QQQ,2026-09-21,2026-09-30,C,430.0,14,1,1.0000000000000003e-05,250.18,287.31,290.79
QQQ,2026-09-21,2026-09-30,C,435.0,13,10,1.0000000000000003e-05,264.77,271.78,274.28
QQQ,2026-09-21,2026-09-30,C,440.0,16,10,1.0000000000000003e-05,259.71,266.81,269.2
QQQ,2026-09-21,2026-09-30,C,445.0,0,12,1.619142529296875,272.17,292.65,295.88
QQQ,2026-09-21,2026-09-30,C,450.0,47,1,1.0000000000000003e-05,265.95,270.14,274.02
QQQ,2026-09-21,2026-09-30,C,455.0,0,1,1.625001875,263.7,283.36,286.16
QQQ,2026-09-21,2026-09-30,C,460.0,0,3,1.0000000000000003e-05,249.83,0.0,0.0
QQQ,2026-09-21,2026-09-30,C,465.0,0,1,1.0000000000000003e-05,270.0,0.0,0.0
QQQ,2026-09-21,2026-09-30,C,470.0,0,1,1.0000000000000003e-05,253.9,0.0,0.0
QQQ,2026-09-21,2026-09-30,C,475.0,41,4,1.0000000000000003e-05,239.29,232.06,234.37
QQQ,2026-09-21,2026-09-30,C,480.0,0,1,1.470705771484375,230.0,258.37,261.18
QQQ,2026-09-21,2026-09-30,C,485.0,10,3,1.0000000000000003e-05,243.32,222.08,224.56
QQQ,2026-09-21,2026-09-30,C,490.0,0,14,1.4287137939453123,227.1,248.39,251.28
QQQ,2026-09-21,2026-09-30,C,495.0,16,1,1.0000000000000003e-05,233.41,212.04,214.51
QQQ,2026-09-21,2026-09-30,C,500.0,3,1,1.2924840063476561,211.5,237.66,240.91
QQQ,2026-09-21,2026-09-30,C,505.0,0,1,1.2656286718749998,210.78,232.65,235.92
QQQ,2026-09-21,2026-09-30,C,510.0,0,1,1.2500037499999999,200.35,227.66,230.98
QQQ,2026-09-21,2026-09-30,C,515.0,0,1,1.0000000000000003e-05,221.4,0.0,0.0
QQQ,2026-09-21,2026-09-30,C,520.0,1,1,1.2565955139160154,197.24,217.66,221.33
QQQ,2026-09-21,2026-09-30,C,525.0,28,27,1.1567424975585938,211.02,212.72,215.94
QQQ,2026-09-21,2026-09-30,C,530.0,1,2,1.164554958496094,190.97,207.85,211.13
QQQ,2026-09-21,2026-09-30,C,535.0,0,1,1.0000000000000003e-05,191.58,0.0,0.0
QQQ,2026-09-21,2026-09-30,C,540.0,1,1,1.1098677319335937,205.99,197.86,201.14
QQQ,2026-09-21,2026-09-30,C,545.0,2,14,0.7929708203125,176.45,194.08,196.23
QQQ,2026-09-21,2026-09-30,C,550.0,31,16,1.0229541040039063,166.51,187.74,190.96
QQQ,2026-09-21,2026-09-30,C,555.0,0,1,0.9619144433593749,164.2,182.67,185.78
QQQ,2026-09-21,2026-09-30,C,560.0,0,10,0.754885263671875,158.61,179.14,181.25
QQQ,2026-09-21,2026-09-30,C,565.0,45,3,1.0000000000000003e-05,124.91,152.69,156.18
QQQ,2026-09-21,2026-09-30,C,570.0,2,3,0.8862316064453124,146.8,167.76,170.79
QQQ,2026-09-21,2026-09-30,C,575.0,4,1,0.8623060644531251,132.79,162.77,165.8
QQQ,2026-09-21,2026-09-30,C,580.0,13,1,0.8952647192382811,136.01,158.35,161.17
QQQ,2026-09-21,2026-09-30,C,585.0,2,1,0.8698743481445312,161.82,152.78,156.18
QQQ,2026-09-21,2026-09-30,C,590.0,7,1,0.8432632861328124,149.0,148.36,151.18
QQQ,2026-09-21,2026-09-30,C,595.0,159,1,0.764650791015625,149.47,142.91,145.82
QQQ,2026-09-21,2026-09-30,C,600.0,63,31,0.5117236328125,146.71,139.18,141.0
QQQ,2026-09-21,2026-09-30,C,605.0,48,35,0.7666038964843751,134.61,132.83,136.2
QQQ,2026-09-21,2026-09-30,C,610.0,108,1,0.6926300268554688,136.0,127.87,130.84
QQQ,2026-09-21,2026-09-30,C,615.0,106,1,0.711916943359375,103.13,122.82,126.18
QQQ,2026-09-21,2026-09-30,C,620.0,135,18,0.6916534741210938,115.39,117.83,121.23
QQQ,2026-09-21,2026-09-30,C,625.0,75,23,0.6225623681640625,114.08,112.82,115.87
QQQ,2026-09-21,2026-09-30,C,630.0,262,1,0.5991251025390626,87.12,107.86,110.88
QQQ,2026-09-21,2026-09-30,C,635.0,313,1,0.5769085278320312,111.22,102.81,105.9
QQQ,2026-09-21,2026-09-30,C,640.0,560,34,0.5725140405273439,99.13,97.87,101.08
QQQ,2026-09-21,2026-09-30,C,645.0,95,1,0.5688519677734375,95.96,92.88,96.3
QQQ,2026-09-21,2026-09-30,C,650.0,798,2,0.5075732836914062,92.88,88.0,90.94
QQQ,2026-09-21,2026-09-30,C,651.0,4,3,1.0000000000000003e-05,41.28,69.32,70.39
QQQ,2026-09-21,2026-09-30,C,652.0,0,1,1.0000000000000003e-05,77.0,0.0,0.0
QQQ,2026-09-21,2026-09-30,C,653.0,13,2,1.0000000000000003e-05,46.71,67.41,68.47
QQQ,2026-09-21,2026-09-30,C,654.0,9,2,0.4897511962890626,62.5,83.9,86.96
QQQ,2026-09-21,2026-09-30,C,655.0,219,1,0.4848684326171875,62.28,82.91,85.96
QQQ,2026-09-21,2026-09-30,C,656.0,12,1,0.4809622216796875,61.29,81.91,84.97
QQQ,2026-09-21,2026-09-30,C,657.0,5,2,1.0000000000000003e-05,43.97,63.59,64.64
QQQ,2026-09-21,2026-09-30,C,658.0,5,1,0.47192910888671874,59.49,79.92,82.98
QQQ,2026-09-21,2026-09-30,C,659.0,42,6,1.0000000000000003e-05,42.46,60.16,62.74
QQQ,2026-09-21,2026-09-30,C,660.0,1333,1,0.4630180651855469,82.07,78.41,80.99
QQQ,2026-09-21,2026-09-30,C,661.0,1,1,0.4580132324218751,58.16,76.93,79.99
QQQ,2026-09-21,2026-09-30,C,662.0,58,1,0.48633326171875,49.56,75.94,79.37
QQQ,2026-09-21,2026-09-30,C,663.0,5,1,0.46533737792968755,53.97,74.94,78.18
QQQ,2026-09-21,2026-09-30,C,664.0,56,1,1.0000000000000003e-05,68.31,55.51,58.0
QQQ,2026-09-21,2026-09-30,C,665.0,715,1,0.4857229162597656,82.5,74.42,76.57
QQQ,2026-09-21,2026-09-30,C,666.0,3,1,0.4508111560058594,70.16,71.95,75.19
QQQ,2026-09-21,2026-09-30,C,667.0,9,6,0.44727115234375,40.38,70.94,74.21
QQQ,2026-09-21,2026-09-30,C,668.0,23,1,1.0000000000000003e-05,64.75,53.23,54.26
QQQ,2026-09-21,2026-09-30,C,669.0,11,1,0.4378718322753906,48.7,69.09,72.22
QQQ,2026-09-21,2026-09-30,C,670.0,308,1,0.45606012695312503,76.18,69.37,71.53
QQQ,2026-09-21,2026-09-30,C,671.0,11,3,0.41345801391601555,52.0,66.91,70.05
QQQ,2026-09-21,2026-09-30,C,672.0,76,1,0.4338435522460938,67.61,65.99,69.37
QQQ,2026-09-21,2026-09-30,C,673.0,52,1,0.41797457031249996,45.63,64.99,68.23
QQQ,2026-09-21,2026-09-30,C,674.0,28,2,0.44214425048828127,39.97,65.3,67.64
QQQ,2026-09-21,2026-09-30,C,675.0,415,10,0.4244442321777344,66.0,63.7,66.46
QQQ,2026-09-21,2026-09-30,C,676.0,21,1,0.4149228430175781,36.16,62.0,65.4
QQQ,2026-09-21,2026-09-30,C,677.0,50,10,0.4145566357421875,59.12,60.95,64.47
QQQ,2026-09-21,2026-09-30,C,678.0,87,3,0.40918559570312496,68.06,60.09,63.47
QQQ,2026-09-21,2026-09-30,C,679.0,57,10,0.3913635083007812,42.5,58.97,62.29
QQQ,2026-09-21,2026-09-30,C,680.0,692,2,0.39649041015625003,60.97,58.04,61.44
QQQ,2026-09-21,2026-09-30,C,681.0,144,3,0.38220832641601554,49.4,56.98,60.31
QQQ,2026-09-21,2026-09-30,C,682.0,100,3,0.4194393994140625,33.1,56.95,59.99
QQQ,2026-09-21,2026-09-30,C,683.0,33,12,0.38245246459960935,42.03,55.05,58.47
QQQ,2026-09-21,2026-09-30,C,684.0,103,1,0.3566958862304687,48.27,54.06,57.17
QQQ,2026-09-21,2026-09-30,C,685.0,433,4,0.36389796264648444,60.43,53.27,56.35
QQQ,2026-09-21,2026-09-30,C,686.0,143,11,0.3719545227050781,25.65,53.34,55.56
QQQ,2026-09-21,2026-09-30,C,687.0,285,250,0.34314621704101556,48.4,51.35,54.2
QQQ,2026-09-21,2026-09-30,C,688.0,35,3,0.37329728271484375,57.39,51.23,53.77
QQQ,2026-09-21,2026-09-30,C,689.0,147,5,0.36829244995117194,46.45,49.2,52.78
QQQ,2026-09-21,2026-09-30,C,690.0,2884,5,0.33081723876953123,53.97,48.08,51.25
QQQ,2026-09-21,2026-09-30,C,691.0,77,1,0.3452213916015625,46.04,47.17,50.57
QQQ,2026-09-21,2026-09-30,C,692.0,63,1,0.3327703442382813,54.23,46.24,49.45
QQQ,2026-09-21,2026-09-30,C,693.0,44,4,0.3393620751953125,25.39,45.12,48.66
QQQ,2026-09-21,2026-09-30,C,694.0,136,100,0.3236151623535155,38.6,44.28,47.48
QQQ,2026-09-21,2026-09-30,C,695.0,190,1,0.26148199462890626,47.3,42.91,45.66
QQQ,2026-09-21,2026-09-30,C,696.0,55,1,0.32581240600585937,50.73,43.41,45.72
QQQ,2026-09-21,2026-09-30,C,697.0,179,3,0.3186103295898437,32.58,41.89,44.69
QQQ,2026-09-21,2026-09-30,C,698.0,60,1,0.297736514892578,47.62,40.2,43.41
QQQ,2026-09-21,2026-09-30,C,699.0,85,1,1.0000000000000003e-05,39.03,40.32,40.77
QQQ,2026-09-21,2026-09-30,C,700.0,2682,66,1.0000000000000003e-05,40.77,39.3,40.01
QQQ,2026-09-21,2026-09-30,C,701.0,287,1,1.0000000000000003e-05,46.23,38.38,38.94
QQQ,2026-09-21,2026-09-30,C,702.0,190,15,1.0000000000000003e-05,45.75,37.41,37.97
QQQ,2026-09-21,2026-09-30,C,703.0,158,43,0.10938390625,37.17,36.45,37.05
QQQ,2026-09-21,2026-09-30,C,704.0,364,2,0.13086806640624998,42.19,35.49,36.07
QQQ,2026-09-21,2026-09-30,C,705.0,1405,1,0.132821171875,35.39,34.53,35.08
QQQ,2026-09-21,2026-09-30,C,706.0,422,1,0.1601646484375,40.19,33.57,34.2
QQQ,2026-09-21,2026-09-30,C,707.0,306,1,0.15943223388671873,38.8,32.62,33.22
QQQ,2026-09-21,2026-09-30,C,708.0,518,2,0.15210808837890627,32.41,31.67,32.2
QQQ,2026-09-21,2026-09-30,C,709.0,359,3,0.159188095703125,39.48,30.73,31.28
QQQ,2026-09-21,2026-09-30,C,710.0,10712,19,0.15943223388671873,30.1,29.79,30.32
QQQ,2026-09-21,2026-09-30,C,711.0,441,2,0.16553568847656253,29.72,28.85,29.43
QQQ,2026-09-21,2026-09-30,C,712.0,351,1,0.16748879394531252,31.66,27.93,28.51
QQQ,2026-09-21,2026-09-30,C,713.0,380,2,0.16187361572265624,28.23,27.03,27.5
QQQ,2026-09-21,2026-09-30,C,714.0,697,2,0.16297223754882814,27.75,26.15,26.58
QQQ,2026-09-21,2026-09-30,C,715.0,10696,5,0.16590189575195316,27.83,25.27,25.7
QQQ,2026-09-21,2026-09-30,C,716.0,3584,1,0.17273776489257814,27.13,24.39,24.91
QQQ,2026-09-21,2026-09-30,C,717.0,935,30,0.16358258300781253,25.73,23.49,23.84
QQQ,2026-09-21,2026-09-30,C,718.0,569,15,0.16590189575195316,23.51,22.67,22.99
QQQ,2026-09-21,2026-09-30,C,719.0,743,3,0.16834327758789067,23.53,21.8,22.16
QQQ,2026-09-21,2026-09-30,C,720.0,37567,35050,0.16309430664062502,21.85,20.84,21.17
QQQ,2026-09-21,2026-09-30,C,721.0,25115,58,0.1648643084716797,21.79,19.98,20.35
QQQ,2026-09-21,2026-09-30,C,722.0,769,155,0.1624229266357422,20.41,19.12,19.44
QQQ,2026-09-21,2026-09-30,C,723.0,957,7,0.16309430664062502,20.0,18.36,18.62
QQQ,2026-09-21,2026-09-30,C,724.0,538,21,0.16425396301269532,17.54,17.45,17.83
QQQ,2026-09-21,2026-09-30,C,725.0,21634,118,0.16108016662597657,17.51,16.68,16.93
QQQ,2026-09-21,2026-09-30,C,726.0,10175,35012,0.16022568298339845,16.1,15.9,16.11
QQQ,2026-09-21,2026-09-30,C,727.0,5590,5,0.16266706481933596,15.26,15.12,15.41
QQQ,2026-09-21,2026-09-30,C,728.0,1312,18,0.16053085571289064,15.0,14.48,14.58
QQQ,2026-09-21,2026-09-30,C,729.0,566,14,0.15888292297363282,14.17,13.7,13.78
QQQ,2026-09-21,2026-09-30,C,730.0,11295,516,0.1574180938720703,12.88,12.91,13.0
QQQ,2026-09-21,2026-09-30,C,731.0,357,9,0.15760119750976562,13.28,12.23,12.3
QQQ,2026-09-21,2026-09-30,C,732.0,1398,50,0.15674671386718753,12.63,11.5,11.58
QQQ,2026-09-21,2026-09-30,C,733.0,435,6,0.15515981567382814,11.99,10.79,10.85
QQQ,2026-09-21,2026-09-30,C,734.0,473,28,0.15479360839843753,10.46,10.13,10.19
QQQ,2026-09-21,2026-09-30,C,735.0,13649,663,0.15369498657226563,9.52,9.46,9.52
QQQ,2026-09-21,2026-09-30,C,736.0,553,86,0.1528099856567383,8.8,8.81,8.88
QQQ,2026-09-21,2026-09-30,C,737.0,352,190,0.15210808837890627,8.49,8.21,8.27
QQQ,2026-09-21,2026-09-30,C,738.0,890,253,0.1524742956542969,7.72,7.68,7.73
QQQ,2026-09-21,2026-09-30,C,739.0,380,324,0.15070429382324224,7.12,7.06,7.12
QQQ,2026-09-21,2026-09-30,C,740.0,12620,2164,0.14954463745117189,6.5,6.52,6.56
QQQ,2026-09-21,2026-09-30,C,741.0,562,813,0.14917843017578125,6.09,6.03,6.06
QQQ,2026-09-21,2026-09-30,C,742.0,955,974,0.1482629119873047,5.56,5.53,5.56
QQQ,2026-09-21,2026-09-30,C,743.0,635,546,0.14771360107421877,5.08,5.07,5.1
QQQ,2026-09-21,2026-09-30,C,744.0,813,420,0.14655394470214844,4.66,4.61,4.64
QQQ,2026-09-21,2026-09-30,C,745.0,18011,2256,0.14624877197265623,4.15,4.2,4.24
QQQ,2026-09-21,2026-09-30,C,746.0,581,262,0.14560790924072264,3.9,3.82,3.85
QQQ,2026-09-21,2026-09-30,C,747.0,6430,1326,0.14557739196777342,3.45,3.47,3.51
QQQ,2026-09-21,2026-09-30,C,748.0,757,226,0.14475342559814453,3.12,3.14,3.16
QQQ,2026-09-21,2026-09-30,C,749.0,522,201,0.14405152832031248,2.8,2.81,2.84
QQQ,2026-09-21,2026-09-30,C,750.0,8257,4792,0.143563251953125,2.57,2.53,2.55
QQQ,2026-09-21,2026-09-30,C,751.0,336,399,0.14331911376953127,2.35,2.26,2.29
QQQ,2026-09-21,2026-09-30,C,752.0,1119,1367,0.1427698028564453,2.0,2.01,2.04
QQQ,2026-09-21,2026-09-30,C,753.0,472,228,0.14185428466796873,1.81,1.77,1.8
QQQ,2026-09-21,2026-09-30,C,754.0,245,344,0.1422815264892578,1.57,1.59,1.62
QQQ,2026-09-21,2026-09-30,C,755.0,1329,263,0.14185428466796873,1.37,1.41,1.43
QQQ,2026-09-21,2026-09-30,C,756.0,395,144,0.14148807739257813,1.24,1.24,1.26
QQQ,2026-09-21,2026-09-30,C,757.0,499,212,0.141610146484375,1.09,1.09,1.12
QQQ,2026-09-21,2026-09-30,C,758.0,307,117,0.1412439392089844,1.0,0.96,0.98
QQQ,2026-09-21,2026-09-30,C,759.0,437,157,0.14063359375,0.87,0.83,0.85
QQQ,2026-09-21,2026-09-30,C,760.0,11930,2090,0.14087773193359376,0.74,0.74,0.75
QQQ,2026-09-21,2026-09-30,C,761.0,532,1556,0.14112187011718752,0.65,0.64,0.66
QQQ,2026-09-21,2026-09-30,C,762.0,380,221,0.14136600830078128,0.56,0.56,0.58
QQQ,2026-09-21,2026-09-30,C,763.0,465,294,0.141610146484375,0.48,0.48,0.51
QQQ,2026-09-21,2026-09-30,C,764.0,272,86,0.14148807739257813,0.41,0.43,0.44
QQQ,2026-09-21,2026-09-30,C,765.0,6667,158,0.14222049194335937,0.37,0.37,0.39
QQQ,2026-09-21,2026-09-30,C,766.0,571,87,0.141610146484375,0.41,0.32,0.33
QQQ,2026-09-21,2026-09-30,C,767.0,664,295,0.1430749755859375,0.44,0.28,0.3
QQQ,2026-09-21,2026-09-30,C,768.0,246,164,0.14331911376953127,0.32,0.24,0.26
QQQ,2026-09-21,2026-09-30,C,769.0,219,115,0.14405152832031248,0.28,0.21,0.23
QQQ,2026-09-21,2026-09-30,C,770.0,2481,2094,0.14429566650390624,0.21,0.18,0.2
QQQ,2026-09-21,2026-09-30,C,771.0,223,7,0.145516357421875,0.27,0.16,0.18
QQQ,2026-09-21,2026-09-30,C,772.0,3898,115,0.14649291015625,0.15,0.14,0.16
QQQ,2026-09-21,2026-09-30,C,773.0,93,39,0.14722532470703126,0.16,0.12,0.14
QQQ,2026-09-21,2026-09-30,C,774.0,270,233,0.1489342919921875,0.13,0.11,0.13
QQQ,2026-09-21,2026-09-30,C,775.0,1560,59,0.15088739746093754,0.12,0.1,0.12
QQQ,2026-09-21,2026-09-30,C,776.0,225,38,0.15235222656250003,0.12,0.09,0.11
QQQ,2026-09-21,2026-09-30,C,777.0,508,100,0.1538170556640625,0.11,0.08,0.1
QQQ,2026-09-21,2026-09-30,C,778.0,353,199,0.15479360839843753,0.2,0.07,0.09
QQQ,2026-09-21,2026-09-30,C,779.0,348,290,0.1557701611328125,0.19,0.07,0.08
QQQ,2026-09-21,2026-09-30,C,780.0,1805,86,0.159188095703125,0.08,0.06,0.08
QQQ,2026-09-21,2026-09-30,C,781.0,165,14,0.1596763720703125,0.12,0.05,0.07
QQQ,2026-09-21,2026-09-30,C,782.0,259,3,0.16309430664062502,0.19,0.05,0.07
QQQ,2026-09-21,2026-09-30,C,783.0,288,1,0.16602396484375004,0.1,0.05,0.07
QQQ,2026-09-21,2026-09-30,C,784.0,106,1,0.16602396484375004,0.03,0.04,0.06
QQQ,2026-09-21,2026-09-30,C,785.0,1184,46,0.1694418994140625,0.08,0.04,0.06
QQQ,2026-09-21,2026-09-30,C,786.0,309,18,0.17285983398437502,0.12,0.04,0.06
QQQ,2026-09-21,2026-09-30,C,787.0,131,1,0.17188328125000002,0.05,0.03,0.05
QQQ,2026-09-21,2026-09-30,C,788.0,141,3,0.174812939453125,0.02,0.03,0.05
QQQ,2026-09-21,2026-09-30,C,789.0,152,1,0.17774259765625,0.1,0.03,0.05
QQQ,2026-09-21,2026-09-30,C,790.0,1744,4,0.18116053222656248,0.09,0.03,0.05
QQQ,2026-09-21,2026-09-30,C,791.0,159,1,0.18457846679687498,0.07,0.03,0.05
QQQ,2026-09-21,2026-09-30,C,792.0,168,1,0.187508125,0.08,0.03,0.05
QQQ,2026-09-21,2026-09-30,C,793.0,64,60,0.18555501953124998,0.02,0.02,0.04
QQQ,2026-09-21,2026-09-30,C,794.0,250,65,0.188484677734375,0.1,0.02,0.04
QQQ,2026-09-21,2026-09-30,C,795.0,464,22,0.1914143359375,0.07,0.02,0.04
QQQ,2026-09-21,2026-09-30,C,796.0,153,2,0.194343994140625,0.08,0.02,0.04
QQQ,2026-09-21,2026-09-30,C,797.0,84,1,0.19727365234375,0.06,0.02,0.04
QQQ,2026-09-21,2026-09-30,C,798.0,180,10,0.20020331054687499,0.04,0.02,0.04
QQQ,2026-09-21,2026-09-30,C,799.0,285,20,0.20313296874999998,0.07,0.02,0.04
QQQ,2026-09-21,2026-09-30,C,800.0,5546,4,0.20606262695312497,0.03,0.02,0.04
QQQ,2026-09-21,2026-09-30,C,801.0,102,40,0.20899228515624996,0.01,0.02,0.04
QQQ,2026-09-21,2026-09-30,C,802.0,186,1,0.21192194335937498,0.01,0.02,0.04
QQQ,2026-09-21,2026-09-30,C,803.0,115,40,0.2148516015625,0.01,0.02,0.04
QQQ,2026-09-21,2026-09-30,C,804.0,210,660,0.21778125976562498,0.01,0.02,0.04
QQQ,2026-09-21,2026-09-30,C,805.0,501,63,0.22071091796874998,0.05,0.01,0.04
QQQ,2026-09-21,2026-09-30,C,806.0,69,16,0.22364057617187497,0.05,0.01,0.04
QQQ,2026-09-21,2026-09-30,C,807.0,139,320,0.22657023437499998,0.06,0.01,0.04
QQQ,2026-09-21,2026-09-30,C,808.0,49,760,0.229499892578125,0.02,0.01,0.04
QQQ,2026-09-21,2026-09-30,C,809.0,1254,800,0.22461712890624996,0.02,0.01,0.03
QQQ,2026-09-21,2026-09-30,C,810.0,943,720,0.22852333984375,0.04,0.01,0.03
QQQ,2026-09-21,2026-09-30,C,811.0,290,80,0.2304764453125,0.03,0.01,0.03
QQQ,2026-09-21,2026-09-30,C,812.0,48,180,0.233406103515625,0.03,0.01,0.03
QQQ,2026-09-21,2026-09-30,C,813.0,1327,1304,0.23633576171874998,0.05,0.01,0.03
QQQ,2026-09-21,2026-09-30,C,814.0,1845,880,0.23828886718749998,0.03,0.01,0.03
QQQ,2026-09-21,2026-09-30,C,815.0,845,90,0.242195078125,0.03,0.01,0.03
QQQ,2026-09-21,2026-09-30,C,816.0,1402,1,0.24414818359375,0.05,0.01,0.03
QQQ,2026-09-21,2026-09-30,C,817.0,52,100,0.24805439453125,0.01,0.01,0.03
QQQ,2026-09-21,2026-09-30,C,818.0,77,720,0.2500075,0.03,0.01,0.03
QQQ,2026-09-21,2026-09-30,C,819.0,83,65,0.25196060546875,0.04,0.01,0.03
QQQ,2026-09-21,2026-09-30,C,820.0,6350,50,0.25586681640625003,0.03,0.01,0.03
QQQ,2026-09-21,2026-09-30,C,821.0,8,3,0.257819921875,0.04,0.01,0.03
QQQ,2026-09-21,2026-09-30,C,822.0,0,1,0.12500875,0.27,0.0,0.0
QQQ,2026-09-21,2026-09-30,C,823.0,105,80,0.26367923828125,0.01,0.01,0.03
QQQ,2026-09-21,2026-09-30,C,824.0,0,80,0.26563234375,0.02,0.0,0.03
QQQ,2026-09-21,2026-09-30,C,825.0,1247,777,0.2695385546875,0.03,0.01,0.03
QQQ,2026-09-21,2026-09-30,C,826.0,2084,1459,0.27149166015625,0.03,0.01,0.03
QQQ,2026-09-21,2026-09-30,C,827.0,740,681,0.273444765625,0.04,0.01,0.03
QQQ,2026-09-21,2026-09-30,C,828.0,250,280,0.27735097656249996,0.02,0.01,0.03
QQQ,2026-09-21,2026-09-30,C,829.0,68,15,0.27930408203124996,0.04,0.01,0.03
QQQ,2026-09-21,2026-09-30,C,830.0,911,5,0.28321029296874994,0.02,0.01,0.03
QQQ,2026-09-21,2026-09-30,C,831.0,58,1,0.28516339843749994,0.05,0.01,0.03
QQQ,2026-09-21,2026-09-30,C,832.0,3,1,0.28711650390624993,0.01,0.01,0.03
QQQ,2026-09-21,2026-09-30,C,833.0,39,1,0.2910227148437499,0.05,0.01,0.03
QQQ,2026-09-21,2026-09-30,C,834.0,0,1,0.12500875,0.16,0.0,0.0
QQQ,2026-09-21,2026-09-30,C,835.0,163,25,0.29492892578124996,0.03,0.01,0.03
QQQ,2026-09-21,2026-09-30,C,836.0,83,20,0.29883513671874995,0.01,0.01,0.03
QQQ,2026-09-21,2026-09-30,C,837.0,296,200,0.3007882421875,0.02,0.01,0.03
QQQ,2026-09-21,2026-09-30,C,838.0,186,320,0.30274134765625,0.03,0.01,0.03
QQQ,2026-09-21,2026-09-30,C,839.0,523,561,0.30664755859375,0.01,0.01,0.03
QQQ,2026-09-21,2026-09-30,C,840.0,495,400,0.3086006640625,0.04,0.01,0.03
QQQ,2026-09-21,2026-09-30,C,841.0,173,160,0.31055376953124997,0.04,0.01,0.03
QQQ,2026-09-21,2026-09-30,C,842.0,56,1,0.31445998046874996,0.01,0.0,0.03
QQQ,2026-09-21,2026-09-30,C,843.0,666,2,0.31641308593749995,0.03,0.01,0.03
QQQ,2026-09-21,2026-09-30,C,844.0,0,3,0.12500875,0.08,0.0,0.0
QQQ,2026-09-21,2026-09-30,C,845.0,568,5,0.3086006640625,0.03,0.01,0.02
QQQ,2026-09-21,2026-09-30,C,846.0,0,1,0.12500875,0.19,0.0,0.0
QQQ,2026-09-21,2026-09-30,C,847.0,0,1,0.2500075,0.61,0.0,0.0
QQQ,2026-09-21,2026-09-30,C,848.0,0,1,0.2500075,0.11,0.0,0.0
QQQ,2026-09-21,2026-09-30,C,849.0,74,21,0.3320379296875,0.03,0.0,0.03
QQQ,2026-09-21,2026-09-30,C,850.0,1869,50,0.32227240234374993,0.01,0.01,0.02
QQQ,2026-09-21,2026-09-30,C,851.0,48,15,0.3242255078124999,0.02,0.0,0.02
QQQ,2026-09-21,2026-09-30,C,852.0,38,35,0.32813171874999997,0.02,0.01,0.02
QQQ,2026-09-21,2026-09-30,C,853.0,0,1,0.2500075,0.49,0.0,0.0
QQQ,2026-09-21,2026-09-30,C,854.0,0,1,0.2500075,0.13,0.0,0.0
QQQ,2026-09-21,2026-09-30,C,855.0,180,1,0.33399103515625,0.02,0.01,0.02
QQQ,2026-09-21,2026-09-30,C,856.0,31,2,0.335944140625,0.02,0.01,0.02
QQQ,2026-09-21,2026-09-30,C,857.0,75,10,0.3398503515625,0.03,0.01,0.02
QQQ,2026-09-21,2026-09-30,C,858.0,35,0,0.36524072265625,0.18,0.0,0.04
QQQ,2026-09-21,2026-09-30,C,859.0,11,10,0.367193828125,0.19,0.0,0.04
QQQ,2026-09-21,2026-09-30,C,860.0,399,1,0.34766277343749996,0.02,0.01,0.02
QQQ,2026-09-21,2026-09-30,C,861.0,19,12,0.34766277343749996,0.03,0.01,0.02
QQQ,2026-09-21,2026-09-30,C,862.0,18,2,0.40332627929687503,0.43,0.02,0.08
QQQ,2026-09-21,2026-09-30,C,863.0,39,16,0.367193828125,0.35,0.0,0.03
QQQ,2026-09-21,2026-09-30,C,864.0,11,10,0.36914693359375,0.73,0.0,0.03
QQQ,2026-09-21,2026-09-30,C,865.0,94,13,0.35938140625,0.02,0.01,0.02
QQQ,2026-09-21,2026-09-30,C,870.0,196,1,0.3711000390625,0.02,0.01,0.02
QQQ,2026-09-21,2026-09-30,C,875.0,111,5,0.38281867187499996,0.01,0.0,0.02
QQQ,2026-09-21,2026-09-30,C,880.0,180,220,0.39453730468750003,0.02,0.0,0.02
QQQ,2026-09-21,2026-09-30,C,885.0,517,120,0.4062559375,0.02,0.0,0.02
QQQ,2026-09-21,2026-09-30,C,890.0,216,1,0.41797457031249996,0.01,0.0,0.02
QQQ,2026-09-21,2026-09-30,C,895.0,0,5,0.2500075,0.12,0.0,0.0
QQQ,2026-09-21,2026-09-30,C,900.0,672,200,0.4414118359375,0.01,0.0,0.02
QQQ,2026-09-21,2026-09-30,C,905.0,25,1,0.45313046875,0.01,0.0,0.02
QQQ,2026-09-21,2026-09-30,C,910.0,0,1,0.2500075,0.09,0.0,0.0
QQQ,2026-09-21,2026-09-30,C,915.0,43,1,0.4726615234375,0.53,0.0,0.02
QQQ,2026-09-21,2026-09-30,C,920.0,225,40,0.48438015625,0.01,0.0,0.02
QQQ,2026-09-21,2026-09-30,C,925.0,69,1,0.49609878906250005,0.35,0.0,0.02
QQQ,2026-09-21,2026-09-30,C,930.0,77,1,0.507817421875,0.01,0.0,0.02
QQQ,2026-09-21,2026-09-30,C,935.0,0,13,0.2500075,0.06,0.0,0.0
QQQ,2026-09-21,2026-09-30,C,940.0,0,1,0.2500075,0.03,0.0,0.0
QQQ,2026-09-21,2026-09-30,C,945.0,0,1,0.2500075,0.03,0.0,0.0
QQQ,2026-09-21,2026-09-30,C,950.0,8123,2,0.51562984375,0.02,0.0,0.02
QQQ,2026-09-21,2026-09-30,P,405.0,6051,1,1.21875390625,0.02,0.0,0.02
QQQ,2026-09-21,2026-09-30,P,410.0,2093,480,1.1875040625,0.03,0.0,0.02
QQQ,2026-09-21,2026-09-30,P,415.0,985,560,1.171879140625,0.03,0.0,0.02
QQQ,2026-09-21,2026-09-30,P,420.0,2030,880,1.140629296875,0.02,0.0,0.02
QQQ,2026-09-21,2026-09-30,P,425.0,4404,961,1.125004375,0.01,0.0,0.02
QQQ,2026-09-21,2026-09-30,P,430.0,670,640,1.09375453125,0.01,0.0,0.02
QQQ,2026-09-21,2026-09-30,P,435.0,365,1840,1.0781296093750001,0.01,0.0,0.02
QQQ,2026-09-21,2026-09-30,P,440.0,605,81,1.0468797656250002,0.01,0.0,0.02
QQQ,2026-09-21,2026-09-30,P,445.0,462,1261,1.0312548437500002,0.01,0.0,0.02
QQQ,2026-09-21,2026-09-30,P,450.0,925,1,0.9687503125,0.02,0.0,0.01
QQQ,2026-09-21,2026-09-30,P,455.0,571,882,0.98437515625,0.03,0.0,0.02
QQQ,2026-09-21,2026-09-30,P,460.0,637,502,0.9687503125,0.02,0.0,0.02
QQQ,2026-09-21,2026-09-30,P,465.0,588,660,0.9531254687499999,0.01,0.0,0.02
QQQ,2026-09-21,2026-09-30,P,470.0,1246,735,0.92187578125,0.02,0.0,0.02
QQQ,2026-09-21,2026-09-30,P,475.0,729,2,0.9062509375,0.01,0.0,0.02
QQQ,2026-09-21,2026-09-30,P,480.0,1522,240,0.8906260937499999,0.02,0.0,0.02
QQQ,2026-09-21,2026-09-30,P,485.0,482,14,0.8906260937499999,0.01,0.01,0.02
QQQ,2026-09-21,2026-09-30,P,490.0,512,80,0.87500125,0.02,0.01,0.02
QQQ,2026-09-21,2026-09-30,P,495.0,719,20,0.851563984375,0.01,0.01,0.02
QQQ,2026-09-21,2026-09-30,P,500.0,3335,6,0.8359391406249999,0.01,0.01,0.02
QQQ,2026-09-21,2026-09-30,P,505.0,495,960,0.789064609375,0.01,0.0,0.02
QQQ,2026-09-21,2026-09-30,P,510.0,553,1280,0.79687703125,0.01,0.01,0.02
QQQ,2026-09-21,2026-09-30,P,515.0,278,1217,0.773439765625,0.01,0.01,0.02
QQQ,2026-09-21,2026-09-30,P,520.0,8055,1120,0.773439765625,0.01,0.01,0.03
QQQ,2026-09-21,2026-09-30,P,525.0,707,2,0.710940390625,0.02,0.0,0.02
QQQ,2026-09-21,2026-09-30,P,530.0,2229,440,0.73437765625,0.01,0.01,0.03
QQQ,2026-09-21,2026-09-30,P,535.0,841,140,0.7148466015625,0.02,0.01,0.03
QQQ,2026-09-21,2026-09-30,P,540.0,4210,2,0.6796907031250001,0.01,0.01,0.02
QQQ,2026-09-21,2026-09-30,P,545.0,1191,3,0.6757844921875001,0.02,0.01,0.03
QQQ,2026-09-21,2026-09-30,P,550.0,2080,184,0.6562534375000001,0.02,0.01,0.03
QQQ,2026-09-21,2026-09-30,P,555.0,5662,52,0.64062859375,0.02,0.01,0.03
QQQ,2026-09-21,2026-09-30,P,560.0,696,2,0.6210975390625001,0.01,0.01,0.03
QQQ,2026-09-21,2026-09-30,P,565.0,2804,711,0.6015664843750002,0.02,0.01,0.03
QQQ,2026-09-21,2026-09-30,P,570.0,1539,244,0.585941640625,0.02,0.01,0.03
QQQ,2026-09-21,2026-09-30,P,575.0,6150,1,0.5664105859375,0.02,0.01,0.03
QQQ,2026-09-21,2026-09-30,P,580.0,1367,10,0.5468795312500001,0.02,0.01,0.03
QQQ,2026-09-21,2026-09-30,P,585.0,711,560,0.5312546875,0.03,0.01,0.03
QQQ,2026-09-21,2026-09-30,P,590.0,1199,6,0.5117236328125,0.01,0.01,0.03
QQQ,2026-09-21,2026-09-30,P,595.0,469,80,0.5117236328125,0.02,0.01,0.03
QQQ,2026-09-21,2026-09-30,P,600.0,16173,101,0.49609878906250005,0.02,0.02,0.03
QQQ,2026-09-21,2026-09-30,P,605.0,1501,21,0.476567734375,0.01,0.02,0.03
QQQ,2026-09-21,2026-09-30,P,610.0,4783,1046,0.4726615234375,0.03,0.02,0.04
QQQ,2026-09-21,2026-09-30,P,615.0,673,40,0.45313046875,0.04,0.02,0.04
QQQ,2026-09-21,2026-09-30,P,620.0,2370,42,0.43555251953125,0.02,0.03,0.04
QQQ,2026-09-21,2026-09-30,P,625.0,2174,45,0.42774009765625004,0.05,0.03,0.05
QQQ,2026-09-21,2026-09-30,P,630.0,1568,13,0.40820904296875,0.04,0.04,0.05
QQQ,2026-09-21,2026-09-30,P,635.0,1367,10,0.398443515625,0.05,0.05,0.06
QQQ,2026-09-21,2026-09-30,P,640.0,7587,4,0.38672488281249995,0.07,0.05,0.07
QQQ,2026-09-21,2026-09-30,P,645.0,1654,4,0.37305314453125,0.09,0.07,0.08
QQQ,2026-09-21,2026-09-30,P,650.0,25877,767,0.35938140625,0.08,0.08,0.09
QQQ,2026-09-21,2026-09-30,P,651.0,252,11,0.35547519531249994,0.1,0.08,0.09
QQQ,2026-09-21,2026-09-30,P,652.0,122,36,0.35645174804687496,0.1,0.08,0.1
QQQ,2026-09-21,2026-09-30,P,653.0,99,6,0.352545537109375,0.09,0.09,0.1
QQQ,2026-09-21,2026-09-30,P,654.0,55,3,0.348639326171875,0.17,0.09,0.1
QQQ,2026-09-21,2026-09-30,P,655.0,1740,24,0.3452213916015625,0.08,0.09,0.1
QQQ,2026-09-21,2026-09-30,P,656.0,96,1,0.34570966796874997,0.08,0.09,0.11
QQQ,2026-09-21,2026-09-30,P,657.0,220,3,0.34180345703125,0.09,0.1,0.11
QQQ,2026-09-21,2026-09-30,P,658.0,132,2,0.33789724609375,0.1,0.1,0.11
QQQ,2026-09-21,2026-09-30,P,659.0,101,4,0.33740896972656254,0.09,0.11,0.12
QQQ,2026-09-21,2026-09-30,P,660.0,8584,308,0.33399103515625,0.11,0.1,0.12
QQQ,2026-09-21,2026-09-30,P,661.0,158,3,0.33008482421874996,0.57,0.11,0.12
QQQ,2026-09-21,2026-09-30,P,662.0,143,1,0.32910827148437494,0.13,0.11,0.13
QQQ,2026-09-21,2026-09-30,P,663.0,132,2,0.32520206054687495,0.11,0.12,0.13
QQQ,2026-09-21,2026-09-30,P,664.0,169,2001,0.32471378417968744,0.11,0.13,0.14
QQQ,2026-09-21,2026-09-30,P,665.0,4693,428,0.32080757324218745,0.12,0.12,0.14
QQQ,2026-09-21,2026-09-30,P,666.0,259,4850,0.31690136230468746,0.13,0.13,0.14
QQQ,2026-09-21,2026-09-30,P,667.0,309,1002,0.3154365332031249,0.12,0.14,0.15
QQQ,2026-09-21,2026-09-30,P,668.0,191,13,0.31445998046874996,0.14,0.14,0.16
QQQ,2026-09-21,2026-09-30,P,669.0,473,1,0.31055376953124997,0.18,0.14,0.16
QQQ,2026-09-21,2026-09-30,P,670.0,3868,121,0.3090889404296875,0.14,0.15,0.17
QQQ,2026-09-21,2026-09-30,P,671.0,182,3,0.3051827294921875,0.15,0.15,0.17
QQQ,2026-09-21,2026-09-30,P,672.0,232,5,0.30371790039062496,0.14,0.16,0.18
QQQ,2026-09-21,2026-09-30,P,673.0,152,3,0.29932341308593746,0.15,0.17,0.18
QQQ,2026-09-21,2026-09-30,P,674.0,141,2,0.2978585839843749,0.21,0.17,0.19
QQQ,2026-09-21,2026-09-30,P,675.0,10965,251,0.2934640966796874,0.15,0.18,0.19
QQQ,2026-09-21,2026-09-30,P,676.0,21340,3,0.29175512939453113,0.22,0.18,0.2
QQQ,2026-09-21,2026-09-30,P,677.0,1079,76,0.2898020239257812,0.16,0.19,0.21
QQQ,2026-09-21,2026-09-30,P,678.0,188,32,0.28565167480468745,0.24,0.19,0.21
QQQ,2026-09-21,2026-09-30,P,679.0,154,5,0.2836985693359374,0.18,0.21,0.22
QQQ,2026-09-21,2026-09-30,P,680.0,21697,231,0.28321029296874994,0.21,0.22,0.24
QQQ,2026-09-21,2026-09-30,P,681.0,14365,19,0.2788158056640625,0.38,0.22,0.24
QQQ,2026-09-21,2026-09-30,P,682.0,1966,30,0.27637442382812494,0.25,0.23,0.25
QQQ,2026-09-21,2026-09-30,P,683.0,606,43,0.2739330419921875,0.28,0.24,0.26
QQQ,2026-09-21,2026-09-30,P,684.0,406,4,0.27149166015625,0.26,0.26,0.27
QQQ,2026-09-21,2026-09-30,P,685.0,9095,23,0.2688061401367187,0.21,0.26,0.28
QQQ,2026-09-21,2026-09-30,P,686.0,286,66,0.2661206201171875,0.22,0.27,0.29
QQQ,2026-09-21,2026-09-30,P,687.0,14567,38,0.26319096191406255,0.24,0.29,0.3
QQQ,2026-09-21,2026-09-30,P,688.0,435,766,0.2617261328125,0.24,0.3,0.32
QQQ,2026-09-21,2026-09-30,P,689.0,152,27,0.25879647460937505,0.31,0.32,0.33
QQQ,2026-09-21,2026-09-30,P,690.0,27835,863,0.2556226782226563,0.31,0.32,0.34
QQQ,2026-09-21,2026-09-30,P,691.0,650,266,0.25391371093750004,0.26,0.34,0.36
QQQ,2026-09-21,2026-09-30,P,692.0,286,11,0.25049577636718745,0.27,0.35,0.37
QQQ,2026-09-21,2026-09-30,P,693.0,173,71,0.24732197998046873,0.34,0.37,0.38
QQQ,2026-09-21,2026-09-30,P,694.0,236,75,0.24634542724609376,0.37,0.39,0.41
QQQ,2026-09-21,2026-09-30,P,695.0,27409,632,0.24390404541015626,0.39,0.41,0.43
QQQ,2026-09-21,2026-09-30,P,696.0,2877,152,0.24146266357421875,0.4,0.43,0.45
QQQ,2026-09-21,2026-09-30,P,697.0,514,129,0.2387771435546875,0.35,0.45,0.47
QQQ,2026-09-21,2026-09-30,P,698.0,807,59,0.23609162353515623,0.45,0.47,0.49
QQQ,2026-09-21,2026-09-30,P,699.0,526,33,0.23413851806640623,0.42,0.5,0.52
QQQ,2026-09-21,2026-09-30,P,700.0,29598,11891,0.23218541259765624,0.53,0.52,0.55
QQQ,2026-09-21,2026-09-30,P,701.0,508,60,0.2299881689453125,0.45,0.55,0.58
QQQ,2026-09-21,2026-09-30,P,702.0,587,65,0.2268143725585937,0.41,0.58,0.6
QQQ,2026-09-21,2026-09-30,P,703.0,443,134,0.22510540527343748,0.56,0.62,0.64
QQQ,2026-09-21,2026-09-30,P,704.0,429,119,0.22315229980468748,0.57,0.66,0.68
QQQ,2026-09-21,2026-09-30,P,705.0,27415,11801,0.22034471069335934,0.66,0.7,0.71
QQQ,2026-09-21,2026-09-30,P,706.0,542,273,0.2180253979492187,0.72,0.73,0.75
QQQ,2026-09-21,2026-09-30,P,707.0,1308,304,0.21558401611328126,0.72,0.76,0.79
QQQ,2026-09-21,2026-09-30,P,708.0,391,122,0.2142412561035156,0.82,0.82,0.85
QQQ,2026-09-21,2026-09-30,P,709.0,1642,153,0.21204401245117185,0.82,0.88,0.9
QQQ,2026-09-21,2026-09-30,P,710.0,9928,1719,0.20972469970703123,0.95,0.93,0.95
QQQ,2026-09-21,2026-09-30,P,711.0,1884,576,0.20764952514648435,0.74,0.99,1.01
QQQ,2026-09-21,2026-09-30,P,712.0,678,107,0.2059405578613281,1.1,1.07,1.08
QQQ,2026-09-21,2026-09-30,P,713.0,933,83,0.20447572875976558,1.04,1.14,1.16
QQQ,2026-09-21,2026-09-30,P,714.0,1756,130,0.20276676147460934,1.27,1.22,1.24
QQQ,2026-09-21,2026-09-30,P,715.0,3270,6100,0.2016681396484375,1.32,1.31,1.34
QQQ,2026-09-21,2026-09-30,P,716.0,3864,125,0.19898261962890623,1.37,1.38,1.41
QQQ,2026-09-21,2026-09-30,P,717.0,1316,133,0.19690744506835936,1.41,1.48,1.5
QQQ,2026-09-21,2026-09-30,P,718.0,1674,293,0.1950153741455078,1.61,1.59,1.6
QQQ,2026-09-21,2026-09-30,P,719.0,662,224,0.19324537231445313,1.5,1.69,1.71
QQQ,2026-09-21,2026-09-30,P,720.0,49584,6551,0.1915364050292969,1.74,1.81,1.83
QQQ,2026-09-21,2026-09-30,P,721.0,429,125,0.1902546795654297,1.65,1.95,1.97
QQQ,2026-09-21,2026-09-30,P,722.0,447,255,0.1889729541015625,1.97,2.1,2.12
QQQ,2026-09-21,2026-09-30,P,723.0,537,260,0.1873250213623047,2.06,2.25,2.27
QQQ,2026-09-21,2026-09-30,P,724.0,355,163,0.18537191589355467,2.45,2.39,2.42
QQQ,2026-09-21,2026-09-30,P,725.0,3370,1651,0.18402915588378904,2.55,2.57,2.6
QQQ,2026-09-21,2026-09-30,P,726.0,375,281,0.18262536132812499,2.81,2.76,2.79
QQQ,2026-09-21,2026-09-30,P,727.0,970,107,0.18177087768554687,3.06,2.98,3.01
QQQ,2026-09-21,2026-09-30,P,728.0,319,136,0.1801839794921875,3.28,3.19,3.22
QQQ,2026-09-21,2026-09-30,P,729.0,385,380,0.17847501220703127,3.48,3.41,3.44
QQQ,2026-09-21,2026-09-30,P,730.0,50144,3910,0.17719328674316404,3.73,3.67,3.69
QQQ,2026-09-21,2026-09-30,P,731.0,354,196,0.1757894921875,4.05,3.91,3.95
QQQ,2026-09-21,2026-09-30,P,732.0,514,364,0.17524018127441404,4.29,4.22,4.26
QQQ,2026-09-21,2026-09-30,P,733.0,381,249,0.17322604125976562,4.53,4.49,4.53
QQQ,2026-09-21,2026-09-30,P,734.0,571,89,0.17206638488769532,4.45,4.81,4.85
QQQ,2026-09-21,2026-09-30,P,735.0,7546,795,0.17136448760986328,5.2,5.18,5.21
QQQ,2026-09-21,2026-09-30,P,736.0,404,213,0.17115086669921875,5.55,5.57,5.61
QQQ,2026-09-21,2026-09-30,P,737.0,340,315,0.16974707214355472,5.83,5.94,5.98
QQQ,2026-09-21,2026-09-30,P,738.0,201,318,0.16816017395019534,6.47,6.33,6.36
QQQ,2026-09-21,2026-09-30,P,739.0,117,578,0.16834327758789067,6.84,6.78,6.84
QQQ,2026-09-21,2026-09-30,P,740.0,1132,3050,0.1664512066650391,7.3,7.21,7.25
QQQ,2026-09-21,2026-09-30,P,741.0,160,1368,0.16700051757812504,7.6,7.74,7.79
QQQ,2026-09-21,2026-09-30,P,742.0,174,750,0.16617655120849611,8.25,8.23,8.29
QQQ,2026-09-21,2026-09-30,P,743.0,119,442,0.16553568847656253,8.63,8.76,8.82
QQQ,2026-09-21,2026-09-30,P,744.0,588,597,0.16529155029296877,9.35,9.32,9.39
QQQ,2026-09-21,2026-09-30,P,745.0,1335,708,0.16431499755859375,9.78,9.89,9.95
QQQ,2026-09-21,2026-09-30,P,746.0,639,298,0.16468120483398438,10.58,10.51,10.59
QQQ,2026-09-21,2026-09-30,P,747.0,433,175,0.16535258483886722,11.07,11.2,11.26
QQQ,2026-09-21,2026-09-30,P,748.0,250,53,0.1650168948364258,11.52,11.62,11.91
QQQ,2026-09-21,2026-09-30,P,749.0,33,29,0.16468120483398438,11.04,12.31,12.58
QQQ,2026-09-21,2026-09-30,P,750.0,551,306,0.16462017028808595,12.5,13.02,13.28
QQQ,2026-09-21,2026-09-30,P,751.0,70,17,0.17212741943359378,11.11,13.79,14.28
QQQ,2026-09-21,2026-09-30,P,752.0,23,22,0.16651224121093755,13.62,14.52,14.81
QQQ,2026-09-21,2026-09-30,P,753.0,5,9,0.16754982849121097,12.03,15.3,15.6
QQQ,2026-09-21,2026-09-30,P,754.0,4,2,0.16846534667968754,11.94,16.2,16.4
QQQ,2026-09-21,2026-09-30,P,755.0,75,32,0.17389742126464847,16.28,16.93,17.36
QQQ,2026-09-21,2026-09-30,P,756.0,24,2,0.17603363037109376,14.85,17.79,18.22
QQQ,2026-09-21,2026-09-30,P,757.0,2,5,0.1804891522216797,12.18,18.65,19.16
QQQ,2026-09-21,2026-09-30,P,758.0,4,0,0.18274743041992186,13.03,19.53,20.04
QQQ,2026-09-21,2026-09-30,P,760.0,24,98,0.186531572265625,21.9,21.34,21.8
QQQ,2026-09-21,2026-09-30,P,761.0,5,8,0.1945270977783203,20.5,22.26,22.86
QQQ,2026-09-21,2026-09-30,P,762.0,7,5,0.19702951416015624,15.63,23.2,23.77
QQQ,2026-09-21,2026-09-30,P,763.0,3,1,0.20093572509765623,18.7,24.29,24.72
QQQ,2026-09-21,2026-09-30,P,765.0,11,4,0.20618469604492184,23.14,26.09,26.57
QQQ,2026-09-21,2026-09-30,P,766.0,0,0,0.21326470336914063,56.6,27.06,27.61
QQQ,2026-09-21,2026-09-30,P,767.0,1,0,0.215828154296875,50.4,28.06,28.54
QQQ,2026-09-21,2026-09-30,P,769.0,0,1,0.7691978646850587,80.8,48.88,52.44
QQQ,2026-09-21,2026-09-30,P,770.0,11,7,0.23090368713378906,24.75,31.04,31.52
QQQ,2026-09-21,2026-09-30,P,771.0,2,1,0.22888954711914064,26.2,32.0,32.36
QQQ,2026-09-21,2026-09-30,P,772.0,1,0,0.24402611450195313,26.52,33.04,33.58
QQQ,2026-09-21,2026-09-30,P,773.0,0,8,1.0000000000000003e-05,54.9,0.0,0.0
QQQ,2026-09-21,2026-09-30,P,774.0,2,2,0.2515943981933594,31.61,35.04,35.52
QQQ,2026-09-21,2026-09-30,P,775.0,54,125,0.2600171655273438,32.66,36.04,36.59
QQQ,2026-09-21,2026-09-30,P,776.0,4,0,0.31500929138183587,33.49,35.7,38.8
QQQ,2026-09-21,2026-09-30,P,777.0,1,0,0.3178779150390625,34.5,36.51,39.73
QQQ,2026-09-21,2026-09-30,P,778.0,3,0,0.32343205871582026,36.17,37.7,40.73
QQQ,2026-09-21,2026-09-30,P,779.0,0,2,0.32813171874999997,36.44,38.7,41.71
QQQ,2026-09-21,2026-09-30,P,780.0,0,1,0.3343572424316406,41.5,39.7,42.73
QQQ,2026-09-21,2026-09-30,P,782.0,0,0,1.1524700579833984,72.19,74.14,76.63
QQQ,2026-09-21,2026-09-30,P,783.0,0,0,1.0000000000000003e-05,65.98,0.0,0.0
QQQ,2026-09-21,2026-09-30,P,784.0,0,1,1.169407229156494,78.74,76.19,78.66
QQQ,2026-09-21,2026-09-30,P,785.0,0,1,1.0000000000000003e-05,63.85,0.0,0.0
QQQ,2026-09-21,2026-09-30,P,789.0,0,0,1.208683155822754,79.23,81.19,83.66
QQQ,2026-09-21,2026-09-30,P,790.0,5,1,0.387152124633789,85.0,49.69,52.73
QQQ,2026-09-21,2026-09-30,P,791.0,0,0,0.3952697192382813,82.33,50.69,53.8
QQQ,2026-09-21,2026-09-30,P,792.0,0,1,1.230991393890381,81.94,84.14,86.64
QQQ,2026-09-21,2026-09-30,P,795.0,0,1,1.0000000000000003e-05,64.65,0.0,0.0
QQQ,2026-09-21,2026-09-30,P,797.0,0,1,1.2696569720458981,105.96,89.19,91.66
QQQ,2026-09-21,2026-09-30,P,800.0,1,2,0.43744459045410156,91.0,59.7,62.73
QQQ,2026-09-21,2026-09-30,P,801.0,0,1,0.442388388671875,84.78,60.7,63.73
QQQ,2026-09-21,2026-09-30,P,805.0,0,2,1.3299594049072263,84.76,97.24,99.73
QQQ,2026-09-21,2026-09-30,P,806.0,0,0,1.0000000000000003e-05,73.51,0.0,0.0
QQQ,2026-09-21,2026-09-30,P,809.0,0,0,1.0610398510742187,144.92,88.78,92.29
QQQ,2026-09-21,2026-09-30,P,810.0,0,4,1.0000000000000003e-05,93.3,0.0,0.0
QQQ,2026-09-21,2026-09-30,P,815.0,0,80,1.3996612048339845,100.1,107.14,109.73
QQQ,2026-09-21,2026-09-30,P,819.0,0,5,1.0000000000000003e-05,101.19,0.0,0.0
QQQ,2026-09-21,2026-09-30,P,820.0,0,12,0.532109171142578,101.78,79.69,82.73
QQQ,2026-09-21,2026-09-30,P,821.0,0,4,0.5549971258544923,102.8,80.69,84.1
QQQ,2026-09-21,2026-09-30,P,822.0,0,0,1.0000000000000003e-05,97.27,0.0,0.0
QQQ,2026-09-21,2026-09-30,P,825.0,0,2,1.46875265625,102.58,117.35,119.59
QQQ,2026-09-21,2026-09-30,P,830.0,0,2,1.5000025,106.35,122.14,124.64
QQQ,2026-09-21,2026-09-30,P,831.0,0,41,1.0000000000000003e-05,106.27,0.0,0.0
QQQ,2026-09-21,2026-09-30,P,833.0,0,0,1.0000000000000003e-05,109.11,0.0,0.0
QQQ,2026-09-21,2026-09-30,P,835.0,0,106,1.8703009414672853,99.4,140.37,144.11
QQQ,2026-09-21,2026-09-30,P,840.0,1,1,0.5300339965820313,132.92,99.69,102.99
QQQ,2026-09-21,2026-09-30,P,841.0,0,1,0.5366257275390626,133.94,100.64,104.11
QQQ,2026-09-21,2026-09-30,P,842.0,0,0,1.0000000000000003e-05,118.11,0.0,0.0
QQQ,2026-09-21,2026-09-30,P,843.0,0,0,1.0000000000000003e-05,118.27,0.0,0.0
QQQ,2026-09-21,2026-09-30,P,845.0,0,49,1.8884893270874024,109.69,148.33,152.14
QQQ,2026-09-21,2026-09-30,P,848.0,0,0,1.0000000000000003e-05,123.27,0.0,0.0
QQQ,2026-09-21,2026-09-30,P,850.0,2,2,0.5695843823242188,102.43,109.69,113.02
QQQ,2026-09-21,2026-09-30,P,851.0,0,0,0.5754436987304687,103.45,110.69,114.07
QQQ,2026-09-21,2026-09-30,P,853.0,0,0,1.0000000000000003e-05,129.11,0.0,0.0
QQQ,2026-09-21,2026-09-30,P,855.0,0,2,1.9736634617614748,118.72,160.05,162.14
QQQ,2026-09-21,2026-09-30,P,860.0,0,8,2.004430037765503,121.72,164.99,167.14
QQQ,2026-09-21,2026-09-30,P,865.0,0,2,2.0372973872375493,128.17,170.14,172.14
QQQ,2026-09-21,2026-09-30,P,890.0,0,0,2.2134444078063957,173.9,195.37,199.09
QQQ,2026-09-21,2026-09-30,P,935.0,0,0,1.7788096997070313,247.64,215.51,219.14
QQQ,2026-09-21,2026-09-30,P,950.0,0,1,0.9030771411132812,230.7,209.52,213.07
QQQ,2026-09-21,2026-10-01,C,610.0,0,0,0.6899445068359377,135.05,127.5,131.13
QQQ,2026-09-21,2026-10-01,C,640.0,30,0,0.5534712622070312,77.28,97.59,101.22
QQQ,2026-09-21,2026-10-01,C,645.0,30,0,0.5217332983398437,72.32,92.58,96.14
QQQ,2026-09-21,2026-10-01,C,650.0,1,0,0.5004932763671875,93.25,87.6,91.17
QQQ,2026-09-21,2026-10-01,C,675.0,1,0,0.39282833740234374,41.78,62.99,66.35
QQQ,2026-09-21,2026-10-01,C,680.0,2,1,0.37756970092773434,63.45,57.91,61.5
QQQ,2026-09-21,2026-10-01,C,687.0,5,0,0.34265794067382804,48.54,50.91,54.51
QQQ,2026-09-21,2026-10-01,C,689.0,5,0,0.33411310424804685,46.64,49.0,52.54
QQQ,2026-09-21,2026-10-01,C,690.0,2,2,0.33667655517578127,50.43,48.19,51.68
QQQ,2026-09-21,2026-10-01,C,691.0,3,0,0.32605654418945307,56.28,46.98,50.58
QQQ,2026-09-21,2026-10-01,C,695.0,19,20,0.3237372314453124,51.3,43.18,46.95
QQQ,2026-09-21,2026-10-01,C,700.0,2,0,0.3023751403808594,19.22,39.88,42.08
QQQ,2026-09-21,2026-10-01,C,705.0,4,1,0.27417718017578124,39.16,34.73,37.07
QQQ,2026-09-21,2026-10-01,C,708.0,0,0,0.26392337646484376,39.5,32.11,34.24
QQQ,2026-09-21,2026-10-01,C,709.0,2,0,0.2608716491699219,36.65,31.09,33.31
QQQ,2026-09-21,2026-10-01,C,710.0,29,5,0.2004474487304687,36.69,30.44,31.05
QQQ,2026-09-21,2026-10-01,C,711.0,0,1,0.20191227783203125,21.63,29.52,30.18
QQQ,2026-09-21,2026-10-01,C,712.0,2,1,0.1828694995117187,31.15,28.46,28.91
QQQ,2026-09-21,2026-10-01,C,713.0,0,7,0.18262536132812499,21.04,27.41,28.0
QQQ,2026-09-21,2026-10-01,C,714.0,0,1,0.24402611450195313,24.46,26.51,28.67
QQQ,2026-09-21,2026-10-01,C,715.0,214,2,0.18677571044921876,33.91,25.93,26.31
QQQ,2026-09-21,2026-10-01,C,716.0,23,2,0.23859403991699218,25.65,24.73,26.88
QQQ,2026-09-21,2026-10-01,C,717.0,107,6,0.19001054138183598,24.97,24.19,24.66
QQQ,2026-09-21,2026-10-01,C,718.0,37,21,0.17932949584960936,24.28,23.09,23.53
QQQ,2026-09-21,2026-10-01,C,719.0,46,9,0.1789022540283203,22.67,22.4,22.67
QQQ,2026-09-21,2026-10-01,C,720.0,343,11,0.1774374249267578,23.11,21.38,21.79
QQQ,2026-09-21,2026-10-01,C,721.0,33,4,0.18238122314453126,21.46,20.71,21.11
QQQ,2026-09-21,2026-10-01,C,722.0,41,30,0.1749350085449219,20.25,19.84,20.07
QQQ,2026-09-21,2026-10-01,C,723.0,17,21,0.17383638671875,19.43,18.86,19.23
QQQ,2026-09-21,2026-10-01,C,724.0,19,12,0.178719150390625,18.9,18.19,18.6
QQQ,2026-09-21,2026-10-01,C,725.0,1243,16,0.17585052673339846,18.27,17.25,17.73
QQQ,2026-09-21,2026-10-01,C,726.0,33,14,0.1725241439819336,16.93,16.36,16.85
QQQ,2026-09-21,2026-10-01,C,727.0,139,12,0.17060155578613284,15.96,15.91,16.03
QQQ,2026-09-21,2026-10-01,C,728.0,32,8,0.16858741577148442,15.53,15.12,15.22
QQQ,2026-09-21,2026-10-01,C,729.0,285,21,0.16828224304199224,14.76,14.39,14.49
QQQ,2026-09-21,2026-10-01,C,730.0,1790,88,0.1680991394042969,13.74,13.67,13.78
QQQ,2026-09-21,2026-10-01,C,731.0,70,21,0.16724465576171876,13.31,12.96,13.06
QQQ,2026-09-21,2026-10-01,C,732.0,242,17,0.16477275665283203,12.88,12.18,12.29
QQQ,2026-09-21,2026-10-01,C,733.0,138,12,0.16407085937500002,11.66,11.51,11.61
QQQ,2026-09-21,2026-10-01,C,734.0,80,25,0.16315534118652347,12.24,10.85,10.94
QQQ,2026-09-21,2026-10-01,C,735.0,693,133,0.16205671936035154,10.42,10.19,10.28
QQQ,2026-09-21,2026-10-01,C,736.0,118,29,0.16162947753906248,9.86,9.56,9.67
QQQ,2026-09-21,2026-10-01,C,737.0,50,34,0.1609580975341797,8.97,8.98,9.07
QQQ,2026-09-21,2026-10-01,C,738.0,111,155,0.15943223388671873,8.51,8.38,8.45
QQQ,2026-09-21,2026-10-01,C,739.0,707,198,0.1583030947875977,8.22,7.82,7.87
QQQ,2026-09-21,2026-10-01,C,740.0,3724,327,0.1573570593261719,7.12,7.27,7.32
QQQ,2026-09-21,2026-10-01,C,741.0,78,171,0.1568382656860352,7.15,6.76,6.81
QQQ,2026-09-21,2026-10-01,C,742.0,75,111,0.15561757476806642,6.43,6.23,6.29
QQQ,2026-09-21,2026-10-01,C,743.0,43,262,0.15497671203613284,5.69,5.77,5.82
QQQ,2026-09-21,2026-10-01,C,744.0,72,45,0.1540917111206055,5.45,5.32,5.36
QQQ,2026-09-21,2026-10-01,C,745.0,440,327,0.15293205474853522,4.78,4.87,4.91
QQQ,2026-09-21,2026-10-01,C,746.0,188,289,0.15235222656250003,4.77,4.47,4.51
QQQ,2026-09-21,2026-10-01,C,747.0,100,76,0.15174188110351564,4.15,4.09,4.13
QQQ,2026-09-21,2026-10-01,C,748.0,58,122,0.15088739746093754,3.82,3.73,3.76
QQQ,2026-09-21,2026-10-01,C,749.0,65,10,0.15067377655029301,3.99,3.41,3.44
QQQ,2026-09-21,2026-10-01,C,750.0,557,280,0.14972774108886722,3.25,3.1,3.11
QQQ,2026-09-21,2026-10-01,C,751.0,147,68,0.1492394647216797,3.0,2.79,2.82
QQQ,2026-09-21,2026-10-01,C,752.0,63,84,0.14820187744140628,2.52,2.51,2.53
QQQ,2026-09-21,2026-10-01,C,753.0,85,18,0.14801877380371098,2.97,2.26,2.29
QQQ,2026-09-21,2026-10-01,C,754.0,115,59,0.1472863592529297,2.03,2.04,2.05
QQQ,2026-09-21,2026-10-01,C,755.0,313,195,0.14661497924804687,1.79,1.81,1.83
QQQ,2026-09-21,2026-10-01,C,756.0,117,18,0.1466760137939453,1.65,1.63,1.65
QQQ,2026-09-21,2026-10-01,C,757.0,54,43,0.1458825646972656,1.58,1.44,1.46
QQQ,2026-09-21,2026-10-01,C,758.0,146,24,0.14594359924316402,1.45,1.28,1.31
QQQ,2026-09-21,2026-10-01,C,759.0,40,58,0.1447229083251953,1.28,1.12,1.14
QQQ,2026-09-21,2026-10-01,C,760.0,929,122,0.14576049560546872,1.0,1.01,1.04
QQQ,2026-09-21,2026-10-01,C,761.0,9,11,0.14508911560058596,0.9,0.9,0.91
QQQ,2026-09-21,2026-10-01,C,762.0,16,47,0.1447229083251953,0.87,0.79,0.8
QQQ,2026-09-21,2026-10-01,C,763.0,15,144,0.1448449774169922,0.7,0.69,0.71
QQQ,2026-09-21,2026-10-01,C,764.0,21,29,0.14447877014160154,0.94,0.61,0.62
QQQ,2026-09-21,2026-10-01,C,765.0,153,94,0.14539428833007811,0.54,0.54,0.56
QQQ,2026-09-21,2026-10-01,C,766.0,8,9,0.14527221923828126,0.79,0.48,0.49
QQQ,2026-09-21,2026-10-01,C,767.0,38,8,0.14600463378906248,0.68,0.42,0.44
QQQ,2026-09-21,2026-10-01,C,768.0,3,1,0.145516357421875,0.51,0.37,0.38
QQQ,2026-09-21,2026-10-01,C,769.0,9,30,0.14624877197265623,0.42,0.32,0.34
QQQ,2026-09-21,2026-10-01,C,770.0,88,222,0.14661497924804687,0.28,0.28,0.3
QQQ,2026-09-21,2026-10-01,C,771.0,2,0,0.147469462890625,0.77,0.25,0.27
QQQ,2026-09-21,2026-10-01,C,772.0,12,4,0.1469811865234375,0.45,0.22,0.23
QQQ,2026-09-21,2026-10-01,C,774.0,2,2,0.149422568359375,0.31,0.17,0.19
QQQ,2026-09-21,2026-10-01,C,775.0,79,13,0.15015498291015628,0.15,0.15,0.17
QQQ,2026-09-21,2026-10-01,C,780.0,166,77,0.15674671386718753,0.1,0.09,0.11
QQQ,2026-09-21,2026-10-01,C,785.0,255,4,0.16309430664062502,0.08,0.05,0.07
QQQ,2026-09-21,2026-10-01,C,790.0,10,500,0.174812939453125,0.07,0.04,0.06
QQQ,2026-09-21,2026-10-01,C,795.0,1,0,0.18555501953124998,0.09,0.03,0.05
QQQ,2026-09-21,2026-10-01,C,800.0,1007,2,0.194343994140625,0.05,0.03,0.04
QQQ,2026-09-21,2026-10-01,C,805.0,35,1,0.20801573242187496,0.05,0.02,0.04
QQQ,2026-09-21,2026-10-01,C,810.0,114,0,0.22168747070312497,0.05,0.01,0.04
QQQ,2026-09-21,2026-10-01,C,815.0,10,620,0.22852333984375,0.01,0.01,0.03
QQQ,2026-09-21,2026-10-01,C,820.0,41,0,0.24024197265624997,0.05,0.01,0.03
QQQ,2026-09-21,2026-10-01,C,825.0,125,3,0.25391371093750004,0.04,0.01,0.03
QQQ,2026-09-21,2026-10-01,C,830.0,20,0,0.26563234375,0.02,0.01,0.03
QQQ,2026-09-21,2026-10-01,C,835.0,15,0,0.27930408203124996,0.01,0.01,0.03
QQQ,2026-09-21,2026-10-01,C,840.0,89,0,0.2910227148437499,0.02,0.01,0.03
QQQ,2026-09-21,2026-10-01,C,845.0,41,0,0.30274134765625,0.04,0.0,0.03
QQQ,2026-09-21,2026-10-01,C,850.0,96,720,0.31445998046874996,0.02,0.01,0.03
QQQ,2026-09-21,2026-10-01,C,855.0,45,0,0.31641308593749995,0.04,0.01,0.02
QQQ,2026-09-21,2026-10-01,C,860.0,81,0,0.32617861328125,0.01,0.01,0.02
QQQ,2026-09-21,2026-10-01,C,865.0,28,0,0.33789724609375,0.02,0.0,0.02
QQQ,2026-09-21,2026-10-01,C,870.0,108,0,0.34766277343749996,0.04,0.0,0.02
QQQ,2026-09-21,2026-10-01,C,875.0,130,0,0.35938140625,0.01,0.0,0.02
QQQ,2026-09-21,2026-10-01,C,880.0,102,0,0.3711000390625,0.01,0.0,0.02
QQQ,2026-09-21,2026-10-01,C,885.0,74,0,0.38281867187499996,0.02,0.0,0.02
QQQ,2026-09-21,2026-10-01,C,890.0,45,0,0.39453730468750003,0.01,0.0,0.02
QQQ,2026-09-21,2026-10-01,C,895.0,45,0,0.4023497265625,0.02,0.0,0.02
QQQ,2026-09-21,2026-10-01,C,900.0,3,0,0.414068359375,0.04,0.0,0.02
QQQ,2026-09-21,2026-10-01,P,500.0,1,20,0.804689453125,0.01,0.01,0.03
QQQ,2026-09-21,2026-10-01,P,505.0,20,160,0.7851583984375,0.01,0.01,0.03
QQQ,2026-09-21,2026-10-01,P,510.0,61,360,0.7500025,0.02,0.0,0.03
QQQ,2026-09-21,2026-10-01,P,515.0,0,0,0.7500025,0.03,0.01,0.03
QQQ,2026-09-21,2026-10-01,P,520.0,106,360,0.726565234375,0.03,0.01,0.03
QQQ,2026-09-21,2026-10-01,P,525.0,27,360,0.710940390625,0.03,0.01,0.03
QQQ,2026-09-21,2026-10-01,P,530.0,136,160,0.6914093359375001,0.01,0.01,0.03
QQQ,2026-09-21,2026-10-01,P,535.0,57,180,0.6718782812500002,0.01,0.01,0.03
QQQ,2026-09-21,2026-10-01,P,540.0,309,548,0.6562534375000001,0.01,0.01,0.03
QQQ,2026-09-21,2026-10-01,P,545.0,204,720,0.6367223828125,0.03,0.01,0.03
QQQ,2026-09-21,2026-10-01,P,550.0,138,200,0.6210975390625001,0.01,0.01,0.03
QQQ,2026-09-21,2026-10-01,P,555.0,114,500,0.6015664843750002,0.02,0.01,0.03
QQQ,2026-09-21,2026-10-01,P,560.0,1134,1079,0.585941640625,0.02,0.01,0.03
QQQ,2026-09-21,2026-10-01,P,565.0,48,995,0.5664105859375,0.01,0.01,0.03
QQQ,2026-09-21,2026-10-01,P,570.0,138,80,0.5507857421875001,0.03,0.01,0.03
QQQ,2026-09-21,2026-10-01,P,575.0,120,240,0.5312546875,0.03,0.01,0.03
QQQ,2026-09-21,2026-10-01,P,580.0,220,200,0.51562984375,0.02,0.01,0.03
QQQ,2026-09-21,2026-10-01,P,585.0,315,400,0.500005,0.02,0.01,0.03
QQQ,2026-09-21,2026-10-01,P,590.0,324,720,0.51562984375,0.02,0.01,0.04
QQQ,2026-09-21,2026-10-01,P,595.0,292,1460,0.49609878906250005,0.04,0.02,0.04
QQQ,2026-09-21,2026-10-01,P,600.0,45,360,0.4804739453125,0.02,0.02,0.04
QQQ,2026-09-21,2026-10-01,P,605.0,31,20,0.4726615234375,0.04,0.02,0.05
QQQ,2026-09-21,2026-10-01,P,610.0,25,442,0.45508357421875,0.05,0.03,0.05
QQQ,2026-09-21,2026-10-01,P,615.0,106,2,0.445318046875,0.06,0.03,0.06
QQQ,2026-09-21,2026-10-01,P,620.0,33,3,0.42774009765625004,0.06,0.04,0.06
QQQ,2026-09-21,2026-10-01,P,625.0,38,39,0.41797457031249996,0.12,0.05,0.07
QQQ,2026-09-21,2026-10-01,P,630.0,91,3,0.39942006835937505,0.08,0.06,0.07
QQQ,2026-09-21,2026-10-01,P,635.0,69,10,0.39258419921875,0.09,0.07,0.09
QQQ,2026-09-21,2026-10-01,P,640.0,136,2,0.383795224609375,0.1,0.09,0.11
QQQ,2026-09-21,2026-10-01,P,645.0,9,1,0.36963520996093746,0.12,0.11,0.12
QQQ,2026-09-21,2026-10-01,P,650.0,54,12,0.358404853515625,0.14,0.13,0.14
QQQ,2026-09-21,2026-10-01,P,655.0,164,54,0.348639326171875,0.15,0.15,0.17
QQQ,2026-09-21,2026-10-01,P,660.0,43,1,0.33447931152343746,0.16,0.18,0.19
QQQ,2026-09-21,2026-10-01,P,665.0,61,9,0.3242255078124999,0.18,0.21,0.23
QQQ,2026-09-21,2026-10-01,P,666.0,1,10,0.3178779150390625,0.29,0.21,0.22
QQQ,2026-09-21,2026-10-01,P,667.0,20,1,0.31641308593749995,0.21,0.22,0.23
QQQ,2026-09-21,2026-10-01,P,668.0,39,1,0.31445998046874996,0.2,0.23,0.24
QQQ,2026-09-21,2026-10-01,P,670.0,101,12,0.30811238769531246,0.2,0.24,0.25
QQQ,2026-09-21,2026-10-01,P,671.0,0,10,0.3061592822265625,0.37,0.25,0.26
QQQ,2026-09-21,2026-10-01,P,672.0,1,46,0.3039620385742187,0.25,0.26,0.27
QQQ,2026-09-21,2026-10-01,P,673.0,17,23,0.301764794921875,1.04,0.26,0.28
QQQ,2026-09-21,2026-10-01,P,674.0,0,1,0.29932341308593746,0.27,0.27,0.29
QQQ,2026-09-21,2026-10-01,P,675.0,47,4,0.2951730639648437,0.27,0.28,0.29
QQQ,2026-09-21,2026-10-01,P,676.0,19,26,0.29273168212890616,1.18,0.29,0.3
QQQ,2026-09-21,2026-10-01,P,677.0,34,3,0.29175512939453113,0.29,0.3,0.32
QQQ,2026-09-21,2026-10-01,P,678.0,32,7,0.2890696093749999,0.3,0.31,0.33
QQQ,2026-09-21,2026-10-01,P,679.0,20,62,0.2863840893554687,0.31,0.32,0.34
QQQ,2026-09-21,2026-10-01,P,680.0,273,14,0.28516339843749994,0.37,0.34,0.36
QQQ,2026-09-21,2026-10-01,P,681.0,23,30,0.282233740234375,0.27,0.35,0.37
QQQ,2026-09-21,2026-10-01,P,682.0,27,35,0.27930408203124996,0.29,0.36,0.38
QQQ,2026-09-21,2026-10-01,P,683.0,23,63,0.2751537329101562,0.36,0.37,0.38
QQQ,2026-09-21,2026-10-01,P,684.0,4,36,0.27466545654296876,0.37,0.39,0.41
QQQ,2026-09-21,2026-10-01,P,685.0,285,26,0.27149166015625,0.41,0.41,0.42
QQQ,2026-09-21,2026-10-01,P,687.0,10,3,0.26538820556640624,0.41,0.43,0.44
QQQ,2026-09-21,2026-10-01,P,688.0,12,3,0.26416751464843746,0.42,0.45,0.47
QQQ,2026-09-21,2026-10-01,P,689.0,5,23,0.26099371826171874,0.38,0.46,0.48
QQQ,2026-09-21,2026-10-01,P,690.0,267,87,0.25952888916015626,0.46,0.49,0.51
QQQ,2026-09-21,2026-10-01,P,691.0,2,18,0.2561109545898438,0.48,0.51,0.52
QQQ,2026-09-21,2026-10-01,P,692.0,56,61,0.2536695727539063,0.5,0.52,0.54
QQQ,2026-09-21,2026-10-01,P,693.0,38,72,0.25196060546875,0.42,0.56,0.57
QQQ,2026-09-21,2026-10-01,P,694.0,1026,30,0.24915301635742187,0.59,0.58,0.59
QQQ,2026-09-21,2026-10-01,P,695.0,444,33,0.24719991088867188,0.46,0.61,0.62
QQQ,2026-09-21,2026-10-01,P,696.0,3,95,0.245124736328125,0.59,0.63,0.65
QQQ,2026-09-21,2026-10-01,P,697.0,20,32,0.2420730090332031,0.6,0.66,0.67
QQQ,2026-09-21,2026-10-01,P,698.0,60,14,0.24048611083984373,0.7,0.69,0.71
QQQ,2026-09-21,2026-10-01,P,699.0,61,7,0.23792265991210934,0.53,0.73,0.74
QQQ,2026-09-21,2026-10-01,P,700.0,775,566,0.23609162353515623,0.75,0.76,0.78
QQQ,2026-09-21,2026-10-01,P,701.0,520,16,0.23267368896484375,0.73,0.78,0.8
QQQ,2026-09-21,2026-10-01,P,702.0,19,100,0.2310867907714844,0.78,0.83,0.85
QQQ,2026-09-21,2026-10-01,P,703.0,9,54,0.2299881689453125,0.64,0.88,0.91
QQQ,2026-09-21,2026-10-01,P,704.0,21,44,0.2269364416503906,0.67,0.92,0.94
QQQ,2026-09-21,2026-10-01,P,705.0,301,52,0.22376264526367184,0.91,0.95,0.97
QQQ,2026-09-21,2026-10-01,P,706.0,12,57,0.22321333435058593,0.82,1.03,1.05
QQQ,2026-09-21,2026-10-01,P,707.0,8,5,0.22083298706054685,0.72,1.07,1.1
QQQ,2026-09-21,2026-10-01,P,708.0,63,5,0.21875781249999998,0.78,1.14,1.16
QQQ,2026-09-21,2026-10-01,P,709.0,5,36,0.21704884521484374,0.99,1.2,1.23
QQQ,2026-09-21,2026-10-01,P,710.0,415,81,0.2151567742919922,1.27,1.28,1.3
QQQ,2026-09-21,2026-10-01,P,711.0,27,10,0.21302056518554688,1.1,1.35,1.37
QQQ,2026-09-21,2026-10-01,P,712.0,55,103,0.2111895288085937,0.97,1.43,1.45
QQQ,2026-09-21,2026-10-01,P,713.0,19,13,0.21033504516601562,1.41,1.53,1.56
QQQ,2026-09-21,2026-10-01,P,714.0,20,33,0.20850400878906244,1.3,1.62,1.65
QQQ,2026-09-21,2026-10-01,P,715.0,677,169,0.20478090148925776,1.76,1.68,1.7
QQQ,2026-09-21,2026-10-01,P,716.0,39,40,0.2039874523925781,1.4,1.8,1.83
QQQ,2026-09-21,2026-10-01,P,717.0,70,25,0.2022174505615234,1.54,1.91,1.94
QQQ,2026-09-21,2026-10-01,P,718.0,86,18,0.20087469055175777,1.66,2.04,2.07
QQQ,2026-09-21,2026-10-01,P,719.0,43,50,0.1992267578125,1.96,2.17,2.2
QQQ,2026-09-21,2026-10-01,P,720.0,285,603,0.19702951416015624,2.27,2.29,2.32
QQQ,2026-09-21,2026-10-01,P,721.0,25,23,0.19586985778808597,2.03,2.44,2.48
QQQ,2026-09-21,2026-10-01,P,722.0,31,40,0.19409985595703128,1.83,2.6,2.63
QQQ,2026-09-21,2026-10-01,P,723.0,54,52,0.19171950866699222,2.56,2.75,2.77
QQQ,2026-09-21,2026-10-01,P,724.0,63,31,0.1902851968383789,2.92,2.93,2.95
QQQ,2026-09-21,2026-10-01,P,725.0,251,91,0.18933916137695314,2.8,3.14,3.16
QQQ,2026-09-21,2026-10-01,P,726.0,113,62,0.18836260864257812,2.65,3.34,3.38
QQQ,2026-09-21,2026-10-01,P,727.0,224,62,0.1873250213623047,3.14,3.56,3.61
QQQ,2026-09-21,2026-10-01,P,728.0,56,93,0.1846395013427734,3.46,3.77,3.79
QQQ,2026-09-21,2026-10-01,P,729.0,60,113,0.18290001678466794,4.04,3.99,4.02
QQQ,2026-09-21,2026-10-01,P,730.0,1474,245,0.18207605041503905,4.41,4.27,4.3
QQQ,2026-09-21,2026-10-01,P,731.0,119,24,0.18113001495361325,3.76,4.55,4.59
QQQ,2026-09-21,2026-10-01,P,732.0,190,27,0.1790853576660156,4.64,4.82,4.85
QQQ,2026-09-21,2026-10-01,P,733.0,94,30,0.18042811767578126,4.55,5.2,5.27
QQQ,2026-09-21,2026-10-01,P,734.0,218,39,0.17719328674316404,5.51,5.47,5.51
QQQ,2026-09-21,2026-10-01,P,735.0,460,343,0.1758810440063477,5.84,5.81,5.85
QQQ,2026-09-21,2026-10-01,P,736.0,1147,867,0.1746298358154297,5.67,6.17,6.21
QQQ,2026-09-21,2026-10-01,P,737.0,389,214,0.17426362854003907,6.02,6.6,6.63
QQQ,2026-09-21,2026-10-01,P,738.0,132,125,0.17243259216308598,7.0,6.96,7.0
QQQ,2026-09-21,2026-10-01,P,739.0,844,192,0.17188328125000002,7.58,7.42,7.45
QQQ,2026-09-21,2026-10-01,P,740.0,3733,865,0.16986914123535157,7.82,7.8,7.85
QQQ,2026-09-21,2026-10-01,P,741.0,131,85,0.17127293579101563,8.45,8.34,8.43
QQQ,2026-09-21,2026-10-01,P,742.0,79,259,0.17118138397216798,8.93,8.85,8.96
QQQ,2026-09-21,2026-10-01,P,743.0,193,280,0.17041845214843754,8.51,9.36,9.48
QQQ,2026-09-21,2026-10-01,P,744.0,266,360,0.16947241668701174,9.68,9.91,10.01
QQQ,2026-09-21,2026-10-01,P,745.0,200,272,0.16779396667480473,10.1,10.44,10.53
QQQ,2026-09-21,2026-10-01,P,746.0,65,62,0.16858741577148442,9.3,11.08,11.18
QQQ,2026-09-21,2026-10-01,P,747.0,182,131,0.16785500122070315,11.25,11.67,11.78
QQQ,2026-09-21,2026-10-01,P,748.0,36,34,0.17127293579101563,12.57,12.33,12.58
QQQ,2026-09-21,2026-10-01,P,749.0,39,11,0.17035741760253909,12.4,12.89,13.21
QQQ,2026-09-21,2026-10-01,P,750.0,248,117,0.16993017578125003,12.05,13.63,13.88
QQQ,2026-09-21,2026-10-01,P,751.0,10,13,0.17206638488769532,12.73,14.37,14.67
QQQ,2026-09-21,2026-10-01,P,755.0,5,0,0.17054052124023442,15.35,17.21,17.59
QQQ,2026-09-21,2026-10-01,P,757.0,1,0,0.18323570678710935,12.59,18.93,19.6
QQQ,2026-09-21,2026-10-01,P,760.0,3,0,0.1818319122314453,16.9,21.48,21.98
QQQ,2026-09-21,2026-10-01,P,761.0,1,0,0.18579915771484373,17.13,22.17,22.93
QQQ,2026-09-21,2026-10-01,P,765.0,2,0,0.194343994140625,20.65,25.77,26.57
QQQ,2026-09-21,2026-10-01,P,767.0,1,0,0.20227848510742186,23.18,27.77,28.51
QQQ,2026-09-21,2026-10-01,P,770.0,0,0,0.21894091613769529,33.74,30.81,31.55
QQQ,2026-09-21,2026-10-02,C,490.0,0,44,1.2839391271972653,227.63,247.96,251.31
QQQ,2026-09-21,2026-10-02,C,495.0,45,44,1.1953165234375,241.0,243.14,245.97
QQQ,2026-09-21,2026-10-02,C,515.0,0,1,0.9531254687499999,194.99,224.3,226.5
QQQ,2026-09-21,2026-10-02,C,525.0,0,10,1.0498094384765626,179.77,213.02,216.02
QQQ,2026-09-21,2026-10-02,C,540.0,0,10,1.0068409033203123,164.07,198.03,201.23
QQQ,2026-09-21,2026-10-02,C,545.0,4,2,1.0295458679199219,172.29,193.19,196.6
QQQ,2026-09-21,2026-10-02,C,550.0,1,0,0.9301764794921875,166.59,188.06,191.05
QQQ,2026-09-21,2026-10-02,C,555.0,235,225,0.9533696069335937,184.95,183.04,186.4
QQQ,2026-09-21,2026-10-02,C,560.0,0,10,0.9091805957031249,159.24,178.05,181.25
QQQ,2026-09-21,2026-10-02,C,565.0,11,11,0.8872081591796874,141.1,173.29,176.27
QQQ,2026-09-21,2026-10-02,C,570.0,1,0,0.8391129370117187,140.12,168.08,171.09
QQQ,2026-09-21,2026-10-02,C,575.0,10,6,0.8392350061035156,141.96,163.09,166.28
QQQ,2026-09-21,2026-10-02,C,580.0,88,2,0.8171405004882811,163.77,158.12,161.3
QQQ,2026-09-21,2026-10-02,C,585.0,10,10,0.6728548339843752,160.58,154.41,156.59
QQQ,2026-09-21,2026-10-02,C,590.0,6,1,0.7490259472656251,157.46,148.21,151.13
QQQ,2026-09-21,2026-10-02,C,595.0,6,2,0.5639692041015626,121.6,143.85,146.64
QQQ,2026-09-21,2026-10-02,C,600.0,99,98,0.7251004052734374,117.04,138.13,141.34
QQQ,2026-09-21,2026-10-02,C,605.0,16,6,0.70312796875,111.98,133.14,136.36
QQQ,2026-09-21,2026-10-02,C,610.0,169,139,0.6936065795898438,138.25,128.32,131.51
QQQ,2026-09-21,2026-10-02,C,615.0,1,0,0.6584506811523438,103.01,123.4,126.39
QQQ,2026-09-21,2026-10-02,C,620.0,113,11,0.6364782446289063,99.82,118.19,121.41
QQQ,2026-09-21,2026-10-02,C,625.0,116,2,0.6257361645507813,120.75,113.22,116.56
QQQ,2026-09-21,2026-10-02,C,630.0,249,7,0.6032754516601564,87.68,108.52,111.58
QQQ,2026-09-21,2026-10-02,C,635.0,11,13,0.5540816076660158,87.13,103.26,106.28
QQQ,2026-09-21,2026-10-02,C,640.0,15,11,0.5334519311523438,77.05,98.39,101.31
QQQ,2026-09-21,2026-10-02,C,645.0,20,1,0.5371140039062501,90.98,93.55,96.66
QQQ,2026-09-21,2026-10-02,C,650.0,36,6,0.5151415673828125,87.27,88.32,91.69
QQQ,2026-09-21,2026-10-02,C,655.0,30,15,0.5046436254882812,65.74,84.7,86.9
QQQ,2026-09-21,2026-10-02,C,660.0,85,1,0.45044494873046875,88.37,78.38,81.45
QQQ,2026-09-21,2026-10-02,C,665.0,19,3,0.45044494873046875,55.87,73.42,76.82
QQQ,2026-09-21,2026-10-02,C,670.0,66,26,0.4288387194824219,50.39,68.47,71.87
QQQ,2026-09-21,2026-10-02,C,675.0,27,2,0.38977661010742193,59.21,64.26,66.62
QQQ,2026-09-21,2026-10-02,C,676.0,1,1,0.38550419189453117,44.56,62.63,65.63
QQQ,2026-09-21,2026-10-02,C,677.0,2,1,0.38184211914062494,65.94,61.52,64.65
QQQ,2026-09-21,2026-10-02,C,678.0,1,1,0.40772076660156253,67.46,60.67,64.23
QQQ,2026-09-21,2026-10-02,C,679.0,0,0,0.3909973010253906,38.66,59.51,63.0
QQQ,2026-09-21,2026-10-02,C,680.0,59,17,0.37000141723632807,61.79,58.53,61.7
QQQ,2026-09-21,2026-10-02,C,681.0,0,0,0.366217275390625,40.6,57.54,60.72
QQQ,2026-09-21,2026-10-02,C,682.0,19,1,0.39014281738281253,59.84,56.56,60.29
QQQ,2026-09-21,2026-10-02,C,683.0,2,0,0.3806214282226562,28.53,56.89,59.2
QQQ,2026-09-21,2026-10-02,C,684.0,1,1,0.3632876171875,59.51,54.75,57.95
QQQ,2026-09-21,2026-10-02,C,685.0,38,16,0.37219866088867193,57.65,54.92,57.24
QQQ,2026-09-21,2026-10-02,C,686.0,12,7,0.34668622070312494,34.36,52.59,55.82
QQQ,2026-09-21,2026-10-02,C,687.0,0,1,0.35205726074218746,26.27,51.81,55.03
QQQ,2026-09-21,2026-10-02,C,688.0,18,1,0.33924000610351557,57.85,50.76,53.87
QQQ,2026-09-21,2026-10-02,C,689.0,7,3,0.36035795898437495,32.37,49.93,53.44
QQQ,2026-09-21,2026-10-02,C,690.0,129,2,0.3399724206542969,57.15,48.82,52.1
QQQ,2026-09-21,2026-10-02,C,691.0,10,5,0.3278875805664062,55.24,48.85,50.95
QQQ,2026-09-21,2026-10-02,C,692.0,15,2,0.26770751831054684,27.92,48.33,48.94
QQQ,2026-09-21,2026-10-02,C,693.0,13,1,0.2436599072265625,50.42,47.08,47.67
QQQ,2026-09-21,2026-10-02,C,694.0,101,1,0.2417068017578125,42.56,46.11,46.7
QQQ,2026-09-21,2026-10-02,C,695.0,305,16,0.2425612854003906,47.12,45.37,45.77
QQQ,2026-09-21,2026-10-02,C,696.0,9,1,0.24024197265624997,50.6,44.42,44.8
QQQ,2026-09-21,2026-10-02,C,697.0,26,1,0.23657989990234374,50.31,43.24,43.81
QQQ,2026-09-21,2026-10-02,C,698.0,10,4,0.23670196899414062,46.97,42.5,42.88
QQQ,2026-09-21,2026-10-02,C,699.0,89,11,0.2192460888671875,43.23,41.34,41.69
QQQ,2026-09-21,2026-10-02,C,700.0,625,3,0.23072058349609376,41.83,40.43,40.93
QQQ,2026-09-21,2026-10-02,C,701.0,23,7,0.23133092895507812,45.39,39.67,40.02
QQQ,2026-09-21,2026-10-02,C,702.0,133,6,0.2278519598388672,39.27,38.47,39.04
QQQ,2026-09-21,2026-10-02,C,703.0,123,10,0.22144333251953124,39.09,37.56,38.01
QQQ,2026-09-21,2026-10-02,C,704.0,210,1,0.2157060852050781,43.71,36.62,36.99
QQQ,2026-09-21,2026-10-02,C,705.0,1316,12,0.22400678344726557,36.79,35.92,36.24
QQQ,2026-09-21,2026-10-02,C,706.0,148,1,0.22010057250976559,37.81,34.79,35.26
QQQ,2026-09-21,2026-10-02,C,707.0,513,20,0.22034471069335934,35.43,34.04,34.37
QQQ,2026-09-21,2026-10-02,C,708.0,317,14,0.2166826379394531,37.0,32.87,33.4
QQQ,2026-09-21,2026-10-02,C,709.0,487,12,0.21692677612304687,33.56,32.15,32.52
QQQ,2026-09-21,2026-10-02,C,710.0,1577,36,0.21302056518554688,31.19,31.03,31.55
QQQ,2026-09-21,2026-10-02,C,711.0,564,4,0.2135088415527344,35.4,30.39,30.69
QQQ,2026-09-21,2026-10-02,C,712.0,418,4,0.21173883972167967,30.27,29.45,29.78
QQQ,2026-09-21,2026-10-02,C,713.0,268,1,0.21015194152832029,32.51,28.58,28.88
QQQ,2026-09-21,2026-10-02,C,714.0,330,16,0.20795469787597654,29.82,27.53,27.97
QQQ,2026-09-21,2026-10-02,C,715.0,2410,215,0.20667297241210933,26.76,26.77,27.09
QQQ,2026-09-21,2026-10-02,C,716.0,337,23,0.2038043487548828,26.54,25.66,26.17
QQQ,2026-09-21,2026-10-02,C,717.0,474,1,0.20142400146484374,27.43,24.8,25.27
QQQ,2026-09-21,2026-10-02,C,718.0,1045,36,0.2010577941894531,25.65,24.11,24.44
QQQ,2026-09-21,2026-10-02,C,719.0,525,19,0.198250205078125,23.7,23.08,23.54
QQQ,2026-09-21,2026-10-02,C,720.0,1971,110,0.1970905487060547,22.57,22.23,22.7
QQQ,2026-09-21,2026-10-02,C,721.0,418,20,0.19623606506347657,21.88,21.62,21.88
QQQ,2026-09-21,2026-10-02,C,722.0,565,14,0.19477123596191404,21.48,20.81,21.05
QQQ,2026-09-21,2026-10-02,C,723.0,508,2,0.19278761322021482,24.49,19.81,20.21
QQQ,2026-09-21,2026-10-02,C,724.0,536,14,0.19214675048828128,19.17,19.1,19.43
QQQ,2026-09-21,2026-10-02,C,725.0,34496,220,0.18811847045898436,18.46,18.14,18.53
QQQ,2026-09-21,2026-10-02,C,726.0,701,22,0.18494467407226559,19.52,17.54,17.67
QQQ,2026-09-21,2026-10-02,C,727.0,689,1,0.18326622406005855,20.9,16.78,16.88
QQQ,2026-09-21,2026-10-02,C,728.0,643,7,0.1825032922363281,16.23,16.03,16.14
QQQ,2026-09-21,2026-10-02,C,729.0,641,31,0.1804891522216797,16.27,15.24,15.36
QQQ,2026-09-21,2026-10-02,C,730.0,2332,157,0.17932949584960936,14.58,14.54,14.63
QQQ,2026-09-21,2026-10-02,C,731.0,1330,39,0.17963466857910154,14.15,13.86,13.98
QQQ,2026-09-21,2026-10-02,C,732.0,4627,5,0.1782308740234375,13.84,13.15,13.27
QQQ,2026-09-21,2026-10-02,C,733.0,371,67,0.17649138946533205,12.59,12.45,12.56
QQQ,2026-09-21,2026-10-02,C,734.0,505,13,0.1744467321777344,11.8,11.76,11.85
QQQ,2026-09-21,2026-10-02,C,735.0,2882,829,0.17374483489990233,11.05,11.11,11.22
QQQ,2026-09-21,2026-10-02,C,736.0,503,15,0.1724631094360352,10.55,10.47,10.58
QQQ,2026-09-21,2026-10-02,C,737.0,542,102,0.1710287976074219,9.92,9.85,9.95
QQQ,2026-09-21,2026-10-02,C,738.0,572,246,0.16986914123535157,9.33,9.29,9.35
QQQ,2026-09-21,2026-10-02,C,739.0,347,214,0.168526381225586,8.77,8.68,8.76
QQQ,2026-09-21,2026-10-02,C,740.0,1906,4774,0.16736672485351564,8.19,8.18,8.2
QQQ,2026-09-21,2026-10-02,C,741.0,299,1231,0.16605448211669926,7.64,7.63,7.65
QQQ,2026-09-21,2026-10-02,C,742.0,1094,1374,0.1651694812011719,7.13,7.11,7.14
QQQ,2026-09-21,2026-10-02,C,743.0,654,1270,0.16425396301269532,6.59,6.63,6.65
QQQ,2026-09-21,2026-10-02,C,744.0,1756,1228,0.16333844482421878,6.13,6.16,6.18
QQQ,2026-09-21,2026-10-02,C,745.0,15103,5410,0.16245344390869143,5.79,5.72,5.73
QQQ,2026-09-21,2026-10-02,C,746.0,546,1169,0.16175154663085936,5.5,5.29,5.31
QQQ,2026-09-21,2026-10-02,C,747.0,416,1309,0.16126327026367188,4.87,4.87,4.92
QQQ,2026-09-21,2026-10-02,C,748.0,452,1801,0.16013413116455077,4.51,4.51,4.52
QQQ,2026-09-21,2026-10-02,C,749.0,656,1138,0.1592186129760742,4.08,4.14,4.15
QQQ,2026-09-21,2026-10-02,C,750.0,1868,3080,0.15851671569824222,3.79,3.8,3.81
QQQ,2026-09-21,2026-10-02,C,751.0,278,1048,0.15760119750976562,3.62,3.46,3.48
QQQ,2026-09-21,2026-10-02,C,752.0,5449,1441,0.157234990234375,3.18,3.17,3.19
QQQ,2026-09-21,2026-10-02,C,753.0,231,1314,0.1563805065917969,2.95,2.88,2.9
QQQ,2026-09-21,2026-10-02,C,754.0,320,866,0.15583119567871095,2.59,2.62,2.64
QQQ,2026-09-21,2026-10-02,C,755.0,1727,1624,0.15506826385498051,2.36,2.37,2.39
QQQ,2026-09-21,2026-10-02,C,756.0,804,816,0.1543968838500977,2.19,2.15,2.16
QQQ,2026-09-21,2026-10-02,C,757.0,195,1043,0.15412222839355472,1.99,1.94,1.96
QQQ,2026-09-21,2026-10-02,C,758.0,631,510,0.15338981384277345,1.78,1.74,1.76
QQQ,2026-09-21,2026-10-02,C,759.0,1017,587,0.15284050292968754,1.78,1.57,1.58
QQQ,2026-09-21,2026-10-02,C,760.0,3245,1559,0.1524742956542969,1.41,1.41,1.42
QQQ,2026-09-21,2026-10-02,C,761.0,97,624,0.1519860192871094,1.31,1.25,1.27
QQQ,2026-09-21,2026-10-02,C,762.0,155,376,0.15223015747070315,1.12,1.13,1.15
QQQ,2026-09-21,2026-10-02,C,763.0,188,552,0.15161981201171876,1.0,1.0,1.02
QQQ,2026-09-21,2026-10-02,C,764.0,154,656,0.15180291564941406,1.06,0.91,0.92
QQQ,2026-09-21,2026-10-02,C,765.0,2635,1426,0.15161981201171876,0.8,0.8,0.82
QQQ,2026-09-21,2026-10-02,C,766.0,150,340,0.15137567382812503,0.7,0.72,0.73
QQQ,2026-09-21,2026-10-02,C,767.0,192,300,0.1518639501953125,0.64,0.64,0.66
QQQ,2026-09-21,2026-10-02,C,768.0,165,365,0.15137567382812503,0.63,0.56,0.58
QQQ,2026-09-21,2026-10-02,C,769.0,87,169,0.15100946655273442,0.66,0.5,0.51
QQQ,2026-09-21,2026-10-02,C,770.0,3973,476,0.15235222656250003,0.46,0.45,0.47
QQQ,2026-09-21,2026-10-02,C,771.0,220,123,0.1518639501953125,0.41,0.4,0.41
QQQ,2026-09-21,2026-10-02,C,772.0,65,220,0.15235222656250003,0.55,0.35,0.37
QQQ,2026-09-21,2026-10-02,C,773.0,80,99,0.15357291748046875,0.39,0.32,0.34
QQQ,2026-09-21,2026-10-02,C,774.0,93,76,0.15357291748046875,0.31,0.28,0.3
QQQ,2026-09-21,2026-10-02,C,775.0,852,107,0.15418326293945314,0.34,0.25,0.27
QQQ,2026-09-21,2026-10-02,C,780.0,1641,511,0.15894395751953128,0.15,0.15,0.17
QQQ,2026-09-21,2026-10-02,C,785.0,908,25,0.16407085937500002,0.1,0.09,0.11
QQQ,2026-09-21,2026-10-02,C,790.0,214,2,0.17188328125000002,0.1,0.06,0.08
QQQ,2026-09-21,2026-10-02,C,795.0,294,29,0.179695703125,0.04,0.04,0.06
QQQ,2026-09-21,2026-10-02,C,800.0,2955,477,0.18457846679687498,0.03,0.03,0.04
QQQ,2026-09-21,2026-10-02,C,805.0,181,5,0.19727365234375,0.05,0.02,0.04
QQQ,2026-09-21,2026-10-02,C,810.0,248,100,0.20996883789062498,0.03,0.02,0.04
QQQ,2026-09-21,2026-10-02,C,815.0,78,560,0.22266402343749997,0.02,0.01,0.04
QQQ,2026-09-21,2026-10-02,C,820.0,249,120,0.22852333984375,0.03,0.01,0.03
QQQ,2026-09-21,2026-10-02,C,825.0,78,170,0.24024197265624997,0.02,0.01,0.03
QQQ,2026-09-21,2026-10-02,C,830.0,174,960,0.25196060546875,0.02,0.01,0.03
QQQ,2026-09-21,2026-10-02,C,835.0,193,402,0.26367923828125,0.03,0.01,0.03
QQQ,2026-09-21,2026-10-02,C,840.0,46,640,0.27539787109374997,0.02,0.01,0.03
QQQ,2026-09-21,2026-10-02,C,845.0,23,640,0.28711650390624993,0.04,0.0,0.03
QQQ,2026-09-21,2026-10-02,C,850.0,107,800,0.29883513671874995,0.04,0.01,0.03
QQQ,2026-09-21,2026-10-02,C,860.0,85,720,0.3086006640625,0.02,0.01,0.02
QQQ,2026-09-21,2026-10-02,C,870.0,66,0,0.3320379296875,0.02,0.0,0.02
QQQ,2026-09-21,2026-10-02,C,880.0,43,82,0.35156898437499995,0.01,0.0,0.02
QQQ,2026-09-21,2026-10-02,C,885.0,142,0,0.3632876171875,0.02,0.0,0.02
QQQ,2026-09-21,2026-10-02,C,890.0,199,1280,0.37305314453125,0.01,0.0,0.02
QQQ,2026-09-21,2026-10-02,C,895.0,84,0,0.38281867187499996,0.01,0.0,0.02
QQQ,2026-09-21,2026-10-02,C,905.0,95,0,0.4023497265625,0.02,0.0,0.02
QQQ,2026-09-21,2026-10-02,C,920.0,1,0,0.4335994140625,0.02,0.0,0.02
QQQ,2026-09-21,2026-10-02,C,950.0,5,5,0.49219257812500006,0.01,0.0,0.02
QQQ,2026-09-21,2026-10-02,P,450.0,1020,200,0.929688203125,0.01,0.01,0.02
QQQ,2026-09-21,2026-10-02,P,455.0,145,1200,0.914063359375,0.01,0.01,0.02
QQQ,2026-09-21,2026-10-02,P,460.0,120,2,0.867188828125,0.02,0.0,0.02
QQQ,2026-09-21,2026-10-02,P,465.0,328,41,0.87500125,0.01,0.01,0.02
QQQ,2026-09-21,2026-10-02,P,470.0,219,14,0.87500125,0.01,0.01,0.03
QQQ,2026-09-21,2026-10-02,P,475.0,711,4,0.8554701953125,0.01,0.01,0.03
QQQ,2026-09-21,2026-10-02,P,480.0,95,40,0.8359391406249999,0.01,0.01,0.03
QQQ,2026-09-21,2026-10-02,P,485.0,348,180,0.8203142968749999,0.02,0.01,0.03
QQQ,2026-09-21,2026-10-02,P,490.0,207,520,0.79687703125,0.03,0.01,0.03
QQQ,2026-09-21,2026-10-02,P,495.0,420,1,0.7812521875,0.01,0.01,0.03
QQQ,2026-09-21,2026-10-02,P,500.0,2081,10,0.7617211328125001,0.01,0.01,0.03
QQQ,2026-09-21,2026-10-02,P,505.0,262,160,0.7421900781249999,0.03,0.01,0.03
QQQ,2026-09-21,2026-10-02,P,510.0,225,960,0.726565234375,0.02,0.01,0.03
QQQ,2026-09-21,2026-10-02,P,515.0,265,480,0.710940390625,0.02,0.01,0.03
QQQ,2026-09-21,2026-10-02,P,520.0,361,80,0.6914093359375001,0.02,0.01,0.03
QQQ,2026-09-21,2026-10-02,P,525.0,144,260,0.6718782812500002,0.03,0.01,0.03
QQQ,2026-09-21,2026-10-02,P,530.0,349,880,0.6562534375000001,0.02,0.01,0.03
QQQ,2026-09-21,2026-10-02,P,535.0,133,480,0.64062859375,0.02,0.01,0.03
QQQ,2026-09-21,2026-10-02,P,540.0,738,300,0.6210975390625001,0.02,0.01,0.03
QQQ,2026-09-21,2026-10-02,P,545.0,379,100,0.6054726953125001,0.02,0.01,0.03
QQQ,2026-09-21,2026-10-02,P,550.0,475,11,0.585941640625,0.03,0.01,0.03
QQQ,2026-09-21,2026-10-02,P,555.0,220,121,0.570316796875,0.03,0.01,0.03
QQQ,2026-09-21,2026-10-02,P,560.0,224,81,0.5546919531250001,0.02,0.01,0.03
QQQ,2026-09-21,2026-10-02,P,565.0,437,101,0.5507857421875001,0.03,0.02,0.03
QQQ,2026-09-21,2026-10-02,P,570.0,206,163,0.523442265625,0.02,0.01,0.03
QQQ,2026-09-21,2026-10-02,P,575.0,330,2123,0.51562984375,0.03,0.01,0.04
QQQ,2026-09-21,2026-10-02,P,580.0,366,2600,0.507817421875,0.02,0.02,0.04
QQQ,2026-09-21,2026-10-02,P,585.0,238,1142,0.5039112109375,0.03,0.02,0.04
QQQ,2026-09-21,2026-10-02,P,590.0,564,261,0.48828636718750007,0.03,0.02,0.04
QQQ,2026-09-21,2026-10-02,P,595.0,234,261,0.48242705078125003,0.05,0.03,0.05
QQQ,2026-09-21,2026-10-02,P,600.0,769,39,0.46484910156250003,0.04,0.04,0.05
QQQ,2026-09-21,2026-10-02,P,605.0,248,1,0.45703667968750006,0.05,0.05,0.06
QQQ,2026-09-21,2026-10-02,P,610.0,286,45,0.44727115234375,0.06,0.06,0.07
QQQ,2026-09-21,2026-10-02,P,615.0,394,95,0.436529072265625,0.07,0.06,0.08
QQQ,2026-09-21,2026-10-02,P,620.0,1017,143,0.424810439453125,0.08,0.08,0.09
QQQ,2026-09-21,2026-10-02,P,625.0,1103,358,0.41211525390625,0.09,0.09,0.1
QQQ,2026-09-21,2026-10-02,P,630.0,624,408,0.40332627929687503,0.11,0.11,0.12
QQQ,2026-09-21,2026-10-02,P,635.0,675,40,0.3930724755859375,0.13,0.13,0.14
QQQ,2026-09-21,2026-10-02,P,640.0,1931,113,0.3789124609375,0.13,0.14,0.15
QQQ,2026-09-21,2026-10-02,P,645.0,1064,10,0.36963520996093746,0.19,0.17,0.18
QQQ,2026-09-21,2026-10-02,P,650.0,2020,117,0.35645174804687496,0.19,0.19,0.2
QQQ,2026-09-21,2026-10-02,P,655.0,4310,125,0.344733115234375,0.23,0.21,0.23
QQQ,2026-09-21,2026-10-02,P,660.0,1969,233,0.33570000244140624,0.24,0.26,0.28
QQQ,2026-09-21,2026-10-02,P,665.0,5244,15,0.3217841259765625,0.29,0.3,0.31
QQQ,2026-09-21,2026-10-02,P,670.0,6664,106,0.30982135498046875,0.36,0.34,0.36
QQQ,2026-09-21,2026-10-02,P,675.0,1817,118,0.2966378930664062,0.4,0.4,0.41
QQQ,2026-09-21,2026-10-02,P,676.0,313,3,0.29492892578124996,0.43,0.42,0.43
QQQ,2026-09-21,2026-10-02,P,677.0,376,12,0.29224340576171864,0.46,0.43,0.44
QQQ,2026-09-21,2026-10-02,P,678.0,524,8,0.2893137475585937,0.36,0.44,0.45
QQQ,2026-09-21,2026-10-02,P,679.0,142,56,0.2873606420898437,0.44,0.46,0.47
QQQ,2026-09-21,2026-10-02,P,680.0,2506,245,0.2854075366210937,0.44,0.47,0.49
QQQ,2026-09-21,2026-10-02,P,681.0,145,63,0.2834544311523437,0.38,0.49,0.51
QQQ,2026-09-21,2026-10-02,P,682.0,437,50,0.2802806347656249,0.48,0.5,0.52
QQQ,2026-09-21,2026-10-02,P,683.0,982,87,0.2782054602050781,0.49,0.52,0.54
QQQ,2026-09-21,2026-10-02,P,684.0,293,13,0.2758861474609374,0.5,0.54,0.56
QQQ,2026-09-21,2026-10-02,P,685.0,6386,457,0.2735668347167969,0.56,0.57,0.58
QQQ,2026-09-21,2026-10-02,P,686.0,434,720,0.2712475219726562,0.55,0.59,0.6
QQQ,2026-09-21,2026-10-02,P,687.0,1102,509,0.26868407104492187,0.56,0.6,0.62
QQQ,2026-09-21,2026-10-02,P,688.0,211,543,0.26697510375976563,0.51,0.63,0.65
QQQ,2026-09-21,2026-10-02,P,689.0,1235,585,0.26428958374023437,0.52,0.65,0.67
QQQ,2026-09-21,2026-10-02,P,690.0,40046,379,0.26148199462890626,0.69,0.68,0.69
QQQ,2026-09-21,2026-10-02,P,691.0,184,44,0.2602613037109375,0.54,0.72,0.73
QQQ,2026-09-21,2026-10-02,P,692.0,259,75,0.25659923095703124,0.68,0.73,0.74
QQQ,2026-09-21,2026-10-02,P,693.0,248,340,0.25586681640625003,0.69,0.77,0.79
QQQ,2026-09-21,2026-10-02,P,694.0,378,158,0.25269302001953126,0.63,0.79,0.81
QQQ,2026-09-21,2026-10-02,P,695.0,2182,387,0.25025163818359375,0.86,0.83,0.84
QQQ,2026-09-21,2026-10-02,P,696.0,320,91,0.24842060180664063,0.86,0.87,0.88
QQQ,2026-09-21,2026-10-02,P,697.0,351,137,0.2475661181640625,0.72,0.92,0.94
QQQ,2026-09-21,2026-10-02,P,698.0,511,382,0.24536887451171874,0.79,0.96,0.98
QQQ,2026-09-21,2026-10-02,P,699.0,514,142,0.24079128356933593,1.0,0.97,0.98
QQQ,2026-09-21,2026-10-02,P,700.0,10212,1491,0.24073024902343748,1.05,1.05,1.06
QQQ,2026-09-21,2026-10-02,P,701.0,314,65,0.23926541992187497,0.78,1.1,1.12
QQQ,2026-09-21,2026-10-02,P,702.0,415,986,0.23609162353515623,1.12,1.14,1.15
QQQ,2026-09-21,2026-10-02,P,703.0,530,302,0.2337723107910156,1.11,1.19,1.2
QQQ,2026-09-21,2026-10-02,P,704.0,376,207,0.23242955078125,1.28,1.25,1.27
QQQ,2026-09-21,2026-10-02,P,705.0,6994,1215,0.2298660998535156,1.18,1.31,1.32
QQQ,2026-09-21,2026-10-02,P,706.0,481,499,0.2291336853027344,1.2,1.39,1.41
QQQ,2026-09-21,2026-10-02,P,707.0,696,287,0.22632609619140626,1.24,1.45,1.46
QQQ,2026-09-21,2026-10-02,P,708.0,266,443,0.22461712890624996,1.52,1.52,1.54
QQQ,2026-09-21,2026-10-02,P,709.0,810,277,0.22284712707519527,1.46,1.6,1.62
QQQ,2026-09-21,2026-10-02,P,710.0,3278,2427,0.22083298706054685,1.69,1.69,1.7
QQQ,2026-09-21,2026-10-02,P,711.0,501,385,0.2190629852294922,1.77,1.78,1.79
QQQ,2026-09-21,2026-10-02,P,712.0,514,295,0.2174760870361328,1.72,1.87,1.89
QQQ,2026-09-21,2026-10-02,P,713.0,457,386,0.2157060852050781,1.87,1.97,1.99
QQQ,2026-09-21,2026-10-02,P,714.0,396,344,0.21332573791503906,2.09,2.07,2.08
QQQ,2026-09-21,2026-10-02,P,715.0,31944,1104,0.21186090881347652,2.2,2.19,2.2
QQQ,2026-09-21,2026-10-02,P,716.0,749,438,0.21015194152832029,2.28,2.3,2.32
QQQ,2026-09-21,2026-10-02,P,717.0,1435,386,0.20819883605957026,2.2,2.42,2.44
QQQ,2026-09-21,2026-10-02,P,718.0,993,293,0.20703917968749996,2.24,2.55,2.59
QQQ,2026-09-21,2026-10-02,P,719.0,538,844,0.2046588323974609,2.66,2.69,2.71
QQQ,2026-09-21,2026-10-02,P,720.0,3653,2319,0.20356021057128904,2.79,2.86,2.88
QQQ,2026-09-21,2026-10-02,P,721.0,726,476,0.2016681396484375,3.0,3.0,3.03
QQQ,2026-09-21,2026-10-02,P,722.0,972,456,0.20005072418212888,3.14,3.18,3.2
QQQ,2026-09-21,2026-10-02,P,723.0,257,342,0.19849434326171872,3.32,3.35,3.38
QQQ,2026-09-21,2026-10-02,P,724.0,435,636,0.19690744506835936,3.27,3.55,3.57
QQQ,2026-09-21,2026-10-02,P,725.0,26240,4831,0.19556468505859376,3.74,3.76,3.78
QQQ,2026-09-21,2026-10-02,P,726.0,248,631,0.19370313140869144,3.59,3.96,3.98
QQQ,2026-09-21,2026-10-02,P,727.0,564,398,0.19184157775878907,3.94,4.18,4.19
QQQ,2026-09-21,2026-10-02,P,728.0,363,723,0.19086502502441405,4.5,4.43,4.45
QQQ,2026-09-21,2026-10-02,P,729.0,359,587,0.1891560577392578,4.61,4.68,4.69
QQQ,2026-09-21,2026-10-02,P,730.0,47594,7066,0.1880269186401367,5.02,4.97,4.97
QQQ,2026-09-21,2026-10-02,P,731.0,194,774,0.1868367449951172,4.84,5.23,5.26
QQQ,2026-09-21,2026-10-02,P,732.0,392,1183,0.18552450225830075,5.14,5.53,5.56
QQQ,2026-09-21,2026-10-02,P,733.0,466,661,0.18366294860839844,6.0,5.82,5.85
QQQ,2026-09-21,2026-10-02,P,734.0,223,442,0.18238122314453126,5.72,6.16,6.18
QQQ,2026-09-21,2026-10-02,P,735.0,2038,3184,0.18180139495849607,6.48,6.54,6.56
QQQ,2026-09-21,2026-10-02,P,736.0,292,462,0.180672255859375,6.42,6.87,6.93
QQQ,2026-09-21,2026-10-02,P,737.0,482,1106,0.1787496676635742,7.44,7.26,7.28
QQQ,2026-09-21,2026-10-02,P,738.0,333,568,0.1779257012939453,7.72,7.68,7.7
QQQ,2026-09-21,2026-10-02,P,739.0,395,1442,0.17633880310058597,7.6,8.09,8.1
QQQ,2026-09-21,2026-10-02,P,740.0,1775,4408,0.17603363037109376,8.61,8.53,8.58
QQQ,2026-09-21,2026-10-02,P,741.0,309,1033,0.17490449127197266,9.0,8.99,9.04
QQQ,2026-09-21,2026-10-02,P,742.0,396,547,0.17524018127441404,9.28,9.51,9.59
QQQ,2026-09-21,2026-10-02,P,743.0,309,436,0.174812939453125,9.7,10.01,10.12
QQQ,2026-09-21,2026-10-02,P,744.0,159,678,0.1746298358154297,10.08,10.56,10.68
QQQ,2026-09-21,2026-10-02,P,745.0,1619,1512,0.1729819030761719,11.26,11.09,11.19
QQQ,2026-09-21,2026-10-02,P,746.0,213,450,0.17304293762207032,11.5,11.67,11.8
QQQ,2026-09-21,2026-10-02,P,747.0,352,391,0.17145603942871096,12.0,12.24,12.35
QQQ,2026-09-21,2026-10-02,P,748.0,210,65,0.17292086853027344,12.64,12.95,13.06
QQQ,2026-09-21,2026-10-02,P,749.0,121,56,0.17536225036621095,12.92,13.49,13.83
QQQ,2026-09-21,2026-10-02,P,750.0,901,849,0.1750265603637695,14.31,14.16,14.49
QQQ,2026-09-21,2026-10-02,P,751.0,52,9,0.1754843194580078,14.3,14.9,15.2
QQQ,2026-09-21,2026-10-02,P,752.0,72,75,0.17554535400390625,13.21,15.51,15.91
QQQ,2026-09-21,2026-10-02,P,753.0,2,23,0.17572845764160155,15.54,16.33,16.64
QQQ,2026-09-21,2026-10-02,P,754.0,17,4,0.17633880310058597,16.9,17.06,17.4
QQQ,2026-09-21,2026-10-02,P,755.0,88,20,0.17682707946777343,17.87,17.75,18.17
QQQ,2026-09-21,2026-10-02,P,756.0,12,2,0.1751181121826172,17.66,18.54,18.87
QQQ,2026-09-21,2026-10-02,P,757.0,29,24,0.1772543212890625,17.8,19.44,19.73
QQQ,2026-09-21,2026-10-02,P,758.0,37,30,0.17609466491699222,18.83,20.1,20.48
QQQ,2026-09-21,2026-10-02,P,759.0,5,0,0.18122156677246093,14.3,21.09,21.46
QQQ,2026-09-21,2026-10-02,P,760.0,30,17,0.1829915686035156,21.57,21.93,22.33
QQQ,2026-09-21,2026-10-02,P,761.0,15,15,0.18079432495117187,22.4,22.78,23.08
QQQ,2026-09-21,2026-10-02,P,764.0,2,250,0.1920246813964844,23.29,25.55,25.94
QQQ,2026-09-21,2026-10-02,P,765.0,6,1,0.19440502868652343,20.77,26.48,26.86
QQQ,2026-09-21,2026-10-02,P,766.0,4,0,0.19770089416503905,22.2,27.32,27.81
QQQ,2026-09-21,2026-10-02,P,767.0,1,0,0.20087469055175777,20.74,28.36,28.76
QQQ,2026-09-21,2026-10-02,P,768.0,3,0,0.20471986694335934,22.79,29.33,29.73
QQQ,2026-09-21,2026-10-02,P,770.0,63,50,0.21247125427246094,23.23,31.23,31.68
QQQ,2026-09-21,2026-10-02,P,772.0,2,0,0.2211991943359375,26.75,33.17,33.66
QQQ,2026-09-21,2026-10-02,P,774.0,1,1,0.2264481652832031,29.48,35.16,35.56
QQQ,2026-09-21,2026-10-02,P,775.0,0,2,0.23438265625,38.7,36.24,36.64
QQQ,2026-09-21,2026-10-02,P,780.0,100,101,0.2981637567138671,33.65,39.32,42.71
QQQ,2026-09-21,2026-10-02,P,785.0,0,2,0.3220282641601562,48.67,44.7,47.71
QQQ,2026-09-21,2026-10-02,P,790.0,0,2,0.319220675048828,53.68,49.11,52.06
QQQ,2026-09-21,2026-10-02,P,795.0,0,0,1.0000000000000003e-05,64.76,0.0,0.0
QQQ,2026-09-21,2026-10-05,C,680.0,3,0,0.3411931115722656,63.1,58.48,62.06
QQQ,2026-09-21,2026-10-05,C,690.0,1,0,0.249030947265625,44.67,50.32,51.05
QQQ,2026-09-21,2026-10-05,C,692.0,3,0,0.2381667980957031,55.82,48.4,49.0
QQQ,2026-09-21,2026-10-05,C,695.0,21,9,0.2399978344726562,50.14,45.66,46.27
QQQ,2026-09-21,2026-10-05,C,696.0,1,0,0.23633576171874998,50.67,44.49,45.28
QQQ,2026-09-21,2026-10-05,C,700.0,6,0,0.22260298889160152,35.62,40.55,41.35
QQQ,2026-09-21,2026-10-05,C,705.0,2,0,0.21112849426269528,44.66,35.96,36.6
QQQ,2026-09-21,2026-10-05,C,710.0,6,1,0.20502503967285152,32.1,31.6,32.08
QQQ,2026-09-21,2026-10-05,C,714.0,0,0,0.19599192687988282,32.4,27.84,28.42
QQQ,2026-09-21,2026-10-05,C,715.0,82,10,0.1980671014404297,30.7,27.05,27.67
QQQ,2026-09-21,2026-10-05,C,720.0,68,1,0.18845416046142577,27.74,22.72,23.32
QQQ,2026-09-21,2026-10-05,C,724.0,1,0,0.18384605224609374,25.76,19.61,20.11
QQQ,2026-09-21,2026-10-05,C,725.0,139,1,0.17633880310058597,21.52,18.93,19.04
QQQ,2026-09-21,2026-10-05,C,726.0,1,4,0.1749960430908203,18.2,18.15,18.26
QQQ,2026-09-21,2026-10-05,C,728.0,31,29,0.1735312139892578,17.23,16.68,16.79
QQQ,2026-09-21,2026-10-05,C,730.0,248,45,0.1710287976074219,15.26,15.22,15.32
QQQ,2026-09-21,2026-10-05,C,732.0,1,42,0.1684043121337891,13.86,13.8,13.9
QQQ,2026-09-21,2026-10-05,C,733.0,2,52,0.16690896575927738,13.08,13.08,13.2
QQQ,2026-09-21,2026-10-05,C,735.0,246,69,0.1641929284667969,12.1,11.77,11.86
QQQ,2026-09-21,2026-10-05,C,736.0,1,3,0.16352154846191408,12.5,11.15,11.25
QQQ,2026-09-21,2026-10-05,C,737.0,2,104,0.16217878845214845,11.02,10.53,10.62
QQQ,2026-09-21,2026-10-05,C,738.0,1,16,0.16071395935058597,10.02,9.94,10.0
QQQ,2026-09-21,2026-10-05,C,739.0,1,113,0.15964585479736326,9.48,9.37,9.42
QQQ,2026-09-21,2026-10-05,C,740.0,236,260,0.1590049920654297,9.03,8.83,8.88
QQQ,2026-09-21,2026-10-05,C,741.0,14,138,0.1580284393310547,8.55,8.29,8.34
QQQ,2026-09-21,2026-10-05,C,742.0,24,42,0.1568993002319336,8.13,7.75,7.81
QQQ,2026-09-21,2026-10-05,C,743.0,42,162,0.1563499893188477,7.21,7.28,7.33
QQQ,2026-09-21,2026-10-05,C,744.0,44,321,0.15528188476562502,6.79,6.79,6.84
QQQ,2026-09-21,2026-10-05,C,745.0,792,258,0.15461050476074223,6.65,6.35,6.39
QQQ,2026-09-21,2026-10-05,C,746.0,76,46,0.15360343475341798,6.62,5.88,5.94
QQQ,2026-09-21,2026-10-05,C,747.0,52,29,0.15259636474609378,5.63,5.47,5.51
QQQ,2026-09-21,2026-10-05,C,748.0,33,172,0.15103998382568362,5.02,5.02,5.07
QQQ,2026-09-21,2026-10-05,C,749.0,15,185,0.15122308746337892,5.49,4.7,4.74
QQQ,2026-09-21,2026-10-05,C,750.0,753,347,0.15027705200195315,4.41,4.34,4.37
QQQ,2026-09-21,2026-10-05,C,751.0,33,78,0.14978877563476564,3.98,3.99,4.04
QQQ,2026-09-21,2026-10-05,C,752.0,14,76,0.1491173956298828,3.71,3.68,3.72
QQQ,2026-09-21,2026-10-05,C,753.0,12,52,0.14832394653320313,3.39,3.37,3.41
QQQ,2026-09-21,2026-10-05,C,754.0,13,44,0.14753049743652347,3.42,3.09,3.12
QQQ,2026-09-21,2026-10-05,C,755.0,725,185,0.14704222106933595,2.85,2.82,2.86
QQQ,2026-09-21,2026-10-05,C,756.0,11,30,0.14643187561035154,2.6,2.58,2.61
QQQ,2026-09-21,2026-10-05,C,757.0,26,27,0.14618773742675778,2.54,2.35,2.39
QQQ,2026-09-21,2026-10-05,C,758.0,29,11,0.145516357421875,2.89,2.14,2.17
QQQ,2026-09-21,2026-10-05,C,759.0,9,3,0.1450280810546875,2.52,1.94,1.97
QQQ,2026-09-21,2026-10-05,C,760.0,463,89,0.14441773559570312,1.76,1.76,1.78
QQQ,2026-09-21,2026-10-05,C,761.0,41,2,0.1439294592285156,1.61,1.59,1.61
QQQ,2026-09-21,2026-10-05,C,762.0,16,0,0.1437463555908203,3.5,1.44,1.46
QQQ,2026-09-21,2026-10-05,C,763.0,34,3,0.14380739013671873,1.44,1.3,1.33
QQQ,2026-09-21,2026-10-05,C,764.0,14,5,0.143563251953125,1.21,1.17,1.2
QQQ,2026-09-21,2026-10-05,C,765.0,660,50,0.14362428649902342,1.58,1.06,1.09
QQQ,2026-09-21,2026-10-05,C,766.0,6,63,0.14295290649414064,1.05,0.95,0.97
QQQ,2026-09-21,2026-10-05,C,767.0,2,21,0.1431970446777344,0.86,0.86,0.88
QQQ,2026-09-21,2026-10-05,C,768.0,2,8,0.14344118286132812,0.88,0.77,0.8
QQQ,2026-09-21,2026-10-05,C,769.0,27,1,0.14344118286132812,1.5,0.69,0.72
QQQ,2026-09-21,2026-10-05,C,770.0,137,166,0.1430749755859375,0.63,0.61,0.64
QQQ,2026-09-21,2026-10-05,C,771.0,38,2,0.1439294592285156,0.88,0.56,0.59
QQQ,2026-09-21,2026-10-05,C,772.0,10,0,0.14405152832031248,1.57,0.51,0.53
QQQ,2026-09-21,2026-10-05,C,773.0,3,10,0.1430749755859375,0.52,0.44,0.46
QQQ,2026-09-21,2026-10-05,C,774.0,2,0,0.14441773559570312,1.02,0.41,0.43
QQQ,2026-09-21,2026-10-05,C,775.0,156,211,0.14417359741210936,0.43,0.36,0.38
QQQ,2026-09-21,2026-10-05,C,780.0,1286,11,0.147469462890625,0.23,0.22,0.24
QQQ,2026-09-21,2026-10-05,C,785.0,352,105,0.1506432592773438,0.15,0.14,0.15
QQQ,2026-09-21,2026-10-05,C,790.0,87,8,0.157234990234375,0.17,0.09,0.11
QQQ,2026-09-21,2026-10-05,C,795.0,61,1,0.16309430664062502,0.08,0.06,0.08
QQQ,2026-09-21,2026-10-05,C,800.0,13,12,0.1694418994140625,0.07,0.05,0.06
QQQ,2026-09-21,2026-10-05,C,805.0,100,0,0.17774259765625,0.1,0.03,0.05
QQQ,2026-09-21,2026-10-05,C,810.0,10,4,0.18457846679687498,0.04,0.02,0.04
QQQ,2026-09-21,2026-10-05,C,820.0,10,480,0.20020331054687499,0.02,0.01,0.03
QQQ,2026-09-21,2026-10-05,C,850.0,80,0,0.2617261328125,0.02,0.01,0.03
QQQ,2026-09-21,2026-10-05,C,855.0,0,0,0.27149166015625,0.02,0.01,0.03
QQQ,2026-09-21,2026-10-05,C,860.0,29,0,0.28125718749999995,0.02,0.0,0.03
QQQ,2026-09-21,2026-10-05,C,865.0,45,0,0.2910227148437499,0.02,0.01,0.03
QQQ,2026-09-21,2026-10-05,C,870.0,84,0,0.3007882421875,0.02,0.0,0.03
QQQ,2026-09-21,2026-10-05,C,875.0,40,0,0.3007882421875,0.02,0.0,0.02
QQQ,2026-09-21,2026-10-05,C,880.0,20,0,0.3086006640625,0.02,0.0,0.02
QQQ,2026-09-21,2026-10-05,P,470.0,45,0,0.7656273437500001,0.02,0.01,0.03
QQQ,2026-09-21,2026-10-05,P,475.0,45,160,0.7500025,0.02,0.01,0.03
QQQ,2026-09-21,2026-10-05,P,480.0,96,180,0.73437765625,0.02,0.01,0.03
QQQ,2026-09-21,2026-10-05,P,485.0,10,400,0.7187528125,0.02,0.01,0.03
QQQ,2026-09-21,2026-10-05,P,490.0,50,800,0.70312796875,0.03,0.01,0.03
QQQ,2026-09-21,2026-10-05,P,495.0,60,320,0.6875031250000001,0.03,0.01,0.03
QQQ,2026-09-21,2026-10-05,P,500.0,10,320,0.6679720703125002,0.02,0.01,0.03
QQQ,2026-09-21,2026-10-05,P,505.0,80,160,0.6523472265625001,0.03,0.01,0.03
QQQ,2026-09-21,2026-10-05,P,510.0,120,720,0.6367223828125,0.03,0.01,0.03
QQQ,2026-09-21,2026-10-05,P,515.0,30,80,0.6210975390625001,0.01,0.01,0.03
QQQ,2026-09-21,2026-10-05,P,520.0,100,640,0.6054726953125001,0.01,0.01,0.03
QQQ,2026-09-21,2026-10-05,P,525.0,10,20,0.5898478515625001,0.03,0.01,0.03
QQQ,2026-09-21,2026-10-05,P,530.0,23,160,0.5742230078125,0.01,0.01,0.03
QQQ,2026-09-21,2026-10-05,P,535.0,30,340,0.5625043750000001,0.03,0.01,0.03
QQQ,2026-09-21,2026-10-05,P,540.0,0,560,0.5468795312500001,0.02,0.01,0.03
QQQ,2026-09-21,2026-10-05,P,545.0,117,160,0.5312546875,0.02,0.01,0.03
QQQ,2026-09-21,2026-10-05,P,550.0,61,320,0.51562984375,0.02,0.01,0.03
QQQ,2026-09-21,2026-10-05,P,555.0,144,820,0.5117236328125,0.02,0.01,0.04
QQQ,2026-09-21,2026-10-05,P,560.0,233,1040,0.51758294921875,0.04,0.01,0.04
QQQ,2026-09-21,2026-10-05,P,565.0,147,1580,0.5019581054687501,0.02,0.01,0.04
QQQ,2026-09-21,2026-10-05,P,570.0,99,1442,0.48828636718750007,0.04,0.01,0.04
QQQ,2026-09-21,2026-10-05,P,575.0,82,800,0.4726615234375,0.04,0.02,0.04
QQQ,2026-09-21,2026-10-05,P,580.0,30,420,0.46680220703125,0.04,0.02,0.05
QQQ,2026-09-21,2026-10-05,P,600.0,3,0,0.42188078125,0.07,0.05,0.07
QQQ,2026-09-21,2026-10-05,P,610.0,1,12,0.40332627929687503,0.08,0.08,0.09
QQQ,2026-09-21,2026-10-05,P,615.0,1,151,0.39649041015625003,0.09,0.09,0.11
QQQ,2026-09-21,2026-10-05,P,640.0,156,0,0.34717449707031245,0.18,0.19,0.21
QQQ,2026-09-21,2026-10-05,P,645.0,186,1,0.336920693359375,0.19,0.22,0.24
QQQ,2026-09-21,2026-10-05,P,650.0,251,0,0.32617861328125,0.24,0.26,0.27
QQQ,2026-09-21,2026-10-05,P,655.0,154,4,0.31445998046874996,0.31,0.29,0.3
QQQ,2026-09-21,2026-10-05,P,660.0,529,0,0.304694453125,0.28,0.34,0.35
QQQ,2026-09-21,2026-10-05,P,665.0,162,1,0.29395237304687494,0.32,0.38,0.4
QQQ,2026-09-21,2026-10-05,P,670.0,33,101,0.28321029296874994,0.39,0.45,0.46
QQQ,2026-09-21,2026-10-05,P,675.0,45,1,0.2722240747070312,0.51,0.51,0.53
QQQ,2026-09-21,2026-10-05,P,680.0,17,104,0.2617261328125,0.5,0.61,0.62
QQQ,2026-09-21,2026-10-05,P,685.0,1533,52,0.2512281909179687,0.63,0.72,0.73
QQQ,2026-09-21,2026-10-05,P,689.0,61,12,0.2430495617675781,0.79,0.82,0.84
QQQ,2026-09-21,2026-10-05,P,690.0,80,517,0.242195078125,0.78,0.86,0.89
QQQ,2026-09-21,2026-10-05,P,691.0,78,0,0.23938748901367185,0.63,0.89,0.91
QQQ,2026-09-21,2026-10-05,P,692.0,609,0,0.2371902453613281,0.65,0.92,0.94
QQQ,2026-09-21,2026-10-05,P,693.0,88,0,0.23596955444335935,0.67,0.97,0.99
QQQ,2026-09-21,2026-10-05,P,694.0,50,0,0.23413851806640623,0.78,1.01,1.03
QQQ,2026-09-21,2026-10-05,P,695.0,133,34,0.2316361016845703,1.0,1.04,1.06
QQQ,2026-09-21,2026-10-05,P,696.0,15,5,0.23059851440429688,1.04,1.09,1.12
QQQ,2026-09-21,2026-10-05,P,697.0,97,2,0.22791299438476562,0.93,1.13,1.15
QQQ,2026-09-21,2026-10-05,P,698.0,21,1,0.2266312689208984,0.97,1.19,1.21
QQQ,2026-09-21,2026-10-05,P,699.0,39,2,0.22382367980957027,1.01,1.22,1.24
QQQ,2026-09-21,2026-10-05,P,700.0,704,374,0.22315229980468748,1.3,1.29,1.32
QQQ,2026-09-21,2026-10-05,P,701.0,25,26,0.22022264160156246,1.1,1.33,1.35
QQQ,2026-09-21,2026-10-05,P,702.0,82,21,0.2192460888671875,1.07,1.41,1.43
QQQ,2026-09-21,2026-10-05,P,703.0,42,0,0.2172929833984375,1.06,1.47,1.49
QQQ,2026-09-21,2026-10-05,P,704.0,2,20,0.2157060852050781,1.36,1.53,1.56
QQQ,2026-09-21,2026-10-05,P,705.0,124,439,0.213875048828125,1.51,1.61,1.63
QQQ,2026-09-21,2026-10-05,P,706.0,9,4,0.2127153924560547,1.23,1.69,1.72
QQQ,2026-09-21,2026-10-05,P,707.0,27,28,0.21070125244140625,1.69,1.76,1.79
QQQ,2026-09-21,2026-10-05,P,708.0,107,13,0.20954159606933592,1.52,1.86,1.89
QQQ,2026-09-21,2026-10-05,P,709.0,2,18,0.20722228332519527,1.73,1.94,1.96
QQQ,2026-09-21,2026-10-05,P,710.0,660,92,0.20575745422363279,1.75,2.03,2.06
QQQ,2026-09-21,2026-10-05,P,711.0,4,16,0.20386538330078124,1.61,2.12,2.15
QQQ,2026-09-21,2026-10-05,P,712.0,0,0,0.2024005541992187,1.85,2.23,2.26
QQQ,2026-09-21,2026-10-05,P,713.0,6,25,0.2004474487304687,2.15,2.33,2.36
QQQ,2026-09-21,2026-10-05,P,714.0,11,66,0.1995319305419922,1.75,2.48,2.5
QQQ,2026-09-21,2026-10-05,P,715.0,441,693,0.1975788250732422,2.65,2.58,2.61
QQQ,2026-09-21,2026-10-05,P,716.0,0,88,0.19599192687988282,2.58,2.71,2.74
QQQ,2026-09-21,2026-10-05,P,717.0,12,95,0.1945270977783203,2.63,2.84,2.88
QQQ,2026-09-21,2026-10-05,P,718.0,1,49,0.19336744140625,2.82,3.0,3.04
QQQ,2026-09-21,2026-10-05,P,719.0,9,81,0.19129226684570313,2.67,3.13,3.17
QQQ,2026-09-21,2026-10-05,P,720.0,331,162,0.19022416229248051,3.41,3.31,3.35
QQQ,2026-09-21,2026-10-05,P,721.0,16,58,0.18824053955078124,2.69,3.46,3.5
QQQ,2026-09-21,2026-10-05,P,722.0,15,33,0.18726398681640627,3.74,3.66,3.7
QQQ,2026-09-21,2026-10-05,P,723.0,19,4,0.18555501953124998,3.17,3.84,3.88
QQQ,2026-09-21,2026-10-05,P,724.0,9,34,0.1839070867919922,3.28,4.03,4.07
QQQ,2026-09-21,2026-10-05,P,725.0,516,221,0.1826863958740234,4.22,4.26,4.29
QQQ,2026-09-21,2026-10-05,P,726.0,57,22,0.18167932586669922,3.24,4.49,4.53
QQQ,2026-09-21,2026-10-05,P,727.0,23,8,0.1800008758544922,4.47,4.7,4.75
QQQ,2026-09-21,2026-10-05,P,728.0,22,86,0.1789022540283203,4.92,4.97,5.01
QQQ,2026-09-21,2026-10-05,P,729.0,14,22,0.17737639038085937,5.32,5.21,5.26
QQQ,2026-09-21,2026-10-05,P,730.0,1018,193,0.1763998376464844,5.29,5.51,5.55
QQQ,2026-09-21,2026-10-05,P,731.0,58,46,0.1751181121826172,5.74,5.8,5.84
QQQ,2026-09-21,2026-10-05,P,732.0,4,42,0.17362276580810548,6.04,6.08,6.13
QQQ,2026-09-21,2026-10-05,P,733.0,209,130,0.1726156958007813,5.44,6.41,6.46
QQQ,2026-09-21,2026-10-05,P,734.0,25,1,0.17170017761230472,5.98,6.75,6.81
QQQ,2026-09-21,2026-10-05,P,735.0,663,172,0.16977758941650395,6.48,7.08,7.12
QQQ,2026-09-21,2026-10-05,P,736.0,11,92,0.16867896759033207,7.5,7.44,7.49
QQQ,2026-09-21,2026-10-05,P,737.0,16,100,0.1684043121337891,7.48,7.86,7.92
QQQ,2026-09-21,2026-10-05,P,738.0,25,119,0.16669534484863285,8.35,8.24,8.29
QQQ,2026-09-21,2026-10-05,P,739.0,18,207,0.16635965484619147,8.11,8.7,8.75
QQQ,2026-09-21,2026-10-05,P,740.0,306,356,0.16462017028808595,8.69,9.14,9.15
QQQ,2026-09-21,2026-10-05,P,741.0,32,185,0.1641929284667969,9.36,9.58,9.64
QQQ,2026-09-21,2026-10-05,P,742.0,36,84,0.16272809936523439,8.3,10.03,10.09
QQQ,2026-09-21,2026-10-05,P,743.0,43,54,0.16291120300292972,10.13,10.54,10.65
QQQ,2026-09-21,2026-10-05,P,744.0,256,166,0.1615379257202148,11.38,11.06,11.14
QQQ,2026-09-21,2026-10-05,P,745.0,411,267,0.16144637390136718,11.92,11.61,11.72
QQQ,2026-09-21,2026-10-05,P,746.0,270,52,0.16086654571533204,10.91,12.17,12.29
QQQ,2026-09-21,2026-10-05,P,747.0,26,14,0.16089706298828127,11.86,12.8,12.91
QQQ,2026-09-21,2026-10-05,P,748.0,26,11,0.16043930389404298,10.14,13.4,13.52
QQQ,2026-09-21,2026-10-05,P,749.0,99,16,0.15979844116210937,10.49,14.02,14.14
QQQ,2026-09-21,2026-10-05,P,750.0,37,30,0.16611551666259772,14.35,14.61,15.13
QQQ,2026-09-21,2026-10-05,P,751.0,2,3,0.1651389639282227,13.6,15.34,15.76
QQQ,2026-09-21,2026-10-05,P,752.0,7,0,0.16181258117675779,10.83,14.39,16.29
QQQ,2026-09-21,2026-10-05,P,753.0,6,0,0.16529155029296877,11.25,16.72,17.17
QQQ,2026-09-21,2026-10-05,P,755.0,4,0,0.1630637893676758,13.47,18.06,18.53
QQQ,2026-09-21,2026-10-05,P,756.0,1,0,0.16205671936035154,14.92,18.71,19.24
QQQ,2026-09-21,2026-10-05,P,759.0,3,0,0.16788551849365235,14.85,21.34,21.82
QQQ,2026-09-21,2026-10-05,P,760.0,5,1,0.16718362121582034,18.1,21.94,22.59
QQQ,2026-09-21,2026-10-05,P,762.0,2,2,0.17170017761230472,20.0,23.7,24.39
QQQ,2026-09-21,2026-10-05,P,765.0,6,3,0.17731535583496094,24.5,24.94,27.09
QQQ,2026-09-21,2026-10-05,P,770.0,7,6,0.19031571411132814,30.6,29.71,31.8
QQQ,2026-09-21,2026-10-05,P,775.0,22,0,0.21149470153808592,35.25,34.63,36.81
QQQ,2026-09-21,2026-10-05,P,780.0,1,0,0.2735668347167969,32.45,39.63,43.11
QQQ,2026-09-21,2026-10-06,C,695.0,10,10,0.2474440490722656,51.35,45.84,46.62
QQQ,2026-09-21,2026-10-06,C,715.0,10,10,0.20514710876464842,32.39,27.6,28.2
QQQ,2026-09-21,2026-10-06,C,720.0,25,4,0.19309278594970702,25.9,23.31,23.8
QQQ,2026-09-21,2026-10-06,C,725.0,11,2,0.180672255859375,23.7,19.43,19.54
QQQ,2026-09-21,2026-10-06,C,730.0,26,8,0.17450776672363283,15.77,15.7,15.82
QQQ,2026-09-21,2026-10-06,C,735.0,26,21,0.1682212084960938,13.04,12.32,12.41
QQQ,2026-09-21,2026-10-06,C,740.0,10,124,0.16239240936279298,9.98,9.35,9.4
QQQ,2026-09-21,2026-10-06,C,745.0,144,350,0.15763171478271482,6.98,6.83,6.87
QQQ,2026-09-21,2026-10-06,C,750.0,285,337,0.15314567565917972,4.74,4.76,4.8
QQQ,2026-09-21,2026-10-06,C,755.0,133,202,0.14991084472656252,3.21,3.19,3.23
QQQ,2026-09-21,2026-10-06,C,760.0,227,263,0.1472863592529297,2.23,2.05,2.08
QQQ,2026-09-21,2026-10-06,C,765.0,123,507,0.14545532287597657,1.26,1.27,1.29
QQQ,2026-09-21,2026-10-06,C,770.0,603,328,0.145516357421875,0.78,0.77,0.8
QQQ,2026-09-21,2026-10-06,C,775.0,104,39,0.14685911743164062,0.56,0.48,0.5
QQQ,2026-09-21,2026-10-06,C,780.0,49,27,0.14869015380859374,0.33,0.29,0.31
QQQ,2026-09-21,2026-10-06,C,785.0,67,3,0.1518639501953125,0.19,0.19,0.2
QQQ,2026-09-21,2026-10-06,C,790.0,52,0,0.1550377465820313,0.35,0.12,0.13
QQQ,2026-09-21,2026-10-06,C,795.0,123,1,0.16187361572265624,0.11,0.08,0.1
QQQ,2026-09-21,2026-10-06,C,800.0,58,25,0.16651224121093755,0.1,0.05,0.07
QQQ,2026-09-21,2026-10-06,C,805.0,100,2,0.174812939453125,0.07,0.04,0.06
QQQ,2026-09-21,2026-10-06,C,810.0,111,280,0.1821370849609375,0.04,0.03,0.05
QQQ,2026-09-21,2026-10-06,P,665.0,164,7,0.2919992675781249,0.47,0.47,0.48
QQQ,2026-09-21,2026-10-06,P,670.0,54,4,0.2815013256835937,0.48,0.53,0.55
QQQ,2026-09-21,2026-10-06,P,675.0,10,51,0.2700268310546875,0.63,0.61,0.62
QQQ,2026-09-21,2026-10-06,P,685.0,17,7,0.25110612182617187,0.72,0.85,0.87
QQQ,2026-09-21,2026-10-06,P,690.0,15,21,0.24109645629882812,0.91,1.02,1.03
QQQ,2026-09-21,2026-10-06,P,695.0,74,172,0.2327347235107422,1.04,1.23,1.26
QQQ,2026-09-21,2026-10-06,P,700.0,219,251,0.22321333435058593,1.4,1.5,1.52
QQQ,2026-09-21,2026-10-06,P,705.0,46,129,0.2135088415527344,1.7,1.82,1.84
QQQ,2026-09-21,2026-10-06,P,710.0,80,63,0.20703917968749996,2.14,2.33,2.35
QQQ,2026-09-21,2026-10-06,P,715.0,201,228,0.19928779235839844,2.68,2.91,2.95
QQQ,2026-09-21,2026-10-06,P,720.0,126,409,0.19132278411865233,3.72,3.67,3.7
QQQ,2026-09-21,2026-10-06,P,725.0,222,227,0.18402915588378904,4.74,4.64,4.68
QQQ,2026-09-21,2026-10-06,P,730.0,204,113,0.17737639038085937,5.97,5.9,5.95
QQQ,2026-09-21,2026-10-06,P,735.0,142,118,0.1719748330688477,7.66,7.54,7.6
QQQ,2026-09-21,2026-10-06,P,740.0,180,256,0.1660849993896485,9.35,9.53,9.59
QQQ,2026-09-21,2026-10-06,P,745.0,378,142,0.1624229266357422,11.39,12.01,12.12
QQQ,2026-09-21,2026-10-06,P,750.0,80,38,0.16471172210693358,13.61,14.93,15.39
QQQ,2026-09-21,2026-10-06,P,755.0,10,22,0.16913672668457033,16.79,18.46,19.12
QQQ,2026-09-21,2026-10-06,P,760.0,4,1,0.172157936706543,19.66,22.4,23.07
QQQ,2026-09-21,2026-10-09,C,450.0,3,4,1.2041055419921873,289.72,288.2,291.61
QQQ,2026-09-21,2026-10-09,C,455.0,2,0,1.1408734362792967,255.2,283.25,286.31
QQQ,2026-09-21,2026-10-09,C,500.0,1,0,0.9567875415039062,237.39,238.6,241.41
QQQ,2026-09-21,2026-10-09,C,510.0,20,0,0.6709017285156251,211.66,228.58,231.75
QQQ,2026-09-21,2026-10-09,C,520.0,5,10,0.6259803027343751,196.9,218.46,221.82
QQQ,2026-09-21,2026-10-09,C,530.0,10,10,0.7226590234375,188.41,209.19,211.98
QQQ,2026-09-21,2026-10-09,C,535.0,10,10,0.5800823242187501,183.45,203.46,206.82
QQQ,2026-09-21,2026-10-09,C,545.0,4,2,0.7856466748046875,172.8,193.49,196.54
QQQ,2026-09-21,2026-10-09,C,560.0,16,10,0.7307155834960937,159.91,178.51,181.59
QQQ,2026-09-21,2026-10-09,C,565.0,1,0,0.7126493579101563,145.19,173.56,176.61
QQQ,2026-09-21,2026-10-09,C,570.0,2,1,0.6948272705078126,137.16,168.59,171.63
QQQ,2026-09-21,2026-10-09,C,575.0,0,12,0.7010527941894531,145.51,163.2,166.97
QQQ,2026-09-21,2026-10-09,C,580.0,10,20,0.5329636547851562,140.45,158.92,162.05
QQQ,2026-09-21,2026-10-09,C,585.0,11,10,0.6419713537597658,161.07,153.65,156.7
QQQ,2026-09-21,2026-10-09,C,590.0,1,0,0.5833781896972656,127.75,150.13,152.29
QQQ,2026-09-21,2026-10-09,C,595.0,17,1,0.6069375244140626,150.43,143.71,146.75
QQQ,2026-09-21,2026-10-09,C,600.0,2,2,0.6136513244628907,112.27,138.82,142.15
QQQ,2026-09-21,2026-10-09,C,605.0,18,8,0.5726361096191408,141.53,133.76,136.81
QQQ,2026-09-21,2026-10-09,C,610.0,1,1,0.5560347131347658,111.49,128.76,131.85
QQQ,2026-09-21,2026-10-09,C,615.0,1,0,0.5754436987304687,103.81,124.6,127.53
QQQ,2026-09-21,2026-10-09,C,620.0,10,9,0.5225877819824218,99.29,118.99,121.93
QQQ,2026-09-21,2026-10-09,C,625.0,3,3,0.505742247314453,92.97,114.08,116.97
QQQ,2026-09-21,2026-10-09,C,630.0,28,27,0.49841810180664065,87.23,108.93,112.19
QQQ,2026-09-21,2026-10-09,C,635.0,5,1,0.49609878906250005,112.31,105.16,107.54
QQQ,2026-09-21,2026-10-09,C,640.0,19,5,0.4738822143554688,78.22,99.46,102.49
QQQ,2026-09-21,2026-10-09,C,645.0,5,1,0.43970286865234376,98.23,94.15,97.18
QQQ,2026-09-21,2026-10-09,C,650.0,64,1,0.43164630859375,90.0,89.13,92.43
QQQ,2026-09-21,2026-10-09,C,655.0,25,12,0.41535008483886715,66.72,84.21,87.51
QQQ,2026-09-21,2026-10-09,C,660.0,116,59,0.4090024920654296,61.74,79.91,82.85
QQQ,2026-09-21,2026-10-09,C,665.0,14,1,0.3826355682373046,56.91,74.47,77.69
QQQ,2026-09-21,2026-10-09,C,670.0,26,2,0.36615624084472653,72.0,69.41,72.79
QQQ,2026-09-21,2026-10-09,C,675.0,23,3,0.3450993225097656,71.62,65.86,67.77
QQQ,2026-09-21,2026-10-09,C,676.0,2,2,0.278327529296875,46.46,64.83,65.25
QQQ,2026-09-21,2026-10-09,C,677.0,4,1,0.2868723657226562,38.17,63.96,64.5
QQQ,2026-09-21,2026-10-09,C,678.0,7,1,0.27417718017578124,34.32,62.9,63.31
QQQ,2026-09-21,2026-10-09,C,679.0,2,1,0.2739330419921875,41.03,61.92,62.38
QQQ,2026-09-21,2026-10-09,C,680.0,33,6,0.2749095947265625,61.98,60.96,61.48
QQQ,2026-09-21,2026-10-09,C,681.0,2,1,0.27259028198242186,42.19,60.0,60.51
QQQ,2026-09-21,2026-10-09,C,682.0,1,1,0.26972165832519535,61.19,59.04,59.53
QQQ,2026-09-21,2026-10-09,C,685.0,16,1,0.26068854553222653,62.87,56.17,56.58
QQQ,2026-09-21,2026-10-09,C,686.0,5,1,0.2590406127929688,24.42,55.21,55.63
QQQ,2026-09-21,2026-10-09,C,687.0,1,3,0.2580640600585938,27.71,54.26,54.7
QQQ,2026-09-21,2026-10-09,C,688.0,10,1,0.25501233276367197,51.95,53.32,53.72
QQQ,2026-09-21,2026-10-09,C,689.0,3,2,0.25354750366210943,27.49,52.36,52.78
QQQ,2026-09-21,2026-10-09,C,690.0,63,1,0.2515943981933594,52.56,51.45,51.83
QQQ,2026-09-21,2026-10-09,C,691.0,5,3,0.2520826745605469,28.7,50.47,50.95
QQQ,2026-09-21,2026-10-09,C,692.0,13,3,0.24781025634765624,52.39,49.53,49.94
QQQ,2026-09-21,2026-10-09,C,693.0,1,2,0.24597921997070313,34.0,48.6,49.0
QQQ,2026-09-21,2026-10-09,C,694.0,13,1,0.24408714904785156,42.31,47.66,48.06
QQQ,2026-09-21,2026-10-09,C,695.0,28,9,0.2447585290527344,48.61,46.72,47.2
QQQ,2026-09-21,2026-10-09,C,696.0,14,2,0.24042507629394527,48.98,45.79,46.19
QQQ,2026-09-21,2026-10-09,C,697.0,67,68,0.23957059265136715,26.02,44.86,45.29
QQQ,2026-09-21,2026-10-09,C,698.0,10,2,0.23676300354003904,45.25,43.94,44.33
QQQ,2026-09-21,2026-10-09,C,699.0,22,2,0.23511507080078126,23.15,43.01,43.41
QQQ,2026-09-21,2026-10-09,C,700.0,1180,5,0.23334506896972657,44.3,42.13,42.49
QQQ,2026-09-21,2026-10-09,C,701.0,144,2,0.2318192053222656,43.92,41.19,41.58
QQQ,2026-09-21,2026-10-09,C,702.0,91,6,0.2301712725830078,43.83,40.27,40.67
QQQ,2026-09-21,2026-10-09,C,703.0,52,1,0.22815713256835937,22.46,39.36,39.75
QQQ,2026-09-21,2026-10-09,C,704.0,62,5,0.22901161621093752,41.53,38.46,38.94
QQQ,2026-09-21,2026-10-09,C,705.0,370,11,0.22595988891601562,40.56,37.68,37.99
QQQ,2026-09-21,2026-10-09,C,706.0,232,2,0.22315229980468748,42.12,36.66,37.05
QQQ,2026-09-21,2026-10-09,C,707.0,108,10,0.22150436706542967,37.16,35.81,36.16
QQQ,2026-09-21,2026-10-09,C,708.0,89,5,0.22129074615478517,37.61,34.89,35.33
QQQ,2026-09-21,2026-10-09,C,709.0,167,10,0.21820850158691402,35.4,34.05,34.39
QQQ,2026-09-21,2026-10-09,C,710.0,1010,18,0.2157976370239258,33.24,33.02,33.48
QQQ,2026-09-21,2026-10-09,C,711.0,162,2,0.21955126159667968,37.37,32.48,32.84
QQQ,2026-09-21,2026-10-09,C,712.0,667,2,0.21527884338378905,37.14,31.4,31.86
QQQ,2026-09-21,2026-10-09,C,713.0,145,18,0.21143366699218746,38.12,30.55,30.9
QQQ,2026-09-21,2026-10-09,C,714.0,112,1,0.21210504699707028,34.58,29.81,30.15
QQQ,2026-09-21,2026-10-09,C,715.0,1996,17,0.2099993551635742,29.24,28.85,29.28
QQQ,2026-09-21,2026-10-09,C,716.0,496,14,0.20676452423095698,29.49,28.01,28.36
QQQ,2026-09-21,2026-10-09,C,717.0,389,14,0.20673400695800775,29.03,27.18,27.6
QQQ,2026-09-21,2026-10-09,C,718.0,318,7,0.20508607421874997,27.69,26.46,26.77
QQQ,2026-09-21,2026-10-09,C,719.0,616,1,0.20233951965332028,26.85,25.54,25.89
QQQ,2026-09-21,2026-10-09,C,720.0,1315,76,0.20160710510253904,26.0,24.74,25.12
QQQ,2026-09-21,2026-10-09,C,721.0,517,7,0.2014850360107422,26.54,24.05,24.39
QQQ,2026-09-21,2026-10-09,C,722.0,432,30,0.19855537780761717,25.55,23.39,23.52
QQQ,2026-09-21,2026-10-09,C,723.0,186,4,0.19660227233886718,26.5,22.57,22.71
QQQ,2026-09-21,2026-10-09,C,724.0,344,20,0.1945270977783203,22.41,21.76,21.9
QQQ,2026-09-21,2026-10-09,C,725.0,1344,99,0.19303175140380857,21.61,21.0,21.13
QQQ,2026-09-21,2026-10-09,C,726.0,141,4,0.1922383023071289,22.3,20.27,20.41
QQQ,2026-09-21,2026-10-09,C,727.0,197,10,0.19022416229248051,20.19,19.5,19.63
QQQ,2026-09-21,2026-10-09,C,728.0,354,3,0.18976640319824223,19.0,18.83,18.95
QQQ,2026-09-21,2026-10-09,C,729.0,353,8,0.18775226318359373,19.68,18.06,18.19
QQQ,2026-09-21,2026-10-09,C,730.0,1477,103,0.18692829681396483,17.68,17.38,17.51
QQQ,2026-09-21,2026-10-09,C,731.0,413,12,0.18524984680175777,17.04,16.66,16.79
QQQ,2026-09-21,2026-10-09,C,732.0,469,31,0.18372398315429686,16.63,15.98,16.09
QQQ,2026-09-21,2026-10-09,C,733.0,534,55,0.1831441549682617,15.19,15.33,15.46
QQQ,2026-09-21,2026-10-09,C,734.0,2249,75,0.181374153137207,14.86,14.64,14.77
QQQ,2026-09-21,2026-10-09,C,735.0,1437,136,0.18006191040039063,14.08,14.01,14.12
QQQ,2026-09-21,2026-10-09,C,736.0,166,30,0.17920742675781248,15.26,13.39,13.51
QQQ,2026-09-21,2026-10-09,C,737.0,197,83,0.17795621856689453,14.74,12.77,12.89
QQQ,2026-09-21,2026-10-09,C,738.0,512,71,0.1758810440063477,12.13,12.15,12.23
QQQ,2026-09-21,2026-10-09,C,739.0,1337,310,0.17514862945556642,11.55,11.59,11.67
QQQ,2026-09-21,2026-10-09,C,740.0,1885,715,0.17356173126220703,11.07,11.01,11.07
QQQ,2026-09-21,2026-10-09,C,741.0,299,106,0.17289035125732422,10.61,10.47,10.54
QQQ,2026-09-21,2026-10-09,C,742.0,310,120,0.17179172943115234,9.96,9.95,10.0
QQQ,2026-09-21,2026-10-09,C,743.0,713,276,0.17032690032958986,9.66,9.4,9.45
QQQ,2026-09-21,2026-10-09,C,744.0,296,85,0.1692587957763672,8.97,8.88,8.94
QQQ,2026-09-21,2026-10-09,C,745.0,1419,943,0.16874000213623053,8.47,8.43,8.48
QQQ,2026-09-21,2026-10-09,C,746.0,551,109,0.16733620758056644,7.78,7.93,7.98
QQQ,2026-09-21,2026-10-09,C,747.0,1276,1173,0.16632913757324225,7.52,7.46,7.52
QQQ,2026-09-21,2026-10-09,C,748.0,1062,553,0.16571879211425783,7.0,7.05,7.1
QQQ,2026-09-21,2026-10-09,C,749.0,161,256,0.16471172210693358,6.62,6.61,6.67
QQQ,2026-09-21,2026-10-09,C,750.0,2014,1725,0.16358258300781253,6.25,6.19,6.25
QQQ,2026-09-21,2026-10-09,C,751.0,555,687,0.1628806857299805,5.85,5.83,5.87
QQQ,2026-09-21,2026-10-09,C,752.0,816,46,0.16227034027099607,5.47,5.47,5.51
QQQ,2026-09-21,2026-10-09,C,753.0,1172,563,0.16123275299072265,5.33,5.09,5.14
QQQ,2026-09-21,2026-10-09,C,754.0,315,286,0.16059189025878906,4.88,4.76,4.81
QQQ,2026-09-21,2026-10-09,C,755.0,1148,679,0.15992051025390625,4.51,4.45,4.49
QQQ,2026-09-21,2026-10-09,C,756.0,904,143,0.15894395751953128,4.24,4.14,4.17
QQQ,2026-09-21,2026-10-09,C,757.0,96,40,0.15827257751464846,4.05,3.84,3.88
QQQ,2026-09-21,2026-10-09,C,758.0,140,119,0.1577232666015625,3.57,3.56,3.61
QQQ,2026-09-21,2026-10-09,C,759.0,214,205,0.15729602478027344,3.44,3.32,3.36
QQQ,2026-09-21,2026-10-09,C,760.0,1550,355,0.15659412750244145,3.07,3.07,3.11
QQQ,2026-09-21,2026-10-09,C,761.0,45,80,0.1562584375,2.82,2.84,2.89
QQQ,2026-09-21,2026-10-09,C,762.0,48,48,0.15543447113037112,2.66,2.63,2.66
QQQ,2026-09-21,2026-10-09,C,763.0,30,12,0.1547630911254883,2.46,2.42,2.45
QQQ,2026-09-21,2026-10-09,C,764.0,48,13,0.15406119384765626,2.42,2.22,2.25
QQQ,2026-09-21,2026-10-09,C,765.0,1037,471,0.15406119384765626,2.07,2.06,2.09
QQQ,2026-09-21,2026-10-09,C,766.0,547,14,0.1538170556640625,2.07,1.89,1.93
QQQ,2026-09-21,2026-10-09,C,767.0,98,55,0.1538170556640625,1.9,1.75,1.79
QQQ,2026-09-21,2026-10-09,C,768.0,17,28,0.15302360656738284,1.8,1.6,1.63
QQQ,2026-09-21,2026-10-09,C,769.0,51,18,0.15253533020019533,1.48,1.45,1.49
QQQ,2026-09-21,2026-10-09,C,770.0,1361,239,0.15265739929199224,1.36,1.35,1.38
QQQ,2026-09-21,2026-10-09,C,771.0,49,10,0.152901537475586,1.25,1.24,1.28
QQQ,2026-09-21,2026-10-09,C,772.0,17,62,0.15259636474609378,1.15,1.14,1.17
QQQ,2026-09-21,2026-10-09,C,773.0,11,27,0.15271843383789066,1.06,1.05,1.08
QQQ,2026-09-21,2026-10-09,C,774.0,43,44,0.15137567382812503,0.95,0.95,0.96
QQQ,2026-09-21,2026-10-09,C,775.0,811,415,0.15259636474609378,0.89,0.89,0.91
QQQ,2026-09-21,2026-10-09,C,780.0,693,250,0.15235222656250003,0.63,0.56,0.58
QQQ,2026-09-21,2026-10-09,C,785.0,843,83,0.1544274011230469,0.45,0.38,0.39
QQQ,2026-09-21,2026-10-09,C,790.0,971,35,0.15747912841796874,0.31,0.25,0.27
QQQ,2026-09-21,2026-10-09,C,795.0,424,11,0.16089706298828127,0.23,0.18,0.19
QQQ,2026-09-21,2026-10-09,C,800.0,480,34,0.16529155029296877,0.14,0.12,0.14
QQQ,2026-09-21,2026-10-09,C,805.0,798,68,0.16895362304687503,0.25,0.09,0.1
QQQ,2026-09-21,2026-10-09,C,810.0,129,105,0.174812939453125,0.09,0.07,0.08
QQQ,2026-09-21,2026-10-09,C,815.0,57,12,0.1821370849609375,0.09,0.05,0.07
QQQ,2026-09-21,2026-10-09,C,820.0,212,103,0.188484677734375,0.13,0.03,0.06
QQQ,2026-09-21,2026-10-09,C,825.0,15,1,0.194343994140625,0.05,0.02,0.05
QQQ,2026-09-21,2026-10-09,C,830.0,51,2,0.1992267578125,0.05,0.02,0.04
QQQ,2026-09-21,2026-10-09,C,835.0,106,20,0.20899228515624996,0.07,0.01,0.04
QQQ,2026-09-21,2026-10-09,C,840.0,68,657,0.21778125976562498,0.03,0.01,0.04
QQQ,2026-09-21,2026-10-09,C,845.0,80,860,0.22657023437499998,0.02,0.01,0.04
QQQ,2026-09-21,2026-10-09,C,850.0,14,162,0.229499892578125,0.04,0.01,0.03
QQQ,2026-09-21,2026-10-09,C,860.0,547,886,0.2461012890625,0.04,0.0,0.03
QQQ,2026-09-21,2026-10-09,C,870.0,80,720,0.26367923828125,0.02,0.01,0.03
QQQ,2026-09-21,2026-10-09,C,880.0,94,400,0.2802806347656249,0.02,0.01,0.03
QQQ,2026-09-21,2026-10-09,C,885.0,63,0,0.2890696093749999,0.02,0.0,0.03
QQQ,2026-09-21,2026-10-09,C,890.0,50,0,0.29688203124999996,0.01,0.01,0.03
QQQ,2026-09-21,2026-10-09,C,895.0,40,0,0.304694453125,0.02,0.0,0.03
QQQ,2026-09-21,2026-10-09,C,900.0,89,882,0.31250687499999996,0.02,0.0,0.03
QQQ,2026-09-21,2026-10-09,C,905.0,29,0,0.32031929687499994,0.02,0.0,0.03
QQQ,2026-09-21,2026-10-09,C,910.0,10,0,0.31641308593749995,0.02,0.0,0.02
QQQ,2026-09-21,2026-10-09,C,915.0,0,0,0.3242255078124999,0.03,0.0,0.02
QQQ,2026-09-21,2026-10-09,C,920.0,0,0,0.3320379296875,0.02,0.0,0.02
QQQ,2026-09-21,2026-10-09,C,950.0,4,0,0.37500625,0.02,0.0,0.02
QQQ,2026-09-21,2026-10-09,P,450.0,498,380,0.7148466015625,0.01,0.01,0.02
QQQ,2026-09-21,2026-10-09,P,455.0,171,220,0.70312796875,0.03,0.01,0.02
QQQ,2026-09-21,2026-10-09,P,460.0,135,480,0.6875031250000001,0.02,0.01,0.02
QQQ,2026-09-21,2026-10-09,P,465.0,163,180,0.6875031250000001,0.03,0.01,0.03
QQQ,2026-09-21,2026-10-09,P,470.0,331,160,0.6718782812500002,0.02,0.01,0.03
QQQ,2026-09-21,2026-10-09,P,475.0,146,960,0.6562534375000001,0.02,0.01,0.03
QQQ,2026-09-21,2026-10-09,P,480.0,308,560,0.64062859375,0.02,0.01,0.03
QQQ,2026-09-21,2026-10-09,P,485.0,178,680,0.64062859375,0.01,0.01,0.04
QQQ,2026-09-21,2026-10-09,P,490.0,147,720,0.6250037500000001,0.01,0.01,0.04
QQQ,2026-09-21,2026-10-09,P,495.0,110,620,0.6093789062500001,0.04,0.01,0.04
QQQ,2026-09-21,2026-10-09,P,500.0,769,526,0.585941640625,0.02,0.01,0.03
QQQ,2026-09-21,2026-10-09,P,505.0,126,100,0.570316796875,0.02,0.01,0.03
QQQ,2026-09-21,2026-10-09,P,510.0,165,160,0.5585981640625001,0.02,0.01,0.03
QQQ,2026-09-21,2026-10-09,P,515.0,204,644,0.5546919531250001,0.02,0.01,0.04
QQQ,2026-09-21,2026-10-09,P,520.0,57,524,0.5390671093750001,0.03,0.01,0.04
QQQ,2026-09-21,2026-10-09,P,525.0,135,720,0.5273484765625001,0.02,0.01,0.04
QQQ,2026-09-21,2026-10-09,P,530.0,59,540,0.5195360546875,0.04,0.02,0.04
QQQ,2026-09-21,2026-10-09,P,535.0,201,640,0.51562984375,0.01,0.02,0.05
QQQ,2026-09-21,2026-10-09,P,540.0,85,800,0.500005,0.05,0.02,0.05
QQQ,2026-09-21,2026-10-09,P,545.0,403,170,0.5039112109375,0.04,0.02,0.05
QQQ,2026-09-21,2026-10-09,P,550.0,331,640,0.49805189453125004,0.06,0.03,0.06
QQQ,2026-09-21,2026-10-09,P,555.0,236,40,0.49219257812500006,0.06,0.04,0.07
QQQ,2026-09-21,2026-10-09,P,560.0,175,17,0.47852083984375,0.19,0.05,0.07
QQQ,2026-09-21,2026-10-09,P,565.0,167,5,0.47070841796875,0.09,0.06,0.08
QQQ,2026-09-21,2026-10-09,P,570.0,330,227,0.46289599609375004,0.07,0.07,0.09
QQQ,2026-09-21,2026-10-09,P,575.0,146,53,0.44824770507812495,0.09,0.08,0.09
QQQ,2026-09-21,2026-10-09,P,580.0,361,87,0.44434149414062496,0.1,0.1,0.11
QQQ,2026-09-21,2026-10-09,P,585.0,546,277,0.43848217773437503,0.11,0.11,0.13
QQQ,2026-09-21,2026-10-09,P,590.0,355,7,0.42774009765625004,0.13,0.12,0.14
QQQ,2026-09-21,2026-10-09,P,595.0,279,10,0.41992767578125,0.15,0.14,0.16
QQQ,2026-09-21,2026-10-09,P,600.0,366,4,0.411138701171875,0.16,0.17,0.18
QQQ,2026-09-21,2026-10-09,P,605.0,203,8,0.4023497265625,0.17,0.19,0.2
QQQ,2026-09-21,2026-10-09,P,610.0,293,10,0.39258419921875,0.19,0.2,0.22
QQQ,2026-09-21,2026-10-09,P,615.0,341,1,0.38623660644531244,0.23,0.24,0.26
QQQ,2026-09-21,2026-10-09,P,620.0,719,10,0.3754945263671875,0.25,0.26,0.28
QQQ,2026-09-21,2026-10-09,P,625.0,203,63,0.3657289990234375,0.27,0.28,0.31
QQQ,2026-09-21,2026-10-09,P,630.0,414,117,0.358404853515625,0.36,0.33,0.36
QQQ,2026-09-21,2026-10-09,P,635.0,385,45,0.348639326171875,0.34,0.37,0.4
QQQ,2026-09-21,2026-10-09,P,640.0,1043,42,0.335944140625,0.44,0.4,0.42
QQQ,2026-09-21,2026-10-09,P,645.0,912,853,0.3286199951171874,0.45,0.47,0.49
QQQ,2026-09-21,2026-10-09,P,650.0,1689,776,0.31702343139648437,0.5,0.52,0.53
QQQ,2026-09-21,2026-10-09,P,655.0,822,33,0.30774618041992186,0.51,0.59,0.6
QQQ,2026-09-21,2026-10-09,P,660.0,2136,38,0.29834686035156244,0.59,0.66,0.68
QQQ,2026-09-21,2026-10-09,P,665.0,1588,89,0.28882547119140617,0.7,0.75,0.77
QQQ,2026-09-21,2026-10-09,P,670.0,2171,53,0.2788158056640625,0.8,0.86,0.87
QQQ,2026-09-21,2026-10-09,P,675.0,1025,61,0.2696606237792969,0.93,0.98,1.0
QQQ,2026-09-21,2026-10-09,P,676.0,132,2,0.26782958740234375,0.83,1.0,1.03
QQQ,2026-09-21,2026-10-09,P,677.0,63,3,0.2659985510253906,0.79,1.03,1.06
QQQ,2026-09-21,2026-10-09,P,678.0,104,12,0.26416751464843746,1.01,1.07,1.09
QQQ,2026-09-21,2026-10-09,P,679.0,762,59,0.2622144091796875,1.06,1.1,1.12
QQQ,2026-09-21,2026-10-09,P,680.0,5273,1745,0.26068854553222653,1.14,1.13,1.16
QQQ,2026-09-21,2026-10-09,P,681.0,147,2,0.25867440551757814,1.01,1.17,1.19
QQQ,2026-09-21,2026-10-09,P,682.0,77,10,0.25653819641113285,1.02,1.19,1.22
QQQ,2026-09-21,2026-10-09,P,683.0,134,3,0.25489026367187506,1.03,1.22,1.26
QQQ,2026-09-21,2026-10-09,P,684.0,113,166,0.25354750366210943,1.1,1.29,1.31
QQQ,2026-09-21,2026-10-09,P,685.0,647,189,0.25171646728515623,1.35,1.32,1.35
QQQ,2026-09-21,2026-10-09,P,686.0,245,326,0.2493971545410156,0.91,1.35,1.38
QQQ,2026-09-21,2026-10-09,P,687.0,383,22,0.2478712908935547,0.95,1.41,1.43
QQQ,2026-09-21,2026-10-09,P,688.0,96,34,0.2467116345214844,1.39,1.46,1.49
QQQ,2026-09-21,2026-10-09,P,689.0,276,6,0.24420921813964847,1.54,1.48,1.52
QQQ,2026-09-21,2026-10-09,P,690.0,729,98,0.24243921630859372,1.43,1.54,1.57
QQQ,2026-09-21,2026-10-09,P,691.0,117,20,0.24176783630371096,1.38,1.61,1.65
QQQ,2026-09-21,2026-10-09,P,692.0,154,10,0.23987576538085933,1.45,1.67,1.7
QQQ,2026-09-21,2026-10-09,P,693.0,530,40,0.23712921081542968,1.29,1.7,1.73
QQQ,2026-09-21,2026-10-09,P,694.0,166,4,0.23615265808105468,1.41,1.78,1.81
QQQ,2026-09-21,2026-10-09,P,695.0,1034,178,0.23474886352539062,1.76,1.85,1.88
QQQ,2026-09-21,2026-10-09,P,696.0,171,16,0.23352817260742187,1.61,1.93,1.96
QQQ,2026-09-21,2026-10-09,P,697.0,175,41,0.2312698944091797,1.57,1.98,2.01
QQQ,2026-09-21,2026-10-09,P,698.0,155,22,0.2298660998535156,1.31,2.06,2.09
QQQ,2026-09-21,2026-10-09,P,699.0,155,17,0.2274247180175781,1.76,2.1,2.14
QQQ,2026-09-21,2026-10-09,P,700.0,2705,364,0.22650919982910156,2.28,2.21,2.24
QQQ,2026-09-21,2026-10-09,P,701.0,213,11,0.2241898870849609,1.71,2.26,2.3
QQQ,2026-09-21,2026-10-09,P,702.0,1427,841,0.22333540344238278,2.4,2.4,2.41
QQQ,2026-09-21,2026-10-09,P,703.0,414,42,0.22229781616210934,1.84,2.48,2.52
QQQ,2026-09-21,2026-10-09,P,704.0,323,144,0.22003953796386716,2.05,2.56,2.59
QQQ,2026-09-21,2026-10-09,P,705.0,1761,136,0.21857470886230468,2.57,2.67,2.69
QQQ,2026-09-21,2026-10-09,P,706.0,158,6,0.21692677612304687,2.34,2.76,2.79
QQQ,2026-09-21,2026-10-09,P,707.0,459,78,0.21546194702148438,2.46,2.86,2.9
QQQ,2026-09-21,2026-10-09,P,708.0,272,22,0.21411918701171873,2.23,2.98,3.02
QQQ,2026-09-21,2026-10-09,P,709.0,442,43,0.21167780517578122,2.93,3.06,3.1
QQQ,2026-09-21,2026-10-09,P,710.0,3945,556,0.21106745971679686,3.3,3.23,3.26
QQQ,2026-09-21,2026-10-09,P,711.0,639,5,0.20960263061523435,2.58,3.35,3.39
QQQ,2026-09-21,2026-10-09,P,712.0,414,38,0.2082598706054687,2.9,3.49,3.53
QQQ,2026-09-21,2026-10-09,P,713.0,220,6,0.20676452423095698,3.49,3.62,3.67
QQQ,2026-09-21,2026-10-09,P,714.0,388,12,0.2049334878540039,3.55,3.76,3.8
QQQ,2026-09-21,2026-10-09,P,715.0,1498,292,0.20340762420654296,3.65,3.92,3.95
QQQ,2026-09-21,2026-10-09,P,716.0,598,28,0.20197331237792968,3.5,4.07,4.11
QQQ,2026-09-21,2026-10-09,P,717.0,547,23,0.2003864141845703,3.9,4.23,4.27
QQQ,2026-09-21,2026-10-09,P,718.0,882,68,0.19947089599609374,3.86,4.42,4.47
QQQ,2026-09-21,2026-10-09,P,719.0,558,9,0.1984333087158203,4.42,4.61,4.67
QQQ,2026-09-21,2026-10-09,P,720.0,1161,430,0.19641916870117188,4.89,4.79,4.83
QQQ,2026-09-21,2026-10-09,P,721.0,127,34,0.19544261596679688,4.41,5.0,5.05
QQQ,2026-09-21,2026-10-09,P,722.0,186,82,0.19333692413330078,5.16,5.18,5.22
QQQ,2026-09-21,2026-10-09,P,723.0,261,23,0.1926045095825195,4.99,5.42,5.47
QQQ,2026-09-21,2026-10-09,P,724.0,49,2,0.19129226684570313,4.65,5.65,5.7
QQQ,2026-09-21,2026-10-09,P,725.0,1225,331,0.18967485137939455,5.96,5.88,5.92
QQQ,2026-09-21,2026-10-09,P,726.0,384,131,0.18857622955322267,6.16,6.14,6.18
QQQ,2026-09-21,2026-10-09,P,727.0,7216,12,0.18695881408691406,5.5,6.37,6.42
QQQ,2026-09-21,2026-10-09,P,728.0,124,51,0.1860432958984375,6.14,6.65,6.71
QQQ,2026-09-21,2026-10-09,P,729.0,73,19,0.18460898406982418,5.97,6.94,6.98
QQQ,2026-09-21,2026-10-09,P,730.0,6169,671,0.1836324313354492,7.28,7.24,7.29
QQQ,2026-09-21,2026-10-09,P,731.0,68,49,0.18216760223388673,6.65,7.53,7.58
QQQ,2026-09-21,2026-10-09,P,732.0,249,42,0.18097742858886717,8.04,7.85,7.9
QQQ,2026-09-21,2026-10-09,P,733.0,189,69,0.17993984130859375,7.8,8.18,8.24
QQQ,2026-09-21,2026-10-09,P,734.0,204,41,0.1785360467529297,8.13,8.52,8.57
QQQ,2026-09-21,2026-10-09,P,735.0,804,817,0.1772543212890625,8.9,8.87,8.92
QQQ,2026-09-21,2026-10-09,P,736.0,87,80,0.17591156127929689,8.51,9.22,9.28
QQQ,2026-09-21,2026-10-09,P,737.0,145,163,0.17435518035888675,9.18,9.59,9.64
QQQ,2026-09-21,2026-10-09,P,738.0,203,63,0.17420259399414065,10.15,10.02,10.1
QQQ,2026-09-21,2026-10-09,P,739.0,135,200,0.17301242034912112,10.46,10.46,10.51
QQQ,2026-09-21,2026-10-09,P,740.0,905,597,0.17142552215576173,11.07,10.87,10.91
QQQ,2026-09-21,2026-10-09,P,741.0,192,59,0.17072362487792972,11.12,11.3,11.38
QQQ,2026-09-21,2026-10-09,P,742.0,350,187,0.16996069305419925,11.5,11.77,11.86
QQQ,2026-09-21,2026-10-09,P,743.0,132,180,0.16895362304687503,12.5,12.26,12.34
QQQ,2026-09-21,2026-10-09,P,744.0,131,214,0.16898414031982423,12.11,12.77,12.9
QQQ,2026-09-21,2026-10-09,P,745.0,307,386,0.16767189758300782,12.46,13.29,13.39
QQQ,2026-09-21,2026-10-09,P,746.0,118,46,0.16706155212402346,13.32,13.81,13.94
QQQ,2026-09-21,2026-10-09,P,747.0,68,44,0.16571879211425783,13.54,14.33,14.46
QQQ,2026-09-21,2026-10-09,P,748.0,57,11,0.16480327392578126,14.74,14.89,15.02
QQQ,2026-09-21,2026-10-09,P,749.0,98,3,0.16507792938232424,14.6,15.54,15.67
QQQ,2026-09-21,2026-10-09,P,750.0,164,126,0.1638267211914063,16.35,16.13,16.24
QQQ,2026-09-21,2026-10-09,P,751.0,24,3,0.16379620391845706,16.15,16.76,16.9
QQQ,2026-09-21,2026-10-09,P,752.0,1,0,0.16233137481689452,12.44,17.2,17.49
QQQ,2026-09-21,2026-10-09,P,753.0,38,4,0.16181258117675779,16.75,17.86,18.15
QQQ,2026-09-21,2026-10-09,P,754.0,3,1,0.16156844299316403,14.22,18.53,18.84
QQQ,2026-09-21,2026-10-09,P,755.0,37,35,0.16181258117675779,18.0,19.23,19.57
QQQ,2026-09-21,2026-10-09,P,757.0,1,2,0.16275861663818358,18.99,20.66,21.09
QQQ,2026-09-21,2026-10-09,P,758.0,1,10,0.1603477520751953,19.71,21.39,21.72
QQQ,2026-09-21,2026-10-09,P,760.0,200,103,0.16291120300292972,20.94,22.92,23.39
QQQ,2026-09-21,2026-10-09,P,761.0,2,2,0.16468120483398438,21.98,23.8,24.26
QQQ,2026-09-21,2026-10-09,P,765.0,107,11,0.16590189575195316,26.73,27.01,27.55
QQQ,2026-09-21,2026-10-09,P,766.0,1,2,0.16138533935546873,26.06,27.87,28.2
QQQ,2026-09-21,2026-10-09,P,770.0,54,12,0.1726156958007813,31.35,31.51,32.04
QQQ,2026-09-21,2026-10-09,P,771.0,1,0,0.1744467321777344,27.42,32.42,32.97
QQQ,2026-09-21,2026-10-09,P,774.0,1,0,0.17224948852539065,29.77,35.16,35.53
QQQ,2026-09-21,2026-10-09,P,775.0,1,1,0.17505707763671874,31.46,36.12,36.51
QQQ,2026-09-21,2026-10-09,P,780.0,2,4,0.23252110260009767,43.35,39.26,42.87
QQQ,2026-09-21,2026-10-09,P,785.0,2,4,0.25592785095214843,48.27,44.71,48.05
QQQ,2026-09-21,2026-10-09,P,790.0,0,0,0.260200269165039,53.26,49.31,52.57
QQQ,2026-09-21,2026-10-16,C,300.0,14,1,1.6884781201171877,445.0,438.07,441.37
QQQ,2026-09-21,2026-10-16,C,305.0,0,1,1.22266013671875,413.87,433.69,436.56
QQQ,2026-09-21,2026-10-16,C,310.0,11,1,1.6596696704101563,409.99,428.1,431.53
QQQ,2026-09-21,2026-10-16,C,315.0,10,0,1.0000000000000003e-05,384.34,391.55,394.2
QQQ,2026-09-21,2026-10-16,C,320.0,0,1,1.0000000000000003e-05,395.21,0.0,0.0
QQQ,2026-09-21,2026-10-16,C,325.0,10,3,1.5288109497070312,421.07,413.18,416.25
QQQ,2026-09-21,2026-10-16,C,330.0,12,1,1.558107678222656,391.02,408.16,411.58
QQQ,2026-09-21,2026-10-16,C,335.0,17,1,1.482424462890625,377.26,403.17,406.28
QQQ,2026-09-21,2026-10-16,C,340.0,2,1,1.0000000000000003e-05,373.63,379.1,382.8
QQQ,2026-09-21,2026-10-16,C,345.0,2,2,1.437258673095703,366.88,393.2,396.31
QQQ,2026-09-21,2026-10-16,C,350.0,13,1,1.464602286376953,367.06,388.22,391.65
QQQ,2026-09-21,2026-10-16,C,355.0,251,1,1.3930694409179685,361.45,383.23,386.34
QQQ,2026-09-21,2026-10-16,C,360.0,400,1,1.3720734521484375,356.58,378.25,381.36
QQQ,2026-09-21,2026-10-16,C,365.0,4,4,1.0000000000000003e-05,332.66,341.93,344.58
QQQ,2026-09-21,2026-10-16,C,370.0,10,1,0.8867198828124999,347.04,368.28,371.84
QQQ,2026-09-21,2026-10-16,C,375.0,1,0,1.0957076464843751,352.39,363.67,367.13
QQQ,2026-09-21,2026-10-16,C,380.0,53,11,1.3122592980957029,356.14,358.31,361.6
QQQ,2026-09-21,2026-10-16,C,385.0,33,32,1.175297092285156,334.69,354.07,357.68
QQQ,2026-09-21,2026-10-16,C,390.0,6,1,1.066899196777344,351.85,349.08,351.91
QQQ,2026-09-21,2026-10-16,C,395.0,6,1,1.2255898095703124,324.3,343.34,346.46
QQQ,2026-09-21,2026-10-16,C,400.0,581,9,1.204837960205078,321.7,338.37,341.47
QQQ,2026-09-21,2026-10-16,C,405.0,3,1,1.1857950866699216,314.21,333.38,336.49
QQQ,2026-09-21,2026-10-16,C,410.0,5,2,0.7851583984375,307.66,328.64,331.51
QQQ,2026-09-21,2026-10-16,C,420.0,3,1,0.81445498046875,296.73,318.43,321.85
QQQ,2026-09-21,2026-10-16,C,425.0,13,4,0.804689453125,313.63,313.56,316.74
QQQ,2026-09-21,2026-10-16,C,430.0,1,6,1.08984830078125,278.78,308.45,311.57
QQQ,2026-09-21,2026-10-16,C,435.0,66,2,1.0000000000000003e-05,296.46,259.65,263.39
QQQ,2026-09-21,2026-10-16,C,440.0,62,5,1.0524949719238283,304.36,298.2,301.6
QQQ,2026-09-21,2026-10-16,C,445.0,1,1,1.0000000000000003e-05,263.49,275.96,279.55
QQQ,2026-09-21,2026-10-16,C,450.0,71,5,1.017583037109375,288.43,288.35,291.65
QQQ,2026-09-21,2026-10-16,C,455.0,3,1,1.0000000000000003e-05,288.95,252.74,255.5
QQQ,2026-09-21,2026-10-16,C,460.0,84,6,0.725588681640625,258.72,278.56,281.85
QQQ,2026-09-21,2026-10-16,C,465.0,63,1,0.6455113574218749,252.57,273.51,276.68
QQQ,2026-09-21,2026-10-16,C,470.0,55,1,0.6435582519531251,247.61,268.51,271.71
QQQ,2026-09-21,2026-10-16,C,475.0,48,1,0.708010732421875,271.15,263.67,266.89
QQQ,2026-09-21,2026-10-16,C,480.0,24,4,0.7094755615234375,253.07,258.63,262.04
QQQ,2026-09-21,2026-10-16,C,485.0,52,1,0.6806672558593752,232.08,253.65,256.93
QQQ,2026-09-21,2026-10-16,C,490.0,34,10,0.7226590234375,229.49,248.83,252.23
QQQ,2026-09-21,2026-10-16,C,495.0,56,6,0.6635775830078127,222.83,243.7,246.97
QQQ,2026-09-21,2026-10-16,C,500.0,95,75,0.6269568554687501,238.9,238.72,241.8
QQQ,2026-09-21,2026-10-16,C,505.0,7,5,0.6064492480468751,227.07,233.65,236.83
QQQ,2026-09-21,2026-10-16,C,510.0,12,3,0.6167030517578126,228.08,228.8,231.85
QQQ,2026-09-21,2026-10-16,C,515.0,22,5,0.6005899316406251,202.33,223.77,226.87
QQQ,2026-09-21,2026-10-16,C,520.0,50,22,0.5913126806640626,192.97,218.79,221.89
QQQ,2026-09-21,2026-10-16,C,525.0,56,55,0.6711458666992189,213.83,214.49,217.4
QQQ,2026-09-21,2026-10-16,C,530.0,41,3,0.5732464550781251,189.41,208.84,211.94
QQQ,2026-09-21,2026-10-16,C,535.0,76,2,0.579105771484375,184.95,203.86,207.14
QQQ,2026-09-21,2026-10-16,C,540.0,239,7,0.5678754150390625,206.34,198.89,202.15
QQQ,2026-09-21,2026-10-16,C,545.0,29,1,0.624027197265625,175.52,194.56,197.66
QQQ,2026-09-21,2026-10-16,C,550.0,133,1,0.5461471166992189,194.0,188.94,192.2
QQQ,2026-09-21,2026-10-16,C,555.0,85,2,0.6164589135742189,188.08,185.42,187.37
QQQ,2026-09-21,2026-10-16,C,560.0,107,1,0.5288133056640626,181.41,179.05,182.27
QQQ,2026-09-21,2026-10-16,C,565.0,159,29,0.516606396484375,142.2,174.05,177.31
QQQ,2026-09-21,2026-10-16,C,570.0,77,3,0.5577436804199221,174.16,169.82,172.71
QQQ,2026-09-21,2026-10-16,C,575.0,48,1,0.6033975207519533,165.65,164.15,167.2
QQQ,2026-09-21,2026-10-16,C,580.0,415,2,0.597782342529297,162.1,159.18,162.41
QQQ,2026-09-21,2026-10-16,C,585.0,94,2,0.5731243859863282,152.48,154.18,157.27
QQQ,2026-09-21,2026-10-16,C,590.0,289,1,0.5819133605957032,151.67,149.75,152.79
QQQ,2026-09-21,2026-10-16,C,595.0,193,1,0.5438888385009766,145.75,144.26,147.36
QQQ,2026-09-21,2026-10-16,C,600.0,658,1,0.529423651123047,146.63,139.29,142.41
QQQ,2026-09-21,2026-10-16,C,605.0,377,17,0.5358933129882812,136.28,135.06,137.93
QQQ,2026-09-21,2026-10-16,C,610.0,283,22,0.5002491381835938,132.49,129.38,132.51
QQQ,2026-09-21,2026-10-16,C,615.0,524,7,0.49878430908203125,132.31,124.52,127.87
QQQ,2026-09-21,2026-10-16,C,620.0,406,3,0.471684970703125,124.38,119.44,122.63
QQQ,2026-09-21,2026-10-16,C,625.0,1810,2,0.4643608251953125,116.92,114.53,117.87
QQQ,2026-09-21,2026-10-16,C,630.0,785,6,0.44336494140625,107.56,109.58,112.77
QQQ,2026-09-21,2026-10-16,C,635.0,284,1,0.43530838134765626,113.05,104.68,108.01
QQQ,2026-09-21,2026-10-16,C,638.0,2,0,0.4317683776855469,95.11,101.68,105.2
QQQ,2026-09-21,2026-10-16,C,640.0,313,2,0.41559422302246096,110.05,99.72,102.94
QQQ,2026-09-21,2026-10-16,C,645.0,324,25,0.40772076660156253,97.42,94.8,98.21
QQQ,2026-09-21,2026-10-16,C,650.0,1724,4,0.399969379272461,94.15,90.07,93.51
QQQ,2026-09-21,2026-10-16,C,651.0,2,4,0.40259386474609377,69.6,89.82,92.71
QQQ,2026-09-21,2026-10-16,C,652.0,103,1,0.3830628100585937,68.48,88.09,91.2
QQQ,2026-09-21,2026-10-16,C,653.0,91,88,0.3963683410644532,59.45,88.43,90.74
QQQ,2026-09-21,2026-10-16,C,654.0,8,1,0.3885559191894531,62.01,86.15,89.6
QQQ,2026-09-21,2026-10-16,C,655.0,948,2,0.3748841809082031,92.52,84.99,88.27
QQQ,2026-09-21,2026-10-16,C,656.0,39,5,0.38507695007324216,63.9,84.83,87.72
QQQ,2026-09-21,2026-10-16,C,657.0,19,15,0.38233039550781245,63.92,84.57,86.75
QQQ,2026-09-21,2026-10-16,C,658.0,15,1,0.3668276208496094,62.09,83.12,85.35
QQQ,2026-09-21,2026-10-16,C,659.0,29,1,0.36426416992187505,84.61,82.39,84.38
QQQ,2026-09-21,2026-10-16,C,660.0,1128,4,0.3100654931640625,83.57,81.41,81.89
QQQ,2026-09-21,2026-10-16,C,661.0,15,1,0.3064644549560547,52.84,80.44,80.88
QQQ,2026-09-21,2026-10-16,C,662.0,8,1,0.31238480590820306,54.41,79.55,80.12
QQQ,2026-09-21,2026-10-16,C,663.0,12,14,0.30725790405273434,58.71,78.52,79.07
QQQ,2026-09-21,2026-10-16,C,664.0,37,1,0.3002999658203125,82.16,77.54,77.97
QQQ,2026-09-21,2026-10-16,C,665.0,489,15,0.29932341308593746,78.59,76.57,77.03
QQQ,2026-09-21,2026-10-16,C,666.0,10,6,0.2957834094238281,57.55,75.61,76.02
QQQ,2026-09-21,2026-10-16,C,667.0,39,4,0.29395237304687494,56.55,74.65,75.06
QQQ,2026-09-21,2026-10-16,C,668.0,8,1,0.2921213366699218,53.42,73.69,74.1
QQQ,2026-09-21,2026-10-16,C,669.0,17,2,0.29169409484863273,54.44,72.73,73.18
QQQ,2026-09-21,2026-10-16,C,670.0,677,4,0.2880930566406249,71.97,71.77,72.17
QQQ,2026-09-21,2026-10-16,C,671.0,28,1,0.28613995117187496,49.79,70.81,71.21
QQQ,2026-09-21,2026-10-16,C,672.0,122,4,0.2858347784423828,52.28,69.85,70.3
QQQ,2026-09-21,2026-10-16,C,673.0,29,5,0.28284408569335934,65.7,68.9,69.31
QQQ,2026-09-21,2026-10-16,C,674.0,58,2,0.28241684387207033,49.86,67.94,68.4
QQQ,2026-09-21,2026-10-16,C,675.0,529,2,0.27875477111816405,67.23,67.0,67.39
QQQ,2026-09-21,2026-10-16,C,676.0,60,3,0.2766795965576171,65.19,66.04,66.43
QQQ,2026-09-21,2026-10-16,C,677.0,163,2,0.27484856018066406,47.14,65.09,65.48
QQQ,2026-09-21,2026-10-16,C,678.0,61,3,0.27423821472167964,38.32,64.15,64.57
QQQ,2026-09-21,2026-10-16,C,679.0,66,2,0.27173579833984374,63.95,63.2,63.6
QQQ,2026-09-21,2026-10-16,C,680.0,1538,3,0.26947752014160153,62.52,62.25,62.64
QQQ,2026-09-21,2026-10-16,C,681.0,45,2,0.26807372558593745,43.56,61.31,61.71
QQQ,2026-09-21,2026-10-16,C,682.0,53,10,0.26605958557128906,61.76,60.37,60.76
QQQ,2026-09-21,2026-10-16,C,683.0,122,1,0.2639844110107422,64.67,59.43,59.81
QQQ,2026-09-21,2026-10-16,C,684.0,61,3,0.26215337463378907,40.93,58.5,58.87
QQQ,2026-09-21,2026-10-16,C,685.0,1128,2,0.2600171655273438,61.66,57.41,57.92
QQQ,2026-09-21,2026-10-16,C,686.0,122,1,0.264655791015625,37.33,56.63,57.23
QQQ,2026-09-21,2026-10-16,C,687.0,91,2,0.2600171655273438,47.56,55.69,56.19
QQQ,2026-09-21,2026-10-16,C,688.0,93,2,0.2569654382324219,34.99,54.77,55.21
QQQ,2026-09-21,2026-10-16,C,689.0,220,1,0.2568738864135742,35.27,53.71,54.35
QQQ,2026-09-21,2026-10-16,C,690.0,2689,8,0.2547071600341797,54.4,52.92,53.41
QQQ,2026-09-21,2026-10-16,C,691.0,104,1,0.25299819274902346,57.8,52.0,52.49
QQQ,2026-09-21,2026-10-16,C,692.0,310,3,0.2498243963623047,42.9,51.08,51.51
QQQ,2026-09-21,2026-10-16,C,693.0,153,2,0.24662008270263674,53.92,49.98,50.53
QQQ,2026-09-21,2026-10-16,C,694.0,119,1,0.24640646179199222,58.17,49.27,49.68
QQQ,2026-09-21,2026-10-16,C,695.0,1204,5,0.24829853271484376,48.83,48.35,48.93
QQQ,2026-09-21,2026-10-16,C,696.0,107,1,0.24185938812255858,53.1,47.25,47.81
QQQ,2026-09-21,2026-10-16,C,697.0,88,3,0.24268335449218748,49.32,46.54,47.02
QQQ,2026-09-21,2026-10-16,C,698.0,326,4,0.24100490447998046,48.8,45.64,46.12
QQQ,2026-09-21,2026-10-16,C,699.0,137,8,0.23651886535644528,45.11,44.75,45.09
QQQ,2026-09-21,2026-10-16,C,700.0,10332,36,0.23499300170898438,44.08,43.86,44.2
QQQ,2026-09-21,2026-10-16,C,701.0,185,1,0.23480989807128905,46.22,42.97,43.38
QQQ,2026-09-21,2026-10-16,C,702.0,268,4,0.23288730987548828,42.84,41.9,42.48
QQQ,2026-09-21,2026-10-16,C,703.0,263,1,0.23151403259277342,42.4,41.2,41.61
QQQ,2026-09-21,2026-10-16,C,704.0,250,2,0.23102575622558597,40.88,40.33,40.79
QQQ,2026-09-21,2026-10-16,C,705.0,4306,22,0.2283402362060547,41.64,39.46,39.86
QQQ,2026-09-21,2026-10-16,C,706.0,842,6,0.2267228207397461,41.37,38.59,38.99
QQQ,2026-09-21,2026-10-16,C,707.0,1235,18,0.22431195617675775,39.68,37.55,38.08
QQQ,2026-09-21,2026-10-16,C,708.0,1410,3,0.22473919799804684,44.73,36.88,37.33
QQQ,2026-09-21,2026-10-16,C,709.0,1376,5,0.2209245388793945,37.56,36.02,36.35
QQQ,2026-09-21,2026-10-16,C,710.0,5724,108,0.22168747070312497,36.19,35.18,35.63
QQQ,2026-09-21,2026-10-16,C,711.0,850,1,0.2177507424926758,38.42,34.4,34.65
QQQ,2026-09-21,2026-10-16,C,712.0,8998,2,0.21707936248779297,36.0,33.5,33.86
QQQ,2026-09-21,2026-10-16,C,713.0,1566,1,0.21695729339599606,33.49,32.68,33.11
QQQ,2026-09-21,2026-10-16,C,714.0,2703,14,0.2137224624633789,32.5,31.85,32.18
QQQ,2026-09-21,2026-10-16,C,715.0,7722,76,0.2137224624633789,31.39,31.07,31.45
QQQ,2026-09-21,2026-10-16,C,716.0,1508,19,0.211647287902832,31.18,30.23,30.6
QQQ,2026-09-21,2026-10-16,C,717.0,2396,10,0.20902280242919918,30.9,29.43,29.72
QQQ,2026-09-21,2026-10-16,C,718.0,9312,2,0.20838193969726557,29.89,28.67,28.97
QQQ,2026-09-21,2026-10-16,C,719.0,3240,162,0.20667297241210933,34.71,28.04,28.16
QQQ,2026-09-21,2026-10-16,C,720.0,18518,238,0.20536072967529295,27.31,27.26,27.38
QQQ,2026-09-21,2026-10-16,C,721.0,2043,37,0.20359072784423826,27.24,26.47,26.58
QQQ,2026-09-21,2026-10-16,C,722.0,1088,101,0.2026752096557617,26.2,25.72,25.84
QQQ,2026-09-21,2026-10-16,C,723.0,1538,243,0.20099675964355468,26.07,24.93,25.06
QQQ,2026-09-21,2026-10-16,C,724.0,1758,314,0.19998968963623048,25.32,24.22,24.33
QQQ,2026-09-21,2026-10-16,C,725.0,10162,771,0.19870796417236325,23.77,23.45,23.59
QQQ,2026-09-21,2026-10-16,C,726.0,2245,20,0.196998996887207,24.34,22.73,22.83
QQQ,2026-09-21,2026-10-16,C,727.0,1910,7,0.19605296142578127,22.88,21.99,22.13
QQQ,2026-09-21,2026-10-16,C,728.0,2357,153,0.1947102014160156,21.97,21.28,21.41
QQQ,2026-09-21,2026-10-16,C,729.0,1551,16,0.19321485504150393,20.82,20.56,20.69
QQQ,2026-09-21,2026-10-16,C,730.0,16511,550,0.19175002593994145,19.91,19.9,19.98
QQQ,2026-09-21,2026-10-16,C,731.0,2846,281,0.19098709411621095,19.7,19.2,19.33
QQQ,2026-09-21,2026-10-16,C,732.0,1370,15,0.18982743774414065,18.76,18.56,18.66
QQQ,2026-09-21,2026-10-16,C,733.0,2318,19,0.18851519500732422,18.06,17.89,17.99
QQQ,2026-09-21,2026-10-16,C,734.0,3767,14,0.18775226318359373,17.43,17.25,17.37
QQQ,2026-09-21,2026-10-16,C,735.0,12349,727,0.18644002044677732,16.42,16.62,16.72
QQQ,2026-09-21,2026-10-16,C,736.0,1469,57,0.18473105316162108,15.94,15.95,16.05
QQQ,2026-09-21,2026-10-16,C,737.0,1059,27,0.18367820724487305,15.62,15.33,15.44
QQQ,2026-09-21,2026-10-16,C,738.0,1362,131,0.18274743041992186,14.75,14.76,14.85
QQQ,2026-09-21,2026-10-16,C,739.0,2641,709,0.1815267395019531,14.24,14.17,14.25
QQQ,2026-09-21,2026-10-16,C,740.0,29662,2478,0.18003139312744143,13.72,13.58,13.64
QQQ,2026-09-21,2026-10-16,C,741.0,795,287,0.1789022540283203,12.98,12.99,13.07
QQQ,2026-09-21,2026-10-16,C,742.0,1325,777,0.17816983947753906,12.56,12.49,12.54
QQQ,2026-09-21,2026-10-16,C,743.0,1776,530,0.17685759674072266,12.05,11.95,11.98
QQQ,2026-09-21,2026-10-16,C,744.0,1653,498,0.17594207855224608,11.45,11.42,11.46
QQQ,2026-09-21,2026-10-16,C,745.0,17153,4468,0.1751181121826172,10.82,10.92,10.96
QQQ,2026-09-21,2026-10-16,C,746.0,1900,599,0.174111042175293,10.57,10.43,10.46
QQQ,2026-09-21,2026-10-16,C,747.0,2624,347,0.17295138580322267,10.03,9.95,9.96
QQQ,2026-09-21,2026-10-16,C,748.0,1997,423,0.17243259216308598,9.42,9.47,9.52
QQQ,2026-09-21,2026-10-16,C,749.0,1925,589,0.17108983215332033,8.97,9.0,9.03
QQQ,2026-09-21,2026-10-16,C,750.0,35563,5358,0.17023534851074223,8.52,8.58,8.59
QQQ,2026-09-21,2026-10-16,C,751.0,485,353,0.16947241668701174,8.19,8.13,8.17
QQQ,2026-09-21,2026-10-16,C,752.0,5093,792,0.16880103668212892,7.81,7.73,7.77
QQQ,2026-09-21,2026-10-16,C,753.0,545,1042,0.16797707031250003,7.25,7.34,7.37
QQQ,2026-09-21,2026-10-16,C,754.0,661,569,0.167275173034668,6.94,6.96,6.99
QQQ,2026-09-21,2026-10-16,C,755.0,19361,1508,0.16620706848144534,6.59,6.57,6.6
QQQ,2026-09-21,2026-10-16,C,756.0,5431,487,0.16571879211425783,6.23,6.21,6.26
QQQ,2026-09-21,2026-10-16,C,757.0,2191,986,0.1648643084716797,5.98,5.87,5.91
QQQ,2026-09-21,2026-10-16,C,758.0,1911,699,0.16416241119384767,5.65,5.55,5.58
QQQ,2026-09-21,2026-10-16,C,759.0,2654,1033,0.1635520657348633,5.23,5.23,5.27
QQQ,2026-09-21,2026-10-16,C,760.0,77519,8721,0.16309430664062502,4.95,4.96,4.98
QQQ,2026-09-21,2026-10-16,C,761.0,639,1185,0.16211775390625,4.64,4.64,4.67
QQQ,2026-09-21,2026-10-16,C,762.0,339,1025,0.16162947753906248,4.43,4.36,4.4
QQQ,2026-09-21,2026-10-16,C,763.0,576,1028,0.16089706298828127,4.17,4.1,4.13
QQQ,2026-09-21,2026-10-16,C,764.0,468,648,0.16071395935058597,3.88,3.87,3.9
QQQ,2026-09-21,2026-10-16,C,765.0,10411,1687,0.1601646484375,3.62,3.63,3.66
QQQ,2026-09-21,2026-10-16,C,766.0,556,1297,0.1595848202514648,3.44,3.4,3.43
QQQ,2026-09-21,2026-10-16,C,767.0,275,404,0.1590049920654297,3.2,3.19,3.21
QQQ,2026-09-21,2026-10-16,C,768.0,574,289,0.1588218884277344,3.03,2.99,3.02
QQQ,2026-09-21,2026-10-16,C,769.0,582,509,0.15824206024169923,2.79,2.79,2.82
QQQ,2026-09-21,2026-10-16,C,770.0,29121,2112,0.15808947387695313,2.63,2.62,2.65
QQQ,2026-09-21,2026-10-16,C,771.0,176,498,0.15775378387451172,2.49,2.46,2.48
QQQ,2026-09-21,2026-10-16,C,772.0,1239,843,0.15747912841796874,2.33,2.3,2.32
QQQ,2026-09-21,2026-10-16,C,773.0,228,403,0.157234990234375,2.18,2.14,2.17
QQQ,2026-09-21,2026-10-16,C,774.0,380,556,0.15677723114013675,2.01,2.0,2.02
QQQ,2026-09-21,2026-10-16,C,775.0,45255,1654,0.1568687829589844,1.88,1.88,1.9
QQQ,2026-09-21,2026-10-16,C,780.0,9062,6341,0.15570912658691405,1.32,1.32,1.33
QQQ,2026-09-21,2026-10-16,C,785.0,15434,813,0.15613636840820314,0.96,0.93,0.95
QQQ,2026-09-21,2026-10-16,C,790.0,3169,626,0.15662464477539065,0.67,0.65,0.67
QQQ,2026-09-21,2026-10-16,C,795.0,4201,914,0.15857775024414064,0.49,0.47,0.49
QQQ,2026-09-21,2026-10-16,C,800.0,29393,5389,0.16004257934570312,0.35,0.33,0.35
QQQ,2026-09-21,2026-10-16,C,805.0,2860,184,0.1626060302734375,0.29,0.24,0.26
QQQ,2026-09-21,2026-10-16,C,810.0,2649,210,0.16480327392578126,0.19,0.17,0.19
QQQ,2026-09-21,2026-10-16,C,815.0,1769,127,0.1687094848632813,0.16,0.14,0.15
QQQ,2026-09-21,2026-10-16,C,820.0,4883,104,0.17285983398437502,0.16,0.1,0.12
QQQ,2026-09-21,2026-10-16,C,825.0,7332,6,0.1772543212890625,0.09,0.07,0.1
QQQ,2026-09-21,2026-10-16,C,830.0,2398,114,0.18116053222656248,0.07,0.06,0.08
QQQ,2026-09-21,2026-10-16,C,835.0,1857,51,0.186531572265625,0.06,0.04,0.07
QQQ,2026-09-21,2026-10-16,C,840.0,3580,1,0.1914143359375,0.06,0.05,0.06
QQQ,2026-09-21,2026-10-16,C,845.0,1575,53,0.195320546875,0.08,0.02,0.05
QQQ,2026-09-21,2026-10-16,C,850.0,7136,100,0.20313296874999998,0.05,0.02,0.05
QQQ,2026-09-21,2026-10-16,C,855.0,611,840,0.21094539062499998,0.03,0.01,0.05
QQQ,2026-09-21,2026-10-16,C,860.0,902,18,0.213875048828125,0.05,0.01,0.04
QQQ,2026-09-21,2026-10-16,C,865.0,996,560,0.22071091796874998,0.04,0.01,0.04
QQQ,2026-09-21,2026-10-16,C,870.0,336,620,0.22852333984375,0.04,0.01,0.04
QQQ,2026-09-21,2026-10-16,C,875.0,312,480,0.23535920898437498,0.02,0.01,0.04
QQQ,2026-09-21,2026-10-16,C,880.0,1333,740,0.242195078125,0.02,0.01,0.04
QQQ,2026-09-21,2026-10-16,C,885.0,3321,620,0.2500075,0.03,0.0,0.04
QQQ,2026-09-21,2026-10-16,C,890.0,303,645,0.2500075,0.02,0.01,0.03
QQQ,2026-09-21,2026-10-16,C,895.0,481,440,0.25586681640625003,0.02,0.0,0.03
QQQ,2026-09-21,2026-10-16,C,900.0,17820,365,0.26367923828125,0.01,0.0,0.03
QQQ,2026-09-21,2026-10-16,C,905.0,187,540,0.2695385546875,0.02,0.0,0.03
QQQ,2026-09-21,2026-10-16,C,910.0,553,720,0.27735097656249996,0.03,0.0,0.03
QQQ,2026-09-21,2026-10-16,C,915.0,216,360,0.28321029296874994,0.02,0.0,0.03
QQQ,2026-09-21,2026-10-16,C,920.0,6509,930,0.2890696093749999,0.01,0.0,0.03
QQQ,2026-09-21,2026-10-16,C,925.0,893,630,0.29688203124999996,0.04,0.0,0.03
QQQ,2026-09-21,2026-10-16,C,930.0,144,224,0.30274134765625,0.01,0.0,0.03
QQQ,2026-09-21,2026-10-16,C,935.0,81,300,0.3086006640625,0.03,0.0,0.03
QQQ,2026-09-21,2026-10-16,C,940.0,659,60,0.31641308593749995,0.02,0.0,0.03
QQQ,2026-09-21,2026-10-16,C,945.0,225,120,0.32227240234374993,0.01,0.0,0.03
QQQ,2026-09-21,2026-10-16,C,950.0,907,4,0.32813171874999997,0.04,0.0,0.03
QQQ,2026-09-21,2026-10-16,C,955.0,0,1,0.2500075,0.08,0.0,0.0
QQQ,2026-09-21,2026-10-16,C,960.0,0,20,0.2500075,0.03,0.0,0.0
QQQ,2026-09-21,2026-10-16,C,965.0,0,6,0.2500075,0.04,0.0,0.0
QQQ,2026-09-21,2026-10-16,C,970.0,15739,10,0.35352208984374994,0.02,0.0,0.03
QQQ,2026-09-21,2026-10-16,C,975.0,98,12,0.35938140625,0.18,0.0,0.03
QQQ,2026-09-21,2026-10-16,C,980.0,0,86,0.2500075,0.05,0.0,0.0
QQQ,2026-09-21,2026-10-16,C,985.0,30,1,0.3711000390625,0.34,0.0,0.03
QQQ,2026-09-21,2026-10-16,C,990.0,0,1,0.2500075,0.03,0.0,0.0
QQQ,2026-09-21,2026-10-16,C,1000.0,0,6,0.2500075,0.05,0.0,0.0
QQQ,2026-09-21,2026-10-16,C,1010.0,0,122,0.2500075,0.05,0.0,0.0
QQQ,2026-09-21,2026-10-16,C,1015.0,2,1,0.4062559375,0.05,0.0,0.03
QQQ,2026-09-21,2026-10-16,C,1020.0,0,8,0.2500075,0.05,0.0,0.0
QQQ,2026-09-21,2026-10-16,C,1025.0,50,0,0.41797457031249996,0.08,0.0,0.03
QQQ,2026-09-21,2026-10-16,C,1030.0,0,6,0.2500075,0.05,0.0,0.0
QQQ,2026-09-21,2026-10-16,C,1035.0,50,0,0.42774009765625004,0.06,0.0,0.03
QQQ,2026-09-21,2026-10-16,C,1040.0,0,30,0.2500075,0.05,0.0,0.0
QQQ,2026-09-21,2026-10-16,C,1045.0,0,1,0.2500075,0.04,0.0,0.0
QQQ,2026-09-21,2026-10-16,C,1050.0,0,100,0.2500075,0.04,0.0,0.0
QQQ,2026-09-21,2026-10-16,C,1055.0,0,5,0.2500075,0.05,0.0,0.0
QQQ,2026-09-21,2026-10-16,C,1060.0,16,1,0.41797457031249996,0.01,0.0,0.01
QQQ,2026-09-21,2026-10-16,C,1065.0,0,6,0.2500075,0.04,0.0,0.0
QQQ,2026-09-21,2026-10-16,C,1070.0,0,2,0.2500075,0.04,0.0,0.0
QQQ,2026-09-21,2026-10-16,C,1075.0,687,10,0.45703667968750006,0.02,0.0,0.02
QQQ,2026-09-21,2026-10-16,C,1080.0,0,412,0.2500075,0.04,0.0,0.0
QQQ,2026-09-21,2026-10-16,C,1085.0,8716,15,0.46484910156250003,0.03,0.0,0.02
QQQ,2026-09-21,2026-10-16,P,300.0,1999,60,0.98437515625,0.02,0.0,0.01
QQQ,2026-09-21,2026-10-16,P,305.0,830,1,1.0468797656250002,0.01,0.0,0.03
QQQ,2026-09-21,2026-10-16,P,310.0,337,1,1.0234423828125,0.02,0.0,0.03
QQQ,2026-09-21,2026-10-16,P,315.0,418,1,1.0078174609375,0.03,0.0,0.03
QQQ,2026-09-21,2026-10-16,P,320.0,271,22,0.98437515625,0.03,0.0,0.03
QQQ,2026-09-21,2026-10-16,P,325.0,219,2,0.9687503125,0.02,0.0,0.03
QQQ,2026-09-21,2026-10-16,P,330.0,389,100,0.9531254687499999,0.02,0.0,0.03
QQQ,2026-09-21,2026-10-16,P,335.0,435,501,0.937500625,0.01,0.0,0.03
QQQ,2026-09-21,2026-10-16,P,340.0,370,460,0.92187578125,0.01,0.0,0.03
QQQ,2026-09-21,2026-10-16,P,345.0,610,480,0.92187578125,0.01,0.01,0.03
QQQ,2026-09-21,2026-10-16,P,350.0,343,520,0.92187578125,0.03,0.01,0.04
QQQ,2026-09-21,2026-10-16,P,355.0,279,540,0.9062509375,0.03,0.01,0.04
QQQ,2026-09-21,2026-10-16,P,360.0,328,60,0.8906260937499999,0.01,0.01,0.04
QQQ,2026-09-21,2026-10-16,P,365.0,232,500,0.85937640625,0.01,0.01,0.03
QQQ,2026-09-21,2026-10-16,P,370.0,782,20,0.85937640625,0.04,0.01,0.04
QQQ,2026-09-21,2026-10-16,P,375.0,299,580,0.8398453515625,0.01,0.01,0.04
QQQ,2026-09-21,2026-10-16,P,380.0,560,860,0.8281267187499999,0.01,0.01,0.04
QQQ,2026-09-21,2026-10-16,P,385.0,406,260,0.8125018749999999,0.02,0.01,0.04
QQQ,2026-09-21,2026-10-16,P,390.0,326,600,0.79687703125,0.04,0.01,0.04
QQQ,2026-09-21,2026-10-16,P,395.0,389,780,0.7812521875,0.01,0.01,0.04
QQQ,2026-09-21,2026-10-16,P,400.0,2050,861,0.7656273437500001,0.02,0.01,0.04
QQQ,2026-09-21,2026-10-16,P,405.0,645,660,0.7500025,0.01,0.01,0.04
QQQ,2026-09-21,2026-10-16,P,410.0,744,800,0.73437765625,0.01,0.01,0.04
QQQ,2026-09-21,2026-10-16,P,415.0,412,180,0.7226590234375,0.03,0.01,0.04
QQQ,2026-09-21,2026-10-16,P,420.0,132,1,0.7187528125,0.02,0.02,0.04
QQQ,2026-09-21,2026-10-16,P,425.0,240,360,0.6953155468750001,0.01,0.01,0.04
QQQ,2026-09-21,2026-10-16,P,430.0,387,80,0.6796907031250001,0.01,0.01,0.04
QQQ,2026-09-21,2026-10-16,P,435.0,732,240,0.6679720703125002,0.02,0.01,0.04
QQQ,2026-09-21,2026-10-16,P,440.0,1006,80,0.6523472265625001,0.02,0.01,0.04
QQQ,2026-09-21,2026-10-16,P,445.0,1090,162,0.64062859375,0.01,0.01,0.04
QQQ,2026-09-21,2026-10-16,P,450.0,11160,105,0.6250037500000001,0.01,0.01,0.04
QQQ,2026-09-21,2026-10-16,P,455.0,123,160,0.6132851171875001,0.03,0.01,0.04
QQQ,2026-09-21,2026-10-16,P,460.0,1230,200,0.6093789062500001,0.05,0.01,0.05
QQQ,2026-09-21,2026-10-16,P,465.0,477,802,0.6054726953125001,0.03,0.02,0.05
QQQ,2026-09-21,2026-10-16,P,470.0,2101,161,0.5918009570312501,0.03,0.02,0.05
QQQ,2026-09-21,2026-10-16,P,475.0,794,21,0.57812921875,0.04,0.02,0.05
QQQ,2026-09-21,2026-10-16,P,480.0,485,40,0.5664105859375,0.05,0.02,0.05
QQQ,2026-09-21,2026-10-16,P,485.0,436,16,0.5664105859375,0.05,0.03,0.06
QQQ,2026-09-21,2026-10-16,P,490.0,2512,1,0.55273884765625,0.05,0.03,0.06
QQQ,2026-09-21,2026-10-16,P,495.0,417,6,0.5449264257812501,0.06,0.04,0.06
QQQ,2026-09-21,2026-10-16,P,500.0,6649,467,0.5371140039062501,0.05,0.04,0.07
QQQ,2026-09-21,2026-10-16,P,505.0,463,212,0.52539537109375,0.06,0.04,0.07
QQQ,2026-09-21,2026-10-16,P,510.0,875,11,0.5214891601562499,0.07,0.05,0.08
QQQ,2026-09-21,2026-10-16,P,515.0,12437,1,0.51562984375,0.09,0.06,0.09
QQQ,2026-09-21,2026-10-16,P,520.0,5525,10,0.5097705273437501,0.08,0.07,0.1
QQQ,2026-09-21,2026-10-16,P,525.0,5498,50,0.5019581054687501,0.09,0.08,0.11
QQQ,2026-09-21,2026-10-16,P,530.0,1605,72,0.5019581054687501,0.1,0.09,0.12
QQQ,2026-09-21,2026-10-16,P,535.0,1288,3,0.4931691308593751,0.11,0.1,0.13
QQQ,2026-09-21,2026-10-16,P,540.0,7811,91,0.48438015625,0.12,0.12,0.14
QQQ,2026-09-21,2026-10-16,P,545.0,1012,126,0.48242705078125003,0.13,0.13,0.17
QQQ,2026-09-21,2026-10-16,P,550.0,16893,25,0.46924358886718753,0.16,0.15,0.17
QQQ,2026-09-21,2026-10-16,P,555.0,1436,15,0.4624077197265626,0.16,0.16,0.19
QQQ,2026-09-21,2026-10-16,P,560.0,2780,250,0.4545952978515625,0.19,0.19,0.21
QQQ,2026-09-21,2026-10-16,P,565.0,955,1,0.44434149414062496,0.19,0.2,0.22
QQQ,2026-09-21,2026-10-16,P,570.0,16156,106,0.43604079589843747,0.21,0.23,0.24
QQQ,2026-09-21,2026-10-16,P,575.0,5158,30,0.42969320312500003,0.25,0.25,0.27
QQQ,2026-09-21,2026-10-16,P,580.0,3997,150,0.42236905761718746,0.26,0.28,0.3
QQQ,2026-09-21,2026-10-16,P,585.0,4838,2,0.41260353027343744,0.28,0.3,0.32
QQQ,2026-09-21,2026-10-16,P,590.0,4783,29,0.4028380029296875,0.34,0.33,0.34
QQQ,2026-09-21,2026-10-16,P,595.0,8612,6,0.3942931665039063,0.33,0.36,0.37
QQQ,2026-09-21,2026-10-16,P,600.0,13541,119,0.38672488281249995,0.38,0.39,0.41
QQQ,2026-09-21,2026-10-16,P,605.0,11450,2,0.375982802734375,0.38,0.41,0.43
QQQ,2026-09-21,2026-10-16,P,610.0,17899,21,0.36890279541015625,0.46,0.46,0.48
QQQ,2026-09-21,2026-10-16,P,615.0,4246,26,0.35986968261718744,0.47,0.5,0.52
QQQ,2026-09-21,2026-10-16,P,620.0,26130,54,0.3513248461914062,0.52,0.55,0.57
QQQ,2026-09-21,2026-10-16,P,621.0,27,20,0.348639326171875,0.53,0.56,0.57
QQQ,2026-09-21,2026-10-16,P,622.0,10,0,0.3479069116210937,0.51,0.57,0.59
QQQ,2026-09-21,2026-10-16,P,623.0,33,500,0.3452213916015625,0.52,0.58,0.59
QQQ,2026-09-21,2026-10-16,P,624.0,4,9,0.34326828613281246,0.55,0.59,0.6
QQQ,2026-09-21,2026-10-16,P,625.0,16082,126,0.3425358715820312,0.57,0.6,0.62
QQQ,2026-09-21,2026-10-16,P,630.0,21085,259,0.33386896606445315,0.59,0.66,0.68
QQQ,2026-09-21,2026-10-16,P,633.0,51,0,0.3288641333007812,0.55,0.69,0.72
QQQ,2026-09-21,2026-10-16,P,635.0,3611,44,0.32398136962890617,0.69,0.71,0.73
QQQ,2026-09-21,2026-10-16,P,640.0,24987,580,0.31592480957031244,0.81,0.79,0.81
QQQ,2026-09-21,2026-10-16,P,643.0,4,0,0.31018756225585936,0.71,0.84,0.85
QQQ,2026-09-21,2026-10-16,P,644.0,5,0,0.30933307861328124,0.72,0.85,0.88
QQQ,2026-09-21,2026-10-16,P,645.0,4330,387,0.3064034204101562,0.88,0.87,0.88
QQQ,2026-09-21,2026-10-16,P,647.0,34,0,0.30335169311523436,0.71,0.91,0.92
QQQ,2026-09-21,2026-10-16,P,648.0,2,0,0.3016427258300781,0.9,0.92,0.94
QQQ,2026-09-21,2026-10-16,P,650.0,28382,2336,0.29895720581054686,0.98,0.97,0.99
QQQ,2026-09-21,2026-10-16,P,651.0,317,2,0.2960275476074219,0.83,0.98,0.99
QQQ,2026-09-21,2026-10-16,P,652.0,818,4,0.2954172021484375,0.96,1.01,1.03
QQQ,2026-09-21,2026-10-16,P,653.0,762,206,0.2930978894042968,0.98,1.02,1.04
QQQ,2026-09-21,2026-10-16,P,654.0,618,9,0.2912668530273437,0.81,1.05,1.06
QQQ,2026-09-21,2026-10-16,P,655.0,8707,504,0.28992409301757804,1.01,1.07,1.09
QQQ,2026-09-21,2026-10-16,P,656.0,2110,3,0.2880930566406249,0.9,1.09,1.11
QQQ,2026-09-21,2026-10-16,P,657.0,666,36,0.28626202026367187,1.06,1.12,1.13
QQQ,2026-09-21,2026-10-16,P,658.0,567,5,0.28479719116210933,0.92,1.15,1.16
QQQ,2026-09-21,2026-10-16,P,659.0,275,8,0.2833323620605468,1.04,1.18,1.19
QQQ,2026-09-21,2026-10-16,P,660.0,34540,734,0.28137925659179686,1.14,1.2,1.21
QQQ,2026-09-21,2026-10-16,P,661.0,678,10,0.27985339294433587,1.12,1.23,1.24
QQQ,2026-09-21,2026-10-16,P,662.0,1726,20,0.27826649475097653,1.23,1.26,1.27
QQQ,2026-09-21,2026-10-16,P,663.0,701,2,0.2766795965576171,1.18,1.28,1.3
QQQ,2026-09-21,2026-10-16,P,664.0,2181,28,0.2745433874511719,1.19,1.3,1.32
QQQ,2026-09-21,2026-10-16,P,665.0,13265,216,0.27332269653320307,1.27,1.35,1.36
QQQ,2026-09-21,2026-10-16,P,666.0,660,64,0.27210200561523434,1.2,1.38,1.4
QQQ,2026-09-21,2026-10-16,P,667.0,819,10,0.27027096923828126,1.22,1.42,1.43
QQQ,2026-09-21,2026-10-16,P,668.0,790,24,0.26892820922851557,1.16,1.45,1.47
QQQ,2026-09-21,2026-10-16,P,669.0,850,16,0.2666699310302735,1.2,1.48,1.49
QQQ,2026-09-21,2026-10-16,P,670.0,50347,1394,0.26520510192871094,1.53,1.52,1.53
QQQ,2026-09-21,2026-10-16,P,671.0,613,12,0.26367923828125,1.29,1.56,1.57
QQQ,2026-09-21,2026-10-16,P,672.0,485,69,0.26215337463378907,1.5,1.59,1.61
QQQ,2026-09-21,2026-10-16,P,673.0,2818,152,0.26129889099121095,1.54,1.64,1.67
QQQ,2026-09-21,2026-10-16,P,674.0,3035,52,0.25891854370117195,1.6,1.68,1.69
QQQ,2026-09-21,2026-10-16,P,675.0,24336,386,0.25794199096679693,1.65,1.73,1.75
QQQ,2026-09-21,2026-10-16,P,676.0,510,37,0.25586681640625003,1.53,1.77,1.78
QQQ,2026-09-21,2026-10-16,P,677.0,853,22,0.25440198730468755,1.58,1.81,1.83
QQQ,2026-09-21,2026-10-16,P,678.0,1804,77,0.252937158203125,1.87,1.86,1.88
QQQ,2026-09-21,2026-10-16,P,679.0,1069,96,0.251411294555664,1.58,1.92,1.93
QQQ,2026-09-21,2026-10-16,P,680.0,37965,544,0.2498243963623047,1.97,1.96,1.98
QQQ,2026-09-21,2026-10-16,P,681.0,1125,148,0.24817646362304688,2.03,2.02,2.03
QQQ,2026-09-21,2026-10-16,P,682.0,1940,50,0.24683370361328127,2.0,2.07,2.09
QQQ,2026-09-21,2026-10-16,P,683.0,1585,652,0.2454299090576172,2.05,2.14,2.15
QQQ,2026-09-21,2026-10-16,P,684.0,759,97,0.24451439086914065,2.05,2.2,2.23
QQQ,2026-09-21,2026-10-16,P,685.0,10764,702,0.2423781817626953,2.29,2.25,2.27
QQQ,2026-09-21,2026-10-16,P,686.0,1972,105,0.24134059448242187,2.3,2.33,2.35
QQQ,2026-09-21,2026-10-16,P,687.0,1569,124,0.23944852355957028,2.25,2.39,2.4
QQQ,2026-09-21,2026-10-16,P,688.0,824,115,0.23798369445800777,2.44,2.45,2.47
QQQ,2026-09-21,2026-10-16,P,689.0,1165,65,0.23651886535644528,2.5,2.53,2.54
QQQ,2026-09-21,2026-10-16,P,690.0,22739,912,0.23548127807617186,2.63,2.61,2.63
QQQ,2026-09-21,2026-10-16,P,691.0,1129,74,0.2335892071533203,2.56,2.67,2.69
QQQ,2026-09-21,2026-10-16,P,692.0,871,376,0.23218541259765624,2.63,2.75,2.77
QQQ,2026-09-21,2026-10-16,P,693.0,1672,333,0.2309647216796875,2.73,2.83,2.86
QQQ,2026-09-21,2026-10-16,P,694.0,866,249,0.2291336853027344,2.9,2.91,2.93
QQQ,2026-09-21,2026-10-16,P,695.0,36980,408,0.22779092529296874,3.02,3.0,3.02
QQQ,2026-09-21,2026-10-16,P,696.0,1506,238,0.2268143725585937,2.55,3.11,3.13
QQQ,2026-09-21,2026-10-16,P,697.0,1389,199,0.22528850891113278,2.76,3.21,3.22
QQQ,2026-09-21,2026-10-16,P,698.0,581,115,0.2237016107177734,3.27,3.3,3.31
QQQ,2026-09-21,2026-10-16,P,699.0,1602,356,0.22226729888916014,3.37,3.39,3.41
QQQ,2026-09-21,2026-10-16,P,700.0,71180,5004,0.22098557342529296,3.52,3.5,3.52
QQQ,2026-09-21,2026-10-16,P,701.0,1044,74,0.21982591705322263,3.22,3.63,3.64
QQQ,2026-09-21,2026-10-16,P,702.0,1865,533,0.2181779843139648,3.74,3.72,3.74
QQQ,2026-09-21,2026-10-16,P,703.0,2787,96,0.21686574157714844,3.7,3.84,3.86
QQQ,2026-09-21,2026-10-16,P,704.0,1627,75,0.21546194702148438,3.8,3.96,3.98
QQQ,2026-09-21,2026-10-16,P,705.0,43279,1152,0.21436332519531248,4.12,4.1,4.12
QQQ,2026-09-21,2026-10-16,P,706.0,1744,92,0.21262384063720702,4.01,4.2,4.23
QQQ,2026-09-21,2026-10-16,P,707.0,2070,1796,0.211372632446289,4.42,4.35,4.37
QQQ,2026-09-21,2026-10-16,P,708.0,2525,213,0.21057918334960937,4.58,4.5,4.54
QQQ,2026-09-21,2026-10-16,P,709.0,1767,182,0.20896176788330073,4.58,4.66,4.67
QQQ,2026-09-21,2026-10-16,P,710.0,19598,2375,0.20780211151123046,4.74,4.81,4.83
QQQ,2026-09-21,2026-10-16,P,711.0,1846,166,0.20618469604492184,5.0,4.94,4.97
QQQ,2026-09-21,2026-10-16,P,712.0,12557,233,0.20517762603759765,4.69,5.13,5.15
QQQ,2026-09-21,2026-10-16,P,713.0,15547,2890,0.20389590057373047,5.3,5.3,5.32
QQQ,2026-09-21,2026-10-16,P,714.0,1418,118,0.20270572692871092,5.0,5.45,5.5
QQQ,2026-09-21,2026-10-16,P,715.0,16155,2044,0.2007221041870117,5.7,5.61,5.64
QQQ,2026-09-21,2026-10-16,P,716.0,12211,464,0.19995917236328126,5.77,5.83,5.86
QQQ,2026-09-21,2026-10-16,P,717.0,2727,789,0.19831123962402342,5.96,5.99,6.03
QQQ,2026-09-21,2026-10-16,P,718.0,3745,461,0.19684641052246094,6.25,6.19,6.22
QQQ,2026-09-21,2026-10-16,P,719.0,3574,220,0.1956257196044922,6.34,6.39,6.43
QQQ,2026-09-21,2026-10-16,P,720.0,11713,4399,0.19458813232421873,6.67,6.64,6.66
QQQ,2026-09-21,2026-10-16,P,721.0,1297,231,0.19406933868408205,6.69,6.89,6.93
QQQ,2026-09-21,2026-10-16,P,722.0,1017,263,0.19248244049072266,7.12,7.09,7.14
QQQ,2026-09-21,2026-10-16,P,723.0,543,617,0.19095657684326173,7.18,7.32,7.36
QQQ,2026-09-21,2026-10-16,P,724.0,831,137,0.1901936450195313,6.68,7.59,7.64
QQQ,2026-09-21,2026-10-16,P,725.0,12328,1663,0.1883015740966797,7.86,7.83,7.85
QQQ,2026-09-21,2026-10-16,P,726.0,632,71,0.18744709045410157,8.17,8.12,8.14
QQQ,2026-09-21,2026-10-16,P,727.0,340,192,0.1867146759033203,8.54,8.39,8.45
QQQ,2026-09-21,2026-10-16,P,728.0,1284,140,0.1854634677124023,8.67,8.69,8.73
QQQ,2026-09-21,2026-10-16,P,729.0,512,264,0.18476157043457028,8.59,9.0,9.06
QQQ,2026-09-21,2026-10-16,P,730.0,11894,5047,0.18253380950927733,9.23,9.26,9.29
QQQ,2026-09-21,2026-10-16,P,731.0,1171,340,0.18170984313964844,9.75,9.6,9.63
QQQ,2026-09-21,2026-10-16,P,732.0,795,440,0.1804738935852051,10.07,9.94,9.95
QQQ,2026-09-21,2026-10-16,P,733.0,726,562,0.1792379440307617,10.3,10.26,10.28
QQQ,2026-09-21,2026-10-16,P,734.0,740,408,0.17826139129638674,10.7,10.62,10.64
QQQ,2026-09-21,2026-10-16,P,735.0,4319,3355,0.1769796658325195,11.0,10.97,10.99
QQQ,2026-09-21,2026-10-16,P,736.0,743,473,0.1762472512817383,11.51,11.35,11.39
QQQ,2026-09-21,2026-10-16,P,737.0,773,253,0.17524018127441404,11.68,11.74,11.78
QQQ,2026-09-21,2026-10-16,P,738.0,608,864,0.1745993185424805,12.05,12.16,12.21
QQQ,2026-09-21,2026-10-16,P,739.0,670,444,0.17325655853271482,12.62,12.57,12.6
QQQ,2026-09-21,2026-10-16,P,740.0,16406,4502,0.17191379852294925,13.08,12.95,13.0
QQQ,2026-09-21,2026-10-16,P,741.0,301,1055,0.17145603942871096,13.5,13.41,13.48
QQQ,2026-09-21,2026-10-16,P,742.0,1778,465,0.17017431396484378,13.57,13.87,13.91
QQQ,2026-09-21,2026-10-16,P,743.0,385,1029,0.1692587957763672,13.91,14.31,14.38
QQQ,2026-09-21,2026-10-16,P,744.0,648,918,0.16855689849853522,14.92,14.81,14.88
QQQ,2026-09-21,2026-10-16,P,745.0,4593,2596,0.16770241485595705,15.36,15.3,15.38
QQQ,2026-09-21,2026-10-16,P,746.0,578,368,0.16748879394531252,15.6,15.81,15.94
QQQ,2026-09-21,2026-10-16,P,747.0,1306,146,0.16629862030029302,16.5,16.32,16.44
QQQ,2026-09-21,2026-10-16,P,748.0,271,94,0.1651999984741211,15.98,16.85,16.96
QQQ,2026-09-21,2026-10-16,P,749.0,72,18,0.16404034210205082,17.57,17.35,17.49
QQQ,2026-09-21,2026-10-16,P,750.0,2110,862,0.16352154846191408,18.13,17.97,18.08
QQQ,2026-09-21,2026-10-16,P,751.0,109,15,0.1636741348266602,18.37,18.59,18.73
QQQ,2026-09-21,2026-10-16,P,752.0,1137,4,0.16227034027099607,17.64,19.15,19.28
QQQ,2026-09-21,2026-10-16,P,753.0,6,2,0.16162947753906248,19.57,19.77,19.9
QQQ,2026-09-21,2026-10-16,P,754.0,6,3,0.16083602844238282,20.16,20.39,20.52
QQQ,2026-09-21,2026-10-16,P,755.0,248,251,0.16025620025634768,21.16,21.04,21.17
QQQ,2026-09-21,2026-10-16,P,756.0,3,1,0.1596763720703125,21.7,21.46,21.83
QQQ,2026-09-21,2026-10-16,P,757.0,119,32,0.15873033660888675,21.11,21.96,22.48
QQQ,2026-09-21,2026-10-16,P,758.0,85,0,0.16162947753906248,17.64,22.96,23.39
QQQ,2026-09-21,2026-10-16,P,759.0,53,0,0.1612937875366211,19.42,23.66,24.1
QQQ,2026-09-21,2026-10-16,P,760.0,1479,37,0.16190413299560547,24.01,24.53,24.88
QQQ,2026-09-21,2026-10-16,P,761.0,31,2,0.16056137298583983,24.74,25.1,25.55
QQQ,2026-09-21,2026-10-16,P,762.0,3,0,0.16019516571044923,21.46,25.98,26.29
QQQ,2026-09-21,2026-10-16,P,763.0,2,2,0.15909654388427735,25.01,26.6,27.0
QQQ,2026-09-21,2026-10-16,P,764.0,1,2,0.15973740661621094,27.02,27.55,27.82
QQQ,2026-09-21,2026-10-16,P,765.0,634,28,0.15842516387939454,27.79,28.1,28.54
QQQ,2026-09-21,2026-10-16,P,766.0,2,2,0.15931016479492188,28.61,29.12,29.39
QQQ,2026-09-21,2026-10-16,P,767.0,6,1,0.15564809204101562,28.13,29.34,30.01
QQQ,2026-09-21,2026-10-16,P,770.0,181,24,0.16108016662597657,25.95,32.25,32.77
QQQ,2026-09-21,2026-10-16,P,772.0,5,6,0.1604698211669922,33.51,33.97,34.43
QQQ,2026-09-21,2026-10-16,P,774.0,5,0,0.1637046520996094,31.1,35.74,36.29
QQQ,2026-09-21,2026-10-16,P,775.0,257,26,0.1590049920654297,34.0,36.36,36.96
QQQ,2026-09-21,2026-10-16,P,780.0,64,31,0.19706003143310546,40.96,41.04,42.93
QQQ,2026-09-21,2026-10-16,P,785.0,3,1,0.21448539428710936,40.53,44.76,48.01
QQQ,2026-09-21,2026-10-16,P,790.0,5,5,0.23188023986816403,46.2,49.53,53.1
QQQ,2026-09-21,2026-10-16,P,795.0,3,2,0.23694610717773437,61.74,54.52,57.7
QQQ,2026-09-21,2026-10-16,P,800.0,7,5,0.2514723291015625,57.39,59.71,62.71
QQQ,2026-09-21,2026-10-16,P,805.0,0,1,0.2655102746582031,58.6,64.71,67.71
QQQ,2026-09-21,2026-10-16,P,810.0,0,2,0.2797923583984374,95.9,69.71,72.73
QQQ,2026-09-21,2026-10-16,P,815.0,0,4,0.2933420275878905,69.71,74.41,77.73
QQQ,2026-09-21,2026-10-16,P,820.0,1,3,0.3065865240478516,105.91,79.43,82.73
QQQ,2026-09-21,2026-10-16,P,825.0,15,3,0.27161372924804683,85.95,84.98,86.36
QQQ,2026-09-21,2026-10-16,P,830.0,0,1,0.33246517150878907,88.0,89.7,92.73
QQQ,2026-09-21,2026-10-16,P,835.0,0,2,0.3450993225097656,114.2,94.43,97.73
QQQ,2026-09-21,2026-10-16,P,840.0,0,2,0.359808648071289,119.21,99.69,102.8
QQQ,2026-09-21,2026-10-16,P,845.0,0,2,0.3698793481445312,124.21,104.69,107.73
QQQ,2026-09-21,2026-10-16,P,850.0,0,2,0.382269360961914,117.6,109.71,112.74
QQQ,2026-09-21,2026-10-16,P,855.0,7,2,0.38477177734374995,116.3,114.51,117.47
QQQ,2026-09-21,2026-10-16,P,860.0,1,1,0.40845318115234375,112.01,119.43,122.81
QQQ,2026-09-21,2026-10-16,P,865.0,0,7,0.42969320312500003,117.53,124.65,128.09
QQQ,2026-09-21,2026-10-16,P,870.0,0,2,1.1808817811584473,133.19,173.33,177.14
QQQ,2026-09-21,2026-10-16,P,875.0,0,2,0.4529473651123047,159.0,134.52,138.09
QQQ,2026-09-21,2026-10-16,P,880.0,0,6,1.225223600463867,142.16,184.7,187.14
QQQ,2026-09-21,2026-10-16,P,885.0,0,2,1.232456230316162,147.88,188.34,192.14
QQQ,2026-09-21,2026-10-16,P,890.0,0,4,1.0000000000000003e-05,158.15,0.0,0.0
QQQ,2026-09-21,2026-10-16,P,895.0,0,0,1.2698095591735836,163.63,198.91,202.14
QQQ,2026-09-21,2026-10-16,P,900.0,0,2,0.9133004275512696,180.3,179.51,183.39
QQQ,2026-09-21,2026-10-16,P,910.0,0,1,1.1373334149169925,197.64,202.13,204.77
QQQ,2026-09-21,2026-10-16,P,915.0,0,0,1.3297152655029294,197.51,218.33,222.14
QQQ,2026-09-21,2026-10-16,P,920.0,0,4,0.9722292816162108,231.25,199.74,203.39
QQQ,2026-09-21,2026-10-16,P,925.0,0,1,1.0000000000000003e-05,210.18,0.0,0.0
QQQ,2026-09-21,2026-10-16,P,930.0,0,0,1.0000000000000003e-05,215.2,0.0,0.0
QQQ,2026-09-21,2026-10-16,P,935.0,0,0,1.3909027037048338,217.65,238.33,242.14
QQQ,2026-09-21,2026-10-16,P,940.0,0,0,1.4057952073669433,222.69,243.33,247.14
QQQ,2026-09-21,2026-10-16,P,965.0,0,0,1.2941014299011229,251.76,257.06,259.77
QQQ,2026-09-21,2026-10-16,P,970.0,0,2,1.3072849577331538,257.63,262.03,264.77
QQQ,2026-09-21,2026-10-16,P,1020.0,0,0,0.631839619140625,314.35,279.34,283.12
QQQ,2026-09-21,2026-10-16,P,1025.0,0,0,0.6562534375000001,319.35,284.53,288.36
QQQ,2026-09-21,2026-10-16,P,1030.0,0,0,0.6495396374511719,324.35,289.34,293.17
QQQ,2026-09-21,2026-10-16,P,1035.0,0,0,0.6656527575683595,329.38,294.36,298.36
QQQ,2026-09-21,2026-10-16,P,1040.0,0,0,0.6699251757812501,334.35,299.52,303.11
QQQ,2026-09-21,2026-10-16,P,1060.0,0,0,0.6931183032226562,354.38,319.34,323.12
QQQ,2026-09-21,2026-10-16,P,1080.0,0,2,0.7468287036132812,332.02,339.69,343.36
QQQ,2026-09-21,2026-10-16,P,1085.0,2,2,0.7507349145507812,337.0,344.66,348.3
QQQ,2026-09-21,2026-10-23,C,450.0,1,1,0.743166630859375,269.94,288.91,292.02
QQQ,2026-09-21,2026-10-23,C,500.0,8,0,0.639652041015625,218.12,239.19,242.27
QQQ,2026-09-21,2026-10-23,C,515.0,2,1,0.6052285571289064,192.15,224.25,227.35
QQQ,2026-09-21,2026-10-23,C,520.0,10,10,0.6610141320800782,197.83,220.21,222.94
QQQ,2026-09-21,2026-10-23,C,535.0,13,10,0.5777630114746093,174.47,204.53,207.66
QQQ,2026-09-21,2026-10-23,C,540.0,11,1,0.5522505712890625,178.4,199.42,202.52
QQQ,2026-09-21,2026-10-23,C,545.0,3,1,0.5415084912109377,201.84,194.46,197.55
QQQ,2026-09-21,2026-10-23,C,565.0,3,0,0.5091601818847658,154.87,174.61,178.01
QQQ,2026-09-21,2026-10-23,C,575.0,3,0,0.5332688275146484,145.21,166.13,168.33
QQQ,2026-09-21,2026-10-23,C,580.0,13,11,0.5611005804443359,125.47,159.84,163.21
QQQ,2026-09-21,2026-10-23,C,585.0,1,0,0.546025047607422,123.08,154.75,158.23
QQQ,2026-09-21,2026-10-23,C,600.0,1,0,0.4940236145019532,115.84,139.93,143.1
QQQ,2026-09-21,2026-10-23,C,605.0,0,0,0.48102325622558595,104.16,134.97,138.17
QQQ,2026-09-21,2026-10-23,C,610.0,1,1,0.46832807067871096,109.16,130.1,133.25
QQQ,2026-09-21,2026-10-23,C,615.0,4,1,0.4555718505859375,104.59,125.13,128.33
QQQ,2026-09-21,2026-10-23,C,620.0,1,1,0.45313046875,99.5,120.51,123.74
QQQ,2026-09-21,2026-10-23,C,625.0,13,2,0.43579665771484377,117.66,115.4,118.69
QQQ,2026-09-21,2026-10-23,C,635.0,12,2,0.4052183502197265,107.37,105.65,108.72
QQQ,2026-09-21,2026-10-23,C,640.0,15,2,0.39288937194824214,84.7,100.75,103.84
QQQ,2026-09-21,2026-10-23,C,645.0,12,8,0.38086556640624997,100.8,96.78,98.98
QQQ,2026-09-21,2026-10-23,C,650.0,23,4,0.32404240417480457,97.95,92.1,92.55
QQQ,2026-09-21,2026-10-23,C,655.0,3,2,0.31445998046874996,60.0,87.28,87.72
QQQ,2026-09-21,2026-10-23,C,660.0,56,4,0.3053047985839844,88.7,82.47,82.92
QQQ,2026-09-21,2026-10-23,C,665.0,14,11,0.30103238037109376,80.66,77.77,78.33
QQQ,2026-09-21,2026-10-23,C,670.0,11,1,0.2870249520874023,69.6,72.96,73.39
QQQ,2026-09-21,2026-10-23,C,675.0,19,2,0.2825999475097656,50.3,68.31,68.87
QQQ,2026-09-21,2026-10-23,C,677.0,1,0,0.2766185620117187,51.11,66.38,66.89
QQQ,2026-09-21,2026-10-23,C,679.0,2,0,0.27127803924560545,45.25,64.52,64.94
QQQ,2026-09-21,2026-10-23,C,680.0,15,14,0.2708813146972656,46.23,63.58,64.07
QQQ,2026-09-21,2026-10-23,C,681.0,1,2,0.2718578674316406,63.37,62.73,63.27
QQQ,2026-09-21,2026-10-23,C,683.0,2,1,0.2644421701049804,34.29,60.82,61.23
QQQ,2026-09-21,2026-10-23,C,684.0,1,0,0.2627942373657227,33.97,59.89,60.31
QQQ,2026-09-21,2026-10-23,C,685.0,44,38,0.2629163064575196,54.54,58.98,59.48
QQQ,2026-09-21,2026-10-23,C,686.0,1,2,0.2595899237060547,59.13,58.13,58.48
QQQ,2026-09-21,2026-10-23,C,687.0,1,0,0.2589795782470704,31.68,57.15,57.62
QQQ,2026-09-21,2026-10-23,C,688.0,2,2,0.25775888732910157,30.92,56.24,56.73
QQQ,2026-09-21,2026-10-23,C,689.0,4,4,0.2556837127685547,29.02,55.33,55.8
QQQ,2026-09-21,2026-10-23,C,690.0,27,2,0.25641612731933594,55.42,54.49,55.02
QQQ,2026-09-21,2026-10-23,C,691.0,9,0,0.2524183645629883,27.55,53.53,53.99
QQQ,2026-09-21,2026-10-23,C,692.0,7,1,0.25318129638671877,47.11,52.83,53.22
QQQ,2026-09-21,2026-10-23,C,693.0,11,5,0.25025163818359375,49.81,51.95,52.25
QQQ,2026-09-21,2026-10-23,C,694.0,8,0,0.2465590481567383,25.47,50.86,51.24
QQQ,2026-09-21,2026-10-23,C,695.0,95,2,0.24500266723632813,50.56,49.98,50.35
QQQ,2026-09-21,2026-10-23,C,696.0,19,3,0.24356835540771482,51.68,49.06,49.47
QQQ,2026-09-21,2026-10-23,C,697.0,14,1,0.24173731903076173,53.02,48.21,48.57
QQQ,2026-09-21,2026-10-23,C,698.0,15,1,0.24173731903076173,20.88,47.3,47.78
QQQ,2026-09-21,2026-10-23,C,699.0,60,4,0.24179835357666019,20.5,46.52,47.0
QQQ,2026-09-21,2026-10-23,C,700.0,501,41,0.23798369445800777,47.26,45.56,45.99
QQQ,2026-09-21,2026-10-23,C,701.0,157,57,0.23725127990722655,49.68,44.69,45.17
QQQ,2026-09-21,2026-10-23,C,702.0,289,6,0.23566438171386717,49.58,43.92,44.3
QQQ,2026-09-21,2026-10-23,C,703.0,319,70,0.23368075897216795,45.38,43.07,43.41
QQQ,2026-09-21,2026-10-23,C,704.0,133,1,0.23151403259277342,40.13,42.11,42.51
QQQ,2026-09-21,2026-10-23,C,705.0,294,41,0.23114782531738282,49.0,41.26,41.73
QQQ,2026-09-21,2026-10-23,C,706.0,222,1,0.22824868438720702,41.27,40.42,40.79
QQQ,2026-09-21,2026-10-23,C,707.0,274,1,0.22818764984130857,44.49,39.58,40.04
QQQ,2026-09-21,2026-10-23,C,708.0,294,1,0.2255021298217773,40.0,38.83,39.12
QQQ,2026-09-21,2026-10-23,C,709.0,326,10,0.22412885253906245,32.5,37.92,38.29
QQQ,2026-09-21,2026-10-23,C,710.0,530,15,0.22339643798828124,38.41,37.18,37.51
QQQ,2026-09-21,2026-10-23,C,711.0,386,6,0.22098557342529296,37.57,36.27,36.62
QQQ,2026-09-21,2026-10-23,C,712.0,164,2,0.2199785034179687,40.84,35.45,35.83
QQQ,2026-09-21,2026-10-23,C,713.0,216,21,0.2186052261352539,34.41,34.64,35.02
QQQ,2026-09-21,2026-10-23,C,714.0,186,3,0.21714039703369142,38.52,33.84,34.21
QQQ,2026-09-21,2026-10-23,C,715.0,447,10,0.21549246429443358,33.36,33.26,33.39
QQQ,2026-09-21,2026-10-23,C,716.0,372,5,0.2139055661010742,32.59,32.42,32.58
QQQ,2026-09-21,2026-10-23,C,717.0,322,1,0.21277642700195312,32.04,31.65,31.81
QQQ,2026-09-21,2026-10-23,C,718.0,71,2,0.2114641842651367,32.28,30.88,31.03
QQQ,2026-09-21,2026-10-23,C,719.0,123,10,0.20978573425292968,31.21,30.12,30.23
QQQ,2026-09-21,2026-10-23,C,720.0,714,70,0.2085650433349609,29.5,29.35,29.47
QQQ,2026-09-21,2026-10-23,C,721.0,327,40,0.20853452606201167,29.3,28.65,28.81
QQQ,2026-09-21,2026-10-23,C,722.0,340,1,0.20624573059082027,28.86,27.83,27.98
QQQ,2026-09-21,2026-10-23,C,723.0,500,27,0.20514710876464842,29.4,27.11,27.25
QQQ,2026-09-21,2026-10-23,C,724.0,23,3,0.20407900421142577,31.45,26.38,26.53
QQQ,2026-09-21,2026-10-23,C,725.0,361,52,0.20218693328857418,26.43,25.61,25.75
QQQ,2026-09-21,2026-10-23,C,726.0,85,3,0.2012103805541992,26.82,24.89,25.05
QQQ,2026-09-21,2026-10-23,C,727.0,195,362,0.20099675964355468,25.32,24.28,24.42
QQQ,2026-09-21,2026-10-23,C,728.0,36,5,0.198952102355957,24.5,23.52,23.65
QQQ,2026-09-21,2026-10-23,C,729.0,297,4,0.1980365841674805,23.47,22.84,22.98
QQQ,2026-09-21,2026-10-23,C,730.0,519,132,0.1959614096069336,22.6,22.12,22.22
QQQ,2026-09-21,2026-10-23,C,731.0,181,8,0.19582408187866213,21.82,21.49,21.63
QQQ,2026-09-21,2026-10-23,C,732.0,143,16,0.1943745114135742,21.2,20.81,20.94
QQQ,2026-09-21,2026-10-23,C,733.0,112,23,0.19319959640502932,20.32,20.16,20.28
QQQ,2026-09-21,2026-10-23,C,734.0,71,4,0.1920246813964844,19.82,19.5,19.63
QQQ,2026-09-21,2026-10-23,C,735.0,653,36,0.19088028366088866,18.8,18.89,18.99
QQQ,2026-09-21,2026-10-23,C,736.0,122,23,0.18998002410888676,18.48,18.26,18.38
QQQ,2026-09-21,2026-10-23,C,737.0,203,16,0.1890797645568848,17.94,17.65,17.78
QQQ,2026-09-21,2026-10-23,C,738.0,61,18,0.1878438150024414,17.12,17.02,17.16
QQQ,2026-09-21,2026-10-23,C,739.0,201,69,0.18741657318115235,17.31,16.49,16.62
QQQ,2026-09-21,2026-10-23,C,740.0,2743,457,0.18549398498535152,15.93,15.86,15.96
QQQ,2026-09-21,2026-10-23,C,741.0,107,131,0.18483786361694332,15.2,15.31,15.42
QQQ,2026-09-21,2026-10-23,C,742.0,121,110,0.18384605224609374,14.87,14.75,14.86
QQQ,2026-09-21,2026-10-23,C,743.0,128,101,0.18308312042236324,14.82,14.23,14.33
QQQ,2026-09-21,2026-10-23,C,744.0,130,61,0.1818471708679199,13.8,13.67,13.77
QQQ,2026-09-21,2026-10-23,C,745.0,726,299,0.18073329040527342,13.1,13.16,13.23
QQQ,2026-09-21,2026-10-23,C,746.0,97,1138,0.17995509994506836,12.81,12.64,12.73
QQQ,2026-09-21,2026-10-23,C,747.0,188,61,0.17963466857910154,12.24,12.18,12.28
QQQ,2026-09-21,2026-10-23,C,748.0,180,57,0.17801725311279298,12.31,11.64,11.73
QQQ,2026-09-21,2026-10-23,C,749.0,483,46,0.1771017349243164,11.8,11.18,11.25
QQQ,2026-09-21,2026-10-23,C,750.0,559,277,0.17667449310302735,10.7,10.76,10.82
QQQ,2026-09-21,2026-10-23,C,751.0,114,4,0.17524018127441404,10.81,10.24,10.32
QQQ,2026-09-21,2026-10-23,C,752.0,259,22,0.1747824221801758,9.92,9.83,9.91
QQQ,2026-09-21,2026-10-23,C,753.0,132,18,0.17371431762695314,10.04,9.4,9.46
QQQ,2026-09-21,2026-10-23,C,754.0,128,11,0.17310397216796874,10.23,8.98,9.06
QQQ,2026-09-21,2026-10-23,C,755.0,5794,173,0.17237155761718753,8.98,8.6,8.66
QQQ,2026-09-21,2026-10-23,C,756.0,158,9,0.17174595352172856,8.7,8.2,8.28
QQQ,2026-09-21,2026-10-23,C,757.0,108,19,0.1707388835144043,8.06,7.8,7.88
QQQ,2026-09-21,2026-10-23,C,758.0,127,17,0.17023534851074223,8.02,7.47,7.53
QQQ,2026-09-21,2026-10-23,C,759.0,278,29,0.16931983032226564,7.29,7.09,7.16
QQQ,2026-09-21,2026-10-23,C,760.0,4069,580,0.16919776123046876,6.83,6.79,6.86
QQQ,2026-09-21,2026-10-23,C,761.0,16,38,0.1681296566772461,6.45,6.43,6.5
QQQ,2026-09-21,2026-10-23,C,762.0,34,101,0.1674582766723633,6.16,6.11,6.18
QQQ,2026-09-21,2026-10-23,C,763.0,20,37,0.1669394830322266,5.83,5.81,5.88
QQQ,2026-09-21,2026-10-23,C,764.0,27,83,0.1662681030273438,5.59,5.51,5.58
QQQ,2026-09-21,2026-10-23,C,765.0,999,189,0.16571879211425783,5.31,5.25,5.3
QQQ,2026-09-21,2026-10-23,C,766.0,32,30,0.1651999984741211,5.8,4.99,5.03
QQQ,2026-09-21,2026-10-23,C,767.0,97,97,0.16468120483398438,4.77,4.73,4.77
QQQ,2026-09-21,2026-10-23,C,768.0,91,9,0.16477275665283203,4.54,4.5,4.56
QQQ,2026-09-21,2026-10-23,C,769.0,49,29,0.16364361755371098,4.32,4.22,4.28
QQQ,2026-09-21,2026-10-23,C,770.0,1117,211,0.16349103118896485,4.23,4.03,4.07
QQQ,2026-09-21,2026-10-23,C,771.0,8,30,0.16285016845703126,3.79,3.81,3.84
QQQ,2026-09-21,2026-10-23,C,772.0,21,4,0.16239240936279298,3.9,3.6,3.63
QQQ,2026-09-21,2026-10-23,C,773.0,28,38,0.16199568481445312,3.45,3.39,3.43
QQQ,2026-09-21,2026-10-23,C,774.0,77,89,0.16211775390625,3.25,3.22,3.27
QQQ,2026-09-21,2026-10-23,C,775.0,824,3323,0.16141585662841795,3.07,3.03,3.07
QQQ,2026-09-21,2026-10-23,C,780.0,1848,2209,0.1596763720703125,2.29,2.25,2.28
QQQ,2026-09-21,2026-10-23,C,785.0,1234,5054,0.15979844116210937,1.69,1.69,1.73
QQQ,2026-09-21,2026-10-23,C,790.0,607,2149,0.1596763720703125,1.28,1.25,1.29
QQQ,2026-09-21,2026-10-23,C,795.0,464,1500,0.15992051025390625,0.96,0.93,0.96
QQQ,2026-09-21,2026-10-23,C,800.0,838,294,0.16126327026367188,0.72,0.7,0.73
QQQ,2026-09-21,2026-10-23,C,805.0,535,146,0.16187361572265624,0.55,0.52,0.54
QQQ,2026-09-21,2026-10-23,C,810.0,185,49,0.16407085937500002,0.49,0.4,0.42
QQQ,2026-09-21,2026-10-23,C,815.0,96,35,0.16577982666015628,0.34,0.3,0.32
QQQ,2026-09-21,2026-10-23,C,820.0,553,32,0.1690756921386719,0.27,0.23,0.26
QQQ,2026-09-21,2026-10-23,C,825.0,35,4,0.17212741943359378,0.3,0.18,0.21
QQQ,2026-09-21,2026-10-23,C,830.0,12,6,0.17505707763671874,0.22,0.14,0.17
QQQ,2026-09-21,2026-10-23,C,835.0,19,1,0.17847501220703127,0.13,0.11,0.14
QQQ,2026-09-21,2026-10-23,C,840.0,142,2,0.180672255859375,0.1,0.09,0.11
QQQ,2026-09-21,2026-10-23,C,850.0,575,3,0.19043778320312502,0.07,0.05,0.09
QQQ,2026-09-21,2026-10-23,C,860.0,23,2,0.1992267578125,0.06,0.03,0.07
QQQ,2026-09-21,2026-10-23,C,870.0,2,0,0.20899228515624996,0.08,0.02,0.06
QQQ,2026-09-21,2026-10-23,C,880.0,10,0,0.21778125976562498,0.06,0.01,0.05
QQQ,2026-09-21,2026-10-23,C,895.0,28,20,0.23242955078125,0.01,0.01,0.04
QQQ,2026-09-21,2026-10-23,C,900.0,40,80,0.23828886718749998,0.01,0.01,0.04
QQQ,2026-09-21,2026-10-23,C,910.0,40,21,0.2500075,0.04,0.0,0.04
QQQ,2026-09-21,2026-10-23,C,920.0,10,0,0.2617261328125,0.01,0.0,0.04
QQQ,2026-09-21,2026-10-23,P,450.0,1643,8,0.585941640625,0.05,0.04,0.06
QQQ,2026-09-21,2026-10-23,P,455.0,16,20,0.57812921875,0.06,0.04,0.07
QQQ,2026-09-21,2026-10-23,P,460.0,1,1,0.5742230078125,0.07,0.05,0.08
QQQ,2026-09-21,2026-10-23,P,465.0,13,20,0.5625043750000001,0.09,0.05,0.08
QQQ,2026-09-21,2026-10-23,P,470.0,148,583,0.5585981640625001,0.07,0.06,0.09
QQQ,2026-09-21,2026-10-23,P,480.0,2,0,0.5410202148437502,0.3,0.07,0.1
QQQ,2026-09-21,2026-10-23,P,490.0,5,161,0.5283250292968751,0.1,0.09,0.12
QQQ,2026-09-21,2026-10-23,P,495.0,10,10,0.5214891601562499,0.13,0.1,0.13
QQQ,2026-09-21,2026-10-23,P,500.0,33,4,0.5117236328125,0.12,0.1,0.14
QQQ,2026-09-21,2026-10-23,P,505.0,20,20,0.50586431640625,0.22,0.12,0.15
QQQ,2026-09-21,2026-10-23,P,510.0,48,45,0.5029346582031251,0.27,0.13,0.16
QQQ,2026-09-21,2026-10-23,P,515.0,130,130,0.4946339599609375,0.16,0.14,0.17
QQQ,2026-09-21,2026-10-23,P,520.0,2,101,0.4858449853515625,0.18,0.17,0.18
QQQ,2026-09-21,2026-10-23,P,525.0,93,2,0.47949739257812496,0.18,0.16,0.2
QQQ,2026-09-21,2026-10-23,P,530.0,55,19,0.4731497998046875,0.19,0.19,0.22
QQQ,2026-09-21,2026-10-23,P,535.0,16,0,0.46582565429687506,0.2,0.2,0.24
QQQ,2026-09-21,2026-10-23,P,540.0,54,57,0.45606012695312503,0.22,0.21,0.25
QQQ,2026-09-21,2026-10-23,P,545.0,18,16,0.44873598144531246,0.48,0.23,0.27
QQQ,2026-09-21,2026-10-23,P,550.0,69,53,0.44043528320312497,0.3,0.26,0.29
QQQ,2026-09-21,2026-10-23,P,555.0,50,20,0.43237872314453124,0.28,0.28,0.31
QQQ,2026-09-21,2026-10-23,P,560.0,84,14,0.4255428540039063,0.3,0.31,0.34
QQQ,2026-09-21,2026-10-23,P,565.0,254,2,0.4182187084960937,0.37,0.33,0.37
QQQ,2026-09-21,2026-10-23,P,570.0,60,1,0.40772076660156253,0.35,0.35,0.38
QQQ,2026-09-21,2026-10-23,P,575.0,289,33,0.401373173828125,0.37,0.39,0.42
QQQ,2026-09-21,2026-10-23,P,580.0,53,2,0.3942931665039063,0.46,0.42,0.46
QQQ,2026-09-21,2026-10-23,P,585.0,26,8,0.3845276391601562,0.47,0.45,0.48
QQQ,2026-09-21,2026-10-23,P,590.0,122,66,0.37793590820312495,0.45,0.49,0.53
QQQ,2026-09-21,2026-10-23,P,595.0,134,6,0.3698793481445312,0.5,0.53,0.57
QQQ,2026-09-21,2026-10-23,P,600.0,247,446,0.3614565808105469,0.6,0.57,0.61
QQQ,2026-09-21,2026-10-23,P,605.0,213,24,0.3536441589355468,0.64,0.62,0.66
QQQ,2026-09-21,2026-10-23,P,610.0,200,16,0.3461979443359374,0.72,0.68,0.72
QQQ,2026-09-21,2026-10-23,P,615.0,270,7,0.3382634533691406,0.63,0.75,0.78
QQQ,2026-09-21,2026-10-23,P,620.0,430,24,0.32996275512695306,0.72,0.81,0.84
QQQ,2026-09-21,2026-10-23,P,625.0,302,24,0.3220282641601562,0.9,0.89,0.91
QQQ,2026-09-21,2026-10-23,P,630.0,400,36,0.31409377319335935,0.98,0.97,0.99
QQQ,2026-09-21,2026-10-23,P,635.0,563,169,0.3062813513183594,1.03,1.06,1.08
QQQ,2026-09-21,2026-10-23,P,640.0,2734,23,0.2995675512695312,1.11,1.18,1.2
QQQ,2026-09-21,2026-10-23,P,645.0,468,21,0.2916330603027343,1.19,1.29,1.31
QQQ,2026-09-21,2026-10-23,P,650.0,732,125,0.28436994934082027,1.38,1.42,1.45
QQQ,2026-09-21,2026-10-23,P,655.0,434,194,0.27686270019531245,1.58,1.58,1.6
QQQ,2026-09-21,2026-10-23,P,660.0,1092,107,0.2701489001464844,1.76,1.75,1.79
QQQ,2026-09-21,2026-10-23,P,665.0,562,84,0.2625195819091797,1.89,1.94,1.98
QQQ,2026-09-21,2026-10-23,P,670.0,975,414,0.25592785095214843,2.18,2.2,2.23
QQQ,2026-09-21,2026-10-23,P,675.0,1613,102,0.2492140509033203,2.48,2.46,2.51
QQQ,2026-09-21,2026-10-23,P,676.0,593,83,0.2478712908935547,2.56,2.53,2.57
QQQ,2026-09-21,2026-10-23,P,677.0,105,51,0.2467116345214844,2.53,2.6,2.64
QQQ,2026-09-21,2026-10-23,P,678.0,107,127,0.24500266723632813,2.6,2.65,2.69
QQQ,2026-09-21,2026-10-23,P,679.0,123,10,0.24323266540527344,2.65,2.69,2.74
QQQ,2026-09-21,2026-10-23,P,680.0,974,297,0.24250025085449217,2.8,2.79,2.83
QQQ,2026-09-21,2026-10-23,P,681.0,53,5,0.24115749084472654,2.58,2.87,2.9
QQQ,2026-09-21,2026-10-23,P,682.0,258,4,0.23975369628906246,2.85,2.94,2.97
QQQ,2026-09-21,2026-10-23,P,683.0,102,120,0.23859403991699218,2.71,3.01,3.05
QQQ,2026-09-21,2026-10-23,P,684.0,81,11,0.23731231445312498,2.81,3.08,3.13
QQQ,2026-09-21,2026-10-23,P,685.0,1527,112,0.23627472717285153,3.16,3.17,3.22
QQQ,2026-09-21,2026-10-23,P,686.0,82,9,0.23444369079589844,2.85,3.24,3.28
QQQ,2026-09-21,2026-10-23,P,687.0,129,28,0.23395541442871093,3.2,3.34,3.4
QQQ,2026-09-21,2026-10-23,P,688.0,119,14,0.2318497225952148,3.04,3.4,3.45
QQQ,2026-09-21,2026-10-23,P,689.0,90,15,0.2307816180419922,3.25,3.5,3.55
QQQ,2026-09-21,2026-10-23,P,690.0,2505,249,0.22943885803222658,3.6,3.59,3.64
QQQ,2026-09-21,2026-10-23,P,691.0,128,2,0.22846230529785155,3.06,3.7,3.75
QQQ,2026-09-21,2026-10-23,P,692.0,39,3,0.2268143725585937,3.57,3.78,3.83
QQQ,2026-09-21,2026-10-23,P,693.0,90,31,0.22629557891845703,3.95,3.91,3.97
QQQ,2026-09-21,2026-10-23,P,694.0,136,31,0.2245560943603515,3.63,4.0,4.05
QQQ,2026-09-21,2026-10-23,P,695.0,475,201,0.22293867889404295,4.08,4.09,4.14
QQQ,2026-09-21,2026-10-23,P,696.0,363,5,0.22184005706787108,3.71,4.2,4.26
QQQ,2026-09-21,2026-10-23,P,697.0,106,8,0.22086350433349605,3.8,4.34,4.39
QQQ,2026-09-21,2026-10-23,P,698.0,136,18,0.21964281341552733,3.75,4.46,4.51
QQQ,2026-09-21,2026-10-23,P,699.0,120,21,0.2181779843139648,4.2,4.57,4.62
QQQ,2026-09-21,2026-10-23,P,700.0,2652,691,0.21701832794189452,4.71,4.7,4.75
QQQ,2026-09-21,2026-10-23,P,701.0,176,21,0.21543142974853519,4.88,4.81,4.86
QQQ,2026-09-21,2026-10-23,P,702.0,118,500,0.21448539428710936,5.0,4.95,5.01
QQQ,2026-09-21,2026-10-23,P,703.0,110,4,0.21360039337158204,4.55,5.12,5.17
QQQ,2026-09-21,2026-10-23,P,704.0,105,70,0.21201349517822266,5.26,5.22,5.29
QQQ,2026-09-21,2026-10-23,P,705.0,448,229,0.2108233215332031,5.23,5.37,5.44
QQQ,2026-09-21,2026-10-23,P,706.0,220,15,0.20941952697753902,5.52,5.52,5.58
QQQ,2026-09-21,2026-10-23,P,707.0,194,16,0.20829038787841792,5.49,5.68,5.74
QQQ,2026-09-21,2026-10-23,P,708.0,545,5,0.20703917968749996,5.09,5.84,5.9
QQQ,2026-09-21,2026-10-23,P,709.0,142,17,0.20636779968261715,5.51,6.01,6.1
QQQ,2026-09-21,2026-10-23,P,710.0,470,63,0.20468934967041014,5.96,6.18,6.24
QQQ,2026-09-21,2026-10-23,P,711.0,409,17,0.20368227966308594,6.34,6.36,6.43
QQQ,2026-09-21,2026-10-23,P,712.0,209,8,0.20246158874511716,6.57,6.54,6.61
QQQ,2026-09-21,2026-10-23,P,713.0,114,5,0.20130193237304686,5.29,6.73,6.8
QQQ,2026-09-21,2026-10-23,P,714.0,203,2,0.2000659828186035,5.84,6.93,6.99
QQQ,2026-09-21,2026-10-23,P,715.0,823,269,0.19902839553833007,7.21,7.13,7.2
QQQ,2026-09-21,2026-10-23,P,716.0,845,7,0.19763985961914063,7.36,7.32,7.39
QQQ,2026-09-21,2026-10-23,P,717.0,511,330,0.19641916870117188,6.48,7.53,7.6
QQQ,2026-09-21,2026-10-23,P,718.0,463,20,0.19541209869384768,7.71,7.76,7.83
QQQ,2026-09-21,2026-10-23,P,719.0,134,48,0.19403882141113282,7.38,7.98,8.04
QQQ,2026-09-21,2026-10-23,P,720.0,1509,384,0.19324537231445313,7.92,8.22,8.3
QQQ,2026-09-21,2026-10-23,P,721.0,270,11,0.19196364685058598,7.68,8.45,8.53
QQQ,2026-09-21,2026-10-23,P,722.0,214,6,0.19086502502441405,8.41,8.71,8.78
QQQ,2026-09-21,2026-10-23,P,723.0,73,18,0.18979692047119145,8.55,8.95,9.04
QQQ,2026-09-21,2026-10-23,P,724.0,82,29,0.18860674682617187,8.95,9.22,9.3
QQQ,2026-09-21,2026-10-23,P,725.0,329,199,0.18759967681884765,9.63,9.5,9.58
QQQ,2026-09-21,2026-10-23,P,726.0,77,7,0.18674519317626953,8.94,9.79,9.88
QQQ,2026-09-21,2026-10-23,P,727.0,161,147,0.1854024331665039,9.14,10.06,10.15
QQQ,2026-09-21,2026-10-23,P,728.0,172,137,0.18447165634155271,10.13,10.38,10.46
QQQ,2026-09-21,2026-10-23,P,729.0,124,56,0.18354087951660153,9.25,10.67,10.78
QQQ,2026-09-21,2026-10-23,P,730.0,414,118,0.18253380950927733,10.82,10.99,11.1
QQQ,2026-09-21,2026-10-23,P,731.0,214,188,0.18128260131835935,11.38,11.31,11.41
QQQ,2026-09-21,2026-10-23,P,732.0,59,25,0.17990932403564452,11.31,11.63,11.72
QQQ,2026-09-21,2026-10-23,P,733.0,74,83,0.17928371994018555,11.24,12.0,12.1
QQQ,2026-09-21,2026-10-23,P,734.0,239,11,0.17841397766113282,12.05,12.37,12.47
QQQ,2026-09-21,2026-10-23,P,735.0,439,126,0.1770864762878418,12.71,12.71,12.81
QQQ,2026-09-21,2026-10-23,P,736.0,123,36,0.17621673400878907,12.03,13.1,13.2
QQQ,2026-09-21,2026-10-23,P,737.0,102,26,0.17536225036621095,12.83,13.51,13.6
QQQ,2026-09-21,2026-10-23,P,738.0,478,87,0.17450776672363283,13.89,13.91,14.01
QQQ,2026-09-21,2026-10-23,P,739.0,151,157,0.17340914489746095,14.35,14.28,14.41
QQQ,2026-09-21,2026-10-23,P,740.0,1726,664,0.17255466125488284,14.73,14.72,14.84
QQQ,2026-09-21,2026-10-23,P,741.0,79,267,0.1716696603393555,14.8,15.15,15.28
QQQ,2026-09-21,2026-10-23,P,742.0,81,81,0.17044896942138676,15.41,15.59,15.7
QQQ,2026-09-21,2026-10-23,P,743.0,68,77,0.1700064689636231,15.0,16.07,16.2
QQQ,2026-09-21,2026-10-23,P,744.0,90,77,0.16910620941162113,15.31,16.54,16.67
QQQ,2026-09-21,2026-10-23,P,745.0,201,149,0.16819069122314456,16.3,17.03,17.15
QQQ,2026-09-21,2026-10-23,P,746.0,309,47,0.1671225866699219,16.0,17.49,17.63
QQQ,2026-09-21,2026-10-23,P,747.0,144,35,0.16654275848388678,18.0,18.03,18.16
QQQ,2026-09-21,2026-10-23,P,748.0,30,5,0.1656882748413086,18.27,18.53,18.68
QQQ,2026-09-21,2026-10-23,P,749.0,7,1,0.16481853256225587,18.03,19.1,19.21
QQQ,2026-09-21,2026-10-23,P,750.0,246,241,0.16416241119384767,19.37,19.63,19.77
QQQ,2026-09-21,2026-10-23,P,751.0,26,0,0.16303327209472657,15.69,20.15,20.3
QQQ,2026-09-21,2026-10-23,P,752.0,11,7,0.16220930572509767,18.76,20.71,20.87
QQQ,2026-09-21,2026-10-23,P,753.0,23,43,0.1615074084472656,19.36,21.33,21.46
QQQ,2026-09-21,2026-10-23,P,754.0,4,1,0.16115645980834958,19.97,21.93,22.09
QQQ,2026-09-21,2026-10-23,P,755.0,3,1,0.16040878662109376,19.71,22.57,22.7
QQQ,2026-09-21,2026-10-23,P,756.0,3,0,0.15978318252563478,19.43,23.2,23.33
QQQ,2026-09-21,2026-10-23,P,757.0,1,2,0.1590049920654297,19.97,23.83,23.96
QQQ,2026-09-21,2026-10-23,P,758.0,46,1,0.15821154296875,20.4,24.43,24.6
QQQ,2026-09-21,2026-10-23,P,759.0,1,0,0.15869981933593752,21.93,25.03,25.35
QQQ,2026-09-21,2026-10-23,P,760.0,32,1,0.15815050842285155,23.66,25.72,26.03
QQQ,2026-09-21,2026-10-23,P,763.0,2,1,0.15842516387939454,26.04,27.94,28.27
QQQ,2026-09-21,2026-10-23,P,765.0,2,2,0.15763171478271482,28.4,29.45,29.74
QQQ,2026-09-21,2026-10-23,P,766.0,2,0,0.15738757659912112,26.53,30.03,30.5
QQQ,2026-09-21,2026-10-23,P,767.0,8,0,0.15668567932128907,27.36,30.82,31.24
QQQ,2026-09-21,2026-10-23,P,768.0,35,1,0.15644154113769532,27.4,31.58,32.02
QQQ,2026-09-21,2026-10-23,P,769.0,11,0,0.1547630911254883,28.72,32.29,32.72
QQQ,2026-09-21,2026-10-23,P,770.0,12,3,0.15656361022949222,30.85,33.01,33.64
QQQ,2026-09-21,2026-10-23,P,771.0,14,0,0.15436636657714847,28.62,33.89,34.33
QQQ,2026-09-21,2026-10-23,P,774.0,11,0,0.1530846411132813,31.72,35.99,36.77
QQQ,2026-09-21,2026-10-23,P,775.0,2,0,0.1570824038696289,42.88,37.15,37.83
QQQ,2026-09-21,2026-10-23,P,785.0,2,1,0.1631858584594727,44.15,46.29,46.86
QQQ,2026-09-21,2026-10-23,P,800.0,80,1,0.22162643615722655,57.8,59.72,62.74
QQQ,2026-09-21,2026-10-23,P,805.0,0,0,0.241218525390625,62.44,64.52,68.05
QQQ,2026-09-21,2026-10-23,P,810.0,0,0,0.24506370178222658,63.25,69.52,72.7
QQQ,2026-09-21,2026-10-23,P,820.0,0,0,0.2505262936401367,103.89,79.37,82.05
QQQ,2026-09-21,2026-10-23,P,845.0,0,0,0.2770458038330078,128.85,104.11,106.33
QQQ,2026-09-21,2026-10-23,P,850.0,0,0,0.33411310424804685,133.82,109.33,112.68
QQQ,2026-09-21,2026-10-23,P,860.0,0,0,0.3677736563110352,143.82,119.51,123.11
QQQ,2026-09-21,2026-10-23,P,870.0,0,0,0.3899597137451172,153.82,129.64,133.16
QQQ,2026-09-21,2026-10-23,P,880.0,0,0,0.4087583538818359,163.84,139.66,143.11
QQQ,2026-09-21,2026-10-23,P,885.0,0,0,0.41992767578125,168.81,144.64,148.15
QQQ,2026-09-21,2026-10-23,P,890.0,0,0,0.4297542376708985,173.81,149.34,153.15
QQQ,2026-09-21,2026-10-23,P,895.0,0,0,0.4382380395507813,178.81,154.34,158.11
QQQ,2026-09-21,2026-10-30,C,470.0,0,0,1.0000000000000003e-05,247.83,0.0,0.0
QQQ,2026-09-21,2026-10-30,C,480.0,1,0,0.666385172119141,267.45,259.53,262.61
QQQ,2026-09-21,2026-10-30,C,485.0,2,0,1.0000000000000003e-05,185.19,234.4,237.93
QQQ,2026-09-21,2026-10-30,C,490.0,1,1,0.6450230810546875,214.33,249.6,252.68
QQQ,2026-09-21,2026-10-30,C,500.0,1,1,0.6239051281738281,218.23,239.68,242.75
QQQ,2026-09-21,2026-10-30,C,510.0,2,0,0.6036416589355471,201.66,229.78,232.83
QQQ,2026-09-21,2026-10-30,C,515.0,2,1,0.6127968408203126,215.57,225.37,227.87
QQQ,2026-09-21,2026-10-30,C,520.0,3,1,0.6020547607421877,193.11,220.41,222.93
QQQ,2026-09-21,2026-10-30,C,525.0,11,10,0.5913126806640626,182.09,215.48,217.96
QQQ,2026-09-21,2026-10-30,C,530.0,11,10,0.5617719604492188,190.01,209.96,213.0
QQQ,2026-09-21,2026-10-30,C,535.0,10,10,0.5506636730957033,185.03,204.98,208.05
QQQ,2026-09-21,2026-10-30,C,540.0,12,10,0.5424850439453126,166.57,200.1,203.1
QQQ,2026-09-21,2026-10-30,C,545.0,2,0,0.5302781347656251,172.9,195.09,198.15
QQQ,2026-09-21,2026-10-30,C,550.0,84,16,0.5359543475341797,169.04,190.72,193.2
QQQ,2026-09-21,2026-10-30,C,555.0,10,0,0.5089160437011719,149.59,185.17,188.26
QQQ,2026-09-21,2026-10-30,C,560.0,24,10,0.56836369140625,161.68,180.26,183.32
QQQ,2026-09-21,2026-10-30,C,565.0,2,1,0.5668988623046876,148.14,175.35,178.68
QQQ,2026-09-21,2026-10-30,C,570.0,6,2,0.5004932763671875,149.24,170.97,173.76
QQQ,2026-09-21,2026-10-30,C,575.0,3,1,0.5313157220458984,134.47,165.4,168.51
QQQ,2026-09-21,2026-10-30,C,580.0,46,10,0.5191088128662109,139.36,160.45,163.58
QQQ,2026-09-21,2026-10-30,C,585.0,5,3,0.5069019036865234,137.41,155.5,158.65
QQQ,2026-09-21,2026-10-30,C,590.0,21,10,0.504765694580078,159.26,150.59,154.04
QQQ,2026-09-21,2026-10-30,C,595.0,10,10,0.48602808898925787,154.34,145.63,148.91
QQQ,2026-09-21,2026-10-30,C,600.0,220,204,0.4714408325195312,150.67,140.83,143.91
QQQ,2026-09-21,2026-10-30,C,601.0,5,0,0.4691215197753906,148.42,139.74,142.93
QQQ,2026-09-21,2026-10-30,C,602.0,5,0,0.46680220703125,147.37,138.82,141.95
QQQ,2026-09-21,2026-10-30,C,604.0,1,0,0.4618584088134766,106.39,136.79,139.98
QQQ,2026-09-21,2026-10-30,C,605.0,0,0,1.0000000000000003e-05,120.85,0.0,0.0
QQQ,2026-09-21,2026-10-30,C,606.0,2,0,0.4660697924804688,116.65,134.83,138.33
QQQ,2026-09-21,2026-10-30,C,608.0,3,3,0.4528252960205078,105.03,133.55,136.07
QQQ,2026-09-21,2026-10-30,C,609.0,1,0,0.45044494873046875,105.68,131.89,135.09
QQQ,2026-09-21,2026-10-30,C,610.0,33,29,0.44812563598632804,112.07,131.62,134.11
QQQ,2026-09-21,2026-10-30,C,613.0,1,1,1.0000000000000003e-05,93.62,110.26,112.83
QQQ,2026-09-21,2026-10-30,C,614.0,3,1,0.4433039068603516,102.71,127.61,130.36
QQQ,2026-09-21,2026-10-30,C,615.0,7,1,0.44116769775390624,126.36,126.64,129.39
QQQ,2026-09-21,2026-10-30,C,616.0,2,0,0.43420975952148444,101.12,125.04,128.24
QQQ,2026-09-21,2026-10-30,C,617.0,2,2,1.0000000000000003e-05,118.33,106.46,109.02
QQQ,2026-09-21,2026-10-30,C,618.0,1,0,0.42969320312500003,105.59,123.09,126.29
QQQ,2026-09-21,2026-10-30,C,619.0,4,1,0.4272823385620118,105.12,122.09,125.31
QQQ,2026-09-21,2026-10-30,C,620.0,20,2,0.43063923858642583,96.63,121.24,124.55
QQQ,2026-09-21,2026-10-30,C,621.0,2,0,0.4230099203491211,90.58,120.31,123.37
QQQ,2026-09-21,2026-10-30,C,622.0,4,1,0.4205990557861329,87.88,119.8,122.39
QQQ,2026-09-21,2026-10-30,C,623.0,3,1,0.41843232940673825,117.0,118.37,121.42
QQQ,2026-09-21,2026-10-30,C,624.0,2,1,0.42310147216796873,94.41,117.96,120.72
QQQ,2026-09-21,2026-10-30,C,625.0,87,1,0.4138242211914062,115.94,116.23,119.47
QQQ,2026-09-21,2026-10-30,C,627.0,1,0,0.4094907684326171,122.36,114.29,117.53
QQQ,2026-09-21,2026-10-30,C,629.0,1,0,1.0000000000000003e-05,63.12,95.15,97.69
QQQ,2026-09-21,2026-10-30,C,630.0,19,2,0.4028380029296875,93.19,111.49,114.62
QQQ,2026-09-21,2026-10-30,C,631.0,0,2,1.0000000000000003e-05,92.56,0.0,0.0
QQQ,2026-09-21,2026-10-30,C,632.0,100,100,0.3981688601684571,90.03,110.37,112.67
QQQ,2026-09-21,2026-10-30,C,633.0,76,0,1.0000000000000003e-05,96.2,91.42,93.95
QQQ,2026-09-21,2026-10-30,C,635.0,9,6,0.3516300189208984,114.01,107.73,108.21
QQQ,2026-09-21,2026-10-30,C,636.0,5,1,0.3516300189208984,89.28,106.56,107.31
QQQ,2026-09-21,2026-10-30,C,637.0,1,1,1.0000000000000003e-05,69.26,87.72,90.22
QQQ,2026-09-21,2026-10-30,C,640.0,48,15,0.34241380249023434,102.24,102.91,103.38
QQQ,2026-09-21,2026-10-30,C,642.0,0,2,1.0000000000000003e-05,82.55,0.0,0.0
QQQ,2026-09-21,2026-10-30,C,643.0,3,1,0.336920693359375,87.54,100.02,100.49
QQQ,2026-09-21,2026-10-30,C,644.0,4,3,0.3330755169677735,82.99,98.86,99.45
QQQ,2026-09-21,2026-10-30,C,645.0,7,2,0.33338068969726564,77.65,98.1,98.57
QQQ,2026-09-21,2026-10-30,C,647.0,3,1,0.3297491342163086,77.89,96.19,96.65
QQQ,2026-09-21,2026-10-30,C,648.0,3,1,0.3278875805664062,96.83,95.23,95.69
QQQ,2026-09-21,2026-10-30,C,649.0,1,0,0.32605654418945307,74.72,94.27,94.73
QQQ,2026-09-21,2026-10-30,C,650.0,82,12,0.3244391287231445,72.63,93.31,93.78
QQQ,2026-09-21,2026-10-30,C,651.0,0,0,1.0000000000000003e-05,91.96,0.0,0.0
QQQ,2026-09-21,2026-10-30,C,653.0,1,1,0.319220675048828,94.66,90.45,90.92
QQQ,2026-09-21,2026-10-30,C,654.0,2,1,0.31726756958007807,95.57,89.51,89.96
QQQ,2026-09-21,2026-10-30,C,655.0,108,7,0.31555860229492183,69.96,88.56,89.01
QQQ,2026-09-21,2026-10-30,C,656.0,87,0,0.3156196368408203,60.18,87.41,88.14
QQQ,2026-09-21,2026-10-30,C,657.0,2,1,0.3122627368164062,62.51,86.66,87.12
QQQ,2026-09-21,2026-10-30,C,658.0,2,1,0.3118354949951171,58.61,85.71,86.23
QQQ,2026-09-21,2026-10-30,C,659.0,5,1,0.3089058367919921,86.67,84.76,85.23
QQQ,2026-09-21,2026-10-30,C,660.0,104,1,0.3079292840576171,86.69,83.82,84.32
QQQ,2026-09-21,2026-10-30,C,661.0,8,1,0.3058846267700196,62.69,82.88,83.36
QQQ,2026-09-21,2026-10-30,C,662.0,1,0,1.0000000000000003e-05,82.07,65.2,67.82
QQQ,2026-09-21,2026-10-30,C,664.0,8,1,0.30063565582275387,89.32,80.06,80.53
QQQ,2026-09-21,2026-10-30,C,665.0,14,1,0.2985299639892578,59.05,79.12,79.57
QQQ,2026-09-21,2026-10-30,C,666.0,21,9,0.2969735830688476,81.1,78.19,78.64
QQQ,2026-09-21,2026-10-30,C,667.0,2,0,1.0000000000000003e-05,45.6,61.24,61.91
QQQ,2026-09-21,2026-10-30,C,668.0,20,1,0.29718720397949216,83.31,76.37,76.95
QQQ,2026-09-21,2026-10-30,C,669.0,2,1,0.2953256503295898,57.81,75.44,76.01
QQQ,2026-09-21,2026-10-30,C,670.0,71,55,0.2903513348388671,80.28,74.46,74.91
QQQ,2026-09-21,2026-10-30,C,671.0,12,3,0.29004616210937495,58.78,73.53,74.05
QQQ,2026-09-21,2026-10-30,C,672.0,12,2,0.29041236938476556,57.43,72.66,73.23
QQQ,2026-09-21,2026-10-30,C,673.0,68,1,0.28565167480468745,73.13,71.68,72.14
QQQ,2026-09-21,2026-10-30,C,674.0,15,2,0.283912190246582,76.26,70.76,71.21
QQQ,2026-09-21,2026-10-30,C,675.0,31,1,0.28269149932861326,71.0,69.84,70.31
QQQ,2026-09-21,2026-10-30,C,676.0,14,1,0.2837901211547851,68.13,68.98,69.54
QQQ,2026-09-21,2026-10-30,C,677.0,70,4,0.28211167114257807,41.2,68.07,68.62
QQQ,2026-09-21,2026-10-30,C,678.0,6,1,0.2774120111083984,72.94,66.92,67.53
QQQ,2026-09-21,2026-10-30,C,679.0,87,1,0.27899890930175775,46.98,66.24,66.8
QQQ,2026-09-21,2026-10-30,C,680.0,112,3,0.2774120111083984,71.5,65.34,65.89
QQQ,2026-09-21,2026-10-30,C,681.0,7,55,0.27390252471923826,69.9,64.37,64.87
QQQ,2026-09-21,2026-10-30,C,682.0,97,2,0.27161372924804683,71.21,63.47,63.92
QQQ,2026-09-21,2026-10-30,C,683.0,0,4,1.0000000000000003e-05,50.2,0.0,0.0
QQQ,2026-09-21,2026-10-30,C,684.0,43,4,0.271064418334961,42.77,61.81,62.27
QQQ,2026-09-21,2026-10-30,C,685.0,41,16,0.2667004483032227,62.83,60.78,61.2
QQQ,2026-09-21,2026-10-30,C,686.0,35,4,0.2652661364746094,65.81,59.88,60.31
QQQ,2026-09-21,2026-10-30,C,687.0,82,80,0.2663342410278321,59.29,59.07,59.58
QQQ,2026-09-21,2026-10-30,C,688.0,9,1,0.2629163064575196,63.74,58.19,58.57
QQQ,2026-09-21,2026-10-30,C,689.0,10,3,0.260749580078125,61.08,57.31,57.64
QQQ,2026-09-21,2026-10-30,C,690.0,53,19,0.25965095825195317,58.35,56.34,56.78
QQQ,2026-09-21,2026-10-30,C,691.0,29,20,0.2580335427856446,35.17,55.46,55.89
QQQ,2026-09-21,2026-10-30,C,692.0,47,1,0.2571180245971679,60.31,54.66,55.05
QQQ,2026-09-21,2026-10-30,C,693.0,107,2,0.2552869882202149,58.96,53.71,54.15
QQQ,2026-09-21,2026-10-30,C,694.0,67,23,0.2533949172973633,58.08,52.9,53.25
QQQ,2026-09-21,2026-10-30,C,695.0,344,1,0.25193008819580076,52.48,51.98,52.38
QQQ,2026-09-21,2026-10-30,C,696.0,79,3,0.25040422454833977,47.82,51.12,51.51
QQQ,2026-09-21,2026-10-30,C,697.0,106,1,0.25098405273437496,51.48,50.33,50.79
QQQ,2026-09-21,2026-10-30,C,698.0,102,47,0.24796284271240232,55.15,49.49,49.82
QQQ,2026-09-21,2026-10-30,C,699.0,147,108,0.24855792953491213,56.5,48.74,49.11
QQQ,2026-09-21,2026-10-30,C,700.0,1220,130,0.24631490997314454,48.99,47.77,48.2
QQQ,2026-09-21,2026-10-30,C,701.0,194,2,0.24564352996826172,51.66,47.04,47.41
QQQ,2026-09-21,2026-10-30,C,702.0,146,86,0.2442702526855469,51.65,46.09,46.57
QQQ,2026-09-21,2026-10-30,C,703.0,137,44,0.24069973175048825,49.9,45.18,45.57
QQQ,2026-09-21,2026-10-30,C,704.0,384,2,0.23976895492553707,49.07,44.35,44.77
QQQ,2026-09-21,2026-10-30,C,705.0,495,4,0.23798369445800777,46.04,43.55,43.91
QQQ,2026-09-21,2026-10-30,C,706.0,188,14,0.23657989990234374,47.34,42.71,43.08
QQQ,2026-09-21,2026-10-30,C,707.0,279,3,0.23728179718017578,42.6,42.06,42.42
QQQ,2026-09-21,2026-10-30,C,708.0,363,6,0.23395541442871093,45.66,41.08,41.45
QQQ,2026-09-21,2026-10-30,C,709.0,231,5,0.23465731170654297,41.78,40.34,40.8
QQQ,2026-09-21,2026-10-30,C,710.0,916,6,0.23200230895996093,40.94,39.52,39.89
QQQ,2026-09-21,2026-10-30,C,711.0,232,1,0.23032385894775392,39.63,38.8,39.06
QQQ,2026-09-21,2026-10-30,C,712.0,345,10,0.22760782165527343,39.39,37.89,38.15
QQQ,2026-09-21,2026-10-30,C,713.0,167,1,0.22702799346923824,41.1,37.29,37.42
QQQ,2026-09-21,2026-10-30,C,714.0,431,14,0.22568523345947267,40.58,36.49,36.63
QQQ,2026-09-21,2026-10-30,C,715.0,694,5,0.22475445663452143,36.9,35.72,35.88
QQQ,2026-09-21,2026-10-30,C,716.0,405,12,0.22376264526367184,35.13,35.0,35.13
QQQ,2026-09-21,2026-10-30,C,717.0,416,9,0.222114712524414,33.98,34.19,34.33
QQQ,2026-09-21,2026-10-30,C,718.0,478,19,0.2211076425170898,35.0,33.42,33.59
QQQ,2026-09-21,2026-10-30,C,719.0,384,4,0.21956652023315426,39.4,32.68,32.81
QQQ,2026-09-21,2026-10-30,C,720.0,1772,50,0.21912401977539062,32.2,32.0,32.13
QQQ,2026-09-21,2026-10-30,C,721.0,385,8,0.21723194885253905,32.37,31.17,31.33
QQQ,2026-09-21,2026-10-30,C,722.0,398,3,0.216530051574707,32.85,30.53,30.64
QQQ,2026-09-21,2026-10-30,C,723.0,486,2,0.21530936065673828,33.2,29.77,29.91
QQQ,2026-09-21,2026-10-30,C,724.0,157,5,0.2140123765563965,31.0,29.04,29.18
QQQ,2026-09-21,2026-10-30,C,725.0,562,32,0.21309685836791992,30.36,28.37,28.49
QQQ,2026-09-21,2026-10-30,C,726.0,376,11,0.2116625465393066,28.73,27.62,27.76
QQQ,2026-09-21,2026-10-30,C,727.0,322,70,0.2102740106201172,28.6,26.89,27.04
QQQ,2026-09-21,2026-10-30,C,728.0,405,2,0.20914487152099603,30.64,26.2,26.35
QQQ,2026-09-21,2026-10-30,C,729.0,522,1,0.2082598706054687,25.57,25.56,25.69
QQQ,2026-09-21,2026-10-30,C,730.0,2567,134,0.20752745605468748,25.06,24.91,25.05
QQQ,2026-09-21,2026-10-30,C,731.0,245,62,0.20636779968261715,24.35,24.26,24.38
QQQ,2026-09-21,2026-10-30,C,732.0,214,7,0.20536072967529295,23.78,23.58,23.73
QQQ,2026-09-21,2026-10-30,C,733.0,140,8,0.20407900421142577,23.19,22.91,23.06
QQQ,2026-09-21,2026-10-30,C,734.0,87,16,0.2030108996582031,22.68,22.27,22.42
QQQ,2026-09-21,2026-10-30,C,735.0,1072,448,0.20197331237792968,21.56,21.64,21.79
QQQ,2026-09-21,2026-10-30,C,736.0,173,11,0.20087469055175777,21.46,21.02,21.16
QQQ,2026-09-21,2026-10-30,C,737.0,195,60,0.1998828791809082,21.3,20.42,20.55
QQQ,2026-09-21,2026-10-30,C,738.0,265,13,0.19944037872314452,20.72,19.87,20.0
QQQ,2026-09-21,2026-10-30,C,739.0,198,65,0.1977619287109375,19.29,19.22,19.34
QQQ,2026-09-21,2026-10-30,C,740.0,2267,355,0.19704477279663085,18.7,18.67,18.78
QQQ,2026-09-21,2026-10-30,C,741.0,290,42,0.1963428755187988,18.94,18.1,18.23
QQQ,2026-09-21,2026-10-30,C,742.0,369,88,0.1951374432373047,17.5,17.52,17.64
QQQ,2026-09-21,2026-10-30,C,743.0,408,20,0.19425244232177735,17.85,16.97,17.09
QQQ,2026-09-21,2026-10-30,C,744.0,892,16,0.1931843377685547,17.16,16.43,16.53
QQQ,2026-09-21,2026-10-30,C,745.0,1098,247,0.19243666458129882,15.8,15.89,16.01
QQQ,2026-09-21,2026-10-30,C,746.0,160,30,0.19181106048583985,15.69,15.39,15.51
QQQ,2026-09-21,2026-10-30,C,747.0,154,43,0.19098709411621095,15.52,14.89,15.0
QQQ,2026-09-21,2026-10-30,C,748.0,243,25,0.189735885925293,14.36,14.37,14.46
QQQ,2026-09-21,2026-10-30,C,749.0,278,20,0.18894243682861328,13.84,13.86,13.97
QQQ,2026-09-21,2026-10-30,C,750.0,4597,370,0.18824053955078124,13.45,13.37,13.5
QQQ,2026-09-21,2026-10-30,C,751.0,88,450,0.1873555386352539,12.96,12.92,13.02
QQQ,2026-09-21,2026-10-30,C,752.0,148,46,0.18679096908569337,12.7,12.48,12.58
QQQ,2026-09-21,2026-10-30,C,753.0,231,17,0.18579915771484373,12.09,12.02,12.11
QQQ,2026-09-21,2026-10-30,C,754.0,97,10,0.18537191589355467,11.87,11.62,11.7
QQQ,2026-09-21,2026-10-30,C,755.0,2934,38,0.1842885527038574,11.29,11.15,11.24
QQQ,2026-09-21,2026-10-30,C,756.0,4668,59,0.18376975906372067,10.84,10.73,10.84
QQQ,2026-09-21,2026-10-30,C,757.0,80,6,0.18326622406005855,10.49,10.36,10.45
QQQ,2026-09-21,2026-10-30,C,758.0,621,29,0.18253380950927733,10.08,9.96,10.05
QQQ,2026-09-21,2026-10-30,C,759.0,826,22,0.18170984313964844,9.77,9.54,9.65
QQQ,2026-09-21,2026-10-30,C,760.0,4353,650,0.18076380767822264,9.2,9.16,9.25
QQQ,2026-09-21,2026-10-30,C,761.0,166,207,0.1806417385864258,8.96,8.83,8.93
QQQ,2026-09-21,2026-10-30,C,762.0,24,4,0.17948208221435547,8.76,8.44,8.53
QQQ,2026-09-21,2026-10-30,C,763.0,56,110,0.1790395817565918,8.32,8.12,8.2
QQQ,2026-09-21,2026-10-30,C,764.0,33,15,0.17826139129638674,7.82,7.78,7.85
QQQ,2026-09-21,2026-10-30,C,765.0,3304,62,0.17771208038330077,7.55,7.45,7.53
QQQ,2026-09-21,2026-10-30,C,766.0,41,22,0.17707121765136719,7.06,7.14,7.21
QQQ,2026-09-21,2026-10-30,C,767.0,47,15,0.1769491485595703,7.59,6.85,6.94
QQQ,2026-09-21,2026-10-30,C,768.0,49,15,0.17633880310058597,6.69,6.55,6.64
QQQ,2026-09-21,2026-10-30,C,769.0,31,21,0.17562164718627932,6.57,6.26,6.34
QQQ,2026-09-21,2026-10-30,C,770.0,3369,189,0.17505707763671874,6.28,5.97,6.06
QQQ,2026-09-21,2026-10-30,C,771.0,53,53,0.17490449127197266,6.69,5.74,5.82
QQQ,2026-09-21,2026-10-30,C,772.0,75,167,0.17450776672363283,5.45,5.48,5.57
QQQ,2026-09-21,2026-10-30,C,773.0,44,580,0.17359224853515626,5.22,5.23,5.29
QQQ,2026-09-21,2026-10-30,C,774.0,107,24,0.17340914489746095,5.29,5.01,5.07
QQQ,2026-09-21,2026-10-30,C,775.0,1394,232,0.1729819030761719,4.92,4.78,4.84
QQQ,2026-09-21,2026-10-30,C,780.0,1803,2533,0.17160862579345704,3.95,3.78,3.85
QQQ,2026-09-21,2026-10-30,C,785.0,2300,495,0.17035741760253909,2.97,2.97,3.03
QQQ,2026-09-21,2026-10-30,C,790.0,1303,147,0.1698996585083008,2.33,2.34,2.39
QQQ,2026-09-21,2026-10-30,C,795.0,989,158,0.16883155395507815,1.82,1.8,1.84
QQQ,2026-09-21,2026-10-30,C,800.0,1458,371,0.16950293395996097,1.48,1.42,1.46
QQQ,2026-09-21,2026-10-30,C,805.0,507,69,0.17011327941894533,1.24,1.12,1.15
QQQ,2026-09-21,2026-10-30,C,810.0,700,163,0.17108983215332033,0.94,0.88,0.91
QQQ,2026-09-21,2026-10-30,C,815.0,276,28,0.1726156958007813,0.73,0.7,0.73
QQQ,2026-09-21,2026-10-30,C,820.0,863,19,0.17389742126464847,0.58,0.56,0.58
QQQ,2026-09-21,2026-10-30,C,825.0,596,70,0.1757894921875,0.45,0.44,0.47
QQQ,2026-09-21,2026-10-30,C,830.0,772,91,0.17774259765625,0.4,0.36,0.38
QQQ,2026-09-21,2026-10-30,C,835.0,293,29,0.179695703125,0.33,0.29,0.31
QQQ,2026-09-21,2026-10-30,C,840.0,401,52,0.18140467041015623,0.25,0.23,0.25
QQQ,2026-09-21,2026-10-30,C,845.0,152,61,0.18531088134765622,0.28,0.19,0.22
QQQ,2026-09-21,2026-10-30,C,850.0,563,46,0.187508125,0.17,0.15,0.18
QQQ,2026-09-21,2026-10-30,C,855.0,50,113,0.18970536865234378,0.19,0.12,0.15
QQQ,2026-09-21,2026-10-30,C,860.0,152,1,0.1928791650390625,0.18,0.1,0.13
QQQ,2026-09-21,2026-10-30,C,865.0,145,77,0.1977619287109375,0.2,0.07,0.12
QQQ,2026-09-21,2026-10-30,C,870.0,231,1,0.19727365234375,0.1,0.06,0.09
QQQ,2026-09-21,2026-10-30,C,875.0,152,6,0.20069158691406247,0.09,0.04,0.08
QQQ,2026-09-21,2026-10-30,C,880.0,10,6,0.20410952148437497,0.07,0.03,0.07
QQQ,2026-09-21,2026-10-30,C,890.0,72,0,0.21192194335937498,0.09,0.02,0.06
QQQ,2026-09-21,2026-10-30,C,895.0,9,0,0.21778125976562498,0.01,0.01,0.06
QQQ,2026-09-21,2026-10-30,C,900.0,33,46,0.21973436523437498,0.03,0.01,0.05
QQQ,2026-09-21,2026-10-30,P,470.0,390,128,0.5390671093750001,0.13,0.13,0.16
QQQ,2026-09-21,2026-10-30,P,475.0,21,1,0.5293015820312501,0.17,0.13,0.17
QQQ,2026-09-21,2026-10-30,P,480.0,77,4,0.523442265625,0.14,0.15,0.18
QQQ,2026-09-21,2026-10-30,P,485.0,322,76,0.5170946728515625,0.21,0.16,0.2
QQQ,2026-09-21,2026-10-30,P,490.0,86,30,0.5102588037109376,0.19,0.18,0.21
QQQ,2026-09-21,2026-10-30,P,495.0,82,10,0.5043994873046875,0.21,0.2,0.23
QQQ,2026-09-21,2026-10-30,P,500.0,443,27,0.4995167236328125,0.21,0.21,0.24
QQQ,2026-09-21,2026-10-30,P,505.0,71,6,0.49268085449218757,0.24,0.23,0.26
QQQ,2026-09-21,2026-10-30,P,510.0,83,2,0.48340360351562506,0.29,0.24,0.27
QQQ,2026-09-21,2026-10-30,P,515.0,33,6,0.47803256347656253,0.85,0.27,0.3
QQQ,2026-09-21,2026-10-30,P,520.0,282,36,0.47046427978515626,0.28,0.29,0.32
QQQ,2026-09-21,2026-10-30,P,525.0,96,1,0.4626518579101563,0.3,0.31,0.34
QQQ,2026-09-21,2026-10-30,P,530.0,116,42,0.45606012695312503,0.31,0.33,0.37
QQQ,2026-09-21,2026-10-30,P,535.0,172,2,0.446294599609375,0.38,0.35,0.38
QQQ,2026-09-21,2026-10-30,P,540.0,220,4,0.4409235595703125,0.38,0.38,0.42
QQQ,2026-09-21,2026-10-30,P,545.0,1025,2,0.4321345849609375,0.43,0.41,0.44
QQQ,2026-09-21,2026-10-30,P,550.0,490,56,0.424810439453125,0.48,0.44,0.47
QQQ,2026-09-21,2026-10-30,P,555.0,75,3,0.41699801757812494,0.47,0.47,0.5
QQQ,2026-09-21,2026-10-30,P,560.0,244,45,0.4101621484375,0.47,0.5,0.54
QQQ,2026-09-21,2026-10-30,P,565.0,210,11,0.4028380029296875,0.52,0.53,0.58
QQQ,2026-09-21,2026-10-30,P,570.0,187,5,0.39441523559570313,0.57,0.58,0.61
QQQ,2026-09-21,2026-10-30,P,575.0,345,2,0.38672488281249995,0.64,0.62,0.65
QQQ,2026-09-21,2026-10-30,P,580.0,458,52,0.37964487548828124,0.67,0.66,0.7
QQQ,2026-09-21,2026-10-30,P,585.0,374,2,0.37219866088867193,0.73,0.71,0.75
QQQ,2026-09-21,2026-10-30,P,590.0,1532,5,0.36524072265625,0.74,0.77,0.81
QQQ,2026-09-21,2026-10-30,P,595.0,211,8,0.35718416259765623,0.75,0.83,0.86
QQQ,2026-09-21,2026-10-30,P,600.0,1834,258,0.3508365698242187,0.89,0.89,0.94
QQQ,2026-09-21,2026-10-30,P,601.0,96,1,0.3485172570800781,0.95,0.9,0.94
QQQ,2026-09-21,2026-10-30,P,602.0,47,6,0.34680828979492184,0.83,0.92,0.95
QQQ,2026-09-21,2026-10-30,P,603.0,36,1,0.34570966796874997,0.85,0.93,0.97
QQQ,2026-09-21,2026-10-30,P,604.0,60,8,0.3446110461425781,0.99,0.95,0.99
QQQ,2026-09-21,2026-10-30,P,605.0,192,1,0.34278000976562495,0.89,0.97,1.0
QQQ,2026-09-21,2026-10-30,P,606.0,87,1,0.34107104248046877,0.89,0.98,1.01
QQQ,2026-09-21,2026-10-30,P,607.0,73,4,0.3398503515625,3.01,0.99,1.03
QQQ,2026-09-21,2026-10-30,P,608.0,20,6,0.33814138427734375,1.01,1.01,1.04
QQQ,2026-09-21,2026-10-30,P,609.0,66,3,0.336920693359375,2.9,1.03,1.06
QQQ,2026-09-21,2026-10-30,P,610.0,1575,33,0.33570000244140624,1.03,1.04,1.08
QQQ,2026-09-21,2026-10-30,P,611.0,16,1,0.33386896606445315,1.78,1.06,1.09
QQQ,2026-09-21,2026-10-30,P,612.0,177,1,0.332587240600586,1.58,1.08,1.11
QQQ,2026-09-21,2026-10-30,P,613.0,105,2,0.33185482604980465,0.98,1.1,1.14
QQQ,2026-09-21,2026-10-30,P,614.0,76,2,0.32996275512695306,0.99,1.11,1.15
QQQ,2026-09-21,2026-10-30,P,615.0,221,1,0.32813171874999997,1.02,1.13,1.16
QQQ,2026-09-21,2026-10-30,P,616.0,203,46,0.3267889587402344,1.03,1.15,1.18
QQQ,2026-09-21,2026-10-30,P,617.0,157,20,0.3259344750976562,1.91,1.17,1.21
QQQ,2026-09-21,2026-10-30,P,618.0,156,3,0.32459171508789053,1.14,1.19,1.23
QQQ,2026-09-21,2026-10-30,P,619.0,61,2,0.32263860961914054,1.09,1.21,1.24
QQQ,2026-09-21,2026-10-30,P,620.0,418,47,0.3212348150634765,1.18,1.23,1.26
QQQ,2026-09-21,2026-10-30,P,621.0,104,2,0.3198310205078124,1.26,1.24,1.28
QQQ,2026-09-21,2026-10-30,P,622.0,115,1,0.3193427441406249,1.11,1.27,1.32
QQQ,2026-09-21,2026-10-30,P,623.0,207,23,0.317389638671875,2.16,1.29,1.33
QQQ,2026-09-21,2026-10-30,P,624.0,21,1,0.315863775024414,1.16,1.32,1.35
QQQ,2026-09-21,2026-10-30,P,625.0,650,6,0.31482618774414056,1.24,1.34,1.38
QQQ,2026-09-21,2026-10-30,P,626.0,18,13,0.31323928955078123,1.21,1.36,1.4
QQQ,2026-09-21,2026-10-30,P,627.0,71,8,0.3112861840820312,1.45,1.37,1.41
QQQ,2026-09-21,2026-10-30,P,628.0,52,5,0.31018756225585936,1.18,1.41,1.44
QQQ,2026-09-21,2026-10-30,P,629.0,13,15,0.3094551477050781,1.28,1.44,1.48
QQQ,2026-09-21,2026-10-30,P,630.0,985,574,0.3073799731445312,1.44,1.46,1.49
QQQ,2026-09-21,2026-10-30,P,631.0,76,2,0.3057930749511719,1.35,1.48,1.51
QQQ,2026-09-21,2026-10-30,P,632.0,69,1,0.3045723840332031,1.31,1.51,1.54
QQQ,2026-09-21,2026-10-30,P,633.0,101,1,0.30335169311523436,1.35,1.54,1.57
QQQ,2026-09-21,2026-10-30,P,634.0,113,28,0.3020699676513672,1.39,1.57,1.6
QQQ,2026-09-21,2026-10-30,P,635.0,363,21,0.3007882421875,1.42,1.59,1.63
QQQ,2026-09-21,2026-10-30,P,636.0,295,118,0.29944548217773437,1.38,1.63,1.66
QQQ,2026-09-21,2026-10-30,P,637.0,44,343,0.297736514892578,1.44,1.65,1.68
QQQ,2026-09-21,2026-10-30,P,638.0,47,134,0.2967599621582031,1.48,1.68,1.72
QQQ,2026-09-21,2026-10-30,P,639.0,64,1,0.2949899603271484,1.55,1.7,1.74
QQQ,2026-09-21,2026-10-30,P,640.0,8266,40,0.29395237304687494,1.66,1.75,1.78
QQQ,2026-09-21,2026-10-30,P,641.0,140,1,0.29218237121582025,1.66,1.77,1.8
QQQ,2026-09-21,2026-10-30,P,642.0,46,3,0.2913889221191405,1.7,1.81,1.85
QQQ,2026-09-21,2026-10-30,P,643.0,73,500,0.28992409301757804,1.6,1.85,1.88
QQQ,2026-09-21,2026-10-30,P,644.0,51,11,0.28876443664550777,1.9,1.88,1.92
QQQ,2026-09-21,2026-10-30,P,645.0,859,60,0.2876047802734374,1.76,1.92,1.96
QQQ,2026-09-21,2026-10-30,P,646.0,52,1,0.2857127093505859,1.89,1.95,1.98
QQQ,2026-09-21,2026-10-30,P,647.0,62,2,0.28449201843261707,1.63,1.98,2.02
QQQ,2026-09-21,2026-10-30,P,648.0,151,4,0.28321029296874994,2.07,2.03,2.06
QQQ,2026-09-21,2026-10-30,P,649.0,111,251,0.282233740234375,1.87,2.07,2.11
QQQ,2026-09-21,2026-10-30,P,650.0,4929,271,0.2805858074951171,2.07,2.11,2.14
QQQ,2026-09-21,2026-10-30,P,651.0,179,1,0.27893787475585935,1.9,2.13,2.17
QQQ,2026-09-21,2026-10-30,P,652.0,141,2,0.2782054602050781,2.17,2.19,2.23
QQQ,2026-09-21,2026-10-30,P,653.0,90,6,0.276801665649414,1.8,2.24,2.27
QQQ,2026-09-21,2026-10-30,P,654.0,169,1,0.2759471820068359,2.14,2.29,2.33
QQQ,2026-09-21,2026-10-30,P,655.0,6667,27,0.27448235290527345,2.29,2.33,2.37
QQQ,2026-09-21,2026-10-30,P,656.0,124,2,0.2732616619873046,2.29,2.37,2.42
QQQ,2026-09-21,2026-10-30,P,657.0,103,3,0.27149166015625,2.27,2.42,2.45
QQQ,2026-09-21,2026-10-30,P,658.0,91,9,0.2704845901489258,2.48,2.47,2.51
QQQ,2026-09-21,2026-10-30,P,659.0,487,2,0.2686230364990234,2.19,2.5,2.54
QQQ,2026-09-21,2026-10-30,P,660.0,6975,197,0.2681347601318359,2.6,2.57,2.62
QQQ,2026-09-21,2026-10-30,P,661.0,102,3,0.2659985510253906,2.13,2.59,2.64
QQQ,2026-09-21,2026-10-30,P,662.0,196,21,0.26538820556640624,2.5,2.68,2.72
QQQ,2026-09-21,2026-10-30,P,663.0,200,72,0.2642285491943359,2.52,2.73,2.78
QQQ,2026-09-21,2026-10-30,P,664.0,123,5,0.2627637200927735,2.72,2.79,2.83
QQQ,2026-09-21,2026-10-30,P,665.0,2210,54,0.26154302917480465,2.79,2.85,2.89
QQQ,2026-09-21,2026-10-30,P,666.0,111,6,0.2602918209838867,2.79,2.91,2.95
QQQ,2026-09-21,2026-10-30,P,667.0,108,1,0.2592237164306641,2.56,2.98,3.02
QQQ,2026-09-21,2026-10-30,P,668.0,175,21,0.2581250946044922,2.75,3.04,3.09
QQQ,2026-09-21,2026-10-30,P,669.0,153,27,0.25653819641113285,2.83,3.1,3.14
QQQ,2026-09-21,2026-10-30,P,670.0,3180,305,0.2553785400390626,3.17,3.16,3.21
QQQ,2026-09-21,2026-10-30,P,671.0,208,5,0.2541578491210938,3.25,3.23,3.28
QQQ,2026-09-21,2026-10-30,P,672.0,193,32,0.25269302001953126,3.04,3.3,3.34
QQQ,2026-09-21,2026-10-30,P,673.0,70,13,0.251411294555664,3.32,3.37,3.41
QQQ,2026-09-21,2026-10-30,P,674.0,116,19,0.2503126727294922,3.2,3.44,3.49
QQQ,2026-09-21,2026-10-30,P,675.0,1942,294,0.24896991271972657,3.52,3.52,3.56
QQQ,2026-09-21,2026-10-30,P,676.0,2209,9,0.24777973907470702,3.1,3.59,3.64
QQQ,2026-09-21,2026-10-30,P,677.0,177,27,0.24677266906738282,3.38,3.68,3.73
QQQ,2026-09-21,2026-10-30,P,678.0,225,26,0.2453078399658203,3.69,3.76,3.8
QQQ,2026-09-21,2026-10-30,P,679.0,178,19,0.2446059426879883,3.71,3.85,3.91
QQQ,2026-09-21,2026-10-30,P,680.0,21349,315,0.2430800790405273,3.92,3.93,3.98
QQQ,2026-09-21,2026-10-30,P,681.0,222,11,0.2420730090332031,3.71,4.02,4.08
QQQ,2026-09-21,2026-10-30,P,682.0,129,34,0.24066921447753903,3.82,4.11,4.16
QQQ,2026-09-21,2026-10-30,P,683.0,85,30,0.23938748901367185,4.04,4.2,4.25
QQQ,2026-09-21,2026-10-30,P,684.0,106,30,0.23825834991455075,3.35,4.3,4.35
QQQ,2026-09-21,2026-10-30,P,685.0,4523,265,0.23709869354248048,4.46,4.4,4.45
QQQ,2026-09-21,2026-10-30,P,686.0,597,3,0.236061106262207,3.84,4.5,4.56
QQQ,2026-09-21,2026-10-30,P,687.0,163,9,0.23499300170898438,4.45,4.61,4.67
QQQ,2026-09-21,2026-10-30,P,688.0,297,25,0.23368075897216795,4.31,4.72,4.77
QQQ,2026-09-21,2026-10-30,P,689.0,234,62,0.23249058532714845,4.86,4.82,4.88
QQQ,2026-09-21,2026-10-30,P,690.0,2624,3408,0.231452998046875,5.01,4.94,5.0
QQQ,2026-09-21,2026-10-30,P,691.0,88,34,0.2301712725830078,4.72,5.06,5.11
QQQ,2026-09-21,2026-10-30,P,692.0,617,68,0.22901161621093752,4.94,5.17,5.23
QQQ,2026-09-21,2026-10-30,P,693.0,228,46,0.22763833892822266,5.07,5.3,5.34
QQQ,2026-09-21,2026-10-30,P,694.0,113,6,0.22657023437499998,4.68,5.43,5.47
QQQ,2026-09-21,2026-10-30,P,695.0,5333,236,0.22571575073242187,5.58,5.57,5.62
QQQ,2026-09-21,2026-10-30,P,696.0,373,23,0.22467816345214842,5.52,5.7,5.76
QQQ,2026-09-21,2026-10-30,P,697.0,96,53,0.22342695526123046,4.98,5.83,5.89
QQQ,2026-09-21,2026-10-30,P,698.0,259,49,0.22229781616210934,5.86,5.98,6.03
QQQ,2026-09-21,2026-10-30,P,699.0,173,157,0.2210771252441406,5.88,6.12,6.17
QQQ,2026-09-21,2026-10-30,P,700.0,19490,6409,0.21982591705322263,6.3,6.26,6.31
QQQ,2026-09-21,2026-10-30,P,701.0,249,39,0.2189714334106445,6.33,6.42,6.48
QQQ,2026-09-21,2026-10-30,P,702.0,215,1355,0.2177507424926758,6.3,6.57,6.63
QQQ,2026-09-21,2026-10-30,P,703.0,330,42,0.21675893112182615,6.17,6.71,6.8
QQQ,2026-09-21,2026-10-30,P,704.0,197,24,0.2157060852050781,6.97,6.9,6.97
QQQ,2026-09-21,2026-10-30,P,705.0,1139,207,0.21445487701416016,7.08,7.07,7.13
QQQ,2026-09-21,2026-10-30,P,706.0,489,6,0.21341728973388674,6.91,7.25,7.31
QQQ,2026-09-21,2026-10-30,P,707.0,1481,18,0.21234918518066404,7.14,7.43,7.49
QQQ,2026-09-21,2026-10-30,P,708.0,1362,4,0.2111895288085937,6.58,7.6,7.67
QQQ,2026-09-21,2026-10-30,P,709.0,276,102,0.21010616561889645,7.78,7.78,7.86
QQQ,2026-09-21,2026-10-30,P,710.0,12384,547,0.20896176788330073,7.97,7.98,8.05
QQQ,2026-09-21,2026-10-30,P,711.0,880,10,0.20789366333007808,7.65,8.18,8.25
QQQ,2026-09-21,2026-10-30,P,712.0,319,233,0.206489868774414,8.43,8.37,8.43
QQQ,2026-09-21,2026-10-30,P,713.0,638,9,0.205787971496582,7.5,8.59,8.67
QQQ,2026-09-21,2026-10-30,P,714.0,333,9,0.20462831512451168,8.79,8.8,8.88
QQQ,2026-09-21,2026-10-30,P,715.0,2038,162,0.20366702102661133,9.02,9.02,9.11
QQQ,2026-09-21,2026-10-30,P,716.0,938,60,0.20262943374633785,8.13,9.25,9.34
QQQ,2026-09-21,2026-10-30,P,717.0,757,13,0.20151555328369142,9.52,9.49,9.57
QQQ,2026-09-21,2026-10-30,P,718.0,431,61,0.20047796600341794,9.05,9.73,9.81
QQQ,2026-09-21,2026-10-30,P,719.0,799,9,0.19945563735961913,9.25,9.98,10.06
QQQ,2026-09-21,2026-10-30,P,720.0,2194,3387,0.19837227416992187,10.2,10.23,10.31
QQQ,2026-09-21,2026-10-30,P,721.0,340,133,0.1971058073425293,10.16,10.46,10.55
QQQ,2026-09-21,2026-10-30,P,722.0,408,22,0.1963428755187988,10.39,10.74,10.84
QQQ,2026-09-21,2026-10-30,P,723.0,449,30,0.1955036505126953,9.8,11.04,11.13
QQQ,2026-09-21,2026-10-30,P,724.0,241,21,0.1945576150512695,10.63,11.32,11.42
QQQ,2026-09-21,2026-10-30,P,725.0,2167,206,0.19323011367797854,11.57,11.59,11.68
QQQ,2026-09-21,2026-10-30,P,726.0,1339,32,0.19226881958007813,11.02,11.89,11.98
QQQ,2026-09-21,2026-10-30,P,727.0,846,61,0.1915364050292969,11.78,12.21,12.31
QQQ,2026-09-21,2026-10-30,P,728.0,295,76,0.19052933502197267,11.7,12.51,12.62
QQQ,2026-09-21,2026-10-30,P,729.0,275,33,0.18941545455932618,12.3,12.85,12.93
QQQ,2026-09-21,2026-10-30,P,730.0,5201,948,0.18856097091674806,13.13,13.15,13.27
QQQ,2026-09-21,2026-10-30,P,731.0,201,27,0.18761493545532226,13.53,13.5,13.61
QQQ,2026-09-21,2026-10-30,P,732.0,107,53,0.18680622772216798,13.87,13.85,13.97
QQQ,2026-09-21,2026-10-30,P,733.0,156,50,0.1858907095336914,12.5,14.22,14.33
QQQ,2026-09-21,2026-10-30,P,734.0,95,26,0.18479208770751948,13.43,14.56,14.68
QQQ,2026-09-21,2026-10-30,P,735.0,468,5219,0.18402915588378904,15.04,14.96,15.07
QQQ,2026-09-21,2026-10-30,P,736.0,110,39,0.182976309967041,15.4,15.31,15.44
QQQ,2026-09-21,2026-10-30,P,737.0,229,41,0.1820302745056152,15.9,15.7,15.83
QQQ,2026-09-21,2026-10-30,P,738.0,191,65,0.1809926872253418,16.19,16.09,16.22
QQQ,2026-09-21,2026-10-30,P,739.0,175,126,0.18006191040039063,16.66,16.54,16.63
QQQ,2026-09-21,2026-10-30,P,740.0,3871,753,0.17937527175903317,16.87,16.94,17.07
QQQ,2026-09-21,2026-10-30,P,741.0,82,56,0.1785665640258789,17.45,17.36,17.51
QQQ,2026-09-21,2026-10-30,P,742.0,219,250,0.1775747526550293,17.69,17.8,17.94
QQQ,2026-09-21,2026-10-30,P,743.0,137,207,0.17647613082885744,18.06,18.24,18.37
QQQ,2026-09-21,2026-10-30,P,744.0,355,343,0.17600311309814454,18.55,18.74,18.87
QQQ,2026-09-21,2026-10-30,P,745.0,532,293,0.17524018127441404,19.08,19.2,19.35
QQQ,2026-09-21,2026-10-30,P,746.0,210,142,0.17456880126953128,19.88,19.7,19.85
QQQ,2026-09-21,2026-10-30,P,747.0,106,113,0.1738058694458008,18.19,20.19,20.35
QQQ,2026-09-21,2026-10-30,P,748.0,41,27,0.17282931671142582,18.5,20.7,20.84
QQQ,2026-09-21,2026-10-30,P,749.0,127,26,0.17194431579589847,19.96,21.19,21.35
QQQ,2026-09-21,2026-10-30,P,750.0,966,271,0.17096776306152345,20.59,21.71,21.86
QQQ,2026-09-21,2026-10-30,P,751.0,85,7,0.17041845214843754,21.95,22.29,22.42
QQQ,2026-09-21,2026-10-30,P,752.0,79,22,0.16997595169067387,22.38,22.83,23.0
QQQ,2026-09-21,2026-10-30,P,753.0,1,0,0.16910620941162113,48.23,23.38,23.55
QQQ,2026-09-21,2026-10-30,P,754.0,22,2,0.16788551849365235,21.59,23.91,24.08
QQQ,2026-09-21,2026-10-30,P,755.0,104,20,0.16744301803588868,20.02,24.53,24.69
QQQ,2026-09-21,2026-10-30,P,756.0,2,274,0.16689370712280277,21.61,25.13,25.3
QQQ,2026-09-21,2026-10-30,P,757.0,5,6,0.1664512066650391,24.78,25.76,25.93
QQQ,2026-09-21,2026-10-30,P,758.0,3,1,0.1656882748413086,25.61,26.36,26.54
QQQ,2026-09-21,2026-10-30,P,759.0,1,0,0.1650168948364258,25.0,27.0,27.17
QQQ,2026-09-21,2026-10-30,P,760.0,439,14,0.16422344573974612,27.39,27.64,27.8
QQQ,2026-09-21,2026-10-30,P,765.0,95,6,0.16330792755126955,29.78,30.85,31.34
QQQ,2026-09-21,2026-10-30,P,766.0,78,0,0.16294172027587894,26.75,31.56,32.06
QQQ,2026-09-21,2026-10-30,P,767.0,1,2,0.1598594757080078,26.94,32.23,32.58
QQQ,2026-09-21,2026-10-30,P,768.0,1,0,0.16202620208740232,31.59,33.14,33.51
QQQ,2026-09-21,2026-10-30,P,769.0,1,0,0.1588524057006836,32.32,33.36,34.05
QQQ,2026-09-21,2026-10-30,P,770.0,838,1,0.1604698211669922,30.2,34.49,34.95
QQQ,2026-09-21,2026-10-30,P,774.0,1,0,0.15714343841552736,32.86,37.55,37.93
QQQ,2026-09-21,2026-10-30,P,775.0,189,7,0.15927964752197266,32.46,38.4,38.89
QQQ,2026-09-21,2026-10-30,P,780.0,7,1,0.15891344024658205,37.0,42.53,43.06
QQQ,2026-09-21,2026-10-30,P,785.0,73,68,0.15760119750976562,49.03,46.49,47.33
QQQ,2026-09-21,2026-10-30,P,790.0,31,31,0.16303327209472657,46.02,51.44,52.04
QQQ,2026-09-21,2026-10-30,P,795.0,53,64,0.19892158508300778,54.22,54.75,58.24
QQQ,2026-09-21,2026-10-30,P,800.0,105,1,0.20746642150878902,57.79,59.55,63.08
QQQ,2026-09-21,2026-10-30,P,805.0,1,5,0.21884936431884766,58.38,64.71,68.08
QQQ,2026-09-21,2026-10-30,P,810.0,2,3,0.19525951232910155,63.75,71.13,71.63
QQQ,2026-09-21,2026-10-30,P,815.0,1,3,0.22052781433105467,68.69,74.11,77.2
QQQ,2026-09-21,2026-10-30,P,820.0,1,2,0.2430190444946289,78.69,79.52,82.7
QQQ,2026-09-21,2026-10-30,P,825.0,0,2,0.2540968145751954,83.75,84.71,87.73
QQQ,2026-09-21,2026-10-30,P,830.0,0,2,0.2580030255126954,88.61,89.24,92.48
QQQ,2026-09-21,2026-10-30,P,835.0,0,2,0.27436028381347655,93.56,94.37,97.73
QQQ,2026-09-21,2026-10-30,P,840.0,1,2,0.2834544311523437,98.62,99.71,102.7
QQQ,2026-09-21,2026-10-30,P,845.0,0,2,0.2822947747802734,103.62,104.23,107.3
QQQ,2026-09-21,2026-10-30,P,850.0,0,2,0.3075630767822265,139.91,109.64,112.88
QQQ,2026-09-21,2026-10-30,P,855.0,0,178,1.0000000000000003e-05,129.88,0.0,0.0
QQQ,2026-09-21,2026-10-30,P,860.0,0,3,0.3130561859130859,154.37,119.11,122.4
QQQ,2026-09-21,2026-10-30,P,865.0,0,0,0.32068550415039054,159.37,124.1,127.35
QQQ,2026-09-21,2026-10-30,P,870.0,1,1,0.34088793884277346,122.48,129.33,132.73
QQQ,2026-09-21,2026-10-30,P,875.0,0,1,0.34992105163574216,127.5,134.71,137.73
QQQ,2026-09-21,2026-10-30,P,885.0,0,0,0.36188382263183594,179.35,144.04,147.54
QQQ,2026-09-21,2026-11-20,C,350.0,3,1,0.9003916210937499,368.66,389.8,392.78
QQQ,2026-09-21,2026-11-20,C,360.0,1,1,1.0000000000000003e-05,316.78,359.33,363.02
QQQ,2026-09-21,2026-11-20,C,365.0,1,0,0.8791515991210936,353.51,374.89,378.21
QQQ,2026-09-21,2026-11-20,C,370.0,38,39,0.8945323046874999,352.21,370.54,373.3
QQQ,2026-09-21,2026-11-20,C,380.0,5,1,0.8497329479980469,364.08,360.14,363.34
QQQ,2026-09-21,2026-11-20,C,390.0,0,0,1.0000000000000003e-05,330.02,0.0,0.0
QQQ,2026-09-21,2026-11-20,C,400.0,10,1,0.8348405187988279,344.26,341.0,343.76
QQQ,2026-09-21,2026-11-20,C,405.0,1,0,0.7784445983886719,316.12,335.28,338.24
QQQ,2026-09-21,2026-11-20,C,410.0,6,5,0.7668480346679689,311.7,330.31,333.28
QQQ,2026-09-21,2026-11-20,C,420.0,4,3,0.7453638745117188,324.65,320.39,323.38
QQQ,2026-09-21,2026-11-20,C,425.0,5,5,0.7473169799804689,293.61,315.47,318.79
QQQ,2026-09-21,2026-11-20,C,430.0,3,1,0.7221707470703125,314.58,310.43,313.47
QQQ,2026-09-21,2026-11-20,C,435.0,0,1,1.0000000000000003e-05,295.15,0.0,0.0
QQQ,2026-09-21,2026-11-20,C,440.0,11,11,0.703250037841797,278.65,300.59,303.57
QQQ,2026-09-21,2026-11-20,C,445.0,1,0,0.7082548706054688,260.41,295.82,298.99
QQQ,2026-09-21,2026-11-20,C,450.0,0,1,1.0000000000000003e-05,267.98,0.0,0.0
QQQ,2026-09-21,2026-11-20,C,455.0,0,0,1.0000000000000003e-05,268.27,0.0,0.0
QQQ,2026-09-21,2026-11-20,C,460.0,50,50,0.6843293286132813,288.0,281.31,284.15
QQQ,2026-09-21,2026-11-20,C,465.0,7,5,0.6525303302001955,257.3,275.88,278.83
QQQ,2026-09-21,2026-11-20,C,480.0,85,4,0.6496617065429688,255.33,261.71,264.58
QQQ,2026-09-21,2026-11-20,C,485.0,28,1,0.6131630480957033,224.07,256.14,259.07
QQQ,2026-09-21,2026-11-20,C,490.0,7,1,0.6288489263916017,218.54,251.84,254.72
QQQ,2026-09-21,2026-11-20,C,495.0,27,1,0.6198768481445314,213.29,247.0,249.77
QQQ,2026-09-21,2026-11-20,C,500.0,98,5,0.6078530426025393,245.3,241.98,244.84
QQQ,2026-09-21,2026-11-20,C,505.0,6,5,0.5990030334472658,229.65,237.12,239.92
QQQ,2026-09-21,2026-11-20,C,510.0,78,75,0.5873454351806642,231.61,232.12,234.99
QQQ,2026-09-21,2026-11-20,C,515.0,4,1,0.5606123040771485,199.22,226.54,229.79
QQQ,2026-09-21,2026-11-20,C,520.0,6,5,0.5670209313964845,223.29,222.27,225.14
QQQ,2026-09-21,2026-11-20,C,525.0,96,56,0.5566450585937501,216.63,217.34,220.21
QQQ,2026-09-21,2026-11-20,C,530.0,4,2,0.5468795312500001,178.16,212.43,215.3
QQQ,2026-09-21,2026-11-20,C,535.0,1,0,1.0000000000000003e-05,144.01,187.01,190.8
QQQ,2026-09-21,2026-11-20,C,540.0,336,4,0.5371140039062501,209.81,203.3,205.46
QQQ,2026-09-21,2026-11-20,C,545.0,1,0,1.0000000000000003e-05,141.0,177.28,180.92
QQQ,2026-09-21,2026-11-20,C,550.0,26,1,0.5355271057128907,184.3,192.05,195.27
QQQ,2026-09-21,2026-11-20,C,555.0,0,4,1.0000000000000003e-05,176.72,0.0,0.0
QQQ,2026-09-21,2026-11-20,C,560.0,38,12,0.5234117483520507,179.68,182.39,185.84
QQQ,2026-09-21,2026-11-20,C,565.0,19,2,0.508793974609375,174.79,177.36,180.77
QQQ,2026-09-21,2026-11-20,C,570.0,14,1,0.49014792083740244,174.83,172.47,175.52
QQQ,2026-09-21,2026-11-20,C,575.0,24,3,0.4924977508544922,172.4,168.39,171.2
QQQ,2026-09-21,2026-11-20,C,580.0,11,1,0.48209136077880865,164.27,163.57,166.32
QQQ,2026-09-21,2026-11-20,C,585.0,7,2,0.46936565795898444,160.7,158.08,161.33
QQQ,2026-09-21,2026-11-20,C,590.0,26,3,0.46191944335937507,152.02,153.77,156.6
QQQ,2026-09-21,2026-11-20,C,595.0,4,3,0.4484308087158203,146.02,148.28,151.57
QQQ,2026-09-21,2026-11-20,C,600.0,177,9,0.4420221813964844,145.67,144.06,146.91
QQQ,2026-09-21,2026-11-20,C,605.0,12,3,0.39728385925292964,140.6,139.72,140.28
QQQ,2026-09-21,2026-11-20,C,610.0,94,1,0.3880066082763671,135.31,134.77,135.43
QQQ,2026-09-21,2026-11-20,C,615.0,13,2,0.38019418640136715,131.75,130.01,130.66
QQQ,2026-09-21,2026-11-20,C,620.0,191,1,0.3711915908813477,131.39,125.2,125.84
QQQ,2026-09-21,2026-11-20,C,625.0,29,3,0.36295192718505864,123.83,120.43,121.07
QQQ,2026-09-21,2026-11-20,C,630.0,35,4,0.35535312622070303,118.95,115.72,116.35
QQQ,2026-09-21,2026-11-20,C,635.0,571,1,0.34729656616210935,113.99,111.0,111.62
QQQ,2026-09-21,2026-11-20,C,640.0,250,3,0.339301040649414,113.38,106.49,106.91
QQQ,2026-09-21,2026-11-20,C,645.0,136,3,0.3316717224121094,109.19,101.78,102.24
QQQ,2026-09-21,2026-11-20,C,650.0,233,1,0.32413395599365225,99.6,96.96,97.6
QQQ,2026-09-21,2026-11-20,C,655.0,45,3,0.3166877413940429,95.1,92.4,92.99
QQQ,2026-09-21,2026-11-20,C,660.0,516,2,0.3087379917907715,93.8,87.97,88.37
QQQ,2026-09-21,2026-11-20,C,665.0,126,3,0.30213100219726563,85.95,83.3,83.88
QQQ,2026-09-21,2026-11-20,C,670.0,230,9,0.29442539077758784,86.74,78.79,79.34
QQQ,2026-09-21,2026-11-20,C,675.0,697,4,0.28824564300537103,76.25,74.57,74.96
QQQ,2026-09-21,2026-11-20,C,680.0,516,2,0.28159287750244133,71.45,70.18,70.59
QQQ,2026-09-21,2026-11-20,C,685.0,429,1,0.27506218109130853,65.92,65.75,66.28
QQQ,2026-09-21,2026-11-20,C,690.0,2398,52,0.2685772605895996,63.02,61.57,62.03
QQQ,2026-09-21,2026-11-20,C,695.0,670,8,0.2623975128173829,59.7,57.31,57.87
QQQ,2026-09-21,2026-11-20,C,700.0,2288,390,0.25630931686401365,54.63,53.3,53.79
QQQ,2026-09-21,2026-11-20,C,705.0,2186,35,0.2490767231750488,49.82,49.47,49.67
QQQ,2026-09-21,2026-11-20,C,710.0,3097,88,0.24311059631347653,45.48,45.6,45.76
QQQ,2026-09-21,2026-11-20,C,715.0,2427,11,0.2376480044555664,42.86,41.84,42.0
QQQ,2026-09-21,2026-11-20,C,720.0,11332,55,0.23169713623046873,39.2,38.17,38.29
QQQ,2026-09-21,2026-11-20,C,725.0,6101,147,0.22730264892578123,34.84,34.71,34.87
QQQ,2026-09-21,2026-11-20,C,730.0,15567,233,0.22266402343749997,31.74,31.43,31.55
QQQ,2026-09-21,2026-11-20,C,735.0,1869,61,0.2181474670410156,28.31,28.26,28.38
QQQ,2026-09-21,2026-11-20,C,740.0,4708,2379,0.21358513473510743,25.3,25.24,25.35
QQQ,2026-09-21,2026-11-20,C,745.0,2685,113,0.20943478561401363,22.4,22.41,22.52
QQQ,2026-09-21,2026-11-20,C,750.0,17890,4261,0.20552857467651364,20.22,19.84,19.88
QQQ,2026-09-21,2026-11-20,C,755.0,3483,108,0.20206486419677733,17.32,17.4,17.46
QQQ,2026-09-21,2026-11-20,C,760.0,27588,2074,0.19879951599121093,15.32,15.16,15.23
QQQ,2026-09-21,2026-11-20,C,765.0,5572,229,0.19605296142578127,13.37,13.15,13.23
QQQ,2026-09-21,2026-11-20,C,770.0,19844,7141,0.19330640686035155,11.3,11.34,11.4
QQQ,2026-09-21,2026-11-20,C,775.0,29011,983,0.19071243865966797,9.72,9.7,9.75
QQQ,2026-09-21,2026-11-20,C,780.0,11928,5276,0.1885914881896973,8.29,8.23,8.31
QQQ,2026-09-21,2026-11-20,C,785.0,2451,389,0.18689777954101564,7.04,6.99,7.06
QQQ,2026-09-21,2026-11-20,C,790.0,11167,276,0.1854329504394531,5.95,5.91,5.97
QQQ,2026-09-21,2026-11-20,C,795.0,1866,151,0.18384605224609374,5.02,4.93,5.0
QQQ,2026-09-21,2026-11-20,C,800.0,10383,821,0.18335777587890623,4.16,4.18,4.23
QQQ,2026-09-21,2026-11-20,C,805.0,2397,216,0.18256432678222656,3.58,3.5,3.54
QQQ,2026-09-21,2026-11-20,C,810.0,1631,932,0.18189294677734374,2.93,2.91,2.95
QQQ,2026-09-21,2026-11-20,C,815.0,961,217,0.1821370849609375,2.45,2.46,2.49
QQQ,2026-09-21,2026-11-20,C,820.0,3143,197,0.18207605041503905,2.13,2.05,2.08
QQQ,2026-09-21,2026-11-20,C,825.0,1875,54,0.1825032922363281,1.88,1.72,1.75
QQQ,2026-09-21,2026-11-20,C,830.0,1017,304,0.1826863958740234,1.44,1.44,1.46
QQQ,2026-09-21,2026-11-20,C,835.0,3902,19,0.18396812133789062,1.36,1.21,1.25
QQQ,2026-09-21,2026-11-20,C,840.0,4940,244,0.18457846679687498,1.12,1.01,1.05
QQQ,2026-09-21,2026-11-20,C,845.0,1626,189,0.18561605407714843,1.08,0.86,0.89
QQQ,2026-09-21,2026-11-20,C,850.0,1567,1194,0.18640950317382812,0.73,0.73,0.75
QQQ,2026-09-21,2026-11-20,C,855.0,217,5,0.18775226318359373,0.65,0.61,0.64
QQQ,2026-09-21,2026-11-20,C,860.0,1230,103,0.18970536865234378,0.67,0.52,0.56
QQQ,2026-09-21,2026-11-20,C,865.0,324,21,0.1905598522949219,0.54,0.45,0.47
QQQ,2026-09-21,2026-11-20,C,870.0,847,499,0.19165847412109377,0.64,0.37,0.4
QQQ,2026-09-21,2026-11-20,C,875.0,157,10,0.19361157958984376,0.36,0.32,0.35
QQQ,2026-09-21,2026-11-20,C,880.0,716,1202,0.19495433959960937,0.31,0.27,0.3
QQQ,2026-09-21,2026-11-20,C,885.0,268,8,0.19751779052734375,0.38,0.23,0.27
QQQ,2026-09-21,2026-11-20,C,890.0,1198,12,0.1997150341796875,0.25,0.19,0.24
QQQ,2026-09-21,2026-11-20,C,895.0,153,3,0.20020331054687499,0.19,0.17,0.2
QQQ,2026-09-21,2026-11-20,C,900.0,2566,19,0.20264469238281246,0.18,0.14,0.18
QQQ,2026-09-21,2026-11-20,C,905.0,542,1,0.2048419360351562,0.22,0.12,0.16
QQQ,2026-09-21,2026-11-20,C,910.0,837,8,0.20655090332031245,0.24,0.1,0.14
QQQ,2026-09-21,2026-11-20,C,915.0,90,10,0.20752745605468748,0.08,0.09,0.12
QQQ,2026-09-21,2026-11-20,C,920.0,1271,2,0.2124102197265625,0.18,0.07,0.12
QQQ,2026-09-21,2026-11-20,C,925.0,61,2,0.2124102197265625,0.19,0.06,0.1
QQQ,2026-09-21,2026-11-20,C,930.0,148,1,0.2148516015625,0.16,0.05,0.09
QQQ,2026-09-21,2026-11-20,C,935.0,128,4,0.2192460888671875,0.11,0.05,0.09
QQQ,2026-09-21,2026-11-20,C,940.0,1347,80,0.22071091796874998,0.07,0.05,0.08
QQQ,2026-09-21,2026-11-20,C,945.0,68,1,0.22217574707031246,0.07,0.03,0.07
QQQ,2026-09-21,2026-11-20,C,950.0,2480,370,0.22657023437499998,0.07,0.04,0.07
QQQ,2026-09-21,2026-11-20,C,955.0,203,500,0.2304764453125,0.04,0.03,0.07
QQQ,2026-09-21,2026-11-20,C,960.0,672,57,0.231452998046875,0.03,0.02,0.06
QQQ,2026-09-21,2026-11-20,C,965.0,421,1,0.23535920898437498,0.03,0.02,0.06
QQQ,2026-09-21,2026-11-20,C,970.0,884,14,0.23926541992187497,0.02,0.02,0.06
QQQ,2026-09-21,2026-11-20,C,975.0,565,20,0.2436599072265625,0.02,0.02,0.06
QQQ,2026-09-21,2026-11-20,C,980.0,603,20,0.2475661181640625,0.02,0.01,0.06
QQQ,2026-09-21,2026-11-20,C,985.0,707,20,0.247077841796875,0.02,0.01,0.05
QQQ,2026-09-21,2026-11-20,C,990.0,374,31,0.25098405273437496,0.02,0.01,0.05
QQQ,2026-09-21,2026-11-20,C,995.0,787,120,0.25489026367187506,0.02,0.01,0.05
QQQ,2026-09-21,2026-11-20,C,1000.0,16546,5,0.25879647460937505,0.03,0.01,0.05
QQQ,2026-09-21,2026-11-20,C,1005.0,7,3,0.26270268554687504,0.04,0.01,0.05
QQQ,2026-09-21,2026-11-20,C,1010.0,2,1,0.2617261328125,0.03,0.0,0.04
QQQ,2026-09-21,2026-11-20,C,1015.0,0,0,0.12500875,0.18,0.0,0.0
QQQ,2026-09-21,2026-11-20,C,1020.0,12,2,0.26856200195312496,0.03,0.0,0.04
QQQ,2026-09-21,2026-11-20,C,1025.0,0,0,0.12500875,0.13,0.0,0.0
QQQ,2026-09-21,2026-11-20,C,1030.0,0,1,0.12500875,0.09,0.0,0.0
QQQ,2026-09-21,2026-11-20,C,1035.0,0,0,0.12500875,0.09,0.0,0.0
QQQ,2026-09-21,2026-11-20,C,1040.0,33,80,0.28321029296874994,0.02,0.0,0.04
QQQ,2026-09-21,2026-11-20,C,1045.0,45,80,0.28711650390624993,0.02,0.0,0.04
QQQ,2026-09-21,2026-11-20,C,1050.0,0,4,0.12500875,0.04,0.0,0.0
QQQ,2026-09-21,2026-11-20,C,1055.0,0,5,0.12500875,0.11,0.0,0.0
QQQ,2026-09-21,2026-11-20,C,1060.0,0,10,0.12500875,0.05,0.0,0.0
QQQ,2026-09-21,2026-11-20,C,1065.0,2,0,0.30664755859375,0.14,0.0,0.05
QQQ,2026-09-21,2026-11-20,C,1070.0,0,305,0.12500875,0.05,0.0,0.0
QQQ,2026-09-21,2026-11-20,C,1075.0,0,10,0.12500875,0.06,0.0,0.0
QQQ,2026-09-21,2026-11-20,C,1080.0,2023,1,0.31153032226562494,0.02,0.0,0.04
QQQ,2026-09-21,2026-11-20,C,1085.0,27864,6,0.31445998046874996,0.03,0.0,0.04
QQQ,2026-09-21,2026-11-20,P,350.0,1334,56,0.64648791015625,0.08,0.07,0.08
QQQ,2026-09-21,2026-11-20,P,355.0,196,20,0.641605146484375,0.08,0.08,0.09
QQQ,2026-09-21,2026-11-20,P,360.0,432,1,0.632816171875,0.1,0.08,0.1
QQQ,2026-09-21,2026-11-20,P,365.0,247,1,0.6250037500000001,0.1,0.09,0.1
QQQ,2026-09-21,2026-11-20,P,370.0,395,1,0.62305064453125,0.11,0.1,0.12
QQQ,2026-09-21,2026-11-20,P,375.0,165,10,0.614261669921875,0.13,0.11,0.12
QQQ,2026-09-21,2026-11-20,P,380.0,353,1,0.6054726953125001,0.11,0.11,0.13
QQQ,2026-09-21,2026-11-20,P,385.0,102,1,0.6015664843750002,0.13,0.12,0.15
QQQ,2026-09-21,2026-11-20,P,390.0,765,88,0.5927775097656252,0.14,0.13,0.15
QQQ,2026-09-21,2026-11-20,P,395.0,50,1,0.58789474609375,0.15,0.14,0.17
QQQ,2026-09-21,2026-11-20,P,400.0,605,97,0.5805706005859376,0.15,0.15,0.18
QQQ,2026-09-21,2026-11-20,P,405.0,14,1,0.5751995605468749,0.2,0.17,0.19
QQQ,2026-09-21,2026-11-20,P,410.0,182,1,0.569340244140625,0.22,0.18,0.21
QQQ,2026-09-21,2026-11-20,P,415.0,99,1,0.561527822265625,0.22,0.19,0.22
QQQ,2026-09-21,2026-11-20,P,420.0,83,1,0.5566450585937501,0.22,0.21,0.24
QQQ,2026-09-21,2026-11-20,P,425.0,293,75,0.5483443603515626,0.24,0.22,0.25
QQQ,2026-09-21,2026-11-20,P,430.0,211,1,0.5429733203125001,0.24,0.24,0.27
QQQ,2026-09-21,2026-11-20,P,435.0,107,4,0.5346726220703125,0.38,0.25,0.28
QQQ,2026-09-21,2026-11-20,P,440.0,472,1,0.5273484765625001,0.27,0.27,0.29
QQQ,2026-09-21,2026-11-20,P,445.0,564,1,0.5210008837890624,0.3,0.28,0.32
QQQ,2026-09-21,2026-11-20,P,450.0,339,2,0.5136767382812499,0.28,0.3,0.33
QQQ,2026-09-21,2026-11-20,P,455.0,427,1,0.5080615600585938,0.44,0.33,0.35
QQQ,2026-09-21,2026-11-20,P,460.0,705,2,0.5004932763671875,0.47,0.34,0.37
QQQ,2026-09-21,2026-11-20,P,465.0,180,1,0.4958546508789063,0.38,0.37,0.39
QQQ,2026-09-21,2026-11-20,P,470.0,633,16,0.49023947265625006,0.39,0.38,0.42
QQQ,2026-09-21,2026-11-20,P,475.0,529,2,0.48291532714843755,0.43,0.41,0.44
QQQ,2026-09-21,2026-11-20,P,480.0,752,56,0.476567734375,0.45,0.43,0.47
QQQ,2026-09-21,2026-11-20,P,485.0,216,2,0.4689994506835938,0.5,0.45,0.49
QQQ,2026-09-21,2026-11-20,P,490.0,2321,3,0.4626518579101563,0.49,0.49,0.52
QQQ,2026-09-21,2026-11-20,P,495.0,368,9,0.45703667968750006,0.52,0.52,0.56
QQQ,2026-09-21,2026-11-20,P,500.0,3404,9,0.4489801196289062,0.53,0.55,0.58
QQQ,2026-09-21,2026-11-20,P,505.0,171,7,0.44312080322265623,0.6,0.58,0.62
QQQ,2026-09-21,2026-11-20,P,510.0,469,1,0.43604079589843747,0.61,0.62,0.65
QQQ,2026-09-21,2026-11-20,P,515.0,408,25,0.4304256176757813,0.65,0.66,0.7
QQQ,2026-09-21,2026-11-20,P,520.0,11303,12,0.42383388671875,0.67,0.7,0.74
QQQ,2026-09-21,2026-11-20,P,525.0,4510,11,0.41712008666992184,0.77,0.75,0.78
QQQ,2026-09-21,2026-11-20,P,530.0,465,2,0.41089456298828125,0.73,0.79,0.83
QQQ,2026-09-21,2026-11-20,P,535.0,3007,3,0.40381455566406255,0.81,0.83,0.87
QQQ,2026-09-21,2026-11-20,P,540.0,3085,1,0.3979552392578125,0.94,0.89,0.93
QQQ,2026-09-21,2026-11-20,P,545.0,174,4,0.3918517846679687,0.99,0.95,0.99
QQQ,2026-09-21,2026-11-20,P,550.0,2698,186,0.38550419189453117,1.04,1.02,1.05
QQQ,2026-09-21,2026-11-20,P,555.0,720,1,0.3789124609375,1.03,1.08,1.11
QQQ,2026-09-21,2026-11-20,P,560.0,1292,131,0.3726869372558594,1.15,1.14,1.18
QQQ,2026-09-21,2026-11-20,P,565.0,836,169,0.3668276208496094,1.28,1.22,1.26
QQQ,2026-09-21,2026-11-20,P,570.0,13137,111,0.3601138208007812,1.29,1.3,1.33
QQQ,2026-09-21,2026-11-20,P,575.0,1324,26,0.3541324353027343,1.35,1.38,1.42
QQQ,2026-09-21,2026-11-20,P,580.0,3347,102,0.3479069116210937,1.48,1.48,1.51
QQQ,2026-09-21,2026-11-20,P,585.0,2672,344,0.3418644915771484,1.42,1.58,1.61
QQQ,2026-09-21,2026-11-20,P,590.0,2008,367,0.33588310607910155,1.65,1.69,1.72
QQQ,2026-09-21,2026-11-20,P,595.0,989,427,0.32996275512695306,1.8,1.81,1.84
QQQ,2026-09-21,2026-11-20,P,600.0,14759,921,0.3237372314453124,1.95,1.94,1.96
QQQ,2026-09-21,2026-11-20,P,605.0,939,14,0.31793894958496094,2.01,2.07,2.1
QQQ,2026-09-21,2026-11-20,P,610.0,5609,109,0.3117134259033203,2.22,2.21,2.24
QQQ,2026-09-21,2026-11-20,P,615.0,1852,16,0.30609824768066407,2.4,2.37,2.41
QQQ,2026-09-21,2026-11-20,P,620.0,10600,348,0.30036100036621094,2.42,2.56,2.59
QQQ,2026-09-21,2026-11-20,P,625.0,22998,11297,0.2947458221435546,2.74,2.76,2.79
QQQ,2026-09-21,2026-11-20,P,630.0,20639,163,0.28943581665039053,2.87,2.99,3.02
QQQ,2026-09-21,2026-11-20,P,635.0,3996,41,0.28412581115722646,3.04,3.23,3.27
QQQ,2026-09-21,2026-11-20,P,640.0,6990,121,0.278327529296875,3.3,3.48,3.52
QQQ,2026-09-21,2026-11-20,P,645.0,6184,483,0.2732616619873046,3.75,3.78,3.83
QQQ,2026-09-21,2026-11-20,P,650.0,31363,558,0.2678906219482422,4.15,4.11,4.15
QQQ,2026-09-21,2026-11-20,P,655.0,5214,428,0.2626416510009766,4.5,4.47,4.51
QQQ,2026-09-21,2026-11-20,P,660.0,14321,2355,0.25785043914794925,4.8,4.88,4.93
QQQ,2026-09-21,2026-11-20,P,665.0,3192,197,0.2527235372924804,5.19,5.32,5.37
QQQ,2026-09-21,2026-11-20,P,670.0,19931,321,0.24770344589233395,5.65,5.8,5.86
QQQ,2026-09-21,2026-11-20,P,675.0,4625,527,0.2425612854003906,6.4,6.34,6.39
QQQ,2026-09-21,2026-11-20,P,680.0,44512,878,0.23818205673217768,6.8,6.97,7.03
QQQ,2026-09-21,2026-11-20,P,685.0,5361,361,0.23300937896728519,7.67,7.62,7.67
QQQ,2026-09-21,2026-11-20,P,690.0,34285,4126,0.2282334257507324,8.32,8.35,8.41
QQQ,2026-09-21,2026-11-20,P,695.0,3039,375,0.2235337657165527,9.26,9.17,9.23
QQQ,2026-09-21,2026-11-20,P,700.0,23124,2558,0.21910876113891603,10.14,10.08,10.16
QQQ,2026-09-21,2026-11-20,P,705.0,5818,510,0.21445487701416016,11.0,11.1,11.16
QQQ,2026-09-21,2026-11-20,P,710.0,10675,867,0.2098772860717773,12.28,12.2,12.27
QQQ,2026-09-21,2026-11-20,P,715.0,7732,201,0.2054827987670898,13.55,13.43,13.51
QQQ,2026-09-21,2026-11-20,P,720.0,9878,880,0.20116460464477537,14.75,14.78,14.88
QQQ,2026-09-21,2026-11-20,P,725.0,3092,338,0.1968006346130371,15.98,16.28,16.38
QQQ,2026-09-21,2026-11-20,P,730.0,3934,996,0.19265028549194335,17.58,17.94,18.05
QQQ,2026-09-21,2026-11-20,P,735.0,3928,574,0.18845416046142577,19.77,19.76,19.87
QQQ,2026-09-21,2026-11-20,P,740.0,2133,691,0.18460898406982418,21.86,21.81,21.9
QQQ,2026-09-21,2026-11-20,P,745.0,1655,428,0.18094691131591795,23.81,24.01,24.13
QQQ,2026-09-21,2026-11-20,P,750.0,6481,457,0.17748320083618163,26.05,26.42,26.57
QQQ,2026-09-21,2026-11-20,P,755.0,350,22,0.17372957626342772,27.46,29.01,29.17
QQQ,2026-09-21,2026-11-20,P,760.0,853,18,0.1706778489685059,31.4,31.87,32.05
QQQ,2026-09-21,2026-11-20,P,765.0,337,3,0.16718362121582034,33.54,34.92,35.08
QQQ,2026-09-21,2026-11-20,P,770.0,286,2,0.16413189392089844,36.51,38.16,38.36
QQQ,2026-09-21,2026-11-20,P,775.0,347,1,0.16471172210693358,37.49,41.67,42.18
QQQ,2026-09-21,2026-11-20,P,780.0,985,96,0.163368962097168,45.0,45.28,45.97
QQQ,2026-09-21,2026-11-20,P,785.0,445,4,0.16043930389404298,43.05,49.19,49.79
QQQ,2026-09-21,2026-11-20,P,790.0,750,188,0.15906602661132813,49.4,53.31,53.89
QQQ,2026-09-21,2026-11-20,P,795.0,123,123,0.15912706115722658,50.72,57.55,58.22
QQQ,2026-09-21,2026-11-20,P,800.0,294,473,0.1592186129760742,61.28,62.12,62.65
QQQ,2026-09-21,2026-11-20,P,805.0,1,2,0.16141585662841795,68.64,66.66,67.28
QQQ,2026-09-21,2026-11-20,P,810.0,3,2,0.18247277496337888,65.74,69.59,72.97
QQQ,2026-09-21,2026-11-20,P,815.0,230,2,0.16733620758056644,76.6,74.77,76.76
QQQ,2026-09-21,2026-11-20,P,820.0,3,1,0.20014227600097656,76.5,79.64,82.99
QQQ,2026-09-21,2026-11-20,P,825.0,1,2,0.21006038970947266,88.14,84.72,88.07
QQQ,2026-09-21,2026-11-20,P,830.0,0,2,0.1970905487060547,118.3,89.52,92.03
QQQ,2026-09-21,2026-11-20,P,835.0,1,1,0.20075262145996092,88.43,94.11,96.86
QQQ,2026-09-21,2026-11-20,P,840.0,0,2,1.0000000000000003e-05,120.17,0.0,0.0
QQQ,2026-09-21,2026-11-20,P,845.0,0,4,1.0000000000000003e-05,121.09,0.0,0.0
QQQ,2026-09-21,2026-11-20,P,850.0,7,7,0.2280350634765625,134.36,109.11,112.06
QQQ,2026-09-21,2026-11-20,P,855.0,0,0,1.0000000000000003e-05,127.45,0.0,0.0
QQQ,2026-09-21,2026-11-20,P,860.0,0,4,0.26544924011230464,143.82,119.51,123.05
QQQ,2026-09-21,2026-11-20,P,865.0,0,0,1.0000000000000003e-05,139.52,0.0,0.0
QQQ,2026-09-21,2026-11-20,P,870.0,0,0,1.0000000000000003e-05,143.38,0.0,0.0
QQQ,2026-09-21,2026-11-20,P,875.0,0,0,1.0000000000000003e-05,149.51,0.0,0.0
QQQ,2026-09-21,2026-11-20,P,880.0,0,1680,1.0000000000000003e-05,158.69,0.0,0.0
QQQ,2026-09-21,2026-11-20,P,885.0,0,0,1.0000000000000003e-05,153.47,0.0,0.0
QQQ,2026-09-21,2026-11-20,P,890.0,0,1,0.2863840893554687,184.35,149.1,152.14
QQQ,2026-09-21,2026-11-20,P,895.0,0,0,1.0000000000000003e-05,162.57,0.0,0.0
QQQ,2026-09-21,2026-11-20,P,900.0,0,1,0.3235846450805663,156.0,159.64,163.06
QQQ,2026-09-21,2026-11-20,P,905.0,0,0,0.7136869451904297,191.2,196.47,200.05
QQQ,2026-09-21,2026-11-20,P,930.0,0,0,0.363836928100586,224.35,189.64,193.06
QQQ,2026-09-21,2026-11-20,P,935.0,0,0,0.6449773051452636,246.65,214.44,218.48
QQQ,2026-09-21,2026-11-20,P,940.0,0,0,0.7796042547607422,231.02,231.47,235.05
QQQ,2026-09-21,2026-11-20,P,945.0,0,0,0.6617770639038086,256.16,224.44,228.45
QQQ,2026-09-21,2026-11-20,P,950.0,0,40,0.6701998312377931,261.65,229.45,233.45
QQQ,2026-09-21,2026-11-20,P,955.0,0,80,0.6784700122070313,266.02,234.45,238.45
QQQ,2026-09-21,2026-11-20,P,965.0,0,2,0.39777213562011715,259.35,224.64,227.7
QQQ,2026-09-21,2026-11-20,P,970.0,0,0,0.7027922787475586,281.48,249.45,253.45
QQQ,2026-09-21,2026-11-20,P,980.0,0,0,0.7184476397705077,291.54,259.45,263.42
QQQ,2026-09-21,2026-11-20,P,990.0,0,0,0.7343318803405761,301.47,269.45,273.48
QQQ,2026-09-21,2026-11-20,P,1000.0,0,0,0.45236753692626963,294.35,259.64,263.16
QQQ,2026-09-21,2026-11-20,P,1005.0,0,6,0.4598442687988281,299.35,264.64,268.22
QQQ,2026-09-21,2026-11-20,P,1010.0,0,6,0.4655815161132813,304.35,269.51,273.22
QQQ,2026-09-21,2026-11-20,P,1020.0,0,0,0.4769339416503906,314.36,279.64,283.22
QQQ,2026-09-21,2026-11-20,P,1025.0,0,4,0.4795584271240234,319.36,284.33,288.12
QQQ,2026-09-21,2026-11-20,P,1035.0,0,2,0.4923756817626954,329.37,294.64,298.18
QQQ,2026-09-21,2026-11-20,P,1040.0,0,0,0.49323016540527354,334.37,299.64,303.03
QQQ,2026-09-21,2026-11-20,P,1045.0,0,2,0.504460521850586,339.48,304.68,308.22
QQQ,2026-09-21,2026-11-20,P,1050.0,0,0,0.5061694891357422,344.39,309.52,313.1
QQQ,2026-09-21,2026-11-20,P,1055.0,0,0,0.5152026019287108,349.39,314.33,318.22
QQQ,2026-09-21,2026-11-20,P,1060.0,0,0,0.5205126074218749,354.48,319.64,323.22
QQQ,2026-09-21,2026-11-20,P,1065.0,0,2,0.5255174401855469,359.36,324.33,328.21
QQQ,2026-09-21,2026-11-20,P,1070.0,0,4,0.5297898583984376,364.36,329.64,333.18
QQQ,2026-09-21,2026-11-20,P,1075.0,0,8,0.532109171142578,369.35,334.33,338.09
QQQ,2026-09-21,2026-11-20,P,1080.0,0,0,0.5394943511962893,374.35,339.64,343.16
QQQ,2026-09-21,2026-11-20,P,1085.0,0,0,0.5465743585205078,379.35,344.53,348.22
QQQ,2026-09-21,2026-12-18,C,204.78,270,1,1.1552776611328124,543.39,534.33,537.78
QQQ,2026-09-21,2026-12-18,C,209.78,232,10,1.1630901220703125,522.56,529.7,532.75
QQQ,2026-09-21,2026-12-18,C,214.78,25,1,1.1689494677734376,496.84,524.85,527.96
QQQ,2026-09-21,2026-12-18,C,219.78,51,1,1.1452679455566406,522.5,519.87,522.9
QQQ,2026-09-21,2026-12-18,C,224.78,6,1,1.0000000000000003e-05,405.01,403.96,407.84
QQQ,2026-09-21,2026-12-18,C,229.78,0,2,1.1345258117675785,515.57,510.0,513.23
QQQ,2026-09-21,2026-12-18,C,234.78,0,5,1.0000000000000003e-05,244.0,0.0,0.0
QQQ,2026-09-21,2026-12-18,C,239.78,0,1,1.094242810058594,502.72,500.13,503.08
QQQ,2026-09-21,2026-12-18,C,244.78,40,1,1.0000000000000003e-05,329.25,371.26,375.17
QQQ,2026-09-21,2026-12-18,C,249.78,99,1,1.0678757543945316,486.4,490.23,493.18
QQQ,2026-09-21,2026-12-18,C,250.0,104,1,1.0676316149902347,493.01,490.01,492.97
QQQ,2026-09-21,2026-12-18,C,254.78,132,2,1.0000000000000003e-05,482.0,442.43,446.12
QQQ,2026-09-21,2026-12-18,C,255.0,7,6,1.0662888482666018,463.01,485.07,488.24
QQQ,2026-09-21,2026-12-18,C,259.78,0,2,1.0000000000000003e-05,362.08,0.0,0.0
QQQ,2026-09-21,2026-12-18,C,260.0,2,2,1.0000000000000003e-05,373.97,449.91,454.25
QQQ,2026-09-21,2026-12-18,C,264.78,41,5,1.0000000000000003e-05,219.5,259.0,264.0
QQQ,2026-09-21,2026-12-18,C,269.78,124,1,1.0000000000000003e-05,289.89,337.67,341.54
QQQ,2026-09-21,2026-12-18,C,274.78,52,3,1.0202685705566408,462.3,465.5,468.79
QQQ,2026-09-21,2026-12-18,C,275.0,104,2,1.0100147155761716,445.37,465.33,468.3
QQQ,2026-09-21,2026-12-18,C,279.78,44,1,1.0000000000000003e-05,331.8,374.49,377.51
QQQ,2026-09-21,2026-12-18,C,284.78,23,2,1.0000000000000003e-05,439.65,436.02,439.44
QQQ,2026-09-21,2026-12-18,C,285.0,12,5,0.9846192944335939,426.96,455.42,458.41
QQQ,2026-09-21,2026-12-18,C,289.78,0,1,1.0000000000000003e-05,430.75,0.0,0.0
QQQ,2026-09-21,2026-12-18,C,294.78,57,1,1.0000000000000003e-05,425.4,426.26,429.88
QQQ,2026-09-21,2026-12-18,C,295.0,9,1,0.9801027380371095,448.93,445.7,448.88
QQQ,2026-09-21,2026-12-18,C,299.78,122,2,0.9479985668945312,414.67,440.7,443.87
QQQ,2026-09-21,2026-12-18,C,300.0,9,2,0.9554447814941407,445.76,440.58,443.77
QQQ,2026-09-21,2026-12-18,C,304.78,123,1,1.0000000000000003e-05,314.85,313.89,317.65
QQQ,2026-09-21,2026-12-18,C,305.0,1,1,0.9379889013671875,416.4,435.66,438.65
QQQ,2026-09-21,2026-12-18,C,309.78,68,1,1.0000000000000003e-05,390.82,399.22,402.36
QQQ,2026-09-21,2026-12-18,C,310.0,5,1,0.9254157849121094,413.38,430.72,433.68
QQQ,2026-09-21,2026-12-18,C,314.78,47,5,1.0000000000000003e-05,348.5,406.13,409.86
QQQ,2026-09-21,2026-12-18,C,319.78,0,1,1.0000000000000003e-05,284.78,0.0,0.0
QQQ,2026-09-21,2026-12-18,C,320.0,23,8,0.9058847302246094,392.83,420.84,423.9
QQQ,2026-09-21,2026-12-18,C,324.78,37,3,1.0000000000000003e-05,302.41,297.15,301.01
QQQ,2026-09-21,2026-12-18,C,325.0,0,8,1.0000000000000003e-05,410.3,0.0,0.0
QQQ,2026-09-21,2026-12-18,C,329.78,27,1,1.0000000000000003e-05,267.2,326.5,329.6
QQQ,2026-09-21,2026-12-18,C,330.0,39,42,0.8801281518554687,389.98,410.97,413.91
QQQ,2026-09-21,2026-12-18,C,334.78,0,1,0.8787853918457031,406.99,406.25,409.5
QQQ,2026-09-21,2026-12-18,C,335.0,3,1,1.0000000000000003e-05,264.8,321.51,324.4
QQQ,2026-09-21,2026-12-18,C,339.78,22,1,0.8640150317382812,404.71,401.31,404.44
QQQ,2026-09-21,2026-12-18,C,340.0,6,1,0.8566908862304687,379.71,401.08,404.0
QQQ,2026-09-21,2026-12-18,C,344.78,0,1,1.0000000000000003e-05,391.97,0.0,0.0
QQQ,2026-09-21,2026-12-18,C,345.0,13,1,0.8867198828124999,398.37,397.2,399.55
QQQ,2026-09-21,2026-12-18,C,349.78,423,1,0.8331315515136717,368.48,391.11,394.57
QQQ,2026-09-21,2026-12-18,C,350.0,15,2,1.0000000000000003e-05,378.3,359.78,362.73
QQQ,2026-09-21,2026-12-18,C,354.78,0,2,1.0000000000000003e-05,371.81,0.0,0.0
QQQ,2026-09-21,2026-12-18,C,355.0,3,1,1.0000000000000003e-05,253.93,280.69,284.12
QQQ,2026-09-21,2026-12-18,C,359.78,0,1,1.0000000000000003e-05,383.8,0.0,0.0
QQQ,2026-09-21,2026-12-18,C,360.0,20,2,0.8447281152343749,385.93,382.09,384.75
QQQ,2026-09-21,2026-12-18,C,364.78,27,1,0.8272722351074218,343.3,377.12,380.0
QQQ,2026-09-21,2026-12-18,C,365.0,6,2,1.0000000000000003e-05,327.31,345.06,348.19
QQQ,2026-09-21,2026-12-18,C,369.78,0,1,1.0000000000000003e-05,359.05,0.0,0.0
QQQ,2026-09-21,2026-12-18,C,370.0,310,1,0.7947408221435546,350.14,371.48,374.45
QQQ,2026-09-21,2026-12-18,C,374.78,68,20,1.0000000000000003e-05,343.24,346.19,349.68
QQQ,2026-09-21,2026-12-18,C,375.0,7,1,1.0000000000000003e-05,321.88,335.3,338.15
QQQ,2026-09-21,2026-12-18,C,379.78,105,4,0.7792380474853515,362.62,361.86,364.98
QQQ,2026-09-21,2026-12-18,C,380.0,0,1,1.0000000000000003e-05,356.8,0.0,0.0
QQQ,2026-09-21,2026-12-18,C,384.78,31,1,1.0000000000000003e-05,316.0,338.87,342.36
QQQ,2026-09-21,2026-12-18,C,385.0,0,41,1.0000000000000003e-05,338.43,0.0,0.0
QQQ,2026-09-21,2026-12-18,C,389.78,46,2,1.0000000000000003e-05,230.7,325.05,329.54
QQQ,2026-09-21,2026-12-18,C,390.0,106,16,1.0000000000000003e-05,314.95,330.79,334.72
QQQ,2026-09-21,2026-12-18,C,394.78,0,1,1.0000000000000003e-05,326.09,0.0,0.0
QQQ,2026-09-21,2026-12-18,C,395.0,25,11,0.7500025,317.11,346.85,350.07
QQQ,2026-09-21,2026-12-18,C,399.78,246,1,0.7382838671874999,344.8,342.14,345.26
QQQ,2026-09-21,2026-12-18,C,400.0,366,3,0.7526880200195312,349.33,342.38,345.33
QQQ,2026-09-21,2026-12-18,C,404.78,0,3,1.0000000000000003e-05,348.82,0.0,0.0
QQQ,2026-09-21,2026-12-18,C,405.0,36,1,0.7241238525390624,315.79,337.0,339.93
QQQ,2026-09-21,2026-12-18,C,409.78,0,1,1.0000000000000003e-05,307.57,0.0,0.0
QQQ,2026-09-21,2026-12-18,C,410.0,126,1,0.7368800726318359,299.22,332.66,335.61
QQQ,2026-09-21,2026-12-18,C,414.78,85,1,1.0000000000000003e-05,327.63,286.9,290.61
QQQ,2026-09-21,2026-12-18,C,415.0,21,3,1.0000000000000003e-05,310.55,296.13,299.27
QQQ,2026-09-21,2026-12-18,C,419.78,40,1,0.7147245324707032,302.25,323.03,325.86
QQQ,2026-09-21,2026-12-18,C,420.0,166,1,0.7128934960937501,293.81,322.74,325.64
QQQ,2026-09-21,2026-12-18,C,424.78,186,2,0.7014190014648438,295.87,318.11,320.75
QQQ,2026-09-21,2026-12-18,C,425.0,94,1,0.6851838122558593,296.29,317.31,320.23
QQQ,2026-09-21,2026-12-18,C,429.78,0,4,1.0000000000000003e-05,300.72,0.0,0.0
QQQ,2026-09-21,2026-12-18,C,430.0,1479,1,0.6707796594238282,316.37,312.07,315.36
QQQ,2026-09-21,2026-12-18,C,434.78,137,1,0.6661410339355471,281.89,307.61,310.66
QQQ,2026-09-21,2026-12-18,C,435.0,42,4,0.6811555322265627,277.51,307.9,310.85
QQQ,2026-09-21,2026-12-18,C,439.78,897,1,0.6829865686035157,267.02,304.06,306.0
QQQ,2026-09-21,2026-12-18,C,440.0,814,1,0.6514317083740235,280.45,302.19,305.53
QQQ,2026-09-21,2026-12-18,C,444.78,0,1,1.0000000000000003e-05,296.0,0.0,0.0
QQQ,2026-09-21,2026-12-18,C,445.0,29,3,0.6648593084716798,298.72,298.23,301.06
QQQ,2026-09-21,2026-12-18,C,449.78,31,1,0.6569858520507813,256.9,293.53,296.46
QQQ,2026-09-21,2026-12-18,C,450.0,1270,1,0.6381261773681641,298.68,292.73,295.64
QQQ,2026-09-21,2026-12-18,C,454.78,203,1,1.0000000000000003e-05,259.71,271.94,275.82
QQQ,2026-09-21,2026-12-18,C,455.0,36,14,0.6340978973388673,291.56,287.79,291.09
QQQ,2026-09-21,2026-12-18,C,459.78,216,2,0.6224402990722657,288.64,283.11,286.2
QQQ,2026-09-21,2026-12-18,C,460.0,448,3,0.6364172100830079,289.61,283.39,286.46
QQQ,2026-09-21,2026-12-18,C,464.78,138,1,1.0000000000000003e-05,251.0,247.61,250.84
QQQ,2026-09-21,2026-12-18,C,465.0,29,10,0.6165504653930666,250.06,278.03,281.28
QQQ,2026-09-21,2026-12-18,C,469.78,629,8,0.6020547607421877,244.37,273.31,276.22
QQQ,2026-09-21,2026-12-18,C,470.0,1891,1,0.6110878735351564,254.8,273.58,276.18
QQQ,2026-09-21,2026-12-18,C,474.78,146,1,1.0000000000000003e-05,244.4,252.56,256.03
QQQ,2026-09-21,2026-12-18,C,475.0,101,1,0.6125527026367189,247.87,269.2,271.55
QQQ,2026-09-21,2026-12-18,C,479.78,148,1,1.0000000000000003e-05,253.45,247.78,251.11
QQQ,2026-09-21,2026-12-18,C,480.0,3143,2,0.5847209497070311,241.01,263.27,266.29
QQQ,2026-09-21,2026-12-18,C,484.78,0,1,1.0000000000000003e-05,256.5,0.0,0.0
QQQ,2026-09-21,2026-12-18,C,485.0,30,1,0.5813945669555663,237.2,258.37,261.81
QQQ,2026-09-21,2026-12-18,C,489.78,854,4,1.0000000000000003e-05,263.0,215.63,219.33
QQQ,2026-09-21,2026-12-18,C,490.0,462,10,0.5731243859863282,260.69,253.72,256.72
QQQ,2026-09-21,2026-12-18,C,494.78,570,10,0.5620160986328125,256.0,248.79,252.09
QQQ,2026-09-21,2026-12-18,C,495.0,57,1,0.5577436804199221,250.78,248.56,251.58
QQQ,2026-09-21,2026-12-18,C,499.78,327,10,0.5509078112792969,251.16,243.88,247.03
QQQ,2026-09-21,2026-12-18,C,500.0,6124,58,0.5445602185058593,251.15,243.31,246.69
QQQ,2026-09-21,2026-12-18,C,504.78,1904,11,0.5400131448364259,246.26,238.99,241.96
QQQ,2026-09-21,2026-12-18,C,505.0,123,11,0.5507857421875001,246.03,239.26,242.2
QQQ,2026-09-21,2026-12-18,C,509.78,546,10,0.5343674493408204,241.34,234.05,237.38
QQQ,2026-09-21,2026-12-18,C,510.0,4005,1,0.5347946911621093,235.25,233.9,237.17
QQQ,2026-09-21,2026-12-18,C,514.78,101,10,0.5335434829711915,236.44,229.36,233.0
QQQ,2026-09-21,2026-12-18,C,515.0,1537,1,0.5248460601806642,237.0,229.03,232.16
QQQ,2026-09-21,2026-12-18,C,519.78,0,1,1.0000000000000003e-05,211.35,0.0,0.0
QQQ,2026-09-21,2026-12-18,C,520.0,716,3,0.5208788146972656,223.38,224.08,227.77
QQQ,2026-09-21,2026-12-18,C,524.78,0,3,1.0000000000000003e-05,212.52,0.0,0.0
QQQ,2026-09-21,2026-12-18,C,525.0,408,2,0.5059253509521484,226.78,219.27,222.24
QQQ,2026-09-21,2026-12-18,C,529.78,278,1,0.5102588037109376,222.24,215.23,218.16
QQQ,2026-09-21,2026-12-18,C,530.0,2508,1,0.5304612384033205,221.97,214.3,217.53
QQQ,2026-09-21,2026-12-18,C,534.78,0,1,1.0000000000000003e-05,199.9,0.0,0.0
QQQ,2026-09-21,2026-12-18,C,535.0,240,2,0.5182543292236328,191.63,209.37,212.5
QQQ,2026-09-21,2026-12-18,C,539.78,1146,1,0.5152026019287108,176.92,204.82,208.16
QQQ,2026-09-21,2026-12-18,C,540.0,4237,1,0.5107470800781251,206.5,204.23,207.72
QQQ,2026-09-21,2026-12-18,C,544.78,238,1,1.0000000000000003e-05,190.89,171.52,173.11
QQQ,2026-09-21,2026-12-18,C,545.0,1191,1,0.5083667327880859,171.23,199.99,203.24
QQQ,2026-09-21,2026-12-18,C,549.78,0,10,1.0000000000000003e-05,185.22,0.0,0.0
QQQ,2026-09-21,2026-12-18,C,550.0,3640,9,0.49432878723144535,200.0,194.78,198.1
QQQ,2026-09-21,2026-12-18,C,554.78,151,12,0.4845022253417969,196.0,189.94,193.39
QQQ,2026-09-21,2026-12-18,C,555.0,285,4,0.49039205902099614,159.43,190.15,193.55
QQQ,2026-09-21,2026-12-18,C,559.78,0,1,1.0000000000000003e-05,172.98,0.0,0.0
QQQ,2026-09-21,2026-12-18,C,560.0,862,1,0.4742179043579102,187.57,185.22,188.27
QQQ,2026-09-21,2026-12-18,C,564.78,516,1,0.46845013977050787,161.0,180.56,183.81
QQQ,2026-09-21,2026-12-18,C,565.0,570,1,0.4727530752563477,182.68,181.1,183.89
QQQ,2026-09-21,2026-12-18,C,569.78,866,1,0.46390306610107424,145.61,176.0,179.25
QQQ,2026-09-21,2026-12-18,C,570.0,3462,1,0.4638420315551758,178.46,176.29,179.06
QQQ,2026-09-21,2026-12-18,C,574.78,263,2,1.0000000000000003e-05,163.42,143.61,145.07
QQQ,2026-09-21,2026-12-18,C,575.0,338,1,0.45535822967529294,175.96,171.3,174.26
QQQ,2026-09-21,2026-12-18,C,579.78,0,2,1.0000000000000003e-05,154.81,0.0,0.0
QQQ,2026-09-21,2026-12-18,C,580.0,1254,1,0.4381770050048829,140.21,166.42,168.88
QQQ,2026-09-21,2026-12-18,C,584.78,2899,1,0.4293880303955079,169.05,162.02,164.24
QQQ,2026-09-21,2026-12-18,C,585.0,854,4,0.41226784027099606,167.29,162.17,162.92
QQQ,2026-09-21,2026-12-18,C,589.78,1381,2,0.4108640457153321,162.69,157.14,158.75
QQQ,2026-09-21,2026-12-18,C,590.0,1928,4,0.40347886566162117,159.93,157.4,158.07
QQQ,2026-09-21,2026-12-18,C,594.78,0,3,0.39645989288330086,155.48,152.31,153.53
QQQ,2026-09-21,2026-12-18,C,595.0,465,6,0.39609368560791025,154.76,152.45,153.32
QQQ,2026-09-21,2026-12-18,C,599.78,1430,4,0.39066161102294916,148.06,147.79,148.9
QQQ,2026-09-21,2026-12-18,C,600.0,5923,17,0.3863281582641601,150.14,147.73,148.41
QQQ,2026-09-21,2026-12-18,C,604.78,702,2,0.39679558288574224,143.31,143.06,145.17
QQQ,2026-09-21,2026-12-18,C,605.0,3493,5,0.38138436004638665,146.03,143.18,143.85
QQQ,2026-09-21,2026-12-18,C,609.78,915,4,0.3747926290893554,138.62,138.28,139.37
QQQ,2026-09-21,2026-12-18,C,610.0,5491,8,0.37402969726562496,139.23,138.47,139.13
QQQ,2026-09-21,2026-12-18,C,615.0,7076,42,0.36688865539550786,136.24,133.78,134.44
QQQ,2026-09-21,2026-12-18,C,620.0,7008,16,0.3601138208007812,131.25,129.04,129.79
QQQ,2026-09-21,2026-12-18,C,625.0,2479,7,0.35249976119995113,126.32,124.47,125.09
QQQ,2026-09-21,2026-12-18,C,630.0,2799,13,0.3455570816040039,126.96,119.85,120.46
QQQ,2026-09-21,2026-12-18,C,635.0,1786,3,0.34015552429199214,116.63,115.27,115.98
QQQ,2026-09-21,2026-12-18,C,640.0,3172,1,0.33243465423583984,112.17,110.71,111.32
QQQ,2026-09-21,2026-12-18,C,645.0,3359,4,0.32691102783203124,113.62,106.18,106.88
QQQ,2026-09-21,2026-12-18,C,650.0,7320,4,0.3199073136901855,103.15,101.62,102.33
QQQ,2026-09-21,2026-12-18,C,655.0,1345,64,0.31519239501953117,100.55,97.16,98.03
QQQ,2026-09-21,2026-12-18,C,660.0,14428,9,0.3079292840576171,94.13,92.75,93.51
QQQ,2026-09-21,2026-12-18,C,665.0,2097,5,0.30058987991333,89.9,88.46,89.01
QQQ,2026-09-21,2026-12-18,C,670.0,4746,2,0.29492892578124996,85.39,84.24,84.72
QQQ,2026-09-21,2026-12-18,C,675.0,1761,2,0.28861185028076164,81.12,79.9,80.4
QQQ,2026-09-21,2026-12-18,C,680.0,14875,78,0.2836833106994628,76.38,75.79,76.28
QQQ,2026-09-21,2026-12-18,C,685.0,2939,14,0.27854115020751957,73.15,71.78,72.19
QQQ,2026-09-21,2026-12-18,C,690.0,12901,7,0.273093816986084,68.98,67.71,68.12
QQQ,2026-09-21,2026-12-18,C,695.0,1267,1,0.26677674148559577,64.9,63.55,64.0
QQQ,2026-09-21,2026-12-18,C,700.0,31864,74,0.2612683737182617,60.92,59.76,60.04
QQQ,2026-09-21,2026-12-18,C,705.0,2673,30,0.25623302368164064,56.88,55.92,56.21
QQQ,2026-09-21,2026-12-18,C,710.0,6640,40,0.2513807772827148,53.03,52.22,52.48
QQQ,2026-09-21,2026-12-18,C,715.0,6979,181,0.24672689315795898,49.92,48.61,48.86
QQQ,2026-09-21,2026-12-18,C,720.0,14502,96,0.24208826766967773,45.36,45.09,45.33
QQQ,2026-09-21,2026-12-18,C,725.0,19141,56,0.23778533218383785,42.44,41.76,41.94
QQQ,2026-09-21,2026-12-18,C,730.0,16211,80,0.2333908448791504,39.0,38.51,38.64
QQQ,2026-09-21,2026-12-18,C,735.0,13226,101,0.22943885803222658,35.4,35.35,35.51
QQQ,2026-09-21,2026-12-18,C,740.0,13491,1033,0.22541057800292968,32.38,32.35,32.48
QQQ,2026-09-21,2026-12-18,C,745.0,7111,113,0.22165695343017577,29.8,29.46,29.61
QQQ,2026-09-21,2026-12-18,C,750.0,20327,310,0.21823901885986324,27.17,26.75,26.91
QQQ,2026-09-21,2026-12-18,C,755.0,5265,59,0.2150347052001953,24.37,24.24,24.37
QQQ,2026-09-21,2026-12-18,C,760.0,20568,300,0.2117693569946289,21.85,21.86,21.95
QQQ,2026-09-21,2026-12-18,C,765.0,7326,124,0.2090533197021484,19.8,19.65,19.74
QQQ,2026-09-21,2026-12-18,C,770.0,19617,128,0.2063067651367187,17.79,17.57,17.66
QQQ,2026-09-21,2026-12-18,C,775.0,18799,151,0.20385012466430663,15.81,15.68,15.75
QQQ,2026-09-21,2026-12-18,C,780.0,22579,1096,0.20192753646850586,14.21,13.95,14.04
QQQ,2026-09-21,2026-12-18,C,785.0,2534,42,0.19986762054443358,12.9,12.35,12.44
QQQ,2026-09-21,2026-12-18,C,790.0,7081,59,0.19768563552856444,11.2,10.84,10.95
QQQ,2026-09-21,2026-12-18,C,795.0,5515,104,0.1962818409729004,9.7,9.57,9.67
QQQ,2026-09-21,2026-12-18,C,800.0,45477,1223,0.19477123596191404,8.44,8.44,8.49
QQQ,2026-09-21,2026-12-18,C,805.0,5043,286,0.19359632095336915,7.45,7.38,7.45
QQQ,2026-09-21,2026-12-18,C,810.0,21501,287,0.19243666458129882,6.56,6.45,6.51
QQQ,2026-09-21,2026-12-18,C,815.0,35968,926,0.1917042500305176,5.84,5.63,5.7
QQQ,2026-09-21,2026-12-18,C,820.0,18953,354,0.19094131820678711,4.97,4.93,4.97
QQQ,2026-09-21,2026-12-18,C,825.0,14954,110,0.19048355911254883,4.56,4.28,4.34
QQQ,2026-09-21,2026-12-18,C,830.0,4627,56,0.1901936450195313,4.01,3.74,3.79
QQQ,2026-09-21,2026-12-18,C,835.0,880,70,0.1899189895629883,3.29,3.25,3.3
QQQ,2026-09-21,2026-12-18,C,840.0,8933,87,0.1899189895629883,3.02,2.84,2.88
QQQ,2026-09-21,2026-12-18,C,845.0,3745,125,0.189735885925293,2.48,2.45,2.5
QQQ,2026-09-21,2026-12-18,C,850.0,7689,239,0.18988847229003908,2.22,2.14,2.18
QQQ,2026-09-21,2026-12-18,C,855.0,795,113,0.1901020932006836,1.96,1.87,1.9
QQQ,2026-09-21,2026-12-18,C,860.0,20412,63,0.1902546795654297,1.67,1.62,1.65
QQQ,2026-09-21,2026-12-18,C,865.0,711,3,0.1909260595703125,1.43,1.42,1.45
QQQ,2026-09-21,2026-12-18,C,870.0,5874,4,0.19147537048339847,1.4,1.24,1.27
QQQ,2026-09-21,2026-12-18,C,875.0,2944,138,0.19232985412597658,1.32,1.08,1.12
QQQ,2026-09-21,2026-12-18,C,880.0,20765,27,0.1928791650390625,1.05,0.94,0.98
QQQ,2026-09-21,2026-12-18,C,885.0,845,201,0.1939777868652344,0.89,0.83,0.87
QQQ,2026-09-21,2026-12-18,C,890.0,1111,15,0.1945270977783203,0.73,0.73,0.76
QQQ,2026-09-21,2026-12-18,C,895.0,3486,42,0.19538158142089845,0.7,0.64,0.67
QQQ,2026-09-21,2026-12-18,C,900.0,15315,57,0.1966633068847656,0.62,0.57,0.6
QQQ,2026-09-21,2026-12-18,C,905.0,5435,141,0.19763985961914063,0.52,0.49,0.53
QQQ,2026-09-21,2026-12-18,C,910.0,2388,76,0.1986164123535156,0.46,0.44,0.47
QQQ,2026-09-21,2026-12-18,C,915.0,563,2,0.2004474487304687,0.57,0.38,0.43
QQQ,2026-09-21,2026-12-18,C,920.0,5606,1,0.20142400146484374,0.41,0.34,0.38
QQQ,2026-09-21,2026-12-18,C,925.0,906,2,0.20337710693359373,0.37,0.3,0.35
QQQ,2026-09-21,2026-12-18,C,930.0,10751,2,0.20423159057617185,0.32,0.26,0.31
QQQ,2026-09-21,2026-12-18,C,935.0,400,1,0.20557435058593748,0.39,0.23,0.28
QQQ,2026-09-21,2026-12-18,C,940.0,1091,2,0.20777159423828123,0.24,0.21,0.26
QQQ,2026-09-21,2026-12-18,C,945.0,1479,1,0.20728331787109372,0.2,0.18,0.22
QQQ,2026-09-21,2026-12-18,C,950.0,22096,147,0.20899228515624996,0.19,0.17,0.2
QQQ,2026-09-21,2026-12-18,C,955.0,961,1,0.20996883789062498,0.15,0.14,0.18
QQQ,2026-09-21,2026-12-18,C,960.0,5653,1,0.2124102197265625,0.16,0.13,0.17
QQQ,2026-09-21,2026-12-18,C,965.0,545,1,0.21314263427734376,0.17,0.11,0.15
QQQ,2026-09-21,2026-12-18,C,970.0,5760,1,0.21509573974609375,0.15,0.1,0.14
QQQ,2026-09-21,2026-12-18,C,975.0,6295,4,0.21680470703125,0.14,0.09,0.13
QQQ,2026-09-21,2026-12-18,C,980.0,829,1,0.21875781249999998,0.11,0.08,0.12
QQQ,2026-09-21,2026-12-18,C,985.0,275,1,0.22022264160156246,0.12,0.07,0.11
QQQ,2026-09-21,2026-12-18,C,990.0,6020,3,0.22364057617187497,0.09,0.07,0.11
QQQ,2026-09-21,2026-12-18,C,995.0,125,2,0.22461712890624996,0.09,0.06,0.1
QQQ,2026-09-21,2026-12-18,C,1000.0,20564,43,0.225593681640625,0.12,0.06,0.09
QQQ,2026-09-21,2026-12-18,C,1005.0,402,480,0.22901161621093752,0.11,0.05,0.09
QQQ,2026-09-21,2026-12-18,C,1010.0,396,1,0.229499892578125,0.04,0.05,0.08
QQQ,2026-09-21,2026-12-18,C,1015.0,171,21,0.2329178271484375,0.08,0.04,0.08
QQQ,2026-09-21,2026-12-18,C,1020.0,126,1,0.23584748535156247,0.08,0.04,0.08
QQQ,2026-09-21,2026-12-18,C,1025.0,202,1,0.23926541992187497,0.07,0.03,0.08
QQQ,2026-09-21,2026-12-18,C,1030.0,93,10,0.23926541992187497,0.03,0.05,0.07
QQQ,2026-09-21,2026-12-18,C,1035.0,5050,10,0.242195078125,0.03,0.03,0.07
QQQ,2026-09-21,2026-12-18,C,1040.0,109,1,0.2456130126953125,0.09,0.03,0.07
QQQ,2026-09-21,2026-12-18,C,1045.0,18,2,0.2485426708984375,0.07,0.04,0.07
QQQ,2026-09-21,2026-12-18,C,1050.0,17960,3,0.25196060546875,0.05,0.04,0.07
QQQ,2026-09-21,2026-12-18,C,1055.0,51,51,0.25098405273437496,0.03,0.02,0.06
QQQ,2026-09-21,2026-12-18,C,1060.0,749,1,0.25391371093750004,0.02,0.02,0.06
QQQ,2026-09-21,2026-12-18,C,1065.0,393,2,0.256843369140625,0.02,0.03,0.06
QQQ,2026-09-21,2026-12-18,C,1070.0,77,2,0.25977302734375,0.02,0.03,0.06
QQQ,2026-09-21,2026-12-18,C,1075.0,174,1,0.26270268554687504,0.02,0.03,0.06
QQQ,2026-09-21,2026-12-18,C,1080.0,14895,1,0.26563234375,0.05,0.03,0.06
QQQ,2026-09-21,2026-12-18,C,1085.0,3098,20,0.264655791015625,0.03,0.03,0.05
QQQ,2026-09-21,2026-12-18,C,1090.0,9683,9,0.26758544921875,0.05,0.01,0.05
QQQ,2026-09-21,2026-12-18,C,1100.0,25888,5022,0.2617261328125,0.05,0.02,0.03
QQQ,2026-09-21,2026-12-18,P,204.78,9887,5,0.8242205078124999,0.04,0.02,0.04
QQQ,2026-09-21,2026-12-18,P,209.78,1058,100,0.8281267187499999,0.05,0.02,0.06
QQQ,2026-09-21,2026-12-18,P,214.78,222,50,0.81445498046875,0.05,0.02,0.06
QQQ,2026-09-21,2026-12-18,P,219.78,171,50,0.8007832421875,0.05,0.02,0.06
QQQ,2026-09-21,2026-12-18,P,224.78,302,50,0.7656273437500001,0.05,0.02,0.04
QQQ,2026-09-21,2026-12-18,P,229.78,428,60,0.7539087109375,0.05,0.02,0.04
QQQ,2026-09-21,2026-12-18,P,234.78,2265,30,0.7656273437500001,0.05,0.02,0.07
QQQ,2026-09-21,2026-12-18,P,239.78,479,5,0.75195560546875,0.04,0.02,0.07
QQQ,2026-09-21,2026-12-18,P,244.78,721,5,0.7500025,0.04,0.03,0.08
QQQ,2026-09-21,2026-12-18,P,249.78,760,27,0.7382838671874999,0.09,0.03,0.08
QQQ,2026-09-21,2026-12-18,P,250.0,1916,301,0.73633076171875,0.06,0.03,0.08
QQQ,2026-09-21,2026-12-18,P,254.78,762,65,0.7246121289062499,0.12,0.03,0.08
QQQ,2026-09-21,2026-12-18,P,255.0,515,27,0.7246121289062499,0.09,0.03,0.08
QQQ,2026-09-21,2026-12-18,P,259.78,1424,1,0.7226590234375,0.16,0.04,0.09
QQQ,2026-09-21,2026-12-18,P,260.0,471,240,0.72070591796875,0.09,0.04,0.09
QQQ,2026-09-21,2026-12-18,P,264.78,750,500,0.70898728515625,0.1,0.04,0.09
QQQ,2026-09-21,2026-12-18,P,265.0,830,18,0.70898728515625,0.08,0.04,0.09
QQQ,2026-09-21,2026-12-18,P,269.78,3606,10,0.70117486328125,0.07,0.05,0.09
QQQ,2026-09-21,2026-12-18,P,270.0,988,750,0.70117486328125,0.11,0.05,0.09
QQQ,2026-09-21,2026-12-18,P,274.78,599,20,0.69336244140625,0.13,0.05,0.1
QQQ,2026-09-21,2026-12-18,P,275.0,3162,10,0.69336244140625,0.07,0.05,0.1
QQQ,2026-09-21,2026-12-18,P,279.78,435,20,0.68555001953125,0.14,0.06,0.1
QQQ,2026-09-21,2026-12-18,P,280.0,202,10,0.68555001953125,0.13,0.06,0.1
QQQ,2026-09-21,2026-12-18,P,284.78,3841,2,0.6777375976562501,0.12,0.06,0.11
QQQ,2026-09-21,2026-12-18,P,285.0,731,10,0.6777375976562501,0.1,0.06,0.11
QQQ,2026-09-21,2026-12-18,P,289.78,539,2,0.6728548339843752,0.15,0.07,0.12
QQQ,2026-09-21,2026-12-18,P,290.0,309,10,0.6718782812500002,0.12,0.07,0.12
QQQ,2026-09-21,2026-12-18,P,294.78,2875,10,0.6611362011718751,0.18,0.07,0.12
QQQ,2026-09-21,2026-12-18,P,295.0,313,20,0.6601596484375001,0.12,0.07,0.12
QQQ,2026-09-21,2026-12-18,P,299.78,2438,20,0.6523472265625001,0.14,0.08,0.12
QQQ,2026-09-21,2026-12-18,P,300.0,3565,12,0.6552768847656252,0.1,0.08,0.13
QQQ,2026-09-21,2026-12-18,P,304.78,402,1,0.694338994140625,0.55,0.18,0.26
QQQ,2026-09-21,2026-12-18,P,305.0,322,10,0.649417568359375,0.12,0.09,0.14
QQQ,2026-09-21,2026-12-18,P,309.78,502,1,0.641605146484375,0.17,0.1,0.14
QQQ,2026-09-21,2026-12-18,P,310.0,352,10,0.64062859375,0.13,0.1,0.14
QQQ,2026-09-21,2026-12-18,P,314.78,488,9,0.6347692773437501,0.21,0.11,0.15
QQQ,2026-09-21,2026-12-18,P,315.0,2829,10,0.629886513671875,0.14,0.11,0.13
QQQ,2026-09-21,2026-12-18,P,319.78,2280,39,0.6289099609375001,0.27,0.12,0.16
QQQ,2026-09-21,2026-12-18,P,320.0,700,20,0.62305064453125,0.15,0.12,0.14
QQQ,2026-09-21,2026-12-18,P,324.78,626,1,0.622074091796875,0.21,0.13,0.17
QQQ,2026-09-21,2026-12-18,P,325.0,1419,1,0.6191444335937502,0.15,0.13,0.16
QQQ,2026-09-21,2026-12-18,P,329.78,6258,719,0.6132851171875001,0.17,0.13,0.18
QQQ,2026-09-21,2026-12-18,P,330.0,1520,501,0.614261669921875,0.15,0.14,0.18
QQQ,2026-09-21,2026-12-18,P,334.78,1128,50,0.6084023535156251,0.35,0.15,0.19
QQQ,2026-09-21,2026-12-18,P,335.0,238,2,0.6074258007812501,0.17,0.15,0.19
QQQ,2026-09-21,2026-12-18,P,339.78,816,231,0.6010782080078126,0.44,0.16,0.2
QQQ,2026-09-21,2026-12-18,P,340.0,349,1,0.6005899316406251,0.18,0.16,0.2
QQQ,2026-09-21,2026-12-18,P,344.78,8168,1,0.5937540625000001,0.33,0.17,0.21
QQQ,2026-09-21,2026-12-18,P,345.0,602,35,0.5918009570312501,0.26,0.17,0.2
QQQ,2026-09-21,2026-12-18,P,349.78,2514,10,0.58789474609375,0.35,0.18,0.23
QQQ,2026-09-21,2026-12-18,P,350.0,2967,1,0.5888712988281251,0.2,0.19,0.23
QQQ,2026-09-21,2026-12-18,P,354.78,788,6,0.5820354296875,0.29,0.2,0.24
QQQ,2026-09-21,2026-12-18,P,355.0,494,1,0.5815471533203125,0.4,0.2,0.24
QQQ,2026-09-21,2026-12-18,P,359.78,2478,8,0.5756878369140624,0.36,0.21,0.26
QQQ,2026-09-21,2026-12-18,P,360.0,1183,1,0.5751995605468749,0.3,0.21,0.26
QQQ,2026-09-21,2026-12-18,P,364.78,675,1,0.569340244140625,0.32,0.23,0.27
QQQ,2026-09-21,2026-12-18,P,365.0,230,1,0.5688519677734375,0.32,0.23,0.27
QQQ,2026-09-21,2026-12-18,P,369.78,4016,1,0.5629926513671876,0.34,0.24,0.29
QQQ,2026-09-21,2026-12-18,P,370.0,769,17,0.5625043750000001,0.27,0.24,0.29
QQQ,2026-09-21,2026-12-18,P,374.78,2053,1,0.5561567822265626,0.39,0.26,0.3
QQQ,2026-09-21,2026-12-18,P,375.0,1675,20,0.5556685058593751,0.28,0.26,0.3
QQQ,2026-09-21,2026-12-18,P,379.78,5090,1,0.5507857421875001,0.41,0.28,0.32
QQQ,2026-09-21,2026-12-18,P,380.0,3799,2,0.5502974658203126,0.32,0.28,0.32
QQQ,2026-09-21,2026-12-18,P,384.78,560,1,0.5446822875976562,0.43,0.3,0.34
QQQ,2026-09-21,2026-12-18,P,385.0,320,2,0.5432174584960938,0.32,0.3,0.33
QQQ,2026-09-21,2026-12-18,P,389.78,1208,1,0.5366257275390626,0.42,0.31,0.35
QQQ,2026-09-21,2026-12-18,P,390.0,1992,2,0.5380905566406251,0.36,0.32,0.36
QQQ,2026-09-21,2026-12-18,P,394.78,816,1,0.5314988256835937,0.45,0.33,0.38
QQQ,2026-09-21,2026-12-18,P,395.0,179,2,0.5310105493164063,0.35,0.33,0.38
QQQ,2026-09-21,2026-12-18,P,399.78,3695,1,0.5258836474609375,0.51,0.36,0.4
QQQ,2026-09-21,2026-12-18,P,400.0,31893,20,0.5256395092773438,0.37,0.36,0.4
QQQ,2026-09-21,2026-12-18,P,404.78,1426,1,0.5195360546875,0.54,0.38,0.42
QQQ,2026-09-21,2026-12-18,P,405.0,238,1,0.5207567456054687,0.39,0.4,0.42
QQQ,2026-09-21,2026-12-18,P,409.78,608,6,0.5129443237304687,0.46,0.4,0.44
QQQ,2026-09-21,2026-12-18,P,410.0,5796,1,0.5131884619140624,0.54,0.4,0.45
QQQ,2026-09-21,2026-12-18,P,414.78,3056,1,0.5070850073242188,0.56,0.42,0.47
QQQ,2026-09-21,2026-12-18,P,415.0,761,3,0.5065967309570312,0.48,0.42,0.47
QQQ,2026-09-21,2026-12-18,P,419.78,509,1,0.5009815527343751,0.6,0.45,0.49
QQQ,2026-09-21,2026-12-18,P,420.0,7780,3,0.5019581054687501,0.48,0.45,0.48
QQQ,2026-09-21,2026-12-18,P,424.78,1604,1,0.4978077563476563,0.66,0.48,0.52
QQQ,2026-09-21,2026-12-18,P,425.0,1194,12,0.4973194799804688,0.49,0.48,0.52
QQQ,2026-09-21,2026-12-18,P,429.78,297,1,0.4919484399414063,0.7,0.5,0.55
QQQ,2026-09-21,2026-12-18,P,430.0,8478,1,0.4914601635742188,0.59,0.51,0.55
QQQ,2026-09-21,2026-12-18,P,434.78,143,1,0.4858449853515625,0.74,0.54,0.58
QQQ,2026-09-21,2026-12-18,P,435.0,346,1,0.48560084716796875,0.56,0.53,0.58
QQQ,2026-09-21,2026-12-18,P,439.78,2199,1,0.4797415307617187,0.6,0.57,0.61
QQQ,2026-09-21,2026-12-18,P,440.0,11853,1,0.4792532543945312,0.6,0.56,0.61
QQQ,2026-09-21,2026-12-18,P,444.78,2491,1,0.4733939379882813,0.62,0.6,0.64
QQQ,2026-09-21,2026-12-18,P,445.0,242,1,0.4730277307128906,0.63,0.6,0.64
QQQ,2026-09-21,2026-12-18,P,449.78,713,1,0.4670463452148438,0.63,0.64,0.67
QQQ,2026-09-21,2026-12-18,P,450.0,17013,2,0.46753462158203124,0.64,0.64,0.68
QQQ,2026-09-21,2026-12-18,P,454.78,1868,1,0.46143116699218756,0.66,0.66,0.71
QQQ,2026-09-21,2026-12-18,P,455.0,2572,1,0.46106495971679695,0.66,0.67,0.71
QQQ,2026-09-21,2026-12-18,P,459.78,293,1,0.4558159887695313,0.7,0.7,0.75
QQQ,2026-09-21,2026-12-18,P,460.0,4325,346,0.45532771240234376,0.68,0.71,0.75
QQQ,2026-09-21,2026-12-18,P,464.78,524,6,0.44910218872070307,1.02,0.75,0.78
QQQ,2026-09-21,2026-12-18,P,465.0,2457,1,0.44946839599609373,0.77,0.75,0.79
QQQ,2026-09-21,2026-12-18,P,469.78,553,1,0.44385321777343745,0.81,0.79,0.83
QQQ,2026-09-21,2026-12-18,P,470.0,4353,2,0.44348701049804684,0.8,0.78,0.83
QQQ,2026-09-21,2026-12-18,P,474.78,1150,1,0.43774976318359377,0.85,0.82,0.87
QQQ,2026-09-21,2026-12-18,P,475.0,1661,193,0.4373835559082031,0.91,0.83,0.87
QQQ,2026-09-21,2026-12-18,P,479.78,333,1,0.4315242395019532,0.86,0.87,0.91
QQQ,2026-09-21,2026-12-18,P,480.0,28634,1,0.4318904467773438,0.86,0.88,0.92
QQQ,2026-09-21,2026-12-18,P,484.78,1801,1,0.42590906127929695,0.9,0.93,0.96
QQQ,2026-09-21,2026-12-18,P,485.0,3676,1,0.42615319946289065,0.92,0.93,0.97
QQQ,2026-09-21,2026-12-18,P,489.78,641,1,0.4200497448730469,0.97,0.97,1.01
QQQ,2026-09-21,2026-12-18,P,490.0,7356,101,0.4202938830566406,0.99,0.98,1.02
QQQ,2026-09-21,2026-12-18,P,494.78,679,10,0.41480077392578124,1.0,1.03,1.07
QQQ,2026-09-21,2026-12-18,P,495.0,2734,1,0.41431249755859373,1.03,1.02,1.07
QQQ,2026-09-21,2026-12-18,P,499.78,774,1,0.40930766479492187,1.1,1.09,1.13
QQQ,2026-09-21,2026-12-18,P,500.0,19851,22,0.40881938842773435,1.11,1.09,1.13
QQQ,2026-09-21,2026-12-18,P,504.78,2720,1,0.4030821411132813,1.12,1.15,1.18
QQQ,2026-09-21,2026-12-18,P,505.0,4232,3,0.40259386474609377,1.15,1.14,1.18
QQQ,2026-09-21,2026-12-18,P,509.78,318,1,0.39722282470703124,1.17,1.21,1.24
QQQ,2026-09-21,2026-12-18,P,510.0,7624,2,0.3973448937988281,1.19,1.22,1.25
QQQ,2026-09-21,2026-12-18,P,514.78,356,1,0.39234006103515623,1.26,1.27,1.32
QQQ,2026-09-21,2026-12-18,P,515.0,13079,39,0.3914245428466796,1.31,1.28,1.31
QQQ,2026-09-21,2026-12-18,P,519.78,788,1,0.38672488281249995,1.34,1.34,1.39
QQQ,2026-09-21,2026-12-18,P,520.0,11738,25,0.38587039916992183,1.37,1.35,1.38
QQQ,2026-09-21,2026-12-18,P,524.78,473,18,0.38049935913085936,1.43,1.42,1.45
QQQ,2026-09-21,2026-12-18,P,525.0,4765,2,0.38049935913085936,1.38,1.42,1.46
QQQ,2026-09-21,2026-12-18,P,529.78,3792,2,0.3754945263671875,1.47,1.49,1.54
QQQ,2026-09-21,2026-12-18,P,530.0,23694,2,0.3754945263671875,1.46,1.51,1.55
QQQ,2026-09-21,2026-12-18,P,534.78,864,26,0.3698183135986328,1.53,1.59,1.62
QQQ,2026-09-21,2026-12-18,P,535.0,7883,302,0.3698183135986328,1.58,1.59,1.63
QQQ,2026-09-21,2026-12-18,P,539.78,1176,27,0.36438623901367195,1.7,1.68,1.71
QQQ,2026-09-21,2026-12-18,P,540.0,17109,305,0.3640200317382813,1.7,1.68,1.71
QQQ,2026-09-21,2026-12-18,P,544.78,564,1,0.3591372680664062,1.86,1.77,1.81
QQQ,2026-09-21,2026-12-18,P,545.0,1505,409,0.3587710607910156,1.79,1.77,1.81
QQQ,2026-09-21,2026-12-18,P,549.78,483,10,0.3537662280273437,1.67,1.87,1.91
QQQ,2026-09-21,2026-12-18,P,550.0,29020,4177,0.35333898620605464,1.88,1.87,1.91
QQQ,2026-09-21,2026-12-18,P,554.78,3951,4,0.3481510498046875,1.9,1.97,2.01
QQQ,2026-09-21,2026-12-18,P,555.0,9835,5,0.3477238079833984,1.99,1.98,2.01
QQQ,2026-09-21,2026-12-18,P,559.78,346,2,0.34265794067382804,2.08,2.08,2.12
QQQ,2026-09-21,2026-12-18,P,560.0,14695,11,0.3425969061279296,2.07,2.09,2.13
QQQ,2026-09-21,2026-12-18,P,564.78,895,1,0.33765310791015624,2.32,2.21,2.25
QQQ,2026-09-21,2026-12-18,P,565.0,4661,6,0.3372258660888672,2.16,2.21,2.25
QQQ,2026-09-21,2026-12-18,P,569.78,842,3,0.33264827514648443,3.16,2.34,2.39
QQQ,2026-09-21,2026-12-18,P,570.0,14911,2,0.33228206787109377,2.25,2.35,2.39
QQQ,2026-09-21,2026-12-18,P,574.78,1826,1,0.32746033874511715,2.43,2.49,2.53
QQQ,2026-09-21,2026-12-18,P,575.0,20549,25,0.3270330969238281,2.37,2.5,2.53
QQQ,2026-09-21,2026-12-18,P,579.78,1504,7,0.3220282641601562,2.3,2.63,2.67
QQQ,2026-09-21,2026-12-18,P,580.0,23340,12,0.3216010223388671,2.56,2.63,2.67
QQQ,2026-09-21,2026-12-18,P,584.78,887,27,0.3170844659423828,2.61,2.79,2.84
QQQ,2026-09-21,2026-12-18,P,585.0,15048,6,0.3169623968505859,2.78,2.81,2.85
QQQ,2026-09-21,2026-12-18,P,589.78,1036,10,0.3122017022705078,2.88,2.98,3.02
QQQ,2026-09-21,2026-12-18,P,590.0,24414,11,0.31153032226562494,2.97,2.97,3.01
QQQ,2026-09-21,2026-12-18,P,594.78,3430,1,0.30676962768554683,2.91,3.15,3.19
QQQ,2026-09-21,2026-12-18,P,595.0,3717,31,0.30680014495849606,3.24,3.16,3.21
QQQ,2026-09-21,2026-12-18,P,599.78,2387,2,0.3019784158325196,3.29,3.36,3.4
QQQ,2026-09-21,2026-12-18,P,600.0,46780,163,0.301764794921875,3.39,3.38,3.41
QQQ,2026-09-21,2026-12-18,P,604.78,1034,3,0.29730927307128896,3.57,3.58,3.63
QQQ,2026-09-21,2026-12-18,P,605.0,19022,2,0.29688203124999996,3.11,3.58,3.63
QQQ,2026-09-21,2026-12-18,P,609.78,1328,4,0.29193823303222644,3.49,3.79,3.84
QQQ,2026-09-21,2026-12-18,P,610.0,27282,41,0.2922739230346678,3.8,3.83,3.88
QQQ,2026-09-21,2026-12-18,P,615.0,11887,103,0.2868113311767577,3.99,4.06,4.1
QQQ,2026-09-21,2026-12-18,P,620.0,31937,20,0.28247787841796873,4.0,4.36,4.4
QQQ,2026-09-21,2026-12-18,P,625.0,8046,42,0.27793080474853515,4.46,4.66,4.71
QQQ,2026-09-21,2026-12-18,P,630.0,11104,520,0.27332269653320307,5.0,4.99,5.04
QQQ,2026-09-21,2026-12-18,P,635.0,5405,47,0.26882139877319333,5.05,5.35,5.4
QQQ,2026-09-21,2026-12-18,P,640.0,18841,535,0.26378604873657224,5.54,5.71,5.75
QQQ,2026-09-21,2026-12-18,P,645.0,19823,70,0.25974251007080085,6.02,6.15,6.2
QQQ,2026-09-21,2026-12-18,P,650.0,31491,246,0.2553785400390626,6.47,6.6,6.66
QQQ,2026-09-21,2026-12-18,P,655.0,23976,56,0.25118241500854493,6.94,7.1,7.17
QQQ,2026-09-21,2026-12-18,P,660.0,201018,425,0.24698628997802735,7.69,7.65,7.72
QQQ,2026-09-21,2026-12-18,P,665.0,7292,137,0.24262231994628902,8.08,8.23,8.3
QQQ,2026-09-21,2026-12-18,P,670.0,21511,148,0.23851774673461912,8.81,8.88,8.95
QQQ,2026-09-21,2026-12-18,P,675.0,22408,273,0.23438265625,9.42,9.57,9.65
QQQ,2026-09-21,2026-12-18,P,680.0,64716,164,0.23038489349365232,10.17,10.34,10.42
QQQ,2026-09-21,2026-12-18,P,685.0,4156,488,0.22635661346435548,11.05,11.16,11.25
QQQ,2026-09-21,2026-12-18,P,690.0,25662,349,0.22235885070800776,12.09,12.05,12.15
QQQ,2026-09-21,2026-12-18,P,695.0,7937,64,0.21842212249755855,13.1,13.03,13.13
QQQ,2026-09-21,2026-12-18,P,700.0,61094,1188,0.2145616874694824,14.24,14.1,14.2
QQQ,2026-09-21,2026-12-18,P,705.0,3817,69,0.2106554765319824,14.9,15.24,15.35
QQQ,2026-09-21,2026-12-18,P,710.0,16727,331,0.2069628865051269,16.37,16.51,16.62
QQQ,2026-09-21,2026-12-18,P,715.0,4893,71,0.20340762420654296,17.85,17.88,18.01
QQQ,2026-09-21,2026-12-18,P,720.0,13523,237,0.19934882690429687,19.36,19.32,19.44
QQQ,2026-09-21,2026-12-18,P,725.0,23146,168,0.19577067665100098,20.79,20.95,21.05
QQQ,2026-09-21,2026-12-18,P,730.0,5791,381,0.1921620091247559,22.72,22.65,22.78
QQQ,2026-09-21,2026-12-18,P,735.0,4794,318,0.18869829864501952,24.45,24.52,24.66
QQQ,2026-09-21,2026-12-18,P,740.0,8884,1152,0.18537191589355467,26.37,26.53,26.7
QQQ,2026-09-21,2026-12-18,P,745.0,3263,148,0.18187768814086913,27.75,28.73,28.86
QQQ,2026-09-21,2026-12-18,P,750.0,9698,254,0.1785818226623535,30.78,31.03,31.2
QQQ,2026-09-21,2026-12-18,P,755.0,244,92,0.17522492263793943,32.72,33.52,33.69
QQQ,2026-09-21,2026-12-18,P,760.0,3700,30,0.17206638488769532,36.34,36.21,36.37
QQQ,2026-09-21,2026-12-18,P,765.0,392,2,0.16938086486816406,37.91,38.64,39.28
QQQ,2026-09-21,2026-12-18,P,770.0,586,21,0.16703103485107423,36.89,41.96,42.4
QQQ,2026-09-21,2026-12-18,P,775.0,780,2,0.16460491165161134,41.56,45.13,45.67
QQQ,2026-09-21,2026-12-18,P,780.0,862,2,0.1620109434509277,45.23,48.6,49.08
QQQ,2026-09-21,2026-12-18,P,785.0,444,20,0.16050033843994144,48.4,52.22,52.77
QQQ,2026-09-21,2026-12-18,P,790.0,60,19,0.1564110238647461,50.03,55.62,56.33
QQQ,2026-09-21,2026-12-18,P,795.0,214,8,0.15519033294677737,57.98,59.81,60.34
QQQ,2026-09-21,2026-12-18,P,800.0,931,274,0.15421378021240234,63.92,63.82,64.49
QQQ,2026-09-21,2026-12-18,P,805.0,130,192,0.15300834793090823,66.34,68.03,68.73
QQQ,2026-09-21,2026-12-18,P,810.0,613,4,0.15091791473388677,72.4,72.31,73.01
QQQ,2026-09-21,2026-12-18,P,815.0,221,285,0.1480798083496094,71.92,76.49,77.35
QQQ,2026-09-21,2026-12-18,P,820.0,326,4,0.14939205108642578,80.25,81.38,82.03
QQQ,2026-09-21,2026-12-18,P,825.0,252,292,0.15757068023681642,79.76,84.31,87.12
QQQ,2026-09-21,2026-12-18,P,830.0,0,2,1.0000000000000003e-05,112.47,0.0,0.0
QQQ,2026-09-21,2026-12-18,P,835.0,0,2,1.0000000000000003e-05,103.66,0.0,0.0
QQQ,2026-09-21,2026-12-18,P,840.0,0,2,1.0000000000000003e-05,108.46,0.0,0.0
QQQ,2026-09-21,2026-12-18,P,845.0,1,1,0.18122156677246093,100.64,104.12,107.03
QQQ,2026-09-21,2026-12-18,P,850.0,0,2,1.0000000000000003e-05,127.68,0.0,0.0
QQQ,2026-09-21,2026-12-18,P,855.0,0,20,0.20700866241455074,148.6,114.52,117.74
QQQ,2026-09-21,2026-12-18,P,860.0,0,1,0.21283746154785155,114.5,119.71,122.72
QQQ,2026-09-21,2026-12-18,P,865.0,0,661,1.0000000000000003e-05,147.86,0.0,0.0
QQQ,2026-09-21,2026-12-18,P,870.0,0,1,1.0000000000000003e-05,148.75,0.0,0.0
QQQ,2026-09-21,2026-12-18,P,875.0,0,2,0.23566438171386717,169.37,134.65,137.97
QQQ,2026-09-21,2026-12-18,P,880.0,0,4,1.0000000000000003e-05,147.21,0.0,0.0
QQQ,2026-09-21,2026-12-18,P,885.0,0,4,1.0000000000000003e-05,154.92,0.0,0.0
QQQ,2026-09-21,2026-12-18,P,890.0,0,2,1.0000000000000003e-05,157.58,0.0,0.0
QQQ,2026-09-21,2026-12-18,P,895.0,0,20,0.2541273318481446,188.61,154.66,157.72
QQQ,2026-09-21,2026-12-18,P,900.0,1,1,0.259345785522461,161.0,159.69,162.7
QQQ,2026-09-21,2026-12-18,P,905.0,0,1,0.273444765625,189.02,164.62,168.12
QQQ,2026-09-21,2026-12-18,P,910.0,0,0,1.3012119900512693,300.25,298.5,303.5
QQQ,2026-09-21,2026-12-18,P,920.0,0,1111,0.29077857666015616,196.88,179.42,183.15
QQQ,2026-09-21,2026-12-18,P,925.0,0,130,0.6203498658752442,227.74,216.94,219.83
QQQ,2026-09-21,2026-12-18,P,935.0,0,2124,0.6358831578063966,237.17,226.8,230.04
QQQ,2026-09-21,2026-12-18,P,940.0,0,0,0.6433904069519043,239.52,231.8,235.04
QQQ,2026-09-21,2026-12-18,P,950.0,0,2,0.32300481689453114,203.01,209.44,213.16
QQQ,2026-09-21,2026-12-18,P,960.0,0,2,0.33197689514160156,254.37,219.64,223.1
QQQ,2026-09-21,2026-12-18,P,1000.0,0,6,0.36188382263183594,294.37,259.65,262.72
QQQ,2026-09-21,2026-12-18,P,1015.0,0,0,0.38635867553710934,309.37,274.64,278.14
QQQ,2026-09-21,2026-12-18,P,1020.0,0,0,0.3895324719238281,314.38,279.33,283.08
QQQ,2026-09-21,2026-12-18,P,1025.0,0,4,0.7597985446166994,327.53,316.94,319.83
QQQ,2026-09-21,2026-12-18,P,1030.0,0,0,0.40015248291015626,324.38,289.65,293.14
QQQ,2026-09-21,2026-12-18,P,1045.0,0,0,0.41235939208984373,339.38,304.34,308.09
QQQ,2026-09-21,2026-12-18,P,1050.0,0,0,0.4177914666748046,344.2,309.34,313.13
QQQ,2026-09-21,2026-12-18,P,1055.0,0,0,0.4224300921630859,349.2,314.63,318.14
QQQ,2026-09-21,2026-12-18,P,1060.0,0,0,0.4226131958007812,354.38,319.53,322.98
QQQ,2026-09-21,2026-12-18,P,1065.0,0,0,0.4266719931030274,359.37,324.65,327.97
QQQ,2026-09-21,2026-12-18,P,1070.0,0,0,0.4354609677124024,364.37,329.64,333.14
QQQ,2026-09-21,2026-12-18,P,1100.0,0,0,0.4606987524414063,394.48,359.64,363.14
