ticker,date,expiry,type,strike,oi,volume,iv,last,bid,ask
QQQ,2026-09-28,2026-09-29,C,650.0,8,1,1.0234423828125,88.37,86.71,90.23
QQQ,2026-09-28,2026-09-29,C,670.0,1,1,0.866212275390625,68.18,66.73,70.36
QQQ,2026-09-28,2026-09-29,C,675.0,3,29,0.6972686523437501,62.84,61.72,65.12
QQQ,2026-09-28,2026-09-29,C,680.0,1,3,0.7509790527343749,58.21,56.73,60.36
QQQ,2026-09-28,2026-09-29,C,685.0,1,4,0.6875031250000001,51.58,51.71,55.36
QQQ,2026-09-28,2026-09-29,C,686.0,2,4,0.6543003320312502,50.63,50.73,54.27
QQQ,2026-09-28,2026-09-29,C,687.0,1,5,0.6435582519531251,49.48,49.73,53.27
QQQ,2026-09-28,2026-09-29,C,689.0,0,1,0.614261669921875,47.42,47.71,51.27
QQQ,2026-09-28,2026-09-29,C,690.0,34,35,0.59570716796875,47.38,46.71,50.25
QQQ,2026-09-28,2026-09-29,C,693.0,12,7,0.57617611328125,45.48,43.72,47.28
QQQ,2026-09-28,2026-09-29,C,695.0,1,1,0.5751995605468749,41.81,41.72,45.36
QQQ,2026-09-28,2026-09-29,C,698.0,3,5,0.5224657128906249,40.15,38.67,42.34
QQQ,2026-09-28,2026-09-29,C,699.0,3,12,0.526371923828125,38.44,37.72,41.35
QQQ,2026-09-28,2026-09-29,C,700.0,65,120,0.8596205444335938,37.49,36.68,40.23
QQQ,2026-09-28,2026-09-29,C,701.0,7,54,0.8457046679687499,36.55,35.73,39.25
QQQ,2026-09-28,2026-09-29,C,702.0,33,45,0.8200701586914061,35.62,34.67,38.18
QQQ,2026-09-28,2026-09-29,C,703.0,15,36,0.8139667041015625,33.53,33.68,37.26
QQQ,2026-09-28,2026-09-29,C,704.0,16,54,0.6997100341796876,34.23,32.9,35.56
QQQ,2026-09-28,2026-09-29,C,705.0,230,27,0.6589389575195312,33.28,32.17,34.4
QQQ,2026-09-28,2026-09-29,C,706.0,5,38,0.6289099609375001,30.56,30.87,33.31
QQQ,2026-09-28,2026-09-29,C,707.0,17,30,0.7355983471679688,31.08,29.86,33.17
QQQ,2026-09-28,2026-09-29,C,708.0,9,39,0.6054726953125001,30.13,28.86,31.35
QQQ,2026-09-28,2026-09-29,C,709.0,49,52,0.63867548828125,27.25,27.85,30.68
QQQ,2026-09-28,2026-09-29,C,710.0,564,87,0.611576149902344,26.33,27.37,29.6
QQQ,2026-09-28,2026-09-29,C,711.0,51,144,0.5773968041992188,25.4,25.85,28.47
QQQ,2026-09-28,2026-09-29,C,712.0,15,70,0.5930216479492189,25.44,24.63,27.7
QQQ,2026-09-28,2026-09-29,C,713.0,34,86,0.5754436987304687,24.08,23.73,26.69
QQQ,2026-09-28,2026-09-29,C,714.0,43,37,0.46143116699218756,24.8,24.29,25.02
QQQ,2026-09-28,2026-09-29,C,715.0,485,80,0.39942006835937505,23.78,23.64,23.77
QQQ,2026-09-28,2026-09-29,C,716.0,190,32,0.3857483300781249,22.73,22.64,22.77
QQQ,2026-09-28,2026-09-29,C,717.0,102,42,0.39502558105468755,20.31,21.75,21.89
QQQ,2026-09-28,2026-09-29,C,718.0,132,38,0.37354142089843745,19.1,20.73,20.85
QQQ,2026-09-28,2026-09-29,C,719.0,80,9,0.3610903735351562,17.17,19.73,19.86
QQQ,2026-09-28,2026-09-29,C,720.0,861,179,0.3501041552734374,18.58,18.74,18.88
QQQ,2026-09-28,2026-09-29,C,721.0,377,295,0.3237372314453124,17.71,17.67,17.81
QQQ,2026-09-28,2026-09-29,C,722.0,81,23,0.3090889404296875,15.26,16.68,16.81
QQQ,2026-09-28,2026-09-29,C,723.0,98,120,0.30591514404296877,14.67,15.76,15.88
QQQ,2026-09-28,2026-09-29,C,724.0,121,320,0.299811689453125,14.95,14.8,14.94
QQQ,2026-09-28,2026-09-29,C,725.0,712,717,0.27295648925781246,12.46,13.73,13.86
QQQ,2026-09-28,2026-09-29,C,726.0,129,139,0.25196060546875,11.44,12.69,12.82
QQQ,2026-09-28,2026-09-29,C,727.0,392,380,0.2368240380859375,11.75,11.68,11.82
QQQ,2026-09-28,2026-09-29,C,728.0,448,257,0.22144333251953124,10.2,10.69,10.82
QQQ,2026-09-28,2026-09-29,C,729.0,184,262,0.2004474487304687,9.2,9.65,9.78
QQQ,2026-09-28,2026-09-29,C,730.0,716,1568,0.18506674316406246,8.75,8.63,8.78
QQQ,2026-09-28,2026-09-29,C,731.0,572,2878,0.1821370849609375,7.8,7.73,7.89
QQQ,2026-09-28,2026-09-29,C,732.0,819,6103,0.165047412109375,6.63,6.77,6.89
QQQ,2026-09-28,2026-09-29,C,733.0,2372,5684,0.14038945556640625,5.83,5.69,5.82
QQQ,2026-09-28,2026-09-29,C,734.0,1299,14276,0.11695218994140624,4.76,4.68,4.76
QQQ,2026-09-28,2026-09-29,C,735.0,3186,54937,0.10376872802734374,3.86,3.68,3.81
QQQ,2026-09-28,2026-09-29,C,736.0,5006,193062,0.08545836425781252,2.75,2.72,2.82
QQQ,2026-09-28,2026-09-29,C,737.0,7852,429866,0.07703559692382814,1.94,1.94,1.99
QQQ,2026-09-28,2026-09-29,C,738.0,5652,479014,0.058847302246093754,1.09,1.09,1.1
QQQ,2026-09-28,2026-09-29,C,739.0,6169,428818,0.051767294921875,0.52,0.51,0.52
QQQ,2026-09-28,2026-09-29,C,740.0,7897,447487,0.049570051269531255,0.21,0.2,0.21
QQQ,2026-09-28,2026-09-29,C,741.0,3074,216776,0.05347626220703126,0.09,0.09,0.1
QQQ,2026-09-28,2026-09-29,C,742.0,6546,133362,0.058114887695312506,0.05,0.04,0.05
QQQ,2026-09-28,2026-09-29,C,743.0,7202,86749,0.06446248046875,0.03,0.02,0.03
QQQ,2026-09-28,2026-09-29,C,744.0,3156,61691,0.07032179687500001,0.01,0.01,0.02
QQQ,2026-09-28,2026-09-29,C,745.0,7854,51180,0.081063876953125,0.01,0.01,0.02
QQQ,2026-09-28,2026-09-29,C,746.0,2194,29181,0.09180595703125,0.01,0.01,0.02
QQQ,2026-09-28,2026-09-29,C,747.0,5519,31551,0.0937590625,0.02,0.0,0.01
QQQ,2026-09-28,2026-09-29,C,748.0,2137,20255,0.10157148437499999,0.01,0.0,0.01
QQQ,2026-09-28,2026-09-29,C,749.0,2383,8336,0.11133701171874999,0.01,0.0,0.01
QQQ,2026-09-28,2026-09-29,C,750.0,7884,19482,0.1211025390625,0.01,0.0,0.01
QQQ,2026-09-28,2026-09-29,C,751.0,2831,3071,0.1289149609375,0.01,0.0,0.01
QQQ,2026-09-28,2026-09-29,C,752.0,2702,4744,0.13868048828125001,0.01,0.0,0.01
QQQ,2026-09-28,2026-09-29,C,753.0,3736,1855,0.148446015625,0.01,0.0,0.01
QQQ,2026-09-28,2026-09-29,C,754.0,2488,2259,0.1562584375,0.01,0.0,0.01
QQQ,2026-09-28,2026-09-29,C,755.0,2761,5857,0.16407085937500002,0.01,0.0,0.01
QQQ,2026-09-28,2026-09-29,C,756.0,1635,669,0.17188328125000002,0.01,0.0,0.01
QQQ,2026-09-28,2026-09-29,C,757.0,2262,1023,0.18360191406249998,0.01,0.0,0.01
QQQ,2026-09-28,2026-09-29,C,758.0,637,105,0.1914143359375,0.01,0.0,0.01
QQQ,2026-09-28,2026-09-29,C,759.0,1121,724,0.1992267578125,0.01,0.0,0.01
QQQ,2026-09-28,2026-09-29,C,760.0,4773,428,0.20703917968749996,0.01,0.0,0.01
QQQ,2026-09-28,2026-09-29,C,761.0,718,462,0.2148516015625,0.01,0.0,0.01
QQQ,2026-09-28,2026-09-29,C,762.0,607,187,0.22657023437499998,0.01,0.0,0.01
QQQ,2026-09-28,2026-09-29,C,763.0,1090,541,0.23438265625,0.01,0.0,0.01
QQQ,2026-09-28,2026-09-29,C,764.0,440,14,0.242195078125,0.01,0.0,0.01
QQQ,2026-09-28,2026-09-29,C,765.0,1443,5,0.2500075,0.01,0.0,0.01
QQQ,2026-09-28,2026-09-29,C,766.0,340,48,0.257819921875,0.01,0.0,0.01
QQQ,2026-09-28,2026-09-29,C,767.0,368,2,0.26563234375,0.01,0.0,0.01
QQQ,2026-09-28,2026-09-29,C,768.0,6756,8,0.273444765625,0.01,0.0,0.01
QQQ,2026-09-28,2026-09-29,C,769.0,545,196,0.28125718749999995,0.01,0.0,0.01
QQQ,2026-09-28,2026-09-29,C,770.0,919,2,0.2890696093749999,0.01,0.0,0.01
QQQ,2026-09-28,2026-09-29,C,771.0,444,40,0.29688203124999996,0.01,0.0,0.01
QQQ,2026-09-28,2026-09-29,C,772.0,288,5,0.304694453125,0.01,0.0,0.01
QQQ,2026-09-28,2026-09-29,C,773.0,75,22,0.31250687499999996,0.01,0.0,0.01
QQQ,2026-09-28,2026-09-29,C,774.0,110,50,0.32031929687499994,0.01,0.0,0.01
QQQ,2026-09-28,2026-09-29,C,775.0,314,43,0.32813171874999997,0.01,0.0,0.01
QQQ,2026-09-28,2026-09-29,C,780.0,712,53,0.367193828125,0.01,0.0,0.01
QQQ,2026-09-28,2026-09-29,C,785.0,269,82,0.4062559375,0.01,0.0,0.01
QQQ,2026-09-28,2026-09-29,C,790.0,385,52,0.445318046875,0.01,0.0,0.01
QQQ,2026-09-28,2026-09-29,C,795.0,38,30,0.48438015625,0.02,0.0,0.01
QQQ,2026-09-28,2026-09-29,C,800.0,18,1,0.523442265625,0.01,0.0,0.01
QQQ,2026-09-28,2026-09-29,C,805.0,100,0,0.5312546875,0.02,0.0,0.01
QQQ,2026-09-28,2026-09-29,C,810.0,35,0,0.5625043750000001,0.03,0.0,0.01
QQQ,2026-09-28,2026-09-29,C,815.0,132,14,0.5937540625000001,0.02,0.0,0.01
QQQ,2026-09-28,2026-09-29,C,820.0,110,1,0.6250037500000001,0.01,0.0,0.01
QQQ,2026-09-28,2026-09-29,C,825.0,102,2,0.6562534375000001,0.01,0.0,0.01
QQQ,2026-09-28,2026-09-29,C,830.0,94,20,0.6875031250000001,0.01,0.0,0.01
QQQ,2026-09-28,2026-09-29,C,835.0,44,0,0.7187528125,0.02,0.0,0.01
QQQ,2026-09-28,2026-09-29,C,840.0,138,10,0.7500025,0.01,0.0,0.01
QQQ,2026-09-28,2026-09-29,C,845.0,94,0,0.7812521875,0.01,0.0,0.01
QQQ,2026-09-28,2026-09-29,C,850.0,166,0,0.8125018749999999,0.02,0.0,0.01
QQQ,2026-09-28,2026-09-29,C,855.0,0,0,0.8437515624999999,0.02,0.0,0.01
QQQ,2026-09-28,2026-09-29,C,860.0,67,9,0.87500125,0.02,0.0,0.01
QQQ,2026-09-28,2026-09-29,C,865.0,65,0,0.9062509375,0.01,0.0,0.01
QQQ,2026-09-28,2026-09-29,C,870.0,67,0,0.937500625,0.01,0.0,0.01
QQQ,2026-09-28,2026-09-29,C,875.0,84,0,0.9687503125,0.01,0.0,0.01
QQQ,2026-09-28,2026-09-29,C,880.0,67,0,1.000005,0.01,0.0,0.01
QQQ,2026-09-28,2026-09-29,C,885.0,128,0,1.0312548437500002,0.01,0.0,0.01
QQQ,2026-09-28,2026-09-29,C,890.0,92,0,1.0625046875000002,0.01,0.0,0.01
QQQ,2026-09-28,2026-09-29,C,895.0,80,126,1.09375453125,0.01,0.0,0.01
QQQ,2026-09-28,2026-09-29,C,900.0,68,11,1.125004375,0.01,0.0,0.01
QQQ,2026-09-28,2026-09-29,P,450.0,155,4,2.68750328125,0.01,0.0,0.01
QQQ,2026-09-28,2026-09-29,P,460.0,55,20,2.6250034375,0.02,0.0,0.01
QQQ,2026-09-28,2026-09-29,P,465.0,10,20,2.56250359375,0.02,0.0,0.01
QQQ,2026-09-28,2026-09-29,P,470.0,192,48,2.50000375,0.01,0.0,0.01
QQQ,2026-09-28,2026-09-29,P,475.0,293,0,2.43750390625,0.03,0.0,0.01
QQQ,2026-09-28,2026-09-29,P,480.0,182,10,2.3750040624999995,0.01,0.0,0.01
QQQ,2026-09-28,2026-09-29,P,485.0,130,10,2.3125042187499996,0.01,0.0,0.01
QQQ,2026-09-28,2026-09-29,P,490.0,76,140,2.2500043749999996,0.01,0.0,0.01
QQQ,2026-09-28,2026-09-29,P,495.0,251,143,2.1875045312499997,0.01,0.0,0.01
QQQ,2026-09-28,2026-09-29,P,500.0,239,25,2.1875045312499997,0.01,0.0,0.01
QQQ,2026-09-28,2026-09-29,P,505.0,392,291,2.1250046874999997,0.01,0.0,0.01
QQQ,2026-09-28,2026-09-29,P,510.0,460,190,2.0625048437499998,0.02,0.0,0.01
QQQ,2026-09-28,2026-09-29,P,515.0,219,100,2.000005,0.01,0.0,0.01
QQQ,2026-09-28,2026-09-29,P,520.0,87,0,1.9375003125,0.02,0.0,0.01
QQQ,2026-09-28,2026-09-29,P,525.0,84,6,1.9062504687500001,0.02,0.0,0.01
QQQ,2026-09-28,2026-09-29,P,530.0,68,80,1.875000625,0.02,0.0,0.01
QQQ,2026-09-28,2026-09-29,P,535.0,195,48,1.8125009374999999,0.01,0.0,0.01
QQQ,2026-09-28,2026-09-29,P,540.0,403,192,1.75000125,0.01,0.0,0.01
QQQ,2026-09-28,2026-09-29,P,545.0,150,149,1.6875015625,0.01,0.0,0.01
QQQ,2026-09-28,2026-09-29,P,550.0,380,160,1.65625171875,0.02,0.0,0.01
QQQ,2026-09-28,2026-09-29,P,555.0,303,192,1.625001875,0.01,0.0,0.01
QQQ,2026-09-28,2026-09-29,P,560.0,349,50,1.5625021874999998,0.01,0.0,0.01
QQQ,2026-09-28,2026-09-29,P,565.0,148,51,1.5000025,0.01,0.0,0.01
QQQ,2026-09-28,2026-09-29,P,570.0,118,50,1.46875265625,0.01,0.0,0.01
QQQ,2026-09-28,2026-09-29,P,575.0,277,2,1.4375028125,0.01,0.0,0.01
QQQ,2026-09-28,2026-09-29,P,580.0,326,118,1.3750031249999999,0.01,0.0,0.01
QQQ,2026-09-28,2026-09-29,P,585.0,659,644,1.3125034374999998,0.01,0.0,0.01
QQQ,2026-09-28,2026-09-29,P,590.0,441,287,1.2812535937499998,0.01,0.0,0.01
QQQ,2026-09-28,2026-09-29,P,595.0,712,650,1.2500037499999999,0.01,0.0,0.01
QQQ,2026-09-28,2026-09-29,P,600.0,718,608,1.1875040625,0.01,0.0,0.01
QQQ,2026-09-28,2026-09-29,P,605.0,681,645,1.15625421875,0.01,0.0,0.01
QQQ,2026-09-28,2026-09-29,P,610.0,775,637,1.09375453125,0.01,0.0,0.01
QQQ,2026-09-28,2026-09-29,P,615.0,1062,1314,1.0625046875000002,0.01,0.0,0.01
QQQ,2026-09-28,2026-09-29,P,620.0,776,731,1.0312548437500002,0.02,0.0,0.01
QQQ,2026-09-28,2026-09-29,P,625.0,1482,1397,0.9687503125,0.01,0.0,0.01
QQQ,2026-09-28,2026-09-29,P,630.0,3521,1560,0.937500625,0.01,0.0,0.01
QQQ,2026-09-28,2026-09-29,P,635.0,873,6201,0.87500125,0.01,0.0,0.01
QQQ,2026-09-28,2026-09-29,P,640.0,445,8,0.8437515624999999,0.01,0.0,0.01
QQQ,2026-09-28,2026-09-29,P,645.0,453,1950,0.8125018749999999,0.01,0.0,0.01
QQQ,2026-09-28,2026-09-29,P,650.0,368,5,0.7500025,0.01,0.0,0.01
QQQ,2026-09-28,2026-09-29,P,655.0,364,2000,0.7187528125,0.02,0.0,0.01
QQQ,2026-09-28,2026-09-29,P,660.0,4256,3,0.6718782812500002,0.01,0.0,0.01
QQQ,2026-09-28,2026-09-29,P,661.0,4412,2202,0.6562534375000001,0.02,0.0,0.01
QQQ,2026-09-28,2026-09-29,P,662.0,406,1870,0.6562534375000001,0.02,0.0,0.01
QQQ,2026-09-28,2026-09-29,P,663.0,172,1155,0.6562534375000001,0.02,0.0,0.01
QQQ,2026-09-28,2026-09-29,P,664.0,320,1916,0.64062859375,0.01,0.0,0.01
QQQ,2026-09-28,2026-09-29,P,665.0,792,2509,0.6250037500000001,0.01,0.0,0.01
QQQ,2026-09-28,2026-09-29,P,666.0,290,1797,0.6250037500000001,0.02,0.0,0.01
QQQ,2026-09-28,2026-09-29,P,667.0,315,2058,0.6250037500000001,0.01,0.0,0.01
QQQ,2026-09-28,2026-09-29,P,668.0,595,1698,0.6093789062500001,0.01,0.0,0.01
QQQ,2026-09-28,2026-09-29,P,669.0,3454,2422,0.5937540625000001,0.01,0.0,0.01
QQQ,2026-09-28,2026-09-29,P,670.0,4367,1,0.5937540625000001,0.01,0.0,0.01
QQQ,2026-09-28,2026-09-29,P,671.0,291,1619,0.57812921875,0.02,0.0,0.01
QQQ,2026-09-28,2026-09-29,P,672.0,407,2108,0.57812921875,0.02,0.0,0.01
QQQ,2026-09-28,2026-09-29,P,673.0,282,1449,0.5625043750000001,0.01,0.0,0.01
QQQ,2026-09-28,2026-09-29,P,674.0,1079,845,0.5625043750000001,0.01,0.0,0.01
QQQ,2026-09-28,2026-09-29,P,675.0,1278,1,0.5468795312500001,0.01,0.0,0.01
QQQ,2026-09-28,2026-09-29,P,676.0,805,674,0.5312546875,0.01,0.0,0.01
QQQ,2026-09-28,2026-09-29,P,677.0,464,1,0.5312546875,0.01,0.0,0.01
QQQ,2026-09-28,2026-09-29,P,678.0,1161,14,0.5312546875,0.01,0.0,0.01
QQQ,2026-09-28,2026-09-29,P,679.0,1019,1,0.51562984375,0.01,0.0,0.01
QQQ,2026-09-28,2026-09-29,P,680.0,638,491,0.500005,0.01,0.0,0.01
QQQ,2026-09-28,2026-09-29,P,681.0,240,6,0.500005,0.01,0.0,0.01
QQQ,2026-09-28,2026-09-29,P,682.0,131,501,0.523442265625,0.01,0.0,0.01
QQQ,2026-09-28,2026-09-29,P,683.0,176,157,0.51562984375,0.01,0.0,0.01
QQQ,2026-09-28,2026-09-29,P,684.0,131,2,0.500005,0.01,0.0,0.01
QQQ,2026-09-28,2026-09-29,P,685.0,376,2,0.49219257812500006,0.01,0.0,0.01
QQQ,2026-09-28,2026-09-29,P,686.0,176,1121,0.48438015625,0.02,0.0,0.01
QQQ,2026-09-28,2026-09-29,P,687.0,77,1,0.476567734375,0.01,0.0,0.01
QQQ,2026-09-28,2026-09-29,P,688.0,76,1,0.4687553125,0.01,0.0,0.01
QQQ,2026-09-28,2026-09-29,P,689.0,109,39,0.46094289062500005,0.02,0.0,0.01
QQQ,2026-09-28,2026-09-29,P,690.0,477,5,0.45313046875,0.01,0.0,0.01
QQQ,2026-09-28,2026-09-29,P,691.0,556,722,0.437505625,0.02,0.0,0.01
QQQ,2026-09-28,2026-09-29,P,692.0,486,14,0.42969320312500003,0.01,0.0,0.01
QQQ,2026-09-28,2026-09-29,P,693.0,332,2,0.42188078125,0.01,0.0,0.01
QQQ,2026-09-28,2026-09-29,P,694.0,351,5,0.414068359375,0.01,0.0,0.01
QQQ,2026-09-28,2026-09-29,P,695.0,876,21,0.4062559375,0.01,0.0,0.01
QQQ,2026-09-28,2026-09-29,P,696.0,452,382,0.398443515625,0.03,0.0,0.01
QQQ,2026-09-28,2026-09-29,P,697.0,330,168,0.39063109375,0.03,0.0,0.01
QQQ,2026-09-28,2026-09-29,P,698.0,301,4,0.38281867187499996,0.01,0.0,0.01
QQQ,2026-09-28,2026-09-29,P,699.0,280,3,0.3711000390625,0.01,0.0,0.01
QQQ,2026-09-28,2026-09-29,P,700.0,2253,17,0.35938140625,0.01,0.0,0.01
QQQ,2026-09-28,2026-09-29,P,701.0,626,6,0.35156898437499995,0.01,0.0,0.01
QQQ,2026-09-28,2026-09-29,P,702.0,430,67,0.3437565625,0.01,0.0,0.01
QQQ,2026-09-28,2026-09-29,P,703.0,780,1867,0.335944140625,0.01,0.0,0.01
QQQ,2026-09-28,2026-09-29,P,704.0,611,2933,0.32813171874999997,0.01,0.0,0.01
QQQ,2026-09-28,2026-09-29,P,705.0,1921,4520,0.32031929687499994,0.01,0.0,0.01
QQQ,2026-09-28,2026-09-29,P,706.0,555,6886,0.31250687499999996,0.01,0.0,0.01
QQQ,2026-09-28,2026-09-29,P,707.0,1640,8975,0.3007882421875,0.01,0.0,0.01
QQQ,2026-09-28,2026-09-29,P,708.0,1993,12768,0.2890696093749999,0.01,0.0,0.01
QQQ,2026-09-28,2026-09-29,P,709.0,553,7621,0.28125718749999995,0.01,0.0,0.01
QQQ,2026-09-28,2026-09-29,P,710.0,1837,7738,0.273444765625,0.01,0.0,0.01
QQQ,2026-09-28,2026-09-29,P,711.0,1572,871,0.26563234375,0.01,0.0,0.01
QQQ,2026-09-28,2026-09-29,P,712.0,3319,436,0.257819921875,0.01,0.0,0.01
QQQ,2026-09-28,2026-09-29,P,713.0,911,428,0.2461012890625,0.01,0.0,0.01
QQQ,2026-09-28,2026-09-29,P,714.0,1308,1114,0.23828886718749998,0.01,0.0,0.01
QQQ,2026-09-28,2026-09-29,P,715.0,4270,2692,0.2304764453125,0.01,0.0,0.01
QQQ,2026-09-28,2026-09-29,P,716.0,820,2518,0.21875781249999998,0.01,0.0,0.01
QQQ,2026-09-28,2026-09-29,P,717.0,3256,4809,0.21094539062499998,0.01,0.0,0.01
QQQ,2026-09-28,2026-09-29,P,718.0,1481,3227,0.20313296874999998,0.01,0.0,0.01
QQQ,2026-09-28,2026-09-29,P,719.0,1987,2686,0.195320546875,0.01,0.0,0.01
QQQ,2026-09-28,2026-09-29,P,720.0,3318,4696,0.18360191406249998,0.01,0.0,0.01
QQQ,2026-09-28,2026-09-29,P,721.0,1429,4064,0.1757894921875,0.01,0.0,0.01
QQQ,2026-09-28,2026-09-29,P,722.0,4199,5483,0.16602396484375004,0.01,0.0,0.01
QQQ,2026-09-28,2026-09-29,P,723.0,3042,8364,0.1562584375,0.01,0.0,0.01
QQQ,2026-09-28,2026-09-29,P,724.0,2502,4848,0.148446015625,0.01,0.0,0.01
QQQ,2026-09-28,2026-09-29,P,725.0,23031,23586,0.13868048828125001,0.01,0.0,0.01
QQQ,2026-09-28,2026-09-29,P,726.0,2792,14376,0.1289149609375,0.01,0.0,0.01
QQQ,2026-09-28,2026-09-29,P,727.0,3407,13946,0.1211025390625,0.01,0.0,0.01
QQQ,2026-09-28,2026-09-29,P,728.0,3742,18715,0.1211025390625,0.01,0.01,0.02
QQQ,2026-09-28,2026-09-29,P,729.0,5320,23939,0.11036045898437499,0.01,0.01,0.02
QQQ,2026-09-28,2026-09-29,P,730.0,27107,123563,0.09961837890625,0.01,0.01,0.02
QQQ,2026-09-28,2026-09-29,P,731.0,4142,57938,0.0898528515625,0.01,0.01,0.02
QQQ,2026-09-28,2026-09-29,P,732.0,10155,105639,0.07911077148437501,0.01,0.01,0.02
QQQ,2026-09-28,2026-09-29,P,733.0,6459,126616,0.0727631787109375,0.03,0.02,0.03
QQQ,2026-09-28,2026-09-29,P,734.0,3616,199768,0.06446248046875,0.04,0.03,0.04
QQQ,2026-09-28,2026-09-29,P,735.0,39284,426219,0.05713833496093751,0.05,0.05,0.06
QQQ,2026-09-28,2026-09-29,P,736.0,17831,492904,0.048105222167968746,0.09,0.08,0.09
QQQ,2026-09-28,2026-09-29,P,737.0,2306,461546,0.04175762939453125,0.17,0.17,0.18
QQQ,2026-09-28,2026-09-29,P,738.0,2642,292217,0.03577624389648437,0.38,0.38,0.39
QQQ,2026-09-28,2026-09-29,P,739.0,1545,150488,0.028452098388671875,0.83,0.82,0.83
QQQ,2026-09-28,2026-09-29,P,740.0,3267,80799,1.0000000000000003e-05,1.5,1.46,1.5
QQQ,2026-09-28,2026-09-29,P,741.0,1303,16065,1.0000000000000003e-05,2.25,2.23,2.29
QQQ,2026-09-28,2026-09-29,P,742.0,916,5355,1.0000000000000003e-05,3.15,3.28,3.4
QQQ,2026-09-28,2026-09-29,P,743.0,891,1840,1.0000000000000003e-05,4.24,4.17,4.3
QQQ,2026-09-28,2026-09-29,P,744.0,1056,2088,1.0000000000000003e-05,5.31,5.17,5.28
QQQ,2026-09-28,2026-09-29,P,745.0,2006,1255,1.0000000000000003e-05,6.31,6.13,6.27
QQQ,2026-09-28,2026-09-29,P,746.0,184,713,1.0000000000000003e-05,7.42,7.2,7.34
QQQ,2026-09-28,2026-09-29,P,747.0,463,833,1.0000000000000003e-05,8.45,8.19,8.31
QQQ,2026-09-28,2026-09-29,P,748.0,251,247,1.0000000000000003e-05,9.34,9.19,9.32
QQQ,2026-09-28,2026-09-29,P,749.0,38,248,1.0000000000000003e-05,12.65,10.23,10.36
QQQ,2026-09-28,2026-09-29,P,750.0,10,141,1.0000000000000003e-05,14.05,11.19,11.33
QQQ,2026-09-28,2026-09-29,P,751.0,1,62,1.0000000000000003e-05,14.53,12.18,12.32
QQQ,2026-09-28,2026-09-29,P,752.0,7,25,1.0000000000000003e-05,13.25,13.19,13.33
QQQ,2026-09-28,2026-09-29,P,753.0,0,35,1.0000000000000003e-05,14.9,14.19,14.33
QQQ,2026-09-28,2026-09-29,P,754.0,1,54,1.0000000000000003e-05,16.29,15.19,15.33
QQQ,2026-09-28,2026-09-29,P,755.0,27,41,1.0000000000000003e-05,16.91,16.17,16.28
QQQ,2026-09-28,2026-09-29,P,756.0,0,23,1.0000000000000003e-05,17.99,17.13,17.26
QQQ,2026-09-28,2026-09-29,P,757.0,0,45,1.0000000000000003e-05,18.99,18.11,18.28
QQQ,2026-09-28,2026-09-29,P,758.0,0,15,1.0000000000000003e-05,21.83,19.23,19.39
QQQ,2026-09-28,2026-09-29,P,759.0,0,46,1.0000000000000003e-05,22.19,20.14,20.28
QQQ,2026-09-28,2026-09-29,P,760.0,38,62,1.0000000000000003e-05,21.5,21.07,21.25
QQQ,2026-09-28,2026-09-29,P,761.0,0,149,1.0000000000000003e-05,23.59,22.2,22.37
QQQ,2026-09-28,2026-09-29,P,764.0,0,276,0.5920450952148439,26.03,23.69,27.23
QQQ,2026-09-28,2026-09-29,P,765.0,0,163,0.6145058081054688,28.86,24.65,28.29
QQQ,2026-09-28,2026-09-29,P,770.0,0,237,0.6887238159179689,33.26,29.65,33.28
QQQ,2026-09-28,2026-09-29,P,775.0,0,81,0.7631859619140625,38.64,34.77,38.29
QQQ,2026-09-28,2026-09-30,C,405.0,1,1,3.275392436523437,311.79,331.94,335.35
QQQ,2026-09-28,2026-09-30,C,410.0,1,0,1.0000000000000003e-05,259.6,309.12,313.0
QQQ,2026-09-28,2026-09-30,C,415.0,0,4,1.0000000000000003e-05,179.05,0.0,0.0
QQQ,2026-09-28,2026-09-30,C,420.0,2,3,3.097658505859375,321.81,316.94,320.36
QQQ,2026-09-28,2026-09-30,C,425.0,21,10,1.0000000000000003e-05,274.64,281.77,284.12
QQQ,2026-09-28,2026-09-30,C,430.0,14,1,1.0000000000000003e-05,250.18,287.31,290.79
QQQ,2026-09-28,2026-09-30,C,435.0,13,10,1.0000000000000003e-05,264.77,271.78,274.28
QQQ,2026-09-28,2026-09-30,C,440.0,16,10,1.0000000000000003e-05,259.71,266.81,269.2
QQQ,2026-09-28,2026-09-30,C,445.0,0,12,2.81250296875,272.17,291.94,295.37
QQQ,2026-09-28,2026-09-30,C,450.0,47,1,1.0000000000000003e-05,265.95,270.14,274.02
QQQ,2026-09-28,2026-09-30,C,455.0,0,1,2.699222001953125,263.7,281.94,285.37
QQQ,2026-09-28,2026-09-30,C,460.0,0,3,1.0000000000000003e-05,249.83,0.0,0.0
QQQ,2026-09-28,2026-09-30,C,465.0,0,1,1.0000000000000003e-05,270.0,0.0,0.0
QQQ,2026-09-28,2026-09-30,C,470.0,0,1,1.0000000000000003e-05,253.9,0.0,0.0
QQQ,2026-09-28,2026-09-30,C,475.0,41,4,1.0000000000000003e-05,239.29,232.06,234.37
QQQ,2026-09-28,2026-09-30,C,480.0,0,1,2.4277383056640627,230.0,256.95,260.36
QQQ,2026-09-28,2026-09-30,C,485.0,10,3,1.0000000000000003e-05,243.32,222.08,224.56
QQQ,2026-09-28,2026-09-30,C,490.0,0,14,2.345707260742187,227.1,246.95,250.41
QQQ,2026-09-28,2026-09-30,C,495.0,16,1,1.0000000000000003e-05,233.41,212.04,214.51
QQQ,2026-09-28,2026-09-30,C,500.0,3,2,2.2226606933593747,235.0,236.95,240.37
QQQ,2026-09-28,2026-09-30,C,505.0,0,1,2.1718795703125,210.78,231.95,235.37
QQQ,2026-09-28,2026-09-30,C,510.0,0,1,2.019536201171875,200.35,226.95,230.17
QQQ,2026-09-28,2026-09-30,C,515.0,0,1,1.0000000000000003e-05,221.4,0.0,0.0
QQQ,2026-09-28,2026-09-30,C,520.0,1,1,2.021489321289063,197.24,216.95,220.37
QQQ,2026-09-28,2026-09-30,C,525.0,28,28,1.9765626171875001,212.99,211.95,215.38
QQQ,2026-09-28,2026-09-30,C,530.0,1,2,1.9306644091796876,190.97,206.96,210.38
QQQ,2026-09-28,2026-09-30,C,535.0,0,1,1.0000000000000003e-05,191.58,0.0,0.0
QQQ,2026-09-28,2026-09-30,C,540.0,1,1,1.8447273388671874,205.99,196.96,200.41
QQQ,2026-09-28,2026-09-30,C,545.0,2,14,1.78125109375,176.45,191.96,195.37
QQQ,2026-09-28,2026-09-30,C,550.0,31,1,1.7333997705078126,189.57,186.96,190.37
QQQ,2026-09-28,2026-09-30,C,555.0,0,1,1.685548447265625,164.2,181.96,185.37
QQQ,2026-09-28,2026-09-30,C,560.0,0,10,1.6494158154296876,158.61,176.96,180.4
QQQ,2026-09-28,2026-09-30,C,565.0,45,3,1.0000000000000003e-05,124.91,152.69,156.18
QQQ,2026-09-28,2026-09-30,C,570.0,2,3,1.5488303808593749,146.8,166.96,170.38
QQQ,2026-09-28,2026-09-30,C,575.0,4,1,1.453127734375,167.5,161.96,165.24
QQQ,2026-09-28,2026-09-30,C,580.0,13,2,1.4472683886718751,156.66,156.96,160.35
QQQ,2026-09-28,2026-09-30,C,585.0,2,1,1.4140654296875002,161.82,151.97,155.38
QQQ,2026-09-28,2026-09-30,C,590.0,7,1,1.3798859130859373,149.0,146.97,150.42
QQQ,2026-09-28,2026-09-30,C,595.0,157,11,1.3261752441406247,146.55,141.97,145.39
QQQ,2026-09-28,2026-09-30,C,600.0,53,1,1.2783239208984374,136.37,136.97,140.38
QQQ,2026-09-28,2026-09-30,C,605.0,48,2,1.2275429248046876,132.27,131.97,135.36
QQQ,2026-09-28,2026-09-30,C,610.0,116,2,1.201175869140625,126.77,126.97,130.43
QQQ,2026-09-28,2026-09-30,C,615.0,106,1,1.1464886425781249,103.13,121.97,125.39
QQQ,2026-09-28,2026-09-30,C,620.0,134,6,1.1142622412109375,118.0,116.97,120.44
QQQ,2026-09-28,2026-09-30,C,625.0,74,3,1.0698288696289064,113.56,111.98,115.43
QQQ,2026-09-28,2026-09-30,C,630.0,296,6,0.79687703125,109.46,106.98,109.83
QQQ,2026-09-28,2026-09-30,C,635.0,312,1,0.9589847851562499,103.0,101.98,105.33
QQQ,2026-09-28,2026-09-30,C,640.0,582,35,0.93945373046875,98.45,96.98,100.44
QQQ,2026-09-28,2026-09-30,C,645.0,89,20,0.914063359375,93.0,92.09,95.43
QQQ,2026-09-28,2026-09-30,C,650.0,739,85,0.8510757080078125,89.37,86.98,90.44
QQQ,2026-09-28,2026-09-30,C,651.0,5,2,0.8422867333984375,85.58,85.98,89.44
QQQ,2026-09-28,2026-09-30,C,652.0,2,1,0.8354508642578123,86.13,84.98,88.45
QQQ,2026-09-28,2026-09-30,C,653.0,13,2,0.8457046679687499,88.34,84.09,87.45
QQQ,2026-09-28,2026-09-30,C,654.0,9,2,0.8159198095703124,62.5,82.98,86.44
QQQ,2026-09-28,2026-09-30,C,655.0,218,1,0.799806689453125,80.84,81.98,85.4
QQQ,2026-09-28,2026-09-30,C,656.0,12,1,0.7983418603515625,61.29,80.99,84.43
QQQ,2026-09-28,2026-09-30,C,657.0,5,2,1.0000000000000003e-05,43.97,63.59,64.64
QQQ,2026-09-28,2026-09-30,C,658.0,5,1,0.7773459765625,78.57,78.99,82.41
QQQ,2026-09-28,2026-09-30,C,659.0,42,6,1.0000000000000003e-05,42.46,60.16,62.74
QQQ,2026-09-28,2026-09-30,C,660.0,1331,6,0.6640658593750002,77.19,76.99,80.0
QQQ,2026-09-28,2026-09-30,C,661.0,1,1,0.7578149218750001,58.16,75.99,79.45
QQQ,2026-09-28,2026-09-30,C,662.0,58,56,0.7407252490234374,76.55,74.99,78.4
QQQ,2026-09-28,2026-09-30,C,663.0,5,1,0.7402369726562499,53.97,73.99,77.45
QQQ,2026-09-28,2026-09-30,C,664.0,56,1,1.0000000000000003e-05,68.31,55.51,58.0
QQQ,2026-09-28,2026-09-30,C,665.0,713,4,0.700198310546875,72.95,71.99,75.32
QQQ,2026-09-28,2026-09-30,C,666.0,3,1,0.7138700488281251,70.16,70.99,74.45
QQQ,2026-09-28,2026-09-30,C,667.0,9,3,0.7221707470703125,70.3,70.1,73.45
QQQ,2026-09-28,2026-09-30,C,668.0,23,1,1.0000000000000003e-05,64.75,53.23,54.26
QQQ,2026-09-28,2026-09-30,C,669.0,11,1,0.6875031250000001,48.7,67.99,71.45
QQQ,2026-09-28,2026-09-30,C,670.0,306,3,0.6757844921875001,69.96,66.99,70.43
QQQ,2026-09-28,2026-09-30,C,671.0,11,3,0.6699251757812501,52.0,65.99,69.45
QQQ,2026-09-28,2026-09-30,C,672.0,66,9,0.6596713720703126,66.06,64.99,68.44
QQQ,2026-09-28,2026-09-30,C,673.0,52,1,0.6523472265625001,45.63,63.99,67.45
QQQ,2026-09-28,2026-09-30,C,674.0,28,2,0.6420934228515626,39.97,62.99,66.44
QQQ,2026-09-28,2026-09-30,C,675.0,401,3,0.6347692773437501,64.96,61.99,65.45
QQQ,2026-09-28,2026-09-30,C,676.0,21,1,0.6259803027343751,36.16,60.99,64.45
QQQ,2026-09-28,2026-09-30,C,677.0,50,10,0.6171913281250001,59.12,59.99,63.45
QQQ,2026-09-28,2026-09-30,C,678.0,86,10,0.6235389208984375,63.61,59.1,62.45
QQQ,2026-09-28,2026-09-30,C,679.0,57,10,0.5996133789062501,42.5,57.99,61.45
QQQ,2026-09-28,2026-09-30,C,680.0,685,8,0.5712933496093751,58.6,56.99,60.32
QQQ,2026-09-28,2026-09-30,C,681.0,142,3,0.57617611328125,49.4,55.99,59.41
QQQ,2026-09-28,2026-09-30,C,682.0,100,3,0.5732464550781251,33.1,54.99,58.45
QQQ,2026-09-28,2026-09-30,C,683.0,33,12,0.561527822265625,42.03,54.0,57.42
QQQ,2026-09-28,2026-09-30,C,684.0,118,15,0.55273884765625,56.81,53.0,56.42
QQQ,2026-09-28,2026-09-30,C,685.0,432,4,0.5493209130859377,53.46,52.0,55.46
QQQ,2026-09-28,2026-09-30,C,686.0,142,1,0.5405319384765627,56.61,51.0,54.46
QQQ,2026-09-28,2026-09-30,C,687.0,200,1,0.5302781347656251,48.16,50.0,53.45
QQQ,2026-09-28,2026-09-30,C,688.0,35,3,0.5224657128906249,57.39,49.0,52.46
QQQ,2026-09-28,2026-09-30,C,689.0,147,5,0.5136767382812499,46.45,48.0,51.46
QQQ,2026-09-28,2026-09-30,C,690.0,2875,43,0.7281521325683593,46.73,47.0,50.28
QQQ,2026-09-28,2026-09-30,C,691.0,77,1,0.7349880017089843,46.04,46.0,49.46
QQQ,2026-09-28,2026-09-30,C,692.0,62,1,0.7233914379882812,46.36,45.0,48.46
QQQ,2026-09-28,2026-09-30,C,693.0,44,4,0.7116728051757812,25.39,44.0,47.46
QQQ,2026-09-28,2026-09-30,C,694.0,136,100,0.6960479614257813,38.6,43.0,46.42
QQQ,2026-09-28,2026-09-30,C,695.0,196,4,0.6843293286132813,43.73,42.0,45.42
QQQ,2026-09-28,2026-09-30,C,696.0,55,4,0.6765169067382814,41.51,41.0,44.46
QQQ,2026-09-28,2026-09-30,C,697.0,142,116,0.6647982739257814,39.93,40.0,43.46
QQQ,2026-09-28,2026-09-30,C,698.0,60,1,0.6538120556640626,47.62,39.01,42.47
QQQ,2026-09-28,2026-09-30,C,699.0,103,1,0.6374547973632813,39.14,38.01,41.42
QQQ,2026-09-28,2026-09-30,C,700.0,2648,51,0.6301306518554688,38.89,37.01,40.47
QQQ,2026-09-28,2026-09-30,C,701.0,282,4,0.6154823608398439,36.28,36.01,39.44
QQQ,2026-09-28,2026-09-30,C,702.0,190,1,0.6062051098632814,36.36,35.57,38.47
QQQ,2026-09-28,2026-09-30,C,703.0,158,4,0.49878430908203125,35.18,35.6,36.5
QQQ,2026-09-28,2026-09-30,C,704.0,358,9,0.48340360351562506,33.88,34.55,35.46
QQQ,2026-09-28,2026-09-30,C,705.0,1398,10,0.4771780798339844,31.53,33.62,34.5
QQQ,2026-09-28,2026-09-30,C,706.0,402,2,0.4953663745117188,30.82,32.62,33.78
QQQ,2026-09-28,2026-09-30,C,707.0,299,5,0.4848684326171875,30.36,31.55,32.79
QQQ,2026-09-28,2026-09-30,C,708.0,522,5,0.4726615234375,29.53,30.56,31.78
QQQ,2026-09-28,2026-09-30,C,709.0,342,1,0.4621635815429688,27.83,29.56,30.79
QQQ,2026-09-28,2026-09-30,C,710.0,3587,68,0.4506890869140625,28.82,28.57,29.79
QQQ,2026-09-28,2026-09-30,C,711.0,445,14,0.46985393432617195,25.8,27.57,29.14
QQQ,2026-09-28,2026-09-30,C,712.0,374,12,0.42566492309570314,26.95,26.58,27.77
QQQ,2026-09-28,2026-09-30,C,713.0,400,50,0.415044912109375,22.95,25.6,26.78
QQQ,2026-09-28,2026-09-30,C,714.0,678,58,0.3415593188476562,21.88,24.68,25.15
QQQ,2026-09-28,2026-09-30,C,715.0,10628,10119,0.32642275146484373,23.93,23.68,24.11
QQQ,2026-09-28,2026-09-30,C,716.0,3410,15,0.3200751586914062,20.71,22.7,23.15
QQQ,2026-09-28,2026-09-30,C,717.0,842,48,0.30933307861328124,20.5,21.71,22.15
QQQ,2026-09-28,2026-09-30,C,718.0,537,28,0.2995675512695312,19.08,20.73,21.16
QQQ,2026-09-28,2026-09-30,C,719.0,738,29,0.2906565075683593,18.1,19.75,20.18
QQQ,2026-09-28,2026-09-30,C,720.0,8922,116,0.2815013256835937,17.97,18.78,19.2
QQQ,2026-09-28,2026-09-30,C,721.0,13776,12219,0.2732006274414062,17.89,17.81,18.23
QQQ,2026-09-28,2026-09-30,C,722.0,645,115,0.2775951147460937,17.05,16.84,17.41
QQQ,2026-09-28,2026-09-30,C,723.0,1014,271,0.2556226782226563,16.1,16.1,16.29
QQQ,2026-09-28,2026-09-30,C,724.0,511,43,0.24732197998046873,14.87,14.92,15.33
QQQ,2026-09-28,2026-09-30,C,725.0,10606,374,0.2417068017578125,13.0,13.98,14.41
QQQ,2026-09-28,2026-09-30,C,726.0,35553,35112,0.23316196533203126,12.97,13.04,13.46
QQQ,2026-09-28,2026-09-30,C,727.0,6318,5134,0.22364057617187497,11.48,12.11,12.5
QQQ,2026-09-28,2026-09-30,C,728.0,1304,131,0.21839160522460935,11.38,11.2,11.61
QQQ,2026-09-28,2026-09-30,C,729.0,316,338,0.21106745971679686,10.5,10.31,10.7
QQQ,2026-09-28,2026-09-30,C,730.0,10214,1158,0.2005695178222656,9.75,9.44,9.75
QQQ,2026-09-28,2026-09-30,C,731.0,425,174,0.1966633068847656,8.73,8.83,8.92
QQQ,2026-09-28,2026-09-30,C,732.0,1688,727,0.1915364050292969,7.93,8.01,8.09
QQQ,2026-09-28,2026-09-30,C,733.0,517,1275,0.18201501586914062,7.1,7.14,7.2
QQQ,2026-09-28,2026-09-30,C,734.0,579,1460,0.1848226049804687,6.45,6.51,6.57
QQQ,2026-09-28,2026-09-30,C,735.0,14325,16374,0.17884121948242188,5.78,5.74,5.8
QQQ,2026-09-28,2026-09-30,C,736.0,984,15176,0.17090672851562502,5.03,5.01,5.02
QQQ,2026-09-28,2026-09-30,C,737.0,1591,33552,0.1688925885009766,4.5,4.37,4.4
QQQ,2026-09-28,2026-09-30,C,738.0,1563,33208,0.16864845031738285,3.86,3.84,3.86
QQQ,2026-09-28,2026-09-30,C,739.0,1199,32151,0.1645591357421875,3.28,3.27,3.28
QQQ,2026-09-28,2026-09-30,C,740.0,9775,53196,0.16443706665039062,2.83,2.82,2.83
QQQ,2026-09-28,2026-09-30,C,741.0,1673,20505,0.1641929284667969,2.41,2.4,2.42
QQQ,2026-09-28,2026-09-30,C,742.0,1848,18996,0.16223982299804687,2.04,2.01,2.02
QQQ,2026-09-28,2026-09-30,C,743.0,1302,11799,0.16059189025878906,1.69,1.66,1.67
QQQ,2026-09-28,2026-09-30,C,744.0,1062,10221,0.15992051025390625,1.37,1.37,1.38
QQQ,2026-09-28,2026-09-30,C,745.0,19220,20829,0.15869981933593752,1.13,1.11,1.12
QQQ,2026-09-28,2026-09-30,C,746.0,1727,11380,0.1563805065917969,0.9,0.87,0.88
QQQ,2026-09-28,2026-09-30,C,747.0,11598,8302,0.15796740478515625,0.72,0.72,0.73
QQQ,2026-09-28,2026-09-30,C,748.0,1907,14934,0.15747912841796874,0.57,0.57,0.58
QQQ,2026-09-28,2026-09-30,C,749.0,1148,4449,0.15943223388671873,0.48,0.47,0.48
QQQ,2026-09-28,2026-09-30,C,750.0,14109,11208,0.1595543029785156,0.36,0.37,0.38
QQQ,2026-09-28,2026-09-30,C,751.0,868,3546,0.161141201171875,0.31,0.3,0.31
QQQ,2026-09-28,2026-09-30,C,752.0,8146,2846,0.161141201171875,0.23,0.23,0.24
QQQ,2026-09-28,2026-09-30,C,753.0,765,1855,0.16187361572265624,0.18,0.18,0.19
QQQ,2026-09-28,2026-09-30,C,754.0,814,1299,0.16309430664062502,0.15,0.14,0.15
QQQ,2026-09-28,2026-09-30,C,755.0,3941,3147,0.1645591357421875,0.12,0.11,0.12
QQQ,2026-09-28,2026-09-30,C,756.0,901,1032,0.16407085937500002,0.09,0.08,0.09
QQQ,2026-09-28,2026-09-30,C,757.0,562,1883,0.16895362304687503,0.06,0.07,0.08
QQQ,2026-09-28,2026-09-30,C,758.0,1081,714,0.16895362304687503,0.05,0.05,0.06
QQQ,2026-09-28,2026-09-30,C,759.0,1265,470,0.17090672851562502,0.04,0.04,0.05
QQQ,2026-09-28,2026-09-30,C,760.0,12748,1373,0.17285983398437502,0.03,0.03,0.04
QQQ,2026-09-28,2026-09-30,C,761.0,1581,202,0.179695703125,0.02,0.03,0.04
QQQ,2026-09-28,2026-09-30,C,762.0,1072,2705,0.179695703125,0.03,0.02,0.03
QQQ,2026-09-28,2026-09-30,C,763.0,666,217,0.17774259765625,0.01,0.01,0.02
QQQ,2026-09-28,2026-09-30,C,764.0,755,14,0.18360191406249998,0.02,0.01,0.02
QQQ,2026-09-28,2026-09-30,C,765.0,8106,966,0.18946123046875002,0.02,0.01,0.02
QQQ,2026-09-28,2026-09-30,C,766.0,701,52,0.195320546875,0.01,0.01,0.02
QQQ,2026-09-28,2026-09-30,C,767.0,970,33,0.20313296874999998,0.01,0.01,0.02
QQQ,2026-09-28,2026-09-30,C,768.0,1444,1076,0.20899228515624996,0.01,0.0,0.02
QQQ,2026-09-28,2026-09-30,C,769.0,378,814,0.2148516015625,0.01,0.0,0.02
QQQ,2026-09-28,2026-09-30,C,770.0,4715,542,0.20703917968749996,0.01,0.0,0.01
QQQ,2026-09-28,2026-09-30,C,771.0,365,360,0.22657023437499998,0.01,0.0,0.02
QQQ,2026-09-28,2026-09-30,C,772.0,3930,2,0.21875781249999998,0.01,0.0,0.01
QQQ,2026-09-28,2026-09-30,C,773.0,109,24,0.22266402343749997,0.01,0.0,0.01
QQQ,2026-09-28,2026-09-30,C,774.0,160,101,0.22657023437499998,0.01,0.0,0.01
QQQ,2026-09-28,2026-09-30,C,775.0,1525,154,0.23438265625,0.01,0.0,0.01
QQQ,2026-09-28,2026-09-30,C,776.0,615,2,0.23828886718749998,0.01,0.0,0.01
QQQ,2026-09-28,2026-09-30,C,777.0,574,2,0.2461012890625,0.01,0.0,0.01
QQQ,2026-09-28,2026-09-30,C,778.0,412,3,0.2500075,0.01,0.0,0.01
QQQ,2026-09-28,2026-09-30,C,779.0,569,241,0.257819921875,0.02,0.0,0.01
QQQ,2026-09-28,2026-09-30,C,780.0,2029,373,0.2617261328125,0.01,0.0,0.01
QQQ,2026-09-28,2026-09-30,C,781.0,178,240,0.26563234375,0.01,0.0,0.01
QQQ,2026-09-28,2026-09-30,C,782.0,252,544,0.273444765625,0.01,0.0,0.01
QQQ,2026-09-28,2026-09-30,C,783.0,320,294,0.27735097656249996,0.02,0.0,0.01
QQQ,2026-09-28,2026-09-30,C,784.0,149,49,0.28125718749999995,0.01,0.0,0.01
QQQ,2026-09-28,2026-09-30,C,785.0,1170,6,0.2890696093749999,0.01,0.0,0.01
QQQ,2026-09-28,2026-09-30,C,786.0,309,1,0.29688203124999996,0.03,0.0,0.01
QQQ,2026-09-28,2026-09-30,C,787.0,132,50,0.3007882421875,0.01,0.0,0.01
QQQ,2026-09-28,2026-09-30,C,788.0,142,1,0.304694453125,0.04,0.0,0.01
QQQ,2026-09-28,2026-09-30,C,789.0,162,10,0.31250687499999996,0.02,0.0,0.01
QQQ,2026-09-28,2026-09-30,C,790.0,1744,5,0.31641308593749995,0.01,0.0,0.01
QQQ,2026-09-28,2026-09-30,C,791.0,159,1,0.32031929687499994,0.07,0.0,0.01
QQQ,2026-09-28,2026-09-30,C,792.0,168,20,0.32813171874999997,0.03,0.0,0.01
QQQ,2026-09-28,2026-09-30,C,793.0,67,3,0.3320379296875,0.02,0.0,0.01
QQQ,2026-09-28,2026-09-30,C,794.0,225,1,0.335944140625,0.02,0.0,0.01
QQQ,2026-09-28,2026-09-30,C,795.0,467,3,0.3437565625,0.01,0.0,0.01
QQQ,2026-09-28,2026-09-30,C,796.0,163,10,0.34766277343749996,0.02,0.0,0.01
QQQ,2026-09-28,2026-09-30,C,797.0,83,1,0.35156898437499995,0.01,0.0,0.01
QQQ,2026-09-28,2026-09-30,C,798.0,186,15,0.35938140625,0.02,0.0,0.01
QQQ,2026-09-28,2026-09-30,C,799.0,284,7,0.3632876171875,0.01,0.0,0.01
QQQ,2026-09-28,2026-09-30,C,800.0,4876,23,0.367193828125,0.01,0.0,0.01
QQQ,2026-09-28,2026-09-30,C,801.0,102,40,0.37500625,0.01,0.0,0.01
QQQ,2026-09-28,2026-09-30,C,802.0,181,67,0.3789124609375,0.01,0.0,0.01
QQQ,2026-09-28,2026-09-30,C,803.0,123,81,0.38281867187499996,0.01,0.0,0.01
QQQ,2026-09-28,2026-09-30,C,804.0,210,660,0.39063109375,0.01,0.0,0.01
QQQ,2026-09-28,2026-09-30,C,805.0,501,63,0.39453730468750003,0.05,0.0,0.01
QQQ,2026-09-28,2026-09-30,C,806.0,69,16,0.398443515625,0.05,0.0,0.01
QQQ,2026-09-28,2026-09-30,C,807.0,139,320,0.4062559375,0.06,0.0,0.01
QQQ,2026-09-28,2026-09-30,C,808.0,33,760,0.4101621484375,0.02,0.0,0.01
QQQ,2026-09-28,2026-09-30,C,809.0,1239,800,0.414068359375,0.02,0.0,0.01
QQQ,2026-09-28,2026-09-30,C,810.0,981,5,0.42188078125,0.02,0.0,0.01
QQQ,2026-09-28,2026-09-30,C,811.0,290,4,0.42188078125,0.01,0.0,0.01
QQQ,2026-09-28,2026-09-30,C,812.0,50,5,0.42969320312500003,0.01,0.0,0.01
QQQ,2026-09-28,2026-09-30,C,813.0,1327,2,0.437505625,0.01,0.0,0.01
QQQ,2026-09-28,2026-09-30,C,814.0,1845,10,0.437505625,0.02,0.0,0.01
QQQ,2026-09-28,2026-09-30,C,815.0,851,20,0.445318046875,0.02,0.0,0.01
QQQ,2026-09-28,2026-09-30,C,816.0,1402,11,0.45313046875,0.01,0.0,0.01
QQQ,2026-09-28,2026-09-30,C,817.0,52,100,0.45313046875,0.01,0.0,0.01
QQQ,2026-09-28,2026-09-30,C,818.0,77,720,0.46094289062500005,0.03,0.0,0.01
QQQ,2026-09-28,2026-09-30,C,819.0,83,65,0.4687553125,0.04,0.0,0.01
QQQ,2026-09-28,2026-09-30,C,820.0,6351,1,0.4687553125,0.01,0.0,0.01
QQQ,2026-09-28,2026-09-30,C,821.0,9,3,0.476567734375,0.01,0.0,0.01
QQQ,2026-09-28,2026-09-30,C,822.0,0,1,0.2500075,0.27,0.0,0.0
QQQ,2026-09-28,2026-09-30,C,823.0,103,80,0.48438015625,0.01,0.0,0.01
QQQ,2026-09-28,2026-09-30,C,824.0,52,80,0.49219257812500006,0.02,0.0,0.01
QQQ,2026-09-28,2026-09-30,C,825.0,1247,777,0.49219257812500006,0.03,0.0,0.01
QQQ,2026-09-28,2026-09-30,C,826.0,2084,1459,0.500005,0.03,0.0,0.01
QQQ,2026-09-28,2026-09-30,C,827.0,739,3,0.507817421875,0.01,0.0,0.01
QQQ,2026-09-28,2026-09-30,C,828.0,327,280,0.507817421875,0.02,0.0,0.01
QQQ,2026-09-28,2026-09-30,C,829.0,68,15,0.51562984375,0.04,0.0,0.01
QQQ,2026-09-28,2026-09-30,C,830.0,914,3,0.51562984375,0.01,0.0,0.01
QQQ,2026-09-28,2026-09-30,C,831.0,58,1,0.500005,0.01,0.0,0.01
QQQ,2026-09-28,2026-09-30,C,832.0,3,1,0.500005,0.01,0.0,0.01
QQQ,2026-09-28,2026-09-30,C,833.0,39,1,0.500005,0.01,0.0,0.01
QQQ,2026-09-28,2026-09-30,C,834.0,0,1,0.2500075,0.16,0.0,0.0
QQQ,2026-09-28,2026-09-30,C,835.0,163,6,0.51562984375,0.01,0.0,0.01
QQQ,2026-09-28,2026-09-30,C,836.0,83,20,0.51562984375,0.01,0.0,0.01
QQQ,2026-09-28,2026-09-30,C,837.0,296,200,0.5312546875,0.02,0.0,0.01
QQQ,2026-09-28,2026-09-30,C,838.0,187,3,0.5312546875,0.02,0.0,0.01
QQQ,2026-09-28,2026-09-30,C,839.0,516,1,0.5312546875,0.02,0.0,0.01
QQQ,2026-09-28,2026-09-30,C,840.0,499,62,0.5312546875,0.01,0.0,0.01
QQQ,2026-09-28,2026-09-30,C,841.0,173,160,0.5468795312500001,0.04,0.0,0.01
QQQ,2026-09-28,2026-09-30,C,842.0,56,1,0.5468795312500001,0.01,0.0,0.01
QQQ,2026-09-28,2026-09-30,C,843.0,666,2,0.5468795312500001,0.03,0.0,0.01
QQQ,2026-09-28,2026-09-30,C,844.0,78,20,0.5625043750000001,0.01,0.0,0.01
QQQ,2026-09-28,2026-09-30,C,845.0,991,65,0.5625043750000001,0.01,0.0,0.01
QQQ,2026-09-28,2026-09-30,C,846.0,0,1,0.500005,0.19,0.0,0.0
QQQ,2026-09-28,2026-09-30,C,847.0,11,20,0.5625043750000001,0.01,0.0,0.01
QQQ,2026-09-28,2026-09-30,C,848.0,0,1,0.500005,0.11,0.0,0.0
QQQ,2026-09-28,2026-09-30,C,849.0,74,21,0.57812921875,0.03,0.0,0.01
QQQ,2026-09-28,2026-09-30,C,850.0,1819,50,0.57812921875,0.01,0.0,0.01
QQQ,2026-09-28,2026-09-30,C,851.0,48,15,0.5937540625000001,0.02,0.0,0.01
QQQ,2026-09-28,2026-09-30,C,852.0,38,35,0.5937540625000001,0.02,0.0,0.01
QQQ,2026-09-28,2026-09-30,C,853.0,6,20,0.5937540625000001,0.01,0.0,0.01
QQQ,2026-09-28,2026-09-30,C,854.0,0,1,0.500005,0.13,0.0,0.0
QQQ,2026-09-28,2026-09-30,C,855.0,180,1,0.6093789062500001,0.02,0.0,0.01
QQQ,2026-09-28,2026-09-30,C,856.0,31,2,0.6093789062500001,0.02,0.0,0.01
QQQ,2026-09-28,2026-09-30,C,857.0,75,10,0.6093789062500001,0.03,0.0,0.01
QQQ,2026-09-28,2026-09-30,C,858.0,35,0,0.6953155468750001,0.18,0.0,0.04
QQQ,2026-09-28,2026-09-30,C,859.0,11,10,0.6953155468750001,0.19,0.0,0.04
QQQ,2026-09-28,2026-09-30,C,860.0,401,5,0.6250037500000001,0.01,0.0,0.01
QQQ,2026-09-28,2026-09-30,C,861.0,19,12,0.6250037500000001,0.03,0.0,0.01
QQQ,2026-09-28,2026-09-30,C,862.0,19,2,0.64062859375,0.01,0.0,0.01
QQQ,2026-09-28,2026-09-30,C,863.0,39,16,0.6953155468750001,0.35,0.0,0.03
QQQ,2026-09-28,2026-09-30,C,864.0,11,10,0.70312796875,0.73,0.0,0.03
QQQ,2026-09-28,2026-09-30,C,865.0,104,10,0.6562534375000001,0.01,0.0,0.01
QQQ,2026-09-28,2026-09-30,C,870.0,196,1,0.6718782812500002,0.02,0.0,0.01
QQQ,2026-09-28,2026-09-30,C,875.0,210,100,0.6875031250000001,0.01,0.0,0.01
QQQ,2026-09-28,2026-09-30,C,880.0,280,100,0.7187528125,0.01,0.0,0.01
QQQ,2026-09-28,2026-09-30,C,885.0,517,21,0.73437765625,0.01,0.0,0.01
QQQ,2026-09-28,2026-09-30,C,890.0,216,2,0.7500025,0.01,0.0,0.01
QQQ,2026-09-28,2026-09-30,C,895.0,0,5,0.500005,0.12,0.0,0.0
QQQ,2026-09-28,2026-09-30,C,900.0,625,200,0.79687703125,0.01,0.0,0.01
QQQ,2026-09-28,2026-09-30,C,905.0,25,1,0.8125018749999999,0.01,0.0,0.01
QQQ,2026-09-28,2026-09-30,C,910.0,0,1,0.500005,0.09,0.0,0.0
QQQ,2026-09-28,2026-09-30,C,915.0,43,1,0.9062509375,0.53,0.0,0.02
QQQ,2026-09-28,2026-09-30,C,920.0,225,40,0.87500125,0.01,0.0,0.01
QQQ,2026-09-28,2026-09-30,C,925.0,69,1,0.945313046875,0.35,0.0,0.02
QQQ,2026-09-28,2026-09-30,C,930.0,78,1,0.9062509375,0.01,0.0,0.01
QQQ,2026-09-28,2026-09-30,C,935.0,0,13,0.500005,0.06,0.0,0.0
QQQ,2026-09-28,2026-09-30,C,940.0,0,1,0.500005,0.03,0.0,0.0
QQQ,2026-09-28,2026-09-30,C,945.0,141,1,0.9687503125,0.01,0.0,0.01
QQQ,2026-09-28,2026-09-30,C,950.0,8123,1,0.98437515625,0.01,0.0,0.01
QQQ,2026-09-28,2026-09-30,P,405.0,6534,673,2.3125042187499996,0.01,0.0,0.01
QQQ,2026-09-28,2026-09-30,P,410.0,2579,486,2.2500043749999996,0.01,0.0,0.01
QQQ,2026-09-28,2026-09-30,P,415.0,1068,83,2.1875045312499997,0.01,0.0,0.01
QQQ,2026-09-28,2026-09-30,P,420.0,2118,88,2.1875045312499997,0.01,0.0,0.01
QQQ,2026-09-28,2026-09-30,P,425.0,4770,81,2.1250046874999997,0.01,0.0,0.01
QQQ,2026-09-28,2026-09-30,P,430.0,800,130,2.0625048437499998,0.01,0.0,0.01
QQQ,2026-09-28,2026-09-30,P,435.0,368,3,2.0625048437499998,0.01,0.0,0.01
QQQ,2026-09-28,2026-09-30,P,440.0,681,124,2.000005,0.01,0.0,0.01
QQQ,2026-09-28,2026-09-30,P,445.0,813,351,1.9375003125,0.01,0.0,0.01
QQQ,2026-09-28,2026-09-30,P,450.0,1307,2,1.9375003125,0.01,0.0,0.01
QQQ,2026-09-28,2026-09-30,P,455.0,621,98,1.875000625,0.01,0.0,0.01
QQQ,2026-09-28,2026-09-30,P,460.0,659,70,1.8125009374999999,0.01,0.0,0.01
QQQ,2026-09-28,2026-09-30,P,465.0,600,90,1.8125009374999999,0.01,0.0,0.01
QQQ,2026-09-28,2026-09-30,P,470.0,1261,2,1.75000125,0.01,0.0,0.01
QQQ,2026-09-28,2026-09-30,P,475.0,790,2,1.71875140625,0.01,0.0,0.01
QQQ,2026-09-28,2026-09-30,P,480.0,1522,106,1.6875015625,0.01,0.0,0.01
QQQ,2026-09-28,2026-09-30,P,485.0,496,101,1.625001875,0.01,0.0,0.01
QQQ,2026-09-28,2026-09-30,P,490.0,561,49,1.5937520312499998,0.01,0.0,0.01
QQQ,2026-09-28,2026-09-30,P,495.0,705,116,1.5625021874999998,0.01,0.0,0.01
QQQ,2026-09-28,2026-09-30,P,500.0,3247,158,1.5312523437499999,0.01,0.0,0.01
QQQ,2026-09-28,2026-09-30,P,505.0,763,340,1.5000025,0.01,0.0,0.01
QQQ,2026-09-28,2026-09-30,P,510.0,10279,9726,1.4375028125,0.01,0.0,0.01
QQQ,2026-09-28,2026-09-30,P,515.0,649,452,1.4375028125,0.01,0.0,0.01
QQQ,2026-09-28,2026-09-30,P,520.0,18127,1,1.3750031249999999,0.01,0.0,0.01
QQQ,2026-09-28,2026-09-30,P,525.0,706,6,1.3437532812499997,0.02,0.0,0.01
QQQ,2026-09-28,2026-09-30,P,530.0,2208,440,1.3125034374999998,0.01,0.0,0.01
QQQ,2026-09-28,2026-09-30,P,535.0,788,10,1.2812535937499998,0.01,0.0,0.01
QQQ,2026-09-28,2026-09-30,P,540.0,4184,24,1.2500037499999999,0.01,0.0,0.01
QQQ,2026-09-28,2026-09-30,P,545.0,1105,7,1.21875390625,0.01,0.0,0.01
QQQ,2026-09-28,2026-09-30,P,550.0,1843,108,1.1875040625,0.01,0.0,0.01
QQQ,2026-09-28,2026-09-30,P,555.0,5680,246,1.125004375,0.01,0.0,0.01
QQQ,2026-09-28,2026-09-30,P,560.0,658,2,1.09375453125,0.01,0.0,0.01
QQQ,2026-09-28,2026-09-30,P,565.0,2617,1,1.0625046875000002,0.01,0.0,0.01
QQQ,2026-09-28,2026-09-30,P,570.0,1540,197,1.0312548437500002,0.02,0.0,0.01
QQQ,2026-09-28,2026-09-30,P,575.0,5887,1,1.000005,0.01,0.0,0.01
QQQ,2026-09-28,2026-09-30,P,580.0,1342,18,0.9687503125,0.01,0.0,0.01
QQQ,2026-09-28,2026-09-30,P,585.0,1010,103,0.937500625,0.01,0.0,0.01
QQQ,2026-09-28,2026-09-30,P,590.0,1294,150,0.9062509375,0.01,0.0,0.01
QQQ,2026-09-28,2026-09-30,P,595.0,496,948,0.92187578125,0.01,0.0,0.02
QQQ,2026-09-28,2026-09-30,P,600.0,16057,12,0.8437515624999999,0.01,0.0,0.01
QQQ,2026-09-28,2026-09-30,P,605.0,1579,780,0.8125018749999999,0.01,0.0,0.01
QQQ,2026-09-28,2026-09-30,P,610.0,4816,58,0.851563984375,0.01,0.01,0.02
QQQ,2026-09-28,2026-09-30,P,615.0,772,705,0.8203142968749999,0.01,0.01,0.02
QQQ,2026-09-28,2026-09-30,P,620.0,2403,784,0.789064609375,0.01,0.01,0.02
QQQ,2026-09-28,2026-09-30,P,625.0,2080,143,0.7500025,0.01,0.01,0.02
QQQ,2026-09-28,2026-09-30,P,630.0,1625,10,0.7187528125,0.02,0.01,0.02
QQQ,2026-09-28,2026-09-30,P,635.0,1373,5,0.6875031250000001,0.01,0.01,0.02
QQQ,2026-09-28,2026-09-30,P,640.0,7667,22,0.6562534375000001,0.01,0.01,0.02
QQQ,2026-09-28,2026-09-30,P,645.0,1610,215,0.6210975390625001,0.03,0.01,0.02
QQQ,2026-09-28,2026-09-30,P,650.0,24300,467,0.585941640625,0.01,0.01,0.02
QQQ,2026-09-28,2026-09-30,P,651.0,512,507,0.5820354296875,0.02,0.01,0.02
QQQ,2026-09-28,2026-09-30,P,652.0,160,180,0.57812921875,0.01,0.01,0.02
QQQ,2026-09-28,2026-09-30,P,653.0,134,198,0.570316796875,0.01,0.01,0.02
QQQ,2026-09-28,2026-09-30,P,654.0,221,295,0.5625043750000001,0.01,0.01,0.02
QQQ,2026-09-28,2026-09-30,P,655.0,1932,496,0.5546919531250001,0.02,0.01,0.02
QQQ,2026-09-28,2026-09-30,P,656.0,253,672,0.5468795312500001,0.01,0.01,0.02
QQQ,2026-09-28,2026-09-30,P,657.0,336,582,0.5429733203125001,0.02,0.01,0.02
QQQ,2026-09-28,2026-09-30,P,658.0,205,300,0.5390671093750001,0.03,0.01,0.02
QQQ,2026-09-28,2026-09-30,P,659.0,141,272,0.5312546875,0.01,0.01,0.02
QQQ,2026-09-28,2026-09-30,P,660.0,8347,817,0.523442265625,0.01,0.01,0.02
QQQ,2026-09-28,2026-09-30,P,661.0,148,738,0.51562984375,0.02,0.01,0.02
QQQ,2026-09-28,2026-09-30,P,662.0,159,81,0.507817421875,0.02,0.01,0.02
QQQ,2026-09-28,2026-09-30,P,663.0,674,2,0.5039112109375,0.01,0.01,0.02
QQQ,2026-09-28,2026-09-30,P,664.0,2277,1122,0.500005,0.02,0.01,0.02
QQQ,2026-09-28,2026-09-30,P,665.0,4896,338,0.5039112109375,0.02,0.01,0.02
QQQ,2026-09-28,2026-09-30,P,666.0,5027,10,0.500005,0.02,0.01,0.02
QQQ,2026-09-28,2026-09-30,P,667.0,1230,52,0.49219257812500006,0.02,0.01,0.02
QQQ,2026-09-28,2026-09-30,P,668.0,436,29,0.48438015625,0.02,0.01,0.02
QQQ,2026-09-28,2026-09-30,P,669.0,485,155,0.476567734375,0.02,0.01,0.02
QQQ,2026-09-28,2026-09-30,P,670.0,3869,531,0.4726615234375,0.02,0.01,0.02
QQQ,2026-09-28,2026-09-30,P,671.0,191,464,0.46484910156250003,0.02,0.01,0.02
QQQ,2026-09-28,2026-09-30,P,672.0,279,70,0.46094289062500005,0.01,0.01,0.02
QQQ,2026-09-28,2026-09-30,P,673.0,124,130,0.45313046875,0.02,0.01,0.02
QQQ,2026-09-28,2026-09-30,P,674.0,158,10,0.445318046875,0.02,0.01,0.02
QQQ,2026-09-28,2026-09-30,P,675.0,10779,2573,0.437505625,0.01,0.01,0.02
QQQ,2026-09-28,2026-09-30,P,676.0,21333,751,0.4335994140625,0.02,0.01,0.02
QQQ,2026-09-28,2026-09-30,P,677.0,1084,472,0.42578699218750005,0.01,0.01,0.02
QQQ,2026-09-28,2026-09-30,P,678.0,160,66,0.41797457031249996,0.02,0.01,0.02
QQQ,2026-09-28,2026-09-30,P,679.0,181,1110,0.414068359375,0.02,0.01,0.02
QQQ,2026-09-28,2026-09-30,P,680.0,17635,1807,0.4062559375,0.02,0.01,0.02
QQQ,2026-09-28,2026-09-30,P,681.0,14366,22,0.41797457031249996,0.06,0.01,0.03
QQQ,2026-09-28,2026-09-30,P,682.0,2026,35,0.4101621484375,0.03,0.01,0.03
QQQ,2026-09-28,2026-09-30,P,683.0,609,208,0.4023497265625,0.02,0.02,0.03
QQQ,2026-09-28,2026-09-30,P,684.0,400,35,0.39649041015625003,0.02,0.02,0.03
QQQ,2026-09-28,2026-09-30,P,685.0,9105,28,0.39063109375,0.02,0.02,0.03
QQQ,2026-09-28,2026-09-30,P,686.0,305,1,0.38281867187499996,0.03,0.02,0.03
QQQ,2026-09-28,2026-09-30,P,687.0,14616,9,0.37500625,0.02,0.02,0.03
QQQ,2026-09-28,2026-09-30,P,688.0,786,3,0.36914693359375,0.05,0.02,0.03
QQQ,2026-09-28,2026-09-30,P,689.0,165,5,0.3632876171875,0.02,0.02,0.03
QQQ,2026-09-28,2026-09-30,P,690.0,24601,311,0.35547519531249994,0.03,0.02,0.03
QQQ,2026-09-28,2026-09-30,P,691.0,765,48,0.34766277343749996,0.03,0.02,0.03
QQQ,2026-09-28,2026-09-30,P,692.0,427,257,0.34180345703125,0.02,0.02,0.03
QQQ,2026-09-28,2026-09-30,P,693.0,616,170,0.335944140625,0.03,0.02,0.03
QQQ,2026-09-28,2026-09-30,P,694.0,696,25,0.32813171874999997,0.03,0.02,0.03
QQQ,2026-09-28,2026-09-30,P,695.0,18612,166,0.32227240234374993,0.04,0.02,0.03
QQQ,2026-09-28,2026-09-30,P,696.0,2913,20,0.31445998046874996,0.03,0.02,0.03
QQQ,2026-09-28,2026-09-30,P,697.0,478,21,0.3086006640625,0.03,0.02,0.03
QQQ,2026-09-28,2026-09-30,P,698.0,1066,196,0.3007882421875,0.03,0.02,0.03
QQQ,2026-09-28,2026-09-30,P,699.0,820,700,0.29492892578124996,0.03,0.02,0.03
QQQ,2026-09-28,2026-09-30,P,700.0,23458,855,0.29688203124999996,0.03,0.03,0.04
QQQ,2026-09-28,2026-09-30,P,701.0,947,393,0.2910227148437499,0.04,0.03,0.04
QQQ,2026-09-28,2026-09-30,P,702.0,909,915,0.28321029296874994,0.04,0.03,0.04
QQQ,2026-09-28,2026-09-30,P,703.0,492,1536,0.27539787109374997,0.03,0.03,0.04
QQQ,2026-09-28,2026-09-30,P,704.0,628,331,0.2695385546875,0.05,0.03,0.04
QQQ,2026-09-28,2026-09-30,P,705.0,22167,944,0.2617261328125,0.03,0.03,0.04
QQQ,2026-09-28,2026-09-30,P,706.0,732,777,0.2617261328125,0.04,0.04,0.05
QQQ,2026-09-28,2026-09-30,P,707.0,1464,989,0.25489026367187506,0.04,0.04,0.05
QQQ,2026-09-28,2026-09-30,P,708.0,509,1018,0.24805439453125,0.06,0.04,0.05
QQQ,2026-09-28,2026-09-30,P,709.0,1957,547,0.2461012890625,0.05,0.05,0.06
QQQ,2026-09-28,2026-09-30,P,710.0,10830,3260,0.23926541992187497,0.05,0.05,0.06
QQQ,2026-09-28,2026-09-30,P,711.0,2056,1306,0.23633576171874998,0.07,0.06,0.07
QQQ,2026-09-28,2026-09-30,P,712.0,1788,1542,0.233406103515625,0.07,0.07,0.08
QQQ,2026-09-28,2026-09-30,P,713.0,1022,890,0.225593681640625,0.08,0.07,0.08
QQQ,2026-09-28,2026-09-30,P,714.0,1885,933,0.22168747070312497,0.09,0.08,0.09
QQQ,2026-09-28,2026-09-30,P,715.0,10588,1596,0.21778125976562498,0.1,0.09,0.1
QQQ,2026-09-28,2026-09-30,P,716.0,3868,1206,0.21289849609375,0.12,0.1,0.11
QQQ,2026-09-28,2026-09-30,P,717.0,1455,5455,0.20752745605468748,0.12,0.11,0.12
QQQ,2026-09-28,2026-09-30,P,718.0,2969,1918,0.20459779785156246,0.13,0.13,0.14
QQQ,2026-09-28,2026-09-30,P,719.0,1219,3465,0.20093572509765623,0.15,0.15,0.16
QQQ,2026-09-28,2026-09-30,P,720.0,45250,26890,0.19654123779296873,0.17,0.17,0.18
QQQ,2026-09-28,2026-09-30,P,721.0,1486,4213,0.19336744140625,0.21,0.2,0.21
QQQ,2026-09-28,2026-09-30,P,722.0,1265,4977,0.18799640136718748,0.24,0.22,0.23
QQQ,2026-09-28,2026-09-30,P,723.0,2272,4878,0.18335777587890623,0.26,0.25,0.26
QQQ,2026-09-28,2026-09-30,P,724.0,2025,5935,0.179695703125,0.31,0.29,0.3
QQQ,2026-09-28,2026-09-30,P,725.0,5739,7169,0.17627776855468752,0.36,0.34,0.35
QQQ,2026-09-28,2026-09-30,P,726.0,1423,7351,0.17505707763671874,0.4,0.42,0.43
QQQ,2026-09-28,2026-09-30,P,727.0,1795,8898,0.1706625903320313,0.48,0.48,0.49
QQQ,2026-09-28,2026-09-30,P,728.0,1272,9312,0.16602396484375004,0.57,0.55,0.56
QQQ,2026-09-28,2026-09-30,P,729.0,1302,7620,0.16297223754882814,0.67,0.65,0.66
QQQ,2026-09-28,2026-09-30,P,730.0,46520,74107,0.1607749938964844,0.79,0.78,0.79
QQQ,2026-09-28,2026-09-30,P,731.0,2129,13263,0.15906602661132813,0.96,0.94,0.95
QQQ,2026-09-28,2026-09-30,P,732.0,2609,13309,0.1557701611328125,1.11,1.1,1.11
QQQ,2026-09-28,2026-09-30,P,733.0,1401,16350,0.15418326293945314,1.33,1.32,1.33
QQQ,2026-09-28,2026-09-30,P,734.0,3409,19463,0.15033808654785158,1.55,1.53,1.54
QQQ,2026-09-28,2026-09-30,P,735.0,7144,37337,0.14881222290039062,1.82,1.82,1.83
QQQ,2026-09-28,2026-09-30,P,736.0,21750,77561,0.1456994610595703,2.13,2.12,2.13
QQQ,2026-09-28,2026-09-30,P,737.0,2443,30949,0.14344118286132812,2.48,2.48,2.49
QQQ,2026-09-28,2026-09-30,P,738.0,1359,25315,0.14301394104003906,2.95,2.93,2.94
QQQ,2026-09-28,2026-09-30,P,739.0,894,14669,0.13843635009765626,3.34,3.34,3.35
QQQ,2026-09-28,2026-09-30,P,740.0,3399,12557,0.13648324462890626,3.95,3.85,3.87
QQQ,2026-09-28,2026-09-30,P,741.0,1004,1910,0.13428600097656251,4.43,4.42,4.44
QQQ,2026-09-28,2026-09-30,P,742.0,455,1462,0.1324549645996094,5.14,5.04,5.07
QQQ,2026-09-28,2026-09-30,P,743.0,773,439,0.13147841186523437,5.8,5.72,5.77
QQQ,2026-09-28,2026-09-30,P,744.0,674,457,0.1256190954589844,6.61,6.38,6.44
QQQ,2026-09-28,2026-09-30,P,745.0,1579,382,0.12525288818359376,7.14,7.17,7.25
QQQ,2026-09-28,2026-09-30,P,746.0,586,261,0.11988184814453123,8.07,7.97,8.04
QQQ,2026-09-28,2026-09-30,P,747.0,616,309,0.11646391357421876,8.85,8.83,8.9
QQQ,2026-09-28,2026-09-30,P,748.0,293,340,0.12867082275390623,9.71,9.56,9.92
QQQ,2026-09-28,2026-09-30,P,749.0,90,105,0.1596763720703125,12.66,10.45,11.12
QQQ,2026-09-28,2026-09-30,P,750.0,500,549,0.16297223754882814,11.6,11.33,12.05
QQQ,2026-09-28,2026-09-30,P,751.0,63,30,0.1638267211914063,14.53,12.25,12.97
QQQ,2026-09-28,2026-09-30,P,752.0,46,79,0.1518639501953125,13.6,13.2,13.82
QQQ,2026-09-28,2026-09-30,P,753.0,36,18,0.16895362304687503,15.11,14.16,14.87
QQQ,2026-09-28,2026-09-30,P,754.0,5,9,0.17090672851562502,16.07,15.1,15.83
QQQ,2026-09-28,2026-09-30,P,755.0,45,132,0.17774259765625,16.4,16.11,16.82
QQQ,2026-09-28,2026-09-30,P,756.0,18,64,0.19190261230468753,18.16,16.91,17.85
QQQ,2026-09-28,2026-09-30,P,757.0,1,16,0.192390888671875,19.04,17.74,18.81
QQQ,2026-09-28,2026-09-30,P,758.0,0,4,0.2124102197265625,20.15,18.93,19.87
QQQ,2026-09-28,2026-09-30,P,759.0,0,8,0.22461712890624996,17.65,19.94,20.89
QQQ,2026-09-28,2026-09-30,P,760.0,1,19,1.0000000000000003e-05,21.3,20.8,21.3
QQQ,2026-09-28,2026-09-30,P,761.0,4,4,0.23584748535156247,23.17,21.78,22.86
QQQ,2026-09-28,2026-09-30,P,762.0,2,10,0.2417068017578125,24.93,22.83,23.85
QQQ,2026-09-28,2026-09-30,P,763.0,0,2,0.2500075,26.52,23.83,24.85
QQQ,2026-09-28,2026-09-30,P,764.0,1,3,0.270515107421875,27.45,24.89,25.91
QQQ,2026-09-28,2026-09-30,P,765.0,1,2,0.2661206201171875,28.43,25.84,26.85
QQQ,2026-09-28,2026-09-30,P,766.0,0,1,0.2739330419921875,32.8,26.83,27.85
QQQ,2026-09-28,2026-09-30,P,767.0,0,2,0.282233740234375,29.12,27.8,28.85
QQQ,2026-09-28,2026-09-30,P,768.0,0,2,0.2876047802734374,26.2,28.83,29.84
QQQ,2026-09-28,2026-09-30,P,769.0,0,1,1.4885889828491208,80.8,48.88,52.44
QQQ,2026-09-28,2026-09-30,P,770.0,0,66,0.3193427441406249,31.01,30.86,31.91
QQQ,2026-09-28,2026-09-30,P,771.0,0,1,0.313483427734375,26.2,31.8,32.85
QQQ,2026-09-28,2026-09-30,P,772.0,0,0,0.31836619140624994,26.52,32.84,33.84
QQQ,2026-09-28,2026-09-30,P,773.0,0,10,0.32617861328125,37.09,33.8,34.84
QQQ,2026-09-28,2026-09-30,P,774.0,0,2,0.33350275878906255,31.61,34.84,35.84
QQQ,2026-09-28,2026-09-30,P,775.0,0,179,0.3413151806640625,33.99,35.75,36.84
QQQ,2026-09-28,2026-09-30,P,776.0,0,1,0.5343064147949219,36.22,35.74,39.13
QQQ,2026-09-28,2026-09-30,P,777.0,0,0,0.5441940112304688,34.5,36.73,40.13
QQQ,2026-09-28,2026-09-30,P,778.0,0,0,0.5540816076660158,36.17,37.75,41.13
QQQ,2026-09-28,2026-09-30,P,779.0,0,2,0.5638471350097658,36.44,38.74,42.13
QQQ,2026-09-28,2026-09-30,P,780.0,0,6,0.5736126623535156,41.57,39.68,43.13
QQQ,2026-09-28,2026-09-30,P,782.0,0,0,2.257267540435791,72.19,74.14,76.63
QQQ,2026-09-28,2026-09-30,P,783.0,0,0,1.0000000000000003e-05,65.98,0.0,0.0
QQQ,2026-09-28,2026-09-30,P,784.0,0,1,2.290775757446289,78.74,76.19,78.66
QQQ,2026-09-28,2026-09-30,P,785.0,0,1,1.0000000000000003e-05,63.85,0.0,0.0
QQQ,2026-09-28,2026-09-30,P,789.0,0,0,2.368412282104491,79.23,81.19,83.66
QQQ,2026-09-28,2026-09-30,P,790.0,5,5,0.6684603466796877,53.5,49.68,53.13
QQQ,2026-09-28,2026-09-30,P,791.0,0,0,0.6777375976562501,82.33,50.74,54.13
QQQ,2026-09-28,2026-09-30,P,792.0,0,1,2.412357484741211,81.94,84.14,86.64
QQQ,2026-09-28,2026-09-30,P,795.0,0,1,1.0000000000000003e-05,64.65,0.0,0.0
QQQ,2026-09-28,2026-09-30,P,797.0,0,1,2.4888343443298337,105.96,89.19,91.66
QQQ,2026-09-28,2026-09-30,P,800.0,1,2,0.7590356127929689,91.0,59.68,63.13
QQQ,2026-09-28,2026-09-30,P,801.0,0,1,0.7680687255859376,84.78,60.68,64.13
QQQ,2026-09-28,2026-09-30,P,805.0,0,2,2.6080357064819335,84.76,97.24,99.73
QQQ,2026-09-28,2026-09-30,P,806.0,0,0,1.0000000000000003e-05,73.51,0.0,0.0
QQQ,2026-09-28,2026-09-30,P,809.0,0,0,2.0611620736694336,144.92,88.78,92.29
QQQ,2026-09-28,2026-09-30,P,810.0,0,4,1.0000000000000003e-05,93.3,0.0,0.0
QQQ,2026-09-28,2026-09-30,P,815.0,0,80,2.7458527447509766,100.1,107.14,109.73
QQQ,2026-09-28,2026-09-30,P,819.0,0,5,1.0000000000000003e-05,101.19,0.0,0.0
QQQ,2026-09-28,2026-09-30,P,820.0,0,12,0.930664755859375,101.78,79.68,83.13
QQQ,2026-09-28,2026-09-30,P,821.0,0,4,0.9389654541015625,102.8,80.68,84.13
QQQ,2026-09-28,2026-09-30,P,822.0,0,0,1.0000000000000003e-05,97.27,0.0,0.0
QQQ,2026-09-28,2026-09-30,P,825.0,0,2,2.8825711529541014,102.58,117.35,119.59
QQQ,2026-09-28,2026-09-30,P,830.0,0,2,2.944216506652832,106.35,122.14,124.64
QQQ,2026-09-28,2026-09-30,P,831.0,0,41,1.0000000000000003e-05,106.27,0.0,0.0
QQQ,2026-09-28,2026-09-30,P,833.0,0,0,1.0000000000000003e-05,109.11,0.0,0.0
QQQ,2026-09-28,2026-09-30,P,835.0,0,106,3.593506875610352,99.4,138.33,142.14
QQQ,2026-09-28,2026-09-30,P,840.0,1,1,1.0915572766113284,132.92,99.68,103.13
QQQ,2026-09-28,2026-09-30,P,841.0,0,1,1.0993697375488285,133.94,100.68,104.13
QQQ,2026-09-28,2026-09-30,P,842.0,0,0,1.0000000000000003e-05,118.11,0.0,0.0
QQQ,2026-09-28,2026-09-30,P,843.0,0,0,1.0000000000000003e-05,118.27,0.0,0.0
QQQ,2026-09-28,2026-09-30,P,845.0,0,1,1.1303754418945315,104.41,104.68,108.13
QQQ,2026-09-28,2026-09-30,P,848.0,0,0,1.0000000000000003e-05,123.27,0.0,0.0
QQQ,2026-09-28,2026-09-30,P,850.0,2,2,1.1689494677734376,105.17,109.68,113.13
QQQ,2026-09-28,2026-09-30,P,851.0,0,2,1.1765177893066405,106.19,110.68,114.13
QQQ,2026-09-28,2026-09-30,P,853.0,0,0,1.0000000000000003e-05,129.11,0.0,0.0
QQQ,2026-09-28,2026-09-30,P,855.0,0,2,3.8946535836791996,118.72,160.05,162.14
QQQ,2026-09-28,2026-09-30,P,860.0,0,8,3.9556885873413083,121.72,164.99,167.14
QQQ,2026-09-28,2026-09-30,P,865.0,0,2,4.021062102584839,128.17,170.14,172.14
QQQ,2026-09-28,2026-09-30,P,890.0,0,0,4.271611105804443,173.9,193.33,197.14
QQQ,2026-09-28,2026-09-30,P,935.0,0,0,3.476441738586426,247.64,215.51,219.14
QQQ,2026-09-28,2026-09-30,P,950.0,0,1,1.853516357421875,230.7,209.68,213.13
QQQ,2026-09-28,2026-10-01,C,610.0,0,0,1.0122119702148438,135.05,127.06,130.52
QQQ,2026-09-28,2026-10-01,C,640.0,30,0,0.7919942675781251,77.28,97.07,100.53
QQQ,2026-09-28,2026-10-01,C,645.0,30,0,0.7622094091796876,72.32,92.12,95.53
QQQ,2026-09-28,2026-10-01,C,650.0,1,1,0.7338893798828124,92.34,87.19,90.53
QQQ,2026-09-28,2026-10-01,C,674.0,3,6,0.5566450585937501,67.51,63.21,66.53
QQQ,2026-09-28,2026-10-01,C,675.0,1,1,0.5410202148437502,62.01,62.1,65.56
QQQ,2026-09-28,2026-10-01,C,679.0,1,0,0.5073291455078125,62.22,58.11,61.51
QQQ,2026-09-28,2026-10-01,C,680.0,1,1,0.50586431640625,62.85,57.11,60.57
QQQ,2026-09-28,2026-10-01,C,684.0,9,6,0.6757844921875001,57.52,53.12,56.58
QQQ,2026-09-28,2026-10-01,C,687.0,5,5,0.6473423937988281,51.34,50.12,53.58
QQQ,2026-09-28,2026-10-01,C,689.0,5,5,0.6234168518066407,49.37,48.13,51.52
QQQ,2026-09-28,2026-10-01,C,690.0,2,2,0.6195106408691409,48.02,47.13,50.59
QQQ,2026-09-28,2026-10-01,C,691.0,8,1,0.6107216662597659,47.46,46.13,49.6
QQQ,2026-09-28,2026-10-01,C,695.0,19,20,0.5721478332519532,51.3,42.14,45.6
QQQ,2026-09-28,2026-10-01,C,697.0,1,0,0.549076774902344,41.85,40.15,43.55
QQQ,2026-09-28,2026-10-01,C,700.0,2,0,0.5219774365234374,19.22,37.28,40.58
QQQ,2026-09-28,2026-10-01,C,702.0,6,0,0.503056727294922,39.96,35.29,38.59
QQQ,2026-09-28,2026-10-01,C,703.0,10,0,0.39893179199218753,38.84,35.56,36.42
QQQ,2026-09-28,2026-10-01,C,704.0,28,0,0.3825745336914062,34.61,34.58,35.34
QQQ,2026-09-28,2026-10-01,C,705.0,6,1,0.37964487548828124,35.81,33.64,34.4
QQQ,2026-09-28,2026-10-01,C,706.0,6,6,0.37183245361328127,36.1,32.66,33.41
QQQ,2026-09-28,2026-10-01,C,708.0,0,1,0.35596347167968745,30.85,30.69,31.43
QQQ,2026-09-28,2026-10-01,C,709.0,2,0,0.43836010864257813,36.65,29.64,31.67
QQQ,2026-09-28,2026-10-01,C,710.0,33,16,0.33814138427734375,28.3,28.77,29.43
QQQ,2026-09-28,2026-10-01,C,711.0,0,1,0.33521172607421873,21.63,27.68,28.5
QQQ,2026-09-28,2026-10-01,C,712.0,1,1,0.3194648132324218,31.15,26.7,27.42
QQQ,2026-09-28,2026-10-01,C,713.0,3,17,0.3200751586914062,25.1,25.79,26.54
QQQ,2026-09-28,2026-10-01,C,714.0,0,12,0.3045723840332031,25.0,24.76,25.46
QQQ,2026-09-28,2026-10-01,C,715.0,216,16,0.3023751403808594,24.43,23.85,24.55
QQQ,2026-09-28,2026-10-01,C,716.0,26,6,0.2981027221679687,28.62,22.91,23.62
QQQ,2026-09-28,2026-10-01,C,717.0,107,3,0.29077857666015616,26.1,21.96,22.65
QQQ,2026-09-28,2026-10-01,C,718.0,68,5,0.27197993652343744,21.75,21.01,21.52
QQQ,2026-09-28,2026-10-01,C,719.0,60,8,0.2652661364746094,19.0,20.06,20.56
QQQ,2026-09-28,2026-10-01,C,720.0,354,31,0.2644116528320312,18.84,19.13,19.69
QQQ,2026-09-28,2026-10-01,C,721.0,27,9,0.25830819824218754,17.85,18.2,18.75
QQQ,2026-09-28,2026-10-01,C,722.0,58,61,0.25135026000976557,17.51,17.27,17.8
QQQ,2026-09-28,2026-10-01,C,723.0,40,7,0.24646749633789064,14.99,16.36,16.89
QQQ,2026-09-28,2026-10-01,C,724.0,40,5,0.23670196899414062,15.58,15.46,15.9
QQQ,2026-09-28,2026-10-01,C,725.0,1217,61,0.23603058898925777,12.85,14.57,15.08
QQQ,2026-09-28,2026-10-01,C,726.0,62,26,0.22718057983398435,11.97,13.69,14.12
QQQ,2026-09-28,2026-10-01,C,727.0,153,75,0.2222367816162109,11.61,12.84,13.24
QQQ,2026-09-28,2026-10-01,C,728.0,91,119,0.2186357434082031,12.0,11.99,12.4
QQQ,2026-09-28,2026-10-01,C,729.0,392,56,0.21436332519531248,11.17,11.17,11.56
QQQ,2026-09-28,2026-10-01,C,730.0,1910,177,0.21125056335449216,10.38,10.35,10.76
QQQ,2026-09-28,2026-10-01,C,731.0,232,14,0.20771055969238278,7.77,9.57,9.97
QQQ,2026-09-28,2026-10-01,C,732.0,661,238,0.20508607421874997,9.04,8.83,9.22
QQQ,2026-09-28,2026-10-01,C,733.0,315,222,0.20111882873535153,8.0,8.38,8.46
QQQ,2026-09-28,2026-10-01,C,734.0,331,327,0.19788399780273438,7.56,7.68,7.74
QQQ,2026-09-28,2026-10-01,C,735.0,1006,968,0.19519847778320312,6.86,7.0,7.06
QQQ,2026-09-28,2026-10-01,C,736.0,1425,1963,0.19312330322265625,6.24,6.36,6.42
QQQ,2026-09-28,2026-10-01,C,737.0,582,5020,0.18872881591796875,5.75,5.71,5.75
QQQ,2026-09-28,2026-10-01,C,738.0,737,6073,0.1862263995361328,5.21,5.13,5.16
QQQ,2026-09-28,2026-10-01,C,739.0,835,4474,0.1863484686279297,4.65,4.64,4.67
QQQ,2026-09-28,2026-10-01,C,740.0,6224,12055,0.1848226049804687,4.21,4.16,4.17
QQQ,2026-09-28,2026-10-01,C,741.0,496,3090,0.1828694995117187,3.71,3.67,3.69
QQQ,2026-09-28,2026-10-01,C,742.0,354,3452,0.17920742675781248,3.27,3.19,3.2
QQQ,2026-09-28,2026-10-01,C,743.0,331,2167,0.18091639404296872,2.92,2.87,2.88
QQQ,2026-09-28,2026-10-01,C,744.0,275,1975,0.17945156494140624,2.52,2.48,2.51
QQQ,2026-09-28,2026-10-01,C,745.0,1050,4898,0.1782308740234375,2.21,2.17,2.18
QQQ,2026-09-28,2026-10-01,C,746.0,1098,2455,0.17749845947265624,1.9,1.88,1.89
QQQ,2026-09-28,2026-10-01,C,747.0,1719,11840,0.17432466308593753,1.62,1.57,1.58
QQQ,2026-09-28,2026-10-01,C,748.0,800,3785,0.17420259399414065,1.4,1.35,1.36
QQQ,2026-09-28,2026-10-01,C,749.0,256,8757,0.17432466308593753,1.18,1.16,1.17
QQQ,2026-09-28,2026-10-01,C,750.0,1324,5207,0.17432466308593753,0.99,0.99,1.0
QQQ,2026-09-28,2026-10-01,C,751.0,1030,1292,0.17359224853515626,0.83,0.83,0.84
QQQ,2026-09-28,2026-10-01,C,752.0,461,1153,0.17432466308593753,0.7,0.7,0.72
QQQ,2026-09-28,2026-10-01,C,753.0,711,2942,0.17212741943359378,0.59,0.57,0.58
QQQ,2026-09-28,2026-10-01,C,754.0,420,775,0.1726156958007813,0.48,0.48,0.49
QQQ,2026-09-28,2026-10-01,C,755.0,1768,839,0.17383638671875,0.39,0.41,0.42
QQQ,2026-09-28,2026-10-01,C,756.0,1174,1075,0.17188328125000002,0.33,0.32,0.33
QQQ,2026-09-28,2026-10-01,C,757.0,275,6756,0.17310397216796874,0.27,0.27,0.28
QQQ,2026-09-28,2026-10-01,C,758.0,303,4633,0.17456880126953128,0.22,0.23,0.24
QQQ,2026-09-28,2026-10-01,C,759.0,801,346,0.17359224853515626,0.19,0.18,0.19
QQQ,2026-09-28,2026-10-01,C,760.0,2004,1240,0.174812939453125,0.15,0.14,0.16
QQQ,2026-09-28,2026-10-01,C,761.0,665,113,0.174812939453125,0.13,0.12,0.13
QQQ,2026-09-28,2026-10-01,C,762.0,297,37,0.17627776855468752,0.11,0.1,0.11
QQQ,2026-09-28,2026-10-01,C,763.0,760,137,0.176766044921875,0.09,0.08,0.09
QQQ,2026-09-28,2026-10-01,C,764.0,2738,225,0.179695703125,0.05,0.06,0.08
QQQ,2026-09-28,2026-10-01,C,765.0,500,149,0.18164880859375,0.05,0.05,0.07
QQQ,2026-09-28,2026-10-01,C,766.0,585,91,0.18360191406249998,0.05,0.04,0.06
QQQ,2026-09-28,2026-10-01,C,767.0,209,39,0.18457846679687498,0.05,0.04,0.05
QQQ,2026-09-28,2026-10-01,C,768.0,101,1,0.18457846679687498,0.03,0.03,0.04
QQQ,2026-09-28,2026-10-01,C,769.0,395,20,0.19043778320312502,0.06,0.03,0.04
QQQ,2026-09-28,2026-10-01,C,770.0,690,89,0.195320546875,0.02,0.02,0.04
QQQ,2026-09-28,2026-10-01,C,771.0,171,111,0.19336744140625,0.03,0.02,0.03
QQQ,2026-09-28,2026-10-01,C,772.0,66,65,0.1992267578125,0.02,0.02,0.03
QQQ,2026-09-28,2026-10-01,C,773.0,107,104,0.20410952148437497,0.02,0.01,0.03
QQQ,2026-09-28,2026-10-01,C,774.0,183,164,0.20899228515624996,0.02,0.01,0.03
QQQ,2026-09-28,2026-10-01,C,775.0,255,103,0.20508607421874997,0.02,0.01,0.02
QQQ,2026-09-28,2026-10-01,C,780.0,516,707,0.22852333984375,0.02,0.01,0.02
QQQ,2026-09-28,2026-10-01,C,785.0,408,14,0.25196060546875,0.02,0.01,0.02
QQQ,2026-09-28,2026-10-01,C,790.0,527,102,0.27539787109374997,0.02,0.01,0.02
QQQ,2026-09-28,2026-10-01,C,795.0,23,14,0.29883513671874995,0.02,0.0,0.02
QQQ,2026-09-28,2026-10-01,C,800.0,2048,1576,0.32031929687499994,0.02,0.0,0.02
QQQ,2026-09-28,2026-10-01,C,805.0,374,200,0.3437565625,0.01,0.0,0.02
QQQ,2026-09-28,2026-10-01,C,810.0,406,2182,0.367193828125,0.01,0.0,0.02
QQQ,2026-09-28,2026-10-01,C,815.0,226,2196,0.38672488281249995,0.01,0.0,0.02
QQQ,2026-09-28,2026-10-01,C,820.0,308,2152,0.4101621484375,0.01,0.0,0.02
QQQ,2026-09-28,2026-10-01,C,825.0,340,2134,0.4062559375,0.01,0.0,0.01
QQQ,2026-09-28,2026-10-01,C,830.0,248,1938,0.42188078125,0.01,0.0,0.01
QQQ,2026-09-28,2026-10-01,C,835.0,178,1594,0.445318046875,0.02,0.0,0.01
QQQ,2026-09-28,2026-10-01,C,840.0,176,1862,0.46094289062500005,0.01,0.0,0.01
QQQ,2026-09-28,2026-10-01,C,845.0,191,2040,0.48438015625,0.01,0.0,0.01
QQQ,2026-09-28,2026-10-01,C,850.0,162,19,0.500005,0.01,0.0,0.01
QQQ,2026-09-28,2026-10-01,C,855.0,45,0,0.500005,0.04,0.0,0.01
QQQ,2026-09-28,2026-10-01,C,860.0,81,0,0.51562984375,0.01,0.0,0.01
QQQ,2026-09-28,2026-10-01,C,865.0,28,0,0.5312546875,0.02,0.0,0.01
QQQ,2026-09-28,2026-10-01,C,870.0,108,0,0.5468795312500001,0.04,0.0,0.01
QQQ,2026-09-28,2026-10-01,C,875.0,130,0,0.5625043750000001,0.01,0.0,0.01
QQQ,2026-09-28,2026-10-01,C,880.0,102,0,0.57812921875,0.01,0.0,0.01
QQQ,2026-09-28,2026-10-01,C,885.0,74,0,0.5937540625000001,0.02,0.0,0.01
QQQ,2026-09-28,2026-10-01,C,890.0,45,0,0.6250037500000001,0.01,0.0,0.01
QQQ,2026-09-28,2026-10-01,C,895.0,45,0,0.6250037500000001,0.02,0.0,0.01
QQQ,2026-09-28,2026-10-01,C,900.0,4,1,0.6562534375000001,0.01,0.0,0.01
QQQ,2026-09-28,2026-10-01,P,500.0,129,37,1.3125034374999998,0.02,0.0,0.02
QQQ,2026-09-28,2026-10-01,P,505.0,43,102,1.2812535937499998,0.01,0.0,0.02
QQQ,2026-09-28,2026-10-01,P,510.0,101,10,1.2500037499999999,0.01,0.0,0.02
QQQ,2026-09-28,2026-10-01,P,515.0,235,400,1.21875390625,0.01,0.0,0.02
QQQ,2026-09-28,2026-10-01,P,520.0,371,72,1.125004375,0.01,0.0,0.01
QQQ,2026-09-28,2026-10-01,P,525.0,202,258,1.09375453125,0.01,0.0,0.01
QQQ,2026-09-28,2026-10-01,P,530.0,460,250,1.1640666796875,0.01,0.01,0.02
QQQ,2026-09-28,2026-10-01,P,535.0,409,203,1.1328168359375002,0.01,0.01,0.02
QQQ,2026-09-28,2026-10-01,P,540.0,409,506,1.000005,0.01,0.0,0.01
QQQ,2026-09-28,2026-10-01,P,545.0,296,317,1.0703171484375003,0.01,0.01,0.02
QQQ,2026-09-28,2026-10-01,P,550.0,345,13,0.9687503125,0.01,0.0,0.01
QQQ,2026-09-28,2026-10-01,P,555.0,478,245,0.937500625,0.01,0.0,0.01
QQQ,2026-09-28,2026-10-01,P,560.0,961,268,0.98437515625,0.02,0.01,0.02
QQQ,2026-09-28,2026-10-01,P,565.0,127,2326,0.9531254687499999,0.01,0.01,0.02
QQQ,2026-09-28,2026-10-01,P,570.0,119,2160,0.92187578125,0.01,0.01,0.02
QQQ,2026-09-28,2026-10-01,P,575.0,131,2058,0.8906260937499999,0.02,0.01,0.02
QQQ,2026-09-28,2026-10-01,P,580.0,228,2156,0.867188828125,0.01,0.01,0.02
QQQ,2026-09-28,2026-10-01,P,585.0,322,2548,0.8359391406249999,0.01,0.01,0.02
QQQ,2026-09-28,2026-10-01,P,590.0,294,1846,0.8125018749999999,0.01,0.01,0.02
QQQ,2026-09-28,2026-10-01,P,595.0,369,2156,0.7812521875,0.01,0.01,0.02
QQQ,2026-09-28,2026-10-01,P,600.0,197,2553,0.7500025,0.01,0.01,0.02
QQQ,2026-09-28,2026-10-01,P,605.0,105,2396,0.726565234375,0.01,0.01,0.02
QQQ,2026-09-28,2026-10-01,P,610.0,98,2166,0.6953155468750001,0.02,0.01,0.02
QQQ,2026-09-28,2026-10-01,P,615.0,137,1862,0.6718782812500002,0.01,0.01,0.02
QQQ,2026-09-28,2026-10-01,P,620.0,38,980,0.6562534375000001,0.01,0.01,0.03
QQQ,2026-09-28,2026-10-01,P,625.0,78,1706,0.632816171875,0.02,0.01,0.03
QQQ,2026-09-28,2026-10-01,P,630.0,248,81,0.6015664843750002,0.02,0.01,0.03
QQQ,2026-09-28,2026-10-01,P,635.0,75,320,0.57812921875,0.02,0.01,0.03
QQQ,2026-09-28,2026-10-01,P,640.0,144,79,0.5312546875,0.02,0.01,0.02
QQQ,2026-09-28,2026-10-01,P,645.0,15,2,0.5195360546875,0.02,0.01,0.03
QQQ,2026-09-28,2026-10-01,P,650.0,124,4,0.5117236328125,0.03,0.01,0.03
QQQ,2026-09-28,2026-10-01,P,655.0,181,301,0.48438015625,0.02,0.02,0.03
QQQ,2026-09-28,2026-10-01,P,660.0,8807,13,0.45703667968750006,0.03,0.02,0.03
QQQ,2026-09-28,2026-10-01,P,665.0,143,22,0.42969320312500003,0.03,0.02,0.03
QQQ,2026-09-28,2026-10-01,P,666.0,114,114,0.437505625,0.07,0.02,0.04
QQQ,2026-09-28,2026-10-01,P,667.0,78,58,0.43164630859375,0.07,0.02,0.04
QQQ,2026-09-28,2026-10-01,P,668.0,53,37,0.42578699218750005,0.09,0.02,0.04
QQQ,2026-09-28,2026-10-01,P,669.0,45,6,0.41992767578125,0.06,0.02,0.04
QQQ,2026-09-28,2026-10-01,P,670.0,96,18,0.414068359375,0.03,0.02,0.04
QQQ,2026-09-28,2026-10-01,P,671.0,228,4,0.40820904296875,0.03,0.02,0.04
QQQ,2026-09-28,2026-10-01,P,672.0,388,424,0.4023497265625,0.08,0.02,0.04
QQQ,2026-09-28,2026-10-01,P,673.0,116,11,0.39649041015625003,0.04,0.02,0.04
QQQ,2026-09-28,2026-10-01,P,674.0,14,5,0.39063109375,0.26,0.02,0.04
QQQ,2026-09-28,2026-10-01,P,675.0,52,83,0.38477177734374995,0.04,0.03,0.04
QQQ,2026-09-28,2026-10-01,P,676.0,34,16,0.3789124609375,0.09,0.03,0.04
QQQ,2026-09-28,2026-10-01,P,677.0,36,6,0.37500625,0.08,0.02,0.04
QQQ,2026-09-28,2026-10-01,P,678.0,32,1,0.36914693359375,0.05,0.03,0.04
QQQ,2026-09-28,2026-10-01,P,679.0,71,1,0.3632876171875,0.05,0.03,0.04
QQQ,2026-09-28,2026-10-01,P,680.0,610,2,0.35742830078125,0.05,0.03,0.04
QQQ,2026-09-28,2026-10-01,P,681.0,241,216,0.35156898437499995,0.08,0.03,0.04
QQQ,2026-09-28,2026-10-01,P,682.0,59,4,0.34570966796874997,0.05,0.03,0.04
QQQ,2026-09-28,2026-10-01,P,683.0,131,108,0.3398503515625,0.08,0.03,0.04
QQQ,2026-09-28,2026-10-01,P,684.0,288,10,0.33399103515625,0.1,0.03,0.04
QQQ,2026-09-28,2026-10-01,P,685.0,295,31,0.32813171874999997,0.1,0.03,0.04
QQQ,2026-09-28,2026-10-01,P,686.0,679,834,0.331061376953125,0.1,0.04,0.05
QQQ,2026-09-28,2026-10-01,P,687.0,502,1,0.32617861328125,0.04,0.03,0.05
QQQ,2026-09-28,2026-10-01,P,688.0,142,1,0.32031929687499994,0.07,0.04,0.05
QQQ,2026-09-28,2026-10-01,P,689.0,586,13,0.31445998046874996,0.06,0.04,0.05
QQQ,2026-09-28,2026-10-01,P,690.0,365,56,0.3086006640625,0.06,0.04,0.05
QQQ,2026-09-28,2026-10-01,P,691.0,222,157,0.30274134765625,0.05,0.04,0.05
QQQ,2026-09-28,2026-10-01,P,692.0,162,38,0.30274134765625,0.08,0.05,0.06
QQQ,2026-09-28,2026-10-01,P,693.0,119,523,0.29688203124999996,0.05,0.04,0.06
QQQ,2026-09-28,2026-10-01,P,694.0,1042,2,0.2910227148437499,0.23,0.05,0.06
QQQ,2026-09-28,2026-10-01,P,695.0,771,321,0.28516339843749994,0.09,0.05,0.06
QQQ,2026-09-28,2026-10-01,P,696.0,439,7,0.28516339843749994,0.1,0.06,0.07
QQQ,2026-09-28,2026-10-01,P,697.0,267,19,0.278327529296875,0.07,0.06,0.07
QQQ,2026-09-28,2026-10-01,P,698.0,502,22,0.27246821289062495,0.08,0.06,0.07
QQQ,2026-09-28,2026-10-01,P,699.0,258,30,0.27149166015625,0.11,0.06,0.08
QQQ,2026-09-28,2026-10-01,P,700.0,1267,118,0.26563234375,0.07,0.07,0.08
QQQ,2026-09-28,2026-10-01,P,701.0,1108,174,0.26367923828125,0.08,0.08,0.09
QQQ,2026-09-28,2026-10-01,P,702.0,682,43,0.256843369140625,0.08,0.08,0.09
QQQ,2026-09-28,2026-10-01,P,703.0,372,229,0.25489026367187506,0.1,0.09,0.1
QQQ,2026-09-28,2026-10-01,P,704.0,636,121,0.25196060546875,0.1,0.1,0.11
QQQ,2026-09-28,2026-10-01,P,705.0,1032,406,0.245124736328125,0.11,0.1,0.11
QQQ,2026-09-28,2026-10-01,P,706.0,229,55,0.242195078125,0.12,0.11,0.12
QQQ,2026-09-28,2026-10-01,P,707.0,869,63,0.23828886718749998,0.12,0.12,0.13
QQQ,2026-09-28,2026-10-01,P,708.0,826,60,0.23731231445312498,0.14,0.14,0.15
QQQ,2026-09-28,2026-10-01,P,709.0,1215,57,0.2329178271484375,0.16,0.14,0.16
QQQ,2026-09-28,2026-10-01,P,710.0,664,381,0.22852333984375,0.17,0.16,0.17
QQQ,2026-09-28,2026-10-01,P,711.0,284,335,0.2260819580078125,0.19,0.18,0.19
QQQ,2026-09-28,2026-10-01,P,712.0,597,946,0.22315229980468748,0.21,0.2,0.21
QQQ,2026-09-28,2026-10-01,P,713.0,1220,361,0.21973436523437498,0.24,0.22,0.23
QQQ,2026-09-28,2026-10-01,P,714.0,295,505,0.2172929833984375,0.25,0.25,0.26
QQQ,2026-09-28,2026-10-01,P,715.0,1779,968,0.21314263427734376,0.27,0.27,0.28
QQQ,2026-09-28,2026-10-01,P,716.0,469,994,0.21143366699218746,0.3,0.31,0.32
QQQ,2026-09-28,2026-10-01,P,717.0,147,557,0.20777159423828123,0.33,0.34,0.35
QQQ,2026-09-28,2026-10-01,P,718.0,315,550,0.2036212451171875,0.39,0.37,0.38
QQQ,2026-09-28,2026-10-01,P,719.0,422,732,0.20142400146484374,0.46,0.42,0.43
QQQ,2026-09-28,2026-10-01,P,720.0,900,2522,0.19947089599609374,0.48,0.48,0.49
QQQ,2026-09-28,2026-10-01,P,721.0,518,581,0.19678537597656248,0.54,0.54,0.55
QQQ,2026-09-28,2026-10-01,P,722.0,250,971,0.19336744140625,0.61,0.6,0.61
QQQ,2026-09-28,2026-10-01,P,723.0,380,874,0.19117019775390626,0.69,0.68,0.69
QQQ,2026-09-28,2026-10-01,P,724.0,405,1015,0.18811847045898436,0.79,0.76,0.77
QQQ,2026-09-28,2026-10-01,P,725.0,1603,2047,0.18567708862304685,0.88,0.86,0.87
QQQ,2026-09-28,2026-10-01,P,726.0,1385,3599,0.18323570678710935,1.0,0.97,0.98
QQQ,2026-09-28,2026-10-01,P,727.0,471,974,0.18164880859375,1.13,1.11,1.12
QQQ,2026-09-28,2026-10-01,P,728.0,449,1513,0.179695703125,1.28,1.26,1.27
QQQ,2026-09-28,2026-10-01,P,729.0,430,1692,0.17774259765625,1.43,1.43,1.44
QQQ,2026-09-28,2026-10-01,P,730.0,2203,8923,0.17536225036621095,1.64,1.61,1.62
QQQ,2026-09-28,2026-10-01,P,731.0,351,2952,0.17383638671875,1.86,1.83,1.84
QQQ,2026-09-28,2026-10-01,P,732.0,468,3592,0.17212741943359378,2.09,2.06,2.08
QQQ,2026-09-28,2026-10-01,P,733.0,289,2482,0.1713950048828125,2.39,2.36,2.37
QQQ,2026-09-28,2026-10-01,P,734.0,416,2467,0.16986914123535157,2.67,2.66,2.67
QQQ,2026-09-28,2026-10-01,P,735.0,1496,5008,0.1667563793945313,2.97,2.95,2.96
QQQ,2026-09-28,2026-10-01,P,736.0,900,4825,0.1667563793945313,3.37,3.35,3.36
QQQ,2026-09-28,2026-10-01,P,737.0,402,5078,0.1641929284667969,3.7,3.72,3.73
QQQ,2026-09-28,2026-10-01,P,738.0,384,3373,0.16376568664550784,4.13,4.18,4.19
QQQ,2026-09-28,2026-10-01,P,739.0,947,2877,0.16126327026367188,4.62,4.62,4.63
QQQ,2026-09-28,2026-10-01,P,740.0,4733,2324,0.16108016662597657,5.19,5.13,5.17
QQQ,2026-09-28,2026-10-01,P,741.0,558,550,0.16028671752929688,5.7,5.69,5.73
QQQ,2026-09-28,2026-10-01,P,742.0,544,142,0.1552208502197266,6.8,6.17,6.22
QQQ,2026-09-28,2026-10-01,P,743.0,648,129,0.1524742956542969,6.94,6.76,6.81
QQQ,2026-09-28,2026-10-01,P,744.0,475,460,0.1544274011230469,8.49,7.48,7.55
QQQ,2026-09-28,2026-10-01,P,745.0,812,237,0.1519860192871094,8.37,8.13,8.22
QQQ,2026-09-28,2026-10-01,P,746.0,186,232,0.1549156774902344,9.24,8.71,9.04
QQQ,2026-09-28,2026-10-01,P,747.0,306,47,0.1514977429199219,9.93,9.44,9.76
QQQ,2026-09-28,2026-10-01,P,748.0,255,29,0.15174188110351564,10.46,10.26,10.58
QQQ,2026-09-28,2026-10-01,P,749.0,95,43,0.148446015625,13.18,11.04,11.37
QQQ,2026-09-28,2026-10-01,P,750.0,964,98,0.14344118286132812,13.13,11.88,12.17
QQQ,2026-09-28,2026-10-01,P,751.0,32,49,0.14881222290039062,18.7,12.68,13.13
QQQ,2026-09-28,2026-10-01,P,752.0,17,4,0.14038945556640625,14.5,13.53,13.95
QQQ,2026-09-28,2026-10-01,P,753.0,4,3,0.13233289550781252,10.68,14.43,14.82
QQQ,2026-09-28,2026-10-01,P,754.0,11,4,0.1235439208984375,15.89,15.38,15.73
QQQ,2026-09-28,2026-10-01,P,755.0,14,5,0.127938408203125,17.55,16.3,16.72
QQQ,2026-09-28,2026-10-01,P,756.0,152,139,1.0000000000000003e-05,18.5,17.16,17.57
QQQ,2026-09-28,2026-10-01,P,757.0,7,4,1.0000000000000003e-05,20.16,18.13,18.59
QQQ,2026-09-28,2026-10-01,P,758.0,2,2,1.0000000000000003e-05,19.0,18.77,19.52
QQQ,2026-09-28,2026-10-01,P,759.0,7,0,1.0000000000000003e-05,19.51,19.77,20.46
QQQ,2026-09-28,2026-10-01,P,760.0,1,2,1.0000000000000003e-05,21.5,21.01,21.45
QQQ,2026-09-28,2026-10-01,P,761.0,1,9,1.0000000000000003e-05,24.25,21.74,22.43
QQQ,2026-09-28,2026-10-01,P,762.0,4,4,1.0000000000000003e-05,17.76,22.74,23.42
QQQ,2026-09-28,2026-10-01,P,763.0,2,2,0.3272772351074219,19.73,23.73,26.14
QQQ,2026-09-28,2026-10-01,P,765.0,5,2,0.34497725341796875,28.11,25.8,28.14
QQQ,2026-09-28,2026-10-01,P,767.0,0,0,1.0000000000000003e-05,23.18,27.78,28.51
QQQ,2026-09-28,2026-10-01,P,770.0,0,1,1.0000000000000003e-05,34.64,30.79,31.48
QQQ,2026-09-28,2026-10-02,C,490.0,0,44,1.7724620751953122,227.63,247.19,250.6
QQQ,2026-09-28,2026-10-02,C,495.0,45,44,1.6933609082031251,241.0,241.97,245.65
QQQ,2026-09-28,2026-10-02,C,515.0,0,1,1.6084003955078123,194.99,222.27,225.66
QQQ,2026-09-28,2026-10-02,C,525.0,0,10,1.5209984887695311,179.77,212.21,215.66
QQQ,2026-09-28,2026-10-02,C,540.0,0,10,1.3715851733398439,164.07,197.0,200.67
QQQ,2026-09-28,2026-10-02,C,545.0,4,2,1.3715851733398439,172.29,192.22,195.64
QQQ,2026-09-28,2026-10-02,C,550.0,1,0,1.3154331103515622,166.59,187.07,190.68
QQQ,2026-09-28,2026-10-02,C,555.0,93,225,1.3125034374999998,184.95,182.3,185.64
QQQ,2026-09-28,2026-10-02,C,560.0,0,10,1.2797887573242184,159.24,177.31,180.65
QQQ,2026-09-28,2026-10-02,C,565.0,11,11,1.2392616162109373,141.1,172.24,175.69
QQQ,2026-09-28,2026-10-02,C,570.0,1,0,1.1977579174804687,140.12,167.24,170.65
QQQ,2026-09-28,2026-10-02,C,575.0,10,6,1.168461188964844,141.96,162.24,165.69
QQQ,2026-09-28,2026-10-02,C,580.0,88,2,1.1362347875976564,163.77,157.25,160.7
QQQ,2026-09-28,2026-10-02,C,585.0,10,10,1.0537156689453124,160.58,152.26,155.38
QQQ,2026-09-28,2026-10-02,C,590.0,2,2,0.9956055126953125,155.11,147.26,150.24
QQQ,2026-09-28,2026-10-02,C,595.0,6,4,1.003422951660156,140.36,142.26,145.49
QQQ,2026-09-28,2026-10-02,C,600.0,102,2,1.0024463940429689,136.72,137.36,140.63
QQQ,2026-09-28,2026-10-02,C,605.0,17,1,0.73633076171875,135.13,132.26,134.63
QQQ,2026-09-28,2026-10-02,C,610.0,192,27,0.6992217578125001,134.69,127.27,129.6
QQQ,2026-09-28,2026-10-02,C,615.0,1,1,0.8217791259765624,128.01,122.27,125.16
QQQ,2026-09-28,2026-10-02,C,620.0,105,3,0.65820654296875,122.72,117.28,119.62
QQQ,2026-09-28,2026-10-02,C,625.0,116,1,0.6757844921875001,120.5,112.38,114.65
QQQ,2026-09-28,2026-10-02,C,630.0,249,225,0.79687703125,108.78,107.28,110.7
QQQ,2026-09-28,2026-10-02,C,635.0,8,2,0.7084990087890625,104.05,102.33,105.19
QQQ,2026-09-28,2026-10-02,C,640.0,10,11,0.6875031250000001,77.05,97.37,100.23
QQQ,2026-09-28,2026-10-02,C,645.0,21,3,0.569340244140625,94.89,92.37,94.69
QQQ,2026-09-28,2026-10-02,C,650.0,38,4,0.53320779296875,86.19,87.41,89.62
QQQ,2026-09-28,2026-10-02,C,655.0,31,1,0.6010782080078126,82.69,82.32,85.37
QQQ,2026-09-28,2026-10-02,C,660.0,85,9,0.5097705273437501,75.51,77.45,79.76
QQQ,2026-09-28,2026-10-02,C,665.0,70,1,0.6470982556152343,71.15,72.33,74.62
QQQ,2026-09-28,2026-10-02,C,670.0,83,4,0.663333444824219,68.66,67.47,70.16
QQQ,2026-09-28,2026-10-02,C,675.0,67,3,0.6362341064453125,63.82,62.36,65.3
QQQ,2026-09-28,2026-10-02,C,676.0,1,1,0.5827678442382812,62.1,61.45,63.79
QQQ,2026-09-28,2026-10-02,C,677.0,17,15,0.5998575170898439,67.15,60.36,63.06
QQQ,2026-09-28,2026-10-02,C,678.0,1,1,0.5607954077148438,67.46,59.37,61.72
QQQ,2026-09-28,2026-10-02,C,679.0,0,0,0.5903361279296876,38.66,58.37,61.13
QQQ,2026-09-28,2026-10-02,C,680.0,58,1,0.5606733386230469,57.25,57.9,59.88
QQQ,2026-09-28,2026-10-02,C,681.0,0,0,0.5383346948242189,40.6,56.5,58.72
QQQ,2026-09-28,2026-10-02,C,682.0,37,7,0.5852092260742188,51.95,55.38,58.36
QQQ,2026-09-28,2026-10-02,C,683.0,2,0,0.5471236694335939,28.53,54.38,56.99
QQQ,2026-09-28,2026-10-02,C,684.0,1,1,0.51562984375,59.51,53.38,55.72
QQQ,2026-09-28,2026-10-02,C,685.0,40,1,0.5282029602050782,54.74,52.4,54.95
QQQ,2026-09-28,2026-10-02,C,686.0,14,2,0.5004932763671875,59.25,51.39,53.72
QQQ,2026-09-28,2026-10-02,C,687.0,1,2,0.5288133056640626,50.57,50.4,53.15
QQQ,2026-09-28,2026-10-02,C,688.0,17,2,0.5207567456054687,49.55,49.4,52.15
QQQ,2026-09-28,2026-10-02,C,689.0,7,6,0.46411668701171876,48.29,48.41,50.57
QQQ,2026-09-28,2026-10-02,C,690.0,114,1,0.5410202148437502,46.63,47.99,50.65
QQQ,2026-09-28,2026-10-02,C,691.0,11,2,0.502080174560547,46.58,46.41,49.22
QQQ,2026-09-28,2026-10-02,C,692.0,15,2,0.5229539892578124,46.08,45.42,48.63
QQQ,2026-09-28,2026-10-02,C,693.0,13,2,0.49878430908203125,45.09,44.55,47.4
QQQ,2026-09-28,2026-10-02,C,694.0,92,2,0.44824770507812495,43.54,43.55,45.83
QQQ,2026-09-28,2026-10-02,C,695.0,263,4,0.44214425048828127,43.38,42.44,44.85
QQQ,2026-09-28,2026-10-02,C,696.0,9,2,0.4327449304199219,42.14,41.57,43.83
QQQ,2026-09-28,2026-10-02,C,697.0,26,2,0.4233456103515625,41.16,40.63,42.81
QQQ,2026-09-28,2026-10-02,C,698.0,11,6,0.4155331884765625,39.73,39.58,41.81
QQQ,2026-09-28,2026-10-02,C,699.0,79,8,0.40918559570312496,38.58,38.65,40.83
QQQ,2026-09-28,2026-10-02,C,700.0,702,6,0.3890441955566406,38.92,37.65,39.67
QQQ,2026-09-28,2026-10-02,C,701.0,24,2,0.39331661376953125,38.07,36.49,38.83
QQQ,2026-09-28,2026-10-02,C,702.0,146,4,0.37879039184570307,37.32,35.5,37.74
QQQ,2026-09-28,2026-10-02,C,703.0,127,30,0.36646141357421874,42.93,36.09,36.68
QQQ,2026-09-28,2026-10-02,C,704.0,208,2,0.3601138208007812,32.58,35.03,35.7
QQQ,2026-09-28,2026-10-02,C,705.0,1293,8,0.34632001342773433,32.63,34.16,34.62
QQQ,2026-09-28,2026-10-02,C,706.0,145,1,0.3399724206542969,34.38,33.15,33.64
QQQ,2026-09-28,2026-10-02,C,707.0,515,10,0.33423517333984376,32.38,32.16,32.67
QQQ,2026-09-28,2026-10-02,C,708.0,298,10,0.3319158605957031,29.79,31.2,31.75
QQQ,2026-09-28,2026-10-02,C,709.0,498,1,0.3225165405273437,28.88,30.24,30.73
QQQ,2026-09-28,2026-10-02,C,710.0,1711,54,0.31372756591796874,29.14,29.21,29.72
QQQ,2026-09-28,2026-10-02,C,711.0,529,1,0.3103096313476562,28.37,28.3,28.79
QQQ,2026-09-28,2026-10-02,C,712.0,505,22,0.31018756225585936,25.84,27.25,27.92
QQQ,2026-09-28,2026-10-02,C,713.0,250,2,0.29883513671874995,24.72,26.38,26.87
QQQ,2026-09-28,2026-10-02,C,714.0,338,4,0.29529513305664057,25.68,25.41,25.95
QQQ,2026-09-28,2026-10-02,C,715.0,2103,505,0.2873606420898437,24.67,24.48,24.96
QQQ,2026-09-28,2026-10-02,C,716.0,291,1,0.28162339477539056,22.51,23.56,24.01
QQQ,2026-09-28,2026-10-02,C,717.0,469,13,0.2757640783691406,20.78,22.69,23.06
QQQ,2026-09-28,2026-10-02,C,718.0,994,21,0.26709717285156254,19.0,21.67,22.06
QQQ,2026-09-28,2026-10-02,C,719.0,536,16,0.26770751831054684,19.31,20.78,21.24
QQQ,2026-09-28,2026-10-02,C,720.0,1874,188,0.25708750732421876,19.75,19.85,20.21
QQQ,2026-09-28,2026-10-02,C,721.0,372,31,0.257819921875,17.46,19.0,19.41
QQQ,2026-09-28,2026-10-02,C,722.0,576,24,0.2512892254638671,16.84,18.05,18.47
QQQ,2026-09-28,2026-10-02,C,723.0,542,33,0.24817646362304688,16.36,17.16,17.61
QQQ,2026-09-28,2026-10-02,C,724.0,572,2,0.24329369995117187,16.45,16.31,16.72
QQQ,2026-09-28,2026-10-02,C,725.0,34260,1635,0.23987576538085933,15.49,15.6,15.87
QQQ,2026-09-28,2026-10-02,C,726.0,725,453,0.23383334533691402,13.68,14.62,14.97
QQQ,2026-09-28,2026-10-02,C,727.0,838,619,0.23194127441406248,13.82,13.8,14.18
QQQ,2026-09-28,2026-10-02,C,728.0,743,234,0.2254716125488281,10.96,12.99,13.29
QQQ,2026-09-28,2026-10-02,C,729.0,547,225,0.22400678344726557,11.32,12.21,12.54
QQQ,2026-09-28,2026-10-02,C,730.0,2883,863,0.22046677978515622,11.4,11.44,11.75
QQQ,2026-09-28,2026-10-02,C,731.0,1259,202,0.21778125976562498,9.88,10.7,11.0
QQQ,2026-09-28,2026-10-02,C,732.0,4985,493,0.21546194702148438,10.2,10.2,10.28
QQQ,2026-09-28,2026-10-02,C,733.0,469,855,0.21253228881835937,9.51,9.5,9.56
QQQ,2026-09-28,2026-10-02,C,734.0,712,1065,0.2085650433349609,8.66,8.79,8.83
QQQ,2026-09-28,2026-10-02,C,735.0,4499,3734,0.202583657836914,8.13,8.05,8.06
QQQ,2026-09-28,2026-10-02,C,736.0,1341,3423,0.204536763305664,7.47,7.52,7.55
QQQ,2026-09-28,2026-10-02,C,737.0,1449,7532,0.2016681396484375,6.84,6.88,6.92
QQQ,2026-09-28,2026-10-02,C,738.0,1739,7219,0.19770089416503905,6.32,6.24,6.28
QQQ,2026-09-28,2026-10-02,C,739.0,1464,4636,0.19684641052246094,5.8,5.73,5.76
QQQ,2026-09-28,2026-10-02,C,740.0,6165,18872,0.19574778869628906,5.29,5.24,5.26
QQQ,2026-09-28,2026-10-02,C,741.0,2264,3109,0.1947102014160156,4.76,4.78,4.79
QQQ,2026-09-28,2026-10-02,C,742.0,2163,5935,0.1935505450439453,4.33,4.33,4.34
QQQ,2026-09-28,2026-10-02,C,743.0,1103,2293,0.1914143359375,3.8,3.88,3.89
QQQ,2026-09-28,2026-10-02,C,744.0,2913,3909,0.1903767486572266,3.54,3.49,3.5
QQQ,2026-09-28,2026-10-02,C,745.0,19449,6480,0.18738605590820312,3.13,3.07,3.08
QQQ,2026-09-28,2026-10-02,C,746.0,2036,3352,0.1873250213623047,2.77,2.76,2.77
QQQ,2026-09-28,2026-10-02,C,747.0,1605,3166,0.18555501953124998,2.44,2.42,2.44
QQQ,2026-09-28,2026-10-02,C,748.0,1769,2542,0.18518881225585934,2.17,2.16,2.17
QQQ,2026-09-28,2026-10-02,C,749.0,1459,2175,0.18512777770996092,1.86,1.92,1.93
QQQ,2026-09-28,2026-10-02,C,750.0,13288,9622,0.18323570678710935,1.7,1.66,1.67
QQQ,2026-09-28,2026-10-02,C,751.0,2692,3217,0.1834798449707031,1.45,1.47,1.48
QQQ,2026-09-28,2026-10-02,C,752.0,7058,2877,0.18274743041992186,1.27,1.28,1.29
QQQ,2026-09-28,2026-10-02,C,753.0,2439,2807,0.1821370849609375,1.08,1.11,1.12
QQQ,2026-09-28,2026-10-02,C,754.0,12259,2480,0.17981777221679687,0.93,0.93,0.94
QQQ,2026-09-28,2026-10-02,C,755.0,8054,3138,0.18140467041015623,0.79,0.83,0.84
QQQ,2026-09-28,2026-10-02,C,756.0,2000,3843,0.18079432495117187,0.69,0.71,0.72
QQQ,2026-09-28,2026-10-02,C,757.0,1484,1127,0.17920742675781248,0.6,0.59,0.6
QQQ,2026-09-28,2026-10-02,C,758.0,1427,1295,0.18042811767578126,0.52,0.52,0.53
QQQ,2026-09-28,2026-10-02,C,759.0,1732,1221,0.17993984130859375,0.43,0.44,0.45
QQQ,2026-09-28,2026-10-02,C,760.0,12698,7015,0.17847501220703127,0.37,0.36,0.37
QQQ,2026-09-28,2026-10-02,C,761.0,948,1361,0.18042811767578126,0.31,0.32,0.33
QQQ,2026-09-28,2026-10-02,C,762.0,967,646,0.17774259765625,0.27,0.25,0.26
QQQ,2026-09-28,2026-10-02,C,763.0,862,409,0.18091639404296872,0.23,0.22,0.24
QQQ,2026-09-28,2026-10-02,C,764.0,1372,279,0.180672255859375,0.19,0.19,0.2
QQQ,2026-09-28,2026-10-02,C,765.0,4657,1456,0.18116053222656248,0.16,0.16,0.17
QQQ,2026-09-28,2026-10-02,C,766.0,758,136,0.180672255859375,0.13,0.13,0.14
QQQ,2026-09-28,2026-10-02,C,767.0,708,398,0.18116053222656248,0.12,0.11,0.12
QQQ,2026-09-28,2026-10-02,C,768.0,1171,44,0.1840901904296875,0.08,0.1,0.11
QQQ,2026-09-28,2026-10-02,C,769.0,960,6,0.18360191406249998,0.09,0.08,0.09
QQQ,2026-09-28,2026-10-02,C,770.0,5075,2117,0.188484677734375,0.08,0.07,0.09
QQQ,2026-09-28,2026-10-02,C,771.0,603,6,0.19043778320312502,0.05,0.07,0.08
QQQ,2026-09-28,2026-10-02,C,772.0,843,15,0.1914143359375,0.07,0.06,0.07
QQQ,2026-09-28,2026-10-02,C,773.0,471,1,0.192390888671875,0.06,0.05,0.06
QQQ,2026-09-28,2026-10-02,C,774.0,345,218,0.192390888671875,0.04,0.04,0.05
QQQ,2026-09-28,2026-10-02,C,775.0,2533,870,0.19727365234375,0.05,0.04,0.05
QQQ,2026-09-28,2026-10-02,C,780.0,3998,848,0.20703917968749996,0.04,0.02,0.03
QQQ,2026-09-28,2026-10-02,C,785.0,4539,46,0.21875781249999998,0.02,0.01,0.02
QQQ,2026-09-28,2026-10-02,C,790.0,2035,752,0.23828886718749998,0.01,0.01,0.02
QQQ,2026-09-28,2026-10-02,C,795.0,1261,511,0.257819921875,0.02,0.01,0.02
QQQ,2026-09-28,2026-10-02,C,800.0,3573,512,0.27735097656249996,0.01,0.01,0.02
QQQ,2026-09-28,2026-10-02,C,805.0,2160,28,0.29688203124999996,0.02,0.0,0.02
QQQ,2026-09-28,2026-10-02,C,810.0,356,731,0.31641308593749995,0.02,0.0,0.02
QQQ,2026-09-28,2026-10-02,C,815.0,275,1440,0.335944140625,0.01,0.0,0.02
QQQ,2026-09-28,2026-10-02,C,820.0,649,3454,0.35547519531249994,0.01,0.0,0.02
QQQ,2026-09-28,2026-10-02,C,825.0,311,200,0.3711000390625,0.01,0.0,0.02
QQQ,2026-09-28,2026-10-02,C,830.0,203,7,0.39063109375,0.01,0.0,0.02
QQQ,2026-09-28,2026-10-02,C,835.0,205,20,0.4101621484375,0.01,0.0,0.02
QQQ,2026-09-28,2026-10-02,C,840.0,377,2192,0.42578699218750005,0.02,0.0,0.02
QQQ,2026-09-28,2026-10-02,C,845.0,181,2600,0.42188078125,0.02,0.0,0.01
QQQ,2026-09-28,2026-10-02,C,850.0,216,6,0.437505625,0.01,0.0,0.01
QQQ,2026-09-28,2026-10-02,C,860.0,312,1,0.4687553125,0.01,0.0,0.01
QQQ,2026-09-28,2026-10-02,C,870.0,499,935,0.500005,0.01,0.0,0.01
QQQ,2026-09-28,2026-10-02,C,880.0,93,50,0.500005,0.01,0.0,0.01
QQQ,2026-09-28,2026-10-02,C,885.0,142,0,0.51562984375,0.02,0.0,0.01
QQQ,2026-09-28,2026-10-02,C,890.0,299,100,0.5312546875,0.01,0.0,0.01
QQQ,2026-09-28,2026-10-02,C,895.0,84,0,0.5468795312500001,0.01,0.0,0.01
QQQ,2026-09-28,2026-10-02,C,905.0,95,0,0.57812921875,0.02,0.0,0.01
QQQ,2026-09-28,2026-10-02,C,920.0,1,0,0.6250037500000001,0.02,0.0,0.01
QQQ,2026-09-28,2026-10-02,C,950.0,5,3,0.70312796875,0.01,0.0,0.01
QQQ,2026-09-28,2026-10-02,P,450.0,1187,10,1.421877890625,0.01,0.0,0.02
QQQ,2026-09-28,2026-10-02,P,455.0,141,1553,1.3906280468749999,0.01,0.0,0.02
QQQ,2026-09-28,2026-10-02,P,460.0,285,1192,1.359378203125,0.01,0.0,0.02
QQQ,2026-09-28,2026-10-02,P,465.0,394,21,1.2812535937499998,0.02,0.0,0.01
QQQ,2026-09-28,2026-10-02,P,470.0,322,1778,1.3125034374999998,0.01,0.0,0.02
QQQ,2026-09-28,2026-10-02,P,475.0,11676,330,1.21875390625,0.01,0.0,0.01
QQQ,2026-09-28,2026-10-02,P,480.0,196,270,1.2812535937499998,0.01,0.01,0.02
QQQ,2026-09-28,2026-10-02,P,485.0,604,10,1.21875390625,0.01,0.0,0.02
QQQ,2026-09-28,2026-10-02,P,490.0,420,130,1.1875040625,0.01,0.0,0.02
QQQ,2026-09-28,2026-10-02,P,495.0,510,21,1.203128984375,0.01,0.01,0.02
QQQ,2026-09-28,2026-10-02,P,500.0,2202,30,1.09375453125,0.01,0.0,0.01
QQQ,2026-09-28,2026-10-02,P,505.0,378,4,1.140629296875,0.01,0.01,0.02
QQQ,2026-09-28,2026-10-02,P,510.0,475,181,1.1171919140625,0.02,0.01,0.02
QQQ,2026-09-28,2026-10-02,P,515.0,220,723,1.000005,0.01,0.0,0.01
QQQ,2026-09-28,2026-10-02,P,520.0,354,662,1.0625046875000002,0.01,0.01,0.02
QQQ,2026-09-28,2026-10-02,P,525.0,222,1640,0.9531254687499999,0.01,0.0,0.01
QQQ,2026-09-28,2026-10-02,P,530.0,363,816,1.0078174609375,0.02,0.01,0.02
QQQ,2026-09-28,2026-10-02,P,535.0,163,880,0.98437515625,0.01,0.01,0.02
QQQ,2026-09-28,2026-10-02,P,540.0,15677,1600,0.9531254687499999,0.01,0.01,0.02
QQQ,2026-09-28,2026-10-02,P,545.0,607,1870,0.929688203125,0.02,0.01,0.02
QQQ,2026-09-28,2026-10-02,P,550.0,473,1888,0.9062509375,0.02,0.01,0.02
QQQ,2026-09-28,2026-10-02,P,555.0,323,2059,0.87500125,0.01,0.01,0.02
QQQ,2026-09-28,2026-10-02,P,560.0,280,1440,0.851563984375,0.02,0.01,0.02
QQQ,2026-09-28,2026-10-02,P,565.0,685,1920,0.8281267187499999,0.01,0.01,0.02
QQQ,2026-09-28,2026-10-02,P,570.0,469,392,0.79687703125,0.02,0.01,0.02
QQQ,2026-09-28,2026-10-02,P,575.0,433,1078,0.773439765625,0.02,0.01,0.02
QQQ,2026-09-28,2026-10-02,P,580.0,569,432,0.7656273437500001,0.01,0.01,0.03
QQQ,2026-09-28,2026-10-02,P,585.0,380,291,0.7421900781249999,0.03,0.01,0.03
QQQ,2026-09-28,2026-10-02,P,590.0,737,1701,0.7187528125,0.03,0.01,0.03
QQQ,2026-09-28,2026-10-02,P,595.0,358,278,0.6953155468750001,0.04,0.01,0.03
QQQ,2026-09-28,2026-10-02,P,600.0,850,235,0.6679720703125002,0.02,0.01,0.03
QQQ,2026-09-28,2026-10-02,P,605.0,351,116,0.6445348046875,0.02,0.01,0.03
QQQ,2026-09-28,2026-10-02,P,610.0,476,121,0.6171913281250001,0.02,0.01,0.03
QQQ,2026-09-28,2026-10-02,P,615.0,867,2,0.5937540625000001,0.02,0.01,0.03
QQQ,2026-09-28,2026-10-02,P,620.0,1253,253,0.5820354296875,0.02,0.02,0.03
QQQ,2026-09-28,2026-10-02,P,625.0,1480,7,0.5585981640625001,0.03,0.02,0.03
QQQ,2026-09-28,2026-10-02,P,630.0,775,4,0.5312546875,0.02,0.02,0.03
QQQ,2026-09-28,2026-10-02,P,635.0,1047,3,0.507817421875,0.03,0.02,0.03
QQQ,2026-09-28,2026-10-02,P,640.0,2299,63,0.507817421875,0.03,0.02,0.04
QQQ,2026-09-28,2026-10-02,P,645.0,1749,169,0.48242705078125003,0.03,0.02,0.04
QQQ,2026-09-28,2026-10-02,P,650.0,21289,52,0.45703667968750006,0.04,0.03,0.04
QQQ,2026-09-28,2026-10-02,P,655.0,6587,254,0.4335994140625,0.03,0.03,0.04
QQQ,2026-09-28,2026-10-02,P,660.0,7825,29,0.40820904296875,0.03,0.03,0.04
QQQ,2026-09-28,2026-10-02,P,665.0,9891,30,0.38281867187499996,0.05,0.03,0.04
QQQ,2026-09-28,2026-10-02,P,670.0,8131,97,0.367193828125,0.04,0.04,0.05
QQQ,2026-09-28,2026-10-02,P,675.0,3871,56,0.34180345703125,0.05,0.04,0.05
QQQ,2026-09-28,2026-10-02,P,676.0,525,61,0.33789724609375,0.05,0.04,0.05
QQQ,2026-09-28,2026-10-02,P,677.0,1781,5,0.3320379296875,0.07,0.04,0.05
QQQ,2026-09-28,2026-10-02,P,678.0,949,12,0.33399103515625,0.07,0.05,0.06
QQQ,2026-09-28,2026-10-02,P,679.0,640,22,0.32910827148437494,0.05,0.05,0.06
QQQ,2026-09-28,2026-10-02,P,680.0,2813,84,0.3242255078124999,0.05,0.05,0.06
QQQ,2026-09-28,2026-10-02,P,681.0,301,111,0.31836619140624994,0.17,0.05,0.06
QQQ,2026-09-28,2026-10-02,P,682.0,1435,5,0.313483427734375,0.09,0.05,0.06
QQQ,2026-09-28,2026-10-02,P,683.0,1233,64,0.31445998046874996,0.09,0.06,0.07
QQQ,2026-09-28,2026-10-02,P,684.0,503,187,0.309577216796875,0.07,0.06,0.07
QQQ,2026-09-28,2026-10-02,P,685.0,8218,136,0.30371790039062496,0.1,0.06,0.07
QQQ,2026-09-28,2026-10-02,P,686.0,1177,15,0.29883513671874995,0.11,0.06,0.07
QQQ,2026-09-28,2026-10-02,P,687.0,1441,314,0.29883513671874995,0.08,0.07,0.08
QQQ,2026-09-28,2026-10-02,P,688.0,2819,14,0.2929758203124999,0.11,0.07,0.08
QQQ,2026-09-28,2026-10-02,P,689.0,2400,916,0.2929758203124999,0.08,0.08,0.09
QQQ,2026-09-28,2026-10-02,P,690.0,40297,362,0.28711650390624993,0.08,0.08,0.09
QQQ,2026-09-28,2026-10-02,P,691.0,1417,142,0.282233740234375,0.15,0.08,0.09
QQQ,2026-09-28,2026-10-02,P,692.0,859,92,0.2802806347656249,0.1,0.09,0.1
QQQ,2026-09-28,2026-10-02,P,693.0,1127,114,0.27539787109374997,0.15,0.09,0.1
QQQ,2026-09-28,2026-10-02,P,694.0,1574,64,0.273444765625,0.16,0.1,0.11
QQQ,2026-09-28,2026-10-02,P,695.0,2699,222,0.2710033837890625,0.12,0.11,0.12
QQQ,2026-09-28,2026-10-02,P,696.0,586,31,0.26563234375,0.19,0.11,0.12
QQQ,2026-09-28,2026-10-02,P,697.0,1230,54,0.26319096191406255,0.13,0.12,0.13
QQQ,2026-09-28,2026-10-02,P,698.0,2993,11,0.2602613037109375,0.14,0.13,0.14
QQQ,2026-09-28,2026-10-02,P,699.0,2728,375,0.2573316455078125,0.21,0.14,0.15
QQQ,2026-09-28,2026-10-02,P,700.0,9846,1568,0.25391371093750004,0.15,0.15,0.16
QQQ,2026-09-28,2026-10-02,P,701.0,1247,585,0.25098405273437496,0.17,0.16,0.17
QQQ,2026-09-28,2026-10-02,P,702.0,1458,169,0.247077841796875,0.23,0.17,0.18
QQQ,2026-09-28,2026-10-02,P,703.0,1296,232,0.2436599072265625,0.2,0.18,0.19
QQQ,2026-09-28,2026-10-02,P,704.0,3439,590,0.2417068017578125,0.35,0.2,0.21
QQQ,2026-09-28,2026-10-02,P,705.0,13135,458,0.2375564526367187,0.22,0.21,0.22
QQQ,2026-09-28,2026-10-02,P,706.0,1063,235,0.2348709326171875,0.24,0.23,0.24
QQQ,2026-09-28,2026-10-02,P,707.0,1248,316,0.23218541259765624,0.3,0.25,0.26
QQQ,2026-09-28,2026-10-02,P,708.0,1504,379,0.23072058349609376,0.3,0.27,0.29
QQQ,2026-09-28,2026-10-02,P,709.0,3459,1246,0.22730264892578123,0.33,0.3,0.31
QQQ,2026-09-28,2026-10-02,P,710.0,10184,1179,0.22486126708984372,0.33,0.33,0.34
QQQ,2026-09-28,2026-10-02,P,711.0,1860,479,0.22217574707031246,0.36,0.35,0.37
QQQ,2026-09-28,2026-10-02,P,712.0,2420,3350,0.21900195068359374,0.39,0.39,0.4
QQQ,2026-09-28,2026-10-02,P,713.0,1409,912,0.21680470703125,0.43,0.43,0.44
QQQ,2026-09-28,2026-10-02,P,714.0,3277,1466,0.21314263427734376,0.52,0.46,0.47
QQQ,2026-09-28,2026-10-02,P,715.0,34541,2324,0.21192194335937498,0.53,0.52,0.53
QQQ,2026-09-28,2026-10-02,P,716.0,1486,1563,0.2093584924316406,0.57,0.57,0.58
QQQ,2026-09-28,2026-10-02,P,717.0,1618,920,0.20801573242187496,0.69,0.64,0.65
QQQ,2026-09-28,2026-10-02,P,718.0,2394,914,0.20533021240234373,0.75,0.7,0.71
QQQ,2026-09-28,2026-10-02,P,719.0,2336,1359,0.20423159057617185,0.77,0.79,0.8
QQQ,2026-09-28,2026-10-02,P,720.0,6675,6515,0.2005695178222656,0.87,0.85,0.86
QQQ,2026-09-28,2026-10-02,P,721.0,1818,1291,0.1991046887207031,0.96,0.95,0.96
QQQ,2026-09-28,2026-10-02,P,722.0,2832,1594,0.19751779052734375,1.07,1.05,1.07
QQQ,2026-09-28,2026-10-02,P,723.0,1343,1712,0.1948322705078125,1.17,1.16,1.17
QQQ,2026-09-28,2026-10-02,P,724.0,2228,1016,0.19373364868164064,1.28,1.3,1.31
QQQ,2026-09-28,2026-10-02,P,725.0,30871,9390,0.19184157775878907,1.44,1.44,1.45
QQQ,2026-09-28,2026-10-02,P,726.0,2028,1303,0.18982743774414065,1.61,1.59,1.6
QQQ,2026-09-28,2026-10-02,P,727.0,1596,3495,0.188484677734375,1.8,1.77,1.78
QQQ,2026-09-28,2026-10-02,P,728.0,1822,2122,0.18677571044921876,1.96,1.96,1.97
QQQ,2026-09-28,2026-10-02,P,729.0,1901,1611,0.18402915588378904,2.17,2.14,2.15
QQQ,2026-09-28,2026-10-02,P,730.0,51225,15820,0.18329674133300777,2.4,2.39,2.4
QQQ,2026-09-28,2026-10-02,P,731.0,1336,2608,0.18177087768554687,2.67,2.64,2.65
QQQ,2026-09-28,2026-10-02,P,732.0,2645,2280,0.17975673767089845,2.97,2.89,2.91
QQQ,2026-09-28,2026-10-02,P,733.0,8735,8422,0.17768156311035155,3.25,3.18,3.19
QQQ,2026-09-28,2026-10-02,P,734.0,1999,1846,0.17615569946289064,3.51,3.5,3.51
QQQ,2026-09-28,2026-10-02,P,735.0,7895,14514,0.17438569763183598,3.83,3.84,3.85
QQQ,2026-09-28,2026-10-02,P,736.0,1361,4363,0.1727987994384766,4.33,4.21,4.22
QQQ,2026-09-28,2026-10-02,P,737.0,1891,5193,0.17151707397460939,4.61,4.62,4.63
QQQ,2026-09-28,2026-10-02,P,738.0,2166,6300,0.16968603759765627,5.04,5.04,5.05
QQQ,2026-09-28,2026-10-02,P,739.0,1343,2538,0.16846534667968754,5.53,5.51,5.52
QQQ,2026-09-28,2026-10-02,P,740.0,6571,3003,0.16687844848632816,6.05,5.97,6.01
QQQ,2026-09-28,2026-10-02,P,741.0,1246,689,0.16754982849121097,6.57,6.55,6.6
QQQ,2026-09-28,2026-10-02,P,742.0,1246,527,0.1645591357421875,7.1,7.06,7.11
QQQ,2026-09-28,2026-10-02,P,743.0,1295,237,0.161141201171875,7.68,7.59,7.64
QQQ,2026-09-28,2026-10-02,P,744.0,964,137,0.16211775390625,8.53,8.29,8.33
QQQ,2026-09-28,2026-10-02,P,745.0,3430,1397,0.15876085388183597,9.0,8.89,8.93
QQQ,2026-09-28,2026-10-02,P,746.0,549,432,0.15515981567382814,9.62,9.5,9.56
QQQ,2026-09-28,2026-10-02,P,747.0,402,36,0.1583946466064453,10.25,10.12,10.39
QQQ,2026-09-28,2026-10-02,P,748.0,274,528,0.15601429931640626,11.98,10.85,11.11
QQQ,2026-09-28,2026-10-02,P,749.0,294,82,0.15552602294921875,12.22,11.59,11.9
QQQ,2026-09-28,2026-10-02,P,750.0,905,124,0.15235222656250003,12.76,12.4,12.66
QQQ,2026-09-28,2026-10-02,P,751.0,77,26,0.15125360473632815,15.3,13.12,13.49
QQQ,2026-09-28,2026-10-02,P,752.0,115,5,0.14881222290039062,13.35,13.94,14.32
QQQ,2026-09-28,2026-10-02,P,753.0,32,6,0.14441773559570312,14.99,14.73,15.15
QQQ,2026-09-28,2026-10-02,P,754.0,20,7,0.13636117553710939,16.05,15.6,15.97
QQQ,2026-09-28,2026-10-02,P,755.0,188,122,0.13453013916015627,17.4,16.58,16.89
QQQ,2026-09-28,2026-10-02,P,756.0,30,6,0.12769427001953126,19.3,17.42,17.79
QQQ,2026-09-28,2026-10-02,P,757.0,37,12,0.1098721826171875,19.14,18.39,18.68
QQQ,2026-09-28,2026-10-02,P,758.0,23,1,1.0000000000000003e-05,18.89,19.28,19.63
QQQ,2026-09-28,2026-10-02,P,759.0,11,54,1.0000000000000003e-05,21.31,20.12,20.5
QQQ,2026-09-28,2026-10-02,P,760.0,38,3,1.0000000000000003e-05,21.47,21.21,21.5
QQQ,2026-09-28,2026-10-02,P,761.0,16,2,1.0000000000000003e-05,21.72,22.13,22.45
QQQ,2026-09-28,2026-10-02,P,764.0,10,1,1.0000000000000003e-05,26.57,24.97,25.36
QQQ,2026-09-28,2026-10-02,P,765.0,9,1,1.0000000000000003e-05,28.14,26.04,26.44
QQQ,2026-09-28,2026-10-02,P,766.0,0,6,0.2880930566406249,29.8,26.77,28.86
QQQ,2026-09-28,2026-10-02,P,767.0,0,0,1.0000000000000003e-05,20.74,27.83,28.44
QQQ,2026-09-28,2026-10-02,P,768.0,0,1,1.0000000000000003e-05,29.31,28.8,29.45
QQQ,2026-09-28,2026-10-02,P,770.0,37,1,1.0000000000000003e-05,30.96,30.84,31.43
QQQ,2026-09-28,2026-10-02,P,771.0,0,0,1.0000000000000003e-05,29.95,31.79,32.37
QQQ,2026-09-28,2026-10-02,P,772.0,0,1,1.0000000000000003e-05,30.92,32.73,33.39
QQQ,2026-09-28,2026-10-02,P,774.0,0,1,1.0000000000000003e-05,29.48,34.83,35.46
QQQ,2026-09-28,2026-10-02,P,775.0,0,10,0.3717103845214844,36.5,35.84,38.14
QQQ,2026-09-28,2026-10-02,P,780.0,0,100,0.4066221447753906,39.44,39.72,43.14
QQQ,2026-09-28,2026-10-02,P,785.0,0,2,0.4405573522949219,48.67,44.72,48.14
QQQ,2026-09-28,2026-10-02,P,790.0,0,2,0.4672904833984375,53.68,49.68,53.06
QQQ,2026-09-28,2026-10-02,P,795.0,0,0,1.0000000000000003e-05,64.76,0.0,0.0
QQQ,2026-09-28,2026-10-02,P,800.0,0,0,0.5327195166015625,59.44,59.72,63.08
QQQ,2026-09-28,2026-10-05,C,660.0,6,1,0.6057168334960938,87.13,77.42,80.83
QQQ,2026-09-28,2026-10-05,C,670.0,7,0,0.5449264257812501,68.18,67.45,70.85
QQQ,2026-09-28,2026-10-05,C,680.0,3,0,0.48389187988281257,63.1,57.61,60.88
QQQ,2026-09-28,2026-10-05,C,690.0,8,5,0.42627526855468756,46.85,47.56,51.0
QQQ,2026-09-28,2026-10-05,C,692.0,1,3,0.41480077392578124,53.24,45.57,49.03
QQQ,2026-09-28,2026-10-05,C,695.0,40,5,0.3971007556152344,41.13,42.61,46.07
QQQ,2026-09-28,2026-10-05,C,696.0,1,0,0.3909973010253906,50.67,41.62,45.08
QQQ,2026-09-28,2026-10-05,C,700.0,13,6,0.3505924316406249,36.73,37.68,40.77
QQQ,2026-09-28,2026-10-05,C,705.0,3,2,0.2823558093261719,34.62,34.52,35.01
QQQ,2026-09-28,2026-10-05,C,706.0,2,2,0.27808339111328123,31.64,33.54,34.05
QQQ,2026-09-28,2026-10-05,C,707.0,1,4,0.27283442016601556,32.53,32.58,33.07
QQQ,2026-09-28,2026-10-05,C,708.0,1,2,0.26843993286132806,31.85,31.61,32.11
QQQ,2026-09-28,2026-10-05,C,709.0,1,2,0.2588575091552735,30.38,30.66,31.04
QQQ,2026-09-28,2026-10-05,C,710.0,13,4,0.25440198730468755,29.83,29.7,30.08
QQQ,2026-09-28,2026-10-05,C,711.0,9,1,0.2503126727294922,30.02,28.75,29.13
QQQ,2026-09-28,2026-10-05,C,712.0,9,2,0.2461012890625,27.87,27.74,28.18
QQQ,2026-09-28,2026-10-05,C,714.0,1,4,0.237739556274414,25.34,25.83,26.29
QQQ,2026-09-28,2026-10-05,C,715.0,111,39,0.23395541442871093,24.67,24.97,25.36
QQQ,2026-09-28,2026-10-05,C,717.0,52,2,0.22553264709472653,21.71,23.17,23.49
QQQ,2026-09-28,2026-10-05,C,719.0,4,15,0.22345747253417966,20.2,21.38,21.81
QQQ,2026-09-28,2026-10-05,C,720.0,85,38,0.2176591906738281,18.5,20.38,20.85
QQQ,2026-09-28,2026-10-05,C,721.0,2,15,0.21314263427734376,18.4,19.57,19.93
QQQ,2026-09-28,2026-10-05,C,722.0,3,4,0.20978573425292968,17.57,18.68,19.05
QQQ,2026-09-28,2026-10-05,C,723.0,1,6,0.2067950415039062,16.76,17.86,18.19
QQQ,2026-09-28,2026-10-05,C,724.0,3,7,0.20954159606933592,15.82,17.08,17.52
QQQ,2026-09-28,2026-10-05,C,725.0,158,76,0.20313296874999998,14.5,16.15,16.57
QQQ,2026-09-28,2026-10-05,C,726.0,7,4,0.19892158508300778,16.31,15.38,15.7
QQQ,2026-09-28,2026-10-05,C,727.0,21,14,0.19623606506347657,13.47,14.56,14.89
QQQ,2026-09-28,2026-10-05,C,728.0,69,14,0.19403882141113282,14.0,13.8,14.11
QQQ,2026-09-28,2026-10-05,C,729.0,81,3,0.1939777868652344,11.21,12.99,13.42
QQQ,2026-09-28,2026-10-05,C,730.0,235,42,0.19068192138671874,12.32,12.27,12.63
QQQ,2026-09-28,2026-10-05,C,731.0,127,13,0.1862263995361328,10.05,11.73,11.81
QQQ,2026-09-28,2026-10-05,C,732.0,158,11,0.18485312225341793,9.9,11.05,11.12
QQQ,2026-09-28,2026-10-05,C,733.0,159,23,0.18222863677978518,9.41,10.34,10.4
QQQ,2026-09-28,2026-10-05,C,734.0,198,203,0.18116053222656248,9.79,9.7,9.76
QQQ,2026-09-28,2026-10-05,C,735.0,462,357,0.1789022540283203,9.03,9.04,9.09
QQQ,2026-09-28,2026-10-05,C,736.0,307,1436,0.17783414947509768,8.38,8.44,8.49
QQQ,2026-09-28,2026-10-05,C,737.0,232,956,0.17505707763671874,7.76,7.8,7.84
QQQ,2026-09-28,2026-10-05,C,738.0,298,820,0.17438569763183598,7.22,7.25,7.3
QQQ,2026-09-28,2026-10-05,C,739.0,331,807,0.17224948852539065,6.7,6.68,6.72
QQQ,2026-09-28,2026-10-05,C,740.0,835,1303,0.1700522448730469,6.21,6.13,6.16
QQQ,2026-09-28,2026-10-05,C,741.0,214,234,0.16996069305419925,5.57,5.66,5.71
QQQ,2026-09-28,2026-10-05,C,742.0,475,598,0.16831276031494147,5.17,5.19,5.22
QQQ,2026-09-28,2026-10-05,C,743.0,172,65,0.16782448394775396,4.66,4.76,4.8
QQQ,2026-09-28,2026-10-05,C,744.0,303,206,0.16468120483398438,4.32,4.26,4.3
QQQ,2026-09-28,2026-10-05,C,745.0,880,733,0.1640098248291016,3.91,3.88,3.92
QQQ,2026-09-28,2026-10-05,C,746.0,190,115,0.16434551483154297,3.5,3.58,3.6
QQQ,2026-09-28,2026-10-05,C,747.0,97,85,0.16156844299316403,3.11,3.15,3.19
QQQ,2026-09-28,2026-10-05,C,748.0,374,211,0.16126327026367188,2.85,2.86,2.89
QQQ,2026-09-28,2026-10-05,C,749.0,156,119,0.16053085571289064,2.6,2.57,2.6
QQQ,2026-09-28,2026-10-05,C,750.0,1163,1223,0.15888292297363282,2.32,2.26,2.3
QQQ,2026-09-28,2026-10-05,C,751.0,160,61,0.15912706115722658,2.03,2.06,2.08
QQQ,2026-09-28,2026-10-05,C,752.0,210,87,0.15699085205078128,1.84,1.78,1.81
QQQ,2026-09-28,2026-10-05,C,753.0,88,144,0.15729602478027344,1.61,1.6,1.63
QQQ,2026-09-28,2026-10-05,C,754.0,167,118,0.1562584375,1.42,1.4,1.43
QQQ,2026-09-28,2026-10-05,C,755.0,8151,3368,0.15570912658691405,1.24,1.24,1.26
QQQ,2026-09-28,2026-10-05,C,756.0,120,32,0.1540001593017578,1.07,1.06,1.08
QQQ,2026-09-28,2026-10-05,C,757.0,527,39,0.1538170556640625,0.94,0.94,0.95
QQQ,2026-09-28,2026-10-05,C,758.0,121,148,0.15296257202148442,0.84,0.8,0.82
QQQ,2026-09-28,2026-10-05,C,759.0,202,71,0.1534508483886719,0.5,0.7,0.73
QQQ,2026-09-28,2026-10-05,C,760.0,1197,413,0.15223015747070315,0.61,0.61,0.62
QQQ,2026-09-28,2026-10-05,C,761.0,198,224,0.15161981201171876,0.52,0.52,0.53
QQQ,2026-09-28,2026-10-05,C,762.0,147,1149,0.1514977429199219,0.45,0.45,0.46
QQQ,2026-09-28,2026-10-05,C,763.0,164,424,0.15088739746093754,0.35,0.38,0.39
QQQ,2026-09-28,2026-10-05,C,764.0,211,166,0.15210808837890627,0.3,0.33,0.35
QQQ,2026-09-28,2026-10-05,C,765.0,530,93,0.1518639501953125,0.26,0.28,0.3
QQQ,2026-09-28,2026-10-05,C,766.0,91,97,0.15088739746093754,0.2,0.24,0.25
QQQ,2026-09-28,2026-10-05,C,767.0,75,275,0.1518639501953125,0.21,0.2,0.22
QQQ,2026-09-28,2026-10-05,C,768.0,215,7,0.15210808837890627,0.19,0.17,0.19
QQQ,2026-09-28,2026-10-05,C,769.0,207,25,0.1518639501953125,0.15,0.14,0.16
QQQ,2026-09-28,2026-10-05,C,770.0,282,103,0.15235222656250003,0.13,0.13,0.14
QQQ,2026-09-28,2026-10-05,C,771.0,109,10,0.15284050292968754,0.12,0.11,0.12
QQQ,2026-09-28,2026-10-05,C,772.0,171,19,0.15454947021484378,0.11,0.09,0.11
QQQ,2026-09-28,2026-10-05,C,773.0,101,3,0.1538170556640625,0.13,0.08,0.09
QQQ,2026-09-28,2026-10-05,C,774.0,7,2,0.15479360839843753,0.08,0.07,0.08
QQQ,2026-09-28,2026-10-05,C,775.0,325,45,0.15869981933593752,0.06,0.06,0.08
QQQ,2026-09-28,2026-10-05,C,780.0,1330,18,0.16602396484375004,0.03,0.03,0.05
QQQ,2026-09-28,2026-10-05,C,785.0,590,46,0.178719150390625,0.02,0.02,0.04
QQQ,2026-09-28,2026-10-05,C,790.0,69,8,0.188484677734375,0.02,0.01,0.03
QQQ,2026-09-28,2026-10-05,C,795.0,77,28,0.20410952148437497,0.03,0.01,0.03
QQQ,2026-09-28,2026-10-05,C,800.0,80,6,0.21094539062499998,0.02,0.01,0.02
QQQ,2026-09-28,2026-10-05,C,805.0,142,240,0.22461712890624996,0.02,0.01,0.02
QQQ,2026-09-28,2026-10-05,C,810.0,35,160,0.23828886718749998,0.02,0.01,0.02
QQQ,2026-09-28,2026-10-05,C,815.0,66,10,0.25391371093750004,0.02,0.01,0.02
QQQ,2026-09-28,2026-10-05,C,820.0,105,70,0.26758544921875,0.01,0.01,0.02
QQQ,2026-09-28,2026-10-05,C,825.0,360,1600,0.28125718749999995,0.02,0.01,0.02
QQQ,2026-09-28,2026-10-05,C,830.0,232,2080,0.29492892578124996,0.01,0.01,0.02
QQQ,2026-09-28,2026-10-05,C,835.0,341,2074,0.3086006640625,0.02,0.01,0.02
QQQ,2026-09-28,2026-10-05,C,840.0,25,0,0.32227240234374993,0.02,0.01,0.02
QQQ,2026-09-28,2026-10-05,C,845.0,80,0,0.335944140625,0.02,0.0,0.02
QQQ,2026-09-28,2026-10-05,C,850.0,81,1,0.34961587890624996,0.02,0.0,0.02
QQQ,2026-09-28,2026-10-05,C,855.0,0,0,0.3632876171875,0.02,0.0,0.02
QQQ,2026-09-28,2026-10-05,C,860.0,29,0,0.37500625,0.02,0.0,0.02
QQQ,2026-09-28,2026-10-05,C,865.0,45,0,0.38672488281249995,0.02,0.0,0.02
QQQ,2026-09-28,2026-10-05,C,870.0,84,0,0.3789124609375,0.02,0.0,0.01
QQQ,2026-09-28,2026-10-05,C,875.0,40,0,0.39063109375,0.02,0.0,0.01
QQQ,2026-09-28,2026-10-05,C,880.0,20,0,0.4023497265625,0.02,0.0,0.01
QQQ,2026-09-28,2026-10-05,P,450.0,156,82,1.109379453125,0.01,0.01,0.02
QQQ,2026-09-28,2026-10-05,P,470.0,102,1844,1.015629921875,0.01,0.01,0.02
QQQ,2026-09-28,2026-10-05,P,475.0,125,24,0.992187578125,0.01,0.01,0.02
QQQ,2026-09-28,2026-10-05,P,480.0,174,20,0.9687503125,0.01,0.01,0.02
QQQ,2026-09-28,2026-10-05,P,485.0,40,3,0.9531254687499999,0.02,0.01,0.02
QQQ,2026-09-28,2026-10-05,P,490.0,108,800,0.929688203125,0.03,0.01,0.02
QQQ,2026-09-28,2026-10-05,P,495.0,49,6,0.9062509375,0.01,0.01,0.02
QQQ,2026-09-28,2026-10-05,P,500.0,10,320,0.8828136718749999,0.02,0.01,0.02
QQQ,2026-09-28,2026-10-05,P,505.0,120,480,0.867188828125,0.01,0.01,0.02
QQQ,2026-09-28,2026-10-05,P,510.0,120,480,0.8437515624999999,0.01,0.01,0.02
QQQ,2026-09-28,2026-10-05,P,515.0,31,1840,0.8203142968749999,0.01,0.01,0.02
QQQ,2026-09-28,2026-10-05,P,520.0,176,640,0.804689453125,0.01,0.01,0.02
QQQ,2026-09-28,2026-10-05,P,525.0,50,500,0.7812521875,0.02,0.01,0.02
QQQ,2026-09-28,2026-10-05,P,530.0,146,60,0.7812521875,0.01,0.01,0.03
QQQ,2026-09-28,2026-10-05,P,535.0,111,981,0.7578149218750001,0.02,0.01,0.03
QQQ,2026-09-28,2026-10-05,P,540.0,69,294,0.7382838671874999,0.02,0.01,0.03
QQQ,2026-09-28,2026-10-05,P,545.0,171,20,0.7187528125,0.01,0.01,0.03
QQQ,2026-09-28,2026-10-05,P,550.0,92,20,0.6992217578125001,0.03,0.01,0.03
QQQ,2026-09-28,2026-10-05,P,555.0,209,1240,0.6796907031250001,0.04,0.01,0.03
QQQ,2026-09-28,2026-10-05,P,560.0,537,351,0.6562534375000001,0.03,0.01,0.03
QQQ,2026-09-28,2026-10-05,P,565.0,427,340,0.64062859375,0.03,0.01,0.03
QQQ,2026-09-28,2026-10-05,P,570.0,530,406,0.6171913281250001,0.04,0.01,0.03
QQQ,2026-09-28,2026-10-05,P,575.0,288,20,0.6015664843750002,0.03,0.01,0.03
QQQ,2026-09-28,2026-10-05,P,580.0,9896,140,0.5820354296875,0.02,0.01,0.03
QQQ,2026-09-28,2026-10-05,P,585.0,7760,7703,0.5625043750000001,0.04,0.01,0.03
QQQ,2026-09-28,2026-10-05,P,590.0,3480,3882,0.5546919531250001,0.04,0.02,0.03
QQQ,2026-09-28,2026-10-05,P,595.0,212,363,0.5351608984375,0.05,0.02,0.03
QQQ,2026-09-28,2026-10-05,P,600.0,269,51,0.523442265625,0.03,0.02,0.04
QQQ,2026-09-28,2026-10-05,P,605.0,1786,1785,0.5039112109375,0.05,0.02,0.04
QQQ,2026-09-28,2026-10-05,P,610.0,509,495,0.500005,0.05,0.02,0.04
QQQ,2026-09-28,2026-10-05,P,615.0,818,706,0.4804739453125,0.06,0.02,0.04
QQQ,2026-09-28,2026-10-05,P,620.0,152,132,0.46094289062500005,0.05,0.02,0.04
QQQ,2026-09-28,2026-10-05,P,625.0,3055,2689,0.4414118359375,0.06,0.03,0.04
QQQ,2026-09-28,2026-10-05,P,630.0,148,4,0.42188078125,0.09,0.03,0.04
QQQ,2026-09-28,2026-10-05,P,635.0,101,151,0.4023497265625,0.04,0.03,0.04
QQQ,2026-09-28,2026-10-05,P,640.0,157,584,0.38477177734374995,0.04,0.03,0.04
QQQ,2026-09-28,2026-10-05,P,645.0,219,2,0.37305314453125,0.05,0.04,0.05
QQQ,2026-09-28,2026-10-05,P,650.0,310,24,0.35352208984374994,0.05,0.04,0.05
QQQ,2026-09-28,2026-10-05,P,655.0,1158,1,0.34180345703125,0.06,0.05,0.06
QQQ,2026-09-28,2026-10-05,P,660.0,12131,77,0.32227240234374993,0.06,0.05,0.06
QQQ,2026-09-28,2026-10-05,P,665.0,5157,1,0.3086006640625,0.06,0.06,0.07
QQQ,2026-09-28,2026-10-05,P,670.0,603,24,0.29395237304687494,0.1,0.07,0.08
QQQ,2026-09-28,2026-10-05,P,675.0,279,19,0.27735097656249996,0.09,0.08,0.09
QQQ,2026-09-28,2026-10-05,P,680.0,457,66,0.264655791015625,0.09,0.1,0.11
QQQ,2026-09-28,2026-10-05,P,685.0,1609,10,0.24951922363281248,0.14,0.12,0.13
QQQ,2026-09-28,2026-10-05,P,689.0,172,205,0.23975369628906246,0.28,0.14,0.16
QQQ,2026-09-28,2026-10-05,P,690.0,605,75,0.23535920898437498,0.21,0.15,0.16
QQQ,2026-09-28,2026-10-05,P,691.0,208,135,0.233406103515625,0.32,0.16,0.17
QQQ,2026-09-28,2026-10-05,P,692.0,798,13,0.2309647216796875,0.18,0.17,0.18
QQQ,2026-09-28,2026-10-05,P,693.0,117,19,0.22852333984375,0.35,0.18,0.19
QQQ,2026-09-28,2026-10-05,P,694.0,51,15,0.22583781982421874,0.36,0.19,0.2
QQQ,2026-09-28,2026-10-05,P,695.0,780,233,0.22315229980468748,0.22,0.2,0.21
QQQ,2026-09-28,2026-10-05,P,696.0,145,13,0.22217574707031246,0.3,0.21,0.23
QQQ,2026-09-28,2026-10-05,P,697.0,121,5,0.21900195068359374,0.32,0.23,0.24
QQQ,2026-09-28,2026-10-05,P,698.0,210,25,0.2172929833984375,0.36,0.24,0.26
QQQ,2026-09-28,2026-10-05,P,699.0,126,7,0.21411918701171873,0.36,0.26,0.27
QQQ,2026-09-28,2026-10-05,P,700.0,1051,202,0.21216608154296873,0.28,0.28,0.29
QQQ,2026-09-28,2026-10-05,P,701.0,151,16,0.20996883789062498,0.39,0.29,0.31
QQQ,2026-09-28,2026-10-05,P,702.0,240,42,0.20777159423828123,0.33,0.31,0.33
QQQ,2026-09-28,2026-10-05,P,703.0,115,67,0.20508607421874997,0.35,0.33,0.35
QQQ,2026-09-28,2026-10-05,P,704.0,174,306,0.20252262329101559,0.38,0.36,0.37
QQQ,2026-09-28,2026-10-05,P,705.0,2255,639,0.20069158691406247,0.41,0.39,0.4
QQQ,2026-09-28,2026-10-05,P,706.0,573,25,0.1986164123535156,0.62,0.42,0.43
QQQ,2026-09-28,2026-10-05,P,707.0,117,82,0.19727365234375,0.61,0.45,0.47
QQQ,2026-09-28,2026-10-05,P,708.0,189,83,0.1947102014160156,0.58,0.49,0.5
QQQ,2026-09-28,2026-10-05,P,709.0,382,111,0.19275709594726562,0.7,0.52,0.54
QQQ,2026-09-28,2026-10-05,P,710.0,1523,205,0.1905598522949219,0.58,0.57,0.58
QQQ,2026-09-28,2026-10-05,P,711.0,172,78,0.18885088500976563,0.64,0.61,0.63
QQQ,2026-09-28,2026-10-05,P,712.0,190,91,0.18689777954101564,0.71,0.66,0.68
QQQ,2026-09-28,2026-10-05,P,713.0,83,167,0.18518881225585934,0.75,0.72,0.74
QQQ,2026-09-28,2026-10-05,P,714.0,484,227,0.18323570678710935,0.79,0.78,0.8
QQQ,2026-09-28,2026-10-05,P,715.0,2251,938,0.18164880859375,0.86,0.86,0.87
QQQ,2026-09-28,2026-10-05,P,716.0,166,115,0.17957363403320312,0.92,0.92,0.94
QQQ,2026-09-28,2026-10-05,P,717.0,200,105,0.1783529431152344,1.02,1.01,1.03
QQQ,2026-09-28,2026-10-05,P,718.0,203,159,0.17615569946289064,1.1,1.1,1.11
QQQ,2026-09-28,2026-10-05,P,719.0,803,126,0.17456880126953128,1.21,1.19,1.21
QQQ,2026-09-28,2026-10-05,P,720.0,1970,260,0.17310397216796874,1.35,1.3,1.32
QQQ,2026-09-28,2026-10-05,P,721.0,288,171,0.17163914306640626,1.5,1.42,1.44
QQQ,2026-09-28,2026-10-05,P,722.0,253,304,0.17011327941894533,1.57,1.55,1.57
QQQ,2026-09-28,2026-10-05,P,723.0,265,182,0.16858741577148442,1.75,1.69,1.71
QQQ,2026-09-28,2026-10-05,P,724.0,111,138,0.16736672485351564,1.94,1.84,1.87
QQQ,2026-09-28,2026-10-05,P,725.0,1364,506,0.16669534484863285,2.1,2.03,2.06
QQQ,2026-09-28,2026-10-05,P,726.0,133,283,0.1645591357421875,2.82,2.18,2.22
QQQ,2026-09-28,2026-10-05,P,727.0,272,222,0.16413189392089844,2.43,2.42,2.45
QQQ,2026-09-28,2026-10-05,P,728.0,211,109,0.1623008575439453,2.62,2.62,2.65
QQQ,2026-09-28,2026-10-05,P,729.0,169,122,0.1606529248046875,2.87,2.84,2.87
QQQ,2026-09-28,2026-10-05,P,730.0,2003,2409,0.15931016479492188,3.11,3.1,3.12
QQQ,2026-09-28,2026-10-05,P,731.0,167,73,0.15827257751464846,3.82,3.36,3.4
QQQ,2026-09-28,2026-10-05,P,732.0,223,174,0.157234990234375,3.75,3.66,3.7
QQQ,2026-09-28,2026-10-05,P,733.0,249,237,0.15616688568115233,4.06,3.99,4.02
QQQ,2026-09-28,2026-10-05,P,734.0,660,344,0.15479360839843753,4.35,4.32,4.35
QQQ,2026-09-28,2026-10-05,P,735.0,909,753,0.15387809020996096,4.75,4.68,4.72
QQQ,2026-09-28,2026-10-05,P,736.0,402,834,0.1518334329223633,5.08,5.03,5.07
QQQ,2026-09-28,2026-10-05,P,737.0,312,481,0.150948432006836,5.5,5.45,5.49
QQQ,2026-09-28,2026-10-05,P,738.0,736,893,0.1489342919921875,6.0,5.85,5.89
QQQ,2026-09-28,2026-10-05,P,739.0,348,1004,0.1482629119873047,6.39,6.33,6.37
QQQ,2026-09-28,2026-10-05,P,740.0,893,1123,0.14740842834472656,7.0,6.83,6.87
QQQ,2026-09-28,2026-10-05,P,741.0,231,340,0.14594359924316402,7.48,7.33,7.37
QQQ,2026-09-28,2026-10-05,P,742.0,234,130,0.14350221740722657,8.25,7.81,7.86
QQQ,2026-09-28,2026-10-05,P,743.0,137,31,0.14185428466796873,9.22,8.37,8.41
QQQ,2026-09-28,2026-10-05,P,744.0,248,22,0.14154911193847658,10.05,8.98,9.04
QQQ,2026-09-28,2026-10-05,P,745.0,502,145,0.1378260046386719,10.54,9.52,9.57
QQQ,2026-09-28,2026-10-05,P,746.0,254,20,0.13739876281738284,11.29,10.19,10.25
QQQ,2026-09-28,2026-10-05,P,747.0,44,47,0.1358728991699219,11.88,10.85,10.92
QQQ,2026-09-28,2026-10-05,P,748.0,35,7,0.13721565917968753,11.54,11.6,11.71
QQQ,2026-09-28,2026-10-05,P,749.0,128,15,0.13898566101074222,13.86,12.15,12.53
QQQ,2026-09-28,2026-10-05,P,750.0,50,16,0.13715462463378908,13.25,12.91,13.26
QQQ,2026-09-28,2026-10-05,P,751.0,13,10,0.13538462280273442,14.09,13.64,14.02
QQQ,2026-09-28,2026-10-05,P,752.0,25,18,0.1334925518798828,20.28,14.45,14.8
QQQ,2026-09-28,2026-10-05,P,753.0,14,20,0.131844619140625,14.89,15.15,15.61
QQQ,2026-09-28,2026-10-05,P,754.0,22,14,0.13050185913085935,19.99,16.06,16.45
QQQ,2026-09-28,2026-10-05,P,755.0,9,11,0.12696185546875,17.34,16.8,17.27
QQQ,2026-09-28,2026-10-05,P,756.0,12,29,0.12488668090820312,18.9,17.72,18.14
QQQ,2026-09-28,2026-10-05,P,759.0,5,4,0.1137783935546875,22.69,20.37,20.82
QQQ,2026-09-28,2026-10-05,P,760.0,13,5,0.10913976806640624,21.04,21.27,21.75
QQQ,2026-09-28,2026-10-05,P,762.0,2,4,0.08594664062500001,24.05,23.15,23.64
QQQ,2026-09-28,2026-10-05,P,765.0,7,6,1.0000000000000003e-05,27.6,25.94,26.54
QQQ,2026-09-28,2026-10-05,P,767.0,0,1,0.10157148437499999,23.15,27.99,28.64
QQQ,2026-09-28,2026-10-05,P,770.0,0,1,0.12842668457031248,25.78,29.68,31.67
QQQ,2026-09-28,2026-10-05,P,771.0,0,1,1.0000000000000003e-05,33.75,31.95,32.54
QQQ,2026-09-28,2026-10-05,P,775.0,0,0,0.280707876586914,35.25,35.91,38.13
QQQ,2026-09-28,2026-10-05,P,780.0,0,0,0.30713583496093744,32.45,39.72,43.13
QQQ,2026-09-28,2026-10-06,C,695.0,37,3,0.37915659912109373,41.87,42.79,46.25
QQQ,2026-09-28,2026-10-06,C,700.0,2,1,0.3523013989257812,38.24,37.9,41.36
QQQ,2026-09-28,2026-10-06,C,705.0,3,3,0.2696606237792969,40.99,34.24,35.13
QQQ,2026-09-28,2026-10-06,C,710.0,6,5,0.25061784545898436,27.34,29.52,30.38
QQQ,2026-09-28,2026-10-06,C,712.0,1,18,0.24573508178710937,25.84,27.73,28.57
QQQ,2026-09-28,2026-10-06,C,713.0,1,1,0.2398147308349609,26.0,26.85,27.58
QQQ,2026-09-28,2026-10-06,C,714.0,2,1,0.23609162353515623,25.34,26.04,26.65
QQQ,2026-09-28,2026-10-06,C,715.0,42,3,0.23218541259765624,24.6,25.14,25.72
QQQ,2026-09-28,2026-10-06,C,717.0,2,2,0.22541057800292968,23.98,23.42,23.9
QQQ,2026-09-28,2026-10-06,C,718.0,1,2,0.222114712524414,28.04,22.55,23.0
QQQ,2026-09-28,2026-10-06,C,720.0,30,20,0.21778125976562498,20.09,20.83,21.29
QQQ,2026-09-28,2026-10-06,C,723.0,8,1,0.20948056152343747,19.01,18.32,18.73
QQQ,2026-09-28,2026-10-06,C,725.0,39,14,0.20459779785156246,15.74,16.7,17.09
QQQ,2026-09-28,2026-10-06,C,726.0,1,6,0.20313296874999998,15.13,15.9,16.32
QQQ,2026-09-28,2026-10-06,C,727.0,20,23,0.1991352059936523,15.33,15.13,15.47
QQQ,2026-09-28,2026-10-06,C,728.0,2,65,0.19831123962402342,13.69,14.37,14.75
QQQ,2026-09-28,2026-10-06,C,729.0,2,6,0.19425244232177735,11.65,13.63,13.92
QQQ,2026-09-28,2026-10-06,C,730.0,111,350,0.1922077850341797,12.29,13.09,13.18
QQQ,2026-09-28,2026-10-06,C,731.0,13,906,0.1907429559326172,12.19,12.41,12.48
QQQ,2026-09-28,2026-10-06,C,732.0,44,1977,0.1891560577392578,11.5,11.72,11.79
QQQ,2026-09-28,2026-10-06,C,733.0,30,364,0.18720295227050782,9.8,11.03,11.1
QQQ,2026-09-28,2026-10-06,C,734.0,16,257,0.18506674316406246,9.15,10.36,10.42
QQQ,2026-09-28,2026-10-06,C,735.0,147,755,0.18158777404785154,9.11,9.65,9.7
QQQ,2026-09-28,2026-10-06,C,736.0,30,274,0.18116053222656248,9.1,9.08,9.13
QQQ,2026-09-28,2026-10-06,C,737.0,45,720,0.18030604858398439,8.53,8.51,8.56
QQQ,2026-09-28,2026-10-06,C,738.0,81,2738,0.1785360467529297,7.94,7.93,7.97
QQQ,2026-09-28,2026-10-06,C,739.0,136,712,0.17603363037109376,7.43,7.32,7.37
QQQ,2026-09-28,2026-10-06,C,740.0,507,1089,0.17401949035644532,6.87,6.77,6.81
QQQ,2026-09-28,2026-10-06,C,741.0,100,160,0.17426362854003907,6.28,6.33,6.37
QQQ,2026-09-28,2026-10-06,C,742.0,64,224,0.17328707580566405,5.8,5.85,5.9
QQQ,2026-09-28,2026-10-06,C,743.0,154,304,0.17093724578857422,5.31,5.34,5.39
QQQ,2026-09-28,2026-10-06,C,744.0,52,564,0.17063207305908207,4.84,4.95,4.99
QQQ,2026-09-28,2026-10-06,C,745.0,519,625,0.1680991394042969,4.51,4.48,4.52
QQQ,2026-09-28,2026-10-06,C,746.0,48,77,0.16724465576171876,4.1,4.09,4.14
QQQ,2026-09-28,2026-10-06,C,747.0,33,36,0.16635965484619147,3.54,3.75,3.78
QQQ,2026-09-28,2026-10-06,C,748.0,445,238,0.16492534301757814,3.43,3.38,3.42
QQQ,2026-09-28,2026-10-06,C,749.0,25,22,0.16394879028320314,2.91,3.06,3.1
QQQ,2026-09-28,2026-10-06,C,750.0,659,169,0.16297223754882814,2.77,2.76,2.8
QQQ,2026-09-28,2026-10-06,C,751.0,118,12,0.16285016845703126,2.5,2.51,2.55
QQQ,2026-09-28,2026-10-06,C,752.0,26,32,0.16156844299316403,2.28,2.24,2.28
QQQ,2026-09-28,2026-10-06,C,753.0,28,15,0.1606529248046875,1.63,2.01,2.04
QQQ,2026-09-28,2026-10-06,C,754.0,48,31,0.16010361389160155,1.4,1.79,1.83
QQQ,2026-09-28,2026-10-06,C,755.0,301,125,0.15931016479492188,1.62,1.6,1.63
QQQ,2026-09-28,2026-10-06,C,756.0,70,37,0.15869981933593752,1.43,1.41,1.45
QQQ,2026-09-28,2026-10-06,C,757.0,327,29,0.15778430114746095,1.26,1.25,1.28
QQQ,2026-09-28,2026-10-06,C,758.0,64,25,0.15674671386718753,1.1,1.1,1.12
QQQ,2026-09-28,2026-10-06,C,759.0,14,42,0.15674671386718753,0.97,0.97,1.0
QQQ,2026-09-28,2026-10-06,C,760.0,400,288,0.1562584375,0.77,0.86,0.88
QQQ,2026-09-28,2026-10-06,C,761.0,49,108,0.15564809204101562,0.75,0.74,0.77
QQQ,2026-09-28,2026-10-06,C,762.0,94,76,0.15552602294921875,0.65,0.65,0.68
QQQ,2026-09-28,2026-10-06,C,763.0,67,358,0.15430533203125002,0.51,0.56,0.58
QQQ,2026-09-28,2026-10-06,C,764.0,37,4,0.15430533203125002,0.55,0.49,0.51
QQQ,2026-09-28,2026-10-06,C,765.0,437,70,0.15454947021484378,0.43,0.44,0.45
QQQ,2026-09-28,2026-10-06,C,766.0,75,240,0.15418326293945314,0.28,0.38,0.39
QQQ,2026-09-28,2026-10-06,C,767.0,38,31,0.15406119384765626,0.3,0.33,0.34
QQQ,2026-09-28,2026-10-06,C,768.0,35,3,0.15357291748046875,0.29,0.28,0.29
QQQ,2026-09-28,2026-10-06,C,769.0,48,5,0.15332877929687502,0.19,0.23,0.25
QQQ,2026-09-28,2026-10-06,C,770.0,2414,35,0.1538170556640625,0.19,0.21,0.22
QQQ,2026-09-28,2026-10-06,C,771.0,6,41,0.1550377465820313,0.19,0.18,0.2
QQQ,2026-09-28,2026-10-06,C,772.0,96,5,0.15479360839843753,0.14,0.15,0.17
QQQ,2026-09-28,2026-10-06,C,773.0,46,16,0.15528188476562502,0.13,0.13,0.15
QQQ,2026-09-28,2026-10-06,C,774.0,114,1,0.15552602294921875,0.23,0.12,0.13
QQQ,2026-09-28,2026-10-06,C,775.0,148,13,0.157234990234375,0.1,0.1,0.12
QQQ,2026-09-28,2026-10-06,C,780.0,129,388,0.16211775390625,0.06,0.06,0.07
QQQ,2026-09-28,2026-10-06,C,785.0,332,272,0.17090672851562502,0.04,0.03,0.05
QQQ,2026-09-28,2026-10-06,C,790.0,173,10,0.18164880859375,0.02,0.02,0.04
QQQ,2026-09-28,2026-10-06,C,795.0,92,10,0.19043778320312502,0.03,0.01,0.03
QQQ,2026-09-28,2026-10-06,C,800.0,169,711,0.20508607421874997,0.04,0.01,0.03
QQQ,2026-09-28,2026-10-06,C,805.0,113,1,0.21094539062499998,0.02,0.01,0.02
QQQ,2026-09-28,2026-10-06,C,810.0,178,1,0.22461712890624996,0.03,0.01,0.02
QQQ,2026-09-28,2026-10-06,C,815.0,28,280,0.23828886718749998,0.04,0.01,0.02
QQQ,2026-09-28,2026-10-06,C,820.0,40,2,0.2500075,0.01,0.0,0.02
QQQ,2026-09-28,2026-10-06,C,825.0,79,992,0.26367923828125,0.01,0.0,0.02
QQQ,2026-09-28,2026-10-06,P,510.0,25,0,0.804689453125,0.01,0.01,0.03
QQQ,2026-09-28,2026-10-06,P,515.0,40,0,0.789064609375,0.02,0.01,0.03
QQQ,2026-09-28,2026-10-06,P,520.0,40,0,0.7656273437500001,0.01,0.01,0.03
QQQ,2026-09-28,2026-10-06,P,525.0,0,40,0.7500025,0.02,0.01,0.03
QQQ,2026-09-28,2026-10-06,P,530.0,96,15,0.726565234375,0.03,0.01,0.03
QQQ,2026-09-28,2026-10-06,P,535.0,40,560,0.710940390625,0.02,0.01,0.03
QQQ,2026-09-28,2026-10-06,P,540.0,36,880,0.6914093359375001,0.02,0.01,0.03
QQQ,2026-09-28,2026-10-06,P,545.0,60,320,0.6718782812500002,0.04,0.01,0.03
QQQ,2026-09-28,2026-10-06,P,550.0,111,325,0.6523472265625001,0.02,0.01,0.03
QQQ,2026-09-28,2026-10-06,P,555.0,71,160,0.632816171875,0.02,0.01,0.03
QQQ,2026-09-28,2026-10-06,P,560.0,59,210,0.6171913281250001,0.02,0.01,0.03
QQQ,2026-09-28,2026-10-06,P,565.0,49,460,0.5976602734375001,0.03,0.01,0.03
QQQ,2026-09-28,2026-10-06,P,570.0,66,80,0.57812921875,0.02,0.01,0.03
QQQ,2026-09-28,2026-10-06,P,575.0,20,20,0.5625043750000001,0.02,0.01,0.03
QQQ,2026-09-28,2026-10-06,P,580.0,16,200,0.5429733203125001,0.02,0.01,0.03
QQQ,2026-09-28,2026-10-06,P,585.0,37,80,0.5351608984375,0.02,0.01,0.04
QQQ,2026-09-28,2026-10-06,P,590.0,0,0,0.5195360546875,0.07,0.01,0.04
QQQ,2026-09-28,2026-10-06,P,600.0,1,0,0.5039112109375,0.08,0.02,0.04
QQQ,2026-09-28,2026-10-06,P,610.0,49,0,0.46680220703125,0.08,0.02,0.04
QQQ,2026-09-28,2026-10-06,P,625.0,24,3,0.41211525390625,0.07,0.03,0.04
QQQ,2026-09-28,2026-10-06,P,630.0,35,2,0.40430283203125,0.06,0.04,0.05
QQQ,2026-09-28,2026-10-06,P,635.0,12,4,0.39258419921875,0.07,0.04,0.06
QQQ,2026-09-28,2026-10-06,P,645.0,145,2,0.362311064453125,0.11,0.06,0.07
QQQ,2026-09-28,2026-10-06,P,650.0,2787,17,0.3437565625,0.08,0.06,0.07
QQQ,2026-09-28,2026-10-06,P,655.0,211,1,0.331061376953125,0.1,0.07,0.08
QQQ,2026-09-28,2026-10-06,P,660.0,26,4085,0.31641308593749995,0.09,0.08,0.09
QQQ,2026-09-28,2026-10-06,P,665.0,128,3007,0.304694453125,0.11,0.1,0.11
QQQ,2026-09-28,2026-10-06,P,670.0,107,63,0.2890696093749999,0.13,0.11,0.12
QQQ,2026-09-28,2026-10-06,P,675.0,133,32,0.2778392529296875,0.17,0.14,0.15
QQQ,2026-09-28,2026-10-06,P,680.0,61,49,0.2651440673828125,0.24,0.17,0.18
QQQ,2026-09-28,2026-10-06,P,685.0,86,309,0.25049577636718745,0.25,0.2,0.21
QQQ,2026-09-28,2026-10-06,P,690.0,104,739,0.23780059082031246,0.26,0.25,0.26
QQQ,2026-09-28,2026-10-06,P,691.0,40,5,0.23633576171874998,0.37,0.27,0.28
QQQ,2026-09-28,2026-10-06,P,692.0,170,52,0.233406103515625,0.41,0.27,0.29
QQQ,2026-09-28,2026-10-06,P,693.0,14,38,0.23169713623046873,0.34,0.29,0.31
QQQ,2026-09-28,2026-10-06,P,694.0,7,190,0.22876747802734376,0.32,0.3,0.32
QQQ,2026-09-28,2026-10-06,P,695.0,232,43,0.2268143725585937,0.5,0.32,0.34
QQQ,2026-09-28,2026-10-06,P,696.0,7,212,0.22461712890624996,0.39,0.34,0.36
QQQ,2026-09-28,2026-10-06,P,697.0,524,217,0.2211991943359375,0.52,0.36,0.37
QQQ,2026-09-28,2026-10-06,P,698.0,192,68,0.2199785034179687,0.49,0.38,0.4
QQQ,2026-09-28,2026-10-06,P,699.0,85,134,0.2172929833984375,0.47,0.4,0.42
QQQ,2026-09-28,2026-10-06,P,700.0,431,259,0.2157060852050781,0.44,0.43,0.45
QQQ,2026-09-28,2026-10-06,P,701.0,79,25,0.21289849609375,0.53,0.45,0.47
QQQ,2026-09-28,2026-10-06,P,702.0,20,38,0.2108233215332031,0.5,0.49,0.5
QQQ,2026-09-28,2026-10-06,P,703.0,785,60,0.20862607788085932,0.75,0.51,0.53
QQQ,2026-09-28,2026-10-06,P,704.0,80,41,0.20703917968749996,0.74,0.55,0.57
QQQ,2026-09-28,2026-10-06,P,705.0,1779,1511,0.20447572875976558,0.83,0.58,0.6
QQQ,2026-09-28,2026-10-06,P,706.0,1442,33,0.2024005541992187,0.93,0.63,0.64
QQQ,2026-09-28,2026-10-06,P,707.0,286,440,0.20020331054687499,0.68,0.67,0.68
QQQ,2026-09-28,2026-10-06,P,708.0,28,27,0.19788399780273438,0.76,0.71,0.72
QQQ,2026-09-28,2026-10-06,P,709.0,569,53,0.1959308923339844,1.0,0.76,0.77
QQQ,2026-09-28,2026-10-06,P,710.0,480,337,0.194343994140625,0.98,0.82,0.83
QQQ,2026-09-28,2026-10-06,P,711.0,42,54,0.1925129577636719,0.93,0.88,0.89
QQQ,2026-09-28,2026-10-06,P,712.0,83,78,0.1909260595703125,0.96,0.95,0.96
QQQ,2026-09-28,2026-10-06,P,713.0,524,31,0.1895832995605469,1.45,1.02,1.04
QQQ,2026-09-28,2026-10-06,P,714.0,131,40,0.18799640136718748,1.54,1.1,1.12
QQQ,2026-09-28,2026-10-06,P,715.0,1026,1994,0.18610433044433594,1.19,1.18,1.2
QQQ,2026-09-28,2026-10-06,P,716.0,81,40,0.18433432861328125,1.83,1.26,1.29
QQQ,2026-09-28,2026-10-06,P,717.0,43,13,0.18238122314453126,1.73,1.35,1.38
QQQ,2026-09-28,2026-10-06,P,718.0,62,55,0.1808553594970703,2.03,1.47,1.49
QQQ,2026-09-28,2026-10-06,P,719.0,81,73,0.1790853576660156,1.81,1.58,1.6
QQQ,2026-09-28,2026-10-06,P,720.0,533,321,0.1780477703857422,1.78,1.71,1.74
QQQ,2026-09-28,2026-10-06,P,721.0,65,61,0.17627776855468752,2.33,1.84,1.87
QQQ,2026-09-28,2026-10-06,P,722.0,60,47,0.17487397399902344,2.06,1.99,2.02
QQQ,2026-09-28,2026-10-06,P,723.0,62,46,0.17347017944335938,2.77,2.15,2.18
QQQ,2026-09-28,2026-10-06,P,724.0,322,56,0.17163914306640626,2.94,2.31,2.34
QQQ,2026-09-28,2026-10-06,P,725.0,405,428,0.1710287976074219,2.6,2.52,2.55
QQQ,2026-09-28,2026-10-06,P,726.0,143,341,0.16962500305175782,2.73,2.71,2.75
QQQ,2026-09-28,2026-10-06,P,727.0,45,17,0.16754982849121097,2.94,2.9,2.94
QQQ,2026-09-28,2026-10-06,P,728.0,41,30,0.1667563793945313,3.18,3.14,3.19
QQQ,2026-09-28,2026-10-06,P,729.0,60,67,0.16577982666015628,4.13,3.4,3.45
QQQ,2026-09-28,2026-10-06,P,730.0,212,319,0.16462017028808595,3.67,3.69,3.72
QQQ,2026-09-28,2026-10-06,P,731.0,27,157,0.16327741027832032,4.53,3.96,4.0
QQQ,2026-09-28,2026-10-06,P,732.0,80,72,0.16144637390136718,4.7,4.24,4.28
QQQ,2026-09-28,2026-10-06,P,733.0,104,149,0.1606529248046875,4.75,4.58,4.62
QQQ,2026-09-28,2026-10-06,P,734.0,81,118,0.1588524057006836,5.16,4.9,4.94
QQQ,2026-09-28,2026-10-06,P,735.0,256,660,0.15729602478027344,5.42,5.25,5.29
QQQ,2026-09-28,2026-10-06,P,736.0,94,553,0.15781481842041017,5.84,5.7,5.75
QQQ,2026-09-28,2026-10-06,P,737.0,49,1953,0.15430533203125002,6.13,6.02,6.06
QQQ,2026-09-28,2026-10-06,P,738.0,91,685,0.15354240020751952,6.64,6.46,6.51
QQQ,2026-09-28,2026-10-06,P,739.0,205,677,0.1519860192871094,6.94,6.91,6.95
QQQ,2026-09-28,2026-10-06,P,740.0,287,345,0.1514977429199219,7.55,7.42,7.46
QQQ,2026-09-28,2026-10-06,P,741.0,27,396,0.15046015563964849,9.11,7.92,7.97
QQQ,2026-09-28,2026-10-06,P,742.0,64,20,0.14881222290039062,9.45,8.43,8.48
QQQ,2026-09-28,2026-10-06,P,743.0,16,48,0.14630980651855469,8.38,8.93,8.98
QQQ,2026-09-28,2026-10-06,P,744.0,26,29,0.14490601196289063,11.06,9.5,9.55
QQQ,2026-09-28,2026-10-06,P,745.0,343,115,0.1430444583129883,10.52,10.07,10.13
QQQ,2026-09-28,2026-10-06,P,746.0,17,15,0.1422815264892578,12.34,10.71,10.78
QQQ,2026-09-28,2026-10-06,P,747.0,2,216,0.14038945556640625,11.71,11.34,11.41
QQQ,2026-09-28,2026-10-06,P,748.0,8,3,0.13825324645996095,13.69,11.99,12.06
QQQ,2026-09-28,2026-10-06,P,750.0,89,1,0.13916876464843753,13.7,13.32,13.61
QQQ,2026-09-28,2026-10-06,P,752.0,2,2,0.1362391064453125,12.02,14.74,15.12
QQQ,2026-09-28,2026-10-06,P,753.0,3,3,0.1307459973144531,17.23,15.51,15.8
QQQ,2026-09-28,2026-10-06,P,755.0,43,2,0.12696185546875,19.1,17.18,17.44
QQQ,2026-09-28,2026-10-06,P,756.0,1,2,0.12439840454101564,15.8,17.93,18.28
QQQ,2026-09-28,2026-10-06,P,759.0,15,0,0.11805081176757812,20.74,20.57,20.95
QQQ,2026-09-28,2026-10-06,P,760.0,24,1,0.10596597167968749,21.89,21.42,21.78
QQQ,2026-09-28,2026-10-06,P,763.0,1,8,1.0000000000000003e-05,24.98,24.01,24.61
QQQ,2026-09-28,2026-10-07,C,695.0,35,4,0.36688865539550786,44.57,43.01,46.49
QQQ,2026-09-28,2026-10-07,C,715.0,36,1,0.23731231445312498,24.7,25.83,26.28
QQQ,2026-09-28,2026-10-07,C,719.0,1,1,0.22980506530761718,21.67,22.34,22.9
QQQ,2026-09-28,2026-10-07,C,720.0,5,1,0.22412885253906245,19.63,21.45,21.94
QQQ,2026-09-28,2026-10-07,C,725.0,2,1,0.20789366333007808,17.82,17.45,17.67
QQQ,2026-09-28,2026-10-07,C,728.0,1,8,0.20533021240234373,15.09,15.08,15.51
QQQ,2026-09-28,2026-10-07,C,729.0,15,10,0.19815865325927734,15.09,14.43,14.55
QQQ,2026-09-28,2026-10-07,C,730.0,17,55,0.19617503051757812,13.06,13.7,13.82
QQQ,2026-09-28,2026-10-07,C,731.0,11,13,0.19458813232421873,12.28,13.02,13.12
QQQ,2026-09-28,2026-10-07,C,732.0,21,1,0.1903767486572266,12.95,12.21,12.32
QQQ,2026-09-28,2026-10-07,C,733.0,123,28,0.19104812866210938,10.16,11.64,11.75
QQQ,2026-09-28,2026-10-07,C,734.0,50,6,0.18775226318359373,10.33,10.91,11.02
QQQ,2026-09-28,2026-10-07,C,735.0,193,178,0.18744709045410157,10.35,10.34,10.44
QQQ,2026-09-28,2026-10-07,C,736.0,76,201,0.18692829681396483,9.83,9.77,9.87
QQQ,2026-09-28,2026-10-07,C,737.0,129,266,0.18451743225097655,9.13,9.14,9.23
QQQ,2026-09-28,2026-10-07,C,738.0,150,440,0.1834493276977539,8.64,8.61,8.67
QQQ,2026-09-28,2026-10-07,C,739.0,17,153,0.18131311859130855,7.9,8.03,8.08
QQQ,2026-09-28,2026-10-07,C,740.0,331,6854,0.18030604858398439,7.44,7.51,7.56
QQQ,2026-09-28,2026-10-07,C,741.0,130,17,0.1790853576660156,6.92,7.0,7.05
QQQ,2026-09-28,2026-10-07,C,742.0,55,39,0.17786466674804688,6.36,6.52,6.56
QQQ,2026-09-28,2026-10-07,C,743.0,56,96,0.17646087219238282,5.72,6.03,6.08
QQQ,2026-09-28,2026-10-07,C,744.0,203,75,0.1749960430908203,5.51,5.57,5.62
QQQ,2026-09-28,2026-10-07,C,745.0,423,188,0.17426362854003907,5.2,5.17,5.21
QQQ,2026-09-28,2026-10-07,C,746.0,148,26,0.1712119012451172,4.31,4.69,4.72
QQQ,2026-09-28,2026-10-07,C,747.0,99,33,0.1706625903320313,4.4,4.32,4.36
QQQ,2026-09-28,2026-10-07,C,748.0,316,127,0.16916724395751953,3.72,3.94,3.98
QQQ,2026-09-28,2026-10-07,C,749.0,39,18,0.16864845031738285,2.89,3.62,3.66
QQQ,2026-09-28,2026-10-07,C,750.0,218,308,0.16791603576660158,3.34,3.31,3.35
QQQ,2026-09-28,2026-10-07,C,751.0,55,37,0.16700051757812504,2.5,3.02,3.05
QQQ,2026-09-28,2026-10-07,C,752.0,1991,45,0.16523051574707032,2.73,2.69,2.74
QQQ,2026-09-28,2026-10-07,C,753.0,101,8,0.1643760321044922,2.44,2.43,2.48
QQQ,2026-09-28,2026-10-07,C,754.0,41,33,0.1638267211914063,2.2,2.22,2.25
QQQ,2026-09-28,2026-10-07,C,755.0,86,71,0.1627891339111328,1.86,2.0,2.02
QQQ,2026-09-28,2026-10-07,C,756.0,44,67,0.16248396118164063,1.8,1.8,1.83
QQQ,2026-09-28,2026-10-07,C,757.0,105,103,0.16101913208007812,1.61,1.59,1.62
QQQ,2026-09-28,2026-10-07,C,758.0,104,51,0.16040878662109376,1.44,1.43,1.45
QQQ,2026-09-28,2026-10-07,C,759.0,13,36,0.16040878662109376,1.26,1.28,1.31
QQQ,2026-09-28,2026-10-07,C,760.0,608,148,0.1599815447998047,1.11,1.14,1.17
QQQ,2026-09-28,2026-10-07,C,761.0,52,69,0.15943223388671873,0.91,1.02,1.04
QQQ,2026-09-28,2026-10-07,C,762.0,28,59,0.15833361206054689,0.89,0.88,0.91
QQQ,2026-09-28,2026-10-07,C,763.0,127,61,0.15808947387695313,0.77,0.79,0.81
QQQ,2026-09-28,2026-10-07,C,764.0,228,9,0.1573570593261719,0.68,0.7,0.71
QQQ,2026-09-28,2026-10-07,C,765.0,600,51,0.15662464477539065,0.61,0.61,0.62
QQQ,2026-09-28,2026-10-07,C,766.0,169,96,0.15662464477539065,0.53,0.54,0.55
QQQ,2026-09-28,2026-10-07,C,767.0,61,36,0.15613636840820314,0.48,0.47,0.48
QQQ,2026-09-28,2026-10-07,C,768.0,185,230,0.15650257568359377,0.41,0.42,0.43
QQQ,2026-09-28,2026-10-07,C,769.0,86,40,0.15662464477539065,0.33,0.36,0.38
QQQ,2026-09-28,2026-10-07,C,770.0,591,63,0.1562584375,0.32,0.32,0.33
QQQ,2026-09-28,2026-10-07,C,771.0,133,2,0.157234990234375,0.3,0.28,0.3
QQQ,2026-09-28,2026-10-07,C,772.0,48,61,0.1557701611328125,0.25,0.24,0.25
QQQ,2026-09-28,2026-10-07,C,773.0,60,15,0.15601429931640626,0.22,0.21,0.22
QQQ,2026-09-28,2026-10-07,C,774.0,59,49,0.15699085205078128,0.19,0.18,0.2
QQQ,2026-09-28,2026-10-07,C,775.0,528,33,0.1577232666015625,0.17,0.16,0.18
QQQ,2026-09-28,2026-10-07,C,780.0,164,1,0.1606529248046875,0.08,0.09,0.1
QQQ,2026-09-28,2026-10-07,C,785.0,47,4,0.16797707031250003,0.05,0.05,0.07
QQQ,2026-09-28,2026-10-07,C,790.0,90,28,0.1757894921875,0.03,0.03,0.05
QQQ,2026-09-28,2026-10-07,C,795.0,8,2,0.18555501953124998,0.06,0.02,0.04
QQQ,2026-09-28,2026-10-07,C,800.0,2685,40,0.19336744140625,0.05,0.02,0.03
QQQ,2026-09-28,2026-10-07,C,805.0,37,770,0.20703917968749996,0.02,0.01,0.03
QQQ,2026-09-28,2026-10-07,C,810.0,41,850,0.21094539062499998,0.02,0.01,0.02
QQQ,2026-09-28,2026-10-07,C,815.0,43,3,0.22266402343749997,0.03,0.01,0.02
QQQ,2026-09-28,2026-10-07,C,820.0,57,101,0.23633576171874998,0.01,0.01,0.02
QQQ,2026-09-28,2026-10-07,C,825.0,32,432,0.24805439453125,0.04,0.01,0.02
QQQ,2026-09-28,2026-10-07,C,830.0,29,800,0.2617261328125,0.02,0.0,0.02
QQQ,2026-09-28,2026-10-07,P,510.0,30,382,0.7617211328125001,0.03,0.01,0.03
QQQ,2026-09-28,2026-10-07,P,515.0,26,260,0.7421900781249999,0.04,0.01,0.03
QQQ,2026-09-28,2026-10-07,P,520.0,66,260,0.726565234375,0.02,0.01,0.03
QQQ,2026-09-28,2026-10-07,P,525.0,27,520,0.70312796875,0.02,0.01,0.03
QQQ,2026-09-28,2026-10-07,P,530.0,132,620,0.6875031250000001,0.01,0.01,0.03
QQQ,2026-09-28,2026-10-07,P,535.0,117,360,0.6718782812500002,0.02,0.01,0.03
QQQ,2026-09-28,2026-10-07,P,540.0,69,180,0.6523472265625001,0.01,0.01,0.03
QQQ,2026-09-28,2026-10-07,P,545.0,58,0,0.632816171875,0.03,0.01,0.03
QQQ,2026-09-28,2026-10-07,P,550.0,38,160,0.6171913281250001,0.04,0.01,0.03
QQQ,2026-09-28,2026-10-07,P,555.0,44,720,0.5976602734375001,0.02,0.01,0.03
QQQ,2026-09-28,2026-10-07,P,560.0,94,720,0.5820354296875,0.02,0.01,0.03
QQQ,2026-09-28,2026-10-07,P,565.0,34,60,0.5625043750000001,0.02,0.01,0.03
QQQ,2026-09-28,2026-10-07,P,570.0,143,20,0.5468795312500001,0.02,0.01,0.03
QQQ,2026-09-28,2026-10-07,P,575.0,15,20,0.5312546875,0.02,0.01,0.03
QQQ,2026-09-28,2026-10-07,P,595.0,5,0,0.49219257812500006,0.08,0.02,0.04
QQQ,2026-09-28,2026-10-07,P,600.0,20,20,0.47461462890625,0.05,0.02,0.04
QQQ,2026-09-28,2026-10-07,P,605.0,70,0,0.467778759765625,0.11,0.03,0.05
QQQ,2026-09-28,2026-10-07,P,610.0,31,27,0.450200810546875,0.08,0.03,0.05
QQQ,2026-09-28,2026-10-07,P,615.0,50,1,0.432622861328125,0.08,0.04,0.05
QQQ,2026-09-28,2026-10-07,P,620.0,1,0,0.42383388671875,0.19,0.04,0.06
QQQ,2026-09-28,2026-10-07,P,625.0,12,6,0.4062559375,0.1,0.04,0.06
QQQ,2026-09-28,2026-10-07,P,630.0,353,203,0.39453730468750003,0.11,0.06,0.07
QQQ,2026-09-28,2026-10-07,P,635.0,2,3,0.38281867187499996,0.09,0.07,0.08
QQQ,2026-09-28,2026-10-07,P,640.0,401,399,0.370123486328125,0.13,0.08,0.09
QQQ,2026-09-28,2026-10-07,P,645.0,46,0,0.35645174804687496,0.27,0.09,0.1
QQQ,2026-09-28,2026-10-07,P,650.0,265,1,0.34229173339843744,0.14,0.1,0.11
QQQ,2026-09-28,2026-10-07,P,655.0,43,1,0.3276434423828125,0.13,0.11,0.12
QQQ,2026-09-28,2026-10-07,P,660.0,188,109,0.3154365332031249,0.19,0.12,0.14
QQQ,2026-09-28,2026-10-07,P,665.0,202,10,0.30225307128906254,0.2,0.15,0.16
QQQ,2026-09-28,2026-10-07,P,670.0,165,15,0.29053443847656246,0.23,0.18,0.19
QQQ,2026-09-28,2026-10-07,P,675.0,846,7,0.27686270019531245,0.27,0.2,0.22
QQQ,2026-09-28,2026-10-07,P,680.0,612,10,0.26416751464843746,0.26,0.25,0.26
QQQ,2026-09-28,2026-10-07,P,685.0,279,88,0.25269302001953126,0.37,0.3,0.32
QQQ,2026-09-28,2026-10-07,P,690.0,65,30,0.24048611083984373,0.39,0.38,0.39
QQQ,2026-09-28,2026-10-07,P,691.0,27,2,0.23828886718749998,0.48,0.39,0.41
QQQ,2026-09-28,2026-10-07,P,692.0,67,38,0.23609162353515623,0.57,0.41,0.43
QQQ,2026-09-28,2026-10-07,P,693.0,62,2,0.23389437988281248,0.5,0.43,0.45
QQQ,2026-09-28,2026-10-07,P,694.0,67,1,0.231452998046875,0.54,0.45,0.47
QQQ,2026-09-28,2026-10-07,P,695.0,86,49,0.22901161621093752,0.5,0.48,0.49
QQQ,2026-09-28,2026-10-07,P,696.0,48,2,0.22730264892578123,0.58,0.5,0.52
QQQ,2026-09-28,2026-10-07,P,697.0,2,6,0.22534954345703123,0.71,0.53,0.55
QQQ,2026-09-28,2026-10-07,P,698.0,77,3,0.2224198852539062,0.56,0.56,0.57
QQQ,2026-09-28,2026-10-07,P,699.0,61,4,0.22034471069335934,0.78,0.59,0.6
QQQ,2026-09-28,2026-10-07,P,700.0,409,50,0.21875781249999998,0.64,0.63,0.64
QQQ,2026-09-28,2026-10-07,P,701.0,37,1,0.21704884521484374,0.73,0.66,0.68
QQQ,2026-09-28,2026-10-07,P,702.0,105,309,0.21436332519531248,0.89,0.7,0.71
QQQ,2026-09-28,2026-10-07,P,703.0,9,8,0.2124102197265625,1.07,0.74,0.75
QQQ,2026-09-28,2026-10-07,P,704.0,52,4,0.2108233215332031,0.98,0.78,0.8
QQQ,2026-09-28,2026-10-07,P,705.0,736,651,0.20899228515624996,0.85,0.83,0.85
QQQ,2026-09-28,2026-10-07,P,706.0,14,1,0.20691711059570309,0.96,0.88,0.9
QQQ,2026-09-28,2026-10-07,P,707.0,31,48,0.2048419360351562,1.04,0.93,0.95
QQQ,2026-09-28,2026-10-07,P,708.0,21,4,0.2030108996582031,1.29,1.0,1.01
QQQ,2026-09-28,2026-10-07,P,709.0,35,1,0.20093572509765623,1.54,1.06,1.07
QQQ,2026-09-28,2026-10-07,P,710.0,288,63,0.1992267578125,1.39,1.13,1.14
QQQ,2026-09-28,2026-10-07,P,711.0,75,69,0.1977619287109375,1.74,1.2,1.22
QQQ,2026-09-28,2026-10-07,P,712.0,65,30,0.19605296142578127,1.48,1.27,1.3
QQQ,2026-09-28,2026-10-07,P,713.0,36,39,0.19409985595703128,1.93,1.35,1.38
QQQ,2026-09-28,2026-10-07,P,714.0,24,48,0.19190261230468753,1.82,1.44,1.46
QQQ,2026-09-28,2026-10-07,P,715.0,256,646,0.19104812866210938,2.08,1.55,1.58
QQQ,2026-09-28,2026-10-07,P,716.0,34,29,0.1887898504638672,2.02,1.65,1.67
QQQ,2026-09-28,2026-10-07,P,717.0,3238,570,0.1870198486328125,1.8,1.76,1.78
QQQ,2026-09-28,2026-10-07,P,718.0,15,46,0.18573812316894528,2.09,1.88,1.91
QQQ,2026-09-28,2026-10-07,P,719.0,62,82,0.1844563977050781,2.33,2.02,2.05
QQQ,2026-09-28,2026-10-07,P,720.0,620,109,0.18317467224121092,2.18,2.17,2.2
QQQ,2026-09-28,2026-10-07,P,721.0,39,25,0.18128260131835935,2.82,2.31,2.34
QQQ,2026-09-28,2026-10-07,P,722.0,35,52,0.179695703125,3.02,2.47,2.5
QQQ,2026-09-28,2026-10-07,P,723.0,262,10,0.17841397766113282,2.72,2.64,2.68
QQQ,2026-09-28,2026-10-07,P,724.0,88,46,0.176766044921875,2.91,2.82,2.86
QQQ,2026-09-28,2026-10-07,P,725.0,192,66,0.17536225036621095,3.05,3.03,3.06
QQQ,2026-09-28,2026-10-07,P,726.0,70,164,0.17469087036132813,3.28,3.26,3.3
QQQ,2026-09-28,2026-10-07,P,727.0,22,78,0.17258517852783206,3.75,3.45,3.5
QQQ,2026-09-28,2026-10-07,P,728.0,54,183,0.17115086669921875,3.85,3.69,3.74
QQQ,2026-09-28,2026-10-07,P,729.0,104,59,0.16986914123535157,4.66,3.96,4.0
QQQ,2026-09-28,2026-10-07,P,730.0,368,302,0.1682212084960938,4.38,4.22,4.26
QQQ,2026-09-28,2026-10-07,P,731.0,41,58,0.16779396667480473,4.57,4.55,4.59
QQQ,2026-09-28,2026-10-07,P,732.0,46,98,0.16651224121093755,4.95,4.86,4.9
QQQ,2026-09-28,2026-10-07,P,733.0,51,91,0.16480327392578126,5.69,5.16,5.21
QQQ,2026-09-28,2026-10-07,P,734.0,41,69,0.16272809936523439,6.25,5.48,5.52
QQQ,2026-09-28,2026-10-07,P,735.0,382,418,0.16309430664062502,5.9,5.91,5.96
QQQ,2026-09-28,2026-10-07,P,736.0,52,121,0.16059189025878906,6.54,6.24,6.29
QQQ,2026-09-28,2026-10-07,P,737.0,58,52,0.15961533752441404,6.79,6.66,6.71
QQQ,2026-09-28,2026-10-07,P,738.0,83,204,0.1583946466064453,7.27,7.09,7.14
QQQ,2026-09-28,2026-10-07,P,739.0,67,56,0.15778430114746095,7.77,7.57,7.62
QQQ,2026-09-28,2026-10-07,P,740.0,415,205,0.15564809204101562,8.07,8.0,8.05
QQQ,2026-09-28,2026-10-07,P,741.0,140,30,0.15342033111572267,8.41,8.45,8.5
QQQ,2026-09-28,2026-10-07,P,742.0,45,18,0.15354240020751952,9.16,8.98,9.08
QQQ,2026-09-28,2026-10-07,P,743.0,92,20,0.1518639501953125,9.83,9.5,9.6
QQQ,2026-09-28,2026-10-07,P,744.0,266,1,0.1505211901855469,11.35,10.06,10.16
QQQ,2026-09-28,2026-10-07,P,745.0,102,5,0.14933101654052733,12.6,10.64,10.75
QQQ,2026-09-28,2026-10-07,P,746.0,14,1,0.14734739379882814,12.45,11.23,11.33
QQQ,2026-09-28,2026-10-07,P,747.0,10,1,0.145516357421875,11.81,11.83,11.94
QQQ,2026-09-28,2026-10-07,P,748.0,4,3,0.1445398046875,13.68,12.5,12.61
QQQ,2026-09-28,2026-10-07,P,750.0,36,2,0.1448449774169922,16.12,13.78,14.1
QQQ,2026-09-28,2026-10-07,P,752.0,2,1,0.1427698028564453,12.24,15.1,15.58
QQQ,2026-09-28,2026-10-07,P,754.0,2,0,0.13922979919433598,16.18,16.7,17.1
QQQ,2026-09-28,2026-10-07,P,755.0,99,9,0.13593393371582033,19.17,17.48,17.85
QQQ,2026-09-28,2026-10-07,P,756.0,2,4,0.13941290283203128,15.1,18.29,18.8
QQQ,2026-09-28,2026-10-07,P,760.0,1,0,0.12378805908203125,20.68,21.68,22.07
QQQ,2026-09-28,2026-10-08,C,690.0,11,0,0.37830211547851555,53.36,48.12,51.57
QQQ,2026-09-28,2026-10-08,C,695.0,16,5,0.3560245062255859,44.11,43.26,46.73
QQQ,2026-09-28,2026-10-08,C,705.0,1,0,0.26618165466308596,38.25,35.18,35.8
QQQ,2026-09-28,2026-10-08,C,710.0,11,1,0.25061784545898436,29.73,30.65,31.17
QQQ,2026-09-28,2026-10-08,C,715.0,17,5,0.23407748352050778,25.51,26.14,26.6
QQQ,2026-09-28,2026-10-08,C,725.0,3,1,0.21070125244140625,14.53,17.89,18.25
QQQ,2026-09-28,2026-10-08,C,729.0,11,11,0.2010272769165039,15.03,15.03,15.15
QQQ,2026-09-28,2026-10-08,C,730.0,33,51,0.19852486053466795,13.09,14.3,14.4
QQQ,2026-09-28,2026-10-08,C,731.0,12,1,0.19748727325439452,13.3,13.62,13.73
QQQ,2026-09-28,2026-10-08,C,733.0,5,4,0.19403882141113282,11.7,12.27,12.37
QQQ,2026-09-28,2026-10-08,C,734.0,29,1,0.19226881958007813,11.54,11.61,11.71
QQQ,2026-09-28,2026-10-08,C,735.0,304,53,0.1891560577392578,11.13,10.91,11.0
QQQ,2026-09-28,2026-10-08,C,736.0,23,21,0.18964433410644532,9.73,10.39,10.48
QQQ,2026-09-28,2026-10-08,C,737.0,23,193,0.1871114004516602,9.72,9.73,9.83
QQQ,2026-09-28,2026-10-08,C,739.0,159,194,0.18448691497802733,8.66,8.64,8.7
QQQ,2026-09-28,2026-10-08,C,740.0,243,125,0.18354087951660153,8.07,8.14,8.18
QQQ,2026-09-28,2026-10-08,C,741.0,28,132,0.18161829132080076,6.78,7.58,7.63
QQQ,2026-09-28,2026-10-08,C,742.0,14,13,0.18033656585693358,6.45,7.08,7.13
QQQ,2026-09-28,2026-10-08,C,743.0,59,177,0.17786466674804688,6.57,6.54,6.59
QQQ,2026-09-28,2026-10-08,C,744.0,137,44,0.1772543212890625,5.61,6.11,6.16
QQQ,2026-09-28,2026-10-08,C,745.0,466,288,0.17646087219238282,5.56,5.69,5.74
QQQ,2026-09-28,2026-10-08,C,746.0,70,103,0.17508759490966797,5.18,5.26,5.31
QQQ,2026-09-28,2026-10-08,C,747.0,21,49,0.17237155761718753,4.88,4.8,4.84
QQQ,2026-09-28,2026-10-08,C,748.0,36,113,0.17258517852783206,4.49,4.47,4.52
QQQ,2026-09-28,2026-10-08,C,749.0,28,11,0.17078465942382814,4.14,4.08,4.13
QQQ,2026-09-28,2026-10-08,C,750.0,281,152,0.16968603759765627,3.77,3.74,3.79
QQQ,2026-09-28,2026-10-08,C,751.0,57,7,0.16938086486816406,3.04,3.46,3.5
QQQ,2026-09-28,2026-10-08,C,752.0,18,8,0.1681296566772461,2.89,3.14,3.19
QQQ,2026-09-28,2026-10-08,C,753.0,34,16,0.16742775939941407,2.91,2.87,2.92
QQQ,2026-09-28,2026-10-08,C,754.0,40,11,0.16577982666015628,2.22,2.6,2.63
QQQ,2026-09-28,2026-10-08,C,755.0,245,107,0.16498637756347656,2.41,2.34,2.39
QQQ,2026-09-28,2026-10-08,C,756.0,33,13,0.16492534301757814,2.15,2.14,2.19
QQQ,2026-09-28,2026-10-08,C,757.0,19,28,0.16407085937500002,1.96,1.94,1.98
QQQ,2026-09-28,2026-10-08,C,758.0,21,8,0.16248396118164063,1.78,1.73,1.76
QQQ,2026-09-28,2026-10-08,C,759.0,95,5,0.16303327209472657,1.24,1.58,1.62
QQQ,2026-09-28,2026-10-08,C,760.0,523,105,0.16248396118164063,1.42,1.43,1.46
QQQ,2026-09-28,2026-10-08,C,761.0,22,77,0.16108016662597657,1.26,1.26,1.29
QQQ,2026-09-28,2026-10-08,C,762.0,33,4,0.1607749938964844,1.03,1.13,1.16
QQQ,2026-09-28,2026-10-08,C,763.0,2,8,0.1607749938964844,0.94,1.02,1.05
QQQ,2026-09-28,2026-10-08,C,764.0,8,3,0.15992051025390625,1.04,0.9,0.93
QQQ,2026-09-28,2026-10-08,C,765.0,187,49,0.15906602661132813,0.81,0.8,0.82
QQQ,2026-09-28,2026-10-08,C,766.0,71,44,0.15931016479492188,0.66,0.71,0.74
QQQ,2026-09-28,2026-10-08,C,767.0,33,9,0.15906602661132813,0.51,0.63,0.66
QQQ,2026-09-28,2026-10-08,C,768.0,58,6,0.15845568115234376,0.74,0.56,0.58
QQQ,2026-09-28,2026-10-08,C,769.0,32,1,0.15857775024414064,0.46,0.5,0.52
QQQ,2026-09-28,2026-10-08,C,770.0,356,18,0.15906602661132813,0.61,0.45,0.47
QQQ,2026-09-28,2026-10-08,C,771.0,3,46,0.15760119750976562,0.54,0.38,0.4
QQQ,2026-09-28,2026-10-08,C,772.0,79,177,0.15894395751953128,0.32,0.35,0.37
QQQ,2026-09-28,2026-10-08,C,773.0,126,5,0.15821154296875,0.23,0.3,0.32
QQQ,2026-09-28,2026-10-08,C,774.0,48,64,0.1577232666015625,0.28,0.27,0.28
QQQ,2026-09-28,2026-10-08,C,775.0,117,101,0.159188095703125,0.25,0.24,0.26
QQQ,2026-09-28,2026-10-08,C,780.0,739,1,0.16138533935546873,0.11,0.13,0.15
QQQ,2026-09-28,2026-10-08,C,785.0,265,50,0.165047412109375,0.15,0.08,0.09
QQQ,2026-09-28,2026-10-08,C,790.0,126,66,0.17090672851562502,0.05,0.05,0.06
QQQ,2026-09-28,2026-10-08,C,795.0,55,56,0.180672255859375,0.15,0.03,0.05
QQQ,2026-09-28,2026-10-08,C,800.0,88,162,0.18946123046875002,0.04,0.02,0.04
QQQ,2026-09-28,2026-10-08,C,805.0,8,0,0.195320546875,0.1,0.02,0.03
QQQ,2026-09-28,2026-10-08,C,810.0,89,731,0.20899228515624996,0.02,0.01,0.03
QQQ,2026-09-28,2026-10-08,C,825.0,52,100,0.23633576171874998,0.01,0.01,0.02
QQQ,2026-09-28,2026-10-08,C,830.0,88,1200,0.2461012890625,0.02,0.01,0.02
QQQ,2026-09-28,2026-10-08,C,835.0,174,20,0.2695385546875,0.02,0.01,0.03
QQQ,2026-09-28,2026-10-08,C,840.0,40,1068,0.28125718749999995,0.02,0.0,0.03
QQQ,2026-09-28,2026-10-08,C,845.0,0,100,0.28125718749999995,0.02,0.0,0.02
QQQ,2026-09-28,2026-10-08,P,500.0,72,220,0.7578149218750001,0.02,0.01,0.03
QQQ,2026-09-28,2026-10-08,P,505.0,97,320,0.7421900781249999,0.02,0.01,0.03
QQQ,2026-09-28,2026-10-08,P,510.0,45,320,0.7226590234375,0.02,0.01,0.03
QQQ,2026-09-28,2026-10-08,P,515.0,73,740,0.70312796875,0.02,0.01,0.03
QQQ,2026-09-28,2026-10-08,P,520.0,51,280,0.6875031250000001,0.04,0.01,0.03
QQQ,2026-09-28,2026-10-08,P,525.0,34,620,0.6718782812500002,0.04,0.01,0.03
QQQ,2026-09-28,2026-10-08,P,530.0,5,80,0.6523472265625001,0.02,0.01,0.03
QQQ,2026-09-28,2026-10-08,P,535.0,51,660,0.632816171875,0.04,0.01,0.03
QQQ,2026-09-28,2026-10-08,P,540.0,115,120,0.6289099609375001,0.02,0.01,0.04
QQQ,2026-09-28,2026-10-08,P,545.0,49,260,0.6132851171875001,0.04,0.01,0.04
QQQ,2026-09-28,2026-10-08,P,550.0,10,20,0.585941640625,0.02,0.01,0.03
QQQ,2026-09-28,2026-10-08,P,555.0,40,80,0.5664105859375,0.03,0.01,0.03
QQQ,2026-09-28,2026-10-08,P,580.0,220,144,0.5117236328125,0.05,0.02,0.05
QQQ,2026-09-28,2026-10-08,P,615.0,10,20,0.42578699218750005,0.12,0.06,0.07
QQQ,2026-09-28,2026-10-08,P,625.0,12,12,0.4023497265625,0.12,0.08,0.09
QQQ,2026-09-28,2026-10-08,P,630.0,16,1,0.389654541015625,0.1,0.09,0.1
QQQ,2026-09-28,2026-10-08,P,635.0,38,38,0.37695935546875,0.15,0.1,0.11
QQQ,2026-09-28,2026-10-08,P,640.0,421,1,0.367193828125,0.13,0.11,0.13
QQQ,2026-09-28,2026-10-08,P,645.0,68,1,0.352545537109375,0.2,0.13,0.14
QQQ,2026-09-28,2026-10-08,P,650.0,2,1,0.340826904296875,0.23,0.15,0.16
QQQ,2026-09-28,2026-10-08,P,655.0,47,4,0.3276434423828125,0.17,0.17,0.18
QQQ,2026-09-28,2026-10-08,P,660.0,64,20,0.31641308593749995,0.26,0.19,0.21
QQQ,2026-09-28,2026-10-08,P,665.0,77,1,0.30371790039062496,0.28,0.22,0.24
QQQ,2026-09-28,2026-10-08,P,670.0,7,2,0.2902903002929687,0.36,0.26,0.27
QQQ,2026-09-28,2026-10-08,P,675.0,144,45,0.2788158056640625,0.6,0.3,0.32
QQQ,2026-09-28,2026-10-08,P,680.0,37,8,0.26587648193359376,0.38,0.36,0.37
QQQ,2026-09-28,2026-10-08,P,685.0,187,26,0.25476819458007816,0.57,0.43,0.45
QQQ,2026-09-28,2026-10-08,P,690.0,206,1,0.24268335449218748,0.55,0.53,0.54
QQQ,2026-09-28,2026-10-08,P,693.0,177,2,0.23657989990234374,0.63,0.6,0.62
QQQ,2026-09-28,2026-10-08,P,695.0,163,1,0.23242955078125,0.82,0.66,0.68
QQQ,2026-09-28,2026-10-08,P,696.0,45,2,0.229499892578125,0.93,0.69,0.7
QQQ,2026-09-28,2026-10-08,P,697.0,35,31,0.22779092529296874,0.73,0.73,0.74
QQQ,2026-09-28,2026-10-08,P,698.0,83,52,0.22534954345703123,1.01,0.76,0.77
QQQ,2026-09-28,2026-10-08,P,699.0,228,2,0.22339643798828124,1.0,0.8,0.81
QQQ,2026-09-28,2026-10-08,P,700.0,267,44,0.22132126342773437,0.96,0.83,0.85
QQQ,2026-09-28,2026-10-08,P,701.0,36,2,0.21912401977539062,0.99,0.87,0.89
QQQ,2026-09-28,2026-10-08,P,702.0,93,17,0.21741505249023438,1.18,0.92,0.94
QQQ,2026-09-28,2026-10-08,P,703.0,457,51,0.21546194702148438,1.23,0.98,0.99
QQQ,2026-09-28,2026-10-08,P,704.0,92,30,0.213875048828125,1.31,1.03,1.05
QQQ,2026-09-28,2026-10-08,P,705.0,106,44,0.21167780517578122,1.12,1.09,1.1
QQQ,2026-09-28,2026-10-08,P,706.0,52,62,0.20972469970703123,1.2,1.15,1.16
QQQ,2026-09-28,2026-10-08,P,707.0,75,17,0.20813780151367184,1.38,1.21,1.23
QQQ,2026-09-28,2026-10-08,P,708.0,87,5,0.2059405578613281,1.5,1.27,1.29
QQQ,2026-09-28,2026-10-08,P,709.0,37,14,0.2043536596679687,1.69,1.35,1.37
QQQ,2026-09-28,2026-10-08,P,710.0,103,112,0.20264469238281246,1.56,1.42,1.45
QQQ,2026-09-28,2026-10-08,P,711.0,7,40,0.2010577941894531,1.56,1.5,1.54
QQQ,2026-09-28,2026-10-08,P,712.0,23,40,0.19928779235839844,1.92,1.6,1.63
QQQ,2026-09-28,2026-10-08,P,713.0,1162,17,0.19770089416503905,2.33,1.69,1.73
QQQ,2026-09-28,2026-10-08,P,714.0,8,5,0.19556468505859376,2.23,1.78,1.82
QQQ,2026-09-28,2026-10-08,P,715.0,130,21,0.19458813232421873,2.35,1.93,1.95
QQQ,2026-09-28,2026-10-08,P,716.0,15,7,0.19263502685546874,2.33,2.02,2.06
QQQ,2026-09-28,2026-10-08,P,717.0,597,1,0.19080399047851562,2.59,2.14,2.18
QQQ,2026-09-28,2026-10-08,P,718.0,30,12,0.18940019592285157,2.91,2.28,2.32
QQQ,2026-09-28,2026-10-08,P,719.0,225,6,0.18744709045410157,2.48,2.41,2.45
QQQ,2026-09-28,2026-10-08,P,720.0,256,161,0.18610433044433594,3.14,2.57,2.61
QQQ,2026-09-28,2026-10-08,P,721.0,40,10,0.18506674316406246,3.28,2.75,2.79
QQQ,2026-09-28,2026-10-08,P,722.0,3,5,0.18372398315429686,3.55,2.94,2.97
QQQ,2026-09-28,2026-10-08,P,723.0,34,63,0.1818319122314453,3.76,3.09,3.14
QQQ,2026-09-28,2026-10-08,P,724.0,29,32,0.18042811767578126,3.35,3.29,3.34
QQQ,2026-09-28,2026-10-08,P,725.0,199,168,0.1792379440307617,4.12,3.53,3.56
QQQ,2026-09-28,2026-10-08,P,726.0,5,19,0.17749845947265624,4.06,3.73,3.77
QQQ,2026-09-28,2026-10-08,P,727.0,16,12,0.17594207855224608,4.0,3.95,4.0
QQQ,2026-09-28,2026-10-08,P,728.0,36,13,0.1747824221801758,4.92,4.22,4.26
QQQ,2026-09-28,2026-10-08,P,729.0,588,109,0.17304293762207032,5.3,4.46,4.51
QQQ,2026-09-28,2026-10-08,P,730.0,295,246,0.17191379852294925,4.89,4.77,4.8
QQQ,2026-09-28,2026-10-08,P,731.0,49,92,0.17151707397460939,5.41,5.1,5.14
QQQ,2026-09-28,2026-10-08,P,732.0,54,21,0.16922827850341798,6.23,5.37,5.41
QQQ,2026-09-28,2026-10-08,P,733.0,25,73,0.168526381225586,6.28,5.73,5.77
QQQ,2026-09-28,2026-10-08,P,734.0,272,163,0.16660379302978523,6.19,6.05,6.09
QQQ,2026-09-28,2026-10-08,P,735.0,380,192,0.1651694812011719,6.56,6.41,6.45
QQQ,2026-09-28,2026-10-08,P,736.0,33,114,0.16394879028320314,7.45,6.79,6.84
QQQ,2026-09-28,2026-10-08,P,737.0,180,141,0.16214827117919922,7.29,7.17,7.22
QQQ,2026-09-28,2026-10-08,P,738.0,142,216,0.16159896026611326,7.62,7.64,7.68
QQQ,2026-09-28,2026-10-08,P,739.0,74,139,0.15961533752441404,9.75,8.04,8.09
QQQ,2026-09-28,2026-10-08,P,740.0,379,233,0.15964585479736326,8.49,8.56,8.62
QQQ,2026-09-28,2026-10-08,P,741.0,46,25,0.15680774841308598,9.22,8.98,9.03
QQQ,2026-09-28,2026-10-08,P,742.0,59,11,0.15619740295410156,9.7,9.53,9.57
QQQ,2026-09-28,2026-10-08,P,743.0,11,7,0.15598378204345703,10.29,10.06,10.15
QQQ,2026-09-28,2026-10-08,P,744.0,404,6,0.15406119384765626,10.77,10.57,10.67
QQQ,2026-09-28,2026-10-08,P,745.0,132,8,0.15204705383300782,11.26,11.1,11.21
QQQ,2026-09-28,2026-10-08,P,746.0,23,80,0.15046015563964849,13.59,11.68,11.79
QQQ,2026-09-28,2026-10-08,P,747.0,199,3,0.1487511883544922,13.75,12.29,12.39
QQQ,2026-09-28,2026-10-08,P,748.0,24,2,0.14725584197998048,13.18,12.91,13.02
QQQ,2026-09-28,2026-10-08,P,749.0,2,1,0.14542480560302734,15.2,13.54,13.66
QQQ,2026-09-28,2026-10-08,P,750.0,34,4,0.14273928558349608,14.82,14.21,14.29
QQQ,2026-09-28,2026-10-08,P,751.0,4,4,0.14670653106689452,13.43,14.65,15.2
QQQ,2026-09-28,2026-10-08,P,752.0,11,4,0.14539428833007811,21.44,15.37,15.92
QQQ,2026-09-28,2026-10-08,P,754.0,8,19,0.18900347137451173,22.73,16.79,19.12
QQQ,2026-09-28,2026-10-08,P,755.0,3,3,0.1374597973632813,18.19,17.75,18.08
QQQ,2026-09-28,2026-10-08,P,762.0,1,2,0.11841701904296875,20.66,23.51,23.94
QQQ,2026-09-28,2026-10-09,C,450.0,3,4,1.3569368090820313,289.72,287.54,290.99
QQQ,2026-09-28,2026-10-09,C,455.0,2,0,1.3325228686523434,255.2,282.55,286.0
QQQ,2026-09-28,2026-10-09,C,500.0,1,0,1.11328568359375,237.39,237.62,241.07
QQQ,2026-09-28,2026-10-09,C,510.0,20,20,1.0654343603515626,235.19,227.63,231.08
QQQ,2026-09-28,2026-10-09,C,520.0,5,10,1.0166064794921876,196.9,217.65,221.06
QQQ,2026-09-28,2026-10-09,C,530.0,10,10,0.983398603515625,188.41,207.78,211.12
QQQ,2026-09-28,2026-10-09,C,535.0,10,10,0.9516606396484374,183.45,202.68,206.12
QQQ,2026-09-28,2026-10-09,C,545.0,4,2,0.90429783203125,172.8,192.69,196.11
QQQ,2026-09-28,2026-10-09,C,555.0,225,0,0.860352958984375,185.43,182.71,186.13
QQQ,2026-09-28,2026-10-09,C,560.0,16,10,0.8405777661132812,159.91,177.72,181.17
QQQ,2026-09-28,2026-10-09,C,565.0,1,0,0.8193377441406249,145.19,172.79,176.13
QQQ,2026-09-28,2026-10-09,C,570.0,2,1,0.7963887548828125,137.16,167.74,171.18
QQQ,2026-09-28,2026-10-09,C,575.0,0,12,0.7758811474609376,145.51,162.76,166.2
QQQ,2026-09-28,2026-10-09,C,580.0,10,20,0.7531762963867188,140.45,157.77,161.19
QQQ,2026-09-28,2026-10-09,C,585.0,11,10,0.7334011035156249,153.92,152.78,156.23
QQQ,2026-09-28,2026-10-09,C,590.0,1,0,0.7102079760742188,127.75,147.79,151.21
QQQ,2026-09-28,2026-10-09,C,595.0,16,4,0.6904327832031252,145.01,142.8,146.25
QQQ,2026-09-28,2026-10-09,C,600.0,3,1,0.670047244873047,137.79,137.82,141.27
QQQ,2026-09-28,2026-10-09,C,605.0,18,8,0.6491734301757812,141.53,132.84,136.28
QQQ,2026-09-28,2026-10-09,C,610.0,3,3,0.6267127172851563,135.92,127.85,131.27
QQQ,2026-09-28,2026-10-09,C,615.0,3,3,0.6054726953125001,130.88,122.87,126.27
QQQ,2026-09-28,2026-10-09,C,620.0,10,1,0.5864299169921875,119.43,117.89,121.32
QQQ,2026-09-28,2026-10-09,C,625.0,5,2,0.5668988623046876,114.58,112.91,116.36
QQQ,2026-09-28,2026-10-09,C,630.0,28,27,0.547978153076172,87.23,107.99,111.36
QQQ,2026-09-28,2026-10-09,C,635.0,5,1,0.5239305419921875,112.31,102.95,106.36
QQQ,2026-09-28,2026-10-09,C,640.0,27,12,0.5041553491210937,102.17,97.98,101.39
QQQ,2026-09-28,2026-10-09,C,645.0,5,1,0.5892375061035158,97.36,93.11,96.46
QQQ,2026-09-28,2026-10-09,C,650.0,77,6,0.5650678259277344,87.36,88.04,91.49
QQQ,2026-09-28,2026-10-09,C,655.0,25,10,0.5404098693847659,87.47,82.9,86.51
QQQ,2026-09-28,2026-10-09,C,660.0,116,2,0.5169726037597657,83.73,78.11,81.56
QQQ,2026-09-28,2026-10-09,C,665.0,14,1,0.49335223449707044,80.89,73.16,76.61
QQQ,2026-09-28,2026-10-09,C,670.0,22,1,0.467778759765625,70.44,68.21,71.62
QQQ,2026-09-28,2026-10-09,C,675.0,23,3,0.4461725305175781,63.41,63.27,66.73
QQQ,2026-09-28,2026-10-09,C,676.0,13,11,0.44165597412109375,67.76,62.27,65.75
QQQ,2026-09-28,2026-10-09,C,677.0,4,1,0.43604079589843747,38.17,61.3,64.74
QQQ,2026-09-28,2026-10-09,C,678.0,2,1,0.43231768859863284,59.92,60.25,63.78
QQQ,2026-09-28,2026-10-09,C,679.0,2,1,0.42737389038085943,58.94,59.33,62.79
QQQ,2026-09-28,2026-10-09,C,680.0,33,3,0.422857333984375,59.96,58.34,61.81
QQQ,2026-09-28,2026-10-09,C,681.0,2,1,0.4167538793945312,42.19,57.36,60.79
QQQ,2026-09-28,2026-10-09,C,682.0,1,1,0.41223732299804683,61.19,56.22,59.81
QQQ,2026-09-28,2026-10-09,C,685.0,16,1,0.3998473101806641,61.46,53.44,56.91
QQQ,2026-09-28,2026-10-09,C,686.0,5,1,0.3955748919677735,24.42,52.46,55.94
QQQ,2026-09-28,2026-10-09,C,687.0,1,7,0.39087523193359375,52.43,51.49,54.96
QQQ,2026-09-28,2026-10-09,C,688.0,13,5,0.3864807446289062,52.81,50.54,53.99
QQQ,2026-09-28,2026-10-09,C,689.0,3,2,0.3817810845947265,27.49,49.54,53.01
QQQ,2026-09-28,2026-10-09,C,690.0,66,3,0.3773255627441406,56.75,48.57,52.04
QQQ,2026-09-28,2026-10-09,C,691.0,4,1,0.33209896423339846,48.71,47.6,49.95
QQQ,2026-09-28,2026-10-09,C,692.0,11,3,0.32697206237792964,52.39,46.63,48.95
QQQ,2026-09-28,2026-10-09,C,693.0,5,4,0.3217841259765625,50.23,45.66,47.95
QQQ,2026-09-28,2026-10-09,C,694.0,14,1,0.31928170959472646,46.94,44.7,47.02
QQQ,2026-09-28,2026-10-09,C,695.0,37,10,0.31555860229492183,45.25,43.73,46.06
QQQ,2026-09-28,2026-10-09,C,696.0,14,2,0.31037066589355466,48.98,42.77,45.06
QQQ,2026-09-28,2026-10-09,C,697.0,68,1,0.306220316772461,49.17,41.81,44.09
QQQ,2026-09-28,2026-10-09,C,698.0,13,2,0.304145142211914,42.03,40.86,43.18
QQQ,2026-09-28,2026-10-09,C,699.0,22,2,0.3012765185546875,42.72,39.9,42.25
QQQ,2026-09-28,2026-10-09,C,700.0,1207,1,0.29456271850585936,41.29,39.01,41.21
QQQ,2026-09-28,2026-10-09,C,701.0,145,1,0.29395237304687494,39.17,38.0,40.35
QQQ,2026-09-28,2026-10-09,C,702.0,95,4,0.28754374572753894,39.33,38.8,39.32
QQQ,2026-09-28,2026-10-09,C,703.0,52,1,0.2838206384277343,36.11,36.14,38.37
QQQ,2026-09-28,2026-10-09,C,704.0,60,1,0.3184882604980468,43.36,35.18,38.68
QQQ,2026-09-28,2026-10-09,C,705.0,388,1,0.27893787475585935,36.52,34.25,36.56
QQQ,2026-09-28,2026-10-09,C,706.0,230,2,0.2742992492675781,42.12,34.93,35.59
QQQ,2026-09-28,2026-10-09,C,707.0,118,10,0.27082028015136717,37.16,34.09,34.66
QQQ,2026-09-28,2026-10-09,C,708.0,88,1,0.2678906219482422,31.1,33.17,33.75
QQQ,2026-09-28,2026-10-09,C,709.0,161,2,0.2651440673828125,30.21,32.29,32.85
QQQ,2026-09-28,2026-10-09,C,710.0,1034,34,0.26142096008300786,29.01,31.27,31.92
QQQ,2026-09-28,2026-10-09,C,711.0,162,5,0.25708750732421876,29.52,30.45,30.97
QQQ,2026-09-28,2026-10-09,C,712.0,671,3,0.25287612365722656,27.59,29.61,30.03
QQQ,2026-09-28,2026-10-09,C,713.0,143,1,0.251411294555664,29.71,26.98,29.19
QQQ,2026-09-28,2026-10-09,C,714.0,127,2,0.24945818908691403,26.89,27.86,28.34
QQQ,2026-09-28,2026-10-09,C,715.0,1122,12,0.2436599072265625,26.64,26.98,27.35
QQQ,2026-09-28,2026-10-09,C,716.0,427,1,0.24378197631835938,24.26,24.35,26.59
QQQ,2026-09-28,2026-10-09,C,717.0,416,6,0.2727123510742187,24.05,25.26,27.01
QQQ,2026-09-28,2026-10-09,C,718.0,341,4,0.23633576171874998,23.52,24.33,24.79
QQQ,2026-09-28,2026-10-09,C,719.0,573,86,0.23462679443359374,22.51,23.51,23.98
QQQ,2026-09-28,2026-10-09,C,720.0,1355,51,0.2322464471435547,21.8,22.72,23.15
QQQ,2026-09-28,2026-10-09,C,721.0,497,2,0.2310867907714844,21.28,21.9,22.38
QQQ,2026-09-28,2026-10-09,C,722.0,376,21,0.22809609802246095,20.19,21.1,21.54
QQQ,2026-09-28,2026-10-09,C,723.0,222,13,0.2260819580078125,20.87,20.29,20.75
QQQ,2026-09-28,2026-10-09,C,724.0,331,19,0.2225419543457031,18.68,19.47,19.9
QQQ,2026-09-28,2026-10-09,C,725.0,1404,46,0.2179338461303711,17.75,18.63,19.01
QQQ,2026-09-28,2026-10-09,C,726.0,148,8,0.2179643634033203,16.62,17.92,18.34
QQQ,2026-09-28,2026-10-09,C,727.0,209,18,0.215828154296875,17.2,17.22,17.58
QQQ,2026-09-28,2026-10-09,C,728.0,296,9,0.21002987243652343,14.72,16.54,16.66
QQQ,2026-09-28,2026-10-09,C,729.0,351,5,0.20832090515136714,14.23,15.82,15.94
QQQ,2026-09-28,2026-10-09,C,730.0,1617,181,0.20673400695800775,15.15,15.16,15.24
QQQ,2026-09-28,2026-10-09,C,731.0,438,54,0.20227848510742186,13.3,14.3,14.41
QQQ,2026-09-28,2026-10-09,C,732.0,429,8,0.2022174505615234,12.04,13.7,13.81
QQQ,2026-09-28,2026-10-09,C,733.0,568,33,0.20169865692138672,12.99,13.08,13.2
QQQ,2026-09-28,2026-10-09,C,734.0,1781,49,0.1991046887207031,11.68,12.4,12.5
QQQ,2026-09-28,2026-10-09,C,735.0,1785,338,0.1956257196044922,11.86,11.67,11.77
QQQ,2026-09-28,2026-10-09,C,736.0,319,1143,0.19617503051757812,11.2,11.17,11.26
QQQ,2026-09-28,2026-10-09,C,737.0,212,779,0.19348951049804688,10.35,10.52,10.6
QQQ,2026-09-28,2026-10-09,C,738.0,729,862,0.191688991394043,9.94,9.93,10.0
QQQ,2026-09-28,2026-10-09,C,739.0,1370,1419,0.19095657684326173,9.48,9.41,9.47
QQQ,2026-09-28,2026-10-09,C,740.0,2342,2809,0.18927812683105472,8.87,8.87,8.91
QQQ,2026-09-28,2026-10-09,C,741.0,375,83,0.1879048495483398,8.4,8.32,8.38
QQQ,2026-09-28,2026-10-09,C,742.0,357,292,0.1855855368041992,7.72,7.76,7.82
QQQ,2026-09-28,2026-10-09,C,743.0,625,79,0.185280364074707,5.96,7.33,7.38
QQQ,2026-09-28,2026-10-09,C,744.0,462,104,0.1842732940673828,6.79,6.86,6.92
QQQ,2026-09-28,2026-10-09,C,745.0,1681,1261,0.1825032922363281,6.38,6.39,6.44
QQQ,2026-09-28,2026-10-09,C,746.0,804,357,0.18158777404785154,5.88,5.97,6.02
QQQ,2026-09-28,2026-10-09,C,747.0,1456,311,0.1790548403930664,5.16,5.5,5.54
QQQ,2026-09-28,2026-10-09,C,748.0,6932,130,0.17865811584472657,5.06,5.12,5.18
QQQ,2026-09-28,2026-10-09,C,749.0,329,153,0.1765829412841797,4.77,4.7,4.76
QQQ,2026-09-28,2026-10-09,C,750.0,3898,3311,0.17609466491699222,4.38,4.38,4.43
QQQ,2026-09-28,2026-10-09,C,751.0,1043,219,0.1750265603637695,4.07,4.04,4.09
QQQ,2026-09-28,2026-10-09,C,752.0,1894,75,0.17423311126708985,3.73,3.72,3.78
QQQ,2026-09-28,2026-10-09,C,753.0,1325,54,0.17328707580566405,3.43,3.43,3.48
QQQ,2026-09-28,2026-10-09,C,754.0,461,120,0.17096776306152345,3.1,3.1,3.14
QQQ,2026-09-28,2026-10-09,C,755.0,1718,922,0.17017431396484378,2.9,2.84,2.88
QQQ,2026-09-28,2026-10-09,C,756.0,1054,53,0.1692587957763672,2.58,2.59,2.63
QQQ,2026-09-28,2026-10-09,C,757.0,364,192,0.16816017395019534,2.34,2.38,2.39
QQQ,2026-09-28,2026-10-09,C,758.0,616,87,0.16834327758789067,2.2,2.17,2.21
QQQ,2026-09-28,2026-10-09,C,759.0,242,13,0.16700051757812504,1.52,1.97,1.99
QQQ,2026-09-28,2026-10-09,C,760.0,6480,839,0.1667563793945313,1.83,1.79,1.82
QQQ,2026-09-28,2026-10-09,C,761.0,185,101,0.1664512066650391,1.49,1.62,1.66
QQQ,2026-09-28,2026-10-09,C,762.0,125,131,0.16541361938476565,1.44,1.46,1.49
QQQ,2026-09-28,2026-10-09,C,763.0,203,35,0.16462017028808595,1.3,1.31,1.34
QQQ,2026-09-28,2026-10-09,C,764.0,160,60,0.16413189392089844,1.19,1.2,1.21
QQQ,2026-09-28,2026-10-09,C,765.0,1511,487,0.1637046520996094,1.05,1.07,1.09
QQQ,2026-09-28,2026-10-09,C,766.0,789,235,0.1637046520996094,0.96,0.96,0.99
QQQ,2026-09-28,2026-10-09,C,767.0,415,141,0.16236189208984375,0.69,0.85,0.87
QQQ,2026-09-28,2026-10-09,C,768.0,207,248,0.16199568481445312,0.77,0.76,0.78
QQQ,2026-09-28,2026-10-09,C,769.0,420,49,0.16223982299804687,0.68,0.69,0.71
QQQ,2026-09-28,2026-10-09,C,770.0,2781,580,0.161141201171875,0.61,0.61,0.62
QQQ,2026-09-28,2026-10-09,C,771.0,228,18,0.16126327026367188,0.41,0.55,0.56
QQQ,2026-09-28,2026-10-09,C,772.0,120,141,0.16101913208007812,0.5,0.49,0.5
QQQ,2026-09-28,2026-10-09,C,773.0,84,99,0.161141201171875,0.44,0.43,0.45
QQQ,2026-09-28,2026-10-09,C,774.0,104,6,0.16175154663085936,0.4,0.39,0.41
QQQ,2026-09-28,2026-10-09,C,775.0,862,112,0.161141201171875,0.35,0.35,0.36
QQQ,2026-09-28,2026-10-09,C,780.0,2654,203,0.16236189208984375,0.2,0.19,0.21
QQQ,2026-09-28,2026-10-09,C,785.0,5236,320,0.16553568847656253,0.11,0.12,0.13
QQQ,2026-09-28,2026-10-09,C,790.0,1187,96,0.1713950048828125,0.06,0.07,0.09
QQQ,2026-09-28,2026-10-09,C,795.0,1347,36,0.1757894921875,0.04,0.05,0.06
QQQ,2026-09-28,2026-10-09,C,800.0,762,10,0.180672255859375,0.05,0.03,0.04
QQQ,2026-09-28,2026-10-09,C,805.0,1222,97,0.192390888671875,0.03,0.02,0.04
QQQ,2026-09-28,2026-10-09,C,810.0,338,2,0.1992267578125,0.02,0.02,0.03
QQQ,2026-09-28,2026-10-09,C,815.0,110,550,0.21094539062499998,0.02,0.01,0.03
QQQ,2026-09-28,2026-10-09,C,820.0,253,731,0.21289849609375,0.01,0.01,0.02
QQQ,2026-09-28,2026-10-09,C,825.0,116,1,0.22461712890624996,0.02,0.01,0.02
QQQ,2026-09-28,2026-10-09,C,830.0,124,5,0.23633576171874998,0.02,0.01,0.02
QQQ,2026-09-28,2026-10-09,C,835.0,210,1058,0.2461012890625,0.02,0.01,0.02
QQQ,2026-09-28,2026-10-09,C,840.0,160,3,0.257819921875,0.03,0.01,0.02
QQQ,2026-09-28,2026-10-09,C,845.0,233,770,0.278327529296875,0.02,0.0,0.03
QQQ,2026-09-28,2026-10-09,C,850.0,116,5,0.27735097656249996,0.02,0.01,0.02
QQQ,2026-09-28,2026-10-09,C,860.0,538,90,0.29883513671874995,0.02,0.0,0.02
QQQ,2026-09-28,2026-10-09,C,870.0,120,160,0.32031929687499994,0.01,0.0,0.02
QQQ,2026-09-28,2026-10-09,C,880.0,94,320,0.3398503515625,0.01,0.0,0.02
QQQ,2026-09-28,2026-10-09,C,885.0,63,0,0.34961587890624996,0.02,0.0,0.02
QQQ,2026-09-28,2026-10-09,C,890.0,50,0,0.35938140625,0.01,0.0,0.02
QQQ,2026-09-28,2026-10-09,C,895.0,40,0,0.36914693359375,0.02,0.0,0.02
QQQ,2026-09-28,2026-10-09,C,900.0,92,6,0.3789124609375,0.02,0.0,0.02
QQQ,2026-09-28,2026-10-09,C,905.0,29,0,0.38867798828125,0.02,0.0,0.02
QQQ,2026-09-28,2026-10-09,C,910.0,10,0,0.398443515625,0.02,0.0,0.02
QQQ,2026-09-28,2026-10-09,C,915.0,0,0,0.4062559375,0.03,0.0,0.02
QQQ,2026-09-28,2026-10-09,C,920.0,0,0,0.41797457031249996,0.02,0.0,0.02
QQQ,2026-09-28,2026-10-09,C,950.0,4,0,0.4726615234375,0.02,0.0,0.02
QQQ,2026-09-28,2026-10-09,P,450.0,661,52,0.8828136718749999,0.01,0.01,0.02
QQQ,2026-09-28,2026-10-09,P,455.0,183,501,0.8828136718749999,0.03,0.01,0.03
QQQ,2026-09-28,2026-10-09,P,460.0,162,40,0.867188828125,0.01,0.01,0.03
QQQ,2026-09-28,2026-10-09,P,465.0,192,40,0.851563984375,0.02,0.01,0.03
QQQ,2026-09-28,2026-10-09,P,470.0,363,60,0.8281267187499999,0.01,0.01,0.03
QQQ,2026-09-28,2026-10-09,P,475.0,217,382,0.8125018749999999,0.02,0.01,0.03
QQQ,2026-09-28,2026-10-09,P,480.0,468,320,0.79687703125,0.02,0.01,0.03
QQQ,2026-09-28,2026-10-09,P,485.0,137,1,0.773439765625,0.02,0.01,0.03
QQQ,2026-09-28,2026-10-09,P,490.0,147,520,0.7578149218750001,0.02,0.01,0.03
QQQ,2026-09-28,2026-10-09,P,495.0,226,580,0.7421900781249999,0.02,0.01,0.03
QQQ,2026-09-28,2026-10-09,P,500.0,730,1,0.7226590234375,0.01,0.01,0.03
QQQ,2026-09-28,2026-10-09,P,505.0,348,740,0.7070341796875,0.02,0.01,0.03
QQQ,2026-09-28,2026-10-09,P,510.0,310,260,0.6875031250000001,0.02,0.01,0.03
QQQ,2026-09-28,2026-10-09,P,515.0,253,380,0.6718782812500002,0.04,0.01,0.03
QQQ,2026-09-28,2026-10-09,P,520.0,399,240,0.6562534375000001,0.02,0.01,0.03
QQQ,2026-09-28,2026-10-09,P,525.0,161,380,0.64062859375,0.04,0.01,0.03
QQQ,2026-09-28,2026-10-09,P,530.0,233,540,0.6210975390625001,0.01,0.01,0.03
QQQ,2026-09-28,2026-10-09,P,535.0,365,160,0.6171913281250001,0.02,0.01,0.04
QQQ,2026-09-28,2026-10-09,P,540.0,157,780,0.5898478515625001,0.02,0.01,0.03
QQQ,2026-09-28,2026-10-09,P,545.0,657,720,0.5742230078125,0.04,0.01,0.03
QQQ,2026-09-28,2026-10-09,P,550.0,1508,1,0.57812921875,0.03,0.02,0.04
QQQ,2026-09-28,2026-10-09,P,555.0,311,242,0.56055126953125,0.05,0.02,0.04
QQQ,2026-09-28,2026-10-09,P,560.0,247,442,0.5429733203125001,0.05,0.02,0.04
QQQ,2026-09-28,2026-10-09,P,565.0,181,800,0.5273484765625001,0.03,0.02,0.04
QQQ,2026-09-28,2026-10-09,P,570.0,574,6,0.5195360546875,0.06,0.03,0.04
QQQ,2026-09-28,2026-10-09,P,575.0,249,7,0.5097705273437501,0.04,0.02,0.04
QQQ,2026-09-28,2026-10-09,P,580.0,547,1,0.500005,0.04,0.04,0.05
QQQ,2026-09-28,2026-10-09,P,585.0,749,101,0.48828636718750007,0.05,0.04,0.05
QQQ,2026-09-28,2026-10-09,P,590.0,410,194,0.4804739453125,0.06,0.04,0.06
QQQ,2026-09-28,2026-10-09,P,595.0,392,182,0.463872548828125,0.07,0.05,0.06
QQQ,2026-09-28,2026-10-09,P,600.0,357,23,0.45508357421875,0.06,0.06,0.07
QQQ,2026-09-28,2026-10-09,P,605.0,373,128,0.44434149414062496,0.07,0.06,0.08
QQQ,2026-09-28,2026-10-09,P,610.0,344,16,0.4335994140625,0.09,0.08,0.09
QQQ,2026-09-28,2026-10-09,P,615.0,354,1,0.42188078125,0.1,0.08,0.1
QQQ,2026-09-28,2026-10-09,P,620.0,908,126,0.4096738720703125,0.15,0.1,0.11
QQQ,2026-09-28,2026-10-09,P,625.0,270,16,0.3969786865234375,0.12,0.1,0.12
QQQ,2026-09-28,2026-10-09,P,630.0,521,117,0.383795224609375,0.16,0.12,0.13
QQQ,2026-09-28,2026-10-09,P,635.0,425,122,0.37354142089843745,0.15,0.14,0.15
QQQ,2026-09-28,2026-10-09,P,640.0,1090,6,0.362311064453125,0.18,0.16,0.17
QQQ,2026-09-28,2026-10-09,P,645.0,1743,18,0.3501041552734374,0.2,0.18,0.19
QQQ,2026-09-28,2026-10-09,P,650.0,1875,1023,0.336920693359375,0.21,0.2,0.21
QQQ,2026-09-28,2026-10-09,P,655.0,506,2009,0.32569033691406246,0.23,0.22,0.24
QQQ,2026-09-28,2026-10-09,P,660.0,2045,2521,0.3129951513671875,0.32,0.26,0.27
QQQ,2026-09-28,2026-10-09,P,665.0,1580,542,0.299811689453125,0.29,0.29,0.3
QQQ,2026-09-28,2026-10-09,P,670.0,2003,95,0.2885813330078124,0.35,0.34,0.35
QQQ,2026-09-28,2026-10-09,P,675.0,1218,85,0.2771068383789062,0.41,0.39,0.41
QQQ,2026-09-28,2026-10-09,P,676.0,160,39,0.274421318359375,0.55,0.4,0.42
QQQ,2026-09-28,2026-10-09,P,677.0,92,2,0.27173579833984374,0.54,0.42,0.43
QQQ,2026-09-28,2026-10-09,P,678.0,156,58,0.2700268310546875,0.55,0.44,0.45
QQQ,2026-09-28,2026-10-09,P,679.0,732,15,0.26734131103515624,0.5,0.45,0.46
QQQ,2026-09-28,2026-10-09,P,680.0,5077,154,0.26538820556640624,0.48,0.46,0.48
QQQ,2026-09-28,2026-10-09,P,681.0,166,11,0.26343510009765625,0.62,0.48,0.5
QQQ,2026-09-28,2026-10-09,P,682.0,95,2,0.26050544189453123,0.53,0.5,0.51
QQQ,2026-09-28,2026-10-09,P,683.0,151,9,0.25843026733398444,0.66,0.51,0.53
QQQ,2026-09-28,2026-10-09,P,684.0,154,55,0.25623302368164064,0.55,0.54,0.55
QQQ,2026-09-28,2026-10-09,P,685.0,675,19,0.25391371093750004,0.57,0.56,0.57
QQQ,2026-09-28,2026-10-09,P,686.0,258,58,0.25171646728515623,0.58,0.58,0.59
QQQ,2026-09-28,2026-10-09,P,687.0,390,2,0.2500075,0.61,0.6,0.62
QQQ,2026-09-28,2026-10-09,P,688.0,178,6,0.2475661181640625,0.79,0.63,0.64
QQQ,2026-09-28,2026-10-09,P,689.0,346,3,0.24500266723632813,0.87,0.65,0.66
QQQ,2026-09-28,2026-10-09,P,690.0,2240,334,0.243171630859375,0.68,0.68,0.69
QQQ,2026-09-28,2026-10-09,P,691.0,101,31,0.24109645629882812,0.81,0.71,0.72
QQQ,2026-09-28,2026-10-09,P,692.0,160,30,0.23902128173828124,1.0,0.73,0.75
QQQ,2026-09-28,2026-10-09,P,693.0,559,95,0.2368240380859375,0.89,0.77,0.78
QQQ,2026-09-28,2026-10-09,P,694.0,289,62,0.23450472534179687,0.95,0.79,0.81
QQQ,2026-09-28,2026-10-09,P,695.0,1020,232,0.23279575805664063,0.84,0.83,0.85
QQQ,2026-09-28,2026-10-09,P,696.0,237,67,0.23084265258789063,1.05,0.87,0.89
QQQ,2026-09-28,2026-10-09,P,697.0,197,84,0.22882851257324222,0.96,0.92,0.93
QQQ,2026-09-28,2026-10-09,P,698.0,518,58,0.22669230346679686,0.96,0.96,0.97
QQQ,2026-09-28,2026-10-09,P,699.0,218,64,0.22449505981445309,1.03,0.99,1.01
QQQ,2026-09-28,2026-10-09,P,700.0,5254,402,0.22260298889160152,1.05,1.04,1.06
QQQ,2026-09-28,2026-10-09,P,701.0,3803,101,0.22113815979003904,1.52,1.1,1.12
QQQ,2026-09-28,2026-10-09,P,702.0,1597,2063,0.21900195068359374,1.18,1.15,1.17
QQQ,2026-09-28,2026-10-09,P,703.0,442,5,0.21680470703125,1.62,1.2,1.22
QQQ,2026-09-28,2026-10-09,P,704.0,379,53,0.2153398779296875,1.43,1.27,1.29
QQQ,2026-09-28,2026-10-09,P,705.0,1720,109,0.21363091064453127,1.52,1.33,1.36
QQQ,2026-09-28,2026-10-09,P,706.0,229,25,0.21186090881347652,1.69,1.4,1.43
QQQ,2026-09-28,2026-10-09,P,707.0,424,19,0.20990780334472653,1.48,1.48,1.5
QQQ,2026-09-28,2026-10-09,P,708.0,677,73,0.20819883605957026,2.0,1.55,1.58
QQQ,2026-09-28,2026-10-09,P,709.0,338,141,0.2063067651367187,2.03,1.63,1.66
QQQ,2026-09-28,2026-10-09,P,710.0,4704,536,0.2049640051269531,1.8,1.73,1.76
QQQ,2026-09-28,2026-10-09,P,711.0,755,28,0.20343814147949218,2.06,1.82,1.86
QQQ,2026-09-28,2026-10-09,P,712.0,425,40,0.2016681396484375,1.98,1.92,1.96
QQQ,2026-09-28,2026-10-09,P,713.0,294,30,0.19977606872558595,2.07,2.03,2.06
QQQ,2026-09-28,2026-10-09,P,714.0,330,67,0.19831123962402342,2.22,2.14,2.18
QQQ,2026-09-28,2026-10-09,P,715.0,1736,3328,0.19635813415527342,2.29,2.27,2.29
QQQ,2026-09-28,2026-10-09,P,716.0,559,21,0.19538158142089845,2.87,2.4,2.44
QQQ,2026-09-28,2026-10-09,P,717.0,653,37,0.19385571777343752,3.12,2.54,2.58
QQQ,2026-09-28,2026-10-09,P,718.0,1030,71,0.19214675048828128,2.69,2.69,2.72
QQQ,2026-09-28,2026-10-09,P,719.0,584,25,0.19046830047607421,3.65,2.83,2.87
QQQ,2026-09-28,2026-10-09,P,720.0,1650,2818,0.18854571228027345,3.02,3.01,3.02
QQQ,2026-09-28,2026-10-09,P,721.0,340,28,0.18775226318359373,3.2,3.19,3.22
QQQ,2026-09-28,2026-10-09,P,722.0,288,5,0.18640950317382812,3.51,3.37,3.41
QQQ,2026-09-28,2026-10-09,P,723.0,426,46,0.1842732940673828,3.6,3.54,3.58
QQQ,2026-09-28,2026-10-09,P,724.0,195,70,0.18366294860839844,3.79,3.78,3.82
QQQ,2026-09-28,2026-10-09,P,725.0,1538,1628,0.18177087768554687,4.03,3.98,4.02
QQQ,2026-09-28,2026-10-09,P,726.0,177,24,0.18076380767822264,4.52,4.22,4.27
QQQ,2026-09-28,2026-10-09,P,727.0,3571,171,0.17878018493652342,4.63,4.45,4.49
QQQ,2026-09-28,2026-10-09,P,728.0,184,65,0.17789518402099608,4.77,4.73,4.77
QQQ,2026-09-28,2026-10-09,P,729.0,165,34,0.17603363037109376,5.15,4.97,5.02
QQQ,2026-09-28,2026-10-09,P,730.0,6288,4103,0.1749350085449219,5.35,5.29,5.32
QQQ,2026-09-28,2026-10-09,P,731.0,107,44,0.1739584558105469,5.75,5.59,5.64
QQQ,2026-09-28,2026-10-09,P,732.0,498,86,0.17307345489501952,5.9,5.93,5.98
QQQ,2026-09-28,2026-10-09,P,733.0,275,39,0.17124241851806643,6.45,6.25,6.29
QQQ,2026-09-28,2026-10-09,P,734.0,427,141,0.16928931304931644,7.08,6.55,6.61
QQQ,2026-09-28,2026-10-09,P,735.0,1905,2720,0.16800758758544926,7.02,6.93,6.98
QQQ,2026-09-28,2026-10-09,P,736.0,414,550,0.16797707031250003,7.42,7.37,7.43
QQQ,2026-09-28,2026-10-09,P,737.0,229,608,0.16480327392578126,7.8,7.69,7.74
QQQ,2026-09-28,2026-10-09,P,738.0,343,727,0.16523051574707032,8.23,8.19,8.25
QQQ,2026-09-28,2026-10-09,P,739.0,378,654,0.16254499572753905,8.65,8.55,8.62
QQQ,2026-09-28,2026-10-09,P,740.0,1378,693,0.1626060302734375,9.08,9.09,9.15
QQQ,2026-09-28,2026-10-09,P,741.0,248,131,0.16031723480224608,9.71,9.52,9.58
QQQ,2026-09-28,2026-10-09,P,742.0,445,64,0.1588218884277344,10.26,10.0,10.07
QQQ,2026-09-28,2026-10-09,P,743.0,223,8,0.15692981750488283,11.87,10.45,10.56
QQQ,2026-09-28,2026-10-09,P,744.0,201,1,0.15601429931640626,12.6,11.01,11.12
QQQ,2026-09-28,2026-10-09,P,745.0,519,38,0.15531240203857422,11.79,11.6,11.71
QQQ,2026-09-28,2026-10-09,P,746.0,128,7,0.15271843383789066,13.4,12.11,12.23
QQQ,2026-09-28,2026-10-09,P,747.0,75,2,0.15155877746582033,14.03,12.72,12.84
QQQ,2026-09-28,2026-10-09,P,748.0,53,38,0.1503686038208008,15.41,13.34,13.47
QQQ,2026-09-28,2026-10-09,P,749.0,87,14,0.14850705017089844,14.63,13.96,14.09
QQQ,2026-09-28,2026-10-09,P,750.0,353,190,0.14795773925781253,14.43,14.67,14.79
QQQ,2026-09-28,2026-10-09,P,751.0,29,5,0.147469462890625,15.66,15.39,15.51
QQQ,2026-09-28,2026-10-09,P,752.0,4,2,0.1492394647216797,15.12,14.56,16.34
QQQ,2026-09-28,2026-10-09,P,753.0,42,2,0.14612670288085935,18.09,16.56,16.99
QQQ,2026-09-28,2026-10-09,P,754.0,4,2,0.14771360107421877,21.41,17.29,17.84
QQQ,2026-09-28,2026-10-09,P,755.0,42,11,0.14478394287109375,20.03,18.12,18.54
QQQ,2026-09-28,2026-10-09,P,757.0,17,16,0.14069462829589846,20.33,19.58,20.07
QQQ,2026-09-28,2026-10-09,P,758.0,4,10,0.1401453173828125,22.34,20.45,20.91
QQQ,2026-09-28,2026-10-09,P,760.0,213,2,0.13910773010253907,22.25,22.1,22.63
QQQ,2026-09-28,2026-10-09,P,761.0,4,4,0.13904669555664065,27.49,23.01,23.52
QQQ,2026-09-28,2026-10-09,P,763.0,3,1,0.13648324462890626,23.07,24.7,25.28
QQQ,2026-09-28,2026-10-09,P,764.0,2,2,0.19165847412109377,30.19,25.54,27.59
QQQ,2026-09-28,2026-10-09,P,765.0,122,1,0.13086806640624998,26.0,26.43,27.04
QQQ,2026-09-28,2026-10-09,P,766.0,1,2,0.12903703002929687,26.06,27.38,27.96
QQQ,2026-09-28,2026-10-09,P,768.0,1,3,0.12964737548828126,29.73,29.12,29.88
QQQ,2026-09-28,2026-10-09,P,770.0,53,3,0.1069425244140625,32.02,29.8,31.66
QQQ,2026-09-28,2026-10-09,P,771.0,1,0,1.0000000000000003e-05,27.42,32.0,32.6
QQQ,2026-09-28,2026-10-09,P,772.0,1,0,1.0000000000000003e-05,32.03,31.8,33.6
QQQ,2026-09-28,2026-10-09,P,773.0,1,0,1.0000000000000003e-05,32.96,33.95,34.56
QQQ,2026-09-28,2026-10-09,P,774.0,0,1,1.0000000000000003e-05,31.31,33.77,35.53
QQQ,2026-09-28,2026-10-09,P,775.0,0,1,1.0000000000000003e-05,31.46,35.91,36.51
QQQ,2026-09-28,2026-10-09,P,780.0,0,4,0.24597921997070313,43.35,39.74,43.13
QQQ,2026-09-28,2026-10-09,P,785.0,0,4,0.26605958557128906,48.27,44.68,48.12
QQQ,2026-09-28,2026-10-09,P,790.0,0,0,0.286567192993164,53.26,49.68,53.13
QQQ,2026-09-28,2026-10-09,P,850.0,0,35,0.500005,104.84,109.68,113.12
QQQ,2026-09-28,2026-10-09,P,860.0,0,15,0.5328415856933593,114.78,119.68,123.13
QQQ,2026-09-28,2026-10-16,C,300.0,14,1,1.8188485620117185,445.0,437.53,440.97
QQQ,2026-09-28,2026-10-16,C,305.0,0,1,1.7861338818359376,413.87,432.54,435.95
QQQ,2026-09-28,2026-10-16,C,310.0,11,1,1.7587902685546877,409.99,427.55,430.96
QQQ,2026-09-28,2026-10-16,C,315.0,10,10,1.0000000000000003e-05,384.34,391.55,394.2
QQQ,2026-09-28,2026-10-16,C,320.0,0,1,1.0000000000000003e-05,395.21,0.0,0.0
QQQ,2026-09-28,2026-10-16,C,325.0,10,3,1.6792008227539061,421.07,412.58,416.0
QQQ,2026-09-28,2026-10-16,C,330.0,13,1,1.6582048339843751,411.18,407.6,411.04
QQQ,2026-09-28,2026-10-16,C,335.0,17,1,1.6308612207031248,377.26,402.6,406.05
QQQ,2026-09-28,2026-10-16,C,340.0,2,1,1.0000000000000003e-05,373.63,379.1,382.8
QQQ,2026-09-28,2026-10-16,C,345.0,2,2,1.5800802246093748,366.88,392.62,396.07
QQQ,2026-09-28,2026-10-16,C,350.0,13,1,1.5463889868164062,367.06,387.63,391.01
QQQ,2026-09-28,2026-10-16,C,355.0,251,1,1.5302757861328122,361.45,382.64,386.09
QQQ,2026-09-28,2026-10-16,C,360.0,400,1,1.505861845703125,356.58,377.65,381.1
QQQ,2026-09-28,2026-10-16,C,365.0,4,1,1.0000000000000003e-05,332.66,341.93,344.58
QQQ,2026-09-28,2026-10-16,C,370.0,13,4,1.4555691284179688,368.88,367.67,371.1
QQQ,2026-09-28,2026-10-16,C,375.0,1,0,1.5976582617187498,352.39,363.67,367.13
QQQ,2026-09-28,2026-10-16,C,380.0,53,11,1.4116240356445315,356.14,357.7,361.14
QQQ,2026-09-28,2026-10-16,C,385.0,33,32,1.6005879345703122,334.69,354.07,357.68
QQQ,2026-09-28,2026-10-16,C,390.0,6,1,1.3664582458496093,351.85,347.72,351.17
QQQ,2026-09-28,2026-10-16,C,395.0,34,3,1.3418001660156247,350.33,342.73,346.16
QQQ,2026-09-28,2026-10-16,C,400.0,580,382,1.3154331103515622,338.29,337.74,341.13
QQQ,2026-09-28,2026-10-16,C,405.0,3,1,1.298099212646484,338.63,332.75,336.19
QQQ,2026-09-28,2026-10-16,C,410.0,5,2,1.275150108642578,307.66,327.76,331.19
QQQ,2026-09-28,2026-10-16,C,420.0,3,1,1.2290077612304686,296.73,317.78,321.18
QQQ,2026-09-28,2026-10-16,C,425.0,13,4,1.2128945605468748,313.63,312.8,316.24
QQQ,2026-09-28,2026-10-16,C,430.0,1,6,1.1923868505859376,278.78,307.81,311.26
QQQ,2026-09-28,2026-10-16,C,435.0,66,2,1.0000000000000003e-05,296.46,262.62,266.33
QQQ,2026-09-28,2026-10-16,C,440.0,62,5,1.150394873046875,304.36,297.83,301.28
QQQ,2026-09-28,2026-10-16,C,445.0,1,1,1.0000000000000003e-05,263.49,275.96,279.55
QQQ,2026-09-28,2026-10-16,C,450.0,71,5,1.1096235925292968,288.43,287.86,291.3
QQQ,2026-09-28,2026-10-16,C,455.0,3,1,1.0000000000000003e-05,288.95,252.74,255.5
QQQ,2026-09-28,2026-10-16,C,460.0,81,39,1.0703171484375003,273.2,277.89,281.33
QQQ,2026-09-28,2026-10-16,C,465.0,63,1,1.049565299072266,252.57,272.89,276.34
QQQ,2026-09-28,2026-10-16,C,470.0,55,1,1.0261279162597656,268.63,267.9,271.3
QQQ,2026-09-28,2026-10-16,C,475.0,48,1,1.0056202062988282,271.15,262.91,266.3
QQQ,2026-09-28,2026-10-16,C,480.0,24,4,0.9899903344726562,253.07,257.92,261.37
QQQ,2026-09-28,2026-10-16,C,485.0,52,1,0.9704592797851561,232.08,252.93,256.38
QQQ,2026-09-28,2026-10-16,C,490.0,34,10,0.9509282250976561,229.49,247.94,251.39
QQQ,2026-09-28,2026-10-16,C,495.0,56,6,0.9321295849609376,247.25,242.95,246.41
QQQ,2026-09-28,2026-10-16,C,500.0,94,1,0.9135750830078125,243.05,237.97,241.42
QQQ,2026-09-28,2026-10-16,C,505.0,7,5,0.8945323046874999,227.07,232.98,236.43
QQQ,2026-09-28,2026-10-16,C,510.0,12,1,0.8767102172851562,232.28,228.0,231.45
QQQ,2026-09-28,2026-10-16,C,515.0,17,5,0.858399853515625,202.33,223.02,226.46
QQQ,2026-09-28,2026-10-16,C,520.0,50,22,0.8378922460937499,192.97,218.03,221.44
QQQ,2026-09-28,2026-10-16,C,525.0,33,1,0.8214129187011718,215.92,213.04,216.49
QQQ,2026-09-28,2026-10-16,C,530.0,41,3,0.8033466931152342,189.41,208.06,211.5
QQQ,2026-09-28,2026-10-16,C,535.0,76,2,0.7838156384277344,184.95,203.07,206.49
QQQ,2026-09-28,2026-10-16,C,540.0,236,2,0.7678245874023439,198.39,198.09,201.54
QQQ,2026-09-28,2026-10-16,C,545.0,29,1,0.7490259472656251,175.52,193.1,196.54
QQQ,2026-09-28,2026-10-16,C,550.0,132,3,0.7326686889648437,188.35,188.13,191.57
QQQ,2026-09-28,2026-10-16,C,555.0,85,2,0.7158231542968749,188.08,183.2,186.55
QQQ,2026-09-28,2026-10-16,C,560.0,105,1,0.6971465832519532,180.71,178.17,181.59
QQQ,2026-09-28,2026-10-16,C,565.0,159,2,0.6804231176757813,178.65,173.18,176.63
QQQ,2026-09-28,2026-10-16,C,570.0,75,1,0.6623568920898439,168.67,168.2,171.63
QQQ,2026-09-28,2026-10-16,C,575.0,108,68,0.6459996337890624,159.41,163.22,166.67
QQQ,2026-09-28,2026-10-16,C,580.0,415,2,0.6279334082031252,162.1,158.25,161.66
QQQ,2026-09-28,2026-10-16,C,585.0,93,2,0.6123085644531252,152.64,153.27,156.72
QQQ,2026-09-28,2026-10-16,C,590.0,290,2,0.5955850988769531,148.09,148.3,151.74
QQQ,2026-09-28,2026-10-16,C,595.0,199,1,0.5780071496582031,145.58,143.33,146.74
QQQ,2026-09-28,2026-10-16,C,600.0,660,1,0.5772747351074219,138.5,138.81,141.8
QQQ,2026-09-28,2026-10-16,C,605.0,361,15,0.5463912548828126,134.83,133.39,136.84
QQQ,2026-09-28,2026-10-16,C,610.0,287,4,0.5297898583984376,130.36,128.42,131.87
QQQ,2026-09-28,2026-10-16,C,615.0,478,1,0.5134326000976561,123.5,123.45,126.91
QQQ,2026-09-28,2026-10-16,C,620.0,408,1,0.5813030151367188,118.7,118.49,121.95
QQQ,2026-09-28,2026-10-16,C,625.0,1809,2,0.5623823059082032,113.19,113.53,116.99
QQQ,2026-09-28,2026-10-16,C,630.0,786,225,0.5433395275878907,110.11,108.58,112.03
QQQ,2026-09-28,2026-10-16,C,632.0,2,0,0.5111132873535156,111.04,106.6,109.44
QQQ,2026-09-28,2026-10-16,C,635.0,278,5,0.5246629565429688,105.54,103.65,107.08
QQQ,2026-09-28,2026-10-16,C,638.0,2,0,0.5137988073730468,95.11,100.66,104.12
QQQ,2026-09-28,2026-10-16,C,640.0,311,26,0.5054981091308592,99.17,98.68,102.12
QQQ,2026-09-28,2026-10-16,C,645.0,351,36,0.4873708489990235,93.42,93.77,97.19
QQQ,2026-09-28,2026-10-16,C,650.0,1679,26,0.46936565795898444,89.66,88.81,92.27
QQQ,2026-09-28,2026-10-16,C,651.0,2,4,0.4655815161132813,69.6,87.82,91.28
QQQ,2026-09-28,2026-10-16,C,652.0,103,1,0.46210254699707043,68.48,86.84,90.3
QQQ,2026-09-28,2026-10-16,C,653.0,91,88,0.4578911633300782,59.45,85.85,89.3
QQQ,2026-09-28,2026-10-16,C,654.0,8,1,0.45477840148925786,62.01,84.87,88.33
QQQ,2026-09-28,2026-10-16,C,655.0,948,3,0.4512383978271485,83.57,83.87,87.35
QQQ,2026-09-28,2026-10-16,C,656.0,107,69,0.44739322143554683,81.02,82.9,86.36
QQQ,2026-09-28,2026-10-16,C,657.0,18,15,0.44220528503417966,63.92,81.92,85.33
QQQ,2026-09-28,2026-10-16,C,658.0,15,1,0.44031321411132807,62.09,80.94,84.4
QQQ,2026-09-28,2026-10-16,C,659.0,29,2,0.4361018304443359,88.34,79.96,83.4
QQQ,2026-09-28,2026-10-16,C,660.0,1102,2,0.43317217224121096,78.07,78.97,82.44
QQQ,2026-09-28,2026-10-16,C,661.0,13,1,0.4296321685791016,77.69,78.0,81.46
QQQ,2026-09-28,2026-10-16,C,662.0,8,1,0.4260311303710938,77.3,77.01,80.48
QQQ,2026-09-28,2026-10-16,C,663.0,12,14,0.4224300921630859,58.71,76.03,79.5
QQQ,2026-09-28,2026-10-16,C,664.0,37,1,0.4188290539550781,83.41,75.05,78.52
QQQ,2026-09-28,2026-10-16,C,665.0,485,3,0.41431249755859373,70.76,74.08,77.51
QQQ,2026-09-28,2026-10-16,C,666.0,9,6,0.41156594299316407,75.34,73.1,76.56
QQQ,2026-09-28,2026-10-16,C,667.0,39,4,0.40704938659667966,56.55,72.13,75.55
QQQ,2026-09-28,2026-10-16,C,668.0,8,1,0.4046080047607422,53.42,71.15,74.61
QQQ,2026-09-28,2026-10-16,C,669.0,17,2,0.39765006652832036,54.44,70.18,73.52
QQQ,2026-09-28,2026-10-16,C,670.0,668,12,0.3978331701660156,67.9,69.2,72.67
QQQ,2026-09-28,2026-10-16,C,671.0,28,1,0.39325557922363286,49.79,68.23,71.66
QQQ,2026-09-28,2026-10-16,C,672.0,122,4,0.3570620935058594,52.28,67.26,69.62
QQQ,2026-09-28,2026-10-16,C,673.0,24,5,0.35394933166503895,65.7,66.32,68.65
QQQ,2026-09-28,2026-10-16,C,674.0,58,2,0.3521182952880859,49.86,65.31,67.72
QQQ,2026-09-28,2026-10-16,C,675.0,524,6,0.348639326171875,63.98,64.34,66.74
QQQ,2026-09-28,2026-10-16,C,676.0,60,3,0.34577070251464836,65.19,65.11,65.78
QQQ,2026-09-28,2026-10-16,C,677.0,163,1,0.3425358715820312,68.22,62.41,64.81
QQQ,2026-09-28,2026-10-16,C,678.0,59,3,0.33814138427734375,57.73,61.44,63.8
QQQ,2026-09-28,2026-10-16,C,679.0,66,2,0.3330755169677735,63.95,60.56,62.77
QQQ,2026-09-28,2026-10-16,C,680.0,1486,3,0.3325262060546875,59.16,61.28,61.89
QQQ,2026-09-28,2026-10-16,C,681.0,45,2,0.329535513305664,43.56,60.27,60.93
QQQ,2026-09-28,2026-10-16,C,682.0,56,3,0.32532412963867186,65.65,57.6,59.93
QQQ,2026-09-28,2026-10-16,C,683.0,121,1,0.32318792053222645,58.57,56.64,59.0
QQQ,2026-09-28,2026-10-16,C,684.0,61,4,0.31952584777832027,54.59,55.69,58.02
QQQ,2026-09-28,2026-10-16,C,685.0,1130,3,0.3474186352539062,56.68,56.34,58.22
QQQ,2026-09-28,2026-10-16,C,686.0,121,1,0.3122017022705078,58.88,55.46,56.06
QQQ,2026-09-28,2026-10-16,C,687.0,92,1,0.31153032226562494,51.09,52.83,55.19
QQQ,2026-09-28,2026-10-16,C,688.0,99,7,0.3086006640625,52.41,53.6,54.24
QQQ,2026-09-28,2026-10-16,C,689.0,219,1,0.3048165222167969,51.89,50.94,53.26
QQQ,2026-09-28,2026-10-16,C,690.0,2671,1,0.3007882421875,51.71,49.99,52.27
QQQ,2026-09-28,2026-10-16,C,691.0,96,4,0.2980416876220703,47.05,50.73,51.33
QQQ,2026-09-28,2026-10-16,C,692.0,324,10,0.2962716857910156,49.96,49.86,50.43
QQQ,2026-09-28,2026-10-16,C,693.0,151,6,0.2921213366699218,47.48,48.84,49.44
QQQ,2026-09-28,2026-10-16,C,694.0,118,12,0.2899851275634765,44.18,47.94,48.53
QQQ,2026-09-28,2026-10-16,C,695.0,1189,4,0.2848582257080078,46.1,47.01,47.5
QQQ,2026-09-28,2026-10-16,C,696.0,109,20,0.2823863265991211,45.23,46.0,46.58
QQQ,2026-09-28,2026-10-16,C,697.0,81,2,0.2822947747802734,44.05,45.17,45.76
QQQ,2026-09-28,2026-10-16,C,698.0,325,2,0.2799144274902343,43.22,44.24,44.85
QQQ,2026-09-28,2026-10-16,C,699.0,123,8,0.2746959738159179,42.2,43.34,43.82
QQQ,2026-09-28,2026-10-16,C,700.0,10333,60,0.2745433874511719,41.19,42.42,43.01
QQQ,2026-09-28,2026-10-16,C,701.0,254,24,0.26929441650390623,40.06,41.51,41.98
QQQ,2026-09-28,2026-10-16,C,702.0,273,7,0.26673096557617193,39.75,40.54,41.07
QQQ,2026-09-28,2026-10-16,C,703.0,248,5,0.26676148284912116,38.24,39.67,40.28
QQQ,2026-09-28,2026-10-16,C,704.0,250,9,0.26511355010986326,39.0,38.82,39.42
QQQ,2026-09-28,2026-10-16,C,705.0,4206,13,0.25974251007080085,36.55,37.86,38.39
QQQ,2026-09-28,2026-10-16,C,706.0,637,36,0.25818612915039063,35.17,35.38,37.54
QQQ,2026-09-28,2026-10-16,C,707.0,1066,12,0.25757578369140627,36.03,36.14,36.74
QQQ,2026-09-28,2026-10-16,C,708.0,1369,80,0.25623302368164064,34.52,35.34,35.91
QQQ,2026-09-28,2026-10-16,C,709.0,1325,64,0.27771718383789057,33.27,34.48,36.24
QQQ,2026-09-28,2026-10-16,C,710.0,5400,152,0.24979387908935546,32.3,33.55,34.08
QQQ,2026-09-28,2026-10-16,C,711.0,775,72,0.24738301452636718,31.2,32.71,33.21
QQQ,2026-09-28,2026-10-16,C,712.0,8915,107,0.2452773226928711,31.94,31.91,32.36
QQQ,2026-09-28,2026-10-16,C,713.0,1532,90,0.23941800628662108,31.21,31.0,31.32
QQQ,2026-09-28,2026-10-16,C,714.0,2685,64,0.24097438720703124,30.37,30.18,30.67
QQQ,2026-09-28,2026-10-16,C,715.0,7697,662,0.23651886535644528,29.71,29.34,29.71
QQQ,2026-09-28,2026-10-16,C,716.0,1524,182,0.2373733489990234,28.3,28.58,29.04
QQQ,2026-09-28,2026-10-16,C,717.0,2353,130,0.23462679443359374,26.38,27.72,28.18
QQQ,2026-09-28,2026-10-16,C,718.0,9305,123,0.23264317169189452,25.54,26.95,27.37
QQQ,2026-09-28,2026-10-16,C,719.0,3201,154,0.23090368713378906,26.09,26.09,26.58
QQQ,2026-09-28,2026-10-16,C,720.0,18527,604,0.2278519598388672,25.37,25.25,25.72
QQQ,2026-09-28,2026-10-16,C,721.0,2041,105,0.2267533380126953,24.73,24.56,24.98
QQQ,2026-09-28,2026-10-16,C,722.0,1101,36,0.22486126708984372,23.82,23.77,24.2
QQQ,2026-09-28,2026-10-16,C,723.0,1487,29,0.22296919616699218,22.6,23.04,23.43
QQQ,2026-09-28,2026-10-16,C,724.0,1719,22,0.2186357434082031,22.34,22.39,22.52
QQQ,2026-09-28,2026-10-16,C,725.0,10202,129,0.216530051574707,21.66,21.62,21.75
QQQ,2026-09-28,2026-10-16,C,726.0,2169,20,0.21479056701660154,19.43,20.89,21.01
QQQ,2026-09-28,2026-10-16,C,727.0,1909,11,0.2125933233642578,20.27,20.12,20.25
QQQ,2026-09-28,2026-10-16,C,728.0,2298,15,0.211372632446289,17.84,19.43,19.56
QQQ,2026-09-28,2026-10-16,C,729.0,1554,11,0.2082598706054687,17.51,18.64,18.76
QQQ,2026-09-28,2026-10-16,C,730.0,16795,733,0.20850400878906244,18.02,18.07,18.18
QQQ,2026-09-28,2026-10-16,C,731.0,2847,70,0.20569641967773436,17.34,17.31,17.42
QQQ,2026-09-28,2026-10-16,C,732.0,1306,263,0.20526917785644527,15.0,16.7,16.82
QQQ,2026-09-28,2026-10-16,C,733.0,1809,52,0.20359072784423826,16.05,16.04,16.15
QQQ,2026-09-28,2026-10-16,C,734.0,3834,589,0.2020343469238281,15.5,15.39,15.5
QQQ,2026-09-28,2026-10-16,C,735.0,11952,2045,0.20078313873291015,14.7,14.78,14.88
QQQ,2026-09-28,2026-10-16,C,736.0,1580,653,0.19901313690185546,14.15,14.13,14.24
QQQ,2026-09-28,2026-10-16,C,737.0,967,1114,0.19742623870849607,13.45,13.51,13.62
QQQ,2026-09-28,2026-10-16,C,738.0,1644,793,0.1956257196044922,12.93,12.91,13.0
QQQ,2026-09-28,2026-10-16,C,739.0,2699,831,0.19486278778076171,12.3,12.38,12.46
QQQ,2026-09-28,2026-10-16,C,740.0,27763,5290,0.19391675231933597,11.92,11.89,11.92
QQQ,2026-09-28,2026-10-16,C,741.0,1163,625,0.19214675048828128,11.3,11.27,11.34
QQQ,2026-09-28,2026-10-16,C,742.0,1650,620,0.19126174957275394,10.74,10.79,10.83
QQQ,2026-09-28,2026-10-16,C,743.0,1987,838,0.188484677734375,10.17,10.18,10.21
QQQ,2026-09-28,2026-10-16,C,744.0,1872,541,0.18796588409423826,9.72,9.68,9.75
QQQ,2026-09-28,2026-10-16,C,745.0,15016,2154,0.18695881408691406,9.24,9.2,9.27
QQQ,2026-09-28,2026-10-16,C,746.0,2464,1832,0.1854024331665039,8.79,8.71,8.77
QQQ,2026-09-28,2026-10-16,C,747.0,2611,916,0.18488363952636716,8.24,8.27,8.35
QQQ,2026-09-28,2026-10-16,C,748.0,3066,1175,0.18369346588134766,7.8,7.84,7.9
QQQ,2026-09-28,2026-10-16,C,749.0,2611,1298,0.18225915405273438,7.42,7.41,7.45
QQQ,2026-09-28,2026-10-16,C,750.0,37385,10412,0.18109949768066402,6.99,6.99,7.03
QQQ,2026-09-28,2026-10-16,C,751.0,1662,1460,0.1798788067626953,6.55,6.58,6.62
QQQ,2026-09-28,2026-10-16,C,752.0,4900,1390,0.1789022540283203,6.17,6.22,6.24
QQQ,2026-09-28,2026-10-16,C,753.0,1032,1786,0.17789518402099608,5.82,5.85,5.87
QQQ,2026-09-28,2026-10-16,C,754.0,1141,1688,0.17609466491699222,5.45,5.43,5.47
QQQ,2026-09-28,2026-10-16,C,755.0,21111,2008,0.17618621673583984,5.14,5.14,5.19
QQQ,2026-09-28,2026-10-16,C,756.0,6006,639,0.1745993185424805,4.76,4.81,4.83
QQQ,2026-09-28,2026-10-16,C,757.0,3010,706,0.1747824221801758,4.49,4.55,4.58
QQQ,2026-09-28,2026-10-16,C,758.0,1353,1523,0.17401949035644532,4.2,4.25,4.29
QQQ,2026-09-28,2026-10-16,C,759.0,1938,1153,0.17319552398681642,3.94,3.98,4.01
QQQ,2026-09-28,2026-10-16,C,760.0,82903,3957,0.17151707397460939,3.69,3.69,3.7
QQQ,2026-09-28,2026-10-16,C,761.0,1158,845,0.17096776306152345,3.41,3.43,3.46
QQQ,2026-09-28,2026-10-16,C,762.0,816,299,0.1708456939697266,3.13,3.23,3.25
QQQ,2026-09-28,2026-10-16,C,763.0,997,748,0.1700522448730469,2.97,2.98,3.02
QQQ,2026-09-28,2026-10-16,C,764.0,1254,1168,0.16895362304687503,2.81,2.75,2.79
QQQ,2026-09-28,2026-10-16,C,765.0,12303,1818,0.16880103668212892,2.57,2.58,2.61
QQQ,2026-09-28,2026-10-16,C,766.0,1071,759,0.16816017395019534,2.36,2.4,2.42
QQQ,2026-09-28,2026-10-16,C,767.0,631,536,0.1677634494018555,2.17,2.23,2.25
QQQ,2026-09-28,2026-10-16,C,768.0,581,393,0.16687844848632816,2.09,2.05,2.07
QQQ,2026-09-28,2026-10-16,C,769.0,730,405,0.16651224121093755,1.85,1.9,1.92
QQQ,2026-09-28,2026-10-16,C,770.0,27449,557,0.16614603393554692,1.75,1.76,1.78
QQQ,2026-09-28,2026-10-16,C,771.0,668,254,0.16590189575195316,1.63,1.63,1.65
QQQ,2026-09-28,2026-10-16,C,772.0,1994,514,0.1656577575683594,1.46,1.51,1.53
QQQ,2026-09-28,2026-10-16,C,773.0,673,439,0.16523051574707032,1.36,1.39,1.41
QQQ,2026-09-28,2026-10-16,C,774.0,756,793,0.1645591357421875,1.25,1.27,1.29
QQQ,2026-09-28,2026-10-16,C,775.0,43043,951,0.16468120483398438,1.15,1.18,1.2
QQQ,2026-09-28,2026-10-16,C,780.0,12151,507,0.16297223754882814,0.78,0.76,0.78
QQQ,2026-09-28,2026-10-16,C,785.0,18869,1242,0.1632163757324219,0.5,0.51,0.52
QQQ,2026-09-28,2026-10-16,C,790.0,3263,278,0.16358258300781253,0.34,0.32,0.34
QQQ,2026-09-28,2026-10-16,C,795.0,4325,84,0.165047412109375,0.21,0.21,0.23
QQQ,2026-09-28,2026-10-16,C,800.0,23333,184,0.16748879394531252,0.14,0.14,0.16
QQQ,2026-09-28,2026-10-16,C,805.0,2913,5,0.17188328125000002,0.08,0.11,0.12
QQQ,2026-09-28,2026-10-16,C,810.0,2632,43,0.1757894921875,0.07,0.07,0.09
QQQ,2026-09-28,2026-10-16,C,815.0,1845,137,0.1772543212890625,0.05,0.05,0.06
QQQ,2026-09-28,2026-10-16,C,820.0,4912,10,0.1870198486328125,0.04,0.04,0.06
QQQ,2026-09-28,2026-10-16,C,825.0,7386,2,0.188484677734375,0.04,0.03,0.04
QQQ,2026-09-28,2026-10-16,C,830.0,2697,281,0.1914143359375,0.02,0.02,0.03
QQQ,2026-09-28,2026-10-16,C,835.0,1877,800,0.20020331054687499,0.03,0.02,0.03
QQQ,2026-09-28,2026-10-16,C,840.0,3698,864,0.20899228515624996,0.02,0.01,0.03
QQQ,2026-09-28,2026-10-16,C,845.0,1602,720,0.20899228515624996,0.01,0.01,0.02
QQQ,2026-09-28,2026-10-16,C,850.0,7205,302,0.21680470703125,0.02,0.01,0.02
QQQ,2026-09-28,2026-10-16,C,855.0,772,1333,0.22657023437499998,0.02,0.01,0.02
QQQ,2026-09-28,2026-10-16,C,860.0,1051,12,0.23438265625,0.01,0.01,0.02
QQQ,2026-09-28,2026-10-16,C,865.0,961,1592,0.242195078125,0.02,0.01,0.02
QQQ,2026-09-28,2026-10-16,C,870.0,360,1,0.2500075,0.01,0.0,0.02
QQQ,2026-09-28,2026-10-16,C,875.0,285,1,0.26758544921875,0.02,0.0,0.03
QQQ,2026-09-28,2026-10-16,C,880.0,1339,320,0.27539787109374997,0.02,0.0,0.03
QQQ,2026-09-28,2026-10-16,C,885.0,3333,261,0.28321029296874994,0.03,0.0,0.03
QQQ,2026-09-28,2026-10-16,C,890.0,290,520,0.2910227148437499,0.02,0.0,0.03
QQQ,2026-09-28,2026-10-16,C,895.0,462,440,0.29883513671874995,0.02,0.0,0.03
QQQ,2026-09-28,2026-10-16,C,900.0,17805,1,0.30664755859375,0.02,0.0,0.03
QQQ,2026-09-28,2026-10-16,C,905.0,208,15,0.31445998046874996,0.03,0.0,0.03
QQQ,2026-09-28,2026-10-16,C,910.0,571,720,0.32227240234374993,0.03,0.0,0.03
QQQ,2026-09-28,2026-10-16,C,915.0,267,360,0.31836619140624994,0.02,0.0,0.02
QQQ,2026-09-28,2026-10-16,C,920.0,6492,930,0.32617861328125,0.01,0.0,0.02
QQQ,2026-09-28,2026-10-16,C,925.0,893,630,0.3320379296875,0.04,0.0,0.02
QQQ,2026-09-28,2026-10-16,C,930.0,144,224,0.3398503515625,0.01,0.0,0.02
QQQ,2026-09-28,2026-10-16,C,935.0,81,300,0.34766277343749996,0.03,0.0,0.02
QQQ,2026-09-28,2026-10-16,C,940.0,659,60,0.35547519531249994,0.02,0.0,0.02
QQQ,2026-09-28,2026-10-16,C,945.0,225,120,0.3632876171875,0.01,0.0,0.02
QQQ,2026-09-28,2026-10-16,C,950.0,907,4,0.36914693359375,0.04,0.0,0.02
QQQ,2026-09-28,2026-10-16,C,955.0,0,1,0.2500075,0.08,0.0,0.0
QQQ,2026-09-28,2026-10-16,C,960.0,0,20,0.2500075,0.03,0.0,0.0
QQQ,2026-09-28,2026-10-16,C,965.0,0,6,0.2500075,0.04,0.0,0.0
QQQ,2026-09-28,2026-10-16,C,970.0,15745,10,0.39649041015625003,0.02,0.0,0.02
QQQ,2026-09-28,2026-10-16,C,975.0,98,12,0.41797457031249996,0.18,0.0,0.03
QQQ,2026-09-28,2026-10-16,C,980.0,0,86,0.2500075,0.05,0.0,0.0
QQQ,2026-09-28,2026-10-16,C,985.0,30,1,0.43164630859375,0.34,0.0,0.03
QQQ,2026-09-28,2026-10-16,C,990.0,0,1,0.2500075,0.03,0.0,0.0
QQQ,2026-09-28,2026-10-16,C,1000.0,0,6,0.2500075,0.05,0.0,0.0
QQQ,2026-09-28,2026-10-16,C,1010.0,0,122,0.2500075,0.05,0.0,0.0
QQQ,2026-09-28,2026-10-16,C,1015.0,2,1,0.47070841796875,0.05,0.0,0.03
QQQ,2026-09-28,2026-10-16,C,1020.0,0,8,0.2500075,0.05,0.0,0.0
QQQ,2026-09-28,2026-10-16,C,1025.0,50,0,0.48438015625,0.08,0.0,0.03
QQQ,2026-09-28,2026-10-16,C,1030.0,0,6,0.2500075,0.05,0.0,0.0
QQQ,2026-09-28,2026-10-16,C,1035.0,50,0,0.49609878906250005,0.06,0.0,0.03
QQQ,2026-09-28,2026-10-16,C,1040.0,0,30,0.2500075,0.05,0.0,0.0
QQQ,2026-09-28,2026-10-16,C,1045.0,0,1,0.2500075,0.04,0.0,0.0
QQQ,2026-09-28,2026-10-16,C,1050.0,0,100,0.2500075,0.04,0.0,0.0
QQQ,2026-09-28,2026-10-16,C,1055.0,0,5,0.2500075,0.05,0.0,0.0
QQQ,2026-09-28,2026-10-16,C,1060.0,16,1,0.48438015625,0.01,0.0,0.01
QQQ,2026-09-28,2026-10-16,C,1065.0,0,6,0.2500075,0.04,0.0,0.0
QQQ,2026-09-28,2026-10-16,C,1070.0,0,2,0.2500075,0.04,0.0,0.0
QQQ,2026-09-28,2026-10-16,C,1075.0,687,10,0.500005,0.02,0.0,0.02
QQQ,2026-09-28,2026-10-16,C,1080.0,0,412,0.2500075,0.04,0.0,0.0
QQQ,2026-09-28,2026-10-16,C,1085.0,8716,15,0.51562984375,0.03,0.0,0.02
QQQ,2026-09-28,2026-10-16,P,300.0,2858,1366,1.21875390625,0.02,0.01,0.02
QQQ,2026-09-28,2026-10-16,P,305.0,830,1,1.2265663671875,0.01,0.01,0.03
QQQ,2026-09-28,2026-10-16,P,310.0,329,4,1.203128984375,0.01,0.01,0.03
QQQ,2026-09-28,2026-10-16,P,315.0,483,181,1.1875040625,0.02,0.01,0.03
QQQ,2026-09-28,2026-10-16,P,320.0,288,320,1.1640666796875,0.03,0.01,0.03
QQQ,2026-09-28,2026-10-16,P,325.0,322,1,1.140629296875,0.01,0.01,0.03
QQQ,2026-09-28,2026-10-16,P,330.0,425,21,1.125004375,0.02,0.01,0.03
QQQ,2026-09-28,2026-10-16,P,335.0,380,350,1.1015669921875002,0.02,0.01,0.03
QQQ,2026-09-28,2026-10-16,P,340.0,360,1,1.0781296093750001,0.03,0.01,0.03
QQQ,2026-09-28,2026-10-16,P,345.0,578,500,1.0625046875000002,0.03,0.01,0.03
QQQ,2026-09-28,2026-10-16,P,350.0,299,684,1.0468797656250002,0.04,0.01,0.03
QQQ,2026-09-28,2026-10-16,P,355.0,302,560,1.0234423828125,0.01,0.01,0.03
QQQ,2026-09-28,2026-10-16,P,360.0,473,160,1.0078174609375,0.02,0.01,0.03
QQQ,2026-09-28,2026-10-16,P,365.0,295,300,0.98437515625,0.02,0.01,0.03
QQQ,2026-09-28,2026-10-16,P,370.0,775,1000,0.9687503125,0.03,0.01,0.03
QQQ,2026-09-28,2026-10-16,P,375.0,370,900,0.9531254687499999,0.02,0.01,0.03
QQQ,2026-09-28,2026-10-16,P,380.0,633,900,0.9531254687499999,0.03,0.01,0.04
QQQ,2026-09-28,2026-10-16,P,385.0,481,560,0.9335944140625,0.01,0.01,0.04
QQQ,2026-09-28,2026-10-16,P,390.0,420,440,0.914063359375,0.02,0.01,0.04
QQQ,2026-09-28,2026-10-16,P,395.0,365,660,0.8984385156249999,0.02,0.01,0.04
QQQ,2026-09-28,2026-10-16,P,400.0,2029,720,0.8828136718749999,0.01,0.01,0.04
QQQ,2026-09-28,2026-10-16,P,405.0,720,540,0.8632826171875,0.03,0.01,0.04
QQQ,2026-09-28,2026-10-16,P,410.0,879,660,0.8476577734374999,0.02,0.01,0.04
QQQ,2026-09-28,2026-10-16,P,415.0,449,700,0.8320329296874999,0.01,0.01,0.04
QQQ,2026-09-28,2026-10-16,P,420.0,325,641,0.8125018749999999,0.01,0.01,0.04
QQQ,2026-09-28,2026-10-16,P,425.0,473,740,0.79687703125,0.04,0.01,0.04
QQQ,2026-09-28,2026-10-16,P,430.0,465,400,0.7812521875,0.02,0.01,0.04
QQQ,2026-09-28,2026-10-16,P,435.0,851,720,0.7656273437500001,0.02,0.01,0.04
QQQ,2026-09-28,2026-10-16,P,440.0,1044,480,0.7500025,0.02,0.01,0.04
QQQ,2026-09-28,2026-10-16,P,445.0,1298,360,0.73437765625,0.02,0.01,0.04
QQQ,2026-09-28,2026-10-16,P,450.0,11293,880,0.7187528125,0.04,0.01,0.04
QQQ,2026-09-28,2026-10-16,P,455.0,353,660,0.70312796875,0.02,0.01,0.04
QQQ,2026-09-28,2026-10-16,P,460.0,1224,300,0.6914093359375001,0.03,0.01,0.04
QQQ,2026-09-28,2026-10-16,P,465.0,593,720,0.6757844921875001,0.03,0.01,0.04
QQQ,2026-09-28,2026-10-16,P,470.0,2092,601,0.6601596484375001,0.02,0.01,0.04
QQQ,2026-09-28,2026-10-16,P,475.0,711,1,0.6640658593750002,0.03,0.03,0.04
QQQ,2026-09-28,2026-10-16,P,480.0,441,180,0.632816171875,0.02,0.01,0.04
QQQ,2026-09-28,2026-10-16,P,485.0,435,960,0.6289099609375001,0.03,0.02,0.04
QQQ,2026-09-28,2026-10-16,P,490.0,2473,642,0.6132851171875001,0.03,0.02,0.04
QQQ,2026-09-28,2026-10-16,P,495.0,501,400,0.5976602734375001,0.05,0.02,0.04
QQQ,2026-09-28,2026-10-16,P,500.0,6731,2,0.5996133789062501,0.05,0.03,0.05
QQQ,2026-09-28,2026-10-16,P,505.0,719,80,0.585941640625,0.04,0.03,0.05
QQQ,2026-09-28,2026-10-16,P,510.0,860,267,0.5722699023437501,0.06,0.03,0.05
QQQ,2026-09-28,2026-10-16,P,515.0,12432,3,0.570316796875,0.04,0.04,0.06
QQQ,2026-09-28,2026-10-16,P,520.0,5550,181,0.5546919531250001,0.05,0.04,0.06
QQQ,2026-09-28,2026-10-16,P,525.0,5483,8,0.5507857421875001,0.06,0.05,0.07
QQQ,2026-09-28,2026-10-16,P,530.0,1682,3,0.5371140039062501,0.06,0.05,0.07
QQQ,2026-09-28,2026-10-16,P,535.0,1567,560,0.5312546875,0.08,0.06,0.08
QQQ,2026-09-28,2026-10-16,P,540.0,7904,2,0.5195360546875,0.08,0.07,0.08
QQQ,2026-09-28,2026-10-16,P,545.0,905,3,0.5097705273437501,0.11,0.07,0.09
QQQ,2026-09-28,2026-10-16,P,550.0,16815,63,0.5019581054687501,0.08,0.08,0.1
QQQ,2026-09-28,2026-10-16,P,555.0,1453,51,0.49805189453125004,0.12,0.09,0.11
QQQ,2026-09-28,2026-10-16,P,560.0,2804,3,0.48828636718750007,0.12,0.1,0.12
QQQ,2026-09-28,2026-10-16,P,565.0,1014,1,0.47852083984375,0.2,0.11,0.13
QQQ,2026-09-28,2026-10-16,P,570.0,16222,15,0.4687553125,0.13,0.12,0.14
QQQ,2026-09-28,2026-10-16,P,575.0,5139,7,0.46143116699218756,0.15,0.14,0.16
QQQ,2026-09-28,2026-10-16,P,580.0,4361,21,0.450200810546875,0.16,0.15,0.17
QQQ,2026-09-28,2026-10-16,P,585.0,4866,11,0.43897045410156255,0.2,0.17,0.18
QQQ,2026-09-28,2026-10-16,P,590.0,4345,78,0.43018147949218755,0.21,0.18,0.2
QQQ,2026-09-28,2026-10-16,P,595.0,8617,9,0.42090422851562503,0.2,0.2,0.22
QQQ,2026-09-28,2026-10-16,P,600.0,13473,801,0.411138701171875,0.26,0.22,0.24
QQQ,2026-09-28,2026-10-16,P,605.0,11433,6,0.4008848974609375,0.25,0.24,0.26
QQQ,2026-09-28,2026-10-16,P,610.0,17835,11,0.39014281738281253,0.28,0.26,0.28
QQQ,2026-09-28,2026-10-16,P,615.0,4734,17,0.38086556640624997,0.33,0.29,0.31
QQQ,2026-09-28,2026-10-16,P,620.0,27111,19,0.36963520996093746,0.33,0.32,0.33
QQQ,2026-09-28,2026-10-16,P,621.0,111,23,0.36817038085937503,0.47,0.32,0.34
QQQ,2026-09-28,2026-10-16,P,622.0,8,3,0.3667055517578125,0.38,0.33,0.35
QQQ,2026-09-28,2026-10-16,P,623.0,569,5,0.36377589355468753,0.48,0.33,0.35
QQQ,2026-09-28,2026-10-16,P,624.0,16,21,0.362311064453125,0.38,0.34,0.36
QQQ,2026-09-28,2026-10-16,P,625.0,16011,636,0.36084623535156246,0.41,0.35,0.37
QQQ,2026-09-28,2026-10-16,P,626.0,0,0,0.35767243896484374,0.63,0.35,0.37
QQQ,2026-09-28,2026-10-16,P,627.0,6,13,0.3562076098632812,0.4,0.36,0.38
QQQ,2026-09-28,2026-10-16,P,628.0,10,10,0.3544986425781249,0.46,0.36,0.39
QQQ,2026-09-28,2026-10-16,P,630.0,22034,84,0.348639326171875,0.39,0.38,0.39
QQQ,2026-09-28,2026-10-16,P,631.0,88,240,0.3481510498046875,0.45,0.39,0.41
QQQ,2026-09-28,2026-10-16,P,633.0,153,105,0.3435124243164062,0.7,0.4,0.42
QQQ,2026-09-28,2026-10-16,P,634.0,2,7,0.34180345703125,0.49,0.41,0.43
QQQ,2026-09-28,2026-10-16,P,635.0,3477,35,0.3398503515625,0.48,0.42,0.44
QQQ,2026-09-28,2026-10-16,P,636.0,56,47,0.336920693359375,0.66,0.42,0.44
QQQ,2026-09-28,2026-10-16,P,637.0,41,1,0.334967587890625,0.52,0.43,0.45
QQQ,2026-09-28,2026-10-16,P,638.0,11,15,0.3332586206054688,0.52,0.44,0.46
QQQ,2026-09-28,2026-10-16,P,639.0,8,6,0.33130551513671874,0.64,0.45,0.47
QQQ,2026-09-28,2026-10-16,P,640.0,25824,269,0.3293524096679687,0.5,0.46,0.48
QQQ,2026-09-28,2026-10-16,P,642.0,335,1,0.3254461987304687,0.66,0.48,0.5
QQQ,2026-09-28,2026-10-16,P,643.0,17,1,0.3233710241699218,0.53,0.49,0.51
QQQ,2026-09-28,2026-10-16,P,644.0,7,8,0.32129584960937496,0.52,0.5,0.52
QQQ,2026-09-28,2026-10-16,P,645.0,4197,318,0.3193427441406249,0.54,0.51,0.53
QQQ,2026-09-28,2026-10-16,P,646.0,232,53,0.3171455004882812,0.62,0.52,0.54
QQQ,2026-09-28,2026-10-16,P,647.0,51,1,0.3150703259277343,0.61,0.53,0.55
QQQ,2026-09-28,2026-10-16,P,648.0,18,10,0.3129951513671875,0.67,0.54,0.56
QQQ,2026-09-28,2026-10-16,P,649.0,64,9,0.3107979077148437,0.66,0.55,0.57
QQQ,2026-09-28,2026-10-16,P,650.0,30709,4606,0.3086006640625,0.58,0.56,0.58
QQQ,2026-09-28,2026-10-16,P,651.0,322,2,0.3064034204101562,0.69,0.57,0.59
QQQ,2026-09-28,2026-10-16,P,652.0,801,4,0.3042061767578125,0.7,0.58,0.6
QQQ,2026-09-28,2026-10-16,P,653.0,778,6,0.30274134765625,0.61,0.6,0.62
QQQ,2026-09-28,2026-10-16,P,654.0,603,178,0.30054410400390624,0.72,0.61,0.63
QQQ,2026-09-28,2026-10-16,P,655.0,9738,316,0.2981027221679687,0.64,0.62,0.64
QQQ,2026-09-28,2026-10-16,P,656.0,2098,2,0.2966378930664062,0.77,0.64,0.66
QQQ,2026-09-28,2026-10-16,P,657.0,667,7,0.2941965112304687,0.69,0.65,0.67
QQQ,2026-09-28,2026-10-16,P,658.0,545,18,0.29273168212890616,0.78,0.67,0.69
QQQ,2026-09-28,2026-10-16,P,659.0,774,30,0.2902903002929687,0.82,0.68,0.7
QQQ,2026-09-28,2026-10-16,P,660.0,35327,4834,0.2885813330078124,0.71,0.7,0.72
QQQ,2026-09-28,2026-10-16,P,661.0,882,336,0.2868723657226562,0.84,0.72,0.74
QQQ,2026-09-28,2026-10-16,P,662.0,1719,47,0.28504132934570303,0.87,0.73,0.76
QQQ,2026-09-28,2026-10-16,P,663.0,740,4461,0.28247787841796873,0.9,0.75,0.77
QQQ,2026-09-28,2026-10-16,P,664.0,2206,11,0.28064684204101553,0.85,0.77,0.79
QQQ,2026-09-28,2026-10-16,P,665.0,13029,333,0.2788158056640625,0.86,0.79,0.81
QQQ,2026-09-28,2026-10-16,P,666.0,627,20,0.27686270019531245,0.96,0.81,0.83
QQQ,2026-09-28,2026-10-16,P,667.0,776,29,0.2749095947265625,0.98,0.83,0.85
QQQ,2026-09-28,2026-10-16,P,668.0,690,22,0.27283442016601556,1.01,0.85,0.87
QQQ,2026-09-28,2026-10-16,P,669.0,4470,84,0.27149166015625,1.0,0.88,0.9
QQQ,2026-09-28,2026-10-16,P,670.0,49551,368,0.26929441650390623,0.92,0.9,0.92
QQQ,2026-09-28,2026-10-16,P,671.0,655,149,0.26782958740234375,0.96,0.92,0.95
QQQ,2026-09-28,2026-10-16,P,672.0,550,4,0.2650219982910156,1.08,0.94,0.96
QQQ,2026-09-28,2026-10-16,P,673.0,2745,3,0.2633130310058594,1.16,0.97,0.99
QQQ,2026-09-28,2026-10-16,P,674.0,6835,45,0.2611157873535156,1.07,1.0,1.01
QQQ,2026-09-28,2026-10-16,P,675.0,22907,107,0.25989509643554687,1.11,1.03,1.05
QQQ,2026-09-28,2026-10-16,P,676.0,611,37,0.25757578369140627,1.21,1.06,1.07
QQQ,2026-09-28,2026-10-16,P,677.0,934,56,0.2556837127685547,1.25,1.09,1.1
QQQ,2026-09-28,2026-10-16,P,678.0,1860,24,0.25379164184570313,1.16,1.12,1.13
QQQ,2026-09-28,2026-10-16,P,679.0,1265,37,0.2523268127441406,1.32,1.16,1.17
QQQ,2026-09-28,2026-10-16,P,680.0,34842,905,0.2507399145507812,1.2,1.2,1.21
QQQ,2026-09-28,2026-10-16,P,681.0,1268,170,0.2486647399902344,1.31,1.23,1.24
QQQ,2026-09-28,2026-10-16,P,682.0,1975,216,0.24695577270507812,1.27,1.26,1.28
QQQ,2026-09-28,2026-10-16,P,683.0,2038,270,0.2452468054199219,1.43,1.31,1.32
QQQ,2026-09-28,2026-10-16,P,684.0,773,72,0.24341576904296874,1.55,1.35,1.36
QQQ,2026-09-28,2026-10-16,P,685.0,12144,581,0.2420119744873047,1.39,1.39,1.41
QQQ,2026-09-28,2026-10-16,P,686.0,1319,118,0.24005886901855467,1.74,1.44,1.45
QQQ,2026-09-28,2026-10-16,P,687.0,1795,36,0.23847197082519528,1.71,1.47,1.5
QQQ,2026-09-28,2026-10-16,P,688.0,1033,57,0.2368240380859375,1.57,1.54,1.55
QQQ,2026-09-28,2026-10-16,P,689.0,1317,59,0.2350540362548828,1.89,1.58,1.6
QQQ,2026-09-28,2026-10-16,P,690.0,21578,1355,0.2335892071533203,1.66,1.64,1.66
QQQ,2026-09-28,2026-10-16,P,691.0,1069,104,0.23169713623046873,1.74,1.69,1.71
QQQ,2026-09-28,2026-10-16,P,692.0,891,279,0.2304764453125,1.8,1.76,1.78
QQQ,2026-09-28,2026-10-16,P,693.0,1646,132,0.22876747802734376,1.86,1.82,1.84
QQQ,2026-09-28,2026-10-16,P,694.0,894,150,0.22730264892578123,2.07,1.88,1.91
QQQ,2026-09-28,2026-10-16,P,695.0,36881,575,0.2254716125488281,1.98,1.96,1.97
QQQ,2026-09-28,2026-10-16,P,696.0,1687,618,0.22382367980957027,2.07,2.02,2.04
QQQ,2026-09-28,2026-10-16,P,697.0,1489,187,0.222114712524414,2.15,2.09,2.11
QQQ,2026-09-28,2026-10-16,P,698.0,969,665,0.22095505615234373,2.34,2.17,2.2
QQQ,2026-09-28,2026-10-16,P,699.0,1723,135,0.21936815795898437,2.74,2.26,2.28
QQQ,2026-09-28,2026-10-16,P,700.0,62697,12399,0.2176591906738281,2.34,2.34,2.36
QQQ,2026-09-28,2026-10-16,P,701.0,1171,150,0.21643849975585935,2.51,2.42,2.46
QQQ,2026-09-28,2026-10-16,P,702.0,1891,169,0.21460746337890624,2.6,2.51,2.54
QQQ,2026-09-28,2026-10-16,P,703.0,2566,140,0.21344780700683597,2.71,2.61,2.65
QQQ,2026-09-28,2026-10-16,P,704.0,1360,134,0.21189142608642575,2.8,2.71,2.75
QQQ,2026-09-28,2026-10-16,P,705.0,42941,629,0.21051814880371095,2.83,2.83,2.86
QQQ,2026-09-28,2026-10-16,P,706.0,1481,276,0.2092364233398437,3.03,2.95,2.98
QQQ,2026-09-28,2026-10-16,P,707.0,2646,224,0.20786314605712886,3.33,3.06,3.1
QQQ,2026-09-28,2026-10-16,P,708.0,2029,169,0.20636779968261715,3.25,3.18,3.22
QQQ,2026-09-28,2026-10-16,P,709.0,1667,275,0.2049640051269531,3.57,3.32,3.35
QQQ,2026-09-28,2026-10-16,P,710.0,32233,4148,0.2030108996582031,3.46,3.45,3.46
QQQ,2026-09-28,2026-10-16,P,711.0,2188,730,0.20227848510742186,3.63,3.6,3.63
QQQ,2026-09-28,2026-10-16,P,712.0,14280,585,0.20032537963867186,3.74,3.71,3.75
QQQ,2026-09-28,2026-10-16,P,713.0,10619,191,0.1991046887207031,3.91,3.87,3.91
QQQ,2026-09-28,2026-10-16,P,714.0,1978,232,0.1977619287109375,4.16,4.03,4.07
QQQ,2026-09-28,2026-10-16,P,715.0,18222,1675,0.19684641052246094,4.21,4.23,4.26
QQQ,2026-09-28,2026-10-16,P,716.0,12045,134,0.19522899505615232,4.95,4.38,4.42
QQQ,2026-09-28,2026-10-16,P,717.0,2993,247,0.19422192504882813,4.75,4.59,4.62
QQQ,2026-09-28,2026-10-16,P,718.0,5409,177,0.19290968231201172,5.26,4.75,4.81
QQQ,2026-09-28,2026-10-16,P,719.0,3919,187,0.19104812866210938,5.38,4.93,4.98
QQQ,2026-09-28,2026-10-16,P,720.0,15867,2155,0.1894307131958008,5.2,5.16,5.17
QQQ,2026-09-28,2026-10-16,P,721.0,1790,156,0.18894243682861328,5.4,5.37,5.43
QQQ,2026-09-28,2026-10-16,P,722.0,6319,254,0.1870198486328125,5.91,5.57,5.62
QQQ,2026-09-28,2026-10-16,P,723.0,1252,78,0.186531572265625,6.44,5.84,5.9
QQQ,2026-09-28,2026-10-16,P,724.0,738,181,0.185005708618164,6.49,6.1,6.13
QQQ,2026-09-28,2026-10-16,P,725.0,11732,1347,0.1834798449707031,6.4,6.33,6.37
QQQ,2026-09-28,2026-10-16,P,726.0,1484,444,0.18247277496337888,6.74,6.61,6.65
QQQ,2026-09-28,2026-10-16,P,727.0,704,542,0.18146570495605469,7.11,6.91,6.94
QQQ,2026-09-28,2026-10-16,P,728.0,1262,335,0.17990932403564452,7.28,7.17,7.21
QQQ,2026-09-28,2026-10-16,P,729.0,1519,900,0.17902432312011718,7.48,7.46,7.53
QQQ,2026-09-28,2026-10-16,P,730.0,19782,3512,0.17682707946777343,7.77,7.75,7.78
QQQ,2026-09-28,2026-10-16,P,731.0,1334,282,0.17603363037109376,9.41,8.09,8.13
QQQ,2026-09-28,2026-10-16,P,732.0,942,303,0.17505707763671874,8.55,8.43,8.48
QQQ,2026-09-28,2026-10-16,P,733.0,1170,387,0.17356173126220703,8.78,8.75,8.81
QQQ,2026-09-28,2026-10-16,P,734.0,6294,372,0.1718527639770508,9.14,9.06,9.14
QQQ,2026-09-28,2026-10-16,P,735.0,5588,1834,0.17029638305664066,9.62,9.45,9.49
QQQ,2026-09-28,2026-10-16,P,736.0,1162,717,0.16913672668457033,9.9,9.85,9.88
QQQ,2026-09-28,2026-10-16,P,737.0,1260,930,0.16834327758789067,10.36,10.24,10.31
QQQ,2026-09-28,2026-10-16,P,738.0,1589,1640,0.1667563793945313,10.75,10.68,10.7
QQQ,2026-09-28,2026-10-16,P,739.0,1370,342,0.16602396484375004,11.2,11.1,11.16
QQQ,2026-09-28,2026-10-16,P,740.0,16406,2611,0.1655051712036133,11.56,11.64,11.65
QQQ,2026-09-28,2026-10-16,P,741.0,1836,98,0.1635520657348633,12.08,11.97,12.06
QQQ,2026-09-28,2026-10-16,P,742.0,1733,76,0.16181258117675779,12.7,12.43,12.5
QQQ,2026-09-28,2026-10-16,P,743.0,846,154,0.16059189025878906,12.99,12.92,12.99
QQQ,2026-09-28,2026-10-16,P,744.0,688,22,0.15946275115966796,14.88,13.42,13.5
QQQ,2026-09-28,2026-10-16,P,745.0,4545,407,0.1590049920654297,14.11,13.98,14.07
QQQ,2026-09-28,2026-10-16,P,746.0,1951,16,0.1568993002319336,14.75,14.44,14.55
QQQ,2026-09-28,2026-10-16,P,747.0,1302,15,0.15610585113525394,16.91,15.02,15.13
QQQ,2026-09-28,2026-10-16,P,748.0,285,24,0.15424429748535157,17.19,15.54,15.66
QQQ,2026-09-28,2026-10-16,P,749.0,77,5,0.15375602111816405,16.43,16.18,16.29
QQQ,2026-09-28,2026-10-16,P,750.0,1925,209,0.1524742956542969,16.9,16.79,16.89
QQQ,2026-09-28,2026-10-16,P,751.0,118,16,0.15024653472900396,17.65,17.33,17.45
QQQ,2026-09-28,2026-10-16,P,752.0,1143,27,0.14853756744384766,18.24,17.95,18.06
QQQ,2026-09-28,2026-10-16,P,753.0,13,30,0.14740842834472656,18.86,18.6,18.72
QQQ,2026-09-28,2026-10-16,P,754.0,28,54,0.1472863592529297,19.44,19.32,19.45
QQQ,2026-09-28,2026-10-16,P,755.0,425,134,0.14383790740966795,20.14,19.89,20.02
QQQ,2026-09-28,2026-10-16,P,756.0,208,124,0.14838498107910159,20.77,20.6,21.02
QQQ,2026-09-28,2026-10-16,P,757.0,127,167,0.14814084289550783,21.67,21.31,21.78
QQQ,2026-09-28,2026-10-16,P,758.0,86,130,0.14612670288085935,22.44,22.05,22.47
QQQ,2026-09-28,2026-10-16,P,759.0,54,180,0.17401949035644532,23.15,21.3,24.64
QQQ,2026-09-28,2026-10-16,P,760.0,1458,221,0.14563842651367187,23.73,23.59,24.06
QQQ,2026-09-28,2026-10-16,P,761.0,31,176,0.1726767303466797,24.48,22.86,26.13
QQQ,2026-09-28,2026-10-16,P,762.0,6,141,0.14106083557128907,25.23,24.99,25.53
QQQ,2026-09-28,2026-10-16,P,763.0,5,180,0.1724936267089844,26.03,25.86,27.72
QQQ,2026-09-28,2026-10-16,P,764.0,3,198,0.14075566284179689,26.87,26.67,27.23
QQQ,2026-09-28,2026-10-16,P,765.0,445,113,0.13959600646972659,27.71,27.44,28.06
QQQ,2026-09-28,2026-10-16,P,766.0,3,121,0.13526255371093754,28.38,28.24,28.8
QQQ,2026-09-28,2026-10-16,P,767.0,7,80,0.13709359008789065,29.27,29.08,29.75
QQQ,2026-09-28,2026-10-16,P,768.0,3,86,0.13562876098632815,30.29,30.1,30.61
QQQ,2026-09-28,2026-10-16,P,769.0,3,102,0.13416393188476564,31.07,30.97,31.48
QQQ,2026-09-28,2026-10-16,P,770.0,201,88,0.13294324096679688,32.19,31.69,32.37
QQQ,2026-09-28,2026-10-16,P,771.0,4,62,0.18006191040039063,32.86,32.54,34.74
QQQ,2026-09-28,2026-10-16,P,772.0,8,38,0.12439840454101564,33.75,33.49,34.06
QQQ,2026-09-28,2026-10-16,P,774.0,5,32,0.125985302734375,35.81,34.06,35.99
QQQ,2026-09-28,2026-10-16,P,775.0,289,44,0.11975977905273436,38.01,36.23,36.86
QQQ,2026-09-28,2026-10-16,P,780.0,72,30,0.19446606323242188,42.52,39.81,43.18
QQQ,2026-09-28,2026-10-16,P,785.0,0,2,0.2092364233398437,44.76,44.68,48.14
QQQ,2026-09-28,2026-10-16,P,790.0,1,23,0.2245560943603515,54.08,49.73,53.13
QQQ,2026-09-28,2026-10-16,P,795.0,1,4,0.23993679992675776,58.49,54.68,58.13
QQQ,2026-09-28,2026-10-16,P,800.0,7,2,0.2545850909423829,59.63,59.7,63.12
QQQ,2026-09-28,2026-10-16,P,805.0,0,1,0.26972165832519535,58.6,64.71,68.13
QQQ,2026-09-28,2026-10-16,P,810.0,0,2,0.284614087524414,95.9,69.68,73.14
QQQ,2026-09-28,2026-10-16,P,815.0,0,4,0.29846892944335934,69.71,74.68,78.13
QQQ,2026-09-28,2026-10-16,P,820.0,1,2,0.31287308227539057,78.56,79.69,83.14
QQQ,2026-09-28,2026-10-16,P,825.0,10,8,0.3266668896484375,80.09,84.68,88.14
QQQ,2026-09-28,2026-10-16,P,830.0,0,1,0.33978931701660153,93.0,89.68,93.13
QQQ,2026-09-28,2026-10-16,P,835.0,0,8,0.35315588256835934,90.11,94.68,98.13
QQQ,2026-09-28,2026-10-16,P,840.0,0,2,0.3663393444824219,119.21,99.68,103.13
QQQ,2026-09-28,2026-10-16,P,845.0,0,2,0.3794007373046875,124.21,104.68,108.13
QQQ,2026-09-28,2026-10-16,P,850.0,0,2,0.3922179919433594,117.6,109.71,113.13
QQQ,2026-09-28,2026-10-16,P,855.0,1,3,0.40491317749023437,122.57,114.72,118.13
QQQ,2026-09-28,2026-10-16,P,860.0,1,1,0.41748629394531245,112.01,119.68,123.13
QQQ,2026-09-28,2026-10-16,P,865.0,0,7,0.42981527221679694,117.53,124.68,128.13
QQQ,2026-09-28,2026-10-16,P,870.0,0,2,1.3462251927185054,133.19,173.33,177.14
QQQ,2026-09-28,2026-10-16,P,875.0,0,2,0.454107021484375,159.0,134.68,138.13
QQQ,2026-09-28,2026-10-16,P,880.0,0,6,1.3972503282165525,142.16,184.7,187.14
QQQ,2026-09-28,2026-10-16,P,885.0,0,2,1.4053679634094238,147.88,188.34,192.14
QQQ,2026-09-28,2026-10-16,P,890.0,0,4,1.0000000000000003e-05,158.15,0.0,0.0
QQQ,2026-09-28,2026-10-16,P,895.0,0,0,1.4482754637145996,163.63,198.91,202.14
QQQ,2026-09-28,2026-10-16,P,900.0,0,2,1.0297900073242188,180.3,179.51,183.39
QQQ,2026-09-28,2026-10-16,P,910.0,0,1,1.2924840063476561,197.64,202.13,204.77
QQQ,2026-09-28,2026-10-16,P,915.0,0,0,1.5168786363220212,197.51,218.33,222.14
QQQ,2026-09-28,2026-10-16,P,920.0,0,4,1.0969893783569336,231.25,199.74,203.39
QQQ,2026-09-28,2026-10-16,P,925.0,0,1,1.0000000000000003e-05,210.18,0.0,0.0
QQQ,2026-09-28,2026-10-16,P,930.0,0,0,1.0000000000000003e-05,215.2,0.0,0.0
QQQ,2026-09-28,2026-10-16,P,935.0,0,0,1.5870687150573728,217.65,238.33,242.14
QQQ,2026-09-28,2026-10-16,P,940.0,0,0,1.604127955932617,222.69,243.33,247.14
QQQ,2026-09-28,2026-10-16,P,965.0,0,0,1.4718654336547852,251.76,257.06,259.77
QQQ,2026-09-28,2026-10-16,P,970.0,0,2,1.4869410418701172,257.63,262.03,264.77
QQQ,2026-09-28,2026-10-16,P,1020.0,0,0,0.7583031982421876,314.35,279.68,283.12
QQQ,2026-09-28,2026-10-16,P,1025.0,0,0,0.7683128637695313,319.35,284.68,288.13
QQQ,2026-09-28,2026-10-16,P,1030.0,0,0,0.7775901147460937,324.35,289.68,293.13
QQQ,2026-09-28,2026-10-16,P,1035.0,0,0,0.7858908129882812,329.38,294.68,298.12
QQQ,2026-09-28,2026-10-16,P,1040.0,0,0,0.7956563403320311,334.35,299.68,303.13
QQQ,2026-09-28,2026-10-16,P,1060.0,0,0,0.8305681005859374,354.38,319.68,323.12
QQQ,2026-09-28,2026-10-16,P,1080.0,0,1,0.8659681372070311,339.63,339.68,343.13
QQQ,2026-09-28,2026-10-16,P,1085.0,2,1,0.8919688537597656,338.86,344.68,348.33
QQQ,2026-09-28,2026-10-23,C,450.0,1,1,0.9711916943359374,269.94,288.2,291.46
QQQ,2026-09-28,2026-10-23,C,500.0,8,3,0.8129901513671874,243.03,238.38,241.83
QQQ,2026-09-28,2026-10-23,C,510.0,20,20,0.7806418420410157,235.94,228.41,231.88
QQQ,2026-09-28,2026-10-23,C,515.0,2,1,0.7618432019042969,192.15,223.44,226.82
QQQ,2026-09-28,2026-10-23,C,520.0,10,10,0.7478052563476563,197.83,218.46,221.89
QQQ,2026-09-28,2026-10-23,C,535.0,13,10,0.7008086560058593,174.47,203.54,206.94
QQQ,2026-09-28,2026-10-23,C,540.0,11,1,0.6875031250000001,178.4,198.56,202.03
QQQ,2026-09-28,2026-10-23,C,545.0,3,1,0.6724886267089845,201.84,193.6,197.05
QQQ,2026-09-28,2026-10-23,C,565.0,3,0,0.6099892517089844,154.87,173.71,177.1
QQQ,2026-09-28,2026-10-23,C,575.0,3,0,0.5822185333251952,145.21,163.77,167.23
QQQ,2026-09-28,2026-10-23,C,580.0,13,11,0.5666547241210937,125.47,158.81,162.23
QQQ,2026-09-28,2026-10-23,C,585.0,1,10,0.5535933312988282,154.98,153.86,157.31
QQQ,2026-09-28,2026-10-23,C,600.0,3,1,0.5054370745849608,137.19,138.78,142.44
QQQ,2026-09-28,2026-10-23,C,605.0,0,0,0.5657392059326172,104.16,134.02,137.49
QQQ,2026-09-28,2026-10-23,C,610.0,3,2,0.5480391876220705,137.56,129.08,132.5
QQQ,2026-09-28,2026-10-23,C,615.0,5,1,0.5334519311523438,122.1,124.13,127.6
QQQ,2026-09-28,2026-10-23,C,620.0,4,4,0.5170336383056642,127.57,119.19,122.65
QQQ,2026-09-28,2026-10-23,C,625.0,17,9,0.5015308636474609,122.64,114.26,117.73
QQQ,2026-09-28,2026-10-23,C,630.0,1,2,0.48566188171386715,115.3,109.34,112.8
QQQ,2026-09-28,2026-10-23,C,635.0,12,2,0.454107021484375,107.37,104.41,107.36
QQQ,2026-09-28,2026-10-23,C,640.0,16,2,0.45441219421386714,105.49,99.5,102.97
QQQ,2026-09-28,2026-10-23,C,645.0,13,2,0.439031488647461,91.68,94.59,98.07
QQQ,2026-09-28,2026-10-23,C,650.0,28,2,0.42398647308349613,92.34,89.72,93.19
QQQ,2026-09-28,2026-10-23,C,655.0,3,2,0.4087278366088867,60.0,84.84,88.31
QQQ,2026-09-28,2026-10-23,C,660.0,55,4,0.3590151989746094,88.7,81.5,82.13
QQQ,2026-09-28,2026-10-23,C,665.0,14,56,0.3443669079589844,76.68,75.14,77.24
QQQ,2026-09-28,2026-10-23,C,670.0,11,1,0.3327703442382813,69.6,71.86,72.48
QQQ,2026-09-28,2026-10-23,C,675.0,21,2,0.35123329437255857,70.26,67.14,69.06
QQQ,2026-09-28,2026-10-23,C,677.0,2,1,0.31369704864501957,63.44,65.16,65.74
QQQ,2026-09-28,2026-10-23,C,678.0,4,3,0.31284256500244134,59.44,64.27,64.86
QQQ,2026-09-28,2026-10-23,C,679.0,2,0,0.31189652954101554,45.25,63.32,63.98
QQQ,2026-09-28,2026-10-23,C,680.0,16,2,0.3084175604248046,58.76,62.37,62.99
QQQ,2026-09-28,2026-10-23,C,681.0,2,2,0.3040230731201171,59.89,59.89,61.96
QQQ,2026-09-28,2026-10-23,C,683.0,2,1,0.3021004849243164,34.29,59.57,60.21
QQQ,2026-09-28,2026-10-23,C,684.0,1,0,0.3259649923706054,33.97,58.5,60.53
QQQ,2026-09-28,2026-10-23,C,685.0,43,1,0.2954172021484375,58.32,57.61,58.25
QQQ,2026-09-28,2026-10-23,C,686.0,3,2,0.2935251312255859,59.13,56.78,57.34
QQQ,2026-09-28,2026-10-23,C,687.0,1,0,0.2912058184814452,31.68,54.29,56.41
QQQ,2026-09-28,2026-10-23,C,688.0,2,1,0.2907175421142577,59.31,54.93,55.57
QQQ,2026-09-28,2026-10-23,C,689.0,5,2,0.2872385729980468,52.15,54.01,54.59
QQQ,2026-09-28,2026-10-23,C,690.0,29,2,0.2829661547851562,54.09,53.03,53.57
QQQ,2026-09-28,2026-10-23,C,691.0,10,1,0.2831187411499023,50.53,50.68,52.77
QQQ,2026-09-28,2026-10-23,C,692.0,7,2,0.28040270385742183,50.41,51.28,51.83
QQQ,2026-09-28,2026-10-23,C,693.0,12,1,0.27841908111572267,48.38,50.36,50.93
QQQ,2026-09-28,2026-10-23,C,694.0,9,2,0.30060513854980464,53.96,49.46,51.32
QQQ,2026-09-28,2026-10-23,C,695.0,116,10,0.2729870065307617,46.92,48.54,49.06
QQQ,2026-09-28,2026-10-23,C,696.0,27,2,0.270515107421875,45.84,47.6,48.14
QQQ,2026-09-28,2026-10-23,C,697.0,48,1,0.2696606237792969,49.89,45.18,47.31
QQQ,2026-09-28,2026-10-23,C,698.0,15,1,0.2927621994018553,20.88,45.78,47.82
QQQ,2026-09-28,2026-10-23,C,699.0,61,5,0.28885598846435534,49.45,44.94,46.84
QQQ,2026-09-28,2026-10-23,C,700.0,517,3,0.2621838919067383,43.34,44.06,44.57
QQQ,2026-09-28,2026-10-23,C,701.0,157,4,0.2611157873535156,47.68,41.64,43.74
QQQ,2026-09-28,2026-10-23,C,702.0,288,7,0.2590406127929688,48.62,42.37,42.86
QQQ,2026-09-28,2026-10-23,C,703.0,354,1,0.25623302368164064,41.53,40.04,41.94
QQQ,2026-09-28,2026-10-23,C,704.0,133,6,0.27930408203124996,46.8,39.02,42.56
QQQ,2026-09-28,2026-10-23,C,705.0,241,1,0.2513807772827148,38.72,39.68,40.15
QQQ,2026-09-28,2026-10-23,C,706.0,219,7,0.2504652590942382,44.95,38.86,39.35
QQQ,2026-09-28,2026-10-23,C,707.0,275,2,0.250282155456543,36.47,38.01,38.6
QQQ,2026-09-28,2026-10-23,C,708.0,272,2,0.2485426708984375,42.64,37.22,37.76
QQQ,2026-09-28,2026-10-23,C,709.0,324,2,0.2449111154174805,36.25,36.33,36.81
QQQ,2026-09-28,2026-10-23,C,710.0,576,3,0.24481956359863283,34.32,35.55,36.08
QQQ,2026-09-28,2026-10-23,C,711.0,387,2,0.2420424917602539,32.83,34.73,35.19
QQQ,2026-09-28,2026-10-23,C,712.0,169,10,0.24048611083984373,32.03,33.91,34.38
QQQ,2026-09-28,2026-10-23,C,713.0,213,2,0.23917386810302732,33.17,33.06,33.59
QQQ,2026-09-28,2026-10-23,C,714.0,274,4,0.23761748718261716,31.47,32.27,32.79
QQQ,2026-09-28,2026-10-23,C,715.0,452,11,0.23413851806640623,30.44,31.47,31.87
QQQ,2026-09-28,2026-10-23,C,716.0,386,5,0.2339248971557617,29.9,30.69,31.17
QQQ,2026-09-28,2026-10-23,C,717.0,360,11,0.23020178985595702,28.9,29.8,30.24
QQQ,2026-09-28,2026-10-23,C,718.0,125,43,0.22992713439941403,29.2,29.12,29.55
QQQ,2026-09-28,2026-10-23,C,719.0,134,18,0.22840127075195313,28.37,28.36,28.78
QQQ,2026-09-28,2026-10-23,C,720.0,702,30,0.22492230163574217,27.39,27.45,27.88
QQQ,2026-09-28,2026-10-23,C,721.0,349,11,0.22379316253662107,25.84,27.0,27.15
QQQ,2026-09-28,2026-10-23,C,722.0,345,1,0.222114712524414,25.33,26.24,26.39
QQQ,2026-09-28,2026-10-23,C,723.0,434,1,0.22064988342285152,24.34,25.5,25.65
QQQ,2026-09-28,2026-10-23,C,724.0,29,2,0.2181169497680664,22.69,24.7,24.84
QQQ,2026-09-28,2026-10-23,C,725.0,406,4,0.2172929833984375,24.02,24.02,24.16
QQQ,2026-09-28,2026-10-23,C,726.0,80,8,0.2157976370239258,22.1,23.3,23.44
QQQ,2026-09-28,2026-10-23,C,727.0,203,21,0.21447013565063477,22.37,22.59,22.74
QQQ,2026-09-28,2026-10-23,C,728.0,39,2,0.21317315155029298,21.08,21.9,22.05
QQQ,2026-09-28,2026-10-23,C,729.0,305,7,0.21149470153808592,20.35,21.2,21.34
QQQ,2026-09-28,2026-10-23,C,730.0,646,16,0.2098467687988281,20.5,20.51,20.64
QQQ,2026-09-28,2026-10-23,C,731.0,191,7,0.20859556060791012,18.65,19.84,19.98
QQQ,2026-09-28,2026-10-23,C,732.0,199,17,0.2072528005981445,18.09,19.19,19.32
QQQ,2026-09-28,2026-10-23,C,733.0,106,17,0.20604736831665038,16.83,18.55,18.68
QQQ,2026-09-28,2026-10-23,C,734.0,73,134,0.20459779785156246,17.91,17.9,18.03
QQQ,2026-09-28,2026-10-23,C,735.0,607,75,0.20313296874999998,16.76,17.27,17.39
QQQ,2026-09-28,2026-10-23,C,736.0,167,63,0.200905207824707,16.62,16.57,16.7
QQQ,2026-09-28,2026-10-23,C,737.0,821,621,0.20078313873291015,16.12,16.06,16.18
QQQ,2026-09-28,2026-10-23,C,738.0,106,96,0.19815865325927734,15.33,15.38,15.48
QQQ,2026-09-28,2026-10-23,C,739.0,396,111,0.1982807223510742,14.75,14.9,15.0
QQQ,2026-09-28,2026-10-23,C,740.0,3403,244,0.1966938241577148,14.35,14.3,14.4
QQQ,2026-09-28,2026-10-23,C,741.0,219,28,0.19576304733276367,13.71,13.76,13.86
QQQ,2026-09-28,2026-10-23,C,742.0,305,229,0.1941608905029297,13.17,13.19,13.28
QQQ,2026-09-28,2026-10-23,C,743.0,220,11,0.19309278594970702,12.59,12.66,12.75
QQQ,2026-09-28,2026-10-23,C,744.0,124,13,0.19159743957519532,12.19,12.1,12.2
QQQ,2026-09-28,2026-10-23,C,745.0,1083,66,0.19062088684082032,11.55,11.61,11.7
QQQ,2026-09-28,2026-10-23,C,746.0,838,25,0.18869829864501952,10.15,11.05,11.14
QQQ,2026-09-28,2026-10-23,C,747.0,196,26,0.1876607113647461,10.2,10.59,10.66
QQQ,2026-09-28,2026-10-23,C,748.0,203,9,0.18756915954589842,10.66,10.18,10.26
QQQ,2026-09-28,2026-10-23,C,749.0,549,21,0.1855855368041992,9.62,9.66,9.73
QQQ,2026-09-28,2026-10-23,C,750.0,810,194,0.1846395013427734,9.31,9.22,9.29
QQQ,2026-09-28,2026-10-23,C,751.0,159,7,0.1838002763366699,8.32,8.8,8.87
QQQ,2026-09-28,2026-10-23,C,752.0,284,16,0.18253380950927733,7.48,8.4,8.43
QQQ,2026-09-28,2026-10-23,C,753.0,230,11,0.18207605041503905,6.88,8.0,8.06
QQQ,2026-09-28,2026-10-23,C,754.0,158,18,0.1811910494995117,6.52,7.59,7.67
QQQ,2026-09-28,2026-10-23,C,755.0,6344,212,0.1802755313110352,7.2,7.23,7.29
QQQ,2026-09-28,2026-10-23,C,756.0,162,25,0.1790548403930664,6.18,6.84,6.9
QQQ,2026-09-28,2026-10-23,C,757.0,201,47,0.1783834603881836,6.45,6.5,6.56
QQQ,2026-09-28,2026-10-23,C,758.0,166,18,0.17771208038330077,5.74,6.16,6.23
QQQ,2026-09-28,2026-10-23,C,759.0,425,242,0.17685759674072266,5.42,5.82,5.9
QQQ,2026-09-28,2026-10-23,C,760.0,3540,341,0.1759725958251953,5.48,5.52,5.58
QQQ,2026-09-28,2026-10-23,C,761.0,351,14,0.17524018127441404,5.3,5.21,5.28
QQQ,2026-09-28,2026-10-23,C,762.0,217,2,0.1746603530883789,4.42,4.92,5.0
QQQ,2026-09-28,2026-10-23,C,763.0,135,262,0.17356173126220703,4.6,4.64,4.7
QQQ,2026-09-28,2026-10-23,C,764.0,364,102,0.17313448944091797,4.4,4.38,4.45
QQQ,2026-09-28,2026-10-23,C,765.0,1276,256,0.17218845397949223,4.1,4.13,4.18
QQQ,2026-09-28,2026-10-23,C,766.0,518,7,0.17176121215820314,3.7,3.89,3.95
QQQ,2026-09-28,2026-10-23,C,767.0,236,29,0.17115086669921875,3.15,3.65,3.72
QQQ,2026-09-28,2026-10-23,C,768.0,362,266,0.17035741760253909,3.46,3.44,3.49
QQQ,2026-09-28,2026-10-23,C,769.0,82,24,0.16996069305419925,3.12,3.23,3.29
QQQ,2026-09-28,2026-10-23,C,770.0,1210,523,0.16938086486816406,3.05,3.05,3.09
QQQ,2026-09-28,2026-10-23,C,771.0,206,7,0.16843482940673832,2.56,2.83,2.88
QQQ,2026-09-28,2026-10-23,C,772.0,110,7,0.16834327758789067,2.45,2.67,2.72
QQQ,2026-09-28,2026-10-23,C,773.0,98,29,0.16785500122070315,2.47,2.5,2.55
QQQ,2026-09-28,2026-10-23,C,774.0,387,119,0.16718362121582034,2.34,2.34,2.38
QQQ,2026-09-28,2026-10-23,C,775.0,3517,222,0.16654275848388678,2.22,2.19,2.22
QQQ,2026-09-28,2026-10-23,C,780.0,3337,113,0.16489482574462894,1.54,1.55,1.59
QQQ,2026-09-28,2026-10-23,C,785.0,7202,285,0.1638877557373047,1.11,1.1,1.13
QQQ,2026-09-28,2026-10-23,C,790.0,4579,420,0.16309430664062502,0.78,0.77,0.79
QQQ,2026-09-28,2026-10-23,C,795.0,1997,279,0.16272809936523439,0.56,0.53,0.55
QQQ,2026-09-28,2026-10-23,C,800.0,1533,276,0.1641929284667969,0.33,0.38,0.4
QQQ,2026-09-28,2026-10-23,C,805.0,384,337,0.16553568847656253,0.28,0.27,0.29
QQQ,2026-09-28,2026-10-23,C,810.0,2090,10,0.1682212084960938,0.2,0.19,0.22
QQQ,2026-09-28,2026-10-23,C,815.0,253,72,0.16993017578125003,0.16,0.15,0.16
QQQ,2026-09-28,2026-10-23,C,820.0,641,54,0.17237155761718753,0.11,0.1,0.12
QQQ,2026-09-28,2026-10-23,C,825.0,166,111,0.174812939453125,0.09,0.08,0.09
QQQ,2026-09-28,2026-10-23,C,830.0,162,52,0.17774259765625,0.07,0.06,0.07
QQQ,2026-09-28,2026-10-23,C,835.0,19,1,0.18262536132812499,0.06,0.04,0.06
QQQ,2026-09-28,2026-10-23,C,840.0,145,20,0.186531572265625,0.04,0.03,0.05
QQQ,2026-09-28,2026-10-23,C,845.0,115,2,0.19043778320312502,0.04,0.02,0.04
QQQ,2026-09-28,2026-10-23,C,850.0,581,1,0.1914143359375,0.05,0.02,0.03
QQQ,2026-09-28,2026-10-23,C,860.0,78,4,0.20606262695312497,0.01,0.01,0.03
QQQ,2026-09-28,2026-10-23,C,870.0,155,210,0.21289849609375,0.02,0.01,0.02
QQQ,2026-09-28,2026-10-23,C,880.0,172,528,0.22461712890624996,0.01,0.01,0.02
QQQ,2026-09-28,2026-10-23,C,885.0,45,1180,0.23242955078125,0.02,0.0,0.02
QQQ,2026-09-28,2026-10-23,C,890.0,10,400,0.23828886718749998,0.02,0.0,0.02
QQQ,2026-09-28,2026-10-23,C,895.0,35,40,0.24414818359375,0.02,0.0,0.02
QQQ,2026-09-28,2026-10-23,C,900.0,70,2,0.25196060546875,0.01,0.0,0.02
QQQ,2026-09-28,2026-10-23,C,905.0,16,0,0.26758544921875,0.01,0.0,0.03
QQQ,2026-09-28,2026-10-23,C,910.0,45,21,0.273444765625,0.04,0.0,0.03
QQQ,2026-09-28,2026-10-23,C,920.0,10,0,0.28711650390624993,0.01,0.0,0.03
QQQ,2026-09-28,2026-10-23,C,935.0,2,0,0.304694453125,0.03,0.0,0.03
QQQ,2026-09-28,2026-10-23,P,450.0,1734,301,0.6289099609375001,0.04,0.02,0.05
QQQ,2026-09-28,2026-10-23,P,455.0,31,42,0.6093789062500001,0.04,0.02,0.04
QQQ,2026-09-28,2026-10-23,P,460.0,79,1200,0.6093789062500001,0.06,0.03,0.05
QQQ,2026-09-28,2026-10-23,P,465.0,40,4,0.5976602734375001,0.04,0.03,0.05
QQQ,2026-09-28,2026-10-23,P,470.0,779,660,0.59570716796875,0.06,0.04,0.06
QQQ,2026-09-28,2026-10-23,P,475.0,40,640,0.5820354296875,0.07,0.04,0.06
QQQ,2026-09-28,2026-10-23,P,480.0,71,2,0.5742230078125,0.06,0.04,0.07
QQQ,2026-09-28,2026-10-23,P,490.0,226,960,0.5546919531250001,0.1,0.05,0.07
QQQ,2026-09-28,2026-10-23,P,495.0,93,4,0.5488326367187502,0.1,0.06,0.08
QQQ,2026-09-28,2026-10-23,P,500.0,37,241,0.5429733203125001,0.1,0.07,0.09
QQQ,2026-09-28,2026-10-23,P,505.0,30,180,0.5312546875,0.11,0.07,0.09
QQQ,2026-09-28,2026-10-23,P,510.0,85,800,0.524418818359375,0.11,0.08,0.1
QQQ,2026-09-28,2026-10-23,P,515.0,169,400,0.51758294921875,0.13,0.09,0.11
QQQ,2026-09-28,2026-10-23,P,520.0,153,47,0.5097705273437501,0.12,0.1,0.12
QQQ,2026-09-28,2026-10-23,P,525.0,103,82,0.5019581054687501,0.15,0.11,0.13
QQQ,2026-09-28,2026-10-23,P,530.0,65,16,0.49707534179687507,0.16,0.12,0.14
QQQ,2026-09-28,2026-10-23,P,535.0,21,85,0.48828636718750007,0.15,0.13,0.15
QQQ,2026-09-28,2026-10-23,P,540.0,124,8,0.47900911621093745,0.19,0.14,0.16
QQQ,2026-09-28,2026-10-23,P,545.0,206,123,0.4726615234375,0.21,0.16,0.18
QQQ,2026-09-28,2026-10-23,P,550.0,350,19,0.46289599609375004,0.17,0.17,0.19
QQQ,2026-09-28,2026-10-23,P,555.0,69,7,0.45264219238281256,0.22,0.19,0.2
QQQ,2026-09-28,2026-10-23,P,560.0,123,6,0.445318046875,0.24,0.2,0.22
QQQ,2026-09-28,2026-10-23,P,565.0,254,61,0.4370173486328125,0.24,0.22,0.24
QQQ,2026-09-28,2026-10-23,P,570.0,142,12,0.428716650390625,0.26,0.24,0.26
QQQ,2026-09-28,2026-10-23,P,575.0,295,22,0.41992767578125,0.31,0.26,0.28
QQQ,2026-09-28,2026-10-23,P,580.0,113,1,0.4106504248046875,0.31,0.28,0.3
QQQ,2026-09-28,2026-10-23,P,585.0,120,3,0.401373173828125,0.34,0.3,0.32
QQQ,2026-09-28,2026-10-23,P,590.0,173,7,0.3930724755859375,0.36,0.33,0.35
QQQ,2026-09-28,2026-10-23,P,595.0,150,1,0.3845276391601562,0.44,0.35,0.38
QQQ,2026-09-28,2026-10-23,P,600.0,644,14,0.37573866455078125,0.42,0.38,0.41
QQQ,2026-09-28,2026-10-23,P,605.0,321,3,0.36646141357421874,0.47,0.42,0.44
QQQ,2026-09-28,2026-10-23,P,610.0,1157,24,0.3579165771484375,0.54,0.45,0.48
QQQ,2026-09-28,2026-10-23,P,615.0,311,18,0.3491276025390625,0.57,0.49,0.52
QQQ,2026-09-28,2026-10-23,P,620.0,497,6,0.33887379882812496,0.57,0.54,0.55
QQQ,2026-09-28,2026-10-23,P,625.0,395,44,0.33020689331054687,0.63,0.58,0.6
QQQ,2026-09-28,2026-10-23,P,630.0,495,37,0.3219061950683593,0.65,0.64,0.66
QQQ,2026-09-28,2026-10-23,P,635.0,846,2,0.3129951513671875,0.8,0.71,0.72
QQQ,2026-09-28,2026-10-23,P,640.0,2771,12,0.3050606604003906,0.79,0.78,0.8
QQQ,2026-09-28,2026-10-23,P,645.0,559,14,0.2957834094238281,1.01,0.86,0.87
QQQ,2026-09-28,2026-10-23,P,650.0,2046,71,0.28839822937011705,0.98,0.95,0.98
QQQ,2026-09-28,2026-10-23,P,655.0,1180,38,0.280158565673828,1.22,1.06,1.09
QQQ,2026-09-28,2026-10-23,P,660.0,1125,56,0.27161372924804683,1.38,1.19,1.21
QQQ,2026-09-28,2026-10-23,P,665.0,652,34,0.2640454455566406,1.59,1.35,1.37
QQQ,2026-09-28,2026-10-23,P,670.0,1537,155,0.2563550927734375,1.55,1.52,1.55
QQQ,2026-09-28,2026-10-23,P,675.0,1827,103,0.2486647399902344,1.83,1.74,1.76
QQQ,2026-09-28,2026-10-23,P,676.0,540,15,0.2468947381591797,1.89,1.77,1.8
QQQ,2026-09-28,2026-10-23,P,677.0,147,14,0.24549094360351562,2.05,1.82,1.85
QQQ,2026-09-28,2026-10-23,P,678.0,201,2,0.2442702526855469,2.22,1.88,1.91
QQQ,2026-09-28,2026-10-23,P,679.0,190,5,0.24243921630859372,1.97,1.93,1.95
QQQ,2026-09-28,2026-10-23,P,680.0,1387,414,0.24146266357421875,2.01,1.99,2.02
QQQ,2026-09-28,2026-10-23,P,681.0,72,24,0.2398147308349609,2.33,2.05,2.07
QQQ,2026-09-28,2026-10-23,P,682.0,278,15,0.23841093627929685,2.35,2.11,2.13
QQQ,2026-09-28,2026-10-23,P,683.0,207,13,0.23694610717773437,2.36,2.15,2.19
QQQ,2026-09-28,2026-10-23,P,684.0,84,6,0.2354202435302734,2.23,2.23,2.25
QQQ,2026-09-28,2026-10-23,P,685.0,1747,26,0.23413851806640623,2.33,2.3,2.32
QQQ,2026-09-28,2026-10-23,P,686.0,135,29,0.23279575805664063,2.53,2.35,2.39
QQQ,2026-09-28,2026-10-23,P,687.0,202,121,0.23139196350097657,2.63,2.42,2.46
QQQ,2026-09-28,2026-10-23,P,688.0,168,54,0.22992713439941403,2.5,2.5,2.53
QQQ,2026-09-28,2026-10-23,P,689.0,363,4,0.22840127075195313,2.97,2.57,2.6
QQQ,2026-09-28,2026-10-23,P,690.0,2549,226,0.22730264892578123,2.89,2.64,2.69
QQQ,2026-09-28,2026-10-23,P,691.0,146,11,0.22614299255371095,2.87,2.74,2.78
QQQ,2026-09-28,2026-10-23,P,692.0,492,33,0.22443402526855466,3.11,2.81,2.85
QQQ,2026-09-28,2026-10-23,P,693.0,146,5,0.223365920715332,2.97,2.91,2.95
QQQ,2026-09-28,2026-10-23,P,694.0,250,7,0.22199264343261715,3.18,2.99,3.04
QQQ,2026-09-28,2026-10-23,P,695.0,1272,212,0.22034471069335934,3.13,3.08,3.12
QQQ,2026-09-28,2026-10-23,P,696.0,406,6,0.21973436523437498,3.17,3.19,3.25
QQQ,2026-09-28,2026-10-23,P,697.0,110,11,0.2181474670410156,3.55,3.29,3.34
QQQ,2026-09-28,2026-10-23,P,698.0,205,2,0.2166826379394531,3.82,3.39,3.44
QQQ,2026-09-28,2026-10-23,P,699.0,135,2,0.2156145333862305,3.93,3.5,3.56
QQQ,2026-09-28,2026-10-23,P,700.0,3789,806,0.2140276351928711,3.64,3.61,3.66
QQQ,2026-09-28,2026-10-23,P,701.0,269,3,0.21277642700195312,3.86,3.72,3.78
QQQ,2026-09-28,2026-10-23,P,702.0,580,44,0.2114641842651367,3.96,3.85,3.9
QQQ,2026-09-28,2026-10-23,P,703.0,242,28,0.2098467687988281,4.05,3.96,4.01
QQQ,2026-09-28,2026-10-23,P,704.0,190,8,0.2087481469726562,4.61,4.09,4.15
QQQ,2026-09-28,2026-10-23,P,705.0,746,146,0.2075579733276367,4.43,4.24,4.29
QQQ,2026-09-28,2026-10-23,P,706.0,237,10,0.20627624786376947,4.94,4.38,4.43
QQQ,2026-09-28,2026-10-23,P,707.0,191,9,0.20490297058105467,5.09,4.51,4.57
QQQ,2026-09-28,2026-10-23,P,708.0,588,25,0.20383486602783202,4.74,4.67,4.73
QQQ,2026-09-28,2026-10-23,P,709.0,200,1,0.20246158874511716,4.81,4.82,4.88
QQQ,2026-09-28,2026-10-23,P,710.0,972,149,0.20117986328124998,5.08,4.99,5.04
QQQ,2026-09-28,2026-10-23,P,711.0,12167,4,0.20032537963867186,5.25,5.17,5.23
QQQ,2026-09-28,2026-10-23,P,712.0,222,3,0.19901313690185546,5.54,5.33,5.4
QQQ,2026-09-28,2026-10-23,P,713.0,524,2,0.1977619287109375,6.0,5.51,5.58
QQQ,2026-09-28,2026-10-23,P,714.0,227,10,0.19660227233886718,6.19,5.71,5.77
QQQ,2026-09-28,2026-10-23,P,715.0,926,117,0.19516796051025392,6.22,5.89,5.95
QQQ,2026-09-28,2026-10-23,P,716.0,836,32,0.19409985595703128,6.74,6.1,6.16
QQQ,2026-09-28,2026-10-23,P,717.0,861,15,0.19309278594970702,6.7,6.32,6.38
QQQ,2026-09-28,2026-10-23,P,718.0,510,30,0.19196364685058598,7.47,6.53,6.6
QQQ,2026-09-28,2026-10-23,P,719.0,190,28,0.1902546795654297,7.36,6.72,6.79
QQQ,2026-09-28,2026-10-23,P,720.0,5006,504,0.18921709228515626,7.02,6.97,7.03
QQQ,2026-09-28,2026-10-23,P,721.0,338,22,0.18834735000610353,7.66,7.22,7.29
QQQ,2026-09-28,2026-10-23,P,722.0,280,5,0.18692829681396483,8.47,7.46,7.52
QQQ,2026-09-28,2026-10-23,P,723.0,111,6,0.18552450225830075,7.94,7.69,7.76
QQQ,2026-09-28,2026-10-23,P,724.0,130,2,0.18430381134033202,8.03,7.96,8.02
QQQ,2026-09-28,2026-10-23,P,725.0,634,115,0.18323570678710935,8.92,8.24,8.3
QQQ,2026-09-28,2026-10-23,P,726.0,140,2,0.18189294677734374,9.57,8.5,8.57
QQQ,2026-09-28,2026-10-23,P,727.0,337,74,0.1808553594970703,9.85,8.81,8.87
QQQ,2026-09-28,2026-10-23,P,728.0,200,20,0.18010768630981444,9.97,9.13,9.2
QQQ,2026-09-28,2026-10-23,P,729.0,347,24,0.17881070220947265,10.64,9.43,9.5
QQQ,2026-09-28,2026-10-23,P,730.0,897,337,0.17737639038085937,9.83,9.72,9.8
QQQ,2026-09-28,2026-10-23,P,731.0,200,4,0.17687285537719727,11.1,10.08,10.18
QQQ,2026-09-28,2026-10-23,P,732.0,140,37,0.1753012158203125,10.94,10.42,10.49
QQQ,2026-09-28,2026-10-23,P,733.0,247,36,0.17371431762695314,10.78,10.73,10.81
QQQ,2026-09-28,2026-10-23,P,734.0,317,27,0.1725241439819336,12.36,11.07,11.17
QQQ,2026-09-28,2026-10-23,P,735.0,693,153,0.17133397033691405,11.64,11.48,11.54
QQQ,2026-09-28,2026-10-23,P,736.0,147,38,0.17035741760253909,12.62,11.85,11.94
QQQ,2026-09-28,2026-10-23,P,737.0,304,98,0.16898414031982423,12.6,12.23,12.32
QQQ,2026-09-28,2026-10-23,P,738.0,650,60,0.16864845031738285,12.72,12.69,12.79
QQQ,2026-09-28,2026-10-23,P,739.0,262,191,0.16681741394042973,13.67,13.08,13.16
QQQ,2026-09-28,2026-10-23,P,740.0,2233,233,0.1656272402954102,13.76,13.51,13.59
QQQ,2026-09-28,2026-10-23,P,741.0,250,30,0.1642692216491699,14.19,13.93,14.02
QQQ,2026-09-28,2026-10-23,P,742.0,96,9,0.16274335800170897,15.44,14.37,14.45
QQQ,2026-09-28,2026-10-23,P,743.0,108,4,0.16220930572509767,14.96,14.89,14.97
QQQ,2026-09-28,2026-10-23,P,744.0,89,4,0.1607444766235352,15.94,15.33,15.43
QQQ,2026-09-28,2026-10-23,P,745.0,437,29,0.15949326843261719,16.7,15.83,15.92
QQQ,2026-09-28,2026-10-23,P,746.0,423,5,0.1589744747924805,18.28,16.34,16.48
QQQ,2026-09-28,2026-10-23,P,747.0,307,4,0.15760119750976562,17.96,16.86,16.99
QQQ,2026-09-28,2026-10-23,P,748.0,141,4,0.1560600752258301,18.75,17.37,17.5
QQQ,2026-09-28,2026-10-23,P,749.0,10,4,0.15473257385253908,19.3,17.9,18.04
QQQ,2026-09-28,2026-10-23,P,750.0,463,34,0.1542900733947754,18.61,18.52,18.66
QQQ,2026-09-28,2026-10-23,P,751.0,47,16,0.15311515838623052,19.96,19.09,19.24
QQQ,2026-09-28,2026-10-23,P,752.0,19,6,0.15189446746826174,20.97,19.68,19.83
QQQ,2026-09-28,2026-10-23,P,753.0,39,6,0.15042963836669926,21.66,20.29,20.42
QQQ,2026-09-28,2026-10-23,P,754.0,39,6,0.14936153381347655,22.93,20.9,21.05
QQQ,2026-09-28,2026-10-23,P,755.0,232,120,0.1480492910766602,21.71,21.52,21.68
QQQ,2026-09-28,2026-10-23,P,756.0,9,62,0.1466760137939453,24.64,22.17,22.32
QQQ,2026-09-28,2026-10-23,P,757.0,374,74,0.14539428833007811,24.1,22.83,22.98
QQQ,2026-09-28,2026-10-23,P,758.0,46,74,0.14383790740966795,24.5,23.5,23.64
QQQ,2026-09-28,2026-10-23,P,759.0,1,120,0.14438721832275392,24.44,24.04,24.44
QQQ,2026-09-28,2026-10-23,P,760.0,19,157,0.143563251953125,24.98,24.82,25.17
QQQ,2026-09-28,2026-10-23,P,761.0,1,165,0.14215945739746094,25.76,25.42,25.88
QQQ,2026-09-28,2026-10-23,P,762.0,1,106,0.14252566467285155,26.49,26.19,26.7
QQQ,2026-09-28,2026-10-23,P,763.0,3,110,0.139657041015625,27.28,26.93,27.36
QQQ,2026-09-28,2026-10-23,P,764.0,1,154,0.1380091082763672,27.86,27.62,28.1
QQQ,2026-09-28,2026-10-23,P,765.0,2,102,0.13599496826171875,28.98,28.49,28.84
QQQ,2026-09-28,2026-10-23,P,766.0,3,56,0.1375208319091797,29.75,29.23,29.76
QQQ,2026-09-28,2026-10-23,P,767.0,8,58,0.13382824188232423,30.59,29.88,30.45
QQQ,2026-09-28,2026-10-23,P,768.0,35,86,0.135048932800293,31.12,30.78,31.37
QQQ,2026-09-28,2026-10-23,P,769.0,11,34,0.1331873791503906,32.26,31.56,32.17
QQQ,2026-09-28,2026-10-23,P,770.0,19,92,0.13044082458496092,33.12,32.31,32.95
QQQ,2026-09-28,2026-10-23,P,771.0,14,36,0.127938408203125,33.55,33.21,33.76
QQQ,2026-09-28,2026-10-23,P,774.0,11,28,0.12439840454101564,36.34,35.84,36.4
QQQ,2026-09-28,2026-10-23,P,775.0,6,19,0.1215908154296875,37.2,36.68,37.26
QQQ,2026-09-28,2026-10-23,P,780.0,561,68,0.17319552398681642,42.76,41.24,43.48
QQQ,2026-09-28,2026-10-23,P,785.0,188,6,0.17963466857910154,47.85,44.85,48.21
QQQ,2026-09-28,2026-10-23,P,790.0,0,0,0.19062088684082032,49.74,49.75,53.13
QQQ,2026-09-28,2026-10-23,P,795.0,0,0,0.2036212451171875,54.06,54.68,58.13
QQQ,2026-09-28,2026-10-23,P,800.0,0,216,0.21637746520996093,63.38,59.68,63.13
QQQ,2026-09-28,2026-10-23,P,805.0,0,0,0.22858437438964846,62.44,64.73,68.12
QQQ,2026-09-28,2026-10-23,P,810.0,0,0,0.241218525390625,63.25,69.68,73.13
QQQ,2026-09-28,2026-10-23,P,820.0,0,0,0.2651440673828125,103.89,79.74,83.13
QQQ,2026-09-28,2026-10-23,P,845.0,0,0,0.3193427441406249,128.85,104.7,108.07
QQQ,2026-09-28,2026-10-23,P,850.0,0,0,0.3324041369628906,133.82,109.68,113.12
QQQ,2026-09-28,2026-10-23,P,860.0,0,0,0.35425450439453116,143.82,119.74,123.13
QQQ,2026-09-28,2026-10-23,P,870.0,0,0,0.3751283190917969,153.82,129.74,133.13
QQQ,2026-09-28,2026-10-23,P,880.0,0,0,0.39563592651367196,163.84,139.68,143.13
QQQ,2026-09-28,2026-10-23,P,885.0,0,0,0.4056455920410156,168.81,144.68,148.13
QQQ,2026-09-28,2026-10-23,P,890.0,0,0,0.4155331884765625,173.81,149.72,153.13
QQQ,2026-09-28,2026-10-23,P,895.0,0,0,0.4249325085449219,178.81,154.68,158.12
QQQ,2026-09-28,2026-10-30,C,470.0,0,0,1.0000000000000003e-05,247.83,0.0,0.0
QQQ,2026-09-28,2026-10-30,C,475.0,1,0,0.8253191296386717,267.6,263.71,267.17
QQQ,2026-09-28,2026-10-30,C,480.0,1,0,0.8101825622558592,267.45,258.74,262.19
QQQ,2026-09-28,2026-10-30,C,485.0,2,0,1.0000000000000003e-05,185.19,234.4,237.93
QQQ,2026-09-28,2026-10-30,C,490.0,1,1,0.780275634765625,214.33,248.79,252.24
QQQ,2026-09-28,2026-10-30,C,500.0,6,5,0.7512231909179687,242.88,238.85,242.3
QQQ,2026-09-28,2026-10-30,C,510.0,2,0,0.7221707470703125,201.66,228.9,232.36
QQQ,2026-09-28,2026-10-30,C,515.0,2,1,0.7069121105957032,231.61,223.93,227.36
QQQ,2026-09-28,2026-10-30,C,520.0,3,1,0.6926910614013673,193.11,218.97,222.38
QQQ,2026-09-28,2026-10-30,C,525.0,11,10,0.6784700122070313,182.09,214.0,217.41
QQQ,2026-09-28,2026-10-30,C,530.0,11,10,0.6657748266601564,190.01,209.03,212.49
QQQ,2026-09-28,2026-10-30,C,535.0,10,10,0.6518589501953126,185.03,204.07,207.52
QQQ,2026-09-28,2026-10-30,C,540.0,12,10,0.6383092810058593,166.57,199.11,202.56
QQQ,2026-09-28,2026-10-30,C,545.0,0,2,0.6243934045410158,201.78,194.14,197.6
QQQ,2026-09-28,2026-10-30,C,550.0,84,3,0.6113320117187502,191.76,189.19,192.65
QQQ,2026-09-28,2026-10-30,C,555.0,10,0,0.597782342529297,149.59,184.23,187.69
QQQ,2026-09-28,2026-10-30,C,560.0,24,10,0.5842326733398437,161.68,179.27,182.73
QQQ,2026-09-28,2026-10-30,C,565.0,2,1,0.5687909332275392,148.14,174.32,177.68
QQQ,2026-09-28,2026-10-30,C,570.0,6,2,0.5574995422363282,149.24,169.36,172.82
QQQ,2026-09-28,2026-10-30,C,575.0,3,1,0.5417526293945314,134.47,164.41,167.75
QQQ,2026-09-28,2026-10-30,C,580.0,46,10,0.5313767565917968,139.36,159.48,162.91
QQQ,2026-09-28,2026-10-30,C,585.0,5,3,0.5183763983154297,137.41,154.52,157.98
QQQ,2026-09-28,2026-10-30,C,590.0,16,10,0.5054981091308592,159.26,149.58,153.04
QQQ,2026-09-28,2026-10-30,C,595.0,14,1,0.551762294921875,144.22,144.65,148.11
QQQ,2026-09-28,2026-10-30,C,600.0,220,204,0.5376633148193359,150.67,139.71,143.19
QQQ,2026-09-28,2026-10-30,C,601.0,5,1,0.5343674493408204,142.64,138.73,142.19
QQQ,2026-09-28,2026-10-30,C,602.0,5,0,0.5313767565917968,147.37,137.74,141.2
QQQ,2026-09-28,2026-10-30,C,604.0,1,0,0.5257005438232423,106.39,135.77,139.23
QQQ,2026-09-28,2026-10-30,C,605.0,0,0,1.0000000000000003e-05,120.85,0.0,0.0
QQQ,2026-09-28,2026-10-30,C,606.0,2,0,0.519963296508789,116.65,133.8,137.26
QQQ,2026-09-28,2026-10-30,C,608.0,3,3,0.514531221923828,105.03,131.83,135.3
QQQ,2026-09-28,2026-10-30,C,609.0,1,0,0.5115405291748047,105.68,130.85,134.31
QQQ,2026-09-28,2026-10-30,C,610.0,32,1,0.508793974609375,138.18,129.87,133.33
QQQ,2026-09-28,2026-10-30,C,613.0,1,1,1.0000000000000003e-05,93.62,110.26,112.83
QQQ,2026-09-28,2026-10-30,C,614.0,3,1,0.49786879089355474,102.71,125.93,129.41
QQQ,2026-09-28,2026-10-30,C,615.0,7,1,0.4929249926757813,126.36,124.95,128.35
QQQ,2026-09-28,2026-10-30,C,616.0,3,1,0.49182637084960945,121.96,123.97,127.43
QQQ,2026-09-28,2026-10-30,C,617.0,2,2,1.0000000000000003e-05,118.33,106.46,109.02
QQQ,2026-09-28,2026-10-30,C,618.0,1,0,0.48633326171875,105.59,122.0,125.47
QQQ,2026-09-28,2026-10-30,C,619.0,4,1,0.48328153442382815,105.12,121.02,124.48
QQQ,2026-09-28,2026-10-30,C,620.0,20,3,0.4791922198486328,128.24,120.04,123.45
QQQ,2026-09-28,2026-10-30,C,621.0,2,0,0.47803256347656253,90.58,119.06,122.53
QQQ,2026-09-28,2026-10-30,C,622.0,4,1,0.4752860089111328,87.88,117.89,121.55
QQQ,2026-09-28,2026-10-30,C,623.0,3,1,0.47247841979980465,117.0,117.1,120.57
QQQ,2026-09-28,2026-10-30,C,624.0,2,1,0.4699760034179688,94.41,116.12,119.6
QQQ,2026-09-28,2026-10-30,C,625.0,87,1,0.46716841430664063,115.94,115.15,118.62
QQQ,2026-09-28,2026-10-30,C,627.0,1,1,0.4613396151733399,113.97,113.18,116.65
QQQ,2026-09-28,2026-10-30,C,629.0,1,0,1.0000000000000003e-05,63.12,95.15,97.69
QQQ,2026-09-28,2026-10-30,C,630.0,20,1,0.4524590887451172,111.63,110.25,113.69
QQQ,2026-09-28,2026-10-30,C,631.0,0,2,1.0000000000000003e-05,92.56,0.0,0.0
QQQ,2026-09-28,2026-10-30,C,632.0,102,3,0.4478204632568359,108.24,108.3,111.77
QQQ,2026-09-28,2026-10-30,C,633.0,76,0,1.0000000000000003e-05,96.2,91.42,93.95
QQQ,2026-09-28,2026-10-30,C,634.0,4,2,0.442388388671875,102.18,106.35,109.82
QQQ,2026-09-28,2026-10-30,C,635.0,43,34,0.4398249377441406,110.81,105.37,108.85
QQQ,2026-09-28,2026-10-30,C,636.0,6,1,0.43695631408691404,110.78,104.4,107.87
QQQ,2026-09-28,2026-10-30,C,637.0,2,1,0.43436234588623046,103.95,103.43,106.9
QQQ,2026-09-28,2026-10-30,C,638.0,3,1,0.42233854034423823,101.18,102.48,105.54
QQQ,2026-09-28,2026-10-30,C,639.0,4,4,0.4190731921386719,107.6,101.48,104.54
QQQ,2026-09-28,2026-10-30,C,640.0,55,4,0.39932851654052737,103.2,100.51,102.88
QQQ,2026-09-28,2026-10-30,C,642.0,2,1,0.3954528228759766,103.03,98.57,100.98
QQQ,2026-09-28,2026-10-30,C,643.0,5,1,0.3929809237670898,99.85,97.6,100.01
QQQ,2026-09-28,2026-10-30,C,644.0,5,1,0.39002074829101563,98.17,96.63,99.02
QQQ,2026-09-28,2026-10-30,C,645.0,52,7,0.41345801391601555,94.04,95.67,99.15
QQQ,2026-09-28,2026-10-30,C,646.0,1,0,0.3842835009765625,99.46,94.7,97.05
QQQ,2026-09-28,2026-10-30,C,647.0,4,1,0.3817810845947265,95.59,93.73,96.08
QQQ,2026-09-28,2026-10-30,C,648.0,4,3,0.3802552209472656,95.18,92.76,95.15
QQQ,2026-09-28,2026-10-30,C,649.0,1,1,0.37579969909667965,92.89,93.39,94.1
QQQ,2026-09-28,2026-10-30,C,650.0,75,16,0.37802746002197263,90.16,92.49,93.33
QQQ,2026-09-28,2026-10-30,C,651.0,8,6,0.3733583172607422,91.61,89.87,92.27
QQQ,2026-09-28,2026-10-30,C,653.0,1,1,0.3684755535888672,94.66,87.95,90.34
QQQ,2026-09-28,2026-10-30,C,654.0,2,1,0.3633486517333985,88.69,88.53,89.26
QQQ,2026-09-28,2026-10-30,C,655.0,108,1,0.3614565808105469,90.56,86.03,88.32
QQQ,2026-09-28,2026-10-30,C,656.0,87,0,0.3613650289916992,60.18,85.07,87.46
QQQ,2026-09-28,2026-10-30,C,657.0,3,1,0.35764192169189457,86.39,84.12,86.44
QQQ,2026-09-28,2026-10-30,C,658.0,2,1,0.355902437133789,58.61,83.16,85.51
QQQ,2026-09-28,2026-10-30,C,659.0,5,1,0.3541324353027343,86.67,82.2,84.58
QQQ,2026-09-28,2026-10-30,C,660.0,112,1,0.35062294891357415,81.51,81.25,83.57
QQQ,2026-09-28,2026-10-30,C,661.0,10,1,0.3494938098144531,83.33,80.3,82.67
QQQ,2026-09-28,2026-10-30,C,662.0,1,1,0.3470219107055663,79.25,81.05,81.71
QQQ,2026-09-28,2026-10-30,C,664.0,10,3,0.3403386279296875,80.86,77.45,79.71
QQQ,2026-09-28,2026-10-30,C,665.0,16,1,0.3399724206542969,81.45,76.5,78.85
QQQ,2026-09-28,2026-10-30,C,666.0,21,4,0.3367986242675781,79.0,75.55,77.86
QQQ,2026-09-28,2026-10-30,C,667.0,3,2,0.33551689880371094,78.07,74.61,76.96
QQQ,2026-09-28,2026-10-30,C,668.0,23,2,0.3329534478759766,76.66,73.67,76.0
QQQ,2026-09-28,2026-10-30,C,669.0,3,2,0.32996275512695306,76.2,72.73,75.02
QQQ,2026-09-28,2026-10-30,C,670.0,80,7,0.3297796514892578,73.37,73.47,74.18
QQQ,2026-09-28,2026-10-30,C,671.0,13,1,0.32675844146728517,70.84,72.48,73.2
QQQ,2026-09-28,2026-10-30,C,672.0,12,2,0.32355412780761705,57.43,69.92,72.21
QQQ,2026-09-28,2026-10-30,C,673.0,102,10,0.3205329177856445,68.75,68.98,71.23
QQQ,2026-09-28,2026-10-30,C,674.0,28,29,0.319220675048828,71.54,68.05,70.34
QQQ,2026-09-28,2026-10-30,C,675.0,31,2,0.3163520513916015,67.77,68.75,69.37
QQQ,2026-09-28,2026-10-30,C,676.0,14,1,0.31366653137207035,68.13,67.82,68.41
QQQ,2026-09-28,2026-10-30,C,677.0,72,1,0.3143379113769531,66.97,66.8,67.63
QQQ,2026-09-28,2026-10-30,C,678.0,8,1,0.30976032043457036,70.06,64.53,66.57
QQQ,2026-09-28,2026-10-30,C,679.0,86,1,0.3089973886108398,46.98,65.1,65.72
QQQ,2026-09-28,2026-10-30,C,680.0,114,1,0.3065865240478516,65.0,64.19,64.78
QQQ,2026-09-28,2026-10-30,C,681.0,89,26,0.30524376403808595,62.0,61.78,63.9
QQQ,2026-09-28,2026-10-30,C,682.0,98,2,0.30170376037597657,62.64,62.31,62.9
QQQ,2026-09-28,2026-10-30,C,683.0,45,2,0.30097134582519536,59.44,61.44,62.06
QQQ,2026-09-28,2026-10-30,C,684.0,46,2,0.29743134216308587,58.92,58.84,61.06
QQQ,2026-09-28,2026-10-30,C,685.0,57,1,0.294379614868164,65.33,59.57,60.09
QQQ,2026-09-28,2026-10-30,C,686.0,32,2,0.2950815121459961,56.79,57.03,59.34
QQQ,2026-09-28,2026-10-30,C,687.0,295,251,0.2916330603027343,56.55,56.16,58.35
QQQ,2026-09-28,2026-10-30,C,688.0,10,3,0.3104317004394531,56.16,55.46,58.72
QQQ,2026-09-28,2026-10-30,C,689.0,11,2,0.2893747821044921,54.07,54.34,56.65
QQQ,2026-09-28,2026-10-30,C,690.0,67,5,0.2832408102416991,53.54,55.14,55.5
QQQ,2026-09-28,2026-10-30,C,691.0,29,2,0.2851328811645507,53.36,52.56,54.84
QQQ,2026-09-28,2026-10-30,C,692.0,33,5,0.2828746029663085,56.91,51.67,53.93
QQQ,2026-09-28,2026-10-30,C,693.0,108,1,0.30097134582519536,51.03,51.02,54.33
QQQ,2026-09-28,2026-10-30,C,694.0,91,1,0.29892668853759763,50.54,50.14,53.45
QQQ,2026-09-28,2026-10-30,C,695.0,349,13,0.2756114920043945,49.16,50.68,51.18
QQQ,2026-09-28,2026-10-30,C,696.0,184,2,0.2757030438232422,53.79,49.9,50.43
QQQ,2026-09-28,2026-10-30,C,697.0,104,2,0.27295648925781246,49.06,48.96,49.5
QQQ,2026-09-28,2026-10-30,C,698.0,112,4,0.29114478393554677,48.09,46.67,49.98
QQQ,2026-09-28,2026-10-30,C,699.0,135,3,0.28922219573974606,47.22,47.32,49.12
QQQ,2026-09-28,2026-10-30,C,700.0,1217,16,0.268012691040039,45.7,46.44,46.94
QQQ,2026-09-28,2026-10-30,C,701.0,256,67,0.26676148284912116,48.76,45.58,46.12
QQQ,2026-09-28,2026-10-30,C,702.0,201,5,0.2645642391967773,43.7,44.74,45.24
QQQ,2026-09-28,2026-10-30,C,703.0,138,1,0.26233647827148443,42.38,43.85,44.36
QQQ,2026-09-28,2026-10-30,C,704.0,284,10,0.2606580282592773,49.09,42.99,43.52
QQQ,2026-09-28,2026-10-30,C,705.0,544,4,0.2580640600585938,41.4,42.23,42.62
QQQ,2026-09-28,2026-10-30,C,706.0,130,1,0.258369232788086,40.05,41.41,41.93
QQQ,2026-09-28,2026-10-30,C,707.0,280,2,0.25608043731689456,40.75,40.58,41.06
QQQ,2026-09-28,2026-10-30,C,708.0,363,6,0.254463021850586,45.66,39.68,40.24
QQQ,2026-09-28,2026-10-30,C,709.0,230,25,0.25275405456542965,38.05,38.95,39.42
QQQ,2026-09-28,2026-10-30,C,710.0,895,6,0.24967180999755856,38.36,38.09,38.5
QQQ,2026-09-28,2026-10-30,C,711.0,232,5,0.247077841796875,37.38,37.33,37.62
QQQ,2026-09-28,2026-10-30,C,712.0,278,114,0.24604025451660155,36.24,36.55,36.86
QQQ,2026-09-28,2026-10-30,C,713.0,163,17,0.2453230986022949,35.33,35.78,36.13
QQQ,2026-09-28,2026-10-30,C,714.0,434,2,0.24387352813720703,33.97,35.0,35.35
QQQ,2026-09-28,2026-10-30,C,715.0,703,7,0.24030300720214842,34.28,34.16,34.41
QQQ,2026-09-28,2026-10-30,C,716.0,405,89,0.2410354217529297,32.77,33.47,33.81
QQQ,2026-09-28,2026-10-30,C,717.0,417,3,0.23926541992187497,32.32,32.65,33.02
QQQ,2026-09-28,2026-10-30,C,718.0,467,52,0.236061106262207,31.65,31.96,32.12
QQQ,2026-09-28,2026-10-30,C,719.0,374,13,0.23404696624755855,30.89,31.16,31.32
QQQ,2026-09-28,2026-10-30,C,720.0,1815,50,0.23334506896972657,29.39,30.48,30.63
QQQ,2026-09-28,2026-10-30,C,721.0,382,4,0.23192601577758787,28.6,29.73,29.89
QQQ,2026-09-28,2026-10-30,C,722.0,387,6,0.2297135134887695,27.73,28.93,29.09
QQQ,2026-09-28,2026-10-30,C,723.0,487,10,0.22925575439453127,27.23,28.28,28.44
QQQ,2026-09-28,2026-10-30,C,724.0,159,4,0.2277604080200195,26.86,27.56,27.71
QQQ,2026-09-28,2026-10-30,C,725.0,573,15,0.22629557891845703,25.51,26.83,26.99
QQQ,2026-09-28,2026-10-30,C,726.0,370,3,0.22461712890624996,25.43,26.11,26.26
QQQ,2026-09-28,2026-10-30,C,727.0,446,8,0.224067817993164,24.69,25.48,25.63
QQQ,2026-09-28,2026-10-30,C,728.0,398,3,0.22235885070800776,24.03,24.76,24.91
QQQ,2026-09-28,2026-10-30,C,729.0,516,4,0.22093979751586912,23.84,24.07,24.22
QQQ,2026-09-28,2026-10-30,C,730.0,2612,232,0.21976488250732418,23.25,23.41,23.56
QQQ,2026-09-28,2026-10-30,C,731.0,355,12,0.2181779843139648,22.01,22.72,22.87
QQQ,2026-09-28,2026-10-30,C,732.0,383,3,0.21695729339599606,21.73,22.11,22.22
QQQ,2026-09-28,2026-10-30,C,733.0,168,177,0.2159959992980957,20.7,21.47,21.6
QQQ,2026-09-28,2026-10-30,C,734.0,195,327,0.2142412561035156,20.8,20.79,20.92
QQQ,2026-09-28,2026-10-30,C,735.0,1506,416,0.21344780700683597,20.22,20.19,20.33
QQQ,2026-09-28,2026-10-30,C,736.0,217,158,0.2123186679077148,18.99,19.59,19.72
QQQ,2026-09-28,2026-10-30,C,737.0,262,883,0.21122004608154293,19.01,18.99,19.12
QQQ,2026-09-28,2026-10-30,C,738.0,371,181,0.20978573425292968,18.5,18.37,18.5
QQQ,2026-09-28,2026-10-30,C,739.0,404,399,0.20906857833862302,17.74,17.83,17.95
QQQ,2026-09-28,2026-10-30,C,740.0,3177,1902,0.20722228332519527,17.23,17.18,17.31
QQQ,2026-09-28,2026-10-30,C,741.0,499,30,0.20664245513916013,16.03,16.67,16.79
QQQ,2026-09-28,2026-10-30,C,742.0,369,31,0.20504029830932613,14.9,16.06,16.19
QQQ,2026-09-28,2026-10-30,C,743.0,477,79,0.20436891830444331,14.37,15.55,15.68
QQQ,2026-09-28,2026-10-30,C,744.0,931,66,0.20336184829711912,13.69,15.02,15.15
QQQ,2026-09-28,2026-10-30,C,745.0,1274,347,0.2020343469238281,14.58,14.5,14.6
QQQ,2026-09-28,2026-10-30,C,746.0,530,34,0.2005695178222656,13.67,13.94,14.05
QQQ,2026-09-28,2026-10-30,C,747.0,247,5,0.20029486236572264,12.39,13.48,13.61
QQQ,2026-09-28,2026-10-30,C,748.0,336,202,0.19838753280639648,12.08,12.92,13.04
QQQ,2026-09-28,2026-10-30,C,749.0,388,20,0.19765511825561521,11.88,12.46,12.58
QQQ,2026-09-28,2026-10-30,C,750.0,6565,728,0.1966938241577148,12.01,12.0,12.11
QQQ,2026-09-28,2026-10-30,C,751.0,378,82,0.1954883918762207,11.19,11.51,11.63
QQQ,2026-09-28,2026-10-30,C,752.0,159,25,0.1951374432373047,10.35,11.13,11.23
QQQ,2026-09-28,2026-10-30,C,753.0,286,16,0.19406933868408205,10.16,10.69,10.78
QQQ,2026-09-28,2026-10-30,C,754.0,146,34,0.19323011367797854,10.1,10.25,10.36
QQQ,2026-09-28,2026-10-30,C,755.0,3956,87,0.1924061473083496,9.6,9.85,9.95
QQQ,2026-09-28,2026-10-30,C,756.0,4684,49,0.19147537048339847,8.84,9.44,9.54
QQQ,2026-09-28,2026-10-30,C,757.0,157,14,0.19065140411376952,8.17,9.05,9.15
QQQ,2026-09-28,2026-10-30,C,758.0,662,8,0.18920183364868165,8.68,8.64,8.72
QQQ,2026-09-28,2026-10-30,C,759.0,796,32,0.18839312591552732,7.78,8.25,8.35
QQQ,2026-09-28,2026-10-30,C,760.0,5355,276,0.18808795318603516,7.85,7.94,8.03
QQQ,2026-09-28,2026-10-30,C,761.0,299,10,0.18741657318115235,6.8,7.6,7.69
QQQ,2026-09-28,2026-10-30,C,762.0,128,7,0.18676045181274414,6.51,7.29,7.36
QQQ,2026-09-28,2026-10-30,C,763.0,104,35,0.18582967498779296,6.89,6.93,7.02
QQQ,2026-09-28,2026-10-30,C,764.0,66,6,0.18506674316406246,6.64,6.62,6.7
QQQ,2026-09-28,2026-10-30,C,765.0,3215,285,0.18399863861083982,6.37,6.27,6.37
QQQ,2026-09-28,2026-10-30,C,766.0,82,20,0.1835103622436523,5.48,6.01,6.09
QQQ,2026-09-28,2026-10-30,C,767.0,101,458,0.18305260314941402,5.77,5.74,5.82
QQQ,2026-09-28,2026-10-30,C,768.0,236,145,0.18216760223388673,5.44,5.46,5.53
QQQ,2026-09-28,2026-10-30,C,769.0,124,105,0.18174036041259767,4.49,5.2,5.28
QQQ,2026-09-28,2026-10-30,C,770.0,4061,2024,0.1808858767700195,4.93,4.94,5.01
QQQ,2026-09-28,2026-10-30,C,771.0,237,58,0.1805196694946289,4.62,4.7,4.78
QQQ,2026-09-28,2026-10-30,C,772.0,278,89,0.18003139312744143,4.39,4.48,4.55
QQQ,2026-09-28,2026-10-30,C,773.0,466,155,0.1792379440307617,3.95,4.25,4.31
QQQ,2026-09-28,2026-10-30,C,774.0,215,130,0.17844449493408204,3.51,4.01,4.08
QQQ,2026-09-28,2026-10-30,C,775.0,4105,2526,0.17789518402099608,3.77,3.81,3.87
QQQ,2026-09-28,2026-10-30,C,780.0,6394,884,0.17572845764160155,2.7,2.91,2.97
QQQ,2026-09-28,2026-10-30,C,785.0,6706,581,0.17383638671875,2.21,2.22,2.25
QQQ,2026-09-28,2026-10-30,C,790.0,9710,2499,0.17292086853027344,1.7,1.67,1.71
QQQ,2026-09-28,2026-10-30,C,795.0,1615,89,0.1720053503417969,1.25,1.25,1.28
QQQ,2026-09-28,2026-10-30,C,800.0,2582,585,0.17163914306640626,0.93,0.93,0.96
QQQ,2026-09-28,2026-10-30,C,805.0,677,20,0.17170017761230472,0.65,0.7,0.72
QQQ,2026-09-28,2026-10-30,C,810.0,1190,460,0.1726156958007813,0.51,0.53,0.55
QQQ,2026-09-28,2026-10-30,C,815.0,373,73,0.17432466308593753,0.39,0.4,0.43
QQQ,2026-09-28,2026-10-30,C,820.0,879,137,0.17566742309570313,0.33,0.31,0.33
QQQ,2026-09-28,2026-10-30,C,825.0,776,20,0.17774259765625,0.24,0.24,0.26
QQQ,2026-09-28,2026-10-30,C,830.0,820,8,0.1801839794921875,0.15,0.18,0.21
QQQ,2026-09-28,2026-10-30,C,835.0,368,35,0.1828694995117187,0.14,0.14,0.17
QQQ,2026-09-28,2026-10-30,C,840.0,490,3,0.1840901904296875,0.11,0.1,0.13
QQQ,2026-09-28,2026-10-30,C,845.0,284,45,0.187508125,0.1,0.08,0.11
QQQ,2026-09-28,2026-10-30,C,850.0,611,64,0.19043778320312502,0.07,0.06,0.09
QQQ,2026-09-28,2026-10-30,C,855.0,618,2,0.19190261230468753,0.07,0.04,0.07
QQQ,2026-09-28,2026-10-30,C,860.0,144,1,0.195320546875,0.05,0.03,0.06
QQQ,2026-09-28,2026-10-30,C,865.0,145,20,0.198250205078125,0.04,0.02,0.05
QQQ,2026-09-28,2026-10-30,C,870.0,231,3,0.20020331054687499,0.04,0.01,0.04
QQQ,2026-09-28,2026-10-30,C,875.0,186,10,0.20606262695312497,0.02,0.01,0.04
QQQ,2026-09-28,2026-10-30,C,880.0,56,20,0.20703917968749996,0.02,0.01,0.03
QQQ,2026-09-28,2026-10-30,C,890.0,77,20,0.21875781249999998,0.02,0.0,0.03
QQQ,2026-09-28,2026-10-30,C,895.0,50,20,0.22461712890624996,0.01,0.0,0.03
QQQ,2026-09-28,2026-10-30,C,900.0,142,100,0.22266402343749997,0.02,0.0,0.02
QQQ,2026-09-28,2026-10-30,P,470.0,798,115,0.559574716796875,0.11,0.08,0.11
QQQ,2026-09-28,2026-10-30,P,475.0,23,2,0.5507857421875001,0.15,0.09,0.11
QQQ,2026-09-28,2026-10-30,P,480.0,78,70,0.5410202148437502,0.11,0.09,0.12
QQQ,2026-09-28,2026-10-30,P,485.0,323,22,0.5371140039062501,0.14,0.11,0.13
QQQ,2026-09-28,2026-10-30,P,490.0,115,38,0.5268602001953125,0.14,0.11,0.14
QQQ,2026-09-28,2026-10-30,P,495.0,83,40,0.5214891601562499,0.16,0.13,0.15
QQQ,2026-09-28,2026-10-30,P,500.0,577,15,0.514653291015625,0.17,0.15,0.16
QQQ,2026-09-28,2026-10-30,P,505.0,71,15,0.5083056982421875,0.21,0.16,0.18
QQQ,2026-09-28,2026-10-30,P,510.0,139,2,0.5024463818359376,0.18,0.16,0.19
QQQ,2026-09-28,2026-10-30,P,515.0,53,13,0.4936574072265626,0.24,0.19,0.2
QQQ,2026-09-28,2026-10-30,P,520.0,303,70,0.48682153808593753,0.25,0.2,0.22
QQQ,2026-09-28,2026-10-30,P,525.0,120,2,0.477544287109375,0.24,0.21,0.23
QQQ,2026-09-28,2026-10-30,P,530.0,293,6,0.47022014160156256,0.26,0.23,0.25
QQQ,2026-09-28,2026-10-30,P,535.0,402,146,0.46289599609375004,0.3,0.25,0.27
QQQ,2026-09-28,2026-10-30,P,540.0,370,175,0.45483943603515625,0.31,0.27,0.29
QQQ,2026-09-28,2026-10-30,P,545.0,1019,4,0.4467828759765625,0.36,0.29,0.31
QQQ,2026-09-28,2026-10-30,P,550.0,598,5,0.4382380395507813,0.35,0.31,0.33
QQQ,2026-09-28,2026-10-30,P,555.0,160,7,0.42969320312500003,0.36,0.33,0.35
QQQ,2026-09-28,2026-10-30,P,560.0,262,1,0.42090422851562503,0.35,0.36,0.37
QQQ,2026-09-28,2026-10-30,P,565.0,234,6,0.4133359448242187,0.43,0.38,0.4
QQQ,2026-09-28,2026-10-30,P,570.0,440,3,0.40552352294921873,0.47,0.41,0.43
QQQ,2026-09-28,2026-10-30,P,575.0,399,2,0.39722282470703124,0.46,0.44,0.46
QQQ,2026-09-28,2026-10-30,P,580.0,487,62,0.3898986791992188,0.51,0.47,0.5
QQQ,2026-09-28,2026-10-30,P,585.0,387,2,0.3811097045898437,0.54,0.51,0.53
QQQ,2026-09-28,2026-10-30,P,590.0,1620,7,0.3723207299804688,0.62,0.55,0.56
QQQ,2026-09-28,2026-10-30,P,595.0,226,1,0.36499658447265626,0.66,0.59,0.61
QQQ,2026-09-28,2026-10-30,P,600.0,2108,61,0.35718416259765623,0.67,0.64,0.66
QQQ,2026-09-28,2026-10-30,P,601.0,104,22,0.3557193334960937,0.71,0.64,0.67
QQQ,2026-09-28,2026-10-30,P,602.0,47,20,0.3532779516601562,0.73,0.65,0.67
QQQ,2026-09-28,2026-10-30,P,603.0,36,1,0.35156898437499995,0.85,0.66,0.68
QQQ,2026-09-28,2026-10-30,P,604.0,72,1,0.34998208618164056,0.78,0.67,0.69
QQQ,2026-09-28,2026-10-30,P,605.0,236,4,0.34839518798828123,0.76,0.68,0.7
QQQ,2026-09-28,2026-10-30,P,606.0,90,41,0.3474186352539062,0.79,0.69,0.72
QQQ,2026-09-28,2026-10-30,P,607.0,104,19,0.3458317370605468,0.82,0.71,0.73
QQQ,2026-09-28,2026-10-30,P,608.0,44,2,0.3441227697753906,0.78,0.72,0.74
QQQ,2026-09-28,2026-10-30,P,609.0,103,8,0.34326828613281246,0.84,0.73,0.76
QQQ,2026-09-28,2026-10-30,P,610.0,1552,10,0.3414372497558594,0.84,0.74,0.77
QQQ,2026-09-28,2026-10-30,P,611.0,43,17,0.3397282824707031,0.81,0.75,0.78
QQQ,2026-09-28,2026-10-30,P,612.0,178,1,0.33801931518554684,0.81,0.77,0.79
QQQ,2026-09-28,2026-10-30,P,613.0,86,79,0.336920693359375,0.91,0.78,0.81
QQQ,2026-09-28,2026-10-30,P,614.0,83,4,0.33521172607421873,0.81,0.79,0.82
QQQ,2026-09-28,2026-10-30,P,615.0,430,31,0.33338068969726564,0.88,0.81,0.83
QQQ,2026-09-28,2026-10-30,P,616.0,201,3,0.33228206787109377,0.91,0.82,0.85
QQQ,2026-09-28,2026-10-30,P,617.0,160,3,0.3298406860351562,0.97,0.83,0.85
QQQ,2026-09-28,2026-10-30,P,618.0,166,2,0.3293524096679687,1.02,0.85,0.88
QQQ,2026-09-28,2026-10-30,P,619.0,61,6,0.32739930419921875,1.0,0.86,0.89
QQQ,2026-09-28,2026-10-30,P,620.0,1498,823,0.32556826782226556,1.0,0.87,0.9
QQQ,2026-09-28,2026-10-30,P,621.0,105,2,0.32434757690429683,1.01,0.89,0.92
QQQ,2026-09-28,2026-10-30,P,622.0,103,2,0.323126885986328,1.04,0.91,0.94
QQQ,2026-09-28,2026-10-30,P,623.0,204,5,0.32117378051757806,0.96,0.92,0.95
QQQ,2026-09-28,2026-10-30,P,624.0,25,2,0.3198310205078124,1.24,0.94,0.97
QQQ,2026-09-28,2026-10-30,P,625.0,884,7,0.3184882604980468,1.07,0.96,0.99
QQQ,2026-09-28,2026-10-30,P,626.0,18,2,0.31653515502929686,1.12,0.98,1.0
QQQ,2026-09-28,2026-10-30,P,627.0,72,6,0.31519239501953117,1.02,0.99,1.02
QQQ,2026-09-28,2026-10-30,P,628.0,51,1,0.3138496350097656,1.03,1.01,1.04
QQQ,2026-09-28,2026-10-30,P,629.0,34,6,0.31238480590820306,1.08,1.03,1.06
QQQ,2026-09-28,2026-10-30,P,630.0,1689,36,0.3109199768066406,1.06,1.05,1.08
QQQ,2026-09-28,2026-10-30,P,631.0,94,20,0.3089668713378906,1.22,1.07,1.09
QQQ,2026-09-28,2026-10-30,P,632.0,69,2,0.3073799731445312,1.19,1.09,1.11
QQQ,2026-09-28,2026-10-30,P,633.0,101,4,0.30591514404296877,1.22,1.1,1.13
QQQ,2026-09-28,2026-10-30,P,634.0,112,7,0.3043282458496094,1.18,1.13,1.15
QQQ,2026-09-28,2026-10-30,P,635.0,372,10,0.30286341674804684,1.31,1.15,1.17
QQQ,2026-09-28,2026-10-30,P,636.0,295,16,0.301764794921875,1.26,1.18,1.2
QQQ,2026-09-28,2026-10-30,P,637.0,386,1,0.3006661730957031,1.59,1.2,1.23
QQQ,2026-09-28,2026-10-30,P,638.0,98,1,0.29846892944335934,1.48,1.22,1.24
QQQ,2026-09-28,2026-10-30,P,639.0,70,12,0.2978585839843749,1.61,1.25,1.28
QQQ,2026-09-28,2026-10-30,P,640.0,29772,7567,0.29614961669921874,1.27,1.27,1.3
QQQ,2026-09-28,2026-10-30,P,641.0,147,2,0.29444064941406245,1.41,1.3,1.32
QQQ,2026-09-28,2026-10-30,P,642.0,62,11,0.29321995849609367,1.49,1.32,1.35
QQQ,2026-09-28,2026-10-30,P,643.0,676,111,0.2914499566650389,1.66,1.34,1.37
QQQ,2026-09-28,2026-10-30,P,644.0,51,1,0.29053443847656246,1.6,1.38,1.41
QQQ,2026-09-28,2026-10-30,P,645.0,894,22,0.28833719482421866,1.65,1.4,1.42
QQQ,2026-09-28,2026-10-30,P,646.0,60,9,0.2873606420898437,1.68,1.43,1.46
QQQ,2026-09-28,2026-10-30,P,647.0,75,6,0.28552960571289054,1.73,1.46,1.48
QQQ,2026-09-28,2026-10-30,P,648.0,160,3,0.2845530529785155,1.64,1.49,1.52
QQQ,2026-09-28,2026-10-30,P,649.0,368,7,0.2834544311523437,1.57,1.53,1.56
QQQ,2026-09-28,2026-10-30,P,650.0,4059,173,0.2815623602294921,1.59,1.56,1.58
QQQ,2026-09-28,2026-10-30,P,651.0,176,28,0.28003649658203117,1.75,1.58,1.61
QQQ,2026-09-28,2026-10-30,P,652.0,194,4,0.2784495983886719,1.93,1.63,1.64
QQQ,2026-09-28,2026-10-30,P,653.0,85,1,0.2772899420166015,1.9,1.66,1.68
QQQ,2026-09-28,2026-10-30,P,654.0,179,5,0.27637442382812494,1.95,1.69,1.73
QQQ,2026-09-28,2026-10-30,P,655.0,6248,14,0.2747875256347656,1.78,1.73,1.76
QQQ,2026-09-28,2026-10-30,P,656.0,109,4,0.273444765625,1.73,1.77,1.8
QQQ,2026-09-28,2026-10-30,P,657.0,119,1,0.27210200561523434,1.83,1.81,1.84
QQQ,2026-09-28,2026-10-30,P,658.0,170,7,0.2703930383300781,1.96,1.85,1.87
QQQ,2026-09-28,2026-10-30,P,659.0,381,9,0.26892820922851557,2.13,1.88,1.91
QQQ,2026-09-28,2026-10-30,P,660.0,7325,82,0.26782958740234375,1.99,1.94,1.96
QQQ,2026-09-28,2026-10-30,P,661.0,107,57,0.26636475830078127,2.32,1.97,2.0
QQQ,2026-09-28,2026-10-30,P,662.0,353,7,0.26483889465332033,2.3,2.02,2.04
QQQ,2026-09-28,2026-10-30,P,663.0,336,1465,0.26392337646484376,2.26,2.07,2.1
QQQ,2026-09-28,2026-10-30,P,664.0,241,4,0.2626416510009766,2.15,2.11,2.15
QQQ,2026-09-28,2026-10-30,P,665.0,2985,241,0.26129889099121095,2.52,2.16,2.2
QQQ,2026-09-28,2026-10-30,P,666.0,178,62,0.25965095825195317,2.34,2.21,2.24
QQQ,2026-09-28,2026-10-30,P,667.0,361,4,0.2582471636962891,2.23,2.26,2.29
QQQ,2026-09-28,2026-10-30,P,668.0,208,2,0.256843369140625,2.75,2.32,2.34
QQQ,2026-09-28,2026-10-30,P,669.0,129,52,0.25592785095214843,2.41,2.37,2.41
QQQ,2026-09-28,2026-10-30,P,670.0,3458,54,0.2547071600341797,2.48,2.44,2.47
QQQ,2026-09-28,2026-10-30,P,671.0,220,1,0.2534254345703125,2.8,2.5,2.53
QQQ,2026-09-28,2026-10-30,P,672.0,232,4,0.25238784729003905,2.88,2.56,2.6
QQQ,2026-09-28,2026-10-30,P,673.0,203,3,0.25049577636718745,3.0,2.61,2.64
QQQ,2026-09-28,2026-10-30,P,674.0,132,3,0.24961077545166016,3.05,2.68,2.72
QQQ,2026-09-28,2026-10-30,P,675.0,2069,73,0.24793232543945312,2.79,2.74,2.77
QQQ,2026-09-28,2026-10-30,P,676.0,2139,5,0.2466811172485352,3.11,2.81,2.84
QQQ,2026-09-28,2026-10-30,P,677.0,190,5,0.24539939178466796,3.15,2.88,2.91
QQQ,2026-09-28,2026-10-30,P,678.0,332,14,0.2447890463256836,3.28,2.96,3.01
QQQ,2026-09-28,2026-10-30,P,679.0,238,3,0.243171630859375,3.3,3.04,3.07
QQQ,2026-09-28,2026-10-30,P,680.0,21365,135,0.24176783630371096,3.12,3.1,3.14
QQQ,2026-09-28,2026-10-30,P,681.0,209,1,0.24051662811279295,3.28,3.18,3.22
QQQ,2026-09-28,2026-10-30,P,682.0,177,46,0.23920438537597655,3.4,3.25,3.3
QQQ,2026-09-28,2026-10-30,P,683.0,90,4,0.23853300537109373,3.69,3.36,3.41
QQQ,2026-09-28,2026-10-30,P,684.0,192,18,0.23712921081542968,3.83,3.43,3.49
QQQ,2026-09-28,2026-10-30,P,685.0,39956,37,0.2357254162597656,3.6,3.51,3.57
QQQ,2026-09-28,2026-10-30,P,686.0,616,203,0.2342300698852539,4.03,3.61,3.65
QQQ,2026-09-28,2026-10-30,P,687.0,173,25,0.2331009307861328,4.25,3.7,3.75
QQQ,2026-09-28,2026-10-30,P,688.0,322,9,0.23194127441406248,4.21,3.8,3.85
QQQ,2026-09-28,2026-10-30,P,689.0,288,40,0.2310867907714844,4.34,3.91,3.97
QQQ,2026-09-28,2026-10-30,P,690.0,29585,396,0.22959144439697265,4.03,4.01,4.06
QQQ,2026-09-28,2026-10-30,P,691.0,127,6,0.22864540893554688,4.57,4.12,4.18
QQQ,2026-09-28,2026-10-30,P,692.0,651,1,0.2274247180175781,4.83,4.23,4.29
QQQ,2026-09-28,2026-10-30,P,693.0,258,20,0.22595988891601562,4.8,4.34,4.39
QQQ,2026-09-28,2026-10-30,P,694.0,113,15,0.22480023254394527,5.05,4.45,4.51
QQQ,2026-09-28,2026-10-30,P,695.0,5497,57,0.22361005889892577,4.62,4.57,4.63
QQQ,2026-09-28,2026-10-30,P,696.0,365,6,0.2225114370727539,4.92,4.7,4.76
QQQ,2026-09-28,2026-10-30,P,697.0,156,6,0.22116867706298826,5.5,4.82,4.88
QQQ,2026-09-28,2026-10-30,P,698.0,332,44,0.22031419342041014,5.65,4.97,5.03
QQQ,2026-09-28,2026-10-30,P,699.0,239,20,0.21884936431884766,5.22,5.08,5.15
QQQ,2026-09-28,2026-10-30,P,700.0,38115,2981,0.2181779843139648,5.3,5.24,5.32
QQQ,2026-09-28,2026-10-30,P,701.0,327,437,0.21677418975830076,5.47,5.39,5.45
QQQ,2026-09-28,2026-10-30,P,702.0,886,40,0.2156145333862305,5.6,5.52,5.6
QQQ,2026-09-28,2026-10-30,P,703.0,343,61,0.2143938424682617,5.78,5.69,5.75
QQQ,2026-09-28,2026-10-30,P,704.0,201,19,0.21311211700439453,5.87,5.82,5.9
QQQ,2026-09-28,2026-10-30,P,705.0,1404,89,0.21237970245361326,6.01,6.02,6.09
QQQ,2026-09-28,2026-10-30,P,706.0,465,29,0.21109797698974608,6.26,6.17,6.25
QQQ,2026-09-28,2026-10-30,P,707.0,2110,90,0.21036556243896481,6.44,6.36,6.45
QQQ,2026-09-28,2026-10-30,P,708.0,1381,14,0.20880918151855465,6.56,6.53,6.6
QQQ,2026-09-28,2026-10-30,P,709.0,386,74,0.20761900787353516,6.73,6.7,6.78
QQQ,2026-09-28,2026-10-30,P,710.0,12252,148,0.20676452423095698,6.93,6.92,6.99
QQQ,2026-09-28,2026-10-30,P,711.0,601,20,0.20584900604248046,7.28,7.11,7.2
QQQ,2026-09-28,2026-10-30,P,712.0,494,6,0.20429262512207028,7.9,7.29,7.37
QQQ,2026-09-28,2026-10-30,P,713.0,661,3,0.20310245147705075,8.24,7.5,7.57
QQQ,2026-09-28,2026-10-30,P,714.0,351,3,0.2022174505615234,8.12,7.7,7.8
QQQ,2026-09-28,2026-10-30,P,715.0,2403,177,0.20111882873535153,8.06,7.92,8.02
QQQ,2026-09-28,2026-10-30,P,716.0,944,1057,0.20032537963867186,8.3,8.18,8.27
QQQ,2026-09-28,2026-10-30,P,717.0,773,61,0.19919624053955076,9.04,8.41,8.5
QQQ,2026-09-28,2026-10-30,P,718.0,529,5,0.19773141143798828,8.68,8.62,8.71
QQQ,2026-09-28,2026-10-30,P,719.0,857,15,0.19654123779296873,9.26,8.86,8.95
QQQ,2026-09-28,2026-10-30,P,720.0,26370,1760,0.1959308923339844,9.16,9.14,9.24
QQQ,2026-09-28,2026-10-30,P,721.0,352,102,0.19458813232421873,9.9,9.4,9.48
QQQ,2026-09-28,2026-10-30,P,722.0,379,25,0.193642096862793,9.85,9.65,9.76
QQQ,2026-09-28,2026-10-30,P,723.0,560,56,0.19225356094360352,10.65,9.92,10.01
QQQ,2026-09-28,2026-10-30,P,724.0,317,30,0.1913838186645508,11.08,10.22,10.31
QQQ,2026-09-28,2026-10-30,P,725.0,40501,169,0.1900410586547852,10.52,10.49,10.58
QQQ,2026-09-28,2026-10-30,P,726.0,1554,129,0.18911028182983397,10.96,10.79,10.89
QQQ,2026-09-28,2026-10-30,P,727.0,859,225,0.18807269454956055,11.25,11.09,11.2
QQQ,2026-09-28,2026-10-30,P,728.0,301,12,0.1872945040893555,11.57,11.43,11.54
QQQ,2026-09-28,2026-10-30,P,729.0,329,2,0.18640950317382812,13.14,11.77,11.88
QQQ,2026-09-28,2026-10-30,P,730.0,5211,430,0.18518881225585934,12.22,12.1,12.2
QQQ,2026-09-28,2026-10-30,P,731.0,235,1,0.1836324313354492,13.69,12.39,12.5
QQQ,2026-09-28,2026-10-30,P,732.0,196,59,0.18290001678466794,13.31,12.77,12.88
QQQ,2026-09-28,2026-10-30,P,733.0,308,66,0.18161829132080076,13.18,13.1,13.22
QQQ,2026-09-28,2026-10-30,P,734.0,257,59,0.1805501867675781,14.15,13.48,13.59
QQQ,2026-09-28,2026-10-30,P,735.0,5468,423,0.17926846130371094,14.1,13.85,13.95
QQQ,2026-09-28,2026-10-30,P,736.0,706,203,0.17810880493164064,14.91,14.22,14.33
QQQ,2026-09-28,2026-10-30,P,737.0,410,272,0.17752897674560547,14.72,14.64,14.77
QQQ,2026-09-28,2026-10-30,P,738.0,288,158,0.17601837173461915,15.07,15.04,15.14
QQQ,2026-09-28,2026-10-30,P,739.0,302,124,0.1753164744567871,15.65,15.5,15.59
QQQ,2026-09-28,2026-10-30,P,740.0,4279,1847,0.17450776672363283,15.94,15.93,16.04
QQQ,2026-09-28,2026-10-30,P,741.0,189,74,0.17368380035400394,16.9,16.37,16.5
QQQ,2026-09-28,2026-10-30,P,742.0,410,89,0.17180698806762695,17.1,16.77,16.88
QQQ,2026-09-28,2026-10-30,P,743.0,319,3,0.17154759124755858,17.89,17.28,17.41
QQQ,2026-09-28,2026-10-30,P,744.0,476,4,0.17011327941894533,18.94,17.72,17.85
QQQ,2026-09-28,2026-10-30,P,745.0,920,43,0.16855689849853522,18.27,18.15,18.29
QQQ,2026-09-28,2026-10-30,P,746.0,160,222,0.16742775939941407,19.35,18.64,18.78
QQQ,2026-09-28,2026-10-30,P,747.0,112,92,0.16677163803100592,21.0,19.16,19.32
QQQ,2026-09-28,2026-10-30,P,748.0,87,42,0.16632913757324225,21.18,19.75,19.89
QQQ,2026-09-28,2026-10-30,P,749.0,217,100,0.16457439437866211,21.35,20.21,20.36
QQQ,2026-09-28,2026-10-30,P,750.0,948,55,0.16315534118652347,20.88,20.72,20.87
QQQ,2026-09-28,2026-10-30,P,751.0,442,137,0.1623008575439453,23.27,21.29,21.44
QQQ,2026-09-28,2026-10-30,P,752.0,97,11,0.1611717184448242,22.02,21.85,22.0
QQQ,2026-09-28,2026-10-30,P,753.0,2,2,0.15976792388916017,19.71,22.39,22.55
QQQ,2026-09-28,2026-10-30,P,754.0,25,1,0.1588524057006836,24.3,22.99,23.15
QQQ,2026-09-28,2026-10-30,P,755.0,97,5,0.15778430114746095,24.54,23.58,23.75
QQQ,2026-09-28,2026-10-30,P,756.0,279,4,0.15680774841308598,23.97,24.2,24.37
QQQ,2026-09-28,2026-10-30,P,757.0,8,1,0.15564809204101562,26.53,24.83,24.99
QQQ,2026-09-28,2026-10-30,P,758.0,11,3,0.15448843566894532,25.93,25.46,25.62
QQQ,2026-09-28,2026-10-30,P,759.0,3,4,0.15314567565917972,26.0,26.08,26.25
QQQ,2026-09-28,2026-10-30,P,760.0,618,7,0.15204705383300782,26.83,26.74,26.91
QQQ,2026-09-28,2026-10-30,P,761.0,3,2,0.15076532836914067,28.92,27.4,27.57
QQQ,2026-09-28,2026-10-30,P,762.0,7,5,0.14984981018066407,27.99,28.11,28.27
QQQ,2026-09-28,2026-10-30,P,763.0,5,4,0.15320671020507814,30.21,28.76,29.27
QQQ,2026-09-28,2026-10-30,P,764.0,1,1,0.15268791656494146,31.08,29.39,30.01
QQQ,2026-09-28,2026-10-30,P,765.0,98,2,0.15042963836669926,26.53,30.17,30.65
QQQ,2026-09-28,2026-10-30,P,766.0,78,0,0.1727072476196289,26.75,29.45,32.92
QQQ,2026-09-28,2026-10-30,P,767.0,8,63,0.14765256652832032,33.17,30.09,32.08
QQQ,2026-09-28,2026-10-30,P,768.0,3,4,0.17154759124755858,34.06,32.38,34.4
QQQ,2026-09-28,2026-10-30,P,769.0,2,2,0.1456689437866211,31.45,33.02,33.61
QQQ,2026-09-28,2026-10-30,P,770.0,864,30,0.14466187377929687,35.0,33.85,34.39
QQQ,2026-09-28,2026-10-30,P,771.0,2,2,0.14420411468505856,34.3,33.2,35.21
QQQ,2026-09-28,2026-10-30,P,772.0,1,2,0.1424035955810547,33.63,35.44,35.97
QQQ,2026-09-28,2026-10-30,P,773.0,1,1,0.14154911193847658,37.21,36.21,36.79
QQQ,2026-09-28,2026-10-30,P,774.0,1,2,0.14133549102783205,35.14,35.63,37.65
QQQ,2026-09-28,2026-10-30,P,775.0,190,1,0.14075566284179689,39.72,37.84,38.5
QQQ,2026-09-28,2026-10-30,P,780.0,6,1,0.1333094482421875,43.78,42.11,42.71
QQQ,2026-09-28,2026-10-30,P,785.0,74,4,0.12708392456054687,44.74,45.26,47.21
QQQ,2026-09-28,2026-10-30,P,790.0,73,42,0.17310397216796874,52.6,49.92,53.3
QQQ,2026-09-28,2026-10-30,P,795.0,54,2,0.18091639404296872,57.17,54.75,58.16
QQQ,2026-09-28,2026-10-30,P,800.0,3,5,0.19159743957519532,64.0,59.72,63.14
QQQ,2026-09-28,2026-10-30,P,805.0,0,1,0.2024005541992187,64.38,64.71,68.13
QQQ,2026-09-28,2026-10-30,P,810.0,0,1,0.21326470336914063,71.37,69.69,73.13
QQQ,2026-09-28,2026-10-30,P,815.0,0,3,0.2238847143554687,68.69,74.69,78.13
QQQ,2026-09-28,2026-10-30,P,820.0,0,2,0.23444369079589844,78.69,79.69,83.13
QQQ,2026-09-28,2026-10-30,P,825.0,0,2,0.2447585290527344,83.75,84.69,88.13
QQQ,2026-09-28,2026-10-30,P,830.0,0,4,0.2549512982177735,91.29,89.68,93.13
QQQ,2026-09-28,2026-10-30,P,835.0,0,2,0.26496096374511713,93.56,94.68,98.13
QQQ,2026-09-28,2026-10-30,P,840.0,1,1,0.2749095947265625,103.62,99.68,103.13
QQQ,2026-09-28,2026-10-30,P,845.0,0,1,0.28424788024902337,108.64,104.68,108.12
QQQ,2026-09-28,2026-10-30,P,850.0,0,2,0.2938913385009765,139.91,109.68,113.12
QQQ,2026-09-28,2026-10-30,P,855.0,0,178,1.0000000000000003e-05,129.88,0.0,0.0
QQQ,2026-09-28,2026-10-30,P,860.0,0,3,0.31323928955078123,154.37,119.68,123.13
QQQ,2026-09-28,2026-10-30,P,865.0,0,0,0.3225165405273437,159.37,124.68,128.13
QQQ,2026-09-28,2026-10-30,P,870.0,1,1,0.3316717224121094,122.48,129.68,133.13
QQQ,2026-09-28,2026-10-30,P,875.0,0,1,0.34076586975097656,127.5,134.68,138.13
QQQ,2026-09-28,2026-10-30,P,885.0,0,0,0.35864899169921877,179.35,144.68,148.13
QQQ,2026-09-28,2026-11-06,C,545.0,2,2,0.5920450952148439,202.37,194.74,198.2
QQQ,2026-09-28,2026-11-06,C,670.0,1,1,0.3422612161254882,80.61,74.71,76.77
QQQ,2026-09-28,2026-11-06,C,690.0,2,2,0.2837290866088866,61.29,56.73,57.38
QQQ,2026-09-28,2026-11-06,C,691.0,1,1,0.30152065673828127,60.22,55.91,57.93
QQQ,2026-09-28,2026-11-06,C,699.0,1,1,0.2695385546875,54.72,49.11,49.7
QQQ,2026-09-28,2026-11-06,C,700.0,3,3,0.2674176042175293,53.61,48.25,48.82
QQQ,2026-09-28,2026-11-06,C,705.0,4,4,0.2598340618896484,49.59,44.11,44.7
QQQ,2026-09-28,2026-11-06,C,707.0,6,6,0.2564771618652344,47.89,42.56,43.05
QQQ,2026-09-28,2026-11-06,C,710.0,21,21,0.2511671563720703,43.78,40.18,40.58
QQQ,2026-09-28,2026-11-06,C,712.0,1,1,0.2498396549987793,43.16,38.62,39.14
QQQ,2026-09-28,2026-11-06,C,715.0,8,2,0.2442702526855469,32.3,36.54,36.71
QQQ,2026-09-28,2026-11-06,C,717.0,1,1,0.24100490447998046,39.28,34.98,35.15
QQQ,2026-09-28,2026-11-06,C,718.0,1,1,0.23940274765014646,39.65,34.22,34.38
QQQ,2026-09-28,2026-11-06,C,720.0,25,6,0.23792265991210934,31.38,32.85,33.01
QQQ,2026-09-28,2026-11-06,C,724.0,3,1,0.23191075714111326,28.99,29.9,30.06
QQQ,2026-09-28,2026-11-06,C,725.0,5,1,0.23120885986328127,29.26,29.26,29.41
QQQ,2026-09-28,2026-11-06,C,727.0,26,3,0.2277604080200195,26.99,27.79,27.94
QQQ,2026-09-28,2026-11-06,C,728.0,2,2,0.22769937347412106,27.4,27.21,27.37
QQQ,2026-09-28,2026-11-06,C,730.0,27,50,0.22524273300170894,25.65,25.88,26.03
QQQ,2026-09-28,2026-11-06,C,731.0,3,4,0.22443402526855466,23.07,25.26,25.41
QQQ,2026-09-28,2026-11-06,C,732.0,23,1,0.22333540344238278,23.48,24.62,24.77
QQQ,2026-09-28,2026-11-06,C,733.0,15,20,0.22144333251953124,24.02,23.92,24.06
QQQ,2026-09-28,2026-11-06,C,734.0,7,2,0.220436262512207,23.4,23.3,23.44
QQQ,2026-09-28,2026-11-06,C,735.0,15,398,0.2186052261352539,22.78,22.64,22.75
QQQ,2026-09-28,2026-11-06,C,736.0,25,15,0.21826953613281247,22.0,22.07,22.21
QQQ,2026-09-28,2026-11-06,C,737.0,11,36,0.21660634475708007,20.56,21.41,21.55
QQQ,2026-09-28,2026-11-06,C,738.0,30,315,0.21611806838989256,20.87,20.87,21.01
QQQ,2026-09-28,2026-11-06,C,739.0,4,54,0.2150347052001953,20.27,20.28,20.42
QQQ,2026-09-28,2026-11-06,C,740.0,70,157,0.21407341110229489,19.53,19.71,19.85
QQQ,2026-09-28,2026-11-06,C,741.0,19,13,0.21303582382202146,18.43,19.13,19.28
QQQ,2026-09-28,2026-11-06,C,742.0,24,3,0.21192194335937498,17.68,18.58,18.71
QQQ,2026-09-28,2026-11-06,C,743.0,12,1,0.2108233215332031,16.7,18.01,18.15
QQQ,2026-09-28,2026-11-06,C,744.0,39,1,0.21015194152832029,17.3,17.51,17.64
QQQ,2026-09-28,2026-11-06,C,745.0,93,82,0.20890073333740228,16.95,16.94,17.08
QQQ,2026-09-28,2026-11-06,C,746.0,31,305,0.20734435241699217,15.73,16.38,16.5
QQQ,2026-09-28,2026-11-06,C,747.0,12,3,0.20673400695800775,13.56,15.9,16.02
QQQ,2026-09-28,2026-11-06,C,748.0,17,20,0.20584900604248046,14.82,15.39,15.52
QQQ,2026-09-28,2026-11-06,C,749.0,2,1,0.20487245330810544,12.67,14.9,15.02
QQQ,2026-09-28,2026-11-06,C,750.0,237,149,0.20359072784423826,13.19,14.4,14.5
QQQ,2026-09-28,2026-11-06,C,751.0,75,78,0.20273624420166014,12.29,13.92,14.03
QQQ,2026-09-28,2026-11-06,C,752.0,20,1,0.20223270919799802,13.05,13.49,13.6
QQQ,2026-09-28,2026-11-06,C,753.0,25,12,0.20131719100952145,11.6,13.03,13.14
QQQ,2026-09-28,2026-11-06,C,754.0,8,2,0.19998968963623048,11.83,12.55,12.65
QQQ,2026-09-28,2026-11-06,C,755.0,33,14,0.1995319305419922,11.51,12.13,12.25
QQQ,2026-09-28,2026-11-06,C,756.0,10,5,0.19855537780761717,10.59,11.7,11.81
QQQ,2026-09-28,2026-11-06,C,757.0,8,45,0.19814339462280273,11.01,11.34,11.43
QQQ,2026-09-28,2026-11-06,C,758.0,11,7,0.19742623870849607,10.83,10.94,11.03
QQQ,2026-09-28,2026-11-06,C,760.0,1561,97,0.19522899505615232,10.09,10.1,10.19
QQQ,2026-09-28,2026-11-06,C,761.0,7,3,0.1946796841430664,9.79,9.75,9.83
QQQ,2026-09-28,2026-11-06,C,762.0,16,5,0.19377942459106445,9.07,9.34,9.45
QQQ,2026-09-28,2026-11-06,C,763.0,21,2,0.19313856185913086,8.52,9.01,9.1
QQQ,2026-09-28,2026-11-06,C,765.0,66,9,0.191688991394043,7.76,8.31,8.41
QQQ,2026-09-28,2026-11-06,C,767.0,7,1,0.19054459365844728,8.06,7.7,7.78
QQQ,2026-09-28,2026-11-06,C,768.0,10,8,0.18988847229003908,6.66,7.4,7.47
QQQ,2026-09-28,2026-11-06,C,769.0,48,26,0.18940019592285157,6.26,7.11,7.18
QQQ,2026-09-28,2026-11-06,C,770.0,64,42,0.1886677813720703,6.59,6.8,6.88
QQQ,2026-09-28,2026-11-06,C,771.0,6,5,0.18808795318603516,6.06,6.52,6.6
QQQ,2026-09-28,2026-11-06,C,772.0,18,33,0.1875386422729492,5.77,6.25,6.33
QQQ,2026-09-28,2026-11-06,C,773.0,35,138,0.1870198486328125,5.55,6.0,6.07
QQQ,2026-09-28,2026-11-06,C,774.0,7,34,0.18668415863037108,5.26,5.75,5.83
QQQ,2026-09-28,2026-11-06,C,775.0,1097,279,0.18610433044433594,5.31,5.5,5.58
QQQ,2026-09-28,2026-11-06,C,780.0,208,151,0.1835103622436523,4.44,4.41,4.46
QQQ,2026-09-28,2026-11-06,C,785.0,242,160,0.18140467041015623,3.45,3.49,3.54
QQQ,2026-09-28,2026-11-06,C,790.0,492,93,0.18012294494628905,2.73,2.75,2.81
QQQ,2026-09-28,2026-11-06,C,795.0,339,47,0.1785360467529297,2.18,2.16,2.19
QQQ,2026-09-28,2026-11-06,C,800.0,370,81,0.17762052856445312,1.69,1.67,1.71
QQQ,2026-09-28,2026-11-06,C,805.0,72,26,0.17701018310546873,1.33,1.31,1.33
QQQ,2026-09-28,2026-11-06,C,810.0,48,73,0.1769491485595703,1.01,1.01,1.04
QQQ,2026-09-28,2026-11-06,C,815.0,73,25,0.17786466674804688,0.75,0.79,0.83
QQQ,2026-09-28,2026-11-06,C,820.0,80,131,0.17878018493652342,0.61,0.62,0.66
QQQ,2026-09-28,2026-11-06,C,825.0,87,20,0.17945156494140624,0.5,0.49,0.52
QQQ,2026-09-28,2026-11-06,C,830.0,5,5,0.1810384631347656,0.39,0.39,0.42
QQQ,2026-09-28,2026-11-06,C,835.0,2,26,0.18189294677734374,0.3,0.31,0.33
QQQ,2026-09-28,2026-11-06,C,850.0,10,58,0.187508125,0.16,0.15,0.18
QQQ,2026-09-28,2026-11-06,C,865.0,1,446,0.19336744140625,0.1,0.07,0.1
QQQ,2026-09-28,2026-11-06,C,870.0,1,195,0.19727365234375,0.07,0.06,0.09
QQQ,2026-09-28,2026-11-06,C,885.0,10,20,0.20606262695312497,0.1,0.02,0.06
QQQ,2026-09-28,2026-11-06,P,475.0,144,256,0.5224657128906249,0.16,0.15,0.16
QQQ,2026-09-28,2026-11-06,P,480.0,6,174,0.5195360546875,0.18,0.16,0.2
QQQ,2026-09-28,2026-11-06,P,485.0,3,214,0.5127001855468749,0.21,0.18,0.21
QQQ,2026-09-28,2026-11-06,P,500.0,9,24,0.49268085449218757,0.27,0.22,0.25
QQQ,2026-09-28,2026-11-06,P,520.0,5,4,0.463872548828125,0.37,0.3,0.33
QQQ,2026-09-28,2026-11-06,P,550.0,6,2,0.41919526123046874,0.48,0.46,0.49
QQQ,2026-09-28,2026-11-06,P,555.0,9,1,0.4101621484375,0.53,0.49,0.51
QQQ,2026-09-28,2026-11-06,P,565.0,24,1,0.39600213378906257,0.63,0.56,0.59
QQQ,2026-09-28,2026-11-06,P,570.0,11,6,0.3885559191894531,0.66,0.6,0.63
QQQ,2026-09-28,2026-11-06,P,575.0,32,2,0.38086556640624997,0.7,0.65,0.67
QQQ,2026-09-28,2026-11-06,P,580.0,39,2,0.37280900634765624,0.73,0.69,0.71
QQQ,2026-09-28,2026-11-06,P,590.0,102,28,0.358404853515625,0.89,0.8,0.82
QQQ,2026-09-28,2026-11-06,P,595.0,38,1,0.35108070800781244,0.9,0.86,0.88
QQQ,2026-09-28,2026-11-06,P,600.0,145,82,0.34400070068359373,0.94,0.93,0.95
QQQ,2026-09-28,2026-11-06,P,605.0,26,1,0.33667655517578127,1.12,0.99,1.02
QQQ,2026-09-28,2026-11-06,P,610.0,65,55,0.32996275512695306,1.19,1.07,1.11
QQQ,2026-09-28,2026-11-06,P,615.0,14,6,0.32294378234863275,1.24,1.17,1.2
QQQ,2026-09-28,2026-11-06,P,620.0,46,8,0.31592480957031244,1.36,1.27,1.3
QQQ,2026-09-28,2026-11-06,P,625.0,32,57,0.3089668713378906,1.48,1.39,1.41
QQQ,2026-09-28,2026-11-06,P,630.0,34,8,0.302314105834961,1.55,1.52,1.54
QQQ,2026-09-28,2026-11-06,P,635.0,32,33,0.295905478515625,1.85,1.66,1.69
QQQ,2026-09-28,2026-11-06,P,640.0,37,111,0.2893137475585937,1.85,1.82,1.85
QQQ,2026-09-28,2026-11-06,P,645.0,348,95,0.28278305114746094,2.03,2.0,2.03
QQQ,2026-09-28,2026-11-06,P,650.0,242,39,0.2765575274658203,2.51,2.2,2.24
QQQ,2026-09-28,2026-11-06,P,655.0,183,30,0.27045407287597656,2.76,2.44,2.48
QQQ,2026-09-28,2026-11-06,P,660.0,192,52,0.2638623419189453,2.77,2.69,2.73
QQQ,2026-09-28,2026-11-06,P,665.0,229,23,0.25775888732910157,3.03,2.99,3.03
QQQ,2026-09-28,2026-11-06,P,670.0,336,201,0.25196060546875,3.55,3.34,3.38
QQQ,2026-09-28,2026-11-06,P,675.0,226,118,0.24607077178955078,3.77,3.73,3.77
QQQ,2026-09-28,2026-11-06,P,680.0,351,140,0.24018093811035152,4.17,4.16,4.21
QQQ,2026-09-28,2026-11-06,P,685.0,515,49,0.23435213897705076,4.74,4.66,4.71
QQQ,2026-09-28,2026-11-06,P,686.0,37,6,0.2337417935180664,5.27,4.78,4.85
QQQ,2026-09-28,2026-11-06,P,687.0,18,7,0.23221592987060546,5.14,4.89,4.94
QQQ,2026-09-28,2026-11-06,P,688.0,17,6,0.23151403259277342,5.24,5.01,5.08
QQQ,2026-09-28,2026-11-06,P,689.0,16,4,0.2298966171264648,5.25,5.1,5.17
QQQ,2026-09-28,2026-11-06,P,690.0,459,82,0.22907265075683597,5.34,5.24,5.31
QQQ,2026-09-28,2026-11-06,P,691.0,76,219,0.22788247711181642,5.47,5.37,5.43
QQQ,2026-09-28,2026-11-06,P,692.0,14,5,0.2269364416503906,5.77,5.5,5.57
QQQ,2026-09-28,2026-11-06,P,693.0,48,2,0.2262650616455078,5.81,5.66,5.73
QQQ,2026-09-28,2026-11-06,P,694.0,12,19,0.22492230163574217,6.58,5.77,5.85
QQQ,2026-09-28,2026-11-06,P,695.0,467,99,0.223365920715332,6.04,5.9,5.96
QQQ,2026-09-28,2026-11-06,P,696.0,66,9,0.22266402343749997,6.8,6.06,6.13
QQQ,2026-09-28,2026-11-06,P,697.0,17,113,0.22147384979248047,6.3,6.2,6.27
QQQ,2026-09-28,2026-11-06,P,698.0,133,5,0.22022264160156246,6.99,6.34,6.41
QQQ,2026-09-28,2026-11-06,P,699.0,13,121,0.21949022705078125,7.24,6.51,6.59
QQQ,2026-09-28,2026-11-06,P,700.0,318,131,0.2181474670410156,6.75,6.67,6.73
QQQ,2026-09-28,2026-11-06,P,701.0,7,4,0.2172929833984375,7.34,6.82,6.91
QQQ,2026-09-28,2026-11-06,P,702.0,19,13,0.21610280975341795,6.86,7.0,7.07
QQQ,2026-09-28,2026-11-06,P,703.0,15,4,0.21541617111206057,8.06,7.18,7.27
QQQ,2026-09-28,2026-11-06,P,704.0,35,2,0.21411918701171873,7.24,7.35,7.43
QQQ,2026-09-28,2026-11-06,P,705.0,129,37,0.21302056518554688,7.58,7.54,7.61
QQQ,2026-09-28,2026-11-06,P,706.0,14,11,0.2121355642700195,8.4,7.72,7.81
QQQ,2026-09-28,2026-11-06,P,707.0,35,15,0.2109301319885254,8.67,7.91,7.99
QQQ,2026-09-28,2026-11-06,P,709.0,55,36,0.20883969879150388,8.08,8.31,8.39
QQQ,2026-09-28,2026-11-06,P,710.0,213,166,0.20795469787597654,8.84,8.52,8.61
QQQ,2026-09-28,2026-11-06,P,711.0,8,4,0.20700866241455074,9.77,8.73,8.83
QQQ,2026-09-28,2026-11-06,P,712.0,20,5,0.20562012649536132,8.91,8.92,9.02
QQQ,2026-09-28,2026-11-06,P,713.0,35,35,0.2046588323974609,10.21,9.16,9.25
QQQ,2026-09-28,2026-11-06,P,714.0,15,23,0.20374331420898437,9.5,9.4,9.49
QQQ,2026-09-28,2026-11-06,P,715.0,81,42,0.20313296874999998,9.75,9.65,9.76
QQQ,2026-09-28,2026-11-06,P,716.0,7,4,0.2018512432861328,9.75,9.88,9.98
QQQ,2026-09-28,2026-11-06,P,717.0,21,5,0.2007221041870117,11.17,10.13,10.22
QQQ,2026-09-28,2026-11-06,P,718.0,34,8,0.19965399963378905,10.78,10.38,10.47
QQQ,2026-09-28,2026-11-06,P,719.0,22,2,0.1982807223510742,10.44,10.6,10.7
QQQ,2026-09-28,2026-11-06,P,720.0,3239,133,0.19763985961914063,11.1,10.9,11.0
QQQ,2026-09-28,2026-11-06,P,721.0,22,64,0.1968158932495117,12.25,11.18,11.29
QQQ,2026-09-28,2026-11-06,P,722.0,39,8,0.1957935646057129,12.47,11.46,11.57
QQQ,2026-09-28,2026-11-06,P,723.0,6,7,0.19446606323242188,12.57,11.73,11.83
QQQ,2026-09-28,2026-11-06,P,724.0,50,2,0.19341321731567385,12.93,12.0,12.12
QQQ,2026-09-28,2026-11-06,P,725.0,139,21,0.19249769912719727,12.88,12.32,12.43
QQQ,2026-09-28,2026-11-06,P,726.0,5,18,0.19171950866699222,13.44,12.65,12.76
QQQ,2026-09-28,2026-11-06,P,727.0,111,4,0.19042252456665043,13.82,12.94,13.05
QQQ,2026-09-28,2026-11-06,P,728.0,35,2,0.1891560577392578,14.22,13.25,13.35
QQQ,2026-09-28,2026-11-06,P,729.0,52,7,0.18814898773193356,14.48,13.58,13.68
QQQ,2026-09-28,2026-11-06,P,730.0,328,326,0.18746234909057619,14.01,13.96,14.05
QQQ,2026-09-28,2026-11-06,P,731.0,19,8,0.18616536499023437,15.27,14.25,14.37
QQQ,2026-09-28,2026-11-06,P,732.0,11,7,0.18584493362426757,15.5,14.66,14.79
QQQ,2026-09-28,2026-11-06,P,733.0,43,5,0.1842732940673828,16.02,14.98,15.1
QQQ,2026-09-28,2026-11-06,P,734.0,37,6,0.18399863861083982,15.74,15.41,15.54
QQQ,2026-09-28,2026-11-06,P,735.0,78,34,0.18245751632690427,15.99,15.74,15.87
QQQ,2026-09-28,2026-11-06,P,736.0,77,35,0.1815572567749023,16.2,16.13,16.27
QQQ,2026-09-28,2026-11-06,P,737.0,223,154,0.1803670831298828,16.64,16.53,16.65
QQQ,2026-09-28,2026-11-06,P,738.0,88,188,0.1794057890319824,17.19,16.94,17.06
QQQ,2026-09-28,2026-11-06,P,739.0,110,194,0.1788564781188965,17.42,17.38,17.52
QQQ,2026-09-28,2026-11-06,P,740.0,173,120,0.17739164901733395,18.04,17.78,17.9
QQQ,2026-09-28,2026-11-06,P,741.0,472,14,0.1764456135559082,18.51,18.19,18.34
QQQ,2026-09-28,2026-11-06,P,742.0,97,4,0.17603363037109376,18.91,18.71,18.84
QQQ,2026-09-28,2026-11-06,P,743.0,19,42,0.1744772494506836,17.6,19.11,19.24
QQQ,2026-09-28,2026-11-06,P,744.0,215,137,0.17311923080444336,19.85,19.53,19.67
QQQ,2026-09-28,2026-11-06,P,745.0,48,148,0.1726156958007813,20.29,20.04,20.19
QQQ,2026-09-28,2026-11-06,P,746.0,17,47,0.17147129806518557,18.6,20.51,20.66
QQQ,2026-09-28,2026-11-06,P,747.0,3,5,0.17032690032958986,19.11,20.99,21.14
QQQ,2026-09-28,2026-11-06,P,748.0,3,3,0.16993017578125003,19.57,21.56,21.7
QQQ,2026-09-28,2026-11-06,P,750.0,12,2,0.16753456985473636,24.02,22.55,22.7
QQQ,2026-09-28,2026-11-06,P,755.0,1,50,0.16333844482421878,26.62,25.38,25.55
QQQ,2026-09-28,2026-11-06,P,760.0,1,14,0.15696033477783206,29.31,28.31,28.48
QQQ,2026-09-28,2026-11-06,P,765.0,9,8,0.1534355897521973,34.07,31.74,31.92
QQQ,2026-09-28,2026-11-06,P,775.0,1010,20,0.14231204376220702,38.92,38.69,39.3
QQQ,2026-09-28,2026-11-20,C,350.0,25,45,1.0421190472412112,391.61,388.91,392.55
QQQ,2026-09-28,2026-11-20,C,355.0,2,0,1.0351610742187503,385.89,384.15,387.6
QQQ,2026-09-28,2026-11-20,C,360.0,1,1,1.0000000000000003e-05,316.78,359.33,363.02
QQQ,2026-09-28,2026-11-20,C,365.0,1,0,1.0042774395751952,353.51,374.21,377.66
QQQ,2026-09-28,2026-11-20,C,370.0,38,39,0.9880372290039063,352.21,369.19,372.71
QQQ,2026-09-28,2026-11-20,C,380.0,6,1,0.9604496142578124,364.08,359.32,362.77
QQQ,2026-09-28,2026-11-20,C,390.0,0,0,1.0000000000000003e-05,330.02,0.0,0.0
QQQ,2026-09-28,2026-11-20,C,400.0,10,380,0.9041757629394531,339.95,339.47,342.93
QQQ,2026-09-28,2026-11-20,C,405.0,2,1,0.8898936791992187,335.83,334.5,337.96
QQQ,2026-09-28,2026-11-20,C,410.0,6,5,0.875977802734375,311.7,329.54,332.99
QQQ,2026-09-28,2026-11-20,C,420.0,4,3,0.84961087890625,324.65,319.62,323.09
QQQ,2026-09-28,2026-11-20,C,425.0,5,5,0.8314225842285154,293.61,314.5,318.11
QQQ,2026-09-28,2026-11-20,C,430.0,3,1,0.8225115405273438,314.58,309.7,313.15
QQQ,2026-09-28,2026-11-20,C,435.0,0,1,1.0000000000000003e-05,295.15,0.0,0.0
QQQ,2026-09-28,2026-11-20,C,440.0,11,11,0.7968159967041015,278.65,299.79,303.24
QQQ,2026-09-28,2026-11-20,C,445.0,1,1,0.7838156384277344,296.84,294.83,298.28
QQQ,2026-09-28,2026-11-20,C,450.0,0,1,1.0000000000000003e-05,267.98,0.0,0.0
QQQ,2026-09-28,2026-11-20,C,455.0,0,0,1.0000000000000003e-05,268.27,0.0,0.0
QQQ,2026-09-28,2026-11-20,C,460.0,50,50,0.7462183581542969,288.0,279.97,283.42
QQQ,2026-09-28,2026-11-20,C,465.0,7,5,0.7338893798828124,257.3,275.02,278.47
QQQ,2026-09-28,2026-11-20,C,475.0,1,0,0.7097196997070312,270.65,265.13,268.57
QQQ,2026-09-28,2026-11-20,C,480.0,85,4,0.6976348596191408,255.33,260.16,263.64
QQQ,2026-09-28,2026-11-20,C,485.0,28,1,0.6853058813476562,224.07,255.22,258.67
QQQ,2026-09-28,2026-11-20,C,490.0,7,1,0.6734651794433595,252.28,250.27,253.73
QQQ,2026-09-28,2026-11-20,C,495.0,27,1,0.661685512084961,213.29,245.33,248.78
QQQ,2026-09-28,2026-11-20,C,500.0,106,9,0.6502720520019531,248.08,240.38,243.86
QQQ,2026-09-28,2026-11-20,C,505.0,6,5,0.6384923846435546,229.65,235.45,238.9
QQQ,2026-09-28,2026-11-20,C,510.0,78,75,0.6269568554687501,231.61,230.51,233.96
QQQ,2026-09-28,2026-11-20,C,515.0,4,1,0.6154213262939454,199.22,225.57,229.02
QQQ,2026-09-28,2026-11-20,C,520.0,6,5,0.6042520043945314,223.29,220.64,224.09
QQQ,2026-09-28,2026-11-20,C,525.0,96,56,0.5917399224853517,216.63,215.7,219.09
QQQ,2026-09-28,2026-11-20,C,530.0,5,1,0.5799602551269532,213.6,210.77,214.12
QQQ,2026-09-28,2026-11-20,C,535.0,1,0,1.0000000000000003e-05,144.01,187.01,190.8
QQQ,2026-09-28,2026-11-20,C,540.0,336,4,0.5600019586181642,209.81,200.92,204.4
QQQ,2026-09-28,2026-11-20,C,545.0,1,0,1.0000000000000003e-05,141.0,177.28,180.92
QQQ,2026-09-28,2026-11-20,C,550.0,26,3,0.5143481182861327,193.0,191.08,193.0
QQQ,2026-09-28,2026-11-20,C,555.0,0,4,1.0000000000000003e-05,176.72,0.0,0.0
QQQ,2026-09-28,2026-11-20,C,560.0,33,12,0.5164843273925781,179.68,181.26,184.72
QQQ,2026-09-28,2026-11-20,C,565.0,19,2,0.5060474200439453,174.79,176.36,179.82
QQQ,2026-09-28,2026-11-20,C,570.0,14,1,0.5378769357299805,179.2,171.46,174.94
QQQ,2026-09-28,2026-11-20,C,575.0,28,1,0.5228929547119141,169.06,166.57,169.89
QQQ,2026-09-28,2026-11-20,C,580.0,12,1,0.5143176010131835,164.27,161.67,165.13
QQQ,2026-09-28,2026-11-20,C,585.0,9,2,0.5030262100219728,160.7,156.79,160.25
QQQ,2026-09-28,2026-11-20,C,590.0,26,3,0.4918874053955079,152.02,151.91,155.38
QQQ,2026-09-28,2026-11-20,C,595.0,4,3,0.48071808349609374,146.02,147.05,150.51
QQQ,2026-09-28,2026-11-20,C,600.0,245,1,0.47022014160156256,142.36,142.19,145.68
QQQ,2026-09-28,2026-11-20,C,605.0,12,1,0.4402216622924804,142.91,137.34,139.85
QQQ,2026-09-28,2026-11-20,C,610.0,98,3,0.431219066772461,140.43,132.52,135.08
QQQ,2026-09-28,2026-11-20,C,615.0,16,3,0.41998871032714846,133.86,127.68,130.2
QQQ,2026-09-28,2026-11-20,C,620.0,192,1,0.40903300933837883,129.55,122.89,125.34
QQQ,2026-09-28,2026-11-20,C,625.0,30,1,0.39990834472656256,119.68,118.08,120.59
QQQ,2026-09-28,2026-11-20,C,630.0,36,2,0.3890441955566406,115.03,114.92,115.75
QQQ,2026-09-28,2026-11-20,C,635.0,571,1,0.379889013671875,108.31,108.56,111.02
QQQ,2026-09-28,2026-11-20,C,640.0,247,5,0.37079486633300784,105.59,103.83,106.31
QQQ,2026-09-28,2026-11-20,C,645.0,112,1,0.36035795898437495,99.2,100.75,101.53
QQQ,2026-09-28,2026-11-20,C,650.0,299,10,0.3519657089233398,96.75,96.13,96.9
QQQ,2026-09-28,2026-11-20,C,655.0,51,1,0.34207811248779296,89.38,91.45,92.19
QQQ,2026-09-28,2026-11-20,C,660.0,564,1,0.3338994833374024,85.09,85.2,87.62
QQQ,2026-09-28,2026-11-20,C,665.0,127,1,0.3250494741821288,79.27,82.31,83.03
QQQ,2026-09-28,2026-11-20,C,670.0,242,15,0.3167030000305175,77.06,77.82,78.51
QQQ,2026-09-28,2026-11-20,C,675.0,697,2,0.30918049224853517,71.62,73.39,74.09
QQQ,2026-09-28,2026-11-20,C,677.0,3,1,0.30548790222167965,69.07,71.53,72.28
QQQ,2026-09-28,2026-11-20,C,678.0,6,4,0.30307703765869143,69.71,70.64,71.33
QQQ,2026-09-28,2026-11-20,C,680.0,520,3,0.30014737945556635,68.56,68.94,69.59
QQQ,2026-09-28,2026-11-20,C,684.0,3,1,0.2940134075927734,65.91,65.46,66.11
QQQ,2026-09-28,2026-11-20,C,685.0,427,1,0.2923959921264647,64.84,64.6,65.24
QQQ,2026-09-28,2026-11-20,C,688.0,2,1,0.28804728073120106,61.09,62.02,62.68
QQQ,2026-09-28,2026-11-20,C,690.0,2398,2,0.28531598480224607,59.58,60.41,61.0
QQQ,2026-09-28,2026-11-20,C,691.0,3,1,0.283912190246582,59.65,59.55,60.16
QQQ,2026-09-28,2026-11-20,C,693.0,3,3,0.28089098022460934,53.37,57.79,58.47
QQQ,2026-09-28,2026-11-20,C,694.0,4,3,0.27960925476074217,52.53,57.03,57.65
QQQ,2026-09-28,2026-11-20,C,695.0,675,6,0.2779918392944336,58.18,56.21,56.8
QQQ,2026-09-28,2026-11-20,C,696.0,6,8,0.2764354583740234,56.87,55.39,55.96
QQQ,2026-09-28,2026-11-20,C,698.0,6,5,0.2735668347167969,53.73,53.75,54.31
QQQ,2026-09-28,2026-11-20,C,699.0,5,5,0.2718273501586914,50.21,52.86,53.46
QQQ,2026-09-28,2026-11-20,C,700.0,2177,551,0.26963010650634767,51.51,52.09,52.57
QQQ,2026-09-28,2026-11-20,C,701.0,11,1,0.268989243774414,52.02,51.27,51.83
QQQ,2026-09-28,2026-11-20,C,702.0,13,6,0.26798217376708977,46.99,50.51,51.06
QQQ,2026-09-28,2026-11-20,C,704.0,12,11,0.264655791015625,47.72,48.92,49.4
QQQ,2026-09-28,2026-11-20,C,705.0,2222,2,0.26212285736083984,48.61,48.21,48.49
QQQ,2026-09-28,2026-11-20,C,706.0,14,1,0.2604901832580566,46.15,47.39,47.67
QQQ,2026-09-28,2026-11-20,C,708.0,42,1,0.25801828414917,45.88,45.86,46.12
QQQ,2026-09-28,2026-11-20,C,710.0,3215,15,0.25450879776000984,44.37,44.23,44.48
QQQ,2026-09-28,2026-11-20,C,712.0,23,1,0.2523420713806152,41.55,42.82,42.99
QQQ,2026-09-28,2026-11-20,C,713.0,17,1,0.2511518977355957,41.94,42.07,42.24
QQQ,2026-09-28,2026-11-20,C,715.0,2131,4,0.2486342227172852,38.85,40.57,40.74
QQQ,2026-09-28,2026-11-20,C,716.0,9,10,0.2467421517944336,39.79,39.77,39.93
QQQ,2026-09-28,2026-11-20,C,717.0,22,6,0.24625387542724608,37.71,39.11,39.27
QQQ,2026-09-28,2026-11-20,C,718.0,7,1,0.2447585290527344,37.35,38.35,38.51
QQQ,2026-09-28,2026-11-20,C,719.0,4,7,0.24323266540527344,38.42,37.59,37.75
QQQ,2026-09-28,2026-11-20,C,720.0,11434,40,0.24268335449218748,36.93,36.93,37.1
QQQ,2026-09-28,2026-11-20,C,721.0,5,6,0.24163050857543944,36.33,36.24,36.4
QQQ,2026-09-28,2026-11-20,C,722.0,9,9,0.24005886901855467,35.05,35.49,35.65
QQQ,2026-09-28,2026-11-20,C,723.0,23,1,0.23854826400756834,34.72,34.75,34.91
QQQ,2026-09-28,2026-11-20,C,724.0,3,3,0.23810576354980467,32.95,34.13,34.29
QQQ,2026-09-28,2026-11-20,C,725.0,6163,2,0.23696136581420896,32.33,33.44,33.6
QQQ,2026-09-28,2026-11-20,C,726.0,6,1,0.23520662261962888,32.62,32.69,32.85
QQQ,2026-09-28,2026-11-20,C,727.0,11,3,0.23479463943481443,31.61,32.09,32.25
QQQ,2026-09-28,2026-11-20,C,728.0,5,5,0.23314670669555665,36.75,31.37,31.52
QQQ,2026-09-28,2026-11-20,C,729.0,14,16,0.23235325759887693,29.25,30.74,30.89
QQQ,2026-09-28,2026-11-20,C,730.0,15679,124,0.2316055844116211,30.09,30.11,30.27
QQQ,2026-09-28,2026-11-20,C,731.0,25,1,0.23026282440185547,30.16,29.44,29.59
QQQ,2026-09-28,2026-11-20,C,732.0,159,315,0.22959144439697265,28.5,28.84,28.99
QQQ,2026-09-28,2026-11-20,C,733.0,17,10,0.2283249775695801,27.1,28.18,28.33
QQQ,2026-09-28,2026-11-20,C,734.0,18,4,0.22682963119506833,27.54,27.49,27.65
QQQ,2026-09-28,2026-11-20,C,735.0,2085,248,0.2262650616455078,27.03,26.94,27.08
QQQ,2026-09-28,2026-11-20,C,736.0,127,35,0.22538006072998046,26.3,26.34,26.48
QQQ,2026-09-28,2026-11-20,C,737.0,370,37,0.2241746284484863,25.77,25.7,25.85
QQQ,2026-09-28,2026-11-20,C,738.0,244,413,0.22309126525878903,24.43,25.1,25.24
QQQ,2026-09-28,2026-11-20,C,739.0,42,32,0.2225877302551269,24.56,24.56,24.7
QQQ,2026-09-28,2026-11-20,C,740.0,7746,965,0.22130600479125978,23.83,23.95,24.08
QQQ,2026-09-28,2026-11-20,C,741.0,83,12,0.22032945205688476,23.24,23.36,23.5
QQQ,2026-09-28,2026-11-20,C,742.0,58,7,0.21938341659545896,22.45,22.8,22.93
QQQ,2026-09-28,2026-11-20,C,743.0,64,67,0.2181932429504394,22.17,22.21,22.34
QQQ,2026-09-28,2026-11-20,C,744.0,102,12,0.2178422943115234,21.55,21.7,21.85
QQQ,2026-09-28,2026-11-20,C,745.0,3592,315,0.216179102935791,21.1,21.09,21.22
QQQ,2026-09-28,2026-11-20,C,746.0,120,22,0.2159807406616211,19.74,20.63,20.76
QQQ,2026-09-28,2026-11-20,C,747.0,240,53,0.21491263610839845,20.12,20.09,20.21
QQQ,2026-09-28,2026-11-20,C,748.0,139,24,0.21414970428466795,18.51,19.58,19.7
QQQ,2026-09-28,2026-11-20,C,749.0,158,27,0.21323418609619144,18.46,19.07,19.18
QQQ,2026-09-28,2026-11-20,C,750.0,16812,699,0.21253228881835937,18.61,18.61,18.69
QQQ,2026-09-28,2026-11-20,C,751.0,86,3,0.21175409835815429,17.41,18.07,18.2
QQQ,2026-09-28,2026-11-20,C,752.0,116,2,0.21038082107543943,16.8,17.55,17.65
QQQ,2026-09-28,2026-11-20,C,753.0,152,13,0.20975521697998045,16.5,17.08,17.19
QQQ,2026-09-28,2026-11-20,C,754.0,172,112,0.209343233795166,16.33,16.67,16.76
QQQ,2026-09-28,2026-11-20,C,755.0,3473,1762,0.20850400878906244,16.19,16.21,16.29
QQQ,2026-09-28,2026-11-20,C,756.0,63,1,0.20723754196166988,15.6,15.69,15.78
QQQ,2026-09-28,2026-11-20,C,757.0,54,20,0.2069018519592285,14.53,15.28,15.38
QQQ,2026-09-28,2026-11-20,C,758.0,74,26,0.20586426467895508,14.32,14.78,14.91
QQQ,2026-09-28,2026-11-20,C,759.0,57,10,0.2051318501281738,13.62,14.38,14.48
QQQ,2026-09-28,2026-11-20,C,760.0,28963,247,0.204811418762207,13.86,14.03,14.1
QQQ,2026-09-28,2026-11-20,C,761.0,40,37,0.20412478012084956,12.83,13.6,13.69
QQQ,2026-09-28,2026-11-20,C,762.0,124,15,0.20310245147705075,12.72,13.16,13.25
QQQ,2026-09-28,2026-11-20,C,763.0,40,21,0.20276676147460934,11.93,12.8,12.89
QQQ,2026-09-28,2026-11-20,C,764.0,46,225,0.20197331237792968,11.83,12.41,12.49
QQQ,2026-09-28,2026-11-20,C,765.0,13456,48,0.20131719100952145,11.7,12.03,12.11
QQQ,2026-09-28,2026-11-20,C,766.0,35,1,0.20078313873291015,11.17,11.67,11.75
QQQ,2026-09-28,2026-11-20,C,767.0,42,43,0.2001880519104004,11.27,11.32,11.39
QQQ,2026-09-28,2026-11-20,C,768.0,46,7,0.19962348236083982,10.36,10.96,11.04
QQQ,2026-09-28,2026-11-20,C,769.0,19,4,0.1990741714477539,10.07,10.63,10.7
QQQ,2026-09-28,2026-11-20,C,770.0,18117,185,0.1984790846252441,10.28,10.29,10.36
QQQ,2026-09-28,2026-11-20,C,771.0,49,12,0.19770089416503905,9.33,9.93,10.01
QQQ,2026-09-28,2026-11-20,C,772.0,42,11,0.19725839370727538,9.03,9.63,9.7
QQQ,2026-09-28,2026-11-20,C,773.0,171,1,0.19686166915893555,8.99,9.32,9.4
QQQ,2026-09-28,2026-11-20,C,774.0,140,33,0.1962818409729004,8.53,9.02,9.09
QQQ,2026-09-28,2026-11-20,C,775.0,34583,436,0.19574778869628906,8.75,8.74,8.79
QQQ,2026-09-28,2026-11-20,C,776.0,59,16,0.19535106414794923,8.06,8.43,8.51
QQQ,2026-09-28,2026-11-20,C,777.0,57,47,0.19489330505371094,7.5,8.16,8.23
QQQ,2026-09-28,2026-11-20,C,778.0,48,47,0.19425244232177735,7.81,7.88,7.94
QQQ,2026-09-28,2026-11-20,C,779.0,73,115,0.19387097640991213,7.2,7.62,7.68
QQQ,2026-09-28,2026-11-20,C,780.0,15885,1255,0.1935352864074707,7.36,7.36,7.43
QQQ,2026-09-28,2026-11-20,C,781.0,48,49,0.19290968231201172,7.12,7.1,7.16
QQQ,2026-09-28,2026-11-20,C,782.0,64,14,0.19266554412841796,6.37,6.85,6.93
QQQ,2026-09-28,2026-11-20,C,783.0,84,14,0.1922383023071289,6.57,6.63,6.69
QQQ,2026-09-28,2026-11-20,C,784.0,41,1,0.19173476730346684,6.34,6.39,6.45
QQQ,2026-09-28,2026-11-20,C,785.0,2734,100,0.1914143359375,6.18,6.15,6.23
QQQ,2026-09-28,2026-11-20,C,786.0,48,11,0.19101761138916018,5.5,5.95,6.01
QQQ,2026-09-28,2026-11-20,C,787.0,83,5,0.19068192138671874,5.59,5.74,5.8
QQQ,2026-09-28,2026-11-20,C,788.0,29,3,0.1902699382019043,5.6,5.54,5.59
QQQ,2026-09-28,2026-11-20,C,789.0,51,9,0.1900410586547852,5.36,5.33,5.4
QQQ,2026-09-28,2026-11-20,C,790.0,11094,3440,0.18964433410644532,5.15,5.15,5.2
QQQ,2026-09-28,2026-11-20,C,791.0,132,41,0.18927812683105472,4.98,4.95,5.01
QQQ,2026-09-28,2026-11-20,C,792.0,73,39,0.18885088500976563,4.44,4.78,4.82
QQQ,2026-09-28,2026-11-20,C,793.0,88,40,0.18863726409912107,4.42,4.61,4.65
QQQ,2026-09-28,2026-11-20,C,794.0,97,64,0.188484677734375,4.18,4.43,4.49
QQQ,2026-09-28,2026-11-20,C,795.0,2012,397,0.18799640136718748,4.28,4.26,4.31
QQQ,2026-09-28,2026-11-20,C,796.0,125,44,0.1878438150024414,3.81,4.11,4.16
QQQ,2026-09-28,2026-11-20,C,797.0,34,31,0.187508125,3.92,3.96,4.0
QQQ,2026-09-28,2026-11-20,C,798.0,114,8,0.1875386422729492,3.3,3.82,3.87
QQQ,2026-09-28,2026-11-20,C,799.0,88,163,0.18705036590576174,3.37,3.66,3.71
QQQ,2026-09-28,2026-11-20,C,800.0,10382,737,0.18665364135742188,3.56,3.54,3.56
QQQ,2026-09-28,2026-11-20,C,805.0,2498,282,0.1857686404418945,2.8,2.91,2.94
QQQ,2026-09-28,2026-11-20,C,810.0,4113,1643,0.185280364074707,2.24,2.4,2.43
QQQ,2026-09-28,2026-11-20,C,815.0,1162,93,0.1846395013427734,1.8,1.96,1.99
QQQ,2026-09-28,2026-11-20,C,820.0,4225,21,0.18457846679687498,1.52,1.61,1.64
QQQ,2026-09-28,2026-11-20,C,825.0,2051,28,0.18494467407226559,1.3,1.33,1.36
QQQ,2026-09-28,2026-11-20,C,830.0,1109,49,0.1848226049804687,1.01,1.09,1.11
QQQ,2026-09-28,2026-11-20,C,835.0,3835,127,0.1854329504394531,0.93,0.9,0.92
QQQ,2026-09-28,2026-11-20,C,840.0,4980,67,0.18640950317382812,0.64,0.74,0.77
QQQ,2026-09-28,2026-11-20,C,845.0,1714,14,0.18677571044921876,0.62,0.61,0.63
QQQ,2026-09-28,2026-11-20,C,850.0,2194,380,0.18799640136718748,0.53,0.5,0.53
QQQ,2026-09-28,2026-11-20,C,855.0,424,12,0.18885088500976563,0.42,0.42,0.44
QQQ,2026-09-28,2026-11-20,C,860.0,1435,24,0.1901936450195313,0.33,0.35,0.37
QQQ,2026-09-28,2026-11-20,C,865.0,341,28,0.1914143359375,0.28,0.29,0.31
QQQ,2026-09-28,2026-11-20,C,870.0,880,2,0.19361157958984376,0.28,0.24,0.27
QQQ,2026-09-28,2026-11-20,C,875.0,179,1,0.19507640869140624,0.24,0.2,0.23
QQQ,2026-09-28,2026-11-20,C,880.0,2382,4,0.1958088232421875,0.2,0.16,0.19
QQQ,2026-09-28,2026-11-20,C,885.0,269,3,0.19727365234375,0.13,0.14,0.16
QQQ,2026-09-28,2026-11-20,C,890.0,1183,65,0.1992267578125,0.11,0.11,0.14
QQQ,2026-09-28,2026-11-20,C,895.0,153,4,0.20093572509765623,0.11,0.09,0.12
QQQ,2026-09-28,2026-11-20,C,900.0,2612,8,0.2016681396484375,0.07,0.08,0.1
QQQ,2026-09-28,2026-11-20,C,905.0,1132,701,0.20459779785156246,0.07,0.06,0.09
QQQ,2026-09-28,2026-11-20,C,910.0,837,1,0.20655090332031245,0.08,0.05,0.08
QQQ,2026-09-28,2026-11-20,C,915.0,91,1,0.20850400878906244,0.08,0.04,0.07
QQQ,2026-09-28,2026-11-20,C,920.0,1273,3,0.20996883789062498,0.07,0.03,0.06
QQQ,2026-09-28,2026-11-20,C,925.0,61,2,0.2148516015625,0.19,0.02,0.06
QQQ,2026-09-28,2026-11-20,C,930.0,148,1,0.215828154296875,0.08,0.02,0.05
QQQ,2026-09-28,2026-11-20,C,935.0,128,4,0.21973436523437498,0.11,0.01,0.05
QQQ,2026-09-28,2026-11-20,C,940.0,1356,20,0.21973436523437498,0.01,0.01,0.04
QQQ,2026-09-28,2026-11-20,C,945.0,68,1,0.22364057617187497,0.07,0.01,0.04
QQQ,2026-09-28,2026-11-20,C,950.0,2584,3,0.22852333984375,0.03,0.01,0.04
QQQ,2026-09-28,2026-11-20,C,955.0,703,1,0.22657023437499998,0.01,0.0,0.03
QQQ,2026-09-28,2026-11-20,C,960.0,1138,507,0.2304764453125,0.04,0.0,0.03
QQQ,2026-09-28,2026-11-20,C,965.0,422,1,0.23438265625,0.03,0.0,0.03
QQQ,2026-09-28,2026-11-20,C,970.0,884,14,0.23926541992187497,0.02,0.0,0.03
QQQ,2026-09-28,2026-11-20,C,975.0,565,20,0.243171630859375,0.02,0.0,0.03
QQQ,2026-09-28,2026-11-20,C,980.0,603,20,0.247077841796875,0.02,0.0,0.03
QQQ,2026-09-28,2026-11-20,C,985.0,707,1,0.25098405273437496,0.02,0.0,0.03
QQQ,2026-09-28,2026-11-20,C,990.0,374,1,0.2461012890625,0.02,0.0,0.02
QQQ,2026-09-28,2026-11-20,C,995.0,793,20,0.2500075,0.02,0.0,0.02
QQQ,2026-09-28,2026-11-20,C,1000.0,16541,5,0.25391371093750004,0.03,0.0,0.02
QQQ,2026-09-28,2026-11-20,C,1005.0,7,3,0.257819921875,0.04,0.0,0.02
QQQ,2026-09-28,2026-11-20,C,1010.0,2,1,0.2617261328125,0.03,0.0,0.02
QQQ,2026-09-28,2026-11-20,C,1015.0,0,0,0.12500875,0.18,0.0,0.0
QQQ,2026-09-28,2026-11-20,C,1020.0,12,2,0.2695385546875,0.03,0.0,0.02
QQQ,2026-09-28,2026-11-20,C,1025.0,0,0,0.12500875,0.13,0.0,0.0
QQQ,2026-09-28,2026-11-20,C,1030.0,0,1,0.12500875,0.09,0.0,0.0
QQQ,2026-09-28,2026-11-20,C,1035.0,0,0,0.12500875,0.09,0.0,0.0
QQQ,2026-09-28,2026-11-20,C,1040.0,33,80,0.2929758203124999,0.02,0.0,0.03
QQQ,2026-09-28,2026-11-20,C,1045.0,45,80,0.29688203124999996,0.02,0.0,0.03
QQQ,2026-09-28,2026-11-20,C,1050.0,0,4,0.12500875,0.04,0.0,0.0
QQQ,2026-09-28,2026-11-20,C,1055.0,0,5,0.12500875,0.11,0.0,0.0
QQQ,2026-09-28,2026-11-20,C,1060.0,0,10,0.12500875,0.05,0.0,0.0
QQQ,2026-09-28,2026-11-20,C,1065.0,2,0,0.32617861328125,0.14,0.0,0.05
QQQ,2026-09-28,2026-11-20,C,1070.0,0,305,0.2500075,0.05,0.0,0.0
QQQ,2026-09-28,2026-11-20,C,1075.0,0,10,0.2500075,0.06,0.0,0.0
QQQ,2026-09-28,2026-11-20,C,1080.0,2023,1,0.32227240234374993,0.02,0.0,0.03
QQQ,2026-09-28,2026-11-20,C,1085.0,27864,6,0.32617861328125,0.03,0.0,0.03
QQQ,2026-09-28,2026-11-20,P,350.0,1518,22,0.6660189648437502,0.08,0.05,0.07
QQQ,2026-09-28,2026-11-20,P,355.0,319,1,0.6630893066406252,0.08,0.06,0.08
QQQ,2026-09-28,2026-11-20,P,360.0,527,60,0.6552768847656252,0.09,0.06,0.09
QQQ,2026-09-28,2026-11-20,P,365.0,258,10,0.6435582519531251,0.09,0.06,0.09
QQQ,2026-09-28,2026-11-20,P,370.0,421,14,0.63867548828125,0.1,0.07,0.1
QQQ,2026-09-28,2026-11-20,P,375.0,171,6,0.63086306640625,0.12,0.08,0.1
QQQ,2026-09-28,2026-11-20,P,380.0,361,5,0.62305064453125,0.11,0.08,0.11
QQQ,2026-09-28,2026-11-20,P,385.0,117,20,0.6171913281250001,0.12,0.09,0.12
QQQ,2026-09-28,2026-11-20,P,390.0,711,1,0.6084023535156251,0.11,0.09,0.13
QQQ,2026-09-28,2026-11-20,P,395.0,102,1,0.6025430371093752,0.18,0.11,0.13
QQQ,2026-09-28,2026-11-20,P,400.0,517,3,0.59570716796875,0.14,0.12,0.14
QQQ,2026-09-28,2026-11-20,P,405.0,14,2,0.5888712988281251,0.17,0.13,0.15
QQQ,2026-09-28,2026-11-20,P,410.0,183,1,0.5820354296875,0.17,0.14,0.16
QQQ,2026-09-28,2026-11-20,P,415.0,100,1,0.5747112841796875,0.21,0.15,0.17
QQQ,2026-09-28,2026-11-20,P,420.0,87,3,0.567387138671875,0.21,0.16,0.18
QQQ,2026-09-28,2026-11-20,P,425.0,670,12,0.559574716796875,0.17,0.17,0.19
QQQ,2026-09-28,2026-11-20,P,430.0,216,1051,0.5522505712890625,0.21,0.18,0.2
QQQ,2026-09-28,2026-11-20,P,435.0,108,1,0.5473678076171876,0.28,0.2,0.22
QQQ,2026-09-28,2026-11-20,P,440.0,467,2,0.5390671093750001,0.22,0.21,0.23
QQQ,2026-09-28,2026-11-20,P,445.0,564,1,0.5312546875,0.32,0.22,0.24
QQQ,2026-09-28,2026-11-20,P,450.0,341,1,0.524418818359375,0.27,0.23,0.26
QQQ,2026-09-28,2026-11-20,P,455.0,427,1,0.5170946728515625,0.3,0.25,0.27
QQQ,2026-09-28,2026-11-20,P,460.0,699,51,0.5097705273437501,0.35,0.26,0.29
QQQ,2026-09-28,2026-11-20,P,465.0,356,2,0.5034229345703125,0.34,0.28,0.31
QQQ,2026-09-28,2026-11-20,P,470.0,633,1,0.4995167236328125,0.39,0.3,0.33
QQQ,2026-09-28,2026-11-20,P,475.0,507,23,0.4907277490234375,0.37,0.32,0.34
QQQ,2026-09-28,2026-11-20,P,480.0,808,56,0.48389187988281257,0.45,0.34,0.36
QQQ,2026-09-28,2026-11-20,P,485.0,218,1,0.47827670166015623,0.4,0.36,0.39
QQQ,2026-09-28,2026-11-20,P,490.0,1928,1,0.47070841796875,0.41,0.39,0.41
QQQ,2026-09-28,2026-11-20,P,495.0,368,1,0.4631401342773438,0.47,0.41,0.43
QQQ,2026-09-28,2026-11-20,P,500.0,3347,7,0.4567925415039063,0.49,0.45,0.46
QQQ,2026-09-28,2026-11-20,P,505.0,177,1,0.4489801196289062,0.5,0.46,0.48
QQQ,2026-09-28,2026-11-20,P,510.0,478,7,0.44360907958984375,0.58,0.49,0.52
QQQ,2026-09-28,2026-11-20,P,515.0,433,8,0.436529072265625,0.55,0.53,0.55
QQQ,2026-09-28,2026-11-20,P,520.0,10908,8,0.4294490649414063,0.63,0.56,0.58
QQQ,2026-09-28,2026-11-20,P,525.0,4723,1,0.42310147216796873,0.64,0.6,0.62
QQQ,2026-09-28,2026-11-20,P,530.0,459,2102,0.4155331884765625,0.68,0.63,0.65
QQQ,2026-09-28,2026-11-20,P,535.0,3008,27,0.4089414575195312,0.72,0.67,0.69
QQQ,2026-09-28,2026-11-20,P,540.0,3079,4,0.4028380029296875,0.8,0.72,0.74
QQQ,2026-09-28,2026-11-20,P,545.0,173,2,0.39649041015625003,0.86,0.77,0.79
QQQ,2026-09-28,2026-11-20,P,550.0,2772,9,0.3898986791992188,0.88,0.82,0.84
QQQ,2026-09-28,2026-11-20,P,555.0,783,13,0.3830628100585937,0.97,0.87,0.89
QQQ,2026-09-28,2026-11-20,P,560.0,1214,44,0.3767152172851562,0.95,0.94,0.95
QQQ,2026-09-28,2026-11-20,P,565.0,946,68,0.370123486328125,1.01,0.99,1.01
QQQ,2026-09-28,2026-11-20,P,570.0,13154,55,0.36438623901367195,1.1,1.06,1.09
QQQ,2026-09-28,2026-11-20,P,575.0,1412,6,0.3573062316894531,1.21,1.13,1.15
QQQ,2026-09-28,2026-11-20,P,580.0,3402,83,0.35095863891601553,1.32,1.21,1.23
QQQ,2026-09-28,2026-11-20,P,585.0,2870,65,0.3448551843261719,1.44,1.3,1.32
QQQ,2026-09-28,2026-11-20,P,590.0,2293,67,0.33850759155273435,1.52,1.38,1.41
QQQ,2026-09-28,2026-11-20,P,595.0,1186,2,0.33264827514648443,1.57,1.49,1.52
QQQ,2026-09-28,2026-11-20,P,600.0,15482,610,0.32642275146484373,1.61,1.61,1.63
QQQ,2026-09-28,2026-11-20,P,605.0,946,10,0.3198310205078124,1.92,1.72,1.74
QQQ,2026-09-28,2026-11-20,P,610.0,5797,58,0.31409377319335935,1.88,1.86,1.88
QQQ,2026-09-28,2026-11-20,P,615.0,1959,64,0.3081734222412109,2.12,2.01,2.03
QQQ,2026-09-28,2026-11-20,P,620.0,10837,340,0.3025582440185547,2.18,2.17,2.2
QQQ,2026-09-28,2026-11-20,P,625.0,28961,8588,0.2963937548828125,2.36,2.35,2.37
QQQ,2026-09-28,2026-11-20,P,630.0,20741,2017,0.2904428866577148,2.64,2.54,2.56
QQQ,2026-09-28,2026-11-20,P,635.0,4127,83,0.28504132934570303,3.1,2.76,2.79
QQQ,2026-09-28,2026-11-20,P,640.0,6986,65,0.27936511657714835,3.27,2.99,3.03
QQQ,2026-09-28,2026-11-20,P,645.0,6768,33,0.2738109729003906,3.31,3.27,3.3
QQQ,2026-09-28,2026-11-20,P,650.0,32843,2468,0.2681347601318359,3.6,3.56,3.59
QQQ,2026-09-28,2026-11-20,P,655.0,5161,77,0.2626416510009766,4.06,3.89,3.92
QQQ,2026-09-28,2026-11-20,P,660.0,14156,1977,0.2573011282348633,4.31,4.26,4.29
QQQ,2026-09-28,2026-11-20,P,665.0,3553,166,0.2518385363769531,4.72,4.65,4.69
QQQ,2026-09-28,2026-11-20,P,670.0,20143,793,0.24662008270263674,5.14,5.11,5.15
QQQ,2026-09-28,2026-11-20,P,675.0,4951,122,0.24161524993896483,5.68,5.62,5.67
QQQ,2026-09-28,2026-11-20,P,676.0,42,12,0.2404555935668945,6.4,5.72,5.77
QQQ,2026-09-28,2026-11-20,P,677.0,117,7,0.239692661743164,6.23,5.85,5.9
QQQ,2026-09-28,2026-11-20,P,678.0,328,4,0.2386245571899414,6.37,5.96,6.01
QQQ,2026-09-28,2026-11-20,P,679.0,73,5,0.2376480044555664,6.31,6.08,6.13
QQQ,2026-09-28,2026-11-20,P,680.0,45628,1363,0.23679352081298827,6.31,6.21,6.26
QQQ,2026-09-28,2026-11-20,P,681.0,103,28,0.2356033471679687,6.98,6.32,6.37
QQQ,2026-09-28,2026-11-20,P,682.0,130,13,0.23480989807128905,6.97,6.45,6.51
QQQ,2026-09-28,2026-11-20,P,683.0,176,5,0.23368075897216795,6.81,6.57,6.63
QQQ,2026-09-28,2026-11-20,P,684.0,130,5,0.23267368896484375,6.95,6.7,6.76
QQQ,2026-09-28,2026-11-20,P,685.0,5822,146,0.2316361016845703,6.91,6.83,6.89
QQQ,2026-09-28,2026-11-20,P,686.0,102,33,0.23069006622314453,7.22,6.97,7.03
QQQ,2026-09-28,2026-11-20,P,687.0,164,12,0.22956092712402343,7.67,7.1,7.16
QQQ,2026-09-28,2026-11-20,P,688.0,115,74,0.22843178802490233,7.8,7.22,7.29
QQQ,2026-09-28,2026-11-20,P,689.0,193,7,0.22736368347167968,7.9,7.37,7.43
QQQ,2026-09-28,2026-11-20,P,690.0,40166,8711,0.2266312689208984,7.59,7.53,7.6
QQQ,2026-09-28,2026-11-20,P,691.0,204,32,0.22538006072998046,8.5,7.67,7.73
QQQ,2026-09-28,2026-11-20,P,692.0,59,3,0.2244645425415039,8.44,7.83,7.89
QQQ,2026-09-28,2026-11-20,P,693.0,50,10,0.22348798980712886,8.17,7.98,8.05
QQQ,2026-09-28,2026-11-20,P,694.0,102,4,0.22248091979980467,8.31,8.14,8.21
QQQ,2026-09-28,2026-11-20,P,695.0,3519,36,0.22144333251953124,8.44,8.3,8.37
QQQ,2026-09-28,2026-11-20,P,696.0,146,21,0.22071091796874998,9.32,8.49,8.56
QQQ,2026-09-28,2026-11-20,P,697.0,129,4,0.21958177886962887,9.42,8.64,8.72
QQQ,2026-09-28,2026-11-20,P,698.0,81,38,0.21875781249999998,9.49,8.84,8.91
QQQ,2026-09-28,2026-11-20,P,699.0,167,53,0.21778125976562498,9.9,9.02,9.09
QQQ,2026-09-28,2026-11-20,P,700.0,31007,2824,0.2169878106689453,9.26,9.21,9.29
QQQ,2026-09-28,2026-11-20,P,701.0,108,77,0.21558401611328126,10.26,9.37,9.44
QQQ,2026-09-28,2026-11-20,P,702.0,326,27,0.21492789474487306,10.5,9.58,9.66
QQQ,2026-09-28,2026-11-20,P,703.0,142,11,0.21378349700927735,10.32,9.76,9.84
QQQ,2026-09-28,2026-11-20,P,704.0,51,18,0.21312737564086914,11.02,9.98,10.07
QQQ,2026-09-28,2026-11-20,P,705.0,5564,222,0.21199823654174804,10.24,10.18,10.26
QQQ,2026-09-28,2026-11-20,P,706.0,340,32,0.2109301319885254,11.47,10.39,10.46
QQQ,2026-09-28,2026-11-20,P,707.0,197,8,0.21002987243652343,10.75,10.59,10.68
QQQ,2026-09-28,2026-11-20,P,708.0,87,16,0.20897702651977534,11.4,10.8,10.89
QQQ,2026-09-28,2026-11-20,P,709.0,105,26,0.20829038787841792,11.42,11.05,11.14
QQQ,2026-09-28,2026-11-20,P,710.0,12098,126,0.2075579733276367,11.4,11.29,11.39
QQQ,2026-09-28,2026-11-20,P,711.0,64,5,0.20616943740844723,11.88,11.5,11.58
QQQ,2026-09-28,2026-11-20,P,712.0,69,23,0.2051318501281738,12.25,11.73,11.81
QQQ,2026-09-28,2026-11-20,P,713.0,90,25,0.20424684921264646,13.07,11.97,12.06
QQQ,2026-09-28,2026-11-20,P,714.0,235,31,0.2035144346618652,13.08,12.24,12.33
QQQ,2026-09-28,2026-11-20,P,715.0,7569,341,0.20252262329101559,12.61,12.48,12.58
QQQ,2026-09-28,2026-11-20,P,716.0,99,31,0.2013934841918945,13.17,12.74,12.82
QQQ,2026-09-28,2026-11-20,P,717.0,82,32,0.20069158691406247,13.89,13.02,13.11
QQQ,2026-09-28,2026-11-20,P,718.0,58,19,0.19974555145263673,13.42,13.28,13.38
QQQ,2026-09-28,2026-11-20,P,719.0,93,557,0.1987537400817871,14.46,13.55,13.65
QQQ,2026-09-28,2026-11-20,P,720.0,30316,2462,0.19788399780273438,13.94,13.83,13.94
QQQ,2026-09-28,2026-11-20,P,721.0,25,2,0.19687692779541016,13.82,14.14,14.22
QQQ,2026-09-28,2026-11-20,P,722.0,58,1,0.1960987373352051,15.42,14.42,14.53
QQQ,2026-09-28,2026-11-20,P,723.0,24,19,0.19516796051025392,15.7,14.74,14.83
QQQ,2026-09-28,2026-11-20,P,724.0,150,2,0.19426770095825197,15.97,15.05,15.14
QQQ,2026-09-28,2026-11-20,P,725.0,3391,101,0.19312330322265625,15.69,15.32,15.43
QQQ,2026-09-28,2026-11-20,P,726.0,51,18,0.19266554412841796,16.56,15.7,15.8
QQQ,2026-09-28,2026-11-20,P,727.0,87,17,0.1915058877563477,16.05,16.01,16.1
QQQ,2026-09-28,2026-11-20,P,728.0,88,8,0.1905598522949219,17.24,16.34,16.43
QQQ,2026-09-28,2026-11-20,P,729.0,107,19,0.18936967864990234,17.37,16.64,16.74
QQQ,2026-09-28,2026-11-20,P,730.0,4706,503,0.1886677813720703,17.13,17.02,17.11
QQQ,2026-09-28,2026-11-20,P,731.0,112,104,0.18827105682373046,18.46,17.4,17.52
QQQ,2026-09-28,2026-11-20,P,732.0,110,1,0.1867146759033203,18.46,17.68,17.81
QQQ,2026-09-28,2026-11-20,P,733.0,109,11,0.18599751998901365,19.72,18.08,18.2
QQQ,2026-09-28,2026-11-20,P,734.0,109,3,0.18503622589111324,19.23,18.47,18.57
QQQ,2026-09-28,2026-11-20,P,735.0,4658,199,0.1842885527038574,18.9,18.84,18.97
QQQ,2026-09-28,2026-11-20,P,736.0,290,139,0.18338829315185545,19.45,19.23,19.36
QQQ,2026-09-28,2026-11-20,P,737.0,147,316,0.18276268905639648,20.0,19.66,19.79
QQQ,2026-09-28,2026-11-20,P,738.0,171,226,0.18163354995727538,20.25,20.05,20.17
QQQ,2026-09-28,2026-11-20,P,739.0,60,108,0.18097742858886717,20.66,20.48,20.61
QQQ,2026-09-28,2026-11-20,P,740.0,2084,763,0.17997035858154298,21.01,20.88,21.02
QQQ,2026-09-28,2026-11-20,P,741.0,118,10,0.17899380584716795,21.26,21.3,21.44
QQQ,2026-09-28,2026-11-20,P,742.0,106,2,0.1780325117492676,22.03,21.74,21.87
QQQ,2026-09-28,2026-11-20,P,743.0,293,247,0.17717802810668942,22.34,22.2,22.32
QQQ,2026-09-28,2026-11-20,P,744.0,1061,21,0.17615569946289064,22.79,22.61,22.76
QQQ,2026-09-28,2026-11-20,P,745.0,1816,68,0.17569794036865233,23.23,23.14,23.27
QQQ,2026-09-28,2026-11-20,P,746.0,17,21,0.17408052490234377,23.78,23.54,23.66
QQQ,2026-09-28,2026-11-20,P,747.0,14,20,0.17347017944335938,24.48,24.03,24.17
QQQ,2026-09-28,2026-11-20,P,748.0,18,1,0.1730581962585449,26.16,24.57,24.71
QQQ,2026-09-28,2026-11-20,P,749.0,19,40,0.17174595352172856,24.53,25.02,25.16
QQQ,2026-09-28,2026-11-20,P,750.0,6899,136,0.17090672851562502,25.7,25.52,25.67
QQQ,2026-09-28,2026-11-20,P,751.0,27,16,0.1700675035095215,27.73,26.04,26.19
QQQ,2026-09-28,2026-11-20,P,752.0,18,17,0.16980810668945315,27.61,26.64,26.78
QQQ,2026-09-28,2026-11-20,P,753.0,2,1,0.16899939895629884,24.41,27.17,27.32
QQQ,2026-09-28,2026-11-20,P,754.0,9,1,0.167275173034668,28.31,27.61,27.77
QQQ,2026-09-28,2026-11-20,P,755.0,418,5,0.16724465576171876,29.14,28.25,28.41
QQQ,2026-09-28,2026-11-20,P,756.0,1,1,0.1662681030273438,27.19,28.8,28.96
QQQ,2026-09-28,2026-11-20,P,758.0,6,6,0.16417766983032228,31.18,29.9,30.07
QQQ,2026-09-28,2026-11-20,P,759.0,2,1,0.1632468930053711,30.82,30.48,30.65
QQQ,2026-09-28,2026-11-20,P,760.0,857,135,0.16210249526977538,33.07,31.04,31.22
QQQ,2026-09-28,2026-11-20,P,762.0,2,2,0.16144637390136718,29.65,32.37,32.55
QQQ,2026-09-28,2026-11-20,P,763.0,6,1,0.15982895843505857,33.17,32.92,33.1
QQQ,2026-09-28,2026-11-20,P,764.0,4,4,0.15953904434204103,35.32,33.6,33.79
QQQ,2026-09-28,2026-11-20,P,765.0,338,1,0.1580284393310547,34.43,34.19,34.37
QQQ,2026-09-28,2026-11-20,P,766.0,24,1,0.15796740478515625,35.24,34.92,35.1
QQQ,2026-09-28,2026-11-20,P,767.0,3,0,0.1562279202270508,35.18,35.51,35.68
QQQ,2026-09-28,2026-11-20,P,768.0,4,3,0.15546498840332032,37.0,36.18,36.36
QQQ,2026-09-28,2026-11-20,P,769.0,10,3,0.15424429748535157,38.17,36.82,37.01
QQQ,2026-09-28,2026-11-20,P,770.0,1786,2,0.15337455520629883,37.33,37.51,37.7
QQQ,2026-09-28,2026-11-20,P,771.0,174,1,0.15285576156616215,38.6,38.23,38.43
QQQ,2026-09-28,2026-11-20,P,772.0,2,1,0.15212334701538088,36.16,38.97,39.15
QQQ,2026-09-28,2026-11-20,P,773.0,6,2,0.15461050476074223,41.06,39.57,40.15
QQQ,2026-09-28,2026-11-20,P,774.0,5,2,0.15325248611450198,37.11,40.25,40.83
QQQ,2026-09-28,2026-11-20,P,775.0,315,5,0.15299308929443362,42.55,41.01,41.61
QQQ,2026-09-28,2026-11-20,P,776.0,28,2,0.1521386056518555,43.1,41.74,42.35
QQQ,2026-09-28,2026-11-20,P,777.0,10,2,0.15079584564208987,39.1,42.45,43.06
QQQ,2026-09-28,2026-11-20,P,778.0,8,3,0.15024653472900396,39.81,43.18,43.84
QQQ,2026-09-28,2026-11-20,P,779.0,45,45,0.14890377471923827,40.42,43.97,44.57
QQQ,2026-09-28,2026-11-20,P,780.0,1077,1,0.1489342919921875,46.13,43.32,45.41
QQQ,2026-09-28,2026-11-20,P,781.0,11,11,0.14832394653320313,43.81,45.55,46.21
QQQ,2026-09-28,2026-11-20,P,782.0,2,2,0.14661497924804687,41.95,46.26,46.94
QQQ,2026-09-28,2026-11-20,P,783.0,3,1,0.14768308380126954,45.27,45.8,47.87
QQQ,2026-09-28,2026-11-20,P,784.0,57,57,0.14508911560058596,43.67,47.86,48.56
QQQ,2026-09-28,2026-11-20,P,785.0,445,1,0.14380739013671873,50.97,48.7,49.35
QQQ,2026-09-28,2026-11-20,P,787.0,1,1,0.14215945739746094,48.25,48.99,51.01
QQQ,2026-09-28,2026-11-20,P,790.0,770,1,0.14069462829589846,50.7,52.89,53.61
QQQ,2026-09-28,2026-11-20,P,791.0,3,1,0.13868048828125001,52.83,52.41,54.41
QQQ,2026-09-28,2026-11-20,P,795.0,133,3,0.13630014099121096,58.68,57.18,57.97
QQQ,2026-09-28,2026-11-20,P,797.0,2,3,0.16327741027832032,54.91,58.96,61.11
QQQ,2026-09-28,2026-11-20,P,798.0,2,3,0.16330792755126955,55.76,58.59,62.01
QQQ,2026-09-28,2026-11-20,P,799.0,39,39,0.13239393005371097,56.53,60.77,61.56
QQQ,2026-09-28,2026-11-20,P,800.0,668,19,0.13221082641601564,65.0,61.62,62.5
QQQ,2026-09-28,2026-11-20,P,805.0,3,1,0.16535258483886722,68.53,65.12,68.48
QQQ,2026-09-28,2026-11-20,P,810.0,4,1,0.1687094848632813,71.35,69.88,73.25
QQQ,2026-09-28,2026-11-20,P,815.0,70,6,0.17435518035888675,79.9,74.74,78.14
QQQ,2026-09-28,2026-11-20,P,820.0,5,8,0.18253380950927733,81.02,79.73,83.14
QQQ,2026-09-28,2026-11-20,P,825.0,0,2,0.19556468505859376,88.14,84.68,88.33
QQQ,2026-09-28,2026-11-20,P,830.0,0,2,0.198250205078125,118.3,89.68,93.13
QQQ,2026-09-28,2026-11-20,P,835.0,1,1,0.21155573608398434,88.43,94.68,98.33
QQQ,2026-09-28,2026-11-20,P,840.0,0,5,0.21399711791992188,97.19,99.69,103.14
QQQ,2026-09-28,2026-11-20,P,845.0,0,4,1.0000000000000003e-05,121.09,0.0,0.0
QQQ,2026-09-28,2026-11-20,P,850.0,7,7,0.2291336853027344,113.66,109.69,113.14
QQQ,2026-09-28,2026-11-20,P,855.0,0,4,0.23651886535644528,118.68,114.68,118.14
QQQ,2026-09-28,2026-11-20,P,860.0,0,4,0.24353783813476562,143.82,119.71,123.13
QQQ,2026-09-28,2026-11-20,P,865.0,0,0,1.0000000000000003e-05,139.52,0.0,0.0
QQQ,2026-09-28,2026-11-20,P,870.0,0,0,1.0000000000000003e-05,143.38,0.0,0.0
QQQ,2026-09-28,2026-11-20,P,875.0,0,0,1.0000000000000003e-05,149.51,0.0,0.0
QQQ,2026-09-28,2026-11-20,P,880.0,0,1680,1.0000000000000003e-05,158.69,0.0,0.0
QQQ,2026-09-28,2026-11-20,P,885.0,0,0,1.0000000000000003e-05,153.47,0.0,0.0
QQQ,2026-09-28,2026-11-20,P,890.0,0,1,0.28565167480468745,184.35,149.68,153.13
QQQ,2026-09-28,2026-11-20,P,895.0,0,0,1.0000000000000003e-05,162.57,0.0,0.0
QQQ,2026-09-28,2026-11-20,P,900.0,0,1,0.2990792749023437,156.0,159.68,163.13
QQQ,2026-09-28,2026-11-20,P,905.0,0,0,0.741091456298828,191.2,196.47,200.05
QQQ,2026-09-28,2026-11-20,P,930.0,0,0,0.33789724609375,224.35,189.68,193.13
QQQ,2026-09-28,2026-11-20,P,935.0,0,0,0.6653475848388675,246.65,214.44,218.48
QQQ,2026-09-28,2026-11-20,P,940.0,0,0,0.809999458618164,231.02,231.47,235.05
QQQ,2026-09-28,2026-11-20,P,945.0,0,0,0.6828339822387697,256.16,224.44,228.45
QQQ,2026-09-28,2026-11-20,P,950.0,0,3,0.3600527862548828,206.11,209.7,213.07
QQQ,2026-09-28,2026-11-20,P,955.0,0,80,0.700198310546875,266.02,234.45,238.45
QQQ,2026-09-28,2026-11-20,P,965.0,0,2,0.38056039367675776,259.35,224.68,228.13
QQQ,2026-09-28,2026-11-20,P,970.0,0,0,0.7255276470947265,281.48,249.45,253.45
QQQ,2026-09-28,2026-11-20,P,980.0,0,0,0.7418238708496092,291.54,259.45,263.42
QQQ,2026-09-28,2026-11-20,P,990.0,0,0,0.7583947500610352,301.47,269.45,273.48
QQQ,2026-09-28,2026-11-20,P,1000.0,0,0,0.42078215942382813,294.35,259.68,263.13
QQQ,2026-09-28,2026-11-20,P,1005.0,0,6,0.42590906127929695,299.35,264.69,268.12
QQQ,2026-09-28,2026-11-20,P,1010.0,0,6,0.4318904467773438,304.35,269.68,273.13
QQQ,2026-09-28,2026-11-20,P,1020.0,0,0,0.43994700683593746,314.36,279.76,283.07
QQQ,2026-09-28,2026-11-20,P,1025.0,0,4,0.44824770507812495,319.36,284.68,288.13
QQQ,2026-09-28,2026-11-20,P,1035.0,0,2,0.45892875061035165,329.37,294.68,298.13
QQQ,2026-09-28,2026-11-20,P,1040.0,0,0,0.4642387561035156,334.37,299.68,303.13
QQQ,2026-09-28,2026-11-20,P,1045.0,0,2,0.4694877270507813,339.48,304.68,308.13
QQQ,2026-09-28,2026-11-20,P,1050.0,0,0,0.47522497436523436,344.39,309.68,313.14
QQQ,2026-09-28,2026-11-20,P,1055.0,0,0,0.47986359985351557,349.39,314.68,318.13
QQQ,2026-09-28,2026-11-20,P,1060.0,0,0,0.4849905017089844,354.48,319.68,323.13
QQQ,2026-09-28,2026-11-20,P,1065.0,0,2,0.4901174035644532,359.36,324.7,328.13
QQQ,2026-09-28,2026-11-20,P,1070.0,0,4,0.4951832708740235,364.36,329.68,333.13
QQQ,2026-09-28,2026-11-20,P,1075.0,0,8,0.5002491381835938,369.35,334.68,338.13
QQQ,2026-09-28,2026-11-20,P,1080.0,0,0,0.5052539709472657,374.35,339.68,343.13
QQQ,2026-09-28,2026-11-20,P,1085.0,0,0,0.5102588037109376,379.35,344.68,348.13
QQQ,2026-09-28,2026-12-18,C,204.78,270,2,1.3811066101074214,537.73,534.17,537.54
QQQ,2026-09-28,2026-12-18,C,209.78,232,16,1.3662141064453124,531.95,529.22,532.69
QQQ,2026-09-28,2026-12-18,C,214.78,27,2,1.3422884448242183,525.06,524.28,527.64
QQQ,2026-09-28,2026-12-18,C,219.78,51,1,1.3236117803955076,522.5,519.33,522.7
QQQ,2026-09-28,2026-12-18,C,224.78,6,1,1.0000000000000003e-05,405.01,403.96,407.84
QQQ,2026-09-28,2026-12-18,C,229.78,11,2,1.2780797814941405,515.57,509.18,512.86
QQQ,2026-09-28,2026-12-18,C,234.78,2,1,1.2683142053222656,507.98,504.48,507.85
QQQ,2026-09-28,2026-12-18,C,239.78,10,1,1.2529334228515623,502.72,499.53,502.96
QQQ,2026-09-28,2026-12-18,C,244.78,41,1,1.2353553857421873,496.61,494.58,498.01
QQQ,2026-09-28,2026-12-18,C,249.78,99,1,1.2180214880371092,486.4,489.63,493.06
QQQ,2026-09-28,2026-12-18,C,250.0,105,1,1.2175332092285154,493.01,489.42,492.84
QQQ,2026-09-28,2026-12-18,C,254.78,132,2,1.0000000000000003e-05,482.0,442.43,446.12
QQQ,2026-09-28,2026-12-18,C,255.0,7,6,1.200931729736328,463.01,484.47,487.9
QQQ,2026-09-28,2026-12-18,C,259.78,0,2,1.0000000000000003e-05,362.08,0.0,0.0
QQQ,2026-09-28,2026-12-18,C,260.0,2,2,1.0000000000000003e-05,373.97,449.91,454.25
QQQ,2026-09-28,2026-12-18,C,264.78,41,5,1.0000000000000003e-05,219.5,259.0,264.0
QQQ,2026-09-28,2026-12-18,C,269.78,124,1,1.0000000000000003e-05,289.89,337.67,341.54
QQQ,2026-09-28,2026-12-18,C,274.78,50,1,1.1284223266601563,466.82,464.66,468.32
QQQ,2026-09-28,2026-12-18,C,275.0,104,1,1.1357465087890626,465.92,464.67,468.11
QQQ,2026-09-28,2026-12-18,C,279.78,44,1,1.0000000000000003e-05,331.8,374.49,377.51
QQQ,2026-09-28,2026-12-18,C,284.78,23,2,1.0000000000000003e-05,439.65,436.02,439.44
QQQ,2026-09-28,2026-12-18,C,285.0,12,5,1.1047408044433595,426.96,454.78,458.21
QQQ,2026-09-28,2026-12-18,C,289.78,0,1,1.0000000000000003e-05,430.75,0.0,0.0
QQQ,2026-09-28,2026-12-18,C,294.78,57,1,1.0000000000000003e-05,425.4,426.26,429.88
QQQ,2026-09-28,2026-12-18,C,295.0,10,1,1.0742233789062503,448.93,444.88,448.31
QQQ,2026-09-28,2026-12-18,C,299.78,122,2,1.0589646661376955,414.67,440.15,443.54
QQQ,2026-09-28,2026-12-18,C,300.0,10,2,1.0572556903076171,445.76,439.94,443.28
QQQ,2026-09-28,2026-12-18,C,304.78,123,1,1.0394335137939457,438.47,434.99,438.64
QQQ,2026-09-28,2026-12-18,C,305.0,1,1,1.0439500927734378,416.4,434.99,438.38
QQQ,2026-09-28,2026-12-18,C,309.78,68,1,1.0000000000000003e-05,390.82,399.22,402.36
QQQ,2026-09-28,2026-12-18,C,310.0,5,1,1.0308886346435548,413.38,430.04,433.48
QQQ,2026-09-28,2026-12-18,C,314.78,47,5,1.0000000000000003e-05,348.5,406.13,409.86
QQQ,2026-09-28,2026-12-18,C,319.78,0,1,1.0000000000000003e-05,284.78,0.0,0.0
QQQ,2026-09-28,2026-12-18,C,320.0,23,8,1.0026905334472658,392.83,420.15,423.59
QQQ,2026-09-28,2026-12-18,C,324.78,37,3,1.0000000000000003e-05,302.41,297.15,301.01
QQQ,2026-09-28,2026-12-18,C,325.0,0,8,1.0000000000000003e-05,410.3,0.0,0.0
QQQ,2026-09-28,2026-12-18,C,329.78,27,1,1.0000000000000003e-05,267.2,326.5,329.6
QQQ,2026-09-28,2026-12-18,C,330.0,39,42,0.9749758361816407,389.98,410.26,413.69
QQQ,2026-09-28,2026-12-18,C,334.78,109,1,0.9621585815429687,406.99,405.53,408.97
QQQ,2026-09-28,2026-12-18,C,335.0,4,1,0.9614261669921874,408.29,405.31,408.75
QQQ,2026-09-28,2026-12-18,C,339.78,22,1,0.9440923559570311,404.71,400.39,404.03
QQQ,2026-09-28,2026-12-18,C,340.0,6,1,0.9483647741699219,379.71,400.37,403.81
QQQ,2026-09-28,2026-12-18,C,344.78,0,1,1.0000000000000003e-05,391.97,0.0,0.0
QQQ,2026-09-28,2026-12-18,C,345.0,14,1,0.9350592431640624,398.37,395.43,398.86
QQQ,2026-09-28,2026-12-18,C,349.78,423,1,0.9233406103515626,392.51,390.7,394.17
QQQ,2026-09-28,2026-12-18,C,350.0,15,2,1.0000000000000003e-05,378.3,359.78,362.73
QQQ,2026-09-28,2026-12-18,C,354.78,0,2,1.0000000000000003e-05,371.81,0.0,0.0
QQQ,2026-09-28,2026-12-18,C,355.0,3,1,1.0000000000000003e-05,253.93,280.69,284.12
QQQ,2026-09-28,2026-12-18,C,359.78,0,1,1.0000000000000003e-05,383.8,0.0,0.0
QQQ,2026-09-28,2026-12-18,C,360.0,22,2,0.8965464447021483,385.93,380.6,384.04
QQQ,2026-09-28,2026-12-18,C,364.78,27,1,0.8847057427978515,343.3,375.88,379.32
QQQ,2026-09-28,2026-12-18,C,365.0,6,2,1.0000000000000003e-05,327.31,345.06,348.19
QQQ,2026-09-28,2026-12-18,C,369.78,52,1,0.8722546954345702,374.32,370.94,374.38
QQQ,2026-09-28,2026-12-18,C,370.0,310,1,0.8726819372558592,350.14,370.74,374.19
QQQ,2026-09-28,2026-12-18,C,374.78,68,20,1.0000000000000003e-05,343.24,346.19,349.68
QQQ,2026-09-28,2026-12-18,C,375.0,7,1,1.0000000000000003e-05,321.88,335.3,338.15
QQQ,2026-09-28,2026-12-18,C,379.78,109,4,0.8476577734374999,362.62,361.06,364.5
QQQ,2026-09-28,2026-12-18,C,380.0,0,1,1.0000000000000003e-05,356.8,0.0,0.0
QQQ,2026-09-28,2026-12-18,C,384.78,31,1,1.0000000000000003e-05,316.0,338.87,342.36
QQQ,2026-09-28,2026-12-18,C,385.0,0,41,1.0000000000000003e-05,338.43,0.0,0.0
QQQ,2026-09-28,2026-12-18,C,389.78,46,2,1.0000000000000003e-05,230.7,325.05,329.54
QQQ,2026-09-28,2026-12-18,C,390.0,107,1,0.823243955078125,354.76,350.97,354.41
QQQ,2026-09-28,2026-12-18,C,394.78,0,1,1.0000000000000003e-05,326.09,0.0,0.0
QQQ,2026-09-28,2026-12-18,C,395.0,60,36,0.8113422186279295,349.83,346.03,349.47
QQQ,2026-09-28,2026-12-18,C,399.78,247,1,0.8027363476562499,341.05,341.41,344.79
QQQ,2026-09-28,2026-12-18,C,400.0,366,1,0.7993184130859375,344.0,341.1,344.51
QQQ,2026-09-28,2026-12-18,C,404.78,0,3,1.0000000000000003e-05,348.82,0.0,0.0
QQQ,2026-09-28,2026-12-18,C,405.0,36,1,0.788088056640625,315.79,336.16,339.6
QQQ,2026-09-28,2026-12-18,C,409.78,0,1,1.0000000000000003e-05,307.57,0.0,0.0
QQQ,2026-09-28,2026-12-18,C,410.0,124,2,0.7767356311035156,338.88,331.23,334.67
QQQ,2026-09-28,2026-12-18,C,414.78,85,1,1.0000000000000003e-05,327.63,286.9,290.61
QQQ,2026-09-28,2026-12-18,C,415.0,20,1,0.7654442401123047,334.2,326.3,329.74
QQQ,2026-09-28,2026-12-18,C,419.78,40,1,0.7545190563964843,302.25,321.58,325.02
QQQ,2026-09-28,2026-12-18,C,420.0,166,1,0.7542749182128907,293.81,321.37,324.81
QQQ,2026-09-28,2026-12-18,C,424.78,186,2,0.7435328381347657,295.87,316.65,320.1
QQQ,2026-09-28,2026-12-18,C,425.0,94,1,0.7431055963134765,296.29,316.44,319.88
QQQ,2026-09-28,2026-12-18,C,429.78,0,4,1.0000000000000003e-05,300.72,0.0,0.0
QQQ,2026-09-28,2026-12-18,C,430.0,1478,1,0.7326686889648437,316.37,311.51,314.99
QQQ,2026-09-28,2026-12-18,C,434.78,137,1,0.7216214361572266,281.89,306.8,310.24
QQQ,2026-09-28,2026-12-18,C,435.0,42,4,0.7211941943359376,277.51,306.58,310.03
QQQ,2026-09-28,2026-12-18,C,439.78,897,1,0.7084379742431641,267.02,301.72,305.32
QQQ,2026-09-28,2026-12-18,C,440.0,814,1,0.7117948742675781,280.45,301.72,305.13
QQQ,2026-09-28,2026-12-18,C,444.78,0,1,1.0000000000000003e-05,296.0,0.0,0.0
QQQ,2026-09-28,2026-12-18,C,445.0,29,3,0.6995879650878907,298.72,296.73,300.18
QQQ,2026-09-28,2026-12-18,C,449.78,31,1,0.6894562304687502,256.9,292.03,295.47
QQQ,2026-09-28,2026-12-18,C,450.0,1271,1,0.6895172650146486,298.68,291.81,295.29
QQQ,2026-09-28,2026-12-18,C,454.78,203,1,1.0000000000000003e-05,259.71,271.94,275.82
QQQ,2026-09-28,2026-12-18,C,455.0,38,4,0.6752962158203126,283.0,286.68,290.33
QQQ,2026-09-28,2026-12-18,C,459.78,216,2,0.6680331048583985,288.64,282.19,285.6
QQQ,2026-09-28,2026-12-18,C,460.0,487,39,0.6684603466796877,277.4,281.97,285.45
QQQ,2026-09-28,2026-12-18,C,464.78,138,1,1.0000000000000003e-05,251.0,247.61,250.84
QQQ,2026-09-28,2026-12-18,C,465.0,29,10,0.6575961975097657,250.06,277.05,280.5
QQQ,2026-09-28,2026-12-18,C,469.78,629,8,0.6478917047119142,244.37,272.35,275.81
QQQ,2026-09-28,2026-12-18,C,470.0,1891,1,0.6478917047119142,254.8,272.14,275.62
QQQ,2026-09-28,2026-12-18,C,474.78,146,1,0.6356237609863282,269.69,267.29,270.89
QQQ,2026-09-28,2026-12-18,C,475.0,101,1,0.6373327282714845,247.87,267.23,270.68
QQQ,2026-09-28,2026-12-18,C,479.78,148,1,1.0000000000000003e-05,253.45,247.78,251.11
QQQ,2026-09-28,2026-12-18,C,480.0,3143,2,0.6276282354736329,241.01,262.32,265.8
QQQ,2026-09-28,2026-12-18,C,484.78,0,1,1.0000000000000003e-05,256.5,0.0,0.0
QQQ,2026-09-28,2026-12-18,C,485.0,30,6,0.6171913281250001,262.23,257.41,260.86
QQQ,2026-09-28,2026-12-18,C,489.78,854,4,1.0000000000000003e-05,263.0,215.63,219.33
QQQ,2026-09-28,2026-12-18,C,490.0,455,3,0.6077309735107423,253.41,252.51,255.99
QQQ,2026-09-28,2026-12-18,C,494.78,570,10,0.5960428579711915,256.0,247.67,251.27
QQQ,2026-09-28,2026-12-18,C,495.0,58,6,0.5980875152587892,247.53,247.62,251.09
QQQ,2026-09-28,2026-12-18,C,499.78,322,10,0.5863078479003907,251.16,242.77,246.37
QQQ,2026-09-28,2026-12-18,C,500.0,6073,1,0.5877726770019531,245.09,242.7,246.17
QQQ,2026-09-28,2026-12-18,C,504.78,1904,11,0.5788005987548828,246.26,238.04,241.49
QQQ,2026-09-28,2026-12-18,C,505.0,123,1,0.5780071496582031,240.9,237.81,241.26
QQQ,2026-09-28,2026-12-18,C,509.78,546,10,0.5687909332275392,241.34,233.13,236.58
QQQ,2026-09-28,2026-12-18,C,510.0,4004,1,0.5687909332275392,235.25,232.93,236.39
QQQ,2026-09-28,2026-12-18,C,514.78,96,10,0.5593305786132813,236.44,228.24,231.7
QQQ,2026-09-28,2026-12-18,C,515.0,1537,47,0.559147474975586,228.34,228.02,231.51
QQQ,2026-09-28,2026-12-18,C,519.78,0,1,1.0000000000000003e-05,211.35,0.0,0.0
QQQ,2026-09-28,2026-12-18,C,520.0,762,48,0.5499922930908205,223.41,223.16,226.63
QQQ,2026-09-28,2026-12-18,C,524.78,0,3,1.0000000000000003e-05,212.52,0.0,0.0
QQQ,2026-09-28,2026-12-18,C,525.0,406,2,0.5403183175659182,223.18,218.28,221.72
QQQ,2026-09-28,2026-12-18,C,529.78,278,1,0.5312546875,222.24,213.6,217.06
QQQ,2026-09-28,2026-12-18,C,530.0,2508,1,0.5310410665893556,217.74,213.38,216.87
QQQ,2026-09-28,2026-12-18,C,534.78,0,1,1.0000000000000003e-05,199.9,0.0,0.0
QQQ,2026-09-28,2026-12-18,C,535.0,240,2,0.5218553674316406,191.63,208.51,212.0
QQQ,2026-09-28,2026-12-18,C,539.78,1146,1,0.5114794946289063,176.92,203.72,207.32
QQQ,2026-09-28,2026-12-18,C,540.0,4223,1,0.5123339782714844,205.0,203.64,207.1
QQQ,2026-09-28,2026-12-18,C,544.78,238,1,1.0000000000000003e-05,190.89,171.52,173.11
QQQ,2026-09-28,2026-12-18,C,545.0,1191,1,0.5035755209350586,171.23,198.78,202.27
QQQ,2026-09-28,2026-12-18,C,549.78,0,10,1.0000000000000003e-05,185.22,0.0,0.0
QQQ,2026-09-28,2026-12-18,C,550.0,3640,1,0.5256089920043946,197.92,193.92,197.41
QQQ,2026-09-28,2026-12-18,C,554.78,151,12,0.5159655337524415,196.0,189.15,192.75
QQQ,2026-09-28,2026-12-18,C,555.0,285,4,0.5159350164794922,159.43,189.07,192.56
QQQ,2026-09-28,2026-12-18,C,559.78,0,1,1.0000000000000003e-05,172.98,0.0,0.0
QQQ,2026-09-28,2026-12-18,C,560.0,855,1,0.5062305236816407,184.5,184.22,187.71
QQQ,2026-09-28,2026-12-18,C,564.78,516,1,0.4968617208862305,161.0,179.6,183.07
QQQ,2026-09-28,2026-12-18,C,565.0,577,33,0.49695327270507816,181.0,179.39,182.89
QQQ,2026-09-28,2026-12-18,C,569.78,866,1,0.4874013662719727,145.61,174.64,178.24
QQQ,2026-09-28,2026-12-18,C,570.0,3163,4,0.486882572631836,173.35,174.6,178.02
QQQ,2026-09-28,2026-12-18,C,574.78,263,2,1.0000000000000003e-05,163.42,143.61,145.07
QQQ,2026-09-28,2026-12-18,C,575.0,338,3,0.4781546325683594,169.41,169.79,173.24
QQQ,2026-09-28,2026-12-18,C,579.78,0,2,1.0000000000000003e-05,154.81,0.0,0.0
QQQ,2026-09-28,2026-12-18,C,580.0,1264,17,0.46890789886474615,171.04,166.27,168.43
QQQ,2026-09-28,2026-12-18,C,584.78,2899,1,0.459966337890625,169.05,160.36,163.83
QQQ,2026-09-28,2026-12-18,C,585.0,696,3,0.4419001123046875,167.75,161.48,162.43
QQQ,2026-09-28,2026-12-18,C,589.78,1383,2,0.4510247769165039,162.69,155.84,159.05
QQQ,2026-09-28,2026-12-18,C,590.0,1920,1,0.4329585513305664,157.68,156.6,157.62
QQQ,2026-09-28,2026-12-18,C,594.78,153,2,0.4412897668457031,156.86,150.77,154.22
QQQ,2026-09-28,2026-12-18,C,595.0,460,6,0.42435268035888674,155.57,151.89,152.84
QQQ,2026-09-28,2026-12-18,C,599.78,1429,4,0.43329424133300787,148.06,146.02,149.52
QQQ,2026-09-28,2026-12-18,C,600.0,6099,4,0.41637241348266596,147.44,147.1,148.11
QQQ,2026-09-28,2026-12-18,C,604.78,703,2,0.42447474945068364,145.22,141.34,144.77
QQQ,2026-09-28,2026-12-18,C,605.0,3489,3,0.40717145568847657,141.2,142.38,143.3
QQQ,2026-09-28,2026-12-18,C,609.78,916,2,0.41556370574951174,140.52,136.82,140.02
QQQ,2026-09-28,2026-12-18,C,610.0,5271,8,0.39999989654541024,144.02,137.68,138.65
QQQ,2026-09-28,2026-12-18,C,615.0,6794,4,0.3908447146606445,133.22,132.95,133.86
QQQ,2026-09-28,2026-12-18,C,620.0,6984,4,0.38387151779174805,128.02,128.33,129.25
QQQ,2026-09-28,2026-12-18,C,625.0,2400,7,0.37471633590698245,126.32,123.67,124.48
QQQ,2026-09-28,2026-12-18,C,630.0,2790,3,0.36807882904052736,118.61,119.04,119.93
QQQ,2026-09-28,2026-12-18,C,635.0,1787,1,0.3596865789794922,114.0,114.37,115.25
QQQ,2026-09-28,2026-12-18,C,640.0,3157,3,0.35191993301391594,108.57,109.77,110.64
QQQ,2026-09-28,2026-12-18,C,645.0,3359,4,0.34503828796386715,113.62,105.31,106.13
QQQ,2026-09-28,2026-12-18,C,650.0,7324,93,0.3372563833618164,99.2,100.72,101.56
QQQ,2026-09-28,2026-12-18,C,655.0,1398,2,0.33045103149414057,96.62,96.35,97.11
QQQ,2026-09-28,2026-12-18,C,660.0,14426,9,0.32306585144042954,90.61,91.94,92.63
QQQ,2026-09-28,2026-12-18,C,665.0,2100,41,0.3168555863952636,87.72,87.55,88.3
QQQ,2026-09-28,2026-12-18,C,670.0,4743,17,0.3092415267944336,82.95,83.13,83.86
QQQ,2026-09-28,2026-12-18,C,675.0,1860,175,0.30333643447875974,79.23,78.95,79.64
QQQ,2026-09-28,2026-12-18,C,676.0,3,2,0.30205470901489256,79.71,78.1,78.79
QQQ,2026-09-28,2026-12-18,C,677.0,4,4,0.30048306945800785,78.93,77.21,77.91
QQQ,2026-09-28,2026-12-18,C,678.0,2,1,0.29952177536010743,76.22,74.92,77.1
QQQ,2026-09-28,2026-12-18,C,680.0,14966,3,0.2970956521606445,74.93,74.73,75.43
QQQ,2026-09-28,2026-12-18,C,681.0,6,1,0.2956460816955566,73.72,73.9,74.57
QQQ,2026-09-28,2026-12-18,C,682.0,6,1,0.2946237530517578,72.88,73.05,73.76
QQQ,2026-09-28,2026-12-18,C,684.0,3,2,0.29196875030517566,72.56,71.39,72.08
QQQ,2026-09-28,2026-12-18,C,685.0,2945,3,0.29097693893432613,70.32,70.58,71.28
QQQ,2026-09-28,2026-12-18,C,686.0,3,1,0.28943581665039053,70.06,69.76,70.42
QQQ,2026-09-28,2026-12-18,C,687.0,5,4,0.28839822937011705,69.19,68.94,69.62
QQQ,2026-09-28,2026-12-18,C,688.0,3,1,0.2869944348144531,65.55,68.12,68.78
QQQ,2026-09-28,2026-12-18,C,689.0,2,2,0.28600262344360344,68.77,67.31,67.99
QQQ,2026-09-28,2026-12-18,C,690.0,12736,7,0.2846446047973632,65.65,66.5,67.16
QQQ,2026-09-28,2026-12-18,C,691.0,2,1,0.283362879333496,67.2,65.69,66.34
QQQ,2026-09-28,2026-12-18,C,692.0,2,1,0.2823863265991211,61.52,64.88,65.56
QQQ,2026-09-28,2026-12-18,C,693.0,4,4,0.28089098022460934,63.27,64.09,64.72
QQQ,2026-09-28,2026-12-18,C,694.0,0,1,0.27971606521606435,63.37,63.25,63.92
QQQ,2026-09-28,2026-12-18,C,695.0,1194,4,0.27852589157104496,58.73,62.5,63.12
QQQ,2026-09-28,2026-12-18,C,697.0,3,2,0.2761455442810058,60.01,60.92,61.53
QQQ,2026-09-28,2026-12-18,C,698.0,3,3,0.2741466629028321,59.32,60.3,60.64
QQQ,2026-09-28,2026-12-18,C,699.0,5,3,0.2735973519897461,56.81,59.59,59.93
QQQ,2026-09-28,2026-12-18,C,700.0,31810,41,0.2718120915222168,57.06,58.73,59.07
QQQ,2026-09-28,2026-12-18,C,701.0,6,5,0.2714611428833008,56.9,58.04,58.39
QQQ,2026-09-28,2026-12-18,C,702.0,7,7,0.2700268310546875,54.91,57.23,57.58
QQQ,2026-09-28,2026-12-18,C,703.0,2,20,0.2690655369567871,54.61,56.48,56.83
QQQ,2026-09-28,2026-12-18,C,704.0,1,3,0.2681500187683105,61.7,55.75,56.09
QQQ,2026-09-28,2026-12-18,C,705.0,2689,165,0.2668225173950196,53.47,54.95,55.3
QQQ,2026-09-28,2026-12-18,C,706.0,2,1,0.26578493011474613,51.46,54.22,54.55
QQQ,2026-09-28,2026-12-18,C,707.0,2,1,0.26464053237915036,53.95,53.44,53.79
QQQ,2026-09-28,2026-12-18,C,708.0,0,2,0.26355716918945316,58.59,52.7,53.04
QQQ,2026-09-28,2026-12-18,C,709.0,2,1,0.26244328872680667,49.95,51.97,52.29
QQQ,2026-09-28,2026-12-18,C,710.0,6711,1,0.2611463046264648,50.41,51.2,51.52
QQQ,2026-09-28,2026-12-18,C,711.0,2,1,0.25998664825439455,51.11,50.47,50.77
QQQ,2026-09-28,2026-12-18,C,712.0,1,1,0.2594068200683594,47.77,49.78,50.1
QQQ,2026-09-28,2026-12-18,C,713.0,2,1,0.25797250823974616,49.75,48.95,49.32
QQQ,2026-09-28,2026-12-18,C,715.0,7157,1,0.2555463850402832,48.58,47.49,47.83
QQQ,2026-09-28,2026-12-18,C,716.0,1,1,0.2549360395812989,45.84,46.85,47.17
QQQ,2026-09-28,2026-12-18,C,717.0,2,1,0.25370009002685545,46.44,46.15,46.43
QQQ,2026-09-28,2026-12-18,C,720.0,14327,23,0.25026689682006836,43.5,44.04,44.27
QQQ,2026-09-28,2026-12-18,C,721.0,4,1,0.2493666372680664,42.16,43.29,43.59
QQQ,2026-09-28,2026-12-18,C,722.0,10,12,0.24799335998535155,39.84,42.55,42.85
QQQ,2026-09-28,2026-12-18,C,725.0,18838,13,0.24584189224243164,40.75,40.64,40.92
QQQ,2026-09-28,2026-12-18,C,726.0,3,3,0.24486533950805667,39.14,39.97,40.25
QQQ,2026-09-28,2026-12-18,C,728.0,4,5,0.24231714721679687,39.0,38.57,38.84
QQQ,2026-09-28,2026-12-18,C,730.0,15958,64,0.24066921447753903,37.42,37.31,37.57
QQQ,2026-09-28,2026-12-18,C,731.0,2,1,0.2393264544677734,36.71,36.69,36.87
QQQ,2026-09-28,2026-12-18,C,732.0,10,3,0.23882291946411133,36.15,36.1,36.29
QQQ,2026-09-28,2026-12-18,C,734.0,5,6,0.2365493826293945,33.63,34.79,34.97
QQQ,2026-09-28,2026-12-18,C,735.0,13185,53,0.23609162353515623,34.16,34.26,34.41
QQQ,2026-09-28,2026-12-18,C,736.0,33,9,0.23538972625732418,33.43,33.63,33.82
QQQ,2026-09-28,2026-12-18,C,737.0,43,25,0.23464205307006836,32.4,33.06,33.23
QQQ,2026-09-28,2026-12-18,C,738.0,33,95,0.2335739485168457,32.52,32.42,32.6
QQQ,2026-09-28,2026-12-18,C,739.0,9,53,0.23270420623779298,30.55,31.83,32.0
QQQ,2026-09-28,2026-12-18,C,740.0,13446,93,0.23192601577758787,31.21,31.24,31.42
QQQ,2026-09-28,2026-12-18,C,741.0,12,7,0.23104101486206058,30.28,30.66,30.83
QQQ,2026-09-28,2026-12-18,C,742.0,39,3,0.23020178985595702,28.67,30.08,30.25
QQQ,2026-09-28,2026-12-18,C,743.0,26,5,0.2294693753051758,29.14,29.51,29.69
QQQ,2026-09-28,2026-12-18,C,744.0,526,7,0.2280503221130371,27.73,28.87,29.04
QQQ,2026-09-28,2026-12-18,C,745.0,7168,123,0.22731790756225584,28.5,28.35,28.49
QQQ,2026-09-28,2026-12-18,C,746.0,63,11,0.22711954528808592,27.08,27.86,28.02
QQQ,2026-09-28,2026-12-18,C,747.0,32,12,0.22617350982666018,25.77,27.29,27.45
QQQ,2026-09-28,2026-12-18,C,748.0,28,14,0.22533428482055662,25.25,26.73,26.9
QQQ,2026-09-28,2026-12-18,C,749.0,110,83,0.22415936981201168,26.21,26.14,26.31
QQQ,2026-09-28,2026-12-18,C,750.0,20324,332,0.22397626617431637,25.52,25.7,25.86
QQQ,2026-09-28,2026-12-18,C,751.0,56,30,0.22309126525878903,23.73,25.16,25.32
QQQ,2026-09-28,2026-12-18,C,752.0,146,27,0.2225266957092285,23.95,24.69,24.83
QQQ,2026-09-28,2026-12-18,C,753.0,74,30,0.22164169479370116,22.85,24.16,24.3
QQQ,2026-09-28,2026-12-18,C,754.0,122,63,0.22093979751586912,22.69,23.66,23.8
QQQ,2026-09-28,2026-12-18,C,755.0,5324,101,0.21982591705322263,22.84,23.13,23.25
QQQ,2026-09-28,2026-12-18,C,756.0,89,36,0.2192613475036621,21.27,22.65,22.78
QQQ,2026-09-28,2026-12-18,C,757.0,95,28,0.21886462295532227,21.26,22.22,22.34
QQQ,2026-09-28,2026-12-18,C,758.0,120,43,0.2181474670410156,20.83,21.72,21.86
QQQ,2026-09-28,2026-12-18,C,759.0,53,16,0.2173997938537598,21.61,21.25,21.38
QQQ,2026-09-28,2026-12-18,C,760.0,22874,325,0.21666737930297852,20.27,20.81,20.91
QQQ,2026-09-28,2026-12-18,C,761.0,76,9,0.2159807406616211,19.73,20.33,20.45
QQQ,2026-09-28,2026-12-18,C,762.0,77,5,0.21524832611083983,19.61,19.83,19.99
QQQ,2026-09-28,2026-12-18,C,763.0,35,1,0.21462272201538085,18.82,19.44,19.55
QQQ,2026-09-28,2026-12-18,C,764.0,39,4,0.21440910110473632,18.78,19.05,19.17
QQQ,2026-09-28,2026-12-18,C,765.0,8088,66,0.21378349700927735,17.78,18.6,18.74
QQQ,2026-09-28,2026-12-18,C,766.0,51,2,0.21311211700439453,17.53,18.18,18.31
QQQ,2026-09-28,2026-12-18,C,767.0,24,30,0.2124102197265625,17.25,17.77,17.88
QQQ,2026-09-28,2026-12-18,C,768.0,12,3,0.21187616744995114,16.73,17.36,17.48
QQQ,2026-09-28,2026-12-18,C,769.0,79,96,0.21123530471801755,16.61,16.96,17.07
QQQ,2026-09-28,2026-12-18,C,770.0,19782,235,0.21071651107788086,16.55,16.59,16.68
QQQ,2026-09-28,2026-12-18,C,771.0,56,7,0.21021297607421874,15.68,16.19,16.3
QQQ,2026-09-28,2026-12-18,C,772.0,34,20,0.20967892379760739,15.79,15.8,15.92
QQQ,2026-09-28,2026-12-18,C,773.0,53,14,0.20925168197631833,15.1,15.46,15.56
QQQ,2026-09-28,2026-12-18,C,774.0,25,8,0.2086413365173339,14.74,15.08,15.18
QQQ,2026-09-28,2026-12-18,C,775.0,18564,120,0.20813780151367184,14.39,14.72,14.82
QQQ,2026-09-28,2026-12-18,C,776.0,19,18,0.20766478378295894,14.04,14.37,14.47
QQQ,2026-09-28,2026-12-18,C,777.0,25,38,0.20716124877929684,13.7,14.03,14.12
QQQ,2026-09-28,2026-12-18,C,778.0,15,126,0.20668823104858391,13.37,13.68,13.78
QQQ,2026-09-28,2026-12-18,C,779.0,22,1,0.20624573059082027,12.95,13.34,13.45
QQQ,2026-09-28,2026-12-18,C,780.0,21030,590,0.2057727128601074,12.99,13.04,13.12
QQQ,2026-09-28,2026-12-18,C,781.0,33,1,0.20534547103881834,11.89,12.7,12.8
QQQ,2026-09-28,2026-12-18,C,782.0,14,48,0.2049487464904785,12.2,12.39,12.49
QQQ,2026-09-28,2026-12-18,C,783.0,28,174,0.20442995285034177,11.79,12.08,12.17
QQQ,2026-09-28,2026-12-18,C,784.0,88,5,0.204460470123291,11.49,11.8,11.92
QQQ,2026-09-28,2026-12-18,C,785.0,3229,21,0.20368227966308594,11.21,11.49,11.58
QQQ,2026-09-28,2026-12-18,C,786.0,144,4,0.20311771011352536,10.58,11.18,11.27
QQQ,2026-09-28,2026-12-18,C,787.0,103,2,0.202858313293457,10.53,10.91,11.0
QQQ,2026-09-28,2026-12-18,C,788.0,52,15,0.20246158874511716,10.25,10.63,10.72
QQQ,2026-09-28,2026-12-18,C,789.0,60,2,0.20211064010620117,10.59,10.36,10.45
QQQ,2026-09-28,2026-12-18,C,790.0,7989,1629,0.20172917419433595,9.86,10.1,10.18
QQQ,2026-09-28,2026-12-18,C,791.0,52,40,0.20165288101196288,9.9,9.85,9.95
QQQ,2026-09-28,2026-12-18,C,792.0,175,8,0.20117986328124998,9.14,9.59,9.68
QQQ,2026-09-28,2026-12-18,C,793.0,99,4,0.20084417327880855,9.58,9.34,9.43
QQQ,2026-09-28,2026-12-18,C,794.0,76,15,0.2003711555480957,9.34,9.08,9.17
QQQ,2026-09-28,2026-12-18,C,795.0,6328,66,0.20005072418212888,8.81,8.85,8.93
QQQ,2026-09-28,2026-12-18,C,796.0,35,2,0.19948615463256836,8.15,8.58,8.67
QQQ,2026-09-28,2026-12-18,C,797.0,31,1,0.1995471891784668,8.38,8.39,8.48
QQQ,2026-09-28,2026-12-18,C,798.0,78,1,0.19919624053955076,8.16,8.17,8.25
QQQ,2026-09-28,2026-12-18,C,799.0,11,2,0.19879951599121093,8.11,7.93,8.02
QQQ,2026-09-28,2026-12-18,C,800.0,49314,6332,0.19834175689697264,7.71,7.72,7.79
QQQ,2026-09-28,2026-12-18,C,805.0,5085,153,0.19719735916137693,6.6,6.74,6.81
QQQ,2026-09-28,2026-12-18,C,810.0,20594,677,0.1959766682434082,5.53,5.85,5.92
QQQ,2026-09-28,2026-12-18,C,815.0,37318,173,0.19522899505615232,4.9,5.09,5.16
QQQ,2026-09-28,2026-12-18,C,820.0,19120,51,0.19409985595703128,4.37,4.39,4.45
QQQ,2026-09-28,2026-12-18,C,825.0,20224,155,0.19339795867919923,3.82,3.8,3.85
QQQ,2026-09-28,2026-12-18,C,830.0,4408,738,0.19321485504150393,3.26,3.29,3.35
QQQ,2026-09-28,2026-12-18,C,835.0,920,193,0.1925739923095703,2.85,2.83,2.88
QQQ,2026-09-28,2026-12-18,C,840.0,9450,240,0.192390888671875,2.45,2.44,2.49
QQQ,2026-09-28,2026-12-18,C,845.0,3501,219,0.19226881958007813,2.05,2.11,2.15
QQQ,2026-09-28,2026-12-18,C,850.0,7497,437,0.19232985412597658,1.74,1.82,1.86
QQQ,2026-09-28,2026-12-18,C,855.0,931,22,0.19300123413085937,1.46,1.58,1.63
QQQ,2026-09-28,2026-12-18,C,860.0,20446,3,0.19294019958496095,1.28,1.37,1.4
QQQ,2026-09-28,2026-12-18,C,865.0,789,107,0.19348951049804688,1.16,1.18,1.22
QQQ,2026-09-28,2026-12-18,C,870.0,6068,140,0.1939777868652344,1.06,1.02,1.06
QQQ,2026-09-28,2026-12-18,C,875.0,2952,425,0.19446606323242188,0.84,0.89,0.92
QQQ,2026-09-28,2026-12-18,C,880.0,20806,88,0.1955036505126953,0.73,0.77,0.81
QQQ,2026-09-28,2026-12-18,C,885.0,1179,193,0.1959308923339844,0.69,0.67,0.7
QQQ,2026-09-28,2026-12-18,C,890.0,1120,40,0.1970905487060547,0.6,0.58,0.62
QQQ,2026-09-28,2026-12-18,C,895.0,3536,276,0.1977619287109375,0.49,0.51,0.54
QQQ,2026-09-28,2026-12-18,C,900.0,15471,356,0.19898261962890623,0.45,0.44,0.48
QQQ,2026-09-28,2026-12-18,C,905.0,5323,311,0.19983710327148438,0.4,0.38,0.42
QQQ,2026-09-28,2026-12-18,C,910.0,2361,162,0.20081365600585935,0.35,0.33,0.37
QQQ,2026-09-28,2026-12-18,C,915.0,572,154,0.20215641601562498,0.3,0.29,0.33
QQQ,2026-09-28,2026-12-18,C,920.0,5607,1,0.20313296874999998,0.24,0.25,0.29
QQQ,2026-09-28,2026-12-18,C,925.0,906,2,0.20447572875976558,0.23,0.22,0.26
QQQ,2026-09-28,2026-12-18,C,930.0,10867,44,0.20557435058593748,0.2,0.19,0.23
QQQ,2026-09-28,2026-12-18,C,935.0,400,1,0.20606262695312497,0.12,0.16,0.2
QQQ,2026-09-28,2026-12-18,C,940.0,1092,30,0.20752745605468748,0.17,0.14,0.18
QQQ,2026-09-28,2026-12-18,C,945.0,1452,1,0.2087481469726562,0.11,0.12,0.16
QQQ,2026-09-28,2026-12-18,C,950.0,22376,8,0.20948056152343747,0.12,0.11,0.14
QQQ,2026-09-28,2026-12-18,C,955.0,971,11,0.21143366699218746,0.1,0.09,0.13
QQQ,2026-09-28,2026-12-18,C,960.0,5654,1,0.2133867724609375,0.09,0.07,0.12
QQQ,2026-09-28,2026-12-18,C,965.0,546,1,0.21289849609375,0.08,0.06,0.1
QQQ,2026-09-28,2026-12-18,C,970.0,5761,1,0.21436332519531248,0.09,0.05,0.09
QQQ,2026-09-28,2026-12-18,C,975.0,6298,1,0.21778125976562498,0.11,0.04,0.09
QQQ,2026-09-28,2026-12-18,C,980.0,832,1,0.21875781249999998,0.06,0.03,0.08
QQQ,2026-09-28,2026-12-18,C,985.0,275,2,0.21973436523437498,0.06,0.03,0.07
QQQ,2026-09-28,2026-12-18,C,990.0,6020,3,0.22266402343749997,0.09,0.05,0.07
QQQ,2026-09-28,2026-12-18,C,995.0,125,2,0.22657023437499998,0.09,0.04,0.07
QQQ,2026-09-28,2026-12-18,C,1000.0,20582,25,0.22657023437499998,0.06,0.04,0.06
QQQ,2026-09-28,2026-12-18,C,1005.0,402,480,0.229499892578125,0.11,0.03,0.06
QQQ,2026-09-28,2026-12-18,C,1010.0,396,1,0.2329178271484375,0.04,0.01,0.06
QQQ,2026-09-28,2026-12-18,C,1015.0,155,20,0.23242955078125,0.04,0.03,0.05
QQQ,2026-09-28,2026-12-18,C,1020.0,126,1,0.23535920898437498,0.08,0.01,0.05
QQQ,2026-09-28,2026-12-18,C,1025.0,202,1,0.23828886718749998,0.07,0.01,0.05
QQQ,2026-09-28,2026-12-18,C,1030.0,93,10,0.242195078125,0.03,0.0,0.05
QQQ,2026-09-28,2026-12-18,C,1035.0,5050,10,0.24024197265624997,0.03,0.0,0.04
QQQ,2026-09-28,2026-12-18,C,1040.0,109,1,0.243171630859375,0.09,0.0,0.04
QQQ,2026-09-28,2026-12-18,C,1045.0,18,2,0.2461012890625,0.07,0.0,0.04
QQQ,2026-09-28,2026-12-18,C,1050.0,17960,3,0.243171630859375,0.05,0.01,0.03
QQQ,2026-09-28,2026-12-18,C,1055.0,51,51,0.25196060546875,0.03,0.0,0.04
QQQ,2026-09-28,2026-12-18,C,1060.0,749,1,0.25586681640625003,0.02,0.0,0.04
QQQ,2026-09-28,2026-12-18,C,1065.0,393,2,0.25196060546875,0.02,0.0,0.03
QQQ,2026-09-28,2026-12-18,C,1070.0,77,2,0.25489026367187506,0.03,0.0,0.03
QQQ,2026-09-28,2026-12-18,C,1075.0,174,1,0.257819921875,0.02,0.0,0.03
QQQ,2026-09-28,2026-12-18,C,1080.0,14895,1,0.260749580078125,0.05,0.0,0.03
QQQ,2026-09-28,2026-12-18,C,1085.0,3098,20,0.26367923828125,0.03,0.01,0.03
QQQ,2026-09-28,2026-12-18,C,1090.0,9683,9,0.266608896484375,0.05,0.0,0.03
QQQ,2026-09-28,2026-12-18,C,1100.0,25949,60,0.27246821289062495,0.02,0.01,0.03
QQQ,2026-09-28,2026-12-18,P,204.78,10085,3,0.8281267187499999,0.03,0.01,0.03
QQQ,2026-09-28,2026-12-18,P,209.78,1158,220,0.8476577734374999,0.04,0.01,0.06
QQQ,2026-09-28,2026-12-18,P,214.78,222,2,0.8437515624999999,0.03,0.02,0.06
QQQ,2026-09-28,2026-12-18,P,219.78,173,2,0.8203142968749999,0.04,0.02,0.05
QQQ,2026-09-28,2026-12-18,P,224.78,302,50,0.804689453125,0.05,0.02,0.05
QQQ,2026-09-28,2026-12-18,P,229.78,428,60,0.79687703125,0.05,0.02,0.06
QQQ,2026-09-28,2026-12-18,P,234.78,2265,30,0.7753928710937501,0.05,0.01,0.06
QQQ,2026-09-28,2026-12-18,P,239.78,484,2,0.7773459765625,0.04,0.02,0.07
QQQ,2026-09-28,2026-12-18,P,244.78,726,5,0.76367423828125,0.04,0.02,0.07
QQQ,2026-09-28,2026-12-18,P,249.78,761,20,0.7500025,0.04,0.02,0.07
QQQ,2026-09-28,2026-12-18,P,250.0,1896,300,0.7500025,0.06,0.02,0.07
QQQ,2026-09-28,2026-12-18,P,254.78,762,65,0.7382838671874999,0.12,0.02,0.07
QQQ,2026-09-28,2026-12-18,P,255.0,515,27,0.7539087109375,0.09,0.05,0.07
QQQ,2026-09-28,2026-12-18,P,259.78,1424,1,0.7304714453125,0.16,0.03,0.07
QQQ,2026-09-28,2026-12-18,P,260.0,474,2,0.7460962890625,0.03,0.05,0.08
QQQ,2026-09-28,2026-12-18,P,264.78,750,5,0.73437765625,0.06,0.05,0.08
QQQ,2026-09-28,2026-12-18,P,265.0,833,18,0.73437765625,0.07,0.05,0.08
QQQ,2026-09-28,2026-12-18,P,269.78,3616,6,0.710940390625,0.06,0.03,0.08
QQQ,2026-09-28,2026-12-18,P,270.0,988,10,0.710940390625,0.07,0.03,0.08
QQQ,2026-09-28,2026-12-18,P,274.78,599,20,0.70898728515625,0.13,0.04,0.09
QQQ,2026-09-28,2026-12-18,P,275.0,3162,10,0.70898728515625,0.07,0.04,0.09
QQQ,2026-09-28,2026-12-18,P,279.78,435,20,0.6953155468750001,0.14,0.04,0.09
QQQ,2026-09-28,2026-12-18,P,280.0,202,10,0.6953155468750001,0.13,0.04,0.09
QQQ,2026-09-28,2026-12-18,P,284.78,3841,2,0.6894562304687502,0.12,0.05,0.09
QQQ,2026-09-28,2026-12-18,P,285.0,731,1,0.692385888671875,0.08,0.05,0.1
QQQ,2026-09-28,2026-12-18,P,289.78,539,2,0.6806672558593752,0.15,0.05,0.1
QQQ,2026-09-28,2026-12-18,P,290.0,309,10,0.6796907031250001,0.12,0.05,0.1
QQQ,2026-09-28,2026-12-18,P,294.78,2874,1,0.6728548339843752,0.1,0.06,0.1
QQQ,2026-09-28,2026-12-18,P,295.0,313,20,0.6718782812500002,0.12,0.06,0.1
QQQ,2026-09-28,2026-12-18,P,299.78,2452,15,0.6650424121093752,0.1,0.06,0.11
QQQ,2026-09-28,2026-12-18,P,300.0,3567,3,0.6640658593750002,0.09,0.07,0.1
QQQ,2026-09-28,2026-12-18,P,304.78,402,1,0.717776259765625,0.55,0.18,0.26
QQQ,2026-09-28,2026-12-18,P,305.0,322,10,0.659183095703125,0.12,0.07,0.12
QQQ,2026-09-28,2026-12-18,P,309.78,531,15,0.6513706738281251,0.11,0.08,0.12
QQQ,2026-09-28,2026-12-18,P,310.0,373,1,0.6513706738281251,0.11,0.08,0.12
QQQ,2026-09-28,2026-12-18,P,314.78,503,15,0.6435582519531251,0.12,0.08,0.13
QQQ,2026-09-28,2026-12-18,P,315.0,2830,1,0.6425816992187501,0.13,0.08,0.13
QQQ,2026-09-28,2026-12-18,P,319.78,2280,20,0.6347692773437501,0.12,0.09,0.13
QQQ,2026-09-28,2026-12-18,P,320.0,701,2,0.6367223828125,0.15,0.09,0.14
QQQ,2026-09-28,2026-12-18,P,324.78,1242,700,0.631839619140625,0.13,0.1,0.15
QQQ,2026-09-28,2026-12-18,P,325.0,1422,17,0.63086306640625,0.14,0.1,0.15
QQQ,2026-09-28,2026-12-18,P,329.78,6211,719,0.62305064453125,0.17,0.11,0.15
QQQ,2026-09-28,2026-12-18,P,330.0,2037,10,0.622074091796875,0.14,0.11,0.15
QQQ,2026-09-28,2026-12-18,P,334.78,1128,50,0.6162147753906251,0.35,0.12,0.16
QQQ,2026-09-28,2026-12-18,P,335.0,272,20,0.6162147753906251,0.16,0.12,0.16
QQQ,2026-09-28,2026-12-18,P,339.78,816,231,0.6074258007812501,0.44,0.12,0.17
QQQ,2026-09-28,2026-12-18,P,340.0,350,1,0.6093789062500001,0.18,0.13,0.17
QQQ,2026-09-28,2026-12-18,P,344.78,8168,8,0.6025430371093752,0.14,0.14,0.18
QQQ,2026-09-28,2026-12-18,P,345.0,603,1,0.6025430371093752,0.17,0.14,0.18
QQQ,2026-09-28,2026-12-18,P,349.78,2514,10,0.5996133789062501,0.35,0.16,0.2
QQQ,2026-09-28,2026-12-18,P,350.0,2983,4,0.5991251025390626,0.18,0.16,0.2
QQQ,2026-09-28,2026-12-18,P,354.78,798,10,0.5922892333984376,0.2,0.17,0.21
QQQ,2026-09-28,2026-12-18,P,355.0,494,1,0.5898478515625001,0.19,0.16,0.21
QQQ,2026-09-28,2026-12-18,P,359.78,2478,8,0.584965087890625,0.36,0.18,0.22
QQQ,2026-09-28,2026-12-18,P,360.0,1181,2,0.5844768115234374,0.19,0.18,0.22
QQQ,2026-09-28,2026-12-18,P,364.78,675,1,0.577152666015625,0.32,0.19,0.23
QQQ,2026-09-28,2026-12-18,P,365.0,229,2,0.5751995605468749,0.22,0.18,0.23
QQQ,2026-09-28,2026-12-18,P,369.78,4016,1,0.5698285205078125,0.34,0.2,0.24
QQQ,2026-09-28,2026-12-18,P,370.0,767,2,0.5722699023437501,0.22,0.21,0.25
QQQ,2026-09-28,2026-12-18,P,374.78,2053,1,0.5634809277343751,0.39,0.21,0.26
QQQ,2026-09-28,2026-12-18,P,375.0,1653,43,0.5634809277343751,0.28,0.21,0.26
QQQ,2026-09-28,2026-12-18,P,379.78,5090,1,0.5571333349609376,0.41,0.23,0.27
QQQ,2026-09-28,2026-12-18,P,380.0,3819,115,0.5571333349609376,0.25,0.23,0.27
QQQ,2026-09-28,2026-12-18,P,384.78,570,10,0.551762294921875,0.26,0.25,0.29
QQQ,2026-09-28,2026-12-18,P,385.0,323,6,0.5502974658203126,0.27,0.24,0.29
QQQ,2026-09-28,2026-12-18,P,389.78,1208,1,0.5454147021484376,0.42,0.27,0.3
QQQ,2026-09-28,2026-12-18,P,390.0,1994,4,0.5449264257812501,0.27,0.27,0.3
QQQ,2026-09-28,2026-12-18,P,394.78,816,1,0.5395553857421876,0.45,0.29,0.32
QQQ,2026-09-28,2026-12-18,P,395.0,181,2,0.5380905566406251,0.35,0.28,0.32
QQQ,2026-09-28,2026-12-18,P,399.78,3695,1,0.5334519311523438,0.51,0.31,0.34
QQQ,2026-09-28,2026-12-18,P,400.0,31884,126,0.5310105493164063,0.32,0.29,0.34
QQQ,2026-09-28,2026-12-18,P,404.78,1426,2,0.52539537109375,0.34,0.31,0.36
QQQ,2026-09-28,2026-12-18,P,405.0,238,1,0.5239305419921875,0.37,0.31,0.35
QQQ,2026-09-28,2026-12-18,P,409.78,608,6,0.5180712255859375,0.46,0.33,0.37
QQQ,2026-09-28,2026-12-18,P,410.0,5795,2,0.5185595019531251,0.42,0.34,0.37
QQQ,2026-09-28,2026-12-18,P,414.78,3058,2,0.5136767382812499,0.39,0.36,0.4
QQQ,2026-09-28,2026-12-18,P,415.0,761,3,0.5114794946289063,0.48,0.35,0.39
QQQ,2026-09-28,2026-12-18,P,419.78,510,1,0.5053760400390624,0.46,0.37,0.41
QQQ,2026-09-28,2026-12-18,P,420.0,7779,5,0.50586431640625,0.46,0.38,0.41
QQQ,2026-09-28,2026-12-18,P,424.78,1604,1,0.5019581054687501,0.52,0.39,0.43
QQQ,2026-09-28,2026-12-18,P,425.0,1191,3,0.5007374145507812,0.45,0.41,0.44
QQQ,2026-09-28,2026-12-18,P,429.78,297,1,0.49658706542968756,0.7,0.43,0.46
QQQ,2026-09-28,2026-12-18,P,430.0,8472,22,0.49609878906250005,0.47,0.42,0.46
QQQ,2026-09-28,2026-12-18,P,434.78,154,6,0.48950705810546885,0.53,0.45,0.48
QQQ,2026-09-28,2026-12-18,P,435.0,346,1,0.4904836108398438,0.55,0.46,0.49
QQQ,2026-09-28,2026-12-18,P,439.78,2200,1,0.4836477416992188,0.51,0.47,0.51
QQQ,2026-09-28,2026-12-18,P,440.0,11848,236,0.48340360351562506,0.51,0.49,0.51
QQQ,2026-09-28,2026-12-18,P,444.78,2491,52,0.4777884252929688,0.54,0.5,0.54
QQQ,2026-09-28,2026-12-18,P,445.0,242,84,0.47730014892578126,0.53,0.5,0.54
QQQ,2026-09-28,2026-12-18,P,449.78,712,2,0.471684970703125,0.56,0.53,0.57
QQQ,2026-09-28,2026-12-18,P,450.0,17088,139,0.47119669433593747,0.57,0.53,0.57
QQQ,2026-09-28,2026-12-18,P,454.78,1858,34,0.4655815161132813,0.6,0.56,0.6
QQQ,2026-09-28,2026-12-18,P,455.0,2573,44,0.4650932397460938,0.62,0.56,0.6
QQQ,2026-09-28,2026-12-18,P,459.78,292,42,0.4592339233398438,0.64,0.59,0.63
QQQ,2026-09-28,2026-12-18,P,460.0,4325,26,0.4587456469726563,0.65,0.59,0.63
QQQ,2026-09-28,2026-12-18,P,464.78,544,47,0.45361874511718747,0.64,0.62,0.67
QQQ,2026-09-28,2026-12-18,P,465.0,2456,96,0.45325253784179687,0.66,0.63,0.67
QQQ,2026-09-28,2026-12-18,P,469.78,630,14,0.4470270141601562,0.71,0.66,0.7
QQQ,2026-09-28,2026-12-18,P,470.0,4477,133,0.44751529052734373,0.68,0.66,0.71
QQQ,2026-09-28,2026-12-18,P,474.78,1150,53,0.44116769775390624,0.72,0.7,0.74
QQQ,2026-09-28,2026-12-18,P,475.0,1679,22,0.4408014904785156,0.78,0.71,0.74
QQQ,2026-09-28,2026-12-18,P,479.78,334,16,0.43530838134765626,0.76,0.74,0.78
QQQ,2026-09-28,2026-12-18,P,480.0,28630,93,0.4348201049804688,0.77,0.75,0.78
QQQ,2026-09-28,2026-12-18,P,484.78,1791,12,0.4292049267578125,0.9,0.79,0.82
QQQ,2026-09-28,2026-12-18,P,485.0,3676,6,0.428716650390625,0.89,0.8,0.82
QQQ,2026-09-28,2026-12-18,P,489.78,639,2,0.4237118176269531,0.89,0.83,0.87
QQQ,2026-09-28,2026-12-18,P,490.0,7756,6,0.4232235412597656,0.92,0.84,0.87
QQQ,2026-09-28,2026-12-18,P,494.78,679,1,0.41870698486328123,1.02,0.88,0.93
QQQ,2026-09-28,2026-12-18,P,495.0,2736,2,0.41760836303710935,0.95,0.88,0.92
QQQ,2026-09-28,2026-12-18,P,499.78,800,1,0.4128476684570312,1.02,0.94,0.98
QQQ,2026-09-28,2026-12-18,P,500.0,20391,136,0.41174904663085937,1.0,0.94,0.97
QQQ,2026-09-28,2026-12-18,P,504.78,2720,1,0.4067442138671875,1.12,0.99,1.03
QQQ,2026-09-28,2026-12-18,P,505.0,4192,1,0.4063780065917969,1.1,1.0,1.03
QQQ,2026-09-28,2026-12-18,P,509.78,318,1,0.4012511047363281,1.21,1.05,1.09
QQQ,2026-09-28,2026-12-18,P,510.0,7880,14,0.4007628283691406,1.07,1.05,1.09
QQQ,2026-09-28,2026-12-18,P,514.78,368,1,0.39490351196289064,1.33,1.11,1.14
QQQ,2026-09-28,2026-12-18,P,515.0,13080,5,0.39502558105468755,1.15,1.12,1.15
QQQ,2026-09-28,2026-12-18,P,519.78,789,1,0.3895324719238281,1.37,1.18,1.21
QQQ,2026-09-28,2026-12-18,P,520.0,11815,2,0.389654541015625,1.28,1.18,1.22
QQQ,2026-09-28,2026-12-18,P,524.78,488,1,0.38349005187988283,1.34,1.25,1.27
QQQ,2026-09-28,2026-12-18,P,525.0,4761,14,0.38410039733886714,1.39,1.25,1.29
QQQ,2026-09-28,2026-12-18,P,529.78,3785,2,0.3792786682128906,1.43,1.33,1.37
QQQ,2026-09-28,2026-12-18,P,530.0,23701,1,0.37830211547851555,1.42,1.32,1.36
QQQ,2026-09-28,2026-12-18,P,534.78,957,2,0.37329728271484375,1.52,1.4,1.44
QQQ,2026-09-28,2026-12-18,P,535.0,7890,1,0.37329728271484375,1.58,1.41,1.45
QQQ,2026-09-28,2026-12-18,P,539.78,1177,1,0.36762106994628907,1.74,1.48,1.52
QQQ,2026-09-28,2026-12-18,P,540.0,17059,31,0.367193828125,1.6,1.49,1.52
QQQ,2026-09-28,2026-12-18,P,544.78,564,2,0.36261623718261715,1.67,1.58,1.62
QQQ,2026-09-28,2026-12-18,P,545.0,1664,1,0.3621889953613281,1.66,1.58,1.62
QQQ,2026-09-28,2026-12-18,P,549.78,480,4,0.3569400244140625,1.82,1.67,1.71
QQQ,2026-09-28,2026-12-18,P,550.0,30279,15,0.35657381713867187,1.7,1.67,1.71
QQQ,2026-09-28,2026-12-18,P,554.78,3949,52,0.3515079498291015,1.9,1.77,1.81
QQQ,2026-09-28,2026-12-18,P,555.0,9842,1,0.35144691528320304,1.85,1.78,1.82
QQQ,2026-09-28,2026-12-18,P,559.78,341,16,0.3458317370605468,2.01,1.88,1.91
QQQ,2026-09-28,2026-12-18,P,560.0,14579,226,0.34613690979003897,1.91,1.88,1.93
QQQ,2026-09-28,2026-12-18,P,564.78,896,1,0.3409489733886719,2.14,2.0,2.04
QQQ,2026-09-28,2026-12-18,P,565.0,4683,26,0.34058276611328125,2.03,2.01,2.04
QQQ,2026-09-28,2026-12-18,P,569.78,843,3,0.33521172607421873,2.22,2.12,2.15
QQQ,2026-09-28,2026-12-18,P,570.0,14919,240,0.3350896569824219,2.2,2.12,2.16
QQQ,2026-09-28,2026-12-18,P,574.78,1795,1,0.3298406860351562,2.38,2.24,2.28
QQQ,2026-09-28,2026-12-18,P,575.0,20514,114,0.3300237896728515,2.35,2.25,2.3
QQQ,2026-09-28,2026-12-18,P,579.78,1504,64,0.32507999145507804,2.61,2.4,2.44
QQQ,2026-09-28,2026-12-18,P,580.0,26589,185,0.3244086114501953,2.45,2.39,2.43
QQQ,2026-09-28,2026-12-18,P,584.78,888,52,0.31952584777832027,2.65,2.54,2.58
QQQ,2026-09-28,2026-12-18,P,585.0,15407,86,0.31940377868652337,2.67,2.55,2.59
QQQ,2026-09-28,2026-12-18,P,589.78,1094,3,0.31452101501464835,2.9,2.7,2.75
QQQ,2026-09-28,2026-12-18,P,590.0,24435,78,0.31409377319335935,2.75,2.72,2.75
QQQ,2026-09-28,2026-12-18,P,594.78,3419,9,0.30918049224853517,2.89,2.88,2.92
QQQ,2026-09-28,2026-12-18,P,595.0,3723,251,0.30927204406738285,2.92,2.9,2.94
QQQ,2026-09-28,2026-12-18,P,599.78,2852,535,0.30408410766601557,3.04,3.08,3.11
QQQ,2026-09-28,2026-12-18,P,600.0,46812,405,0.3038704867553711,3.18,3.09,3.12
QQQ,2026-09-28,2026-12-18,P,604.78,1025,1,0.2988961712646484,3.31,3.28,3.31
QQQ,2026-09-28,2026-12-18,P,605.0,19504,37,0.2986825503540038,3.3,3.28,3.32
QQQ,2026-09-28,2026-12-18,P,609.78,1321,2,0.2940134075927734,3.72,3.49,3.54
QQQ,2026-09-28,2026-12-18,P,610.0,21780,26,0.2937997866821288,3.8,3.51,3.55
QQQ,2026-09-28,2026-12-18,P,615.0,13996,16,0.28882547119140617,3.99,3.75,3.79
QQQ,2026-09-28,2026-12-18,P,620.0,31926,939,0.28385115570068353,4.03,4.01,4.05
QQQ,2026-09-28,2026-12-18,P,625.0,8828,43,0.27924304748535156,4.34,4.3,4.35
QQQ,2026-09-28,2026-12-18,P,630.0,12005,92,0.27426873199462887,4.64,4.6,4.65
QQQ,2026-09-28,2026-12-18,P,635.0,5563,3,0.2695690719604492,5.26,4.94,4.99
QQQ,2026-09-28,2026-12-18,P,640.0,17429,56,0.2650525155639648,5.66,5.32,5.37
QQQ,2026-09-28,2026-12-18,P,645.0,29530,13,0.2603833728027344,5.76,5.72,5.77
QQQ,2026-09-28,2026-12-18,P,650.0,44774,2108,0.25595836822509765,6.39,6.16,6.22
QQQ,2026-09-28,2026-12-18,P,655.0,24343,19,0.25144181182861325,6.91,6.64,6.7
QQQ,2026-09-28,2026-12-18,P,660.0,26728,297,0.24695577270507812,7.24,7.16,7.22
QQQ,2026-09-28,2026-12-18,P,665.0,7873,117,0.24265283721923825,8.02,7.73,7.8
QQQ,2026-09-28,2026-12-18,P,670.0,22651,173,0.23824309127807614,8.67,8.35,8.42
QQQ,2026-09-28,2026-12-18,P,675.0,25253,169,0.2339248971557617,9.35,9.03,9.1
QQQ,2026-09-28,2026-12-18,P,676.0,92,18,0.23313144805908204,9.53,9.17,9.25
QQQ,2026-09-28,2026-12-18,P,677.0,29,1,0.2323227403259277,9.89,9.32,9.4
QQQ,2026-09-28,2026-12-18,P,678.0,78,6,0.23137670486450196,9.74,9.47,9.54
QQQ,2026-09-28,2026-12-18,P,679.0,57,5,0.23021704849243163,10.48,9.59,9.66
QQQ,2026-09-28,2026-12-18,P,680.0,67201,30188,0.22972877212524412,9.85,9.77,9.85
QQQ,2026-09-28,2026-12-18,P,681.0,95,3,0.22852333984375,10.81,9.9,9.97
QQQ,2026-09-28,2026-12-18,P,682.0,37,3,0.22797402893066404,10.98,10.07,10.16
QQQ,2026-09-28,2026-12-18,P,683.0,32,4,0.2268143725585937,11.15,10.21,10.29
QQQ,2026-09-28,2026-12-18,P,684.0,12,5,0.22602092346191405,11.33,10.38,10.46
QQQ,2026-09-28,2026-12-18,P,685.0,5040,117,0.22521221572875977,10.86,10.55,10.63
QQQ,2026-09-28,2026-12-18,P,686.0,51,6,0.2244645425415039,11.32,10.73,10.81
QQQ,2026-09-28,2026-12-18,P,687.0,93,8,0.22359480026245115,11.21,10.89,10.98
QQQ,2026-09-28,2026-12-18,P,688.0,51,5,0.2226945407104492,11.39,11.07,11.15
QQQ,2026-09-28,2026-12-18,P,689.0,67,43,0.22196212615966793,11.65,11.26,11.34
QQQ,2026-09-28,2026-12-18,P,690.0,29114,31466,0.22100083206176757,11.5,11.43,11.51
QQQ,2026-09-28,2026-12-18,P,691.0,128,12,0.22029893478393553,12.02,11.62,11.71
QQQ,2026-09-28,2026-12-18,P,692.0,48,5,0.21930712341308595,12.83,11.8,11.88
QQQ,2026-09-28,2026-12-18,P,693.0,29,3,0.21845263977050777,13.03,11.98,12.07
QQQ,2026-09-28,2026-12-18,P,694.0,98,6,0.2177507424926758,12.61,12.2,12.28
QQQ,2026-09-28,2026-12-18,P,695.0,8435,409,0.21720143157958982,13.19,12.4,12.51
QQQ,2026-09-28,2026-12-18,P,696.0,68,12,0.21590444747924803,13.66,12.57,12.66
QQQ,2026-09-28,2026-12-18,P,697.0,72,5,0.21546194702148438,13.87,12.8,12.91
QQQ,2026-09-28,2026-12-18,P,698.0,103,5,0.21448539428710936,13.64,13.01,13.1
QQQ,2026-09-28,2026-12-18,P,699.0,34,6,0.2135393588256836,13.94,13.21,13.3
QQQ,2026-09-28,2026-12-18,P,700.0,63038,653,0.21283746154785155,13.54,13.44,13.53
QQQ,2026-09-28,2026-12-18,P,701.0,25,9,0.21192194335937498,14.3,13.65,13.74
QQQ,2026-09-28,2026-12-18,P,702.0,8,2,0.21125056335449216,14.55,13.88,13.98
QQQ,2026-09-28,2026-12-18,P,703.0,52,4,0.2102740106201172,15.46,14.09,14.19
QQQ,2026-09-28,2026-12-18,P,704.0,29,2,0.2093584924316406,14.68,14.32,14.41
QQQ,2026-09-28,2026-12-18,P,705.0,3913,20,0.20882444015502927,15.52,14.57,14.68
QQQ,2026-09-28,2026-12-18,P,706.0,35,31,0.20768004241943355,15.6,14.77,14.88
QQQ,2026-09-28,2026-12-18,P,707.0,54,31,0.20700866241455074,15.92,15.03,15.14
QQQ,2026-09-28,2026-12-18,P,708.0,524,28,0.2066119378662109,15.01,15.31,15.44
QQQ,2026-09-28,2026-12-18,P,709.0,44,27,0.2052996951293945,15.32,15.53,15.63
QQQ,2026-09-28,2026-12-18,P,710.0,25483,396,0.2048419360351562,15.95,15.81,15.93
QQQ,2026-09-28,2026-12-18,P,711.0,12,30,0.20394167648315426,16.7,16.07,16.18
QQQ,2026-09-28,2026-12-18,P,712.0,41,54,0.20317874465942382,17.32,16.34,16.45
QQQ,2026-09-28,2026-12-18,P,713.0,26,24,0.2021411573791504,17.31,16.59,16.69
QQQ,2026-09-28,2026-12-18,P,714.0,24,26,0.20130193237304686,17.77,16.86,16.96
QQQ,2026-09-28,2026-12-18,P,715.0,5059,41,0.20050848327636717,18.01,17.13,17.24
QQQ,2026-09-28,2026-12-18,P,716.0,21,4,0.19968451690673827,18.0,17.41,17.52
QQQ,2026-09-28,2026-12-18,P,717.0,61,2,0.19950141326904297,18.47,17.76,17.89
QQQ,2026-09-28,2026-12-18,P,718.0,69,35,0.19814339462280273,18.87,18.01,18.11
QQQ,2026-09-28,2026-12-18,P,719.0,94,12,0.19721261779785154,18.77,18.3,18.39
QQQ,2026-09-28,2026-12-18,P,720.0,19375,216,0.19646494461059572,19.24,18.61,18.7
QQQ,2026-09-28,2026-12-18,P,721.0,31,1,0.1956104609680176,18.65,18.89,19.0
QQQ,2026-09-28,2026-12-18,P,722.0,22,4,0.19487804641723633,19.22,19.21,19.32
QQQ,2026-09-28,2026-12-18,P,723.0,44,9,0.19417614913940429,20.35,19.53,19.65
QQQ,2026-09-28,2026-12-18,P,724.0,39,2,0.19327588958740233,20.77,19.86,19.96
QQQ,2026-09-28,2026-12-18,P,725.0,23984,196,0.19286390640258788,20.3,20.21,20.34
QQQ,2026-09-28,2026-12-18,P,726.0,28,11,0.19167373275756838,20.24,20.5,20.62
QQQ,2026-09-28,2026-12-18,P,727.0,11,2,0.19104812866210938,21.96,20.85,20.98
QQQ,2026-09-28,2026-12-18,P,728.0,11,2,0.1900715759277344,21.71,21.18,21.3
QQQ,2026-09-28,2026-12-18,P,729.0,92,5,0.18964433410644532,22.12,21.56,21.7
QQQ,2026-09-28,2026-12-18,P,730.0,7051,1185,0.1886677813720703,22.54,21.92,22.03
QQQ,2026-09-28,2026-12-18,P,731.0,86,17,0.1878743322753906,23.62,22.26,22.39
QQQ,2026-09-28,2026-12-18,P,732.0,10,10,0.18740131454467773,23.47,22.66,22.8
QQQ,2026-09-28,2026-12-18,P,733.0,48,10,0.18637898590087892,23.85,23.02,23.14
QQQ,2026-09-28,2026-12-18,P,734.0,228,21,0.18552450225830075,24.19,23.4,23.51
QQQ,2026-09-28,2026-12-18,P,735.0,5016,104,0.18477682907104487,23.9,23.77,23.9
QQQ,2026-09-28,2026-12-18,P,736.0,87,29,0.18405967315673827,25.74,24.14,24.3
QQQ,2026-09-28,2026-12-18,P,737.0,123,49,0.18329674133300777,25.39,24.54,24.7
QQQ,2026-09-28,2026-12-18,P,738.0,163,114,0.1827779476928711,26.18,24.97,25.14
QQQ,2026-09-28,2026-12-18,P,739.0,117,41,0.1814962222290039,26.08,25.32,25.48
QQQ,2026-09-28,2026-12-18,P,740.0,9025,206,0.18111475631713864,26.41,25.8,25.95
QQQ,2026-09-28,2026-12-18,P,741.0,47,8,0.18024501403808596,27.33,26.2,26.36
QQQ,2026-09-28,2026-12-18,P,742.0,80,14,0.17948208221435547,27.9,26.62,26.79
QQQ,2026-09-28,2026-12-18,P,743.0,147,7,0.1791006163024902,28.39,27.1,27.28
QQQ,2026-09-28,2026-12-18,P,744.0,37,12,0.17831479652404789,28.46,27.54,27.72
QQQ,2026-09-28,2026-12-18,P,745.0,3556,110,0.17740690765380857,29.08,27.99,28.15
QQQ,2026-09-28,2026-12-18,P,746.0,17,5,0.1765981999206543,29.96,28.45,28.6
QQQ,2026-09-28,2026-12-18,P,747.0,10,4,0.17566742309570313,31.24,28.87,29.04
QQQ,2026-09-28,2026-12-18,P,748.0,40,14,0.17490449127197266,27.33,29.33,29.51
QQQ,2026-09-28,2026-12-18,P,749.0,50,33,0.17409578353881838,30.78,29.79,29.98
QQQ,2026-09-28,2026-12-18,P,750.0,10079,31,0.1735312139892578,31.6,30.3,30.49
QQQ,2026-09-28,2026-12-18,P,751.0,13,1,0.17290560989379883,30.83,30.81,31.0
QQQ,2026-09-28,2026-12-18,P,752.0,9,3,0.1715781085205078,32.93,31.23,31.42
QQQ,2026-09-28,2026-12-18,P,753.0,6,2,0.17145603942871096,32.94,31.81,32.01
QQQ,2026-09-28,2026-12-18,P,754.0,6,6,0.17023534851074223,29.93,32.28,32.46
QQQ,2026-09-28,2026-12-18,P,755.0,301,2,0.1700064689636231,35.52,32.87,33.05
QQQ,2026-09-28,2026-12-18,P,756.0,2,2,0.16898414031982423,30.91,33.34,33.54
QQQ,2026-09-28,2026-12-18,P,759.0,9,1,0.166924224395752,36.69,34.99,35.19
QQQ,2026-09-28,2026-12-18,P,760.0,3692,6,0.16574930938720706,36.67,35.49,35.69
QQQ,2026-09-28,2026-12-18,P,762.0,6,6,0.16468120483398438,34.79,36.69,36.88
QQQ,2026-09-28,2026-12-18,P,765.0,385,1,0.16239240936279298,41.63,38.43,38.63
QQQ,2026-09-28,2026-12-18,P,768.0,1,1,0.1611717184448242,38.25,40.1,40.58
QQQ,2026-09-28,2026-12-18,P,769.0,3,1,0.15982895843505857,41.08,40.59,41.13
QQQ,2026-09-28,2026-12-18,P,770.0,588,2,0.15990525161743163,41.23,41.3,41.86
QQQ,2026-09-28,2026-12-18,P,772.0,1,0,0.15764697341918943,42.68,42.5,43.05
QQQ,2026-09-28,2026-12-18,P,775.0,780,58,0.1554802470397949,41.49,44.63,45.04
QQQ,2026-09-28,2026-12-18,P,776.0,1,0,0.1552208502197266,45.29,45.19,45.77
QQQ,2026-09-28,2026-12-18,P,780.0,863,15,0.15229119201660157,49.0,47.93,48.55
QQQ,2026-09-28,2026-12-18,P,785.0,464,22,0.1491173956298828,47.98,51.53,52.24
QQQ,2026-09-28,2026-12-18,P,790.0,63,3,0.1450128224182129,51.67,55.32,56.02
QQQ,2026-09-28,2026-12-18,P,793.0,24,22,0.16103439071655273,54.01,57.66,59.99
QQQ,2026-09-28,2026-12-18,P,794.0,4,4,0.14215945739746094,57.19,58.4,59.21
QQQ,2026-09-28,2026-12-18,P,795.0,220,22,0.16013413116455077,55.55,59.21,61.59
QQQ,2026-09-28,2026-12-18,P,797.0,1,0,0.15923387161254882,61.37,60.83,63.21
QQQ,2026-09-28,2026-12-18,P,798.0,4,4,0.13852790191650394,63.95,61.69,62.45
QQQ,2026-09-28,2026-12-18,P,799.0,1,1,0.1376429010009766,62.69,62.51,63.28
QQQ,2026-09-28,2026-12-18,P,800.0,1216,4,0.1368189346313477,63.58,63.35,64.12
QQQ,2026-09-28,2026-12-18,P,805.0,341,1,0.13218030914306644,68.1,67.58,68.39
QQQ,2026-09-28,2026-12-18,P,810.0,651,22,0.12708392456054687,74.52,71.95,72.8
QQQ,2026-09-28,2026-12-18,P,815.0,223,1,0.14997187927246097,79.39,76.43,78.6
QQQ,2026-09-28,2026-12-18,P,820.0,330,1,0.15552602294921875,82.6,80.18,83.53
QQQ,2026-09-28,2026-12-18,P,825.0,252,292,0.15738757659912112,79.76,84.91,88.29
QQQ,2026-09-28,2026-12-18,P,830.0,3,6,0.1659934475708008,93.98,89.78,93.39
QQQ,2026-09-28,2026-12-18,P,835.0,0,2,1.0000000000000003e-05,103.66,0.0,0.0
QQQ,2026-09-28,2026-12-18,P,840.0,0,26,0.17292086853027344,94.94,99.68,103.13
QQQ,2026-09-28,2026-12-18,P,845.0,1,1,0.18372398315429686,100.64,104.74,108.33
QQQ,2026-09-28,2026-12-18,P,850.0,0,2,1.0000000000000003e-05,127.68,0.0,0.0
QQQ,2026-09-28,2026-12-18,P,855.0,0,20,0.1911091632080078,148.6,114.72,118.13
QQQ,2026-09-28,2026-12-18,P,860.0,0,1,0.19702951416015624,114.5,119.68,123.13
QQQ,2026-09-28,2026-12-18,P,865.0,0,661,1.0000000000000003e-05,147.86,0.0,0.0
QQQ,2026-09-28,2026-12-18,P,870.0,0,1,1.0000000000000003e-05,148.75,0.0,0.0
QQQ,2026-09-28,2026-12-18,P,875.0,0,2,0.21326470336914063,169.37,134.68,138.09
QQQ,2026-09-28,2026-12-18,P,880.0,0,4,1.0000000000000003e-05,147.21,0.0,0.0
QQQ,2026-09-28,2026-12-18,P,885.0,0,4,1.0000000000000003e-05,154.92,0.0,0.0
QQQ,2026-09-28,2026-12-18,P,890.0,0,2,1.0000000000000003e-05,157.58,0.0,0.0
QQQ,2026-09-28,2026-12-18,P,895.0,0,20,0.23657989990234374,188.61,154.69,158.13
QQQ,2026-09-28,2026-12-18,P,900.0,1,1,0.2420119744873047,162.0,159.68,163.13
QQQ,2026-09-28,2026-12-18,P,905.0,0,1,0.24738301452636718,168.68,164.68,168.13
QQQ,2026-09-28,2026-12-18,P,910.0,0,0,1.3427309474945064,300.25,298.5,303.5
QQQ,2026-09-28,2026-12-18,P,920.0,0,1111,0.2631299273681641,196.88,179.68,183.13
QQQ,2026-09-28,2026-12-18,P,925.0,0,130,0.6329687582397462,227.74,216.94,219.83
QQQ,2026-09-28,2026-12-18,P,935.0,0,2124,0.6489292919921875,237.17,226.8,230.04
QQQ,2026-09-28,2026-12-18,P,940.0,0,0,0.6566349034118653,239.52,231.8,235.04
QQQ,2026-09-28,2026-12-18,P,950.0,0,2,0.29132788757324213,213.23,209.68,213.07
QQQ,2026-09-28,2026-12-18,P,960.0,0,2,0.3031075549316406,254.37,219.68,223.13
QQQ,2026-09-28,2026-12-18,P,1000.0,0,6,0.3404606970214844,294.37,259.68,263.13
QQQ,2026-09-28,2026-12-18,P,1015.0,0,0,0.35156898437499995,309.37,274.68,278.07
QQQ,2026-09-28,2026-12-18,P,1020.0,0,0,0.3582827844238281,314.38,279.69,283.13
QQQ,2026-09-28,2026-12-18,P,1025.0,0,4,0.7762626133728028,327.53,316.94,319.83
QQQ,2026-09-28,2026-12-18,P,1030.0,0,0,0.36701072448730465,324.38,289.69,293.13
QQQ,2026-09-28,2026-12-18,P,1045.0,0,0,0.3802552209472656,339.38,304.73,308.14
QQQ,2026-09-28,2026-12-18,P,1050.0,0,0,0.3848938464355468,344.2,309.69,313.15
QQQ,2026-09-28,2026-12-18,P,1055.0,0,0,0.38867798828125,349.2,314.69,318.14
QQQ,2026-09-28,2026-12-18,P,1060.0,0,0,0.3924621301269531,354.38,319.73,323.13
QQQ,2026-09-28,2026-12-18,P,1065.0,0,0,0.3966124792480469,359.37,324.68,328.13
QQQ,2026-09-28,2026-12-18,P,1070.0,0,0,0.4007017938232422,364.37,329.68,333.13
QQQ,2026-09-28,2026-12-18,P,1100.0,0,0,0.424810439453125,394.48,359.68,363.13
QQQ,2026-09-28,2027-01-15,C,205.0,240,5,1.2019082873535156,537.75,534.06,537.47
QQQ,2026-09-28,2027-01-15,C,210.0,0,3,1.0000000000000003e-05,522.82,0.0,0.0
QQQ,2026-09-28,2027-01-15,C,215.0,31,3,1.1691936071777342,506.5,524.2,527.58
QQQ,2026-09-28,2027-01-15,C,220.0,80,8,1.0000000000000003e-05,476.88,487.71,491.12
QQQ,2026-09-28,2027-01-15,C,225.0,0,20,1.0000000000000003e-05,478.9,0.0,0.0
QQQ,2026-09-28,2027-01-15,C,230.0,61,61,1.1274457690429687,491.0,509.42,512.88
QQQ,2026-09-28,2027-01-15,C,235.0,8,1,1.1106001501464844,477.8,504.49,507.89
QQQ,2026-09-28,2027-01-15,C,240.0,170,1,1.1016890618896487,504.54,499.67,503.02
QQQ,2026-09-28,2027-01-15,C,245.0,21,5,1.0000000000000003e-05,487.7,452.4,456.19
QQQ,2026-09-28,2027-01-15,C,250.0,102,1,1.0720261242675786,490.54,489.77,493.17
QQQ,2026-09-28,2027-01-15,C,255.0,3,1,1.0000000000000003e-05,480.75,453.4,456.82
QQQ,2026-09-28,2027-01-15,C,260.0,15,1,1.0418749078369143,460.04,479.9,483.24
QQQ,2026-09-28,2027-01-15,C,265.0,37,1,1.0000000000000003e-05,454.16,443.57,447.01
QQQ,2026-09-28,2027-01-15,C,270.0,0,36,1.0000000000000003e-05,453.02,0.0,0.0
QQQ,2026-09-28,2027-01-15,C,275.0,0,1,1.0000000000000003e-05,454.0,0.0,0.0
QQQ,2026-09-28,2027-01-15,C,280.0,0,1,1.0000000000000003e-05,445.57,0.0,0.0
QQQ,2026-09-28,2027-01-15,C,285.0,0,20,1.0000000000000003e-05,438.56,0.0,0.0
QQQ,2026-09-28,2027-01-15,C,290.0,29,2,0.9644778942871093,435.16,450.34,453.71
QQQ,2026-09-28,2027-01-15,C,295.0,0,50,1.0000000000000003e-05,441.65,0.0,0.0
QQQ,2026-09-28,2027-01-15,C,300.0,231,1,0.9429937341308592,440.35,440.56,443.93
QQQ,2026-09-28,2027-01-15,C,305.0,16,1,1.0000000000000003e-05,380.0,414.96,418.99
QQQ,2026-09-28,2027-01-15,C,310.0,0,65,1.0000000000000003e-05,402.56,0.0,0.0
QQQ,2026-09-28,2027-01-15,C,315.0,114,11,0.905274384765625,398.38,425.71,429.17
QQQ,2026-09-28,2027-01-15,C,320.0,0,1,1.0000000000000003e-05,402.38,0.0,0.0
QQQ,2026-09-28,2027-01-15,C,325.0,176,7,0.8821422918701172,395.1,415.87,419.33
QQQ,2026-09-28,2027-01-15,C,330.0,78,1,1.1304364767456057,420.53,419.9,423.55
QQQ,2026-09-28,2027-01-15,C,335.0,60,4,0.8612684771728516,385.2,406.13,409.49
QQQ,2026-09-28,2027-01-15,C,340.0,26,1,0.8499770861816407,379.17,401.21,404.57
QQQ,2026-09-28,2027-01-15,C,345.0,0,3,1.0000000000000003e-05,382.12,0.0,0.0
QQQ,2026-09-28,2027-01-15,C,350.0,129,3,0.8280656842041014,373.35,391.38,394.74
QQQ,2026-09-28,2027-01-15,C,355.0,0,2,1.0000000000000003e-05,372.47,0.0,0.0
QQQ,2026-09-28,2027-01-15,C,360.0,65,1,0.8050556604003907,351.32,381.46,384.92
QQQ,2026-09-28,2027-01-15,C,365.0,0,3,1.0000000000000003e-05,361.41,0.0,0.0
QQQ,2026-09-28,2027-01-15,C,370.0,46,2,0.7846701220703125,355.13,371.74,375.03
QQQ,2026-09-28,2027-01-15,C,375.0,0,1,1.0000000000000003e-05,342.41,0.0,0.0
QQQ,2026-09-28,2027-01-15,C,380.0,71,3,1.0000000000000003e-05,347.54,331.24,334.8
QQQ,2026-09-28,2027-01-15,C,385.0,37,1,0.7523828472900391,326.7,356.91,360.31
QQQ,2026-09-28,2027-01-15,C,390.0,0,1,1.0000000000000003e-05,334.64,0.0,0.0
QQQ,2026-09-28,2027-01-15,C,395.0,57,1,0.7343166217041015,328.6,347.17,350.56
QQQ,2026-09-28,2027-01-15,C,400.0,451,8,0.7245510943603515,350.0,342.27,345.66
QQQ,2026-09-28,2027-01-15,C,405.0,0,1,1.0000000000000003e-05,311.84,0.0,0.0
QQQ,2026-09-28,2027-01-15,C,410.0,0,6,1.0000000000000003e-05,334.76,0.0,0.0
QQQ,2026-09-28,2027-01-15,C,415.0,14,1,0.6940948559570312,296.12,327.53,330.9
QQQ,2026-09-28,2027-01-15,C,420.0,168,1,0.685672088623047,302.69,322.66,326.06
QQQ,2026-09-28,2027-01-15,C,425.0,78,5,0.6762117340087892,296.73,317.78,321.15
QQQ,2026-09-28,2027-01-15,C,430.0,103,1,0.6660494821166995,312.35,312.81,316.27
QQQ,2026-09-28,2027-01-15,C,435.0,76,3,1.0000000000000003e-05,288.95,291.79,295.67
QQQ,2026-09-28,2027-01-15,C,440.0,83,2,0.647464462890625,301.8,303.02,306.49
QQQ,2026-09-28,2027-01-15,C,445.0,0,1,1.0000000000000003e-05,275.47,0.0,0.0
QQQ,2026-09-28,2027-01-15,C,450.0,714,12,0.6300085827636719,295.27,293.31,296.72
QQQ,2026-09-28,2027-01-15,C,455.0,137,2,1.0000000000000003e-05,260.68,258.59,262.17
QQQ,2026-09-28,2027-01-15,C,460.0,133,5,0.6123695989990237,290.0,283.57,286.96
QQQ,2026-09-28,2027-01-15,C,465.0,54,6,0.602390450744629,257.0,278.64,282.03
QQQ,2026-09-28,2027-01-15,C,470.0,300,1,0.594455959777832,247.0,273.8,277.2
QQQ,2026-09-28,2027-01-15,C,475.0,0,3,1.0000000000000003e-05,267.06,0.0,0.0
QQQ,2026-09-28,2027-01-15,C,480.0,757,2,0.5764812860107422,271.98,264.02,267.44
QQQ,2026-09-28,2027-01-15,C,485.0,0,2,1.0000000000000003e-05,261.74,0.0,0.0
QQQ,2026-09-28,2027-01-15,C,490.0,323,1,0.5591779922485353,228.0,254.34,257.64
QQQ,2026-09-28,2027-01-15,C,495.0,0,1,1.0000000000000003e-05,251.0,0.0,0.0
QQQ,2026-09-28,2027-01-15,C,500.0,2848,6,0.5354355538940431,246.25,245.3,246.5
QQQ,2026-09-28,2027-01-15,C,505.0,669,2,0.5345505529785157,245.0,239.73,243.18
QQQ,2026-09-28,2027-01-15,C,510.0,618,7,0.5264634756469727,243.15,234.9,238.34
QQQ,2026-09-28,2027-01-15,C,515.0,282,2,0.5189562265014648,234.37,230.14,233.5
QQQ,2026-09-28,2027-01-15,C,520.0,548,1,0.5104113900756836,226.6,225.25,228.67
QQQ,2026-09-28,2027-01-15,C,525.0,797,31,0.5024158645629884,228.52,220.43,223.84
QQQ,2026-09-28,2027-01-15,C,530.0,1458,1,0.5201464001464844,218.08,215.62,219.01
QQQ,2026-09-28,2027-01-15,C,535.0,601,4,0.5117236328125,181.18,210.82,214.2
QQQ,2026-09-28,2027-01-15,C,540.0,882,1,0.5033008654785156,206.17,206.02,209.39
QQQ,2026-09-28,2027-01-15,C,545.0,150,1,0.4949696499633789,200.45,201.16,204.59
QQQ,2026-09-28,2027-01-15,C,550.0,3771,1,0.48660791717529295,192.06,196.38,199.79
QQQ,2026-09-28,2027-01-15,C,555.0,605,1,0.4682365188598633,188.61,191.59,194.24
QQQ,2026-09-28,2027-01-15,C,560.0,1932,1,0.4601799588012696,192.27,186.84,189.45
QQQ,2026-09-28,2027-01-15,C,565.0,984,5,0.45206236419677737,190.75,183.64,184.66
QQQ,2026-09-28,2027-01-15,C,570.0,3161,1,0.4445245977783203,179.6,177.31,179.92
QQQ,2026-09-28,2027-01-15,C,575.0,2064,2,0.43579665771484377,174.24,174.08,175.09
QQQ,2026-09-28,2027-01-15,C,580.0,3560,1,0.4290828576660156,175.39,169.38,170.43
QQQ,2026-09-28,2027-01-15,C,585.0,2824,7,0.421453539428711,160.9,163.04,165.7
QQQ,2026-09-28,2027-01-15,C,590.0,1422,1,0.4131528411865234,161.18,159.94,160.92
QQQ,2026-09-28,2027-01-15,C,595.0,1129,2,0.40582869567871094,153.04,153.72,156.23
QQQ,2026-09-28,2027-01-15,C,600.0,9229,19,0.39443049423217774,150.8,149.06,151.18
QQQ,2026-09-28,2027-01-15,C,605.0,1594,15,0.3918975605773925,145.83,146.0,146.95
QQQ,2026-09-28,2027-01-15,C,610.0,2239,1,0.38495488098144526,139.2,139.65,142.33
QQQ,2026-09-28,2027-01-15,C,615.0,1039,1,0.3780884945678711,136.0,136.77,137.73
QQQ,2026-09-28,2027-01-15,C,620.0,2492,2,0.37087115951538085,129.86,132.2,133.11
QQQ,2026-09-28,2027-01-15,C,625.0,1350,152,0.3640047731018067,125.93,127.61,128.54
QQQ,2026-09-28,2027-01-15,C,630.0,4791,41,0.35736726623535153,121.73,123.12,124.01
QQQ,2026-09-28,2027-01-15,C,635.0,1998,15,0.35082131118774407,116.31,118.62,119.51
QQQ,2026-09-28,2027-01-15,C,640.0,4452,2,0.3442600975036621,113.02,114.16,115.03
QQQ,2026-09-28,2027-01-15,C,645.0,2705,44,0.3375157801818848,107.67,109.69,110.55
QQQ,2026-09-28,2027-01-15,C,650.0,7976,1,0.3314275842285156,103.5,105.36,106.17
QQQ,2026-09-28,2027-01-15,C,655.0,3042,14,0.3252630950927734,84.2,101.01,101.81
QQQ,2026-09-28,2027-01-15,C,660.0,6410,5,0.3194342959594726,94.72,94.98,97.52
QQQ,2026-09-28,2027-01-15,C,665.0,3985,3,0.3134071345520019,91.22,90.72,93.24
QQQ,2026-09-28,2027-01-15,C,670.0,7576,6,0.307425749053955,86.93,88.23,89.0
QQQ,2026-09-28,2027-01-15,C,675.0,4741,25,0.30144436355590826,83.3,84.03,84.8
QQQ,2026-09-28,2027-01-15,C,680.0,6936,36,0.29563082305908206,78.73,79.88,80.66
QQQ,2026-09-28,2027-01-15,C,685.0,2479,18,0.2904886625671386,76.61,75.94,76.66
QQQ,2026-09-28,2027-01-15,C,690.0,9758,58,0.28505658798217764,71.88,71.93,72.67
QQQ,2026-09-28,2027-01-15,C,695.0,2496,1,0.27960925476074217,66.29,68.06,68.73
QQQ,2026-09-28,2027-01-15,C,700.0,10354,5,0.27458916336059574,63.12,64.23,64.91
QQQ,2026-09-28,2027-01-15,C,705.0,4537,22,0.26929441650390623,59.45,60.43,61.11
QQQ,2026-09-28,2027-01-15,C,710.0,1736,2,0.2646710496520996,54.88,56.82,57.48
QQQ,2026-09-28,2027-01-15,C,715.0,1835,5,0.25997901893615727,51.7,53.21,53.91
QQQ,2026-09-28,2027-01-15,C,720.0,4757,121,0.25473004798889165,50.0,49.78,50.33
QQQ,2026-09-28,2027-01-15,C,725.0,7396,84,0.2505644402313232,45.34,46.35,47.0
QQQ,2026-09-28,2027-01-15,C,730.0,6851,77,0.24629202201843262,42.08,43.17,43.74
QQQ,2026-09-28,2027-01-15,C,735.0,2646,44,0.24245447494506833,39.55,40.05,40.64
QQQ,2026-09-28,2027-01-15,C,740.0,8008,238,0.23770140968322748,37.14,36.96,37.49
QQQ,2026-09-28,2027-01-15,C,745.0,2214,67,0.23282627532958983,33.03,34.2,34.42
QQQ,2026-09-28,2027-01-15,C,750.0,9845,282,0.2293625648498535,31.59,31.4,31.68
QQQ,2026-09-28,2027-01-15,C,755.0,2762,88,0.22621928573608396,28.3,28.86,29.1
QQQ,2026-09-28,2027-01-15,C,760.0,7988,112,0.22282423912048335,26.55,26.42,26.59
QQQ,2026-09-28,2027-01-15,C,765.0,5033,13,0.22016923637390132,23.64,24.08,24.31
QQQ,2026-09-28,2027-01-15,C,770.0,9338,222,0.21749134567260742,21.99,21.92,22.14
QQQ,2026-09-28,2027-01-15,C,775.0,4464,101,0.2146684979248047,19.17,19.88,20.06
QQQ,2026-09-28,2027-01-15,C,780.0,6812,108,0.21227289199829102,17.26,17.99,18.16
QQQ,2026-09-28,2027-01-15,C,785.0,2048,83,0.21019771743774412,15.88,16.24,16.42
QQQ,2026-09-28,2027-01-15,C,790.0,3786,114,0.2086413365173339,14.19,14.63,14.86
QQQ,2026-09-28,2027-01-15,C,795.0,2109,83,0.206314394454956,13.22,13.13,13.3
QQQ,2026-09-28,2027-01-15,C,800.0,13159,2768,0.20491822921752928,11.86,11.79,11.97
QQQ,2026-09-28,2027-01-15,C,805.0,3904,187,0.20331607238769528,10.24,10.53,10.71
QQQ,2026-09-28,2027-01-15,C,810.0,9640,341,0.20192753646850586,9.45,9.4,9.57
QQQ,2026-09-28,2027-01-15,C,815.0,1394,34,0.2006152937316894,8.42,8.39,8.53
QQQ,2026-09-28,2027-01-15,C,820.0,3153,66,0.19962348236083982,7.04,7.46,7.61
QQQ,2026-09-28,2027-01-15,C,825.0,1519,7,0.1987537400817871,6.71,6.64,6.78
QQQ,2026-09-28,2027-01-15,C,830.0,12192,54,0.1982807223510742,5.79,5.88,6.06
QQQ,2026-09-28,2027-01-15,C,835.0,998,2,0.19754830780029298,5.0,5.23,5.38
QQQ,2026-09-28,2027-01-15,C,840.0,1739,14,0.19690744506835936,4.49,4.62,4.77
QQQ,2026-09-28,2027-01-15,C,845.0,639,22,0.19654123779296873,4.22,4.12,4.24
QQQ,2026-09-28,2027-01-15,C,850.0,23856,182,0.19605296142578127,3.69,3.67,3.75
QQQ,2026-09-28,2027-01-15,C,855.0,1419,105,0.19586985778808597,3.02,3.23,3.33
QQQ,2026-09-28,2027-01-15,C,860.0,2503,10,0.1961445132446289,2.87,2.88,2.98
QQQ,2026-09-28,2027-01-15,C,865.0,3617,9,0.19602244415283204,2.34,2.51,2.64
QQQ,2026-09-28,2027-01-15,C,870.0,4627,41,0.19617503051757812,2.31,2.24,2.35
QQQ,2026-09-28,2027-01-15,C,875.0,1470,47,0.1961445132446289,2.04,1.98,2.08
QQQ,2026-09-28,2027-01-15,C,880.0,4053,27,0.19660227233886718,1.64,1.76,1.86
QQQ,2026-09-28,2027-01-15,C,885.0,4368,6,0.19696847961425779,2.18,1.56,1.66
QQQ,2026-09-28,2027-01-15,C,890.0,765,3,0.19763985961914063,1.22,1.38,1.49
QQQ,2026-09-28,2027-01-15,C,895.0,430,6,0.19782296325683596,1.05,1.22,1.32
QQQ,2026-09-28,2027-01-15,C,900.0,20434,455,0.19831123962402342,1.06,1.09,1.18
QQQ,2026-09-28,2027-01-15,C,905.0,985,1,0.19904365417480469,0.97,0.97,1.06
QQQ,2026-09-28,2027-01-15,C,910.0,18703,7,0.19965399963378905,0.82,0.86,0.95
QQQ,2026-09-28,2027-01-15,C,915.0,433,6,0.20063055236816402,0.74,0.76,0.86
QQQ,2026-09-28,2027-01-15,C,920.0,955,90,0.20124089782714843,0.64,0.68,0.77
QQQ,2026-09-28,2027-01-15,C,925.0,609,30,0.20227848510742186,0.65,0.61,0.7
QQQ,2026-09-28,2027-01-15,C,930.0,4704,47,0.202583657836914,0.59,0.54,0.62
QQQ,2026-09-28,2027-01-15,C,935.0,6073,28,0.2039874523925781,0.48,0.49,0.57
QQQ,2026-09-28,2027-01-15,C,940.0,243,1,0.20508607421874997,0.46,0.44,0.52
QQQ,2026-09-28,2027-01-15,C,945.0,288,1,0.20655090332031245,0.45,0.39,0.48
QQQ,2026-09-28,2027-01-15,C,950.0,36586,42,0.20777159423828123,0.4,0.36,0.44
QQQ,2026-09-28,2027-01-15,C,955.0,67,6,0.2087481469726562,0.33,0.32,0.4
QQQ,2026-09-28,2027-01-15,C,960.0,5275,1,0.21021297607421874,0.26,0.28,0.37
QQQ,2026-09-28,2027-01-15,C,965.0,9231,4,0.21143366699218746,0.3,0.25,0.34
QQQ,2026-09-28,2027-01-15,C,970.0,168,1,0.21326470336914063,0.22,0.23,0.32
QQQ,2026-09-28,2027-01-15,C,975.0,573,2,0.21411918701171873,0.2,0.21,0.29
QQQ,2026-09-28,2027-01-15,C,980.0,87,2,0.21558401611328126,0.24,0.19,0.27
QQQ,2026-09-28,2027-01-15,C,985.0,39,1,0.21680470703125,0.2,0.17,0.25
QQQ,2026-09-28,2027-01-15,C,990.0,13,7,0.2180253979492187,0.18,0.15,0.23
QQQ,2026-09-28,2027-01-15,C,995.0,208,7,0.22022264160156246,0.18,0.13,0.22
QQQ,2026-09-28,2027-01-15,C,1000.0,5910,69,0.22095505615234373,0.15,0.13,0.2
QQQ,2026-09-28,2027-01-15,C,1005.0,6508,1,0.22412885253906245,0.14,0.11,0.2
QQQ,2026-09-28,2027-01-15,C,1010.0,26,1,0.22461712890624996,0.2,0.1,0.18
QQQ,2026-09-28,2027-01-15,C,1015.0,58,1,0.22754678710937498,0.17,0.08,0.18
QQQ,2026-09-28,2027-01-15,C,1020.0,96,1,0.22925575439453127,0.19,0.08,0.17
QQQ,2026-09-28,2027-01-15,C,1025.0,11,1,0.23072058349609376,0.14,0.06,0.16
QQQ,2026-09-28,2027-01-15,C,1030.0,21,3,0.23218541259765624,0.17,0.06,0.15
QQQ,2026-09-28,2027-01-15,C,1035.0,2163,10,0.233406103515625,0.1,0.07,0.14
QQQ,2026-09-28,2027-01-15,C,1040.0,12,1,0.23438265625,0.09,0.07,0.13
QQQ,2026-09-28,2027-01-15,C,1045.0,30,2,0.23731231445312498,0.15,0.06,0.13
QQQ,2026-09-28,2027-01-15,C,1050.0,23,1,0.231452998046875,0.17,0.05,0.09
QQQ,2026-09-28,2027-01-15,C,1055.0,120,53,0.241218525390625,0.13,0.05,0.12
QQQ,2026-09-28,2027-01-15,C,1060.0,1005,1000,0.24414818359375,0.05,0.05,0.12
QQQ,2026-09-28,2027-01-15,C,1065.0,5367,1,0.24463645996093752,0.1,0.05,0.11
QQQ,2026-09-28,2027-01-15,C,1070.0,206,1,0.245124736328125,0.1,0.05,0.1
QQQ,2026-09-28,2027-01-15,C,1075.0,7226,1,0.2475661181640625,0.06,0.05,0.1
QQQ,2026-09-28,2027-01-15,C,1080.0,1614,600,0.25049577636718745,0.08,0.04,0.1
QQQ,2026-09-28,2027-01-15,C,1085.0,30507,1,0.24463645996093752,0.07,0.03,0.07
QQQ,2026-09-28,2027-01-15,P,205.0,3887,4,0.7617211328125001,0.05,0.03,0.06
QQQ,2026-09-28,2027-01-15,P,210.0,2773,40,0.7695335546875001,0.07,0.03,0.1
QQQ,2026-09-28,2027-01-15,P,215.0,746,15,0.75586181640625,0.07,0.03,0.1
QQQ,2026-09-28,2027-01-15,P,220.0,647,1,0.7324245507812499,0.05,0.01,0.1
QQQ,2026-09-28,2027-01-15,P,225.0,68,38,0.73437765625,0.14,0.03,0.11
QQQ,2026-09-28,2027-01-15,P,230.0,252,171,0.72070591796875,0.13,0.02,0.12
QQQ,2026-09-28,2027-01-15,P,235.0,168,5,0.7128934960937501,0.16,0.03,0.12
QQQ,2026-09-28,2027-01-15,P,240.0,170,1,0.7216824707031251,0.08,0.08,0.13
QQQ,2026-09-28,2027-01-15,P,245.0,119,64,0.6953155468750001,0.17,0.06,0.11
QQQ,2026-09-28,2027-01-15,P,250.0,3020,3,0.6962920996093751,0.1,0.09,0.12
QQQ,2026-09-28,2027-01-15,P,255.0,901,2,0.6777375976562501,0.12,0.07,0.12
QQQ,2026-09-28,2027-01-15,P,260.0,2417,2,0.6757844921875001,0.11,0.08,0.14
QQQ,2026-09-28,2027-01-15,P,265.0,132,6,0.6630893066406252,0.12,0.08,0.14
QQQ,2026-09-28,2027-01-15,P,270.0,238,8,0.657229990234375,0.13,0.09,0.15
QQQ,2026-09-28,2027-01-15,P,275.0,183,10,0.6455113574218749,0.13,0.09,0.15
QQQ,2026-09-28,2027-01-15,P,280.0,862,10,0.6445348046875,0.16,0.11,0.17
QQQ,2026-09-28,2027-01-15,P,285.0,352,20,0.63086306640625,0.15,0.12,0.15
QQQ,2026-09-28,2027-01-15,P,290.0,373,24,0.6259803027343751,0.15,0.13,0.17
QQQ,2026-09-28,2027-01-15,P,295.0,159,27,0.6191444335937502,0.19,0.13,0.19
QQQ,2026-09-28,2027-01-15,P,300.0,3871,1,0.614261669921875,0.18,0.15,0.2
QQQ,2026-09-28,2027-01-15,P,305.0,119,1,0.6088906298828126,0.22,0.16,0.22
QQQ,2026-09-28,2027-01-15,P,310.0,386,1,0.6015664843750002,0.24,0.17,0.23
QQQ,2026-09-28,2027-01-15,P,315.0,202,1,0.5927775097656252,0.24,0.17,0.24
QQQ,2026-09-28,2027-01-15,P,320.0,64,1,0.58789474609375,0.28,0.2,0.25
QQQ,2026-09-28,2027-01-15,P,325.0,256,1,0.5805706005859376,0.24,0.21,0.26
QQQ,2026-09-28,2027-01-15,P,330.0,440,1,0.5742230078125,0.26,0.22,0.28
QQQ,2026-09-28,2027-01-15,P,335.0,75,1,0.5668988623046876,0.28,0.23,0.29
QQQ,2026-09-28,2027-01-15,P,340.0,2631,1,0.5625043750000001,0.29,0.26,0.31
QQQ,2026-09-28,2027-01-15,P,345.0,507,1,0.5561567822265626,0.36,0.27,0.33
QQQ,2026-09-28,2027-01-15,P,350.0,1914,2,0.5493209130859377,0.35,0.29,0.34
QQQ,2026-09-28,2027-01-15,P,355.0,1075,1,0.5424850439453126,0.39,0.3,0.36
QQQ,2026-09-28,2027-01-15,P,360.0,956,1,0.5376022802734376,0.41,0.32,0.39
QQQ,2026-09-28,2027-01-15,P,365.0,904,1,0.532231240234375,0.38,0.35,0.41
QQQ,2026-09-28,2027-01-15,P,370.0,1037,2,0.5251512329101562,0.42,0.37,0.42
QQQ,2026-09-28,2027-01-15,P,375.0,502,1,0.5188036401367188,0.44,0.39,0.44
QQQ,2026-09-28,2027-01-15,P,380.0,1418,1,0.5139208764648437,0.48,0.42,0.47
QQQ,2026-09-28,2027-01-15,P,385.0,2275,4,0.5073291455078125,0.51,0.44,0.49
QQQ,2026-09-28,2027-01-15,P,390.0,431,1,0.5002491381835938,0.51,0.46,0.5
QQQ,2026-09-28,2027-01-15,P,395.0,994,1,0.4985401708984375,0.58,0.49,0.54
QQQ,2026-09-28,2027-01-15,P,400.0,3789,112,0.4929249926757813,0.57,0.52,0.57
QQQ,2026-09-28,2027-01-15,P,405.0,1380,1,0.4870656762695313,0.63,0.55,0.6
QQQ,2026-09-28,2027-01-15,P,410.0,1724,1,0.48120635986328125,0.71,0.57,0.63
QQQ,2026-09-28,2027-01-15,P,415.0,1463,458,0.47412635253906255,0.65,0.61,0.65
QQQ,2026-09-28,2027-01-15,P,420.0,2041,1,0.4699760034179688,0.71,0.65,0.7
QQQ,2026-09-28,2027-01-15,P,425.0,1511,1,0.4646049633789063,0.71,0.68,0.74
QQQ,2026-09-28,2027-01-15,P,430.0,662,3,0.45752495605468757,0.8,0.71,0.76
QQQ,2026-09-28,2027-01-15,P,435.0,1015,60,0.4519097778320313,0.8,0.76,0.8
QQQ,2026-09-28,2027-01-15,P,440.0,1872,3,0.446294599609375,0.87,0.79,0.84
QQQ,2026-09-28,2027-01-15,P,445.0,4934,1,0.4414118359375,0.95,0.84,0.89
QQQ,2026-09-28,2027-01-15,P,450.0,5943,1,0.43555251953125,1.0,0.89,0.93
QQQ,2026-09-28,2027-01-15,P,455.0,545,30,0.4315242395019532,0.99,0.93,1.0
QQQ,2026-09-28,2027-01-15,P,460.0,2795,1,0.42542078491210944,1.1,0.99,1.04
QQQ,2026-09-28,2027-01-15,P,465.0,1005,1,0.4205380212402344,1.11,1.04,1.1
QQQ,2026-09-28,2027-01-15,P,470.0,3303,5,0.4154111193847656,1.21,1.08,1.16
QQQ,2026-09-28,2027-01-15,P,475.0,2170,1,0.4101621484375,1.25,1.14,1.22
QQQ,2026-09-28,2027-01-15,P,480.0,6067,5,0.40479110839843746,1.31,1.2,1.28
QQQ,2026-09-28,2027-01-15,P,485.0,1453,1,0.3987486883544922,1.38,1.28,1.33
QQQ,2026-09-28,2027-01-15,P,490.0,2219,6,0.3940490283203125,1.47,1.35,1.41
QQQ,2026-09-28,2027-01-15,P,495.0,1824,1,0.38837281555175784,1.43,1.43,1.47
QQQ,2026-09-28,2027-01-15,P,500.0,18678,34,0.3842835009765625,1.65,1.5,1.57
QQQ,2026-09-28,2027-01-15,P,505.0,932,100,0.37830211547851555,1.66,1.57,1.63
QQQ,2026-09-28,2027-01-15,P,510.0,1829,15,0.3729921099853516,1.76,1.65,1.71
QQQ,2026-09-28,2027-01-15,P,515.0,757,14,0.3679872772216797,1.87,1.74,1.8
QQQ,2026-09-28,2027-01-15,P,520.0,4573,159,0.3635317553710938,1.97,1.83,1.91
QQQ,2026-09-28,2027-01-15,P,525.0,4757,2,0.35816071533203125,2.03,1.94,2.0
QQQ,2026-09-28,2027-01-15,P,530.0,3187,9,0.35431553894042955,2.18,2.03,2.14
QQQ,2026-09-28,2027-01-15,P,535.0,2602,4,0.34961587890624996,2.23,2.15,2.26
QQQ,2026-09-28,2027-01-15,P,540.0,7886,22,0.34467208068847655,2.46,2.28,2.38
QQQ,2026-09-28,2027-01-15,P,545.0,1451,2,0.3398503515625,2.4,2.39,2.51
QQQ,2026-09-28,2027-01-15,P,550.0,20927,15,0.33484551879882807,2.64,2.53,2.64
QQQ,2026-09-28,2027-01-15,P,555.0,799,101,0.33045103149414057,2.83,2.68,2.8
QQQ,2026-09-28,2027-01-15,P,560.0,4437,2,0.32556826782226556,2.87,2.85,2.95
QQQ,2026-09-28,2027-01-15,P,565.0,977,10,0.3209906768798828,3.24,2.99,3.12
QQQ,2026-09-28,2027-01-15,P,570.0,2729,3,0.31641308593749995,3.5,3.18,3.3
QQQ,2026-09-28,2027-01-15,P,575.0,3637,10,0.31180497772216786,3.59,3.35,3.49
QQQ,2026-09-28,2027-01-15,P,580.0,12319,148,0.3071968695068359,3.7,3.58,3.69
QQQ,2026-09-28,2027-01-15,P,585.0,1938,15,0.30274134765625,3.96,3.77,3.91
QQQ,2026-09-28,2027-01-15,P,590.0,10434,30,0.29822479125976553,4.06,3.99,4.14
QQQ,2026-09-28,2027-01-15,P,595.0,2259,1,0.29398289031982416,4.42,4.26,4.4
QQQ,2026-09-28,2027-01-15,P,600.0,29753,210,0.28946633392333976,4.6,4.56,4.66
QQQ,2026-09-28,2027-01-15,P,605.0,2136,9,0.28516339843749994,5.16,4.79,4.95
QQQ,2026-09-28,2027-01-15,P,610.0,8190,10,0.2807383938598632,5.49,5.11,5.25
QQQ,2026-09-28,2027-01-15,P,615.0,9049,10,0.2766185620117187,5.77,5.41,5.59
QQQ,2026-09-28,2027-01-15,P,620.0,8571,9,0.272193557434082,6.21,5.8,5.93
QQQ,2026-09-28,2027-01-15,P,625.0,5543,62,0.2681195014953613,6.6,6.16,6.32
QQQ,2026-09-28,2027-01-15,P,630.0,5823,72,0.2638470832824707,6.74,6.58,6.72
QQQ,2026-09-28,2027-01-15,P,635.0,5691,57,0.25984932052612303,7.49,7.0,7.17
QQQ,2026-09-28,2027-01-15,P,640.0,9111,114,0.2556226782226563,7.97,7.51,7.63
QQQ,2026-09-28,2027-01-15,P,645.0,2759,80,0.25168595001220706,8.09,8.0,8.15
QQQ,2026-09-28,2027-01-15,P,650.0,20522,384,0.24748982498168942,8.6,8.56,8.68
QQQ,2026-09-28,2027-01-15,P,655.0,3530,30,0.24362938995361327,9.23,9.11,9.28
QQQ,2026-09-28,2027-01-15,P,660.0,14288,832,0.23963162719726558,9.91,9.77,9.91
QQQ,2026-09-28,2027-01-15,P,665.0,8745,88,0.2356033471679687,10.54,10.45,10.58
QQQ,2026-09-28,2027-01-15,P,670.0,10887,129,0.23186498123168942,11.33,11.16,11.33
QQQ,2026-09-28,2027-01-15,P,675.0,8593,105,0.22798928756713865,12.07,11.96,12.12
QQQ,2026-09-28,2027-01-15,P,680.0,16035,72,0.22423566299438474,12.97,12.81,12.98
QQQ,2026-09-28,2027-01-15,P,685.0,2358,137,0.22046677978515622,13.84,13.72,13.9
QQQ,2026-09-28,2027-01-15,P,690.0,8582,332,0.2167131552124023,14.88,14.73,14.89
QQQ,2026-09-28,2027-01-15,P,695.0,3059,101,0.21309685836791992,15.92,15.73,15.97
QQQ,2026-09-28,2027-01-15,P,700.0,29170,435,0.20928219924926755,17.1,16.93,17.1
QQQ,2026-09-28,2027-01-15,P,705.0,4323,83,0.20552857467651364,18.7,18.13,18.32
QQQ,2026-09-28,2027-01-15,P,710.0,5342,355,0.20192753646850586,19.94,19.45,19.65
QQQ,2026-09-28,2027-01-15,P,715.0,2682,36,0.1984333087158203,21.07,20.87,21.09
QQQ,2026-09-28,2027-01-15,P,720.0,8502,3047,0.19464916687011719,22.66,22.37,22.59
QQQ,2026-09-28,2027-01-15,P,725.0,8732,14,0.19096420616149903,24.58,24.0,24.21
QQQ,2026-09-28,2027-01-15,P,730.0,7765,36,0.1873784265899658,26.36,25.73,25.96
QQQ,2026-09-28,2027-01-15,P,735.0,2320,197,0.18396812133789062,28.23,27.64,27.86
QQQ,2026-09-28,2027-01-15,P,740.0,3788,311,0.1804586349487305,30.03,29.64,29.87
QQQ,2026-09-28,2027-01-15,P,745.0,632,6,0.17722380401611326,31.96,31.72,32.06
QQQ,2026-09-28,2027-01-15,P,750.0,2007,289,0.17350069671630858,34.2,34.05,34.31
QQQ,2026-09-28,2027-01-15,P,755.0,745,1,0.17016668464660648,37.69,36.5,36.77
QQQ,2026-09-28,2027-01-15,P,760.0,1714,50,0.167275173034668,38.82,39.13,39.45
QQQ,2026-09-28,2027-01-15,P,765.0,985,1,0.16542887802124023,39.16,41.82,42.44
QQQ,2026-09-28,2027-01-15,P,770.0,642,11,0.16285016845703126,47.09,44.82,45.47
QQQ,2026-09-28,2027-01-15,P,775.0,814,1,0.15906602661132813,49.29,47.8,48.48
QQQ,2026-09-28,2027-01-15,P,780.0,730,1,0.15610585113525394,48.62,51.06,51.77
QQQ,2026-09-28,2027-01-15,P,785.0,331,11,0.15270317520141607,55.91,54.55,55.16
QQQ,2026-09-28,2027-01-15,P,790.0,95,1,0.14943782699584962,57.45,56.59,58.73
QQQ,2026-09-28,2027-01-15,P,795.0,324,4,0.14653868606567383,63.51,61.7,62.5
QQQ,2026-09-28,2027-01-15,P,800.0,849,45,0.14267825103759768,66.5,65.56,66.32
QQQ,2026-09-28,2027-01-15,P,805.0,243,12,0.13648324462890626,70.58,68.26,70.1
QQQ,2026-09-28,2027-01-15,P,810.0,242,2,0.13660531372070314,74.6,73.72,74.57
QQQ,2026-09-28,2027-01-15,P,815.0,36,4,0.13224134368896484,76.36,77.94,78.8
QQQ,2026-09-28,2027-01-15,P,820.0,17,1,0.12949478912353518,85.41,82.38,83.27
QQQ,2026-09-28,2027-01-15,P,825.0,68,11,0.12439840454101564,88.44,86.78,87.73
QQQ,2026-09-28,2027-01-15,P,830.0,411,353,0.1203090899658203,91.5,90.26,92.36
QQQ,2026-09-28,2027-01-15,P,835.0,7,9,0.14795773925781253,90.64,95.11,98.36
QQQ,2026-09-28,2027-01-15,P,840.0,3,3,0.15030756927490235,98.54,99.89,103.2
QQQ,2026-09-28,2027-01-15,P,845.0,0,2,0.15461050476074223,99.68,104.7,108.15
QQQ,2026-09-28,2027-01-15,P,850.0,2,8,0.15961533752441404,106.4,109.68,113.14
QQQ,2026-09-28,2027-01-15,P,855.0,2,2,0.16480327392578126,124.86,114.68,118.14
QQQ,2026-09-28,2027-01-15,P,860.0,12,4,0.1698996585083008,115.27,119.68,123.14
QQQ,2026-09-28,2027-01-15,P,865.0,0,20,1.0000000000000003e-05,156.16,0.0,0.0
QQQ,2026-09-28,2027-01-15,P,870.0,0,13,0.17945156494140624,160.25,129.71,133.12
QQQ,2026-09-28,2027-01-15,P,875.0,0,2,1.0000000000000003e-05,154.11,0.0,0.0
QQQ,2026-09-28,2027-01-15,P,880.0,0,4,1.0000000000000003e-05,160.39,0.0,0.0
QQQ,2026-09-28,2027-01-15,P,885.0,0,2,1.0000000000000003e-05,163.33,0.0,0.0
QQQ,2026-09-28,2027-01-15,P,890.0,0,2,1.0000000000000003e-05,156.79,0.0,0.0
QQQ,2026-09-28,2027-01-15,P,895.0,0,8,0.5031635377502441,186.04,186.68,190.08
QQQ,2026-09-28,2027-01-15,P,900.0,0,2,0.5105182005310058,165.87,191.84,194.94
QQQ,2026-09-28,2027-01-15,P,905.0,0,2,0.5176287251281739,216.48,196.68,200.08
QQQ,2026-09-28,2027-01-15,P,910.0,0,42,0.5247392497253418,203.93,201.68,205.08
QQQ,2026-09-28,2027-01-15,P,915.0,0,854,0.5317582225036621,206.88,206.68,210.08
QQQ,2026-09-28,2027-01-15,P,920.0,0,2,0.2266312689208984,196.55,179.68,183.13
QQQ,2026-09-28,2027-01-15,P,925.0,0,286,1.0000000000000003e-05,204.76,0.0,0.0
QQQ,2026-09-28,2027-01-15,P,930.0,0,848,0.5523573817443848,219.17,221.68,225.08
QQQ,2026-09-28,2027-01-15,P,935.0,0,20,1.0000000000000003e-05,210.26,0.0,0.0
QQQ,2026-09-28,2027-01-15,P,940.0,0,1,1.0000000000000003e-05,225.97,0.0,0.0
QQQ,2026-09-28,2027-01-15,P,945.0,1,1,0.24842060180664063,221.07,204.68,208.13
QQQ,2026-09-28,2027-01-15,P,950.0,0,1,0.25269302001953126,232.63,209.68,213.13
QQQ,2026-09-28,2027-01-15,P,955.0,1,1,0.25690440368652345,207.01,214.68,218.13
QQQ,2026-09-28,2027-01-15,P,960.0,0,1,0.26105475280761714,212.03,219.72,223.13
QQQ,2026-09-28,2027-01-15,P,965.0,0,394,1.0000000000000003e-05,245.01,0.0,0.0
QQQ,2026-09-28,2027-01-15,P,975.0,0,154,1.0000000000000003e-05,254.64,0.0,0.0
QQQ,2026-09-28,2027-01-15,P,980.0,0,2,1.0000000000000003e-05,260.03,0.0,0.0
QQQ,2026-09-28,2027-01-15,P,985.0,0,120,1.0000000000000003e-05,265.17,0.0,0.0
QQQ,2026-09-28,2027-01-15,P,990.0,0,64,0.6285284950256349,288.59,281.68,285.08
QQQ,2026-09-28,2027-01-15,P,995.0,0,1,0.5432632344055177,287.29,275.51,279.39
QQQ,2026-09-28,2027-01-15,P,1000.0,0,30,0.6404607487487792,299.47,291.84,294.94
QQQ,2026-09-28,2027-01-15,P,1005.0,0,8,0.5543715217590333,305.95,285.52,289.39
QQQ,2026-09-28,2027-01-15,P,1025.0,0,0,0.5759472337341307,325.95,305.52,309.4
QQQ,2026-09-28,2027-01-15,P,1030.0,0,2,0.6746858703613283,330.67,321.68,325.08
QQQ,2026-09-28,2027-01-15,P,1035.0,0,0,0.3205634350585937,329.39,294.69,298.15
QQQ,2026-09-28,2027-01-15,P,1040.0,0,20,0.3242255078124999,334.39,299.69,303.15
QQQ,2026-09-28,2027-01-15,P,1055.0,0,1,0.6070290762329101,347.54,335.53,339.41
QQQ,2026-09-28,2027-01-15,P,1065.0,0,0,0.6169319313049317,357.46,345.52,349.4
