ticker,date,expiry,type,strike,oi,volume,iv,last,bid,ask
SOXX,2026-07-29,2026-07-31,C,315.0,2,4,4.041997135009765,200.66,189.2,195.7
SOXX,2026-07-29,2026-07-31,C,320.0,6,5,3.957031357421875,174.0,184.2,190.9
SOXX,2026-07-29,2026-07-31,C,325.0,2,1,3.816406708984375,154.0,179.2,185.7
SOXX,2026-07-29,2026-07-31,C,330.0,1,0,3.7055671423339844,228.66,174.2,180.7
SOXX,2026-07-29,2026-07-31,C,335.0,1,0,3.609864256591797,223.73,169.2,175.8
SOXX,2026-07-29,2026-07-31,C,340.0,6,4,3.488770809326172,155.31,164.2,170.7
SOXX,2026-07-29,2026-07-31,C,380.0,0,1,2.8698758721923827,95.2,126.1,130.8
SOXX,2026-07-29,2026-07-31,C,390.0,1,1,7.898681767272949,231.0,165.2,174.0
SOXX,2026-07-29,2026-07-31,C,400.0,16,10,2.317387019042968,86.65,104.3,111.0
SOXX,2026-07-29,2026-07-31,C,420.0,3,4,1.9423831005859378,61.0,84.5,90.9
SOXX,2026-07-29,2026-07-31,C,425.0,1,0,6.639650137939455,230.0,130.7,139.9
SOXX,2026-07-29,2026-07-31,C,440.0,1,1,1.5781271093749998,109.5,64.6,71.0
SOXX,2026-07-29,2026-07-31,C,450.0,81,190,1.39453427734375,55.35,54.6,61.1
SOXX,2026-07-29,2026-07-31,C,455.0,3,1,1.3422884448242183,47.4,49.9,56.5
SOXX,2026-07-29,2026-07-31,C,460.0,40,2,1.272708714599609,46.8,45.5,51.4
SOXX,2026-07-29,2026-07-31,C,467.5,21,3,1.111576707763672,36.2,37.7,44.0
SOXX,2026-07-29,2026-07-31,C,475.0,13,6,0.9783937707519532,29.9,30.2,36.9
SOXX,2026-07-29,2026-07-31,C,480.0,4330,41,0.8959971337890623,28.0,25.3,32.3
SOXX,2026-07-29,2026-07-31,C,485.0,389,17,0.9077157666015624,21.52,22.7,27.8
SOXX,2026-07-29,2026-07-31,C,487.5,20,19,0.8164080859374999,5.5,18.9,25.8
SOXX,2026-07-29,2026-07-31,C,490.0,194,155,0.8297136169433592,18.35,18.5,23.1
SOXX,2026-07-29,2026-07-31,C,495.0,76,26,0.7658714819335939,14.55,14.3,19.1
SOXX,2026-07-29,2026-07-31,C,497.5,8,14,0.6931183032226562,12.64,11.1,17.2
SOXX,2026-07-29,2026-07-31,C,500.0,5204,387,0.6894562304687502,12.0,10.4,14.9
SOXX,2026-07-29,2026-07-31,C,502.5,281,42,0.652469295654297,9.26,8.2,13.3
SOXX,2026-07-29,2026-07-31,C,505.0,143,346,0.6060830407714846,8.3,5.7,11.9
SOXX,2026-07-29,2026-07-31,C,507.5,30,41,0.6062051098632814,4.95,5.0,10.3
SOXX,2026-07-29,2026-07-31,C,510.0,175,530,0.5850871569824219,5.9,3.9,8.7
SOXX,2026-07-29,2026-07-31,C,515.0,63,45,0.5985147570800782,4.6,2.55,6.9
SOXX,2026-07-29,2026-07-31,C,517.5,112,57,0.5876506079101562,3.44,2.0,5.7
SOXX,2026-07-29,2026-07-31,C,520.0,604,493,0.5609174768066407,2.5,1.5,4.3
SOXX,2026-07-29,2026-07-31,C,522.5,20,17,0.5197801928710937,2.21,1.0,2.9
SOXX,2026-07-29,2026-07-31,C,525.0,469,74,0.6132851171875001,2.25,0.6,4.3
SOXX,2026-07-29,2026-07-31,C,527.5,11,15,0.551762294921875,1.3,0.25,2.7
SOXX,2026-07-29,2026-07-31,C,530.0,812,1290,0.5786174951171875,1.6,0.4,2.35
SOXX,2026-07-29,2026-07-31,C,532.5,2153,11,0.5600629931640625,0.9,0.35,1.6
SOXX,2026-07-29,2026-07-31,C,535.0,1429,70,0.6501499829101562,0.9,0.3,2.4
SOXX,2026-07-29,2026-07-31,C,537.5,37,1,0.585941640625,1.2,0.3,1.15
SOXX,2026-07-29,2026-07-31,C,540.0,1820,56,0.5927775097656252,0.45,0.2,1.0
SOXX,2026-07-29,2026-07-31,C,542.5,67,21,0.7097196997070312,0.53,0.05,2.05
SOXX,2026-07-29,2026-07-31,C,545.0,266,32,0.6867707104492189,0.35,0.05,1.45
SOXX,2026-07-29,2026-07-31,C,547.5,129,65,0.7070341796875,0.2,0.0,1.4
SOXX,2026-07-29,2026-07-31,C,550.0,931,70,0.6074258007812501,0.28,0.05,0.45
SOXX,2026-07-29,2026-07-31,C,552.5,102,4,0.8349625878906248,0.65,0.0,2.05
SOXX,2026-07-29,2026-07-31,C,555.0,205,4,0.8710950390625,0.15,0.0,2.1
SOXX,2026-07-29,2026-07-31,C,557.5,5,4,0.9118661157226562,2.25,0.0,2.2
SOXX,2026-07-29,2026-07-31,C,560.0,235,15,0.6992217578125001,0.13,0.0,0.45
SOXX,2026-07-29,2026-07-31,C,562.5,798,2,0.711916943359375,0.4,0.0,0.4
SOXX,2026-07-29,2026-07-31,C,565.0,947,1,0.8710950390625,0.5,0.0,1.1
SOXX,2026-07-29,2026-07-31,C,567.5,27,5,0.8984385156249999,0.1,0.0,1.1
SOXX,2026-07-29,2026-07-31,C,570.0,210,2,0.9750979052734375,0.05,0.0,1.45
SOXX,2026-07-29,2026-07-31,C,572.5,19,1,1.133305114746094,0.48,0.0,2.6
SOXX,2026-07-29,2026-07-31,C,575.0,797,12,1.0166064794921876,0.05,0.0,1.35
SOXX,2026-07-29,2026-07-31,C,577.5,29,2,1.1499065942382813,1.15,0.0,2.2
SOXX,2026-07-29,2026-07-31,C,580.0,751,4,0.91992267578125,0.1,0.0,0.55
SOXX,2026-07-29,2026-07-31,C,582.5,1644,23,0.9677737597656251,0.1,0.0,0.65
SOXX,2026-07-29,2026-07-31,C,585.0,89,2,0.81445498046875,0.15,0.0,0.15
SOXX,2026-07-29,2026-07-31,C,587.5,53,1,1.4575222436523436,0.61,0.0,4.2
SOXX,2026-07-29,2026-07-31,C,590.0,384,2,0.7578149218750001,0.3,0.0,0.05
SOXX,2026-07-29,2026-07-31,C,592.5,31,6,1.5258812768554684,0.08,0.0,4.3
SOXX,2026-07-29,2026-07-31,C,595.0,39,1,0.79687703125,0.05,0.0,0.05
SOXX,2026-07-29,2026-07-31,C,597.5,150,5,1.241703010253906,0.13,0.0,1.3
SOXX,2026-07-29,2026-07-31,C,600.0,3962,6,0.9941406835937501,0.05,0.0,0.25
SOXX,2026-07-29,2026-07-31,C,602.5,22,1,1.2993199096679686,0.34,0.0,1.35
SOXX,2026-07-29,2026-07-31,C,605.0,98,1,1.4423856005859377,0.19,0.0,2.15
SOXX,2026-07-29,2026-07-31,C,607.5,6,1,1.6713883618164065,0.1,0.0,4.0
SOXX,2026-07-29,2026-07-31,C,610.0,134,10,1.1767619287109374,0.04,0.0,0.5
SOXX,2026-07-29,2026-07-31,C,612.5,6,2,1.4306669091796875,5.5,0.0,1.55
SOXX,2026-07-29,2026-07-31,C,615.0,828,1,1.5708029272460937,0.05,0.0,2.35
SOXX,2026-07-29,2026-07-31,C,617.5,13,1,0.9531254687499999,1.11,0.0,0.05
SOXX,2026-07-29,2026-07-31,C,620.0,72,2,1.125004375,0.05,0.0,0.2
SOXX,2026-07-29,2026-07-31,C,622.5,8,1,1.6044941650390623,0.39,0.0,2.05
SOXX,2026-07-29,2026-07-31,C,625.0,2410,3,1.3662141064453124,0.84,0.0,0.7
SOXX,2026-07-29,2026-07-31,C,627.5,1,1,1.5732443212890623,3.32,0.0,1.55
SOXX,2026-07-29,2026-07-31,C,630.0,178,13,1.16016044921875,0.05,0.0,0.15
SOXX,2026-07-29,2026-07-31,C,632.5,37,2,1.6933609082031251,0.1,0.0,2.0
SOXX,2026-07-29,2026-07-31,C,635.0,159,40,1.435549697265625,0.15,0.0,0.65
SOXX,2026-07-29,2026-07-31,C,637.5,4,3,1.7402356738281248,0.5,0.0,2.0
SOXX,2026-07-29,2026-07-31,C,640.0,96,2,1.7939463427734375,0.15,0.0,2.2
SOXX,2026-07-29,2026-07-31,C,642.5,17,0,2.0939989056396477,0.34,0.0,2.25
SOXX,2026-07-29,2026-07-31,C,645.0,67,1,2.1494186889648432,0.12,0.0,4.8
SOXX,2026-07-29,2026-07-31,C,650.0,413,8,1.3046909765624997,0.01,0.0,0.15
SOXX,2026-07-29,2026-07-31,C,652.5,1,0,2.225590373535156,1.58,0.0,4.8
SOXX,2026-07-29,2026-07-31,C,655.0,55,1,2.2504926550292965,0.37,0.0,4.8
SOXX,2026-07-29,2026-07-31,C,657.5,1,0,2.275394936523437,1.37,0.0,4.8
SOXX,2026-07-29,2026-07-31,C,660.0,52,2,1.2343788281249999,0.05,0.0,0.05
SOXX,2026-07-29,2026-07-31,C,665.0,5,1,1.9155277661132817,0.08,0.0,1.6
SOXX,2026-07-29,2026-07-31,C,670.0,263,5,2.3974649438476563,1.2,0.0,4.8
SOXX,2026-07-29,2026-07-31,C,675.0,610,1,1.4140654296875002,0.03,0.0,0.1
SOXX,2026-07-29,2026-07-31,C,677.5,12,0,1.609376953125,0.65,0.0,0.3
SOXX,2026-07-29,2026-07-31,C,680.0,211,1,2.030278361816406,0.03,0.0,1.55
SOXX,2026-07-29,2026-07-31,C,685.0,9,1,2.5385778723144528,0.65,0.0,4.8
SOXX,2026-07-29,2026-07-31,C,690.0,58,5,2.5849644750976566,0.18,0.0,4.8
SOXX,2026-07-29,2026-07-31,C,695.0,5,1,2.630374517822266,7.0,0.0,4.8
SOXX,2026-07-29,2026-07-31,C,700.0,193,5,1.4765651171875,0.01,0.0,0.05
SOXX,2026-07-29,2026-07-31,C,705.0,2,2,2.7197297631835937,4.9,0.0,4.8
SOXX,2026-07-29,2026-07-31,C,710.0,5,1,2.763919105834961,0.3,0.0,4.8
SOXX,2026-07-29,2026-07-31,C,715.0,51,4,2.8076201684570314,1.4,0.0,4.8
SOXX,2026-07-29,2026-07-31,C,720.0,71,15,2.8505888110351565,0.56,0.0,4.8
SOXX,2026-07-29,2026-07-31,C,725.0,0,1,2.8930691735839846,0.82,0.0,4.8
SOXX,2026-07-29,2026-07-31,C,730.0,3,1,2.9355495361328128,3.5,0.0,4.8
SOXX,2026-07-29,2026-07-31,C,735.0,1,0,2.9770533386230467,1.59,0.0,4.8
SOXX,2026-07-29,2026-07-31,C,740.0,11,10,2.0859422851562495,0.26,0.0,0.4
SOXX,2026-07-29,2026-07-31,C,745.0,1,1,3.059572663574219,1.5,0.0,4.8
SOXX,2026-07-29,2026-07-31,C,750.0,335,1,1.9375003125,1.5,0.0,0.15
SOXX,2026-07-29,2026-07-31,C,755.0,3,1,3.140138868408203,0.5,0.0,4.8
SOXX,2026-07-29,2026-07-31,C,760.0,3,2,2.2109419726562494,0.97,0.0,0.4
SOXX,2026-07-29,2026-07-31,C,770.0,2,0,3.178712990722656,0.85,0.0,4.2
SOXX,2026-07-29,2026-07-31,C,775.0,2,0,3.296388477783203,5.88,0.0,4.8
SOXX,2026-07-29,2026-07-31,C,780.0,2,1,3.334962600097656,5.11,0.0,4.8
SOXX,2026-07-29,2026-07-31,C,785.0,2,2,3.372560162353515,3.0,0.0,4.8
SOXX,2026-07-29,2026-07-31,C,800.0,276,115,2.00781748046875,0.05,0.0,0.05
SOXX,2026-07-29,2026-07-31,C,810.0,62,60,3.557130013427734,0.05,0.0,4.8
SOXX,2026-07-29,2026-07-31,C,815.0,1,0,3.593262735595703,1.9,0.0,4.8
SOXX,2026-07-29,2026-07-31,C,830.0,840,140,3.1718770703125,0.03,0.0,1.85
SOXX,2026-07-29,2026-07-31,C,850.0,38,5,3.8364261901855468,0.16,0.0,4.8
SOXX,2026-07-29,2026-07-31,C,855.0,33,8,2.2656293359374997,0.14,0.0,0.05
SOXX,2026-07-29,2026-07-31,C,860.0,18,10,3.903320554199219,0.18,0.0,4.8
SOXX,2026-07-29,2026-07-31,C,870.0,15,8,3.361329721679687,0.14,0.0,1.65
SOXX,2026-07-29,2026-07-31,C,890.0,41,6,4.098149408569335,0.16,0.0,4.8
SOXX,2026-07-29,2026-07-31,C,910.0,16,8,4.222660971679687,0.18,0.0,4.8
SOXX,2026-07-29,2026-07-31,C,920.0,31,6,3.6445321386718756,0.16,0.0,1.65
SOXX,2026-07-29,2026-07-31,C,930.0,18,12,4.344242850952147,0.18,0.0,4.8
SOXX,2026-07-29,2026-07-31,C,940.0,5,4,4.403813088989257,0.18,0.0,4.8
SOXX,2026-07-29,2026-07-31,C,950.0,126,20,2.6718783203125005,0.1,0.0,0.05
SOXX,2026-07-29,2026-07-31,P,315.0,1020,3,2.1250046874999997,0.03,0.0,0.05
SOXX,2026-07-29,2026-07-31,P,320.0,336,124,2.1953170117187497,0.09,0.0,0.1
SOXX,2026-07-29,2026-07-31,P,325.0,172,2,3.0000025,0.1,0.0,1.6
SOXX,2026-07-29,2026-07-31,P,330.0,713,3,2.2109419726562494,0.1,0.0,0.2
SOXX,2026-07-29,2026-07-31,P,335.0,173,4,2.2421918945312496,0.05,0.0,0.3
SOXX,2026-07-29,2026-07-31,P,340.0,1950,1,1.8125009374999999,0.07,0.0,0.05
SOXX,2026-07-29,2026-07-31,P,345.0,135,2,2.6406283984375003,0.1,0.0,1.6
SOXX,2026-07-29,2026-07-31,P,350.0,1110,1,1.6875015625,0.03,0.0,0.05
SOXX,2026-07-29,2026-07-31,P,355.0,245,2,2.4677772680664063,0.02,0.0,1.6
SOXX,2026-07-29,2026-07-31,P,360.0,884,35,2.3037151782226557,0.05,0.0,1.3
SOXX,2026-07-29,2026-07-31,P,365.0,218,24,1.60547072265625,0.03,0.0,0.1
SOXX,2026-07-29,2026-07-31,P,370.0,964,12,2.021489321289063,0.05,0.0,0.9
SOXX,2026-07-29,2026-07-31,P,375.0,273,77,1.3906280468749999,0.05,0.0,0.05
SOXX,2026-07-29,2026-07-31,P,380.0,2413,104,1.3281283593749997,0.04,0.0,0.05
SOXX,2026-07-29,2026-07-31,P,385.0,18,25,1.625001875,0.11,0.0,0.45
SOXX,2026-07-29,2026-07-31,P,387.5,19,8,1.919922275390625,0.05,0.0,1.55
SOXX,2026-07-29,2026-07-31,P,390.0,776,16,1.359378203125,0.05,0.0,0.15
SOXX,2026-07-29,2026-07-31,P,392.5,206,34,1.2734411328124997,0.05,0.0,0.1
SOXX,2026-07-29,2026-07-31,P,395.0,209,112,1.3007847460937496,0.05,0.0,0.15
SOXX,2026-07-29,2026-07-31,P,397.5,66,2,1.78125109375,0.05,0.0,1.65
SOXX,2026-07-29,2026-07-31,P,400.0,1133,42,1.2382850585937497,0.05,0.0,0.15
SOXX,2026-07-29,2026-07-31,P,402.5,14,4,1.5078149609375,0.08,0.0,0.8
SOXX,2026-07-29,2026-07-31,P,405.0,100,60,1.25390998046875,0.05,0.0,0.25
SOXX,2026-07-29,2026-07-31,P,407.5,45,8,1.615236298828125,0.08,0.0,1.6
SOXX,2026-07-29,2026-07-31,P,410.0,438,44,1.19141029296875,0.05,0.0,0.25
SOXX,2026-07-29,2026-07-31,P,412.5,6,75,1.0429735351562504,0.05,0.0,0.1
SOXX,2026-07-29,2026-07-31,P,415.0,232,25,1.1796916015624999,0.05,0.0,0.35
SOXX,2026-07-29,2026-07-31,P,417.5,64,3,1.123051259765625,0.07,0.05,0.25
SOXX,2026-07-29,2026-07-31,P,420.0,772,155,1.091801416015625,0.1,0.05,0.25
SOXX,2026-07-29,2026-07-31,P,422.5,30,66,0.9726565234375,0.08,0.05,0.1
SOXX,2026-07-29,2026-07-31,P,425.0,563,29,0.9023447265625,0.08,0.0,0.1
SOXX,2026-07-29,2026-07-31,P,427.5,97,39,1.2397498950195311,0.15,0.0,1.2
SOXX,2026-07-29,2026-07-31,P,430.0,1469,1357,0.9687503125,0.13,0.0,0.3
SOXX,2026-07-29,2026-07-31,P,432.5,33,45,0.937500625,0.12,0.1,0.2
SOXX,2026-07-29,2026-07-31,P,435.0,511,7,0.85937640625,0.15,0.0,0.2
SOXX,2026-07-29,2026-07-31,P,437.5,30,16,1.4216337512207033,1.56,0.0,4.0
SOXX,2026-07-29,2026-07-31,P,440.0,4620,135,0.8242205078124999,0.2,0.05,0.2
SOXX,2026-07-29,2026-07-31,P,442.5,41,900,1.1508831518554685,0.3,0.0,2.15
SOXX,2026-07-29,2026-07-31,P,445.0,811,42,0.9609378906249999,0.2,0.0,1.05
SOXX,2026-07-29,2026-07-31,P,447.5,45,35,1.0605515722656251,0.38,0.05,2.0
SOXX,2026-07-29,2026-07-31,P,450.0,6940,282,0.8466812207031249,0.31,0.1,0.7
SOXX,2026-07-29,2026-07-31,P,452.5,19,8,0.9599613378906249,0.24,0.0,1.85
SOXX,2026-07-29,2026-07-31,P,455.0,160,145,0.78711150390625,0.28,0.15,0.7
SOXX,2026-07-29,2026-07-31,P,457.5,458,1,0.9660647924804688,0.4,0.4,2.3
SOXX,2026-07-29,2026-07-31,P,460.0,3695,2224,0.7617211328125001,0.79,0.0,1.15
SOXX,2026-07-29,2026-07-31,P,462.5,1016,1599,0.6752962158203126,0.65,0.05,0.75
SOXX,2026-07-29,2026-07-31,P,465.0,1080,47,0.6826203613281252,0.7,0.1,1.0
SOXX,2026-07-29,2026-07-31,P,467.5,205,34,0.64062859375,0.8,0.05,1.0
SOXX,2026-07-29,2026-07-31,P,470.0,2620,2567,0.622074091796875,0.95,0.15,1.05
SOXX,2026-07-29,2026-07-31,P,472.5,63,18,0.6616244775390626,1.03,0.4,1.6
SOXX,2026-07-29,2026-07-31,P,475.0,1388,58,0.6333044482421876,1.2,0.3,1.85
SOXX,2026-07-29,2026-07-31,P,477.5,151,96,0.6215858154296876,1.24,0.5,2.05
SOXX,2026-07-29,2026-07-31,P,480.0,5158,1838,0.6084023535156251,1.68,0.7,2.3
SOXX,2026-07-29,2026-07-31,P,482.5,1139,643,0.6020547607421877,1.51,0.85,2.8
SOXX,2026-07-29,2026-07-31,P,485.0,116,38,0.5870402624511719,2.3,1.05,3.2
SOXX,2026-07-29,2026-07-31,P,487.5,125,78,0.6022988989257814,3.55,1.9,3.7
SOXX,2026-07-29,2026-07-31,P,490.0,2444,2193,0.5668988623046876,2.6,1.8,4.2
SOXX,2026-07-29,2026-07-31,P,492.5,84,652,0.5549360913085939,3.91,2.25,4.8
SOXX,2026-07-29,2026-07-31,P,495.0,2690,2350,0.5556685058593751,4.32,2.8,5.8
SOXX,2026-07-29,2026-07-31,P,497.5,277,22,0.5157519128417969,5.7,2.75,6.5
SOXX,2026-07-29,2026-07-31,P,500.0,3387,1798,0.495122236328125,6.02,4.0,5.3
SOXX,2026-07-29,2026-07-31,P,502.5,217,86,0.5228319201660157,7.15,5.0,8.6
SOXX,2026-07-29,2026-07-31,P,505.0,124,80,0.634891346435547,7.74,4.7,9.7
SOXX,2026-07-29,2026-07-31,P,507.5,45,7,0.537236072998047,9.5,5.7,9.6
SOXX,2026-07-29,2026-07-31,P,510.0,532,334,0.5180712255859375,10.0,6.6,10.8
SOXX,2026-07-29,2026-07-31,P,512.5,51,11,0.5537154003906251,29.1,8.0,12.9
SOXX,2026-07-29,2026-07-31,P,515.0,273,59,0.5540816076660158,14.73,9.4,14.6
SOXX,2026-07-29,2026-07-31,P,517.5,3,2,0.47998566894531247,28.93,10.8,15.5
SOXX,2026-07-29,2026-07-31,P,520.0,301,39,0.5014698291015626,17.7,12.5,17.7
SOXX,2026-07-29,2026-07-31,P,522.5,38,161,0.602787175292969,31.46,14.1,20.8
SOXX,2026-07-29,2026-07-31,P,525.0,5832,5552,0.6015664843750002,21.4,16.3,22.8
SOXX,2026-07-29,2026-07-31,P,527.5,35,11,0.5922892333984376,22.2,18.0,24.8
SOXX,2026-07-29,2026-07-31,P,530.0,3137,57,0.450200810546875,24.8,20.3,26.0
SOXX,2026-07-29,2026-07-31,P,532.5,7,3,0.6235389208984375,50.78,22.6,29.4
SOXX,2026-07-29,2026-07-31,P,535.0,35,2,0.603763728027344,33.2,24.9,31.5
SOXX,2026-07-29,2026-07-31,P,537.5,83,1,0.63867548828125,47.7,27.1,34.0
SOXX,2026-07-29,2026-07-31,P,540.0,236,46,0.6381872119140625,34.37,29.7,36.3
SOXX,2026-07-29,2026-07-31,P,542.5,31,3,0.6303747900390625,52.24,32.1,38.6
SOXX,2026-07-29,2026-07-31,P,545.0,64,3,0.5468795312500001,39.18,34.5,40.7
SOXX,2026-07-29,2026-07-31,P,547.5,12,2,0.6914093359375001,59.55,36.8,43.6
SOXX,2026-07-29,2026-07-31,P,550.0,186,146,0.6689486230468751,45.25,39.5,45.9
SOXX,2026-07-29,2026-07-31,P,552.5,12,1,0.6972686523437501,60.0,41.9,48.4
SOXX,2026-07-29,2026-07-31,P,555.0,95,103,0.7251004052734374,52.3,44.4,50.9
SOXX,2026-07-29,2026-07-31,P,557.5,54,1,0.752932158203125,80.0,46.9,53.4
SOXX,2026-07-29,2026-07-31,P,560.0,64,1,0.7797873583984375,58.0,49.4,55.9
SOXX,2026-07-29,2026-07-31,P,562.5,5,1,0.770510107421875,36.65,51.6,58.3
SOXX,2026-07-29,2026-07-31,P,565.0,68,19,0.79687703125,63.9,54.3,60.8
SOXX,2026-07-29,2026-07-31,P,567.5,0,1,0.82226740234375,41.09,56.7,63.3
SOXX,2026-07-29,2026-07-31,P,570.0,119,26,0.8476577734374999,103.4,59.4,65.8
SOXX,2026-07-29,2026-07-31,P,572.5,1,2,0.8242205078124999,50.7,61.9,68.2
SOXX,2026-07-29,2026-07-31,P,575.0,2756,2779,0.848634326171875,69.5,64.4,70.7
SOXX,2026-07-29,2026-07-31,P,580.0,0,28,0.8955088574218748,100.0,69.4,75.7
SOXX,2026-07-29,2026-07-31,P,582.5,0,4,0.918946123046875,56.4,71.9,78.2
SOXX,2026-07-29,2026-07-31,P,585.0,1,3,1.1084028955078127,82.0,73.7,81.1
SOXX,2026-07-29,2026-07-31,P,587.5,0,2,1.1342816723632816,50.54,76.0,83.6
SOXX,2026-07-29,2026-07-31,P,590.0,1,3,0.773439765625,87.0,79.3,85.5
SOXX,2026-07-29,2026-07-31,P,592.5,0,2,1.009770576171875,41.3,81.9,88.2
SOXX,2026-07-29,2026-07-31,P,595.0,0,5,1.0322314013671878,83.2,84.2,90.7
SOXX,2026-07-29,2026-07-31,P,597.5,0,0,1.0546922265625,42.2,86.9,93.2
SOXX,2026-07-29,2026-07-31,P,600.0,3,12,1.1347699511718752,97.0,89.4,95.8
SOXX,2026-07-29,2026-07-31,P,602.5,0,5,1.1572307763671876,79.25,91.9,98.3
SOXX,2026-07-29,2026-07-31,P,605.0,0,3,1.1796916015624999,59.7,94.3,100.8
SOXX,2026-07-29,2026-07-31,P,607.5,0,0,1.2021524267578125,42.16,96.6,103.3
SOXX,2026-07-29,2026-07-31,P,610.0,0,1,1.224613251953125,102.2,99.0,105.8
SOXX,2026-07-29,2026-07-31,P,612.5,0,0,1.2470740771484374,44.0,101.8,108.3
SOXX,2026-07-29,2026-07-31,P,615.0,0,1,1.2685583447265623,66.05,104.3,110.8
SOXX,2026-07-29,2026-07-31,P,617.5,0,0,1.2900426123046875,46.6,106.8,113.3
SOXX,2026-07-29,2026-07-31,P,620.0,0,13,1.3125034374999998,51.0,109.3,115.8
SOXX,2026-07-29,2026-07-31,P,622.5,0,19,1.3339877050781246,49.3,111.7,118.3
SOXX,2026-07-29,2026-07-31,P,625.0,0,1,1.4965845483398437,103.0,113.0,121.1
SOXX,2026-07-29,2026-07-31,P,627.5,0,35,1.3759796826171873,60.7,116.7,123.3
SOXX,2026-07-29,2026-07-31,P,630.0,0,1,1.3974639501953123,82.9,119.2,125.8
SOXX,2026-07-29,2026-07-31,P,632.5,0,3,1.4179716601562502,86.03,121.8,128.3
SOXX,2026-07-29,2026-07-31,P,635.0,0,2,1.439455927734375,100.2,123.0,130.8
SOXX,2026-07-29,2026-07-31,P,637.5,0,23,1.609376953125,54.0,126.8,133.6
SOXX,2026-07-29,2026-07-31,P,640.0,0,1,1.6308612207031248,74.55,128.0,136.1
SOXX,2026-07-29,2026-07-31,P,645.0,0,1,1.5214867675781247,94.45,134.3,140.8
SOXX,2026-07-29,2026-07-31,P,650.0,0,30,1.5615256298828122,155.43,139.3,145.8
SOXX,2026-07-29,2026-07-31,P,655.0,0,2,1.6015644921874999,51.13,144.3,150.8
SOXX,2026-07-29,2026-07-31,P,660.0,0,24,1.640626796875,89.3,148.8,155.8
SOXX,2026-07-29,2026-07-31,P,665.0,0,15,1.6796891015625,149.97,154.3,160.8
SOXX,2026-07-29,2026-07-31,P,670.0,1,0,3.6762703405761723,87.14,174.1,181.0
SOXX,2026-07-29,2026-07-31,P,675.0,0,1,1.755860595703125,180.16,164.2,170.8
SOXX,2026-07-29,2026-07-31,P,680.0,0,0,1.79296978515625,67.65,169.2,175.8
SOXX,2026-07-29,2026-07-31,P,700.0,0,1,1.9394534277343751,133.0,189.2,195.8
SOXX,2026-07-29,2026-07-31,P,720.0,0,1,2.080082924804687,190.34,209.2,215.8
SOXX,2026-07-29,2026-07-31,P,760.0,0,0,2.3466838208007808,164.0,249.3,255.8
SOXX,2026-07-29,2026-07-31,P,800.0,0,1,2.593753515625,198.0,289.2,295.8
SOXX,2026-07-29,2026-07-31,P,830.0,0,1,2.7695343261718754,227.0,319.1,325.8
SOXX,2026-07-29,2026-07-31,P,900.0,0,0,3.150392749023437,352.0,389.3,395.8
SOXX,2026-07-29,2026-08-07,C,385.0,4,3,1.3464388146972652,110.0,119.9,128.0
SOXX,2026-07-29,2026-08-07,C,395.0,1,1,1.2633093475341794,152.89,109.8,118.5
SOXX,2026-07-29,2026-08-07,C,460.0,10,7,0.7865011584472656,46.6,49.0,55.7
SOXX,2026-07-29,2026-08-07,C,475.0,12,3,0.7196683306884766,37.23,36.7,43.1
SOXX,2026-07-29,2026-08-07,C,480.0,39,85,0.7261990270996093,24.2,33.7,39.8
SOXX,2026-07-29,2026-08-07,C,490.0,81,54,0.6891510577392579,27.7,26.8,32.2
SOXX,2026-07-29,2026-08-07,C,495.0,55,17,0.654544470214844,24.02,22.0,29.2
SOXX,2026-07-29,2026-08-07,C,500.0,1993,207,0.6567417138671876,21.66,19.6,26.4
SOXX,2026-07-29,2026-08-07,C,505.0,28,16,0.6021768298339845,20.2,16.6,21.0
SOXX,2026-07-29,2026-08-07,C,510.0,54,73,0.6206092626953126,17.2,14.3,19.9
SOXX,2026-07-29,2026-08-07,C,515.0,62,2,0.6024820025634767,14.0,12.1,16.8
SOXX,2026-07-29,2026-08-07,C,517.5,67,19,0.6078530426025393,7.4,11.2,16.1
SOXX,2026-07-29,2026-08-07,C,520.0,372,59,0.5953409606933593,13.0,9.7,15.0
SOXX,2026-07-29,2026-08-07,C,522.5,1214,1212,0.6108437353515627,5.0,9.5,14.4
SOXX,2026-07-29,2026-08-07,C,525.0,146,111,0.582889913330078,9.96,8.6,12.0
SOXX,2026-07-29,2026-08-07,C,527.5,61,11,0.5903971624755859,9.75,7.9,11.6
SOXX,2026-07-29,2026-08-07,C,530.0,63,21,0.5877726770019531,9.2,7.2,10.7
SOXX,2026-07-29,2026-08-07,C,535.0,17,342,0.5847819842529296,7.1,6.0,9.1
SOXX,2026-07-29,2026-08-07,C,537.5,41,1,0.5847209497070311,6.75,5.5,8.4
SOXX,2026-07-29,2026-08-07,C,540.0,426,420,0.6069375244140626,6.6,5.0,8.9
SOXX,2026-07-29,2026-08-07,C,545.0,41,4,0.5744671459960937,5.05,3.9,6.4
SOXX,2026-07-29,2026-08-07,C,547.5,62,3,0.5787395642089843,4.7,3.5,6.1
SOXX,2026-07-29,2026-08-07,C,550.0,115,50,0.5722699023437501,4.0,3.0,5.5
SOXX,2026-07-29,2026-08-07,C,552.5,18,2,0.5712323150634766,4.0,2.7,5.0
SOXX,2026-07-29,2026-08-07,C,555.0,19,5,0.5711712805175782,3.8,2.4,4.6
SOXX,2026-07-29,2026-08-07,C,557.5,30,1,0.5695843823242188,3.05,2.1,4.2
SOXX,2026-07-29,2026-08-07,C,560.0,24,15,0.5416305603027345,2.86,1.6,3.2
SOXX,2026-07-29,2026-08-07,C,562.5,4,1,0.567387138671875,2.53,1.6,3.5
SOXX,2026-07-29,2026-08-07,C,565.0,12,4,0.5654340332031251,2.52,1.35,3.2
SOXX,2026-07-29,2026-08-07,C,567.5,16,14,0.5617719604492188,1.0,1.15,2.85
SOXX,2026-07-29,2026-08-07,C,570.0,1945,26,0.5676312768554688,2.0,0.95,2.8
SOXX,2026-07-29,2026-08-07,C,572.5,2,3,0.5604292004394531,1.72,0.75,2.45
SOXX,2026-07-29,2026-08-07,C,575.0,65,1,0.5748333532714844,1.55,0.55,2.65
SOXX,2026-07-29,2026-08-07,C,577.5,7,8,0.5712933496093751,1.4,0.6,2.2
SOXX,2026-07-29,2026-08-07,C,580.0,56,11,0.5898478515625001,1.3,0.45,2.45
SOXX,2026-07-29,2026-08-07,C,582.5,2,1,0.5659223095703125,1.25,0.25,1.9
SOXX,2026-07-29,2026-08-07,C,585.0,63,4,0.5556685058593751,1.12,0.4,1.35
SOXX,2026-07-29,2026-08-07,C,587.5,12,15,0.5744671459960937,0.8,0.2,1.65
SOXX,2026-07-29,2026-08-07,C,590.0,109,31,0.5295457202148439,0.87,0.0,1.05
SOXX,2026-07-29,2026-08-07,C,592.5,6,31,0.647464462890625,0.75,0.0,2.7
SOXX,2026-07-29,2026-08-07,C,595.0,22,31,0.6655306884765627,0.7,0.3,2.5
SOXX,2026-07-29,2026-08-07,C,597.5,2,1,0.6544224011230471,1.08,0.0,2.35
SOXX,2026-07-29,2026-08-07,C,600.0,4691,44,0.5612836840820312,0.57,0.25,0.65
SOXX,2026-07-29,2026-08-07,C,602.5,33,3,0.7825949475097658,0.63,0.0,4.5
SOXX,2026-07-29,2026-08-07,C,605.0,7,2,0.7272976489257812,0.47,0.0,3.0
SOXX,2026-07-29,2026-08-07,C,610.0,13,2,0.5883830224609375,0.3,0.1,0.65
SOXX,2026-07-29,2026-08-07,C,612.5,32,1,0.8317887915039062,1.38,0.0,4.4
SOXX,2026-07-29,2026-08-07,C,615.0,37,52,0.6518589501953126,0.3,0.0,1.15
SOXX,2026-07-29,2026-08-07,C,617.5,3,4,0.7460962890625,0.62,0.0,2.25
SOXX,2026-07-29,2026-08-07,C,620.0,32,2,0.6826203613281252,0.3,0.0,1.25
SOXX,2026-07-29,2026-08-07,C,622.5,0,0,0.7695335546875001,35.91,0.0,2.25
SOXX,2026-07-29,2026-08-07,C,625.0,7,1,0.7385280053710936,1.0,0.0,1.65
SOXX,2026-07-29,2026-08-07,C,627.5,2,13,0.7861349511718749,0.3,0.0,2.15
SOXX,2026-07-29,2026-08-07,C,630.0,12,7,0.6894562304687502,0.25,0.0,0.9
SOXX,2026-07-29,2026-08-07,C,632.5,9,8,0.815431533203125,0.5,0.0,2.25
SOXX,2026-07-29,2026-08-07,C,635.0,6,2,0.9216316430664062,13.42,0.0,3.9
SOXX,2026-07-29,2026-08-07,C,640.0,21,2,0.762697685546875,0.18,0.0,1.2
SOXX,2026-07-29,2026-08-07,C,645.0,21,17,0.9895020581054688,0.59,0.0,4.3
SOXX,2026-07-29,2026-08-07,C,650.0,57,2,0.9267585449218749,0.55,0.0,2.75
SOXX,2026-07-29,2026-08-07,C,655.0,6,1,0.7680687255859376,0.22,0.0,0.75
SOXX,2026-07-29,2026-08-07,C,660.0,15,1,0.9501958105468749,0.76,0.0,2.45
SOXX,2026-07-29,2026-08-07,C,665.0,9,1,0.9165047412109376,0.57,0.0,1.75
SOXX,2026-07-29,2026-08-07,C,670.0,3,1,0.7993184130859375,1.2,0.0,0.6
SOXX,2026-07-29,2026-08-07,C,675.0,297,293,0.84961087890625,0.08,0.0,0.8
SOXX,2026-07-29,2026-08-07,C,680.0,3,2,1.1594280310058593,6.6,0.0,4.5
SOXX,2026-07-29,2026-08-07,C,685.0,75,70,0.914063359375,0.07,0.0,1.0
SOXX,2026-07-29,2026-08-07,C,690.0,42,40,0.9321295849609376,0.05,0.0,1.0
SOXX,2026-07-29,2026-08-07,C,695.0,2,2,1.056645341796875,0.4,0.0,2.0
SOXX,2026-07-29,2026-08-07,C,700.0,59,12,0.929688203125,0.05,0.0,0.75
SOXX,2026-07-29,2026-08-07,C,705.0,2,2,1.0112354125976561,0.34,0.0,1.2
SOXX,2026-07-29,2026-08-07,C,710.0,7,2,1.199711032714844,1.42,0.0,3.1
SOXX,2026-07-29,2026-08-07,C,720.0,5,2,1.1679729101562502,1.23,0.0,2.2
SOXX,2026-07-29,2026-08-07,C,725.0,3,3,1.335208402099609,3.7,0.0,4.3
SOXX,2026-07-29,2026-08-07,C,730.0,6,1,1.3488802087402343,0.8,0.0,4.2
SOXX,2026-07-29,2026-08-07,C,735.0,2,0,1.1943399658203124,3.5,0.0,1.9
SOXX,2026-07-29,2026-08-07,C,740.0,3,1,1.3618195971679685,0.02,0.0,3.8
SOXX,2026-07-29,2026-08-07,C,750.0,2,1,1.4313993273925782,0.88,0.0,4.3
SOXX,2026-07-29,2026-08-07,C,780.0,23,0,1.5405296411132814,1.25,0.0,4.3
SOXX,2026-07-29,2026-08-07,C,790.0,2,2,1.5822774792480465,2.4,0.0,4.4
SOXX,2026-07-29,2026-08-07,C,800.0,17,2,1.4096709204101563,0.63,0.0,1.9
SOXX,2026-07-29,2026-08-07,C,805.0,1,0,1.4521511767578126,3.91,0.0,2.15
SOXX,2026-07-29,2026-08-07,C,810.0,1,1,1.6440447485351561,0.05,0.0,4.3
SOXX,2026-07-29,2026-08-07,C,840.0,12,0,1.7763683056640622,0.52,0.0,4.8
SOXX,2026-07-29,2026-08-07,C,850.0,10,0,1.808350567626953,0.5,0.0,4.8
SOXX,2026-07-29,2026-08-07,C,855.0,17,0,1.7448743225097654,0.85,0.0,3.7
SOXX,2026-07-29,2026-08-07,C,860.0,17,1,1.8051767553710936,0.05,0.0,4.3
SOXX,2026-07-29,2026-08-07,C,870.0,1,1,1.8359383203124997,1.0,0.0,4.3
SOXX,2026-07-29,2026-08-07,C,920.0,25,2,1.982666102294922,0.45,0.0,4.3
SOXX,2026-07-29,2026-08-07,C,930.0,41,10,1.7211928002929686,0.25,0.0,1.5
SOXX,2026-07-29,2026-08-07,C,940.0,3,1,2.0759325445556636,0.43,0.0,4.8
SOXX,2026-07-29,2026-08-07,C,950.0,106,5,1.2578162109375,0.26,0.0,0.05
SOXX,2026-07-29,2026-08-07,P,340.0,2562,65,1.0576218994140625,0.2,0.1,0.3
SOXX,2026-07-29,2026-08-07,P,345.0,56,11,1.0058643457031249,0.75,0.0,0.35
SOXX,2026-07-29,2026-08-07,P,350.0,316,1071,1.0405321411132817,0.27,0.25,0.35
SOXX,2026-07-29,2026-08-07,P,355.0,12,9,1.2136269787597653,1.15,0.05,2.0
SOXX,2026-07-29,2026-08-07,P,360.0,10,3,1.0859420703125,0.89,0.0,1.3
SOXX,2026-07-29,2026-08-07,P,365.0,317,38,0.9443364941406249,0.4,0.15,0.5
SOXX,2026-07-29,2026-08-07,P,375.0,3,0,1.021489267578125,1.22,0.0,1.75
SOXX,2026-07-29,2026-08-07,P,380.0,13,44,0.8808605664062499,0.55,0.05,0.85
SOXX,2026-07-29,2026-08-07,P,385.0,16,18,1.0083057397460937,0.65,0.0,2.5
SOXX,2026-07-29,2026-08-07,P,390.0,23,2,1.0241748010253908,1.52,0.0,3.3
SOXX,2026-07-29,2026-08-07,P,395.0,29,27,0.8974619628906249,1.94,0.1,2.0
SOXX,2026-07-29,2026-08-07,P,400.0,578,91,0.7875997802734375,0.98,0.05,1.25
SOXX,2026-07-29,2026-08-07,P,405.0,86,3,0.8627943408203125,1.1,0.0,2.7
SOXX,2026-07-29,2026-08-07,P,410.0,490,5,0.8420425952148438,1.49,0.4,2.6
SOXX,2026-07-29,2026-08-07,P,415.0,315,7,0.78711150390625,1.6,0.6,2.15
SOXX,2026-07-29,2026-08-07,P,420.0,147,48,0.7680687255859376,1.6,0.9,2.2
SOXX,2026-07-29,2026-08-07,P,425.0,56,16,0.711916943359375,1.59,1.0,1.8
SOXX,2026-07-29,2026-08-07,P,430.0,101,24,0.7133817724609376,2.35,1.3,2.3
SOXX,2026-07-29,2026-08-07,P,435.0,453,6,0.7199735034179688,2.3,1.4,3.3
SOXX,2026-07-29,2026-08-07,P,440.0,140,33,0.7059355578613282,2.85,1.75,3.7
SOXX,2026-07-29,2026-08-07,P,445.0,8,6,0.6864045031738282,3.4,1.95,4.2
SOXX,2026-07-29,2026-08-07,P,450.0,2242,237,0.6420934228515626,3.5,2.55,3.6
SOXX,2026-07-29,2026-08-07,P,455.0,407,11,0.6785920812988282,4.1,3.0,6.0
SOXX,2026-07-29,2026-08-07,P,460.0,186,122,0.6355016918945313,4.5,3.1,6.1
SOXX,2026-07-29,2026-08-07,P,465.0,95,78,0.6837800177001954,5.2,3.7,9.7
SOXX,2026-07-29,2026-08-07,P,470.0,270,52,0.6369665209960937,6.5,4.8,8.9
SOXX,2026-07-29,2026-08-07,P,475.0,46,7660,0.6187782263183594,7.4,6.1,9.4
SOXX,2026-07-29,2026-08-07,P,480.0,266,66,0.6034585552978518,9.12,7.1,10.6
SOXX,2026-07-29,2026-08-07,P,485.0,80,80,0.5900919897460939,11.0,8.3,12.0
SOXX,2026-07-29,2026-08-07,P,490.0,10203,94,0.5895426788330078,11.93,10.2,13.8
SOXX,2026-07-29,2026-08-07,P,495.0,35,12,0.5609174768066407,14.87,10.6,15.8
SOXX,2026-07-29,2026-08-07,P,497.5,477,4,0.5671430004882813,15.9,12.1,16.9
SOXX,2026-07-29,2026-08-07,P,500.0,1135,174,0.5618940295410157,16.13,13.0,18.0
SOXX,2026-07-29,2026-08-07,P,505.0,95,348,0.5350998638916016,17.0,15.5,18.8
SOXX,2026-07-29,2026-08-07,P,507.5,43,2,0.556217816772461,18.0,16.7,21.6
SOXX,2026-07-29,2026-08-07,P,510.0,152,64,0.5343674493408204,21.2,17.2,22.5
SOXX,2026-07-29,2026-08-07,P,512.5,17,10,0.5264329583740235,22.2,18.4,23.7
SOXX,2026-07-29,2026-08-07,P,515.0,29,173,0.5358933129882812,22.1,19.6,26.1
SOXX,2026-07-29,2026-08-07,P,517.5,6,1,0.5307053765869141,23.82,21.6,26.9
SOXX,2026-07-29,2026-08-07,P,520.0,7108,21,0.5168505346679688,27.7,23.0,27.9
SOXX,2026-07-29,2026-08-07,P,525.0,1603,6,0.5805095660400392,31.85,25.4,30.7
SOXX,2026-07-29,2026-08-07,P,527.5,15,1,0.5897257824707032,68.78,26.9,32.7
SOXX,2026-07-29,2026-08-07,P,530.0,3421,12,0.6154213262939454,32.3,28.1,35.2
SOXX,2026-07-29,2026-08-07,P,532.5,9,30,0.56055126953125,34.42,30.2,35.5
SOXX,2026-07-29,2026-08-07,P,535.0,74,1,0.6176796044921876,58.46,31.6,38.9
SOXX,2026-07-29,2026-08-07,P,537.5,13,1,0.6185340881347658,32.89,33.2,40.8
SOXX,2026-07-29,2026-08-07,P,540.0,88,3,0.5822795678710937,41.0,35.5,41.8
SOXX,2026-07-29,2026-08-07,P,542.5,11,11,0.5996744134521486,52.99,37.5,44.2
SOXX,2026-07-29,2026-08-07,P,545.0,41,1,0.5692792095947266,43.48,39.3,45.5
SOXX,2026-07-29,2026-08-07,P,547.5,8,16,0.5330857238769531,46.0,41.1,46.8
SOXX,2026-07-29,2026-08-07,P,550.0,815,7,0.5950968225097657,47.0,43.2,50.2
SOXX,2026-07-29,2026-08-07,P,555.0,83,3,0.5621381677246093,63.72,47.7,53.8
SOXX,2026-07-29,2026-08-07,P,557.5,2,2,0.6168251208496094,40.8,48.0,57.0
SOXX,2026-07-29,2026-08-07,P,560.0,38,2,0.5856975024414062,70.0,51.2,58.6
SOXX,2026-07-29,2026-08-07,P,562.5,2,1,0.6307409973144531,65.2,52.0,61.6
SOXX,2026-07-29,2026-08-07,P,565.0,11,3,0.6192665026855471,72.87,54.8,63.6
SOXX,2026-07-29,2026-08-07,P,567.5,1,0,0.5982706188964844,33.0,57.0,65.5
SOXX,2026-07-29,2026-08-07,P,570.0,10,3,0.5865519860839843,67.5,59.4,67.6
SOXX,2026-07-29,2026-08-07,P,572.5,8,4,0.5867961242675781,94.0,61.0,69.9
SOXX,2026-07-29,2026-08-07,P,575.0,7,2,0.5856975024414062,84.9,64.0,72.2
SOXX,2026-07-29,2026-08-07,P,577.5,1,0,0.5918009570312501,38.85,66.0,74.6
SOXX,2026-07-29,2026-08-07,P,580.0,30,34,0.5881388842773438,118.0,68.0,76.9
SOXX,2026-07-29,2026-08-07,P,582.5,1,5,0.5922892333984376,83.2,71.1,79.3
SOXX,2026-07-29,2026-08-07,P,585.0,15,11,0.59570716796875,88.8,73.0,81.7
SOXX,2026-07-29,2026-08-07,P,587.5,1,0,0.5983926879882813,52.0,76.0,84.1
SOXX,2026-07-29,2026-08-07,P,590.0,37,1,0.5998575170898439,101.78,78.0,86.5
SOXX,2026-07-29,2026-08-07,P,592.5,2,1,0.6125527026367189,93.0,80.8,89.0
SOXX,2026-07-29,2026-08-07,P,595.0,33,1,0.6127968408203126,116.0,83.3,91.4
SOXX,2026-07-29,2026-08-07,P,597.5,8,8,0.6118202880859377,66.69,85.6,93.8
SOXX,2026-07-29,2026-08-07,P,600.0,34,1,0.624027197265625,110.0,88.0,96.3
SOXX,2026-07-29,2026-08-07,P,602.5,1,2,0.6359899682617188,72.0,90.5,98.8
SOXX,2026-07-29,2026-08-07,P,605.0,2,1,0.6330603100585939,126.0,93.0,101.2
SOXX,2026-07-29,2026-08-07,P,607.5,0,1,0.6445348046875,51.0,95.5,103.7
SOXX,2026-07-29,2026-08-07,P,610.0,29,1,0.6560092993164064,139.28,98.0,106.2
SOXX,2026-07-29,2026-08-07,P,612.5,0,1,0.6674837939453127,85.08,100.5,108.7
SOXX,2026-07-29,2026-08-07,P,615.0,1,30,1.0000000000000003e-05,64.0,103.0,109.6
SOXX,2026-07-29,2026-08-07,P,617.5,0,1,0.6728548339843752,63.0,105.4,113.6
SOXX,2026-07-29,2026-08-07,P,620.0,0,1,0.6840851904296876,59.99,107.9,116.1
SOXX,2026-07-29,2026-08-07,P,625.0,0,3,0.7055693505859376,67.35,112.9,121.1
SOXX,2026-07-29,2026-08-07,P,630.0,0,0,0.8422867333984375,72.1,117.0,126.9
SOXX,2026-07-29,2026-08-07,P,640.0,0,1,0.9003916210937499,90.8,127.0,137.0
SOXX,2026-07-29,2026-08-07,P,645.0,0,0,0.9233406103515626,51.35,132.0,142.0
SOXX,2026-07-29,2026-08-07,P,650.0,0,1,0.8100604931640624,136.7,138.0,146.1
SOXX,2026-07-29,2026-08-07,P,655.0,0,2,0.8300798242187499,80.0,143.0,151.1
SOXX,2026-07-29,2026-08-07,P,660.0,0,0,0.8500991552734375,58.98,147.9,156.1
SOXX,2026-07-29,2026-08-07,P,665.0,0,2,0.8696302099609375,112.62,153.0,161.1
SOXX,2026-07-29,2026-08-07,P,670.0,0,1,0.8891612646484374,100.0,158.0,166.1
SOXX,2026-07-29,2026-08-07,P,675.0,0,0,0.9082040429687499,69.4,162.9,171.1
SOXX,2026-07-29,2026-08-07,P,680.0,0,12,0.9272468212890624,114.63,167.9,176.1
SOXX,2026-07-29,2026-08-07,P,690.0,0,0,0.9643558251953125,113.4,177.9,186.1
SOXX,2026-07-29,2026-08-07,P,760.0,0,0,1.2055703784179688,160.0,247.9,256.1
SOXX,2026-07-29,2026-08-07,P,870.0,0,0,1.5288109497070312,296.8,358.0,366.1
SOXX,2026-07-29,2026-08-07,P,950.0,0,0,1.7319349340820311,376.8,437.9,446.1
SOXX,2026-07-29,2026-08-14,C,360.0,1,0,1.2407264526367183,171.72,145.3,153.8
SOXX,2026-07-29,2026-08-14,C,365.0,1,0,1.1977579174804687,170.37,140.4,148.6
SOXX,2026-07-29,2026-08-14,C,405.0,2,1,0.9634403070068358,68.9,101.8,110.0
SOXX,2026-07-29,2026-08-14,C,455.0,1,1,0.7329128271484374,33.79,57.0,64.0
SOXX,2026-07-29,2026-08-14,C,460.0,13,2,0.7183255706787108,52.25,52.9,60.0
SOXX,2026-07-29,2026-08-14,C,465.0,1,1,0.7042876251220704,62.15,49.0,56.0
SOXX,2026-07-29,2026-08-14,C,470.0,204,5,0.6850007086181642,44.3,45.0,51.9
SOXX,2026-07-29,2026-08-14,C,480.0,119,1,0.6671786212158206,40.0,38.7,44.1
SOXX,2026-07-29,2026-08-14,C,485.0,347,94,0.6644931011962893,37.0,35.0,41.6
SOXX,2026-07-29,2026-08-14,C,500.0,136,40,0.6278723736572267,27.52,25.0,32.3
SOXX,2026-07-29,2026-08-14,C,505.0,89,180,0.6167030517578126,24.5,22.5,29.0
SOXX,2026-07-29,2026-08-14,C,510.0,32,80,0.6115151153564455,22.51,20.1,26.4
SOXX,2026-07-29,2026-08-14,C,515.0,13,25,0.6074868353271485,20.0,17.9,24.0
SOXX,2026-07-29,2026-08-14,C,520.0,66,24,0.5949747534179688,19.0,15.8,21.1
SOXX,2026-07-29,2026-08-14,C,525.0,85,59,0.5858806060791015,16.0,13.9,18.6
SOXX,2026-07-29,2026-08-14,C,530.0,193,22,0.5991251025390626,15.0,12.3,17.9
SOXX,2026-07-29,2026-08-14,C,535.0,20,1,0.5850871569824219,12.71,10.7,15.3
SOXX,2026-07-29,2026-08-14,C,540.0,37,8,0.5799602551269532,11.95,9.5,13.3
SOXX,2026-07-29,2026-08-14,C,545.0,29,2,0.5722699023437501,10.4,8.2,11.5
SOXX,2026-07-29,2026-08-14,C,547.5,1,11,0.5661054132080079,10.2,7.4,10.7
SOXX,2026-07-29,2026-08-14,C,550.0,63,55,0.5662274822998048,8.35,6.9,10.1
SOXX,2026-07-29,2026-08-14,C,552.5,4,2,0.5654340332031251,7.72,6.4,9.5
SOXX,2026-07-29,2026-08-14,C,555.0,112,2,0.5653729986572267,7.56,5.9,9.0
SOXX,2026-07-29,2026-08-14,C,557.5,7,1,0.5660443786621094,6.7,5.5,8.5
SOXX,2026-07-29,2026-08-14,C,560.0,302,7,0.5559126440429689,6.64,5.0,7.5
SOXX,2026-07-29,2026-08-14,C,562.5,13,2,0.5684247259521484,5.75,4.6,7.8
SOXX,2026-07-29,2026-08-14,C,565.0,3,1,0.559574716796875,15.4,4.0,7.1
SOXX,2026-07-29,2026-08-14,C,567.5,10,2,0.5640302386474609,16.45,4.0,6.6
SOXX,2026-07-29,2026-08-14,C,570.0,9,8,0.5565229895019532,5.19,3.5,6.0
SOXX,2026-07-29,2026-08-14,C,572.5,37,32,0.5555464367675782,4.46,3.1,5.7
SOXX,2026-07-29,2026-08-14,C,575.0,5,2,0.5578657495117189,10.0,3.2,5.1
SOXX,2026-07-29,2026-08-14,C,580.0,46,1,0.55273884765625,3.64,2.25,4.7
SOXX,2026-07-29,2026-08-14,C,585.0,4,2,0.5481612567138674,25.07,1.6,4.2
SOXX,2026-07-29,2026-08-14,C,590.0,18,27,0.5585981640625001,2.5,2.15,3.2
SOXX,2026-07-29,2026-08-14,C,592.5,1,0,0.5363815893554689,38.52,1.25,2.95
SOXX,2026-07-29,2026-08-14,C,595.0,3,1,0.5574995422363282,1.5,1.55,3.0
SOXX,2026-07-29,2026-08-14,C,597.5,3,2,0.5476119458007813,2.8,0.95,2.95
SOXX,2026-07-29,2026-08-14,C,600.0,81,30,0.6029702789306643,1.75,1.5,3.9
SOXX,2026-07-29,2026-08-14,C,602.5,11,2,0.5340622766113281,16.5,0.75,2.2
SOXX,2026-07-29,2026-08-14,C,605.0,3,6,0.5531050549316407,14.65,0.4,2.8
SOXX,2026-07-29,2026-08-14,C,610.0,18,1,0.56055126953125,1.0,0.4,2.5
SOXX,2026-07-29,2026-08-14,C,612.5,12,12,0.5678754150390625,3.06,0.25,2.6
SOXX,2026-07-29,2026-08-14,C,615.0,1,2,0.5621381677246093,1.29,0.3,2.2
SOXX,2026-07-29,2026-08-14,C,620.0,20,2,0.56836369140625,0.78,0.25,2.0
SOXX,2026-07-29,2026-08-14,C,625.0,12,5,0.5809368078613282,0.6,0.5,1.65
SOXX,2026-07-29,2026-08-14,C,630.0,62,1,0.7044707287597658,1.78,0.0,4.8
SOXX,2026-07-29,2026-08-14,C,635.0,2,0,0.7379176599121093,18.0,0.05,5.2
SOXX,2026-07-29,2026-08-14,C,640.0,63,157,0.7241238525390624,0.71,0.0,4.3
SOXX,2026-07-29,2026-08-14,C,645.0,21,1,0.6735872485351564,0.4,0.0,2.65
SOXX,2026-07-29,2026-08-14,C,650.0,16,2,0.6557651611328126,0.92,0.0,2.0
SOXX,2026-07-29,2026-08-14,C,660.0,5,2,0.7622094091796876,0.85,0.0,3.5
SOXX,2026-07-29,2026-08-14,C,665.0,4,12,0.6701693139648439,0.29,0.0,1.5
SOXX,2026-07-29,2026-08-14,C,670.0,2,2,0.7862570202636718,7.5,0.0,3.3
SOXX,2026-07-29,2026-08-14,C,680.0,3,1,0.7319362744140624,0.8,0.0,1.75
SOXX,2026-07-29,2026-08-14,C,685.0,2,0,0.8339860351562498,4.1,0.0,3.3
SOXX,2026-07-29,2026-08-14,C,690.0,2,2,0.8107929077148437,1.25,0.0,2.55
SOXX,2026-07-29,2026-08-14,C,700.0,6,1,0.8000508276367188,0.5,0.0,1.9
SOXX,2026-07-29,2026-08-14,C,710.0,13,8,0.9562992651367187,2.0,0.0,4.3
SOXX,2026-07-29,2026-08-14,C,715.0,5,0,0.9758303198242189,5.3,0.0,4.4
SOXX,2026-07-29,2026-08-14,C,735.0,2,1,1.0351610742187503,1.65,0.0,4.4
SOXX,2026-07-29,2026-08-14,C,740.0,1,0,1.049565299072266,4.03,0.0,4.4
SOXX,2026-07-29,2026-08-14,C,745.0,1,0,1.061650199584961,1.47,0.05,4.3
SOXX,2026-07-29,2026-08-14,C,760.0,1,0,1.105961501464844,5.4,0.0,4.4
SOXX,2026-07-29,2026-08-14,C,770.0,1,0,1.1334271844482424,4.7,0.0,4.4
SOXX,2026-07-29,2026-08-14,C,800.0,18,1,1.2126504211425781,0.51,0.0,4.4
SOXX,2026-07-29,2026-08-14,C,840.0,1,1,1.2680700659179687,0.1,0.0,3.6
SOXX,2026-07-29,2026-08-14,C,900.0,5,0,1.3093296252441404,0.65,0.0,2.3
SOXX,2026-07-29,2026-08-14,P,340.0,37,520,0.883790224609375,0.59,0.25,0.65
SOXX,2026-07-29,2026-08-14,P,345.0,52,6,0.903321279296875,0.55,0.5,0.8
SOXX,2026-07-29,2026-08-14,P,350.0,62,11,0.8784191845703124,0.77,0.4,0.95
SOXX,2026-07-29,2026-08-14,P,355.0,7,3,0.9729006616210938,1.04,0.25,2.7
SOXX,2026-07-29,2026-08-14,P,360.0,49,4,0.9340826904296875,1.79,0.3,2.55
SOXX,2026-07-29,2026-08-14,P,365.0,2,8,0.8796398754882812,1.21,0.6,1.9
SOXX,2026-07-29,2026-08-14,P,370.0,12,8,0.8757336645507812,2.29,0.75,2.2
SOXX,2026-07-29,2026-08-14,P,375.0,11,1,0.8684095190429688,2.87,0.75,2.65
SOXX,2026-07-29,2026-08-14,P,380.0,4,3,0.8488784643554688,4.2,0.9,2.75
SOXX,2026-07-29,2026-08-14,P,385.0,2,4,0.8237322314453124,3.3,0.7,3.1
SOXX,2026-07-29,2026-08-14,P,390.0,7,13,0.811403253173828,2.17,0.35,3.9
SOXX,2026-07-29,2026-08-14,P,395.0,34,2,0.7641625146484375,2.0,0.95,2.95
SOXX,2026-07-29,2026-08-14,P,400.0,123,55,0.7446314599609375,2.32,2.0,2.2
SOXX,2026-07-29,2026-08-14,P,405.0,6,1,0.7446314599609375,4.1,1.35,3.7
SOXX,2026-07-29,2026-08-14,P,410.0,28,1,0.725588681640625,2.76,1.65,3.8
SOXX,2026-07-29,2026-08-14,P,415.0,13,2,0.7084990087890625,8.1,1.75,4.2
SOXX,2026-07-29,2026-08-14,P,420.0,34,46,0.7141141870117188,3.45,2.7,4.6
SOXX,2026-07-29,2026-08-14,P,425.0,6,23,0.703250037841797,3.62,3.1,5.1
SOXX,2026-07-29,2026-08-14,P,430.0,21,35,0.6828034649658206,4.75,3.1,5.7
SOXX,2026-07-29,2026-08-14,P,435.0,12,1,0.6745638012695314,5.5,3.7,6.3
SOXX,2026-07-29,2026-08-14,P,440.0,51,2,0.659305164794922,5.79,4.1,6.9
SOXX,2026-07-29,2026-08-14,P,445.0,8,20,0.6537510211181643,6.5,4.8,7.8
SOXX,2026-07-29,2026-08-14,P,450.0,73,10,0.637576866455078,8.0,5.3,8.5
SOXX,2026-07-29,2026-08-14,P,455.0,21,13,0.6002237243652344,20.95,4.6,9.3
SOXX,2026-07-29,2026-08-14,P,460.0,79,58,0.6217078845214845,9.4,7.2,10.4
SOXX,2026-07-29,2026-08-14,P,465.0,30,91,0.5922892333984376,11.0,7.9,10.5
SOXX,2026-07-29,2026-08-14,P,470.0,16,3,0.5835612933349608,11.9,7.8,12.9
SOXX,2026-07-29,2026-08-14,P,475.0,231,52,0.6142006353759766,12.77,11.8,14.3
SOXX,2026-07-29,2026-08-14,P,480.0,737,35,0.5920450952148439,13.3,12.1,15.9
SOXX,2026-07-29,2026-08-14,P,485.0,34,1,0.5827678442382812,29.5,13.6,17.5
SOXX,2026-07-29,2026-08-14,P,490.0,65,33,0.5737347314453125,17.9,15.0,19.5
SOXX,2026-07-29,2026-08-14,P,495.0,117,4,0.5720257641601563,20.1,17.2,21.6
SOXX,2026-07-29,2026-08-14,P,500.0,1312,21,0.5532271240234375,23.2,18.2,23.8
SOXX,2026-07-29,2026-08-14,P,505.0,108,1,0.5580488531494141,23.0,21.2,26.3
SOXX,2026-07-29,2026-08-14,P,510.0,59,7,0.5387009020996094,29.08,22.7,28.6
SOXX,2026-07-29,2026-08-14,P,515.0,129,10,0.5426071130371095,30.0,25.9,31.5
SOXX,2026-07-29,2026-08-14,P,520.0,242,60,0.530400203857422,59.1,28.1,34.4
SOXX,2026-07-29,2026-08-14,P,525.0,19,2,0.531102101135254,50.0,31.4,37.6
SOXX,2026-07-29,2026-08-14,P,530.0,40,119,0.5201158828735352,48.37,34.0,40.9
SOXX,2026-07-29,2026-08-14,P,535.0,85,8,0.549381947631836,39.4,37.1,42.1
SOXX,2026-07-29,2026-08-14,P,537.5,6,2,0.5520064331054688,31.85,39.0,44.0
SOXX,2026-07-29,2026-08-14,P,540.0,234,215,0.5592085095214845,69.18,40.5,46.1
SOXX,2026-07-29,2026-08-14,P,545.0,6,1,0.5745892150878906,46.66,43.6,50.4
SOXX,2026-07-29,2026-08-14,P,547.5,6,2,0.5885661260986328,53.44,45.7,52.8
SOXX,2026-07-29,2026-08-14,P,550.0,67,5,0.5401046966552736,90.98,47.1,53.1
SOXX,2026-07-29,2026-08-14,P,552.5,2,2,0.5800212896728516,54.4,50.0,56.4
SOXX,2026-07-29,2026-08-14,P,555.0,16,4,0.5803264624023439,34.0,51.0,58.4
SOXX,2026-07-29,2026-08-14,P,557.5,1,1,0.5766643896484375,42.7,52.9,60.3
SOXX,2026-07-29,2026-08-14,P,560.0,100,14,0.5586591986083984,85.5,55.1,61.8
SOXX,2026-07-29,2026-08-14,P,562.5,8,1,0.5272264074707032,86.0,57.2,63.0
SOXX,2026-07-29,2026-08-14,P,565.0,12,1,0.5062305236816407,47.76,59.9,64.6
SOXX,2026-07-29,2026-08-14,P,567.5,20,3,0.5725140405273439,48.1,61.4,68.5
SOXX,2026-07-29,2026-08-14,P,570.0,6,1,0.5711102459716797,66.37,63.4,70.6
SOXX,2026-07-29,2026-08-14,P,575.0,3,1,0.5694623132324219,109.48,67.7,74.9
SOXX,2026-07-29,2026-08-14,P,580.0,4,1,0.5985147570800782,69.14,70.1,80.0
SOXX,2026-07-29,2026-08-14,P,585.0,11,10,0.5788616333007812,98.12,75.0,84.0
SOXX,2026-07-29,2026-08-14,P,590.0,1,1,0.6018716571044924,81.37,79.1,89.0
SOXX,2026-07-29,2026-08-14,P,592.5,11,11,0.5671430004882813,64.9,82.4,90.6
SOXX,2026-07-29,2026-08-14,P,595.0,27,1,0.5666547241210937,60.36,84.7,92.9
SOXX,2026-07-29,2026-08-14,P,597.5,10,10,0.5653119641113282,65.9,87.0,95.2
SOXX,2026-07-29,2026-08-14,P,600.0,2,1,0.5631147204589844,70.75,89.3,97.5
SOXX,2026-07-29,2026-08-14,P,607.5,2,1,0.5651898950195313,72.8,96.4,104.6
SOXX,2026-07-29,2026-08-14,P,612.5,1,0,0.5684857604980469,88.28,101.2,109.4
SOXX,2026-07-29,2026-08-14,P,615.0,1,0,0.569340244140625,61.0,103.6,111.8
SOXX,2026-07-29,2026-08-14,P,617.5,11,1,0.5695843823242188,136.0,106.0,114.2
SOXX,2026-07-29,2026-08-14,P,620.0,4,1,0.5690961059570312,80.13,108.4,116.6
SOXX,2026-07-29,2026-08-14,P,630.0,100,100,0.664309997558594,84.0,118.2,127.3
SOXX,2026-07-29,2026-08-14,P,635.0,73,73,0.7253445434570311,95.0,123.0,132.9
SOXX,2026-07-29,2026-08-14,P,640.0,0,1,0.5910685424804689,95.99,128.1,136.2
SOXX,2026-07-29,2026-08-14,P,655.0,0,0,0.6228065063476562,108.0,142.9,151.1
SOXX,2026-07-29,2026-08-14,P,665.0,0,0,0.6523472265625001,105.7,153.0,161.1
SOXX,2026-07-29,2026-08-14,P,680.0,0,0,0.6958038232421876,134.76,168.0,176.1
SOXX,2026-07-29,2026-08-21,C,310.0,2,1,3.369691517181396,335.0,246.0,255.0
SOXX,2026-07-29,2026-08-21,C,345.0,2,0,2.842288050537109,233.89,209.6,217.7
SOXX,2026-07-29,2026-08-21,C,350.0,2,2,1.130253372192383,173.02,155.1,165.0
SOXX,2026-07-29,2026-08-21,C,355.0,5,0,1.0000000000000003e-05,265.3,136.0,144.0
SOXX,2026-07-29,2026-08-21,C,360.0,1,2,2.7519562451171877,255.0,197.7,206.4
SOXX,2026-07-29,2026-08-21,C,365.0,6,0,2.695773524246216,255.8,192.9,201.6
SOXX,2026-07-29,2026-08-21,C,380.0,2,1,0.9841310180664062,177.55,127.1,135.4
SOXX,2026-07-29,2026-08-21,C,385.0,1,2,0.9610599597167968,116.0,122.3,130.7
SOXX,2026-07-29,2026-08-21,C,395.0,1,0,2.313175603790283,205.0,162.1,170.3
SOXX,2026-07-29,2026-08-21,C,400.0,10,4,0.8722546954345702,106.7,108.4,115.2
SOXX,2026-07-29,2026-08-21,C,410.0,2,1,0.8403336279296875,151.2,99.3,106.2
SOXX,2026-07-29,2026-08-21,C,415.0,1,0,0.8339250006103514,125.4,95.7,101.4
SOXX,2026-07-29,2026-08-21,C,420.0,2,1,0.815858775024414,105.6,91.1,97.0
SOXX,2026-07-29,2026-08-21,C,425.0,1,0,0.7858297784423829,197.1,85.8,92.6
SOXX,2026-07-29,2026-08-21,C,440.0,3,2,0.7442042181396484,70.0,73.0,79.8
SOXX,2026-07-29,2026-08-21,C,445.0,3,2,0.7307155834960937,108.0,68.8,75.7
SOXX,2026-07-29,2026-08-21,C,450.0,5,149,0.714419359741211,67.11,64.7,71.4
SOXX,2026-07-29,2026-08-21,C,455.0,21,1,0.7066679724121094,61.0,60.7,67.8
SOXX,2026-07-29,2026-08-21,C,460.0,1,1,0.6897614031982424,60.0,57.3,63.0
SOXX,2026-07-29,2026-08-21,C,465.0,3,1,0.6968108932495118,37.35,54.3,60.0
SOXX,2026-07-29,2026-08-21,C,470.0,16,13,0.6918976123046876,32.11,50.8,56.7
SOXX,2026-07-29,2026-08-21,C,475.0,136,96,0.6738924212646487,45.8,47.1,52.6
SOXX,2026-07-29,2026-08-21,C,480.0,30,8,0.6637912039184571,41.4,43.3,49.5
SOXX,2026-07-29,2026-08-21,C,485.0,29,25,0.6401403173828125,24.92,39.8,45.0
SOXX,2026-07-29,2026-08-21,C,490.0,60,1,0.6394384201049804,33.53,36.0,43.2
SOXX,2026-07-29,2026-08-21,C,495.0,21,4,0.6442906665039063,26.47,34.4,40.0
SOXX,2026-07-29,2026-08-21,C,500.0,714,46,0.6205482281494141,32.71,30.0,37.0
SOXX,2026-07-29,2026-08-21,C,505.0,72,33,0.6105385626220705,31.35,27.2,34.0
SOXX,2026-07-29,2026-08-21,C,510.0,30,21,0.5971109625244142,30.76,24.8,30.5
SOXX,2026-07-29,2026-08-21,C,515.0,98,3,0.6029702789306643,23.84,22.6,29.0
SOXX,2026-07-29,2026-08-21,C,517.5,57,40,0.6074258007812501,12.8,22.0,28.0
SOXX,2026-07-29,2026-08-21,C,520.0,1133,43,0.6023599334716798,23.2,21.1,26.4
SOXX,2026-07-29,2026-08-21,C,522.5,55,70,0.5996133789062501,11.6,19.5,25.8
SOXX,2026-07-29,2026-08-21,C,525.0,115,33,0.5962564788818359,21.0,18.5,24.6
SOXX,2026-07-29,2026-08-21,C,527.5,24,34,0.5871623315429688,12.8,17.7,22.7
SOXX,2026-07-29,2026-08-21,C,530.0,2392,18,0.5916178533935548,19.35,17.2,21.9
SOXX,2026-07-29,2026-08-21,C,535.0,3643,11,0.5896342306518555,16.85,15.3,20.3
SOXX,2026-07-29,2026-08-21,C,537.5,6,2,0.5903361279296876,8.9,14.6,19.5
SOXX,2026-07-29,2026-08-21,C,540.0,894,205,0.5766033551025391,16.0,13.8,17.5
SOXX,2026-07-29,2026-08-21,C,545.0,78,15,0.5846599151611327,14.4,12.3,16.9
SOXX,2026-07-29,2026-08-21,C,550.0,954,12054,0.5873759524536133,12.7,11.5,15.3
SOXX,2026-07-29,2026-08-21,C,555.0,53,5,0.5762981823730469,5.8,9.7,13.7
SOXX,2026-07-29,2026-08-21,C,560.0,171,83,0.5631147204589844,10.25,8.5,11.6
SOXX,2026-07-29,2026-08-21,C,565.0,112,4,0.554112124938965,9.1,7.6,9.8
SOXX,2026-07-29,2026-08-21,C,570.0,3426,32,0.565006791381836,8.3,6.4,10.0
SOXX,2026-07-29,2026-08-21,C,575.0,82,55,0.5532881585693359,6.9,5.5,8.4
SOXX,2026-07-29,2026-08-21,C,580.0,5014,134,0.5561567822265626,6.3,5.2,7.4
SOXX,2026-07-29,2026-08-21,C,585.0,53,20,0.5506026385498048,5.73,3.7,7.2
SOXX,2026-07-29,2026-08-21,C,590.0,92,2,0.5559126440429689,4.2,3.6,6.4
SOXX,2026-07-29,2026-08-21,C,595.0,193,2,0.5542647113037109,3.3,3.0,5.8
SOXX,2026-07-29,2026-08-21,C,600.0,1569,46,0.5531660894775392,3.9,2.65,5.1
SOXX,2026-07-29,2026-08-21,C,605.0,4005,20,0.5518843640136719,3.5,2.2,4.6
SOXX,2026-07-29,2026-08-21,C,610.0,60,8,0.5528609167480469,3.0,1.85,4.2
SOXX,2026-07-29,2026-08-21,C,615.0,24,1,0.5507247076416018,1.9,1.75,3.5
SOXX,2026-07-29,2026-08-21,C,620.0,86,10,0.5404098693847659,2.51,1.25,3.0
SOXX,2026-07-29,2026-08-21,C,625.0,818,9,0.5444381494140625,2.03,1.15,2.7
SOXX,2026-07-29,2026-08-21,C,630.0,1307,14,0.556767127685547,1.76,0.85,2.9
SOXX,2026-07-29,2026-08-21,C,635.0,115,1,0.551762294921875,1.5,1.15,2.0
SOXX,2026-07-29,2026-08-21,C,640.0,192,7,0.5817912915039063,2.4,1.15,2.45
SOXX,2026-07-29,2026-08-21,C,645.0,228,1,0.5312546875,0.9,0.05,1.9
SOXX,2026-07-29,2026-08-21,C,650.0,7150,220,0.5422409057617189,1.18,0.65,1.25
SOXX,2026-07-29,2026-08-21,C,655.0,72,1,0.5830119824218749,0.75,0.0,2.5
SOXX,2026-07-29,2026-08-21,C,660.0,71,1,0.5463912548828126,1.4,0.0,1.5
SOXX,2026-07-29,2026-08-21,C,665.0,17,2,0.5813030151367188,7.92,0.0,1.9
SOXX,2026-07-29,2026-08-21,C,670.0,62,4,0.6273230627441408,0.8,0.05,2.55
SOXX,2026-07-29,2026-08-21,C,675.0,81,1,0.603763728027344,0.95,0.05,1.8
SOXX,2026-07-29,2026-08-21,C,680.0,391,3,0.6215858154296876,0.68,0.0,1.95
SOXX,2026-07-29,2026-08-21,C,685.0,13,2,0.6169471899414063,1.45,0.0,1.65
SOXX,2026-07-29,2026-08-21,C,690.0,8,1,0.6059609716796877,0.7,0.0,1.3
SOXX,2026-07-29,2026-08-21,C,695.0,172,1,0.6467320483398438,0.5,0.0,1.75
SOXX,2026-07-29,2026-08-21,C,700.0,82,1,0.6215858154296876,0.38,0.0,1.2
SOXX,2026-07-29,2026-08-21,C,705.0,13,2,0.6286658227539064,0.63,0.0,1.15
SOXX,2026-07-29,2026-08-21,C,710.0,33,1,0.639652041015625,0.4,0.0,1.15
SOXX,2026-07-29,2026-08-21,C,715.0,15,2,0.6696810375976563,2.55,0.0,1.4
SOXX,2026-07-29,2026-08-21,C,720.0,53,1,0.7537866418457031,0.6,0.0,2.65
SOXX,2026-07-29,2026-08-21,C,725.0,4,1,0.7023955541992188,3.41,0.0,1.55
SOXX,2026-07-29,2026-08-21,C,730.0,26,3,0.6948272705078126,0.22,0.0,1.3
SOXX,2026-07-29,2026-08-21,C,735.0,136,1,0.7561059545898439,1.45,0.0,2.05
SOXX,2026-07-29,2026-08-21,C,740.0,10,1,0.8261736132812498,0.75,0.0,3.2
SOXX,2026-07-29,2026-08-21,C,750.0,586,102,0.8273943041992187,0.5,0.0,2.75
SOXX,2026-07-29,2026-08-21,C,755.0,3,2,0.747072841796875,1.7,0.0,1.3
SOXX,2026-07-29,2026-08-21,C,760.0,838,800,0.8103046313476561,0.75,0.0,2.05
SOXX,2026-07-29,2026-08-21,C,765.0,2,2,0.7587914746093751,1.22,0.0,1.2
SOXX,2026-07-29,2026-08-21,C,770.0,10,3,0.8078632495117187,1.22,0.0,1.7
SOXX,2026-07-29,2026-08-21,C,775.0,78,2,0.9444585632324218,0.2,0.0,4.1
SOXX,2026-07-29,2026-08-21,C,780.0,801,800,0.848634326171875,0.71,0.0,2.0
SOXX,2026-07-29,2026-08-21,C,785.0,3,1,0.8774426318359375,5.8,0.0,2.3
SOXX,2026-07-29,2026-08-21,C,795.0,1,1,0.9965820654296875,2.85,0.0,4.3
SOXX,2026-07-29,2026-08-21,C,800.0,239,1,0.8637708935546875,0.13,0.0,1.65
SOXX,2026-07-29,2026-08-21,C,805.0,56,2,1.013676806640625,0.75,0.0,4.2
SOXX,2026-07-29,2026-08-21,C,810.0,3,1,0.9274909594726561,0.92,0.0,2.3
SOXX,2026-07-29,2026-08-21,C,815.0,103,50,1.0432176745605473,0.13,0.0,4.4
SOXX,2026-07-29,2026-08-21,C,820.0,23,8,1.053593599243164,0.52,0.0,4.4
SOXX,2026-07-29,2026-08-21,C,825.0,9,4,1.0418749078369143,0.47,0.0,3.9
SOXX,2026-07-29,2026-08-21,C,830.0,20,80,0.9960937890625,0.84,0.0,2.8
SOXX,2026-07-29,2026-08-21,C,835.0,65,64,0.9519047778320311,1.21,0.0,1.95
SOXX,2026-07-29,2026-08-21,C,840.0,84,45,0.9785158398437501,0.43,0.0,2.2
SOXX,2026-07-29,2026-08-21,C,845.0,162,24,0.885743330078125,0.1,0.0,1.0
SOXX,2026-07-29,2026-08-21,C,850.0,212,7,1.0002491394042967,0.57,0.0,2.25
SOXX,2026-07-29,2026-08-21,C,855.0,199,400,1.0346727954101564,0.5,0.0,2.65
SOXX,2026-07-29,2026-08-21,C,860.0,135,1,0.8564467480468749,0.3,0.0,0.6
SOXX,2026-07-29,2026-08-21,C,865.0,1,1,0.9414068359375,10.0,0.0,1.2
SOXX,2026-07-29,2026-08-21,C,870.0,2,1,0.9599613378906249,2.65,0.0,1.3
SOXX,2026-07-29,2026-08-21,C,880.0,46,5,1.1895792474365234,4.25,0.0,4.8
SOXX,2026-07-29,2026-08-21,C,890.0,5,1,1.2085000512695312,0.36,0.0,4.8
SOXX,2026-07-29,2026-08-21,C,900.0,9,1,1.2270546459960938,0.2,0.0,4.8
SOXX,2026-07-29,2026-08-21,C,910.0,36,10,1.2452430316162106,0.16,0.0,4.8
SOXX,2026-07-29,2026-08-21,C,920.0,21,40,1.2633093475341794,0.4,0.0,4.8
SOXX,2026-07-29,2026-08-21,C,930.0,6,64,1.281009454345703,0.5,0.0,4.8
SOXX,2026-07-29,2026-08-21,C,935.0,50,50,1.2897984729003906,0.55,0.0,4.8
SOXX,2026-07-29,2026-08-21,C,940.0,1,0,1.298587491455078,1.7,0.0,4.8
SOXX,2026-07-29,2026-08-21,C,945.0,113,55,1.3072544403076167,0.55,0.0,4.8
SOXX,2026-07-29,2026-08-21,C,950.0,18,1,0.8320329296874999,0.3,0.0,0.1
SOXX,2026-07-29,2026-08-21,P,300.0,146,15,0.9492192578124999,0.6,0.25,0.7
SOXX,2026-07-29,2026-08-21,P,305.0,15,2,0.9003916210937499,0.49,0.0,0.8
SOXX,2026-07-29,2026-08-21,P,310.0,300,83,0.9580082324218748,1.69,0.0,1.5
SOXX,2026-07-29,2026-08-21,P,320.0,125,2,1.0388231652832034,1.89,0.0,3.4
SOXX,2026-07-29,2026-08-21,P,325.0,53,1,0.991211025390625,0.84,0.0,3.1
SOXX,2026-07-29,2026-08-21,P,330.0,210,4,0.9179695703125,1.01,0.3,2.1
SOXX,2026-07-29,2026-08-21,P,335.0,284,160,1.0033008819580076,2.23,0.0,4.5
SOXX,2026-07-29,2026-08-21,P,340.0,29,1,0.8776867700195312,1.2,0.5,2.15
SOXX,2026-07-29,2026-08-21,P,345.0,140,282,0.8830578100585937,2.61,0.75,2.5
SOXX,2026-07-29,2026-08-21,P,350.0,571,43,0.8106708386230468,1.15,0.85,1.6
SOXX,2026-07-29,2026-08-21,P,355.0,193,2,0.8708509008789063,1.61,0.5,3.7
SOXX,2026-07-29,2026-08-21,P,360.0,187,5,0.8225115405273438,2.32,0.55,3.2
SOXX,2026-07-29,2026-08-21,P,365.0,34,1,0.8372819006347656,1.8,0.8,4.0
SOXX,2026-07-29,2026-08-21,P,370.0,77,3,0.8212908496093749,4.98,1.05,4.1
SOXX,2026-07-29,2026-08-21,P,375.0,27,11,0.7668480346679689,5.93,1.55,2.9
SOXX,2026-07-29,2026-08-21,P,380.0,2525,355,0.7585473364257813,2.3,2.0,3.0
SOXX,2026-07-29,2026-08-21,P,385.0,24,3,0.7403590417480468,2.39,1.6,3.7
SOXX,2026-07-29,2026-08-21,P,390.0,437,23,0.7291286853027343,2.3,1.85,4.0
SOXX,2026-07-29,2026-08-21,P,395.0,31,3,0.7236355761718749,3.55,1.95,4.7
SOXX,2026-07-29,2026-08-21,P,400.0,4427,163,0.7092314233398438,3.8,3.2,4.0
SOXX,2026-07-29,2026-08-21,P,405.0,6221,6237,0.6949493395996094,7.07,2.8,5.0
SOXX,2026-07-29,2026-08-21,P,410.0,41,5,0.6887238159179689,5.09,3.2,5.6
SOXX,2026-07-29,2026-08-21,P,415.0,19,12,0.6781648394775392,5.4,3.6,6.1
SOXX,2026-07-29,2026-08-21,P,420.0,124,19,0.6699251757812501,5.3,4.1,6.7
SOXX,2026-07-29,2026-08-21,P,425.0,202,1,0.663333444824219,6.54,4.7,7.4
SOXX,2026-07-29,2026-08-21,P,430.0,3737,17,0.6580234393310547,6.75,5.5,8.1
SOXX,2026-07-29,2026-08-21,P,435.0,50,1,0.6455113574218749,8.2,5.9,8.9
SOXX,2026-07-29,2026-08-21,P,440.0,1833,13,0.637576866455078,8.9,6.7,9.7
SOXX,2026-07-29,2026-08-21,P,445.0,2009,4412,0.6303747900390625,9.78,7.5,10.7
SOXX,2026-07-29,2026-08-21,P,450.0,2758,649,0.6195716754150393,10.04,8.2,11.7
SOXX,2026-07-29,2026-08-21,P,455.0,84,23,0.5896647479248047,12.9,7.6,12.7
SOXX,2026-07-29,2026-08-21,P,460.0,971,34,0.6024209680175783,11.6,10.0,14.1
SOXX,2026-07-29,2026-08-21,P,465.0,2258,48,0.6013833807373048,14.27,11.7,15.4
SOXX,2026-07-29,2026-08-21,P,470.0,10238,37,0.5952188916015625,15.7,13.1,16.8
SOXX,2026-07-29,2026-08-21,P,475.0,4731,123,0.5932047515869141,16.72,14.7,18.6
SOXX,2026-07-29,2026-08-21,P,480.0,1129,552,0.5863383651733399,17.4,16.3,20.2
SOXX,2026-07-29,2026-08-21,P,485.0,725,9,0.5780376669311523,20.3,17.8,22.0
SOXX,2026-07-29,2026-08-21,P,490.0,2037,18,0.569340244140625,22.2,19.6,23.7
SOXX,2026-07-29,2026-08-21,P,495.0,214,4371,0.5580793704223633,24.0,20.9,25.9
SOXX,2026-07-29,2026-08-21,P,497.5,44,23,0.5620771331787109,34.3,22.4,27.2
SOXX,2026-07-29,2026-08-21,P,500.0,9035,1836,0.5572859213256837,26.0,23.5,28.1
SOXX,2026-07-29,2026-08-21,P,502.5,31,2,0.5558516094970705,29.81,24.5,29.5
SOXX,2026-07-29,2026-08-21,P,505.0,117,10,0.5556685058593751,30.94,25.8,30.8
SOXX,2026-07-29,2026-08-21,P,507.5,7,5,0.5538069522094727,38.99,27.0,32.1
SOXX,2026-07-29,2026-08-21,P,510.0,335,8,0.5463302203369143,32.0,27.9,33.2
SOXX,2026-07-29,2026-08-21,P,512.5,5,6,0.5420883193969729,33.16,29.0,34.5
SOXX,2026-07-29,2026-08-21,P,515.0,77,22,0.5371445211791993,35.67,30.1,35.8
SOXX,2026-07-29,2026-08-21,P,517.5,29,1,0.5374191766357423,43.3,31.4,37.5
SOXX,2026-07-29,2026-08-21,P,520.0,631,16,0.5360458993530274,36.89,33.1,38.7
SOXX,2026-07-29,2026-08-21,P,522.5,19,5,0.5319260675048829,70.72,34.4,40.1
SOXX,2026-07-29,2026-08-21,P,525.0,1775,10,0.5260667510986328,41.69,35.4,41.7
SOXX,2026-07-29,2026-08-21,P,527.5,10,1,0.5286302020263673,53.2,37.3,43.3
SOXX,2026-07-29,2026-08-21,P,530.0,1345,11,0.5212450219726561,44.46,38.2,45.0
SOXX,2026-07-29,2026-08-21,P,532.5,8,5,0.5171557073974609,67.3,39.6,46.6
SOXX,2026-07-29,2026-08-21,P,535.0,131,3,0.5026905200195313,53.3,41.6,46.7
SOXX,2026-07-29,2026-08-21,P,537.5,5,0,0.509892596435547,45.6,42.5,50.0
SOXX,2026-07-29,2026-08-21,P,540.0,609,3,0.5133105310058592,51.32,44.8,51.6
SOXX,2026-07-29,2026-08-21,P,542.5,30,2,0.5015613809204101,74.0,47.0,52.0
SOXX,2026-07-29,2026-08-21,P,545.0,120,1,0.5093432855224609,75.96,50.0,53.4
SOXX,2026-07-29,2026-08-21,P,550.0,335,20,0.5022632781982423,55.73,52.0,58.4
SOXX,2026-07-29,2026-08-21,P,555.0,160,17,0.5340622766113281,70.8,55.0,60.4
SOXX,2026-07-29,2026-08-21,P,560.0,636,2,0.5402267657470705,63.05,58.3,64.6
SOXX,2026-07-29,2026-08-21,P,565.0,25,2,0.5257615783691407,48.0,62.2,68.1
SOXX,2026-07-29,2026-08-21,P,570.0,145,5,0.5440109075927735,72.22,66.5,72.9
SOXX,2026-07-29,2026-08-21,P,575.0,123,4,0.5527998822021485,88.0,70.4,77.4
SOXX,2026-07-29,2026-08-21,P,580.0,49,4,0.5290574438476563,83.5,75.1,80.9
SOXX,2026-07-29,2026-08-21,P,585.0,18,1,0.5053150054931641,62.39,78.8,84.6
SOXX,2026-07-29,2026-08-21,P,590.0,633,1,0.5059863854980469,99.6,83.4,89.1
SOXX,2026-07-29,2026-08-21,P,595.0,32,1,0.5734905932617188,113.0,86.0,95.4
SOXX,2026-07-29,2026-08-21,P,600.0,212,8,0.5747112841796875,126.5,90.0,99.9
SOXX,2026-07-29,2026-08-21,P,605.0,16,1,0.5617719604492188,139.4,95.3,104.1
SOXX,2026-07-29,2026-08-21,P,610.0,17,1,0.5532881585693359,139.88,100.3,108.5
SOXX,2026-07-29,2026-08-21,P,615.0,13,1,0.5461471166992189,88.91,104.9,113.0
SOXX,2026-07-29,2026-08-21,P,620.0,30,1,0.5520064331054688,83.36,109.0,117.8
SOXX,2026-07-29,2026-08-21,P,625.0,15,1,0.5509078112792969,105.28,113.4,122.5
SOXX,2026-07-29,2026-08-21,P,630.0,158,27,0.5540816076660158,110.1,119.0,127.3
SOXX,2026-07-29,2026-08-21,P,635.0,26,1,0.5488326367187502,160.27,123.8,132.0
SOXX,2026-07-29,2026-08-21,P,640.0,9,1,0.5560347131347658,88.5,128.6,136.9
SOXX,2026-07-29,2026-08-21,P,645.0,28,40,0.5543257458496094,142.0,133.5,141.7
SOXX,2026-07-29,2026-08-21,P,650.0,94,1,0.5593305786132813,149.3,138.3,146.6
SOXX,2026-07-29,2026-08-21,P,655.0,25,1,0.5537154003906251,79.61,143.2,151.4
SOXX,2026-07-29,2026-08-21,P,660.0,0,0,0.5561567822265626,83.8,148.1,156.3
SOXX,2026-07-29,2026-08-21,P,665.0,2,2,0.5687298986816407,124.7,153.1,161.3
SOXX,2026-07-29,2026-08-21,P,670.0,0,10,0.569340244140625,98.0,158.1,166.2
SOXX,2026-07-29,2026-08-21,P,675.0,0,1,0.5815471533203125,101.54,163.0,171.2
SOXX,2026-07-29,2026-08-21,P,680.0,0,20,0.5803264624023439,127.15,168.0,176.1
SOXX,2026-07-29,2026-08-21,P,685.0,0,1,0.6777375976562501,172.4,172.0,181.9
SOXX,2026-07-29,2026-08-21,P,695.0,1,0,1.0000000000000003e-05,98.41,140.6,147.7
SOXX,2026-07-29,2026-08-21,P,700.0,0,2,0.7243679907226561,113.7,187.1,197.0
SOXX,2026-07-29,2026-08-21,P,705.0,1,0,1.0000000000000003e-05,114.7,209.0,152.6
SOXX,2026-07-29,2026-08-21,P,715.0,0,0,0.7612328564453126,129.8,202.1,212.0
SOXX,2026-07-29,2026-08-21,P,730.0,0,2,1.0000000000000003e-05,187.0,0.0,0.0
SOXX,2026-07-29,2026-08-21,P,775.0,1,0,1.0000000000000003e-05,247.0,216.0,224.5
SOXX,2026-07-29,2026-08-21,P,780.0,1,1,0.7941915112304687,275.28,268.0,276.1
SOXX,2026-07-29,2026-08-21,P,785.0,1,2,0.8039570385742187,280.2,272.9,281.1
SOXX,2026-07-29,2026-08-21,P,795.0,0,1,1.0000000000000003e-05,248.0,0.0,0.0
SOXX,2026-07-29,2026-08-21,P,800.0,1,0,1.0000000000000003e-05,268.0,240.8,248.6
SOXX,2026-07-29,2026-08-21,P,815.0,0,1,0.860352958984375,300.17,302.9,311.1
SOXX,2026-07-29,2026-08-21,P,820.0,1,0,1.0000000000000003e-05,255.4,260.5,268.5
SOXX,2026-07-29,2026-08-21,P,835.0,0,0,0.8964854101562498,226.0,322.9,331.1
SOXX,2026-07-29,2026-08-21,P,865.0,0,0,0.9484868432617187,293.2,352.9,361.1
SOXX,2026-07-29,2026-08-21,P,880.0,0,0,0.973633076171875,307.9,367.9,376.1
SOXX,2026-07-29,2026-08-21,P,890.0,0,0,0.99023447265625,316.8,377.9,386.1
SOXX,2026-07-29,2026-08-21,P,895.0,0,0,0.9982910327148438,321.8,382.9,391.1
SOXX,2026-07-29,2026-08-21,P,900.0,0,1,1.0063526245117185,359.5,387.9,396.1
SOXX,2026-07-29,2026-08-21,P,905.0,0,1,1.0144092248535155,349.91,392.9,401.1
SOXX,2026-07-29,2026-08-21,P,945.0,0,0,1.0000000000000003e-05,334.0,409.8,417.8
SOXX,2026-07-29,2026-08-21,P,950.0,0,0,1.0000000000000003e-05,342.0,387.0,396.0
SOXX,2026-07-29,2026-08-28,C,400.0,0,1,0.8403946624755858,99.0,110.4,117.9
SOXX,2026-07-29,2026-08-28,C,410.0,1,1,0.7976704803466796,148.09,101.4,108.2
SOXX,2026-07-29,2026-08-28,C,435.0,1,1,0.733675758972168,67.3,79.9,87.0
SOXX,2026-07-29,2026-08-28,C,480.0,54,35,0.6628451684570313,50.0,48.2,53.4
SOXX,2026-07-29,2026-08-28,C,500.0,45,9,0.6273230627441408,39.0,35.1,41.5
SOXX,2026-07-29,2026-08-28,C,510.0,30,1,0.6112099426269533,32.5,29.5,36.0
SOXX,2026-07-29,2026-08-28,C,515.0,17,3,0.6207313317871095,18.3,27.9,34.4
SOXX,2026-07-29,2026-08-28,C,520.0,48,6,0.5875590560913085,16.8,24.4,30.0
SOXX,2026-07-29,2026-08-28,C,525.0,132,1,0.6055337298583985,20.1,23.3,29.3
SOXX,2026-07-29,2026-08-28,C,530.0,17,10,0.6042520043945314,24.43,21.7,27.1
SOXX,2026-07-29,2026-08-28,C,535.0,27,5,0.5841411215209961,19.1,19.0,24.1
SOXX,2026-07-29,2026-08-28,C,537.5,22,7,0.5943949252319337,13.76,18.5,24.1
SOXX,2026-07-29,2026-08-28,C,540.0,8,2,0.5861552615356446,10.1,17.6,22.5
SOXX,2026-07-29,2026-08-28,C,542.5,3,1,0.5819133605957032,33.3,16.6,21.5
SOXX,2026-07-29,2026-08-28,C,545.0,10,5,0.5873454351806642,11.08,16.0,21.2
SOXX,2026-07-29,2026-08-28,C,547.5,20,5,0.5859111233520508,11.6,15.3,20.3
SOXX,2026-07-29,2026-08-28,C,550.0,78,3,0.5773357696533203,15.3,13.9,19.4
SOXX,2026-07-29,2026-08-28,C,552.5,5,1,0.5758099060058592,47.0,13.2,18.6
SOXX,2026-07-29,2026-08-28,C,555.0,3,2,0.573795765991211,15.5,12.6,17.7
SOXX,2026-07-29,2026-08-28,C,560.0,67,3,0.5843852597045899,13.9,11.4,17.5
SOXX,2026-07-29,2026-08-28,C,562.5,5,5,0.5543562631225586,18.4,9.0,15.8
SOXX,2026-07-29,2026-08-28,C,565.0,16,4,0.5742230078125,12.5,11.0,14.6
SOXX,2026-07-29,2026-08-28,C,567.5,11,1,0.5697980032348633,12.5,9.6,14.5
SOXX,2026-07-29,2026-08-28,C,570.0,7,77,0.5745281805419922,11.8,9.1,14.4
SOXX,2026-07-29,2026-08-28,C,575.0,2,2,0.5697980032348633,9.1,8.0,13.1
SOXX,2026-07-29,2026-08-28,C,580.0,27,29,0.5653119641113282,9.3,7.1,11.8
SOXX,2026-07-29,2026-08-28,C,582.5,4,2,0.5647321359252931,5.5,7.4,10.6
SOXX,2026-07-29,2026-08-28,C,585.0,3,1,0.5636945486450197,8.64,6.2,10.9
SOXX,2026-07-29,2026-08-28,C,592.5,57,16,0.5617719604492188,6.3,5.7,9.0
SOXX,2026-07-29,2026-08-28,C,595.0,1,1,0.5736126623535156,5.96,5.4,9.5
SOXX,2026-07-29,2026-08-28,C,600.0,155,120,0.5134326000976561,6.3,2.0,7.5
SOXX,2026-07-29,2026-08-28,C,605.0,5,1,0.5888712988281251,4.0,3.5,9.9
SOXX,2026-07-29,2026-08-28,C,610.0,105,12,0.5578047149658205,3.8,3.0,7.2
SOXX,2026-07-29,2026-08-28,C,615.0,9,2,0.555790574951172,4.1,3.0,6.1
SOXX,2026-07-29,2026-08-28,C,620.0,17,2,0.5546919531250001,5.0,2.15,6.0
SOXX,2026-07-29,2026-08-28,C,625.0,8,2,0.555790574951172,4.02,1.8,5.6
SOXX,2026-07-29,2026-08-28,C,630.0,21,5,0.5544478149414063,6.1,2.0,4.6
SOXX,2026-07-29,2026-08-28,C,635.0,5,2,0.5581098876953126,2.0,1.4,4.7
SOXX,2026-07-29,2026-08-28,C,640.0,22,1,0.5687298986816407,2.52,1.25,4.7
SOXX,2026-07-29,2026-08-28,C,645.0,15,3,0.5684857604980469,2.66,0.55,4.8
SOXX,2026-07-29,2026-08-28,C,650.0,17,6,0.6264685791015626,1.57,0.45,6.9
SOXX,2026-07-29,2026-08-28,C,655.0,7,2,0.577152666015625,1.8,0.95,3.7
SOXX,2026-07-29,2026-08-28,C,660.0,7,5,0.5658002404785156,5.0,0.0,3.8
SOXX,2026-07-29,2026-08-28,C,665.0,7,5,0.5719036950683594,1.6,0.0,3.6
SOXX,2026-07-29,2026-08-28,C,670.0,7,2,0.5870402624511719,1.05,0.0,3.7
SOXX,2026-07-29,2026-08-28,C,675.0,4,1,0.6326941027832031,1.31,0.05,4.8
SOXX,2026-07-29,2026-08-28,C,680.0,4,2,0.6042520043945314,2.48,0.0,3.5
SOXX,2026-07-29,2026-08-28,C,690.0,3,2,0.6237830590820312,1.9,0.0,3.4
SOXX,2026-07-29,2026-08-28,C,695.0,1,0,0.5610395458984375,6.17,0.0,1.65
SOXX,2026-07-29,2026-08-28,C,700.0,178,70,0.6297644445800781,0.83,0.0,2.95
SOXX,2026-07-29,2026-08-28,C,710.0,2,1,0.6215858154296876,1.0,0.0,2.25
SOXX,2026-07-29,2026-08-28,C,715.0,1,1,0.6121864953613283,3.0,0.05,1.8
SOXX,2026-07-29,2026-08-28,C,730.0,20,10,0.6782258740234376,1.75,0.0,2.6
SOXX,2026-07-29,2026-08-28,C,745.0,9,9,0.7899190930175781,1.42,0.0,4.8
SOXX,2026-07-29,2026-08-28,C,750.0,1,0,0.7266873034667969,5.1,0.0,2.8
SOXX,2026-07-29,2026-08-28,C,755.0,1,1,0.6803010485839844,0.62,0.0,1.7
SOXX,2026-07-29,2026-08-28,C,775.0,1,1,0.8444839770507812,0.8,0.0,4.6
SOXX,2026-07-29,2026-08-28,C,820.0,20,8,0.9333502758789063,0.68,0.0,4.7
SOXX,2026-07-29,2026-08-28,C,825.0,1,0,0.9388433850097657,1.0,0.0,4.6
SOXX,2026-07-29,2026-08-28,C,830.0,19,80,0.9478764978027343,1.09,0.0,4.6
SOXX,2026-07-29,2026-08-28,C,840.0,40,74,0.8708509008789063,0.75,0.0,2.45
SOXX,2026-07-29,2026-08-28,C,850.0,199,20,0.9204109521484375,1.14,0.0,3.1
SOXX,2026-07-29,2026-08-28,C,855.0,199,400,0.9954834436035156,0.8,0.0,4.7
SOXX,2026-07-29,2026-08-28,C,860.0,147,1,0.7700218310546876,0.38,0.0,0.75
SOXX,2026-07-29,2026-08-28,C,870.0,10,10,1.0134326672363283,0.65,0.0,4.5
SOXX,2026-07-29,2026-08-28,C,890.0,10,10,1.0463914868164066,0.47,0.0,4.5
SOXX,2026-07-29,2026-08-28,P,340.0,185,14,0.8120135986328124,2.1,0.85,2.7
SOXX,2026-07-29,2026-08-28,P,345.0,75,3,0.8736584899902342,4.1,1.05,4.8
SOXX,2026-07-29,2026-08-28,P,350.0,31,2,0.8398453515625,2.5,1.75,3.9
SOXX,2026-07-29,2026-08-28,P,360.0,2,2,0.7928487512207032,2.45,0.85,5.0
SOXX,2026-07-29,2026-08-28,P,370.0,29,1,0.7578149218750001,3.4,1.65,4.8
SOXX,2026-07-29,2026-08-28,P,375.0,3,2,0.7490259472656251,3.42,1.9,5.2
SOXX,2026-07-29,2026-08-28,P,380.0,18,2,0.73633076171875,4.56,2.35,5.3
SOXX,2026-07-29,2026-08-28,P,385.0,1,6,0.7169217761230469,4.81,2.15,5.8
SOXX,2026-07-29,2026-08-28,P,390.0,27,3,0.7225369543457032,4.7,3.3,6.1
SOXX,2026-07-29,2026-08-28,P,395.0,8,4,0.7138700488281251,8.18,3.5,6.8
SOXX,2026-07-29,2026-08-28,P,400.0,89,79,0.6804231176757813,5.7,4.0,6.0
SOXX,2026-07-29,2026-08-28,P,405.0,23,12,0.6795686340332032,14.12,4.1,7.3
SOXX,2026-07-29,2026-08-28,P,410.0,28,1,0.6729158685302736,6.76,4.2,8.4
SOXX,2026-07-29,2026-08-28,P,415.0,40,20,0.6806062213134767,12.37,5.7,9.1
SOXX,2026-07-29,2026-08-28,P,420.0,27,1,0.6562534375000001,10.5,5.4,9.7
SOXX,2026-07-29,2026-08-28,P,425.0,43,31,0.6679720703125002,12.8,7.0,10.9
SOXX,2026-07-29,2026-08-28,P,430.0,96,5,0.6489903265380859,10.5,7.1,11.6
SOXX,2026-07-29,2026-08-28,P,435.0,16,34,0.6462437719726561,10.6,8.3,12.5
SOXX,2026-07-29,2026-08-28,P,440.0,25,7,0.6265906481933594,20.88,8.7,13.0
SOXX,2026-07-29,2026-08-28,P,445.0,21,2,0.6240882318115235,25.1,10.2,13.9
SOXX,2026-07-29,2026-08-28,P,450.0,236,12,0.6035501071166994,13.8,10.8,14.3
SOXX,2026-07-29,2026-08-28,P,455.0,12,2,0.6194801235961916,19.0,12.4,17.1
SOXX,2026-07-29,2026-08-28,P,460.0,56,5,0.6077920080566408,16.5,13.1,18.5
SOXX,2026-07-29,2026-08-28,P,465.0,139,2,0.6107827008056643,22.23,15.2,20.1
SOXX,2026-07-29,2026-08-28,P,470.0,49,18,0.6035501071166994,20.1,16.5,21.7
SOXX,2026-07-29,2026-08-28,P,475.0,29,754,0.5897257824707032,20.66,18.2,22.4
SOXX,2026-07-29,2026-08-28,P,480.0,27,119,0.5976602734375001,22.5,20.1,25.4
SOXX,2026-07-29,2026-08-28,P,485.0,23,104,0.5875895733642578,25.25,21.8,26.9
SOXX,2026-07-29,2026-08-28,P,490.0,35,116,0.5838054315185546,28.2,23.7,29.1
SOXX,2026-07-29,2026-08-28,P,495.0,45,100,0.57266662689209,32.1,25.7,30.6
SOXX,2026-07-29,2026-08-28,P,500.0,133,175,0.577152666015625,31.21,28.1,33.7
SOXX,2026-07-29,2026-08-28,P,505.0,22,101,0.5629926513671876,33.0,29.7,35.7
SOXX,2026-07-29,2026-08-28,P,510.0,23,90,0.5450790121459962,36.12,32.0,36.8
SOXX,2026-07-29,2026-08-28,P,515.0,42,1,0.5380905566406251,38.0,34.4,39.3
SOXX,2026-07-29,2026-08-28,P,520.0,83,2,0.5349777947998047,43.57,37.0,42.3
SOXX,2026-07-29,2026-08-28,P,525.0,11,4,0.524418818359375,61.2,39.7,44.6
SOXX,2026-07-29,2026-08-28,P,530.0,23,2,0.5311631356811525,47.25,42.9,48.6
SOXX,2026-07-29,2026-08-28,P,535.0,25,9,0.5214586428833007,73.11,45.0,52.1
SOXX,2026-07-29,2026-08-28,P,537.5,10,11,0.5258226129150392,60.67,47.4,53.6
SOXX,2026-07-29,2026-08-28,P,540.0,22,4,0.5139208764648437,53.91,49.0,54.2
SOXX,2026-07-29,2026-08-28,P,545.0,22,2,0.5039112109375,57.29,52.2,57.1
SOXX,2026-07-29,2026-08-28,P,550.0,51,4,0.5060779373168945,60.1,55.1,61.8
SOXX,2026-07-29,2026-08-28,P,552.5,34,1,0.55313557220459,59.5,57.1,62.7
SOXX,2026-07-29,2026-08-28,P,555.0,3,3,0.5537764349365235,67.06,59.0,64.6
SOXX,2026-07-29,2026-08-28,P,560.0,4,1,0.5288743402099609,68.2,61.3,67.2
SOXX,2026-07-29,2026-08-28,P,562.5,16,5,0.5612836840820312,46.68,63.5,70.7
SOXX,2026-07-29,2026-08-28,P,565.0,35,3,0.5475814285278321,85.6,65.6,72.0
SOXX,2026-07-29,2026-08-28,P,570.0,28,1,0.5568281622314455,82.2,69.8,76.4
SOXX,2026-07-29,2026-08-28,P,575.0,30,30,0.5535933312988282,54.84,73.1,80.3
SOXX,2026-07-29,2026-08-28,P,580.0,1,1,0.5507552249145509,73.3,77.1,84.3
SOXX,2026-07-29,2026-08-28,P,582.5,18,25,0.5485884985351563,62.0,79.4,86.3
SOXX,2026-07-29,2026-08-28,P,590.0,162,302,0.5546309185791016,60.5,84.6,92.9
SOXX,2026-07-29,2026-08-28,P,595.0,1,2,0.5543867803955078,105.95,88.8,97.2
SOXX,2026-07-29,2026-08-28,P,600.0,25,25,0.5406540075683595,71.9,94.0,101.1
SOXX,2026-07-29,2026-08-28,P,605.0,1,1,0.5328415856933593,109.0,97.3,105.3
SOXX,2026-07-29,2026-08-28,P,610.0,9,7,0.5714764532470704,78.6,101.8,111.0
SOXX,2026-07-29,2026-08-28,P,615.0,1,0,0.5847819842529296,90.2,106.0,115.9
SOXX,2026-07-29,2026-08-28,P,650.0,1,1,0.5699505895996093,148.0,139.0,147.9
SOXX,2026-07-29,2026-08-28,P,660.0,0,0,0.5737347314453125,106.9,148.0,157.5
SOXX,2026-07-29,2026-08-28,P,735.0,0,1,0.7081328015136719,182.0,222.0,232.0
SOXX,2026-07-29,2026-08-28,P,795.0,0,0,0.8234880932617187,228.0,282.0,292.0
SOXX,2026-07-29,2026-08-28,P,805.0,0,0,0.8415543188476562,233.7,292.0,302.0
SOXX,2026-07-29,2026-09-04,C,435.0,11,10,0.7221707470703125,93.8,82.5,90.2
SOXX,2026-07-29,2026-09-04,C,450.0,3,2,0.6877777804565431,63.1,70.7,78.1
SOXX,2026-07-29,2026-09-04,C,542.5,11,11,0.5880778497314454,53.9,19.0,26.9
SOXX,2026-07-29,2026-09-04,C,570.0,8,7,0.5506941903686525,25.5,10.0,17.0
SOXX,2026-07-29,2026-09-04,C,640.0,2,3,0.5827678442382812,9.0,0.05,9.9
SOXX,2026-07-29,2026-09-04,P,340.0,27,10,0.803590831298828,3.7,1.1,4.5
SOXX,2026-07-29,2026-09-04,P,350.0,21,0,0.7944356494140624,3.6,1.6,5.4
SOXX,2026-07-29,2026-09-04,P,360.0,34,33,0.8394791442871092,5.43,1.15,10.0
SOXX,2026-07-29,2026-09-04,P,370.0,10,10,0.7805197729492188,6.5,1.95,8.9
SOXX,2026-07-29,2026-09-04,P,380.0,6,1,0.7628807891845704,6.55,2.7,10.0
SOXX,2026-07-29,2026-09-04,P,390.0,19,1,0.7017852087402343,7.65,3.3,8.9
SOXX,2026-07-29,2026-09-04,P,425.0,32,20,0.6449620465087891,20.28,6.5,14.9
SOXX,2026-07-29,2026-09-04,P,430.0,43,8,0.6344641046142578,12.6,8.5,14.4
SOXX,2026-07-29,2026-09-04,P,480.0,0,3,0.5724224887084962,28.0,21.3,28.3
SOXX,2026-07-29,2026-09-04,P,510.0,107,6,0.5509078112792969,39.79,35.0,41.5
SOXX,2026-07-29,2026-09-04,P,525.0,1,1,0.53555762298584,47.75,43.0,49.3
SOXX,2026-07-29,2026-09-04,P,535.0,3,1,0.5265550274658204,68.95,49.0,55.1
SOXX,2026-07-29,2026-09-04,P,537.5,11,1,0.5178881219482423,70.74,49.8,56.6
SOXX,2026-07-29,2026-09-04,P,695.0,0,0,0.6134071862792969,166.4,183.0,192.9
SOXX,2026-07-29,2026-09-18,C,165.0,0,0,1.9482424462890626,240.81,340.0,349.9
SOXX,2026-07-29,2026-09-18,C,170.0,1,0,1.8388679931640621,454.0,334.7,343.7
SOXX,2026-07-29,2026-09-18,C,175.0,1,0,1.7685558447265624,450.0,329.8,338.0
SOXX,2026-07-29,2026-09-18,C,180.0,1,0,1.7253431701660156,445.0,324.8,333.0
SOXX,2026-07-29,2026-09-18,C,185.0,9,0,1.6876236322021485,443.6,319.9,328.0
SOXX,2026-07-29,2026-09-18,C,215.0,0,2,1.0000000000000003e-05,143.75,0.0,0.0
SOXX,2026-07-29,2026-09-18,C,225.0,0,2,1.0000000000000003e-05,118.37,0.0,0.0
SOXX,2026-07-29,2026-09-18,C,250.0,99,3,1.2949254003906248,226.91,255.1,265.0
SOXX,2026-07-29,2026-09-18,C,255.0,1,1,3.2370014192199705,173.45,315.1,325.0
SOXX,2026-07-29,2026-09-18,C,275.0,0,2,1.0000000000000003e-05,304.0,0.0,0.0
SOXX,2026-07-29,2026-09-18,C,290.0,16,25,3.7240302309417728,244.22,321.4,327.4
SOXX,2026-07-29,2026-09-18,C,295.0,6,6,1.0000000000000003e-05,62.05,126.0,134.5
SOXX,2026-07-29,2026-09-18,C,300.0,8,1,1.0481614974975586,206.32,207.0,215.0
SOXX,2026-07-29,2026-09-18,C,305.0,21,6,1.0230761737060547,219.45,201.1,211.0
SOXX,2026-07-29,2026-09-18,C,310.0,14,2,2.6439548061370854,150.5,263.1,273.0
SOXX,2026-07-29,2026-09-18,C,315.0,6,7,1.1417279241943359,101.8,196.0,205.9
SOXX,2026-07-29,2026-09-18,C,320.0,101,1,0.9611820288085937,279.6,187.0,196.0
SOXX,2026-07-29,2026-09-18,C,325.0,105,1,2.4973487273406985,188.5,249.0,258.2
SOXX,2026-07-29,2026-09-18,C,330.0,87,1,0.9291388922119141,199.4,177.1,187.0
SOXX,2026-07-29,2026-09-18,C,335.0,24,5,2.0405322424316403,272.41,221.0,230.8
SOXX,2026-07-29,2026-09-18,C,340.0,162,1,0.9044809356689454,186.58,168.0,177.7
SOXX,2026-07-29,2026-09-18,C,345.0,32,4,1.0567063766479494,67.05,170.0,178.2
SOXX,2026-07-29,2026-09-18,C,350.0,78,2,0.8596205444335938,192.81,158.1,168.0
SOXX,2026-07-29,2026-09-18,C,355.0,0,5,1.0000000000000003e-05,219.02,0.0,0.0
SOXX,2026-07-29,2026-09-18,C,360.0,85,1,0.8511672598266601,148.0,150.0,159.0
SOXX,2026-07-29,2026-09-18,C,365.0,13,2,0.8117694604492187,147.51,144.0,154.0
SOXX,2026-07-29,2026-09-18,C,370.0,17,1,2.1292466202545164,131.26,207.1,217.0
SOXX,2026-07-29,2026-09-18,C,375.0,7,4,2.758181815490723,149.0,240.8,248.0
SOXX,2026-07-29,2026-09-18,C,380.0,5,1,0.7893697821044923,158.5,131.7,140.4
SOXX,2026-07-29,2026-09-18,C,385.0,0,2,0.7817709811401368,128.18,127.6,136.0
SOXX,2026-07-29,2026-09-18,C,390.0,4,1,0.7722190747070312,97.37,123.0,132.0
SOXX,2026-07-29,2026-09-18,C,395.0,4,2,0.758638888244629,119.75,118.5,127.6
SOXX,2026-07-29,2026-09-18,C,400.0,60,1,0.7467371517944336,110.0,114.5,122.9
SOXX,2026-07-29,2026-09-18,C,405.0,9,1,0.73633076171875,104.0,109.9,119.0
SOXX,2026-07-29,2026-09-18,C,410.0,99,2,0.7292507543945312,95.4,106.0,114.8
SOXX,2026-07-29,2026-09-18,C,415.0,0,3,1.0000000000000003e-05,177.0,0.0,0.0
SOXX,2026-07-29,2026-09-18,C,420.0,34,1,0.7030364169311524,122.5,97.6,106.0
SOXX,2026-07-29,2026-09-18,C,425.0,0,1,1.0000000000000003e-05,159.0,0.0,0.0
SOXX,2026-07-29,2026-09-18,C,430.0,15,2,0.6976043423461916,92.56,90.0,99.0
SOXX,2026-07-29,2026-09-18,C,435.0,32,2,0.6956817541503908,87.44,87.2,94.8
SOXX,2026-07-29,2026-09-18,C,440.0,6,52,0.6785005294799805,85.4,82.6,90.7
SOXX,2026-07-29,2026-09-18,C,445.0,15,2,0.6794465649414063,88.91,79.9,87.0
SOXX,2026-07-29,2026-09-18,C,450.0,44,1,0.6704134521484376,76.96,75.4,84.0
SOXX,2026-07-29,2026-09-18,C,455.0,62,3,0.6643710321044924,73.78,71.6,80.8
SOXX,2026-07-29,2026-09-18,C,460.0,21,1,0.6543308493041994,63.0,68.0,77.0
SOXX,2026-07-29,2026-09-18,C,465.0,17,2,0.6611209425354005,67.99,66.0,74.0
SOXX,2026-07-29,2026-09-18,C,470.0,25,5,0.6389196264648438,63.95,61.2,70.0
SOXX,2026-07-29,2026-09-18,C,475.0,34,4,0.6383397982788085,60.87,58.1,67.4
SOXX,2026-07-29,2026-09-18,C,480.0,47,4,0.6372411764526368,58.44,56.9,63.0
SOXX,2026-07-29,2026-09-18,C,485.0,216,9,0.6121254608154298,56.0,52.0,59.0
SOXX,2026-07-29,2026-09-18,C,490.0,33,2,0.6103554589843752,54.95,49.6,56.0
SOXX,2026-07-29,2026-09-18,C,495.0,23,12,0.6148872740173339,48.5,47.3,54.0
SOXX,2026-07-29,2026-09-18,C,500.0,144,55,0.6080666635131836,46.68,44.5,51.0
SOXX,2026-07-29,2026-09-18,C,505.0,40,3,0.6015054498291017,44.0,41.9,48.0
SOXX,2026-07-29,2026-09-18,C,510.0,1155,23,0.5951578570556642,41.16,39.0,45.5
SOXX,2026-07-29,2026-09-18,C,515.0,36,2,0.5890544024658204,39.1,36.7,42.6
SOXX,2026-07-29,2026-09-18,C,520.0,39,17,0.5897868170166016,37.5,34.4,40.9
SOXX,2026-07-29,2026-09-18,C,525.0,99,1,0.5880473324584962,34.1,32.3,38.8
SOXX,2026-07-29,2026-09-18,C,530.0,408,16,0.575153784637451,32.76,29.3,36.1
SOXX,2026-07-29,2026-09-18,C,535.0,45,7,0.5812114633178712,31.1,28.4,34.3
SOXX,2026-07-29,2026-09-18,C,540.0,133,6,0.582889913330078,28.0,26.5,33.0
SOXX,2026-07-29,2026-09-18,C,545.0,43,8,0.5759930096435546,27.34,24.8,30.4
SOXX,2026-07-29,2026-09-18,C,550.0,250,2,0.5727276614379884,25.9,23.1,28.5
SOXX,2026-07-29,2026-09-18,C,555.0,50,8,0.5704388659667969,23.1,21.6,26.7
SOXX,2026-07-29,2026-09-18,C,560.0,155,17,0.5777935287475585,17.0,19.7,26.8
SOXX,2026-07-29,2026-09-18,C,565.0,397,1,0.5705609350585938,18.8,18.7,24.1
SOXX,2026-07-29,2026-09-18,C,570.0,136,21,0.5642743768310547,12.6,17.2,22.2
SOXX,2026-07-29,2026-09-18,C,575.0,41,12,0.5620466159057618,17.4,16.0,20.7
SOXX,2026-07-29,2026-09-18,C,580.0,111,27,0.5556074713134767,16.97,14.7,18.9
SOXX,2026-07-29,2026-09-18,C,585.0,73,4,0.5685773123168946,10.0,13.4,19.7
SOXX,2026-07-29,2026-09-18,C,590.0,22,4,0.5559736785888674,9.5,12.5,17.0
SOXX,2026-07-29,2026-09-18,C,595.0,17,4,0.5491988439941409,13.9,11.3,15.5
SOXX,2026-07-29,2026-09-18,C,600.0,402,421,0.5481002221679689,12.45,11.4,13.5
SOXX,2026-07-29,2026-09-18,C,605.0,49,8,0.5477645321655275,11.75,9.6,13.6
SOXX,2026-07-29,2026-09-18,C,610.0,51,5,0.547428842163086,10.99,9.0,12.6
SOXX,2026-07-29,2026-09-18,C,615.0,58,10,0.5509688458251953,10.0,8.5,12.0
SOXX,2026-07-29,2026-09-18,C,620.0,126,111,0.5448959085083008,9.68,7.5,11.0
SOXX,2026-07-29,2026-09-18,C,625.0,143,1,0.5320481365966796,8.5,7.0,9.0
SOXX,2026-07-29,2026-09-18,C,630.0,565,2,0.5426071130371095,7.9,6.2,9.6
SOXX,2026-07-29,2026-09-18,C,635.0,277,5,0.5394333166503908,6.96,5.4,9.0
SOXX,2026-07-29,2026-09-18,C,640.0,44,1,0.5410812493896486,7.05,5.1,8.4
SOXX,2026-07-29,2026-09-18,C,645.0,100,2,0.5395248684692384,6.23,4.4,8.0
SOXX,2026-07-29,2026-09-18,C,650.0,521,15,0.5356796920776368,5.79,4.6,6.6
SOXX,2026-07-29,2026-09-18,C,655.0,36,7,0.5415084912109377,3.97,4.4,6.4
SOXX,2026-07-29,2026-09-18,C,660.0,53,3,0.5006153454589843,3.5,1.1,6.2
SOXX,2026-07-29,2026-09-18,C,665.0,21,2,0.5794719787597657,4.06,0.25,6.0
SOXX,2026-07-29,2026-09-18,C,670.0,13688,49,0.5364426239013673,4.37,2.75,5.5
SOXX,2026-07-29,2026-09-18,C,675.0,200,8,0.5376633148193359,3.21,2.7,5.0
SOXX,2026-07-29,2026-09-18,C,680.0,514,3,0.5408981457519533,2.82,2.5,4.8
SOXX,2026-07-29,2026-09-18,C,685.0,3,2,0.5454147021484376,3.07,0.2,6.8
SOXX,2026-07-29,2026-09-18,C,690.0,28,1,0.5383346948242189,3.25,1.1,5.0
SOXX,2026-07-29,2026-09-18,C,695.0,294,6,0.5417526293945314,2.45,1.7,4.1
SOXX,2026-07-29,2026-09-18,C,700.0,5523,41,0.5352829675292969,2.65,1.15,3.9
SOXX,2026-07-29,2026-09-18,C,705.0,41,5,0.5408371112060548,1.6,1.3,3.6
SOXX,2026-07-29,2026-09-18,C,710.0,41,4,0.5438888385009766,2.16,1.05,3.6
SOXX,2026-07-29,2026-09-18,C,715.0,14,1,0.5453536676025392,12.9,1.05,3.3
SOXX,2026-07-29,2026-09-18,C,720.0,307,4,0.5462691857910158,2.6,0.25,3.8
SOXX,2026-07-29,2026-09-18,C,725.0,11,2,0.5520064331054688,8.18,0.65,3.3
SOXX,2026-07-29,2026-09-18,C,730.0,179,90,0.6057168334960938,1.41,0.3,5.6
SOXX,2026-07-29,2026-09-18,C,735.0,727,3,0.5871623315429688,2.22,0.0,4.7
SOXX,2026-07-29,2026-09-18,C,740.0,24,7,0.5827678442382812,5.7,0.0,4.2
SOXX,2026-07-29,2026-09-18,C,745.0,1,1,0.7835715002441408,18.5,6.1,9.1
SOXX,2026-07-29,2026-09-18,C,750.0,98,2,0.5905802661132813,1.7,0.0,3.9
SOXX,2026-07-29,2026-09-18,C,755.0,50,45,0.571415418701172,1.63,0.0,3.0
SOXX,2026-07-29,2026-09-18,C,760.0,18,1,0.5914347497558594,3.45,0.0,3.4
SOXX,2026-07-29,2026-09-18,C,765.0,12,2,0.6374547973632813,9.0,0.0,4.8
SOXX,2026-07-29,2026-09-18,C,770.0,26,26,0.5327195166015625,0.86,0.0,1.5
SOXX,2026-07-29,2026-09-18,C,775.0,1,1,0.6857941577148439,29.43,1.4,4.8
SOXX,2026-07-29,2026-09-18,C,780.0,8,2,0.6604037866210939,6.0,0.0,4.8
SOXX,2026-07-29,2026-09-18,C,785.0,0,3,0.2500075,12.82,0.0,0.0
SOXX,2026-07-29,2026-09-18,C,790.0,1,1,0.6752962158203126,6.2,0.0,4.8
SOXX,2026-07-29,2026-09-18,C,795.0,30,30,0.6826813958740237,1.5,0.0,4.8
SOXX,2026-07-29,2026-09-18,C,800.0,195,4,0.6846955358886719,0.6,0.0,4.6
SOXX,2026-07-29,2026-09-18,C,810.0,2,6,0.6229285754394531,3.22,0.0,2.3
SOXX,2026-07-29,2026-09-18,C,815.0,1,2,0.7758201129150393,22.0,0.05,7.5
SOXX,2026-07-29,2026-09-18,C,820.0,13032,17000,0.6156044299316408,0.35,0.0,1.85
SOXX,2026-07-29,2026-09-18,C,825.0,5,0,0.6424596301269532,7.9,0.0,2.3
SOXX,2026-07-29,2026-09-18,C,840.0,0,0,0.6699251757812501,9.7,0.0,2.5
SOXX,2026-07-29,2026-09-18,C,845.0,1,1,0.7501245690917968,4.16,0.0,4.7
SOXX,2026-07-29,2026-09-18,C,850.0,33,10,0.6577182666015625,0.4,0.0,1.95
SOXX,2026-07-29,2026-09-18,C,855.0,1,1,0.7663597583007813,18.86,0.0,4.8
SOXX,2026-07-29,2026-09-18,C,860.0,9,1,0.672122419433594,0.5,0.0,2.0
SOXX,2026-07-29,2026-09-18,C,870.0,13,1,0.6540561938476563,8.19,0.0,1.45
SOXX,2026-07-29,2026-09-18,C,875.0,3,1,0.7924825439453125,1.87,0.0,4.8
SOXX,2026-07-29,2026-09-18,C,890.0,1,0,0.8055439367675781,3.5,0.0,4.6
SOXX,2026-07-29,2026-09-18,C,900.0,168,1,0.7424342163085937,0.6,0.05,2.45
SOXX,2026-07-29,2026-09-18,C,905.0,10,1,0.6962920996093751,0.95,0.0,1.5
SOXX,2026-07-29,2026-09-18,C,920.0,4,3,0.7185086743164062,2.0,0.0,1.6
SOXX,2026-07-29,2026-09-18,C,930.0,6,1,0.7622094091796876,1.22,0.0,2.2
SOXX,2026-07-29,2026-09-18,C,940.0,1,1,0.8720715917968749,4.0,0.0,4.8
SOXX,2026-07-29,2026-09-18,C,950.0,795,40,0.7861349511718749,0.25,0.0,2.25
SOXX,2026-07-29,2026-09-18,P,165.0,25,3,1.083988955078125,0.25,0.0,0.2
SOXX,2026-07-29,2026-09-18,P,170.0,2,3,1.6118183471679686,0.44,0.0,4.8
SOXX,2026-07-29,2026-09-18,P,175.0,1,1,1.5720236242675782,0.83,0.0,4.8
SOXX,2026-07-29,2026-09-18,P,180.0,22,11,1.2036172631835935,0.45,0.0,1.0
SOXX,2026-07-29,2026-09-18,P,185.0,1,0,1.495607990722656,2.6,0.0,4.8
SOXX,2026-07-29,2026-09-18,P,190.0,2,0,1.4592312194824215,0.7,0.0,4.8
SOXX,2026-07-29,2026-09-18,P,195.0,3,2,1.4235868664550781,0.77,0.0,4.8
SOXX,2026-07-29,2026-09-18,P,200.0,34,1,1.1147505200195313,0.7,0.0,1.2
SOXX,2026-07-29,2026-09-18,P,205.0,0,2,1.2155800939941406,0.6,0.0,2.55
SOXX,2026-07-29,2026-09-18,P,210.0,0,40,0.500005,0.87,0.0,0.0
SOXX,2026-07-29,2026-09-18,P,215.0,1,0,1.44299594909668,1.32,0.0,8.4
SOXX,2026-07-29,2026-09-18,P,220.0,73,6,1.2590369079589845,0.85,0.0,4.8
SOXX,2026-07-29,2026-09-18,P,225.0,31,1,0.9648441015625,0.6,0.2,0.85
SOXX,2026-07-29,2026-09-18,P,230.0,449,14,1.01172369140625,0.83,0.0,1.75
SOXX,2026-07-29,2026-09-18,P,235.0,0,5,0.500005,1.45,0.0,0.0
SOXX,2026-07-29,2026-09-18,P,240.0,196,5,1.1403851574707033,1.22,0.0,4.8
SOXX,2026-07-29,2026-09-18,P,245.0,4,1,0.8764660791015625,1.64,0.0,1.1
SOXX,2026-07-29,2026-09-18,P,250.0,83,4,0.897217824707031,0.9,0.5,1.05
SOXX,2026-07-29,2026-09-18,P,255.0,31,1,1.0361376318359379,1.5,0.0,4.3
SOXX,2026-07-29,2026-09-18,P,260.0,163,1,0.9521489160156249,1.7,0.0,3.1
SOXX,2026-07-29,2026-09-18,P,265.0,7,2,1.0012256970214843,1.47,0.0,4.7
SOXX,2026-07-29,2026-09-18,P,270.0,24,5,1.0120899005126953,1.88,0.05,5.6
SOXX,2026-07-29,2026-09-18,P,275.0,4,1,0.9863282617187501,2.21,0.05,5.6
SOXX,2026-07-29,2026-09-18,P,280.0,5,1,0.9262702685546875,2.47,0.0,4.7
SOXX,2026-07-29,2026-09-18,P,290.0,1,3,0.9246833703613282,2.49,0.05,6.0
SOXX,2026-07-29,2026-09-18,P,295.0,2,1,0.897217824707031,2.54,0.05,5.9
SOXX,2026-07-29,2026-09-18,P,300.0,364,5,0.8176287768554686,3.6,0.8,3.5
SOXX,2026-07-29,2026-09-18,P,305.0,14,1,0.8261736132812498,3.22,0.4,4.8
SOXX,2026-07-29,2026-09-18,P,310.0,69,1,0.7767356311035156,3.55,0.1,4.3
SOXX,2026-07-29,2026-09-18,P,315.0,4,2,0.7933370275878906,4.65,1.4,4.2
SOXX,2026-07-29,2026-09-18,P,320.0,670,3,0.778200460205078,4.72,1.35,4.5
SOXX,2026-07-29,2026-09-18,P,325.0,254,1,0.7574487145996094,4.75,1.2,4.7
SOXX,2026-07-29,2026-09-18,P,330.0,147,1,0.7435938726806641,4.0,1.6,4.6
SOXX,2026-07-29,2026-09-18,P,335.0,176,3,0.6945831323242189,4.21,0.3,4.9
SOXX,2026-07-29,2026-09-18,P,340.0,33,13,0.7293728234863281,6.81,2.5,4.9
SOXX,2026-07-29,2026-09-18,P,345.0,36,1,0.7230252307128906,5.94,2.8,5.3
SOXX,2026-07-29,2026-09-18,P,350.0,744,18,0.7316311016845702,4.4,3.9,5.7
SOXX,2026-07-29,2026-09-18,P,355.0,244,10,0.7091093542480469,4.5,3.6,6.0
SOXX,2026-07-29,2026-09-18,P,360.0,162,45,0.7034331414794923,5.3,3.9,6.6
SOXX,2026-07-29,2026-09-18,P,365.0,20,2,0.6914703704833984,10.4,4.2,6.9
SOXX,2026-07-29,2026-09-18,P,370.0,51,4,0.6806672558593752,6.69,4.4,7.4
SOXX,2026-07-29,2026-09-18,P,375.0,47,1,0.6645541357421877,6.53,4.0,8.2
SOXX,2026-07-29,2026-09-18,P,380.0,170,43,0.6588779229736328,7.3,4.8,8.5
SOXX,2026-07-29,2026-09-18,P,385.0,154,2,0.654849642944336,11.11,5.7,8.9
SOXX,2026-07-29,2026-09-18,P,390.0,67,2,0.6549106774902345,9.64,6.5,9.8
SOXX,2026-07-29,2026-09-18,P,395.0,47,21,0.6342199664306643,14.07,5.6,10.9
SOXX,2026-07-29,2026-09-18,P,400.0,990,155,0.6259803027343751,8.8,7.5,10.2
SOXX,2026-07-29,2026-09-18,P,405.0,18,1,0.6366003137207032,12.0,8.5,12.1
SOXX,2026-07-29,2026-09-18,P,410.0,253,3,0.61368184173584,11.8,7.8,12.9
SOXX,2026-07-29,2026-09-18,P,415.0,50,3,0.627078924560547,12.92,10.2,14.0
SOXX,2026-07-29,2026-09-18,P,420.0,839,76,0.6195716754150393,13.0,11.0,14.9
SOXX,2026-07-29,2026-09-18,P,425.0,90,3,0.6043435562133791,14.2,11.0,15.9
SOXX,2026-07-29,2026-09-18,P,430.0,73,2,0.6073647662353516,18.0,12.7,17.2
SOXX,2026-07-29,2026-09-18,P,435.0,68,12,0.5925028543090821,18.4,12.7,18.4
SOXX,2026-07-29,2026-09-18,P,440.0,203,90,0.6031228652954103,18.5,15.1,20.2
SOXX,2026-07-29,2026-09-18,P,445.0,1362,25,0.5898173342895509,18.91,15.4,21.5
SOXX,2026-07-29,2026-09-18,P,450.0,1196,33,0.5969278588867188,20.7,18.1,23.0
SOXX,2026-07-29,2026-09-18,P,455.0,193,5,0.6013528634643556,21.8,19.4,25.8
SOXX,2026-07-29,2026-09-18,P,460.0,308,142,0.5835307760620116,23.47,21.2,25.4
SOXX,2026-07-29,2026-09-18,P,465.0,94,2,0.5808452560424805,25.99,21.7,28.4
SOXX,2026-07-29,2026-09-18,P,470.0,284,27,0.5805400833129883,27.73,24.7,29.4
SOXX,2026-07-29,2026-09-18,P,475.0,389,55,0.5724224887084962,28.71,26.3,30.9
SOXX,2026-07-29,2026-09-18,P,480.0,1886,167,0.5611310977172851,30.6,27.0,33.0
SOXX,2026-07-29,2026-09-18,P,485.0,64,6,0.5634198931884766,34.75,30.0,34.9
SOXX,2026-07-29,2026-09-18,P,490.0,573,9,0.5588423022460938,35.5,32.1,36.9
SOXX,2026-07-29,2026-09-18,P,495.0,464,2,0.55508867767334,39.5,34.1,39.3
SOXX,2026-07-29,2026-09-18,P,500.0,3962,293,0.5494124649047852,40.0,36.4,41.3
SOXX,2026-07-29,2026-09-18,P,505.0,197,53,0.5465438412475586,51.8,38.8,43.8
SOXX,2026-07-29,2026-09-18,P,510.0,657,6,0.5397537480163574,46.39,40.8,46.3
SOXX,2026-07-29,2026-09-18,P,515.0,218,16,0.527073821105957,54.95,42.8,48.1
SOXX,2026-07-29,2026-09-18,P,520.0,126,15,0.5297593411254884,50.74,45.5,51.7
SOXX,2026-07-29,2026-09-18,P,525.0,162,4,0.5291795129394532,53.02,48.6,54.6
SOXX,2026-07-29,2026-09-18,P,530.0,269,13,0.5125628578186034,78.03,49.0,58.0
SOXX,2026-07-29,2026-09-18,P,535.0,154,5,0.5059558682250976,63.49,51.5,61.0
SOXX,2026-07-29,2026-09-18,P,540.0,214,51,0.5048572463989257,94.19,55.0,64.0
SOXX,2026-07-29,2026-09-18,P,545.0,36,1,0.5614057531738281,91.1,58.0,67.0
SOXX,2026-07-29,2026-09-18,P,550.0,1606,3,0.5037891418457032,67.82,62.3,70.4
SOXX,2026-07-29,2026-09-18,P,555.0,182,5,0.536259520263672,53.64,64.4,72.2
SOXX,2026-07-29,2026-09-18,P,560.0,1066,6,0.5489241885375978,77.0,69.0,76.7
SOXX,2026-07-29,2026-09-18,P,565.0,46,6,0.5506636730957033,83.83,72.2,80.5
SOXX,2026-07-29,2026-09-18,P,570.0,277,19,0.5469100485229493,112.27,75.0,84.0
SOXX,2026-07-29,2026-09-18,P,575.0,132,2,0.549656603088379,108.0,79.0,88.0
SOXX,2026-07-29,2026-09-18,P,580.0,107,12,0.5357407266235351,91.59,83.2,91.0
SOXX,2026-07-29,2026-09-18,P,585.0,161,1,0.5248155429077149,77.5,86.1,94.3
SOXX,2026-07-29,2026-09-18,P,590.0,84,30,0.535862795715332,79.75,90.0,99.0
SOXX,2026-07-29,2026-09-18,P,595.0,39,1,0.5327195166015625,128.0,94.0,102.9
SOXX,2026-07-29,2026-09-18,P,600.0,618,5,0.5319260675048829,119.57,98.0,107.0
SOXX,2026-07-29,2026-09-18,P,605.0,130,3,0.5301560656738282,75.98,102.0,111.1
SOXX,2026-07-29,2026-09-18,P,610.0,63,1,0.5425155612182618,106.53,106.1,116.0
SOXX,2026-07-29,2026-09-18,P,615.0,20,1,0.5191393301391601,130.2,111.2,119.1
SOXX,2026-07-29,2026-09-18,P,620.0,56,4,0.5220384710693358,130.08,115.2,123.6
SOXX,2026-07-29,2026-09-18,P,625.0,13,1,0.5220995056152342,117.25,119.0,128.0
SOXX,2026-07-29,2026-09-18,P,630.0,167,3,0.5279893392944336,114.5,123.0,132.7
SOXX,2026-07-29,2026-09-18,P,635.0,28,1,0.5240526110839843,139.22,127.6,137.0
SOXX,2026-07-29,2026-09-18,P,640.0,30,1,0.516331741027832,165.52,132.0,141.2
SOXX,2026-07-29,2026-09-18,P,645.0,4,1,0.5148363946533203,170.27,137.0,145.7
SOXX,2026-07-29,2026-09-18,P,650.0,214,5,0.512272943725586,165.63,141.2,150.2
SOXX,2026-07-29,2026-09-18,P,655.0,15,0,0.514531221923828,125.8,145.0,154.9
SOXX,2026-07-29,2026-09-18,P,660.0,9,5,0.5035450036621094,174.88,150.0,159.2
SOXX,2026-07-29,2026-09-18,P,665.0,1,0,0.5003712072753908,113.5,155.0,163.8
SOXX,2026-07-29,2026-09-18,P,670.0,2,2,0.4996387927246094,97.97,159.0,168.5
SOXX,2026-07-29,2026-09-18,P,675.0,2,2,0.5272264074707032,122.5,164.1,174.0
SOXX,2026-07-29,2026-09-18,P,680.0,2,1,0.4951832708740235,141.0,169.6,177.9
SOXX,2026-07-29,2026-09-18,P,685.0,3,3,0.49573258178710944,123.4,174.3,182.7
SOXX,2026-07-29,2026-09-18,P,690.0,10,15,0.4954884436035156,123.9,179.1,187.5
SOXX,2026-07-29,2026-09-18,P,700.0,4,1,0.49231464721679696,140.5,188.9,197.1
SOXX,2026-07-29,2026-09-18,P,705.0,1,1,0.4891408508300782,180.0,193.7,201.9
SOXX,2026-07-29,2026-09-18,P,710.0,1,0,1.0000000000000003e-05,195.6,153.0,162.9
SOXX,2026-07-29,2026-09-18,P,725.0,5,4,0.4939015454101563,171.1,213.3,221.5
SOXX,2026-07-29,2026-09-18,P,735.0,1,1,1.0000000000000003e-05,150.15,202.0,210.0
SOXX,2026-07-29,2026-09-18,P,755.0,0,0,0.5006153454589843,162.4,243.0,251.1
SOXX,2026-07-29,2026-09-18,P,760.0,1,1,1.0000000000000003e-05,170.1,200.0,209.2
SOXX,2026-07-29,2026-09-18,P,790.0,0,1,0.5471236694335939,298.0,277.5,286.1
SOXX,2026-07-29,2026-09-18,P,800.0,1,1,1.0000000000000003e-05,212.25,238.0,247.2
SOXX,2026-07-29,2026-09-18,P,815.0,0,0,0.5786174951171875,278.0,303.0,311.1
SOXX,2026-07-29,2026-09-18,P,850.0,1,1,0.6206092626953126,382.25,338.0,346.1
SOXX,2026-07-29,2026-09-18,P,855.0,1,1,0.6262244409179689,387.07,343.0,351.1
SOXX,2026-07-29,2026-09-18,P,895.0,0,0,0.6713900048828126,366.24,383.0,391.1
SOXX,2026-07-29,2026-09-18,P,900.0,1,1,0.676761044921875,371.2,388.0,396.1
SOXX,2026-07-29,2026-09-18,P,905.0,0,0,0.6821320849609377,310.3,393.0,401.1
SOXX,2026-07-29,2026-09-18,P,925.0,0,0,0.7033721069335939,323.2,413.0,421.1
SOXX,2026-07-29,2026-09-18,P,945.0,0,1,0.7241238525390624,416.25,433.0,441.1
SOXX,2026-07-29,2026-09-18,P,950.0,0,1,0.7292507543945312,446.85,438.0,446.1
SOXX,2026-07-29,2026-10-16,C,165.0,9,0,1.5651877209472653,235.4,340.0,349.9
SOXX,2026-07-29,2026-10-16,C,220.0,0,30,1.0000000000000003e-05,354.65,0.0,0.0
SOXX,2026-07-29,2026-10-16,C,245.0,2,2,2.744967737197876,175.88,327.0,336.0
SOXX,2026-07-29,2026-10-16,C,250.0,2,1,1.0813034216308592,325.6,257.0,265.0
SOXX,2026-07-29,2026-10-16,C,285.0,0,0,1.0000000000000003e-05,283.77,0.0,0.0
SOXX,2026-07-29,2026-10-16,C,295.0,0,10,0.9279792358398438,215.9,213.9,222.0
SOXX,2026-07-29,2026-10-16,C,300.0,30,29,1.007329182128906,106.53,212.0,221.2
SOXX,2026-07-29,2026-10-16,C,310.0,1,1,2.159092737045288,154.51,265.1,275.0
SOXX,2026-07-29,2026-10-16,C,315.0,1,1,2.11545270942688,114.3,260.1,270.0
SOXX,2026-07-29,2026-10-16,C,320.0,67,4,0.8605360626220704,161.08,190.3,199.0
SOXX,2026-07-29,2026-10-16,C,325.0,0,3,1.0000000000000003e-05,232.12,0.0,0.0
SOXX,2026-07-29,2026-10-16,C,335.0,21,1,0.8237322314453124,189.2,176.8,185.0
SOXX,2026-07-29,2026-10-16,C,340.0,7,1,0.8128985995483399,145.0,172.3,180.5
SOXX,2026-07-29,2026-10-16,C,345.0,44,1,1.6322650222778319,236.35,215.3,224.5
SOXX,2026-07-29,2026-10-16,C,350.0,81,2,0.7934590966796875,148.0,163.1,172.0
SOXX,2026-07-29,2026-10-16,C,355.0,29,1,0.7989522058105469,185.35,160.1,167.7
SOXX,2026-07-29,2026-10-16,C,360.0,74,1,0.772463212890625,169.81,154.4,163.0
SOXX,2026-07-29,2026-10-16,C,365.0,0,1,1.0000000000000003e-05,208.7,0.0,0.0
SOXX,2026-07-29,2026-10-16,C,370.0,22,1,1.7690136061096189,71.95,211.1,221.0
SOXX,2026-07-29,2026-10-16,C,375.0,4,2,0.7479273254394532,192.2,141.4,150.5
SOXX,2026-07-29,2026-10-16,C,380.0,4,2,0.7457911163330078,164.9,138.2,146.0
SOXX,2026-07-29,2026-10-16,C,385.0,1,1,1.4292631076049802,184.15,180.2,189.1
SOXX,2026-07-29,2026-10-16,C,390.0,7,7,1.6708695655822756,62.23,195.0,204.0
SOXX,2026-07-29,2026-10-16,C,395.0,1,0,0.8320024124145506,40.65,133.0,140.8
SOXX,2026-07-29,2026-10-16,C,400.0,8,1,0.7096281478881835,115.93,121.0,129.9
SOXX,2026-07-29,2026-10-16,C,405.0,0,1,1.0000000000000003e-05,184.45,0.0,0.0
SOXX,2026-07-29,2026-10-16,C,410.0,7,1,0.694461063232422,109.0,113.0,122.0
SOXX,2026-07-29,2026-10-16,C,415.0,5,1,0.6878388150024416,165.0,109.1,118.2
SOXX,2026-07-29,2026-10-16,C,420.0,0,1,1.0000000000000003e-05,139.02,0.0,0.0
SOXX,2026-07-29,2026-10-16,C,425.0,28,11,0.6790193231201174,98.4,102.0,110.8
SOXX,2026-07-29,2026-10-16,C,430.0,102,4,0.6692232785034181,98.7,98.2,106.7
SOXX,2026-07-29,2026-10-16,C,435.0,0,2,1.0000000000000003e-05,126.9,0.0,0.0
SOXX,2026-07-29,2026-10-16,C,440.0,3,2,1.4561489595031738,106.39,155.0,164.9
SOXX,2026-07-29,2026-10-16,C,445.0,0,1,1.0000000000000003e-05,195.0,0.0,0.0
SOXX,2026-07-29,2026-10-16,C,450.0,39,2,0.6488072229003907,94.87,84.0,93.1
SOXX,2026-07-29,2026-10-16,C,455.0,2,1,0.6423375610351563,109.75,81.0,89.2
SOXX,2026-07-29,2026-10-16,C,460.0,32,5,0.64297842376709,72.0,78.0,86.6
SOXX,2026-07-29,2026-10-16,C,465.0,16,5,0.6340063455200197,76.8,74.1,83.4
SOXX,2026-07-29,2026-10-16,C,470.0,53,1,0.6296423754882813,73.5,71.0,80.3
SOXX,2026-07-29,2026-10-16,C,475.0,7,4,0.6262702168273928,58.86,68.0,77.4
SOXX,2026-07-29,2026-10-16,C,480.0,22,6,0.612079684906006,66.92,65.4,72.3
SOXX,2026-07-29,2026-10-16,C,485.0,15,4,0.611301494445801,65.5,62.5,70.0
SOXX,2026-07-29,2026-10-16,C,490.0,12,2,0.6102639071655275,48.97,59.9,67.5
SOXX,2026-07-29,2026-10-16,C,495.0,64,2,0.6013986393737794,58.65,57.0,64.0
SOXX,2026-07-29,2026-10-16,C,500.0,65,18,0.6021768298339845,57.1,55.5,61.0
SOXX,2026-07-29,2026-10-16,C,505.0,93,10,0.59570716796875,55.15,51.8,59.0
SOXX,2026-07-29,2026-10-16,C,510.0,15,8,0.5880168151855469,41.35,49.0,56.0
SOXX,2026-07-29,2026-10-16,C,515.0,9,5,0.5876353492736817,80.0,46.6,54.1
SOXX,2026-07-29,2026-10-16,C,520.0,94,1,0.583866466064453,49.9,44.2,51.7
SOXX,2026-07-29,2026-10-16,C,525.0,32,8,0.581486118774414,45.78,42.5,49.0
SOXX,2026-07-29,2026-10-16,C,530.0,1689,420,0.5816081878662109,43.1,41.1,46.6
SOXX,2026-07-29,2026-10-16,C,535.0,18,2,0.5777935287475585,41.15,38.3,45.0
SOXX,2026-07-29,2026-10-16,C,540.0,14,10,0.5807994801330567,45.05,37.3,43.0
SOXX,2026-07-29,2026-10-16,C,545.0,38,1,0.57071352142334,27.95,34.0,41.0
SOXX,2026-07-29,2026-10-16,C,550.0,261,69,0.5750469741821288,36.4,33.2,39.3
SOXX,2026-07-29,2026-10-16,C,555.0,34,11,0.5716595568847658,33.8,31.3,37.4
SOXX,2026-07-29,2026-10-16,C,560.0,111,25,0.5725140405273439,28.93,29.8,36.0
SOXX,2026-07-29,2026-10-16,C,565.0,337,335,0.56270273727417,27.4,28.2,32.9
SOXX,2026-07-29,2026-10-16,C,570.0,22,4,0.5621992022705078,25.5,25.0,33.2
SOXX,2026-07-29,2026-10-16,C,575.0,31,8,0.558170922241211,21.16,23.3,31.5
SOXX,2026-07-29,2026-10-16,C,580.0,22,2,0.5586286813354493,24.8,23.2,29.1
SOXX,2026-07-29,2026-10-16,C,585.0,10,1,0.560825924987793,18.5,21.9,28.3
SOXX,2026-07-29,2026-10-16,C,590.0,10,2,0.5535017794799805,20.7,20.8,25.8
SOXX,2026-07-29,2026-10-16,C,595.0,23,11,0.5544783322143555,21.6,20.0,24.5
SOXX,2026-07-29,2026-10-16,C,600.0,265,25,0.5542494526672364,21.0,19.1,23.2
SOXX,2026-07-29,2026-10-16,C,605.0,19,13,0.5483748776245119,20.1,17.4,21.9
SOXX,2026-07-29,2026-10-16,C,610.0,17,1,0.5468184967041017,16.7,16.3,20.8
SOXX,2026-07-29,2026-10-16,C,615.0,24,1,0.54727625579834,17.55,15.6,19.7
SOXX,2026-07-29,2026-10-16,C,620.0,48,2,0.5465133239746094,17.65,14.7,18.7
SOXX,2026-07-29,2026-10-16,C,625.0,46,4,0.5430648721313477,21.3,13.3,17.9
SOXX,2026-07-29,2026-10-16,C,630.0,551,6,0.5445907357788086,14.8,12.9,16.9
SOXX,2026-07-29,2026-10-16,C,635.0,42,4,0.541966250305176,11.89,11.9,16.0
SOXX,2026-07-29,2026-10-16,C,640.0,281,2,0.5409286630249025,13.29,10.9,15.4
SOXX,2026-07-29,2026-10-16,C,645.0,55,1,0.5544783322143555,13.1,10.5,16.2
SOXX,2026-07-29,2026-10-16,C,650.0,1021,59,0.5401962484741213,12.05,9.8,13.7
SOXX,2026-07-29,2026-10-16,C,655.0,37,5,0.5397995239257813,30.1,9.5,12.7
SOXX,2026-07-29,2026-10-16,C,660.0,43,12,0.5253343365478516,10.55,8.6,10.7
SOXX,2026-07-29,2026-10-16,C,665.0,382,2,0.5382736602783205,9.8,7.8,11.9
SOXX,2026-07-29,2026-10-16,C,670.0,22,4,0.5388840057373048,8.16,7.8,10.9
SOXX,2026-07-29,2026-10-16,C,675.0,40,11,0.5481002221679689,12.86,6.1,12.6
SOXX,2026-07-29,2026-10-16,C,680.0,282,7,0.5233812310791015,6.4,4.8,10.3
SOXX,2026-07-29,2026-10-16,C,685.0,39,1,0.5484969467163087,21.5,4.2,12.6
SOXX,2026-07-29,2026-10-16,C,695.0,3,2,0.5450179776000977,6.84,4.7,10.0
SOXX,2026-07-29,2026-10-16,C,700.0,1030,201,0.5481612567138674,7.1,6.5,7.7
SOXX,2026-07-29,2026-10-16,C,705.0,6,1,0.5118457019042968,13.8,2.45,7.8
SOXX,2026-07-29,2026-10-16,C,710.0,19,4,0.5569807485961916,5.85,3.5,10.0
SOXX,2026-07-29,2026-10-16,C,720.0,109,251,0.5354050366210938,5.2,3.3,7.0
SOXX,2026-07-29,2026-10-16,C,725.0,15,5,0.5390976266479494,9.88,3.3,6.7
SOXX,2026-07-29,2026-10-16,C,730.0,7,1,0.5359543475341797,4.59,3.0,6.2
SOXX,2026-07-29,2026-10-16,C,735.0,2,2,0.5404709039306643,4.04,2.9,6.1
SOXX,2026-07-29,2026-10-16,C,740.0,1,1,0.540592973022461,3.9,1.9,6.6
SOXX,2026-07-29,2026-10-16,C,745.0,3,2,0.5358933129882812,3.3,0.2,7.5
SOXX,2026-07-29,2026-10-16,C,750.0,40,3,0.5357712438964843,3.8,2.15,5.1
SOXX,2026-07-29,2026-10-16,C,755.0,1,0,0.574772318725586,13.9,1.85,7.6
SOXX,2026-07-29,2026-10-16,C,760.0,1,0,0.5695843823242188,9.0,1.2,7.4
SOXX,2026-07-29,2026-10-16,C,765.0,3,1,0.5689130023193358,13.89,0.1,8.0
SOXX,2026-07-29,2026-10-16,C,770.0,9,1,0.5384567639160158,2.42,1.25,4.6
SOXX,2026-07-29,2026-10-16,C,775.0,4,1,0.5401046966552736,7.1,0.9,4.7
SOXX,2026-07-29,2026-10-16,C,780.0,5,5,0.5285081329345704,19.0,0.0,4.7
SOXX,2026-07-29,2026-10-16,C,785.0,2,1,0.5407150421142579,2.75,0.9,4.1
SOXX,2026-07-29,2026-10-16,C,790.0,4,1,0.5394333166503908,5.0,0.45,4.2
SOXX,2026-07-29,2026-10-16,C,795.0,3,3,0.7263821307373046,35.3,4.0,13.5
SOXX,2026-07-29,2026-10-16,C,800.0,59,1,0.5501143621826172,2.0,1.2,3.4
SOXX,2026-07-29,2026-10-16,C,805.0,1,0,0.7269619589233399,13.39,6.3,10.0
SOXX,2026-07-29,2026-10-16,C,825.0,1,1,0.5830119824218749,8.16,0.0,4.8
SOXX,2026-07-29,2026-10-16,C,840.0,1,0,0.7058134887695313,28.27,1.0,10.0
SOXX,2026-07-29,2026-10-16,C,845.0,5,1,0.6049844189453126,2.15,0.0,4.8
SOXX,2026-07-29,2026-10-16,C,850.0,8,3,0.6243934045410158,8.0,0.05,5.4
SOXX,2026-07-29,2026-10-16,C,860.0,0,0,0.2500075,16.0,0.0,0.0
SOXX,2026-07-29,2026-10-16,C,870.0,6,2,0.6405065246582031,0.8,0.6,4.6
SOXX,2026-07-29,2026-10-16,C,880.0,0,0,0.2500075,13.35,0.0,0.0
SOXX,2026-07-29,2026-10-16,C,885.0,1,1,0.5574995422363282,18.8,0.05,1.8
SOXX,2026-07-29,2026-10-16,C,890.0,4,2,0.6519810192871094,3.0,0.0,4.8
SOXX,2026-07-29,2026-10-16,C,895.0,1,1,0.6570468865966796,8.0,0.0,4.8
SOXX,2026-07-29,2026-10-16,C,900.0,26,17,0.6619906848144532,2.16,0.0,4.8
SOXX,2026-07-29,2026-10-16,C,920.0,15,4,0.5671430004882813,0.65,0.0,1.4
SOXX,2026-07-29,2026-10-16,C,950.0,6,3,0.5808147387695313,0.56,0.05,1.15
SOXX,2026-07-29,2026-10-16,P,165.0,3,2,1.1584514733886717,0.84,0.0,2.1
SOXX,2026-07-29,2026-10-16,P,170.0,20,0,1.2951695397949217,0.49,0.0,4.8
SOXX,2026-07-29,2026-10-16,P,175.0,3,1,1.076176494140625,1.0,0.0,1.8
SOXX,2026-07-29,2026-10-16,P,200.0,2,1,0.9748537670898438,0.75,0.25,1.9
SOXX,2026-07-29,2026-10-16,P,205.0,2,0,1.0888717431640624,2.61,0.0,4.8
SOXX,2026-07-29,2026-10-16,P,210.0,3,0,1.0844772338867186,1.47,0.05,5.3
SOXX,2026-07-29,2026-10-16,P,220.0,1,0,1.0116016217041015,1.31,0.0,4.8
SOXX,2026-07-29,2026-10-16,P,225.0,0,5,0.2500075,1.5,0.0,0.0
SOXX,2026-07-29,2026-10-16,P,230.0,4,2,1.1218915975952148,2.53,0.05,10.0
SOXX,2026-07-29,2026-10-16,P,235.0,1,1,1.0368700500488286,2.95,0.05,7.8
SOXX,2026-07-29,2026-10-16,P,240.0,20,1,0.9162606030273439,2.1,0.0,4.8
SOXX,2026-07-29,2026-10-16,P,245.0,1,0,0.8937998901367187,5.0,0.0,4.8
SOXX,2026-07-29,2026-10-16,P,250.0,23,1,0.8139667041015625,2.67,0.2,3.1
SOXX,2026-07-29,2026-10-16,P,265.0,43,33,0.7961446166992188,3.25,0.05,4.4
SOXX,2026-07-29,2026-10-16,P,270.0,202,1,0.7840597766113282,3.4,0.0,4.7
SOXX,2026-07-29,2026-10-16,P,275.0,9,6,0.7778342529296876,2.9,0.25,4.9
SOXX,2026-07-29,2026-10-16,P,280.0,35,20,0.7884542639160157,2.73,1.45,4.8
SOXX,2026-07-29,2026-10-16,P,285.0,1,0,0.8272112005615233,2.9,0.45,8.3
SOXX,2026-07-29,2026-10-16,P,300.0,311,3,0.7346828289794922,4.21,2.05,5.3
SOXX,2026-07-29,2026-10-16,P,305.0,29,66,0.7341335180664061,4.58,2.05,6.2
SOXX,2026-07-29,2026-10-16,P,310.0,52,50,0.6781038049316408,5.77,0.05,6.5
SOXX,2026-07-29,2026-10-16,P,315.0,3,2,0.6713900048828126,5.0,0.7,6.4
SOXX,2026-07-29,2026-10-16,P,320.0,12,1,0.697390721435547,5.9,3.2,6.2
SOXX,2026-07-29,2026-10-16,P,325.0,7,1,0.6936676141357423,5.3,3.9,6.4
SOXX,2026-07-29,2026-10-16,P,330.0,32,1,0.6674837939453127,6.0,2.8,7.1
SOXX,2026-07-29,2026-10-16,P,335.0,33,1,0.6818269122314455,10.4,2.0,10.0
SOXX,2026-07-29,2026-10-16,P,340.0,110,1,0.6344030700683594,8.3,1.0,9.2
SOXX,2026-07-29,2026-10-16,P,345.0,81,1,0.6630282720947267,6.5,3.4,10.0
SOXX,2026-07-29,2026-10-16,P,350.0,337,31,0.6661715512084964,7.63,6.0,9.1
SOXX,2026-07-29,2026-10-16,P,355.0,90,50,0.6489292919921875,9.64,5.1,10.2
SOXX,2026-07-29,2026-10-16,P,360.0,84,70,0.6256140954589844,10.3,4.7,10.3
SOXX,2026-07-29,2026-10-16,P,365.0,14,1,0.6336706555175782,13.05,5.6,11.7
SOXX,2026-07-29,2026-10-16,P,370.0,31,2,0.6184730535888674,11.0,6.0,11.7
SOXX,2026-07-29,2026-10-16,P,375.0,12,4,0.6151161535644531,11.5,6.0,13.2
SOXX,2026-07-29,2026-10-16,P,380.0,152,4,0.6319616882324219,11.85,9.5,13.3
SOXX,2026-07-29,2026-10-16,P,385.0,42,1,0.6231116790771485,12.15,9.8,14.2
SOXX,2026-07-29,2026-10-16,P,390.0,137,17,0.6247596118164063,13.7,11.2,15.2
SOXX,2026-07-29,2026-10-16,P,395.0,74,9,0.6354406573486329,15.2,11.9,18.1
SOXX,2026-07-29,2026-10-16,P,400.0,641,44,0.6158790853881836,14.87,13.1,17.1
SOXX,2026-07-29,2026-10-16,P,405.0,21,10,0.6061745925903321,16.8,12.6,19.0
SOXX,2026-07-29,2026-10-16,P,410.0,32,4,0.6109658044433595,18.44,15.1,19.8
SOXX,2026-07-29,2026-10-16,P,415.0,13,8,0.6030007962036135,19.1,16.2,20.5
SOXX,2026-07-29,2026-10-16,P,420.0,45,6,0.6003457934570313,20.0,17.6,21.7
SOXX,2026-07-29,2026-10-16,P,425.0,244,2,0.5953562193298338,30.4,18.3,23.4
SOXX,2026-07-29,2026-10-16,P,430.0,169,1,0.5834087069702149,23.4,18.4,24.8
SOXX,2026-07-29,2026-10-16,P,435.0,24,1,0.5858806060791015,36.45,20.9,26.0
SOXX,2026-07-29,2026-10-16,P,440.0,188,9,0.5846293978881835,25.32,22.8,27.4
SOXX,2026-07-29,2026-10-16,P,445.0,205,4,0.5824168955993652,36.0,24.2,29.3
SOXX,2026-07-29,2026-10-16,P,450.0,1497,17,0.5793499096679688,28.54,26.1,30.7
SOXX,2026-07-29,2026-10-16,P,455.0,532,189,0.5748333532714844,30.0,27.6,32.4
SOXX,2026-07-29,2026-10-16,P,460.0,36,2,0.5707440386962892,42.5,29.0,34.4
SOXX,2026-07-29,2026-10-16,P,465.0,239,1,0.5676312768554688,35.3,31.0,36.1
SOXX,2026-07-29,2026-10-16,P,470.0,243,57,0.5573469558715821,51.0,32.0,37.7
SOXX,2026-07-29,2026-10-16,P,475.0,58,11,0.5612836840820312,39.0,34.9,40.0
SOXX,2026-07-29,2026-10-16,P,480.0,704,2,0.5462234098815919,39.95,36.9,40.0
SOXX,2026-07-29,2026-10-16,P,485.0,53,1,0.5545241081237793,44.39,39.0,44.2
SOXX,2026-07-29,2026-10-16,P,490.0,759,11,0.5518691053771974,63.75,40.8,46.9
SOXX,2026-07-29,2026-10-16,P,495.0,265,4,0.5418594398498537,46.4,41.8,49.2
SOXX,2026-07-29,2026-10-16,P,500.0,1419,40,0.5403488348388674,48.95,46.9,49.1
SOXX,2026-07-29,2026-10-16,P,505.0,535,2,0.5363815893554689,51.9,47.0,53.7
SOXX,2026-07-29,2026-10-16,P,510.0,160,1,0.53751072845459,55.0,50.3,56.2
SOXX,2026-07-29,2026-10-16,P,515.0,104,1,0.5282029602050782,68.51,52.0,58.5
SOXX,2026-07-29,2026-10-16,P,520.0,325,5,0.5143481182861327,60.2,54.2,59.6
SOXX,2026-07-29,2026-10-16,P,525.0,25,19,0.5253038192749023,62.81,57.8,64.1
SOXX,2026-07-29,2026-10-16,P,530.0,291,6,0.5194445028686524,81.4,60.1,66.9
SOXX,2026-07-29,2026-10-16,P,535.0,11,1,0.5127459614562988,70.18,63.9,68.2
SOXX,2026-07-29,2026-10-16,P,540.0,89,1,0.5138445832824707,73.5,66.2,72.6
SOXX,2026-07-29,2026-10-16,P,545.0,0,0,0.5397384893798829,47.7,67.0,75.1
SOXX,2026-07-29,2026-10-16,P,550.0,51,3,0.5444381494140625,98.1,70.0,78.9
SOXX,2026-07-29,2026-10-16,P,555.0,4,1,0.5452010812377931,76.0,73.0,82.4
SOXX,2026-07-29,2026-10-16,P,560.0,45,2,0.5430648721313477,63.5,76.6,85.7
SOXX,2026-07-29,2026-10-16,P,565.0,20,1,0.5390671093750001,102.5,80.0,88.9
SOXX,2026-07-29,2026-10-16,P,570.0,38,1,0.5376938320922852,95.0,83.0,92.4
SOXX,2026-07-29,2026-10-16,P,575.0,77,1,0.5356491748046875,96.95,86.8,95.9
SOXX,2026-07-29,2026-10-16,P,580.0,70,1,0.5269670106506348,106.0,93.0,98.9
SOXX,2026-07-29,2026-10-16,P,585.0,2,1,0.5293320993041993,102.5,94.0,102.9
SOXX,2026-07-29,2026-10-16,P,590.0,33,3,0.5286607192993166,95.77,99.2,106.7
SOXX,2026-07-29,2026-10-16,P,595.0,8,5,0.5298356343078614,136.1,101.0,110.7
SOXX,2026-07-29,2026-10-16,P,600.0,55,1,0.5215501947021484,126.57,105.0,114.0
SOXX,2026-07-29,2026-10-16,P,610.0,12,2,0.5165148446655273,155.0,113.0,121.7
SOXX,2026-07-29,2026-10-16,P,615.0,2,2,0.5176745010375977,63.46,117.0,125.9
SOXX,2026-07-29,2026-10-16,P,620.0,25,1,0.5126696682739257,148.41,121.0,129.7
SOXX,2026-07-29,2026-10-16,P,625.0,5,1,0.5140124282836914,133.95,125.0,134.0
SOXX,2026-07-29,2026-10-16,P,630.0,112,1,0.5089160437011719,150.49,129.1,137.9
SOXX,2026-07-29,2026-10-16,P,635.0,3,1,0.5074817318725585,104.3,133.0,142.1
SOXX,2026-07-29,2026-10-16,P,640.0,2,1,0.5085803536987304,89.2,137.2,146.5
SOXX,2026-07-29,2026-10-16,P,645.0,4,2,0.5042774182128906,151.1,142.0,150.6
SOXX,2026-07-29,2026-10-16,P,650.0,5,1,0.5024768991088868,132.8,146.0,154.9
SOXX,2026-07-29,2026-10-16,P,655.0,12,0,1.0000000000000003e-05,82.6,117.5,126.9
SOXX,2026-07-29,2026-10-16,P,660.0,13,12,0.49860120544433595,137.23,154.5,163.6
SOXX,2026-07-29,2026-10-16,P,675.0,6,2,0.4943898217773438,166.9,168.2,177.0
SOXX,2026-07-29,2026-10-16,P,685.0,2,0,0.48969016174316415,160.4,177.3,186.0
SOXX,2026-07-29,2026-10-16,P,690.0,1,0,1.0000000000000003e-05,105.89,144.3,153.6
SOXX,2026-07-29,2026-10-16,P,695.0,12,2,0.48175567077636716,170.8,186.8,195.0
SOXX,2026-07-29,2026-10-16,P,700.0,6,4,0.48175567077636716,172.8,191.5,199.7
SOXX,2026-07-29,2026-10-16,P,725.0,1,1,0.4727835925292969,190.0,215.0,223.2
SOXX,2026-07-29,2026-10-16,P,800.0,4,2,1.0000000000000003e-05,219.5,241.0,250.2
SOXX,2026-07-29,2026-10-16,P,950.0,1,1,0.5866740551757812,482.34,437.9,446.1
SOXX,2026-07-29,2026-11-20,C,200.0,2,3,1.0000000000000003e-05,150.07,216.3,224.9
SOXX,2026-07-29,2026-11-20,C,230.0,1,2,1.0000000000000003e-05,121.25,189.0,197.2
SOXX,2026-07-29,2026-11-20,C,255.0,0,0,1.0000000000000003e-05,106.2,110.6,116.3
SOXX,2026-07-29,2026-11-20,C,260.0,1,1,2.1892745463562004,248.1,314.1,324.0
SOXX,2026-07-29,2026-11-20,C,270.0,0,1,1.0000000000000003e-05,93.0,0.0,0.0
SOXX,2026-07-29,2026-11-20,C,295.0,12,0,2.513217828292846,243.23,319.7,328.1
SOXX,2026-07-29,2026-11-20,C,300.0,21,5,0.846131909790039,268.63,212.2,221.7
SOXX,2026-07-29,2026-11-20,C,310.0,1,2,1.8392952371215818,154.42,268.0,277.9
SOXX,2026-07-29,2026-11-20,C,315.0,2,2,0.8096332513427733,316.7,199.1,207.3
SOXX,2026-07-29,2026-11-20,C,320.0,1,1,1.7800303967285154,139.52,259.0,268.9
SOXX,2026-07-29,2026-11-20,C,325.0,0,1,1.0000000000000003e-05,243.4,0.0,0.0
SOXX,2026-07-29,2026-11-20,C,330.0,22,10,0.7875997802734375,240.29,186.3,194.3
SOXX,2026-07-29,2026-11-20,C,335.0,0,1,1.0000000000000003e-05,44.8,0.0,0.0
SOXX,2026-07-29,2026-11-20,C,340.0,0,6,1.0000000000000003e-05,220.11,0.0,0.0
SOXX,2026-07-29,2026-11-20,C,345.0,2,1,0.7590661300659182,198.61,172.7,181.7
SOXX,2026-07-29,2026-11-20,C,350.0,0,1,1.0000000000000003e-05,39.8,0.0,0.0
SOXX,2026-07-29,2026-11-20,C,355.0,9,9,1.0000000000000003e-05,46.49,32.3,41.0
SOXX,2026-07-29,2026-11-20,C,360.0,5,1,1.3575776750183104,226.13,207.6,215.9
SOXX,2026-07-29,2026-11-20,C,370.0,3,1,0.7145719461059571,241.0,151.0,160.8
SOXX,2026-07-29,2026-11-20,C,380.0,1,0,1.4927088352966307,91.8,208.0,217.9
SOXX,2026-07-29,2026-11-20,C,385.0,1,1,1.4731776829528809,81.31,204.0,213.9
SOXX,2026-07-29,2026-11-20,C,390.0,1,2,0.70312796875,113.29,137.2,145.0
SOXX,2026-07-29,2026-11-20,C,395.0,7,6,0.6888153677368166,111.3,132.2,141.0
SOXX,2026-07-29,2026-11-20,C,400.0,12,3,0.684268294067383,132.0,128.8,137.0
SOXX,2026-07-29,2026-11-20,C,405.0,1,1,1.3860046569061275,84.53,187.1,197.0
SOXX,2026-07-29,2026-11-20,C,410.0,0,1,1.0000000000000003e-05,184.95,0.0,0.0
SOXX,2026-07-29,2026-11-20,C,415.0,4,1,0.6751436294555665,100.89,117.9,127.0
SOXX,2026-07-29,2026-11-20,C,420.0,2,1,1.3389925628662105,70.5,176.0,185.9
SOXX,2026-07-29,2026-11-20,C,425.0,0,1,1.0000000000000003e-05,203.04,0.0,0.0
SOXX,2026-07-29,2026-11-20,C,430.0,13,9,0.6570163693237305,137.1,107.0,116.2
SOXX,2026-07-29,2026-11-20,C,435.0,32,2,0.6550785224914553,88.11,104.0,112.9
SOXX,2026-07-29,2026-11-20,C,440.0,3,2,1.098805165176392,145.97,144.0,153.8
SOXX,2026-07-29,2026-11-20,C,450.0,8,1,0.6409337664794923,86.1,94.0,103.0
SOXX,2026-07-29,2026-11-20,C,455.0,1,1,1.2280922384643556,63.2,150.0,160.0
SOXX,2026-07-29,2026-11-20,C,460.0,12,4,0.6344488459777833,76.04,87.8,97.0
SOXX,2026-07-29,2026-11-20,C,465.0,4,1,0.6309241009521485,80.5,84.8,94.0
SOXX,2026-07-29,2026-11-20,C,470.0,3,4,0.6278723736572267,70.82,82.0,91.0
SOXX,2026-07-29,2026-11-20,C,475.0,2,1,0.6252478881835939,75.95,79.3,88.1
SOXX,2026-07-29,2026-11-20,C,480.0,8,1,0.6211890908813477,79.0,77.9,83.7
SOXX,2026-07-29,2026-11-20,C,485.0,10,1,0.6194343476867679,70.5,74.9,81.5
SOXX,2026-07-29,2026-11-20,C,490.0,8,2,0.6111946839904787,73.07,71.0,78.9
SOXX,2026-07-29,2026-11-20,C,495.0,4,2,0.6020852780151369,70.91,68.3,75.0
SOXX,2026-07-29,2026-11-20,C,500.0,19,5,0.6047860566711427,68.1,65.7,73.7
SOXX,2026-07-29,2026-11-20,C,505.0,53,1,0.5965616516113281,59.1,63.2,70.0
SOXX,2026-07-29,2026-11-20,C,510.0,16,3,0.6049539016723634,63.5,62.0,68.8
SOXX,2026-07-29,2026-11-20,C,515.0,3,2,1.0860183638763428,71.87,111.8,121.0
SOXX,2026-07-29,2026-11-20,C,520.0,9,1,0.5937388038635254,54.7,57.1,63.0
SOXX,2026-07-29,2026-11-20,C,525.0,15,1,0.5894206097412109,75.0,53.7,61.5
SOXX,2026-07-29,2026-11-20,C,530.0,5,2,0.5855143988037108,49.84,51.3,59.2
SOXX,2026-07-29,2026-11-20,C,535.0,2,2,0.9079599047851561,78.27,86.8,92.3
SOXX,2026-07-29,2026-11-20,C,540.0,18,2,0.5815929292297364,68.51,47.1,55.2
SOXX,2026-07-29,2026-11-20,C,545.0,1,5,0.5789226678466797,142.0,45.2,53.0
SOXX,2026-07-29,2026-11-20,C,550.0,7,1,0.5770916314697265,34.0,43.3,51.1
SOXX,2026-07-29,2026-11-20,C,555.0,31,8,0.5792888751220704,41.8,42.5,49.1
SOXX,2026-07-29,2026-11-20,C,560.0,11,2,0.5770000796508788,43.06,40.9,47.0
SOXX,2026-07-29,2026-11-20,C,565.0,14,1,0.5769695623779296,76.05,38.8,46.0
SOXX,2026-07-29,2026-11-20,C,570.0,7,2,0.5691876577758789,29.0,36.1,44.0
SOXX,2026-07-29,2026-11-20,C,575.0,4,1,0.569614899597168,38.04,35.5,41.8
SOXX,2026-07-29,2026-11-20,C,580.0,7,2,0.5668225691223145,27.95,32.9,41.0
SOXX,2026-07-29,2026-11-20,C,585.0,3,1,0.5626417027282715,35.9,31.3,39.0
SOXX,2026-07-29,2026-11-20,C,590.0,5,1,0.5631452377319336,50.2,29.8,38.0
SOXX,2026-07-29,2026-11-20,C,595.0,3,1,0.5675092077636719,29.43,29.5,36.7
SOXX,2026-07-29,2026-11-20,C,600.0,40,2,0.5643811872863771,28.5,28.2,34.9
SOXX,2026-07-29,2026-11-20,C,605.0,5,1,0.5563856617736818,74.63,25.5,33.6
SOXX,2026-07-29,2026-11-20,C,610.0,16,1,0.5625806681823731,29.5,25.7,32.4
SOXX,2026-07-29,2026-11-20,C,615.0,33,1,0.5570723004150393,26.3,23.2,31.6
SOXX,2026-07-29,2026-11-20,C,620.0,5,4,0.5616498913574219,21.26,23.6,30.0
SOXX,2026-07-29,2026-11-20,C,625.0,12,8,0.5562483340454102,19.25,21.5,29.0
SOXX,2026-07-29,2026-11-20,C,630.0,17,5,0.5492446199035648,21.0,19.7,27.5
SOXX,2026-07-29,2026-11-20,C,635.0,3,2,0.5554243676757813,18.47,20.1,26.4
SOXX,2026-07-29,2026-11-20,C,640.0,9,2,0.553913762664795,17.55,18.8,25.6
SOXX,2026-07-29,2026-11-20,C,645.0,39,25,0.5541731594848633,35.5,17.5,25.2
SOXX,2026-07-29,2026-11-20,C,650.0,39,1,0.5546309185791016,18.88,17.1,24.0
SOXX,2026-07-29,2026-11-20,C,655.0,16,1,0.5491378094482424,19.0,16.8,21.7
SOXX,2026-07-29,2026-11-20,C,660.0,21,2,0.5459334957885743,18.03,15.2,21.2
SOXX,2026-07-29,2026-11-20,C,665.0,2,2,0.5522810885620117,16.98,14.3,21.7
SOXX,2026-07-29,2026-11-20,C,670.0,2,4,0.55313557220459,14.8,14.2,20.5
SOXX,2026-07-29,2026-11-20,C,680.0,5,1,0.5383041775512697,27.49,11.3,18.3
SOXX,2026-07-29,2026-11-20,C,685.0,3,1,0.5430953894042969,40.78,11.0,18.1
SOXX,2026-07-29,2026-11-20,C,690.0,2,1,0.5431259066772461,47.53,11.8,16.1
SOXX,2026-07-29,2026-11-20,C,695.0,1,2,0.5300034793090821,12.8,8.9,15.9
SOXX,2026-07-29,2026-11-20,C,700.0,188,9,0.5381515911865236,12.6,10.2,14.7
SOXX,2026-07-29,2026-11-20,C,710.0,0,1,0.12500875,32.37,0.0,0.0
SOXX,2026-07-29,2026-11-20,C,720.0,0,2,0.5364121066284181,10.28,7.9,12.8
SOXX,2026-07-29,2026-11-20,C,725.0,6,2,0.5300645138549805,28.0,5.8,13.2
SOXX,2026-07-29,2026-11-20,C,730.0,18,23,0.5367477966308594,25.71,5.2,13.8
SOXX,2026-07-29,2026-11-20,C,735.0,0,1,0.12500875,28.95,0.0,0.0
SOXX,2026-07-29,2026-11-20,C,740.0,5,5,0.5177965701293946,8.5,4.3,10.9
SOXX,2026-07-29,2026-11-20,C,745.0,1,0,0.5337876211547851,18.67,3.9,12.4
SOXX,2026-07-29,2026-11-20,C,750.0,421,3,0.5418136639404298,7.63,4.2,12.3
SOXX,2026-07-29,2026-11-20,C,755.0,8,9,0.53281106842041,14.4,4.2,10.6
SOXX,2026-07-29,2026-11-20,C,760.0,3,1,0.5425460784912111,16.05,4.1,11.1
SOXX,2026-07-29,2026-11-20,C,765.0,0,2,0.6322668609619142,50.48,9.2,16.3
SOXX,2026-07-29,2026-11-20,C,770.0,10,1,0.7082548706054688,29.59,15.4,20.2
SOXX,2026-07-29,2026-11-20,C,775.0,1,0,0.523320196533203,36.8,2.35,9.1
SOXX,2026-07-29,2026-11-20,C,780.0,3,1,0.5224657128906249,16.65,2.25,8.6
SOXX,2026-07-29,2026-11-20,C,785.0,1,0,0.5318650329589845,43.27,3.1,8.1
SOXX,2026-07-29,2026-11-20,C,790.0,4,2,0.6755098367309572,43.4,10.3,16.8
SOXX,2026-07-29,2026-11-20,C,800.0,15,2,0.5537154003906251,10.87,2.2,9.5
SOXX,2026-07-29,2026-11-20,C,840.0,0,1,0.12500875,18.0,0.0,0.0
SOXX,2026-07-29,2026-11-20,C,845.0,0,1,0.5161181201171875,27.06,0.5,5.0
SOXX,2026-07-29,2026-11-20,C,850.0,1,0,0.5189257092285156,9.72,0.1,5.3
SOXX,2026-07-29,2026-11-20,C,860.0,1,1,0.523442265625,21.1,0.05,5.1
SOXX,2026-07-29,2026-11-20,C,865.0,1,2,0.542668147583008,26.6,1.1,4.9
SOXX,2026-07-29,2026-11-20,C,870.0,0,1,0.6817658776855471,23.5,4.0,13.1
SOXX,2026-07-29,2026-11-20,C,900.0,37,30,0.6062661444091797,2.0,2.0,6.1
SOXX,2026-07-29,2026-11-20,C,930.0,6,2,0.5861857788085938,1.94,0.05,5.3
SOXX,2026-07-29,2026-11-20,C,935.0,1,0,0.5360153820800782,18.2,0.0,2.95
SOXX,2026-07-29,2026-11-20,C,950.0,7,4,0.5484664294433594,1.5,0.05,2.95
SOXX,2026-07-29,2026-11-20,P,165.0,25,1,0.9426275268554687,0.9,0.05,1.75
SOXX,2026-07-29,2026-11-20,P,180.0,0,1,0.2500075,0.35,0.0,0.0
SOXX,2026-07-29,2026-11-20,P,185.0,3,0,1.1025435498046878,3.5,1.6,6.3
SOXX,2026-07-29,2026-11-20,P,200.0,16,3,0.9182137084960937,1.9,0.0,4.5
SOXX,2026-07-29,2026-11-20,P,210.0,3,1,0.8479019116210937,1.91,0.0,3.8
SOXX,2026-07-29,2026-11-20,P,215.0,0,1,0.2500075,1.07,0.0,0.0
SOXX,2026-07-29,2026-11-20,P,220.0,27,20,0.8833019482421874,2.75,0.05,6.1
SOXX,2026-07-29,2026-11-20,P,225.0,54,12,0.8341081042480467,2.37,0.9,4.3
SOXX,2026-07-29,2026-11-20,P,230.0,7,1,0.8015156567382812,3.02,0.0,4.8
SOXX,2026-07-29,2026-11-20,P,235.0,29,1,0.7819846020507812,3.28,0.0,4.8
SOXX,2026-07-29,2026-11-20,P,240.0,112,3,0.8209246423339842,3.76,0.05,6.9
SOXX,2026-07-29,2026-11-20,P,245.0,4,1,0.8127460131835937,4.35,0.05,7.4
SOXX,2026-07-29,2026-11-20,P,250.0,3,1,0.8474136352539061,3.58,0.05,10.0
SOXX,2026-07-29,2026-11-20,P,255.0,1,1,0.8278825805664061,4.29,0.1,10.0
SOXX,2026-07-29,2026-11-20,P,265.0,31,29,0.7543969873046875,5.25,0.05,8.3
SOXX,2026-07-29,2026-11-20,P,270.0,1,1,0.7276028216552735,3.34,1.55,6.4
SOXX,2026-07-29,2026-11-20,P,275.0,0,1,0.2500075,4.95,0.0,0.0
SOXX,2026-07-29,2026-11-20,P,280.0,0,2,0.2500075,4.63,0.0,0.0
SOXX,2026-07-29,2026-11-20,P,285.0,14,10,0.7088041815185546,6.2,3.2,6.7
SOXX,2026-07-29,2026-11-20,P,290.0,44,10,0.6957427886962892,5.3,3.8,6.4
SOXX,2026-07-29,2026-11-20,P,295.0,8,1,0.6680331048583985,7.77,2.2,7.4
SOXX,2026-07-29,2026-11-20,P,300.0,92,25,0.6868927795410158,7.7,2.35,9.6
SOXX,2026-07-29,2026-11-20,P,305.0,16,1,0.686648641357422,8.37,3.8,9.4
SOXX,2026-07-29,2026-11-20,P,310.0,4,1,0.6406896282958985,7.58,1.8,9.4
SOXX,2026-07-29,2026-11-20,P,315.0,0,1,0.6852448468017578,8.97,3.0,12.9
SOXX,2026-07-29,2026-11-20,P,320.0,138,6,0.673098972167969,10.5,5.6,10.8
SOXX,2026-07-29,2026-11-20,P,325.0,13,0,0.6875946768188478,12.11,5.3,14.0
SOXX,2026-07-29,2026-11-20,P,330.0,23,12,0.6518589501953126,9.1,7.3,10.4
SOXX,2026-07-29,2026-11-20,P,335.0,5,1,0.645786012878418,12.5,6.9,11.9
SOXX,2026-07-29,2026-11-20,P,340.0,88,1,0.6551853329467775,14.07,7.4,14.1
SOXX,2026-07-29,2026-11-20,P,345.0,6,1,0.6409032492065431,14.2,8.0,13.9
SOXX,2026-07-29,2026-11-20,P,350.0,117,2,0.6368444519042968,12.3,9.6,13.8
SOXX,2026-07-29,2026-11-20,P,355.0,23,10,0.633914793701172,12.8,10.6,14.5
SOXX,2026-07-29,2026-11-20,P,360.0,206,1,0.642001871032715,12.3,11.2,17.0
SOXX,2026-07-29,2026-11-20,P,365.0,10,9,0.6086464916992189,13.8,10.1,16.3
SOXX,2026-07-29,2026-11-20,P,370.0,7,1,0.6019937261962893,16.2,10.5,17.3
SOXX,2026-07-29,2026-11-20,P,375.0,6,2,0.5995523443603517,16.88,11.5,18.3
SOXX,2026-07-29,2026-11-20,P,380.0,58,15,0.6148414981079101,15.13,13.3,21.0
SOXX,2026-07-29,2026-11-20,P,385.0,1,0,0.5896800065612793,19.13,12.0,21.4
SOXX,2026-07-29,2026-11-20,P,390.0,84,1,0.5998880343627931,23.4,15.7,21.8
SOXX,2026-07-29,2026-11-20,P,395.0,8,1,0.6012002770996094,21.3,17.2,23.3
SOXX,2026-07-29,2026-11-20,P,400.0,214,2,0.5990030334472658,21.88,19.2,23.9
SOXX,2026-07-29,2026-11-20,P,405.0,16,1,0.5923807852172852,22.64,19.9,25.2
SOXX,2026-07-29,2026-11-20,P,410.0,8,5,0.588993367919922,23.05,20.1,27.6
SOXX,2026-07-29,2026-11-20,P,415.0,16,3,0.5849956051635742,23.2,21.0,29.3
SOXX,2026-07-29,2026-11-20,P,420.0,34,2,0.5816081878662109,30.24,23.5,29.6
SOXX,2026-07-29,2026-11-20,P,425.0,36,14,0.579304133758545,40.0,25.3,30.9
SOXX,2026-07-29,2026-11-20,P,430.0,165,1,0.5802349105834962,30.21,27.1,32.9
SOXX,2026-07-29,2026-11-20,P,435.0,235,168,0.5782360292053224,39.9,28.1,35.3
SOXX,2026-07-29,2026-11-20,P,440.0,11,2,0.5729717996215821,36.5,30.4,35.9
SOXX,2026-07-29,2026-11-20,P,445.0,7,2,0.567188776397705,44.1,31.1,38.1
SOXX,2026-07-29,2026-11-20,P,450.0,428,59,0.564503256378174,36.68,34.1,38.7
SOXX,2026-07-29,2026-11-20,P,455.0,2,1,0.5622144609069823,35.15,35.5,41.1
SOXX,2026-07-29,2026-11-20,P,460.0,122,52,0.5603071313476562,40.88,37.5,43.1
SOXX,2026-07-29,2026-11-20,P,465.0,3,1,0.5553785917663574,41.5,38.9,45.2
SOXX,2026-07-29,2026-11-20,P,470.0,54,2,0.5551954881286623,46.4,40.8,47.9
SOXX,2026-07-29,2026-11-20,P,475.0,10,60,0.551060397644043,48.3,43.6,49.0
SOXX,2026-07-29,2026-11-20,P,480.0,510,1,0.5482528085327151,48.93,44.8,52.1
SOXX,2026-07-29,2026-11-20,P,485.0,3,2,0.5411728012084963,67.05,46.1,54.3
SOXX,2026-07-29,2026-11-20,P,490.0,65,3,0.543247975769043,57.63,49.7,56.3
SOXX,2026-07-29,2026-11-20,P,495.0,138,136,0.5414779739379885,50.5,52.0,58.9
SOXX,2026-07-29,2026-11-20,P,500.0,113,4,0.5373276248168947,58.66,55.0,60.4
SOXX,2026-07-29,2026-11-20,P,505.0,30,4,0.5317429638671876,65.8,56.6,63.1
SOXX,2026-07-29,2026-11-20,P,510.0,4,3,0.5332383102416992,68.65,59.8,65.9
SOXX,2026-07-29,2026-11-20,P,515.0,4,1,0.5278977874755859,66.16,61.5,68.8
SOXX,2026-07-29,2026-11-20,P,520.0,17,18,0.5300187379455568,67.4,65.3,71.4
SOXX,2026-07-29,2026-11-20,P,525.0,25,12,0.524022093811035,67.4,67.3,74.1
SOXX,2026-07-29,2026-11-20,P,530.0,21,1,0.519261399230957,70.7,69.5,77.0
SOXX,2026-07-29,2026-11-20,P,535.0,18,1,0.5183763983154297,76.1,72.9,79.7
SOXX,2026-07-29,2026-11-20,P,540.0,13,3,0.5129443237304687,79.7,75.2,82.6
SOXX,2026-07-29,2026-11-20,P,545.0,7,1,0.5127612200927734,66.5,78.9,85.4
SOXX,2026-07-29,2026-11-20,P,550.0,30,8,0.5062000064086914,113.1,82.1,87.4
SOXX,2026-07-29,2026-11-20,P,555.0,16,1,0.5017597431945802,63.45,84.0,91.3
SOXX,2026-07-29,2026-11-20,P,560.0,13,1,0.537236072998047,94.2,86.0,95.0
SOXX,2026-07-29,2026-11-20,P,565.0,4,1,0.5328568443298338,76.1,89.0,98.0
SOXX,2026-07-29,2026-11-20,P,570.0,144,1,0.5325516716003418,101.9,92.2,101.5
SOXX,2026-07-29,2026-11-20,P,575.0,59,1,0.5308427043151855,99.2,95.6,104.9
SOXX,2026-07-29,2026-11-20,P,580.0,42,2,0.5258378715515137,106.6,100.0,108.0
SOXX,2026-07-29,2026-11-20,P,585.0,30,5,0.5287980470275879,112.0,102.3,112.0
SOXX,2026-07-29,2026-11-20,P,590.0,47,1,0.5227556269836426,139.53,106.0,115.1
SOXX,2026-07-29,2026-11-20,P,595.0,18,1,0.5229082133483887,78.81,109.5,118.9
SOXX,2026-07-29,2026-11-20,P,600.0,62,1,0.5157366542053223,111.42,113.1,122.0
SOXX,2026-07-29,2026-11-20,P,605.0,20,1,0.5169268278503418,89.3,117.0,126.0
SOXX,2026-07-29,2026-11-20,P,610.0,31,1,0.5177202769470215,92.1,120.5,130.0
SOXX,2026-07-29,2026-11-20,P,615.0,37,5,0.5160570855712892,163.05,124.3,133.8
SOXX,2026-07-29,2026-11-20,P,620.0,21,1,0.5160113096618653,76.4,128.0,137.8
SOXX,2026-07-29,2026-11-20,P,625.0,43,1,0.5134326000976561,125.0,132.0,141.6
SOXX,2026-07-29,2026-11-20,P,630.0,39,1,0.5157519128417969,121.0,136.0,145.9
SOXX,2026-07-29,2026-11-20,P,635.0,45,90,1.0000000000000003e-05,87.35,112.4,122.0
SOXX,2026-07-29,2026-11-20,P,640.0,30,35,0.5059558682250976,107.99,144.0,153.3
SOXX,2026-07-29,2026-11-20,P,645.0,45,45,1.0000000000000003e-05,87.0,119.2,128.8
SOXX,2026-07-29,2026-11-20,P,650.0,45,1,0.49600723724365237,128.0,152.2,160.9
SOXX,2026-07-29,2026-11-20,P,655.0,3,0,0.4937489590454103,118.31,156.3,165.0
SOXX,2026-07-29,2026-11-20,P,720.0,1,0,0.4731497998046875,203.93,213.0,222.0
SOXX,2026-07-29,2026-11-20,P,730.0,2,0,0.4664359997558594,216.1,222.6,231.0
SOXX,2026-07-29,2026-11-20,P,750.0,0,2,1.0000000000000003e-05,221.97,0.0,0.0
SOXX,2026-07-29,2026-11-20,P,790.0,2,2,1.0000000000000003e-05,227.3,239.4,248.8
SOXX,2026-07-29,2026-11-20,P,900.0,2,2,1.0000000000000003e-05,313.21,338.3,347.4
