ticker,date,expiry,type,strike,oi,volume,iv,last,bid,ask
TSLA,2026-09-10,2026-09-11,C,50.0,11,20,17.44531704833985,322.83,316.2,318.25
TSLA,2026-09-10,2026-09-11,C,70.0,3,2,13.03125185546875,298.29,294.7,299.1
TSLA,2026-09-10,2026-09-11,C,100.0,4,0,1.0000000000000003e-05,218.5,251.0,257.05
TSLA,2026-09-10,2026-09-11,C,110.0,2,1,11.960940024414063,256.99,255.75,260.05
TSLA,2026-09-10,2026-09-11,C,140.0,9,3,9.203129248046874,224.22,226.6,228.5
TSLA,2026-09-10,2026-09-11,C,150.0,6,4,8.226567358398436,216.0,216.4,218.25
TSLA,2026-09-10,2026-09-11,C,160.0,2,2,1.0000000000000003e-05,168.0,204.05,205.45
TSLA,2026-09-10,2026-09-11,C,170.0,6,6,7.8007814990234365,181.8,195.35,197.8
TSLA,2026-09-10,2026-09-11,C,180.0,753,5,7.166016667480469,186.1,186.6,188.8
TSLA,2026-09-10,2026-09-11,C,190.0,1,1,1.0000000000000003e-05,174.97,174.35,175.6
TSLA,2026-09-10,2026-09-11,C,200.0,67,3,4.648441689453126,168.5,165.55,168.0
TSLA,2026-09-10,2026-09-11,C,210.0,57,1,5.484378144531249,154.3,156.65,158.2
TSLA,2026-09-10,2026-09-11,C,220.0,31,5,3.43750140625,148.92,145.35,148.0
TSLA,2026-09-10,2026-09-11,C,230.0,66,217,5.025394343261719,136.27,135.4,137.8
TSLA,2026-09-10,2026-09-11,C,240.0,429,516,3.4218764453125,124.05,125.6,128.0
TSLA,2026-09-10,2026-09-11,C,245.0,57,393,3.8789065527343753,119.06,121.1,123.25
TSLA,2026-09-10,2026-09-11,C,250.0,227,1,2.3750040624999995,116.89,115.85,117.45
TSLA,2026-09-10,2026-09-11,C,255.0,125,777,3.798828627929688,109.04,110.4,112.45
TSLA,2026-09-10,2026-09-11,C,260.0,109,463,3.425782685546875,104.06,106.05,108.4
TSLA,2026-09-10,2026-09-11,C,265.0,21,22,1.0000000000000003e-05,100.92,98.6,101.5
TSLA,2026-09-10,2026-09-11,C,270.0,98,336,3.2656268359375,95.96,96.4,98.45
TSLA,2026-09-10,2026-09-11,C,275.0,108,1,3.2031269921874994,92.79,91.75,93.4
TSLA,2026-09-10,2026-09-11,C,280.0,89,1,2.3710978222656243,82.85,84.9,86.85
TSLA,2026-09-10,2026-09-11,C,285.0,24,36,2.4218789453125,81.53,80.7,82.0
TSLA,2026-09-10,2026-09-11,C,290.0,32,23,2.49219126953125,73.48,76.65,77.85
TSLA,2026-09-10,2026-09-11,C,295.0,349,7,2.1816451708984372,72.9,71.25,72.85
TSLA,2026-09-10,2026-09-11,C,297.5,143,344,2.1093797265624996,66.1,68.35,69.55
TSLA,2026-09-10,2026-09-11,C,300.0,509,2,1.0000000000000003e-05,68.6,64.9,65.85
TSLA,2026-09-10,2026-09-11,C,302.5,155,408,1.96484392578125,61.71,62.9,64.55
TSLA,2026-09-10,2026-09-11,C,305.0,536,179,1.853516357421875,58.94,61.1,62.9
TSLA,2026-09-10,2026-09-11,C,310.0,252,2,1.0000000000000003e-05,57.49,54.5,55.55
TSLA,2026-09-10,2026-09-11,C,312.5,15,4,1.681642216796875,53.28,53.2,54.55
TSLA,2026-09-10,2026-09-11,C,315.0,211,28,1.85546947265625,50.0,51.9,53.05
TSLA,2026-09-10,2026-09-11,C,317.5,9,1,1.5419944775390624,51.35,48.75,50.35
TSLA,2026-09-10,2026-09-11,C,320.0,429,7,1.5761739941406248,47.62,46.95,47.5
TSLA,2026-09-10,2026-09-11,C,322.5,147,28,1.0000000000000003e-05,42.3,42.0,43.1
TSLA,2026-09-10,2026-09-11,C,325.0,391,36,1.0000000000000003e-05,42.29,40.25,41.4
TSLA,2026-09-10,2026-09-11,C,327.5,106,10,1.4467801098632815,35.95,39.25,40.6
TSLA,2026-09-10,2026-09-11,C,330.0,552,44,1.0000000000000003e-05,37.35,35.95,36.6
TSLA,2026-09-10,2026-09-11,C,332.5,79,4,0.9492192578124999,33.8,33.8,34.8
TSLA,2026-09-10,2026-09-11,C,335.0,401,9,0.6250037500000001,31.8,30.6,31.65
TSLA,2026-09-10,2026-09-11,C,337.5,276,1,1.1201215869140624,28.5,29.25,30.5
TSLA,2026-09-10,2026-09-11,C,340.0,1196,15,0.86132951171875,27.81,26.75,27.15
TSLA,2026-09-10,2026-09-11,C,342.5,452,16,1.0000000000000003e-05,23.65,22.55,22.95
TSLA,2026-09-10,2026-09-11,C,345.0,2660,97,0.437505625,22.25,21.3,21.65
TSLA,2026-09-10,2026-09-11,C,347.5,495,50,0.6660189648437502,20.25,19.3,19.65
TSLA,2026-09-10,2026-09-11,C,350.0,2509,48,1.0000000000000003e-05,17.45,15.0,15.3
TSLA,2026-09-10,2026-09-11,C,352.5,2703,82,1.0000000000000003e-05,15.05,12.85,13.35
TSLA,2026-09-10,2026-09-11,C,355.0,5065,649,1.0000000000000003e-05,10.25,10.0,10.25
TSLA,2026-09-10,2026-09-11,C,357.5,7072,353,1.0000000000000003e-05,8.7,8.0,8.25
TSLA,2026-09-10,2026-09-11,C,360.0,6117,2913,1.0000000000000003e-05,5.9,5.9,6.0
TSLA,2026-09-10,2026-09-11,C,362.5,3495,5671,0.09961837890625,4.07,4.1,4.15
TSLA,2026-09-10,2026-09-11,C,365.0,6855,20580,0.23169713623046873,2.7,2.7,2.71
TSLA,2026-09-10,2026-09-11,C,367.5,7656,23082,0.2756420092773437,1.7,1.7,1.71
TSLA,2026-09-10,2026-09-11,C,370.0,20045,40864,0.29444064941406245,0.97,0.96,0.97
TSLA,2026-09-10,2026-09-11,C,372.5,7283,18106,0.3198310205078124,0.57,0.56,0.57
TSLA,2026-09-10,2026-09-11,C,375.0,13224,23091,0.35352208984374994,0.36,0.35,0.37
TSLA,2026-09-10,2026-09-11,C,377.5,7007,5793,0.3711000390625,0.21,0.2,0.21
TSLA,2026-09-10,2026-09-11,C,380.0,17032,9020,0.40039662109375,0.13,0.13,0.14
TSLA,2026-09-10,2026-09-11,C,382.5,6990,2034,0.42383388671875,0.09,0.08,0.09
TSLA,2026-09-10,2026-09-11,C,385.0,11187,3382,0.44922425781249997,0.06,0.05,0.06
TSLA,2026-09-10,2026-09-11,C,387.5,5791,1068,0.49805189453125004,0.04,0.05,0.06
TSLA,2026-09-10,2026-09-11,C,390.0,11111,1452,0.5273484765625001,0.05,0.04,0.05
TSLA,2026-09-10,2026-09-11,C,392.5,9012,423,0.5312546875,0.04,0.02,0.03
TSLA,2026-09-10,2026-09-11,C,395.0,6347,982,0.57812921875,0.03,0.02,0.03
TSLA,2026-09-10,2026-09-11,C,397.5,1911,121,0.6015664843750002,0.03,0.01,0.03
TSLA,2026-09-10,2026-09-11,C,400.0,14619,752,0.6250037500000001,0.02,0.01,0.02
TSLA,2026-09-10,2026-09-11,C,402.5,1236,186,0.6640658593750002,0.02,0.01,0.02
TSLA,2026-09-10,2026-09-11,C,405.0,3294,326,0.70312796875,0.01,0.01,0.02
TSLA,2026-09-10,2026-09-11,C,407.5,5600,126,0.7421900781249999,0.02,0.01,0.02
TSLA,2026-09-10,2026-09-11,C,410.0,5513,593,0.7812521875,0.02,0.01,0.02
TSLA,2026-09-10,2026-09-11,C,412.5,1210,56,0.85937640625,0.02,0.01,0.04
TSLA,2026-09-10,2026-09-11,C,415.0,2383,122,0.85937640625,0.01,0.01,0.02
TSLA,2026-09-10,2026-09-11,C,417.5,1019,20,0.937500625,0.02,0.0,0.05
TSLA,2026-09-10,2026-09-11,C,420.0,5015,77,0.929688203125,0.01,0.01,0.02
TSLA,2026-09-10,2026-09-11,C,422.5,665,104,0.937500625,0.02,0.0,0.02
TSLA,2026-09-10,2026-09-11,C,425.0,1432,120,1.000005,0.01,0.01,0.02
TSLA,2026-09-10,2026-09-11,C,430.0,3088,111,0.9687503125,0.01,0.0,0.01
TSLA,2026-09-10,2026-09-11,C,435.0,3627,998,1.0312548437500002,0.01,0.0,0.01
TSLA,2026-09-10,2026-09-11,C,440.0,1766,22,1.09375453125,0.01,0.0,0.01
TSLA,2026-09-10,2026-09-11,C,445.0,708,117,1.15625421875,0.01,0.0,0.01
TSLA,2026-09-10,2026-09-11,C,450.0,3956,244,1.21875390625,0.01,0.0,0.01
TSLA,2026-09-10,2026-09-11,C,455.0,952,794,1.2812535937499998,0.01,0.0,0.01
TSLA,2026-09-10,2026-09-11,C,460.0,4159,1,1.3437532812499997,0.01,0.0,0.01
TSLA,2026-09-10,2026-09-11,C,465.0,806,241,1.40625296875,0.01,0.0,0.01
TSLA,2026-09-10,2026-09-11,C,470.0,733,289,1.46875265625,0.01,0.0,0.01
TSLA,2026-09-10,2026-09-11,C,475.0,758,19,1.5000025,0.01,0.0,0.01
TSLA,2026-09-10,2026-09-11,C,480.0,1850,45,1.5625021874999998,0.01,0.0,0.01
TSLA,2026-09-10,2026-09-11,C,485.0,567,120,1.625001875,0.01,0.0,0.01
TSLA,2026-09-10,2026-09-11,C,490.0,539,2115,1.6875015625,0.01,0.0,0.01
TSLA,2026-09-10,2026-09-11,C,495.0,672,38,1.75000125,0.01,0.0,0.01
TSLA,2026-09-10,2026-09-11,C,500.0,2936,1,1.8125009374999999,0.01,0.0,0.01
TSLA,2026-09-10,2026-09-11,C,505.0,899,992,1.8437507812499998,0.01,0.0,0.01
TSLA,2026-09-10,2026-09-11,C,510.0,3299,2,1.875000625,0.01,0.0,0.01
TSLA,2026-09-10,2026-09-11,C,515.0,1218,2,1.9375003125,0.01,0.0,0.01
TSLA,2026-09-10,2026-09-11,C,520.0,3007,250,1.96875015625,0.01,0.0,0.01
TSLA,2026-09-10,2026-09-11,C,525.0,306,75,2.0625048437499998,0.01,0.0,0.01
TSLA,2026-09-10,2026-09-11,C,530.0,273,536,2.1250046874999997,0.01,0.0,0.01
TSLA,2026-09-10,2026-09-11,C,535.0,345,1113,2.1250046874999997,0.01,0.0,0.01
TSLA,2026-09-10,2026-09-11,C,540.0,1386,11,2.1875045312499997,0.01,0.0,0.01
TSLA,2026-09-10,2026-09-11,C,545.0,2156,209,2.2500043749999996,0.01,0.0,0.01
TSLA,2026-09-10,2026-09-11,C,550.0,741,7,2.3125042187499996,0.01,0.0,0.01
TSLA,2026-09-10,2026-09-11,C,555.0,179,10,2.3125042187499996,0.02,0.0,0.01
TSLA,2026-09-10,2026-09-11,C,560.0,1477,20,2.3750040624999995,0.01,0.0,0.01
TSLA,2026-09-10,2026-09-11,C,565.0,508,11,2.43750390625,0.01,0.0,0.01
TSLA,2026-09-10,2026-09-11,C,570.0,258,61,2.50000375,0.01,0.0,0.01
TSLA,2026-09-10,2026-09-11,C,575.0,629,11,2.50000375,0.01,0.0,0.01
TSLA,2026-09-10,2026-09-11,C,580.0,596,1,2.56250359375,0.01,0.0,0.01
TSLA,2026-09-10,2026-09-11,C,585.0,70,101,2.6250034375,0.01,0.0,0.01
TSLA,2026-09-10,2026-09-11,C,590.0,395,1,2.6250034375,0.03,0.0,0.01
TSLA,2026-09-10,2026-09-11,C,595.0,148,1,2.68750328125,0.03,0.0,0.01
TSLA,2026-09-10,2026-09-11,C,600.0,69,2,2.750003125,0.02,0.0,0.01
TSLA,2026-09-10,2026-09-11,C,605.0,86,1,2.750003125,0.01,0.0,0.01
TSLA,2026-09-10,2026-09-11,C,610.0,1550,1,2.81250296875,0.02,0.0,0.01
TSLA,2026-09-10,2026-09-11,C,615.0,4672,40,2.8750028125,0.01,0.0,0.01
TSLA,2026-09-10,2026-09-11,P,50.0,34,1,11.000003125000001,0.01,0.0,0.01
TSLA,2026-09-10,2026-09-11,P,70.0,22,14,9.000004375,0.01,0.0,0.01
TSLA,2026-09-10,2026-09-11,P,100.0,5,1,7.2500009375,0.06,0.0,0.01
TSLA,2026-09-10,2026-09-11,P,130.0,23790,8,5.7500028125,0.01,0.0,0.01
TSLA,2026-09-10,2026-09-11,P,140.0,6104,885,5.375003281249999,0.01,0.0,0.01
TSLA,2026-09-10,2026-09-11,P,150.0,5494,10,5.000003749999999,0.01,0.0,0.01
TSLA,2026-09-10,2026-09-11,P,160.0,2569,634,4.62500421875,0.01,0.0,0.01
TSLA,2026-09-10,2026-09-11,P,170.0,154,2,4.375004531249999,0.01,0.0,0.01
TSLA,2026-09-10,2026-09-11,P,180.0,14368,22,4.000005,0.01,0.0,0.01
TSLA,2026-09-10,2026-09-11,P,190.0,4433,4482,3.750000625,0.01,0.0,0.01
TSLA,2026-09-10,2026-09-11,P,200.0,1471,4,3.43750140625,0.01,0.0,0.01
TSLA,2026-09-10,2026-09-11,P,210.0,604,20,3.56250109375,0.01,0.0,0.04
TSLA,2026-09-10,2026-09-11,P,220.0,15803,443,2.93750265625,0.01,0.0,0.01
TSLA,2026-09-10,2026-09-11,P,230.0,4317,2,2.68750328125,0.01,0.0,0.01
TSLA,2026-09-10,2026-09-11,P,235.0,1083,1165,2.8750028125,0.01,0.0,0.04
TSLA,2026-09-10,2026-09-11,P,240.0,5926,925,2.43750390625,0.01,0.0,0.01
TSLA,2026-09-10,2026-09-11,P,245.0,1758,696,2.3750040624999995,0.01,0.0,0.01
TSLA,2026-09-10,2026-09-11,P,250.0,1725,3103,2.2500043749999996,0.02,0.0,0.01
TSLA,2026-09-10,2026-09-11,P,255.0,1251,4817,2.1250046874999997,0.01,0.0,0.01
TSLA,2026-09-10,2026-09-11,P,260.0,4275,49,2.000005,0.01,0.0,0.01
TSLA,2026-09-10,2026-09-11,P,265.0,1742,1867,1.9375003125,0.01,0.0,0.01
TSLA,2026-09-10,2026-09-11,P,270.0,1169,97,1.8125009374999999,0.01,0.0,0.01
TSLA,2026-09-10,2026-09-11,P,275.0,1466,187,1.6875015625,0.01,0.0,0.01
TSLA,2026-09-10,2026-09-11,P,280.0,4733,114,1.625001875,0.01,0.0,0.01
TSLA,2026-09-10,2026-09-11,P,285.0,4013,223,1.5937520312499998,0.01,0.0,0.02
TSLA,2026-09-10,2026-09-11,P,290.0,2434,51,1.40625296875,0.01,0.0,0.01
TSLA,2026-09-10,2026-09-11,P,295.0,2098,15,1.40625296875,0.01,0.0,0.02
TSLA,2026-09-10,2026-09-11,P,297.5,514,2,1.2500037499999999,0.01,0.0,0.01
TSLA,2026-09-10,2026-09-11,P,300.0,2267,457,1.21875390625,0.01,0.0,0.01
TSLA,2026-09-10,2026-09-11,P,302.5,167,52,1.2500037499999999,0.02,0.0,0.02
TSLA,2026-09-10,2026-09-11,P,305.0,1157,251,1.125004375,0.01,0.0,0.01
TSLA,2026-09-10,2026-09-11,P,307.5,798,152,1.1875040625,0.02,0.01,0.02
TSLA,2026-09-10,2026-09-11,P,310.0,4512,305,1.140629296875,0.02,0.01,0.02
TSLA,2026-09-10,2026-09-11,P,312.5,1113,32,1.125004375,0.01,0.01,0.03
TSLA,2026-09-10,2026-09-11,P,315.0,1180,263,1.0468797656250002,0.02,0.01,0.02
TSLA,2026-09-10,2026-09-11,P,317.5,667,154,1.0234423828125,0.01,0.01,0.03
TSLA,2026-09-10,2026-09-11,P,320.0,3021,847,0.937500625,0.01,0.01,0.02
TSLA,2026-09-10,2026-09-11,P,322.5,672,386,0.92187578125,0.02,0.01,0.03
TSLA,2026-09-10,2026-09-11,P,325.0,2410,512,0.8437515624999999,0.01,0.01,0.02
TSLA,2026-09-10,2026-09-11,P,327.5,936,274,0.79687703125,0.02,0.01,0.02
TSLA,2026-09-10,2026-09-11,P,330.0,4367,291,0.789064609375,0.02,0.02,0.03
TSLA,2026-09-10,2026-09-11,P,332.5,3278,73,0.7421900781249999,0.02,0.02,0.03
TSLA,2026-09-10,2026-09-11,P,335.0,5462,124,0.6875031250000001,0.02,0.02,0.03
TSLA,2026-09-10,2026-09-11,P,337.5,3574,231,0.64062859375,0.02,0.02,0.03
TSLA,2026-09-10,2026-09-11,P,340.0,4898,650,0.585941640625,0.03,0.02,0.03
TSLA,2026-09-10,2026-09-11,P,342.5,1959,205,0.5468795312500001,0.02,0.02,0.04
TSLA,2026-09-10,2026-09-11,P,345.0,6316,659,0.507817421875,0.04,0.03,0.04
TSLA,2026-09-10,2026-09-11,P,347.5,3220,562,0.476567734375,0.05,0.04,0.05
TSLA,2026-09-10,2026-09-11,P,350.0,10436,4222,0.46094289062500005,0.07,0.08,0.09
TSLA,2026-09-10,2026-09-11,P,352.5,6575,2434,0.428716650390625,0.12,0.12,0.13
TSLA,2026-09-10,2026-09-11,P,355.0,7651,7810,0.41992767578125,0.25,0.24,0.25
TSLA,2026-09-10,2026-09-11,P,357.5,4442,6668,0.42090422851562503,0.47,0.49,0.5
TSLA,2026-09-10,2026-09-11,P,360.0,10980,16574,0.4128476684570312,0.89,0.85,0.87
TSLA,2026-09-10,2026-09-11,P,362.5,4164,7614,0.4282283740234375,1.6,1.59,1.6
TSLA,2026-09-10,2026-09-11,P,365.0,10053,9919,0.454107021484375,2.71,2.66,2.71
TSLA,2026-09-10,2026-09-11,P,367.5,2889,3679,0.4897511962890626,4.15,4.05,4.2
TSLA,2026-09-10,2026-09-11,P,370.0,5169,1494,0.5300339965820313,5.98,5.9,6.05
TSLA,2026-09-10,2026-09-11,P,372.5,1452,400,0.5759319750976561,7.95,7.9,8.05
TSLA,2026-09-10,2026-09-11,P,375.0,2815,342,0.6372106591796876,9.75,10.05,10.35
TSLA,2026-09-10,2026-09-11,P,377.5,505,58,0.3398503515625,10.8,10.75,11.0
TSLA,2026-09-10,2026-09-11,P,380.0,2380,39,0.8020039331054687,11.8,14.95,15.2
TSLA,2026-09-10,2026-09-11,P,382.5,706,18,0.48633326171875,19.01,15.8,16.05
TSLA,2026-09-10,2026-09-11,P,385.0,93,22,0.5449264257812501,20.8,17.95,18.55
TSLA,2026-09-10,2026-09-11,P,387.5,8,62,1.1137739624023437,23.96,22.65,23.1
TSLA,2026-09-10,2026-09-11,P,390.0,207,111,0.799806689453125,23.05,23.65,24.05
TSLA,2026-09-10,2026-09-11,P,392.5,15,143,1.0000000000000003e-05,28.87,24.75,25.15
TSLA,2026-09-10,2026-09-11,P,395.0,6,7,0.8798840136718749,29.9,27.6,28.75
TSLA,2026-09-10,2026-09-11,P,397.5,4,673,1.1533245458984376,31.92,30.95,32.7
TSLA,2026-09-10,2026-09-11,P,400.0,49,4756,1.0000000000000003e-05,36.45,32.6,32.95
TSLA,2026-09-10,2026-09-11,P,402.5,11,617,1.3745148461914063,38.87,36.55,37.7
TSLA,2026-09-10,2026-09-11,P,405.0,1,40,1.0000000000000003e-05,41.75,37.15,38.3
TSLA,2026-09-10,2026-09-11,P,407.5,0,25,1.2138711181640622,42.65,40.45,42.25
TSLA,2026-09-10,2026-09-11,P,410.0,0,1,1.0000000000000003e-05,46.7,42.9,43.15
TSLA,2026-09-10,2026-09-11,P,412.5,0,3,1.236331943359375,46.15,44.65,46.2
TSLA,2026-09-10,2026-09-11,P,415.0,0,34,1.76171994140625,48.05,49.15,50.55
TSLA,2026-09-10,2026-09-11,P,417.5,3,9,1.3544954150390622,52.32,50.5,51.95
TSLA,2026-09-10,2026-09-11,P,420.0,0,1,1.421877890625,55.25,52.65,53.75
TSLA,2026-09-10,2026-09-11,P,422.5,0,1,1.4716823291015624,64.43,55.4,56.25
TSLA,2026-09-10,2026-09-11,P,425.0,0,14,2.052250963134765,54.1,59.5,60.5
TSLA,2026-09-10,2026-09-11,P,430.0,0,2,2.1035203662109367,62.15,64.5,65.1
TSLA,2026-09-10,2026-09-11,P,435.0,0,55,1.0000000000000003e-05,55.25,67.7,68.25
TSLA,2026-09-10,2026-09-11,P,440.0,0,1,2.1572311694335937,71.95,73.45,75.3
TSLA,2026-09-10,2026-09-11,P,445.0,0,2,2.453617147216797,79.29,78.95,80.75
TSLA,2026-09-10,2026-09-11,P,450.0,0,1,2.0820360449218747,83.4,82.95,84.8
TSLA,2026-09-10,2026-09-11,P,455.0,0,6,2.7207063232421875,101.69,89.0,91.0
TSLA,2026-09-10,2026-09-11,P,465.0,0,0,2.2011763720703117,104.05,97.6,99.8
TSLA,2026-09-10,2026-09-11,P,490.0,0,35,2.6757845605468753,134.55,122.9,124.65
TSLA,2026-09-10,2026-09-11,P,560.0,0,5,3.2031269921874994,208.0,191.95,193.5
TSLA,2026-09-10,2026-09-14,C,280.0,1,1,1.5546897265624997,78.4,86.0,89.7
TSLA,2026-09-10,2026-09-14,C,295.0,6,1,1.1201215869140624,72.05,69.95,74.6
TSLA,2026-09-10,2026-09-14,C,300.0,12,40,0.7617211328125001,66.59,65.75,67.95
TSLA,2026-09-10,2026-09-14,C,305.0,10,60,1.1628459826660156,60.8,61.05,64.85
TSLA,2026-09-10,2026-09-14,C,310.0,55,1,1.0000000000000003e-05,54.0,54.6,56.25
TSLA,2026-09-10,2026-09-14,C,315.0,7,27,1.125004375,52.0,49.7,53.65
TSLA,2026-09-10,2026-09-14,C,320.0,63,2,0.73437765625,45.5,46.95,47.45
TSLA,2026-09-10,2026-09-14,C,325.0,31,11,1.0178271765136717,47.3,39.55,44.15
TSLA,2026-09-10,2026-09-14,C,330.0,20,21,0.5639692041015626,33.0,36.9,37.3
TSLA,2026-09-10,2026-09-14,C,335.0,26,6,0.6760286303710938,28.8,30.75,35.2
TSLA,2026-09-10,2026-09-14,C,340.0,75,4,1.0000000000000003e-05,26.7,25.2,25.5
TSLA,2026-09-10,2026-09-14,C,345.0,153,5,0.12500875,22.5,21.25,21.8
TSLA,2026-09-10,2026-09-14,C,350.0,652,60,1.0000000000000003e-05,17.0,15.65,16.05
TSLA,2026-09-10,2026-09-14,C,355.0,1130,855,1.0000000000000003e-05,13.3,11.3,11.5
TSLA,2026-09-10,2026-09-14,C,360.0,1323,1421,0.22595988891601562,7.73,7.65,7.85
TSLA,2026-09-10,2026-09-14,C,365.0,2174,4129,0.24085231811523436,4.6,4.6,4.65
TSLA,2026-09-10,2026-09-14,C,370.0,3187,4902,0.26258061645507813,2.65,2.63,2.64
TSLA,2026-09-10,2026-09-14,C,375.0,2811,2560,0.28040270385742183,1.37,1.35,1.42
TSLA,2026-09-10,2026-09-14,C,380.0,3129,2753,0.29077857666015616,0.7,0.67,0.69
TSLA,2026-09-10,2026-09-14,C,385.0,2304,1209,0.3129951513671875,0.37,0.36,0.38
TSLA,2026-09-10,2026-09-14,C,390.0,1454,811,0.34717449707031245,0.25,0.25,0.26
TSLA,2026-09-10,2026-09-14,C,395.0,879,133,0.37500625,0.17,0.16,0.17
TSLA,2026-09-10,2026-09-14,C,400.0,6963,639,0.398443515625,0.09,0.09,0.11
TSLA,2026-09-10,2026-09-14,C,405.0,1426,122,0.42676354492187507,0.08,0.06,0.08
TSLA,2026-09-10,2026-09-14,C,410.0,953,106,0.46289599609375004,0.07,0.05,0.07
TSLA,2026-09-10,2026-09-14,C,415.0,326,10,0.48633326171875,0.04,0.04,0.05
TSLA,2026-09-10,2026-09-14,C,420.0,581,14,0.50586431640625,0.04,0.03,0.04
TSLA,2026-09-10,2026-09-14,C,425.0,1025,26,0.5449264257812501,0.02,0.03,0.04
TSLA,2026-09-10,2026-09-14,P,280.0,149,19,0.945313046875,0.01,0.01,0.05
TSLA,2026-09-10,2026-09-14,P,285.0,13,4,0.8867198828124999,0.05,0.01,0.05
TSLA,2026-09-10,2026-09-14,P,290.0,63,2,0.8437515624999999,0.09,0.03,0.04
TSLA,2026-09-10,2026-09-14,P,295.0,120,103,0.773439765625,0.03,0.02,0.04
TSLA,2026-09-10,2026-09-14,P,300.0,4421,101,0.73437765625,0.04,0.03,0.04
TSLA,2026-09-10,2026-09-14,P,305.0,5133,1,0.6992217578125001,0.05,0.04,0.05
TSLA,2026-09-10,2026-09-14,P,310.0,451,26,0.64062859375,0.05,0.04,0.05
TSLA,2026-09-10,2026-09-14,P,315.0,151,71,0.6132851171875001,0.12,0.06,0.07
TSLA,2026-09-10,2026-09-14,P,320.0,531,15,0.56836369140625,0.07,0.07,0.08
TSLA,2026-09-10,2026-09-14,P,325.0,198,12,0.5273484765625001,0.09,0.09,0.1
TSLA,2026-09-10,2026-09-14,P,330.0,792,50,0.47852083984375,0.1,0.1,0.11
TSLA,2026-09-10,2026-09-14,P,335.0,366,115,0.43555251953125,0.12,0.13,0.14
TSLA,2026-09-10,2026-09-14,P,340.0,1544,304,0.39453730468750003,0.17,0.17,0.19
TSLA,2026-09-10,2026-09-14,P,345.0,1711,472,0.36914693359375,0.33,0.32,0.33
TSLA,2026-09-10,2026-09-14,P,350.0,2351,1339,0.3493717407226562,0.62,0.6,0.62
TSLA,2026-09-10,2026-09-14,P,355.0,2100,862,0.33521172607421873,1.2,1.15,1.2
TSLA,2026-09-10,2026-09-14,P,360.0,2310,5937,0.34180345703125,2.4,2.4,2.48
TSLA,2026-09-10,2026-09-14,P,365.0,1497,2005,0.3502262243652343,4.45,4.35,4.5
TSLA,2026-09-10,2026-09-14,P,370.0,1294,429,0.3676821044921875,7.39,7.3,7.4
TSLA,2026-09-10,2026-09-14,P,375.0,465,74,0.3360662097167969,9.85,10.05,10.3
TSLA,2026-09-10,2026-09-14,P,380.0,487,23,0.358404853515625,13.72,14.2,14.5
TSLA,2026-09-10,2026-09-14,P,385.0,138,22,0.5393112475585939,21.87,20.4,20.6
TSLA,2026-09-10,2026-09-14,P,390.0,56,25,0.3305731005859375,23.85,23.1,23.4
TSLA,2026-09-10,2026-09-14,P,395.0,23,3,0.6096230444335939,27.79,29.3,30.05
TSLA,2026-09-10,2026-09-14,P,400.0,2,1,0.39258419921875,35.25,32.95,33.3
TSLA,2026-09-10,2026-09-14,P,405.0,1,2,0.7114286669921875,37.85,37.3,41.55
TSLA,2026-09-10,2026-09-14,P,410.0,1,3,0.6152382226562501,43.25,43.35,43.9
TSLA,2026-09-10,2026-09-14,P,415.0,0,4,0.702151416015625,59.5,46.25,51.25
TSLA,2026-09-10,2026-09-14,P,425.0,0,36,0.770510107421875,61.1,56.0,61.25
TSLA,2026-09-10,2026-09-16,C,295.0,1,3,1.2177773486328123,58.0,67.85,73.7
TSLA,2026-09-10,2026-09-16,C,305.0,7,3,1.009770576171875,66.27,58.85,63.3
TSLA,2026-09-10,2026-09-16,C,310.0,6,1,0.9768068725585939,51.55,53.25,58.55
TSLA,2026-09-10,2026-09-16,C,315.0,24,4,0.905274384765625,48.6,48.75,53.55
TSLA,2026-09-10,2026-09-16,C,320.0,37,18,0.8947764428710936,47.03,43.8,49.05
TSLA,2026-09-10,2026-09-16,C,325.0,24,22,0.6079140771484376,40.95,40.45,44.55
TSLA,2026-09-10,2026-09-16,C,330.0,7,175,0.6850617431640625,36.2,34.5,38.5
TSLA,2026-09-10,2026-09-16,C,335.0,47,229,0.5551802294921876,30.2,32.25,33.75
TSLA,2026-09-10,2026-09-16,C,340.0,33,8,0.46924358886718753,27.0,25.95,27.85
TSLA,2026-09-10,2026-09-16,C,345.0,256,7,0.33814138427734375,22.29,21.0,22.35
TSLA,2026-09-10,2026-09-16,C,350.0,220,4,0.38757936645507807,19.8,18.1,18.45
TSLA,2026-09-10,2026-09-16,C,355.0,565,5,0.3909973010253906,12.55,14.3,14.6
TSLA,2026-09-10,2026-09-16,C,360.0,758,111,0.3841614318847656,11.45,10.75,11.05
TSLA,2026-09-10,2026-09-16,C,365.0,602,1103,0.33447931152343746,6.93,6.95,7.2
TSLA,2026-09-10,2026-09-16,C,370.0,1836,962,0.35986968261718744,5.3,5.15,5.3
TSLA,2026-09-10,2026-09-16,C,375.0,1062,245,0.3836121209716796,3.8,3.75,3.9
TSLA,2026-09-10,2026-09-16,C,380.0,870,591,0.35938140625,2.13,2.11,2.19
TSLA,2026-09-10,2026-09-16,C,385.0,1103,200,0.372076591796875,1.4,1.4,1.45
TSLA,2026-09-10,2026-09-16,C,390.0,929,331,0.3806214282226562,0.92,0.87,0.92
TSLA,2026-09-10,2026-09-16,C,395.0,574,39,0.39722282470703124,0.73,0.6,0.63
TSLA,2026-09-10,2026-09-16,C,400.0,2269,705,0.4184628466796875,0.49,0.43,0.46
TSLA,2026-09-10,2026-09-16,C,405.0,832,54,0.4233456103515625,0.34,0.26,0.28
TSLA,2026-09-10,2026-09-16,C,410.0,450,15,0.44727115234375,0.25,0.2,0.22
TSLA,2026-09-10,2026-09-16,C,415.0,549,8,0.463872548828125,0.19,0.13,0.16
TSLA,2026-09-10,2026-09-16,C,420.0,585,105,0.481450498046875,0.15,0.1,0.12
TSLA,2026-09-10,2026-09-16,C,425.0,130,5,0.5107470800781251,0.1,0.1,0.12
TSLA,2026-09-10,2026-09-16,C,430.0,224,22,0.5273484765625001,0.11,0.07,0.1
TSLA,2026-09-10,2026-09-16,C,435.0,427,16,0.5429733203125001,0.07,0.06,0.07
TSLA,2026-09-10,2026-09-16,P,290.0,229,3,0.7773459765625,0.09,0.08,0.12
TSLA,2026-09-10,2026-09-16,P,295.0,84,3,0.726565234375,0.13,0.09,0.11
TSLA,2026-09-10,2026-09-16,P,300.0,109,44,0.6972686523437501,0.16,0.11,0.14
TSLA,2026-09-10,2026-09-16,P,305.0,10,3,0.6523472265625001,0.15,0.12,0.15
TSLA,2026-09-10,2026-09-16,P,310.0,485,10,0.6113320117187502,0.16,0.14,0.16
TSLA,2026-09-10,2026-09-16,P,315.0,239,1,0.57617611328125,0.24,0.17,0.19
TSLA,2026-09-10,2026-09-16,P,320.0,271,10,0.5371140039062501,0.23,0.2,0.22
TSLA,2026-09-10,2026-09-16,P,325.0,412,4,0.5024463818359376,0.24,0.23,0.26
TSLA,2026-09-10,2026-09-16,P,330.0,271,27,0.46045461425781253,0.3,0.29,0.3
TSLA,2026-09-10,2026-09-16,P,335.0,427,42,0.43140217041015627,0.39,0.39,0.41
TSLA,2026-09-10,2026-09-16,P,340.0,1336,84,0.42676354492187507,0.59,0.69,0.73
TSLA,2026-09-10,2026-09-16,P,345.0,663,92,0.3833069482421875,0.82,0.86,0.89
TSLA,2026-09-10,2026-09-16,P,350.0,906,93,0.4018614501953125,1.74,1.76,1.82
TSLA,2026-09-10,2026-09-16,P,355.0,1243,99,0.385626260986328,2.3,2.64,2.72
TSLA,2026-09-10,2026-09-16,P,360.0,1223,382,0.3986876538085938,4.45,4.5,4.5
TSLA,2026-09-10,2026-09-16,P,365.0,1013,144,0.41235939208984373,6.5,6.65,6.85
TSLA,2026-09-10,2026-09-16,P,370.0,491,39,0.42456630126953127,8.41,9.4,9.7
TSLA,2026-09-10,2026-09-16,P,375.0,293,1,0.3660952062988281,14.22,11.55,11.8
TSLA,2026-09-10,2026-09-16,P,380.0,125,1,0.44006907592773437,14.95,16.35,16.6
TSLA,2026-09-10,2026-09-16,P,385.0,23,2,0.3764710791015625,19.6,19.35,19.7
TSLA,2026-09-10,2026-09-16,P,390.0,18,2,0.5128222546386718,23.6,24.45,26.65
TSLA,2026-09-10,2026-09-16,P,395.0,17,2,0.5473678076171876,29.0,27.7,30.2
TSLA,2026-09-10,2026-09-16,P,400.0,60,5,0.4870656762695313,34.41,32.1,34.1
TSLA,2026-09-10,2026-09-16,P,410.0,5,8,0.7949239257812499,43.99,40.05,45.95
TSLA,2026-09-10,2026-09-16,P,415.0,4,28,0.8375260388183592,51.25,45.9,50.8
TSLA,2026-09-10,2026-09-16,P,420.0,0,1,0.5815471533203125,54.17,51.05,56.15
TSLA,2026-09-10,2026-09-16,P,425.0,1,12,0.8339860351562498,60.7,56.25,63.4
TSLA,2026-09-10,2026-09-18,C,5.0,2380,1,1.0000000000000003e-05,365.0,359.6,361.45
TSLA,2026-09-10,2026-09-18,C,10.0,34,2,10.32031604980469,344.72,353.7,360.35
TSLA,2026-09-10,2026-09-18,C,15.0,5,5,11.917971301269532,339.48,349.2,353.15
TSLA,2026-09-10,2026-09-18,C,20.0,1,2,1.0000000000000003e-05,290.25,327.4,330.8
TSLA,2026-09-10,2026-09-18,C,25.0,101,1,10.781253261718753,314.9,336.95,344.1
TSLA,2026-09-10,2026-09-18,C,30.0,1,44,1.0000000000000003e-05,353.15,331.95,335.35
TSLA,2026-09-10,2026-09-18,C,35.0,37,0,0.0,444.1,386.55,394.55
TSLA,2026-09-10,2026-09-18,C,40.0,9,1,5.187503515625,313.13,323.6,330.1
TSLA,2026-09-10,2026-09-18,C,45.0,0,2,1.0000000000000003e-05,222.55,295.65,301.65
TSLA,2026-09-10,2026-09-18,C,50.0,21,1,7.618164539794922,329.46,311.9,318.9
TSLA,2026-09-10,2026-09-18,C,60.0,32,5,6.8359389550781255,286.83,301.9,308.8
TSLA,2026-09-10,2026-09-18,C,70.0,62,1,6.445314443359376,289.0,293.9,299.15
TSLA,2026-09-10,2026-09-18,C,80.0,20,1,1.0000000000000003e-05,328.6,267.6,271.0
TSLA,2026-09-10,2026-09-18,C,90.0,30,2,1.0000000000000003e-05,306.78,258.25,261.05
TSLA,2026-09-10,2026-09-18,C,100.0,230,1,4.5712933483886715,283.15,265.4,268.1
TSLA,2026-09-10,2026-09-18,C,110.0,104,3,3.7480475048828126,243.61,254.95,259.8
TSLA,2026-09-10,2026-09-18,C,115.0,137,20,4.588871451416017,260.84,249.25,254.2
TSLA,2026-09-10,2026-09-18,C,120.0,191,90,4.431645085449218,244.2,243.65,249.2
TSLA,2026-09-10,2026-09-18,C,125.0,221,6,4.152836840209962,230.66,237.4,243.85
TSLA,2026-09-10,2026-09-18,C,130.0,373,100,3.540040212402343,215.65,234.7,237.8
TSLA,2026-09-10,2026-09-18,C,135.0,152,5,3.8789065527343753,206.55,227.65,233.85
TSLA,2026-09-10,2026-09-18,C,140.0,109,1,3.8662112719726567,228.97,222.7,229.2
TSLA,2026-09-10,2026-09-18,C,145.0,256,30,2.0781298046874994,223.15,219.45,224.2
TSLA,2026-09-10,2026-09-18,C,150.0,94,1,2.902346494140625,223.49,215.35,219.6
TSLA,2026-09-10,2026-09-18,C,155.0,120,8,3.5102551306152345,172.85,209.25,214.25
TSLA,2026-09-10,2026-09-18,C,160.0,138,6,2.128910927734375,180.86,204.55,209.25
TSLA,2026-09-10,2026-09-18,C,165.0,186,1,3.2827166369628906,200.0,199.15,204.25
TSLA,2026-09-10,2026-09-18,C,170.0,69,5,2.3632853417968747,183.05,195.45,199.0
TSLA,2026-09-10,2026-09-18,C,175.0,530,3,1.0000000000000003e-05,178.0,189.2,191.55
TSLA,2026-09-10,2026-09-18,C,180.0,244,10,2.183598291015625,183.79,184.2,187.2
TSLA,2026-09-10,2026-09-18,C,185.0,81,1,2.1748092504882814,183.5,180.15,184.45
TSLA,2026-09-10,2026-09-18,C,190.0,182,1,2.2763714965820308,168.6,175.4,179.9
TSLA,2026-09-10,2026-09-18,C,195.0,115,1,2.2568402954101563,182.69,170.45,175.15
TSLA,2026-09-10,2026-09-18,C,200.0,544,168,1.0000000000000003e-05,166.02,164.2,166.25
TSLA,2026-09-10,2026-09-18,C,210.0,177,6,1.765626171875,157.6,155.9,158.55
TSLA,2026-09-10,2026-09-18,C,215.0,10,1,2.2424360345458982,126.17,148.45,153.9
TSLA,2026-09-10,2026-09-18,C,220.0,654,5,1.8388679931640621,149.09,146.65,148.75
TSLA,2026-09-10,2026-09-18,C,225.0,2,2,1.705079599609375,120.5,140.2,144.85
TSLA,2026-09-10,2026-09-18,C,230.0,212,6,1.0000000000000003e-05,135.25,133.9,136.3
TSLA,2026-09-10,2026-09-18,C,235.0,29,1,1.6386736816406249,97.5,130.3,135.15
TSLA,2026-09-10,2026-09-18,C,240.0,508,1,1.5791036669921872,118.93,126.7,128.8
TSLA,2026-09-10,2026-09-18,C,245.0,22,2,1.5673849755859375,133.18,120.55,125.35
TSLA,2026-09-10,2026-09-18,C,250.0,622,6,1.0000000000000003e-05,116.94,115.75,116.7
TSLA,2026-09-10,2026-09-18,C,255.0,81,1,1.3906280468749999,106.61,110.35,115.2
TSLA,2026-09-10,2026-09-18,C,260.0,469,1,1.0000000000000003e-05,106.79,103.4,106.3
TSLA,2026-09-10,2026-09-18,C,265.0,34,13,1.1982461962890625,101.66,100.65,104.4
TSLA,2026-09-10,2026-09-18,C,270.0,586,10,1.25390998046875,102.2,94.95,98.0
TSLA,2026-09-10,2026-09-18,C,275.0,113,1,1.1704143041992188,93.01,91.1,94.7
TSLA,2026-09-10,2026-09-18,C,280.0,572,2,1.0000000000000003e-05,84.87,84.1,86.7
TSLA,2026-09-10,2026-09-18,C,285.0,136,3,1.059086735839844,79.01,80.85,85.05
TSLA,2026-09-10,2026-09-18,C,290.0,888,32,0.866212275390625,74.82,74.25,77.35
TSLA,2026-09-10,2026-09-18,C,295.0,111,2,0.84961087890625,73.3,71.45,73.55
TSLA,2026-09-10,2026-09-18,C,300.0,2420,12,0.7329128271484374,69.0,64.25,67.25
TSLA,2026-09-10,2026-09-18,C,305.0,1145,182,0.82226740234375,59.48,61.95,63.95
TSLA,2026-09-10,2026-09-18,C,310.0,3056,1,1.0000000000000003e-05,57.96,54.25,56.45
TSLA,2026-09-10,2026-09-18,C,315.0,2350,14,0.6425816992187501,52.5,51.9,53.2
TSLA,2026-09-10,2026-09-18,C,320.0,3199,2,1.0000000000000003e-05,48.12,45.5,46.5
TSLA,2026-09-10,2026-09-18,C,322.5,54,112,0.5922892333984376,44.58,43.05,47.45
TSLA,2026-09-10,2026-09-18,C,325.0,5088,143,0.5461471166992189,43.34,42.4,42.85
TSLA,2026-09-10,2026-09-18,C,327.5,37,4,0.5429733203125001,40.02,39.5,41.1
TSLA,2026-09-10,2026-09-18,C,330.0,5044,129,1.0000000000000003e-05,36.31,35.8,36.2
TSLA,2026-09-10,2026-09-18,C,332.5,118,8,0.5043994873046875,32.38,34.65,36.25
TSLA,2026-09-10,2026-09-18,C,335.0,2902,61,0.48071808349609374,30.0,32.6,33.0
TSLA,2026-09-10,2026-09-18,C,337.5,216,2,0.5131884619140624,31.0,29.95,31.15
TSLA,2026-09-10,2026-09-18,C,340.0,4515,53,0.4639946179199219,28.8,28.1,28.45
TSLA,2026-09-10,2026-09-18,C,342.5,167,11,0.3122627368164062,26.7,24.35,24.8
TSLA,2026-09-10,2026-09-18,C,345.0,3376,10,0.42810630493164065,24.95,23.5,23.8
TSLA,2026-09-10,2026-09-18,C,347.5,534,12,0.4054014538574219,22.97,21.05,21.45
TSLA,2026-09-10,2026-09-18,C,350.0,5610,47,0.3501041552734374,19.75,18.3,18.65
TSLA,2026-09-10,2026-09-18,C,352.5,1037,12,0.3391179370117187,18.82,16.2,16.5
TSLA,2026-09-10,2026-09-18,C,355.0,3485,16,0.35584140258789054,15.85,14.55,14.9
TSLA,2026-09-10,2026-09-18,C,357.5,1591,75,0.34278000976562495,13.65,12.65,12.9
TSLA,2026-09-10,2026-09-18,C,360.0,7387,1356,0.3402165588378906,11.17,11.0,11.2
TSLA,2026-09-10,2026-09-18,C,362.5,1892,466,0.3532779516601562,9.78,9.75,9.95
TSLA,2026-09-10,2026-09-18,C,365.0,3984,1481,0.35938140625,8.55,8.55,8.7
TSLA,2026-09-10,2026-09-18,C,367.5,2059,937,0.35950347534179683,7.42,7.25,7.45
TSLA,2026-09-10,2026-09-18,C,370.0,13153,2098,0.3723207299804688,6.55,6.45,6.6
TSLA,2026-09-10,2026-09-18,C,372.5,4198,375,0.3821472918701171,6.28,5.65,5.8
TSLA,2026-09-10,2026-09-18,C,375.0,10587,1177,0.367193828125,4.59,4.5,4.6
TSLA,2026-09-10,2026-09-18,C,377.5,2551,134,0.40479110839843746,4.7,4.45,4.55
TSLA,2026-09-10,2026-09-18,C,380.0,10736,998,0.3809876354980468,3.3,3.35,3.4
TSLA,2026-09-10,2026-09-18,C,382.5,3669,277,0.3807434973144531,2.83,2.76,2.8
TSLA,2026-09-10,2026-09-18,C,385.0,6690,235,0.3852600537109374,2.4,2.3,2.36
TSLA,2026-09-10,2026-09-18,C,390.0,12348,749,0.3967345483398438,1.65,1.66,1.7
TSLA,2026-09-10,2026-09-18,C,395.0,4775,285,0.40698835205078127,1.16,1.16,1.21
TSLA,2026-09-10,2026-09-18,C,400.0,27713,1622,0.41089456298828125,0.81,0.8,0.81
TSLA,2026-09-10,2026-09-18,C,405.0,10475,47,0.4370173486328125,0.74,0.66,0.68
TSLA,2026-09-10,2026-09-18,C,410.0,6761,223,0.445318046875,0.51,0.46,0.48
TSLA,2026-09-10,2026-09-18,C,415.0,3429,84,0.46045461425781253,0.41,0.35,0.37
TSLA,2026-09-10,2026-09-18,C,420.0,16515,220,0.47070841796875,0.28,0.25,0.27
TSLA,2026-09-10,2026-09-18,C,425.0,9011,127,0.49219257812500006,0.24,0.21,0.23
TSLA,2026-09-10,2026-09-18,C,430.0,5649,8,0.5117236328125,0.2,0.19,0.2
TSLA,2026-09-10,2026-09-18,C,435.0,3725,12,0.5302781347656251,0.17,0.16,0.17
TSLA,2026-09-10,2026-09-18,C,440.0,8560,416,0.5419967675781252,0.14,0.12,0.14
TSLA,2026-09-10,2026-09-18,C,445.0,1072,19,0.5644574804687501,0.13,0.11,0.13
TSLA,2026-09-10,2026-09-18,C,450.0,23541,797,0.5898478515625001,0.11,0.11,0.12
TSLA,2026-09-10,2026-09-18,C,455.0,2213,14,0.6064492480468751,0.1,0.09,0.11
TSLA,2026-09-10,2026-09-18,C,460.0,5233,24,0.6250037500000001,0.08,0.08,0.1
TSLA,2026-09-10,2026-09-18,C,465.0,1807,50,0.64648791015625,0.09,0.07,0.1
TSLA,2026-09-10,2026-09-18,C,470.0,5543,9,0.6679720703125002,0.07,0.07,0.09
TSLA,2026-09-10,2026-09-18,C,475.0,4579,4,0.6875031250000001,0.08,0.07,0.08
TSLA,2026-09-10,2026-09-18,C,480.0,5542,227,0.710940390625,0.1,0.05,0.1
TSLA,2026-09-10,2026-09-18,C,485.0,4695,2047,0.7460962890625,0.08,0.04,0.13
TSLA,2026-09-10,2026-09-18,C,490.0,8459,1,0.7421900781249999,0.05,0.05,0.07
TSLA,2026-09-10,2026-09-18,C,495.0,4238,16,0.7578149218750001,0.06,0.05,0.06
TSLA,2026-09-10,2026-09-18,C,500.0,18775,3,0.77929908203125,0.05,0.04,0.07
TSLA,2026-09-10,2026-09-18,C,505.0,2731,4,0.7773459765625,0.04,0.02,0.06
TSLA,2026-09-10,2026-09-18,C,510.0,1877,1,0.8300798242187499,0.05,0.03,0.09
TSLA,2026-09-10,2026-09-18,C,515.0,1344,2,0.8437515624999999,0.06,0.02,0.09
TSLA,2026-09-10,2026-09-18,C,520.0,3820,1,0.87500125,0.05,0.02,0.1
TSLA,2026-09-10,2026-09-18,C,525.0,1519,246,0.8945323046874999,0.03,0.02,0.1
TSLA,2026-09-10,2026-09-18,C,530.0,1380,173,0.914063359375,0.05,0.02,0.1
TSLA,2026-09-10,2026-09-18,C,535.0,825,1,0.92773509765625,0.08,0.01,0.1
TSLA,2026-09-10,2026-09-18,C,540.0,3753,82,0.9648441015625,0.03,0.03,0.1
TSLA,2026-09-10,2026-09-18,C,545.0,738,3,0.9687503125,0.11,0.01,0.1
TSLA,2026-09-10,2026-09-18,C,550.0,8868,1,0.9335944140625,0.02,0.02,0.04
TSLA,2026-09-10,2026-09-18,C,555.0,649,26,0.9531254687499999,0.03,0.01,0.05
TSLA,2026-09-10,2026-09-18,C,560.0,1122,2,0.9687503125,0.02,0.01,0.05
TSLA,2026-09-10,2026-09-18,C,565.0,36,1,0.9882813671875,0.03,0.01,0.05
TSLA,2026-09-10,2026-09-18,C,570.0,1770,15,1.01953615234375,0.02,0.02,0.05
TSLA,2026-09-10,2026-09-18,C,575.0,101,13,1.0234423828125,0.03,0.01,0.05
TSLA,2026-09-10,2026-09-18,C,580.0,2023,113,1.0234423828125,0.03,0.01,0.04
TSLA,2026-09-10,2026-09-18,C,585.0,235,10,1.05859845703125,0.05,0.01,0.05
TSLA,2026-09-10,2026-09-18,C,590.0,1486,525,1.0781296093750001,0.03,0.01,0.05
TSLA,2026-09-10,2026-09-18,C,595.0,1399,26,1.0781296093750001,0.02,0.01,0.04
TSLA,2026-09-10,2026-09-18,C,600.0,11662,2,1.09375453125,0.01,0.01,0.04
TSLA,2026-09-10,2026-09-18,C,605.0,279,2,1.125004375,0.02,0.01,0.05
TSLA,2026-09-10,2026-09-18,C,610.0,3211,7,1.140629296875,0.02,0.01,0.05
TSLA,2026-09-10,2026-09-18,C,615.0,2189,14,1.140629296875,0.09,0.0,0.05
TSLA,2026-09-10,2026-09-18,C,620.0,2530,1,1.15625421875,0.01,0.0,0.05
TSLA,2026-09-10,2026-09-18,C,625.0,118,2,1.171879140625,0.02,0.0,0.05
TSLA,2026-09-10,2026-09-18,C,630.0,2790,18,1.2109414453124998,0.04,0.01,0.05
TSLA,2026-09-10,2026-09-18,C,635.0,66,30,1.203128984375,0.01,0.0,0.05
TSLA,2026-09-10,2026-09-18,C,640.0,950,6,1.21875390625,0.03,0.0,0.05
TSLA,2026-09-10,2026-09-18,C,650.0,4422,6,1.203128984375,0.01,0.0,0.03
TSLA,2026-09-10,2026-09-18,C,660.0,813,7,1.2578162109375,0.03,0.01,0.03
TSLA,2026-09-10,2026-09-18,C,670.0,780,15,1.2890660546875,0.01,0.01,0.03
TSLA,2026-09-10,2026-09-18,C,680.0,2113,14,1.3125034374999998,0.02,0.01,0.03
TSLA,2026-09-10,2026-09-18,C,690.0,957,47,1.3437532812499997,0.01,0.0,0.04
TSLA,2026-09-10,2026-09-18,C,700.0,8041,97,1.3437532812499997,0.01,0.0,0.03
TSLA,2026-09-10,2026-09-18,C,710.0,4209,54,1.421877890625,0.01,0.0,0.05
TSLA,2026-09-10,2026-09-18,C,720.0,632,19,1.453127734375,0.01,0.0,0.05
TSLA,2026-09-10,2026-09-18,C,730.0,948,86,1.4765651171875,0.02,0.0,0.05
TSLA,2026-09-10,2026-09-18,C,740.0,857,2,1.5000025,0.01,0.0,0.05
TSLA,2026-09-10,2026-09-18,C,750.0,6163,60,1.3750031249999999,0.01,0.0,0.01
TSLA,2026-09-10,2026-09-18,C,760.0,1136,49,1.5546897265624997,0.01,0.0,0.05
TSLA,2026-09-10,2026-09-18,C,770.0,456,1,1.5468772656249998,0.01,0.0,0.04
TSLA,2026-09-10,2026-09-18,C,780.0,410,6,1.5781271093749998,0.02,0.0,0.04
TSLA,2026-09-10,2026-09-18,C,790.0,589,17,1.4375028125,0.01,0.0,0.01
TSLA,2026-09-10,2026-09-18,C,800.0,9008,53,1.46875265625,0.02,0.0,0.01
TSLA,2026-09-10,2026-09-18,C,810.0,951,9,1.671876640625,0.01,0.0,0.05
TSLA,2026-09-10,2026-09-18,C,820.0,1169,10,1.671876640625,0.01,0.0,0.04
TSLA,2026-09-10,2026-09-18,C,830.0,499,6,1.65625171875,0.02,0.0,0.03
TSLA,2026-09-10,2026-09-18,C,840.0,1911,20,1.5625021874999998,0.02,0.0,0.01
TSLA,2026-09-10,2026-09-18,C,850.0,3702,2,1.5625021874999998,0.01,0.0,0.01
TSLA,2026-09-10,2026-09-18,C,860.0,2414,6,1.671876640625,0.02,0.0,0.02
TSLA,2026-09-10,2026-09-18,C,870.0,277,42,1.6875015625,0.01,0.0,0.02
TSLA,2026-09-10,2026-09-18,C,880.0,933,20,1.625001875,0.01,0.0,0.01
TSLA,2026-09-10,2026-09-18,C,890.0,730,18,1.734376328125,0.01,0.0,0.02
TSLA,2026-09-10,2026-09-18,C,900.0,7401,9,1.6875015625,0.01,0.0,0.01
TSLA,2026-09-10,2026-09-18,C,910.0,1024,2,1.6875015625,0.02,0.0,0.01
TSLA,2026-09-10,2026-09-18,C,920.0,1618,99,1.6875015625,0.01,0.0,0.01
TSLA,2026-09-10,2026-09-18,C,930.0,1232,3,1.71875140625,0.01,0.0,0.01
TSLA,2026-09-10,2026-09-18,C,940.0,10433,4,1.75000125,0.01,0.0,0.01
TSLA,2026-09-10,2026-09-18,C,950.0,1360,5,1.75000125,0.01,0.0,0.01
TSLA,2026-09-10,2026-09-18,C,960.0,1392,89,1.78125109375,0.01,0.0,0.01
TSLA,2026-09-10,2026-09-18,C,970.0,2360,75,1.8125009374999999,0.01,0.0,0.01
TSLA,2026-09-10,2026-09-18,C,980.0,6806,33,1.8125009374999999,0.01,0.0,0.01
TSLA,2026-09-10,2026-09-18,C,990.0,43084,4,1.8125009374999999,0.01,0.0,0.01
TSLA,2026-09-10,2026-09-18,P,5.0,1224,10,8.75000453125,0.01,0.0,0.01
TSLA,2026-09-10,2026-09-18,P,10.0,911,1,7.2500009375,0.01,0.0,0.01
TSLA,2026-09-10,2026-09-18,P,15.0,811,100,6.2500021875,0.01,0.0,0.01
TSLA,2026-09-10,2026-09-18,P,20.0,2874,2,5.7500028125,0.01,0.0,0.01
TSLA,2026-09-10,2026-09-18,P,25.0,5082,1,5.250003437499999,0.01,0.0,0.01
TSLA,2026-09-10,2026-09-18,P,30.0,853,50,4.875003906249999,0.01,0.0,0.01
TSLA,2026-09-10,2026-09-18,P,35.0,1515,3,4.62500421875,0.01,0.0,0.01
TSLA,2026-09-10,2026-09-18,P,40.0,864,3,4.375004531249999,0.01,0.0,0.01
TSLA,2026-09-10,2026-09-18,P,45.0,417,17,4.12500484375,0.02,0.0,0.01
TSLA,2026-09-10,2026-09-18,P,50.0,1469,1,3.8750003125,0.01,0.0,0.01
TSLA,2026-09-10,2026-09-18,P,60.0,1209,1,3.50000125,0.01,0.0,0.01
TSLA,2026-09-10,2026-09-18,P,70.0,686,2,3.2500018749999997,0.01,0.0,0.01
TSLA,2026-09-10,2026-09-18,P,80.0,677,1,3.0000025,0.01,0.0,0.01
TSLA,2026-09-10,2026-09-18,P,90.0,3976,182,2.750003125,0.01,0.0,0.01
TSLA,2026-09-10,2026-09-18,P,100.0,5288,23,2.56250359375,0.01,0.0,0.01
TSLA,2026-09-10,2026-09-18,P,110.0,649,2,2.3750040624999995,0.01,0.0,0.01
TSLA,2026-09-10,2026-09-18,P,115.0,648,3,2.2500043749999996,0.01,0.0,0.01
TSLA,2026-09-10,2026-09-18,P,120.0,2677,301,2.1875045312499997,0.01,0.0,0.01
TSLA,2026-09-10,2026-09-18,P,125.0,210,5,2.1250046874999997,0.01,0.0,0.01
TSLA,2026-09-10,2026-09-18,P,130.0,7249,1870,2.0625048437499998,0.01,0.0,0.01
TSLA,2026-09-10,2026-09-18,P,135.0,4218,42,1.96875015625,0.01,0.0,0.01
TSLA,2026-09-10,2026-09-18,P,140.0,7624,45,2.0625048437499998,0.01,0.01,0.02
TSLA,2026-09-10,2026-09-18,P,145.0,2547,36,1.984375078125,0.01,0.01,0.02
TSLA,2026-09-10,2026-09-18,P,150.0,4240,83,1.9218753906250001,0.01,0.01,0.02
TSLA,2026-09-10,2026-09-18,P,155.0,313,12,1.96875015625,0.01,0.01,0.05
TSLA,2026-09-10,2026-09-18,P,160.0,450,21,1.890625546875,0.01,0.01,0.05
TSLA,2026-09-10,2026-09-18,P,165.0,599,25,1.8281258593749998,0.03,0.01,0.05
TSLA,2026-09-10,2026-09-18,P,170.0,7012,911,1.765626171875,0.02,0.01,0.05
TSLA,2026-09-10,2026-09-18,P,175.0,1868,4,1.703126484375,0.02,0.01,0.05
TSLA,2026-09-10,2026-09-18,P,180.0,5592,78,1.640626796875,0.02,0.01,0.05
TSLA,2026-09-10,2026-09-18,P,185.0,3985,1598,1.5781271093749998,0.02,0.01,0.05
TSLA,2026-09-10,2026-09-18,P,190.0,9635,3,1.5234398828124998,0.02,0.01,0.05
TSLA,2026-09-10,2026-09-18,P,195.0,668,27,1.46875265625,0.03,0.01,0.05
TSLA,2026-09-10,2026-09-18,P,200.0,28771,9,1.3906280468749999,0.03,0.0,0.05
TSLA,2026-09-10,2026-09-18,P,205.0,201,2,1.3750031249999999,0.04,0.02,0.05
TSLA,2026-09-10,2026-09-18,P,210.0,1809,3,1.2578162109375,0.02,0.01,0.03
TSLA,2026-09-10,2026-09-18,P,215.0,1550,1,1.2500037499999999,0.05,0.01,0.05
TSLA,2026-09-10,2026-09-18,P,220.0,3723,531,1.203128984375,0.04,0.02,0.04
TSLA,2026-09-10,2026-09-18,P,225.0,448,7,1.15625421875,0.05,0.01,0.05
TSLA,2026-09-10,2026-09-18,P,230.0,1533,14,1.16016044921875,0.04,0.01,0.09
TSLA,2026-09-10,2026-09-18,P,235.0,3502,26,1.0546922265625,0.04,0.01,0.05
TSLA,2026-09-10,2026-09-18,P,240.0,3178,3,1.08203583984375,0.05,0.03,0.09
TSLA,2026-09-10,2026-09-18,P,245.0,496,310,1.015629921875,0.05,0.03,0.07
TSLA,2026-09-10,2026-09-18,P,250.0,11363,2,1.0039112304687499,0.07,0.05,0.09
TSLA,2026-09-10,2026-09-18,P,255.0,651,1,0.9492192578124999,0.13,0.03,0.1
TSLA,2026-09-10,2026-09-18,P,260.0,7826,3,0.9238288867187501,0.1,0.06,0.1
TSLA,2026-09-10,2026-09-18,P,265.0,1493,4,0.8828136718749999,0.07,0.06,0.11
TSLA,2026-09-10,2026-09-18,P,270.0,5331,34,0.8476577734374999,0.08,0.08,0.11
TSLA,2026-09-10,2026-09-18,P,275.0,3143,2,0.8125018749999999,0.1,0.1,0.11
TSLA,2026-09-10,2026-09-18,P,280.0,10648,601,0.77929908203125,0.12,0.11,0.13
TSLA,2026-09-10,2026-09-18,P,285.0,2491,8,0.7480493945312501,0.14,0.13,0.15
TSLA,2026-09-10,2026-09-18,P,290.0,10479,3,0.70898728515625,0.15,0.14,0.16
TSLA,2026-09-10,2026-09-18,P,295.0,11418,30,0.6835969140625001,0.18,0.18,0.19
TSLA,2026-09-10,2026-09-18,P,300.0,21320,672,0.639652041015625,0.19,0.18,0.2
TSLA,2026-09-10,2026-09-18,P,305.0,2529,12,0.6064492480468751,0.22,0.21,0.23
TSLA,2026-09-10,2026-09-18,P,310.0,9211,24,0.5732464550781251,0.28,0.25,0.26
TSLA,2026-09-10,2026-09-18,P,315.0,3015,112,0.5346726220703125,0.28,0.27,0.29
TSLA,2026-09-10,2026-09-18,P,320.0,18353,116,0.5097705273437501,0.34,0.35,0.37
TSLA,2026-09-10,2026-09-18,P,322.5,2456,132,0.4946339599609375,0.43,0.37,0.4
TSLA,2026-09-10,2026-09-18,P,325.0,5069,145,0.47900911621093745,0.4,0.42,0.44
TSLA,2026-09-10,2026-09-18,P,327.5,969,129,0.47998566894531247,0.5,0.56,0.58
TSLA,2026-09-10,2026-09-18,P,330.0,10259,260,0.45752495605468757,0.57,0.58,0.6
TSLA,2026-09-10,2026-09-18,P,332.5,1072,114,0.4580132324218751,0.68,0.75,0.78
TSLA,2026-09-10,2026-09-18,P,335.0,4801,134,0.43335527587890627,0.8,0.78,0.8
TSLA,2026-09-10,2026-09-18,P,337.5,938,200,0.4274959594726563,0.98,0.96,0.98
TSLA,2026-09-10,2026-09-18,P,340.0,16950,492,0.4317683776855469,1.3,1.29,1.3
TSLA,2026-09-10,2026-09-18,P,342.5,1352,118,0.40796490478515623,1.17,1.34,1.37
TSLA,2026-09-10,2026-09-18,P,345.0,5266,278,0.40869731933593745,1.75,1.72,1.75
TSLA,2026-09-10,2026-09-18,P,347.5,1833,124,0.3895324719238281,1.89,1.88,1.93
TSLA,2026-09-10,2026-09-18,P,350.0,17397,741,0.39563592651367196,2.52,2.48,2.52
TSLA,2026-09-10,2026-09-18,P,352.5,1333,96,0.3802552209472656,2.76,2.81,2.86
TSLA,2026-09-10,2026-09-18,P,355.0,3564,222,0.4167538793945312,4.05,4.1,4.2
TSLA,2026-09-10,2026-09-18,P,357.5,1202,95,0.3795228063964844,4.2,4.2,4.3
TSLA,2026-09-10,2026-09-18,P,360.0,8674,1060,0.41913422668457034,5.8,5.85,6.0
TSLA,2026-09-10,2026-09-18,P,362.5,861,353,0.41498387756347654,7.1,6.85,6.95
TSLA,2026-09-10,2026-09-18,P,365.0,3823,428,0.4221859539794922,8.0,8.15,8.25
TSLA,2026-09-10,2026-09-18,P,367.5,569,237,0.4102842175292969,9.2,9.2,9.25
TSLA,2026-09-10,2026-09-18,P,370.0,4345,573,0.4327449304199219,10.87,10.95,11.1
TSLA,2026-09-10,2026-09-18,P,372.5,654,16,0.3797669445800781,10.6,11.2,11.45
TSLA,2026-09-10,2026-09-18,P,375.0,3646,36,0.4309749285888672,13.86,13.85,14.1
TSLA,2026-09-10,2026-09-18,P,377.5,351,13,0.44775942871093743,15.9,15.8,16.1
TSLA,2026-09-10,2026-09-18,P,380.0,8614,92,0.4611259942626954,17.66,17.85,18.1
TSLA,2026-09-10,2026-09-18,P,382.5,802,5,0.4071104211425781,18.45,18.3,18.95
TSLA,2026-09-10,2026-09-18,P,385.0,2948,2,0.47803256347656253,19.47,21.85,22.1
TSLA,2026-09-10,2026-09-18,P,390.0,5899,200,0.4335994140625,27.3,24.9,25.4
TSLA,2026-09-10,2026-09-18,P,395.0,2280,1,0.5041553491210937,32.11,28.7,30.6
TSLA,2026-09-10,2026-09-18,P,400.0,14554,1,0.36084623535156246,33.0,33.3,33.65
TSLA,2026-09-10,2026-09-18,P,405.0,2182,231,0.4660697924804688,39.95,37.55,39.1
TSLA,2026-09-10,2026-09-18,P,410.0,3283,97,0.6137733935546876,44.3,44.9,45.25
TSLA,2026-09-10,2026-09-18,P,415.0,1712,1,0.6860382958984376,49.7,50.0,50.7
TSLA,2026-09-10,2026-09-18,P,420.0,2513,5,0.2500075,54.1,51.7,53.2
TSLA,2026-09-10,2026-09-18,P,425.0,2773,1,0.5268602001953125,59.1,57.2,58.55
TSLA,2026-09-10,2026-09-18,P,430.0,169,12,0.6442906665039063,63.65,61.25,63.95
TSLA,2026-09-10,2026-09-18,P,435.0,278,3,0.877930908203125,64.57,66.1,70.5
TSLA,2026-09-10,2026-09-18,P,440.0,1250,1,0.6118202880859377,80.65,71.8,73.5
TSLA,2026-09-10,2026-09-18,P,445.0,64,1,0.8403336279296875,74.07,75.8,79.5
TSLA,2026-09-10,2026-09-18,P,450.0,158,4569,0.9951172363281251,85.85,80.95,85.45
TSLA,2026-09-10,2026-09-18,P,455.0,6,1,0.58789474609375,102.5,86.15,90.4
TSLA,2026-09-10,2026-09-18,P,460.0,130,1247,1.011479552001953,96.6,90.5,94.95
TSLA,2026-09-10,2026-09-18,P,465.0,0,1,0.9335944140625,103.11,98.2,100.2
TSLA,2026-09-10,2026-09-18,P,470.0,38,214,1.0253954980468751,106.3,100.3,104.55
TSLA,2026-09-10,2026-09-18,P,475.0,13,40,1.1247602355957032,110.8,105.7,110.0
TSLA,2026-09-10,2026-09-18,P,480.0,62,511,1.0837448156738283,115.9,110.8,114.5
TSLA,2026-09-10,2026-09-18,P,485.0,0,8,2.3588297865295402,174.5,134.65,136.85
TSLA,2026-09-10,2026-09-18,P,490.0,6,5,1.1962930810546877,135.88,120.95,124.8
TSLA,2026-09-10,2026-09-18,P,495.0,0,6,0.7500025,115.5,126.65,128.25
TSLA,2026-09-10,2026-09-18,P,500.0,342,2201,1.1628459826660156,136.25,133.0,135.5
TSLA,2026-09-10,2026-09-18,P,505.0,0,23,0.8554701953125,125.55,136.9,138.3
TSLA,2026-09-10,2026-09-18,P,510.0,4,4,1.3215365954589844,155.95,140.3,144.8
TSLA,2026-09-10,2026-09-18,P,515.0,0,38,2.6186557971191404,197.25,164.9,166.5
TSLA,2026-09-10,2026-09-18,P,520.0,18,51,1.3466829541015621,156.05,150.5,154.6
TSLA,2026-09-10,2026-09-18,P,525.0,0,237,2.6840853210449223,202.0,174.35,176.5
TSLA,2026-09-10,2026-09-18,P,530.0,1,2,2.723758073425293,219.67,179.35,181.5
TSLA,2026-09-10,2026-09-18,P,535.0,0,272,2.762820475769043,211.65,184.35,186.5
TSLA,2026-09-10,2026-09-18,P,540.0,0,66,2.801272528076172,222.25,189.35,191.5
TSLA,2026-09-10,2026-09-18,P,545.0,0,16,2.8392363003540035,226.31,194.35,196.5
TSLA,2026-09-10,2026-09-18,P,550.0,11,33,1.5854512915039058,185.7,180.5,185.0
TSLA,2026-09-10,2026-09-18,P,560.0,0,857,2.9494655169677735,240.3,209.35,211.5
TSLA,2026-09-10,2026-09-18,P,565.0,0,10,3.005129440307617,246.0,214.65,216.85
TSLA,2026-09-10,2026-09-18,P,570.0,0,136,3.0404076724243163,250.45,219.65,221.85
TSLA,2026-09-10,2026-09-18,P,575.0,0,3,3.075197624511718,252.08,224.65,226.85
TSLA,2026-09-10,2026-09-18,P,580.0,0,61,3.109499296569824,260.75,229.65,231.85
TSLA,2026-09-10,2026-09-18,P,590.0,0,4,2.840090790405273,282.52,233.65,237.65
TSLA,2026-09-10,2026-09-18,P,600.0,0,18,3.2423114645385738,225.65,249.65,251.85
TSLA,2026-09-10,2026-09-18,P,610.0,4,15,1.0000000000000003e-05,206.75,214.8,216.3
TSLA,2026-09-10,2026-09-18,P,620.0,0,20,1.0000000000000003e-05,216.6,224.8,226.3
TSLA,2026-09-10,2026-09-18,P,630.0,0,4,1.0000000000000003e-05,232.2,229.55,232.2
TSLA,2026-09-10,2026-09-18,P,640.0,0,1,3.488404599304199,240.3,289.65,291.85
TSLA,2026-09-10,2026-09-18,P,650.0,0,1,3.546387852783203,254.19,299.65,301.85
TSLA,2026-09-10,2026-09-18,P,660.0,0,55,3.6030283361816404,340.85,309.65,311.85
TSLA,2026-09-10,2026-09-18,P,670.0,0,15,1.0000000000000003e-05,243.55,0.0,0.0
TSLA,2026-09-10,2026-09-18,P,680.0,0,1,3.712647202758789,278.95,329.65,331.85
TSLA,2026-09-10,2026-09-18,P,690.0,0,1,3.7656255859375003,294.23,339.65,341.85
TSLA,2026-09-10,2026-09-18,P,700.0,0,6,3.817627409057617,294.49,349.65,351.85
TSLA,2026-09-10,2026-09-18,P,710.0,0,1,1.0000000000000003e-05,305.5,0.0,0.0
TSLA,2026-09-10,2026-09-18,P,720.0,0,1,1.8027353613281247,398.4,351.7,353.45
TSLA,2026-09-10,2026-09-18,P,730.0,0,25,1.0000000000000003e-05,335.12,0.0,0.0
TSLA,2026-09-10,2026-09-18,P,740.0,0,5,1.0000000000000003e-05,354.25,344.85,346.3
TSLA,2026-09-10,2026-09-18,P,750.0,0,20,1.0000000000000003e-05,348.46,354.9,356.2
TSLA,2026-09-10,2026-09-18,P,760.0,4,1,1.0000000000000003e-05,285.38,333.45,337.3
TSLA,2026-09-10,2026-09-18,P,770.0,0,1,1.0000000000000003e-05,348.25,366.15,368.85
TSLA,2026-09-10,2026-09-18,P,780.0,0,1,1.0000000000000003e-05,378.0,377.8,380.65
TSLA,2026-09-10,2026-09-18,P,790.0,0,17,1.0000000000000003e-05,385.73,397.6,400.15
TSLA,2026-09-10,2026-09-18,P,800.0,0,12,1.0000000000000003e-05,384.53,0.0,0.0
TSLA,2026-09-10,2026-09-18,P,810.0,26,1,1.0000000000000003e-05,346.6,384.5,387.25
TSLA,2026-09-10,2026-09-18,P,820.0,7,6,1.0000000000000003e-05,411.55,418.6,420.1
TSLA,2026-09-10,2026-09-18,P,830.0,9,6,1.0000000000000003e-05,422.45,430.15,431.95
TSLA,2026-09-10,2026-09-18,P,840.0,0,2,1.0000000000000003e-05,392.35,410.05,413.6
TSLA,2026-09-10,2026-09-18,P,850.0,9,1,1.0000000000000003e-05,412.25,432.0,434.15
TSLA,2026-09-10,2026-09-18,P,860.0,7,2,1.0000000000000003e-05,432.1,438.0,443.85
TSLA,2026-09-10,2026-09-18,P,870.0,0,2,1.0000000000000003e-05,412.9,441.75,447.15
TSLA,2026-09-10,2026-09-18,P,880.0,0,5,1.0000000000000003e-05,394.95,451.25,456.75
TSLA,2026-09-10,2026-09-18,P,890.0,2,0,1.0000000000000003e-05,472.3,485.4,487.9
TSLA,2026-09-10,2026-09-18,P,900.0,0,2,1.0000000000000003e-05,450.91,471.45,476.65
TSLA,2026-09-10,2026-09-18,P,910.0,4,2,1.0000000000000003e-05,485.95,490.55,492.3
TSLA,2026-09-10,2026-09-18,P,920.0,0,10,1.0000000000000003e-05,430.6,490.2,498.0
TSLA,2026-09-10,2026-09-18,P,930.0,0,2,1.0000000000000003e-05,500.85,495.25,501.65
TSLA,2026-09-10,2026-09-18,P,940.0,0,2,1.0000000000000003e-05,505.83,536.2,539.0
TSLA,2026-09-10,2026-09-18,P,950.0,0,0,1.0000000000000003e-05,515.82,546.1,548.75
TSLA,2026-09-10,2026-09-18,P,980.0,0,0,1.0000000000000003e-05,591.4,570.0,572.15
TSLA,2026-09-10,2026-09-18,P,990.0,0,4,4.628910463867188,682.5,634.2,638.25
TSLA,2026-09-10,2026-09-25,C,50.0,9,2,5.743166883544921,303.37,312.2,319.2
TSLA,2026-09-10,2026-09-25,C,120.0,2,2,2.545902072753906,233.4,244.75,249.85
TSLA,2026-09-10,2026-09-25,C,150.0,7,4,2.6440463586425786,210.4,212.85,219.15
TSLA,2026-09-10,2026-09-25,C,160.0,2,1,2.2343794140624995,200.3,204.8,211.5
TSLA,2026-09-10,2026-09-25,C,170.0,10,1,2.1850631311035156,191.33,196.05,201.05
TSLA,2026-09-10,2026-09-25,C,180.0,2,0,2.213627512817382,167.25,183.55,189.45
TSLA,2026-09-10,2026-09-25,C,190.0,2,1,1.69140779296875,170.72,175.45,179.9
TSLA,2026-09-10,2026-09-25,C,200.0,5,1,1.4794947900390625,164.17,164.9,169.85
TSLA,2026-09-10,2026-09-25,C,210.0,6,1,1.4121123144531251,154.89,155.0,160.0
TSLA,2026-09-10,2026-09-25,C,220.0,16,1,1.640382657470703,128.36,144.0,149.25
TSLA,2026-09-10,2026-09-25,C,230.0,1,1,1.0312548437500002,110.95,134.6,139.4
TSLA,2026-09-10,2026-09-25,C,235.0,1,1,1.1772502075195312,105.0,130.05,135.1
TSLA,2026-09-10,2026-09-25,C,240.0,12,10,1.183109553222656,115.89,125.1,130.55
TSLA,2026-09-10,2026-09-25,C,250.0,31,1,1.0659226391601564,115.1,115.15,120.3
TSLA,2026-09-10,2026-09-25,C,255.0,2,2,1.0551805053710939,103.8,110.15,115.7
TSLA,2026-09-10,2026-09-25,C,260.0,57,1,1.01172369140625,107.04,105.2,110.7
TSLA,2026-09-10,2026-09-25,C,265.0,60,16,0.9223640576171875,96.54,100.2,105.2
TSLA,2026-09-10,2026-09-25,C,270.0,43,1,0.8945323046874999,100.58,95.25,100.35
TSLA,2026-09-10,2026-09-25,C,275.0,27,1,0.84961087890625,104.25,90.25,95.35
TSLA,2026-09-10,2026-09-25,C,280.0,28,1,0.8510757080078125,73.12,85.3,90.95
TSLA,2026-09-10,2026-09-25,C,285.0,20,1,0.8146991186523438,80.5,80.35,86.05
TSLA,2026-09-10,2026-09-25,C,290.0,99,2,0.526371923828125,78.79,74.15,79.65
TSLA,2026-09-10,2026-09-25,C,295.0,109,1,0.6945831323242189,69.72,70.5,75.4
TSLA,2026-09-10,2026-09-25,C,300.0,295,14,0.7502466381835937,67.3,67.2,70.65
TSLA,2026-09-10,2026-09-25,C,305.0,100,1,0.6401403173828125,62.82,60.9,65.6
TSLA,2026-09-10,2026-09-25,C,310.0,91,2,0.5542036767578126,59.22,56.35,59.35
TSLA,2026-09-10,2026-09-25,C,315.0,258,70,0.5039112109375,52.16,51.8,53.75
TSLA,2026-09-10,2026-09-25,C,320.0,125,4,0.5556685058593751,54.2,47.2,48.85
TSLA,2026-09-10,2026-09-25,C,325.0,102,4,0.4753470434570312,45.4,41.9,43.4
TSLA,2026-09-10,2026-09-25,C,330.0,519,16,0.4973194799804688,38.8,37.9,39.4
TSLA,2026-09-10,2026-09-25,C,335.0,340,12,0.4788870471191406,33.77,33.6,34.95
TSLA,2026-09-10,2026-09-25,C,340.0,571,53,0.4035704174804688,28.23,27.6,29.5
TSLA,2026-09-10,2026-09-25,C,345.0,688,11,0.4387263159179688,26.15,25.5,26.35
TSLA,2026-09-10,2026-09-25,C,350.0,1470,1,0.3846497082519531,18.93,20.55,21.45
TSLA,2026-09-10,2026-09-25,C,355.0,1524,29,0.3658510681152344,19.3,17.25,17.55
TSLA,2026-09-10,2026-09-25,C,360.0,1365,43,0.3676821044921875,15.82,14.3,14.5
TSLA,2026-09-10,2026-09-25,C,365.0,1223,478,0.36890279541015625,11.75,11.55,11.8
TSLA,2026-09-10,2026-09-25,C,370.0,2680,2471,0.3966124792480469,10.3,10.1,10.25
TSLA,2026-09-10,2026-09-25,C,375.0,1765,104,0.3665834826660156,8.16,7.2,7.35
TSLA,2026-09-10,2026-09-25,C,380.0,2509,222,0.3786683227539062,5.9,5.9,6.0
TSLA,2026-09-10,2026-09-25,C,385.0,5563,70,0.38245246459960935,4.9,4.55,4.7
TSLA,2026-09-10,2026-09-25,C,390.0,2114,105,0.3862976409912109,3.66,3.55,3.65
TSLA,2026-09-10,2026-09-25,C,395.0,780,11,0.3930724755859375,3.0,2.78,2.87
TSLA,2026-09-10,2026-09-25,C,400.0,5200,843,0.39685661743164063,2.21,2.13,2.2
TSLA,2026-09-10,2026-09-25,C,405.0,2928,116,0.4022276574707031,1.92,1.64,1.7
TSLA,2026-09-10,2026-09-25,C,410.0,2589,123,0.42212491943359376,1.42,1.44,1.5
TSLA,2026-09-10,2026-09-25,C,415.0,1424,123,0.42774009765625004,1.3,1.14,1.17
TSLA,2026-09-10,2026-09-25,C,420.0,2048,81,0.42676354492187507,0.96,0.81,0.85
TSLA,2026-09-10,2026-09-25,C,425.0,1093,6,0.442388388671875,0.75,0.7,0.74
TSLA,2026-09-10,2026-09-25,C,430.0,1492,125,0.45093322509765627,0.61,0.57,0.6
TSLA,2026-09-10,2026-09-25,C,435.0,752,197,0.4646049633789063,0.48,0.49,0.52
TSLA,2026-09-10,2026-09-25,C,440.0,1128,95,0.4660697924804688,0.38,0.36,0.39
TSLA,2026-09-10,2026-09-25,C,445.0,763,118,0.48340360351562506,0.32,0.34,0.36
TSLA,2026-09-10,2026-09-25,C,450.0,1729,2,0.48730981445312505,0.31,0.25,0.28
TSLA,2026-09-10,2026-09-25,C,455.0,543,66,0.5004932763671875,0.29,0.24,0.26
TSLA,2026-09-10,2026-09-25,C,460.0,508,24,0.5141650146484374,0.21,0.21,0.24
TSLA,2026-09-10,2026-09-25,C,465.0,609,31,0.526371923828125,0.24,0.19,0.21
TSLA,2026-09-10,2026-09-25,C,470.0,447,11,0.532231240234375,0.18,0.15,0.18
TSLA,2026-09-10,2026-09-25,C,475.0,362,9,0.5478560839843751,0.2,0.14,0.17
TSLA,2026-09-10,2026-09-25,C,480.0,288,28,0.561527822265625,0.2,0.13,0.16
TSLA,2026-09-10,2026-09-25,C,485.0,127,12,0.5722699023437501,0.16,0.12,0.14
TSLA,2026-09-10,2026-09-25,C,490.0,366,4,0.584965087890625,0.16,0.11,0.13
TSLA,2026-09-10,2026-09-25,C,495.0,533,6,0.596683720703125,0.14,0.1,0.12
TSLA,2026-09-10,2026-09-25,C,500.0,1075,22,0.6074258007812501,0.12,0.09,0.11
TSLA,2026-09-10,2026-09-25,C,505.0,93,9,0.6171913281250001,0.14,0.08,0.1
TSLA,2026-09-10,2026-09-25,C,510.0,102,10,0.6289099609375001,0.08,0.07,0.1
TSLA,2026-09-10,2026-09-25,C,515.0,185,2,0.641605146484375,0.11,0.07,0.09
TSLA,2026-09-10,2026-09-25,C,520.0,192,3,0.694338994140625,0.11,0.06,0.2
TSLA,2026-09-10,2026-09-25,C,525.0,2027,2028,0.6972686523437501,0.1,0.03,0.19
TSLA,2026-09-10,2026-09-25,C,530.0,137,12,0.7050810742187501,0.13,0.01,0.19
TSLA,2026-09-10,2026-09-25,C,535.0,46,10,0.6718782812500002,0.07,0.01,0.09
TSLA,2026-09-10,2026-09-25,C,540.0,18,1,0.73633076171875,0.12,0.02,0.18
TSLA,2026-09-10,2026-09-25,C,545.0,34,1,0.73437765625,0.08,0.01,0.15
TSLA,2026-09-10,2026-09-25,C,550.0,164,24,0.7226590234375,0.08,0.01,0.1
TSLA,2026-09-10,2026-09-25,C,555.0,29,5,0.7421900781249999,0.26,0.02,0.1
TSLA,2026-09-10,2026-09-25,C,560.0,46,1,0.7500025,0.14,0.01,0.1
TSLA,2026-09-10,2026-09-25,C,565.0,21,4,0.76367423828125,0.14,0.01,0.1
TSLA,2026-09-10,2026-09-25,C,570.0,48,4,0.7773459765625,0.1,0.01,0.1
TSLA,2026-09-10,2026-09-25,C,575.0,15,126,0.79101771484375,0.09,0.01,0.1
TSLA,2026-09-10,2026-09-25,C,580.0,43,9,0.804689453125,0.12,0.01,0.1
TSLA,2026-09-10,2026-09-25,C,585.0,28,8,0.8164080859374999,0.1,0.01,0.1
TSLA,2026-09-10,2026-09-25,C,590.0,49,4,0.8320329296874999,0.07,0.01,0.1
TSLA,2026-09-10,2026-09-25,C,595.0,22,2,0.8437515624999999,0.14,0.01,0.1
TSLA,2026-09-10,2026-09-25,C,600.0,334,31,0.8398453515625,0.06,0.01,0.08
TSLA,2026-09-10,2026-09-25,C,605.0,266,248,0.86914193359375,0.13,0.01,0.1
TSLA,2026-09-10,2026-09-25,C,610.0,36,1,0.8828136718749999,0.06,0.01,0.1
TSLA,2026-09-10,2026-09-25,C,615.0,720,13,0.85937640625,0.05,0.01,0.06
TSLA,2026-09-10,2026-09-25,P,50.0,16,2,3.1406271484375,0.02,0.0,0.04
TSLA,2026-09-10,2026-09-25,P,100.0,216,182,2.0937547656249995,0.01,0.0,0.05
TSLA,2026-09-10,2026-09-25,P,110.0,153,1,1.953125234375,0.02,0.0,0.05
TSLA,2026-09-10,2026-09-25,P,120.0,34,32,1.8125009374999999,0.01,0.0,0.05
TSLA,2026-09-10,2026-09-25,P,130.0,6737,5262,1.5000025,0.01,0.0,0.01
TSLA,2026-09-10,2026-09-25,P,140.0,1787,1773,1.5703146484375,0.01,0.0,0.05
TSLA,2026-09-10,2026-09-25,P,150.0,57,11,1.484377578125,0.03,0.01,0.05
TSLA,2026-09-10,2026-09-25,P,160.0,54,4,1.3828155859374998,0.05,0.01,0.05
TSLA,2026-09-10,2026-09-25,P,170.0,416,200,1.2890660546875,0.03,0.01,0.05
TSLA,2026-09-10,2026-09-25,P,180.0,222,1,1.1953165234375,0.04,0.01,0.05
TSLA,2026-09-10,2026-09-25,P,190.0,929,18,1.109379453125,0.05,0.01,0.05
TSLA,2026-09-10,2026-09-25,P,200.0,850,40,1.08203583984375,0.04,0.01,0.09
TSLA,2026-09-10,2026-09-25,P,210.0,211,2,1.0078174609375,0.05,0.01,0.1
TSLA,2026-09-10,2026-09-25,P,220.0,217,12,0.9609378906249999,0.06,0.05,0.1
TSLA,2026-09-10,2026-09-25,P,230.0,650,1,0.91211025390625,0.09,0.05,0.15
TSLA,2026-09-10,2026-09-25,P,235.0,163,10,0.9433599414062499,0.1,0.08,0.3
TSLA,2026-09-10,2026-09-25,P,240.0,483,5,0.8535170898437501,0.1,0.02,0.22
TSLA,2026-09-10,2026-09-25,P,245.0,66,6,0.8349625878906248,0.12,0.05,0.24
TSLA,2026-09-10,2026-09-25,P,250.0,638,5,0.79101771484375,0.13,0.12,0.15
TSLA,2026-09-10,2026-09-25,P,255.0,380,20,0.7597680273437502,0.16,0.13,0.16
TSLA,2026-09-10,2026-09-25,P,260.0,310,2,0.7324245507812499,0.16,0.15,0.17
TSLA,2026-09-10,2026-09-25,P,265.0,163,30,0.709963837890625,0.19,0.17,0.2
TSLA,2026-09-10,2026-09-25,P,270.0,338,15,0.6826203613281252,0.23,0.19,0.22
TSLA,2026-09-10,2026-09-25,P,275.0,447,15,0.6552768847656252,0.25,0.21,0.24
TSLA,2026-09-10,2026-09-25,P,280.0,448,7,0.6352575537109376,0.26,0.25,0.29
TSLA,2026-09-10,2026-09-25,P,285.0,342,2,0.6035195898437502,0.29,0.28,0.29
TSLA,2026-09-10,2026-09-25,P,290.0,688,8,0.5776409423828125,0.33,0.31,0.33
TSLA,2026-09-10,2026-09-25,P,295.0,515,9,0.5590864404296876,0.41,0.38,0.4
TSLA,2026-09-10,2026-09-25,P,300.0,2362,93,0.5288133056640626,0.44,0.4,0.44
TSLA,2026-09-10,2026-09-25,P,305.0,1044,7,0.5034229345703125,0.49,0.46,0.5
TSLA,2026-09-10,2026-09-25,P,310.0,975,3,0.481450498046875,0.59,0.55,0.57
TSLA,2026-09-10,2026-09-25,P,315.0,1282,13,0.46484910156250003,0.75,0.68,0.72
TSLA,2026-09-10,2026-09-25,P,320.0,2095,35,0.4523980541992188,0.92,0.92,0.95
TSLA,2026-09-10,2026-09-25,P,325.0,1364,48,0.43115803222656257,1.05,1.11,1.15
TSLA,2026-09-10,2026-09-25,P,330.0,1519,38,0.4089414575195312,1.34,1.35,1.39
TSLA,2026-09-10,2026-09-25,P,335.0,946,12,0.40601179931640624,1.79,1.91,1.98
TSLA,2026-09-10,2026-09-25,P,340.0,2537,502,0.4116269775390625,2.8,2.85,2.92
TSLA,2026-09-10,2026-09-25,P,345.0,2455,17,0.39954213745117195,3.3,3.6,3.75
TSLA,2026-09-10,2026-09-25,P,350.0,2365,112,0.3961852374267578,4.96,4.85,5.0
TSLA,2026-09-10,2026-09-25,P,355.0,2697,47,0.3726869372558594,5.71,5.9,6.0
TSLA,2026-09-10,2026-09-25,P,360.0,1173,63,0.3880676428222656,8.1,8.2,8.35
TSLA,2026-09-10,2026-09-25,P,365.0,945,261,0.38519901916503896,9.85,10.4,10.55
TSLA,2026-09-10,2026-09-25,P,370.0,1009,100,0.4145566357421875,13.85,13.7,14.05
TSLA,2026-09-10,2026-09-25,P,375.0,350,20,0.3676821044921875,15.25,15.35,15.65
TSLA,2026-09-10,2026-09-25,P,380.0,518,443,0.368719691772461,22.0,18.7,19.0
TSLA,2026-09-10,2026-09-25,P,385.0,73,8,0.4288387194824219,23.55,22.9,24.15
TSLA,2026-09-10,2026-09-25,P,390.0,171,8,0.41174904663085937,28.96,25.55,27.5
TSLA,2026-09-10,2026-09-25,P,395.0,60,4,0.4345149322509766,31.65,30.0,32.0
TSLA,2026-09-10,2026-09-25,P,400.0,448,1,0.3715883154296875,34.54,33.85,35.05
TSLA,2026-09-10,2026-09-25,P,405.0,15,3,0.4621635815429688,40.35,38.65,40.95
TSLA,2026-09-10,2026-09-25,P,410.0,20,4,0.5385788330078126,47.8,44.25,46.65
TSLA,2026-09-10,2026-09-25,P,415.0,15,15,0.5181932946777343,48.25,49.95,51.4
TSLA,2026-09-10,2026-09-25,P,420.0,19,1,0.44043528320312497,54.05,52.4,54.25
TSLA,2026-09-10,2026-09-25,P,425.0,33,2,0.5555464367675782,60.9,58.05,60.25
TSLA,2026-09-10,2026-09-25,P,430.0,6,3,0.6265906481933594,62.85,61.15,65.8
TSLA,2026-09-10,2026-09-25,P,435.0,5,9,0.6511265356445313,68.3,65.9,70.7
TSLA,2026-09-10,2026-09-25,P,440.0,1,1,0.5107470800781251,74.16,71.3,76.55
TSLA,2026-09-10,2026-09-25,P,445.0,2,0,0.7005645178222657,64.15,76.0,80.55
TSLA,2026-09-10,2026-09-25,P,450.0,1,1,0.5788616333007812,78.1,81.25,86.85
TSLA,2026-09-10,2026-09-25,P,455.0,0,1,0.6569858520507813,83.25,86.25,92.7
TSLA,2026-09-10,2026-09-25,P,465.0,0,0,0.8049335913085938,83.2,96.0,100.45
TSLA,2026-09-10,2026-09-25,P,475.0,0,2,0.8577895080566407,123.04,105.9,110.45
TSLA,2026-09-10,2026-09-25,P,480.0,0,0,0.8835460864257811,127.0,109.95,115.45
TSLA,2026-09-10,2026-09-25,P,490.0,1,1,0.9335944140625,138.55,119.5,125.45
TSLA,2026-09-10,2026-09-25,P,520.0,0,0,1.0742233789062503,163.1,150.45,155.45
TSLA,2026-09-10,2026-10-02,C,80.0,1,0,3.03906490234375,273.03,284.05,291.25
TSLA,2026-09-10,2026-10-02,C,100.0,2,0,3.269533076171875,253.48,263.4,269.95
TSLA,2026-09-10,2026-10-02,C,130.0,5,0,2.5581090734863277,217.92,232.35,239.45
TSLA,2026-09-10,2026-10-02,C,150.0,5,0,1.9096684204101564,198.5,214.35,221.45
TSLA,2026-09-10,2026-10-02,C,200.0,2,1,1.235843664550781,168.2,165.0,169.85
TSLA,2026-09-10,2026-10-02,C,230.0,3,1,0.9213875048828125,137.03,134.25,140.15
TSLA,2026-09-10,2026-10-02,C,235.0,1,2,0.8608412353515625,124.62,129.35,134.9
TSLA,2026-09-10,2026-10-02,C,240.0,545,545,1.0192920129394532,129.1,127.05,129.15
TSLA,2026-09-10,2026-10-02,C,250.0,19,1,0.9035654174804688,103.25,114.75,121.0
TSLA,2026-09-10,2026-10-02,C,255.0,0,1,0.9079599047851561,108.0,110.5,115.9
TSLA,2026-09-10,2026-10-02,C,260.0,4,5,0.8178729150390623,105.47,105.55,110.1
TSLA,2026-09-10,2026-10-02,C,265.0,3,2,0.659183095703125,83.18,99.6,104.7
TSLA,2026-09-10,2026-10-02,C,270.0,23,56,0.7136259106445313,99.18,95.1,100.15
TSLA,2026-09-10,2026-10-02,C,275.0,35,56,1.0000000000000003e-05,94.27,90.3,91.5
TSLA,2026-09-10,2026-10-02,C,280.0,39,84,0.7211941943359376,89.27,85.95,90.65
TSLA,2026-09-10,2026-10-02,C,285.0,51,84,0.6752962158203126,84.39,81.1,85.35
TSLA,2026-09-10,2026-10-02,C,290.0,37,182,0.665286550292969,77.0,76.15,80.9
TSLA,2026-09-10,2026-10-02,C,295.0,63,178,0.6684603466796877,73.79,72.45,75.65
TSLA,2026-09-10,2026-10-02,C,300.0,70,144,0.6563755065917969,65.3,65.45,69.45
TSLA,2026-09-10,2026-10-02,C,305.0,73,134,0.5242967492675781,64.98,62.1,64.3
TSLA,2026-09-10,2026-10-02,C,310.0,52,11,0.5361374511718751,58.29,58.0,59.7
TSLA,2026-09-10,2026-10-02,C,315.0,58,2,0.5256395092773438,55.45,53.5,55.1
TSLA,2026-09-10,2026-10-02,C,320.0,62,3,0.5265550274658204,47.0,48.6,50.05
TSLA,2026-09-10,2026-10-02,C,325.0,34,3,0.4019835192871094,48.84,42.65,43.55
TSLA,2026-09-10,2026-10-02,C,330.0,279,3,0.5025074163818359,36.91,40.05,41.4
TSLA,2026-09-10,2026-10-02,C,335.0,273,6,0.4549615051269531,35.25,34.7,36.35
TSLA,2026-09-10,2026-10-02,C,340.0,366,8,0.45935599243164066,32.0,31.7,32.7
TSLA,2026-09-10,2026-10-02,C,345.0,244,10,0.39258419921875,28.24,26.25,27.2
TSLA,2026-09-10,2026-10-02,C,350.0,708,131,0.41889008850097653,22.95,23.8,24.55
TSLA,2026-09-10,2026-10-02,C,355.0,2845,12,0.4219418157958984,20.94,20.75,21.5
TSLA,2026-09-10,2026-10-02,C,360.0,1977,3,0.43005941040039064,16.77,18.2,18.9
TSLA,2026-09-10,2026-10-02,C,365.0,907,72,0.38709109008789055,15.9,14.1,14.75
TSLA,2026-09-10,2026-10-02,C,370.0,1465,145,0.3874572973632812,12.3,12.2,12.4
TSLA,2026-09-10,2026-10-02,C,375.0,1108,172,0.40955180297851557,11.05,10.95,11.1
TSLA,2026-09-10,2026-10-02,C,380.0,2664,187,0.4033873138427735,9.25,8.9,9.05
TSLA,2026-09-10,2026-10-02,C,385.0,955,47,0.41071145935058595,7.7,7.55,7.7
TSLA,2026-09-10,2026-10-02,C,390.0,1897,35,0.40015248291015626,6.77,5.85,6.0
TSLA,2026-09-10,2026-10-02,C,395.0,880,121,0.4054014538574219,5.33,4.9,5.0
TSLA,2026-09-10,2026-10-02,C,400.0,2228,294,0.4141904284667969,4.43,4.1,4.25
TSLA,2026-09-10,2026-10-02,C,405.0,1300,52,0.4071104211425781,3.55,3.1,3.25
TSLA,2026-09-10,2026-10-02,C,410.0,1181,81,0.41699801757812494,2.95,2.71,2.78
TSLA,2026-09-10,2026-10-02,C,415.0,480,13,0.4146787048339844,2.39,2.1,2.16
TSLA,2026-09-10,2026-10-02,C,420.0,1564,26,0.43079182495117196,2.0,1.9,1.96
TSLA,2026-09-10,2026-10-02,C,425.0,552,21,0.42456630126953127,1.77,1.42,1.46
TSLA,2026-09-10,2026-10-02,C,430.0,855,45,0.432622861328125,1.35,1.2,1.24
TSLA,2026-09-10,2026-10-02,C,435.0,805,3,0.44360907958984375,0.98,1.05,1.09
TSLA,2026-09-10,2026-10-02,C,440.0,706,20,0.44727115234375,0.99,0.85,0.89
TSLA,2026-09-10,2026-10-02,C,445.0,393,1,0.4624077197265626,0.74,0.78,0.83
TSLA,2026-09-10,2026-10-02,C,450.0,1158,4,0.46191944335937507,0.75,0.62,0.65
TSLA,2026-09-10,2026-10-02,C,455.0,219,2,0.4777884252929688,0.51,0.59,0.62
TSLA,2026-09-10,2026-10-02,C,460.0,431,142,0.48560084716796875,0.5,0.51,0.54
TSLA,2026-09-10,2026-10-02,C,465.0,119,2,0.48779809082031256,0.4,0.41,0.44
TSLA,2026-09-10,2026-10-02,C,470.0,636,5,0.5022022436523439,0.38,0.39,0.42
TSLA,2026-09-10,2026-10-02,C,475.0,270,113,0.508793974609375,0.35,0.35,0.38
TSLA,2026-09-10,2026-10-02,C,480.0,217,10,0.514653291015625,0.3,0.3,0.33
TSLA,2026-09-10,2026-10-02,C,485.0,33,2,0.526371923828125,0.34,0.28,0.31
TSLA,2026-09-10,2026-10-02,C,490.0,221,2,0.53320779296875,0.24,0.25,0.27
TSLA,2026-09-10,2026-10-02,C,495.0,254,55,0.5415084912109377,0.25,0.22,0.25
TSLA,2026-09-10,2026-10-02,C,500.0,975,2,0.5488326367187502,0.2,0.2,0.22
TSLA,2026-09-10,2026-10-02,C,505.0,224,2,0.5566450585937501,0.21,0.18,0.2
TSLA,2026-09-10,2026-10-02,C,510.0,407,3,0.567387138671875,0.25,0.17,0.19
TSLA,2026-09-10,2026-10-02,C,515.0,353,14,0.5751995605468749,0.18,0.15,0.18
TSLA,2026-09-10,2026-10-02,C,520.0,196,3,0.5830119824218749,0.15,0.14,0.16
TSLA,2026-09-10,2026-10-02,C,525.0,43,5,0.5888712988281251,0.18,0.12,0.15
TSLA,2026-09-10,2026-10-02,C,530.0,175,1,0.5976602734375001,0.12,0.11,0.14
TSLA,2026-09-10,2026-10-02,C,535.0,5,1,0.6044961425781252,0.16,0.1,0.13
TSLA,2026-09-10,2026-10-02,C,540.0,260,3,0.6171913281250001,0.15,0.1,0.13
TSLA,2026-09-10,2026-10-02,C,545.0,42,16,0.6269568554687501,0.12,0.1,0.12
TSLA,2026-09-10,2026-10-02,C,550.0,234,104,0.629886513671875,0.13,0.08,0.11
TSLA,2026-09-10,2026-10-02,C,555.0,143,10,0.6425816992187501,0.12,0.08,0.11
TSLA,2026-09-10,2026-10-02,C,560.0,39,4,0.65039412109375,0.1,0.08,0.1
TSLA,2026-09-10,2026-10-02,C,565.0,84,1,0.65820654296875,0.1,0.07,0.1
TSLA,2026-09-10,2026-10-02,C,570.0,125,3,0.692385888671875,0.2,0.04,0.19
TSLA,2026-09-10,2026-10-02,C,575.0,21,8,0.6816438085937502,0.1,0.07,0.1
TSLA,2026-09-10,2026-10-02,C,580.0,7,1,0.6894562304687502,0.15,0.01,0.15
TSLA,2026-09-10,2026-10-02,C,585.0,100,4,0.6816438085937502,0.12,0.02,0.1
TSLA,2026-09-10,2026-10-02,C,590.0,11,3,0.7070341796875,0.13,0.01,0.14
TSLA,2026-09-10,2026-10-02,C,595.0,8,3,0.6914093359375001,0.13,0.01,0.09
TSLA,2026-09-10,2026-10-02,C,600.0,99,1,0.73437765625,0.12,0.02,0.14
TSLA,2026-09-10,2026-10-02,C,605.0,21,3,0.710940390625,0.07,0.01,0.09
TSLA,2026-09-10,2026-10-02,C,610.0,211,53,0.72851833984375,0.06,0.01,0.1
TSLA,2026-09-10,2026-10-02,C,615.0,313,1,0.7324245507812499,0.07,0.01,0.09
TSLA,2026-09-10,2026-10-02,P,60.0,65,0,2.4062539843749997,0.12,0.0,0.05
TSLA,2026-09-10,2026-10-02,P,70.0,52,0,2.2031294921874993,0.12,0.0,0.05
TSLA,2026-09-10,2026-10-02,P,90.0,18,0,1.875000625,0.12,0.0,0.05
TSLA,2026-09-10,2026-10-02,P,100.0,234,2,1.734376328125,0.01,0.0,0.05
TSLA,2026-09-10,2026-10-02,P,110.0,47,44,1.609376953125,0.01,0.0,0.05
TSLA,2026-09-10,2026-10-02,P,120.0,48,45,1.5000025,0.01,0.0,0.05
TSLA,2026-09-10,2026-10-02,P,130.0,163,96,1.4140654296875002,0.02,0.01,0.05
TSLA,2026-09-10,2026-10-02,P,140.0,33,2,1.3906280468749999,0.06,0.01,0.1
TSLA,2026-09-10,2026-10-02,P,150.0,110,100,1.2968785156249998,0.05,0.01,0.1
TSLA,2026-09-10,2026-10-02,P,160.0,156,12,1.1953165234375,0.03,0.01,0.09
TSLA,2026-09-10,2026-10-02,P,170.0,259,1,1.125004375,0.07,0.01,0.1
TSLA,2026-09-10,2026-10-02,P,180.0,57,2,1.0468797656250002,0.06,0.01,0.1
TSLA,2026-09-10,2026-10-02,P,190.0,41,1,0.9726565234375,0.06,0.01,0.1
TSLA,2026-09-10,2026-10-02,P,200.0,215,2,0.9355475195312499,0.07,0.03,0.13
TSLA,2026-09-10,2026-10-02,P,210.0,59,1,0.8476577734374999,0.07,0.01,0.12
TSLA,2026-09-10,2026-10-02,P,220.0,266,2,0.8359391406249999,0.13,0.06,0.18
TSLA,2026-09-10,2026-10-02,P,230.0,130,2,0.8164080859374999,0.16,0.13,0.26
TSLA,2026-09-10,2026-10-02,P,235.0,45,4,0.7656273437500001,0.16,0.15,0.18
TSLA,2026-09-10,2026-10-02,P,240.0,529,103,0.7460962890625,0.18,0.18,0.2
TSLA,2026-09-10,2026-10-02,P,245.0,171,79,0.7226590234375,0.22,0.2,0.22
TSLA,2026-09-10,2026-10-02,P,250.0,249,1,0.6967803759765626,0.26,0.21,0.24
TSLA,2026-09-10,2026-10-02,P,255.0,182,3,0.6757844921875001,0.25,0.24,0.27
TSLA,2026-09-10,2026-10-02,P,260.0,282,1,0.6543003320312502,0.3,0.27,0.3
TSLA,2026-09-10,2026-10-02,P,265.0,65,1,0.6357458300781251,0.35,0.31,0.35
TSLA,2026-09-10,2026-10-02,P,270.0,228,8,0.6103554589843752,0.37,0.34,0.37
TSLA,2026-09-10,2026-10-02,P,275.0,115,29,0.5903361279296876,0.41,0.39,0.42
TSLA,2026-09-10,2026-10-02,P,280.0,332,5,0.5712933496093751,0.46,0.45,0.48
TSLA,2026-09-10,2026-10-02,P,285.0,761,3,0.5483443603515626,0.53,0.5,0.53
TSLA,2026-09-10,2026-10-02,P,290.0,5831,2,0.5302781347656251,0.56,0.58,0.62
TSLA,2026-09-10,2026-10-02,P,295.0,350,5,0.50586431640625,0.71,0.64,0.67
TSLA,2026-09-10,2026-10-02,P,300.0,1694,7,0.48950705810546885,0.75,0.73,0.78
TSLA,2026-09-10,2026-10-02,P,305.0,634,10,0.47632359619140624,0.87,0.92,0.96
TSLA,2026-09-10,2026-10-02,P,310.0,1431,17,0.46143116699218756,1.09,1.13,1.16
TSLA,2026-09-10,2026-10-02,P,315.0,1015,5,0.4373835559082031,1.27,1.25,1.29
TSLA,2026-09-10,2026-10-02,P,320.0,1794,30,0.43030354858398445,1.59,1.63,1.68
TSLA,2026-09-10,2026-10-02,P,325.0,836,8,0.4144345666503906,1.91,1.98,2.02
TSLA,2026-09-10,2026-10-02,P,330.0,1029,36,0.40405869384765625,2.45,2.48,2.54
TSLA,2026-09-10,2026-10-02,P,335.0,1078,28,0.39685661743164063,3.14,3.15,3.25
TSLA,2026-09-10,2026-10-02,P,340.0,1399,23,0.4044859356689453,4.1,4.35,4.5
TSLA,2026-09-10,2026-10-02,P,345.0,725,7,0.3936828210449219,5.2,5.2,5.5
TSLA,2026-09-10,2026-10-02,P,350.0,1073,119,0.39765006652832036,6.52,7.0,7.15
TSLA,2026-09-10,2026-10-02,P,355.0,677,92,0.38849488464355464,8.25,8.5,8.65
TSLA,2026-09-10,2026-10-02,P,360.0,698,112,0.38519901916503896,10.61,10.5,10.6
TSLA,2026-09-10,2026-10-02,P,365.0,463,54,0.40479110839843746,12.33,13.5,13.65
TSLA,2026-09-10,2026-10-02,P,370.0,583,67,0.4133969793701171,15.7,16.1,16.6
TSLA,2026-09-10,2026-10-02,P,375.0,481,3,0.4005797247314453,17.5,18.45,19.05
TSLA,2026-09-10,2026-10-02,P,380.0,521,1,0.38233039550781245,21.6,20.9,21.6
TSLA,2026-09-10,2026-10-02,P,385.0,115,11,0.4055845574951171,24.55,24.65,25.8
TSLA,2026-09-10,2026-10-02,P,390.0,76,7,0.4255428540039063,29.45,28.75,30.05
TSLA,2026-09-10,2026-10-02,P,395.0,58,15,0.40833111206054684,33.35,31.3,33.35
TSLA,2026-09-10,2026-10-02,P,400.0,26,2,0.428716650390625,37.0,36.35,37.9
TSLA,2026-09-10,2026-10-02,P,405.0,30,2,0.439885972290039,42.19,39.85,42.3
TSLA,2026-09-10,2026-10-02,P,410.0,31,5,0.4512994323730469,45.05,44.6,46.8
TSLA,2026-09-10,2026-10-02,P,415.0,11,1,0.510869149169922,62.5,49.95,52.45
TSLA,2026-09-10,2026-10-02,P,420.0,25,2,0.42615319946289065,49.49,53.2,55.15
TSLA,2026-09-10,2026-10-02,P,425.0,16,5,0.5039112109375,61.25,59.3,61.05
TSLA,2026-09-10,2026-10-02,P,430.0,11,2,0.47827670166015623,64.15,62.85,65.15
TSLA,2026-09-10,2026-10-02,P,435.0,36,2,0.5033008654785156,84.55,67.7,70.15
TSLA,2026-09-10,2026-10-02,P,440.0,25,1,0.5476119458007813,74.31,72.95,75.45
TSLA,2026-09-10,2026-10-02,P,450.0,4,1,0.6123085644531252,86.8,81.15,85.7
TSLA,2026-09-10,2026-10-02,P,460.0,9,1,0.6755403540039064,89.7,91.1,95.95
TSLA,2026-09-10,2026-10-02,P,465.0,0,5,0.6717562121582032,94.85,95.0,100.55
TSLA,2026-09-10,2026-10-02,P,500.0,0,2,0.8109149768066406,136.28,130.45,135.45
TSLA,2026-09-10,2026-10-09,C,150.0,7,6,1.6967788598632816,204.44,214.35,221.65
TSLA,2026-09-10,2026-10-09,C,180.0,0,0,1.4423856005859377,174.8,185.25,191.45
TSLA,2026-09-10,2026-10-09,C,240.0,1,1,0.896241271972656,113.55,125.7,130.55
TSLA,2026-09-10,2026-10-09,C,250.0,1,1,0.866212275390625,104.07,115.2,121.85
TSLA,2026-09-10,2026-10-09,C,280.0,17,140,0.6467320483398438,88.13,85.7,91.25
TSLA,2026-09-10,2026-10-09,C,290.0,38,122,0.6584506811523438,77.74,74.75,79.65
TSLA,2026-09-10,2026-10-09,C,295.0,5,122,0.6022988989257814,72.9,72.25,76.4
TSLA,2026-09-10,2026-10-09,C,300.0,26,24,0.5577436804199221,66.17,67.05,71.3
TSLA,2026-09-10,2026-10-09,C,305.0,2,2,0.510869149169922,51.95,62.35,65.6
TSLA,2026-09-10,2026-10-09,C,310.0,11,17,0.5715374877929689,59.35,57.25,60.85
TSLA,2026-09-10,2026-10-09,C,315.0,7,2,0.4410456286621094,54.65,52.05,53.95
TSLA,2026-09-10,2026-10-09,C,320.0,62,2,0.5196581237792968,47.33,49.05,51.45
TSLA,2026-09-10,2026-10-09,C,325.0,30,9,0.48608912353515626,48.76,43.9,46.6
TSLA,2026-09-10,2026-10-09,C,330.0,175,3,0.48871360900878913,39.68,40.2,42.8
TSLA,2026-09-10,2026-10-09,C,335.0,177,8,0.46307909973144534,36.33,35.5,38.3
TSLA,2026-09-10,2026-10-09,C,340.0,87,12,0.4519097778320313,31.55,32.9,34.35
TSLA,2026-09-10,2026-10-09,C,345.0,143,6,0.45773857696533216,30.9,30.05,31.15
TSLA,2026-09-10,2026-10-09,C,350.0,289,12,0.44943787872314456,24.92,26.6,27.65
TSLA,2026-09-10,2026-10-09,C,355.0,480,8,0.42615319946289065,21.65,22.55,23.75
TSLA,2026-09-10,2026-10-09,C,360.0,633,13,0.42246060943603514,21.2,20.2,20.8
TSLA,2026-09-10,2026-10-09,C,365.0,559,64,0.39624627197265627,17.05,16.65,17.15
TSLA,2026-09-10,2026-10-09,C,370.0,841,56,0.38532108825683586,14.7,14.25,14.35
TSLA,2026-09-10,2026-10-09,C,375.0,794,17,0.4124204266357422,13.3,13.15,13.35
TSLA,2026-09-10,2026-10-09,C,380.0,851,59,0.413519048461914,11.85,11.15,11.5
TSLA,2026-09-10,2026-10-09,C,385.0,632,31,0.391058335571289,9.8,8.75,8.95
TSLA,2026-09-10,2026-10-09,C,390.0,420,9,0.40735455932617193,8.69,7.95,8.1
TSLA,2026-09-10,2026-10-09,C,395.0,203,45,0.4128476684570312,7.38,6.85,7.0
TSLA,2026-09-10,2026-10-09,C,400.0,977,54,0.41687594848632803,6.0,5.8,6.0
TSLA,2026-09-10,2026-10-09,C,405.0,373,15,0.40808697387695314,5.3,4.6,4.75
TSLA,2026-09-10,2026-10-09,C,410.0,577,18,0.4163266375732422,4.27,4.0,4.15
TSLA,2026-09-10,2026-10-09,C,415.0,414,35,0.4131528411865234,3.55,3.3,3.35
TSLA,2026-09-10,2026-10-09,C,420.0,480,7,0.42035491760253907,3.0,2.83,2.91
TSLA,2026-09-10,2026-10-09,C,425.0,469,14,0.42969320312500003,2.52,2.39,2.58
TSLA,2026-09-10,2026-10-09,C,430.0,492,4,0.42383388671875,2.23,1.94,2.01
TSLA,2026-09-10,2026-10-09,C,435.0,190,4,0.43079182495117196,1.88,1.67,1.75
TSLA,2026-09-10,2026-10-09,C,440.0,354,2,0.4417780432128906,1.47,1.53,1.59
TSLA,2026-09-10,2026-10-09,C,445.0,269,2,0.43884838500976564,1.39,1.2,1.26
TSLA,2026-09-10,2026-10-09,C,450.0,467,5,0.4461725305175781,1.2,1.06,1.11
TSLA,2026-09-10,2026-10-09,C,455.0,66,17,0.45606012695312503,1.03,0.96,1.01
TSLA,2026-09-10,2026-10-09,C,460.0,201,132,0.4587456469726563,0.82,0.81,0.85
TSLA,2026-09-10,2026-10-09,C,465.0,184,1,0.46851117431640626,0.84,0.74,0.78
TSLA,2026-09-10,2026-10-09,C,470.0,183,3,0.4760794580078125,0.71,0.65,0.7
TSLA,2026-09-10,2026-10-09,C,475.0,211,12,0.48608912353515626,0.59,0.62,0.65
TSLA,2026-09-10,2026-10-09,C,480.0,199,5,0.4939015454101563,0.57,0.55,0.59
TSLA,2026-09-10,2026-10-09,C,485.0,125,16,0.499028447265625,0.5,0.48,0.52
TSLA,2026-09-10,2026-10-09,C,490.0,46,2,0.5009815527343751,0.47,0.42,0.46
TSLA,2026-09-10,2026-10-09,C,495.0,41,1,0.5083056982421875,0.42,0.38,0.42
TSLA,2026-09-10,2026-10-09,C,500.0,367,143,0.5144091528320311,0.36,0.34,0.38
TSLA,2026-09-10,2026-10-09,C,505.0,53,14,0.5195360546875,0.37,0.3,0.34
TSLA,2026-09-10,2026-10-09,C,510.0,24,5,0.5293015820312501,0.45,0.29,0.32
TSLA,2026-09-10,2026-10-09,C,515.0,2,1,0.532231240234375,0.45,0.25,0.28
TSLA,2026-09-10,2026-10-09,C,520.0,23,28,0.5463912548828126,0.43,0.24,0.3
TSLA,2026-09-10,2026-10-09,C,525.0,166,153,0.5478560839843751,0.26,0.21,0.25
TSLA,2026-09-10,2026-10-09,C,530.0,8,3,0.5566450585937501,0.28,0.2,0.24
TSLA,2026-09-10,2026-10-09,C,535.0,5,1,0.56055126953125,0.26,0.18,0.21
TSLA,2026-09-10,2026-10-09,C,540.0,22,11,0.5649457568359376,0.19,0.16,0.19
TSLA,2026-09-10,2026-10-09,C,545.0,17,1,0.5722699023437501,0.21,0.15,0.18
TSLA,2026-09-10,2026-10-09,C,550.0,13,5,0.5820354296875,0.18,0.14,0.18
TSLA,2026-09-10,2026-10-09,C,555.0,22,1,0.5908244042968751,0.31,0.14,0.17
TSLA,2026-09-10,2026-10-09,C,560.0,5,2,0.594730615234375,0.24,0.12,0.16
TSLA,2026-09-10,2026-10-09,C,565.0,6,1,0.6005899316406251,0.15,0.11,0.15
TSLA,2026-09-10,2026-10-09,C,570.0,204,6,0.6113320117187502,0.12,0.11,0.15
TSLA,2026-09-10,2026-10-09,C,575.0,3,1,0.6191444335937502,0.13,0.11,0.14
TSLA,2026-09-10,2026-10-09,C,580.0,5,3,0.6210975390625001,0.15,0.09,0.13
TSLA,2026-09-10,2026-10-09,C,585.0,3,1,0.6279334082031252,0.12,0.09,0.12
TSLA,2026-09-10,2026-10-09,C,590.0,14,3,0.64062859375,0.16,0.1,0.12
TSLA,2026-09-10,2026-10-09,C,595.0,2,1,0.64062859375,0.2,0.08,0.11
TSLA,2026-09-10,2026-10-09,C,600.0,45,20,0.65039412109375,0.1,0.08,0.11
TSLA,2026-09-10,2026-10-09,C,605.0,22,21,0.6562534375000001,0.1,0.07,0.11
TSLA,2026-09-10,2026-10-09,C,610.0,15,1,0.6757844921875001,0.17,0.06,0.15
TSLA,2026-09-10,2026-10-09,C,615.0,35,8,0.6787141503906251,0.11,0.07,0.12
TSLA,2026-09-10,2026-10-09,P,50.0,1,0,2.2968792578125,0.07,0.0,0.05
TSLA,2026-09-10,2026-10-09,P,100.0,5,0,1.6015644921874999,0.1,0.0,0.1
TSLA,2026-09-10,2026-10-09,P,110.0,6,5,1.4882838085937498,0.03,0.0,0.1
TSLA,2026-09-10,2026-10-09,P,120.0,16,5,1.3867218164062498,0.02,0.0,0.1
TSLA,2026-09-10,2026-10-09,P,130.0,17,4,1.2890660546875,0.05,0.0,0.1
TSLA,2026-09-10,2026-10-09,P,140.0,47,11,1.2109414453124998,0.06,0.01,0.1
TSLA,2026-09-10,2026-10-09,P,150.0,26,3,1.12109814453125,0.08,0.0,0.1
TSLA,2026-09-10,2026-10-09,P,160.0,46,7,1.05078599609375,0.08,0.01,0.1
TSLA,2026-09-10,2026-10-09,P,170.0,40,18,0.9804689453125001,0.08,0.01,0.1
TSLA,2026-09-10,2026-10-09,P,180.0,82,6,0.9101571484375,0.08,0.01,0.1
TSLA,2026-09-10,2026-10-09,P,190.0,207,3,0.9003916210937499,0.06,0.08,0.12
TSLA,2026-09-10,2026-10-09,P,200.0,57,8,0.930664755859375,0.12,0.02,0.48
TSLA,2026-09-10,2026-10-09,P,210.0,23,1,0.8125018749999999,0.14,0.09,0.22
TSLA,2026-09-10,2026-10-09,P,220.0,194,11,0.76367423828125,0.18,0.16,0.2
TSLA,2026-09-10,2026-10-09,P,230.0,56,51,0.7236355761718749,0.23,0.2,0.25
TSLA,2026-09-10,2026-10-09,P,235.0,12,2,0.7050810742187501,0.22,0.23,0.28
TSLA,2026-09-10,2026-10-09,P,240.0,17,6,0.6826203613281252,0.28,0.25,0.3
TSLA,2026-09-10,2026-10-09,P,245.0,32,3,0.6640658593750002,0.3,0.29,0.33
TSLA,2026-09-10,2026-10-09,P,250.0,47,1,0.6425816992187501,0.34,0.32,0.36
TSLA,2026-09-10,2026-10-09,P,255.0,22,4,0.6210975390625001,0.41,0.35,0.39
TSLA,2026-09-10,2026-10-09,P,260.0,258,3,0.6162147753906251,0.42,0.39,0.57
TSLA,2026-09-10,2026-10-09,P,265.0,168,1,0.5844768115234374,0.47,0.45,0.49
TSLA,2026-09-10,2026-10-09,P,270.0,53,2,0.5647016186523439,0.52,0.5,0.54
TSLA,2026-09-10,2026-10-09,P,275.0,46,8,0.5446822875976562,0.62,0.55,0.6
TSLA,2026-09-10,2026-10-09,P,280.0,479,12,0.5302781347656251,0.75,0.65,0.7
TSLA,2026-09-10,2026-10-09,P,285.0,251,3,0.5080615600585938,0.8,0.71,0.75
TSLA,2026-09-10,2026-10-09,P,290.0,209,14,0.4963429272460938,0.85,0.84,0.88
TSLA,2026-09-10,2026-10-09,P,295.0,285,3,0.476567734375,1.0,0.93,0.98
TSLA,2026-09-10,2026-10-09,P,300.0,535,15,0.4664359997558594,1.1,1.15,1.2
TSLA,2026-09-10,2026-10-09,P,305.0,242,4,0.4527642614746094,1.29,1.36,1.42
TSLA,2026-09-10,2026-10-09,P,310.0,343,13,0.44312080322265623,1.56,1.67,1.74
TSLA,2026-09-10,2026-10-09,P,315.0,409,33,0.4325007922363281,1.85,2.03,2.11
TSLA,2026-09-10,2026-10-09,P,320.0,567,11,0.4218197467041016,2.35,2.45,2.55
TSLA,2026-09-10,2026-10-09,P,325.0,514,13,0.4046690393066406,2.78,2.85,2.93
TSLA,2026-09-10,2026-10-09,P,330.0,568,57,0.398443515625,3.55,3.5,3.65
TSLA,2026-09-10,2026-10-09,P,335.0,218,2,0.40582869567871094,4.65,4.75,4.9
TSLA,2026-09-10,2026-10-09,P,340.0,557,5,0.39441523559570313,5.31,5.65,5.8
TSLA,2026-09-10,2026-10-09,P,345.0,253,21,0.3859314337158203,7.65,6.75,6.95
TSLA,2026-09-10,2026-10-09,P,350.0,559,35,0.3872741937255859,8.25,8.45,8.65
TSLA,2026-09-10,2026-10-09,P,355.0,207,140,0.37958384094238284,12.19,10.1,10.25
TSLA,2026-09-10,2026-10-09,P,360.0,287,55,0.39856558471679693,12.5,12.95,13.15
TSLA,2026-09-10,2026-10-09,P,365.0,221,29,0.39716179016113284,15.45,15.35,15.5
TSLA,2026-09-10,2026-10-09,P,370.0,219,7,0.3789429782104492,16.8,17.2,17.4
TSLA,2026-09-10,2026-10-09,P,375.0,144,3,0.41211525390625,19.65,21.15,21.65
TSLA,2026-09-10,2026-10-09,P,380.0,178,11,0.4044859356689453,24.0,23.75,24.45
TSLA,2026-09-10,2026-10-09,P,385.0,28,3,0.38550419189453117,27.4,26.0,27.05
TSLA,2026-09-10,2026-10-09,P,390.0,106,14,0.40570662658691403,32.85,28.75,31.35
TSLA,2026-09-10,2026-10-09,P,395.0,16,2,0.3862976409912109,34.02,32.3,34.4
TSLA,2026-09-10,2026-10-09,P,400.0,59,21,0.41040628662109374,37.15,36.9,39.1
TSLA,2026-09-10,2026-10-09,P,405.0,13,21,0.42102629760742194,41.2,40.45,43.45
TSLA,2026-09-10,2026-10-09,P,410.0,20,2,0.4508111560058594,45.88,44.5,48.45
TSLA,2026-09-10,2026-10-09,P,415.0,11,1,0.4707694525146484,50.74,48.35,53.2
TSLA,2026-09-10,2026-10-09,P,420.0,32,25,0.47998566894531247,54.15,53.1,57.7
TSLA,2026-09-10,2026-10-09,P,425.0,7,1,0.4865773999023438,60.85,57.45,62.2
TSLA,2026-09-10,2026-10-09,P,430.0,19,1,0.5095263891601562,71.0,61.95,67.15
TSLA,2026-09-10,2026-10-09,P,435.0,5,3,0.5252733020019531,66.1,66.8,71.95
TSLA,2026-09-10,2026-10-09,P,440.0,20,20,0.5163622583007812,77.15,71.05,76.25
TSLA,2026-09-10,2026-10-09,P,445.0,5,1,0.5310715838623048,75.22,76.35,81.1
TSLA,2026-09-10,2026-10-09,P,450.0,5,2,0.5825237060546875,85.11,81.25,86.7
TSLA,2026-09-10,2026-10-09,P,455.0,7,1,0.5737347314453125,89.89,86.15,91.1
TSLA,2026-09-10,2026-10-09,P,460.0,6,2,0.5719036950683594,91.88,90.6,95.7
TSLA,2026-09-10,2026-10-09,P,470.0,25,28,0.6289099609375001,117.03,101.0,106.0
TSLA,2026-09-10,2026-10-09,P,500.0,1,1,0.7304714453125,136.69,130.9,135.85
TSLA,2026-09-10,2026-10-16,C,50.0,5,2,2.7949248876953128,315.8,313.85,320.4
TSLA,2026-09-10,2026-10-16,C,60.0,1,1,1.0000000000000003e-05,337.9,286.1,293.5
TSLA,2026-09-10,2026-10-16,C,75.0,0,0,10.03808966369629,276.38,345.8,352.55
TSLA,2026-09-10,2026-10-16,C,85.0,0,1,1.0000000000000003e-05,326.05,261.75,268.65
TSLA,2026-09-10,2026-10-16,C,90.0,0,1,1.0000000000000003e-05,324.94,0.0,0.0
TSLA,2026-09-10,2026-10-16,C,95.0,0,0,1.0000000000000003e-05,319.82,0.0,0.0
TSLA,2026-09-10,2026-10-16,C,100.0,189,49,2.2177778930664056,267.03,264.8,271.65
TSLA,2026-09-10,2026-10-16,C,105.0,154,10,1.0000000000000003e-05,295.15,243.15,246.8
TSLA,2026-09-10,2026-10-16,C,110.0,130,2,1.0000000000000003e-05,225.75,238.1,241.8
TSLA,2026-09-10,2026-10-16,C,115.0,0,2,1.0000000000000003e-05,241.4,0.0,0.0
TSLA,2026-09-10,2026-10-16,C,120.0,350,1,1.8583991455078124,226.0,244.35,251.55
TSLA,2026-09-10,2026-10-16,C,125.0,63,2,4.23669904006958,272.97,268.65,273.95
TSLA,2026-09-10,2026-10-16,C,130.0,95,1,1.0000000000000003e-05,269.12,218.75,222.0
TSLA,2026-09-10,2026-10-16,C,135.0,99,27,5.720705974121094,256.09,287.0,294.05
TSLA,2026-09-10,2026-10-16,C,140.0,45,1,1.3989287866210938,221.61,224.1,230.25
TSLA,2026-09-10,2026-10-16,C,145.0,0,82,1.0000000000000003e-05,207.8,0.0,0.0
TSLA,2026-09-10,2026-10-16,C,150.0,38,1,1.0000000000000003e-05,176.25,201.05,208.75
TSLA,2026-09-10,2026-10-16,C,155.0,0,6,1.0000000000000003e-05,210.65,0.0,0.0
TSLA,2026-09-10,2026-10-16,C,160.0,0,2,1.0000000000000003e-05,199.05,0.0,0.0
TSLA,2026-09-10,2026-10-16,C,165.0,249,1,1.3972198107910154,200.33,200.35,205.9
TSLA,2026-09-10,2026-10-16,C,170.0,1,0,1.3544954150390622,205.2,195.35,200.95
TSLA,2026-09-10,2026-10-16,C,175.0,91,3,1.1845743896484375,184.48,190.0,195.0
TSLA,2026-09-10,2026-10-16,C,180.0,886,2,1.4472683886718751,194.03,187.25,191.9
TSLA,2026-09-10,2026-10-16,C,185.0,32,2,1.236087803955078,178.0,180.45,186.05
TSLA,2026-09-10,2026-10-16,C,190.0,55,4,1.1635784008789063,151.34,175.55,180.55
TSLA,2026-09-10,2026-10-16,C,195.0,56,4,1.056645341796875,175.8,170.15,175.15
TSLA,2026-09-10,2026-10-16,C,200.0,105,13,0.928711650390625,156.45,165.9,168.55
TSLA,2026-09-10,2026-10-16,C,205.0,37,4,0.8950205810546874,157.95,159.25,165.2
TSLA,2026-09-10,2026-10-16,C,210.0,88,32,1.0783737487792968,158.53,155.7,161.55
TSLA,2026-09-10,2026-10-16,C,215.0,64,1,1.0078174609375,134.0,150.1,156.6
TSLA,2026-09-10,2026-10-16,C,220.0,532,1,0.8767102172851562,147.4,145.05,150.25
TSLA,2026-09-10,2026-10-16,C,225.0,75,1,0.9812013598632813,139.89,140.25,147.35
TSLA,2026-09-10,2026-10-16,C,230.0,127,1,0.9487309814453124,135.01,135.9,141.8
TSLA,2026-09-10,2026-10-16,C,235.0,77,2,0.8955088574218748,133.15,130.5,136.85
TSLA,2026-09-10,2026-10-16,C,240.0,226,1,0.8283708569335937,115.0,125.65,131.05
TSLA,2026-09-10,2026-10-16,C,245.0,174,1,0.7739280419921876,123.6,120.7,125.6
TSLA,2026-09-10,2026-10-16,C,250.0,268,7,0.7141141870117188,118.0,115.15,120.65
TSLA,2026-09-10,2026-10-16,C,255.0,91,1,0.737307314453125,115.0,111.15,115.75
TSLA,2026-09-10,2026-10-16,C,260.0,56,1,0.7640404455566407,108.42,106.8,111.6
TSLA,2026-09-10,2026-10-16,C,265.0,79,5,0.7043486596679689,103.16,101.45,106.25
TSLA,2026-09-10,2026-10-16,C,270.0,139,10,0.6062051098632814,103.4,95.2,100.9
TSLA,2026-09-10,2026-10-16,C,275.0,189,5,0.6678500012207034,96.15,92.1,96.45
TSLA,2026-09-10,2026-10-16,C,280.0,138,3,0.669070692138672,92.17,87.4,92.3
TSLA,2026-09-10,2026-10-16,C,285.0,84,3,0.6254920263671876,81.03,82.75,86.6
TSLA,2026-09-10,2026-10-16,C,290.0,182,5,0.6147499462890625,77.12,78.4,81.8
TSLA,2026-09-10,2026-10-16,C,295.0,97,1,0.5920450952148439,75.25,73.8,76.85
TSLA,2026-09-10,2026-10-16,C,300.0,545,8,0.5390671093750001,69.4,69.15,70.7
TSLA,2026-09-10,2026-10-16,C,305.0,582,10,0.516606396484375,64.75,62.75,65.15
TSLA,2026-09-10,2026-10-16,C,310.0,1992,2,0.5329636547851562,59.56,59.25,61.35
TSLA,2026-09-10,2026-10-16,C,315.0,435,3,0.5291184783935547,56.69,55.5,57.2
TSLA,2026-09-10,2026-10-16,C,320.0,1359,4,0.5064136273193358,50.3,51.1,52.6
TSLA,2026-09-10,2026-10-16,C,325.0,1253,15,0.43280596496582036,45.24,44.65,46.5
TSLA,2026-09-10,2026-10-16,C,330.0,2113,2,0.45538874694824216,44.05,42.5,43.35
TSLA,2026-09-10,2026-10-16,C,335.0,3125,63,0.44977356872558594,37.3,39.0,39.5
TSLA,2026-09-10,2026-10-16,C,340.0,2180,76,0.397466962890625,35.95,33.5,34.05
TSLA,2026-09-10,2026-10-16,C,345.0,1161,4,0.42709923492431645,32.78,30.65,31.8
TSLA,2026-09-10,2026-10-16,C,350.0,4328,13,0.39859610198974615,29.43,27.15,27.45
TSLA,2026-09-10,2026-10-16,C,355.0,1893,37,0.411138701171875,25.25,24.65,25.0
TSLA,2026-09-10,2026-10-16,C,360.0,4186,257,0.4225521612548828,22.9,22.45,22.75
TSLA,2026-09-10,2026-10-16,C,365.0,2741,346,0.39716179016113284,19.39,18.85,19.05
TSLA,2026-09-10,2026-10-16,C,370.0,3252,246,0.4122068057250976,17.9,17.15,17.4
TSLA,2026-09-10,2026-10-16,C,375.0,3780,253,0.4129087030029296,15.55,15.15,15.3
TSLA,2026-09-10,2026-10-16,C,380.0,7412,169,0.4147092221069336,13.5,13.25,13.45
TSLA,2026-09-10,2026-10-16,C,385.0,2081,44,0.41226784027099606,12.0,11.45,11.6
TSLA,2026-09-10,2026-10-16,C,390.0,3105,75,0.40180041564941404,10.05,9.45,9.6
TSLA,2026-09-10,2026-10-16,C,395.0,2297,7,0.4158993957519531,8.9,8.65,8.8
TSLA,2026-09-10,2026-10-16,C,400.0,11307,344,0.4063780065917969,7.05,7.05,7.2
TSLA,2026-09-10,2026-10-16,C,405.0,1420,42,0.4138852557373046,6.6,6.2,6.4
TSLA,2026-09-10,2026-10-16,C,410.0,2610,56,0.41992767578125,5.71,5.55,5.65
TSLA,2026-09-10,2026-10-16,C,415.0,1908,8,0.4229183685302734,4.9,4.8,4.9
TSLA,2026-09-10,2026-10-16,C,420.0,6505,272,0.4260921649169922,4.22,4.1,4.25
TSLA,2026-09-10,2026-10-16,C,425.0,2771,4,0.42981527221679694,2.9,3.6,3.7
TSLA,2026-09-10,2026-10-16,C,430.0,8404,15,0.4216976776123047,3.1,2.87,2.93
TSLA,2026-09-10,2026-10-16,C,435.0,2186,39,0.4299983758544922,2.4,2.56,2.64
TSLA,2026-09-10,2026-10-16,C,440.0,1671,79,0.4331111376953125,2.37,2.24,2.28
TSLA,2026-09-10,2026-10-16,C,445.0,1846,34,0.4400080413818359,2.13,1.98,2.04
TSLA,2026-09-10,2026-10-16,C,450.0,8033,202,0.44507390869140623,1.84,1.75,1.8
TSLA,2026-09-10,2026-10-16,C,455.0,839,84,0.4470270141601562,1.67,1.49,1.54
TSLA,2026-09-10,2026-10-16,C,460.0,2594,7,0.4545952978515625,1.26,1.36,1.4
TSLA,2026-09-10,2026-10-16,C,465.0,1881,41,0.4542290905761719,1.17,1.13,1.17
TSLA,2026-09-10,2026-10-16,C,470.0,1760,17,0.4602104760742188,1.11,1.0,1.05
TSLA,2026-09-10,2026-10-16,C,475.0,2367,2,0.46582565429687506,0.95,0.9,0.94
TSLA,2026-09-10,2026-10-16,C,480.0,2037,12,0.4720511779785156,0.85,0.81,0.85
TSLA,2026-09-10,2026-10-16,C,485.0,343,61,0.4802298071289062,0.71,0.75,0.79
TSLA,2026-09-10,2026-10-16,C,490.0,616,2,0.4899953344726563,0.66,0.71,0.75
TSLA,2026-09-10,2026-10-16,C,495.0,724,1,0.49561051269531253,0.64,0.65,0.68
TSLA,2026-09-10,2026-10-16,C,500.0,7278,53,0.500005,0.61,0.58,0.61
TSLA,2026-09-10,2026-10-16,C,505.0,272,29,0.5041553491210937,0.53,0.53,0.56
TSLA,2026-09-10,2026-10-16,C,510.0,1507,137,0.5117236328125,0.5,0.49,0.53
TSLA,2026-09-10,2026-10-16,C,515.0,403,16,0.5136767382812499,0.46,0.43,0.46
TSLA,2026-09-10,2026-10-16,C,520.0,2433,1,0.5205126074218749,0.42,0.4,0.43
TSLA,2026-09-10,2026-10-16,C,525.0,359,1,0.5293015820312501,0.4,0.38,0.42
TSLA,2026-09-10,2026-10-16,C,530.0,607,212,0.532231240234375,0.53,0.34,0.37
TSLA,2026-09-10,2026-10-16,C,535.0,331,19,0.5390671093750001,0.38,0.32,0.35
TSLA,2026-09-10,2026-10-16,C,540.0,501,1,0.5459029785156251,0.33,0.3,0.33
TSLA,2026-09-10,2026-10-16,C,545.0,427,18,0.5532271240234375,0.3,0.28,0.32
TSLA,2026-09-10,2026-10-16,C,550.0,2710,88,0.5551802294921876,0.3,0.25,0.28
TSLA,2026-09-10,2026-10-16,C,555.0,92,10,0.5644574804687501,0.37,0.24,0.28
TSLA,2026-09-10,2026-10-16,C,560.0,1101,29,0.5659223095703125,0.24,0.21,0.25
TSLA,2026-09-10,2026-10-16,C,570.0,748,1,0.5795940478515625,0.19,0.19,0.23
TSLA,2026-09-10,2026-10-16,C,580.0,366,18,0.5883830224609375,0.2,0.16,0.2
TSLA,2026-09-10,2026-10-16,C,590.0,943,2,0.6010782080078126,0.15,0.15,0.18
TSLA,2026-09-10,2026-10-16,C,600.0,4667,91,0.6127968408203126,0.14,0.14,0.16
TSLA,2026-09-10,2026-10-16,C,610.0,1104,8,0.62305064453125,0.15,0.12,0.15
TSLA,2026-09-10,2026-10-16,C,620.0,355,1,0.6347692773437501,0.15,0.11,0.14
TSLA,2026-09-10,2026-10-16,C,630.0,1880,3,0.64062859375,0.13,0.09,0.12
TSLA,2026-09-10,2026-10-16,C,640.0,348,3,0.65039412109375,0.11,0.08,0.11
TSLA,2026-09-10,2026-10-16,C,650.0,1175,5,0.6660189648437502,0.12,0.08,0.11
TSLA,2026-09-10,2026-10-16,C,660.0,192,11,0.6914093359375001,0.09,0.03,0.19
TSLA,2026-09-10,2026-10-16,C,670.0,1350,91,0.6992217578125001,0.08,0.01,0.19
TSLA,2026-09-10,2026-10-16,C,680.0,1495,229,0.7187528125,0.08,0.02,0.19
TSLA,2026-09-10,2026-10-16,C,690.0,281,6,0.726565234375,0.21,0.01,0.18
TSLA,2026-09-10,2026-10-16,C,700.0,1482,10,0.7509790527343749,0.1,0.04,0.18
TSLA,2026-09-10,2026-10-16,C,710.0,381,14,0.7539087109375,0.1,0.01,0.18
TSLA,2026-09-10,2026-10-16,C,720.0,307,2,0.7304714453125,0.1,0.01,0.1
TSLA,2026-09-10,2026-10-16,C,730.0,241,3,0.74414318359375,0.06,0.01,0.1
TSLA,2026-09-10,2026-10-16,C,740.0,79,4,0.75586181640625,0.12,0.01,0.1
TSLA,2026-09-10,2026-10-16,C,750.0,266,10,0.7753928710937501,0.06,0.02,0.1
TSLA,2026-09-10,2026-10-16,C,760.0,297,2,0.7812521875,0.05,0.01,0.1
TSLA,2026-09-10,2026-10-16,C,770.0,286,1,0.7929708203125,0.15,0.01,0.1
TSLA,2026-09-10,2026-10-16,C,780.0,144,8,0.80664255859375,0.07,0.01,0.1
TSLA,2026-09-10,2026-10-16,C,790.0,45,6,0.8183611914062499,0.07,0.01,0.1
TSLA,2026-09-10,2026-10-16,C,800.0,4449,2,0.8300798242187499,0.04,0.01,0.1
TSLA,2026-09-10,2026-10-16,C,810.0,1007,202,0.84179845703125,0.06,0.01,0.1
TSLA,2026-09-10,2026-10-16,C,820.0,1447,6,0.8535170898437501,0.06,0.01,0.1
TSLA,2026-09-10,2026-10-16,C,830.0,343,37,0.87695435546875,0.03,0.03,0.1
TSLA,2026-09-10,2026-10-16,C,840.0,172,69,0.87500125,0.12,0.01,0.1
TSLA,2026-09-10,2026-10-16,C,850.0,874,3,0.8867198828124999,0.11,0.01,0.1
TSLA,2026-09-10,2026-10-16,C,860.0,70,1,0.8984385156249999,0.04,0.01,0.1
TSLA,2026-09-10,2026-10-16,C,870.0,700,12,0.9082040429687499,0.03,0.01,0.1
TSLA,2026-09-10,2026-10-16,C,880.0,734,4,0.7656273437500001,0.02,0.01,0.0
TSLA,2026-09-10,2026-10-16,C,890.0,1424,1,0.7812521875,0.02,0.01,0.0
TSLA,2026-09-10,2026-10-16,C,900.0,8412,1,0.851563984375,0.01,0.01,0.02
TSLA,2026-09-10,2026-10-16,P,50.0,5609,6,2.0625048437499998,0.02,0.0,0.05
TSLA,2026-09-10,2026-10-16,P,55.0,4164,3,1.8281258593749998,0.01,0.0,0.02
TSLA,2026-09-10,2026-10-16,P,60.0,2882,2,1.65625171875,0.02,0.0,0.01
TSLA,2026-09-10,2026-10-16,P,65.0,651,2,1.5937520312499998,0.01,0.0,0.01
TSLA,2026-09-10,2026-10-16,P,70.0,1354,1,1.65625171875,0.01,0.0,0.03
TSLA,2026-09-10,2026-10-16,P,75.0,547,29,1.5312523437499999,0.01,0.0,0.02
TSLA,2026-09-10,2026-10-16,P,80.0,1223,3,1.5781271093749998,0.01,0.0,0.05
TSLA,2026-09-10,2026-10-16,P,85.0,189,4,1.6171894140625,0.01,0.0,0.1
TSLA,2026-09-10,2026-10-16,P,90.0,680,1,1.484377578125,0.01,0.01,0.05
TSLA,2026-09-10,2026-10-16,P,95.0,619,4,1.40625296875,0.05,0.0,0.05
TSLA,2026-09-10,2026-10-16,P,100.0,3031,19,1.453127734375,0.02,0.01,0.1
TSLA,2026-09-10,2026-10-16,P,105.0,914,2,1.3281283593749997,0.1,0.01,0.05
TSLA,2026-09-10,2026-10-16,P,110.0,1272,2,1.32422212890625,0.02,0.01,0.08
TSLA,2026-09-10,2026-10-16,P,115.0,451,2,1.3007847460937496,0.03,0.01,0.1
TSLA,2026-09-10,2026-10-16,P,120.0,2001,1,1.23047259765625,0.05,0.01,0.08
TSLA,2026-09-10,2026-10-16,P,125.0,227,14,1.1875040625,0.04,0.01,0.08
TSLA,2026-09-10,2026-10-16,P,130.0,688,1,1.0859420703125,0.03,0.01,0.04
TSLA,2026-09-10,2026-10-16,P,135.0,256,5,1.12891060546875,0.08,0.01,0.1
TSLA,2026-09-10,2026-10-16,P,140.0,130,7,1.08984830078125,0.06,0.01,0.1
TSLA,2026-09-10,2026-10-16,P,145.0,239,2,1.0664109179687502,0.09,0.03,0.1
TSLA,2026-09-10,2026-10-16,P,150.0,2501,13,1.015629921875,0.06,0.01,0.1
TSLA,2026-09-10,2026-10-16,P,155.0,58,2,1.015629921875,0.08,0.01,0.15
TSLA,2026-09-10,2026-10-16,P,160.0,222,2,0.9804689453125001,0.1,0.01,0.15
TSLA,2026-09-10,2026-10-16,P,165.0,134,2,0.945313046875,0.05,0.01,0.15
TSLA,2026-09-10,2026-10-16,P,170.0,473,2,0.9335944140625,0.09,0.05,0.15
TSLA,2026-09-10,2026-10-16,P,175.0,362,8,0.93164130859375,0.06,0.05,0.22
TSLA,2026-09-10,2026-10-16,P,180.0,337,102,0.8945323046874999,0.11,0.02,0.24
TSLA,2026-09-10,2026-10-16,P,185.0,369,9,0.842775009765625,0.11,0.04,0.17
TSLA,2026-09-10,2026-10-16,P,190.0,341,1,0.8203142968749999,0.15,0.07,0.16
TSLA,2026-09-10,2026-10-16,P,195.0,278,5,0.8320329296874999,0.16,0.16,0.2
TSLA,2026-09-10,2026-10-16,P,200.0,3423,8,0.8017597949218749,0.18,0.16,0.2
TSLA,2026-09-10,2026-10-16,P,205.0,224,1,0.7607445800781252,0.22,0.1,0.22
TSLA,2026-09-10,2026-10-16,P,210.0,1377,12,0.7656273437500001,0.24,0.21,0.25
TSLA,2026-09-10,2026-10-16,P,215.0,543,58,0.7402369726562499,0.25,0.22,0.26
TSLA,2026-09-10,2026-10-16,P,220.0,1146,1,0.7241238525390624,0.26,0.26,0.29
TSLA,2026-09-10,2026-10-16,P,225.0,760,20,0.702151416015625,0.28,0.28,0.31
TSLA,2026-09-10,2026-10-16,P,230.0,471,47,0.6826203613281252,0.32,0.31,0.34
TSLA,2026-09-10,2026-10-16,P,235.0,1311,5,0.6630893066406252,0.35,0.34,0.37
TSLA,2026-09-10,2026-10-16,P,240.0,2292,1,0.6450230810546875,0.39,0.38,0.41
TSLA,2026-09-10,2026-10-16,P,245.0,850,8,0.6274451318359376,0.4,0.42,0.46
TSLA,2026-09-10,2026-10-16,P,250.0,4142,23,0.6059609716796877,0.52,0.45,0.49
TSLA,2026-09-10,2026-10-16,P,255.0,1780,3,0.5886271606445312,0.54,0.51,0.54
TSLA,2026-09-10,2026-10-16,P,260.0,3994,71,0.5712933496093751,0.6,0.57,0.6
TSLA,2026-09-10,2026-10-16,P,265.0,1391,2,0.5529829858398438,0.72,0.63,0.66
TSLA,2026-09-10,2026-10-16,P,270.0,1963,27,0.5361374511718751,0.83,0.7,0.74
TSLA,2026-09-10,2026-10-16,P,275.0,2738,70,0.5161181201171875,0.87,0.76,0.8
TSLA,2026-09-10,2026-10-16,P,280.0,7160,9,0.5012256909179689,0.86,0.86,0.89
TSLA,2026-09-10,2026-10-16,P,285.0,1886,2,0.48950705810546885,1.01,1.0,1.05
TSLA,2026-09-10,2026-10-16,P,290.0,7440,12,0.4714408325195312,1.12,1.12,1.16
TSLA,2026-09-10,2026-10-16,P,295.0,4082,21,0.4576470251464845,1.32,1.3,1.34
TSLA,2026-09-10,2026-10-16,P,300.0,10728,634,0.45325253784179687,1.61,1.65,1.69
TSLA,2026-09-10,2026-10-16,P,305.0,3272,17,0.43726148681640625,1.87,1.87,1.91
TSLA,2026-09-10,2026-10-16,P,310.0,4189,41,0.4232235412597656,2.15,2.15,2.2
TSLA,2026-09-10,2026-10-16,P,315.0,3898,31,0.42273526489257807,2.72,2.75,2.83
TSLA,2026-09-10,2026-10-16,P,320.0,8009,85,0.4085752502441406,3.25,3.2,3.25
TSLA,2026-09-10,2026-10-16,P,325.0,4997,7,0.4023497265625,3.8,3.8,3.95
TSLA,2026-09-10,2026-10-16,P,330.0,10420,113,0.4002135174560547,4.79,4.75,4.9
TSLA,2026-09-10,2026-10-16,P,335.0,2393,15,0.3961852374267578,6.25,5.8,5.95
TSLA,2026-09-10,2026-10-16,P,340.0,7913,34,0.3889526437377929,6.89,6.9,7.05
TSLA,2026-09-10,2026-10-16,P,345.0,1976,20,0.4004576556396484,8.32,8.9,9.05
TSLA,2026-09-10,2026-10-16,P,350.0,7160,61,0.3983214465332031,9.77,10.55,10.75
TSLA,2026-09-10,2026-10-16,P,355.0,2707,93,0.39600213378906257,11.95,12.5,12.65
TSLA,2026-09-10,2026-10-16,P,360.0,9333,127,0.3789124609375,13.8,13.95,14.1
TSLA,2026-09-10,2026-10-16,P,365.0,2124,71,0.3783326327514648,16.4,16.3,16.5
TSLA,2026-09-10,2026-10-16,P,370.0,3170,77,0.3880066082763671,19.1,19.25,19.6
TSLA,2026-09-10,2026-10-16,P,375.0,1142,27,0.38196418823242184,21.43,22.0,22.2
TSLA,2026-09-10,2026-10-16,P,380.0,10037,1,0.3966429965209961,27.4,25.7,25.95
TSLA,2026-09-10,2026-10-16,P,385.0,1285,51,0.4028380029296875,30.1,29.3,29.5
TSLA,2026-09-10,2026-10-16,P,390.0,3713,4,0.4062864547729492,30.65,32.75,33.1
TSLA,2026-09-10,2026-10-16,P,395.0,2306,11,0.4106809420776367,36.85,35.75,36.9
TSLA,2026-09-10,2026-10-16,P,400.0,5505,3,0.4100400793457031,43.0,38.65,40.65
TSLA,2026-09-10,2026-10-16,P,405.0,354,23,0.41223732299804683,45.92,43.15,44.65
TSLA,2026-09-10,2026-10-16,P,410.0,558,8,0.4061338684082031,47.25,46.1,48.5
TSLA,2026-09-10,2026-10-16,P,415.0,795,2,0.41620456848144527,50.25,50.75,53.0
TSLA,2026-09-10,2026-10-16,P,420.0,952,156,0.4391535577392578,58.5,55.15,57.95
TSLA,2026-09-10,2026-10-16,P,425.0,554,2,0.39441523559570313,59.95,58.15,61.1
TSLA,2026-09-10,2026-10-16,P,430.0,566,1,0.48438015625,65.1,62.75,67.9
TSLA,2026-09-10,2026-10-16,P,435.0,223,2,0.4960377545166016,74.15,67.5,72.6
TSLA,2026-09-10,2026-10-16,P,440.0,298,2,0.4865773999023438,78.9,71.95,76.8
TSLA,2026-09-10,2026-10-16,P,445.0,214,1,0.49658706542968756,77.6,76.8,81.55
TSLA,2026-09-10,2026-10-16,P,450.0,537,27,0.41992767578125,83.03,82.1,84.7
TSLA,2026-09-10,2026-10-16,P,455.0,21,6,0.5573774731445313,102.44,86.4,92.05
TSLA,2026-09-10,2026-10-16,P,460.0,60,4,0.5159960510253907,96.05,90.9,95.75
TSLA,2026-09-10,2026-10-16,P,465.0,25,10,0.5542036767578126,94.1,96.2,101.15
TSLA,2026-09-10,2026-10-16,P,470.0,63,28,0.5695843823242188,104.27,101.4,106.1
TSLA,2026-09-10,2026-10-16,P,475.0,3462,1018,0.43506424316406256,110.77,106.35,108.95
TSLA,2026-09-10,2026-10-16,P,480.0,3,1,0.5767864587402343,118.85,110.55,115.6
TSLA,2026-09-10,2026-10-16,P,485.0,3,4,0.6074258007812501,120.0,116.0,120.85
TSLA,2026-09-10,2026-10-16,P,490.0,0,15,0.6063271789550781,136.0,120.5,125.55
TSLA,2026-09-10,2026-10-16,P,495.0,0,1,0.9971924108886718,190.76,138.0,142.5
TSLA,2026-09-10,2026-10-16,P,500.0,0,6,0.6345251391601563,146.03,130.7,135.5
TSLA,2026-09-10,2026-10-16,P,505.0,0,1,1.1964761856079105,185.75,154.7,157.0
TSLA,2026-09-10,2026-10-16,P,510.0,0,1,0.6615024084472658,185.3,139.55,145.45
TSLA,2026-09-10,2026-10-16,P,515.0,0,1,1.2355995251464842,134.73,164.7,166.95
TSLA,2026-09-10,2026-10-16,P,520.0,0,4,1.255008607788086,198.31,169.7,171.95
TSLA,2026-09-10,2026-10-16,P,525.0,0,3,1.274051481323242,122.15,174.7,176.95
TSLA,2026-09-10,2026-10-16,P,530.0,0,2,1.2928502154541015,208.98,179.7,181.95
TSLA,2026-09-10,2026-10-16,P,535.0,6,0,1.0000000000000003e-05,154.33,143.2,144.2
TSLA,2026-09-10,2026-10-16,P,540.0,2,2,2.048527827911377,160.35,216.05,224.25
TSLA,2026-09-10,2026-10-16,P,545.0,0,30,1.3431429327392574,222.36,194.55,196.8
TSLA,2026-09-10,2026-10-16,P,550.0,0,69,0.8170184313964843,170.79,180.45,186.1
TSLA,2026-09-10,2026-10-16,P,560.0,0,22,1.3958770440673829,236.2,209.55,211.85
TSLA,2026-09-10,2026-10-16,P,570.0,0,22,1.4285917242431638,252.75,219.55,221.8
TSLA,2026-09-10,2026-10-16,P,580.0,0,1,1.4706447366333006,192.55,229.85,232.15
TSLA,2026-09-10,2026-10-16,P,590.0,0,1,1.5023828591918944,197.23,239.85,242.15
TSLA,2026-09-10,2026-10-16,P,600.0,0,1,1.372866905212402,294.78,243.6,248.15
TSLA,2026-09-10,2026-10-16,P,650.0,0,17,1.659059321899414,245.75,299.3,301.55
TSLA,2026-09-10,2026-10-16,P,660.0,0,2,1.5358909924316406,354.17,303.6,308.15
TSLA,2026-09-10,2026-10-16,P,700.0,0,0,1.7865611257934573,290.8,349.3,351.55
TSLA,2026-09-10,2026-10-16,P,730.0,0,0,1.0000000000000003e-05,305.8,0.0,0.0
TSLA,2026-09-10,2026-10-16,P,750.0,0,1,1.0000000000000003e-05,347.62,0.0,0.0
TSLA,2026-09-10,2026-10-16,P,800.0,0,1,1.0000000000000003e-05,376.74,392.9,393.9
TSLA,2026-09-10,2026-10-23,C,220.0,46,3,0.9338385522460937,151.4,145.3,152.3
TSLA,2026-09-10,2026-10-23,C,230.0,2,2,0.9252937158203125,139.21,136.25,142.85
TSLA,2026-09-10,2026-10-23,C,250.0,1,2,0.6699251757812501,110.3,115.5,120.6
TSLA,2026-09-10,2026-10-23,C,255.0,1,2,0.697390721435547,100.03,111.2,116.25
TSLA,2026-09-10,2026-10-23,C,270.0,3,5,0.5681195532226562,96.75,95.55,100.85
TSLA,2026-09-10,2026-10-23,C,290.0,3,3,0.5914347497558594,79.15,79.4,82.05
TSLA,2026-09-10,2026-10-23,C,300.0,7,2,0.512272943725586,68.0,68.35,70.35
TSLA,2026-09-10,2026-10-23,C,305.0,1,1,0.48138946350097656,70.28,62.85,65.35
TSLA,2026-09-10,2026-10-23,C,310.0,14,10,0.5031177618408205,61.59,60.75,62.8
TSLA,2026-09-10,2026-10-23,C,315.0,2,0,0.5093432855224609,72.07,57.0,58.95
TSLA,2026-09-10,2026-10-23,C,320.0,44,21,0.5242967492675781,56.62,52.8,54.65
TSLA,2026-09-10,2026-10-23,C,325.0,22,20,0.4674125524902344,45.0,47.25,48.9
TSLA,2026-09-10,2026-10-23,C,330.0,30,1,0.4834646380615235,43.1,44.2,45.85
TSLA,2026-09-10,2026-10-23,C,335.0,55,1,0.48993429992675785,41.36,41.1,42.65
TSLA,2026-09-10,2026-10-23,C,340.0,39,27,0.4759879061889648,38.3,37.2,38.75
TSLA,2026-09-10,2026-10-23,C,345.0,35,2,0.47284462707519537,34.77,33.9,35.45
TSLA,2026-09-10,2026-10-23,C,350.0,153,4,0.4534966760253906,32.9,29.7,31.55
TSLA,2026-09-10,2026-10-23,C,355.0,116,9,0.45551081604003907,27.58,27.4,28.8
TSLA,2026-09-10,2026-10-23,C,360.0,146,27,0.4670463452148438,24.51,25.15,26.7
TSLA,2026-09-10,2026-10-23,C,365.0,86,3,0.45264219238281256,22.6,22.05,23.5
TSLA,2026-09-10,2026-10-23,C,370.0,370,28,0.4410456286621094,20.81,20.05,20.6
TSLA,2026-09-10,2026-10-23,C,375.0,168,5,0.4439142523193359,19.68,18.3,18.6
TSLA,2026-09-10,2026-10-23,C,380.0,180,5,0.4443720114135742,17.05,16.35,16.65
TSLA,2026-09-10,2026-10-23,C,385.0,153,5,0.4404963177490234,14.25,14.35,14.65
TSLA,2026-09-10,2026-10-23,C,390.0,172,11,0.4372920040893554,13.64,12.6,12.85
TSLA,2026-09-10,2026-10-23,C,395.0,99,2,0.4512383978271485,12.7,11.75,12.0
TSLA,2026-09-10,2026-10-23,C,400.0,784,59,0.44501287414550783,10.75,10.15,10.35
TSLA,2026-09-10,2026-10-23,C,405.0,239,27,0.4492852923583984,9.0,9.05,9.3
TSLA,2026-09-10,2026-10-23,C,410.0,233,1,0.45941702697753906,7.84,8.4,8.6
TSLA,2026-09-10,2026-10-23,C,415.0,106,5,0.45361874511718747,7.04,7.15,7.35
TSLA,2026-09-10,2026-10-23,C,420.0,307,23,0.45514460876464846,6.85,6.3,6.5
TSLA,2026-09-10,2026-10-23,C,425.0,380,45,0.45691461059570315,5.5,5.55,5.75
TSLA,2026-09-10,2026-10-23,C,430.0,126,2,0.46082082153320314,5.45,4.95,5.15
TSLA,2026-09-10,2026-10-23,C,435.0,105,27,0.46094289062500005,4.29,4.3,4.5
TSLA,2026-09-10,2026-10-23,C,440.0,250,13,0.46722944885253903,4.11,3.9,4.1
TSLA,2026-09-10,2026-10-23,C,445.0,111,1,0.47192910888671874,3.95,3.55,3.7
TSLA,2026-09-10,2026-10-23,C,450.0,230,5,0.4788870471191406,3.2,3.25,3.4
TSLA,2026-09-10,2026-10-23,C,455.0,46,1,0.4760794580078125,2.72,2.77,2.9
TSLA,2026-09-10,2026-10-23,C,460.0,158,31,0.4810842907714844,2.47,2.52,2.63
TSLA,2026-09-10,2026-10-23,C,465.0,164,107,0.49182637084960945,2.51,2.38,2.51
TSLA,2026-09-10,2026-10-23,C,470.0,105,21,0.4897511962890626,1.99,2.05,2.15
TSLA,2026-09-10,2026-10-23,C,475.0,30,1,0.4936574072265626,1.96,1.85,1.94
TSLA,2026-09-10,2026-10-23,C,490.0,6,2,0.5111132873535156,1.54,1.48,1.56
TSLA,2026-09-10,2026-10-23,C,495.0,60,30,0.5116015637207032,1.42,1.29,1.38
TSLA,2026-09-10,2026-10-23,C,500.0,127,8,0.5159960510253907,1.2,1.18,1.26
TSLA,2026-09-10,2026-10-23,C,520.0,2,1,0.540287800292969,0.99,0.9,0.96
TSLA,2026-09-10,2026-10-23,C,540.0,50,50,0.5590864404296876,0.77,0.66,0.72
TSLA,2026-09-10,2026-10-23,C,550.0,109,7,0.56836369140625,0.66,0.57,0.63
TSLA,2026-09-10,2026-10-23,C,600.0,5,1,0.6245154736328126,0.5,0.34,0.4
TSLA,2026-09-10,2026-10-23,C,615.0,42,2,0.6337927246093751,0.53,0.27,0.33
TSLA,2026-09-10,2026-10-23,P,100.0,11,14,1.3398470507812497,0.03,0.0,0.12
TSLA,2026-09-10,2026-10-23,P,110.0,3,5,1.2812535937499998,0.08,0.01,0.15
TSLA,2026-09-10,2026-10-23,P,120.0,5,10,1.15625421875,0.04,0.01,0.11
TSLA,2026-09-10,2026-10-23,P,140.0,90,15,1.3540071362304684,0.06,0.05,1.39
TSLA,2026-09-10,2026-10-23,P,150.0,50,11,1.1660197949218751,0.07,0.01,0.81
TSLA,2026-09-10,2026-10-23,P,160.0,72,15,1.083988955078125,0.17,0.05,0.75
TSLA,2026-09-10,2026-10-23,P,170.0,12,4,0.9160164648437501,0.14,0.05,0.32
TSLA,2026-09-10,2026-10-23,P,180.0,5,1,0.858399853515625,0.24,0.05,0.34
TSLA,2026-09-10,2026-10-23,P,190.0,15,9,0.8369156933593749,0.17,0.18,0.39
TSLA,2026-09-10,2026-10-23,P,200.0,45,46,0.7680687255859376,0.27,0.23,0.29
TSLA,2026-09-10,2026-10-23,P,220.0,45,2,0.6904327832031252,0.35,0.34,0.4
TSLA,2026-09-10,2026-10-23,P,230.0,9,2,0.6528355029296876,0.42,0.4,0.48
TSLA,2026-09-10,2026-10-23,P,235.0,8,1,0.6333044482421876,0.43,0.44,0.51
TSLA,2026-09-10,2026-10-23,P,250.0,56,17,0.58789474609375,0.68,0.62,0.73
TSLA,2026-09-10,2026-10-23,P,255.0,3,3,0.5542036767578126,0.87,0.48,0.77
TSLA,2026-09-10,2026-10-23,P,260.0,250,13,0.5542036767578126,0.85,0.78,0.86
TSLA,2026-09-10,2026-10-23,P,265.0,17,5,0.5376022802734376,0.93,0.87,0.94
TSLA,2026-09-10,2026-10-23,P,270.0,27,9,0.5256395092773438,1.15,1.0,1.09
TSLA,2026-09-10,2026-10-23,P,275.0,71,16,0.5097705273437501,1.23,1.12,1.2
TSLA,2026-09-10,2026-10-23,P,280.0,16,5,0.5004932763671875,1.42,1.29,1.37
TSLA,2026-09-10,2026-10-23,P,285.0,100,28,0.4896291271972657,1.74,1.52,1.59
TSLA,2026-09-10,2026-10-23,P,290.0,223,10,0.47852083984375,2.05,1.74,1.84
TSLA,2026-09-10,2026-10-23,P,295.0,98,6,0.4758353198242187,2.26,2.17,2.28
TSLA,2026-09-10,2026-10-23,P,300.0,257,2,0.47119669433593747,2.46,2.62,2.76
TSLA,2026-09-10,2026-10-23,P,305.0,85,2,0.45099425964355466,2.86,2.84,2.96
TSLA,2026-09-10,2026-10-23,P,310.0,147,1,0.45166563964843753,3.7,3.55,3.7
TSLA,2026-09-10,2026-10-23,P,315.0,126,36,0.4410456286621094,4.92,4.05,4.25
TSLA,2026-09-10,2026-10-23,P,320.0,203,10,0.4361018304443359,4.9,4.85,5.05
TSLA,2026-09-10,2026-10-23,P,325.0,126,7,0.4335994140625,6.4,5.85,6.05
TSLA,2026-09-10,2026-10-23,P,330.0,203,76,0.4272518212890626,7.91,6.8,7.05
TSLA,2026-09-10,2026-10-23,P,335.0,148,3,0.43399613861083985,9.0,8.45,8.7
TSLA,2026-09-10,2026-10-23,P,340.0,190,3,0.4215756085205078,9.59,9.5,9.75
TSLA,2026-09-10,2026-10-23,P,345.0,104,31,0.42328457580566403,12.1,11.3,11.55
TSLA,2026-09-10,2026-10-23,P,350.0,210,7,0.4186154330444336,12.96,12.95,13.25
TSLA,2026-09-10,2026-10-23,P,355.0,284,39,0.4207211248779297,16.8,15.2,15.45
TSLA,2026-09-10,2026-10-23,P,360.0,831,124,0.41879853668212885,18.2,17.3,17.65
TSLA,2026-09-10,2026-10-23,P,365.0,220,47,0.4141293939208984,19.5,19.6,19.9
TSLA,2026-09-10,2026-10-23,P,370.0,298,1,0.4276180285644532,23.15,22.95,23.25
TSLA,2026-09-10,2026-10-23,P,375.0,50,3,0.42743492492675783,25.36,24.85,26.1
TSLA,2026-09-10,2026-10-23,P,380.0,68,6,0.4125730130004882,30.1,27.9,28.4
TSLA,2026-09-10,2026-10-23,P,385.0,13,2,0.4420221813964844,31.48,31.1,33.05
TSLA,2026-09-10,2026-10-23,P,390.0,30,10,0.4283504431152344,37.4,33.9,35.75
TSLA,2026-09-10,2026-10-23,P,395.0,23,9,0.43115803222656257,40.9,37.95,39.4
TSLA,2026-09-10,2026-10-23,P,400.0,36,11,0.4252376812744141,43.7,41.25,42.8
TSLA,2026-09-10,2026-10-23,P,405.0,33,24,0.44873598144531246,45.3,45.6,47.6
TSLA,2026-09-10,2026-10-23,P,410.0,4,1,0.43420975952148444,47.96,49.1,50.9
TSLA,2026-09-10,2026-10-23,P,415.0,22,21,0.4632316860961915,54.87,53.9,56.05
TSLA,2026-09-10,2026-10-23,P,420.0,6,1,0.4149228430175781,54.36,56.85,58.4
TSLA,2026-09-10,2026-10-23,P,425.0,9,3,0.4154111193847656,61.1,61.15,62.7
TSLA,2026-09-10,2026-11-20,C,5.0,32,2,5.597659252929686,367.0,358.95,366.4
TSLA,2026-09-10,2026-11-20,C,20.0,1,2,4.1733446270751955,347.0,342.8,349.5
TSLA,2026-09-10,2026-11-20,C,25.0,7,20,3.8457035107421875,308.9,337.3,344.7
TSLA,2026-09-10,2026-11-20,C,30.0,44,44,2.419925825195312,353.35,333.95,340.05
TSLA,2026-09-10,2026-11-20,C,55.0,0,0,1.0000000000000003e-05,326.9,0.0,0.0
TSLA,2026-09-10,2026-11-20,C,65.0,0,3,1.0000000000000003e-05,336.27,0.0,0.0
TSLA,2026-09-10,2026-11-20,C,70.0,4,0,1.97265638671875,284.76,294.3,301.9
TSLA,2026-09-10,2026-11-20,C,80.0,0,0,1.0000000000000003e-05,300.2,0.0,0.0
TSLA,2026-09-10,2026-11-20,C,85.0,1,0,4.717167189483642,342.25,317.55,323.45
TSLA,2026-09-10,2026-11-20,C,95.0,3,8,1.0000000000000003e-05,230.13,253.75,257.45
TSLA,2026-09-10,2026-11-20,C,100.0,153,1,1.6020527709960937,258.26,265.55,271.15
TSLA,2026-09-10,2026-11-20,C,110.0,141,1,1.3486360693359374,245.25,254.5,260.7
TSLA,2026-09-10,2026-11-20,C,120.0,154,2,4.594425643692016,223.95,303.15,309.75
TSLA,2026-09-10,2026-11-20,C,130.0,91,3,1.205082099609375,237.48,235.1,240.45
TSLA,2026-09-10,2026-11-20,C,140.0,89,1,1.0000000000000003e-05,173.76,209.45,213.1
TSLA,2026-09-10,2026-11-20,C,150.0,121,1,0.9096688720703124,225.0,213.55,220.65
TSLA,2026-09-10,2026-11-20,C,155.0,133,1,0.9340826904296875,208.85,209.0,215.65
TSLA,2026-09-10,2026-11-20,C,160.0,278,1,1.0573777600097656,207.1,205.85,210.85
TSLA,2026-09-10,2026-11-20,C,165.0,10,1,1.1445355273437499,197.34,201.35,207.9
TSLA,2026-09-10,2026-11-20,C,170.0,40,4,0.9765627343750001,185.56,195.4,201.1
TSLA,2026-09-10,2026-11-20,C,175.0,17,1,1.0042774395751952,175.05,191.15,196.55
TSLA,2026-09-10,2026-11-20,C,180.0,0,16,1.0000000000000003e-05,245.48,0.0,0.0
TSLA,2026-09-10,2026-11-20,C,185.0,36,1,0.9056405920410155,185.32,180.85,186.15
TSLA,2026-09-10,2026-11-20,C,190.0,88,1,0.9664309997558593,170.65,176.0,183.25
TSLA,2026-09-10,2026-11-20,C,195.0,32,2,0.9456792541503907,166.39,171.85,177.75
TSLA,2026-09-10,2026-11-20,C,200.0,85,1,0.9183357775878906,167.35,166.9,172.85
TSLA,2026-09-10,2026-11-20,C,210.0,46,1,0.7473169799804689,140.37,155.1,161.65
TSLA,2026-09-10,2026-11-20,C,220.0,69,2,0.799928758544922,135.0,146.7,153.2
TSLA,2026-09-10,2026-11-20,C,225.0,63,1,0.7398707653808592,146.31,141.9,146.95
TSLA,2026-09-10,2026-11-20,C,230.0,137,4,0.7475611181640626,125.88,137.55,142.55
TSLA,2026-09-10,2026-11-20,C,235.0,90,1,0.7231472998046875,133.1,132.7,137.55
TSLA,2026-09-10,2026-11-20,C,240.0,238,1,0.7279079943847657,135.65,127.85,133.75
TSLA,2026-09-10,2026-11-20,C,245.0,64,1,0.6904938177490236,118.0,123.15,128.05
TSLA,2026-09-10,2026-11-20,C,250.0,215,1,0.6527134338378908,122.29,117.95,122.8
TSLA,2026-09-10,2026-11-20,C,255.0,90,1,0.6357458300781251,106.71,113.3,117.9
TSLA,2026-09-10,2026-11-20,C,260.0,135,4,0.6384313500976562,110.74,109.3,113.35
TSLA,2026-09-10,2026-11-20,C,265.0,48,2,0.6424596301269532,106.0,105.45,108.9
TSLA,2026-09-10,2026-11-20,C,270.0,167,3,0.5843547424316407,104.5,99.65,103.0
TSLA,2026-09-10,2026-11-20,C,275.0,106,1,0.5506026385498048,103.5,94.75,97.5
TSLA,2026-09-10,2026-11-20,C,280.0,89,7,0.5845378460693358,92.22,91.9,94.0
TSLA,2026-09-10,2026-11-20,C,285.0,94,4,0.5486495330810548,88.0,86.55,88.8
TSLA,2026-09-10,2026-11-20,C,290.0,166,1,0.5310715838623048,85.66,80.85,83.0
TSLA,2026-09-10,2026-11-20,C,295.0,164,1,0.5066577655029296,71.75,76.85,79.35
TSLA,2026-09-10,2026-11-20,C,300.0,425,9,0.5175524319458008,75.95,73.6,75.5
TSLA,2026-09-10,2026-11-20,C,305.0,546,7,0.5088550091552735,63.7,69.5,71.2
TSLA,2026-09-10,2026-11-20,C,310.0,1192,2,0.5014393118286133,65.6,65.4,67.15
TSLA,2026-09-10,2026-11-20,C,315.0,452,2,0.5220079537963866,60.85,61.45,63.6
TSLA,2026-09-10,2026-11-20,C,320.0,1603,4,0.5050098327636718,59.02,58.55,60.0
TSLA,2026-09-10,2026-11-20,C,325.0,877,1,0.5140124282836914,54.69,54.85,56.35
TSLA,2026-09-10,2026-11-20,C,330.0,1324,5,0.505742247314453,52.0,51.35,52.65
TSLA,2026-09-10,2026-11-20,C,335.0,819,6,0.5029346582031251,48.1,47.95,49.35
TSLA,2026-09-10,2026-11-20,C,340.0,1331,5,0.49551896087646485,45.7,43.7,45.9
TSLA,2026-09-10,2026-11-20,C,345.0,536,3,0.49387102813720707,41.8,41.05,42.9
TSLA,2026-09-10,2026-11-20,C,350.0,16432,1,0.48120635986328125,38.1,38.8,39.35
TSLA,2026-09-10,2026-11-20,C,355.0,765,51,0.4693351406860352,34.3,34.75,35.95
TSLA,2026-09-10,2026-11-20,C,360.0,3737,10,0.4762320443725586,34.3,33.1,33.85
TSLA,2026-09-10,2026-11-20,C,365.0,1907,14,0.4746756634521484,31.7,30.6,31.35
TSLA,2026-09-10,2026-11-20,C,370.0,2463,92,0.45169615692138676,28.85,27.0,27.6
TSLA,2026-09-10,2026-11-20,C,375.0,2385,210,0.4601799588012696,26.4,25.6,26.0
TSLA,2026-09-10,2026-11-20,C,380.0,2658,23,0.46820600158691406,23.8,24.15,24.5
TSLA,2026-09-10,2026-11-20,C,385.0,2156,1,0.45483943603515625,20.18,21.5,21.75
TSLA,2026-09-10,2026-11-20,C,390.0,1422,11,0.45749443878173834,21.15,19.85,20.15
TSLA,2026-09-10,2026-11-20,C,395.0,1131,10,0.45596857513427735,19.45,18.1,18.4
TSLA,2026-09-10,2026-11-20,C,400.0,8987,143,0.4680534152221679,17.5,17.3,17.6
TSLA,2026-09-10,2026-11-20,C,405.0,774,9,0.45715874877929696,16.5,15.25,15.5
TSLA,2026-09-10,2026-11-20,C,410.0,2271,5,0.4602715106201172,13.8,14.1,14.35
TSLA,2026-09-10,2026-11-20,C,415.0,2174,1,0.46973186523437505,13.2,13.35,13.65
TSLA,2026-09-10,2026-11-20,C,420.0,2712,53,0.46094289062500005,12.85,11.7,12.0
TSLA,2026-09-10,2026-11-20,C,425.0,1978,9,0.4658561715698243,11.62,10.95,11.2
TSLA,2026-09-10,2026-11-20,C,430.0,2315,21,0.46271289245605474,10.36,9.8,10.05
TSLA,2026-09-10,2026-11-20,C,435.0,1198,8,0.4708915216064453,9.5,9.3,9.55
TSLA,2026-09-10,2026-11-20,C,440.0,1810,10,0.4740653179931641,8.0,8.6,8.85
TSLA,2026-09-10,2026-11-20,C,445.0,1136,87,0.4738211798095704,8.31,7.8,8.05
TSLA,2026-09-10,2026-11-20,C,450.0,4085,13,0.46869427795410157,7.5,6.9,7.1
TSLA,2026-09-10,2026-11-20,C,455.0,947,13,0.4712577288818359,6.5,6.35,6.55
TSLA,2026-09-10,2026-11-20,C,460.0,1356,1,0.4788870471191406,6.31,6.0,6.25
TSLA,2026-09-10,2026-11-20,C,465.0,697,1,0.48077911804199214,5.7,5.55,5.75
TSLA,2026-09-10,2026-11-20,C,470.0,2059,125,0.47736118347167966,5.04,4.9,5.1
TSLA,2026-09-10,2026-11-20,C,475.0,960,18,0.48816429809570316,4.88,4.8,5.0
TSLA,2026-09-10,2026-11-20,C,480.0,1538,37,0.4823049816894531,4.17,4.25,4.35
TSLA,2026-09-10,2026-11-20,C,485.0,771,30,0.48413601806640627,4.25,3.8,4.0
TSLA,2026-09-10,2026-11-20,C,490.0,831,15,0.49487809814453126,3.67,3.8,3.95
TSLA,2026-09-10,2026-11-20,C,495.0,499,48,0.4952443054199219,3.6,3.4,3.6
TSLA,2026-09-10,2026-11-20,C,500.0,9447,98,0.500005,3.35,3.35,3.45
TSLA,2026-09-10,2026-11-20,C,505.0,564,120,0.5022022436523439,2.89,3.0,3.15
TSLA,2026-09-10,2026-11-20,C,510.0,991,119,0.5025074163818359,2.9,2.73,2.87
TSLA,2026-09-10,2026-11-20,C,515.0,538,47,0.5013477600097658,2.69,2.51,2.65
TSLA,2026-09-10,2026-11-20,C,520.0,766,1,0.5076953527832031,2.33,2.41,2.56
TSLA,2026-09-10,2026-11-20,C,525.0,809,21,0.5119677709960937,2.4,2.29,2.41
TSLA,2026-09-10,2026-11-20,C,530.0,1205,466,0.5150194982910157,2.16,2.14,2.26
TSLA,2026-09-10,2026-11-20,C,535.0,583,86,0.5177050183105469,1.92,2.0,2.11
TSLA,2026-09-10,2026-11-20,C,540.0,1342,50,0.5216722637939453,2.05,1.89,2.0
TSLA,2026-09-10,2026-11-20,C,545.0,303,19,0.518681571044922,1.91,1.67,1.77
TSLA,2026-09-10,2026-11-20,C,550.0,1679,1,0.5256395092773438,1.69,1.63,1.73
TSLA,2026-09-10,2026-11-20,C,555.0,123,103,0.5301560656738282,1.75,1.52,1.69
TSLA,2026-09-10,2026-11-20,C,560.0,1224,118,0.532109171142578,1.48,1.4,1.59
TSLA,2026-09-10,2026-11-20,C,565.0,203,186,0.536259520263672,1.59,1.32,1.53
TSLA,2026-09-10,2026-11-20,C,570.0,699,189,0.5417526293945314,1.42,1.32,1.44
TSLA,2026-09-10,2026-11-20,C,575.0,270,2,0.5427291821289064,1.18,1.16,1.39
TSLA,2026-09-10,2026-11-20,C,580.0,255,2,0.5468795312500001,1.28,1.11,1.33
TSLA,2026-09-10,2026-11-20,C,585.0,404,15,0.5500533276367189,1.2,1.04,1.27
TSLA,2026-09-10,2026-11-20,C,590.0,241,251,0.5539595385742189,1.12,0.99,1.22
TSLA,2026-09-10,2026-11-20,C,595.0,462,5,0.5576216113281252,1.1,0.94,1.17
TSLA,2026-09-10,2026-11-20,C,600.0,3708,19,0.5617719604492188,0.98,0.97,1.06
TSLA,2026-09-10,2026-11-20,C,605.0,219,21,0.5639692041015626,1.0,0.84,1.07
TSLA,2026-09-10,2026-11-20,C,610.0,391,42,0.5681195532226562,1.01,0.81,1.03
TSLA,2026-09-10,2026-11-20,C,615.0,156,14,0.5715374877929689,0.93,0.77,0.99
TSLA,2026-09-10,2026-11-20,C,620.0,592,17,0.5748333532714844,0.9,0.72,0.96
TSLA,2026-09-10,2026-11-20,C,625.0,238,13,0.5783733569335938,0.84,0.69,0.92
TSLA,2026-09-10,2026-11-20,C,630.0,274,9,0.5820354296875,0.79,0.66,0.89
TSLA,2026-09-10,2026-11-20,C,635.0,410,1,0.5856975024414062,0.7,0.63,0.86
TSLA,2026-09-10,2026-11-20,C,640.0,85,1,0.5888712988281251,1.4,0.6,0.83
TSLA,2026-09-10,2026-11-20,C,645.0,551,630,0.5920450952148439,0.79,0.57,0.8
TSLA,2026-09-10,2026-11-20,C,650.0,342,2,0.5949747534179688,0.78,0.54,0.77
TSLA,2026-09-10,2026-11-20,C,655.0,167,9,0.5976602734375001,0.66,0.51,0.74
TSLA,2026-09-10,2026-11-20,C,660.0,1467,15,0.6005899316406251,0.72,0.48,0.72
TSLA,2026-09-10,2026-11-20,C,665.0,190,113,0.6035195898437502,0.6,0.46,0.69
TSLA,2026-09-10,2026-11-20,C,670.0,1667,10,0.6062051098632814,0.54,0.43,0.67
TSLA,2026-09-10,2026-11-20,C,675.0,2083,10,0.6086464916992189,0.61,0.4,0.65
TSLA,2026-09-10,2026-11-20,C,680.0,3091,201,0.6101113208007813,0.64,0.44,0.55
TSLA,2026-09-10,2026-11-20,C,685.0,285,7,0.6145058081054688,0.62,0.36,0.61
TSLA,2026-09-10,2026-11-20,C,690.0,2318,203,0.6179237426757813,0.57,0.35,0.59
TSLA,2026-09-10,2026-11-20,C,695.0,2217,96,0.6196327099609377,0.53,0.32,0.57
TSLA,2026-09-10,2026-11-20,C,700.0,17527,12,0.6215858154296876,0.5,0.3,0.55
TSLA,2026-09-10,2026-11-20,C,705.0,468,7,0.6245154736328126,0.46,0.29,0.53
TSLA,2026-09-10,2026-11-20,C,710.0,1998,88,0.6264685791015626,0.46,0.26,0.52
TSLA,2026-09-10,2026-11-20,C,720.0,382,2,0.6413610083007812,0.41,0.34,0.48
TSLA,2026-09-10,2026-11-20,C,730.0,546,84,0.6367223828125,0.43,0.21,0.46
TSLA,2026-09-10,2026-11-20,C,740.0,220,105,0.6391637646484375,0.38,0.17,0.43
TSLA,2026-09-10,2026-11-20,C,750.0,444,2,0.6445348046875,0.32,0.15,0.41
TSLA,2026-09-10,2026-11-20,C,760.0,454,11,0.65820654296875,0.24,0.2,0.39
TSLA,2026-09-10,2026-11-20,C,770.0,911,68,0.6543003320312502,0.33,0.12,0.37
TSLA,2026-09-10,2026-11-20,C,780.0,371,76,0.6596713720703126,0.31,0.11,0.35
TSLA,2026-09-10,2026-11-20,C,790.0,755,84,0.6660189648437502,0.28,0.1,0.34
TSLA,2026-09-10,2026-11-20,C,800.0,1650,2,0.6860382958984376,0.22,0.19,0.32
TSLA,2026-09-10,2026-11-20,C,810.0,707,1,0.6757844921875001,0.27,0.08,0.31
TSLA,2026-09-10,2026-11-20,C,820.0,476,6,0.6811555322265627,0.21,0.07,0.3
TSLA,2026-09-10,2026-11-20,C,830.0,458,6,0.68555001953125,0.17,0.06,0.29
TSLA,2026-09-10,2026-11-20,C,840.0,129,4,0.694338994140625,0.22,0.06,0.29
TSLA,2026-09-10,2026-11-20,C,850.0,774,2,0.6992217578125001,0.22,0.05,0.28
TSLA,2026-09-10,2026-11-20,C,860.0,472,1,0.70312796875,0.2,0.04,0.27
TSLA,2026-09-10,2026-11-20,C,870.0,1119,13,0.710940390625,0.15,0.04,0.27
TSLA,2026-09-10,2026-11-20,C,880.0,24,8,0.71679970703125,0.19,0.03,0.27
TSLA,2026-09-10,2026-11-20,C,890.0,46,5,0.719729365234375,0.18,0.02,0.26
TSLA,2026-09-10,2026-11-20,C,900.0,1128,179,0.7304714453125,0.12,0.1,0.19
TSLA,2026-09-10,2026-11-20,P,5.0,4148,10,0.500005,0.01,0.0,0.0
TSLA,2026-09-10,2026-11-20,P,10.0,0,1,0.500005,0.1,0.0,0.0
TSLA,2026-09-10,2026-11-20,P,15.0,13,13,2.1250046874999997,0.01,0.0,0.01
TSLA,2026-09-10,2026-11-20,P,20.0,28,1,1.9375003125,0.01,0.0,0.01
TSLA,2026-09-10,2026-11-20,P,25.0,17,4,1.75000125,0.01,0.0,0.01
TSLA,2026-09-10,2026-11-20,P,30.0,639,2,1.625001875,0.03,0.0,0.01
TSLA,2026-09-10,2026-11-20,P,35.0,501,1,1.5312523437499999,0.01,0.0,0.01
TSLA,2026-09-10,2026-11-20,P,40.0,55,2,1.5312523437499999,0.02,0.0,0.02
TSLA,2026-09-10,2026-11-20,P,45.0,542,25,1.4375028125,0.01,0.0,0.02
TSLA,2026-09-10,2026-11-20,P,50.0,4977,10,1.40625296875,0.02,0.0,0.03
TSLA,2026-09-10,2026-11-20,P,55.0,66,2,1.3750031249999999,0.02,0.0,0.04
TSLA,2026-09-10,2026-11-20,P,60.0,140,2,1.359378203125,0.09,0.01,0.05
TSLA,2026-09-10,2026-11-20,P,65.0,311,2,1.3125034374999998,0.05,0.01,0.06
TSLA,2026-09-10,2026-11-20,P,70.0,555,5,1.2734411328124997,0.13,0.01,0.07
TSLA,2026-09-10,2026-11-20,P,75.0,695,1,1.2343788281249999,0.04,0.01,0.08
TSLA,2026-09-10,2026-11-20,P,80.0,596,3,1.2070352148437498,0.13,0.01,0.1
TSLA,2026-09-10,2026-11-20,P,85.0,564,22,1.1796916015624999,0.09,0.01,0.12
TSLA,2026-09-10,2026-11-20,P,90.0,438,1,1.1328168359375002,0.06,0.01,0.12
TSLA,2026-09-10,2026-11-20,P,95.0,394,1,1.1445355273437499,0.07,0.01,0.2
TSLA,2026-09-10,2026-11-20,P,100.0,6968,504,1.126957490234375,0.17,0.06,0.2
TSLA,2026-09-10,2026-11-20,P,110.0,630,6,1.0390673046875003,0.08,0.01,0.23
TSLA,2026-09-10,2026-11-20,P,120.0,280,3,0.9619144433593749,0.14,0.01,0.22
TSLA,2026-09-10,2026-11-20,P,130.0,220,4,0.9355475195312499,0.15,0.05,0.29
TSLA,2026-09-10,2026-11-20,P,140.0,270,13,0.9101571484375,0.2,0.14,0.35
TSLA,2026-09-10,2026-11-20,P,150.0,3369,1,0.85937640625,0.25,0.2,0.34
TSLA,2026-09-10,2026-11-20,P,155.0,177,1,0.8300798242187499,0.29,0.15,0.39
TSLA,2026-09-10,2026-11-20,P,160.0,434,1,0.80664255859375,0.27,0.17,0.4
TSLA,2026-09-10,2026-11-20,P,165.0,299,1,0.7875997802734375,0.31,0.18,0.44
TSLA,2026-09-10,2026-11-20,P,170.0,173,1,0.7680687255859376,0.36,0.2,0.47
TSLA,2026-09-10,2026-11-20,P,175.0,968,2,0.7500025,0.36,0.23,0.5
TSLA,2026-09-10,2026-11-20,P,180.0,221,1,0.7314479980468749,0.35,0.26,0.53
TSLA,2026-09-10,2026-11-20,P,185.0,240,3,0.7060576269531251,0.43,0.29,0.5
TSLA,2026-09-10,2026-11-20,P,190.0,778,174,0.6955596850585939,0.47,0.33,0.59
TSLA,2026-09-10,2026-11-20,P,195.0,256,1,0.6787141503906251,0.53,0.37,0.63
TSLA,2026-09-10,2026-11-20,P,200.0,1245,1,0.666263103027344,0.58,0.46,0.67
TSLA,2026-09-10,2026-11-20,P,210.0,950,1,0.63086306640625,0.67,0.51,0.78
TSLA,2026-09-10,2026-11-20,P,220.0,1243,31,0.6030313134765627,0.73,0.68,0.89
TSLA,2026-09-10,2026-11-20,P,225.0,330,28,0.5874064697265625,0.86,0.72,0.98
TSLA,2026-09-10,2026-11-20,P,230.0,2136,64,0.5732464550781251,0.99,0.81,1.05
TSLA,2026-09-10,2026-11-20,P,235.0,1609,64,0.5610395458984375,1.1,0.91,1.16
TSLA,2026-09-10,2026-11-20,P,240.0,1278,1,0.5500533276367189,1.18,1.03,1.3
TSLA,2026-09-10,2026-11-20,P,245.0,645,53,0.5376022802734376,1.32,1.17,1.41
TSLA,2026-09-10,2026-11-20,P,250.0,16169,80,0.5261277856445312,1.44,1.36,1.52
TSLA,2026-09-10,2026-11-20,P,255.0,2814,2,0.5170946728515625,1.69,1.51,1.77
TSLA,2026-09-10,2026-11-20,P,260.0,4036,80,0.5062305236816407,1.84,1.75,1.92
TSLA,2026-09-10,2026-11-20,P,265.0,2255,1,0.5062305236816407,2.18,1.97,2.25
TSLA,2026-09-10,2026-11-20,P,270.0,2467,13,0.49561051269531253,2.63,2.4,2.51
TSLA,2026-09-10,2026-11-20,P,275.0,2118,1,0.48517360534667964,2.77,2.65,2.8
TSLA,2026-09-10,2026-11-20,P,280.0,4108,32,0.481999808959961,3.5,3.1,3.3
TSLA,2026-09-10,2026-11-20,P,285.0,1088,7,0.47272255798339846,3.94,3.55,3.7
TSLA,2026-09-10,2026-11-20,P,290.0,2228,1,0.4619804779052735,4.1,3.95,4.1
TSLA,2026-09-10,2026-11-20,P,295.0,2555,4,0.46246875427246104,5.06,4.7,4.9
TSLA,2026-09-10,2026-11-20,P,300.0,6749,49,0.45001770690917964,5.27,5.2,5.35
TSLA,2026-09-10,2026-11-20,P,305.0,4667,41,0.4484308087158203,6.8,6.0,6.25
TSLA,2026-09-10,2026-11-20,P,310.0,4680,6,0.452703226928711,7.4,7.3,7.5
TSLA,2026-09-10,2026-11-20,P,315.0,2502,79,0.44122873229980464,8.9,7.9,8.2
TSLA,2026-09-10,2026-11-20,P,320.0,4348,12,0.4358576922607422,9.0,9.0,9.25
TSLA,2026-09-10,2026-11-20,P,325.0,5516,4,0.43848217773437503,10.9,10.55,10.8
TSLA,2026-09-10,2026-11-20,P,330.0,5860,29,0.4334468276977539,11.95,11.85,12.1
TSLA,2026-09-10,2026-11-20,P,335.0,2745,2,0.4381159704589844,13.77,13.85,14.05
TSLA,2026-09-10,2026-11-20,P,340.0,2810,3,0.4364070031738281,15.9,15.55,15.8
TSLA,2026-09-10,2026-11-20,P,345.0,2321,59,0.42474940490722657,18.6,16.8,17.1
TSLA,2026-09-10,2026-11-20,P,350.0,8998,37,0.43103596313476567,18.82,19.25,19.6
TSLA,2026-09-10,2026-11-20,P,355.0,3263,35,0.4346370013427735,22.0,21.75,22.1
TSLA,2026-09-10,2026-11-20,P,360.0,2334,1,0.43576614044189454,23.43,24.2,24.6
TSLA,2026-09-10,2026-11-20,P,365.0,1011,24,0.43231768859863284,26.25,26.55,26.95
TSLA,2026-09-10,2026-11-20,P,370.0,4053,1,0.4313411358642578,30.43,29.3,29.6
TSLA,2026-09-10,2026-11-20,P,375.0,1874,1,0.4212094012451172,30.88,31.5,31.8
TSLA,2026-09-10,2026-11-20,P,380.0,5713,10,0.4338130349731446,37.19,34.9,35.6
TSLA,2026-09-10,2026-11-20,P,385.0,2139,1,0.41620456848144527,38.7,37.15,37.6
TSLA,2026-09-10,2026-11-20,P,390.0,2265,33,0.431920964050293,41.99,41.3,41.85
TSLA,2026-09-10,2026-11-20,P,395.0,758,4,0.43317217224121096,44.8,44.75,45.3
TSLA,2026-09-10,2026-11-20,P,400.0,3095,35,0.41342749664306633,48.91,46.85,47.6
TSLA,2026-09-10,2026-11-20,P,405.0,621,2,0.43506424316406256,52.1,50.7,52.5
TSLA,2026-09-10,2026-11-20,P,410.0,907,21,0.4437006314086914,54.7,54.9,56.7
TSLA,2026-09-10,2026-11-20,P,415.0,346,10,0.43851269500732426,60.57,57.8,60.2
TSLA,2026-09-10,2026-11-20,P,420.0,755,12,0.4236202658081054,62.4,61.55,63.3
TSLA,2026-09-10,2026-11-20,P,425.0,810,2,0.4263057858276368,67.14,65.75,67.45
TSLA,2026-09-10,2026-11-20,P,430.0,1152,1,0.4536492623901367,67.38,70.9,72.9
TSLA,2026-09-10,2026-11-20,P,435.0,195,1,0.42273526489257807,75.15,73.45,75.55
TSLA,2026-09-10,2026-11-20,P,440.0,804,10,0.4180356048583984,80.4,77.7,79.6
TSLA,2026-09-10,2026-11-20,P,445.0,335,6,0.4647880670166016,82.48,83.75,85.95
TSLA,2026-09-10,2026-11-20,P,450.0,1036,20,0.41199318481445313,90.3,86.3,88.1
TSLA,2026-09-10,2026-11-20,P,455.0,127,1,0.4252376812744141,90.95,90.9,93.05
TSLA,2026-09-10,2026-11-20,P,460.0,212,7,0.4254818194580079,85.7,95.4,97.55
TSLA,2026-09-10,2026-11-20,P,465.0,101,1,0.4618584088134766,90.2,101.25,103.35
TSLA,2026-09-10,2026-11-20,P,470.0,213,1,0.4892629199218751,106.65,106.8,108.85
TSLA,2026-09-10,2026-11-20,P,475.0,499,1,0.49066671447753907,113.69,110.35,113.4
TSLA,2026-09-10,2026-11-20,P,480.0,126,4,0.4207211248779297,104.15,113.9,115.85
TSLA,2026-09-10,2026-11-20,P,485.0,193,5,0.506840869140625,125.15,117.45,123.05
TSLA,2026-09-10,2026-11-20,P,490.0,57,1,0.5240526110839843,112.2,122.3,128.2
TSLA,2026-09-10,2026-11-20,P,495.0,68,2,0.5305222729492188,117.3,127.0,133.0
TSLA,2026-09-10,2026-11-20,P,500.0,60,22,0.49597671997070314,135.25,130.9,136.6
TSLA,2026-09-10,2026-11-20,P,505.0,0,6,0.8630384790039063,137.42,155.4,157.45
TSLA,2026-09-10,2026-11-20,P,510.0,12,1,0.7628197546386719,203.14,153.45,158.1
TSLA,2026-09-10,2026-11-20,P,515.0,87,100,0.5122119091796875,158.2,146.15,151.15
TSLA,2026-09-10,2026-11-20,P,520.0,30,50,0.516606396484375,163.2,150.4,156.0
TSLA,2026-09-10,2026-11-20,P,525.0,0,1,0.5227708856201172,168.55,155.3,160.9
TSLA,2026-09-10,2026-11-20,P,530.0,0,10,0.9265449240112305,205.94,179.9,182.35
TSLA,2026-09-10,2026-11-20,P,535.0,1,10,0.9362494168090819,217.26,184.85,187.05
TSLA,2026-09-10,2026-11-20,P,540.0,8,2,1.0000000000000003e-05,131.7,143.15,145.6
TSLA,2026-09-10,2026-11-20,P,545.0,0,12,1.0000000000000003e-05,187.75,0.0,0.0
TSLA,2026-09-10,2026-11-20,P,550.0,0,1,0.8533339862060547,244.0,192.9,197.7
TSLA,2026-09-10,2026-11-20,P,555.0,0,2,0.9822999816894531,174.95,204.7,206.75
TSLA,2026-09-10,2026-11-20,P,560.0,6,1,1.0000000000000003e-05,176.02,160.4,162.8
TSLA,2026-09-10,2026-11-20,P,565.0,6,13,1.5277733572387695,163.65,242.4,247.9
TSLA,2026-09-10,2026-11-20,P,570.0,0,96,1.0183154553222655,248.93,219.65,221.8
TSLA,2026-09-10,2026-11-20,P,575.0,0,22,1.0300036293029786,257.45,224.65,226.8
TSLA,2026-09-10,2026-11-20,P,580.0,0,28,1.041508698730469,262.7,229.65,231.8
TSLA,2026-09-10,2026-11-20,P,585.0,0,39,1.0528611810302735,261.2,234.65,236.8
TSLA,2026-09-10,2026-11-20,P,590.0,0,75,1.058781561584473,266.1,239.25,241.7
TSLA,2026-09-10,2026-11-20,P,595.0,0,24,1.0724533682250978,271.2,244.8,246.4
TSLA,2026-09-10,2026-11-20,P,600.0,0,64,1.091801416015625,278.04,248.5,253.5
TSLA,2026-09-10,2026-11-20,P,605.0,0,2,1.0000000000000003e-05,219.55,0.0,0.0
TSLA,2026-09-10,2026-11-20,P,610.0,0,392,1.1068770242309571,291.15,259.5,261.9
TSLA,2026-09-10,2026-11-20,P,615.0,0,62,1.1168562223815917,296.15,264.45,266.9
TSLA,2026-09-10,2026-11-20,P,620.0,0,1,1.1272321470642088,233.19,269.45,271.9
TSLA,2026-09-10,2026-11-20,P,625.0,52,22,1.0000000000000003e-05,242.4,226.75,230.15
TSLA,2026-09-10,2026-11-20,P,630.0,0,2,1.1481365835571289,250.39,279.45,281.95
TSLA,2026-09-10,2026-11-20,P,635.0,1,1,1.0000000000000003e-05,211.41,229.35,231.0
TSLA,2026-09-10,2026-11-20,P,640.0,0,2,1.0000000000000003e-05,287.92,0.0,0.0
TSLA,2026-09-10,2026-11-20,P,645.0,0,12,1.7127699908447265,265.36,321.05,328.45
TSLA,2026-09-10,2026-11-20,P,650.0,0,15,1.1868937139892577,332.6,299.45,301.9
TSLA,2026-09-10,2026-11-20,P,655.0,0,20,1.0000000000000003e-05,259.25,255.4,258.7
TSLA,2026-09-10,2026-11-20,P,660.0,0,10,1.0000000000000003e-05,237.74,252.6,254.8
TSLA,2026-09-10,2026-11-20,P,665.0,0,2,0.657229990234375,326.8,295.9,302.8
TSLA,2026-09-10,2026-11-20,P,670.0,0,11,1.7719737963867184,288.99,346.05,354.25
TSLA,2026-09-10,2026-11-20,P,675.0,0,2,1.7821360990905761,286.08,351.05,359.25
TSLA,2026-09-10,2026-11-20,P,680.0,0,4,1.7926035760498047,290.84,356.1,364.25
TSLA,2026-09-10,2026-11-20,P,685.0,0,2,1.8021250128173827,295.95,361.05,369.25
TSLA,2026-09-10,2026-11-20,P,690.0,0,11,1.8048410636901853,290.95,366.05,373.4
TSLA,2026-09-10,2026-11-20,P,695.0,0,10,1.0000000000000003e-05,320.92,286.3,288.7
TSLA,2026-09-10,2026-11-20,P,700.0,0,1,1.2761877011108393,356.18,349.8,351.4
TSLA,2026-09-10,2026-11-20,P,705.0,0,1,1.8341072747802731,300.1,381.05,388.45
TSLA,2026-09-10,2026-11-20,P,710.0,0,7,1.0000000000000003e-05,325.1,0.0,0.0
TSLA,2026-09-10,2026-11-20,P,720.0,0,11,1.0000000000000003e-05,337.56,324.7,326.4
TSLA,2026-09-10,2026-11-20,P,730.0,0,22,1.0000000000000003e-05,347.33,334.7,336.4
TSLA,2026-09-10,2026-11-20,P,740.0,0,2,1.0000000000000003e-05,336.45,0.0,0.0
TSLA,2026-09-10,2026-11-20,P,750.0,0,10,1.0000000000000003e-05,359.01,0.0,0.0
TSLA,2026-09-10,2026-11-20,P,760.0,0,20,1.0000000000000003e-05,364.5,358.0,361.25
TSLA,2026-09-10,2026-11-20,P,770.0,0,1,1.0000000000000003e-05,378.89,0.0,0.0
TSLA,2026-09-10,2026-11-20,P,780.0,0,50,1.0000000000000003e-05,359.3,0.0,0.0
TSLA,2026-09-10,2026-11-20,P,790.0,0,20,1.0000000000000003e-05,379.87,0.0,0.0
TSLA,2026-09-10,2026-11-20,P,800.0,0,2,1.0000000000000003e-05,394.6,0.0,0.0
TSLA,2026-09-10,2026-11-20,P,810.0,0,0,1.0000000000000003e-05,410.61,417.5,420.2
TSLA,2026-09-10,2026-11-20,P,820.0,0,0,1.0000000000000003e-05,401.63,427.5,430.2
TSLA,2026-09-10,2026-11-20,P,850.0,0,2,1.0000000000000003e-05,412.95,445.85,448.55
TSLA,2026-09-10,2026-11-20,P,870.0,0,1,1.0000000000000003e-05,500.0,459.8,463.8
TSLA,2026-09-10,2026-12-18,C,5.0,10986,14,5.230472211914062,359.87,360.7,365.6
TSLA,2026-09-10,2026-12-18,C,10.0,574,1,2.2656293359374997,342.88,353.55,359.85
TSLA,2026-09-10,2026-12-18,C,15.0,130,1,4.102055653686523,338.01,347.45,354.8
TSLA,2026-09-10,2026-12-18,C,20.0,364,20,3.534180852050781,346.5,342.4,349.5
TSLA,2026-09-10,2026-12-18,C,25.0,1618,1,1.0000000000000003e-05,297.62,321.45,328.45
TSLA,2026-09-10,2026-12-18,C,30.0,89,20,2.4677772680664063,304.02,334.05,341.55
TSLA,2026-09-10,2026-12-18,C,35.0,93,17,7.32177819152832,357.95,357.8,364.4
TSLA,2026-09-10,2026-12-18,C,40.0,12,1,2.2739300964355467,313.62,324.55,331.8
TSLA,2026-09-10,2026-12-18,C,45.0,19,1,2.479495988769531,312.8,318.4,324.8
TSLA,2026-09-10,2026-12-18,C,50.0,768,16,2.0629931237792967,310.33,314.55,322.05
TSLA,2026-09-10,2026-12-18,C,75.0,888,1,1.0000000000000003e-05,342.7,272.2,279.7
TSLA,2026-09-10,2026-12-18,C,80.0,1075,1,1.6181659716796877,272.42,284.95,292.2
TSLA,2026-09-10,2026-12-18,C,85.0,348,2,1.2656286718749998,288.45,279.0,285.4
TSLA,2026-09-10,2026-12-18,C,90.0,570,4,1.0000000000000003e-05,218.99,261.65,269.35
TSLA,2026-09-10,2026-12-18,C,95.0,203,4,1.0000000000000003e-05,303.6,224.25,231.45
TSLA,2026-09-10,2026-12-18,C,100.0,1611,1,1.2578162109375,267.95,264.9,270.6
TSLA,2026-09-10,2026-12-18,C,105.0,4921,8,1.0000000000000003e-05,268.05,244.1,247.8
TSLA,2026-09-10,2026-12-18,C,110.0,309,4,1.0000000000000003e-05,199.97,241.95,249.65
TSLA,2026-09-10,2026-12-18,C,115.0,117,14,1.0000000000000003e-05,270.95,234.5,238.4
TSLA,2026-09-10,2026-12-18,C,120.0,476,5,1.2689245538330074,248.41,246.4,251.95
TSLA,2026-09-10,2026-12-18,C,125.0,558,4,1.2355995251464842,215.0,241.45,247.1
TSLA,2026-09-10,2026-12-18,C,130.0,249,1,1.0000000000000003e-05,180.84,222.3,230.0
TSLA,2026-09-10,2026-12-18,C,135.0,324,1,1.1608928674316408,219.69,230.55,238.15
TSLA,2026-09-10,2026-12-18,C,140.0,593,1,1.0695847302246095,229.67,226.3,231.25
TSLA,2026-09-10,2026-12-18,C,145.0,325,1,1.0683640332031252,212.3,220.9,227.4
TSLA,2026-09-10,2026-12-18,C,150.0,2368,110,0.9123543920898438,218.82,214.75,221.15
TSLA,2026-09-10,2026-12-18,C,155.0,461,1,0.9434820104980468,214.77,210.5,216.55
TSLA,2026-09-10,2026-12-18,C,160.0,597,1,1.0402880017089848,205.25,206.5,213.85
TSLA,2026-09-10,2026-12-18,C,165.0,785,1,0.9915772326660157,198.91,202.2,207.7
TSLA,2026-09-10,2026-12-18,C,170.0,909,1,0.901246104736328,185.33,196.45,201.8
TSLA,2026-09-10,2026-12-18,C,175.0,1209,1,0.8127460131835937,205.0,189.8,197.0
TSLA,2026-09-10,2026-12-18,C,180.0,1487,20,0.885743330078125,177.24,186.5,193.05
TSLA,2026-09-10,2026-12-18,C,185.0,563,3,0.7729514892578125,172.43,180.05,187.1
TSLA,2026-09-10,2026-12-18,C,190.0,683,7,0.755983885498047,179.25,175.95,181.45
TSLA,2026-09-10,2026-12-18,C,195.0,396,1,0.8521743298339843,191.0,172.85,178.65
TSLA,2026-09-10,2026-12-18,C,200.0,3994,3,0.7858908129882812,170.15,167.55,172.5
TSLA,2026-09-10,2026-12-18,C,205.0,232,2,0.7452418054199219,171.15,161.95,167.6
TSLA,2026-09-10,2026-12-18,C,210.0,740,86,0.6999541723632813,157.51,156.3,162.55
TSLA,2026-09-10,2026-12-18,C,215.0,1036,132,0.7586694055175782,157.36,153.4,158.9
TSLA,2026-09-10,2026-12-18,C,220.0,2158,132,0.7211941943359376,152.58,148.65,153.15
TSLA,2026-09-10,2026-12-18,C,225.0,825,62,0.6951934777832032,144.9,143.75,148.05
TSLA,2026-09-10,2026-12-18,C,230.0,1355,64,0.6898224377441409,140.16,139.75,143.05
TSLA,2026-09-10,2026-12-18,C,235.0,1148,2,0.6801789794921876,137.0,134.75,138.9
TSLA,2026-09-10,2026-12-18,C,240.0,1701,1,0.6221961608886719,125.59,128.4,133.5
TSLA,2026-09-10,2026-12-18,C,245.0,756,2,0.6581455084228516,120.84,126.55,128.8
TSLA,2026-09-10,2026-12-18,C,250.0,2367,14,0.5930216479492189,124.06,120.0,122.95
TSLA,2026-09-10,2026-12-18,C,260.0,2748,17,0.5279588220214844,113.65,109.5,112.4
TSLA,2026-09-10,2026-12-18,C,265.0,24,6,0.5965616516113281,109.1,108.05,110.0
TSLA,2026-09-10,2026-12-18,C,270.0,1621,1,0.5582319567871095,101.0,102.55,104.5
TSLA,2026-09-10,2026-12-18,C,275.0,186,6,0.5698895550537109,100.8,99.05,100.85
TSLA,2026-09-10,2026-12-18,C,280.0,1629,12,0.5525252267456054,100.75,94.15,96.4
TSLA,2026-09-10,2026-12-18,C,285.0,101,1,0.5053150054931641,92.77,87.85,90.8
TSLA,2026-09-10,2026-12-18,C,290.0,2173,7,0.5065356964111327,88.0,84.35,86.55
TSLA,2026-09-10,2026-12-18,C,295.0,117,2,0.5331467584228515,80.32,82.0,83.85
TSLA,2026-09-10,2026-12-18,C,300.0,5242,31,0.5120288055419921,78.3,77.35,79.0
TSLA,2026-09-10,2026-12-18,C,305.0,515,2,0.5131274273681641,72.45,73.7,75.55
TSLA,2026-09-10,2026-12-18,C,310.0,1893,1,0.5100757000732423,70.72,70.05,71.85
TSLA,2026-09-10,2026-12-18,C,315.0,334,11,0.5101062173461915,70.52,66.1,67.55
TSLA,2026-09-10,2026-12-18,C,320.0,2263,21,0.5002796554565431,62.63,61.6,63.65
TSLA,2026-09-10,2026-12-18,C,325.0,950,2,0.50040172454834,59.5,59.1,60.45
TSLA,2026-09-10,2026-12-18,C,330.0,5497,5,0.47830721893310546,57.48,54.95,55.9
TSLA,2026-09-10,2026-12-18,C,335.0,684,8,0.48907981628417974,53.63,51.55,53.6
TSLA,2026-09-10,2026-12-18,C,340.0,2107,22,0.48898826446533217,48.0,49.2,50.7
TSLA,2026-09-10,2026-12-18,C,345.0,630,3,0.4830679135131837,47.3,46.15,47.5
TSLA,2026-09-10,2026-12-18,C,350.0,6697,5,0.4758353198242187,44.5,43.55,44.3
TSLA,2026-09-10,2026-12-18,C,355.0,747,11,0.4788260125732422,39.78,40.65,41.95
TSLA,2026-09-10,2026-12-18,C,360.0,2558,3,0.48090118713378904,37.47,38.05,39.65
TSLA,2026-09-10,2026-12-18,C,365.0,971,10,0.47746799392700195,37.0,36.4,37.05
TSLA,2026-09-10,2026-12-18,C,370.0,2827,31,0.45752495605468757,33.75,32.75,33.3
TSLA,2026-09-10,2026-12-18,C,375.0,1130,35,0.45990530334472657,32.0,30.85,31.35
TSLA,2026-09-10,2026-12-18,C,380.0,6333,14,0.46286547882080087,30.35,29.15,29.55
TSLA,2026-09-10,2026-12-18,C,385.0,1077,1,0.4683585879516602,26.46,27.65,28.05
TSLA,2026-09-10,2026-12-18,C,390.0,2707,5,0.45538874694824216,26.2,24.9,25.25
TSLA,2026-09-10,2026-12-18,C,395.0,1356,27,0.46690901748657226,23.38,23.95,24.4
TSLA,2026-09-10,2026-12-18,C,400.0,12605,79,0.463872548828125,22.8,22.2,22.55
TSLA,2026-09-10,2026-12-18,C,405.0,890,2,0.45676202423095713,19.9,20.1,20.5
TSLA,2026-09-10,2026-12-18,C,410.0,3295,2,0.4530694342041016,20.02,18.4,18.8
TSLA,2026-09-10,2026-12-18,C,415.0,596,1,0.4536797796630859,16.72,17.1,17.5
TSLA,2026-09-10,2026-12-18,C,420.0,5559,11,0.46689375885009765,16.8,16.8,17.15
TSLA,2026-09-10,2026-12-18,C,425.0,1226,1,0.4699149688720704,16.17,15.8,16.15
TSLA,2026-09-10,2026-12-18,C,430.0,3868,1,0.4681449670410156,14.67,14.55,14.9
TSLA,2026-09-10,2026-12-18,C,435.0,5572,1,0.46286547882080087,13.31,13.15,13.5
TSLA,2026-09-10,2026-12-18,C,440.0,5229,48,0.4618278915405274,12.15,12.1,12.45
TSLA,2026-09-10,2026-12-18,C,445.0,2641,238,0.46045461425781253,11.36,11.1,11.45
TSLA,2026-09-10,2026-12-18,C,450.0,8119,61,0.4707694525146484,11.03,10.85,11.2
TSLA,2026-09-10,2026-12-18,C,455.0,906,74,0.47022014160156256,9.9,10.05,10.35
TSLA,2026-09-10,2026-12-18,C,460.0,4935,11,0.46497117065429694,9.55,9.05,9.3
TSLA,2026-09-10,2026-12-18,C,465.0,631,30,0.46973186523437505,8.95,8.6,8.85
TSLA,2026-09-10,2026-12-18,C,470.0,4060,2,0.47675083801269535,8.05,8.3,8.55
TSLA,2026-09-10,2026-12-18,C,480.0,4950,17,0.47186807434082034,7.1,6.8,7.1
TSLA,2026-09-10,2026-12-18,C,490.0,1790,76,0.47614049255371094,6.57,5.95,6.25
TSLA,2026-09-10,2026-12-18,C,500.0,18483,55,0.4862111926269531,5.5,5.55,5.75
TSLA,2026-09-10,2026-12-18,C,510.0,3292,50,0.4867605035400391,5.0,4.7,4.95
TSLA,2026-09-10,2026-12-18,C,520.0,2436,30,0.49561051269531253,4.15,4.3,4.55
TSLA,2026-09-10,2026-12-18,C,530.0,2314,4,0.49695327270507816,3.89,3.75,3.95
TSLA,2026-09-10,2026-12-18,C,540.0,4640,10,0.5022632781982423,3.25,3.35,3.55
TSLA,2026-09-10,2026-12-18,C,550.0,10092,9,0.5048877636718749,3.1,3.05,3.2
TSLA,2026-09-10,2026-12-18,C,560.0,3868,3,0.5042774182128906,2.82,2.58,2.76
TSLA,2026-09-10,2026-12-18,C,570.0,3118,12,0.5147753601074219,2.37,2.45,2.63
TSLA,2026-09-10,2026-12-18,C,580.0,3405,34,0.5194750201416016,2.33,2.2,2.39
TSLA,2026-09-10,2026-12-18,C,590.0,2139,1,0.5235033001708984,1.92,1.99,2.14
TSLA,2026-09-10,2026-12-18,C,600.0,11948,3,0.5279588220214844,1.82,1.78,1.96
TSLA,2026-09-10,2026-12-18,C,610.0,1413,38,0.5373581420898439,1.79,1.73,1.85
TSLA,2026-09-10,2026-12-18,C,620.0,1526,38,0.5396774548339844,1.68,1.47,1.72
TSLA,2026-09-10,2026-12-18,C,630.0,920,3,0.5449264257812501,1.75,1.34,1.6
TSLA,2026-09-10,2026-12-18,C,640.0,648,4,0.5506636730957033,1.61,1.23,1.5
TSLA,2026-09-10,2026-12-18,C,650.0,6291,7,0.5576216113281252,1.46,1.25,1.33
TSLA,2026-09-10,2026-12-18,C,660.0,2262,4,0.5618940295410157,1.28,1.05,1.32
TSLA,2026-09-10,2026-12-18,C,670.0,1243,11,0.5671430004882813,1.23,0.97,1.24
TSLA,2026-09-10,2026-12-18,C,680.0,1080,1,0.5731243859863282,1.15,0.91,1.17
TSLA,2026-09-10,2026-12-18,C,690.0,1242,1,0.5783733569335938,0.96,0.84,1.11
TSLA,2026-09-10,2026-12-18,C,700.0,8673,5,0.584965087890625,1.02,0.87,0.99
TSLA,2026-09-10,2026-12-18,C,710.0,12776,4,0.5887492297363282,0.92,0.81,0.91
TSLA,2026-09-10,2026-12-18,C,720.0,4205,5,0.5932657861328126,0.99,0.76,0.85
TSLA,2026-09-10,2026-12-18,C,730.0,8227,1,0.5983926879882813,0.73,0.7,0.82
TSLA,2026-09-10,2026-12-18,C,740.0,1402,3,0.6042520043945314,0.69,0.59,0.86
TSLA,2026-09-10,2026-12-18,C,750.0,6353,3,0.6071816625976563,0.85,0.62,0.72
TSLA,2026-09-10,2026-12-18,C,760.0,472,4,0.6132851171875001,0.76,0.51,0.78
TSLA,2026-09-10,2026-12-18,C,770.0,1515,1,0.6179237426757813,0.76,0.47,0.75
TSLA,2026-09-10,2026-12-18,C,780.0,2033,78,0.6213416772460938,0.69,0.43,0.71
TSLA,2026-09-10,2026-12-18,C,790.0,2459,1,0.6257361645507813,0.6,0.4,0.68
TSLA,2026-09-10,2026-12-18,C,800.0,10683,2,0.6306189282226562,0.5,0.39,0.64
TSLA,2026-09-10,2026-12-18,C,810.0,1939,1,0.6342810009765626,0.55,0.34,0.63
TSLA,2026-09-10,2026-12-18,C,820.0,1071,2,0.6381872119140625,0.48,0.32,0.6
TSLA,2026-09-10,2026-12-18,C,830.0,525,4,0.6420934228515626,0.48,0.29,0.58
TSLA,2026-09-10,2026-12-18,C,840.0,851,11,0.6462437719726561,0.78,0.27,0.56
TSLA,2026-09-10,2026-12-18,C,850.0,7562,1,0.6455113574218749,0.38,0.25,0.49
TSLA,2026-09-10,2026-12-18,C,860.0,1013,2,0.6538120556640626,0.5,0.23,0.52
TSLA,2026-09-10,2026-12-18,C,870.0,782,41,0.65820654296875,0.44,0.22,0.5
TSLA,2026-09-10,2026-12-18,C,880.0,2164,935,0.6626010302734376,0.53,0.21,0.48
TSLA,2026-09-10,2026-12-18,C,890.0,453,1,0.666263103027344,0.46,0.19,0.47
TSLA,2026-09-10,2026-12-18,C,900.0,3261,5,0.676761044921875,0.26,0.25,0.44
TSLA,2026-09-10,2026-12-18,C,910.0,662,64,0.6743196630859377,0.34,0.17,0.44
TSLA,2026-09-10,2026-12-18,C,920.0,560,2,0.6787141503906251,0.31,0.16,0.43
TSLA,2026-09-10,2026-12-18,C,930.0,452,1,0.6816438085937502,0.36,0.15,0.41
TSLA,2026-09-10,2026-12-18,C,940.0,1759,1,0.68555001953125,0.41,0.14,0.4
TSLA,2026-09-10,2026-12-18,C,950.0,5859,2,0.6987334814453126,0.28,0.2,0.39
TSLA,2026-09-10,2026-12-18,C,960.0,5583,22,0.694338994140625,0.33,0.13,0.38
TSLA,2026-09-10,2026-12-18,C,970.0,906,1,0.6801789794921876,0.24,0.12,0.26
TSLA,2026-09-10,2026-12-18,C,980.0,960,1,0.7026396923828125,0.27,0.12,0.36
TSLA,2026-09-10,2026-12-18,C,990.0,20328,1,0.694338994140625,0.2,0.11,0.28
TSLA,2026-09-10,2026-12-18,P,5.0,9965,1,2.50000375,0.01,0.0,0.01
TSLA,2026-09-10,2026-12-18,P,10.0,17199,20,2.0625048437499998,0.01,0.0,0.01
TSLA,2026-09-10,2026-12-18,P,15.0,1309,100,1.8125009374999999,0.02,0.0,0.01
TSLA,2026-09-10,2026-12-18,P,20.0,2258,2,1.625001875,0.01,0.0,0.01
TSLA,2026-09-10,2026-12-18,P,25.0,1788,3,1.5625021874999998,0.01,0.0,0.02
TSLA,2026-09-10,2026-12-18,P,30.0,2818,1,1.5156274218749999,0.04,0.0,0.03
TSLA,2026-09-10,2026-12-18,P,35.0,944,2,1.40625296875,0.02,0.0,0.03
TSLA,2026-09-10,2026-12-18,P,40.0,3056,1,1.3906280468749999,0.03,0.01,0.04
TSLA,2026-09-10,2026-12-18,P,45.0,4799,2,1.3125034374999998,0.07,0.01,0.04
TSLA,2026-09-10,2026-12-18,P,50.0,2768,3,1.2656286718749998,0.03,0.01,0.05
TSLA,2026-09-10,2026-12-18,P,75.0,3241,162,1.08203583984375,0.1,0.01,0.12
TSLA,2026-09-10,2026-12-18,P,80.0,1840,31,1.1474652001953123,0.09,0.01,0.33
TSLA,2026-09-10,2026-12-18,P,85.0,806,4,1.0234423828125,0.1,0.05,0.12
TSLA,2026-09-10,2026-12-18,P,90.0,658,5,0.99023447265625,0.12,0.01,0.17
TSLA,2026-09-10,2026-12-18,P,95.0,931,2,0.9951172363281251,0.18,0.01,0.26
TSLA,2026-09-10,2026-12-18,P,100.0,8167,3,0.9511723632812499,0.14,0.1,0.15
TSLA,2026-09-10,2026-12-18,P,105.0,2089,3,0.973633076171875,0.18,0.04,0.39
TSLA,2026-09-10,2026-12-18,P,110.0,2903,12,0.92187578125,0.17,0.06,0.31
TSLA,2026-09-10,2026-12-18,P,115.0,1321,2,0.9003916210937499,0.21,0.09,0.32
TSLA,2026-09-10,2026-12-18,P,120.0,4342,14,0.877930908203125,0.25,0.11,0.34
TSLA,2026-09-10,2026-12-18,P,125.0,2045,4,0.860352958984375,0.22,0.14,0.37
TSLA,2026-09-10,2026-12-18,P,130.0,5426,14,0.840821904296875,0.28,0.16,0.4
TSLA,2026-09-10,2026-12-18,P,135.0,1371,10,0.8203142968749999,0.3,0.19,0.42
TSLA,2026-09-10,2026-12-18,P,140.0,2033,5,0.782228740234375,0.32,0.2,0.35
TSLA,2026-09-10,2026-12-18,P,145.0,787,10,0.7817404638671875,0.34,0.23,0.49
TSLA,2026-09-10,2026-12-18,P,150.0,4185,12,0.7617211328125001,0.38,0.25,0.52
TSLA,2026-09-10,2026-12-18,P,155.0,2368,1,0.7539087109375,0.44,0.37,0.55
TSLA,2026-09-10,2026-12-18,P,160.0,4764,1,0.7158231542968749,0.43,0.31,0.5
TSLA,2026-09-10,2026-12-18,P,165.0,1911,140,0.7065459033203125,0.48,0.33,0.62
TSLA,2026-09-10,2026-12-18,P,170.0,1621,19,0.6911651977539064,0.5,0.38,0.66
TSLA,2026-09-10,2026-12-18,P,175.0,1826,5,0.6816438085937502,0.53,0.5,0.7
TSLA,2026-09-10,2026-12-18,P,180.0,3935,30,0.6528355029296876,0.58,0.44,0.7
TSLA,2026-09-10,2026-12-18,P,185.0,4030,9,0.6418492846679689,0.6,0.49,0.8
TSLA,2026-09-10,2026-12-18,P,190.0,2586,91,0.6223182299804688,0.68,0.55,0.78
TSLA,2026-09-10,2026-12-18,P,195.0,1010,50,0.6123085644531252,0.78,0.71,0.8
TSLA,2026-09-10,2026-12-18,P,200.0,11362,6,0.5993692407226563,0.85,0.78,0.88
TSLA,2026-09-10,2026-12-18,P,205.0,1632,25,0.5855754333496093,0.87,0.75,1.05
TSLA,2026-09-10,2026-12-18,P,210.0,1686,41,0.573368524169922,0.92,0.84,1.14
TSLA,2026-09-10,2026-12-18,P,215.0,1996,29,0.561527822265625,1.16,0.94,1.24
TSLA,2026-09-10,2026-12-18,P,220.0,4074,1,0.5502974658203126,1.21,1.14,1.27
TSLA,2026-09-10,2026-12-18,P,225.0,3174,1,0.5395553857421876,1.36,1.2,1.47
TSLA,2026-09-10,2026-12-18,P,230.0,3937,18,0.5308884802246094,1.5,1.4,1.61
TSLA,2026-09-10,2026-12-18,P,235.0,1767,3,0.5205126074218749,1.66,1.55,1.78
TSLA,2026-09-10,2026-12-18,P,240.0,4361,1,0.5101367346191408,1.89,1.77,1.91
TSLA,2026-09-10,2026-12-18,P,245.0,4483,45,0.5003712072753908,2.16,1.89,2.19
TSLA,2026-09-10,2026-12-18,P,250.0,10225,144,0.49609878906250005,2.41,2.2,2.37
TSLA,2026-09-10,2026-12-18,P,260.0,9652,150,0.47876497802734375,2.88,2.81,2.94
TSLA,2026-09-10,2026-12-18,P,265.0,522,1,0.4732718688964844,3.25,3.15,3.35
TSLA,2026-09-10,2026-12-18,P,270.0,10348,2,0.46924358886718753,3.87,3.6,3.85
TSLA,2026-09-10,2026-12-18,P,275.0,3569,22,0.46191944335937507,4.52,4.1,4.3
TSLA,2026-09-10,2026-12-18,P,280.0,9532,51,0.45770805969238293,5.25,4.7,4.9
TSLA,2026-09-10,2026-12-18,P,285.0,734,1,0.4570977142333985,5.65,5.4,5.7
TSLA,2026-09-10,2026-12-18,P,290.0,8821,2,0.45062805236816406,6.0,6.1,6.35
TSLA,2026-09-10,2026-12-18,P,295.0,1500,6,0.4439142523193359,6.78,6.8,7.05
TSLA,2026-09-10,2026-12-18,P,300.0,13576,25,0.4390925231933594,7.75,7.7,7.9
TSLA,2026-09-10,2026-12-18,P,305.0,1268,12,0.4357051058959961,9.12,8.6,8.9
TSLA,2026-09-10,2026-12-18,P,310.0,3686,2,0.4315547567749024,9.8,9.65,9.95
TSLA,2026-09-10,2026-12-18,P,315.0,1130,51,0.43112751495361334,11.67,11.0,11.3
TSLA,2026-09-10,2026-12-18,P,320.0,8079,4,0.42957113403320313,12.4,12.35,12.7
TSLA,2026-09-10,2026-12-18,P,325.0,2928,1,0.4285945812988281,14.7,13.95,14.25
TSLA,2026-09-10,2026-12-18,P,330.0,4271,448,0.42185026397705083,16.58,15.2,15.55
TSLA,2026-09-10,2026-12-18,P,335.0,842,39,0.428716650390625,18.05,17.55,17.85
TSLA,2026-09-10,2026-12-18,P,340.0,7068,2,0.4187375021362304,20.35,18.85,19.15
TSLA,2026-09-10,2026-12-18,P,345.0,1067,1,0.42020233123779294,20.96,21.05,21.35
TSLA,2026-09-10,2026-12-18,P,350.0,12047,2,0.42810630493164065,24.6,23.8,24.15
TSLA,2026-09-10,2026-12-18,P,355.0,1048,1,0.42377285217285154,25.35,25.8,26.2
TSLA,2026-09-10,2026-12-18,P,360.0,5095,1,0.41919526123046874,28.05,28.0,28.35
TSLA,2026-09-10,2026-12-18,P,365.0,1266,3,0.41174904663085937,30.06,30.05,30.4
TSLA,2026-09-10,2026-12-18,P,370.0,3528,2,0.42185026397705083,34.7,33.45,33.9
TSLA,2026-09-10,2026-12-18,P,375.0,1528,2,0.42566492309570314,37.86,36.65,37.05
TSLA,2026-09-10,2026-12-18,P,380.0,5220,5,0.4141293939208984,40.8,38.7,39.15
TSLA,2026-09-10,2026-12-18,P,385.0,666,7,0.42011077941894537,43.75,42.2,42.7
TSLA,2026-09-10,2026-12-18,P,390.0,5908,1,0.4100400793457031,47.5,44.7,45.15
TSLA,2026-09-10,2026-12-18,P,395.0,783,9,0.41983612396240233,49.55,48.65,49.2
TSLA,2026-09-10,2026-12-18,P,400.0,6360,8,0.4120542193603516,51.0,51.55,52.05
TSLA,2026-09-10,2026-12-18,P,405.0,467,46,0.42767906311035164,54.75,55.05,56.7
TSLA,2026-09-10,2026-12-18,P,410.0,3962,5,0.40479110839843746,60.7,57.85,58.7
TSLA,2026-09-10,2026-12-18,P,415.0,369,43,0.4189816403198242,62.65,61.25,63.4
TSLA,2026-09-10,2026-12-18,P,420.0,2307,2,0.4130307720947265,67.94,64.65,66.8
TSLA,2026-09-10,2026-12-18,P,425.0,522,11,0.4232235412597656,69.54,69.35,71.35
TSLA,2026-09-10,2026-12-18,P,430.0,7339,2,0.4184628466796875,74.67,73.95,75.0
TSLA,2026-09-10,2026-12-18,P,435.0,384,1,0.40286852020263675,74.5,76.45,78.1
TSLA,2026-09-10,2026-12-18,P,440.0,3600,4,0.40216662292480465,92.53,80.55,82.2
TSLA,2026-09-10,2026-12-18,P,445.0,236,4,0.41022318298339844,95.5,85.1,86.85
TSLA,2026-09-10,2026-12-18,P,450.0,2512,9,0.4241085421752929,91.9,89.6,91.85
TSLA,2026-09-10,2026-12-18,P,455.0,83,2,0.40796490478515623,93.45,93.2,95.3
TSLA,2026-09-10,2026-12-18,P,460.0,1764,6,0.4054014538574219,100.0,97.55,99.55
TSLA,2026-09-10,2026-12-18,P,465.0,136,4,0.4036314520263672,108.04,102.45,103.9
TSLA,2026-09-10,2026-12-18,P,470.0,1843,1,0.4426020095825196,109.15,107.65,110.15
TSLA,2026-09-10,2026-12-18,P,480.0,3186,14,0.4489190850830078,119.62,117.4,119.35
TSLA,2026-09-10,2026-12-18,P,490.0,514,3,0.4537408142089844,113.45,126.15,128.6
TSLA,2026-09-10,2026-12-18,P,500.0,5463,4,0.39728385925292964,135.75,133.95,135.9
TSLA,2026-09-10,2026-12-18,P,510.0,520,4,0.4826711889648438,158.55,142.35,148.1
TSLA,2026-09-10,2026-12-18,P,520.0,545,6,0.46289599609375004,173.77,152.05,156.75
TSLA,2026-09-10,2026-12-18,P,530.0,548,2,0.49371844177246105,169.65,161.65,167.15
TSLA,2026-09-10,2026-12-18,P,540.0,25,25,0.47614049255371094,185.3,170.95,176.1
TSLA,2026-09-10,2026-12-18,P,550.0,146,1,0.48517360534667964,170.55,180.3,185.9
TSLA,2026-09-10,2026-12-18,P,560.0,12,23,0.4952443054199219,205.1,190.15,195.75
TSLA,2026-09-10,2026-12-18,P,570.0,15,15,0.5065967309570312,191.5,200.05,205.65
TSLA,2026-09-10,2026-12-18,P,580.0,0,490,0.7793601165771484,274.2,222.7,227.8
TSLA,2026-09-10,2026-12-18,P,590.0,0,23,0.9038400729370117,215.75,239.65,242.1
TSLA,2026-09-10,2026-12-18,P,600.0,0,1,0.5701947277832031,233.98,230.85,236.1
TSLA,2026-09-10,2026-12-18,P,610.0,1,1075,0.9406133868408204,287.85,259.65,262.1
TSLA,2026-09-10,2026-12-18,P,620.0,0,1,0.8663953790283203,296.07,262.1,270.05
TSLA,2026-09-10,2026-12-18,P,630.0,0,2046,0.9728396270751953,311.05,279.5,281.95
TSLA,2026-09-10,2026-12-18,P,640.0,0,854,0.9892274026489257,317.9,289.5,291.9
TSLA,2026-09-10,2026-12-18,P,650.0,1,2672,1.0056812411499023,329.9,299.5,301.9
TSLA,2026-09-10,2026-12-18,P,660.0,0,2,0.6668734484863283,325.57,290.55,296.45
TSLA,2026-09-10,2026-12-18,P,670.0,0,12,1.5031457948303222,276.15,347.3,353.35
TSLA,2026-09-10,2026-12-18,P,680.0,0,1,1.0529222158813476,300.0,329.5,331.9
TSLA,2026-09-10,2026-12-18,P,690.0,0,1,1.06799782409668,290.5,339.5,341.9
TSLA,2026-09-10,2026-12-18,P,700.0,4,5,1.0893905393981933,373.15,349.85,352.25
TSLA,2026-09-10,2026-12-18,P,710.0,0,1,1.1038863165283204,318.62,359.85,362.25
TSLA,2026-09-10,2026-12-18,P,720.0,0,5,1.5827047232055662,313.8,396.05,404.25
TSLA,2026-09-10,2026-12-18,P,730.0,0,4,1.0000000000000003e-05,347.96,335.05,336.1
TSLA,2026-09-10,2026-12-18,P,740.0,0,36,1.0000000000000003e-05,357.96,345.05,346.1
TSLA,2026-09-10,2026-12-18,P,750.0,1,1,0.5444381494140625,369.3,380.05,387.1
TSLA,2026-09-10,2026-12-18,P,760.0,0,17,1.0000000000000003e-05,367.77,0.0,0.0
TSLA,2026-09-10,2026-12-18,P,770.0,0,9,1.0000000000000003e-05,376.95,0.0,0.0
TSLA,2026-09-10,2026-12-18,P,780.0,0,4,1.0000000000000003e-05,387.89,0.0,0.0
TSLA,2026-09-10,2026-12-18,P,790.0,0,8,1.0000000000000003e-05,383.79,0.0,0.0
TSLA,2026-09-10,2026-12-18,P,800.0,0,4,1.0000000000000003e-05,369.32,0.0,0.0
TSLA,2026-09-10,2026-12-18,P,810.0,0,2,1.0000000000000003e-05,403.85,0.0,0.0
TSLA,2026-09-10,2026-12-18,P,820.0,0,1,1.0000000000000003e-05,424.05,0.0,0.0
TSLA,2026-09-10,2026-12-18,P,830.0,0,4,1.0000000000000003e-05,413.4,0.0,0.0
TSLA,2026-09-10,2026-12-18,P,840.0,0,1,1.0000000000000003e-05,429.3,0.0,0.0
TSLA,2026-09-10,2026-12-18,P,850.0,0,3,1.0000000000000003e-05,418.65,447.45,447.85
TSLA,2026-09-10,2026-12-18,P,860.0,0,1,1.0000000000000003e-05,427.8,0.0,0.0
TSLA,2026-09-10,2026-12-18,P,870.0,0,2,1.0000000000000003e-05,466.65,473.85,477.2
TSLA,2026-09-10,2026-12-18,P,880.0,0,1,1.0000000000000003e-05,461.8,487.2,490.5
TSLA,2026-09-10,2026-12-18,P,890.0,0,1,1.0000000000000003e-05,503.91,0.0,0.0
TSLA,2026-09-10,2026-12-18,P,900.0,0,1,1.0000000000000003e-05,534.52,476.7,479.05
TSLA,2026-09-10,2026-12-18,P,910.0,0,5,1.0000000000000003e-05,477.25,507.45,507.85
TSLA,2026-09-10,2026-12-18,P,920.0,0,1,1.0000000000000003e-05,485.2,517.5,517.9
TSLA,2026-09-10,2026-12-18,P,930.0,0,4,1.0000000000000003e-05,530.85,0.0,0.0
TSLA,2026-09-10,2026-12-18,P,940.0,0,3,1.0000000000000003e-05,506.45,511.5,512.2
TSLA,2026-09-10,2026-12-18,P,950.0,0,40,1.0000000000000003e-05,525.25,0.0,0.0
TSLA,2026-09-10,2026-12-18,P,960.0,0,6,1.0000000000000003e-05,522.5,557.5,557.9
TSLA,2026-09-10,2026-12-18,P,970.0,0,2,1.0000000000000003e-05,549.0,0.0,0.0
TSLA,2026-09-10,2026-12-18,P,980.0,0,2,1.0000000000000003e-05,578.52,577.75,580.75
TSLA,2026-09-10,2026-12-18,P,990.0,0,1,1.0000000000000003e-05,567.73,0.0,0.0
