ticker,date,expiry,type,strike,oi,volume,iv,last,bid,ask
TSLA,2026-08-17,2026-08-19,C,160.0,3,5,4.320317099609374,177.74,176.35,179.3
TSLA,2026-08-17,2026-08-19,C,200.0,7,11,3.285158037109375,139.5,136.0,139.4
TSLA,2026-08-17,2026-08-19,C,220.0,1,3,2.43750390625,116.4,115.75,119.2
TSLA,2026-08-17,2026-08-19,C,250.0,3,3,1.97265638671875,86.83,86.25,89.35
TSLA,2026-08-17,2026-08-19,C,260.0,10,42,1.75000125,80.21,75.4,79.35
TSLA,2026-08-17,2026-08-19,C,277.5,9,20,1.228519482421875,60.17,57.95,61.7
TSLA,2026-08-17,2026-08-19,C,280.0,27,37,0.99804689453125,56.85,55.65,59.1
TSLA,2026-08-17,2026-08-19,C,282.5,10,46,0.9570316796874999,56.25,54.1,56.6
TSLA,2026-08-17,2026-08-19,C,285.0,20,22,1.0000000000000003e-05,53.77,50.6,53.75
TSLA,2026-08-17,2026-08-19,C,287.5,6,82,1.0000000000000003e-05,49.77,48.9,51.45
TSLA,2026-08-17,2026-08-19,C,290.0,8,106,1.0000000000000003e-05,47.24,46.5,49.0
TSLA,2026-08-17,2026-08-19,C,292.5,9,196,1.0000000000000003e-05,45.35,44.2,45.65
TSLA,2026-08-17,2026-08-19,C,295.0,36,302,1.0000000000000003e-05,44.46,41.1,44.0
TSLA,2026-08-17,2026-08-19,C,297.5,12,305,1.0000000000000003e-05,40.33,39.35,41.4
TSLA,2026-08-17,2026-08-19,C,300.0,52,396,1.0000000000000003e-05,37.87,36.9,38.65
TSLA,2026-08-17,2026-08-19,C,302.5,40,306,1.0000000000000003e-05,35.41,34.1,36.45
TSLA,2026-08-17,2026-08-19,C,305.0,14,281,1.0000000000000003e-05,32.0,31.65,32.7
TSLA,2026-08-17,2026-08-19,C,307.5,39,105,1.0000000000000003e-05,30.7,28.5,30.3
TSLA,2026-08-17,2026-08-19,C,310.0,89,176,1.0000000000000003e-05,30.3,26.75,28.1
TSLA,2026-08-17,2026-08-19,C,312.5,62,255,1.0000000000000003e-05,27.79,24.15,25.6
TSLA,2026-08-17,2026-08-19,C,315.0,88,366,1.0000000000000003e-05,22.4,22.3,22.9
TSLA,2026-08-17,2026-08-19,C,317.5,52,1734,1.0000000000000003e-05,20.55,19.6,20.8
TSLA,2026-08-17,2026-08-19,C,320.0,125,783,1.0000000000000003e-05,17.31,16.35,17.95
TSLA,2026-08-17,2026-08-19,C,322.5,175,343,1.0000000000000003e-05,15.7,14.6,16.05
TSLA,2026-08-17,2026-08-19,C,325.0,629,2084,1.0000000000000003e-05,15.22,12.55,13.0
TSLA,2026-08-17,2026-08-19,C,327.5,383,803,1.0000000000000003e-05,10.45,9.8,10.7
TSLA,2026-08-17,2026-08-19,C,330.0,2408,10119,1.0000000000000003e-05,8.1,8.05,8.25
TSLA,2026-08-17,2026-08-19,C,332.5,2558,8170,1.0000000000000003e-05,6.15,6.2,6.4
TSLA,2026-08-17,2026-08-19,C,335.0,872,26274,0.1928791650390625,4.5,4.5,4.6
TSLA,2026-08-17,2026-08-19,C,337.5,863,42885,0.24927508544921873,3.25,3.3,3.35
TSLA,2026-08-17,2026-08-19,C,340.0,4862,85833,0.27649649291992184,2.3,2.32,2.33
TSLA,2026-08-17,2026-08-19,C,342.5,2004,39030,0.295905478515625,1.5,1.56,1.57
TSLA,2026-08-17,2026-08-19,C,345.0,2999,36083,0.31153032226562494,1.02,1.01,1.03
TSLA,2026-08-17,2026-08-19,C,347.5,1512,17736,0.3249579223632812,0.65,0.65,0.66
TSLA,2026-08-17,2026-08-19,C,350.0,6235,34743,0.34229173339843744,0.44,0.43,0.44
TSLA,2026-08-17,2026-08-19,C,352.5,1743,7226,0.36084623535156246,0.29,0.29,0.3
TSLA,2026-08-17,2026-08-19,C,355.0,2698,6912,0.379889013671875,0.21,0.2,0.21
TSLA,2026-08-17,2026-08-19,C,357.5,1165,2008,0.40430283203125,0.15,0.15,0.16
TSLA,2026-08-17,2026-08-19,C,360.0,3591,4675,0.424810439453125,0.11,0.11,0.12
TSLA,2026-08-17,2026-08-19,C,362.5,1426,1265,0.44434149414062496,0.09,0.08,0.09
TSLA,2026-08-17,2026-08-19,C,365.0,1150,1240,0.47461462890625,0.07,0.07,0.08
TSLA,2026-08-17,2026-08-19,C,367.5,511,809,0.5019581054687501,0.06,0.05,0.07
TSLA,2026-08-17,2026-08-19,C,370.0,2445,6558,0.5195360546875,0.06,0.05,0.06
TSLA,2026-08-17,2026-08-19,C,372.5,3037,114,0.5410202148437502,0.05,0.04,0.05
TSLA,2026-08-17,2026-08-19,C,375.0,4160,1358,0.5742230078125,0.04,0.04,0.05
TSLA,2026-08-17,2026-08-19,C,377.5,139,269,0.5898478515625001,0.04,0.03,0.04
TSLA,2026-08-17,2026-08-19,C,380.0,997,444,0.5976602734375001,0.03,0.02,0.03
TSLA,2026-08-17,2026-08-19,C,382.5,777,323,0.6289099609375001,0.03,0.02,0.03
TSLA,2026-08-17,2026-08-19,C,385.0,394,969,0.6562534375000001,0.03,0.02,0.03
TSLA,2026-08-17,2026-08-19,C,387.5,230,632,0.6718782812500002,0.02,0.01,0.03
TSLA,2026-08-17,2026-08-19,C,390.0,771,182,0.6796907031250001,0.01,0.01,0.02
TSLA,2026-08-17,2026-08-19,C,392.5,192,16,0.7460962890625,0.03,0.01,0.04
TSLA,2026-08-17,2026-08-19,C,395.0,413,112,0.73437765625,0.02,0.01,0.02
TSLA,2026-08-17,2026-08-19,C,397.5,217,204,0.7812521875,0.02,0.01,0.03
TSLA,2026-08-17,2026-08-19,C,400.0,1970,975,0.789064609375,0.02,0.01,0.02
TSLA,2026-08-17,2026-08-19,C,405.0,349,334,0.8437515624999999,0.01,0.01,0.02
TSLA,2026-08-17,2026-08-19,C,410.0,2097,213,0.8906260937499999,0.02,0.01,0.02
TSLA,2026-08-17,2026-08-19,C,415.0,785,36,0.9687503125,0.02,0.01,0.03
TSLA,2026-08-17,2026-08-19,C,420.0,1723,27,1.0468797656250002,0.02,0.0,0.05
TSLA,2026-08-17,2026-08-19,C,425.0,405,117,1.0781296093750001,0.03,0.0,0.04
TSLA,2026-08-17,2026-08-19,C,430.0,398,13,1.1484417578125,0.01,0.0,0.05
TSLA,2026-08-17,2026-08-19,C,435.0,37,22,1.1953165234375,0.02,0.0,0.05
TSLA,2026-08-17,2026-08-19,C,440.0,93,59,1.2500037499999999,0.02,0.0,0.05
TSLA,2026-08-17,2026-08-19,C,445.0,136,6,1.125004375,0.01,0.0,0.01
TSLA,2026-08-17,2026-08-19,C,450.0,328,104,1.3437532812499997,0.02,0.0,0.05
TSLA,2026-08-17,2026-08-19,C,455.0,46,9,1.3906280468749999,0.02,0.0,0.05
TSLA,2026-08-17,2026-08-19,C,460.0,283,11,1.2500037499999999,0.01,0.0,0.01
TSLA,2026-08-17,2026-08-19,C,465.0,14,500,1.484377578125,0.04,0.0,0.05
TSLA,2026-08-17,2026-08-19,C,470.0,25,2,1.5234398828124998,0.01,0.0,0.05
TSLA,2026-08-17,2026-08-19,C,475.0,41,0,1.453127734375,0.02,0.0,0.02
TSLA,2026-08-17,2026-08-19,C,480.0,29,8,1.609376953125,0.04,0.0,0.05
TSLA,2026-08-17,2026-08-19,C,485.0,66,15,1.65625171875,0.04,0.0,0.05
TSLA,2026-08-17,2026-08-19,C,490.0,51,8,1.5000025,0.01,0.0,0.01
TSLA,2026-08-17,2026-08-19,C,495.0,51,14,1.5312523437499999,0.05,0.0,0.01
TSLA,2026-08-17,2026-08-19,C,500.0,392,38,1.5625021874999998,0.01,0.0,0.01
TSLA,2026-08-17,2026-08-19,C,505.0,24,13,1.8281258593749998,0.05,0.0,0.05
TSLA,2026-08-17,2026-08-19,C,510.0,159,1,1.859375703125,0.02,0.0,0.05
TSLA,2026-08-17,2026-08-19,C,515.0,11,3,1.9062504687500001,0.05,0.0,0.05
TSLA,2026-08-17,2026-08-19,C,520.0,21,16,1.9375003125,0.02,0.0,0.05
TSLA,2026-08-17,2026-08-19,C,525.0,32,4,1.984375078125,0.02,0.0,0.05
TSLA,2026-08-17,2026-08-19,C,530.0,25,36,1.78125109375,0.02,0.0,0.01
TSLA,2026-08-17,2026-08-19,C,535.0,16,1,2.0625048437499998,0.05,0.0,0.05
TSLA,2026-08-17,2026-08-19,C,540.0,90,2,2.0937547656249995,0.01,0.0,0.05
TSLA,2026-08-17,2026-08-19,C,545.0,38,2,1.875000625,0.06,0.0,0.01
TSLA,2026-08-17,2026-08-19,C,550.0,70,40,1.9375003125,0.01,0.0,0.01
TSLA,2026-08-17,2026-08-19,C,555.0,7,4,1.9375003125,0.03,0.0,0.01
TSLA,2026-08-17,2026-08-19,C,560.0,30,15,1.96875015625,0.1,0.0,0.01
TSLA,2026-08-17,2026-08-19,C,565.0,21,1,2.000005,0.01,0.0,0.01
TSLA,2026-08-17,2026-08-19,C,570.0,15,1,2.0625048437499998,0.02,0.0,0.01
TSLA,2026-08-17,2026-08-19,C,575.0,28,31,2.0625048437499998,0.17,0.0,0.01
TSLA,2026-08-17,2026-08-19,C,580.0,123,1,2.1250046874999997,0.01,0.0,0.01
TSLA,2026-08-17,2026-08-19,C,585.0,7,3,2.1250046874999997,0.09,0.0,0.01
TSLA,2026-08-17,2026-08-19,C,590.0,70,26,2.1875045312499997,0.01,0.0,0.01
TSLA,2026-08-17,2026-08-19,C,600.0,9,5,2.2500043749999996,0.01,0.0,0.01
TSLA,2026-08-17,2026-08-19,C,610.0,8,0,2.4062539843749997,0.03,0.0,0.01
TSLA,2026-08-17,2026-08-19,P,160.0,34,1,3.1875020312499998,0.01,0.0,0.01
TSLA,2026-08-17,2026-08-19,P,165.0,33,0,3.06250234375,0.08,0.0,0.01
TSLA,2026-08-17,2026-08-19,P,215.0,202,4,2.480472548828125,0.18,0.0,0.21
TSLA,2026-08-17,2026-08-19,P,220.0,211,1166,2.031254921875,0.06,0.0,0.05
TSLA,2026-08-17,2026-08-19,P,225.0,1211,12,1.9375003125,0.01,0.0,0.05
TSLA,2026-08-17,2026-08-19,P,230.0,1839,2,1.8437507812499998,0.06,0.0,0.05
TSLA,2026-08-17,2026-08-19,P,235.0,15,38,1.75000125,0.06,0.0,0.05
TSLA,2026-08-17,2026-08-19,P,240.0,69,17,1.65625171875,0.16,0.0,0.05
TSLA,2026-08-17,2026-08-19,P,245.0,25,14,1.5625021874999998,0.17,0.0,0.05
TSLA,2026-08-17,2026-08-19,P,250.0,22,1,1.4765651171875,0.04,0.0,0.05
TSLA,2026-08-17,2026-08-19,P,255.0,27,0,1.3906280468749999,0.08,0.0,0.05
TSLA,2026-08-17,2026-08-19,P,260.0,56,13,1.2968785156249998,0.05,0.0,0.05
TSLA,2026-08-17,2026-08-19,P,265.0,123,1,1.21875390625,0.05,0.0,0.05
TSLA,2026-08-17,2026-08-19,P,270.0,120,4,1.1328168359375002,0.05,0.0,0.05
TSLA,2026-08-17,2026-08-19,P,272.5,20,12,1.0859420703125,0.05,0.0,0.05
TSLA,2026-08-17,2026-08-19,P,275.0,115,3,0.9062509375,0.02,0.0,0.01
TSLA,2026-08-17,2026-08-19,P,277.5,12,10,1.0078174609375,0.03,0.0,0.05
TSLA,2026-08-17,2026-08-19,P,280.0,657,20,0.92187578125,0.01,0.01,0.02
TSLA,2026-08-17,2026-08-19,P,282.5,20,5,0.92187578125,0.02,0.0,0.05
TSLA,2026-08-17,2026-08-19,P,285.0,239,247,0.8437515624999999,0.03,0.01,0.02
TSLA,2026-08-17,2026-08-19,P,287.5,28,3,0.79687703125,0.01,0.01,0.02
TSLA,2026-08-17,2026-08-19,P,290.0,1259,654,0.7656273437500001,0.02,0.01,0.02
TSLA,2026-08-17,2026-08-19,P,292.5,651,74,0.7421900781249999,0.01,0.01,0.03
TSLA,2026-08-17,2026-08-19,P,295.0,3863,137,0.7070341796875,0.01,0.01,0.03
TSLA,2026-08-17,2026-08-19,P,297.5,175,92,0.6835969140625001,0.03,0.02,0.03
TSLA,2026-08-17,2026-08-19,P,300.0,1349,842,0.6445348046875,0.03,0.02,0.03
TSLA,2026-08-17,2026-08-19,P,302.5,96,119,0.6171913281250001,0.03,0.02,0.04
TSLA,2026-08-17,2026-08-19,P,305.0,310,282,0.5898478515625001,0.03,0.03,0.04
TSLA,2026-08-17,2026-08-19,P,307.5,247,420,0.5585981640625001,0.04,0.03,0.05
TSLA,2026-08-17,2026-08-19,P,310.0,1329,686,0.523442265625,0.04,0.04,0.05
TSLA,2026-08-17,2026-08-19,P,312.5,265,756,0.5019581054687501,0.05,0.05,0.06
TSLA,2026-08-17,2026-08-19,P,315.0,1322,1880,0.4687553125,0.07,0.06,0.07
TSLA,2026-08-17,2026-08-19,P,317.5,527,1858,0.44336494140625,0.09,0.08,0.09
TSLA,2026-08-17,2026-08-19,P,320.0,2067,7204,0.41699801757812494,0.12,0.11,0.12
TSLA,2026-08-17,2026-08-19,P,322.5,777,16777,0.398443515625,0.18,0.17,0.18
TSLA,2026-08-17,2026-08-19,P,325.0,2026,19194,0.38623660644531244,0.28,0.28,0.29
TSLA,2026-08-17,2026-08-19,P,327.5,2230,19147,0.379889013671875,0.5,0.48,0.49
TSLA,2026-08-17,2026-08-19,P,330.0,3128,54343,0.37500625,0.84,0.8,0.81
TSLA,2026-08-17,2026-08-19,P,332.5,931,36375,0.38623660644531244,1.4,1.38,1.41
TSLA,2026-08-17,2026-08-19,P,335.0,2676,76238,0.3918517846679687,2.22,2.17,2.2
TSLA,2026-08-17,2026-08-19,P,337.5,1505,36958,0.414068359375,3.35,3.35,3.4
TSLA,2026-08-17,2026-08-19,P,340.0,2609,20695,0.45044494873046875,5.0,4.9,5.0
TSLA,2026-08-17,2026-08-19,P,342.5,876,6164,0.48608912353515626,6.6,6.65,6.8
TSLA,2026-08-17,2026-08-19,P,345.0,629,6959,0.5178270874023438,8.6,8.65,8.8
TSLA,2026-08-17,2026-08-19,P,347.5,119,787,0.5524947094726562,10.86,10.6,11.0
TSLA,2026-08-17,2026-08-19,P,350.0,419,763,0.6198768481445314,13.08,12.8,13.65
TSLA,2026-08-17,2026-08-19,P,352.5,84,264,0.6352575537109376,15.46,14.95,15.65
TSLA,2026-08-17,2026-08-19,P,355.0,71,43,0.702151416015625,17.8,17.4,18.2
TSLA,2026-08-17,2026-08-19,P,357.5,21,9,0.7663597583007813,20.38,19.85,20.75
TSLA,2026-08-17,2026-08-19,P,360.0,53,13,0.8630384790039063,23.39,22.5,23.55
TSLA,2026-08-17,2026-08-19,P,362.5,2,0,0.8344743115234373,24.3,23.35,26.6
TSLA,2026-08-17,2026-08-19,P,365.0,58,14,0.9179695703125,24.82,26.65,28.6
TSLA,2026-08-17,2026-08-19,P,370.0,145,84,1.0742233789062503,34.15,31.9,33.85
TSLA,2026-08-17,2026-08-19,P,375.0,9,7,1.197269638671875,35.5,36.7,39.2
TSLA,2026-08-17,2026-08-19,P,380.0,1,1,1.2641638354492186,40.84,41.8,43.7
TSLA,2026-08-17,2026-08-19,P,397.5,0,0,1.6079121166992185,47.5,59.0,61.55
TSLA,2026-08-17,2026-08-19,P,415.0,2,0,1.81640716796875,75.88,75.75,79.05
TSLA,2026-08-17,2026-08-19,P,455.0,0,16,2.416019584960937,116.81,115.75,119.05
TSLA,2026-08-17,2026-08-19,P,500.0,3,0,2.9960962597656247,160.31,160.75,164.05
TSLA,2026-08-17,2026-08-21,C,5.0,11737,20,1.0000000000000003e-05,331.92,330.35,333.15
TSLA,2026-08-17,2026-08-21,C,10.0,13,1,1.0000000000000003e-05,327.55,326.2,328.05
TSLA,2026-08-17,2026-08-21,C,15.0,1,0,0.0,450.0,414.35,422.25
TSLA,2026-08-17,2026-08-21,C,20.0,106,1,1.0000000000000003e-05,320.46,316.3,318.3
TSLA,2026-08-17,2026-08-21,C,25.0,0,0,10.992190629882813,298.19,310.4,314.45
TSLA,2026-08-17,2026-08-21,C,30.0,44,16,1.0000000000000003e-05,362.67,306.35,308.25
TSLA,2026-08-17,2026-08-21,C,50.0,17,11,1.0000000000000003e-05,286.59,286.35,288.35
TSLA,2026-08-17,2026-08-21,C,55.0,13,1,7.273438408203125,281.59,281.25,284.35
TSLA,2026-08-17,2026-08-21,C,60.0,4,1,7.3242195947265625,339.09,276.15,279.5
TSLA,2026-08-17,2026-08-21,C,65.0,0,0,6.98437626953125,344.5,270.25,274.5
TSLA,2026-08-17,2026-08-21,C,70.0,1,1,39.73828504089356,379.07,330.45,336.75
TSLA,2026-08-17,2026-08-21,C,80.0,5,3,6.121096098632812,242.25,256.35,259.5
TSLA,2026-08-17,2026-08-21,C,85.0,3,5,5.873049533691407,240.34,250.25,254.5
TSLA,2026-08-17,2026-08-21,C,90.0,10,4,5.7246122192382805,310.62,246.4,249.55
TSLA,2026-08-17,2026-08-21,C,95.0,1,2,22.248049922485354,318.8,295.15,302.5
TSLA,2026-08-17,2026-08-21,C,100.0,825,3,1.0000000000000003e-05,235.8,236.85,237.75
TSLA,2026-08-17,2026-08-21,C,105.0,17,10,20.560550449829105,291.98,287.85,292.2
TSLA,2026-08-17,2026-08-21,C,110.0,90,20,4.820316474609374,230.75,225.65,229.5
TSLA,2026-08-17,2026-08-21,C,115.0,204,2,4.710941611328124,278.7,220.25,224.55
TSLA,2026-08-17,2026-08-21,C,120.0,118,3,4.312504609374999,205.59,215.5,219.4
TSLA,2026-08-17,2026-08-21,C,125.0,161,12,4.30273899658203,196.36,211.05,214.5
TSLA,2026-08-17,2026-08-21,C,130.0,217,12,4.144536069335938,191.39,206.35,209.5
TSLA,2026-08-17,2026-08-21,C,135.0,185,5,3.99218751953125,206.11,201.3,204.5
TSLA,2026-08-17,2026-08-21,C,140.0,117,6,3.7812505468750004,199.68,196.5,199.45
TSLA,2026-08-17,2026-08-21,C,145.0,122,5,3.57031357421875,238.55,191.2,194.4
TSLA,2026-08-17,2026-08-21,C,150.0,194,1,3.4394545263671876,193.37,185.3,189.4
TSLA,2026-08-17,2026-08-21,C,155.0,77,6,3.3125017187499997,240.02,181.1,184.4
TSLA,2026-08-17,2026-08-21,C,160.0,235,6,3.3066423583984372,165.95,176.2,179.5
TSLA,2026-08-17,2026-08-21,C,165.0,277,2,3.128908427734375,175.12,171.0,174.45
TSLA,2026-08-17,2026-08-21,C,170.0,39,1,3.1582052294921876,168.23,165.3,169.6
TSLA,2026-08-17,2026-08-21,C,175.0,538,1,2.94531513671875,149.1,160.55,164.5
TSLA,2026-08-17,2026-08-21,C,180.0,102,15,2.6679720800781253,160.04,156.45,159.35
TSLA,2026-08-17,2026-08-21,C,185.0,18,2,2.7656280859375,146.97,151.1,154.55
TSLA,2026-08-17,2026-08-21,C,190.0,93,7,2.6562533593750004,149.94,146.35,149.55
TSLA,2026-08-17,2026-08-21,C,195.0,35,1,2.5488317529296873,137.32,141.65,144.55
TSLA,2026-08-17,2026-08-21,C,200.0,220,5,2.44531638671875,138.21,136.7,139.55
TSLA,2026-08-17,2026-08-21,C,205.0,48,1,2.3789103027343748,133.13,131.65,134.6
TSLA,2026-08-17,2026-08-21,C,210.0,111,2,1.875000625,129.94,126.25,129.2
TSLA,2026-08-17,2026-08-21,C,215.0,35,3,2.1093797265624996,125.75,121.7,124.5
TSLA,2026-08-17,2026-08-21,C,220.0,583,6,1.890625546875,119.05,117.05,119.35
TSLA,2026-08-17,2026-08-21,C,225.0,63,7,1.8027353613281247,112.43,111.5,114.35
TSLA,2026-08-17,2026-08-21,C,230.0,113,15,1.716798291015625,106.0,106.55,109.35
TSLA,2026-08-17,2026-08-21,C,235.0,73,1,1.7421887890624999,114.01,101.85,104.5
TSLA,2026-08-17,2026-08-21,C,240.0,471,3,1.6552751611328125,97.75,96.05,99.5
TSLA,2026-08-17,2026-08-21,C,245.0,73,2,1.5693380908203123,81.7,90.8,94.5
TSLA,2026-08-17,2026-08-21,C,250.0,388,2,1.484377578125,86.35,86.6,89.5
TSLA,2026-08-17,2026-08-21,C,255.0,89,1,1.0000000000000003e-05,78.18,80.7,83.25
TSLA,2026-08-17,2026-08-21,C,260.0,288,4,1.0000000000000003e-05,80.35,76.85,78.55
TSLA,2026-08-17,2026-08-21,C,265.0,447,66,1.0000000000000003e-05,71.01,72.0,72.85
TSLA,2026-08-17,2026-08-21,C,270.0,612,126,1.1064497802734377,66.73,67.0,69.4
TSLA,2026-08-17,2026-08-21,C,275.0,135,21,1.0000000000000003e-05,62.35,61.85,64.0
TSLA,2026-08-17,2026-08-21,C,280.0,464,4,1.0000000000000003e-05,59.76,56.6,58.2
TSLA,2026-08-17,2026-08-21,C,285.0,96,20,1.0000000000000003e-05,52.36,51.95,53.35
TSLA,2026-08-17,2026-08-21,C,287.5,38,20,0.9335944140625,49.81,48.75,52.15
TSLA,2026-08-17,2026-08-21,C,290.0,520,87,1.0000000000000003e-05,46.75,46.5,48.3
TSLA,2026-08-17,2026-08-21,C,292.5,40,12,0.7861349511718749,44.97,44.2,46.95
TSLA,2026-08-17,2026-08-21,C,295.0,152,4,1.0000000000000003e-05,42.24,41.6,44.0
TSLA,2026-08-17,2026-08-21,C,297.5,181,10,0.692385888671875,39.74,39.15,41.9
TSLA,2026-08-17,2026-08-21,C,300.0,2155,306,1.0000000000000003e-05,40.1,37.25,38.0
TSLA,2026-08-17,2026-08-21,C,302.5,369,28,0.6357458300781251,33.64,34.45,36.95
TSLA,2026-08-17,2026-08-21,C,305.0,1870,120,1.0000000000000003e-05,32.1,32.1,34.0
TSLA,2026-08-17,2026-08-21,C,307.5,342,6,0.42774009765625004,27.5,29.3,31.65
TSLA,2026-08-17,2026-08-21,C,310.0,2600,309,1.0000000000000003e-05,28.56,26.9,28.35
TSLA,2026-08-17,2026-08-21,C,312.5,784,18,1.0000000000000003e-05,26.8,24.95,26.1
TSLA,2026-08-17,2026-08-21,C,315.0,2982,51,1.0000000000000003e-05,22.53,22.25,23.2
TSLA,2026-08-17,2026-08-21,C,317.5,847,29,1.0000000000000003e-05,21.99,20.15,20.8
TSLA,2026-08-17,2026-08-21,C,320.0,3787,516,1.0000000000000003e-05,17.6,17.9,18.55
TSLA,2026-08-17,2026-08-21,C,322.5,1606,46,1.0000000000000003e-05,14.9,15.65,16.2
TSLA,2026-08-17,2026-08-21,C,325.0,6040,11814,0.17774259765625,14.0,13.65,14.1
TSLA,2026-08-17,2026-08-21,C,327.5,2214,378,0.241218525390625,11.85,11.65,11.9
TSLA,2026-08-17,2026-08-21,C,330.0,6355,5557,0.2893137475585937,10.03,9.9,10.1
TSLA,2026-08-17,2026-08-21,C,332.5,1774,853,0.3011544494628906,8.3,8.15,8.3
TSLA,2026-08-17,2026-08-21,C,335.0,4806,9840,0.31763377685546873,6.84,6.75,6.8
TSLA,2026-08-17,2026-08-21,C,337.5,1794,6551,0.33411310424804685,5.5,5.45,5.55
TSLA,2026-08-17,2026-08-21,C,340.0,8674,15767,0.34192552612304683,4.32,4.35,4.4
TSLA,2026-08-17,2026-08-21,C,342.5,3917,4084,0.34961587890624996,3.49,3.35,3.45
TSLA,2026-08-17,2026-08-21,C,345.0,14881,15498,0.3588931298828125,2.68,2.68,2.7
TSLA,2026-08-17,2026-08-21,C,347.5,2487,2507,0.3698793481445312,2.05,2.08,2.12
TSLA,2026-08-17,2026-08-21,C,350.0,21184,18812,0.3765931481933594,1.6,1.59,1.62
TSLA,2026-08-17,2026-08-21,C,352.5,6672,2427,0.3857483300781249,1.22,1.23,1.25
TSLA,2026-08-17,2026-08-21,C,355.0,8193,3789,0.39819937744140627,0.95,0.96,0.99
TSLA,2026-08-17,2026-08-21,C,357.5,9223,1375,0.4094297338867187,0.77,0.76,0.78
TSLA,2026-08-17,2026-08-21,C,360.0,16510,4361,0.42310147216796873,0.61,0.61,0.63
TSLA,2026-08-17,2026-08-21,C,362.5,2946,413,0.43604079589843747,0.5,0.49,0.51
TSLA,2026-08-17,2026-08-21,C,365.0,8197,1024,0.450200810546875,0.4,0.41,0.42
TSLA,2026-08-17,2026-08-21,C,367.5,5260,1071,0.4672904833984375,0.35,0.34,0.36
TSLA,2026-08-17,2026-08-21,C,370.0,10872,2658,0.48389187988281257,0.3,0.29,0.31
TSLA,2026-08-17,2026-08-21,C,372.5,1652,467,0.5009815527343751,0.26,0.25,0.27
TSLA,2026-08-17,2026-08-21,C,375.0,4797,806,0.516606396484375,0.23,0.23,0.24
TSLA,2026-08-17,2026-08-21,C,377.5,2122,345,0.532231240234375,0.21,0.2,0.21
TSLA,2026-08-17,2026-08-21,C,380.0,8676,601,0.5498091894531252,0.19,0.18,0.19
TSLA,2026-08-17,2026-08-21,C,382.5,1753,272,0.56836369140625,0.17,0.16,0.18
TSLA,2026-08-17,2026-08-21,C,385.0,4687,307,0.585941640625,0.15,0.15,0.16
TSLA,2026-08-17,2026-08-21,C,387.5,590,24,0.6015664843750002,0.15,0.13,0.15
TSLA,2026-08-17,2026-08-21,C,390.0,11146,1585,0.62305064453125,0.13,0.13,0.14
TSLA,2026-08-17,2026-08-21,C,392.5,1156,56,0.64062859375,0.14,0.12,0.13
TSLA,2026-08-17,2026-08-21,C,395.0,5845,257,0.6562534375000001,0.12,0.11,0.12
TSLA,2026-08-17,2026-08-21,C,397.5,929,14,0.6709017285156251,0.11,0.1,0.11
TSLA,2026-08-17,2026-08-21,C,400.0,20632,1184,0.684573466796875,0.09,0.09,0.1
TSLA,2026-08-17,2026-08-21,C,402.5,728,13,0.70117486328125,0.09,0.08,0.1
TSLA,2026-08-17,2026-08-21,C,405.0,4448,156,0.7187528125,0.09,0.08,0.09
TSLA,2026-08-17,2026-08-21,C,410.0,6899,697,0.7500025,0.08,0.07,0.08
TSLA,2026-08-17,2026-08-21,C,415.0,4838,212,0.7773459765625,0.07,0.06,0.07
TSLA,2026-08-17,2026-08-21,C,420.0,24127,76,0.8027363476562499,0.06,0.05,0.06
TSLA,2026-08-17,2026-08-21,C,425.0,2213,1013,0.84179845703125,0.06,0.05,0.06
TSLA,2026-08-17,2026-08-21,C,430.0,6536,75,0.85937640625,0.05,0.04,0.05
TSLA,2026-08-17,2026-08-21,C,435.0,2528,188,0.8867198828124999,0.06,0.03,0.05
TSLA,2026-08-17,2026-08-21,C,440.0,6903,158,0.9101571484375,0.06,0.03,0.04
TSLA,2026-08-17,2026-08-21,C,445.0,2479,478,0.9570316796874999,0.05,0.03,0.05
TSLA,2026-08-17,2026-08-21,C,450.0,14327,744,0.9648441015625,0.03,0.02,0.04
TSLA,2026-08-17,2026-08-21,C,455.0,2309,22,0.9609378906249999,0.02,0.01,0.03
TSLA,2026-08-17,2026-08-21,C,460.0,5886,50,1.015629921875,0.03,0.02,0.03
TSLA,2026-08-17,2026-08-21,C,465.0,1300,8022,1.0468797656250002,0.03,0.01,0.04
TSLA,2026-08-17,2026-08-21,C,470.0,5036,3,1.09375453125,0.03,0.01,0.05
TSLA,2026-08-17,2026-08-21,C,475.0,2762,4,1.125004375,0.03,0.01,0.05
TSLA,2026-08-17,2026-08-21,C,480.0,4528,7,1.15625421875,0.05,0.01,0.05
TSLA,2026-08-17,2026-08-21,C,485.0,769,54,1.171879140625,0.01,0.01,0.04
TSLA,2026-08-17,2026-08-21,C,490.0,2947,27,1.1484417578125,0.02,0.01,0.02
TSLA,2026-08-17,2026-08-21,C,495.0,3512,78,1.2343788281249999,0.01,0.0,0.05
TSLA,2026-08-17,2026-08-21,C,500.0,18575,682,1.203128984375,0.01,0.01,0.02
TSLA,2026-08-17,2026-08-21,C,505.0,2206,4,1.2890660546875,0.03,0.0,0.05
TSLA,2026-08-17,2026-08-21,C,510.0,1691,4,1.15625421875,0.01,0.0,0.01
TSLA,2026-08-17,2026-08-21,C,515.0,360,3,1.3437532812499997,0.03,0.0,0.05
TSLA,2026-08-17,2026-08-21,C,520.0,4360,2,1.3750031249999999,0.01,0.0,0.05
TSLA,2026-08-17,2026-08-21,C,525.0,679,10,1.3984405078125,0.02,0.0,0.05
TSLA,2026-08-17,2026-08-21,C,530.0,2041,45,1.4296903515625,0.02,0.0,0.05
TSLA,2026-08-17,2026-08-21,C,535.0,543,10,1.453127734375,0.03,0.0,0.05
TSLA,2026-08-17,2026-08-21,C,540.0,1092,8,1.484377578125,0.01,0.0,0.05
TSLA,2026-08-17,2026-08-21,C,545.0,247,5,1.5078149609375,0.01,0.0,0.05
TSLA,2026-08-17,2026-08-21,C,550.0,4985,585,1.3437532812499997,0.02,0.0,0.01
TSLA,2026-08-17,2026-08-21,C,555.0,705,5,1.5625021874999998,0.02,0.0,0.05
TSLA,2026-08-17,2026-08-21,C,560.0,2176,1,1.5781271093749998,0.02,0.0,0.05
TSLA,2026-08-17,2026-08-21,C,565.0,391,1,1.609376953125,0.04,0.0,0.05
TSLA,2026-08-17,2026-08-21,C,570.0,849,3,1.6328143359374998,0.02,0.0,0.05
TSLA,2026-08-17,2026-08-21,C,575.0,205,3,1.65625171875,0.03,0.0,0.05
TSLA,2026-08-17,2026-08-21,C,580.0,1429,20,1.6875015625,0.02,0.0,0.05
TSLA,2026-08-17,2026-08-21,C,585.0,130,1,1.703126484375,0.01,0.0,0.05
TSLA,2026-08-17,2026-08-21,C,590.0,657,2,1.5312523437499999,0.01,0.0,0.01
TSLA,2026-08-17,2026-08-21,C,595.0,128,1,1.71875140625,0.01,0.0,0.04
TSLA,2026-08-17,2026-08-21,C,600.0,7811,10,1.5625021874999998,0.01,0.0,0.01
TSLA,2026-08-17,2026-08-21,C,605.0,87,1,1.7968760156249999,0.04,0.0,0.05
TSLA,2026-08-17,2026-08-21,C,610.0,1055,100,1.8281258593749998,0.02,0.0,0.05
TSLA,2026-08-17,2026-08-21,C,615.0,57,4,1.8437507812499998,0.02,0.0,0.05
TSLA,2026-08-17,2026-08-21,C,620.0,802,19,1.8671881640625,0.03,0.0,0.05
TSLA,2026-08-17,2026-08-21,C,625.0,467,1,1.890625546875,0.03,0.0,0.05
TSLA,2026-08-17,2026-08-21,C,630.0,324,5,1.6875015625,0.03,0.0,0.01
TSLA,2026-08-17,2026-08-21,C,635.0,77,3,1.9375003125,0.02,0.0,0.05
TSLA,2026-08-17,2026-08-21,C,640.0,1493,201,1.953125234375,0.01,0.0,0.05
TSLA,2026-08-17,2026-08-21,C,645.0,157,89,1.9765626171875001,0.02,0.0,0.05
TSLA,2026-08-17,2026-08-21,C,650.0,1433,1,1.75000125,0.01,0.0,0.01
TSLA,2026-08-17,2026-08-21,C,655.0,448,308,2.0156299609375,0.02,0.0,0.05
TSLA,2026-08-17,2026-08-21,C,660.0,1532,1,2.03906740234375,0.02,0.0,0.05
TSLA,2026-08-17,2026-08-21,C,670.0,675,1,1.8437507812499998,0.01,0.0,0.01
TSLA,2026-08-17,2026-08-21,C,680.0,574,1,2.1250046874999997,0.05,0.0,0.05
TSLA,2026-08-17,2026-08-21,C,690.0,997,167,2.0781298046874994,0.01,0.0,0.03
TSLA,2026-08-17,2026-08-21,C,700.0,1444,2,1.9375003125,0.02,0.0,0.01
TSLA,2026-08-17,2026-08-21,C,710.0,338,1,2.2343794140624995,0.01,0.0,0.05
TSLA,2026-08-17,2026-08-21,C,720.0,607,3,2.2343794140624995,0.01,0.0,0.04
TSLA,2026-08-17,2026-08-21,C,730.0,678,16,2.3125042187499996,0.04,0.0,0.05
TSLA,2026-08-17,2026-08-21,C,740.0,718,11,2.3437541406249993,0.05,0.0,0.05
TSLA,2026-08-17,2026-08-21,C,750.0,5020,1,2.1250046874999997,0.01,0.0,0.01
TSLA,2026-08-17,2026-08-21,C,760.0,1678,93,2.4218789453125,0.03,0.0,0.05
TSLA,2026-08-17,2026-08-21,C,770.0,595,1,2.4531288671875,0.02,0.0,0.05
TSLA,2026-08-17,2026-08-21,C,780.0,582,1,2.2187544531249994,0.02,0.0,0.01
TSLA,2026-08-17,2026-08-21,C,790.0,288,1,2.5312536718749996,0.02,0.0,0.05
TSLA,2026-08-17,2026-08-21,C,800.0,1551,116,2.281254296875,0.01,0.0,0.01
TSLA,2026-08-17,2026-08-21,C,810.0,343,1,2.593753515625,0.03,0.0,0.05
TSLA,2026-08-17,2026-08-21,C,820.0,634,42,2.6250034375,0.01,0.0,0.05
TSLA,2026-08-17,2026-08-21,C,830.0,735,160,2.6562533593750004,0.01,0.0,0.05
TSLA,2026-08-17,2026-08-21,C,840.0,959,2,2.3750040624999995,0.01,0.0,0.01
TSLA,2026-08-17,2026-08-21,C,850.0,3323,6,2.43750390625,0.01,0.0,0.01
TSLA,2026-08-17,2026-08-21,C,860.0,635,25,2.43750390625,0.01,0.0,0.01
TSLA,2026-08-17,2026-08-21,C,870.0,379,22,2.7812530468750003,0.01,0.0,0.05
TSLA,2026-08-17,2026-08-21,C,880.0,232,10,2.81250296875,0.01,0.0,0.05
TSLA,2026-08-17,2026-08-21,C,890.0,397,5,2.843752890625,0.02,0.0,0.05
TSLA,2026-08-17,2026-08-21,C,900.0,1106,5,2.56250359375,0.01,0.0,0.01
TSLA,2026-08-17,2026-08-21,C,910.0,461,16,2.56250359375,0.01,0.0,0.01
TSLA,2026-08-17,2026-08-21,C,920.0,402,111,2.6250034375,0.01,0.0,0.01
TSLA,2026-08-17,2026-08-21,C,930.0,989,3,2.6250034375,0.01,0.0,0.01
TSLA,2026-08-17,2026-08-21,C,940.0,671,11,2.68750328125,0.09,0.0,0.01
TSLA,2026-08-17,2026-08-21,C,950.0,398,1,2.68750328125,0.01,0.0,0.01
TSLA,2026-08-17,2026-08-21,C,960.0,246,17,2.750003125,0.09,0.0,0.01
TSLA,2026-08-17,2026-08-21,C,970.0,330,123,2.750003125,0.05,0.0,0.01
TSLA,2026-08-17,2026-08-21,C,980.0,4015,111,2.750003125,0.01,0.0,0.01
TSLA,2026-08-17,2026-08-21,C,990.0,13383,2544,2.81250296875,0.01,0.0,0.01
TSLA,2026-08-17,2026-08-21,P,5.0,5297,1,12.0000025,0.01,0.0,0.01
TSLA,2026-08-17,2026-08-21,P,10.0,80,7,10.000003750000001,0.02,0.0,0.01
TSLA,2026-08-17,2026-08-21,P,15.0,0,1,0.500005,0.01,0.0,0.0
TSLA,2026-08-17,2026-08-21,P,20.0,446,2,7.87500015625,0.01,0.0,0.01
TSLA,2026-08-17,2026-08-21,P,25.0,1336,1,7.2500009375,0.01,0.0,0.01
TSLA,2026-08-17,2026-08-21,P,30.0,253,13,6.7500015625000005,0.02,0.0,0.01
TSLA,2026-08-17,2026-08-21,P,35.0,2527,5,6.2500021875,0.02,0.0,0.01
TSLA,2026-08-17,2026-08-21,P,40.0,2975,2,6.0000025,0.01,0.0,0.01
TSLA,2026-08-17,2026-08-21,P,45.0,988,16,5.62500296875,0.05,0.0,0.01
TSLA,2026-08-17,2026-08-21,P,50.0,1177,2,5.250003437499999,0.01,0.0,0.01
TSLA,2026-08-17,2026-08-21,P,55.0,429,30,5.000003749999999,0.01,0.0,0.01
TSLA,2026-08-17,2026-08-21,P,60.0,388,2,4.7500040624999995,0.01,0.0,0.01
TSLA,2026-08-17,2026-08-21,P,65.0,739,1,4.62500421875,0.01,0.0,0.01
TSLA,2026-08-17,2026-08-21,P,70.0,839,2,4.375004531249999,0.01,0.0,0.01
TSLA,2026-08-17,2026-08-21,P,75.0,464,4,4.12500484375,0.01,0.0,0.01
TSLA,2026-08-17,2026-08-21,P,80.0,529,21,4.000005,0.01,0.0,0.01
TSLA,2026-08-17,2026-08-21,P,85.0,350,50,3.8750003125,0.06,0.0,0.01
TSLA,2026-08-17,2026-08-21,P,90.0,995,3,3.6875007812500002,0.02,0.0,0.01
TSLA,2026-08-17,2026-08-21,P,95.0,941,15,3.50000125,0.01,0.0,0.01
TSLA,2026-08-17,2026-08-21,P,100.0,4232,501,3.3750015624999996,0.01,0.0,0.01
TSLA,2026-08-17,2026-08-21,P,105.0,276,6,3.2500018749999997,0.05,0.0,0.01
TSLA,2026-08-17,2026-08-21,P,110.0,358,4,3.1250021875,0.01,0.0,0.01
TSLA,2026-08-17,2026-08-21,P,115.0,302,1,3.0000025,0.01,0.0,0.01
TSLA,2026-08-17,2026-08-21,P,120.0,902,3,2.8750028125,0.01,0.0,0.01
TSLA,2026-08-17,2026-08-21,P,125.0,385,35,2.81250296875,0.01,0.0,0.01
TSLA,2026-08-17,2026-08-21,P,130.0,31798,31174,2.68750328125,0.01,0.0,0.01
TSLA,2026-08-17,2026-08-21,P,135.0,2870,2199,2.56250359375,0.01,0.0,0.01
TSLA,2026-08-17,2026-08-21,P,140.0,1214,1,2.50000375,0.01,0.0,0.01
TSLA,2026-08-17,2026-08-21,P,145.0,620,403,2.3750040624999995,0.01,0.0,0.01
TSLA,2026-08-17,2026-08-21,P,150.0,10661,4,2.3125042187499996,0.01,0.0,0.01
TSLA,2026-08-17,2026-08-21,P,155.0,814,894,2.1875045312499997,0.01,0.0,0.01
TSLA,2026-08-17,2026-08-21,P,160.0,4036,85,2.1250046874999997,0.01,0.0,0.01
TSLA,2026-08-17,2026-08-21,P,165.0,4413,182,2.0625048437499998,0.01,0.0,0.01
TSLA,2026-08-17,2026-08-21,P,170.0,9422,32,2.2343794140624995,0.01,0.0,0.05
TSLA,2026-08-17,2026-08-21,P,175.0,1197,1,1.984375078125,0.02,0.0,0.02
TSLA,2026-08-17,2026-08-21,P,180.0,1133,495,2.0625048437499998,0.01,0.0,0.05
TSLA,2026-08-17,2026-08-21,P,185.0,1409,20,1.96875015625,0.01,0.0,0.05
TSLA,2026-08-17,2026-08-21,P,190.0,945,238,1.890625546875,0.01,0.0,0.05
TSLA,2026-08-17,2026-08-21,P,195.0,918,75,1.5937520312499998,0.01,0.0,0.01
TSLA,2026-08-17,2026-08-21,P,200.0,5584,2186,1.65625171875,0.02,0.01,0.02
TSLA,2026-08-17,2026-08-21,P,205.0,3750,440,1.6875015625,0.03,0.01,0.05
TSLA,2026-08-17,2026-08-21,P,210.0,469,115,1.609376953125,0.02,0.01,0.05
TSLA,2026-08-17,2026-08-21,P,215.0,959,105,1.5625021874999998,0.03,0.02,0.05
TSLA,2026-08-17,2026-08-21,P,220.0,1333,29,1.4921900390624998,0.02,0.02,0.05
TSLA,2026-08-17,2026-08-21,P,225.0,882,29,1.4140654296875002,0.02,0.02,0.05
TSLA,2026-08-17,2026-08-21,P,230.0,3308,133,1.3281283593749997,0.02,0.01,0.05
TSLA,2026-08-17,2026-08-21,P,235.0,1047,12,1.2968785156249998,0.02,0.03,0.05
TSLA,2026-08-17,2026-08-21,P,240.0,2371,79,1.1953165234375,0.03,0.01,0.05
TSLA,2026-08-17,2026-08-21,P,245.0,1517,64,1.109379453125,0.04,0.01,0.04
TSLA,2026-08-17,2026-08-21,P,250.0,4556,225,1.109379453125,0.05,0.04,0.05
TSLA,2026-08-17,2026-08-21,P,255.0,759,5,1.0429735351562504,0.05,0.03,0.06
TSLA,2026-08-17,2026-08-21,P,260.0,4271,25,0.9765627343750001,0.05,0.04,0.05
TSLA,2026-08-17,2026-08-21,P,265.0,1571,9,0.9531254687499999,0.05,0.04,0.09
TSLA,2026-08-17,2026-08-21,P,270.0,5906,1068,0.8789074609374999,0.07,0.05,0.07
TSLA,2026-08-17,2026-08-21,P,275.0,3037,87,0.8300798242187499,0.07,0.06,0.08
TSLA,2026-08-17,2026-08-21,P,280.0,5392,133,0.773439765625,0.08,0.07,0.08
TSLA,2026-08-17,2026-08-21,P,285.0,3388,54,0.72070591796875,0.09,0.08,0.09
TSLA,2026-08-17,2026-08-21,P,287.5,532,9,0.69336244140625,0.09,0.08,0.1
TSLA,2026-08-17,2026-08-21,P,290.0,7023,445,0.6621127539062501,0.1,0.08,0.1
TSLA,2026-08-17,2026-08-21,P,292.5,663,34,0.63867548828125,0.11,0.09,0.11
TSLA,2026-08-17,2026-08-21,P,295.0,8678,3344,0.6113320117187502,0.1,0.1,0.11
TSLA,2026-08-17,2026-08-21,P,297.5,503,229,0.5820354296875,0.12,0.1,0.12
TSLA,2026-08-17,2026-08-21,P,300.0,9971,470,0.5566450585937501,0.11,0.11,0.13
TSLA,2026-08-17,2026-08-21,P,302.5,2969,32,0.53320779296875,0.15,0.13,0.14
TSLA,2026-08-17,2026-08-21,P,305.0,7462,98,0.5117236328125,0.15,0.15,0.16
TSLA,2026-08-17,2026-08-21,P,307.5,1683,75,0.499028447265625,0.22,0.18,0.2
TSLA,2026-08-17,2026-08-21,P,310.0,6633,1195,0.47949739257812496,0.24,0.23,0.24
TSLA,2026-08-17,2026-08-21,P,312.5,1766,769,0.46289599609375004,0.29,0.29,0.3
TSLA,2026-08-17,2026-08-21,P,315.0,4385,2387,0.450200810546875,0.38,0.38,0.39
TSLA,2026-08-17,2026-08-21,P,317.5,2091,614,0.43970286865234376,0.52,0.51,0.52
TSLA,2026-08-17,2026-08-21,P,320.0,8767,5763,0.43408769042968753,0.72,0.7,0.72
TSLA,2026-08-17,2026-08-21,P,322.5,2617,1100,0.4279842358398438,0.98,0.96,0.98
TSLA,2026-08-17,2026-08-21,P,325.0,4471,2974,0.4279842358398438,1.36,1.34,1.37
TSLA,2026-08-17,2026-08-21,P,327.5,2300,2670,0.4237118176269531,1.85,1.8,1.83
TSLA,2026-08-17,2026-08-21,P,330.0,8073,9584,0.42236905761718746,2.43,2.41,2.44
TSLA,2026-08-17,2026-08-21,P,332.5,1900,3937,0.437505625,3.32,3.3,3.4
TSLA,2026-08-17,2026-08-21,P,335.0,3729,11791,0.43506424316406256,4.24,4.2,4.3
TSLA,2026-08-17,2026-08-21,P,337.5,1566,4915,0.44287666503906253,5.51,5.4,5.5
TSLA,2026-08-17,2026-08-21,P,340.0,8595,10680,0.45325253784179687,6.88,6.75,6.9
TSLA,2026-08-17,2026-08-21,P,342.5,900,2474,0.4635063415527344,8.4,8.35,8.45
TSLA,2026-08-17,2026-08-21,P,345.0,2838,1954,0.4821829125976563,10.26,10.05,10.25
TSLA,2026-08-17,2026-08-21,P,347.5,667,157,0.5036670727539063,12.18,11.85,12.2
TSLA,2026-08-17,2026-08-21,P,350.0,7807,6932,0.501103621826172,14.0,13.7,14.2
TSLA,2026-08-17,2026-08-21,P,352.5,144,26,0.5062305236816407,16.25,15.35,16.45
TSLA,2026-08-17,2026-08-21,P,355.0,2204,106,0.56055126953125,17.85,17.95,18.95
TSLA,2026-08-17,2026-08-21,P,357.5,115,2,0.5839885351562499,20.69,20.1,21.3
TSLA,2026-08-17,2026-08-21,P,360.0,6244,72,0.6242713354492189,23.04,22.55,23.75
TSLA,2026-08-17,2026-08-21,P,362.5,102,3,0.6237830590820312,23.5,24.55,25.95
TSLA,2026-08-17,2026-08-21,P,365.0,1196,68,0.7055693505859376,25.65,27.6,28.6
TSLA,2026-08-17,2026-08-21,P,367.5,295,4,0.69336244140625,29.85,29.2,31.1
TSLA,2026-08-17,2026-08-21,P,370.0,4837,83,0.7849142602539063,32.25,32.3,33.85
TSLA,2026-08-17,2026-08-21,P,372.5,433,2,0.8061542822265625,35.3,34.1,36.75
TSLA,2026-08-17,2026-08-21,P,375.0,2320,80,0.8413101806640625,37.1,37.2,38.6
TSLA,2026-08-17,2026-08-21,P,377.5,265,5,0.8757336645507812,38.25,39.05,41.7
TSLA,2026-08-17,2026-08-21,P,380.0,6043,30,0.9021005883789062,42.1,42.5,43.1
TSLA,2026-08-17,2026-08-21,P,382.5,85,1,0.9274909594726561,57.5,44.05,46.4
TSLA,2026-08-17,2026-08-21,P,385.0,1027,7,0.9128426684570312,45.33,46.5,48.3
TSLA,2026-08-17,2026-08-21,P,387.5,43,1,1.0009815576171874,50.89,48.95,51.55
TSLA,2026-08-17,2026-08-21,P,390.0,6213,18,0.9916993017578125,50.73,51.5,53.45
TSLA,2026-08-17,2026-08-21,P,392.5,58,11,1.0610398510742187,58.85,53.85,56.55
TSLA,2026-08-17,2026-08-21,P,395.0,2294,23,1.1511272912597654,58.17,57.2,58.95
TSLA,2026-08-17,2026-08-21,P,397.5,178,1,1.1694377465820311,56.97,59.75,61.2
TSLA,2026-08-17,2026-08-21,P,400.0,5849,133,1.2543982592773437,62.0,62.2,64.45
TSLA,2026-08-17,2026-08-21,P,402.5,4,2,1.133060975341797,77.37,63.25,66.5
TSLA,2026-08-17,2026-08-21,P,405.0,447,8,1.1635784008789063,64.0,66.25,68.5
TSLA,2026-08-17,2026-08-21,P,410.0,529,19,1.2915074487304685,71.85,72.2,73.3
TSLA,2026-08-17,2026-08-21,P,415.0,76,1,1.3425325842285152,81.59,76.55,78.85
TSLA,2026-08-17,2026-08-21,P,420.0,942,1,1.4011260412597655,81.25,81.35,84.05
TSLA,2026-08-17,2026-08-21,P,425.0,48,14,1.4721706079101562,87.8,86.5,89.05
TSLA,2026-08-17,2026-08-21,P,430.0,218,4,1.5141625854492187,92.5,91.45,93.95
TSLA,2026-08-17,2026-08-21,P,435.0,9,116,1.593263752441406,95.25,96.45,99.2
TSLA,2026-08-17,2026-08-21,P,440.0,294,690,1.6127949047851562,100.25,101.35,103.95
TSLA,2026-08-17,2026-08-21,P,445.0,3,37,1.6108417895507814,116.05,105.7,109.1
TSLA,2026-08-17,2026-08-21,P,450.0,216,32,1.716798291015625,113.75,111.8,113.5
TSLA,2026-08-17,2026-08-21,P,455.0,4,4,1.6616227856445316,112.3,115.75,118.65
TSLA,2026-08-17,2026-08-21,P,460.0,51,185,1.783204208984375,118.2,121.25,123.75
TSLA,2026-08-17,2026-08-21,P,465.0,0,1,1.831299671630859,119.0,126.0,129.0
TSLA,2026-08-17,2026-08-21,P,470.0,92,314,1.9194339965820313,130.35,131.35,134.0
TSLA,2026-08-17,2026-08-21,P,475.0,0,3256,1.8618170971679686,155.45,135.9,138.6
TSLA,2026-08-17,2026-08-21,P,480.0,95,295,2.036137722167969,138.15,141.45,144.1
TSLA,2026-08-17,2026-08-21,P,485.0,0,1223,2.0166065209960937,167.15,145.9,149.1
TSLA,2026-08-17,2026-08-21,P,490.0,37,56,2.0976610058593748,150.3,151.35,153.95
TSLA,2026-08-17,2026-08-21,P,495.0,0,39,2.084965725097656,172.2,155.75,159.1
TSLA,2026-08-17,2026-08-21,P,500.0,96,343,2.166996770019531,160.25,161.35,163.8
TSLA,2026-08-17,2026-08-21,P,505.0,0,34,2.0986375659179686,182.2,165.7,168.65
TSLA,2026-08-17,2026-08-21,P,510.0,3,8,2.1977584118652342,200.95,170.75,174.0
TSLA,2026-08-17,2026-08-21,P,515.0,0,152,2.252934055175781,195.65,175.75,179.1
TSLA,2026-08-17,2026-08-21,P,520.0,43,74,2.3276408996582023,180.2,181.4,183.7
TSLA,2026-08-17,2026-08-21,P,525.0,0,2,2.36084394165039,201.26,185.95,189.1
TSLA,2026-08-17,2026-08-21,P,530.0,1,1,2.350590061035156,202.51,190.95,193.75
TSLA,2026-08-17,2026-08-21,P,535.0,0,1,2.3588908215332025,207.53,195.75,198.75
TSLA,2026-08-17,2026-08-21,P,540.0,0,1229,2.4497109069824217,218.2,200.75,204.1
TSLA,2026-08-17,2026-08-21,P,545.0,0,2,2.4873084692382816,223.21,205.75,209.1
TSLA,2026-08-17,2026-08-21,P,550.0,2,2,2.5751988745117185,228.19,211.1,214.1
TSLA,2026-08-17,2026-08-21,P,555.0,0,8,2.561527033691406,218.17,215.75,219.1
TSLA,2026-08-17,2026-08-21,P,560.0,0,2327,2.535159912109375,240.35,220.75,223.7
TSLA,2026-08-17,2026-08-21,P,565.0,0,2,2.57031607421875,250.4,225.75,228.7
TSLA,2026-08-17,2026-08-21,P,570.0,0,2,2.6777376806640625,255.38,230.8,234.1
TSLA,2026-08-17,2026-08-21,P,575.0,0,55,2.7280305236816402,184.24,235.9,239.1
TSLA,2026-08-17,2026-08-21,P,580.0,0,220,5.113040718078613,198.55,256.05,264.25
TSLA,2026-08-17,2026-08-21,P,590.0,0,4,1.0000000000000003e-05,185.35,0.0,0.0
TSLA,2026-08-17,2026-08-21,P,600.0,0,112,2.906252734375,191.2,260.95,264.1
TSLA,2026-08-17,2026-08-21,P,610.0,0,5,1.0000000000000003e-05,228.51,209.5,212.0
TSLA,2026-08-17,2026-08-21,P,615.0,0,3,1.0000000000000003e-05,223.15,0.0,0.0
TSLA,2026-08-17,2026-08-21,P,620.0,10,5,1.0000000000000003e-05,178.74,208.4,210.0
TSLA,2026-08-17,2026-08-21,P,625.0,0,0,1.0000000000000003e-05,235.72,226.85,234.3
TSLA,2026-08-17,2026-08-21,P,630.0,0,19,1.0000000000000003e-05,203.56,0.0,0.0
TSLA,2026-08-17,2026-08-21,P,635.0,0,1,1.0000000000000003e-05,240.15,239.9,241.2
TSLA,2026-08-17,2026-08-21,P,640.0,0,25,5.631594757385254,235.03,316.05,324.1
TSLA,2026-08-17,2026-08-21,P,645.0,0,1,3.084963225097656,329.92,305.75,308.7
TSLA,2026-08-17,2026-08-21,P,650.0,0,2,3.220705073242187,334.9,310.95,314.1
TSLA,2026-08-17,2026-08-21,P,660.0,0,20,1.0000000000000003e-05,263.5,0.0,0.0
TSLA,2026-08-17,2026-08-21,P,670.0,0,140,1.0000000000000003e-05,271.11,268.25,270.85
TSLA,2026-08-17,2026-08-21,P,680.0,0,30,1.0000000000000003e-05,237.65,273.15,274.0
TSLA,2026-08-17,2026-08-21,P,690.0,0,15,3.415040524902343,368.21,350.75,354.1
TSLA,2026-08-17,2026-08-21,P,700.0,43,94,3.497071569824219,360.25,361.3,363.7
TSLA,2026-08-17,2026-08-21,P,710.0,0,15,3.4355482861328124,382.82,370.75,373.65
TSLA,2026-08-17,2026-08-21,P,720.0,0,1,1.0000000000000003e-05,286.35,312.7,313.6
TSLA,2026-08-17,2026-08-21,P,730.0,0,1,1.0000000000000003e-05,286.83,322.95,323.9
TSLA,2026-08-17,2026-08-21,P,740.0,0,1,1.0000000000000003e-05,294.7,332.8,333.6
TSLA,2026-08-17,2026-08-21,P,750.0,0,1,3.7656255859375003,347.85,410.95,414.1
TSLA,2026-08-17,2026-08-21,P,760.0,0,1,3.685547661132813,357.83,420.75,423.65
TSLA,2026-08-17,2026-08-21,P,770.0,1,1,1.0000000000000003e-05,307.65,348.45,351.2
TSLA,2026-08-17,2026-08-21,P,780.0,0,8,1.0000000000000003e-05,373.72,387.7,390.05
TSLA,2026-08-17,2026-08-21,P,790.0,0,1,1.0000000000000003e-05,361.55,360.1,363.55
TSLA,2026-08-17,2026-08-21,P,800.0,0,85,1.0000000000000003e-05,355.66,392.8,393.75
TSLA,2026-08-17,2026-08-21,P,810.0,0,1,1.0000000000000003e-05,380.71,380.5,383.0
TSLA,2026-08-17,2026-08-21,P,820.0,1,0,1.0000000000000003e-05,343.02,393.9,397.35
TSLA,2026-08-17,2026-08-21,P,830.0,0,2,1.0000000000000003e-05,400.13,400.1,403.45
TSLA,2026-08-17,2026-08-21,P,840.0,1,0,1.0000000000000003e-05,403.42,421.95,423.5
TSLA,2026-08-17,2026-08-21,P,850.0,0,2,1.0000000000000003e-05,423.75,446.35,448.7
TSLA,2026-08-17,2026-08-21,P,870.0,1,0,1.0000000000000003e-05,420.09,436.0,439.2
TSLA,2026-08-17,2026-08-21,P,880.0,0,1,1.0000000000000003e-05,429.35,450.0,453.55
TSLA,2026-08-17,2026-08-21,P,890.0,1,0,1.0000000000000003e-05,451.66,470.55,472.3
TSLA,2026-08-17,2026-08-21,P,900.0,0,2,4.333988957519531,503.25,560.95,563.65
TSLA,2026-08-17,2026-08-21,P,910.0,2,3,1.0000000000000003e-05,473.45,490.15,495.2
TSLA,2026-08-17,2026-08-21,P,920.0,2,2,1.0000000000000003e-05,496.75,485.7,489.25
TSLA,2026-08-17,2026-08-21,P,930.0,0,2,1.0000000000000003e-05,453.98,500.4,507.1
TSLA,2026-08-17,2026-08-21,P,940.0,0,1,4.5424847906494135,537.87,600.75,604.1
TSLA,2026-08-17,2026-08-21,P,950.0,1,1,4.612308922119141,547.85,610.9,614.1
TSLA,2026-08-17,2026-08-21,P,990.0,0,2,4.989261575927733,669.28,652.1,654.1
TSLA,2026-08-17,2026-08-24,C,160.0,1,0,2.540042712402343,180.31,175.4,179.55
TSLA,2026-08-17,2026-08-24,C,280.0,2,0,0.7700218310546876,50.8,55.9,59.55
TSLA,2026-08-17,2026-08-24,C,282.5,20,0,0.7402369726562499,55.4,53.4,57.05
TSLA,2026-08-17,2026-08-24,C,285.0,20,0,0.7104521142578125,44.57,51.6,54.55
TSLA,2026-08-17,2026-08-24,C,287.5,15,1,0.717776259765625,52.5,48.3,52.2
TSLA,2026-08-17,2026-08-24,C,290.0,25,0,0.6508823974609376,50.13,46.65,49.55
TSLA,2026-08-17,2026-08-24,C,292.5,22,0,0.6450230810546875,41.11,44.15,47.15
TSLA,2026-08-17,2026-08-24,C,295.0,30,0,0.579105771484375,38.97,40.9,44.5
TSLA,2026-08-17,2026-08-24,C,297.5,2,0,0.5502974658203126,36.27,38.45,42.0
TSLA,2026-08-17,2026-08-24,C,300.0,1,0,0.5437057348632813,41.92,36.2,39.6
TSLA,2026-08-17,2026-08-24,C,302.5,15,96,0.45361874511718747,37.0,33.7,36.85
TSLA,2026-08-17,2026-08-24,C,305.0,23,42,0.411138701171875,35.21,31.5,34.3
TSLA,2026-08-17,2026-08-24,C,307.5,18,96,0.39893179199218753,32.14,29.3,31.85
TSLA,2026-08-17,2026-08-24,C,310.0,48,4,1.0000000000000003e-05,26.85,26.95,29.0
TSLA,2026-08-17,2026-08-24,C,312.5,38,2,1.0000000000000003e-05,24.5,24.65,26.55
TSLA,2026-08-17,2026-08-24,C,315.0,10,4,0.21875781249999998,23.45,22.4,24.1
TSLA,2026-08-17,2026-08-24,C,317.5,10,2,0.27735097656249996,20.2,19.75,21.8
TSLA,2026-08-17,2026-08-24,C,320.0,33,4,0.27027096923828126,20.75,17.75,19.4
TSLA,2026-08-17,2026-08-24,C,322.5,20,1,0.295905478515625,15.5,16.05,17.3
TSLA,2026-08-17,2026-08-24,C,325.0,66,17,0.2569654382324219,13.8,13.7,14.75
TSLA,2026-08-17,2026-08-24,C,327.5,77,44,0.2893137475585937,13.2,12.45,13.0
TSLA,2026-08-17,2026-08-24,C,330.0,887,202,0.2916330603027343,10.95,10.75,11.1
TSLA,2026-08-17,2026-08-24,C,332.5,112,152,0.29944548217773437,9.4,9.25,9.45
TSLA,2026-08-17,2026-08-24,C,335.0,331,919,0.3023751403808594,7.84,7.8,7.9
TSLA,2026-08-17,2026-08-24,C,337.5,305,987,0.3092110095214844,6.54,6.45,6.6
TSLA,2026-08-17,2026-08-24,C,340.0,564,2656,0.3145820495605468,5.43,5.35,5.45
TSLA,2026-08-17,2026-08-24,C,342.5,305,1227,0.31909860595703116,4.45,4.35,4.45
TSLA,2026-08-17,2026-08-24,C,345.0,1021,1448,0.3263006823730469,3.55,3.55,3.65
TSLA,2026-08-17,2026-08-24,C,347.5,307,346,0.3314275842285156,2.93,2.89,2.95
TSLA,2026-08-17,2026-08-24,C,350.0,738,1334,0.3371648315429688,2.36,2.35,2.38
TSLA,2026-08-17,2026-08-24,C,352.5,199,216,0.3435124243164062,2.0,1.88,1.92
TSLA,2026-08-17,2026-08-24,C,355.0,1027,524,0.35095863891601553,1.55,1.53,1.56
TSLA,2026-08-17,2026-08-24,C,357.5,128,140,0.35681795532226557,1.25,1.21,1.25
TSLA,2026-08-17,2026-08-24,C,360.0,3511,461,0.36475244628906256,1.0,1.0,1.02
TSLA,2026-08-17,2026-08-24,C,362.5,104,192,0.3723207299804688,0.86,0.8,0.83
TSLA,2026-08-17,2026-08-24,C,365.0,431,308,0.38281867187499996,0.7,0.67,0.7
TSLA,2026-08-17,2026-08-24,C,367.5,1246,151,0.3913635083007812,0.58,0.56,0.58
TSLA,2026-08-17,2026-08-24,C,370.0,771,285,0.4030821411132813,0.49,0.49,0.5
TSLA,2026-08-17,2026-08-24,C,372.5,122,372,0.4157773266601562,0.51,0.43,0.44
TSLA,2026-08-17,2026-08-24,C,375.0,398,84,0.428716650390625,0.42,0.38,0.39
TSLA,2026-08-17,2026-08-24,C,377.5,313,24,0.4419001123046875,0.39,0.33,0.35
TSLA,2026-08-17,2026-08-24,C,380.0,433,185,0.45361874511718747,0.3,0.29,0.31
TSLA,2026-08-17,2026-08-24,C,382.5,109,3,0.46631393066406257,0.25,0.27,0.28
TSLA,2026-08-17,2026-08-24,C,385.0,185,9,0.4804739453125,0.29,0.24,0.26
TSLA,2026-08-17,2026-08-24,C,387.5,368,3,0.49414568359375005,0.24,0.22,0.24
TSLA,2026-08-17,2026-08-24,C,390.0,365,36,0.5048877636718749,0.21,0.21,0.22
TSLA,2026-08-17,2026-08-24,C,392.5,20,20,0.5161181201171875,0.19,0.19,0.2
TSLA,2026-08-17,2026-08-24,C,395.0,140,35,0.5283250292968751,0.16,0.17,0.19
TSLA,2026-08-17,2026-08-24,C,397.5,155,11,0.5419967675781252,0.18,0.16,0.18
TSLA,2026-08-17,2026-08-24,C,400.0,490,419,0.5576216113281252,0.14,0.16,0.17
TSLA,2026-08-17,2026-08-24,C,402.5,47,2,0.570316796875,0.18,0.15,0.16
TSLA,2026-08-17,2026-08-24,C,405.0,64,36,0.5820354296875,0.15,0.14,0.15
TSLA,2026-08-17,2026-08-24,C,410.0,126,3,0.6044961425781252,0.11,0.12,0.13
TSLA,2026-08-17,2026-08-24,C,415.0,66,24,0.63086306640625,0.11,0.11,0.12
TSLA,2026-08-17,2026-08-24,C,420.0,76,12,0.6543003320312502,0.1,0.1,0.11
TSLA,2026-08-17,2026-08-24,C,425.0,70,1,0.6777375976562501,0.1,0.09,0.1
TSLA,2026-08-17,2026-08-24,C,430.0,413,2,0.6992217578125001,0.1,0.08,0.09
TSLA,2026-08-17,2026-08-24,C,435.0,143,6,0.7226590234375,0.09,0.07,0.09
TSLA,2026-08-17,2026-08-24,C,440.0,105,4,0.7402369726562499,0.08,0.06,0.08
TSLA,2026-08-17,2026-08-24,C,445.0,147,100,0.7617211328125001,0.08,0.06,0.07
TSLA,2026-08-17,2026-08-24,C,450.0,459,12,0.7832052929687501,0.07,0.05,0.07
TSLA,2026-08-17,2026-08-24,C,455.0,35,1,0.8027363476562499,0.06,0.05,0.06
TSLA,2026-08-17,2026-08-24,C,460.0,142,4,0.8203142968749999,0.07,0.04,0.06
TSLA,2026-08-17,2026-08-24,C,465.0,48,3,0.8476577734374999,0.09,0.02,0.08
TSLA,2026-08-17,2026-08-24,C,470.0,34,3,0.9160164648437501,0.04,0.01,0.15
TSLA,2026-08-17,2026-08-24,C,475.0,4,3,0.9062509375,0.05,0.01,0.1
TSLA,2026-08-17,2026-08-24,C,480.0,22,21,0.929688203125,0.11,0.01,0.1
TSLA,2026-08-17,2026-08-24,C,485.0,13,6,0.9609378906249999,0.18,0.02,0.1
TSLA,2026-08-17,2026-08-24,C,490.0,4,2,0.867188828125,0.02,0.01,0.02
TSLA,2026-08-17,2026-08-24,C,495.0,12,2,1.000005,0.18,0.01,0.1
TSLA,2026-08-17,2026-08-24,C,500.0,23,3,0.9687503125,0.03,0.01,0.05
TSLA,2026-08-17,2026-08-24,C,505.0,18,1,0.992187578125,0.14,0.01,0.05
TSLA,2026-08-17,2026-08-24,C,510.0,17,17,1.01172369140625,0.02,0.01,0.05
TSLA,2026-08-17,2026-08-24,C,515.0,25,16,1.0312548437500002,0.02,0.01,0.05
TSLA,2026-08-17,2026-08-24,C,520.0,32,27,1.0390673046875003,0.02,0.0,0.05
TSLA,2026-08-17,2026-08-24,C,525.0,33,8,1.0546922265625,0.02,0.0,0.05
TSLA,2026-08-17,2026-08-24,C,530.0,17,1,1.0781296093750001,0.05,0.0,0.05
TSLA,2026-08-17,2026-08-24,C,535.0,15,1,1.1015669921875002,0.01,0.0,0.05
TSLA,2026-08-17,2026-08-24,C,540.0,8,16,1.1171919140625,0.03,0.0,0.05
TSLA,2026-08-17,2026-08-24,C,545.0,3,4,1.140629296875,0.01,0.0,0.05
TSLA,2026-08-17,2026-08-24,C,550.0,19,7,1.15625421875,0.02,0.0,0.05
TSLA,2026-08-17,2026-08-24,C,555.0,6,14,1.1796916015624999,0.02,0.0,0.05
TSLA,2026-08-17,2026-08-24,C,560.0,9,8,1.1953165234375,0.02,0.0,0.05
TSLA,2026-08-17,2026-08-24,C,565.0,40,7,1.21875390625,0.02,0.0,0.05
TSLA,2026-08-17,2026-08-24,C,570.0,24,2,1.2343788281249999,0.02,0.0,0.05
TSLA,2026-08-17,2026-08-24,C,575.0,10,2,1.2500037499999999,0.09,0.0,0.05
TSLA,2026-08-17,2026-08-24,C,580.0,7,2,1.2734411328124997,0.02,0.0,0.05
TSLA,2026-08-17,2026-08-24,C,585.0,3,6,1.2890660546875,0.01,0.0,0.05
TSLA,2026-08-17,2026-08-24,C,590.0,6,7,1.3046909765624997,0.01,0.0,0.05
TSLA,2026-08-17,2026-08-24,C,600.0,4,6,1.3437532812499997,0.01,0.0,0.05
TSLA,2026-08-17,2026-08-24,C,610.0,7,8,1.3750031249999999,0.01,0.0,0.05
TSLA,2026-08-17,2026-08-24,C,620.0,2,6,1.4140654296875002,0.01,0.0,0.05
TSLA,2026-08-17,2026-08-24,C,630.0,4,6,1.5312523437499999,0.15,0.0,0.05
TSLA,2026-08-17,2026-08-24,P,185.0,185,12,1.4921900390624998,0.12,0.0,0.05
TSLA,2026-08-17,2026-08-24,P,190.0,70,0,1.4296903515625,0.02,0.0,0.05
TSLA,2026-08-17,2026-08-24,P,195.0,189,0,1.3750031249999999,0.04,0.0,0.05
TSLA,2026-08-17,2026-08-24,P,200.0,104,0,1.3125034374999998,0.03,0.0,0.05
TSLA,2026-08-17,2026-08-24,P,205.0,202,3,1.2734411328124997,0.05,0.01,0.05
TSLA,2026-08-17,2026-08-24,P,210.0,65,0,1.1953165234375,0.08,0.0,0.05
TSLA,2026-08-17,2026-08-24,P,215.0,206,0,1.1640666796875,0.05,0.0,0.06
TSLA,2026-08-17,2026-08-24,P,220.0,325,0,1.291019169921875,0.07,0.0,0.25
TSLA,2026-08-17,2026-08-24,P,225.0,45,1,1.23047259765625,0.07,0.0,0.25
TSLA,2026-08-17,2026-08-24,P,230.0,21,10,1.0546922265625,0.04,0.0,0.1
TSLA,2026-08-17,2026-08-24,P,235.0,29,0,1.000005,0.12,0.0,0.1
TSLA,2026-08-17,2026-08-24,P,240.0,86,0,0.8984385156249999,0.09,0.0,0.06
TSLA,2026-08-17,2026-08-24,P,245.0,200,4,0.9062509375,0.06,0.01,0.1
TSLA,2026-08-17,2026-08-24,P,250.0,55,56,0.8632826171875,0.05,0.02,0.1
TSLA,2026-08-17,2026-08-24,P,255.0,57,56,0.8125018749999999,0.04,0.02,0.1
TSLA,2026-08-17,2026-08-24,P,260.0,64,4,0.7617211328125001,0.07,0.03,0.09
TSLA,2026-08-17,2026-08-24,P,265.0,13,1,0.726565234375,0.07,0.05,0.09
TSLA,2026-08-17,2026-08-24,P,270.0,57,1,0.6972686523437501,0.09,0.05,0.13
TSLA,2026-08-17,2026-08-24,P,275.0,53,5,0.63867548828125,0.13,0.05,0.11
TSLA,2026-08-17,2026-08-24,P,280.0,189,107,0.6093789062500001,0.11,0.09,0.12
TSLA,2026-08-17,2026-08-24,P,282.5,18,2,0.5918009570312501,0.09,0.1,0.13
TSLA,2026-08-17,2026-08-24,P,285.0,32,0,0.570316796875,0.17,0.11,0.13
TSLA,2026-08-17,2026-08-24,P,287.5,36,6,0.5507857421875001,0.11,0.12,0.14
TSLA,2026-08-17,2026-08-24,P,290.0,300,180,0.5312546875,0.14,0.13,0.15
TSLA,2026-08-17,2026-08-24,P,292.5,109,107,0.5117236328125,0.12,0.14,0.16
TSLA,2026-08-17,2026-08-24,P,295.0,123,24,0.495122236328125,0.17,0.16,0.17
TSLA,2026-08-17,2026-08-24,P,297.5,140,1,0.477544287109375,0.21,0.18,0.19
TSLA,2026-08-17,2026-08-24,P,300.0,336,421,0.46289599609375004,0.21,0.2,0.22
TSLA,2026-08-17,2026-08-24,P,302.5,51,16,0.446294599609375,0.28,0.23,0.25
TSLA,2026-08-17,2026-08-24,P,305.0,306,55,0.43066975585937506,0.27,0.27,0.29
TSLA,2026-08-17,2026-08-24,P,307.5,84,91,0.41748629394531245,0.32,0.33,0.35
TSLA,2026-08-17,2026-08-24,P,310.0,349,234,0.4062559375,0.43,0.41,0.43
TSLA,2026-08-17,2026-08-24,P,312.5,174,54,0.39649041015625003,0.46,0.52,0.54
TSLA,2026-08-17,2026-08-24,P,315.0,632,168,0.38843385009765624,0.63,0.66,0.69
TSLA,2026-08-17,2026-08-24,P,317.5,131,172,0.38184211914062494,0.87,0.86,0.89
TSLA,2026-08-17,2026-08-24,P,320.0,288,181,0.3811097045898437,1.15,1.16,1.2
TSLA,2026-08-17,2026-08-24,P,322.5,81,561,0.3734193518066406,1.52,1.47,1.51
TSLA,2026-08-17,2026-08-24,P,325.0,1122,515,0.37402969726562496,2.0,1.94,2.0
TSLA,2026-08-17,2026-08-24,P,327.5,178,636,0.375982802734375,2.59,2.57,2.62
TSLA,2026-08-17,2026-08-24,P,330.0,296,1255,0.37708142456054683,3.35,3.25,3.35
TSLA,2026-08-17,2026-08-24,P,332.5,209,1700,0.3803772900390625,4.15,4.15,4.25
TSLA,2026-08-17,2026-08-24,P,335.0,510,1284,0.3869690209960937,5.22,5.25,5.35
TSLA,2026-08-17,2026-08-24,P,337.5,831,1031,0.38587039916992183,6.55,6.35,6.45
TSLA,2026-08-17,2026-08-24,P,340.0,609,408,0.3986876538085938,7.87,7.75,7.95
TSLA,2026-08-17,2026-08-24,P,342.5,110,50,0.40991801025390623,8.25,9.15,9.55
TSLA,2026-08-17,2026-08-24,P,345.0,172,15,0.42017181396484377,9.4,10.85,11.25
TSLA,2026-08-17,2026-08-24,P,347.5,28,4,0.4329890686035156,13.85,12.0,13.1
TSLA,2026-08-17,2026-08-24,P,350.0,104,6,0.44336494140625,15.35,13.95,15.0
TSLA,2026-08-17,2026-08-24,P,352.5,53,4,0.4580132324218751,16.0,16.4,17.05
TSLA,2026-08-17,2026-08-24,P,355.0,90,8,0.4982960327148438,17.88,18.25,19.55
TSLA,2026-08-17,2026-08-24,P,357.5,36,22,0.5097705273437501,20.4,20.05,21.65
TSLA,2026-08-17,2026-08-24,P,360.0,31,32,0.5302781347656251,22.65,23.1,24.75
TSLA,2026-08-17,2026-08-24,P,362.5,1,2,0.5312546875,26.08,23.75,28.2
TSLA,2026-08-17,2026-08-24,P,365.0,6,11,0.5501753967285157,29.4,26.5,30.1
TSLA,2026-08-17,2026-08-24,P,367.5,35,0,0.5561567822265626,23.95,28.65,32.35
TSLA,2026-08-17,2026-08-24,P,370.0,37,144,0.59570716796875,29.85,31.5,34.7
TSLA,2026-08-17,2026-08-24,P,380.0,2,0,0.6821320849609377,40.71,40.8,44.8
TSLA,2026-08-17,2026-08-26,C,280.0,31,0,0.7744163183593751,49.42,56.55,60.0
TSLA,2026-08-17,2026-08-26,C,285.0,11,0,0.6987334814453126,48.79,51.6,54.9
TSLA,2026-08-17,2026-08-26,C,290.0,40,0,0.6335485864257813,47.5,46.85,49.85
TSLA,2026-08-17,2026-08-26,C,300.0,24,18,0.4594780615234375,37.64,36.6,39.5
TSLA,2026-08-17,2026-08-26,C,302.5,25,6,0.44385321777343745,35.76,34.35,37.05
TSLA,2026-08-17,2026-08-26,C,305.0,23,112,0.387701435546875,35.0,32.0,34.4
TSLA,2026-08-17,2026-08-26,C,307.5,30,28,0.32471378417968744,33.69,29.8,31.75
TSLA,2026-08-17,2026-08-26,C,310.0,3,7,0.33838552246093745,29.02,27.6,29.4
TSLA,2026-08-17,2026-08-26,C,315.0,14,8,0.3469303588867187,25.85,23.2,24.8
TSLA,2026-08-17,2026-08-26,C,317.5,7,4,0.3403386279296875,20.7,20.9,22.5
TSLA,2026-08-17,2026-08-26,C,320.0,23,5,0.3469303588867187,21.05,18.95,20.4
TSLA,2026-08-17,2026-08-26,C,322.5,27,26,0.35278967529296873,20.0,16.9,18.4
TSLA,2026-08-17,2026-08-26,C,325.0,65,6,0.3544986425781249,15.2,15.0,16.45
TSLA,2026-08-17,2026-08-26,C,327.5,31,6,0.33777517700195314,14.06,13.65,14.3
TSLA,2026-08-17,2026-08-26,C,330.0,186,85,0.35816071533203125,13.5,11.7,12.9
TSLA,2026-08-17,2026-08-26,C,332.5,33,43,0.35950347534179683,11.73,10.4,11.3
TSLA,2026-08-17,2026-08-26,C,335.0,115,154,0.34491621887207036,9.3,9.05,9.5
TSLA,2026-08-17,2026-08-26,C,337.5,72,565,0.3414372497558594,8.32,7.8,8.05
TSLA,2026-08-17,2026-08-26,C,340.0,156,394,0.34339035522460937,6.76,6.75,6.85
TSLA,2026-08-17,2026-08-26,C,342.5,252,338,0.35315588256835934,6.05,5.8,5.95
TSLA,2026-08-17,2026-08-26,C,345.0,263,289,0.35217932983398437,4.95,4.8,4.95
TSLA,2026-08-17,2026-08-26,C,347.5,201,112,0.35761140441894534,4.2,4.1,4.2
TSLA,2026-08-17,2026-08-26,C,350.0,536,686,0.3682314154052735,3.55,3.5,3.65
TSLA,2026-08-17,2026-08-26,C,352.5,119,344,0.3673158972167969,3.0,2.91,2.98
TSLA,2026-08-17,2026-08-26,C,355.0,307,286,0.37280900634765624,2.58,2.43,2.51
TSLA,2026-08-17,2026-08-26,C,357.5,194,105,0.37879039184570307,2.11,2.06,2.12
TSLA,2026-08-17,2026-08-26,C,360.0,304,443,0.3834290173339844,1.76,1.71,1.77
TSLA,2026-08-17,2026-08-26,C,362.5,133,132,0.3924621301269531,1.51,1.47,1.53
TSLA,2026-08-17,2026-08-26,C,365.0,132,87,0.39819937744140627,1.36,1.24,1.29
TSLA,2026-08-17,2026-08-26,C,367.5,163,71,0.4062559375,1.24,1.07,1.11
TSLA,2026-08-17,2026-08-26,C,370.0,690,561,0.4133359448242187,0.92,0.91,0.95
TSLA,2026-08-17,2026-08-26,C,372.5,42,27,0.42090422851562503,1.0,0.78,0.82
TSLA,2026-08-17,2026-08-26,C,375.0,94,14,0.428716650390625,0.74,0.68,0.71
TSLA,2026-08-17,2026-08-26,C,380.0,125,76,0.4480035668945312,0.62,0.52,0.56
TSLA,2026-08-17,2026-08-26,C,385.0,113,168,0.46533737792968755,0.45,0.41,0.44
TSLA,2026-08-17,2026-08-26,C,390.0,673,106,0.48730981445312505,0.29,0.34,0.37
TSLA,2026-08-17,2026-08-26,C,395.0,139,24,0.5034229345703125,0.29,0.28,0.31
TSLA,2026-08-17,2026-08-26,C,400.0,441,20,0.52539537109375,0.25,0.24,0.27
TSLA,2026-08-17,2026-08-26,C,405.0,60,3,0.5454147021484376,0.29,0.21,0.23
TSLA,2026-08-17,2026-08-26,C,410.0,43,2,0.5688519677734375,0.21,0.19,0.21
TSLA,2026-08-17,2026-08-26,C,415.0,14,3,0.5908244042968751,0.18,0.17,0.19
TSLA,2026-08-17,2026-08-26,C,420.0,89,5,0.6103554589843752,0.2,0.15,0.17
TSLA,2026-08-17,2026-08-26,C,425.0,16,5,0.6269568554687501,0.15,0.13,0.15
TSLA,2026-08-17,2026-08-26,C,430.0,65,2,0.6552768847656252,0.15,0.13,0.15
TSLA,2026-08-17,2026-08-26,C,435.0,404,2,0.6757844921875001,0.14,0.12,0.14
TSLA,2026-08-17,2026-08-26,C,440.0,11,0,0.6953155468750001,0.25,0.11,0.13
TSLA,2026-08-17,2026-08-26,C,445.0,28,4,0.7148466015625,0.11,0.1,0.12
TSLA,2026-08-17,2026-08-26,C,450.0,55,6,0.7304714453125,0.09,0.09,0.11
TSLA,2026-08-17,2026-08-26,C,455.0,16,0,0.75586181640625,0.19,0.09,0.11
TSLA,2026-08-17,2026-08-26,C,460.0,5,30,0.77148666015625,0.11,0.08,0.1
TSLA,2026-08-17,2026-08-26,C,465.0,12,1,0.7949239257812499,0.08,0.08,0.1
TSLA,2026-08-17,2026-08-26,C,475.0,1,14,0.8300798242187499,0.08,0.07,0.09
TSLA,2026-08-17,2026-08-26,C,480.0,17,6,0.851563984375,0.07,0.07,0.09
TSLA,2026-08-17,2026-08-26,C,485.0,8,2,0.8632826171875,0.05,0.06,0.08
TSLA,2026-08-17,2026-08-26,C,490.0,8,6,0.88476677734375,0.11,0.06,0.08
TSLA,2026-08-17,2026-08-26,C,495.0,50,13,0.8984385156249999,0.17,0.05,0.08
TSLA,2026-08-17,2026-08-26,C,500.0,5,0,0.8867198828124999,0.16,0.01,0.08
TSLA,2026-08-17,2026-08-26,C,505.0,13,4,0.9335944140625,0.1,0.02,0.1
TSLA,2026-08-17,2026-08-26,C,510.0,15,10,0.9531254687499999,0.1,0.02,0.1
TSLA,2026-08-17,2026-08-26,C,515.0,3,4,0.9882813671875,0.16,0.03,0.11
TSLA,2026-08-17,2026-08-26,C,520.0,14,9,1.000005,0.03,0.03,0.1
TSLA,2026-08-17,2026-08-26,C,525.0,8,8,0.9960937890625,0.09,0.01,0.09
TSLA,2026-08-17,2026-08-26,C,530.0,4,12,0.992187578125,0.04,0.02,0.06
TSLA,2026-08-17,2026-08-26,C,535.0,4,8,1.0312548437500002,0.08,0.02,0.08
TSLA,2026-08-17,2026-08-26,C,540.0,9,2,1.05078599609375,0.08,0.02,0.08
TSLA,2026-08-17,2026-08-26,C,545.0,4,8,1.05859845703125,0.08,0.02,0.07
TSLA,2026-08-17,2026-08-26,C,550.0,7,12,1.0390673046875003,0.03,0.01,0.05
TSLA,2026-08-17,2026-08-26,C,555.0,3,4,1.11328568359375,0.01,0.01,0.1
TSLA,2026-08-17,2026-08-26,C,560.0,4,5,1.125004375,0.08,0.01,0.09
TSLA,2026-08-17,2026-08-26,C,565.0,8,6,1.140629296875,0.02,0.0,0.1
TSLA,2026-08-17,2026-08-26,C,570.0,2,8,1.1328168359375002,0.02,0.0,0.08
TSLA,2026-08-17,2026-08-26,C,575.0,5,8,1.1757853710937498,0.02,0.0,0.1
TSLA,2026-08-17,2026-08-26,C,580.0,7,10,1.15625421875,0.02,0.0,0.07
TSLA,2026-08-17,2026-08-26,C,590.0,3,6,1.15625421875,0.02,0.0,0.05
TSLA,2026-08-17,2026-08-26,C,600.0,3,6,1.1875040625,0.02,0.0,0.05
TSLA,2026-08-17,2026-08-26,C,610.0,5,4,1.21875390625,0.02,0.0,0.05
TSLA,2026-08-17,2026-08-26,P,165.0,3,0,2.178715490722656,0.12,0.0,0.51
TSLA,2026-08-17,2026-08-26,P,170.0,4,0,1.5859395703124997,0.13,0.0,0.05
TSLA,2026-08-17,2026-08-26,P,180.0,64,0,1.46484642578125,0.03,0.0,0.05
TSLA,2026-08-17,2026-08-26,P,185.0,5,0,1.40625296875,0.03,0.0,0.05
TSLA,2026-08-17,2026-08-26,P,205.0,20,0,1.18359783203125,0.01,0.0,0.1
TSLA,2026-08-17,2026-08-26,P,210.0,10,0,1.12891060546875,0.02,0.0,0.1
TSLA,2026-08-17,2026-08-26,P,215.0,10,0,1.0781296093750001,0.03,0.0,0.1
TSLA,2026-08-17,2026-08-26,P,220.0,174,0,1.0273486132812502,0.07,0.0,0.1
TSLA,2026-08-17,2026-08-26,P,225.0,319,0,0.9804689453125001,0.07,0.0,0.1
TSLA,2026-08-17,2026-08-26,P,230.0,156,86,0.9414068359375,0.04,0.01,0.1
TSLA,2026-08-17,2026-08-26,P,235.0,67,0,0.89257919921875,0.09,0.01,0.1
TSLA,2026-08-17,2026-08-26,P,240.0,43,2,0.8535170898437501,0.05,0.02,0.1
TSLA,2026-08-17,2026-08-26,P,245.0,9,2,0.8085956640624999,0.04,0.02,0.1
TSLA,2026-08-17,2026-08-26,P,250.0,51,1,0.7812521875,0.06,0.04,0.11
TSLA,2026-08-17,2026-08-26,P,255.0,64,0,0.75195560546875,0.1,0.03,0.15
TSLA,2026-08-17,2026-08-26,P,260.0,66,41,0.7148466015625,0.11,0.05,0.15
TSLA,2026-08-17,2026-08-26,P,265.0,2,0,0.70117486328125,0.11,0.05,0.24
TSLA,2026-08-17,2026-08-26,P,270.0,68,1,0.6347692773437501,0.13,0.1,0.13
TSLA,2026-08-17,2026-08-26,P,275.0,1,0,0.6015664843750002,0.16,0.12,0.15
TSLA,2026-08-17,2026-08-26,P,280.0,29,2,0.570316796875,0.16,0.15,0.17
TSLA,2026-08-17,2026-08-26,P,285.0,117,101,0.53320779296875,0.19,0.17,0.19
TSLA,2026-08-17,2026-08-26,P,290.0,98,22,0.5004932763671875,0.17,0.2,0.23
TSLA,2026-08-17,2026-08-26,P,295.0,70,10,0.476567734375,0.26,0.26,0.29
TSLA,2026-08-17,2026-08-26,P,297.5,26,5,0.46289599609375004,0.33,0.3,0.33
TSLA,2026-08-17,2026-08-26,P,300.0,79,79,0.44995667236328124,0.34,0.35,0.38
TSLA,2026-08-17,2026-08-26,P,302.5,15,4,0.43921459228515625,0.48,0.42,0.45
TSLA,2026-08-17,2026-08-26,P,305.0,70,20,0.42774009765625004,0.49,0.5,0.53
TSLA,2026-08-17,2026-08-26,P,307.5,23,10,0.41992767578125,0.62,0.62,0.65
TSLA,2026-08-17,2026-08-26,P,310.0,140,31,0.4155331884765625,0.71,0.78,0.82
TSLA,2026-08-17,2026-08-26,P,312.5,40,49,0.40869731933593745,1.01,0.97,1.01
TSLA,2026-08-17,2026-08-26,P,315.0,80,342,0.40405869384765625,1.2,1.21,1.26
TSLA,2026-08-17,2026-08-26,P,317.5,42,30,0.40259386474609377,1.48,1.55,1.6
TSLA,2026-08-17,2026-08-26,P,320.0,100,167,0.40039662109375,2.0,1.93,2.0
TSLA,2026-08-17,2026-08-26,P,322.5,73,65,0.39905386108398444,2.23,2.41,2.49
TSLA,2026-08-17,2026-08-26,P,325.0,136,153,0.3996642065429688,3.05,2.99,3.1
TSLA,2026-08-17,2026-08-26,P,327.5,49,48,0.4023497265625,3.65,3.7,3.85
TSLA,2026-08-17,2026-08-26,P,330.0,184,242,0.40454697021484376,4.5,4.55,4.7
TSLA,2026-08-17,2026-08-26,P,332.5,145,445,0.4010069665527344,5.5,5.4,5.55
TSLA,2026-08-17,2026-08-26,P,335.0,88,472,0.4018614501953125,6.5,6.45,6.6
TSLA,2026-08-17,2026-08-26,P,337.5,122,271,0.4066221447753906,7.9,7.7,7.85
TSLA,2026-08-17,2026-08-26,P,340.0,110,215,0.41992767578125,9.23,9.1,9.4
TSLA,2026-08-17,2026-08-26,P,342.5,51,25,0.42566492309570314,10.3,10.2,10.9
TSLA,2026-08-17,2026-08-26,P,345.0,13,21,0.43115803222656257,11.35,11.9,12.5
TSLA,2026-08-17,2026-08-26,P,347.5,9,17,0.43933666137695315,14.06,13.15,14.25
TSLA,2026-08-17,2026-08-26,P,350.0,50,3,0.47632359619140624,14.07,15.15,16.65
TSLA,2026-08-17,2026-08-26,P,352.5,9,0,0.4611259942626954,17.15,16.8,18.1
TSLA,2026-08-17,2026-08-26,P,355.0,19,8,0.4788870471191406,18.63,18.8,20.25
TSLA,2026-08-17,2026-08-26,P,357.5,16,16,0.5112353564453125,21.05,20.35,22.7
TSLA,2026-08-17,2026-08-26,P,360.0,16,1,0.5393112475585939,25.18,23.55,25.1
TSLA,2026-08-17,2026-08-26,P,362.5,1,0,0.5509078112792969,28.13,24.4,27.25
TSLA,2026-08-17,2026-08-26,P,365.0,1,2,0.5535933312988282,30.25,26.9,29.3
TSLA,2026-08-17,2026-08-26,P,370.0,10,10,0.5954630297851562,30.75,31.85,36.25
TSLA,2026-08-17,2026-08-26,P,375.0,18,26,0.5737347314453125,34.1,35.9,40.2
TSLA,2026-08-17,2026-08-26,P,395.0,10,0,0.7238797143554687,49.68,55.15,60.15
TSLA,2026-08-17,2026-08-26,P,400.0,12,0,0.7778342529296876,57.0,60.55,64.95
TSLA,2026-08-17,2026-08-28,C,60.0,4,0,4.605472993164062,274.95,275.25,279.65
TSLA,2026-08-17,2026-08-28,C,70.0,4,0,4.248051564941406,262.0,266.2,269.7
TSLA,2026-08-17,2026-08-28,C,80.0,2,4,3.941406396484375,252.63,256.15,259.75
TSLA,2026-08-17,2026-08-28,C,100.0,2,0,3.3535172412109366,205.01,236.2,239.75
TSLA,2026-08-17,2026-08-28,C,130.0,2,0,2.701175122070312,267.33,206.5,209.8
TSLA,2026-08-17,2026-08-28,C,150.0,4,3,1.0000000000000003e-05,190.52,186.45,187.9
TSLA,2026-08-17,2026-08-28,C,180.0,829,0,1.8095712646484374,160.87,156.45,159.7
TSLA,2026-08-17,2026-08-28,C,190.0,1,1,1.748048134765625,149.65,146.1,149.9
TSLA,2026-08-17,2026-08-28,C,200.0,13,5,1.5576193994140621,141.99,136.4,139.75
TSLA,2026-08-17,2026-08-28,C,210.0,22,12,1.4951197119140622,99.34,126.6,129.95
TSLA,2026-08-17,2026-08-28,C,220.0,76,3,1.32422212890625,121.0,116.65,119.8
TSLA,2026-08-17,2026-08-28,C,230.0,38,3,1.2202187426757813,107.5,106.45,109.85
TSLA,2026-08-17,2026-08-28,C,235.0,10,210,1.2001993115234375,76.05,101.1,105.0
TSLA,2026-08-17,2026-08-28,C,240.0,16,1,1.1044966650390626,99.0,96.15,99.85
TSLA,2026-08-17,2026-08-28,C,245.0,7,0,1.0605515722656251,85.28,90.7,94.9
TSLA,2026-08-17,2026-08-28,C,250.0,45,1,1.0048877880859375,86.1,86.55,89.9
TSLA,2026-08-17,2026-08-28,C,255.0,38,1,1.0000000000000003e-05,78.6,80.95,83.75
TSLA,2026-08-17,2026-08-28,C,260.0,74,2,1.0000000000000003e-05,85.6,75.7,78.75
TSLA,2026-08-17,2026-08-28,C,265.0,98,2,0.8608412353515625,78.04,71.9,75.0
TSLA,2026-08-17,2026-08-28,C,270.0,168,5,1.0000000000000003e-05,67.65,67.2,68.65
TSLA,2026-08-17,2026-08-28,C,275.0,131,2,0.5390671093750001,59.68,61.8,64.2
TSLA,2026-08-17,2026-08-28,C,280.0,79,212,0.6467320483398438,56.24,56.4,59.7
TSLA,2026-08-17,2026-08-28,C,285.0,31,212,0.6064492480468751,51.33,52.25,54.75
TSLA,2026-08-17,2026-08-28,C,290.0,151,4,0.5293015820312501,48.89,46.65,49.6
TSLA,2026-08-17,2026-08-28,C,295.0,100,4,0.3086006640625,44.03,42.75,44.1
TSLA,2026-08-17,2026-08-28,C,300.0,580,11,0.35547519531249994,38.0,38.0,39.25
TSLA,2026-08-17,2026-08-28,C,305.0,1118,28,0.3398503515625,35.45,32.95,34.35
TSLA,2026-08-17,2026-08-28,C,307.5,20,2,0.389654541015625,35.56,30.45,32.3
TSLA,2026-08-17,2026-08-28,C,310.0,1827,4,0.3518131225585937,30.66,28.45,29.7
TSLA,2026-08-17,2026-08-28,C,312.5,7,10,0.366217275390625,27.79,26.2,27.55
TSLA,2026-08-17,2026-08-28,C,315.0,919,12,0.3794007373046875,25.0,24.2,25.5
TSLA,2026-08-17,2026-08-28,C,317.5,24,36,0.36597313720703123,21.8,21.95,23.2
TSLA,2026-08-17,2026-08-28,C,320.0,1133,21,0.3670717590332031,21.16,20.2,21.15
TSLA,2026-08-17,2026-08-28,C,322.5,36,7,0.3748231463623046,19.0,18.4,19.3
TSLA,2026-08-17,2026-08-28,C,325.0,1324,53,0.3627993408203125,18.16,16.6,17.2
TSLA,2026-08-17,2026-08-28,C,327.5,155,72,0.34998208618164056,16.6,15.0,15.15
TSLA,2026-08-17,2026-08-28,C,330.0,2363,1887,0.35999175170898434,13.4,13.35,13.65
TSLA,2026-08-17,2026-08-28,C,332.5,535,189,0.35925933715820313,12.1,11.85,12.05
TSLA,2026-08-17,2026-08-28,C,335.0,1571,1475,0.3601138208007812,10.55,10.5,10.6
TSLA,2026-08-17,2026-08-28,C,337.5,690,938,0.3645083081054688,9.25,9.2,9.35
TSLA,2026-08-17,2026-08-28,C,340.0,2889,1736,0.3723207299804688,8.1,8.15,8.3
TSLA,2026-08-17,2026-08-28,C,342.5,850,365,0.37103900451660154,7.1,7.05,7.15
TSLA,2026-08-17,2026-08-28,C,345.0,1588,597,0.37579969909667965,6.1,6.1,6.25
TSLA,2026-08-17,2026-08-28,C,347.5,664,419,0.38049935913085936,5.4,5.3,5.45
TSLA,2026-08-17,2026-08-28,C,350.0,4504,3012,0.37854625366210937,4.58,4.5,4.6
TSLA,2026-08-17,2026-08-28,C,352.5,2150,257,0.3890441955566406,4.0,3.95,4.1
TSLA,2026-08-17,2026-08-28,C,355.0,2473,765,0.39087523193359375,3.4,3.4,3.5
TSLA,2026-08-17,2026-08-28,C,360.0,3146,2173,0.39588006469726567,2.54,2.53,2.54
TSLA,2026-08-17,2026-08-28,C,365.0,2192,462,0.4057676611328125,1.87,1.86,1.89
TSLA,2026-08-17,2026-08-28,C,370.0,4513,1189,0.41602146484374997,1.42,1.38,1.41
TSLA,2026-08-17,2026-08-28,C,375.0,4653,763,0.4299373413085938,1.06,1.07,1.09
TSLA,2026-08-17,2026-08-28,C,380.0,3136,974,0.44385321777343745,0.89,0.82,0.85
TSLA,2026-08-17,2026-08-28,C,385.0,2136,149,0.4577690942382813,0.68,0.65,0.67
TSLA,2026-08-17,2026-08-28,C,390.0,2196,310,0.47461462890625,0.56,0.54,0.55
TSLA,2026-08-17,2026-08-28,C,395.0,1629,86,0.4919484399414063,0.44,0.44,0.46
TSLA,2026-08-17,2026-08-28,C,400.0,5395,799,0.5083056982421875,0.38,0.38,0.39
TSLA,2026-08-17,2026-08-28,C,405.0,741,29,0.5283250292968751,0.31,0.33,0.35
TSLA,2026-08-17,2026-08-28,C,410.0,1703,113,0.543949873046875,0.3,0.28,0.3
TSLA,2026-08-17,2026-08-28,C,415.0,583,122,0.5634809277343751,0.27,0.25,0.27
TSLA,2026-08-17,2026-08-28,C,420.0,2051,252,0.5805706005859376,0.24,0.22,0.24
TSLA,2026-08-17,2026-08-28,C,425.0,579,29,0.6015664843750002,0.22,0.21,0.22
TSLA,2026-08-17,2026-08-28,C,430.0,847,17,0.6171913281250001,0.19,0.18,0.2
TSLA,2026-08-17,2026-08-28,C,435.0,1431,4,0.6357458300781251,0.18,0.17,0.18
TSLA,2026-08-17,2026-08-28,C,440.0,877,162,0.6523472265625001,0.16,0.15,0.17
TSLA,2026-08-17,2026-08-28,C,445.0,815,7,0.6709017285156251,0.16,0.14,0.16
TSLA,2026-08-17,2026-08-28,C,450.0,1634,61,0.6884796777343751,0.13,0.13,0.15
TSLA,2026-08-17,2026-08-28,C,455.0,390,3,0.7050810742187501,0.13,0.12,0.14
TSLA,2026-08-17,2026-08-28,C,460.0,387,5,0.72070591796875,0.13,0.11,0.13
TSLA,2026-08-17,2026-08-28,C,465.0,496,35,0.735354208984375,0.12,0.1,0.12
TSLA,2026-08-17,2026-08-28,C,470.0,599,17,0.7480493945312501,0.11,0.09,0.11
TSLA,2026-08-17,2026-08-28,C,475.0,255,6,0.7656273437500001,0.11,0.09,0.1
TSLA,2026-08-17,2026-08-28,C,480.0,575,69,0.7812521875,0.09,0.08,0.1
TSLA,2026-08-17,2026-08-28,C,485.0,762,127,0.79101771484375,0.09,0.07,0.09
TSLA,2026-08-17,2026-08-28,C,490.0,564,21,0.8105487695312499,0.08,0.07,0.09
TSLA,2026-08-17,2026-08-28,C,495.0,130,29,0.8183611914062499,0.07,0.06,0.08
TSLA,2026-08-17,2026-08-28,C,500.0,1021,1,0.8378922460937499,0.08,0.06,0.08
TSLA,2026-08-17,2026-08-28,C,505.0,532,10,0.851563984375,0.08,0.06,0.07
TSLA,2026-08-17,2026-08-28,C,510.0,64,7,0.8632826171875,0.07,0.05,0.07
TSLA,2026-08-17,2026-08-28,C,515.0,139,166,0.8710950390625,0.05,0.05,0.06
TSLA,2026-08-17,2026-08-28,C,520.0,302,24,0.851563984375,0.07,0.02,0.05
TSLA,2026-08-17,2026-08-28,C,525.0,130,4,0.85937640625,0.08,0.01,0.05
TSLA,2026-08-17,2026-08-28,C,530.0,72,3,0.8984385156249999,0.09,0.03,0.05
TSLA,2026-08-17,2026-08-28,C,535.0,42,3,0.9785158398437501,0.09,0.01,0.15
TSLA,2026-08-17,2026-08-28,C,540.0,340,22,0.9492192578124999,0.06,0.03,0.07
TSLA,2026-08-17,2026-08-28,C,545.0,356,4,0.992187578125,0.05,0.03,0.1
TSLA,2026-08-17,2026-08-28,C,550.0,326,4,0.9726565234375,0.09,0.02,0.07
TSLA,2026-08-17,2026-08-28,C,555.0,10,2,1.0078174609375,0.09,0.01,0.1
TSLA,2026-08-17,2026-08-28,C,560.0,14,7,1.0234423828125,0.13,0.01,0.1
TSLA,2026-08-17,2026-08-28,C,565.0,35,56,0.98437515625,0.03,0.01,0.05
TSLA,2026-08-17,2026-08-28,C,570.0,121,2,1.056645341796875,0.08,0.01,0.1
TSLA,2026-08-17,2026-08-28,C,575.0,8,3,1.0722702636718753,0.12,0.01,0.1
TSLA,2026-08-17,2026-08-28,C,580.0,28,2,1.015629921875,0.11,0.0,0.05
TSLA,2026-08-17,2026-08-28,C,585.0,24,20,0.98437515625,0.03,0.0,0.03
TSLA,2026-08-17,2026-08-28,C,590.0,12,25,1.05859845703125,0.02,0.01,0.05
TSLA,2026-08-17,2026-08-28,C,595.0,42,466,1.015629921875,0.02,0.0,0.03
TSLA,2026-08-17,2026-08-28,C,600.0,73,4,1.0703171484375003,0.04,0.0,0.05
TSLA,2026-08-17,2026-08-28,C,605.0,17,3,1.0859420703125,0.03,0.0,0.05
TSLA,2026-08-17,2026-08-28,C,610.0,10,9,1.1015669921875002,0.03,0.0,0.05
TSLA,2026-08-17,2026-08-28,C,615.0,8,4,1.109379453125,0.03,0.0,0.05
TSLA,2026-08-17,2026-08-28,C,620.0,9,3,1.125004375,0.03,0.0,0.05
TSLA,2026-08-17,2026-08-28,C,625.0,8,7,1.140629296875,0.03,0.0,0.05
TSLA,2026-08-17,2026-08-28,C,630.0,5,1,1.15625421875,0.03,0.0,0.05
TSLA,2026-08-17,2026-08-28,C,640.0,12,2,1.1796916015624999,0.02,0.0,0.05
TSLA,2026-08-17,2026-08-28,C,650.0,29,2,1.203128984375,0.05,0.0,0.05
TSLA,2026-08-17,2026-08-28,C,660.0,3,2,1.2265663671875,0.11,0.0,0.05
TSLA,2026-08-17,2026-08-28,C,670.0,5,40,1.2578162109375,0.01,0.0,0.05
TSLA,2026-08-17,2026-08-28,C,680.0,9,6,1.2812535937499998,0.04,0.0,0.05
TSLA,2026-08-17,2026-08-28,C,690.0,62,54,1.3046909765624997,0.01,0.0,0.05
TSLA,2026-08-17,2026-08-28,C,700.0,194,181,1.3281283593749997,0.01,0.0,0.05
TSLA,2026-08-17,2026-08-28,C,710.0,92,40,1.3515657421874998,0.01,0.0,0.05
TSLA,2026-08-17,2026-08-28,C,720.0,3,0,1.3437532812499997,0.12,0.0,0.04
TSLA,2026-08-17,2026-08-28,C,730.0,5,3,1.3906280468749999,0.07,0.0,0.05
TSLA,2026-08-17,2026-08-28,C,740.0,4,1,1.3906280468749999,0.03,0.0,0.04
TSLA,2026-08-17,2026-08-28,C,750.0,60,1,1.4140654296875002,0.03,0.0,0.04
TSLA,2026-08-17,2026-08-28,P,50.0,5,4,3.1875020312499998,0.26,0.0,0.01
TSLA,2026-08-17,2026-08-28,P,80.0,97,1,2.43750390625,0.01,0.0,0.01
TSLA,2026-08-17,2026-08-28,P,90.0,74,1,2.2500043749999996,0.01,0.0,0.01
TSLA,2026-08-17,2026-08-28,P,100.0,711,480,2.0625048437499998,0.01,0.0,0.01
TSLA,2026-08-17,2026-08-28,P,110.0,193,2,1.875000625,0.07,0.0,0.01
TSLA,2026-08-17,2026-08-28,P,120.0,100,24,1.75000125,0.16,0.0,0.01
TSLA,2026-08-17,2026-08-28,P,130.0,147,20,1.8437507812499998,0.03,0.0,0.05
TSLA,2026-08-17,2026-08-28,P,140.0,156,96,1.703126484375,0.01,0.0,0.05
TSLA,2026-08-17,2026-08-28,P,150.0,3807,186,1.46875265625,0.01,0.0,0.02
TSLA,2026-08-17,2026-08-28,P,160.0,4863,235,1.3906280468749999,0.01,0.01,0.02
TSLA,2026-08-17,2026-08-28,P,170.0,465,280,1.3437532812499997,0.04,0.0,0.05
TSLA,2026-08-17,2026-08-28,P,180.0,701,12,1.21875390625,0.04,0.01,0.03
TSLA,2026-08-17,2026-08-28,P,190.0,206,30,1.140629296875,0.03,0.02,0.03
TSLA,2026-08-17,2026-08-28,P,200.0,3264,125,1.1054732226562503,0.03,0.03,0.06
TSLA,2026-08-17,2026-08-28,P,210.0,16534,20,1.0234423828125,0.05,0.04,0.06
TSLA,2026-08-17,2026-08-28,P,220.0,600,21,0.9492192578124999,0.05,0.02,0.1
TSLA,2026-08-17,2026-08-28,P,230.0,2115,3,0.8730481445312499,0.02,0.04,0.1
TSLA,2026-08-17,2026-08-28,P,235.0,2156,2256,0.8632826171875,0.08,0.05,0.15
TSLA,2026-08-17,2026-08-28,P,240.0,1836,1180,0.81445498046875,0.05,0.05,0.14
TSLA,2026-08-17,2026-08-28,P,245.0,289,19,0.7753928710937501,0.1,0.05,0.15
TSLA,2026-08-17,2026-08-28,P,250.0,1181,69,0.74414318359375,0.09,0.09,0.14
TSLA,2026-08-17,2026-08-28,P,255.0,2796,13,0.708010732421875,0.11,0.1,0.15
TSLA,2026-08-17,2026-08-28,P,260.0,2604,6,0.6611362011718751,0.13,0.11,0.13
TSLA,2026-08-17,2026-08-28,P,265.0,397,20,0.631839619140625,0.14,0.13,0.15
TSLA,2026-08-17,2026-08-28,P,270.0,2217,26,0.6005899316406251,0.15,0.15,0.17
TSLA,2026-08-17,2026-08-28,P,275.0,779,37,0.567387138671875,0.18,0.17,0.19
TSLA,2026-08-17,2026-08-28,P,280.0,3175,75,0.5385788330078126,0.21,0.21,0.22
TSLA,2026-08-17,2026-08-28,P,285.0,753,37,0.5107470800781251,0.25,0.25,0.27
TSLA,2026-08-17,2026-08-28,P,290.0,2277,34,0.4887746435546876,0.31,0.32,0.34
TSLA,2026-08-17,2026-08-28,P,295.0,929,119,0.4672904833984375,0.43,0.43,0.45
TSLA,2026-08-17,2026-08-28,P,300.0,3124,672,0.44775942871093743,0.61,0.59,0.61
TSLA,2026-08-17,2026-08-28,P,302.5,130,87,0.4419001123046875,0.72,0.72,0.74
TSLA,2026-08-17,2026-08-28,P,305.0,898,226,0.43555251953125,0.87,0.86,0.89
TSLA,2026-08-17,2026-08-28,P,307.5,209,101,0.42847251220703125,1.06,1.04,1.06
TSLA,2026-08-17,2026-08-28,P,310.0,1867,211,0.42590906127929695,1.28,1.28,1.31
TSLA,2026-08-17,2026-08-28,P,312.5,288,226,0.422857333984375,1.43,1.56,1.6
TSLA,2026-08-17,2026-08-28,P,315.0,1606,179,0.4195614685058594,1.91,1.9,1.94
TSLA,2026-08-17,2026-08-28,P,317.5,725,103,0.41712008666992184,2.13,2.31,2.35
TSLA,2026-08-17,2026-08-28,P,320.0,1562,425,0.41358008300781246,2.8,2.75,2.81
TSLA,2026-08-17,2026-08-28,P,322.5,641,261,0.41345801391601555,3.09,3.3,3.4
TSLA,2026-08-17,2026-08-28,P,325.0,1679,403,0.41712008666992184,4.05,4.0,4.15
TSLA,2026-08-17,2026-08-28,P,327.5,1152,180,0.41107766662597656,4.8,4.7,4.8
TSLA,2026-08-17,2026-08-28,P,330.0,2850,614,0.41272559936523434,5.72,5.55,5.7
TSLA,2026-08-17,2026-08-28,P,332.5,414,133,0.4165707757568359,6.38,6.65,6.75
TSLA,2026-08-17,2026-08-28,P,335.0,952,865,0.4157773266601562,7.85,7.65,7.8
TSLA,2026-08-17,2026-08-28,P,337.5,339,471,0.42127043579101564,9.05,9.0,9.1
TSLA,2026-08-17,2026-08-28,P,340.0,920,1147,0.4224300921630859,10.2,10.25,10.4
TSLA,2026-08-17,2026-08-28,P,342.5,176,71,0.4364070031738281,11.11,11.85,12.1
TSLA,2026-08-17,2026-08-28,P,345.0,478,72,0.44220528503417966,13.3,13.2,13.7
TSLA,2026-08-17,2026-08-28,P,347.5,144,36,0.4420221813964844,14.16,14.85,15.25
TSLA,2026-08-17,2026-08-28,P,350.0,1116,980,0.44690494506835937,16.75,16.7,17.0
TSLA,2026-08-17,2026-08-28,P,352.5,47,9,0.4552056433105469,15.0,18.3,18.9
TSLA,2026-08-17,2026-08-28,P,355.0,345,34,0.4726615234375,19.55,20.05,21.05
TSLA,2026-08-17,2026-08-28,P,360.0,735,10,0.524418818359375,25.04,24.1,25.8
TSLA,2026-08-17,2026-08-28,P,365.0,188,13,0.5323533093261719,28.0,28.5,29.85
TSLA,2026-08-17,2026-08-28,P,370.0,1188,14,0.5095263891601562,32.25,32.85,34.35
TSLA,2026-08-17,2026-08-28,P,375.0,157,23,0.5356491748046875,37.75,37.35,39.2
TSLA,2026-08-17,2026-08-28,P,380.0,441,6,0.5564009204101563,42.5,42.1,43.8
TSLA,2026-08-17,2026-08-28,P,385.0,226,13,0.6020547607421877,45.39,47.0,48.95
TSLA,2026-08-17,2026-08-28,P,390.0,217,17,0.6287878918457033,50.39,51.75,53.85
TSLA,2026-08-17,2026-08-28,P,395.0,129,10,0.6829865686035157,57.82,56.9,59.0
TSLA,2026-08-17,2026-08-28,P,400.0,213,3,0.7180203979492188,61.46,61.8,64.0
TSLA,2026-08-17,2026-08-28,P,405.0,40,4,0.74414318359375,66.08,66.7,68.85
TSLA,2026-08-17,2026-08-28,P,410.0,80,1,0.7966328930664062,69.6,71.75,74.1
TSLA,2026-08-17,2026-08-28,P,415.0,9,1,0.76367423828125,82.05,75.9,78.7
TSLA,2026-08-17,2026-08-28,P,420.0,10,6,0.8476577734374999,77.78,81.2,84.25
TSLA,2026-08-17,2026-08-28,P,425.0,0,1,0.8708509008789063,119.1,85.95,89.3
TSLA,2026-08-17,2026-08-28,P,430.0,0,1,0.90429783203125,106.43,90.95,94.3
TSLA,2026-08-17,2026-08-28,P,435.0,0,1,0.9248054394531251,93.55,95.85,99.2
TSLA,2026-08-17,2026-08-28,P,440.0,0,1,0.9599613378906249,100.29,100.85,104.25
TSLA,2026-08-17,2026-08-28,P,445.0,0,2,0.9914551635742188,123.13,105.9,109.2
TSLA,2026-08-17,2026-08-28,P,450.0,0,1,1.0222216857910156,143.45,110.9,114.2
TSLA,2026-08-17,2026-08-28,P,455.0,0,6,1.049077020263672,128.52,115.85,119.2
TSLA,2026-08-17,2026-08-28,P,460.0,0,10,1.0231982434082032,145.0,120.85,123.45
TSLA,2026-08-17,2026-08-28,P,470.0,0,1,1.0791061669921875,133.5,130.85,133.45
TSLA,2026-08-17,2026-08-28,P,475.0,2,7,1.1064497802734377,170.16,135.85,138.45
TSLA,2026-08-17,2026-08-28,P,480.0,0,0,1.1579631945800783,109.75,141.15,143.45
TSLA,2026-08-17,2026-08-28,P,495.0,0,0,1.1733439770507812,187.05,155.45,158.45
TSLA,2026-08-17,2026-08-28,P,500.0,0,62,1.3217807348632813,190.6,161.15,164.2
TSLA,2026-08-17,2026-08-28,P,515.0,0,0,1.3586457849121092,121.8,176.15,178.7
TSLA,2026-08-17,2026-08-28,P,520.0,0,15,1.3830597253417967,197.6,181.15,183.7
TSLA,2026-08-17,2026-08-28,P,550.0,0,10,1.499758360595703,226.18,211.15,213.45
TSLA,2026-08-17,2026-09-04,C,120.0,2,2,1.0000000000000003e-05,209.29,216.6,218.25
TSLA,2026-08-17,2026-09-04,C,150.0,4,0,1.0000000000000003e-05,197.58,186.2,188.15
TSLA,2026-08-17,2026-09-04,C,160.0,1,0,1.0000000000000003e-05,188.41,176.2,178.15
TSLA,2026-08-17,2026-09-04,C,170.0,6,1,1.5224633251953121,157.85,166.5,169.7
TSLA,2026-08-17,2026-09-04,C,180.0,10,10,1.517092258300781,139.0,155.55,160.05
TSLA,2026-08-17,2026-09-04,C,190.0,2,1,1.4018584594726562,156.79,146.6,150.05
TSLA,2026-08-17,2026-09-04,C,200.0,34,1,1.280765314941406,146.57,136.55,140.0
TSLA,2026-08-17,2026-09-04,C,210.0,1,1,1.2094766088867184,131.43,126.35,130.15
TSLA,2026-08-17,2026-09-04,C,220.0,2,1,1.1079146166992189,127.45,115.75,120.15
TSLA,2026-08-17,2026-09-04,C,230.0,9,1,1.0190478735351562,117.53,106.95,110.2
TSLA,2026-08-17,2026-09-04,C,235.0,8,0,0.9797365307617188,85.0,101.7,105.25
TSLA,2026-08-17,2026-09-04,C,240.0,7,545,0.860352958984375,99.85,97.0,99.85
TSLA,2026-08-17,2026-09-04,C,245.0,14,14,0.885743330078125,85.7,91.8,95.25
TSLA,2026-08-17,2026-09-04,C,250.0,20,6,0.8396012133789061,91.37,86.85,90.25
TSLA,2026-08-17,2026-09-04,C,255.0,25,198,0.8012715185546875,70.81,82.05,85.3
TSLA,2026-08-17,2026-09-04,C,260.0,41,17,0.7355983471679688,81.36,76.95,80.15
TSLA,2026-08-17,2026-09-04,C,265.0,33,17,0.7055693505859376,73.03,71.3,75.25
TSLA,2026-08-17,2026-09-04,C,270.0,23,2,0.6618686157226563,70.35,67.2,70.25
TSLA,2026-08-17,2026-09-04,C,275.0,46,2,0.6125527026367189,65.47,61.95,65.2
TSLA,2026-08-17,2026-09-04,C,280.0,67,175,0.5581098876953126,61.24,57.55,60.1
TSLA,2026-08-17,2026-09-04,C,285.0,48,1,0.5046436254882812,56.13,52.25,55.0
TSLA,2026-08-17,2026-09-04,C,290.0,127,71,0.44605046142578125,48.6,47.65,49.85
TSLA,2026-08-17,2026-09-04,C,295.0,154,69,0.41235939208984373,47.09,43.3,44.9
TSLA,2026-08-17,2026-09-04,C,300.0,413,1,0.4063780065917969,39.9,38.7,40.25
TSLA,2026-08-17,2026-09-04,C,305.0,371,5,0.39880972290039063,33.65,34.25,35.7
TSLA,2026-08-17,2026-09-04,C,310.0,915,1,0.39441523559570313,26.6,29.9,31.35
TSLA,2026-08-17,2026-09-04,C,315.0,712,11,0.39014281738281253,25.75,26.1,27.2
TSLA,2026-08-17,2026-09-04,C,320.0,714,14,0.3864197100830078,22.48,22.45,23.3
TSLA,2026-08-17,2026-09-04,C,325.0,602,481,0.375982802734375,18.59,18.9,19.5
TSLA,2026-08-17,2026-09-04,C,330.0,1598,175,0.373480386352539,16.94,15.9,16.2
TSLA,2026-08-17,2026-09-04,C,335.0,1010,334,0.3797669445800781,13.52,13.25,13.5
TSLA,2026-08-17,2026-09-04,C,340.0,783,515,0.38233039550781245,11.02,10.9,11.05
TSLA,2026-08-17,2026-09-04,C,345.0,1129,245,0.38513798461914056,8.86,8.8,8.95
TSLA,2026-08-17,2026-09-04,C,350.0,2446,1341,0.38886109191894536,7.05,7.05,7.2
TSLA,2026-08-17,2026-09-04,C,355.0,1207,591,0.3909973010253906,5.65,5.6,5.7
TSLA,2026-08-17,2026-09-04,C,360.0,1639,510,0.40064075927734377,4.55,4.55,4.65
TSLA,2026-08-17,2026-09-04,C,365.0,1953,121,0.40601179931640624,3.64,3.6,3.7
TSLA,2026-08-17,2026-09-04,C,370.0,1198,369,0.4096738720703125,2.94,2.86,2.9
TSLA,2026-08-17,2026-09-04,C,375.0,964,397,0.41565525756835936,2.5,2.27,2.3
TSLA,2026-08-17,2026-09-04,C,380.0,1082,186,0.424810439453125,2.04,1.84,1.87
TSLA,2026-08-17,2026-09-04,C,385.0,606,147,0.4335994140625,1.51,1.49,1.52
TSLA,2026-08-17,2026-09-04,C,390.0,840,147,0.4422663195800781,1.36,1.21,1.24
TSLA,2026-08-17,2026-09-04,C,395.0,622,116,0.45337460693359377,1.14,1.01,1.04
TSLA,2026-08-17,2026-09-04,C,400.0,2687,333,0.4633842724609375,0.9,0.85,0.87
TSLA,2026-08-17,2026-09-04,C,405.0,345,61,0.4758353198242187,0.72,0.73,0.75
TSLA,2026-08-17,2026-09-04,C,410.0,609,24,0.4880422290039063,0.62,0.63,0.65
TSLA,2026-08-17,2026-09-04,C,415.0,293,48,0.500005,0.6,0.55,0.58
TSLA,2026-08-17,2026-09-04,C,420.0,886,69,0.5144091528320311,0.52,0.5,0.52
TSLA,2026-08-17,2026-09-04,C,425.0,222,52,0.5280808911132813,0.45,0.45,0.47
TSLA,2026-08-17,2026-09-04,C,430.0,362,39,0.5400436621093752,0.37,0.4,0.42
TSLA,2026-08-17,2026-09-04,C,435.0,63,10,0.5551802294921876,0.38,0.37,0.39
TSLA,2026-08-17,2026-09-04,C,440.0,112,10,0.5688519677734375,0.35,0.34,0.36
TSLA,2026-08-17,2026-09-04,C,445.0,262,25,0.5815471533203125,0.29,0.31,0.33
TSLA,2026-08-17,2026-09-04,C,450.0,492,17,0.59570716796875,0.27,0.29,0.31
TSLA,2026-08-17,2026-09-04,C,455.0,112,9,0.6079140771484376,0.3,0.26,0.29
TSLA,2026-08-17,2026-09-04,C,460.0,340,11,0.622074091796875,0.26,0.25,0.27
TSLA,2026-08-17,2026-09-04,C,465.0,51,2,0.6337927246093751,0.22,0.23,0.25
TSLA,2026-08-17,2026-09-04,C,470.0,163,36,0.6445348046875,0.22,0.21,0.23
TSLA,2026-08-17,2026-09-04,C,475.0,132,72,0.65820654296875,0.24,0.2,0.22
TSLA,2026-08-17,2026-09-04,C,480.0,56,5,0.6709017285156251,0.2,0.19,0.21
TSLA,2026-08-17,2026-09-04,C,485.0,6,2,0.6835969140625001,0.35,0.18,0.2
TSLA,2026-08-17,2026-09-04,C,490.0,13,1,0.6953155468750001,0.17,0.17,0.19
TSLA,2026-08-17,2026-09-04,C,495.0,81,5,0.7070341796875,0.21,0.16,0.18
TSLA,2026-08-17,2026-09-04,C,500.0,1382,12,0.717776259765625,0.16,0.15,0.17
TSLA,2026-08-17,2026-09-04,C,505.0,14,6,0.72851833984375,0.22,0.14,0.16
TSLA,2026-08-17,2026-09-04,C,510.0,196,121,0.7402369726562499,0.14,0.14,0.15
TSLA,2026-08-17,2026-09-04,C,515.0,5,20,0.752932158203125,0.13,0.13,0.15
TSLA,2026-08-17,2026-09-04,C,520.0,334,1,0.7617211328125001,0.17,0.12,0.14
TSLA,2026-08-17,2026-09-04,C,525.0,742,10,0.773439765625,0.12,0.12,0.13
TSLA,2026-08-17,2026-09-04,C,530.0,21,16,0.7832052929687501,0.1,0.11,0.13
TSLA,2026-08-17,2026-09-04,C,535.0,459,1,0.7949239257812499,0.09,0.11,0.12
TSLA,2026-08-17,2026-09-04,C,540.0,63,5,0.804689453125,0.1,0.1,0.12
TSLA,2026-08-17,2026-09-04,C,545.0,12,2,0.8105487695312499,0.24,0.09,0.11
TSLA,2026-08-17,2026-09-04,C,550.0,479,5,0.8242205078124999,0.1,0.09,0.11
TSLA,2026-08-17,2026-09-04,C,555.0,32,1,0.8378922460937499,0.13,0.09,0.11
TSLA,2026-08-17,2026-09-04,C,560.0,16,30,0.84179845703125,0.09,0.08,0.1
TSLA,2026-08-17,2026-09-04,C,565.0,2,10,0.8535170898437501,0.09,0.08,0.1
TSLA,2026-08-17,2026-09-04,C,570.0,4,1,0.867188828125,0.11,0.08,0.1
TSLA,2026-08-17,2026-09-04,C,575.0,6,1,0.86914193359375,0.11,0.07,0.09
TSLA,2026-08-17,2026-09-04,C,580.0,18,3,0.8964854101562498,0.14,0.05,0.14
TSLA,2026-08-17,2026-09-04,C,585.0,9,7,0.90429783203125,0.13,0.05,0.13
TSLA,2026-08-17,2026-09-04,C,590.0,8,1,0.91211025390625,0.13,0.04,0.13
TSLA,2026-08-17,2026-09-04,C,595.0,13,3,0.9238288867187501,0.13,0.04,0.13
TSLA,2026-08-17,2026-09-04,C,600.0,117,1,0.9355475195312499,0.13,0.04,0.13
TSLA,2026-08-17,2026-09-04,C,605.0,10,5,0.9355475195312499,0.07,0.03,0.12
TSLA,2026-08-17,2026-09-04,C,610.0,47,2,0.9531254687499999,0.13,0.03,0.13
TSLA,2026-08-17,2026-09-04,C,615.0,16,13,0.9707034179687499,0.17,0.02,0.15
TSLA,2026-08-17,2026-09-04,C,620.0,18,1,0.9765627343750001,0.12,0.01,0.15
TSLA,2026-08-17,2026-09-04,C,625.0,44,4,0.9531254687499999,0.12,0.03,0.08
TSLA,2026-08-17,2026-09-04,C,630.0,37,3,0.9726565234375,0.11,0.04,0.08
TSLA,2026-08-17,2026-09-04,C,640.0,5,1,0.9863282617187501,0.11,0.01,0.1
TSLA,2026-08-17,2026-09-04,C,650.0,23,6,0.9882813671875,0.06,0.02,0.07
TSLA,2026-08-17,2026-09-04,C,660.0,5,3,1.01172369140625,0.05,0.02,0.07
TSLA,2026-08-17,2026-09-04,C,670.0,23,3,1.0312548437500002,0.12,0.02,0.07
TSLA,2026-08-17,2026-09-04,C,680.0,101,1,1.05078599609375,0.06,0.01,0.08
TSLA,2026-08-17,2026-09-04,P,50.0,1,0,2.8281279296874997,0.05,0.0,0.05
TSLA,2026-08-17,2026-09-04,P,60.0,2,3,2.56250359375,0.04,0.0,0.05
TSLA,2026-08-17,2026-09-04,P,80.0,1,0,2.2734418164062498,0.14,0.0,0.1
TSLA,2026-08-17,2026-09-04,P,90.0,2,3,2.0937547656249995,0.22,0.0,0.1
TSLA,2026-08-17,2026-09-04,P,100.0,26,1,1.9296878515625,0.06,0.0,0.1
TSLA,2026-08-17,2026-09-04,P,110.0,3,1,1.78515732421875,0.08,0.0,0.1
TSLA,2026-08-17,2026-09-04,P,120.0,17,2,1.65234548828125,0.13,0.0,0.1
TSLA,2026-08-17,2026-09-04,P,130.0,21,3,1.5312523437499999,0.04,0.0,0.1
TSLA,2026-08-17,2026-09-04,P,140.0,74,20,1.4296903515625,0.03,0.01,0.1
TSLA,2026-08-17,2026-09-04,P,150.0,53,3,1.3125034374999998,0.16,0.0,0.1
TSLA,2026-08-17,2026-09-04,P,160.0,26,1,1.2148476757812499,0.04,0.0,0.1
TSLA,2026-08-17,2026-09-04,P,170.0,18,7,1.1445355273437499,0.05,0.02,0.1
TSLA,2026-08-17,2026-09-04,P,180.0,39,1,1.0234423828125,0.08,0.0,0.09
TSLA,2026-08-17,2026-09-04,P,190.0,36,3,0.992187578125,0.06,0.05,0.1
TSLA,2026-08-17,2026-09-04,P,200.0,345,2,0.91211025390625,0.07,0.05,0.1
TSLA,2026-08-17,2026-09-04,P,210.0,121,10,0.8398453515625,0.06,0.05,0.11
TSLA,2026-08-17,2026-09-04,P,220.0,576,87,0.789064609375,0.1,0.07,0.14
TSLA,2026-08-17,2026-09-04,P,230.0,405,5,0.7226590234375,0.13,0.08,0.15
TSLA,2026-08-17,2026-09-04,P,235.0,25,3,0.70898728515625,0.14,0.1,0.2
TSLA,2026-08-17,2026-09-04,P,240.0,1874,52,0.6835969140625001,0.15,0.14,0.2
TSLA,2026-08-17,2026-09-04,P,245.0,454,34,0.647464462890625,0.15,0.13,0.21
TSLA,2026-08-17,2026-09-04,P,250.0,450,127,0.614261669921875,0.18,0.16,0.19
TSLA,2026-08-17,2026-09-04,P,255.0,851,4,0.584965087890625,0.2,0.18,0.2
TSLA,2026-08-17,2026-09-04,P,260.0,377,18,0.561527822265625,0.21,0.21,0.23
TSLA,2026-08-17,2026-09-04,P,265.0,329,10,0.5361374511718751,0.24,0.24,0.26
TSLA,2026-08-17,2026-09-04,P,270.0,454,14,0.5122119091796875,0.3,0.28,0.3
TSLA,2026-08-17,2026-09-04,P,275.0,475,81,0.4936574072265626,0.36,0.34,0.36
TSLA,2026-08-17,2026-09-04,P,280.0,546,21,0.47559118164062497,0.42,0.42,0.45
TSLA,2026-08-17,2026-09-04,P,285.0,883,55,0.4587456469726563,0.57,0.54,0.57
TSLA,2026-08-17,2026-09-04,P,290.0,789,64,0.44507390869140623,0.68,0.72,0.75
TSLA,2026-08-17,2026-09-04,P,295.0,1134,100,0.43408769042968753,0.91,0.98,1.01
TSLA,2026-08-17,2026-09-04,P,300.0,2804,216,0.4237118176269531,1.29,1.33,1.36
TSLA,2026-08-17,2026-09-04,P,305.0,907,86,0.4163876721191406,1.8,1.82,1.86
TSLA,2026-08-17,2026-09-04,P,310.0,745,153,0.41235939208984373,2.55,2.53,2.57
TSLA,2026-08-17,2026-09-04,P,315.0,1707,40,0.4116269775390625,3.3,3.45,3.55
TSLA,2026-08-17,2026-09-04,P,320.0,1691,270,0.4094297338867187,4.7,4.6,4.75
TSLA,2026-08-17,2026-09-04,P,325.0,1484,161,0.40820904296875,6.1,6.1,6.25
TSLA,2026-08-17,2026-09-04,P,330.0,688,201,0.4068662829589844,8.07,7.9,8.05
TSLA,2026-08-17,2026-09-04,P,335.0,603,282,0.411688012084961,10.3,10.25,10.35
TSLA,2026-08-17,2026-09-04,P,340.0,562,298,0.4170590521240234,12.9,12.85,13.0
TSLA,2026-08-17,2026-09-04,P,345.0,415,103,0.4252376812744141,15.76,15.8,16.05
TSLA,2026-08-17,2026-09-04,P,350.0,491,14,0.4304256176757813,18.94,18.9,19.3
TSLA,2026-08-17,2026-09-04,P,355.0,79,7,0.4386652813720704,22.92,22.4,22.9
TSLA,2026-08-17,2026-09-04,P,360.0,146,9,0.44788149780273434,25.28,25.7,26.75
TSLA,2026-08-17,2026-09-04,P,365.0,95,3,0.4657646197509766,30.59,29.85,31.0
TSLA,2026-08-17,2026-09-04,P,370.0,87,7,0.49335223449707044,34.85,34.25,35.6
TSLA,2026-08-17,2026-09-04,P,375.0,46,5,0.5102588037109376,36.95,38.55,40.05
TSLA,2026-08-17,2026-09-04,P,380.0,37,11,0.5302781347656251,43.9,43.2,44.65
TSLA,2026-08-17,2026-09-04,P,385.0,97,2,0.5101367346191408,47.31,47.55,49.65
TSLA,2026-08-17,2026-09-04,P,390.0,183,11,0.5179491564941407,50.15,52.35,54.0
TSLA,2026-08-17,2026-09-04,P,395.0,50,6,0.5587202331542969,55.08,57.2,59.4
TSLA,2026-08-17,2026-09-04,P,400.0,43,22,0.5642133422851563,62.25,62.05,63.8
TSLA,2026-08-17,2026-09-04,P,405.0,2,3,0.5981485498046876,67.95,66.4,69.55
TSLA,2026-08-17,2026-09-04,P,410.0,16,4,0.6038857971191409,82.18,71.25,74.1
TSLA,2026-08-17,2026-09-04,P,415.0,3,4,0.6486851538085938,94.2,76.35,79.4
TSLA,2026-08-17,2026-09-04,P,420.0,24,6,0.6682162084960939,80.91,81.25,84.3
TSLA,2026-08-17,2026-09-04,P,425.0,3,2,0.6560092993164064,74.94,86.1,88.6
TSLA,2026-08-17,2026-09-04,P,430.0,2,1,0.713015565185547,96.68,91.05,94.3
TSLA,2026-08-17,2026-09-04,P,435.0,1,14,0.7341335180664061,105.93,96.0,99.25
TSLA,2026-08-17,2026-09-04,P,440.0,1,1,0.7568383691406251,102.86,101.2,104.0
TSLA,2026-08-17,2026-09-04,P,445.0,0,2,0.77148666015625,111.44,106.2,108.8
TSLA,2026-08-17,2026-09-04,P,450.0,3,5,0.7902853002929688,111.11,111.15,113.75
TSLA,2026-08-17,2026-09-04,P,500.0,0,0,1.0205127099609377,192.3,161.25,163.85
TSLA,2026-08-17,2026-09-04,P,550.0,1,0,1.206302796630859,216.36,210.75,214.3
TSLA,2026-08-17,2026-09-11,C,50.0,1,0,3.588868215332031,281.67,285.5,289.95
TSLA,2026-08-17,2026-09-11,C,100.0,4,0,2.404300864257812,218.5,235.65,240.2
TSLA,2026-08-17,2026-09-11,C,110.0,1,0,2.003911240234375,214.5,224.75,229.65
TSLA,2026-08-17,2026-09-11,C,160.0,2,2,1.0000000000000003e-05,168.0,175.35,178.4
TSLA,2026-08-17,2026-09-11,C,180.0,2,0,1.0000000000000003e-05,145.3,155.45,158.35
TSLA,2026-08-17,2026-09-11,C,210.0,5,1,1.1125532653808592,120.8,125.7,130.7
TSLA,2026-08-17,2026-09-11,C,240.0,1,1,0.8410660424804688,90.0,95.9,100.65
TSLA,2026-08-17,2026-09-11,C,245.0,1,0,0.8105487695312499,87.33,90.9,95.75
TSLA,2026-08-17,2026-09-11,C,250.0,12,2,0.7587914746093751,92.53,86.1,90.65
TSLA,2026-08-17,2026-09-11,C,255.0,77,10,0.674075524902344,83.45,82.3,85.25
TSLA,2026-08-17,2026-09-11,C,260.0,27,10,0.6418492846679689,78.54,77.0,80.3
TSLA,2026-08-17,2026-09-11,C,265.0,24,138,0.6040078662109377,73.63,72.05,75.3
TSLA,2026-08-17,2026-09-11,C,270.0,32,138,0.561527822265625,68.75,67.0,70.25
TSLA,2026-08-17,2026-09-11,C,275.0,46,110,0.5144091528320311,64.01,62.7,65.15
TSLA,2026-08-17,2026-09-11,C,280.0,21,110,0.4836477416992188,59.2,57.8,60.2
TSLA,2026-08-17,2026-09-11,C,285.0,14,24,0.4611870288085938,58.8,53.05,55.35
TSLA,2026-08-17,2026-09-11,C,290.0,30,2,0.43286699951171875,47.0,48.1,50.45
TSLA,2026-08-17,2026-09-11,C,295.0,26,1,0.42090422851562503,47.75,43.9,45.8
TSLA,2026-08-17,2026-09-11,C,300.0,258,1,0.40405869384765625,39.5,39.6,41.15
TSLA,2026-08-17,2026-09-11,C,305.0,514,3,0.40344834838867194,34.2,35.3,36.9
TSLA,2026-08-17,2026-09-11,C,310.0,123,45,0.3902648864746094,34.4,31.25,32.55
TSLA,2026-08-17,2026-09-11,C,315.0,181,65,0.38886109191894536,26.75,27.45,28.65
TSLA,2026-08-17,2026-09-11,C,320.0,275,49,0.3913024737548828,23.49,24.1,25.1
TSLA,2026-08-17,2026-09-11,C,325.0,392,19,0.3880676428222656,20.46,20.75,21.65
TSLA,2026-08-17,2026-09-11,C,330.0,567,56,0.3872741937255859,19.5,17.8,18.55
TSLA,2026-08-17,2026-09-11,C,335.0,643,107,0.37964487548828124,15.4,15.1,15.5
TSLA,2026-08-17,2026-09-11,C,340.0,1261,271,0.38092660095214836,12.9,12.6,13.05
TSLA,2026-08-17,2026-09-11,C,345.0,867,79,0.37958384094238284,11.15,10.65,10.8
TSLA,2026-08-17,2026-09-11,C,350.0,762,1656,0.38446660461425775,8.95,8.9,9.05
TSLA,2026-08-17,2026-09-11,C,355.0,449,121,0.3878235046386719,7.55,7.4,7.5
TSLA,2026-08-17,2026-09-11,C,360.0,946,183,0.38843385009765624,6.09,6.0,6.1
TSLA,2026-08-17,2026-09-11,C,365.0,616,63,0.39551385742187506,5.25,5.0,5.1
TSLA,2026-08-17,2026-09-11,C,370.0,1642,168,0.4000304138183594,4.13,4.1,4.2
TSLA,2026-08-17,2026-09-11,C,375.0,1396,183,0.40454697021484376,3.35,3.35,3.45
TSLA,2026-08-17,2026-09-11,C,380.0,616,74,0.40820904296875,3.0,2.76,2.81
TSLA,2026-08-17,2026-09-11,C,385.0,346,22,0.4158993957519531,2.5,2.31,2.36
TSLA,2026-08-17,2026-09-11,C,390.0,475,184,0.42249112670898437,1.93,1.93,1.97
TSLA,2026-08-17,2026-09-11,C,395.0,186,145,0.4293269958496094,1.74,1.61,1.65
TSLA,2026-08-17,2026-09-11,C,400.0,2215,295,0.4371394177246094,1.39,1.36,1.4
TSLA,2026-08-17,2026-09-11,C,405.0,747,46,0.4464166687011719,1.22,1.17,1.21
TSLA,2026-08-17,2026-09-11,C,410.0,401,179,0.4555718505859375,1.05,1.03,1.05
TSLA,2026-08-17,2026-09-11,C,415.0,205,45,0.4650932397460938,0.97,0.9,0.92
TSLA,2026-08-17,2026-09-11,C,420.0,585,30,0.4758353198242187,0.69,0.79,0.82
TSLA,2026-08-17,2026-09-11,C,425.0,164,3,0.4858449853515625,0.7,0.7,0.73
TSLA,2026-08-17,2026-09-11,C,430.0,214,256,0.49658706542968756,0.7,0.63,0.66
TSLA,2026-08-17,2026-09-11,C,435.0,81,2,0.5061084545898438,0.56,0.58,0.6
TSLA,2026-08-17,2026-09-11,C,440.0,203,5,0.5161181201171875,0.48,0.52,0.55
TSLA,2026-08-17,2026-09-11,C,445.0,67,2,0.5278367529296876,0.47,0.48,0.51
TSLA,2026-08-17,2026-09-11,C,450.0,536,7,0.5380905566406251,0.43,0.44,0.47
TSLA,2026-08-17,2026-09-11,C,455.0,21,10,0.5505416040039064,0.39,0.42,0.44
TSLA,2026-08-17,2026-09-11,C,460.0,126,3,0.5600629931640625,0.42,0.38,0.41
TSLA,2026-08-17,2026-09-11,C,465.0,144,2,0.5722699023437501,0.36,0.36,0.39
TSLA,2026-08-17,2026-09-11,C,470.0,19,11,0.5825237060546875,0.4,0.34,0.36
TSLA,2026-08-17,2026-09-11,C,475.0,189,1,0.5918009570312501,0.61,0.31,0.34
TSLA,2026-08-17,2026-09-11,C,480.0,11,2,0.6035195898437502,0.27,0.3,0.32
TSLA,2026-08-17,2026-09-11,C,485.0,24,1,0.6127968408203126,0.31,0.28,0.3
TSLA,2026-08-17,2026-09-11,C,490.0,245,2,0.62305064453125,0.25,0.26,0.29
TSLA,2026-08-17,2026-09-11,C,495.0,125,22,0.632816171875,0.25,0.25,0.27
TSLA,2026-08-17,2026-09-11,C,500.0,550,2,0.6435582519531251,0.25,0.24,0.26
TSLA,2026-08-17,2026-09-11,C,505.0,109,80,0.6508823974609376,0.35,0.22,0.24
TSLA,2026-08-17,2026-09-11,C,510.0,92,1,0.6611362011718751,0.2,0.21,0.23
TSLA,2026-08-17,2026-09-11,C,515.0,2,1,0.6704134521484376,0.19,0.2,0.22
TSLA,2026-08-17,2026-09-11,C,520.0,262,271,0.6796907031250001,0.21,0.19,0.21
TSLA,2026-08-17,2026-09-11,C,525.0,1,25,0.6884796777343751,0.17,0.18,0.2
TSLA,2026-08-17,2026-09-11,C,530.0,2,0,0.6962920996093751,0.21,0.17,0.19
TSLA,2026-08-17,2026-09-11,C,535.0,202,0,0.7041045214843751,0.3,0.16,0.18
TSLA,2026-08-17,2026-09-11,C,540.0,1002,76,0.7138700488281251,0.15,0.15,0.18
TSLA,2026-08-17,2026-09-11,C,545.0,1000,75,0.7236355761718749,0.14,0.15,0.17
TSLA,2026-08-17,2026-09-11,C,550.0,23,1,0.7304714453125,0.25,0.14,0.16
TSLA,2026-08-17,2026-09-11,C,555.0,151,1,0.7421900781249999,0.21,0.14,0.16
TSLA,2026-08-17,2026-09-11,C,560.0,158,1,0.7480493945312501,0.19,0.13,0.15
TSLA,2026-08-17,2026-09-11,C,565.0,12,1,0.75586181640625,0.2,0.12,0.15
TSLA,2026-08-17,2026-09-11,C,575.0,1,0,0.772463212890625,0.23,0.11,0.14
TSLA,2026-08-17,2026-09-11,C,580.0,22,5,0.77929908203125,0.11,0.11,0.13
TSLA,2026-08-17,2026-09-11,C,585.0,5,5,0.79101771484375,0.15,0.11,0.13
TSLA,2026-08-17,2026-09-11,C,595.0,5,5,0.804689453125,0.13,0.1,0.12
TSLA,2026-08-17,2026-09-11,C,600.0,32,20,0.8105487695312499,0.12,0.09,0.12
TSLA,2026-08-17,2026-09-11,C,605.0,2,2,0.8173846386718748,0.21,0.09,0.11
TSLA,2026-08-17,2026-09-11,C,610.0,248,240,0.8281267187499999,0.16,0.09,0.11
TSLA,2026-08-17,2026-09-11,C,615.0,771,726,0.8378922460937499,0.11,0.09,0.11
TSLA,2026-08-17,2026-09-11,P,70.0,5,0,2.2500043749999996,0.01,0.0,0.1
TSLA,2026-08-17,2026-09-11,P,100.0,2,0,1.75390748046875,0.05,0.0,0.1
TSLA,2026-08-17,2026-09-11,P,140.0,14,0,1.203128984375,0.12,0.0,0.1
TSLA,2026-08-17,2026-09-11,P,150.0,4,0,1.11328568359375,0.17,0.0,0.1
TSLA,2026-08-17,2026-09-11,P,160.0,24,4,1.0078174609375,0.03,0.02,0.06
TSLA,2026-08-17,2026-09-11,P,170.0,50,2,0.99804689453125,0.06,0.01,0.15
TSLA,2026-08-17,2026-09-11,P,180.0,15,2,0.9335944140625,0.06,0.03,0.15
TSLA,2026-08-17,2026-09-11,P,190.0,34,9,0.8535170898437501,0.09,0.05,0.12
TSLA,2026-08-17,2026-09-11,P,200.0,37,1,0.8027363476562499,0.1,0.06,0.15
TSLA,2026-08-17,2026-09-11,P,210.0,87,1,0.7382838671874999,0.13,0.07,0.15
TSLA,2026-08-17,2026-09-11,P,220.0,402,1,0.69336244140625,0.11,0.1,0.18
TSLA,2026-08-17,2026-09-11,P,230.0,127,3,0.63867548828125,0.17,0.15,0.17
TSLA,2026-08-17,2026-09-11,P,235.0,12,1,0.62305064453125,0.18,0.11,0.28
TSLA,2026-08-17,2026-09-11,P,240.0,96,2,0.5888712988281251,0.19,0.18,0.2
TSLA,2026-08-17,2026-09-11,P,245.0,27,1,0.5654340332031251,0.23,0.2,0.22
TSLA,2026-08-17,2026-09-11,P,250.0,217,4,0.5444381494140625,0.24,0.23,0.25
TSLA,2026-08-17,2026-09-11,P,255.0,26,1,0.5219774365234374,0.31,0.26,0.28
TSLA,2026-08-17,2026-09-11,P,260.0,118,8,0.5029346582031251,0.31,0.3,0.33
TSLA,2026-08-17,2026-09-11,P,265.0,116,5,0.48779809082031256,0.36,0.36,0.39
TSLA,2026-08-17,2026-09-11,P,270.0,208,10,0.47095255615234377,0.45,0.44,0.47
TSLA,2026-08-17,2026-09-11,P,275.0,285,6,0.4558159887695313,0.57,0.54,0.58
TSLA,2026-08-17,2026-09-11,P,280.0,706,8,0.4414118359375,0.72,0.69,0.72
TSLA,2026-08-17,2026-09-11,P,285.0,178,70,0.4304256176757813,0.88,0.9,0.93
TSLA,2026-08-17,2026-09-11,P,290.0,452,75,0.42078215942382813,1.13,1.18,1.21
TSLA,2026-08-17,2026-09-11,P,295.0,689,61,0.41358008300781246,1.48,1.57,1.6
TSLA,2026-08-17,2026-09-11,P,300.0,825,174,0.40650007568359375,1.95,2.06,2.1
TSLA,2026-08-17,2026-09-11,P,305.0,280,52,0.4030821411132813,2.78,2.75,2.8
TSLA,2026-08-17,2026-09-11,P,310.0,744,158,0.39856558471679693,3.61,3.55,3.65
TSLA,2026-08-17,2026-09-11,P,315.0,369,139,0.3961852374267578,4.23,4.65,4.75
TSLA,2026-08-17,2026-09-11,P,320.0,775,266,0.3978331701660156,5.86,6.05,6.2
TSLA,2026-08-17,2026-09-11,P,325.0,395,59,0.3956969610595704,7.29,7.7,7.8
TSLA,2026-08-17,2026-09-11,P,330.0,325,84,0.39893179199218753,9.3,9.65,9.85
TSLA,2026-08-17,2026-09-11,P,335.0,1317,236,0.3966124792480469,11.78,11.9,12.0
TSLA,2026-08-17,2026-09-11,P,340.0,1262,123,0.40051869018554687,14.55,14.45,14.65
TSLA,2026-08-17,2026-09-11,P,345.0,112,40,0.4106504248046875,17.98,17.25,17.8
TSLA,2026-08-17,2026-09-11,P,350.0,106,9,0.41199318481445313,19.85,20.45,20.9
TSLA,2026-08-17,2026-09-11,P,355.0,36,5,0.41644870666503897,22.45,23.15,24.35
TSLA,2026-08-17,2026-09-11,P,360.0,118,5,0.4252376812744141,28.79,27.45,28.15
TSLA,2026-08-17,2026-09-11,P,365.0,60,2,0.4530694342041016,30.35,30.85,32.7
TSLA,2026-08-17,2026-09-11,P,370.0,53,3,0.44421942504882805,37.25,35.55,36.3
TSLA,2026-08-17,2026-09-11,P,375.0,33,11,0.47913118530273435,38.1,39.0,41.25
TSLA,2026-08-17,2026-09-11,P,380.0,6,2,0.48901878173828134,42.64,43.35,45.6
TSLA,2026-08-17,2026-09-11,P,385.0,16,1,0.5055591436767577,46.94,47.85,50.2
TSLA,2026-08-17,2026-09-11,P,390.0,12,6,0.5239915765380858,50.98,52.35,54.9
TSLA,2026-08-17,2026-09-11,P,395.0,2,4,0.5564619549560548,59.38,56.95,59.95
TSLA,2026-08-17,2026-09-11,P,400.0,308,1,0.512578116455078,64.7,62.7,64.3
TSLA,2026-08-17,2026-09-11,P,405.0,7,5,0.5155077746582031,60.08,66.55,69.65
TSLA,2026-08-17,2026-09-11,P,410.0,9,1,0.529423651123047,69.95,71.65,74.2
TSLA,2026-08-17,2026-09-11,P,415.0,1,0,0.5588423022460938,84.0,76.55,79.45
TSLA,2026-08-17,2026-09-11,P,425.0,3,4,0.5955850988769531,84.34,86.4,89.3
TSLA,2026-08-17,2026-09-11,P,430.0,1,0,0.6088906298828126,96.5,91.15,94.3
TSLA,2026-08-17,2026-09-11,P,445.0,2,0,0.6756624230957033,109.63,106.25,109.25
TSLA,2026-08-17,2026-09-11,P,450.0,0,0,0.694338994140625,127.83,111.25,114.2
TSLA,2026-08-17,2026-09-11,P,455.0,6,0,0.6995879650878907,128.62,116.05,119.05
TSLA,2026-08-17,2026-09-18,C,5.0,2208,40,1.0000000000000003e-05,326.47,330.05,333.65
TSLA,2026-08-17,2026-09-18,C,10.0,24,2,7.132813583984376,326.52,324.15,330.7
TSLA,2026-08-17,2026-09-18,C,15.0,5,2,0.0,421.02,387.0,394.7
TSLA,2026-08-17,2026-09-18,C,20.0,1,2,4.564457419433594,290.25,313.85,319.7
TSLA,2026-08-17,2026-09-18,C,25.0,101,1,5.250003437499999,314.9,308.85,316.3
TSLA,2026-08-17,2026-09-18,C,30.0,1,1,4.944339757080078,270.65,303.9,311.55
TSLA,2026-08-17,2026-09-18,C,35.0,37,0,0.0,444.1,386.55,394.55
TSLA,2026-08-17,2026-09-18,C,40.0,9,4,4.227055497436523,266.46,293.8,301.35
TSLA,2026-08-17,2026-09-18,C,45.0,0,2,4.655765899047852,222.55,295.65,301.65
TSLA,2026-08-17,2026-09-18,C,50.0,25,10,3.58593853515625,286.62,285.0,290.85
TSLA,2026-08-17,2026-09-18,C,60.0,37,5,15.003906872558595,336.69,332.15,338.95
TSLA,2026-08-17,2026-09-18,C,70.0,61,1,3.1464865087890628,327.55,264.3,271.55
TSLA,2026-08-17,2026-09-18,C,80.0,20,1,2.908205854492188,328.6,254.05,261.65
TSLA,2026-08-17,2026-09-18,C,90.0,30,2,2.5791051147460937,306.78,244.0,251.2
TSLA,2026-08-17,2026-09-18,C,100.0,266,49,2.38428138305664,233.63,234.35,241.2
TSLA,2026-08-17,2026-09-18,C,110.0,104,20,2.2680707360839842,231.19,224.4,231.5
TSLA,2026-08-17,2026-09-18,C,115.0,146,31,2.2031294921874993,215.65,219.45,226.6
TSLA,2026-08-17,2026-09-18,C,120.0,151,2,1.878418576660156,278.44,215.75,220.4
TSLA,2026-08-17,2026-09-18,C,125.0,0,106,1.0000000000000003e-05,230.6,0.0,0.0
TSLA,2026-08-17,2026-09-18,C,130.0,306,1,1.6689469677734377,191.5,205.7,210.1
TSLA,2026-08-17,2026-09-18,C,135.0,152,5,1.621583923339844,206.55,201.65,205.15
TSLA,2026-08-17,2026-09-18,C,140.0,103,1,5.598391673889159,246.56,253.8,258.2
TSLA,2026-08-17,2026-09-18,C,145.0,227,1,1.5405296411132814,269.32,191.3,195.3
TSLA,2026-08-17,2026-09-18,C,150.0,95,2,1.4741237231445314,185.0,186.1,190.25
TSLA,2026-08-17,2026-09-18,C,155.0,120,8,1.0000000000000003e-05,172.85,181.9,183.8
TSLA,2026-08-17,2026-09-18,C,160.0,138,6,1.0000000000000003e-05,180.86,176.5,179.0
TSLA,2026-08-17,2026-09-18,C,165.0,189,1,1.347171232910156,174.86,171.6,175.4
TSLA,2026-08-17,2026-09-18,C,170.0,72,12,1.3066440917968747,170.94,166.1,170.45
TSLA,2026-08-17,2026-09-18,C,175.0,127,1,1.125004375,132.9,161.0,164.8
TSLA,2026-08-17,2026-09-18,C,180.0,246,7,1.1938516870117186,160.19,157.05,160.35
TSLA,2026-08-17,2026-09-18,C,185.0,81,3,1.1804240197753906,142.64,151.4,155.55
TSLA,2026-08-17,2026-09-18,C,190.0,181,1,1.1120649865722658,140.72,146.8,150.4
TSLA,2026-08-17,2026-09-18,C,195.0,115,1,1.068608172607422,138.17,141.2,145.4
TSLA,2026-08-17,2026-09-18,C,200.0,566,6,1.0109912731933592,138.96,137.05,140.3
TSLA,2026-08-17,2026-09-18,C,210.0,183,1,0.8647474462890624,130.88,126.65,129.9
TSLA,2026-08-17,2026-09-18,C,215.0,10,1,0.948242705078125,126.17,121.05,125.75
TSLA,2026-08-17,2026-09-18,C,220.0,191,23,0.8781750463867187,121.77,116.95,120.5
TSLA,2026-08-17,2026-09-18,C,225.0,2,1,0.868165380859375,115.0,111.0,115.75
TSLA,2026-08-17,2026-09-18,C,230.0,221,18,0.7504907763671875,112.76,107.1,110.1
TSLA,2026-08-17,2026-09-18,C,235.0,29,1,0.7961446166992188,97.5,101.3,105.8
TSLA,2026-08-17,2026-09-18,C,240.0,512,2,0.6669955175781253,95.81,96.85,100.0
TSLA,2026-08-17,2026-09-18,C,245.0,15,2,0.7304714453125,82.95,91.45,95.9
TSLA,2026-08-17,2026-09-18,C,250.0,749,149,0.6508823974609376,87.95,86.95,90.45
TSLA,2026-08-17,2026-09-18,C,255.0,79,148,0.6110878735351564,82.4,82.15,85.4
TSLA,2026-08-17,2026-09-18,C,260.0,468,176,0.5720257641601563,77.06,78.0,80.35
TSLA,2026-08-17,2026-09-18,C,265.0,23,176,0.5432174584960938,72.21,72.5,75.4
TSLA,2026-08-17,2026-09-18,C,270.0,632,138,0.5141650146484374,67.71,68.35,70.45
TSLA,2026-08-17,2026-09-18,C,275.0,67,138,0.47681187255859375,62.93,63.75,65.4
TSLA,2026-08-17,2026-09-18,C,280.0,534,21,0.43164630859375,60.63,58.7,60.25
TSLA,2026-08-17,2026-09-18,C,285.0,52,5,0.43628493408203123,54.9,53.7,55.75
TSLA,2026-08-17,2026-09-18,C,290.0,895,2,0.42694664855957043,51.83,49.8,51.15
TSLA,2026-08-17,2026-09-18,C,295.0,107,2,0.41834077758789057,47.5,45.1,46.65
TSLA,2026-08-17,2026-09-18,C,300.0,2778,115,0.40955180297851557,41.65,41.3,42.25
TSLA,2026-08-17,2026-09-18,C,305.0,1126,23,0.39990834472656256,36.65,37.05,37.95
TSLA,2026-08-17,2026-09-18,C,310.0,3198,22,0.39789420471191406,35.0,32.95,34.0
TSLA,2026-08-17,2026-09-18,C,315.0,2305,38,0.3958190301513672,29.41,29.4,30.25
TSLA,2026-08-17,2026-09-18,C,320.0,3391,92,0.3903259210205078,26.38,26.05,26.6
TSLA,2026-08-17,2026-09-18,C,325.0,4798,157,0.3898376446533204,23.5,22.75,23.35
TSLA,2026-08-17,2026-09-18,C,330.0,5386,950,0.3880676428222656,20.5,19.9,20.3
TSLA,2026-08-17,2026-09-18,C,335.0,2651,655,0.38873902282714845,17.48,17.35,17.6
TSLA,2026-08-17,2026-09-18,C,340.0,4361,2333,0.38788453918457033,15.05,14.95,15.1
TSLA,2026-08-17,2026-09-18,C,345.0,3020,583,0.3882202291870117,12.9,12.7,12.9
TSLA,2026-08-17,2026-09-18,C,350.0,5672,2553,0.39252316467285153,10.98,10.95,11.1
TSLA,2026-08-17,2026-09-18,C,355.0,4596,643,0.39349971740722656,9.35,9.3,9.4
TSLA,2026-08-17,2026-09-18,C,360.0,4293,376,0.39551385742187506,7.97,7.85,7.95
TSLA,2026-08-17,2026-09-18,C,365.0,2397,125,0.40064075927734377,6.71,6.65,6.8
TSLA,2026-08-17,2026-09-18,C,370.0,5695,247,0.403875590209961,5.65,5.65,5.75
TSLA,2026-08-17,2026-09-18,C,375.0,3136,293,0.4071104211425781,4.8,4.7,4.85
TSLA,2026-08-17,2026-09-18,C,380.0,7828,1087,0.41095559753417965,4.05,4.0,4.1
TSLA,2026-08-17,2026-09-18,C,385.0,2403,122,0.41431249755859373,3.85,3.35,3.45
TSLA,2026-08-17,2026-09-18,C,390.0,5691,183,0.4195614685058594,2.94,2.87,2.94
TSLA,2026-08-17,2026-09-18,C,395.0,3578,166,0.42627526855468756,2.52,2.48,2.54
TSLA,2026-08-17,2026-09-18,C,400.0,19749,1638,0.43140217041015627,2.16,2.12,2.17
TSLA,2026-08-17,2026-09-18,C,405.0,3926,232,0.43848217773437503,1.87,1.85,1.89
TSLA,2026-08-17,2026-09-18,C,410.0,4611,118,0.4461725305175781,1.65,1.62,1.66
TSLA,2026-08-17,2026-09-18,C,415.0,2019,28,0.45288633056640626,1.57,1.42,1.45
TSLA,2026-08-17,2026-09-18,C,420.0,13299,495,0.46106495971679695,1.27,1.26,1.29
TSLA,2026-08-17,2026-09-18,C,425.0,6457,69,0.46985393432617195,1.22,1.13,1.16
TSLA,2026-08-17,2026-09-18,C,430.0,3929,63,0.4770560107421875,1.01,1.0,1.03
TSLA,2026-08-17,2026-09-18,C,435.0,1968,40,0.4864553308105469,0.93,0.92,0.94
TSLA,2026-08-17,2026-09-18,C,440.0,7432,119,0.49561051269531253,0.89,0.83,0.86
TSLA,2026-08-17,2026-09-18,C,445.0,987,78,0.5036670727539063,0.77,0.77,0.79
TSLA,2026-08-17,2026-09-18,C,450.0,11293,329,0.5124560473632812,0.72,0.7,0.73
TSLA,2026-08-17,2026-09-18,C,455.0,1071,17,0.5219774365234374,0.62,0.65,0.68
TSLA,2026-08-17,2026-09-18,C,460.0,3929,96,0.5307664111328125,0.63,0.6,0.63
TSLA,2026-08-17,2026-09-18,C,465.0,1721,2,0.5407760766601564,0.59,0.57,0.59
TSLA,2026-08-17,2026-09-18,C,470.0,3799,18,0.5502974658203126,0.54,0.53,0.56
TSLA,2026-08-17,2026-09-18,C,475.0,2382,303,0.5590864404296876,0.54,0.5,0.52
TSLA,2026-08-17,2026-09-18,C,480.0,4037,17,0.5688519677734375,0.5,0.47,0.5
TSLA,2026-08-17,2026-09-18,C,485.0,1285,1,0.577152666015625,0.42,0.44,0.47
TSLA,2026-08-17,2026-09-18,C,490.0,4332,6,0.58789474609375,0.4,0.43,0.45
TSLA,2026-08-17,2026-09-18,C,495.0,1640,661,0.5964395825195312,0.38,0.4,0.43
TSLA,2026-08-17,2026-09-18,C,500.0,12527,662,0.6040078662109377,0.39,0.38,0.4
TSLA,2026-08-17,2026-09-18,C,505.0,1844,3,0.6147499462890625,0.34,0.37,0.39
TSLA,2026-08-17,2026-09-18,C,510.0,1080,4,0.6215858154296876,0.34,0.34,0.37
TSLA,2026-08-17,2026-09-18,C,515.0,984,5,0.6303747900390625,0.34,0.33,0.35
TSLA,2026-08-17,2026-09-18,C,520.0,2940,7,0.6401403173828125,0.31,0.32,0.34
TSLA,2026-08-17,2026-09-18,C,525.0,1440,43,0.6479527392578125,0.27,0.3,0.33
TSLA,2026-08-17,2026-09-18,C,530.0,1135,2,0.6557651611328126,0.27,0.29,0.31
TSLA,2026-08-17,2026-09-18,C,535.0,823,5,0.6645541357421877,0.36,0.28,0.3
TSLA,2026-08-17,2026-09-18,C,540.0,2106,3,0.6713900048828126,0.25,0.26,0.29
TSLA,2026-08-17,2026-09-18,C,545.0,679,4,0.6806672558593752,0.34,0.26,0.28
TSLA,2026-08-17,2026-09-18,C,550.0,6659,7,0.6889679541015626,0.24,0.25,0.27
TSLA,2026-08-17,2026-09-18,C,555.0,110,1,0.694338994140625,0.31,0.23,0.26
TSLA,2026-08-17,2026-09-18,C,560.0,1169,1,0.702151416015625,0.22,0.22,0.25
TSLA,2026-08-17,2026-09-18,C,565.0,28,1,0.70898728515625,0.2,0.21,0.24
TSLA,2026-08-17,2026-09-18,C,570.0,1734,30,0.7148466015625,0.21,0.2,0.23
TSLA,2026-08-17,2026-09-18,C,575.0,76,4,0.7236355761718749,0.21,0.2,0.22
TSLA,2026-08-17,2026-09-18,C,580.0,2030,12,0.729494892578125,0.21,0.19,0.21
TSLA,2026-08-17,2026-09-18,C,585.0,172,1,0.735354208984375,0.22,0.18,0.2
TSLA,2026-08-17,2026-09-18,C,590.0,1293,9,0.745119736328125,0.17,0.18,0.2
TSLA,2026-08-17,2026-09-18,C,595.0,1886,4,0.7500025,0.17,0.17,0.19
TSLA,2026-08-17,2026-09-18,C,600.0,10828,77,0.7568383691406251,0.17,0.17,0.18
TSLA,2026-08-17,2026-09-18,C,605.0,44,8,0.7617211328125001,0.18,0.15,0.18
TSLA,2026-08-17,2026-09-18,C,610.0,2939,600,0.7685570019531252,0.17,0.15,0.17
TSLA,2026-08-17,2026-09-18,C,615.0,120,52,0.7753928710937501,0.18,0.14,0.17
TSLA,2026-08-17,2026-09-18,C,620.0,2529,1,0.7812521875,0.15,0.14,0.16
TSLA,2026-08-17,2026-09-18,C,625.0,73,15,0.78711150390625,0.21,0.13,0.16
TSLA,2026-08-17,2026-09-18,C,630.0,2611,1,0.7929708203125,0.15,0.13,0.15
TSLA,2026-08-17,2026-09-18,C,635.0,32,1,0.8017597949218749,0.17,0.13,0.15
TSLA,2026-08-17,2026-09-18,C,640.0,914,2,0.804689453125,0.14,0.12,0.14
TSLA,2026-08-17,2026-09-18,C,650.0,4366,62,0.81445498046875,0.13,0.11,0.13
TSLA,2026-08-17,2026-09-18,C,660.0,744,1,0.831056376953125,0.12,0.11,0.13
TSLA,2026-08-17,2026-09-18,C,670.0,602,1,0.8398453515625,0.14,0.1,0.12
TSLA,2026-08-17,2026-09-18,C,680.0,1095,8,0.851563984375,0.13,0.09,0.12
TSLA,2026-08-17,2026-09-18,C,690.0,856,2,0.8632826171875,0.12,0.09,0.11
TSLA,2026-08-17,2026-09-18,C,700.0,6384,52,0.8740246972656249,0.1,0.08,0.11
TSLA,2026-08-17,2026-09-18,C,710.0,4255,16,0.9335944140625,0.09,0.07,0.24
TSLA,2026-08-17,2026-09-18,C,720.0,614,21,0.9414068359375,0.11,0.05,0.24
TSLA,2026-08-17,2026-09-18,C,730.0,914,10,0.9531254687499999,0.15,0.05,0.23
TSLA,2026-08-17,2026-09-18,C,740.0,876,3,0.9570316796874999,0.1,0.05,0.2
TSLA,2026-08-17,2026-09-18,C,750.0,6072,2,0.93164130859375,0.1,0.06,0.1
TSLA,2026-08-17,2026-09-18,C,760.0,1099,6,0.9589847851562499,0.14,0.05,0.14
TSLA,2026-08-17,2026-09-18,C,770.0,317,1,0.999023447265625,0.12,0.03,0.22
TSLA,2026-08-17,2026-09-18,C,780.0,444,2,0.9531254687499999,0.12,0.03,0.1
TSLA,2026-08-17,2026-09-18,C,790.0,580,7,0.9785158398437501,0.07,0.03,0.12
TSLA,2026-08-17,2026-09-18,C,800.0,8826,2,0.9785158398437501,0.06,0.03,0.1
TSLA,2026-08-17,2026-09-18,C,810.0,877,6,0.98437515625,0.17,0.02,0.1
TSLA,2026-08-17,2026-09-18,C,820.0,700,4,0.9960937890625,0.14,0.02,0.1
TSLA,2026-08-17,2026-09-18,C,830.0,496,1,1.000005,0.15,0.01,0.1
TSLA,2026-08-17,2026-09-18,C,840.0,1290,100,1.01172369140625,0.06,0.02,0.09
TSLA,2026-08-17,2026-09-18,C,850.0,3482,15,1.0312548437500002,0.05,0.02,0.1
TSLA,2026-08-17,2026-09-18,C,860.0,2383,2,1.0351610742187503,0.14,0.01,0.1
TSLA,2026-08-17,2026-09-18,C,870.0,275,4,1.0390673046875003,0.07,0.0,0.1
TSLA,2026-08-17,2026-09-18,C,880.0,923,2,1.05078599609375,0.13,0.0,0.1
TSLA,2026-08-17,2026-09-18,C,890.0,722,1,1.05859845703125,0.04,0.0,0.1
TSLA,2026-08-17,2026-09-18,C,900.0,7444,5,1.05078599609375,0.03,0.0,0.08
TSLA,2026-08-17,2026-09-18,C,910.0,615,2,1.08203583984375,0.08,0.0,0.1
TSLA,2026-08-17,2026-09-18,C,920.0,1222,1,1.09375453125,0.12,0.0,0.1
TSLA,2026-08-17,2026-09-18,C,930.0,1182,1,1.1015669921875002,0.1,0.0,0.1
TSLA,2026-08-17,2026-09-18,C,940.0,10402,1,1.11328568359375,0.01,0.0,0.1
TSLA,2026-08-17,2026-09-18,C,950.0,325,5,1.12109814453125,0.09,0.0,0.1
TSLA,2026-08-17,2026-09-18,C,960.0,1346,1,1.140629296875,0.05,0.01,0.1
TSLA,2026-08-17,2026-09-18,C,970.0,2322,18,1.142582412109375,0.07,0.0,0.1
TSLA,2026-08-17,2026-09-18,C,980.0,6837,1,1.140629296875,0.04,0.0,0.09
TSLA,2026-08-17,2026-09-18,C,990.0,39519,400,1.1171919140625,0.02,0.02,0.04
TSLA,2026-08-17,2026-09-18,P,5.0,1157,20,4.2500046875,0.01,0.0,0.01
TSLA,2026-08-17,2026-09-18,P,10.0,911,2,3.50000125,0.01,0.0,0.01
TSLA,2026-08-17,2026-09-18,P,15.0,871,3,3.1250021875,0.01,0.0,0.01
TSLA,2026-08-17,2026-09-18,P,20.0,2874,2,2.81250296875,0.01,0.0,0.01
TSLA,2026-08-17,2026-09-18,P,25.0,5082,1,2.56250359375,0.01,0.0,0.01
TSLA,2026-08-17,2026-09-18,P,30.0,870,101,2.3750040624999995,0.01,0.0,0.01
TSLA,2026-08-17,2026-09-18,P,35.0,1519,2,2.2500043749999996,0.04,0.0,0.01
TSLA,2026-08-17,2026-09-18,P,40.0,864,3,2.3750040624999995,0.01,0.0,0.05
TSLA,2026-08-17,2026-09-18,P,45.0,417,17,2.156254609375,0.02,0.0,0.03
TSLA,2026-08-17,2026-09-18,P,50.0,1468,3,2.1250046874999997,0.01,0.0,0.05
TSLA,2026-08-17,2026-09-18,P,60.0,1209,6,2.03906740234375,0.01,0.0,0.1
TSLA,2026-08-17,2026-09-18,P,70.0,690,25,1.71875140625,0.01,0.0,0.04
TSLA,2026-08-17,2026-09-18,P,80.0,676,1,1.703126484375,0.01,0.0,0.1
TSLA,2026-08-17,2026-09-18,P,90.0,3474,25,1.453127734375,0.03,0.01,0.03
TSLA,2026-08-17,2026-09-18,P,100.0,5294,1824,1.4609401953124999,0.03,0.01,0.1
TSLA,2026-08-17,2026-09-18,P,110.0,601,2,1.2578162109375,0.02,0.01,0.04
TSLA,2026-08-17,2026-09-18,P,115.0,569,1,1.2890660546875,0.03,0.0,0.1
TSLA,2026-08-17,2026-09-18,P,120.0,2663,13,1.1640666796875,0.04,0.0,0.05
TSLA,2026-08-17,2026-09-18,P,125.0,200,1,1.1796916015624999,0.05,0.0,0.09
TSLA,2026-08-17,2026-09-18,P,130.0,356,2,1.125004375,0.04,0.02,0.06
TSLA,2026-08-17,2026-09-18,P,135.0,187,2,1.1054732226562503,0.1,0.0,0.1
TSLA,2026-08-17,2026-09-18,P,140.0,992,3,1.0546922265625,0.06,0.02,0.07
TSLA,2026-08-17,2026-09-18,P,145.0,247,30,1.0312548437500002,0.05,0.01,0.1
TSLA,2026-08-17,2026-09-18,P,150.0,4097,31,0.992187578125,0.06,0.03,0.08
TSLA,2026-08-17,2026-09-18,P,155.0,298,18,1.0058643457031249,0.07,0.03,0.15
TSLA,2026-08-17,2026-09-18,P,160.0,400,24,0.9355475195312499,0.07,0.04,0.09
TSLA,2026-08-17,2026-09-18,P,165.0,565,3,0.9355475195312499,0.09,0.05,0.14
TSLA,2026-08-17,2026-09-18,P,170.0,4418,19,0.8828136718749999,0.05,0.06,0.1
TSLA,2026-08-17,2026-09-18,P,175.0,1760,1,0.8535170898437501,0.1,0.07,0.1
TSLA,2026-08-17,2026-09-18,P,180.0,1440,21,0.8437515624999999,0.1,0.08,0.14
TSLA,2026-08-17,2026-09-18,P,185.0,744,2,0.8183611914062499,0.13,0.09,0.15
TSLA,2026-08-17,2026-09-18,P,190.0,9036,6,0.789064609375,0.13,0.1,0.15
TSLA,2026-08-17,2026-09-18,P,195.0,680,2,0.772463212890625,0.17,0.11,0.19
TSLA,2026-08-17,2026-09-18,P,200.0,7496,3,0.7490259472656251,0.15,0.15,0.18
TSLA,2026-08-17,2026-09-18,P,205.0,121,2,0.7138700488281251,0.16,0.13,0.19
TSLA,2026-08-17,2026-09-18,P,210.0,1737,9,0.69336244140625,0.17,0.16,0.2
TSLA,2026-08-17,2026-09-18,P,215.0,215,1,0.6689486230468751,0.19,0.15,0.24
TSLA,2026-08-17,2026-09-18,P,220.0,1788,28,0.6445348046875,0.18,0.2,0.22
TSLA,2026-08-17,2026-09-18,P,225.0,436,1,0.6201209863281252,0.25,0.18,0.27
TSLA,2026-08-17,2026-09-18,P,230.0,1585,182,0.59570716796875,0.25,0.23,0.25
TSLA,2026-08-17,2026-09-18,P,235.0,468,11,0.5742230078125,0.27,0.25,0.28
TSLA,2026-08-17,2026-09-18,P,240.0,3127,33,0.5498091894531252,0.28,0.27,0.29
TSLA,2026-08-17,2026-09-18,P,245.0,342,21,0.5297898583984376,0.3,0.3,0.33
TSLA,2026-08-17,2026-09-18,P,250.0,9730,75,0.5112353564453125,0.37,0.35,0.37
TSLA,2026-08-17,2026-09-18,P,255.0,500,18,0.4963429272460938,0.4,0.4,0.43
TSLA,2026-08-17,2026-09-18,P,260.0,7423,149,0.4792532543945312,0.47,0.47,0.5
TSLA,2026-08-17,2026-09-18,P,265.0,1495,32,0.4646049633789063,0.57,0.57,0.6
TSLA,2026-08-17,2026-09-18,P,270.0,5114,23,0.45386288330078123,0.73,0.71,0.75
TSLA,2026-08-17,2026-09-18,P,275.0,1367,127,0.4414118359375,0.89,0.89,0.92
TSLA,2026-08-17,2026-09-18,P,280.0,8846,190,0.4318904467773438,1.15,1.13,1.16
TSLA,2026-08-17,2026-09-18,P,285.0,1664,63,0.42407802490234375,1.42,1.43,1.48
TSLA,2026-08-17,2026-09-18,P,290.0,13509,378,0.4165097412109374,1.84,1.84,1.88
TSLA,2026-08-17,2026-09-18,P,295.0,3144,175,0.41138283935546877,2.4,2.38,2.42
TSLA,2026-08-17,2026-09-18,P,300.0,20623,1395,0.40698835205078127,3.05,3.0,3.1
TSLA,2026-08-17,2026-09-18,P,305.0,1946,258,0.40552352294921873,3.95,3.9,4.0
TSLA,2026-08-17,2026-09-18,P,310.0,8653,1387,0.40112903564453123,5.0,4.9,5.0
TSLA,2026-08-17,2026-09-18,P,315.0,2963,307,0.3987486883544922,6.21,6.15,6.25
TSLA,2026-08-17,2026-09-18,P,320.0,9169,3956,0.3988707574462891,7.8,7.7,7.8
TSLA,2026-08-17,2026-09-18,P,325.0,4378,285,0.39786368743896483,9.5,9.4,9.55
TSLA,2026-08-17,2026-09-18,P,330.0,8585,407,0.3970092037963867,11.57,11.4,11.55
TSLA,2026-08-17,2026-09-18,P,335.0,2580,543,0.39990834472656256,13.8,13.75,13.95
TSLA,2026-08-17,2026-09-18,P,340.0,18825,1178,0.39896230926513676,16.45,16.3,16.45
TSLA,2026-08-17,2026-09-18,P,345.0,2955,281,0.4043638665771484,19.25,19.1,19.45
TSLA,2026-08-17,2026-09-18,P,350.0,11105,131,0.40891094024658203,22.45,22.2,22.65
TSLA,2026-08-17,2026-09-18,P,355.0,1450,20,0.41309180664062495,24.8,25.25,26.05
TSLA,2026-08-17,2026-09-18,P,360.0,8029,50,0.41596043029785157,27.8,28.85,29.6
TSLA,2026-08-17,2026-09-18,P,365.0,1858,7,0.4250545776367188,31.97,32.6,33.55
TSLA,2026-08-17,2026-09-18,P,370.0,5094,26,0.42981527221679694,37.1,36.8,37.5
TSLA,2026-08-17,2026-09-18,P,375.0,2501,16,0.43970286865234376,39.77,40.95,41.75
TSLA,2026-08-17,2026-09-18,P,380.0,8578,14,0.4409235595703125,45.82,45.2,45.85
TSLA,2026-08-17,2026-09-18,P,385.0,2473,15,0.4578911633300782,49.42,49.25,50.5
TSLA,2026-08-17,2026-09-18,P,390.0,6056,21,0.4747977325439453,52.8,53.85,55.2
TSLA,2026-08-17,2026-09-18,P,395.0,2309,7,0.4776053216552735,57.51,58.75,59.6
TSLA,2026-08-17,2026-09-18,P,400.0,14398,42,0.4923756817626954,63.62,63.0,64.35
TSLA,2026-08-17,2026-09-18,P,405.0,1727,1,0.5124560473632812,66.84,67.6,69.25
TSLA,2026-08-17,2026-09-18,P,410.0,3109,2,0.5293015820312501,70.48,72.8,74.1
TSLA,2026-08-17,2026-09-18,P,415.0,867,2,0.5054981091308592,77.55,77.25,79.15
TSLA,2026-08-17,2026-09-18,P,420.0,2429,4,0.5225877819824218,84.45,82.15,84.1
TSLA,2026-08-17,2026-09-18,P,425.0,2775,2,0.5328415856933593,84.5,87.05,88.85
TSLA,2026-08-17,2026-09-18,P,430.0,3475,1,0.5416305603027345,89.24,91.9,93.65
TSLA,2026-08-17,2026-09-18,P,435.0,1253,1,0.5661664477539063,96.11,96.95,98.75
TSLA,2026-08-17,2026-09-18,P,440.0,6175,30,0.5803264624023439,100.5,101.85,103.7
TSLA,2026-08-17,2026-09-18,P,445.0,284,1,0.5954630297851562,118.25,106.8,108.65
TSLA,2026-08-17,2026-09-18,P,450.0,1704,162,0.6137733935546876,110.5,111.75,113.7
TSLA,2026-08-17,2026-09-18,P,455.0,8,1,0.6336706555175782,132.68,116.3,119.2
TSLA,2026-08-17,2026-09-18,P,460.0,134,1,0.6214637463378907,119.1,121.8,122.95
TSLA,2026-08-17,2026-09-18,P,465.0,0,1,0.6447789428710937,143.67,126.25,128.65
TSLA,2026-08-17,2026-09-18,P,470.0,39,1,0.6760286303710938,136.0,131.2,134.05
TSLA,2026-08-17,2026-09-18,P,475.0,14,5,0.6967803759765626,138.6,136.2,139.15
TSLA,2026-08-17,2026-09-18,P,480.0,53,140,0.7172879833984375,144.2,141.75,143.7
TSLA,2026-08-17,2026-09-18,P,485.0,0,8,0.7314479980468749,174.5,146.25,149.15
TSLA,2026-08-17,2026-09-18,P,490.0,6,2,0.7474390490722658,180.88,151.25,154.15
TSLA,2026-08-17,2026-09-18,P,495.0,0,1,0.7631859619140625,190.24,156.25,159.15
TSLA,2026-08-17,2026-09-18,P,500.0,364,350,0.7744163183593751,160.55,161.65,163.65
TSLA,2026-08-17,2026-09-18,P,505.0,0,53,0.7982197912597657,181.75,166.35,169.15
TSLA,2026-08-17,2026-09-18,P,510.0,3,108,0.7932149584960937,187.25,171.3,173.75
TSLA,2026-08-17,2026-09-18,P,515.0,0,38,0.7832052929687501,197.25,175.7,178.85
TSLA,2026-08-17,2026-09-18,P,520.0,8,8,0.778322529296875,195.58,180.65,183.55
TSLA,2026-08-17,2026-09-18,P,525.0,0,237,0.8436294934082031,202.0,186.25,188.95
TSLA,2026-08-17,2026-09-18,P,530.0,1,2,0.9155281884765626,219.67,191.25,195.3
TSLA,2026-08-17,2026-09-18,P,535.0,0,272,0.8569350244140624,211.65,196.25,198.65
TSLA,2026-08-17,2026-09-18,P,540.0,0,66,0.8706067626953125,222.25,201.25,203.65
TSLA,2026-08-17,2026-09-18,P,545.0,0,16,0.8840343627929688,226.31,206.25,208.65
TSLA,2026-08-17,2026-09-18,P,550.0,1,314,0.897217824707031,227.85,211.25,213.65
TSLA,2026-08-17,2026-09-18,P,560.0,0,857,0.9387213159179688,240.3,221.25,223.95
TSLA,2026-08-17,2026-09-18,P,565.0,0,10,0.9414068359375,246.0,226.25,228.75
TSLA,2026-08-17,2026-09-18,P,570.0,0,136,0.9565434033203124,250.45,231.25,233.8
TSLA,2026-08-17,2026-09-18,P,575.0,0,3,0.971679970703125,252.08,236.35,238.75
TSLA,2026-08-17,2026-09-18,P,580.0,0,61,0.9919434399414062,260.75,241.25,244.0
TSLA,2026-08-17,2026-09-18,P,590.0,0,4,1.0139209460449217,282.52,251.5,253.7
TSLA,2026-08-17,2026-09-18,P,600.0,0,18,1.0559129235839846,225.65,261.5,264.05
TSLA,2026-08-17,2026-09-18,P,610.0,4,15,1.0000000000000003e-05,206.75,214.8,216.3
TSLA,2026-08-17,2026-09-18,P,620.0,0,20,1.0000000000000003e-05,216.6,224.8,226.3
TSLA,2026-08-17,2026-09-18,P,630.0,0,4,1.0000000000000003e-05,232.2,229.55,232.2
TSLA,2026-08-17,2026-09-18,P,640.0,0,1,1.0625046875000002,240.3,300.7,303.45
TSLA,2026-08-17,2026-09-18,P,650.0,0,1,1.0903365795898439,254.19,310.7,313.55
TSLA,2026-08-17,2026-09-18,P,660.0,0,55,1.1106001501464844,340.85,320.7,323.55
TSLA,2026-08-17,2026-09-18,P,670.0,0,15,1.0000000000000003e-05,243.55,0.0,0.0
TSLA,2026-08-17,2026-09-18,P,680.0,0,1,1.1501507336425782,278.95,340.7,343.55
TSLA,2026-08-17,2026-09-18,P,690.0,0,1,1.1694377465820311,294.23,350.7,353.55
TSLA,2026-08-17,2026-09-18,P,700.0,0,6,1.2324257128906249,294.49,361.45,363.45
TSLA,2026-08-17,2026-09-18,P,710.0,0,1,1.0000000000000003e-05,305.5,0.0,0.0
TSLA,2026-08-17,2026-09-18,P,720.0,0,1,1.2133828393554684,398.4,380.65,383.45
TSLA,2026-08-17,2026-09-18,P,730.0,0,25,1.0000000000000003e-05,335.12,0.0,0.0
TSLA,2026-08-17,2026-09-18,P,740.0,0,5,1.0000000000000003e-05,354.25,344.85,346.3
TSLA,2026-08-17,2026-09-18,P,750.0,0,20,1.0000000000000003e-05,348.46,354.9,356.2
TSLA,2026-08-17,2026-09-18,P,760.0,4,1,1.0000000000000003e-05,285.38,333.45,337.3
TSLA,2026-08-17,2026-09-18,P,770.0,0,1,1.0000000000000003e-05,348.25,366.15,368.85
TSLA,2026-08-17,2026-09-18,P,780.0,0,1,1.0000000000000003e-05,378.0,377.8,380.65
TSLA,2026-08-17,2026-09-18,P,790.0,0,17,1.0000000000000003e-05,385.73,397.6,400.15
TSLA,2026-08-17,2026-09-18,P,800.0,0,12,1.0000000000000003e-05,384.53,0.0,0.0
TSLA,2026-08-17,2026-09-18,P,810.0,26,1,1.0000000000000003e-05,346.6,384.5,387.25
TSLA,2026-08-17,2026-09-18,P,820.0,7,6,1.0000000000000003e-05,411.55,418.6,420.1
TSLA,2026-08-17,2026-09-18,P,830.0,9,6,1.0000000000000003e-05,422.45,430.15,431.95
TSLA,2026-08-17,2026-09-18,P,840.0,0,2,1.0000000000000003e-05,392.35,410.05,413.6
TSLA,2026-08-17,2026-09-18,P,850.0,9,1,1.0000000000000003e-05,412.25,432.0,434.15
TSLA,2026-08-17,2026-09-18,P,860.0,7,2,1.0000000000000003e-05,432.1,438.0,443.85
TSLA,2026-08-17,2026-09-18,P,870.0,0,2,1.0000000000000003e-05,412.9,441.75,447.15
TSLA,2026-08-17,2026-09-18,P,880.0,0,5,1.0000000000000003e-05,394.95,451.25,456.75
TSLA,2026-08-17,2026-09-18,P,890.0,2,0,1.0000000000000003e-05,472.3,485.4,487.9
TSLA,2026-08-17,2026-09-18,P,900.0,0,2,1.0000000000000003e-05,450.91,471.45,476.65
TSLA,2026-08-17,2026-09-18,P,910.0,4,2,1.0000000000000003e-05,485.95,490.55,492.3
TSLA,2026-08-17,2026-09-18,P,920.0,0,10,1.0000000000000003e-05,430.6,490.2,498.0
TSLA,2026-08-17,2026-09-18,P,930.0,0,2,1.0000000000000003e-05,500.85,495.25,501.65
TSLA,2026-08-17,2026-09-18,P,940.0,0,2,1.0000000000000003e-05,505.83,536.2,539.0
TSLA,2026-08-17,2026-09-18,P,950.0,0,0,1.0000000000000003e-05,515.82,546.1,548.75
TSLA,2026-08-17,2026-09-18,P,980.0,0,0,1.0000000000000003e-05,591.4,570.0,572.15
TSLA,2026-08-17,2026-09-18,P,990.0,0,4,1.6411150756835937,682.5,651.0,653.45
TSLA,2026-08-17,2026-09-25,C,200.0,1,0,0.9868165380859376,132.47,136.05,140.85
TSLA,2026-08-17,2026-09-25,C,210.0,1,2,0.9193123303222657,129.45,127.15,130.95
TSLA,2026-08-17,2026-09-25,C,220.0,3,0,0.848634326171875,113.85,116.25,121.0
TSLA,2026-08-17,2026-09-25,C,230.0,1,1,0.7801535656738281,110.95,106.5,111.05
TSLA,2026-08-17,2026-09-25,C,235.0,1,1,0.7402369726562499,105.0,101.5,106.0
TSLA,2026-08-17,2026-09-25,C,265.0,27,1,0.48474636352539063,76.97,73.25,75.3
TSLA,2026-08-17,2026-09-25,C,270.0,2,1,0.4958546508789063,59.25,68.55,70.85
TSLA,2026-08-17,2026-09-25,C,275.0,1,0,0.46106495971679695,55.25,64.2,65.8
TSLA,2026-08-17,2026-09-25,C,280.0,10,5,0.44812563598632804,60.85,59.6,61.1
TSLA,2026-08-17,2026-09-25,C,285.0,2,5,0.44043528320312497,55.75,55.0,56.55
TSLA,2026-08-17,2026-09-25,C,290.0,11,1,0.43341631042480466,55.2,50.7,52.1
TSLA,2026-08-17,2026-09-25,C,295.0,7,2,0.422308023071289,40.92,46.0,47.65
TSLA,2026-08-17,2026-09-25,C,300.0,168,8,0.4187680194091796,44.47,42.4,43.5
TSLA,2026-08-17,2026-09-25,C,305.0,12,0,0.41358008300781246,41.27,38.3,39.45
TSLA,2026-08-17,2026-09-25,C,310.0,18,13,0.411138701171875,37.5,34.5,35.65
TSLA,2026-08-17,2026-09-25,C,315.0,229,1,0.40918559570312496,27.0,31.1,32.05
TSLA,2026-08-17,2026-09-25,C,320.0,76,9,0.40717145568847657,26.8,27.65,28.65
TSLA,2026-08-17,2026-09-25,C,325.0,62,4,0.4061338684082031,25.96,24.75,25.5
TSLA,2026-08-17,2026-09-25,C,330.0,252,44,0.39765006652832036,23.5,21.85,22.25
TSLA,2026-08-17,2026-09-25,C,335.0,364,369,0.39810782562255864,19.41,19.15,19.6
TSLA,2026-08-17,2026-09-25,C,340.0,512,164,0.3979247219848633,17.55,16.6,17.15
TSLA,2026-08-17,2026-09-25,C,345.0,316,103,0.39719230743408207,16.0,14.7,14.9
TSLA,2026-08-17,2026-09-25,C,350.0,623,175,0.40064075927734377,12.95,12.85,13.05
TSLA,2026-08-17,2026-09-25,C,355.0,158,27,0.40048817291259764,11.6,11.05,11.25
TSLA,2026-08-17,2026-09-25,C,360.0,263,228,0.40405869384765625,10.46,9.6,9.8
TSLA,2026-08-17,2026-09-25,C,365.0,262,23,0.40454697021484376,8.85,8.25,8.4
TSLA,2026-08-17,2026-09-25,C,370.0,566,44,0.40726300750732425,7.37,7.1,7.25
TSLA,2026-08-17,2026-09-25,C,375.0,339,149,0.41156594299316407,6.2,6.15,6.3
TSLA,2026-08-17,2026-09-25,C,380.0,581,205,0.4136411175537109,6.05,5.3,5.4
TSLA,2026-08-17,2026-09-25,C,385.0,398,42,0.4167538793945312,4.6,4.55,4.65
TSLA,2026-08-17,2026-09-25,C,390.0,168,404,0.41986664123535156,4.12,3.85,4.0
TSLA,2026-08-17,2026-09-25,C,395.0,103,22,0.42529871582031253,3.55,3.35,3.5
TSLA,2026-08-17,2026-09-25,C,400.0,963,399,0.43005941040039064,3.0,2.97,3.05
TSLA,2026-08-17,2026-09-25,C,405.0,257,5,0.4339045867919922,2.66,2.59,2.64
TSLA,2026-08-17,2026-09-25,C,410.0,141,39,0.44031321411132807,2.57,2.28,2.34
TSLA,2026-08-17,2026-09-25,C,415.0,214,5,0.4451959777832031,2.12,2.0,2.05
TSLA,2026-08-17,2026-09-25,C,420.0,310,290,0.4512994323730469,1.99,1.77,1.82
TSLA,2026-08-17,2026-09-25,C,425.0,188,7,0.4580132324218751,1.66,1.58,1.63
TSLA,2026-08-17,2026-09-25,C,430.0,216,26,0.4650932397460938,1.37,1.42,1.47
TSLA,2026-08-17,2026-09-25,C,435.0,90,9,0.4714408325195312,1.32,1.28,1.32
TSLA,2026-08-17,2026-09-25,C,440.0,107,22,0.47864290893554684,1.3,1.15,1.2
TSLA,2026-08-17,2026-09-25,C,445.0,126,7,0.48633326171875,1.18,1.05,1.1
TSLA,2026-08-17,2026-09-25,C,450.0,219,1,0.4939015454101563,1.04,0.96,1.01
TSLA,2026-08-17,2026-09-25,C,455.0,15,2,0.5014698291015626,0.98,0.89,0.93
TSLA,2026-08-17,2026-09-25,C,460.0,80,3,0.507817421875,0.76,0.83,0.87
TSLA,2026-08-17,2026-09-25,C,465.0,35,2,0.51562984375,0.96,0.77,0.81
TSLA,2026-08-17,2026-09-25,C,470.0,117,30,0.5236864038085938,0.75,0.72,0.76
TSLA,2026-08-17,2026-09-25,C,475.0,15,2,0.5305222729492188,0.71,0.67,0.7
TSLA,2026-08-17,2026-09-25,C,480.0,106,69,0.5393112475585939,0.87,0.63,0.67
TSLA,2026-08-17,2026-09-25,C,485.0,1,1,0.5476119458007813,0.64,0.6,0.63
TSLA,2026-08-17,2026-09-25,C,490.0,12,1,0.5551802294921876,0.59,0.56,0.6
TSLA,2026-08-17,2026-09-25,C,495.0,2,1,0.5632367895507813,0.57,0.53,0.57
TSLA,2026-08-17,2026-09-25,C,500.0,261,43,0.5705609350585938,0.52,0.5,0.54
TSLA,2026-08-17,2026-09-25,C,505.0,10,1,0.5793499096679688,0.51,0.48,0.52
TSLA,2026-08-17,2026-09-25,C,510.0,39,2,0.585941640625,0.44,0.45,0.49
TSLA,2026-08-17,2026-09-25,C,515.0,58,1,0.5937540625000001,0.42,0.43,0.47
TSLA,2026-08-17,2026-09-25,C,520.0,47,1,0.6010782080078126,0.41,0.41,0.45
TSLA,2026-08-17,2026-09-25,C,525.0,55,1,0.6084023535156251,0.39,0.39,0.43
TSLA,2026-08-17,2026-09-25,C,530.0,105,1,0.6162147753906251,0.37,0.38,0.41
TSLA,2026-08-17,2026-09-25,C,535.0,13,0,0.6247596118164063,0.49,0.37,0.4
TSLA,2026-08-17,2026-09-25,C,540.0,7,1,0.63086306640625,0.35,0.35,0.38
TSLA,2026-08-17,2026-09-25,C,545.0,4,4,0.6391637646484375,0.42,0.34,0.37
TSLA,2026-08-17,2026-09-25,C,550.0,37,0,0.6445348046875,0.42,0.32,0.35
TSLA,2026-08-17,2026-09-25,C,555.0,19,33,0.6518589501953126,0.3,0.31,0.34
TSLA,2026-08-17,2026-09-25,C,560.0,29,53,0.659183095703125,0.28,0.3,0.33
TSLA,2026-08-17,2026-09-25,C,565.0,6,1,0.6665072412109377,0.46,0.29,0.32
TSLA,2026-08-17,2026-09-25,C,570.0,5,4,0.6718782812500002,0.33,0.27,0.31
TSLA,2026-08-17,2026-09-25,C,575.0,1,0,0.676761044921875,0.43,0.26,0.29
TSLA,2026-08-17,2026-09-25,C,580.0,0,0,0.6831086376953126,0.38,0.25,0.28
TSLA,2026-08-17,2026-09-25,C,585.0,1,0,0.6894562304687502,0.37,0.24,0.27
TSLA,2026-08-17,2026-09-25,C,590.0,1,0,0.6953155468750001,0.29,0.23,0.26
TSLA,2026-08-17,2026-09-25,C,595.0,1,0,0.700198310546875,0.34,0.22,0.25
TSLA,2026-08-17,2026-09-25,C,600.0,14,7,0.7094755615234375,0.22,0.22,0.25
TSLA,2026-08-17,2026-09-25,C,610.0,1,0,0.719729365234375,0.27,0.2,0.23
TSLA,2026-08-17,2026-09-25,C,615.0,36,3,0.7236355761718749,0.19,0.19,0.22
TSLA,2026-08-17,2026-09-25,P,110.0,1,0,1.3574250878906249,0.06,0.0,0.15
TSLA,2026-08-17,2026-09-25,P,150.0,5,5,0.9570316796874999,0.12,0.05,0.15
TSLA,2026-08-17,2026-09-25,P,160.0,1,2,0.8652357226562499,0.08,0.05,0.11
TSLA,2026-08-17,2026-09-25,P,170.0,181,157,0.804689453125,0.1,0.06,0.11
TSLA,2026-08-17,2026-09-25,P,180.0,206,2,0.77929908203125,0.12,0.08,0.18
TSLA,2026-08-17,2026-09-25,P,190.0,28,1,0.729494892578125,0.16,0.1,0.2
TSLA,2026-08-17,2026-09-25,P,200.0,62,1,0.6728548339843752,0.18,0.13,0.18
TSLA,2026-08-17,2026-09-25,P,210.0,13,1,0.6337927246093751,0.22,0.15,0.24
TSLA,2026-08-17,2026-09-25,P,220.0,31,5,0.5961954443359375,0.25,0.23,0.26
TSLA,2026-08-17,2026-09-25,P,230.0,142,1,0.5571333349609376,0.32,0.28,0.32
TSLA,2026-08-17,2026-09-25,P,235.0,11,1,0.5380905566406251,0.36,0.32,0.35
TSLA,2026-08-17,2026-09-25,P,240.0,243,2,0.5219774365234374,0.39,0.37,0.4
TSLA,2026-08-17,2026-09-25,P,245.0,31,2,0.5053760400390624,0.38,0.42,0.46
TSLA,2026-08-17,2026-09-25,P,250.0,71,219,0.4931691308593751,0.5,0.5,0.53
TSLA,2026-08-17,2026-09-25,P,255.0,40,6,0.47852083984375,0.53,0.59,0.62
TSLA,2026-08-17,2026-09-25,P,260.0,68,10,0.4670463452148438,0.7,0.7,0.75
TSLA,2026-08-17,2026-09-25,P,265.0,44,1,0.45483943603515625,0.9,0.86,0.9
TSLA,2026-08-17,2026-09-25,P,270.0,123,47,0.445318046875,1.08,1.05,1.11
TSLA,2026-08-17,2026-09-25,P,275.0,233,81,0.43494217407226565,1.36,1.31,1.35
TSLA,2026-08-17,2026-09-25,P,280.0,177,40,0.4279842358398438,1.65,1.63,1.69
TSLA,2026-08-17,2026-09-25,P,285.0,292,29,0.42127043579101564,2.03,2.04,2.11
TSLA,2026-08-17,2026-09-25,P,290.0,213,39,0.41480077392578124,2.39,2.55,2.62
TSLA,2026-08-17,2026-09-25,P,295.0,282,41,0.411138701171875,3.17,3.2,3.3
TSLA,2026-08-17,2026-09-25,P,300.0,570,118,0.4088804229736328,4.0,4.0,4.15
TSLA,2026-08-17,2026-09-25,P,305.0,390,35,0.40631697204589845,5.02,5.0,5.15
TSLA,2026-08-17,2026-09-25,P,310.0,252,246,0.40454697021484376,6.24,6.2,6.35
TSLA,2026-08-17,2026-09-25,P,315.0,1676,95,0.4030821411132813,7.12,7.55,7.75
TSLA,2026-08-17,2026-09-25,P,320.0,507,337,0.4014952429199219,9.0,9.2,9.35
TSLA,2026-08-17,2026-09-25,P,325.0,1483,152,0.4007628283691406,10.89,11.05,11.2
TSLA,2026-08-17,2026-09-25,P,330.0,472,32,0.3994811029052735,13.17,13.1,13.25
TSLA,2026-08-17,2026-09-25,P,335.0,267,152,0.39990834472656256,15.5,15.4,15.6
TSLA,2026-08-17,2026-09-25,P,340.0,194,67,0.400823862915039,16.9,18.05,18.2
TSLA,2026-08-17,2026-09-25,P,345.0,128,35,0.4057676611328125,20.92,20.75,21.2
TSLA,2026-08-17,2026-09-25,P,350.0,160,21,0.41046732116699214,22.8,23.85,24.4
TSLA,2026-08-17,2026-09-25,P,355.0,26,5,0.40820904296875,24.99,26.55,27.5
TSLA,2026-08-17,2026-09-25,P,360.0,56,9,0.4108640457153321,30.2,30.05,31.0
TSLA,2026-08-17,2026-09-25,P,365.0,46,8,0.4205380212402344,34.75,33.8,34.95
TSLA,2026-08-17,2026-09-25,P,370.0,36,38,0.42401699035644536,35.18,37.6,38.8
TSLA,2026-08-17,2026-09-25,P,375.0,40,1,0.44995667236328124,41.18,41.2,43.6
TSLA,2026-08-17,2026-09-25,P,380.0,46,4,0.43256182678222654,47.0,45.05,46.95
TSLA,2026-08-17,2026-09-25,P,385.0,8,5,0.4479425323486328,51.85,49.75,51.55
TSLA,2026-08-17,2026-09-25,P,390.0,13,1,0.45990530334472657,53.39,54.7,56.1
TSLA,2026-08-17,2026-09-25,P,395.0,31,20,0.46295703063964844,60.85,59.25,60.45
TSLA,2026-08-17,2026-09-25,P,400.0,13,1,0.47046427978515626,64.5,63.8,65.0
TSLA,2026-08-17,2026-09-25,P,405.0,3,2,0.4778494598388672,66.35,66.5,69.6
TSLA,2026-08-17,2026-09-25,P,410.0,2,0,0.5365646929931642,65.0,71.15,75.55
TSLA,2026-08-17,2026-09-25,P,415.0,0,0,0.5231981274414061,81.42,75.9,79.65
TSLA,2026-08-17,2026-09-25,P,420.0,7,1,0.5355881402587892,80.05,80.65,84.45
TSLA,2026-08-17,2026-09-25,P,425.0,0,0,0.5687909332275392,85.87,85.75,89.75
TSLA,2026-08-17,2026-10-02,C,265.0,0,0,0.48242705078125003,83.6,74.35,75.8
TSLA,2026-08-17,2026-10-02,C,300.0,2,0,0.42847251220703125,44.88,43.9,44.85
TSLA,2026-08-17,2026-10-02,C,320.0,17,1,0.413519048461914,30.3,29.65,30.3
TSLA,2026-08-17,2026-10-02,C,325.0,5,3,0.4119321502685547,28.2,26.55,27.2
TSLA,2026-08-17,2026-10-02,C,330.0,7,6,0.41358008300781246,24.4,23.8,24.45
TSLA,2026-08-17,2026-10-02,C,335.0,62,7,0.4087278366088867,21.2,21.05,21.6
TSLA,2026-08-17,2026-10-02,C,340.0,187,109,0.4091245611572265,20.45,18.85,19.2
TSLA,2026-08-17,2026-10-02,C,345.0,53,10,0.4105588729858398,18.05,16.6,17.05
TSLA,2026-08-17,2026-10-02,C,350.0,225,90,0.4089414575195312,14.95,14.7,14.95
TSLA,2026-08-17,2026-10-02,C,355.0,54,2,0.4118711157226562,12.79,13.0,13.25
TSLA,2026-08-17,2026-10-02,C,360.0,63,49,0.41095559753417965,11.6,11.3,11.55
TSLA,2026-08-17,2026-10-02,C,365.0,89,20,0.41528905029296875,10.4,10.0,10.25
TSLA,2026-08-17,2026-10-02,C,370.0,95,20,0.415044912109375,9.18,8.75,8.9
TSLA,2026-08-17,2026-10-02,C,375.0,46,9,0.4173337075805663,7.47,7.65,7.8
TSLA,2026-08-17,2026-10-02,C,380.0,131,3,0.4202938830566406,7.3,6.65,6.85
TSLA,2026-08-17,2026-10-02,C,385.0,25,87,0.42435268035888674,6.5,5.85,6.05
TSLA,2026-08-17,2026-10-02,C,390.0,141,11,0.4270687176513672,5.18,5.15,5.3
TSLA,2026-08-17,2026-10-02,C,395.0,166,4,0.42853354675292965,4.6,4.5,4.6
TSLA,2026-08-17,2026-10-02,C,400.0,231,56,0.4339045867919922,4.0,3.95,4.1
TSLA,2026-08-17,2026-10-02,C,405.0,29,2,0.43707838317871095,3.34,3.4,3.6
TSLA,2026-08-17,2026-10-02,C,410.0,7,1,0.4417780432128906,3.05,3.05,3.2
TSLA,2026-08-17,2026-10-02,C,415.0,24,1,0.4439142523193359,2.8,2.7,2.79
TSLA,2026-08-17,2026-10-02,C,420.0,16,20,0.44885805053710937,2.64,2.4,2.49
TSLA,2026-08-17,2026-10-02,C,425.0,17,2,0.4539239178466796,2.22,2.16,2.23
TSLA,2026-08-17,2026-10-02,C,430.0,17,3,0.4594780615234375,2.05,1.94,2.01
TSLA,2026-08-17,2026-10-02,C,440.0,23,105,0.4703422106933594,1.62,1.57,1.64
TSLA,2026-08-17,2026-10-02,C,445.0,162,158,0.476567734375,1.45,1.43,1.5
TSLA,2026-08-17,2026-10-02,C,450.0,161,18,0.48254911987304694,1.38,1.31,1.37
TSLA,2026-08-17,2026-10-02,C,455.0,24,23,0.4880422290039063,1.2,1.2,1.25
TSLA,2026-08-17,2026-10-02,C,460.0,88,167,0.49414568359375005,1.1,1.1,1.15
TSLA,2026-08-17,2026-10-02,C,465.0,26,1,0.501103621826172,0.75,1.02,1.07
TSLA,2026-08-17,2026-10-02,C,475.0,38,0,0.5111132873535156,1.18,0.87,0.92
TSLA,2026-08-17,2026-10-02,C,500.0,148,11,0.5449264257812501,0.69,0.64,0.68
TSLA,2026-08-17,2026-10-02,C,510.0,21,29,0.5585981640625001,0.53,0.57,0.62
TSLA,2026-08-17,2026-10-02,C,545.0,1,0,0.6035195898437502,0.62,0.41,0.45
TSLA,2026-08-17,2026-10-02,P,220.0,34,1,0.5712933496093751,0.34,0.3,0.35
TSLA,2026-08-17,2026-10-02,P,240.0,253,104,0.5051319018554687,0.51,0.5,0.55
TSLA,2026-08-17,2026-10-02,P,250.0,135,4,0.4826711889648438,0.69,0.69,0.75
TSLA,2026-08-17,2026-10-02,P,255.0,22,0,0.47119669433593747,0.81,0.83,0.89
TSLA,2026-08-17,2026-10-02,P,260.0,20,12,0.4602104760742188,1.03,1.0,1.06
TSLA,2026-08-17,2026-10-02,P,265.0,20,8,0.45093322509765627,1.08,1.21,1.28
TSLA,2026-08-17,2026-10-02,P,270.0,25,23,0.44214425048828127,1.28,1.48,1.55
TSLA,2026-08-17,2026-10-02,P,275.0,5,4,0.43457596679687505,1.8,1.82,1.89
TSLA,2026-08-17,2026-10-02,P,280.0,30,4,0.42877768493652346,2.29,2.24,2.33
TSLA,2026-08-17,2026-10-02,P,285.0,71,19,0.422857333984375,2.81,2.77,2.85
TSLA,2026-08-17,2026-10-02,P,290.0,95,101,0.41834077758789057,3.09,3.4,3.5
TSLA,2026-08-17,2026-10-02,P,295.0,25,20,0.41687594848632803,4.21,4.15,4.35
TSLA,2026-08-17,2026-10-02,P,300.0,203,37,0.4122983575439453,5.12,5.1,5.25
TSLA,2026-08-17,2026-10-02,P,305.0,43,36,0.41089456298828125,5.95,6.25,6.4
TSLA,2026-08-17,2026-10-02,P,310.0,219,243,0.4088804229736328,7.43,7.55,7.7
TSLA,2026-08-17,2026-10-02,P,315.0,36,16,0.40735455932617193,8.7,9.0,9.2
TSLA,2026-08-17,2026-10-02,P,320.0,248,8,0.407232490234375,10.55,10.75,10.95
TSLA,2026-08-17,2026-10-02,P,325.0,21,6,0.40701886932373044,12.85,12.65,12.9
TSLA,2026-08-17,2026-10-02,P,330.0,79,16,0.40668317932128906,13.95,14.75,15.05
TSLA,2026-08-17,2026-10-02,P,335.0,50,38,0.40405869384765625,17.3,17.1,17.3
TSLA,2026-08-17,2026-10-02,P,340.0,54,251,0.4055845574951171,19.07,19.75,19.95
TSLA,2026-08-17,2026-10-02,P,345.0,18,3,0.4080564566040039,21.35,22.6,22.85
TSLA,2026-08-17,2026-10-02,P,350.0,22,6,0.4085142156982422,26.01,25.45,25.85
TSLA,2026-08-17,2026-10-02,P,355.0,2,5,0.41034525207519534,27.38,28.45,29.1
TSLA,2026-08-17,2026-10-02,P,360.0,19,4,0.41272559936523434,31.28,31.85,32.55
TSLA,2026-08-17,2026-10-02,P,365.0,2,1,0.4205075039672852,35.37,35.5,36.4
TSLA,2026-08-17,2026-10-02,P,370.0,41,35,0.42401699035644536,38.11,39.3,40.2
TSLA,2026-08-17,2026-10-02,P,375.0,6,3,0.429265961303711,42.75,43.3,44.2
TSLA,2026-08-17,2026-10-02,P,380.0,5,14,0.4315547567749024,47.02,47.3,48.2
TSLA,2026-08-17,2026-10-02,P,385.0,1,4,0.4348811395263672,50.85,51.55,52.35
TSLA,2026-08-17,2026-10-02,P,390.0,3,5,0.4484308087158203,55.48,55.85,56.95
TSLA,2026-08-17,2026-10-02,P,395.0,27,1,0.44672184143066407,57.6,60.1,61.1
TSLA,2026-08-17,2026-10-02,P,430.0,0,1,0.5441940112304688,89.0,91.95,94.8
TSLA,2026-08-17,2026-10-16,C,50.0,2,2,2.8330107299804688,273.18,284.05,291.7
TSLA,2026-08-17,2026-10-16,C,60.0,1,1,2.5761754345703123,337.9,274.1,281.8
TSLA,2026-08-17,2026-10-16,C,75.0,0,0,0.0,276.38,345.8,352.55
TSLA,2026-08-17,2026-10-16,C,85.0,0,1,2.0942430456542964,326.05,249.35,257.0
TSLA,2026-08-17,2026-10-16,C,90.0,0,1,1.0000000000000003e-05,324.94,0.0,0.0
TSLA,2026-08-17,2026-10-16,C,95.0,0,0,1.0000000000000003e-05,319.82,0.0,0.0
TSLA,2026-08-17,2026-10-16,C,100.0,139,1,1.859619842529297,229.38,235.1,242.0
TSLA,2026-08-17,2026-10-16,C,105.0,154,10,1.7897959729003907,295.15,230.3,237.0
TSLA,2026-08-17,2026-10-16,C,110.0,130,2,1.1123091259765625,225.75,226.4,232.1
TSLA,2026-08-17,2026-10-16,C,115.0,0,2,1.0000000000000003e-05,241.4,0.0,0.0
TSLA,2026-08-17,2026-10-16,C,120.0,350,1,1.478518232421875,226.0,216.15,221.05
TSLA,2026-08-17,2026-10-16,C,125.0,63,2,4.574589242706299,272.97,268.65,273.95
TSLA,2026-08-17,2026-10-16,C,130.0,95,1,1.406497108154297,269.12,206.35,211.3
TSLA,2026-08-17,2026-10-16,C,135.0,99,27,5.832033959960938,256.09,287.0,294.05
TSLA,2026-08-17,2026-10-16,C,140.0,45,1,1.3308138928222655,194.0,195.65,201.5
TSLA,2026-08-17,2026-10-16,C,145.0,0,82,1.0000000000000003e-05,207.8,0.0,0.0
TSLA,2026-08-17,2026-10-16,C,150.0,38,1,1.2636755566406248,176.25,185.95,191.75
TSLA,2026-08-17,2026-10-16,C,155.0,0,6,1.0000000000000003e-05,210.65,0.0,0.0
TSLA,2026-08-17,2026-10-16,C,160.0,0,2,1.0000000000000003e-05,199.05,0.0,0.0
TSLA,2026-08-17,2026-10-16,C,165.0,45,33,1.1192670989990234,162.6,170.95,176.6
TSLA,2026-08-17,2026-10-16,C,175.0,105,2,0.5468795312500001,126.05,162.5,165.7
TSLA,2026-08-17,2026-10-16,C,180.0,90,15,0.8176287768554686,161.24,157.55,159.95
TSLA,2026-08-17,2026-10-16,C,185.0,0,16,1.0000000000000003e-05,238.46,0.0,0.0
TSLA,2026-08-17,2026-10-16,C,190.0,55,4,0.9476323596191407,151.34,146.35,151.85
TSLA,2026-08-17,2026-10-16,C,195.0,57,1,0.7146024633789063,118.0,142.9,146.85
TSLA,2026-08-17,2026-10-16,C,200.0,112,2,0.7160672924804687,145.6,138.3,141.9
TSLA,2026-08-17,2026-10-16,C,205.0,38,5,0.8051777294921875,121.0,131.5,136.35
TSLA,2026-08-17,2026-10-16,C,210.0,55,10,0.6552768847656252,131.62,128.0,132.15
TSLA,2026-08-17,2026-10-16,C,215.0,63,1,0.5856975024414062,126.8,122.3,127.2
TSLA,2026-08-17,2026-10-16,C,220.0,522,8,0.5886271606445312,121.05,118.3,121.65
TSLA,2026-08-17,2026-10-16,C,225.0,65,2,0.5886271606445312,115.0,113.45,117.0
TSLA,2026-08-17,2026-10-16,C,230.0,124,21,0.5821574987792968,115.0,108.8,112.1
TSLA,2026-08-17,2026-10-16,C,235.0,73,2,0.5571333349609376,104.8,103.85,107.1
TSLA,2026-08-17,2026-10-16,C,240.0,230,1,0.526371923828125,82.93,98.75,102.1
TSLA,2026-08-17,2026-10-16,C,245.0,44,1,0.5205126074218749,95.3,94.3,97.1
TSLA,2026-08-17,2026-10-16,C,250.0,216,2,0.5344284838867188,89.48,88.85,91.35
TSLA,2026-08-17,2026-10-16,C,255.0,86,1,0.5454757366943359,86.85,84.85,87.1
TSLA,2026-08-17,2026-10-16,C,260.0,76,1,0.4872487799072266,84.85,79.85,81.5
TSLA,2026-08-17,2026-10-16,C,265.0,81,1,0.49268085449218757,86.34,75.2,77.2
TSLA,2026-08-17,2026-10-16,C,270.0,132,26,0.4727835925292969,76.5,70.9,72.4
TSLA,2026-08-17,2026-10-16,C,275.0,172,4,0.4749198016357422,68.06,66.5,68.2
TSLA,2026-08-17,2026-10-16,C,280.0,159,3,0.4644828942871094,64.08,62.35,63.75
TSLA,2026-08-17,2026-10-16,C,285.0,62,2,0.45819633605957044,61.95,58.1,59.5
TSLA,2026-08-17,2026-10-16,C,290.0,157,5,0.44778994598388666,56.2,53.85,55.2
TSLA,2026-08-17,2026-10-16,C,295.0,99,11,0.4431818377685547,50.65,49.85,51.2
TSLA,2026-08-17,2026-10-16,C,300.0,537,42,0.438054935913086,46.7,46.1,47.3
TSLA,2026-08-17,2026-10-16,C,305.0,545,5,0.438054935913086,44.12,42.55,43.75
TSLA,2026-08-17,2026-10-16,C,310.0,2044,3,0.4312801013183594,38.69,39.05,40.05
TSLA,2026-08-17,2026-10-16,C,315.0,446,6,0.43103596313476567,35.75,35.7,36.8
TSLA,2026-08-17,2026-10-16,C,320.0,1329,53,0.42542078491210944,33.41,32.75,33.45
TSLA,2026-08-17,2026-10-16,C,325.0,1138,66,0.42358974853515624,31.3,29.8,30.45
TSLA,2026-08-17,2026-10-16,C,330.0,2103,54,0.422308023071289,27.7,27.05,27.65
TSLA,2026-08-17,2026-10-16,C,335.0,2759,115,0.42246060943603514,25.47,24.45,25.1
TSLA,2026-08-17,2026-10-16,C,340.0,2283,637,0.4166928448486328,22.37,22.1,22.4
TSLA,2026-08-17,2026-10-16,C,345.0,908,103,0.4169369830322265,19.99,19.95,20.2
TSLA,2026-08-17,2026-10-16,C,350.0,4007,368,0.4177914666748046,18.0,18.05,18.2
TSLA,2026-08-17,2026-10-16,C,355.0,1153,35,0.41843232940673825,16.99,16.2,16.35
TSLA,2026-08-17,2026-10-16,C,360.0,3079,202,0.41992767578125,15.17,14.55,14.7
TSLA,2026-08-17,2026-10-16,C,365.0,1422,52,0.42056853851318365,13.29,13.05,13.15
TSLA,2026-08-17,2026-10-16,C,370.0,1473,201,0.42044646942138675,11.62,11.6,11.7
TSLA,2026-08-17,2026-10-16,C,375.0,2158,1603,0.42377285217285154,11.25,10.4,10.55
TSLA,2026-08-17,2026-10-16,C,380.0,4004,999,0.42578699218750005,9.4,9.25,9.45
TSLA,2026-08-17,2026-10-16,C,385.0,1120,108,0.4265194067382813,8.1,8.25,8.4
TSLA,2026-08-17,2026-10-16,C,390.0,1569,81,0.4307002731323243,8.2,7.45,7.6
TSLA,2026-08-17,2026-10-16,C,395.0,1509,159,0.43164630859375,6.8,6.6,6.75
TSLA,2026-08-17,2026-10-16,C,400.0,8979,674,0.43555251953125,6.13,6.05,6.1
TSLA,2026-08-17,2026-10-16,C,405.0,500,6,0.43756665954589846,5.25,5.35,5.45
TSLA,2026-08-17,2026-10-16,C,410.0,1900,47,0.4420221813964844,4.9,4.8,4.95
TSLA,2026-08-17,2026-10-16,C,415.0,691,60,0.4448908050537109,4.51,4.3,4.45
TSLA,2026-08-17,2026-10-16,C,420.0,2361,128,0.447698394165039,4.2,3.85,4.0
TSLA,2026-08-17,2026-10-16,C,425.0,2115,116,0.4523370196533204,3.9,3.5,3.65
TSLA,2026-08-17,2026-10-16,C,430.0,7543,44,0.4556939196777344,3.05,3.2,3.3
TSLA,2026-08-17,2026-10-16,C,435.0,1368,23,0.45831840515136724,2.97,2.91,2.97
TSLA,2026-08-17,2026-10-16,C,440.0,1275,13,0.46289599609375004,2.57,2.66,2.72
TSLA,2026-08-17,2026-10-16,C,445.0,1474,3,0.466374965209961,2.25,2.42,2.47
TSLA,2026-08-17,2026-10-16,C,450.0,5693,229,0.4714408325195312,2.3,2.22,2.28
TSLA,2026-08-17,2026-10-16,C,455.0,404,2,0.47614049255371094,2.14,2.05,2.1
TSLA,2026-08-17,2026-10-16,C,460.0,1887,39,0.4809622216796875,1.9,1.89,1.94
TSLA,2026-08-17,2026-10-16,C,465.0,1216,105,0.485356708984375,1.9,1.74,1.79
TSLA,2026-08-17,2026-10-16,C,470.0,1963,256,0.49023947265625006,1.67,1.62,1.66
TSLA,2026-08-17,2026-10-16,C,475.0,1767,1,0.4954884436035156,1.55,1.51,1.55
TSLA,2026-08-17,2026-10-16,C,480.0,1189,13,0.5007374145507812,1.45,1.4,1.45
TSLA,2026-08-17,2026-10-16,C,485.0,163,1,0.5043994873046875,1.34,1.32,1.35
TSLA,2026-08-17,2026-10-16,C,490.0,472,4,0.5094043200683593,1.27,1.23,1.27
TSLA,2026-08-17,2026-10-16,C,495.0,373,16,0.514653291015625,1.18,1.15,1.2
TSLA,2026-08-17,2026-10-16,C,500.0,6174,64,0.5205126074218749,1.11,1.1,1.13
TSLA,2026-08-17,2026-10-16,C,505.0,251,1,0.5258836474609375,1.01,1.04,1.07
TSLA,2026-08-17,2026-10-16,C,510.0,520,11,0.5300339965820313,0.99,0.98,0.99
TSLA,2026-08-17,2026-10-16,C,515.0,370,3,0.5363815893554689,0.87,0.93,0.96
TSLA,2026-08-17,2026-10-16,C,520.0,2481,504,0.5419967675781252,0.94,0.88,0.92
TSLA,2026-08-17,2026-10-16,C,525.0,307,3,0.5476119458007813,0.92,0.84,0.88
TSLA,2026-08-17,2026-10-16,C,530.0,399,11,0.5529829858398438,0.82,0.8,0.84
TSLA,2026-08-17,2026-10-16,C,535.0,308,2,0.5585981640625001,0.9,0.77,0.8
TSLA,2026-08-17,2026-10-16,C,540.0,467,1,0.5642133422851563,0.7,0.74,0.77
TSLA,2026-08-17,2026-10-16,C,545.0,303,1,0.5698285205078125,0.81,0.71,0.74
TSLA,2026-08-17,2026-10-16,C,550.0,2535,1,0.5751995605468749,0.61,0.68,0.71
TSLA,2026-08-17,2026-10-16,C,555.0,14,4,0.5805706005859376,0.67,0.65,0.69
TSLA,2026-08-17,2026-10-16,C,560.0,878,1,0.5854533642578125,0.63,0.62,0.66
TSLA,2026-08-17,2026-10-16,C,570.0,291,1,0.5959513061523438,0.64,0.58,0.61
TSLA,2026-08-17,2026-10-16,C,580.0,369,1,0.6064492480468751,0.57,0.54,0.57
TSLA,2026-08-17,2026-10-16,C,590.0,516,302,0.6157264990234376,0.56,0.5,0.53
TSLA,2026-08-17,2026-10-16,C,600.0,3609,19,0.6262244409179689,0.49,0.47,0.5
TSLA,2026-08-17,2026-10-16,C,610.0,293,91,0.6357458300781251,0.55,0.44,0.47
TSLA,2026-08-17,2026-10-16,C,620.0,211,4,0.6447789428710937,0.46,0.41,0.44
TSLA,2026-08-17,2026-10-16,C,630.0,1798,1,0.6547886083984377,0.47,0.39,0.42
TSLA,2026-08-17,2026-10-16,C,640.0,301,1,0.6645541357421877,0.4,0.37,0.4
TSLA,2026-08-17,2026-10-16,C,650.0,458,1,0.6713900048828126,0.49,0.34,0.37
TSLA,2026-08-17,2026-10-16,C,660.0,114,4,0.6821320849609377,0.35,0.33,0.36
TSLA,2026-08-17,2026-10-16,C,670.0,1366,1,0.6904327832031252,0.29,0.31,0.34
TSLA,2026-08-17,2026-10-16,C,680.0,1510,3,0.6977569287109376,0.33,0.29,0.32
TSLA,2026-08-17,2026-10-16,C,690.0,269,1,0.7055693505859376,0.28,0.27,0.31
TSLA,2026-08-17,2026-10-16,C,700.0,1005,102,0.7133817724609376,0.28,0.26,0.29
TSLA,2026-08-17,2026-10-16,C,710.0,333,3,0.7221707470703125,0.25,0.25,0.28
TSLA,2026-08-17,2026-10-16,C,720.0,158,1,0.7304714453125,0.3,0.24,0.27
TSLA,2026-08-17,2026-10-16,C,730.0,203,1,0.735354208984375,0.29,0.22,0.25
TSLA,2026-08-17,2026-10-16,C,740.0,80,1,0.743166630859375,0.26,0.21,0.24
TSLA,2026-08-17,2026-10-16,C,750.0,246,1,0.7500025,0.25,0.2,0.23
TSLA,2026-08-17,2026-10-16,C,760.0,292,1,0.7607445800781252,0.31,0.2,0.23
TSLA,2026-08-17,2026-10-16,C,770.0,281,6,0.7675804492187501,0.24,0.19,0.22
TSLA,2026-08-17,2026-10-16,C,780.0,141,1,0.773439765625,0.23,0.18,0.21
TSLA,2026-08-17,2026-10-16,C,790.0,42,10,0.77929908203125,0.23,0.17,0.2
TSLA,2026-08-17,2026-10-16,C,800.0,4663,1,0.7851583984375,0.17,0.16,0.19
TSLA,2026-08-17,2026-10-16,C,810.0,857,3,0.7949239257812499,0.25,0.16,0.19
TSLA,2026-08-17,2026-10-16,C,820.0,1436,1,0.79883013671875,0.2,0.15,0.18
TSLA,2026-08-17,2026-10-16,C,830.0,54,10,0.8085956640624999,0.26,0.15,0.18
TSLA,2026-08-17,2026-10-16,C,840.0,119,1,0.8125018749999999,0.26,0.14,0.17
TSLA,2026-08-17,2026-10-16,C,850.0,830,4,0.82226740234375,0.18,0.14,0.17
TSLA,2026-08-17,2026-10-16,C,860.0,68,1,0.8251970605468748,0.21,0.13,0.16
TSLA,2026-08-17,2026-10-16,C,870.0,679,2,0.8339860351562498,0.16,0.13,0.16
TSLA,2026-08-17,2026-10-16,C,880.0,525,10,0.8369156933593749,0.21,0.12,0.15
TSLA,2026-08-17,2026-10-16,C,890.0,216,1,0.8457046679687499,0.18,0.12,0.15
TSLA,2026-08-17,2026-10-16,C,900.0,3122,22,0.851563984375,0.13,0.12,0.14
TSLA,2026-08-17,2026-10-16,P,50.0,5569,10,1.5468772656249998,0.04,0.01,0.04
TSLA,2026-08-17,2026-10-16,P,55.0,4936,14,1.4921900390624998,0.05,0.01,0.05
TSLA,2026-08-17,2026-10-16,P,60.0,2884,9,1.4609401953124999,0.04,0.0,0.08
TSLA,2026-08-17,2026-10-16,P,65.0,667,9,1.3906280468749999,0.04,0.0,0.08
TSLA,2026-08-17,2026-10-16,P,70.0,1372,5,1.359378203125,0.05,0.02,0.08
TSLA,2026-08-17,2026-10-16,P,75.0,658,1,1.3515657421874998,0.06,0.0,0.15
TSLA,2026-08-17,2026-10-16,P,80.0,1220,84,1.29297228515625,0.07,0.0,0.15
TSLA,2026-08-17,2026-10-16,P,85.0,196,131,1.2421912890624998,0.05,0.0,0.15
TSLA,2026-08-17,2026-10-16,P,90.0,459,1,1.19141029296875,0.07,0.0,0.15
TSLA,2026-08-17,2026-10-16,P,95.0,131,2,1.1445355273437499,0.08,0.0,0.15
TSLA,2026-08-17,2026-10-16,P,100.0,1714,489,1.1328168359375002,0.07,0.05,0.15
TSLA,2026-08-17,2026-10-16,P,105.0,313,1,1.05859845703125,0.1,0.0,0.15
TSLA,2026-08-17,2026-10-16,P,110.0,339,1,1.052739111328125,0.1,0.05,0.16
TSLA,2026-08-17,2026-10-16,P,115.0,92,18,1.0322314013671878,0.21,0.05,0.2
TSLA,2026-08-17,2026-10-16,P,120.0,1095,8,0.98437515625,0.08,0.05,0.18
TSLA,2026-08-17,2026-10-16,P,125.0,104,16,0.9521489160156249,0.08,0.06,0.18
TSLA,2026-08-17,2026-10-16,P,130.0,99,22,0.8945323046874999,0.12,0.07,0.12
TSLA,2026-08-17,2026-10-16,P,135.0,18,2,0.8945323046874999,0.13,0.07,0.2
TSLA,2026-08-17,2026-10-16,P,140.0,106,13,0.867188828125,0.13,0.1,0.19
TSLA,2026-08-17,2026-10-16,P,145.0,213,62,0.8447281152343749,0.16,0.11,0.21
TSLA,2026-08-17,2026-10-16,P,150.0,1459,2,0.82226740234375,0.19,0.13,0.22
TSLA,2026-08-17,2026-10-16,P,155.0,50,8,0.79687703125,0.25,0.12,0.25
TSLA,2026-08-17,2026-10-16,P,160.0,210,2,0.773439765625,0.22,0.15,0.25
TSLA,2026-08-17,2026-10-16,P,165.0,129,1,0.754885263671875,0.2,0.2,0.25
TSLA,2026-08-17,2026-10-16,P,170.0,264,1,0.73633076171875,0.26,0.2,0.3
TSLA,2026-08-17,2026-10-16,P,175.0,337,2,0.702151416015625,0.25,0.2,0.27
TSLA,2026-08-17,2026-10-16,P,180.0,245,2,0.6782258740234376,0.26,0.2,0.29
TSLA,2026-08-17,2026-10-16,P,185.0,331,9,0.6645541357421877,0.29,0.24,0.33
TSLA,2026-08-17,2026-10-16,P,190.0,334,1,0.648441015625,0.34,0.24,0.4
TSLA,2026-08-17,2026-10-16,P,195.0,289,4,0.6245154736328126,0.33,0.31,0.35
TSLA,2026-08-17,2026-10-16,P,200.0,1322,27,0.6049844189453126,0.34,0.34,0.37
TSLA,2026-08-17,2026-10-16,P,205.0,137,16,0.5874064697265625,0.37,0.37,0.41
TSLA,2026-08-17,2026-10-16,P,210.0,1118,186,0.5695843823242188,0.44,0.41,0.44
TSLA,2026-08-17,2026-10-16,P,215.0,516,20,0.5532271240234375,0.45,0.45,0.49
TSLA,2026-08-17,2026-10-16,P,220.0,1125,210,0.5368698657226563,0.49,0.5,0.54
TSLA,2026-08-17,2026-10-16,P,225.0,735,212,0.5229539892578124,0.55,0.57,0.61
TSLA,2026-08-17,2026-10-16,P,230.0,382,21,0.5095263891601562,0.67,0.65,0.69
TSLA,2026-08-17,2026-10-16,P,235.0,1242,1,0.49927258544921876,0.76,0.75,0.79
TSLA,2026-08-17,2026-10-16,P,240.0,2442,7,0.48730981445312505,0.88,0.87,0.91
TSLA,2026-08-17,2026-10-16,P,245.0,860,12,0.476567734375,1.04,1.01,1.06
TSLA,2026-08-17,2026-10-16,P,250.0,3340,18,0.46631393066406257,1.19,1.19,1.24
TSLA,2026-08-17,2026-10-16,P,255.0,1463,32,0.45703667968750006,1.47,1.42,1.46
TSLA,2026-08-17,2026-10-16,P,260.0,3928,3,0.44995667236328124,1.7,1.69,1.75
TSLA,2026-08-17,2026-10-16,P,265.0,1255,4,0.442388388671875,1.98,2.02,2.08
TSLA,2026-08-17,2026-10-16,P,270.0,1792,275,0.4351863122558594,2.44,2.42,2.47
TSLA,2026-08-17,2026-10-16,P,275.0,3982,44,0.42957113403320313,2.83,2.9,2.96
TSLA,2026-08-17,2026-10-16,P,280.0,11770,75,0.424810439453125,3.5,3.45,3.55
TSLA,2026-08-17,2026-10-16,P,285.0,1841,44,0.4205990557861329,4.12,4.15,4.25
TSLA,2026-08-17,2026-10-16,P,290.0,3193,42,0.4177304321289062,5.02,4.95,5.1
TSLA,2026-08-17,2026-10-16,P,295.0,3642,126,0.41425146301269533,5.99,5.95,6.05
TSLA,2026-08-17,2026-10-16,P,300.0,7509,212,0.4124814611816406,7.0,7.1,7.2
TSLA,2026-08-17,2026-10-16,P,305.0,2703,21,0.409612837524414,8.43,8.35,8.45
TSLA,2026-08-17,2026-10-16,P,310.0,3303,35,0.4088804229736328,9.65,9.8,9.95
TSLA,2026-08-17,2026-10-16,P,315.0,1942,27,0.4087583538818359,11.55,11.5,11.65
TSLA,2026-08-17,2026-10-16,P,320.0,5607,741,0.4080564566040039,13.34,13.25,13.5
TSLA,2026-08-17,2026-10-16,P,325.0,3812,37,0.40491317749023437,14.55,15.25,15.4
TSLA,2026-08-17,2026-10-16,P,330.0,11949,93,0.4050352465820312,16.9,17.5,17.65
TSLA,2026-08-17,2026-10-16,P,335.0,1351,109,0.40549300567626956,19.95,19.95,20.1
TSLA,2026-08-17,2026-10-16,P,340.0,3923,178,0.40537093658447265,22.65,22.55,22.7
TSLA,2026-08-17,2026-10-16,P,345.0,1226,90,0.4056455920410156,25.35,25.3,25.5
TSLA,2026-08-17,2026-10-16,P,350.0,3327,51,0.40643904113769536,27.4,28.2,28.5
TSLA,2026-08-17,2026-10-16,P,355.0,1114,31,0.4078428356933594,31.15,31.2,31.7
TSLA,2026-08-17,2026-10-16,P,360.0,4731,18,0.40915507843017573,33.67,34.55,35.05
TSLA,2026-08-17,2026-10-16,P,365.0,1117,1,0.4114743911743164,38.55,37.85,38.6
TSLA,2026-08-17,2026-10-16,P,370.0,1892,44,0.41806612213134764,40.41,41.5,42.5
TSLA,2026-08-17,2026-10-16,P,375.0,735,3,0.4161435339355468,45.61,45.2,46.1
TSLA,2026-08-17,2026-10-16,P,380.0,9578,4,0.41998871032714846,49.89,49.15,50.1
TSLA,2026-08-17,2026-10-16,P,385.0,1254,2,0.42383388671875,54.11,53.2,54.2
TSLA,2026-08-17,2026-10-16,P,390.0,3498,23,0.42792320129394534,59.1,57.35,58.4
TSLA,2026-08-17,2026-10-16,P,395.0,2262,24,0.4324092404174804,60.25,61.6,62.7
TSLA,2026-08-17,2026-10-16,P,400.0,5513,10,0.43765821136474614,67.93,65.9,67.1
TSLA,2026-08-17,2026-10-16,P,405.0,325,7,0.4493463269042969,71.21,70.25,71.8
TSLA,2026-08-17,2026-10-16,P,410.0,550,3,0.45300839965820316,75.02,74.65,76.25
TSLA,2026-08-17,2026-10-16,P,415.0,784,2,0.45807426696777354,80.4,79.15,80.8
TSLA,2026-08-17,2026-10-16,P,420.0,752,8,0.46320116882324225,84.93,83.8,85.4
TSLA,2026-08-17,2026-10-16,P,425.0,537,5,0.4687553125,89.81,88.55,90.05
TSLA,2026-08-17,2026-10-16,P,430.0,568,6,0.48340360351562506,86.05,93.0,95.0
TSLA,2026-08-17,2026-10-16,P,435.0,220,1,0.49762465270996104,99.51,97.85,99.95
TSLA,2026-08-17,2026-10-16,P,440.0,317,1,0.49878430908203125,108.09,102.5,104.55
TSLA,2026-08-17,2026-10-16,P,445.0,213,2,0.5194139855957032,121.39,107.3,109.7
TSLA,2026-08-17,2026-10-16,P,450.0,397,3,0.510869149169922,102.34,112.2,114.1
TSLA,2026-08-17,2026-10-16,P,455.0,18,16,0.5487716021728517,146.41,116.75,119.7
TSLA,2026-08-17,2026-10-16,P,460.0,54,3,0.5512740185546876,125.98,121.65,124.4
TSLA,2026-08-17,2026-10-16,P,465.0,24,3,0.5671430004882813,154.63,126.35,129.45
TSLA,2026-08-17,2026-10-16,P,470.0,19,1,0.5072681109619142,137.65,131.4,134.35
TSLA,2026-08-17,2026-10-16,P,475.0,787,1,0.5264939929199219,169.19,136.95,139.05
TSLA,2026-08-17,2026-10-16,P,480.0,2,5,0.5217332983398437,172.59,141.1,144.3
TSLA,2026-08-17,2026-10-16,P,485.0,2,1,0.5335740002441407,103.03,146.15,149.25
TSLA,2026-08-17,2026-10-16,P,490.0,0,19,0.5405319384765627,190.63,151.05,154.2
TSLA,2026-08-17,2026-10-16,P,495.0,0,1,0.5582319567871095,190.76,156.25,159.2
TSLA,2026-08-17,2026-10-16,P,500.0,10,10,0.5648236877441408,160.39,161.15,164.15
TSLA,2026-08-17,2026-10-16,P,505.0,0,1,0.5822795678710937,185.75,166.2,169.3
TSLA,2026-08-17,2026-10-16,P,510.0,0,1,0.5819133605957032,185.3,171.0,174.15
TSLA,2026-08-17,2026-10-16,P,515.0,0,1,0.5943644079589845,134.73,176.0,179.2
TSLA,2026-08-17,2026-10-16,P,520.0,0,4,0.6099892517089844,198.31,181.2,184.15
TSLA,2026-08-17,2026-10-16,P,525.0,0,3,0.6237830590820312,122.15,186.25,189.2
TSLA,2026-08-17,2026-10-16,P,530.0,0,2,0.6324499645996093,208.98,191.2,194.2
TSLA,2026-08-17,2026-10-16,P,535.0,6,0,1.0000000000000003e-05,154.33,143.2,144.2
TSLA,2026-08-17,2026-10-16,P,540.0,2,2,1.217441656951904,160.35,216.05,224.25
TSLA,2026-08-17,2026-10-16,P,545.0,0,30,0.5953409606933593,222.36,204.4,209.35
TSLA,2026-08-17,2026-10-16,P,550.0,0,106,0.609500975341797,226.5,209.6,214.25
TSLA,2026-08-17,2026-10-16,P,560.0,0,22,0.617313397216797,236.2,219.35,224.3
TSLA,2026-08-17,2026-10-16,P,570.0,0,22,0.7053252124023439,252.75,229.2,236.05
TSLA,2026-08-17,2026-10-16,P,580.0,0,1,0.7019072778320312,192.55,239.85,244.85
TSLA,2026-08-17,2026-10-16,P,590.0,0,1,0.795778409423828,197.23,250.95,255.9
TSLA,2026-08-17,2026-10-16,P,600.0,0,1,0.749148016357422,294.78,261.05,263.95
TSLA,2026-08-17,2026-10-16,P,650.0,0,17,0.8281267187499999,245.75,311.05,313.9
TSLA,2026-08-17,2026-10-16,P,660.0,0,2,0.8366715551757811,354.17,320.95,323.85
TSLA,2026-08-17,2026-10-16,P,700.0,0,0,0.88476677734375,290.8,360.65,363.95
TSLA,2026-08-17,2026-10-16,P,730.0,0,0,1.0000000000000003e-05,305.8,0.0,0.0
TSLA,2026-08-17,2026-10-16,P,750.0,0,1,1.0000000000000003e-05,347.62,0.0,0.0
TSLA,2026-08-17,2026-10-16,P,800.0,0,1,1.0000000000000003e-05,376.74,392.9,393.9
TSLA,2026-08-17,2026-11-20,C,5.0,30,2,4.048833063964843,325.41,328.85,334.5
TSLA,2026-08-17,2026-11-20,C,20.0,1,1,3.44531388671875,298.05,314.05,321.55
TSLA,2026-08-17,2026-11-20,C,25.0,7,20,3.1367209082031247,308.9,309.25,316.6
TSLA,2026-08-17,2026-11-20,C,30.0,0,7,1.0000000000000003e-05,399.01,0.0,0.0
TSLA,2026-08-17,2026-11-20,C,55.0,0,0,1.0000000000000003e-05,326.9,0.0,0.0
TSLA,2026-08-17,2026-11-20,C,65.0,0,3,1.0000000000000003e-05,336.27,0.0,0.0
TSLA,2026-08-17,2026-11-20,C,80.0,0,0,1.0000000000000003e-05,300.2,0.0,0.0
TSLA,2026-08-17,2026-11-20,C,85.0,1,0,6.148439814453125,342.25,317.55,323.45
TSLA,2026-08-17,2026-11-20,C,95.0,3,8,1.5993672375488281,230.13,239.95,247.6
TSLA,2026-08-17,2026-11-20,C,100.0,152,1,1.140629296875,231.36,236.9,242.6
TSLA,2026-08-17,2026-11-20,C,110.0,0,5,1.0000000000000003e-05,244.25,0.0,0.0
TSLA,2026-08-17,2026-11-20,C,120.0,154,2,5.390139981079101,223.95,303.15,309.75
TSLA,2026-08-17,2026-11-20,C,130.0,94,3,0.770510107421875,181.5,206.15,212.4
TSLA,2026-08-17,2026-11-20,C,140.0,89,1,0.7675804492187501,173.76,196.3,202.55
TSLA,2026-08-17,2026-11-20,C,150.0,120,40,0.7482935327148439,180.92,186.5,192.65
TSLA,2026-08-17,2026-11-20,C,155.0,133,1,3.51794554107666,262.25,255.35,261.05
TSLA,2026-08-17,2026-11-20,C,160.0,279,6,0.8073749731445312,182.36,177.9,182.8
TSLA,2026-08-17,2026-11-20,C,165.0,9,4,0.7390162817382812,170.9,171.8,178.25
TSLA,2026-08-17,2026-11-20,C,170.0,35,12,0.6948272705078126,172.5,166.85,172.95
TSLA,2026-08-17,2026-11-20,C,175.0,17,8,0.526371923828125,167.0,161.9,166.55
TSLA,2026-08-17,2026-11-20,C,180.0,0,16,1.0000000000000003e-05,245.48,0.0,0.0
TSLA,2026-08-17,2026-11-20,C,185.0,35,2,0.6418492846679689,149.91,152.0,158.2
TSLA,2026-08-17,2026-11-20,C,190.0,87,3,0.6273230627441408,126.01,147.15,153.25
TSLA,2026-08-17,2026-11-20,C,195.0,31,6,0.6423375610351563,131.84,142.8,148.5
TSLA,2026-08-17,2026-11-20,C,200.0,86,4,0.6284216845703126,142.26,138.35,143.25
TSLA,2026-08-17,2026-11-20,C,210.0,46,1,0.573368524169922,124.99,129.55,131.9
TSLA,2026-08-17,2026-11-20,C,220.0,68,1,0.5777630114746093,120.05,120.1,123.1
TSLA,2026-08-17,2026-11-20,C,225.0,56,1,0.5766033551025391,123.78,115.6,118.55
TSLA,2026-08-17,2026-11-20,C,230.0,128,2,0.5628705822753908,123.95,110.95,113.7
TSLA,2026-08-17,2026-11-20,C,235.0,90,1,0.5379684875488282,119.8,105.9,108.75
TSLA,2026-08-17,2026-11-20,C,240.0,241,1,0.5295457202148439,102.8,101.65,103.8
TSLA,2026-08-17,2026-11-20,C,245.0,72,1,0.5206957110595702,91.1,97.0,99.3
TSLA,2026-08-17,2026-11-20,C,250.0,159,41,0.5096484582519532,95.0,92.7,94.4
TSLA,2026-08-17,2026-11-20,C,255.0,72,3,0.5368088311767578,102.08,87.8,90.25
TSLA,2026-08-17,2026-11-20,C,260.0,105,6,0.5269822692871093,86.7,83.85,85.85
TSLA,2026-08-17,2026-11-20,C,265.0,37,2,0.5197801928710937,79.72,79.55,81.6
TSLA,2026-08-17,2026-11-20,C,270.0,161,22,0.5098620791625977,78.01,75.6,77.3
TSLA,2026-08-17,2026-11-20,C,275.0,85,2,0.5032398309326171,74.13,71.3,73.2
TSLA,2026-08-17,2026-11-20,C,280.0,111,1,0.49823499816894534,65.49,67.45,69.25
TSLA,2026-08-17,2026-11-20,C,285.0,93,6,0.49042257629394537,63.8,63.65,65.25
TSLA,2026-08-17,2026-11-20,C,290.0,140,1,0.48883567810058604,64.3,59.85,61.65
TSLA,2026-08-17,2026-11-20,C,295.0,146,2,0.48517360534667964,56.85,56.15,58.05
TSLA,2026-08-17,2026-11-20,C,300.0,440,10,0.47876497802734375,53.8,53.05,54.4
TSLA,2026-08-17,2026-11-20,C,305.0,560,19,0.4791922198486328,54.0,49.65,51.25
TSLA,2026-08-17,2026-11-20,C,310.0,1048,203,0.4742484216308594,46.96,47.05,47.9
TSLA,2026-08-17,2026-11-20,C,315.0,469,1,0.47391273162841796,46.0,43.4,44.95
TSLA,2026-08-17,2026-11-20,C,320.0,1499,15,0.46771772521972654,41.1,40.55,41.75
TSLA,2026-08-17,2026-11-20,C,325.0,939,5,0.46817548431396483,39.0,38.15,39.1
TSLA,2026-08-17,2026-11-20,C,330.0,1513,88,0.46674117248535163,36.35,35.55,36.45
TSLA,2026-08-17,2026-11-20,C,335.0,813,76,0.46712263839721685,33.8,33.25,34.05
TSLA,2026-08-17,2026-11-20,C,340.0,1548,73,0.4627739270019532,31.15,30.75,31.45
TSLA,2026-08-17,2026-11-20,C,345.0,640,140,0.4632316860961915,29.0,28.55,29.3
TSLA,2026-08-17,2026-11-20,C,350.0,16504,215,0.461217546081543,26.85,26.55,27.1
TSLA,2026-08-17,2026-11-20,C,355.0,434,11,0.46332323791503904,25.53,24.6,25.3
TSLA,2026-08-17,2026-11-20,C,360.0,3157,28,0.4615837533569337,24.15,23.05,23.35
TSLA,2026-08-17,2026-11-20,C,365.0,1209,10,0.46187366744995123,21.6,21.15,21.65
TSLA,2026-08-17,2026-11-20,C,370.0,1826,389,0.46283496154785164,19.85,19.4,20.1
TSLA,2026-08-17,2026-11-20,C,375.0,1446,77,0.46307909973144534,18.98,18.2,18.6
TSLA,2026-08-17,2026-11-20,C,380.0,1518,74,0.46411668701171876,16.67,16.75,17.25
TSLA,2026-08-17,2026-11-20,C,385.0,1609,6,0.4645439288330079,16.55,15.55,15.95
TSLA,2026-08-17,2026-11-20,C,390.0,1152,74,0.4651542742919922,14.65,14.3,14.75
TSLA,2026-08-17,2026-11-20,C,395.0,455,20,0.466100309753418,11.89,13.25,13.65
TSLA,2026-08-17,2026-11-20,C,400.0,5764,147,0.46655806884765627,12.59,12.3,12.6
TSLA,2026-08-17,2026-11-20,C,405.0,440,4,0.4710135906982422,12.05,11.35,11.85
TSLA,2026-08-17,2026-11-20,C,410.0,1402,60,0.4708610043334961,11.32,10.5,10.9
TSLA,2026-08-17,2026-11-20,C,415.0,1857,2,0.47223428161621095,10.58,9.75,10.1
TSLA,2026-08-17,2026-11-20,C,420.0,2012,18,0.4744315252685547,9.6,9.05,9.4
TSLA,2026-08-17,2026-11-20,C,425.0,1611,85,0.47559118164062497,9.15,8.4,8.7
TSLA,2026-08-17,2026-11-20,C,430.0,1228,8,0.4777884252929688,8.25,7.8,8.1
TSLA,2026-08-17,2026-11-20,C,435.0,846,47,0.4801077380371094,7.31,7.15,7.55
TSLA,2026-08-17,2026-11-20,C,440.0,952,56,0.4826101544189454,7.15,6.7,7.05
TSLA,2026-08-17,2026-11-20,C,445.0,689,3,0.4854482608032227,6.59,6.25,6.6
TSLA,2026-08-17,2026-11-20,C,450.0,3063,117,0.48505153625488284,5.97,5.85,6.05
TSLA,2026-08-17,2026-11-20,C,455.0,660,31,0.49121602539062503,5.4,5.45,5.8
TSLA,2026-08-17,2026-11-20,C,460.0,665,2,0.4929555099487305,5.4,5.1,5.4
TSLA,2026-08-17,2026-11-20,C,465.0,609,13,0.49527482269287115,4.8,4.8,5.05
TSLA,2026-08-17,2026-11-20,C,470.0,2772,68,0.4968922381591797,4.59,4.45,4.7
TSLA,2026-08-17,2026-11-20,C,475.0,490,32,0.49921155090332037,4.25,4.2,4.4
TSLA,2026-08-17,2026-11-20,C,480.0,1191,34,0.5023853472900393,3.9,3.95,4.15
TSLA,2026-08-17,2026-11-20,C,485.0,699,31,0.5025684509277344,3.72,3.7,3.95
TSLA,2026-08-17,2026-11-20,C,490.0,468,84,0.5053150054931641,3.36,3.5,3.7
TSLA,2026-08-17,2026-11-20,C,495.0,367,32,0.5084277673339843,3.47,3.3,3.5
TSLA,2026-08-17,2026-11-20,C,500.0,3199,1007,0.5109912182617188,3.3,3.1,3.3
TSLA,2026-08-17,2026-11-20,C,505.0,537,72,0.513554669189453,3.02,2.88,3.15
TSLA,2026-08-17,2026-11-20,C,510.0,1040,138,0.5176439837646485,2.9,2.8,2.96
TSLA,2026-08-17,2026-11-20,C,515.0,319,62,0.5206957110595702,2.57,2.65,2.81
TSLA,2026-08-17,2026-11-20,C,520.0,562,36,0.5248460601806642,2.48,2.52,2.71
TSLA,2026-08-17,2026-11-20,C,525.0,819,77,0.5257615783691407,2.31,2.35,2.52
TSLA,2026-08-17,2026-11-20,C,530.0,631,3,0.5316208947753907,2.27,2.28,2.47
TSLA,2026-08-17,2026-11-20,C,535.0,310,71,0.5349167602539062,2.16,2.17,2.36
TSLA,2026-08-17,2026-11-20,C,540.0,409,14,0.5381515911865236,2.07,2.07,2.25
TSLA,2026-08-17,2026-11-20,C,545.0,265,52,0.5417526293945314,1.73,1.98,2.16
TSLA,2026-08-17,2026-11-20,C,550.0,1542,14,0.5435226312255861,1.87,1.89,2.01
TSLA,2026-08-17,2026-11-20,C,555.0,113,2,0.5481002221679689,1.88,1.8,1.98
TSLA,2026-08-17,2026-11-20,C,560.0,772,2,0.5516402258300781,1.71,1.72,1.91
TSLA,2026-08-17,2026-11-20,C,565.0,206,1,0.5540816076660158,1.88,1.65,1.8
TSLA,2026-08-17,2026-11-20,C,570.0,667,1,0.5573774731445313,1.69,1.58,1.73
TSLA,2026-08-17,2026-11-20,C,575.0,274,1,0.5609174768066407,1.7,1.53,1.66
TSLA,2026-08-17,2026-11-20,C,580.0,298,1,0.5633588586425782,1.54,1.45,1.59
TSLA,2026-08-17,2026-11-20,C,585.0,383,1,0.5668988623046876,1.49,1.39,1.54
TSLA,2026-08-17,2026-11-20,C,590.0,238,1,0.5700726586914062,1.44,1.34,1.48
TSLA,2026-08-17,2026-11-20,C,595.0,447,1,0.5727581787109376,1.35,1.28,1.42
TSLA,2026-08-17,2026-11-20,C,600.0,3396,20,0.5776409423828125,1.33,1.28,1.37
TSLA,2026-08-17,2026-11-20,C,605.0,144,1,0.5795940478515625,1.28,1.19,1.33
TSLA,2026-08-17,2026-11-20,C,610.0,364,2,0.5830119824218749,1.25,1.15,1.29
TSLA,2026-08-17,2026-11-20,C,615.0,145,2,0.5864299169921875,1.12,1.11,1.25
TSLA,2026-08-17,2026-11-20,C,620.0,572,3,0.5894816442871094,1.48,1.07,1.21
TSLA,2026-08-17,2026-11-20,C,625.0,246,1,0.5927775097656252,1.1,1.04,1.17
TSLA,2026-08-17,2026-11-20,C,630.0,264,1,0.59570716796875,1.05,0.99,1.14
TSLA,2026-08-17,2026-11-20,C,635.0,374,1,0.5991251025390626,1.32,0.96,1.11
TSLA,2026-08-17,2026-11-20,C,640.0,90,1,0.6020547607421877,1.12,0.93,1.07
TSLA,2026-08-17,2026-11-20,C,645.0,726,2,0.6060830407714846,0.98,0.91,1.05
TSLA,2026-08-17,2026-11-20,C,650.0,321,11,0.6091347680664063,1.01,0.89,1.01
TSLA,2026-08-17,2026-11-20,C,655.0,106,2,0.6135292553710938,0.99,0.85,1.02
TSLA,2026-08-17,2026-11-20,C,660.0,1482,11,0.6167030517578126,0.92,0.86,0.96
TSLA,2026-08-17,2026-11-20,C,665.0,130,1,0.6189002954101563,1.22,0.8,0.95
TSLA,2026-08-17,2026-11-20,C,670.0,1703,6,0.6228065063476562,0.85,0.81,0.91
TSLA,2026-08-17,2026-11-20,C,675.0,2145,13,0.6267127172851563,0.91,0.8,0.89
TSLA,2026-08-17,2026-11-20,C,680.0,3069,10,0.6296423754882813,0.95,0.77,0.87
TSLA,2026-08-17,2026-11-20,C,685.0,287,6,0.6315954809570312,2.3,0.71,0.87
TSLA,2026-08-17,2026-11-20,C,690.0,2308,1,0.6357458300781251,0.84,0.73,0.83
TSLA,2026-08-17,2026-11-20,C,695.0,2205,6,0.63867548828125,0.89,0.71,0.81
TSLA,2026-08-17,2026-11-20,C,700.0,17750,20,0.6433141137695313,0.75,0.7,0.81
TSLA,2026-08-17,2026-11-20,C,705.0,458,1,0.6442906665039063,1.11,0.64,0.8
TSLA,2026-08-17,2026-11-20,C,710.0,2003,1,0.649417568359375,0.74,0.66,0.78
TSLA,2026-08-17,2026-11-20,C,720.0,348,1,0.6530796411132813,0.68,0.59,0.75
TSLA,2026-08-17,2026-11-20,C,730.0,544,2,0.6596713720703126,0.66,0.57,0.72
TSLA,2026-08-17,2026-11-20,C,740.0,208,1,0.664309997558594,0.61,0.54,0.68
TSLA,2026-08-17,2026-11-20,C,750.0,455,50,0.6709017285156251,0.64,0.53,0.65
TSLA,2026-08-17,2026-11-20,C,760.0,459,17,0.6777375976562501,0.58,0.5,0.65
TSLA,2026-08-17,2026-11-20,C,770.0,906,1,0.6860382958984376,0.6,0.51,0.63
TSLA,2026-08-17,2026-11-20,C,780.0,362,1,0.6870148486328126,0.54,0.46,0.58
TSLA,2026-08-17,2026-11-20,C,790.0,757,5,0.692385888671875,0.48,0.44,0.56
TSLA,2026-08-17,2026-11-20,C,800.0,1630,2,0.6992217578125001,0.52,0.46,0.52
TSLA,2026-08-17,2026-11-20,C,810.0,701,1,0.7050810742187501,0.65,0.4,0.55
TSLA,2026-08-17,2026-11-20,C,820.0,497,1,0.7104521142578125,0.5,0.39,0.53
TSLA,2026-08-17,2026-11-20,C,830.0,469,2,0.7148466015625,0.41,0.38,0.5
TSLA,2026-08-17,2026-11-20,C,840.0,140,1,0.72070591796875,0.56,0.36,0.5
TSLA,2026-08-17,2026-11-20,C,850.0,778,1,0.725588681640625,0.48,0.36,0.47
TSLA,2026-08-17,2026-11-20,C,860.0,471,1,0.7314479980468749,0.49,0.34,0.47
TSLA,2026-08-17,2026-11-20,C,870.0,1028,15,0.7358424853515625,0.34,0.34,0.44
TSLA,2026-08-17,2026-11-20,C,880.0,12,2,0.7412135253906249,0.55,0.31,0.45
TSLA,2026-08-17,2026-11-20,C,890.0,33,5,0.7460962890625,0.4,0.3,0.44
TSLA,2026-08-17,2026-11-20,C,900.0,590,3,0.7485376708984376,0.36,0.32,0.38
TSLA,2026-08-17,2026-11-20,P,5.0,4147,8,2.50000375,0.01,0.0,0.01
TSLA,2026-08-17,2026-11-20,P,10.0,0,1,0.500005,0.1,0.0,0.0
TSLA,2026-08-17,2026-11-20,P,15.0,13,13,1.8125009374999999,0.01,0.0,0.01
TSLA,2026-08-17,2026-11-20,P,20.0,27,24,1.625001875,0.02,0.0,0.01
TSLA,2026-08-17,2026-11-20,P,25.0,24,1,1.5625021874999998,0.02,0.0,0.02
TSLA,2026-08-17,2026-11-20,P,30.0,637,1,1.5000025,0.02,0.0,0.03
TSLA,2026-08-17,2026-11-20,P,35.0,504,1,1.40625296875,0.03,0.0,0.03
TSLA,2026-08-17,2026-11-20,P,40.0,55,1,1.3515657421874998,0.09,0.0,0.04
TSLA,2026-08-17,2026-11-20,P,45.0,514,240,1.3203158984374999,0.02,0.01,0.05
TSLA,2026-08-17,2026-11-20,P,50.0,4980,5,1.2500037499999999,0.04,0.0,0.06
TSLA,2026-08-17,2026-11-20,P,55.0,71,1,1.21875390625,0.04,0.0,0.08
TSLA,2026-08-17,2026-11-20,P,60.0,69,29,1.18359783203125,0.05,0.0,0.1
TSLA,2026-08-17,2026-11-20,P,65.0,186,304,1.2324257128906249,0.07,0.0,0.24
TSLA,2026-08-17,2026-11-20,P,70.0,94,92,1.16016044921875,0.1,0.03,0.18
TSLA,2026-08-17,2026-11-20,P,75.0,141,2,1.1328168359375002,0.1,0.02,0.23
TSLA,2026-08-17,2026-11-20,P,80.0,73,90,1.1367230664062502,0.12,0.06,0.32
TSLA,2026-08-17,2026-11-20,P,85.0,160,1,1.0644578027343752,0.13,0.1,0.21
TSLA,2026-08-17,2026-11-20,P,90.0,183,1,1.0107471337890623,0.14,0.1,0.18
TSLA,2026-08-17,2026-11-20,P,95.0,97,39,0.98242205078125,0.14,0.11,0.2
TSLA,2026-08-17,2026-11-20,P,100.0,6091,5,0.9531254687499999,0.16,0.15,0.19
TSLA,2026-08-17,2026-11-20,P,110.0,375,1,0.9072274902343749,0.2,0.16,0.27
TSLA,2026-08-17,2026-11-20,P,120.0,160,35,0.8579115771484375,0.29,0.19,0.32
TSLA,2026-08-17,2026-11-20,P,130.0,217,1,0.8105487695312499,0.14,0.24,0.35
TSLA,2026-08-17,2026-11-20,P,140.0,251,1,0.7578149218750001,0.32,0.27,0.36
TSLA,2026-08-17,2026-11-20,P,150.0,2659,200,0.7236355761718749,0.39,0.35,0.43
TSLA,2026-08-17,2026-11-20,P,155.0,175,2,0.7026396923828125,0.41,0.33,0.5
TSLA,2026-08-17,2026-11-20,P,160.0,296,5,0.6831086376953126,0.45,0.36,0.53
TSLA,2026-08-17,2026-11-20,P,165.0,257,4,0.6645541357421877,0.49,0.4,0.56
TSLA,2026-08-17,2026-11-20,P,170.0,171,1,0.6455113574218749,0.47,0.43,0.59
TSLA,2026-08-17,2026-11-20,P,175.0,567,44,0.6269568554687501,0.55,0.47,0.62
TSLA,2026-08-17,2026-11-20,P,180.0,171,5,0.6157264990234376,0.59,0.57,0.68
TSLA,2026-08-17,2026-11-20,P,185.0,168,6,0.5939982006835938,0.83,0.55,0.73
TSLA,2026-08-17,2026-11-20,P,190.0,762,1,0.57812921875,0.69,0.64,0.75
TSLA,2026-08-17,2026-11-20,P,195.0,281,1144,0.5659223095703125,0.74,0.69,0.87
TSLA,2026-08-17,2026-11-20,P,200.0,764,6,0.5554243676757813,0.87,0.85,0.93
TSLA,2026-08-17,2026-11-20,P,210.0,948,2,0.5302781347656251,1.02,1.03,1.17
TSLA,2026-08-17,2026-11-20,P,220.0,865,13,0.5122119091796875,1.45,1.39,1.5
TSLA,2026-08-17,2026-11-20,P,225.0,309,51,0.5026905200195313,1.61,1.57,1.71
TSLA,2026-08-17,2026-11-20,P,230.0,2386,2,0.4974415490722657,1.87,1.81,1.93
TSLA,2026-08-17,2026-11-20,P,235.0,1590,2,0.4896291271972657,2.09,2.08,2.21
TSLA,2026-08-17,2026-11-20,P,240.0,1247,8,0.48254911987304694,2.43,2.4,2.54
TSLA,2026-08-17,2026-11-20,P,245.0,481,2,0.47723911437988287,2.88,2.76,2.95
TSLA,2026-08-17,2026-11-20,P,250.0,15763,18,0.4714408325195312,3.25,3.3,3.4
TSLA,2026-08-17,2026-11-20,P,255.0,2723,15,0.4655204815673829,3.7,3.7,3.9
TSLA,2026-08-17,2026-11-20,P,260.0,4592,14,0.46094289062500005,4.35,4.3,4.5
TSLA,2026-08-17,2026-11-20,P,265.0,3702,19,0.4572808178710938,5.0,5.05,5.2
TSLA,2026-08-17,2026-11-20,P,270.0,2665,28,0.45404598693847653,5.9,5.9,6.0
TSLA,2026-08-17,2026-11-20,P,275.0,3126,22,0.45236753692626963,6.8,6.75,6.95
TSLA,2026-08-17,2026-11-20,P,280.0,3869,28,0.44943787872314456,7.8,7.75,7.95
TSLA,2026-08-17,2026-11-20,P,285.0,853,3,0.44647770324707037,8.64,8.75,9.05
TSLA,2026-08-17,2026-11-20,P,290.0,2247,65,0.4444025286865234,10.12,10.05,10.3
TSLA,2026-08-17,2026-11-20,P,295.0,1569,19,0.44110666320800784,11.45,11.45,11.6
TSLA,2026-08-17,2026-11-20,P,300.0,6359,52,0.44113718048095707,12.54,12.9,13.2
TSLA,2026-08-17,2026-11-20,P,305.0,2715,2,0.4371394177246094,13.97,14.55,14.7
TSLA,2026-08-17,2026-11-20,P,310.0,4350,59,0.43698683135986327,16.35,16.25,16.55
TSLA,2026-08-17,2026-11-20,P,315.0,2103,18,0.4370173486328125,17.78,18.1,18.55
TSLA,2026-08-17,2026-11-20,P,320.0,3363,59,0.43335527587890627,20.08,20.15,20.45
TSLA,2026-08-17,2026-11-20,P,325.0,4838,5,0.4338435522460938,22.5,22.35,22.75
TSLA,2026-08-17,2026-11-20,P,330.0,4998,17,0.4337214831542969,23.95,24.7,25.15
TSLA,2026-08-17,2026-11-20,P,335.0,2444,62,0.43161579132080086,27.4,27.25,27.55
TSLA,2026-08-17,2026-11-20,P,340.0,1614,11,0.43341631042480466,30.32,29.8,30.35
TSLA,2026-08-17,2026-11-20,P,345.0,1959,3,0.43254656814575193,32.9,32.55,33.1
TSLA,2026-08-17,2026-11-20,P,350.0,8188,54,0.4327144131469727,36.0,35.5,36.05
TSLA,2026-08-17,2026-11-20,P,355.0,2929,6,0.4325313095092773,39.41,38.5,39.1
TSLA,2026-08-17,2026-11-20,P,360.0,2226,1,0.43277544769287113,41.6,41.65,42.3
TSLA,2026-08-17,2026-11-20,P,365.0,755,2,0.4350032086181641,45.53,44.9,45.75
TSLA,2026-08-17,2026-11-20,P,370.0,4488,1,0.4355830368041992,48.82,48.35,49.2
TSLA,2026-08-17,2026-11-20,P,375.0,1398,43,0.4361018304443359,50.03,51.75,52.75
TSLA,2026-08-17,2026-11-20,P,380.0,5046,6,0.43662062408447266,54.26,55.3,56.4
TSLA,2026-08-17,2026-11-20,P,385.0,2008,14,0.43637648590087885,57.9,59.05,60.1
TSLA,2026-08-17,2026-11-20,P,390.0,2317,1,0.43793286682128907,66.0,62.8,64.0
TSLA,2026-08-17,2026-11-20,P,395.0,681,1,0.44232735412597657,66.04,66.6,68.15
TSLA,2026-08-17,2026-11-20,P,400.0,3093,4,0.4385432122802735,71.03,70.8,71.9
TSLA,2026-08-17,2026-11-20,P,405.0,614,1,0.44492132232666015,73.47,74.7,76.3
TSLA,2026-08-17,2026-11-20,P,410.0,933,2,0.44754580780029296,73.52,78.8,80.55
TSLA,2026-08-17,2026-11-20,P,415.0,337,2,0.4490411541748046,81.66,83.05,84.8
TSLA,2026-08-17,2026-11-20,P,420.0,744,2,0.45038391418457036,85.98,87.4,89.1
TSLA,2026-08-17,2026-11-20,P,425.0,795,4,0.45166563964843753,89.95,91.75,93.45
TSLA,2026-08-17,2026-11-20,P,430.0,1160,14,0.4506890869140625,93.76,96.4,97.75
TSLA,2026-08-17,2026-11-20,P,435.0,197,12,0.45761650787353525,92.29,100.65,102.45
TSLA,2026-08-17,2026-11-20,P,440.0,799,1,0.4592339233398438,104.0,105.25,106.95
TSLA,2026-08-17,2026-11-20,P,445.0,335,3,0.46234668518066413,106.65,109.8,111.55
TSLA,2026-08-17,2026-11-20,P,450.0,972,6,0.4697928997802735,114.05,114.6,116.35
TSLA,2026-08-17,2026-11-20,P,455.0,127,1,0.4688163470458985,118.61,119.1,120.85
TSLA,2026-08-17,2026-11-20,P,460.0,204,3,0.4681449670410156,123.33,123.9,125.4
TSLA,2026-08-17,2026-11-20,P,465.0,101,1,0.4838308453369141,143.0,127.8,130.55
TSLA,2026-08-17,2026-11-20,P,470.0,204,2,0.49219257812500006,143.55,132.95,135.45
TSLA,2026-08-17,2026-11-20,P,475.0,354,25,0.4866994689941406,143.55,137.8,139.9
TSLA,2026-08-17,2026-11-20,P,480.0,129,1,0.5111132873535156,158.74,142.05,145.35
TSLA,2026-08-17,2026-11-20,P,485.0,191,1,0.4997608618164063,147.1,147.65,149.65
TSLA,2026-08-17,2026-11-20,P,490.0,57,5,0.524418818359375,145.27,151.75,155.1
TSLA,2026-08-17,2026-11-20,P,495.0,66,1,0.5097094927978516,190.72,156.6,159.35
TSLA,2026-08-17,2026-11-20,P,500.0,29,4,0.5281419256591797,167.0,161.75,164.6
TSLA,2026-08-17,2026-11-20,P,505.0,0,6,0.5429733203125001,137.42,166.35,169.75
TSLA,2026-08-17,2026-11-20,P,510.0,12,1,0.5491988439941409,203.14,171.25,174.65
TSLA,2026-08-17,2026-11-20,P,515.0,87,20,0.5568891967773439,126.8,176.2,179.6
TSLA,2026-08-17,2026-11-20,P,520.0,28,2,0.5643964459228517,186.48,181.1,184.55
TSLA,2026-08-17,2026-11-20,P,525.0,0,1,0.5643354113769532,213.07,186.2,189.3
TSLA,2026-08-17,2026-11-20,P,530.0,0,10,0.5055591436767577,205.94,191.05,194.45
TSLA,2026-08-17,2026-11-20,P,535.0,1,10,0.5123950128173829,217.26,196.05,199.4
TSLA,2026-08-17,2026-11-20,P,540.0,8,2,1.0000000000000003e-05,131.7,143.15,145.6
TSLA,2026-08-17,2026-11-20,P,545.0,0,12,1.0000000000000003e-05,187.75,0.0,0.0
TSLA,2026-08-17,2026-11-20,P,550.0,0,1,0.532109171142578,244.0,211.05,214.25
TSLA,2026-08-17,2026-11-20,P,555.0,0,2,0.5383346948242189,174.95,215.95,219.3
TSLA,2026-08-17,2026-11-20,P,560.0,6,1,1.0000000000000003e-05,176.02,160.4,162.8
TSLA,2026-08-17,2026-11-20,P,565.0,6,13,1.019780291748047,163.65,242.4,247.9
TSLA,2026-08-17,2026-11-20,P,570.0,0,96,0.5609174768066407,248.93,230.95,234.3
TSLA,2026-08-17,2026-11-20,P,575.0,0,22,0.5682416223144531,257.45,236.05,239.2
TSLA,2026-08-17,2026-11-20,P,580.0,0,28,0.5739788696289063,262.7,240.9,244.3
TSLA,2026-08-17,2026-11-20,P,585.0,0,39,0.5927775097656252,261.2,246.3,249.3
TSLA,2026-08-17,2026-11-20,P,590.0,0,75,0.5754436987304687,266.1,250.8,254.0
TSLA,2026-08-17,2026-11-20,P,595.0,0,24,0.5361374511718751,271.2,254.35,259.25
TSLA,2026-08-17,2026-11-20,P,600.0,0,64,0.6080361462402344,278.04,259.45,265.95
TSLA,2026-08-17,2026-11-20,P,605.0,0,2,1.0000000000000003e-05,219.55,0.0,0.0
TSLA,2026-08-17,2026-11-20,P,610.0,0,392,0.6124306335449221,291.15,269.15,275.95
TSLA,2026-08-17,2026-11-20,P,615.0,0,62,0.6300085827636719,296.15,274.2,281.25
TSLA,2026-08-17,2026-11-20,P,620.0,0,1,0.6319616882324219,233.19,279.1,286.2
TSLA,2026-08-17,2026-11-20,P,625.0,52,22,1.0000000000000003e-05,242.4,226.75,230.15
TSLA,2026-08-17,2026-11-20,P,630.0,0,2,0.6176796044921876,250.39,289.75,294.75
TSLA,2026-08-17,2026-11-20,P,635.0,1,1,1.0000000000000003e-05,211.41,229.35,231.0
TSLA,2026-08-17,2026-11-20,P,640.0,0,2,1.0000000000000003e-05,287.92,0.0,0.0
TSLA,2026-08-17,2026-11-20,P,645.0,0,12,1.1577800900268556,265.36,321.05,328.45
TSLA,2026-08-17,2026-11-20,P,650.0,0,15,0.5983926879882813,332.6,309.4,314.1
TSLA,2026-08-17,2026-11-20,P,655.0,0,20,1.0000000000000003e-05,259.25,255.4,258.7
TSLA,2026-08-17,2026-11-20,P,660.0,0,10,1.0000000000000003e-05,237.74,252.6,254.8
TSLA,2026-08-17,2026-11-20,P,665.0,0,2,0.6521030883789063,326.8,324.65,329.65
TSLA,2026-08-17,2026-11-20,P,670.0,0,11,1.205967104949951,288.99,346.05,354.25
TSLA,2026-08-17,2026-11-20,P,675.0,0,2,1.2137490484619138,286.08,351.05,359.25
TSLA,2026-08-17,2026-11-20,P,680.0,0,4,1.2219887533569334,290.84,356.1,364.25
TSLA,2026-08-17,2026-11-20,P,685.0,0,2,1.229129830932617,295.95,361.05,369.25
TSLA,2026-08-17,2026-11-20,P,690.0,0,11,1.2280922384643556,290.95,366.05,373.4
TSLA,2026-08-17,2026-11-20,P,695.0,0,10,1.0000000000000003e-05,320.92,286.3,288.7
TSLA,2026-08-17,2026-11-20,P,700.0,0,1,0.7360866235351562,356.18,360.25,365.25
TSLA,2026-08-17,2026-11-20,P,705.0,0,1,1.2507666856384276,300.1,381.05,388.45
TSLA,2026-08-17,2026-11-20,P,710.0,0,7,1.0000000000000003e-05,325.1,0.0,0.0
TSLA,2026-08-17,2026-11-20,P,720.0,0,11,1.0000000000000003e-05,337.56,324.7,326.4
TSLA,2026-08-17,2026-11-20,P,730.0,0,22,1.0000000000000003e-05,347.33,334.7,336.4
TSLA,2026-08-17,2026-11-20,P,740.0,0,2,1.0000000000000003e-05,336.45,0.0,0.0
TSLA,2026-08-17,2026-11-20,P,750.0,0,10,1.0000000000000003e-05,359.01,0.0,0.0
TSLA,2026-08-17,2026-11-20,P,760.0,0,20,1.0000000000000003e-05,364.5,358.0,361.25
TSLA,2026-08-17,2026-11-20,P,770.0,0,1,1.0000000000000003e-05,378.89,0.0,0.0
TSLA,2026-08-17,2026-11-20,P,780.0,0,50,1.0000000000000003e-05,359.3,0.0,0.0
TSLA,2026-08-17,2026-11-20,P,790.0,0,20,1.0000000000000003e-05,379.87,0.0,0.0
TSLA,2026-08-17,2026-11-20,P,800.0,0,2,1.0000000000000003e-05,394.6,0.0,0.0
TSLA,2026-08-17,2026-11-20,P,810.0,0,0,1.0000000000000003e-05,410.61,417.5,420.2
TSLA,2026-08-17,2026-11-20,P,820.0,0,0,1.0000000000000003e-05,401.63,427.5,430.2
TSLA,2026-08-17,2026-11-20,P,850.0,0,2,1.0000000000000003e-05,412.95,445.85,448.55
TSLA,2026-08-17,2026-11-20,P,870.0,0,1,1.0000000000000003e-05,500.0,459.8,463.8
