ticker,date,expiry,type,strike,oi,volume,iv,last,bid,ask
TSLA,2026-09-25,2026-09-28,C,280.0,292,113,2.729495363769531,79.34,78.65,80.3
TSLA,2026-09-25,2026-09-28,C,285.0,64,445,1.9921875390625,73.91,73.6,74.15
TSLA,2026-09-25,2026-09-28,C,290.0,55,983,2.0781298046874994,68.9,68.65,69.45
TSLA,2026-09-25,2026-09-28,C,295.0,31,1221,2.0019581201171874,64.16,63.7,64.55
TSLA,2026-09-25,2026-09-28,C,300.0,7,856,2.0986375659179686,59.23,58.7,60.3
TSLA,2026-09-25,2026-09-28,C,305.0,25,930,1.9404299853515625,54.45,53.85,55.15
TSLA,2026-09-25,2026-09-28,C,307.5,28,1195,1.8486335693359375,51.61,51.3,52.65
TSLA,2026-09-25,2026-09-28,C,310.0,24,893,1.5292992285156248,48.87,48.95,49.2
TSLA,2026-09-25,2026-09-28,C,312.5,36,493,1.703126484375,46.45,46.0,48.0
TSLA,2026-09-25,2026-09-28,C,315.0,54,569,1.40625296875,44.06,43.6,44.6
TSLA,2026-09-25,2026-09-28,C,317.5,18,513,1.3183627832031248,41.6,41.2,41.95
TSLA,2026-09-25,2026-09-28,C,320.0,32,144,1.3232455712890623,39.05,39.05,39.35
TSLA,2026-09-25,2026-09-28,C,322.5,26,78,0.9960937890625,36.49,36.15,36.55
TSLA,2026-09-25,2026-09-28,C,325.0,30,175,1.107426337890625,34.08,33.7,34.45
TSLA,2026-09-25,2026-09-28,C,327.5,34,175,1.0781296093750001,31.65,31.25,32.05
TSLA,2026-09-25,2026-09-28,C,330.0,40,42,1.017583037109375,29.2,29.1,29.25
TSLA,2026-09-25,2026-09-28,C,332.5,5,23,0.920899228515625,27.2,26.55,26.7
TSLA,2026-09-25,2026-09-28,C,335.0,39,20,0.8803722900390624,24.45,24.1,24.3
TSLA,2026-09-25,2026-09-28,C,337.5,3,36,0.8242205078124999,21.7,21.65,21.85
TSLA,2026-09-25,2026-09-28,C,340.0,56,77,0.6904327832031252,19.35,19.0,19.2
TSLA,2026-09-25,2026-09-28,C,342.5,16,124,0.6523472265625001,16.43,16.6,16.8
TSLA,2026-09-25,2026-09-28,C,345.0,25,156,0.5664105859375,13.89,14.05,14.3
TSLA,2026-09-25,2026-09-28,C,347.5,13,183,0.5224657128906249,11.54,11.5,11.8
TSLA,2026-09-25,2026-09-28,C,350.0,96,1997,0.424810439453125,9.0,9.1,9.25
TSLA,2026-09-25,2026-09-28,C,352.5,39,1112,0.33789724609375,6.5,6.6,6.75
TSLA,2026-09-25,2026-09-28,C,355.0,79,9515,0.2534254345703125,4.25,4.1,4.3
TSLA,2026-09-25,2026-09-28,C,357.5,439,17389,0.15552602294921875,1.86,1.8,1.87
TSLA,2026-09-25,2026-09-28,C,360.0,807,146301,0.12305564453125001,0.4,0.4,0.42
TSLA,2026-09-25,2026-09-28,C,362.5,550,148615,0.13575083007812502,0.07,0.07,0.08
TSLA,2026-09-25,2026-09-28,C,365.0,1242,121761,0.16993017578125003,0.03,0.02,0.03
TSLA,2026-09-25,2026-09-28,C,367.5,1208,112469,0.21094539062499998,0.01,0.01,0.02
TSLA,2026-09-25,2026-09-28,C,370.0,2312,62147,0.23828886718749998,0.01,0.0,0.01
TSLA,2026-09-25,2026-09-28,C,372.5,3354,22774,0.3086006640625,0.01,0.01,0.02
TSLA,2026-09-25,2026-09-28,C,375.0,3674,18907,0.35547519531249994,0.01,0.01,0.02
TSLA,2026-09-25,2026-09-28,C,377.5,2431,7040,0.4023497265625,0.01,0.01,0.02
TSLA,2026-09-25,2026-09-28,C,380.0,6527,13028,0.414068359375,0.01,0.0,0.01
TSLA,2026-09-25,2026-09-28,C,382.5,3691,6648,0.45313046875,0.01,0.0,0.01
TSLA,2026-09-25,2026-09-28,C,385.0,5543,7328,0.500005,0.01,0.0,0.01
TSLA,2026-09-25,2026-09-28,C,387.5,2058,2834,0.500005,0.01,0.0,0.01
TSLA,2026-09-25,2026-09-28,C,390.0,9733,8992,0.5468795312500001,0.01,0.0,0.01
TSLA,2026-09-25,2026-09-28,C,392.5,1432,1393,0.57812921875,0.01,0.0,0.01
TSLA,2026-09-25,2026-09-28,C,395.0,2946,3482,0.6250037500000001,0.01,0.0,0.01
TSLA,2026-09-25,2026-09-28,C,397.5,1651,3903,0.6562534375000001,0.01,0.0,0.01
TSLA,2026-09-25,2026-09-28,C,400.0,8375,5918,0.6875031250000001,0.01,0.0,0.01
TSLA,2026-09-25,2026-09-28,C,402.5,1242,549,0.7187528125,0.01,0.0,0.01
TSLA,2026-09-25,2026-09-28,C,405.0,1900,1406,0.7500025,0.01,0.0,0.01
TSLA,2026-09-25,2026-09-28,C,407.5,204,2140,0.79687703125,0.01,0.0,0.01
TSLA,2026-09-25,2026-09-28,C,410.0,2963,748,0.8437515624999999,0.01,0.0,0.01
TSLA,2026-09-25,2026-09-28,C,412.5,295,274,0.87500125,0.01,0.0,0.01
TSLA,2026-09-25,2026-09-28,C,415.0,1553,465,0.9062509375,0.01,0.0,0.01
TSLA,2026-09-25,2026-09-28,C,417.5,473,199,0.937500625,0.01,0.0,0.01
TSLA,2026-09-25,2026-09-28,C,420.0,9425,378,0.9687503125,0.01,0.0,0.01
TSLA,2026-09-25,2026-09-28,C,422.5,702,2162,1.000005,0.01,0.0,0.01
TSLA,2026-09-25,2026-09-28,C,425.0,1523,1686,1.0312548437500002,0.01,0.0,0.01
TSLA,2026-09-25,2026-09-28,C,430.0,1118,389,1.09375453125,0.01,0.0,0.01
TSLA,2026-09-25,2026-09-28,C,435.0,8407,4247,1.15625421875,0.01,0.0,0.01
TSLA,2026-09-25,2026-09-28,P,280.0,902,2,1.5000025,0.01,0.0,0.01
TSLA,2026-09-25,2026-09-28,P,285.0,2279,104,1.3750031249999999,0.02,0.0,0.01
TSLA,2026-09-25,2026-09-28,P,290.0,321,1,1.2812535937499998,0.01,0.0,0.01
TSLA,2026-09-25,2026-09-28,P,295.0,381,6,1.1875040625,0.01,0.0,0.01
TSLA,2026-09-25,2026-09-28,P,300.0,761,3,1.09375453125,0.01,0.0,0.01
TSLA,2026-09-25,2026-09-28,P,305.0,374,7,1.000005,0.01,0.0,0.01
TSLA,2026-09-25,2026-09-28,P,307.5,1827,5,0.9687503125,0.01,0.0,0.01
TSLA,2026-09-25,2026-09-28,P,310.0,309,2,0.9062509375,0.03,0.0,0.01
TSLA,2026-09-25,2026-09-28,P,312.5,210,5,0.87500125,0.01,0.0,0.01
TSLA,2026-09-25,2026-09-28,P,315.0,4116,414,0.8125018749999999,0.01,0.0,0.01
TSLA,2026-09-25,2026-09-28,P,317.5,33,434,0.7812521875,0.01,0.0,0.01
TSLA,2026-09-25,2026-09-28,P,320.0,270,256,0.7187528125,0.01,0.0,0.01
TSLA,2026-09-25,2026-09-28,P,322.5,83,1727,0.6875031250000001,0.01,0.0,0.01
TSLA,2026-09-25,2026-09-28,P,325.0,797,2612,0.6250037500000001,0.01,0.0,0.01
TSLA,2026-09-25,2026-09-28,P,327.5,193,343,0.5937540625000001,0.01,0.0,0.01
TSLA,2026-09-25,2026-09-28,P,330.0,623,918,0.5468795312500001,0.01,0.0,0.01
TSLA,2026-09-25,2026-09-28,P,332.5,699,1633,0.500005,0.01,0.0,0.01
TSLA,2026-09-25,2026-09-28,P,335.0,741,2107,0.48438015625,0.01,0.0,0.01
TSLA,2026-09-25,2026-09-28,P,337.5,440,460,0.437505625,0.01,0.0,0.01
TSLA,2026-09-25,2026-09-28,P,340.0,867,1676,0.39063109375,0.01,0.0,0.01
TSLA,2026-09-25,2026-09-28,P,342.5,398,1288,0.3711000390625,0.01,0.01,0.02
TSLA,2026-09-25,2026-09-28,P,345.0,512,1074,0.32031929687499994,0.01,0.01,0.02
TSLA,2026-09-25,2026-09-28,P,347.5,1155,2488,0.26758544921875,0.01,0.01,0.02
TSLA,2026-09-25,2026-09-28,P,350.0,1008,6841,0.2148516015625,0.01,0.01,0.02
TSLA,2026-09-25,2026-09-28,P,352.5,1073,10181,0.1601646484375,0.01,0.01,0.02
TSLA,2026-09-25,2026-09-28,P,355.0,1504,43814,0.117196328125,0.04,0.03,0.04
TSLA,2026-09-25,2026-09-28,P,357.5,2750,102012,0.08252870605468751,0.18,0.18,0.19
TSLA,2026-09-25,2026-09-28,P,360.0,4471,173057,1.0000000000000003e-05,1.24,1.22,1.26
TSLA,2026-09-25,2026-09-28,P,362.5,2493,61597,1.0000000000000003e-05,3.35,3.25,3.4
TSLA,2026-09-25,2026-09-28,P,365.0,2425,38446,1.0000000000000003e-05,5.85,5.8,5.95
TSLA,2026-09-25,2026-09-28,P,367.5,1680,9092,1.0000000000000003e-05,8.42,8.3,8.45
TSLA,2026-09-25,2026-09-28,P,370.0,2877,4046,1.0000000000000003e-05,11.05,10.75,10.9
TSLA,2026-09-25,2026-09-28,P,372.5,1494,1068,1.0000000000000003e-05,13.65,13.3,13.45
TSLA,2026-09-25,2026-09-28,P,375.0,1799,867,1.0000000000000003e-05,16.08,15.8,15.95
TSLA,2026-09-25,2026-09-28,P,377.5,1507,115,1.0000000000000003e-05,17.8,18.3,18.45
TSLA,2026-09-25,2026-09-28,P,380.0,1713,439,1.0000000000000003e-05,20.05,20.75,20.9
TSLA,2026-09-25,2026-09-28,P,382.5,355,79,1.0000000000000003e-05,23.55,23.3,23.45
TSLA,2026-09-25,2026-09-28,P,385.0,436,63,1.0000000000000003e-05,25.92,25.8,26.0
TSLA,2026-09-25,2026-09-28,P,387.5,283,23,1.0000000000000003e-05,27.8,28.3,28.45
TSLA,2026-09-25,2026-09-28,P,390.0,155,149,1.0000000000000003e-05,31.13,30.8,30.95
TSLA,2026-09-25,2026-09-28,P,392.5,48,1,1.0000000000000003e-05,33.41,33.2,33.75
TSLA,2026-09-25,2026-09-28,P,395.0,13,7,1.0000000000000003e-05,36.08,35.85,36.25
TSLA,2026-09-25,2026-09-28,P,397.5,24,11,0.9804689453125001,38.42,38.0,38.95
TSLA,2026-09-25,2026-09-28,P,400.0,132,187,1.0000000000000003e-05,40.98,40.75,40.95
TSLA,2026-09-25,2026-09-28,P,402.5,1,15,1.2636755566406248,42.99,42.95,44.2
TSLA,2026-09-25,2026-09-28,P,405.0,4,31,1.0703171484375003,45.34,45.4,46.4
TSLA,2026-09-25,2026-09-28,P,407.5,3,20,1.0000000000000003e-05,48.05,47.4,48.45
TSLA,2026-09-25,2026-09-28,P,410.0,0,36,1.162113564453125,50.41,50.75,51.4
TSLA,2026-09-25,2026-09-28,P,412.5,0,28,1.2070352148437498,51.17,52.25,53.9
TSLA,2026-09-25,2026-09-28,P,415.0,0,36,0.992187578125,55.8,55.8,56.3
TSLA,2026-09-25,2026-09-28,P,417.5,0,15,1.203128984375,58.15,58.15,58.85
TSLA,2026-09-25,2026-09-28,P,420.0,2,33,1.0000000000000003e-05,60.29,60.8,61.2
TSLA,2026-09-25,2026-09-28,P,425.0,0,13,1.60547072265625,65.4,65.8,66.55
TSLA,2026-09-25,2026-09-28,P,435.0,0,16,1.732423212890625,75.63,75.3,76.5
TSLA,2026-09-25,2026-09-30,C,290.0,33,2,1.466799541015625,69.94,68.75,70.4
TSLA,2026-09-25,2026-09-30,C,300.0,9,7,1.2158242333984375,59.4,58.85,59.9
TSLA,2026-09-25,2026-09-30,C,302.5,4,42,0.804689453125,56.87,55.05,57.25
TSLA,2026-09-25,2026-09-30,C,305.0,9,3,1.1591838916015624,54.6,53.4,55.6
TSLA,2026-09-25,2026-09-30,C,310.0,26,141,1.059086735839844,50.5,48.45,50.5
TSLA,2026-09-25,2026-09-30,C,315.0,32,134,1.0346727954101564,45.1,43.9,45.65
TSLA,2026-09-25,2026-09-30,C,317.5,10,1,1.035649353027344,53.68,40.85,44.2
TSLA,2026-09-25,2026-09-30,C,320.0,30,175,0.9116219775390625,39.51,38.75,40.55
TSLA,2026-09-25,2026-09-30,C,322.5,45,3,0.973633076171875,40.95,35.7,39.8
TSLA,2026-09-25,2026-09-30,C,325.0,32,131,0.6899445068359377,34.21,33.5,34.7
TSLA,2026-09-25,2026-09-30,C,327.5,8,21,0.7768577001953125,32.97,31.3,33.1
TSLA,2026-09-25,2026-09-30,C,330.0,7,9,0.7192410888671875,30.0,28.95,30.35
TSLA,2026-09-25,2026-09-30,C,332.5,1,21,0.5600629931640625,28.27,25.6,27.6
TSLA,2026-09-25,2026-09-30,C,335.0,23,7,0.6213416772460938,24.6,23.9,25.4
TSLA,2026-09-25,2026-09-30,C,337.5,28,4,0.5258836474609375,23.4,21.1,22.65
TSLA,2026-09-25,2026-09-30,C,340.0,18,24,0.5102588037109376,20.3,18.9,20.25
TSLA,2026-09-25,2026-09-30,C,342.5,37,64,0.5483443603515626,17.85,16.55,17.75
TSLA,2026-09-25,2026-09-30,C,345.0,28,56,0.4919484399414063,15.25,14.55,15.25
TSLA,2026-09-25,2026-09-30,C,347.5,71,173,0.43408769042968753,12.48,12.5,12.75
TSLA,2026-09-25,2026-09-30,C,350.0,72,1836,0.41834077758789057,10.7,10.5,10.7
TSLA,2026-09-25,2026-09-30,C,352.5,16,590,0.3967345483398438,8.68,8.6,8.7
TSLA,2026-09-25,2026-09-30,C,355.0,149,2022,0.3885559191894531,7.0,6.85,7.0
TSLA,2026-09-25,2026-09-30,C,357.5,98,2882,0.38977661010742193,5.55,5.5,5.6
TSLA,2026-09-25,2026-09-30,C,360.0,230,15741,0.3834290173339844,4.26,4.2,4.3
TSLA,2026-09-25,2026-09-30,C,362.5,385,12022,0.3811097045898437,3.2,3.2,3.25
TSLA,2026-09-25,2026-09-30,C,365.0,837,18306,0.38049935913085936,2.41,2.38,2.41
TSLA,2026-09-25,2026-09-30,C,367.5,361,7124,0.3825745336914062,1.77,1.75,1.77
TSLA,2026-09-25,2026-09-30,C,370.0,1661,17393,0.3874572973632812,1.3,1.28,1.3
TSLA,2026-09-25,2026-09-30,C,372.5,2251,7066,0.39063109375,0.92,0.91,0.93
TSLA,2026-09-25,2026-09-30,C,375.0,3124,18850,0.39942006835937505,0.64,0.68,0.69
TSLA,2026-09-25,2026-09-30,C,377.5,965,3505,0.4062559375,0.5,0.48,0.5
TSLA,2026-09-25,2026-09-30,C,380.0,3345,9742,0.415044912109375,0.38,0.36,0.37
TSLA,2026-09-25,2026-09-30,C,382.5,1842,3671,0.4292049267578125,0.27,0.27,0.29
TSLA,2026-09-25,2026-09-30,C,385.0,1744,17237,0.44336494140625,0.21,0.21,0.23
TSLA,2026-09-25,2026-09-30,C,387.5,703,6301,0.45606012695312503,0.18,0.17,0.18
TSLA,2026-09-25,2026-09-30,C,390.0,2558,6246,0.471684970703125,0.14,0.14,0.15
TSLA,2026-09-25,2026-09-30,C,392.5,908,1624,0.49023947265625006,0.13,0.12,0.13
TSLA,2026-09-25,2026-09-30,C,395.0,1504,1090,0.5039112109375,0.1,0.1,0.11
TSLA,2026-09-25,2026-09-30,C,397.5,595,515,0.523442265625,0.09,0.09,0.1
TSLA,2026-09-25,2026-09-30,C,400.0,4940,5941,0.5429733203125001,0.09,0.08,0.09
TSLA,2026-09-25,2026-09-30,C,402.5,498,132,0.5546919531250001,0.08,0.06,0.08
TSLA,2026-09-25,2026-09-30,C,405.0,4184,5140,0.5742230078125,0.07,0.06,0.07
TSLA,2026-09-25,2026-09-30,C,407.5,177,61,0.5937540625000001,0.05,0.05,0.07
TSLA,2026-09-25,2026-09-30,C,410.0,960,745,0.6113320117187502,0.05,0.05,0.06
TSLA,2026-09-25,2026-09-30,C,412.5,343,668,0.6289099609375001,0.05,0.04,0.06
TSLA,2026-09-25,2026-09-30,C,415.0,770,164,0.6445348046875,0.05,0.04,0.05
TSLA,2026-09-25,2026-09-30,C,417.5,581,15,0.6601596484375001,0.04,0.03,0.05
TSLA,2026-09-25,2026-09-30,C,420.0,992,6713,0.6718782812500002,0.03,0.03,0.04
TSLA,2026-09-25,2026-09-30,C,422.5,78,403,0.6953155468750001,0.04,0.03,0.04
TSLA,2026-09-25,2026-09-30,C,425.0,311,1127,0.7148466015625,0.04,0.03,0.04
TSLA,2026-09-25,2026-09-30,C,427.5,90,322,0.726565234375,0.03,0.02,0.04
TSLA,2026-09-25,2026-09-30,C,430.0,563,13,0.73437765625,0.03,0.02,0.03
TSLA,2026-09-25,2026-09-30,C,435.0,573,871,0.773439765625,0.02,0.02,0.03
TSLA,2026-09-25,2026-09-30,P,280.0,741,1095,0.9687503125,0.02,0.01,0.03
TSLA,2026-09-25,2026-09-30,P,285.0,30,144,0.9414068359375,0.03,0.02,0.04
TSLA,2026-09-25,2026-09-30,P,290.0,37,500,0.87500125,0.03,0.02,0.04
TSLA,2026-09-25,2026-09-30,P,295.0,412,709,0.8281267187499999,0.04,0.03,0.04
TSLA,2026-09-25,2026-09-30,P,300.0,4226,512,0.773439765625,0.04,0.03,0.05
TSLA,2026-09-25,2026-09-30,P,302.5,44,77,0.7500025,0.04,0.04,0.05
TSLA,2026-09-25,2026-09-30,P,305.0,544,46,0.726565234375,0.05,0.04,0.06
TSLA,2026-09-25,2026-09-30,P,307.5,52,18,0.70312796875,0.06,0.05,0.06
TSLA,2026-09-25,2026-09-30,P,310.0,205,456,0.6757844921875001,0.07,0.05,0.07
TSLA,2026-09-25,2026-09-30,P,312.5,78,202,0.648441015625,0.07,0.06,0.07
TSLA,2026-09-25,2026-09-30,P,315.0,115,614,0.6210975390625001,0.06,0.06,0.08
TSLA,2026-09-25,2026-09-30,P,317.5,120,176,0.5937540625000001,0.08,0.07,0.08
TSLA,2026-09-25,2026-09-30,P,320.0,411,349,0.570316796875,0.09,0.08,0.09
TSLA,2026-09-25,2026-09-30,P,322.5,249,53,0.5449264257812501,0.1,0.09,0.1
TSLA,2026-09-25,2026-09-30,P,325.0,149,108,0.524418818359375,0.11,0.11,0.12
TSLA,2026-09-25,2026-09-30,P,327.5,243,448,0.49219257812500006,0.12,0.11,0.12
TSLA,2026-09-25,2026-09-30,P,330.0,1025,499,0.4687553125,0.13,0.12,0.14
TSLA,2026-09-25,2026-09-30,P,332.5,418,594,0.442388388671875,0.15,0.15,0.16
TSLA,2026-09-25,2026-09-30,P,335.0,494,1213,0.42188078125,0.18,0.18,0.2
TSLA,2026-09-25,2026-09-30,P,337.5,222,754,0.40039662109375,0.24,0.24,0.25
TSLA,2026-09-25,2026-09-30,P,340.0,363,2429,0.3803772900390625,0.33,0.31,0.32
TSLA,2026-09-25,2026-09-30,P,342.5,371,1565,0.367193828125,0.45,0.44,0.45
TSLA,2026-09-25,2026-09-30,P,345.0,597,2189,0.35718416259765623,0.63,0.63,0.65
TSLA,2026-09-25,2026-09-30,P,347.5,283,7023,0.3481510498046875,0.91,0.91,0.94
TSLA,2026-09-25,2026-09-30,P,350.0,819,10932,0.3413151806640625,1.33,1.33,1.36
TSLA,2026-09-25,2026-09-30,P,352.5,402,4913,0.3363103479003906,1.92,1.91,1.95
TSLA,2026-09-25,2026-09-30,P,355.0,1435,12214,0.3325262060546875,2.68,2.7,2.74
TSLA,2026-09-25,2026-09-30,P,357.5,871,9161,0.3293524096679687,3.7,3.7,3.75
TSLA,2026-09-25,2026-09-30,P,360.0,1839,13389,0.32691102783203124,5.0,4.9,5.0
TSLA,2026-09-25,2026-09-30,P,362.5,842,11712,0.3259344750976562,6.5,6.4,6.5
TSLA,2026-09-25,2026-09-30,P,365.0,1572,5034,0.3232489550781249,8.14,8.15,8.2
TSLA,2026-09-25,2026-09-30,P,367.5,985,1786,0.32080757324218745,10.15,9.9,10.1
TSLA,2026-09-25,2026-09-30,P,370.0,1494,2836,0.30152065673828127,12.1,11.9,12.05
TSLA,2026-09-25,2026-09-30,P,372.5,1687,1021,0.33740896972656254,14.41,14.0,14.5
TSLA,2026-09-25,2026-09-30,P,375.0,1142,717,0.3403386279296875,15.73,16.0,16.8
TSLA,2026-09-25,2026-09-30,P,377.5,842,137,0.33887379882812496,18.5,18.75,19.15
TSLA,2026-09-25,2026-09-30,P,380.0,987,676,0.334967587890625,21.12,21.05,21.55
TSLA,2026-09-25,2026-09-30,P,382.5,453,34,1.0000000000000003e-05,23.35,23.35,23.7
TSLA,2026-09-25,2026-09-30,P,385.0,232,60,0.41992767578125,25.89,25.1,26.6
TSLA,2026-09-25,2026-09-30,P,387.5,75,4,0.39453730468750003,27.35,28.25,29.0
TSLA,2026-09-25,2026-09-30,P,390.0,131,259,0.42188078125,31.0,30.55,31.5
TSLA,2026-09-25,2026-09-30,P,392.5,21,1,0.8867198828124999,30.25,31.65,35.9
TSLA,2026-09-25,2026-09-30,P,395.0,8,1,0.5419967675781252,35.07,35.55,36.6
TSLA,2026-09-25,2026-09-30,P,397.5,4,5,1.0192920129394532,25.15,36.65,41.25
TSLA,2026-09-25,2026-09-30,P,400.0,11,9,0.5996133789062501,28.85,40.35,41.6
TSLA,2026-09-25,2026-09-30,P,402.5,10,12,0.7641625146484375,29.4,42.45,44.45
TSLA,2026-09-25,2026-09-30,P,405.0,20,13,0.6709017285156251,35.87,44.6,48.65
TSLA,2026-09-25,2026-09-30,P,407.5,0,2,0.85742330078125,47.16,45.35,49.55
TSLA,2026-09-25,2026-09-30,P,410.0,5,3,1.1066939196777343,38.43,48.05,53.05
TSLA,2026-09-25,2026-09-30,P,412.5,6,3,1.1948282446289062,38.5,50.25,55.85
TSLA,2026-09-25,2026-09-30,P,415.0,2,1,1.2314491552734375,54.24,54.45,58.35
TSLA,2026-09-25,2026-09-30,P,417.5,18,20,0.983398603515625,46.42,57.85,61.25
TSLA,2026-09-25,2026-09-30,P,420.0,5,1,1.3032261401367182,44.55,58.95,63.35
TSLA,2026-09-25,2026-09-30,P,425.0,0,2,1.1196333081054686,65.45,65.65,67.2
TSLA,2026-09-25,2026-09-30,P,427.5,0,0,0.8281267187499999,49.62,68.35,69.7
TSLA,2026-09-25,2026-09-30,P,430.0,0,125,0.8203142968749999,68.1,70.7,72.3
TSLA,2026-09-25,2026-09-30,P,435.0,0,6,0.867188828125,68.06,75.85,76.5
TSLA,2026-09-25,2026-10-02,C,50.0,5,10,7.503906870117188,321.99,307.6,310.55
TSLA,2026-09-25,2026-10-02,C,80.0,1,2,4.8593789257812485,279.68,277.45,280.0
TSLA,2026-09-25,2026-10-02,C,100.0,2,1,5.547854627685545,259.59,258.15,261.25
TSLA,2026-09-25,2026-10-02,C,130.0,0,3,5.062503671875,229.47,0.0,230.8
TSLA,2026-09-25,2026-10-02,C,140.0,6,8,4.083989270019532,219.48,218.35,220.8
TSLA,2026-09-25,2026-10-02,C,150.0,8,3,3.7597662255859374,209.49,208.15,210.85
TSLA,2026-09-25,2026-10-02,C,170.0,7,5,3.2656268359375,189.57,188.15,190.85
TSLA,2026-09-25,2026-10-02,C,180.0,25,1,3.0253930615234372,179.53,178.25,180.7
TSLA,2026-09-25,2026-10-02,C,200.0,186,4,2.7041048022460936,163.5,158.6,160.75
TSLA,2026-09-25,2026-10-02,C,210.0,26,25,2.6484408789062504,162.63,147.2,152.9
TSLA,2026-09-25,2026-10-02,C,220.0,56,2,2.3149456188964836,139.71,138.7,140.65
TSLA,2026-09-25,2026-10-02,C,230.0,18,3,2.2182661730957025,130.0,126.95,132.9
TSLA,2026-09-25,2026-10-02,C,235.0,0,2,1.0000000000000003e-05,124.62,0.0,0.0
TSLA,2026-09-25,2026-10-02,C,240.0,575,1,1.892578662109375,119.75,118.45,120.55
TSLA,2026-09-25,2026-10-02,C,245.0,1,0,2.0942430456542964,118.69,113.05,117.9
TSLA,2026-09-25,2026-10-02,C,250.0,172,9,1.7089858300781249,109.69,108.2,110.7
TSLA,2026-09-25,2026-10-02,C,255.0,7,1,1.8828130859374999,106.88,102.85,107.85
TSLA,2026-09-25,2026-10-02,C,260.0,5,1,1.8227547924804686,121.27,98.05,102.9
TSLA,2026-09-25,2026-10-02,C,265.0,3,2,1.7451184619140623,83.18,93.15,97.9
TSLA,2026-09-25,2026-10-02,C,270.0,33,2,1.632326057128906,108.69,88.1,92.7
TSLA,2026-09-25,2026-10-02,C,275.0,39,5,1.5766622729492186,98.35,83.2,87.9
TSLA,2026-09-25,2026-10-02,C,280.0,59,20,1.3173862255859374,91.47,78.8,80.65
TSLA,2026-09-25,2026-10-02,C,285.0,65,3,1.203128984375,74.59,73.2,75.95
TSLA,2026-09-25,2026-10-02,C,290.0,40,2,1.1958048022460939,69.9,68.9,70.85
TSLA,2026-09-25,2026-10-02,C,292.5,3,2,1.2976109338378903,78.5,65.85,70.45
TSLA,2026-09-25,2026-10-02,C,295.0,83,3,1.11328568359375,65.23,63.7,66.0
TSLA,2026-09-25,2026-10-02,C,297.5,35,5,1.1982461962890625,62.94,60.85,65.25
TSLA,2026-09-25,2026-10-02,C,300.0,112,15,1.0366259106445317,60.13,59.05,60.65
TSLA,2026-09-25,2026-10-02,C,305.0,92,20,0.9782717016601563,55.92,53.9,56.0
TSLA,2026-09-25,2026-10-02,C,310.0,145,157,0.9055185229492188,50.16,49.1,50.85
TSLA,2026-09-25,2026-10-02,C,315.0,112,13,0.8286149951171874,44.8,44.2,45.75
TSLA,2026-09-25,2026-10-02,C,317.5,12,6,0.89257919921875,52.95,41.5,44.95
TSLA,2026-09-25,2026-10-02,C,320.0,141,25,0.6613803393554689,39.75,38.9,39.95
TSLA,2026-09-25,2026-10-02,C,322.5,30,13,0.6757844921875001,49.84,36.0,38.45
TSLA,2026-09-25,2026-10-02,C,325.0,76,180,0.649417568359375,36.48,34.1,35.5
TSLA,2026-09-25,2026-10-02,C,327.5,33,41,0.6218299536132813,33.47,31.65,33.1
TSLA,2026-09-25,2026-10-02,C,330.0,409,86,0.5766643896484375,30.5,29.65,30.0
TSLA,2026-09-25,2026-10-02,C,332.5,35,49,0.5688519677734375,28.45,27.15,28.0
TSLA,2026-09-25,2026-10-02,C,335.0,328,8,0.5534712622070312,26.12,24.85,25.75
TSLA,2026-09-25,2026-10-02,C,337.5,26,22,0.5344284838867188,24.17,22.65,23.4
TSLA,2026-09-25,2026-10-02,C,340.0,634,240,0.5278367529296876,20.92,20.55,21.3
TSLA,2026-09-25,2026-10-02,C,342.5,37,44,0.5136767382812499,20.07,18.7,18.9
TSLA,2026-09-25,2026-10-02,C,345.0,418,224,0.5117236328125,16.93,16.85,16.95
TSLA,2026-09-25,2026-10-02,C,347.5,75,235,0.503056727294922,15.0,14.95,15.05
TSLA,2026-09-25,2026-10-02,C,350.0,980,1057,0.4950001672363281,13.25,13.1,13.2
TSLA,2026-09-25,2026-10-02,C,352.5,166,462,0.4901174035644532,11.45,11.45,11.55
TSLA,2026-09-25,2026-10-02,C,355.0,3310,2599,0.48743188354492195,9.81,9.9,10.05
TSLA,2026-09-25,2026-10-02,C,357.5,400,2123,0.48071808349609374,8.5,8.5,8.6
TSLA,2026-09-25,2026-10-02,C,360.0,9080,9346,0.4845022253417969,7.35,7.3,7.45
TSLA,2026-09-25,2026-10-02,C,362.5,973,5349,0.4810842907714844,6.15,6.2,6.3
TSLA,2026-09-25,2026-10-02,C,365.0,2174,8295,0.48254911987304694,5.3,5.25,5.35
TSLA,2026-09-25,2026-10-02,C,367.5,889,2443,0.48328153442382815,4.5,4.45,4.5
TSLA,2026-09-25,2026-10-02,C,370.0,3700,14116,0.48340360351562506,3.75,3.7,3.75
TSLA,2026-09-25,2026-10-02,C,372.5,1405,4139,0.4909718872070313,3.12,3.1,3.2
TSLA,2026-09-25,2026-10-02,C,375.0,5091,7090,0.48682153808593753,2.55,2.55,2.58
TSLA,2026-09-25,2026-10-02,C,377.5,12791,2796,0.49023947265625006,2.14,2.11,2.14
TSLA,2026-09-25,2026-10-02,C,380.0,8705,9865,0.4910939562988281,1.74,1.72,1.74
TSLA,2026-09-25,2026-10-02,C,382.5,3822,2853,0.4968312036132813,1.42,1.43,1.45
TSLA,2026-09-25,2026-10-02,C,385.0,10248,7961,0.5017139672851563,1.2,1.19,1.21
TSLA,2026-09-25,2026-10-02,C,387.5,4198,1843,0.5043994873046875,0.97,0.97,0.98
TSLA,2026-09-25,2026-10-02,C,390.0,16113,5126,0.5119677709960937,0.8,0.81,0.83
TSLA,2026-09-25,2026-10-02,C,392.5,4857,1157,0.51758294921875,0.68,0.67,0.69
TSLA,2026-09-25,2026-10-02,C,395.0,3454,1509,0.52539537109375,0.58,0.57,0.58
TSLA,2026-09-25,2026-10-02,C,397.5,4601,525,0.5329636547851562,0.48,0.48,0.49
TSLA,2026-09-25,2026-10-02,C,400.0,12896,11957,0.5415084912109377,0.42,0.41,0.42
TSLA,2026-09-25,2026-10-02,C,402.5,687,295,0.55273884765625,0.37,0.36,0.37
TSLA,2026-09-25,2026-10-02,C,405.0,4569,1661,0.5620160986328125,0.31,0.31,0.32
TSLA,2026-09-25,2026-10-02,C,407.5,706,393,0.5712933496093751,0.28,0.27,0.28
TSLA,2026-09-25,2026-10-02,C,410.0,4093,1173,0.5830119824218749,0.24,0.24,0.25
TSLA,2026-09-25,2026-10-02,C,412.5,383,506,0.596683720703125,0.22,0.22,0.23
TSLA,2026-09-25,2026-10-02,C,415.0,2126,929,0.6044961425781252,0.2,0.19,0.2
TSLA,2026-09-25,2026-10-02,C,417.5,406,154,0.6152382226562501,0.18,0.17,0.18
TSLA,2026-09-25,2026-10-02,C,420.0,4642,2257,0.6279334082031252,0.16,0.15,0.17
TSLA,2026-09-25,2026-10-02,C,422.5,324,152,0.63867548828125,0.15,0.14,0.15
TSLA,2026-09-25,2026-10-02,C,425.0,1886,2709,0.6523472265625001,0.13,0.13,0.14
TSLA,2026-09-25,2026-10-02,C,427.5,226,133,0.6640658593750002,0.13,0.12,0.13
TSLA,2026-09-25,2026-10-02,C,430.0,3184,1202,0.6757844921875001,0.11,0.11,0.12
TSLA,2026-09-25,2026-10-02,C,432.5,133,1116,0.6894562304687502,0.1,0.1,0.12
TSLA,2026-09-25,2026-10-02,C,435.0,1583,1409,0.6992217578125001,0.11,0.09,0.11
TSLA,2026-09-25,2026-10-02,C,437.5,314,1105,0.70898728515625,0.1,0.08,0.1
TSLA,2026-09-25,2026-10-02,C,440.0,1836,276,0.72070591796875,0.09,0.08,0.09
TSLA,2026-09-25,2026-10-02,C,442.5,129,15,0.7324245507812499,0.06,0.07,0.09
TSLA,2026-09-25,2026-10-02,C,445.0,1381,315,0.74414318359375,0.07,0.07,0.08
TSLA,2026-09-25,2026-10-02,C,450.0,3585,1267,0.7656273437500001,0.06,0.06,0.07
TSLA,2026-09-25,2026-10-02,C,455.0,783,512,0.7851583984375,0.06,0.05,0.06
TSLA,2026-09-25,2026-10-02,C,460.0,1003,78,0.8085956640624999,0.05,0.04,0.06
TSLA,2026-09-25,2026-10-02,C,465.0,2187,254,0.8281267187499999,0.05,0.04,0.05
TSLA,2026-09-25,2026-10-02,C,470.0,1593,704,0.8359391406249999,0.04,0.03,0.04
TSLA,2026-09-25,2026-10-02,C,475.0,441,615,0.867188828125,0.03,0.03,0.04
TSLA,2026-09-25,2026-10-02,C,480.0,3185,1,0.8828136718749999,0.03,0.02,0.04
TSLA,2026-09-25,2026-10-02,C,485.0,592,114,0.8945323046874999,0.03,0.02,0.03
TSLA,2026-09-25,2026-10-02,C,490.0,256,14,0.92187578125,0.03,0.02,0.03
TSLA,2026-09-25,2026-10-02,C,495.0,440,429,0.945313046875,0.02,0.02,0.03
TSLA,2026-09-25,2026-10-02,C,500.0,2299,516,0.9531254687499999,0.02,0.01,0.03
TSLA,2026-09-25,2026-10-02,C,505.0,251,85,0.98437515625,0.01,0.01,0.03
TSLA,2026-09-25,2026-10-02,C,510.0,1308,18,1.0078174609375,0.02,0.01,0.03
TSLA,2026-09-25,2026-10-02,C,515.0,373,1,1.0078174609375,0.01,0.01,0.02
TSLA,2026-09-25,2026-10-02,C,520.0,497,50,1.0312548437500002,0.01,0.01,0.02
TSLA,2026-09-25,2026-10-02,C,525.0,916,356,1.0546922265625,0.01,0.01,0.02
TSLA,2026-09-25,2026-10-02,C,530.0,1815,740,1.0468797656250002,0.01,0.0,0.02
TSLA,2026-09-25,2026-10-02,C,535.0,60,1318,1.0625046875000002,0.01,0.0,0.02
TSLA,2026-09-25,2026-10-02,C,540.0,371,4751,1.125004375,0.01,0.01,0.02
TSLA,2026-09-25,2026-10-02,C,545.0,600,142,1.109379453125,0.02,0.0,0.02
TSLA,2026-09-25,2026-10-02,C,550.0,324,362,1.125004375,0.01,0.0,0.02
TSLA,2026-09-25,2026-10-02,C,555.0,298,116,1.15625421875,0.01,0.0,0.02
TSLA,2026-09-25,2026-10-02,C,560.0,462,191,1.171879140625,0.02,0.0,0.02
TSLA,2026-09-25,2026-10-02,C,565.0,322,152,1.125004375,0.01,0.0,0.01
TSLA,2026-09-25,2026-10-02,C,570.0,454,60,1.15625421875,0.01,0.0,0.01
TSLA,2026-09-25,2026-10-02,C,575.0,26,6,1.1875040625,0.01,0.0,0.01
TSLA,2026-09-25,2026-10-02,C,580.0,10,8,1.1875040625,0.02,0.0,0.01
TSLA,2026-09-25,2026-10-02,C,585.0,1134,15,1.21875390625,0.02,0.0,0.01
TSLA,2026-09-25,2026-10-02,C,590.0,75,14,1.2500037499999999,0.01,0.0,0.01
TSLA,2026-09-25,2026-10-02,C,595.0,15,10,1.2500037499999999,0.02,0.0,0.01
TSLA,2026-09-25,2026-10-02,C,600.0,111,1,1.2812535937499998,0.01,0.0,0.01
TSLA,2026-09-25,2026-10-02,C,605.0,48,11,1.2812535937499998,0.01,0.0,0.01
TSLA,2026-09-25,2026-10-02,C,610.0,291,2,1.3125034374999998,0.01,0.0,0.01
TSLA,2026-09-25,2026-10-02,C,615.0,607,20,1.3125034374999998,0.01,0.0,0.01
TSLA,2026-09-25,2026-10-02,P,50.0,10,10,4.875003906249999,0.01,0.0,0.01
TSLA,2026-09-25,2026-10-02,P,60.0,65,0,4.375004531249999,0.12,0.0,0.01
TSLA,2026-09-25,2026-10-02,P,70.0,52,0,4.000005,0.12,0.0,0.01
TSLA,2026-09-25,2026-10-02,P,80.0,16,15,3.750000625,0.01,0.0,0.01
TSLA,2026-09-25,2026-10-02,P,90.0,0,0,0.500005,0.12,0.0,0.0
TSLA,2026-09-25,2026-10-02,P,100.0,234,2,3.1250021875,0.01,0.0,0.01
TSLA,2026-09-25,2026-10-02,P,110.0,359,37,2.93750265625,0.01,0.0,0.01
TSLA,2026-09-25,2026-10-02,P,120.0,1604,1554,2.750003125,0.01,0.0,0.01
TSLA,2026-09-25,2026-10-02,P,130.0,19744,17565,2.50000375,0.01,0.0,0.01
TSLA,2026-09-25,2026-10-02,P,140.0,6507,4288,2.3750040624999995,0.01,0.0,0.01
TSLA,2026-09-25,2026-10-02,P,150.0,24140,10,2.1875045312499997,0.01,0.0,0.01
TSLA,2026-09-25,2026-10-02,P,160.0,1121,10,2.000005,0.02,0.0,0.01
TSLA,2026-09-25,2026-10-02,P,170.0,2604,513,2.0468798828125,0.01,0.01,0.02
TSLA,2026-09-25,2026-10-02,P,180.0,1058,1890,1.75000125,0.01,0.0,0.01
TSLA,2026-09-25,2026-10-02,P,190.0,1056,656,1.625001875,0.02,0.0,0.01
TSLA,2026-09-25,2026-10-02,P,200.0,28219,178,1.625001875,0.01,0.01,0.02
TSLA,2026-09-25,2026-10-02,P,210.0,10545,20,1.5312523437499999,0.01,0.01,0.03
TSLA,2026-09-25,2026-10-02,P,220.0,7413,7,1.40625296875,0.02,0.01,0.03
TSLA,2026-09-25,2026-10-02,P,230.0,2007,41,1.2890660546875,0.03,0.01,0.03
TSLA,2026-09-25,2026-10-02,P,235.0,23020,56,1.2578162109375,0.02,0.02,0.03
TSLA,2026-09-25,2026-10-02,P,240.0,823,644,1.21875390625,0.02,0.02,0.04
TSLA,2026-09-25,2026-10-02,P,245.0,781,485,1.16016044921875,0.04,0.02,0.04
TSLA,2026-09-25,2026-10-02,P,250.0,1258,103,1.1171919140625,0.03,0.03,0.04
TSLA,2026-09-25,2026-10-02,P,255.0,329,1044,1.0625046875000002,0.04,0.03,0.04
TSLA,2026-09-25,2026-10-02,P,260.0,1849,317,1.0351610742187503,0.04,0.04,0.05
TSLA,2026-09-25,2026-10-02,P,265.0,446,670,0.9882813671875,0.05,0.04,0.06
TSLA,2026-09-25,2026-10-02,P,270.0,548,32,0.9531254687499999,0.06,0.05,0.07
TSLA,2026-09-25,2026-10-02,P,275.0,671,89,0.91211025390625,0.07,0.06,0.08
TSLA,2026-09-25,2026-10-02,P,280.0,2054,604,0.8632826171875,0.07,0.07,0.08
TSLA,2026-09-25,2026-10-02,P,285.0,1106,168,0.8203142968749999,0.08,0.08,0.09
TSLA,2026-09-25,2026-10-02,P,290.0,12739,99,0.7753928710937501,0.09,0.09,0.1
TSLA,2026-09-25,2026-10-02,P,292.5,329,1,0.7480493945312501,0.1,0.09,0.1
TSLA,2026-09-25,2026-10-02,P,295.0,651,3643,0.72851833984375,0.1,0.1,0.11
TSLA,2026-09-25,2026-10-02,P,297.5,417,116,0.70898728515625,0.11,0.11,0.12
TSLA,2026-09-25,2026-10-02,P,300.0,2060,709,0.6816438085937502,0.11,0.11,0.12
TSLA,2026-09-25,2026-10-02,P,302.5,155,148,0.6650424121093752,0.11,0.12,0.14
TSLA,2026-09-25,2026-10-02,P,305.0,955,285,0.64062859375,0.13,0.13,0.14
TSLA,2026-09-25,2026-10-02,P,307.5,56,10,0.624027197265625,0.15,0.15,0.16
TSLA,2026-09-25,2026-10-02,P,310.0,2406,208,0.6015664843750002,0.16,0.16,0.17
TSLA,2026-09-25,2026-10-02,P,312.5,61,168,0.5830119824218749,0.19,0.18,0.19
TSLA,2026-09-25,2026-10-02,P,315.0,1470,432,0.5654340332031251,0.21,0.2,0.22
TSLA,2026-09-25,2026-10-02,P,317.5,1501,149,0.5478560839843751,0.24,0.23,0.25
TSLA,2026-09-25,2026-10-02,P,320.0,2913,997,0.5336960693359375,0.27,0.28,0.29
TSLA,2026-09-25,2026-10-02,P,322.5,338,402,0.5170946728515625,0.34,0.32,0.34
TSLA,2026-09-25,2026-10-02,P,325.0,2335,1202,0.5034229345703125,0.41,0.39,0.4
TSLA,2026-09-25,2026-10-02,P,327.5,468,490,0.4931691308593751,0.47,0.48,0.49
TSLA,2026-09-25,2026-10-02,P,330.0,1613,1838,0.47949739257812496,0.59,0.58,0.59
TSLA,2026-09-25,2026-10-02,P,332.5,531,819,0.47046427978515626,0.7,0.73,0.74
TSLA,2026-09-25,2026-10-02,P,335.0,2763,1639,0.46191944335937507,0.94,0.92,0.93
TSLA,2026-09-25,2026-10-02,P,337.5,1400,1058,0.4555718505859375,1.16,1.16,1.18
TSLA,2026-09-25,2026-10-02,P,340.0,2637,3398,0.450200810546875,1.46,1.47,1.5
TSLA,2026-09-25,2026-10-02,P,342.5,721,1747,0.44556218505859374,1.88,1.87,1.9
TSLA,2026-09-25,2026-10-02,P,345.0,1773,2930,0.4415339050292969,2.38,2.37,2.39
TSLA,2026-09-25,2026-10-02,P,347.5,1134,2176,0.44275459594726563,3.05,2.97,3.05
TSLA,2026-09-25,2026-10-02,P,350.0,4444,6827,0.43860424682617194,3.71,3.7,3.75
TSLA,2026-09-25,2026-10-02,P,352.5,1005,1151,0.4366511413574219,4.63,4.5,4.6
TSLA,2026-09-25,2026-10-02,P,355.0,3343,3088,0.43286699951171875,5.55,5.45,5.55
TSLA,2026-09-25,2026-10-02,P,357.5,1119,2507,0.43005941040039064,6.7,6.6,6.65
TSLA,2026-09-25,2026-10-02,P,360.0,3989,7220,0.43103596313476567,7.91,7.85,7.95
TSLA,2026-09-25,2026-10-02,P,362.5,1181,2583,0.4299373413085938,9.34,9.25,9.35
TSLA,2026-09-25,2026-10-02,P,365.0,2774,3885,0.43286699951171875,10.85,10.8,10.95
TSLA,2026-09-25,2026-10-02,P,367.5,905,2450,0.43445389770507814,12.55,12.5,12.65
TSLA,2026-09-25,2026-10-02,P,370.0,4943,3525,0.4278621667480469,14.25,14.25,14.35
TSLA,2026-09-25,2026-10-02,P,372.5,1650,1303,0.4272518212890626,16.22,16.15,16.25
TSLA,2026-09-25,2026-10-02,P,375.0,3327,2390,0.42676354492187507,18.1,18.1,18.25
TSLA,2026-09-25,2026-10-02,P,377.5,1438,1388,0.4222469885253906,20.35,20.15,20.3
TSLA,2026-09-25,2026-10-02,P,380.0,2973,352,0.41919526123046874,21.82,22.25,22.45
TSLA,2026-09-25,2026-10-02,P,382.5,431,22,0.4753470434570312,24.55,23.75,25.15
TSLA,2026-09-25,2026-10-02,P,385.0,870,1092,0.4116269775390625,26.85,26.6,26.95
TSLA,2026-09-25,2026-10-02,P,387.5,310,17,0.5217332983398437,29.06,28.1,30.0
TSLA,2026-09-25,2026-10-02,P,390.0,1233,26,0.44824770507812495,31.0,30.8,31.85
TSLA,2026-09-25,2026-10-02,P,392.5,124,31,0.5463912548828126,33.0,33.1,34.75
TSLA,2026-09-25,2026-10-02,P,395.0,101,4,0.4770560107421875,36.1,35.9,36.75
TSLA,2026-09-25,2026-10-02,P,397.5,110,2,0.585941640625,17.05,37.85,39.65
TSLA,2026-09-25,2026-10-02,P,400.0,256,20,0.603763728027344,39.9,40.4,42.1
TSLA,2026-09-25,2026-10-02,P,402.5,19,26,0.8286149951171874,31.76,42.1,46.0
TSLA,2026-09-25,2026-10-02,P,405.0,47,1,0.6562534375000001,42.73,45.15,47.1
TSLA,2026-09-25,2026-10-02,P,407.5,23,4,0.7368190380859375,48.22,47.8,49.9
TSLA,2026-09-25,2026-10-02,P,410.0,52,35,0.6044961425781252,50.79,49.95,51.7
TSLA,2026-09-25,2026-10-02,P,412.5,26,25,0.9099130102539061,41.45,51.65,55.7
TSLA,2026-09-25,2026-10-02,P,415.0,12,2,0.5546919531250001,43.22,54.25,56.5
TSLA,2026-09-25,2026-10-02,P,417.5,1,2,0.9448247705078124,32.95,55.6,60.55
TSLA,2026-09-25,2026-10-02,P,420.0,41,10,0.7412135253906249,57.8,59.9,61.85
TSLA,2026-09-25,2026-10-02,P,425.0,24,1,0.81445498046875,62.55,64.5,66.95
TSLA,2026-09-25,2026-10-02,P,427.5,54,4,0.9494633959960936,66.91,65.55,69.95
TSLA,2026-09-25,2026-10-02,P,430.0,11,2,0.64648791015625,64.15,69.55,73.4
TSLA,2026-09-25,2026-10-02,P,432.5,1,0,0.6367223828125,56.25,72.0,75.9
TSLA,2026-09-25,2026-10-02,P,435.0,37,1,0.9790041162109376,56.9,73.85,77.25
TSLA,2026-09-25,2026-10-02,P,440.0,7,18,0.6875031250000001,63.5,79.4,83.5
TSLA,2026-09-25,2026-10-02,P,445.0,0,2,1.2251015307617186,82.05,83.05,88.05
TSLA,2026-09-25,2026-10-02,P,450.0,0,1,0.8105487695312499,90.82,89.25,91.5
TSLA,2026-09-25,2026-10-02,P,460.0,0,1,1.0546922265625,89.7,99.85,101.8
TSLA,2026-09-25,2026-10-02,P,465.0,0,1,1.0000000000000003e-05,91.28,104.95,106.35
TSLA,2026-09-25,2026-10-02,P,500.0,0,2,1.2216835791015623,136.28,140.0,141.6
TSLA,2026-09-25,2026-10-05,C,305.0,3,3,0.7592797509765626,54.0,53.8,55.9
TSLA,2026-09-25,2026-10-05,C,310.0,3,0,0.7878439184570312,66.15,48.2,52.95
TSLA,2026-09-25,2026-10-05,C,320.0,3,2,0.5700726586914062,41.43,38.9,40.65
TSLA,2026-09-25,2026-10-05,C,330.0,4,4,0.5377243493652344,32.02,29.7,30.7
TSLA,2026-09-25,2026-10-05,C,332.5,1,1,0.5280808911132813,40.38,27.3,28.5
TSLA,2026-09-25,2026-10-05,C,335.0,3,1,0.5191698474121094,32.0,25.0,26.35
TSLA,2026-09-25,2026-10-05,C,337.5,2,0,0.5271043383789062,42.05,23.1,24.5
TSLA,2026-09-25,2026-10-05,C,340.0,20,86,0.4760794580078125,22.2,20.85,21.8
TSLA,2026-09-25,2026-10-05,C,342.5,31,4,0.4802298071289062,21.7,18.6,20.0
TSLA,2026-09-25,2026-10-05,C,345.0,8,33,0.4451959777832031,17.4,16.75,17.6
TSLA,2026-09-25,2026-10-05,C,347.5,24,265,0.4547173669433594,15.69,15.25,16.05
TSLA,2026-09-25,2026-10-05,C,350.0,15,91,0.4429987341308594,13.76,13.6,14.2
TSLA,2026-09-25,2026-10-05,C,352.5,7,22,0.43945873046875,14.0,12.0,12.6
TSLA,2026-09-25,2026-10-05,C,355.0,13,59,0.43115803222656257,10.77,10.5,11.0
TSLA,2026-09-25,2026-10-05,C,357.5,3,411,0.4202938830566406,9.33,9.3,9.45
TSLA,2026-09-25,2026-10-05,C,360.0,57,2004,0.4184628466796875,8.15,8.15,8.2
TSLA,2026-09-25,2026-10-05,C,362.5,232,1148,0.4185849157714844,7.0,6.95,7.1
TSLA,2026-09-25,2026-10-05,C,365.0,166,1596,0.4182187084960937,5.95,6.0,6.1
TSLA,2026-09-25,2026-10-05,C,367.5,107,950,0.41760836303710935,5.18,5.1,5.2
TSLA,2026-09-25,2026-10-05,C,370.0,204,1972,0.4195614685058594,4.3,4.35,4.45
TSLA,2026-09-25,2026-10-05,C,372.5,269,404,0.42212491943359376,3.69,3.65,3.8
TSLA,2026-09-25,2026-10-05,C,375.0,224,1090,0.4198056066894531,3.07,3.05,3.15
TSLA,2026-09-25,2026-10-05,C,377.5,362,227,0.4234676794433594,2.64,2.62,2.68
TSLA,2026-09-25,2026-10-05,C,380.0,1095,1682,0.42615319946289065,2.2,2.21,2.26
TSLA,2026-09-25,2026-10-05,C,382.5,351,364,0.4304256176757813,1.85,1.86,1.92
TSLA,2026-09-25,2026-10-05,C,385.0,666,997,0.43140217041015627,1.55,1.55,1.59
TSLA,2026-09-25,2026-10-05,C,387.5,219,116,0.4361628649902344,1.36,1.31,1.35
TSLA,2026-09-25,2026-10-05,C,390.0,1401,4442,0.43933666137695315,1.13,1.1,1.13
TSLA,2026-09-25,2026-10-05,C,392.5,174,89,0.44653873779296877,0.96,0.94,0.98
TSLA,2026-09-25,2026-10-05,C,395.0,902,883,0.4523980541992188,0.84,0.8,0.84
TSLA,2026-09-25,2026-10-05,C,397.5,51,100,0.45825737060546884,0.7,0.68,0.72
TSLA,2026-09-25,2026-10-05,C,400.0,1638,1657,0.4643608251953125,0.62,0.6,0.62
TSLA,2026-09-25,2026-10-05,C,402.5,60,73,0.4731497998046875,0.53,0.52,0.55
TSLA,2026-09-25,2026-10-05,C,405.0,1067,872,0.47998566894531247,0.49,0.45,0.48
TSLA,2026-09-25,2026-10-05,C,407.5,143,25,0.48682153808593753,0.45,0.4,0.42
TSLA,2026-09-25,2026-10-05,C,410.0,248,212,0.49658706542968756,0.38,0.36,0.38
TSLA,2026-09-25,2026-10-05,C,412.5,86,219,0.5019581054687501,0.35,0.32,0.34
TSLA,2026-09-25,2026-10-05,C,415.0,63,130,0.5117236328125,0.3,0.29,0.31
TSLA,2026-09-25,2026-10-05,C,417.5,41,1,0.5200243310546875,0.28,0.26,0.28
TSLA,2026-09-25,2026-10-05,C,420.0,661,371,0.5302781347656251,0.25,0.24,0.26
TSLA,2026-09-25,2026-10-05,C,422.5,14,20,0.5400436621093752,0.24,0.22,0.24
TSLA,2026-09-25,2026-10-05,C,425.0,47,263,0.5488326367187502,0.21,0.2,0.22
TSLA,2026-09-25,2026-10-05,C,427.5,25,1,0.5566450585937501,0.21,0.18,0.2
TSLA,2026-09-25,2026-10-05,C,430.0,157,133,0.567387138671875,0.17,0.17,0.19
TSLA,2026-09-25,2026-10-05,C,432.5,4,2,0.57617611328125,0.16,0.15,0.18
TSLA,2026-09-25,2026-10-05,C,435.0,210,28,0.5830119824218749,0.16,0.14,0.16
TSLA,2026-09-25,2026-10-05,C,437.5,4,3,0.5927775097656252,0.14,0.13,0.15
TSLA,2026-09-25,2026-10-05,C,440.0,99,3,0.6015664843750002,0.12,0.12,0.14
TSLA,2026-09-25,2026-10-05,C,442.5,63,7,0.6093789062500001,0.29,0.11,0.13
TSLA,2026-09-25,2026-10-05,C,445.0,158,1509,0.6201209863281252,0.12,0.11,0.12
TSLA,2026-09-25,2026-10-05,P,250.0,36,277,0.937500625,0.07,0.05,0.07
TSLA,2026-09-25,2026-10-05,P,255.0,8,125,0.90429783203125,0.08,0.06,0.08
TSLA,2026-09-25,2026-10-05,P,260.0,30,154,0.85742330078125,0.08,0.06,0.08
TSLA,2026-09-25,2026-10-05,P,265.0,2,1351,0.8242205078124999,0.1,0.07,0.09
TSLA,2026-09-25,2026-10-05,P,270.0,4,0,0.789064609375,0.09,0.08,0.1
TSLA,2026-09-25,2026-10-05,P,275.0,125,2003,0.7480493945312501,0.1,0.08,0.11
TSLA,2026-09-25,2026-10-05,P,280.0,12,4,0.7070341796875,0.1,0.09,0.11
TSLA,2026-09-25,2026-10-05,P,290.0,247,220,0.63867548828125,0.12,0.12,0.14
TSLA,2026-09-25,2026-10-05,P,300.0,84,1,0.5664105859375,0.16,0.16,0.17
TSLA,2026-09-25,2026-10-05,P,305.0,69,150,0.5361374511718751,0.18,0.19,0.21
TSLA,2026-09-25,2026-10-05,P,310.0,68,55,0.5039112109375,0.24,0.23,0.25
TSLA,2026-09-25,2026-10-05,P,315.0,207,17,0.47998566894531247,0.3,0.3,0.32
TSLA,2026-09-25,2026-10-05,P,320.0,28,27,0.4555718505859375,0.4,0.4,0.43
TSLA,2026-09-25,2026-10-05,P,322.5,100,68,0.44360907958984375,0.49,0.47,0.5
TSLA,2026-09-25,2026-10-05,P,325.0,181,1155,0.432622861328125,0.58,0.56,0.59
TSLA,2026-09-25,2026-10-05,P,327.5,47,48,0.42358974853515624,0.65,0.67,0.71
TSLA,2026-09-25,2026-10-05,P,330.0,154,253,0.4165097412109374,0.82,0.83,0.87
TSLA,2026-09-25,2026-10-05,P,332.5,724,74,0.4089414575195312,1.01,1.02,1.06
TSLA,2026-09-25,2026-10-05,P,335.0,78,147,0.4023497265625,1.27,1.25,1.3
TSLA,2026-09-25,2026-10-05,P,337.5,88,62,0.39685661743164063,1.56,1.54,1.6
TSLA,2026-09-25,2026-10-05,P,340.0,222,420,0.3920959228515625,1.93,1.91,1.97
TSLA,2026-09-25,2026-10-05,P,342.5,13,197,0.39002074829101563,2.4,2.38,2.45
TSLA,2026-09-25,2026-10-05,P,345.0,117,149,0.38623660644531244,3.03,2.92,2.99
TSLA,2026-09-25,2026-10-05,P,347.5,92,244,0.38684695190429685,3.33,3.6,3.7
TSLA,2026-09-25,2026-10-05,P,350.0,587,1682,0.383795224609375,4.4,4.35,4.45
TSLA,2026-09-25,2026-10-05,P,352.5,46,227,0.3802552209472656,5.32,5.2,5.3
TSLA,2026-09-25,2026-10-05,P,355.0,269,304,0.37842418457031246,6.34,6.2,6.3
TSLA,2026-09-25,2026-10-05,P,357.5,274,405,0.3802552209472656,7.55,7.35,7.5
TSLA,2026-09-25,2026-10-05,P,360.0,264,1234,0.3857483300781249,8.7,8.5,8.9
TSLA,2026-09-25,2026-10-05,P,362.5,211,644,0.3853821228027343,10.13,9.8,10.3
TSLA,2026-09-25,2026-10-05,P,365.0,138,501,0.38672488281249995,11.1,11.4,11.85
TSLA,2026-09-25,2026-10-05,P,367.5,295,105,0.3874572973632812,12.46,12.95,13.5
TSLA,2026-09-25,2026-10-05,P,370.0,484,278,0.3606020971679687,14.95,14.75,14.75
TSLA,2026-09-25,2026-10-05,P,372.5,308,131,0.3913635083007812,16.67,16.25,17.15
TSLA,2026-09-25,2026-10-05,P,375.0,1179,41,0.389654541015625,18.58,17.8,19.05
TSLA,2026-09-25,2026-10-05,P,377.5,143,36,0.38867798828125,20.46,19.75,21.05
TSLA,2026-09-25,2026-10-05,P,380.0,367,10,0.3969786865234375,22.53,22.1,23.25
TSLA,2026-09-25,2026-10-05,P,382.5,77,56,0.4331111376953125,15.15,24.5,25.85
TSLA,2026-09-25,2026-10-05,P,385.0,63,1,0.4155331884765625,21.1,26.6,27.8
TSLA,2026-09-25,2026-10-05,P,387.5,32,12,0.407232490234375,29.25,29.2,29.95
TSLA,2026-09-25,2026-10-05,P,390.0,84,1,0.4089414575195312,28.9,30.65,32.25
TSLA,2026-09-25,2026-10-05,P,395.0,6,3,0.5056201782226561,26.25,34.4,37.7
TSLA,2026-09-25,2026-10-05,P,397.5,29,0,0.5877726770019531,21.45,37.0,40.8
TSLA,2026-09-25,2026-10-05,P,400.0,7,2,0.4846242944335938,28.3,39.25,42.15
TSLA,2026-09-25,2026-10-05,P,402.5,12,4,0.43506424316406256,31.25,42.3,44.25
TSLA,2026-09-25,2026-10-05,P,405.0,3,1,0.6975127905273439,31.25,44.6,48.7
TSLA,2026-09-25,2026-10-05,P,407.5,1,0,0.6984893432617189,31.55,46.65,50.95
TSLA,2026-09-25,2026-10-05,P,410.0,1,1,0.5590864404296876,33.1,49.25,52.1
TSLA,2026-09-25,2026-10-05,P,415.0,4,4,0.46289599609375004,45.1,54.45,56.55
TSLA,2026-09-25,2026-10-05,P,420.0,1,0,0.6450230810546875,45.53,58.7,62.15
TSLA,2026-09-25,2026-10-05,P,425.0,31,1,0.8710950390625,55.1,62.5,68.6
TSLA,2026-09-25,2026-10-07,C,320.0,2,2,0.5708050732421875,52.0,39.5,41.25
TSLA,2026-09-25,2026-10-07,C,340.0,7,1,0.49805189453125004,22.57,21.75,23.1
TSLA,2026-09-25,2026-10-07,C,342.5,16,16,0.48694360717773444,32.56,19.85,21.1
TSLA,2026-09-25,2026-10-07,C,345.0,1,11,0.4682670361328125,18.71,18.05,19.0
TSLA,2026-09-25,2026-10-07,C,350.0,8,25,0.45313046875,15.23,14.6,15.45
TSLA,2026-09-25,2026-10-07,C,355.0,2,40,0.4415339050292969,12.68,11.65,12.3
TSLA,2026-09-25,2026-10-07,C,360.0,7,229,0.4272518212890626,9.25,9.3,9.45
TSLA,2026-09-25,2026-10-07,C,365.0,5,421,0.42407802490234375,7.2,7.1,7.25
TSLA,2026-09-25,2026-10-07,C,367.5,2,941,0.4250545776367188,6.27,6.2,6.35
TSLA,2026-09-25,2026-10-07,C,370.0,51,689,0.4242000939941406,5.4,5.4,5.5
TSLA,2026-09-25,2026-10-07,C,372.5,105,277,0.4264583721923829,5.15,4.65,4.8
TSLA,2026-09-25,2026-10-07,C,375.0,165,1705,0.42737389038085943,4.02,4.0,4.15
TSLA,2026-09-25,2026-10-07,C,377.5,84,630,0.42969320312500003,3.47,3.5,3.6
TSLA,2026-09-25,2026-10-07,C,380.0,91,721,0.4312801013183594,3.0,2.96,3.1
TSLA,2026-09-25,2026-10-07,C,382.5,15,137,0.4315242395019532,2.6,2.54,2.64
TSLA,2026-09-25,2026-10-07,C,385.0,85,247,0.43530838134765626,2.26,2.18,2.29
TSLA,2026-09-25,2026-10-07,C,387.5,8,163,0.4379939013671875,2.1,1.88,1.97
TSLA,2026-09-25,2026-10-07,C,390.0,145,244,0.44214425048828127,1.69,1.63,1.71
TSLA,2026-09-25,2026-10-07,C,392.5,27,60,0.44605046142578125,1.5,1.4,1.48
TSLA,2026-09-25,2026-10-07,C,395.0,27,46,0.44995667236328124,1.29,1.22,1.28
TSLA,2026-09-25,2026-10-07,C,397.5,17,18,0.45508357421875,1.33,1.06,1.12
TSLA,2026-09-25,2026-10-07,C,400.0,472,252,0.45898978515625005,0.98,0.93,0.97
TSLA,2026-09-25,2026-10-07,C,402.5,23,8,0.4655815161132813,0.92,0.81,0.86
TSLA,2026-09-25,2026-10-07,C,405.0,22,45,0.4726615234375,0.75,0.72,0.77
TSLA,2026-09-25,2026-10-07,C,407.5,1,14,0.47852083984375,0.69,0.64,0.68
TSLA,2026-09-25,2026-10-07,C,410.0,58,35,0.4870656762695313,0.63,0.57,0.62
TSLA,2026-09-25,2026-10-07,C,412.5,10,8,0.4943898217773438,0.55,0.51,0.56
TSLA,2026-09-25,2026-10-07,C,415.0,11,77,0.5004932763671875,0.49,0.46,0.5
TSLA,2026-09-25,2026-10-07,C,417.5,2,4,0.5051319018554687,0.47,0.42,0.46
TSLA,2026-09-25,2026-10-07,C,420.0,167,33,0.5136767382812499,0.41,0.39,0.42
TSLA,2026-09-25,2026-10-07,C,422.5,3,5,0.5210008837890624,0.79,0.35,0.39
TSLA,2026-09-25,2026-10-07,C,425.0,6,2,0.5288133056640626,0.34,0.32,0.36
TSLA,2026-09-25,2026-10-07,C,427.5,3,2,0.5371140039062501,0.28,0.3,0.33
TSLA,2026-09-25,2026-10-07,C,430.0,58,5,0.5449264257812501,0.3,0.27,0.31
TSLA,2026-09-25,2026-10-07,C,435.0,22,4,0.56055126953125,0.27,0.23,0.27
TSLA,2026-09-25,2026-10-07,C,440.0,15,10,0.5776409423828125,0.26,0.2,0.24
TSLA,2026-09-25,2026-10-07,C,445.0,13,6,0.5918009570312501,0.22,0.17,0.21
TSLA,2026-09-25,2026-10-07,P,250.0,10,10,0.87500125,0.08,0.07,0.11
TSLA,2026-09-25,2026-10-07,P,295.0,11,3,0.567387138671875,0.21,0.2,0.22
TSLA,2026-09-25,2026-10-07,P,300.0,21,5,0.5380905566406251,0.24,0.23,0.26
TSLA,2026-09-25,2026-10-07,P,310.0,4,27,0.4899953344726563,0.36,0.35,0.39
TSLA,2026-09-25,2026-10-07,P,315.0,9,8,0.46680220703125,0.46,0.45,0.5
TSLA,2026-09-25,2026-10-07,P,320.0,20,25,0.445318046875,0.62,0.61,0.66
TSLA,2026-09-25,2026-10-07,P,325.0,57,20,0.4270076831054688,0.83,0.86,0.9
TSLA,2026-09-25,2026-10-07,P,330.0,16,67,0.41431249755859373,1.19,1.23,1.29
TSLA,2026-09-25,2026-10-07,P,332.5,6,33,0.4096738720703125,1.47,1.48,1.56
TSLA,2026-09-25,2026-10-07,P,335.0,8,13,0.4066221447753906,1.78,1.82,1.9
TSLA,2026-09-25,2026-10-07,P,337.5,1,55,0.4035704174804688,2.15,2.18,2.3
TSLA,2026-09-25,2026-10-07,P,340.0,26,106,0.398443515625,2.69,2.65,2.73
TSLA,2026-09-25,2026-10-07,P,342.5,10,30,0.3973448937988281,3.25,3.15,3.3
TSLA,2026-09-25,2026-10-07,P,345.0,16,101,0.39588006469726567,3.82,3.8,3.95
TSLA,2026-09-25,2026-10-07,P,347.5,26,84,0.39258419921875,4.62,4.45,4.65
TSLA,2026-09-25,2026-10-07,P,350.0,62,336,0.3918517846679687,5.35,5.3,5.5
TSLA,2026-09-25,2026-10-07,P,352.5,1,67,0.39331661376953125,6.3,6.3,6.5
TSLA,2026-09-25,2026-10-07,P,355.0,29,69,0.38794557373046873,7.35,7.25,7.45
TSLA,2026-09-25,2026-10-07,P,357.5,12,71,0.3888000573730469,8.3,8.5,8.65
TSLA,2026-09-25,2026-10-07,P,360.0,90,316,0.3913635083007812,9.77,9.6,10.0
TSLA,2026-09-25,2026-10-07,P,362.5,15,71,0.38733522827148437,10.64,10.75,11.3
TSLA,2026-09-25,2026-10-07,P,365.0,70,89,0.4024717956542969,12.22,12.1,13.15
TSLA,2026-09-25,2026-10-07,P,367.5,18,43,0.39160764648437496,13.55,13.85,14.5
TSLA,2026-09-25,2026-10-07,P,370.0,81,157,0.3895324719238281,15.92,15.65,16.15
TSLA,2026-09-25,2026-10-07,P,372.5,18,3,0.39258419921875,17.34,17.4,18.0
TSLA,2026-09-25,2026-10-07,P,375.0,36,4,0.3940490283203125,19.07,19.0,19.9
TSLA,2026-09-25,2026-10-07,P,377.5,6,14,0.3913635083007812,14.7,20.6,21.8
TSLA,2026-09-25,2026-10-07,P,380.0,10,14,0.41394629028320307,22.7,22.75,24.2
TSLA,2026-09-25,2026-10-07,P,382.5,6,12,0.45337460693359377,12.2,25.25,26.9
TSLA,2026-09-25,2026-10-07,P,385.0,4,2,0.43604079589843747,17.5,26.9,28.7
TSLA,2026-09-25,2026-10-07,P,402.5,1,1,0.6569858520507813,34.03,40.0,46.95
TSLA,2026-09-25,2026-10-07,P,405.0,1,1,0.6655306884765627,36.2,42.45,49.25
TSLA,2026-09-25,2026-10-09,C,50.0,30,30,5.57812802734375,314.41,306.5,313.1
TSLA,2026-09-25,2026-10-09,C,100.0,19,0,3.8066411083984377,275.17,257.3,263.05
TSLA,2026-09-25,2026-10-09,C,120.0,2,2,3.2929705175781248,253.9,237.2,243.15
TSLA,2026-09-25,2026-10-09,C,140.0,1,6,2.6787142407226563,220.35,218.25,221.1
TSLA,2026-09-25,2026-10-09,C,150.0,10,3,2.6938509216308595,225.9,207.35,213.15
TSLA,2026-09-25,2026-10-09,C,180.0,0,0,2.285160537109375,174.8,178.15,183.2
TSLA,2026-09-25,2026-10-09,C,200.0,3,1,1.85546947265625,183.12,156.95,163.25
TSLA,2026-09-25,2026-10-09,C,230.0,9,2,1.5615256298828122,133.0,128.25,133.0
TSLA,2026-09-25,2026-10-09,C,240.0,31,30,1.495607990722656,138.85,118.6,123.45
TSLA,2026-09-25,2026-10-09,C,250.0,14,1,1.1870157836914061,129.56,108.3,111.4
TSLA,2026-09-25,2026-10-09,C,255.0,13,0,1.315921389160156,116.01,103.65,108.5
TSLA,2026-09-25,2026-10-09,C,260.0,37,1,1.23047259765625,119.56,98.25,103.5
TSLA,2026-09-25,2026-10-09,C,265.0,34,1,1.080571003417969,113.85,93.45,96.95
TSLA,2026-09-25,2026-10-09,C,270.0,23,1,1.1342816723632816,106.99,88.55,93.55
TSLA,2026-09-25,2026-10-09,C,275.0,37,10,1.076420633544922,104.37,83.55,88.55
TSLA,2026-09-25,2026-10-09,C,280.0,72,20,1.0163623400878907,91.2,78.8,83.25
TSLA,2026-09-25,2026-10-09,C,285.0,42,34,0.9750979052734375,86.65,73.75,78.6
TSLA,2026-09-25,2026-10-09,C,290.0,39,1,0.8254411987304686,83.46,68.75,71.85
TSLA,2026-09-25,2026-10-09,C,295.0,14,4,0.8571791625976561,76.35,63.75,68.5
TSLA,2026-09-25,2026-10-09,C,300.0,76,1,0.7261990270996093,60.28,59.5,61.2
TSLA,2026-09-25,2026-10-09,C,305.0,43,2,0.7543969873046875,74.3,54.35,58.1
TSLA,2026-09-25,2026-10-09,C,310.0,19,1,0.694461063232422,64.95,49.6,52.75
TSLA,2026-09-25,2026-10-09,C,315.0,40,158,0.5922892333984376,45.95,44.95,46.25
TSLA,2026-09-25,2026-10-09,C,320.0,78,41,0.5471236694335939,41.05,40.15,41.25
TSLA,2026-09-25,2026-10-09,C,325.0,118,13,0.5357712438964843,47.5,35.5,37.1
TSLA,2026-09-25,2026-10-09,C,330.0,264,13,0.5067188000488281,35.1,31.0,32.5
TSLA,2026-09-25,2026-10-09,C,335.0,244,6,0.5017139672851563,27.0,26.8,27.75
TSLA,2026-09-25,2026-10-09,C,340.0,175,41,0.4738211798095704,23.19,22.8,23.5
TSLA,2026-09-25,2026-10-09,C,345.0,146,5,0.4735160070800781,20.05,19.1,20.05
TSLA,2026-09-25,2026-10-09,C,347.5,12,13,0.4442804595947265,17.5,17.55,17.75
TSLA,2026-09-25,2026-10-09,C,350.0,532,278,0.4401911450195312,15.98,15.95,16.1
TSLA,2026-09-25,2026-10-09,C,352.5,35,66,0.4368952795410156,15.65,14.3,14.55
TSLA,2026-09-25,2026-10-09,C,355.0,545,1198,0.43420975952148444,13.04,13.0,13.1
TSLA,2026-09-25,2026-10-09,C,357.5,305,157,0.4359187268066406,11.6,11.65,11.85
TSLA,2026-09-25,2026-10-09,C,360.0,977,1819,0.43231768859863284,10.4,10.4,10.55
TSLA,2026-09-25,2026-10-09,C,362.5,353,760,0.43103596313476567,9.38,9.3,9.4
TSLA,2026-09-25,2026-10-09,C,365.0,1342,1652,0.43030354858398445,8.28,8.3,8.35
TSLA,2026-09-25,2026-10-09,C,367.5,161,708,0.43219561950683594,7.39,7.3,7.45
TSLA,2026-09-25,2026-10-09,C,370.0,1950,2515,0.43079182495117196,6.5,6.45,6.55
TSLA,2026-09-25,2026-10-09,C,372.5,517,311,0.43445389770507814,5.85,5.7,5.85
TSLA,2026-09-25,2026-10-09,C,375.0,1624,1562,0.4351863122558594,5.1,5.1,5.15
TSLA,2026-09-25,2026-10-09,C,377.5,1085,250,0.4373835559082031,4.45,4.4,4.55
TSLA,2026-09-25,2026-10-09,C,380.0,1997,1743,0.436529072265625,3.9,3.85,3.95
TSLA,2026-09-25,2026-10-09,C,382.5,453,855,0.4401911450195312,3.4,3.4,3.5
TSLA,2026-09-25,2026-10-09,C,385.0,1434,1434,0.44116769775390624,2.99,2.99,3.05
TSLA,2026-09-25,2026-10-09,C,387.5,261,255,0.4415339050292969,2.63,2.6,2.64
TSLA,2026-09-25,2026-10-09,C,390.0,1485,2221,0.44397528686523435,2.28,2.27,2.31
TSLA,2026-09-25,2026-10-09,C,392.5,236,340,0.44714908325195313,2.0,1.99,2.03
TSLA,2026-09-25,2026-10-09,C,395.0,948,972,0.450200810546875,1.75,1.74,1.78
TSLA,2026-09-25,2026-10-09,C,397.5,49,295,0.454107021484375,1.57,1.53,1.57
TSLA,2026-09-25,2026-10-09,C,400.0,4241,5149,0.45752495605468757,1.37,1.35,1.38
TSLA,2026-09-25,2026-10-09,C,402.5,68,89,0.4616753051757813,1.22,1.19,1.22
TSLA,2026-09-25,2026-10-09,C,405.0,1184,341,0.4660697924804688,1.07,1.06,1.08
TSLA,2026-09-25,2026-10-09,C,410.0,1282,626,0.47827670166015623,0.86,0.85,0.88
TSLA,2026-09-25,2026-10-09,C,415.0,2538,268,0.4875539526367188,0.7,0.69,0.7
TSLA,2026-09-25,2026-10-09,C,420.0,1722,672,0.5002491381835938,0.58,0.57,0.59
TSLA,2026-09-25,2026-10-09,C,425.0,1228,293,0.5139208764648437,0.5,0.48,0.5
TSLA,2026-09-25,2026-10-09,C,430.0,1035,217,0.5283250292968751,0.43,0.41,0.43
TSLA,2026-09-25,2026-10-09,C,435.0,1141,87,0.543949873046875,0.38,0.36,0.38
TSLA,2026-09-25,2026-10-09,C,440.0,994,421,0.5600629931640625,0.34,0.32,0.34
TSLA,2026-09-25,2026-10-09,C,445.0,895,1078,0.57617611328125,0.29,0.29,0.3
TSLA,2026-09-25,2026-10-09,C,450.0,1819,279,0.58789474609375,0.25,0.25,0.26
TSLA,2026-09-25,2026-10-09,C,455.0,263,23,0.6030313134765627,0.24,0.22,0.24
TSLA,2026-09-25,2026-10-09,C,460.0,485,160,0.6186561572265626,0.22,0.2,0.22
TSLA,2026-09-25,2026-10-09,C,465.0,277,4,0.63086306640625,0.14,0.18,0.19
TSLA,2026-09-25,2026-10-09,C,470.0,536,127,0.6455113574218749,0.15,0.16,0.18
TSLA,2026-09-25,2026-10-09,C,475.0,1323,163,0.6562534375000001,0.15,0.14,0.16
TSLA,2026-09-25,2026-10-09,C,480.0,297,131,0.6718782812500002,0.15,0.13,0.15
TSLA,2026-09-25,2026-10-09,C,485.0,213,45,0.6835969140625001,0.12,0.12,0.13
TSLA,2026-09-25,2026-10-09,C,490.0,110,36,0.692385888671875,0.11,0.1,0.12
TSLA,2026-09-25,2026-10-09,C,495.0,132,180,0.7050810742187501,0.11,0.09,0.11
TSLA,2026-09-25,2026-10-09,C,500.0,1139,122,0.7187528125,0.09,0.09,0.1
TSLA,2026-09-25,2026-10-09,C,505.0,308,10,0.73437765625,0.07,0.08,0.1
TSLA,2026-09-25,2026-10-09,C,510.0,58,24,0.7421900781249999,0.07,0.07,0.09
TSLA,2026-09-25,2026-10-09,C,515.0,76,3,0.7500025,0.05,0.06,0.08
TSLA,2026-09-25,2026-10-09,C,520.0,80,110,0.7675804492187501,0.05,0.06,0.08
TSLA,2026-09-25,2026-10-09,C,525.0,202,124,0.773439765625,0.06,0.05,0.07
TSLA,2026-09-25,2026-10-09,C,530.0,122,10,0.7832052929687501,0.06,0.05,0.06
TSLA,2026-09-25,2026-10-09,C,535.0,104,1,0.7929708203125,0.06,0.04,0.06
TSLA,2026-09-25,2026-10-09,C,540.0,66,15,0.8085956640624999,0.04,0.04,0.06
TSLA,2026-09-25,2026-10-09,C,545.0,27,5,0.8085956640624999,0.08,0.03,0.05
TSLA,2026-09-25,2026-10-09,C,550.0,42,6,0.8242205078124999,0.06,0.03,0.05
TSLA,2026-09-25,2026-10-09,C,555.0,92,10,0.8281267187499999,0.03,0.03,0.04
TSLA,2026-09-25,2026-10-09,C,560.0,31,1,0.8437515624999999,0.03,0.03,0.04
TSLA,2026-09-25,2026-10-09,C,565.0,13,2,0.8437515624999999,0.03,0.02,0.04
TSLA,2026-09-25,2026-10-09,C,570.0,216,10,0.85937640625,0.03,0.02,0.04
TSLA,2026-09-25,2026-10-09,C,575.0,36,9,0.87500125,0.03,0.02,0.04
TSLA,2026-09-25,2026-10-09,C,580.0,111,5,0.87500125,0.03,0.02,0.03
TSLA,2026-09-25,2026-10-09,C,585.0,214,20,0.8906260937499999,0.03,0.02,0.03
TSLA,2026-09-25,2026-10-09,C,590.0,65,5,0.8867198828124999,0.03,0.01,0.03
TSLA,2026-09-25,2026-10-09,C,595.0,11,3,0.8984385156249999,0.03,0.01,0.03
TSLA,2026-09-25,2026-10-09,C,600.0,243,73,0.914063359375,0.03,0.01,0.03
TSLA,2026-09-25,2026-10-09,C,605.0,29,1,0.929688203125,0.03,0.01,0.03
TSLA,2026-09-25,2026-10-09,C,610.0,25,10,0.937500625,0.05,0.01,0.03
TSLA,2026-09-25,2026-10-09,C,615.0,387,368,0.9531254687499999,0.03,0.01,0.03
TSLA,2026-09-25,2026-10-09,P,50.0,1,0,3.1250021875,0.07,0.0,0.01
TSLA,2026-09-25,2026-10-09,P,90.0,2000,0,2.1875045312499997,0.01,0.0,0.01
TSLA,2026-09-25,2026-10-09,P,100.0,543,536,2.0625048437499998,0.01,0.0,0.01
TSLA,2026-09-25,2026-10-09,P,110.0,549,514,1.875000625,0.01,0.0,0.01
TSLA,2026-09-25,2026-10-09,P,120.0,657,15,1.75000125,0.01,0.0,0.01
TSLA,2026-09-25,2026-10-09,P,130.0,468,138,1.78125109375,0.01,0.01,0.02
TSLA,2026-09-25,2026-10-09,P,140.0,59,8,1.65625171875,0.01,0.01,0.02
TSLA,2026-09-25,2026-10-09,P,150.0,44,16,1.5312523437499999,0.02,0.01,0.02
TSLA,2026-09-25,2026-10-09,P,160.0,51,15,1.453127734375,0.02,0.01,0.03
TSLA,2026-09-25,2026-10-09,P,170.0,555,15,1.3828155859374998,0.02,0.02,0.03
TSLA,2026-09-25,2026-10-09,P,180.0,102,65,1.3046909765624997,0.03,0.02,0.04
TSLA,2026-09-25,2026-10-09,P,190.0,2201,2228,1.2382850585937497,0.04,0.03,0.05
TSLA,2026-09-25,2026-10-09,P,200.0,993,14,1.1679729101562502,0.05,0.04,0.06
TSLA,2026-09-25,2026-10-09,P,210.0,175,34,1.0976607617187502,0.06,0.05,0.07
TSLA,2026-09-25,2026-10-09,P,220.0,1823,20,1.0273486132812502,0.07,0.06,0.08
TSLA,2026-09-25,2026-10-09,P,230.0,160,14,0.96679720703125,0.09,0.08,0.1
TSLA,2026-09-25,2026-10-09,P,235.0,47,66,0.9238288867187501,0.1,0.08,0.1
TSLA,2026-09-25,2026-10-09,P,240.0,213,5,0.89257919921875,0.1,0.09,0.11
TSLA,2026-09-25,2026-10-09,P,245.0,168,62,0.85937640625,0.1,0.1,0.12
TSLA,2026-09-25,2026-10-09,P,250.0,846,248,0.8271501660156249,0.12,0.11,0.13
TSLA,2026-09-25,2026-10-09,P,255.0,99,3,0.7939473730468749,0.11,0.12,0.14
TSLA,2026-09-25,2026-10-09,P,260.0,421,52,0.7568383691406251,0.14,0.13,0.14
TSLA,2026-09-25,2026-10-09,P,265.0,387,1,0.7236355761718749,0.16,0.14,0.15
TSLA,2026-09-25,2026-10-09,P,270.0,593,189,0.692385888671875,0.16,0.15,0.17
TSLA,2026-09-25,2026-10-09,P,275.0,301,54,0.6630893066406252,0.17,0.17,0.19
TSLA,2026-09-25,2026-10-09,P,280.0,3887,49,0.632816171875,0.2,0.19,0.21
TSLA,2026-09-25,2026-10-09,P,285.0,364,99,0.6005899316406251,0.21,0.21,0.23
TSLA,2026-09-25,2026-10-09,P,290.0,504,107,0.56836369140625,0.24,0.23,0.25
TSLA,2026-09-25,2026-10-09,P,295.0,592,97,0.5400436621093752,0.28,0.27,0.28
TSLA,2026-09-25,2026-10-09,P,300.0,1072,227,0.5141650146484374,0.32,0.32,0.33
TSLA,2026-09-25,2026-10-09,P,305.0,555,76,0.4931691308593751,0.4,0.39,0.41
TSLA,2026-09-25,2026-10-09,P,310.0,756,65,0.47022014160156256,0.5,0.5,0.51
TSLA,2026-09-25,2026-10-09,P,315.0,529,224,0.45093322509765627,0.66,0.64,0.66
TSLA,2026-09-25,2026-10-09,P,320.0,1235,147,0.43408769042968753,0.88,0.85,0.88
TSLA,2026-09-25,2026-10-09,P,325.0,840,333,0.42163664306640625,1.2,1.18,1.22
TSLA,2026-09-25,2026-10-09,P,330.0,1619,830,0.41211525390625,1.68,1.69,1.72
TSLA,2026-09-25,2026-10-09,P,335.0,478,408,0.40320421020507813,2.39,2.35,2.4
TSLA,2026-09-25,2026-10-09,P,340.0,1287,639,0.40210558837890625,3.4,3.35,3.45
TSLA,2026-09-25,2026-10-09,P,345.0,602,287,0.396063168334961,4.68,4.55,4.7
TSLA,2026-09-25,2026-10-09,P,347.5,131,145,0.39331661376953125,5.4,5.35,5.45
TSLA,2026-09-25,2026-10-09,P,350.0,1192,951,0.3931945446777344,6.35,6.25,6.35
TSLA,2026-09-25,2026-10-09,P,352.5,124,189,0.39124143920898435,7.0,7.15,7.3
TSLA,2026-09-25,2026-10-09,P,355.0,878,407,0.3914245428466796,8.25,8.25,8.4
TSLA,2026-09-25,2026-10-09,P,357.5,111,254,0.38977661010742193,9.63,9.4,9.55
TSLA,2026-09-25,2026-10-09,P,360.0,1062,2456,0.3862976409912109,10.85,10.65,10.75
TSLA,2026-09-25,2026-10-09,P,362.5,146,313,0.39063109375,12.21,12.1,12.25
TSLA,2026-09-25,2026-10-09,P,365.0,559,643,0.3892883337402344,13.66,13.5,13.7
TSLA,2026-09-25,2026-10-09,P,367.5,201,172,0.3881897119140625,15.02,15.05,15.25
TSLA,2026-09-25,2026-10-09,P,370.0,875,672,0.3874572973632812,16.95,16.75,16.9
TSLA,2026-09-25,2026-10-09,P,372.5,550,166,0.3895324719238281,18.4,18.45,18.7
TSLA,2026-09-25,2026-10-09,P,375.0,673,250,0.3880676428222656,20.36,20.25,20.5
TSLA,2026-09-25,2026-10-09,P,377.5,382,89,0.3973448937988281,21.38,21.65,22.6
TSLA,2026-09-25,2026-10-09,P,380.0,668,69,0.3991759301757813,23.67,23.7,24.6
TSLA,2026-09-25,2026-10-09,P,382.5,127,7,0.40039662109375,26.3,26.05,26.65
TSLA,2026-09-25,2026-10-09,P,385.0,280,22,0.3983214465332031,27.85,27.95,28.7
TSLA,2026-09-25,2026-10-09,P,387.5,72,15,0.4022276574707031,20.05,29.6,30.9
TSLA,2026-09-25,2026-10-09,P,390.0,132,20,0.4274959594726563,32.0,31.95,33.45
TSLA,2026-09-25,2026-10-09,P,392.5,39,1,0.401373173828125,34.25,34.55,35.3
TSLA,2026-09-25,2026-10-09,P,395.0,128,2,0.4211483666992188,35.54,36.85,37.8
TSLA,2026-09-25,2026-10-09,P,397.5,8,0,0.5476119458007813,23.15,38.75,41.8
TSLA,2026-09-25,2026-10-09,P,400.0,224,2,0.4177304321289062,41.24,41.5,42.35
TSLA,2026-09-25,2026-10-09,P,402.5,1,1,0.5422409057617189,35.25,42.65,46.1
TSLA,2026-09-25,2026-10-09,P,405.0,44,1,0.4687553125,46.48,46.15,47.5
TSLA,2026-09-25,2026-10-09,P,410.0,357,1,0.4426325268554688,51.16,50.25,52.0
TSLA,2026-09-25,2026-10-09,P,415.0,13,1,0.514653291015625,43.53,53.25,57.3
TSLA,2026-09-25,2026-10-09,P,420.0,44,8,0.5764202514648438,52.87,59.4,62.55
TSLA,2026-09-25,2026-10-09,P,425.0,6,4,0.6203651245117189,46.5,64.75,67.65
TSLA,2026-09-25,2026-10-09,P,430.0,14,2,0.6745638012695314,69.25,69.8,72.85
TSLA,2026-09-25,2026-10-09,P,435.0,34,15,0.5524947094726562,52.7,72.3,76.8
TSLA,2026-09-25,2026-10-09,P,440.0,21,1,0.35938140625,79.07,79.5,81.4
TSLA,2026-09-25,2026-10-09,P,445.0,8,1,0.8117694604492187,82.15,82.25,88.25
TSLA,2026-09-25,2026-10-09,P,450.0,5,10,0.6181678808593751,88.7,89.45,91.75
TSLA,2026-09-25,2026-10-09,P,455.0,0,1,0.9089364575195311,93.25,92.25,98.6
TSLA,2026-09-25,2026-10-09,P,460.0,0,2,0.7885763330078125,91.88,99.65,102.35
TSLA,2026-09-25,2026-10-09,P,465.0,0,0,0.9846192944335939,98.47,102.25,108.75
TSLA,2026-09-25,2026-10-09,P,470.0,0,28,1.0000000000000003e-05,117.03,109.6,111.35
TSLA,2026-09-25,2026-10-09,P,480.0,0,0,1.0617722692871094,114.8,117.25,123.65
TSLA,2026-09-25,2026-10-09,P,500.0,0,1,1.1821329956054685,132.85,137.65,143.75
TSLA,2026-09-25,2026-10-09,P,515.0,0,1,1.2368202221679687,143.67,152.25,158.55
TSLA,2026-09-25,2026-10-09,P,615.0,0,0,1.5737326000976561,255.0,252.25,257.9
TSLA,2026-09-25,2026-10-16,C,50.0,58,34,4.451176311035156,327.05,306.25,313.4
TSLA,2026-09-25,2026-10-16,C,60.0,1,1,1.0000000000000003e-05,337.9,286.1,293.5
TSLA,2026-09-25,2026-10-16,C,75.0,0,0,16.408207997436527,276.38,345.8,352.55
TSLA,2026-09-25,2026-10-16,C,85.0,0,1,1.0000000000000003e-05,326.05,261.75,268.65
TSLA,2026-09-25,2026-10-16,C,90.0,0,1,1.0000000000000003e-05,324.94,0.0,0.0
TSLA,2026-09-25,2026-10-16,C,95.0,0,0,1.0000000000000003e-05,319.82,0.0,0.0
TSLA,2026-09-25,2026-10-16,C,100.0,250,16,2.8886746533203125,272.41,256.4,263.2
TSLA,2026-09-25,2026-10-16,C,105.0,154,10,1.0000000000000003e-05,295.15,243.15,246.8
TSLA,2026-09-25,2026-10-16,C,110.0,148,20,2.6933626416015626,259.78,246.4,253.25
TSLA,2026-09-25,2026-10-16,C,115.0,70,3,2.641116678466797,249.83,241.4,248.5
TSLA,2026-09-25,2026-10-16,C,120.0,0,1,1.0000000000000003e-05,226.0,0.0,0.0
TSLA,2026-09-25,2026-10-16,C,125.0,63,2,6.493165946044922,272.97,268.65,273.95
TSLA,2026-09-25,2026-10-16,C,130.0,177,100,2.3515666210937494,249.7,226.45,233.3
TSLA,2026-09-25,2026-10-16,C,135.0,104,27,2.2783246166992184,242.08,221.5,228.3
TSLA,2026-09-25,2026-10-16,C,140.0,45,1,2.200199812011718,221.61,216.5,223.3
TSLA,2026-09-25,2026-10-16,C,145.0,0,82,1.0000000000000003e-05,207.8,0.0,0.0
TSLA,2026-09-25,2026-10-16,C,150.0,38,1,1.5156274218749999,176.25,201.05,208.75
TSLA,2026-09-25,2026-10-16,C,155.0,0,6,1.0000000000000003e-05,210.65,0.0,0.0
TSLA,2026-09-25,2026-10-16,C,160.0,0,2,1.0000000000000003e-05,199.05,0.0,0.0
TSLA,2026-09-25,2026-10-16,C,165.0,246,3,1.8608405395507814,206.68,191.6,198.3
TSLA,2026-09-25,2026-10-16,C,170.0,3,2,1.8027353613281247,186.51,186.6,193.35
TSLA,2026-09-25,2026-10-16,C,175.0,479,400,1.7402356738281248,193.49,181.6,188.35
TSLA,2026-09-25,2026-10-16,C,180.0,884,1,1.6850601684570314,190.1,176.6,183.4
TSLA,2026-09-25,2026-10-16,C,185.0,31,1,1.6308612207031248,175.7,171.65,178.4
TSLA,2026-09-25,2026-10-16,C,190.0,61,3,1.4765651171875,171.63,167.9,171.3
TSLA,2026-09-25,2026-10-16,C,195.0,56,4,1.531008204345703,175.8,161.75,168.45
TSLA,2026-09-25,2026-10-16,C,200.0,482,5,1.2529334228515623,160.46,156.7,161.65
TSLA,2026-09-25,2026-10-16,C,205.0,33,3,1.3364290991210934,169.59,152.2,157.15
TSLA,2026-09-25,2026-10-16,C,210.0,89,48,1.296634376220703,149.75,148.05,151.4
TSLA,2026-09-25,2026-10-16,C,215.0,0,1,1.0000000000000003e-05,134.0,0.0,0.0
TSLA,2026-09-25,2026-10-16,C,220.0,554,1,1.2397498950195311,140.91,138.3,141.6
TSLA,2026-09-25,2026-10-16,C,225.0,77,11,1.2351112463378904,151.54,131.85,138.6
TSLA,2026-09-25,2026-10-16,C,230.0,128,20,1.1547893823242186,148.85,127.95,132.1
TSLA,2026-09-25,2026-10-16,C,235.0,0,2,1.0000000000000003e-05,133.15,0.0,0.0
TSLA,2026-09-25,2026-10-16,C,240.0,229,2,1.0961959252929687,123.8,116.9,123.65
TSLA,2026-09-25,2026-10-16,C,245.0,187,13,1.1577190551757814,122.2,113.7,118.7
TSLA,2026-09-25,2026-10-16,C,250.0,196,1,1.1206098657226562,111.04,109.25,113.4
TSLA,2026-09-25,2026-10-16,C,255.0,145,3,0.9812013598632813,106.25,103.8,107.15
TSLA,2026-09-25,2026-10-16,C,260.0,59,1,0.8000508276367188,102.13,97.3,101.65
TSLA,2026-09-25,2026-10-16,C,265.0,82,1,0.9088143884277342,99.0,94.25,97.05
TSLA,2026-09-25,2026-10-16,C,270.0,132,1,0.8508315698242188,110.46,87.3,93.75
TSLA,2026-09-25,2026-10-16,C,275.0,75,113,0.7700218310546876,98.38,82.4,87.95
TSLA,2026-09-25,2026-10-16,C,280.0,165,16,0.7769797692871094,81.38,79.6,81.75
TSLA,2026-09-25,2026-10-16,C,285.0,84,1,0.6623568920898439,93.59,73.8,76.1
TSLA,2026-09-25,2026-10-16,C,290.0,171,2,0.700198310546875,84.78,68.95,72.65
TSLA,2026-09-25,2026-10-16,C,295.0,117,1,0.64648791015625,72.34,64.25,67.1
TSLA,2026-09-25,2026-10-16,C,300.0,769,10,0.5579878186035157,60.65,59.6,60.65
TSLA,2026-09-25,2026-10-16,C,305.0,532,6,0.579105771484375,57.0,55.35,56.5
TSLA,2026-09-25,2026-10-16,C,310.0,2004,10,0.5601850622558593,52.0,50.45,52.15
TSLA,2026-09-25,2026-10-16,C,315.0,431,6,0.5155077746582031,46.7,45.75,46.85
TSLA,2026-09-25,2026-10-16,C,320.0,1648,45,0.5169726037597657,42.0,41.25,42.15
TSLA,2026-09-25,2026-10-16,C,325.0,1421,14,0.4888967126464845,37.7,36.85,37.55
TSLA,2026-09-25,2026-10-16,C,330.0,2456,156,0.4578301287841797,33.3,32.6,32.95
TSLA,2026-09-25,2026-10-16,C,335.0,3129,195,0.461492201538086,29.15,28.65,29.3
TSLA,2026-09-25,2026-10-16,C,340.0,2044,56,0.44159493957519536,25.3,24.9,25.25
TSLA,2026-09-25,2026-10-16,C,345.0,1272,182,0.4361018304443359,22.1,21.55,21.8
TSLA,2026-09-25,2026-10-16,C,347.5,81,41,0.4327449304199219,20.6,20.0,20.15
TSLA,2026-09-25,2026-10-16,C,350.0,4334,163,0.42889975402832037,18.48,18.45,18.55
TSLA,2026-09-25,2026-10-16,C,352.5,48,37,0.42767906311035164,17.45,16.9,17.1
TSLA,2026-09-25,2026-10-16,C,355.0,2008,365,0.4258480267333985,15.6,15.55,15.7
TSLA,2026-09-25,2026-10-16,C,357.5,251,201,0.4264583721923829,14.23,14.25,14.45
TSLA,2026-09-25,2026-10-16,C,360.0,5419,4413,0.42328457580566403,13.1,13.05,13.15
TSLA,2026-09-25,2026-10-16,C,362.5,47,1991,0.4225521612548828,11.85,11.85,12.0
TSLA,2026-09-25,2026-10-16,C,365.0,4906,1728,0.42273526489257807,10.95,10.8,10.95
TSLA,2026-09-25,2026-10-16,C,367.5,62,807,0.42389492126464845,9.96,9.85,10.0
TSLA,2026-09-25,2026-10-16,C,370.0,4949,2436,0.4229794030761719,9.0,8.95,9.05
TSLA,2026-09-25,2026-10-16,C,372.5,557,441,0.42310147216796873,8.15,8.15,8.2
TSLA,2026-09-25,2026-10-16,C,375.0,4190,1391,0.42450526672363287,7.3,7.3,7.45
TSLA,2026-09-25,2026-10-16,C,377.5,466,224,0.42389492126464845,6.75,6.6,6.7
TSLA,2026-09-25,2026-10-16,C,380.0,9493,2385,0.424810439453125,6.0,6.0,6.05
TSLA,2026-09-25,2026-10-16,C,382.5,1084,288,0.42737389038085943,5.39,5.35,5.5
TSLA,2026-09-25,2026-10-16,C,385.0,3593,1080,0.4282283740234375,5.05,4.85,4.95
TSLA,2026-09-25,2026-10-16,C,387.5,722,178,0.43115803222656257,4.57,4.35,4.5
TSLA,2026-09-25,2026-10-16,C,390.0,5026,3011,0.4303645831298829,3.95,3.95,4.0
TSLA,2026-09-25,2026-10-16,C,392.5,357,222,0.43420975952148444,3.6,3.55,3.65
TSLA,2026-09-25,2026-10-16,C,395.0,3962,1247,0.43420975952148444,3.23,3.2,3.25
TSLA,2026-09-25,2026-10-16,C,397.5,158,92,0.4368952795410156,2.96,2.88,2.94
TSLA,2026-09-25,2026-10-16,C,400.0,17285,7381,0.4385432122802735,2.61,2.62,2.64
TSLA,2026-09-25,2026-10-16,C,402.5,195,90,0.4414118359375,2.37,2.34,2.39
TSLA,2026-09-25,2026-10-16,C,405.0,2230,435,0.4440973559570312,2.11,2.12,2.16
TSLA,2026-09-25,2026-10-16,C,410.0,5297,1312,0.44910218872070307,1.73,1.73,1.76
TSLA,2026-09-25,2026-10-16,C,415.0,2994,664,0.4554497814941406,1.45,1.42,1.45
TSLA,2026-09-25,2026-10-16,C,420.0,12176,2224,0.462041512451172,1.17,1.18,1.2
TSLA,2026-09-25,2026-10-16,C,425.0,4807,1229,0.47009807250976565,1.0,0.99,1.01
TSLA,2026-09-25,2026-10-16,C,430.0,9123,1027,0.47900911621093745,0.85,0.84,0.86
TSLA,2026-09-25,2026-10-16,C,435.0,2817,180,0.48828636718750007,0.72,0.72,0.74
TSLA,2026-09-25,2026-10-16,C,440.0,4284,426,0.499028447265625,0.63,0.63,0.65
TSLA,2026-09-25,2026-10-16,C,445.0,2276,120,0.5075732836914062,0.56,0.55,0.57
TSLA,2026-09-25,2026-10-16,C,450.0,9688,1275,0.5195360546875,0.5,0.5,0.51
TSLA,2026-09-25,2026-10-16,C,455.0,3138,540,0.5300339965820313,0.44,0.44,0.46
TSLA,2026-09-25,2026-10-16,C,460.0,6607,479,0.5400436621093752,0.41,0.39,0.41
TSLA,2026-09-25,2026-10-16,C,465.0,3624,88,0.55273884765625,0.37,0.36,0.38
TSLA,2026-09-25,2026-10-16,C,470.0,2121,79,0.5629926513671876,0.34,0.32,0.35
TSLA,2026-09-25,2026-10-16,C,475.0,2552,671,0.5747112841796875,0.31,0.3,0.32
TSLA,2026-09-25,2026-10-16,C,480.0,2086,3664,0.5844768115234374,0.29,0.27,0.29
TSLA,2026-09-25,2026-10-16,C,485.0,631,1769,0.5971719970703125,0.27,0.26,0.27
TSLA,2026-09-25,2026-10-16,C,490.0,769,1066,0.6064492480468751,0.24,0.23,0.25
TSLA,2026-09-25,2026-10-16,C,495.0,4361,1037,0.6191444335937502,0.23,0.22,0.24
TSLA,2026-09-25,2026-10-16,C,500.0,13342,5113,0.629886513671875,0.21,0.21,0.22
TSLA,2026-09-25,2026-10-16,C,505.0,467,8,0.63867548828125,0.14,0.18,0.21
TSLA,2026-09-25,2026-10-16,C,510.0,3307,29,0.649417568359375,0.19,0.18,0.19
TSLA,2026-09-25,2026-10-16,C,515.0,1826,6,0.65820654296875,0.15,0.16,0.18
TSLA,2026-09-25,2026-10-16,C,520.0,5291,415,0.6660189648437502,0.16,0.15,0.16
TSLA,2026-09-25,2026-10-16,C,525.0,3280,18,0.6777375976562501,0.12,0.14,0.16
TSLA,2026-09-25,2026-10-16,C,530.0,1338,1,0.6875031250000001,0.1,0.13,0.15
TSLA,2026-09-25,2026-10-16,C,535.0,351,15,0.6953155468750001,0.13,0.12,0.14
TSLA,2026-09-25,2026-10-16,C,540.0,1521,21,0.70312796875,0.13,0.11,0.13
TSLA,2026-09-25,2026-10-16,C,545.0,916,10,0.709963837890625,0.09,0.1,0.12
TSLA,2026-09-25,2026-10-16,C,550.0,5528,105,0.719729365234375,0.11,0.1,0.11
TSLA,2026-09-25,2026-10-16,C,555.0,732,7,0.72851833984375,0.1,0.09,0.11
TSLA,2026-09-25,2026-10-16,C,560.0,2213,8,0.7382838671874999,0.1,0.08,0.11
TSLA,2026-09-25,2026-10-16,C,570.0,1635,1,0.7500025,0.08,0.07,0.09
TSLA,2026-09-25,2026-10-16,C,580.0,4132,6,0.7656273437500001,0.08,0.06,0.08
TSLA,2026-09-25,2026-10-16,C,590.0,969,10,0.789064609375,0.07,0.06,0.08
TSLA,2026-09-25,2026-10-16,C,600.0,7301,38,0.8007832421875,0.07,0.05,0.07
TSLA,2026-09-25,2026-10-16,C,610.0,1406,1,0.8007832421875,0.05,0.04,0.05
TSLA,2026-09-25,2026-10-16,C,620.0,359,2,0.8242205078124999,0.04,0.04,0.05
TSLA,2026-09-25,2026-10-16,C,630.0,1555,11,0.8359391406249999,0.05,0.03,0.05
TSLA,2026-09-25,2026-10-16,C,640.0,354,1,0.8554701953125,0.04,0.03,0.05
TSLA,2026-09-25,2026-10-16,C,650.0,1199,10,0.87500125,0.03,0.03,0.05
TSLA,2026-09-25,2026-10-16,C,660.0,289,30,0.87500125,0.03,0.02,0.04
TSLA,2026-09-25,2026-10-16,C,670.0,1358,3,0.8945323046874999,0.04,0.02,0.04
TSLA,2026-09-25,2026-10-16,C,680.0,1648,1,0.914063359375,0.03,0.02,0.04
TSLA,2026-09-25,2026-10-16,C,690.0,499,5,0.8984385156249999,0.03,0.01,0.03
TSLA,2026-09-25,2026-10-16,C,700.0,1696,6,0.92187578125,0.02,0.01,0.03
TSLA,2026-09-25,2026-10-16,C,710.0,396,9,0.937500625,0.03,0.01,0.03
TSLA,2026-09-25,2026-10-16,C,720.0,442,200,0.9531254687499999,0.03,0.01,0.03
TSLA,2026-09-25,2026-10-16,C,730.0,242,1,0.9687503125,0.04,0.01,0.03
TSLA,2026-09-25,2026-10-16,C,740.0,77,1,0.98437515625,0.03,0.01,0.03
TSLA,2026-09-25,2026-10-16,C,750.0,853,4,1.000005,0.02,0.01,0.03
TSLA,2026-09-25,2026-10-16,C,760.0,328,60,0.9687503125,0.03,0.0,0.02
TSLA,2026-09-25,2026-10-16,C,770.0,286,5,0.98437515625,0.04,0.0,0.02
TSLA,2026-09-25,2026-10-16,C,780.0,144,8,0.992187578125,0.07,0.0,0.02
TSLA,2026-09-25,2026-10-16,C,790.0,45,4,1.015629921875,0.03,0.0,0.02
TSLA,2026-09-25,2026-10-16,C,800.0,4473,18,1.0312548437500002,0.01,0.0,0.02
TSLA,2026-09-25,2026-10-16,C,810.0,1007,7,1.0468797656250002,0.03,0.0,0.02
TSLA,2026-09-25,2026-10-16,C,820.0,1448,2,1.0625046875000002,0.05,0.0,0.02
TSLA,2026-09-25,2026-10-16,C,830.0,369,16,1.0703171484375003,0.01,0.0,0.02
TSLA,2026-09-25,2026-10-16,C,840.0,224,24,1.0781296093750001,0.02,0.0,0.02
TSLA,2026-09-25,2026-10-16,C,850.0,928,12,1.09375453125,0.01,0.0,0.02
TSLA,2026-09-25,2026-10-16,C,860.0,80,3,1.109379453125,0.02,0.0,0.02
TSLA,2026-09-25,2026-10-16,C,870.0,712,16,1.125004375,0.02,0.0,0.02
TSLA,2026-09-25,2026-10-16,C,880.0,781,2,1.140629296875,0.02,0.0,0.02
TSLA,2026-09-25,2026-10-16,C,890.0,1484,18,1.15625421875,0.02,0.0,0.02
TSLA,2026-09-25,2026-10-16,C,900.0,8570,3,1.15625421875,0.02,0.0,0.02
TSLA,2026-09-25,2026-10-16,P,50.0,5608,1,2.50000375,0.01,0.0,0.01
TSLA,2026-09-25,2026-10-16,P,55.0,4046,118,2.3750040624999995,0.01,0.0,0.01
TSLA,2026-09-25,2026-10-16,P,60.0,2942,556,2.2500043749999996,0.01,0.0,0.01
TSLA,2026-09-25,2026-10-16,P,65.0,611,19,2.281254296875,0.01,0.0,0.02
TSLA,2026-09-25,2026-10-16,P,70.0,1179,26,2.0625048437499998,0.01,0.0,0.01
TSLA,2026-09-25,2026-10-16,P,75.0,429,4,2.0937547656249995,0.01,0.0,0.02
TSLA,2026-09-25,2026-10-16,P,80.0,1233,10,1.875000625,0.01,0.0,0.01
TSLA,2026-09-25,2026-10-16,P,85.0,162,13,1.9062504687500001,0.01,0.0,0.02
TSLA,2026-09-25,2026-10-16,P,90.0,604,10,1.75000125,0.01,0.0,0.01
TSLA,2026-09-25,2026-10-16,P,95.0,625,4,1.78125109375,0.05,0.0,0.02
TSLA,2026-09-25,2026-10-16,P,100.0,3398,131,1.625001875,0.01,0.0,0.01
TSLA,2026-09-25,2026-10-16,P,105.0,863,5,1.640626796875,0.01,0.0,0.02
TSLA,2026-09-25,2026-10-16,P,110.0,1330,11,1.5000025,0.01,0.0,0.01
TSLA,2026-09-25,2026-10-16,P,115.0,1123,1080,1.5781271093749998,0.02,0.0,0.03
TSLA,2026-09-25,2026-10-16,P,120.0,2021,11,1.40625296875,0.01,0.0,0.01
TSLA,2026-09-25,2026-10-16,P,125.0,227,14,1.5000025,0.04,0.01,0.03
TSLA,2026-09-25,2026-10-16,P,130.0,699,11,1.40625296875,0.02,0.01,0.02
TSLA,2026-09-25,2026-10-16,P,135.0,257,1,1.3906280468749999,0.05,0.01,0.03
TSLA,2026-09-25,2026-10-16,P,140.0,173,2,1.3125034374999998,0.02,0.01,0.02
TSLA,2026-09-25,2026-10-16,P,145.0,241,10,1.3359408203124996,0.02,0.02,0.04
TSLA,2026-09-25,2026-10-16,P,150.0,2543,3,1.2734411328124997,0.02,0.02,0.03
TSLA,2026-09-25,2026-10-16,P,155.0,56,3,1.2656286718749998,0.03,0.02,0.05
TSLA,2026-09-25,2026-10-16,P,160.0,251,7,1.21875390625,0.04,0.03,0.04
TSLA,2026-09-25,2026-10-16,P,165.0,211,10,1.1875040625,0.05,0.03,0.05
TSLA,2026-09-25,2026-10-16,P,170.0,427,88,1.15625421875,0.04,0.04,0.05
TSLA,2026-09-25,2026-10-16,P,175.0,546,10,1.125004375,0.06,0.04,0.06
TSLA,2026-09-25,2026-10-16,P,180.0,3958,10,1.1054732226562503,0.05,0.05,0.07
TSLA,2026-09-25,2026-10-16,P,185.0,450,1,1.0800827246093752,0.08,0.06,0.08
TSLA,2026-09-25,2026-10-16,P,190.0,734,1,1.0390673046875003,0.08,0.06,0.08
TSLA,2026-09-25,2026-10-16,P,195.0,1296,49,1.013676806640625,0.09,0.07,0.09
TSLA,2026-09-25,2026-10-16,P,200.0,3772,143,0.9804689453125001,0.09,0.08,0.09
TSLA,2026-09-25,2026-10-16,P,205.0,2390,43,0.9589847851562499,0.11,0.09,0.11
TSLA,2026-09-25,2026-10-16,P,210.0,1517,45,0.93164130859375,0.08,0.1,0.12
TSLA,2026-09-25,2026-10-16,P,215.0,993,70,0.8984385156249999,0.12,0.11,0.12
TSLA,2026-09-25,2026-10-16,P,220.0,1210,8,0.8730481445312499,0.14,0.12,0.14
TSLA,2026-09-25,2026-10-16,P,225.0,769,3,0.8447281152343749,0.14,0.13,0.15
TSLA,2026-09-25,2026-10-16,P,230.0,522,22,0.8212908496093749,0.16,0.15,0.17
TSLA,2026-09-25,2026-10-16,P,235.0,1261,1,0.79101771484375,0.13,0.16,0.18
TSLA,2026-09-25,2026-10-16,P,240.0,2234,32,0.764650791015625,0.18,0.17,0.2
TSLA,2026-09-25,2026-10-16,P,245.0,847,1,0.73437765625,0.19,0.19,0.2
TSLA,2026-09-25,2026-10-16,P,250.0,5305,205,0.7104521142578125,0.22,0.21,0.23
TSLA,2026-09-25,2026-10-16,P,255.0,1618,3,0.6835969140625001,0.24,0.23,0.25
TSLA,2026-09-25,2026-10-16,P,260.0,3998,18,0.6567417138671876,0.26,0.25,0.27
TSLA,2026-09-25,2026-10-16,P,265.0,1595,44,0.6289099609375001,0.29,0.27,0.29
TSLA,2026-09-25,2026-10-16,P,270.0,2304,16,0.6010782080078126,0.31,0.29,0.31
TSLA,2026-09-25,2026-10-16,P,275.0,2695,16,0.57812921875,0.32,0.33,0.35
TSLA,2026-09-25,2026-10-16,P,280.0,7175,137,0.551762294921875,0.38,0.36,0.38
TSLA,2026-09-25,2026-10-16,P,285.0,1825,150,0.5283250292968751,0.4,0.41,0.43
TSLA,2026-09-25,2026-10-16,P,290.0,4396,126,0.50586431640625,0.48,0.47,0.49
TSLA,2026-09-25,2026-10-16,P,295.0,4195,39,0.4880422290039063,0.56,0.55,0.58
TSLA,2026-09-25,2026-10-16,P,300.0,11470,604,0.46851117431640626,0.67,0.66,0.69
TSLA,2026-09-25,2026-10-16,P,305.0,3814,105,0.4519097778320313,0.83,0.82,0.85
TSLA,2026-09-25,2026-10-16,P,310.0,4225,528,0.43469803588867195,1.05,1.02,1.04
TSLA,2026-09-25,2026-10-16,P,315.0,3997,254,0.4233456103515625,1.31,1.32,1.35
TSLA,2026-09-25,2026-10-16,P,320.0,10901,496,0.4145566357421875,1.75,1.74,1.78
TSLA,2026-09-25,2026-10-16,P,325.0,4970,323,0.4056455920410156,2.32,2.27,2.33
TSLA,2026-09-25,2026-10-16,P,330.0,9916,1074,0.3980773083496094,3.1,2.99,3.05
TSLA,2026-09-25,2026-10-16,P,335.0,3364,226,0.39258419921875,4.05,3.9,4.0
TSLA,2026-09-25,2026-10-16,P,340.0,6942,1793,0.39002074829101563,5.23,5.15,5.25
TSLA,2026-09-25,2026-10-16,P,345.0,2962,432,0.3867859173583984,6.75,6.65,6.75
TSLA,2026-09-25,2026-10-16,P,347.5,701,159,0.38495488098144526,7.54,7.5,7.6
TSLA,2026-09-25,2026-10-16,P,350.0,9121,2347,0.38397832824707034,8.57,8.4,8.55
TSLA,2026-09-25,2026-10-16,P,352.5,254,169,0.3836731555175781,9.55,9.45,9.6
TSLA,2026-09-25,2026-10-16,P,355.0,2476,613,0.3825134991455078,10.65,10.55,10.7
TSLA,2026-09-25,2026-10-16,P,357.5,304,230,0.3803772900390625,11.82,11.75,11.85
TSLA,2026-09-25,2026-10-16,P,360.0,10636,2833,0.38043832458496096,13.12,13.0,13.15
TSLA,2026-09-25,2026-10-16,P,362.5,367,467,0.3811707391357422,14.4,14.35,14.55
TSLA,2026-09-25,2026-10-16,P,365.0,4048,509,0.37946177185058594,16.0,15.75,15.95
TSLA,2026-09-25,2026-10-16,P,367.5,298,247,0.38471074279785156,17.25,17.35,17.65
TSLA,2026-09-25,2026-10-16,P,370.0,6946,864,0.3797669445800781,19.18,18.9,19.1
TSLA,2026-09-25,2026-10-16,P,372.5,464,166,0.38385625915527344,20.55,20.7,20.9
TSLA,2026-09-25,2026-10-16,P,375.0,3498,377,0.3789124609375,22.45,22.3,22.5
TSLA,2026-09-25,2026-10-16,P,377.5,394,36,0.3802552209472656,22.95,24.05,24.35
TSLA,2026-09-25,2026-10-16,P,380.0,11736,185,0.3867859173583984,25.85,25.95,26.4
TSLA,2026-09-25,2026-10-16,P,382.5,289,49,0.3839172937011719,28.15,27.6,28.25
TSLA,2026-09-25,2026-10-16,P,385.0,1539,29,0.38867798828125,29.67,29.4,30.35
TSLA,2026-09-25,2026-10-16,P,387.5,148,72,0.3875183319091796,30.09,31.45,32.35
TSLA,2026-09-25,2026-10-16,P,390.0,4356,67,0.3885559191894531,33.9,33.65,34.45
TSLA,2026-09-25,2026-10-16,P,392.5,79,50,0.40210558837890625,26.2,34.3,36.85
TSLA,2026-09-25,2026-10-16,P,395.0,2290,4,0.39227902648925783,38.14,38.25,38.8
TSLA,2026-09-25,2026-10-16,P,397.5,3,6,0.4249325085449219,29.35,40.35,41.6
TSLA,2026-09-25,2026-10-16,P,400.0,7414,132,0.3880676428222656,42.57,42.15,43.15
TSLA,2026-09-25,2026-10-16,P,402.5,2,1,0.43933666137695315,44.98,44.45,46.25
TSLA,2026-09-25,2026-10-16,P,405.0,366,5,0.46655806884765627,45.41,46.05,48.95
TSLA,2026-09-25,2026-10-16,P,410.0,1606,62,0.3913635083007812,51.98,51.65,52.4
TSLA,2026-09-25,2026-10-16,P,415.0,792,2,0.45935599243164066,39.68,56.2,57.9
TSLA,2026-09-25,2026-10-16,P,420.0,2274,401,0.40039662109375,61.62,60.85,62.0
TSLA,2026-09-25,2026-10-16,P,425.0,1057,1,0.4028380029296875,63.55,64.55,66.85
TSLA,2026-09-25,2026-10-16,P,430.0,556,11,0.34180345703125,70.97,70.1,71.5
TSLA,2026-09-25,2026-10-16,P,435.0,1230,10,0.42896078857421877,75.87,74.75,76.75
TSLA,2026-09-25,2026-10-16,P,440.0,349,12,0.49219257812500006,80.69,79.45,82.0
TSLA,2026-09-25,2026-10-16,P,445.0,217,10,0.5063525927734375,85.66,84.4,86.95
TSLA,2026-09-25,2026-10-16,P,450.0,3107,58,0.5102588037109376,88.88,90.05,91.85
TSLA,2026-09-25,2026-10-16,P,455.0,24,12,0.680911394042969,97.79,93.05,98.1
TSLA,2026-09-25,2026-10-16,P,460.0,506,1,0.6132851171875001,100.6,98.05,102.25
TSLA,2026-09-25,2026-10-16,P,465.0,25,10,0.7226590234375,94.1,103.4,108.05
TSLA,2026-09-25,2026-10-16,P,470.0,16,1,0.7404811108398437,93.65,108.1,113.0
TSLA,2026-09-25,2026-10-16,P,475.0,75,203,0.7722190747070312,95.7,113.55,118.1
TSLA,2026-09-25,2026-10-16,P,480.0,0,4,0.7465845654296875,104.5,118.4,122.65
TSLA,2026-09-25,2026-10-16,P,485.0,0,4,0.7612328564453126,120.0,123.65,127.6
TSLA,2026-09-25,2026-10-16,P,490.0,0,15,0.8559584716796875,136.0,128.65,133.3
TSLA,2026-09-25,2026-10-16,P,495.0,0,1,1.0305224255371095,190.76,138.0,142.5
TSLA,2026-09-25,2026-10-16,P,500.0,0,1,0.8012715185546875,120.07,138.65,142.45
TSLA,2026-09-25,2026-10-16,P,505.0,0,1,1.3847687011718748,185.75,154.7,157.0
TSLA,2026-09-25,2026-10-16,P,510.0,0,1,1.0000000000000003e-05,185.3,0.0,0.0
TSLA,2026-09-25,2026-10-16,P,515.0,0,1,1.4331693380737303,134.73,164.7,166.95
TSLA,2026-09-25,2026-10-16,P,520.0,0,4,1.4573391390991208,198.31,169.7,171.95
TSLA,2026-09-25,2026-10-16,P,525.0,0,3,1.4811427310180667,122.15,174.7,176.95
TSLA,2026-09-25,2026-10-16,P,530.0,0,2,1.5045801138305666,208.98,179.7,181.95
TSLA,2026-09-25,2026-10-16,P,535.0,6,0,1.0000000000000003e-05,154.33,143.2,144.2
TSLA,2026-09-25,2026-10-16,P,540.0,2,2,2.657657164459229,160.35,216.05,224.25
TSLA,2026-09-25,2026-10-16,P,545.0,0,30,1.5653097906494138,222.36,194.55,196.8
TSLA,2026-09-25,2026-10-16,P,550.0,0,69,0.9079599047851561,170.79,188.6,192.05
TSLA,2026-09-25,2026-10-16,P,560.0,0,22,1.6317157086181637,236.2,209.55,211.85
TSLA,2026-09-25,2026-10-16,P,570.0,0,22,1.6723649194335937,252.75,219.55,221.8
TSLA,2026-09-25,2026-10-16,P,580.0,0,1,1.7301038885498048,192.55,229.85,232.15
TSLA,2026-09-25,2026-10-16,P,590.0,0,1,1.7700206811523436,197.23,239.85,242.15
TSLA,2026-09-25,2026-10-16,P,600.0,0,1,1.4937769451904297,294.78,243.6,248.15
TSLA,2026-09-25,2026-10-16,P,650.0,0,17,1.9582521618652344,245.75,299.3,301.55
TSLA,2026-09-25,2026-10-16,P,660.0,0,2,1.689454677734375,354.17,303.6,308.15
TSLA,2026-09-25,2026-10-16,P,700.0,0,0,2.119389467163085,290.8,349.3,351.55
TSLA,2026-09-25,2026-10-16,P,730.0,0,0,1.0000000000000003e-05,305.8,0.0,0.0
TSLA,2026-09-25,2026-10-16,P,750.0,0,1,1.0000000000000003e-05,347.62,0.0,0.0
TSLA,2026-09-25,2026-10-16,P,800.0,0,1,1.0000000000000003e-05,376.74,392.9,393.9
TSLA,2026-09-25,2026-10-23,C,150.0,4,4,1.825928604736328,214.9,206.7,213.75
TSLA,2026-09-25,2026-10-23,C,160.0,1,1,1.7036147631835936,208.03,196.75,203.7
TSLA,2026-09-25,2026-10-23,C,170.0,1,0,1.6069355590820313,204.9,186.9,193.75
TSLA,2026-09-25,2026-10-23,C,180.0,1,0,1.505861845703125,198.61,176.95,183.8
TSLA,2026-09-25,2026-10-23,C,190.0,1,1,1.4209013330078126,174.81,167.15,173.85
TSLA,2026-09-25,2026-10-23,C,200.0,3,1,1.3139682739257812,180.7,157.0,163.9
TSLA,2026-09-25,2026-10-23,C,210.0,9,3,1.2290077612304686,152.73,147.05,154.0
TSLA,2026-09-25,2026-10-23,C,220.0,357,1,1.1438031091308591,152.62,137.1,144.05
TSLA,2026-09-25,2026-10-23,C,230.0,2,2,1.101811131591797,139.21,127.9,134.1
TSLA,2026-09-25,2026-10-23,C,235.0,2,1,1.0448045806884767,129.61,122.45,129.3
TSLA,2026-09-25,2026-10-23,C,250.0,20,5,0.9448247705078124,122.76,107.95,114.4
TSLA,2026-09-25,2026-10-23,C,255.0,2,1,0.9456792541503907,106.86,103.95,109.45
TSLA,2026-09-25,2026-10-23,C,260.0,13,6,0.8758557336425781,119.9,98.2,104.5
TSLA,2026-09-25,2026-10-23,C,265.0,10,9,0.8734143518066406,108.19,94.45,99.3
TSLA,2026-09-25,2026-10-23,C,270.0,5,3,0.8348405187988279,100.04,89.55,94.3
TSLA,2026-09-25,2026-10-23,C,275.0,2,1,0.7729514892578125,98.15,84.2,89.05
TSLA,2026-09-25,2026-10-23,C,280.0,1,1,0.7015410705566407,97.0,78.55,83.8
TSLA,2026-09-25,2026-10-23,C,285.0,17,2,0.6677279321289065,77.06,75.4,77.1
TSLA,2026-09-25,2026-10-23,C,290.0,3,1,0.6433141137695313,71.2,69.8,73.15
TSLA,2026-09-25,2026-10-23,C,295.0,2,1,0.6219520227050781,66.68,65.45,68.1
TSLA,2026-09-25,2026-10-23,C,300.0,56,10,0.5865519860839843,61.6,61.15,62.55
TSLA,2026-09-25,2026-10-23,C,305.0,47,25,0.5775188732910157,68.4,56.15,58.75
TSLA,2026-09-25,2026-10-23,C,310.0,108,22,0.5426071130371095,54.1,51.8,53.35
TSLA,2026-09-25,2026-10-23,C,315.0,17,1,0.5277757183837892,49.64,46.95,49.4
TSLA,2026-09-25,2026-10-23,C,320.0,58,5,0.5173388110351562,45.85,43.6,44.35
TSLA,2026-09-25,2026-10-23,C,325.0,30,13,0.5026294854736328,40.39,38.6,40.95
TSLA,2026-09-25,2026-10-23,C,330.0,125,2,0.5081836291503907,37.17,35.7,36.9
TSLA,2026-09-25,2026-10-23,C,335.0,237,39,0.4954884436035156,33.0,31.85,32.45
TSLA,2026-09-25,2026-10-23,C,340.0,153,33,0.4914601635742188,29.04,28.6,29.05
TSLA,2026-09-25,2026-10-23,C,345.0,274,6,0.4875539526367188,30.0,25.4,25.85
TSLA,2026-09-25,2026-10-23,C,350.0,241,254,0.4848684326171875,22.75,22.5,22.9
TSLA,2026-09-25,2026-10-23,C,355.0,239,134,0.48053497985839844,19.9,19.8,20.1
TSLA,2026-09-25,2026-10-23,C,360.0,566,612,0.47839877075195314,17.47,17.35,17.6
TSLA,2026-09-25,2026-10-23,C,365.0,928,1039,0.47723911437988287,15.28,15.2,15.35
TSLA,2026-09-25,2026-10-23,C,370.0,1016,592,0.47711704528808596,13.22,13.25,13.35
TSLA,2026-09-25,2026-10-23,C,375.0,1098,591,0.47827670166015623,11.5,11.45,11.6
TSLA,2026-09-25,2026-10-23,C,380.0,1937,590,0.47699497619628906,10.0,9.85,9.95
TSLA,2026-09-25,2026-10-23,C,385.0,1814,839,0.4790701507568359,8.43,8.45,8.6
TSLA,2026-09-25,2026-10-23,C,390.0,837,281,0.4793142889404296,7.3,7.2,7.35
TSLA,2026-09-25,2026-10-23,C,395.0,430,228,0.4810842907714844,6.2,6.15,6.3
TSLA,2026-09-25,2026-10-23,C,400.0,2168,2025,0.48169463623046876,5.3,5.3,5.35
TSLA,2026-09-25,2026-10-23,C,405.0,529,146,0.4832204998779297,4.55,4.45,4.55
TSLA,2026-09-25,2026-10-23,C,410.0,748,176,0.4844411907958984,3.87,3.8,3.85
TSLA,2026-09-25,2026-10-23,C,415.0,522,110,0.49030050720214846,3.35,3.2,3.35
TSLA,2026-09-25,2026-10-23,C,420.0,1426,303,0.490788783569336,2.78,2.75,2.81
TSLA,2026-09-25,2026-10-23,C,425.0,1282,222,0.49414568359375005,2.41,2.36,2.4
TSLA,2026-09-25,2026-10-23,C,430.0,814,483,0.4975636181640626,2.05,2.0,2.05
TSLA,2026-09-25,2026-10-23,C,435.0,419,166,0.5004932763671875,1.75,1.72,1.77
TSLA,2026-09-25,2026-10-23,C,440.0,657,130,0.50586431640625,1.52,1.5,1.53
TSLA,2026-09-25,2026-10-23,C,445.0,520,84,0.5105029418945313,1.3,1.29,1.33
TSLA,2026-09-25,2026-10-23,C,450.0,1666,336,0.51562984375,1.17,1.12,1.16
TSLA,2026-09-25,2026-10-23,C,455.0,750,44,0.5210008837890624,1.02,0.98,1.01
TSLA,2026-09-25,2026-10-23,C,460.0,602,53,0.5268602001953125,0.86,0.86,0.89
TSLA,2026-09-25,2026-10-23,C,465.0,334,16,0.53320779296875,0.77,0.76,0.79
TSLA,2026-09-25,2026-10-23,C,470.0,319,24,0.5395553857421876,0.71,0.68,0.7
TSLA,2026-09-25,2026-10-23,C,475.0,113,41,0.5459029785156251,0.63,0.6,0.63
TSLA,2026-09-25,2026-10-23,C,480.0,691,56,0.5532271240234375,0.57,0.54,0.57
TSLA,2026-09-25,2026-10-23,C,485.0,521,7,0.5607954077148438,0.53,0.49,0.52
TSLA,2026-09-25,2026-10-23,C,490.0,109,103,0.56836369140625,0.47,0.45,0.47
TSLA,2026-09-25,2026-10-23,C,495.0,150,8,0.5756878369140624,0.42,0.41,0.43
TSLA,2026-09-25,2026-10-23,C,500.0,628,65,0.5820354296875,0.39,0.37,0.39
TSLA,2026-09-25,2026-10-23,C,505.0,59,2,0.5898478515625001,0.43,0.34,0.36
TSLA,2026-09-25,2026-10-23,C,510.0,72,110,0.5976602734375001,0.29,0.31,0.34
TSLA,2026-09-25,2026-10-23,C,515.0,37,2,0.6049844189453126,0.26,0.29,0.31
TSLA,2026-09-25,2026-10-23,C,520.0,65,1,0.6127968408203126,0.37,0.27,0.29
TSLA,2026-09-25,2026-10-23,C,525.0,55,41,0.6201209863281252,0.51,0.25,0.27
TSLA,2026-09-25,2026-10-23,C,530.0,92,126,0.6269568554687501,0.29,0.23,0.25
TSLA,2026-09-25,2026-10-23,C,535.0,14,10,0.6362341064453125,0.2,0.22,0.24
TSLA,2026-09-25,2026-10-23,C,540.0,215,68,0.6435582519531251,0.21,0.2,0.23
TSLA,2026-09-25,2026-10-23,C,545.0,75,2,0.6499058447265625,0.22,0.19,0.21
TSLA,2026-09-25,2026-10-23,C,550.0,257,2,0.65820654296875,0.2,0.18,0.2
TSLA,2026-09-25,2026-10-23,C,555.0,43,39,0.6660189648437502,0.35,0.17,0.19
TSLA,2026-09-25,2026-10-23,C,560.0,11,10,0.6728548339843752,0.32,0.16,0.18
TSLA,2026-09-25,2026-10-23,C,565.0,2,0,0.6796907031250001,0.34,0.15,0.17
TSLA,2026-09-25,2026-10-23,C,570.0,7,1,0.6884796777343751,0.26,0.14,0.17
TSLA,2026-09-25,2026-10-23,C,575.0,9,1,0.6972686523437501,0.31,0.14,0.16
TSLA,2026-09-25,2026-10-23,C,580.0,4,1,0.70312796875,0.34,0.13,0.15
TSLA,2026-09-25,2026-10-23,C,585.0,4,2,0.708010732421875,0.18,0.12,0.14
TSLA,2026-09-25,2026-10-23,C,590.0,5,0,0.7187528125,0.32,0.12,0.14
TSLA,2026-09-25,2026-10-23,C,595.0,2,0,0.7226590234375,0.28,0.11,0.13
TSLA,2026-09-25,2026-10-23,C,600.0,62,4,0.7334011035156249,0.12,0.11,0.13
TSLA,2026-09-25,2026-10-23,C,605.0,44,13,0.73633076171875,0.18,0.1,0.12
TSLA,2026-09-25,2026-10-23,C,610.0,32,1,0.7460962890625,0.17,0.1,0.12
TSLA,2026-09-25,2026-10-23,C,615.0,89,39,0.7500025,0.1,0.09,0.11
TSLA,2026-09-25,2026-10-23,P,70.0,9,0,1.859375703125,0.05,0.0,0.02
TSLA,2026-09-25,2026-10-23,P,80.0,5,0,1.765626171875,0.12,0.0,0.03
TSLA,2026-09-25,2026-10-23,P,90.0,48,18,1.6640641796875002,0.01,0.01,0.03
TSLA,2026-09-25,2026-10-23,P,100.0,60,15,1.5390648046875,0.06,0.01,0.03
TSLA,2026-09-25,2026-10-23,P,110.0,32,1,1.4765651171875,0.12,0.02,0.04
TSLA,2026-09-25,2026-10-23,P,120.0,21,1,1.3906280468749999,0.04,0.02,0.05
TSLA,2026-09-25,2026-10-23,P,130.0,47,17,1.3125034374999998,0.04,0.03,0.05
TSLA,2026-09-25,2026-10-23,P,140.0,120,1,1.2421912890624998,0.05,0.04,0.06
TSLA,2026-09-25,2026-10-23,P,150.0,46,4,1.1757853710937498,0.17,0.05,0.07
TSLA,2026-09-25,2026-10-23,P,160.0,79,3,1.11328568359375,0.06,0.06,0.08
TSLA,2026-09-25,2026-10-23,P,170.0,40,3,1.0468797656250002,0.09,0.07,0.09
TSLA,2026-09-25,2026-10-23,P,180.0,13,4,0.9960937890625,0.09,0.09,0.11
TSLA,2026-09-25,2026-10-23,P,190.0,17,13,0.9414068359375,0.11,0.11,0.13
TSLA,2026-09-25,2026-10-23,P,200.0,103,37,0.8867198828124999,0.14,0.13,0.15
TSLA,2026-09-25,2026-10-23,P,210.0,59,2,0.8378922460937499,0.16,0.16,0.18
TSLA,2026-09-25,2026-10-23,P,220.0,2623,129,0.78711150390625,0.2,0.19,0.21
TSLA,2026-09-25,2026-10-23,P,230.0,33,27,0.7402369726562499,0.24,0.23,0.25
TSLA,2026-09-25,2026-10-23,P,235.0,124,5,0.7158231542968749,0.26,0.25,0.27
TSLA,2026-09-25,2026-10-23,P,240.0,26,12,0.692385888671875,0.26,0.27,0.3
TSLA,2026-09-25,2026-10-23,P,245.0,7,17,0.6689486230468751,0.31,0.3,0.32
TSLA,2026-09-25,2026-10-23,P,250.0,179,47,0.6459996337890624,0.34,0.33,0.35
TSLA,2026-09-25,2026-10-23,P,255.0,3,9,0.624027197265625,0.38,0.36,0.39
TSLA,2026-09-25,2026-10-23,P,260.0,280,11,0.6020547607421877,0.4,0.4,0.43
TSLA,2026-09-25,2026-10-23,P,265.0,27,4,0.5815471533203125,0.46,0.45,0.48
TSLA,2026-09-25,2026-10-23,P,270.0,92,33,0.5637250659179689,0.53,0.52,0.55
TSLA,2026-09-25,2026-10-23,P,275.0,76,61,0.5456588403320313,0.6,0.6,0.63
TSLA,2026-09-25,2026-10-23,P,280.0,131,8,0.5293015820312501,0.69,0.7,0.74
TSLA,2026-09-25,2026-10-23,P,285.0,194,3,0.5148974291992188,0.79,0.84,0.88
TSLA,2026-09-25,2026-10-23,P,290.0,365,55,0.5015918981933594,1.03,1.02,1.05
TSLA,2026-09-25,2026-10-23,P,295.0,250,147,0.49133809448242194,1.27,1.24,1.28
TSLA,2026-09-25,2026-10-23,P,300.0,1541,369,0.4820608435058594,1.57,1.54,1.59
TSLA,2026-09-25,2026-10-23,P,305.0,296,73,0.47241738525390625,1.88,1.9,1.96
TSLA,2026-09-25,2026-10-23,P,310.0,784,216,0.46570358520507815,2.43,2.4,2.46
TSLA,2026-09-25,2026-10-23,P,315.0,493,54,0.4583794396972657,2.98,2.98,3.05
TSLA,2026-09-25,2026-10-23,P,320.0,687,177,0.45288633056640626,3.81,3.7,3.8
TSLA,2026-09-25,2026-10-23,P,325.0,488,180,0.44965149963378903,4.71,4.65,4.75
TSLA,2026-09-25,2026-10-23,P,330.0,829,353,0.44556218505859374,5.76,5.7,5.85
TSLA,2026-09-25,2026-10-23,P,335.0,989,236,0.4420221813964844,7.13,7.0,7.15
TSLA,2026-09-25,2026-10-23,P,340.0,583,384,0.4398249377441406,8.68,8.55,8.7
TSLA,2026-09-25,2026-10-23,P,345.0,701,143,0.4370173486328125,10.37,10.3,10.45
TSLA,2026-09-25,2026-10-23,P,350.0,769,370,0.4361628649902344,12.42,12.35,12.5
TSLA,2026-09-25,2026-10-23,P,355.0,554,209,0.4342707940673829,14.7,14.6,14.75
TSLA,2026-09-25,2026-10-23,P,360.0,943,605,0.43396562133789063,17.2,17.1,17.3
TSLA,2026-09-25,2026-10-23,P,365.0,441,89,0.43659010681152344,19.8,19.65,20.2
TSLA,2026-09-25,2026-10-23,P,370.0,818,115,0.4371394177246094,22.8,22.55,23.25
TSLA,2026-09-25,2026-10-23,P,375.0,669,119,0.43579665771484377,26.05,25.45,26.45
TSLA,2026-09-25,2026-10-23,P,380.0,820,19,0.43564407135009764,29.35,29.1,29.9
TSLA,2026-09-25,2026-10-23,P,385.0,111,6,0.434148724975586,32.32,32.35,33.5
TSLA,2026-09-25,2026-10-23,P,390.0,129,1,0.4331111376953125,36.77,36.7,37.3
TSLA,2026-09-25,2026-10-23,P,395.0,81,1,0.4315242395019532,39.32,40.15,41.25
TSLA,2026-09-25,2026-10-23,P,400.0,117,1,0.42969320312500003,44.24,44.55,45.35
TSLA,2026-09-25,2026-10-23,P,405.0,465,327,0.5059863854980469,49.01,48.2,51.55
TSLA,2026-09-25,2026-10-23,P,410.0,29,20,0.4449518395996094,53.32,52.5,54.35
TSLA,2026-09-25,2026-10-23,P,415.0,28,1,0.4470270141601562,43.1,56.9,58.85
TSLA,2026-09-25,2026-10-23,P,420.0,57,7,0.5051929364013672,59.78,61.05,64.5
TSLA,2026-09-25,2026-10-23,P,425.0,15,2,0.4621635815429688,63.82,64.5,68.25
TSLA,2026-09-25,2026-10-23,P,430.0,12,2,0.596683720703125,56.85,68.05,75.35
TSLA,2026-09-25,2026-10-23,P,435.0,3,0,0.6076699389648439,58.94,73.95,80.05
TSLA,2026-09-25,2026-10-23,P,440.0,50,15,0.501103621826172,59.0,78.95,82.85
TSLA,2026-09-25,2026-10-23,P,445.0,10,0,0.6377599700927734,70.75,83.55,89.7
TSLA,2026-09-25,2026-10-23,P,450.0,11,8,0.6414830773925781,85.95,87.55,94.35
TSLA,2026-09-25,2026-10-23,P,455.0,1,0,0.6488072229003907,86.95,93.65,99.1
TSLA,2026-09-25,2026-10-23,P,480.0,2,0,0.7281521325683593,120.53,117.15,123.75
TSLA,2026-09-25,2026-10-23,P,495.0,0,0,0.7539087109375,129.4,132.15,138.35
TSLA,2026-09-25,2026-10-23,P,500.0,0,1,0.7915059912109376,120.81,137.1,143.6
TSLA,2026-09-25,2026-10-30,C,50.0,1,0,3.654297739257813,316.0,306.5,313.5
TSLA,2026-09-25,2026-10-30,C,170.0,1,2,1.5505393566894528,202.65,187.5,193.95
TSLA,2026-09-25,2026-10-30,C,180.0,6,6,1.4462918310546877,183.35,177.45,184.0
TSLA,2026-09-25,2026-10-30,C,190.0,1,0,1.3667023852539062,172.57,167.7,174.1
TSLA,2026-09-25,2026-10-30,C,200.0,1,0,1.3297152655029294,162.29,158.7,164.3
TSLA,2026-09-25,2026-10-30,C,235.0,3,3,1.0183154553222655,136.65,123.55,129.45
TSLA,2026-09-25,2026-10-30,C,255.0,6,0,0.8643812390136718,113.39,103.5,109.7
TSLA,2026-09-25,2026-10-30,C,265.0,1,0,0.7949239257812499,112.0,93.9,99.55
TSLA,2026-09-25,2026-10-30,C,280.0,18,3,0.7071562487792968,94.26,80.55,83.85
TSLA,2026-09-25,2026-10-30,C,285.0,16,1,0.6567417138671876,79.11,75.4,78.5
TSLA,2026-09-25,2026-10-30,C,290.0,15,2,0.6402623864746093,85.28,71.05,73.7
TSLA,2026-09-25,2026-10-30,C,295.0,1,0,0.608524422607422,76.0,66.0,69.0
TSLA,2026-09-25,2026-10-30,C,300.0,31,4,0.5774578387451172,63.0,61.9,63.4
TSLA,2026-09-25,2026-10-30,C,305.0,46,25,0.5560957476806643,81.6,57.5,58.6
TSLA,2026-09-25,2026-10-30,C,310.0,9,2,0.5331467584228515,55.58,52.15,54.75
TSLA,2026-09-25,2026-10-30,C,315.0,7,1,0.5449264257812501,68.6,48.85,50.95
TSLA,2026-09-25,2026-10-30,C,320.0,66,10,0.5192919165039063,45.8,44.7,46.05
TSLA,2026-09-25,2026-10-30,C,325.0,48,32,0.5033008654785156,43.25,40.8,41.65
TSLA,2026-09-25,2026-10-30,C,330.0,23,7,0.5133105310058592,41.14,36.25,38.1
TSLA,2026-09-25,2026-10-30,C,335.0,58,11,0.5194750201416016,34.5,32.65,35.05
TSLA,2026-09-25,2026-10-30,C,340.0,89,33,0.5091296646118165,31.1,30.55,31.55
TSLA,2026-09-25,2026-10-30,C,345.0,28,494,0.49377947631835944,27.75,27.45,28.0
TSLA,2026-09-25,2026-10-30,C,350.0,890,951,0.49030050720214846,24.86,24.5,25.1
TSLA,2026-09-25,2026-10-30,C,355.0,1091,137,0.48126739440917965,21.97,21.8,22.15
TSLA,2026-09-25,2026-10-30,C,360.0,499,1182,0.47614049255371094,19.55,19.4,19.55
TSLA,2026-09-25,2026-10-30,C,365.0,186,3096,0.4758658370971679,17.25,17.2,17.35
TSLA,2026-09-25,2026-10-30,C,370.0,579,963,0.4735160070800781,15.11,15.05,15.25
TSLA,2026-09-25,2026-10-30,C,375.0,1152,595,0.47400428344726564,13.31,13.25,13.45
TSLA,2026-09-25,2026-10-30,C,380.0,1466,381,0.4714713497924804,11.55,11.5,11.7
TSLA,2026-09-25,2026-10-30,C,385.0,1802,207,0.4696708306884766,10.14,10.1,10.15
TSLA,2026-09-25,2026-10-30,C,390.0,1870,605,0.47162393615722653,8.8,8.75,8.9
TSLA,2026-09-25,2026-10-30,C,395.0,270,140,0.4725394543457031,7.66,7.6,7.75
TSLA,2026-09-25,2026-10-30,C,400.0,1887,5338,0.4740958352661133,6.65,6.6,6.75
TSLA,2026-09-25,2026-10-30,C,405.0,236,255,0.4735160070800781,5.74,5.7,5.8
TSLA,2026-09-25,2026-10-30,C,410.0,1252,257,0.4758963543701171,4.98,4.9,5.05
TSLA,2026-09-25,2026-10-30,C,415.0,813,251,0.4785818743896484,4.35,4.25,4.4
TSLA,2026-09-25,2026-10-30,C,420.0,824,1006,0.4801077380371094,3.75,3.65,3.8
TSLA,2026-09-25,2026-10-30,C,425.0,580,255,0.4826101544189454,3.21,3.2,3.3
TSLA,2026-09-25,2026-10-30,C,430.0,585,162,0.4849905017089844,2.82,2.8,2.86
TSLA,2026-09-25,2026-10-30,C,435.0,327,183,0.4874929180908204,2.48,2.42,2.48
TSLA,2026-09-25,2026-10-30,C,440.0,450,181,0.4910939562988281,2.12,2.12,2.17
TSLA,2026-09-25,2026-10-30,C,445.0,208,123,0.4953663745117188,1.87,1.85,1.91
TSLA,2026-09-25,2026-10-30,C,450.0,613,477,0.4981739636230469,1.64,1.63,1.66
TSLA,2026-09-25,2026-10-30,C,455.0,86,258,0.5017139672851563,1.49,1.43,1.48
TSLA,2026-09-25,2026-10-30,C,460.0,284,80,0.506840869140625,1.31,1.27,1.32
TSLA,2026-09-25,2026-10-30,C,465.0,362,43,0.5111132873535156,1.15,1.12,1.17
TSLA,2026-09-25,2026-10-30,C,470.0,482,46,0.5163622583007812,1.07,1.0,1.05
TSLA,2026-09-25,2026-10-30,C,475.0,519,120,0.5217332983398437,0.94,0.9,0.94
TSLA,2026-09-25,2026-10-30,C,480.0,301,58,0.5273484765625001,0.83,0.81,0.85
TSLA,2026-09-25,2026-10-30,C,485.0,225,31,0.5329636547851562,0.76,0.73,0.77
TSLA,2026-09-25,2026-10-30,C,490.0,143,11,0.5393112475585939,0.68,0.67,0.7
TSLA,2026-09-25,2026-10-30,C,495.0,220,133,0.5451705639648439,0.63,0.61,0.64
TSLA,2026-09-25,2026-10-30,C,500.0,781,217,0.551762294921875,0.59,0.56,0.59
TSLA,2026-09-25,2026-10-30,C,505.0,57,9,0.5571333349609376,0.5,0.51,0.54
TSLA,2026-09-25,2026-10-30,C,510.0,121,112,0.5644574804687501,0.47,0.48,0.5
TSLA,2026-09-25,2026-10-30,C,515.0,63,10,0.569340244140625,0.45,0.43,0.46
TSLA,2026-09-25,2026-10-30,C,520.0,69,9,0.577152666015625,0.39,0.41,0.43
TSLA,2026-09-25,2026-10-30,C,525.0,187,6,0.5820354296875,0.38,0.37,0.4
TSLA,2026-09-25,2026-10-30,C,530.0,6,8,0.5898478515625001,0.34,0.35,0.38
TSLA,2026-09-25,2026-10-30,C,535.0,58,10,0.594730615234375,0.32,0.32,0.35
TSLA,2026-09-25,2026-10-30,C,540.0,3,123,0.6015664843750002,0.31,0.3,0.33
TSLA,2026-09-25,2026-10-30,C,545.0,3,2,0.6088906298828126,0.53,0.29,0.31
TSLA,2026-09-25,2026-10-30,C,550.0,154,86,0.6157264990234376,0.28,0.27,0.3
TSLA,2026-09-25,2026-10-30,C,555.0,23,1,0.6210975390625001,0.26,0.25,0.28
TSLA,2026-09-25,2026-10-30,C,560.0,3,1,0.6289099609375001,0.52,0.24,0.27
TSLA,2026-09-25,2026-10-30,C,570.0,7,3,0.641605146484375,0.41,0.22,0.24
TSLA,2026-09-25,2026-10-30,C,580.0,2,5,0.6552768847656252,0.19,0.2,0.22
TSLA,2026-09-25,2026-10-30,C,590.0,32,2,0.6669955175781253,0.19,0.18,0.2
TSLA,2026-09-25,2026-10-30,C,600.0,59,14,0.6796907031250001,0.2,0.16,0.19
TSLA,2026-09-25,2026-10-30,C,610.0,112,11,0.6914093359375001,0.15,0.15,0.17
TSLA,2026-09-25,2026-10-30,P,50.0,2,0,1.984375078125,0.01,0.0,0.02
TSLA,2026-09-25,2026-10-30,P,60.0,14,0,1.859375703125,0.01,0.0,0.03
TSLA,2026-09-25,2026-10-30,P,80.0,15,0,1.5937520312499998,0.03,0.01,0.03
TSLA,2026-09-25,2026-10-30,P,90.0,18,10,1.5000025,0.03,0.01,0.04
TSLA,2026-09-25,2026-10-30,P,100.0,43,17,1.3906280468749999,0.03,0.01,0.04
TSLA,2026-09-25,2026-10-30,P,110.0,29,4,1.3281283593749997,0.08,0.02,0.05
TSLA,2026-09-25,2026-10-30,P,120.0,52,1,1.2500037499999999,0.07,0.03,0.05
TSLA,2026-09-25,2026-10-30,P,130.0,15,2,1.1875040625,0.05,0.04,0.06
TSLA,2026-09-25,2026-10-30,P,140.0,91,3,1.11328568359375,0.06,0.04,0.07
TSLA,2026-09-25,2026-10-30,P,150.0,46,0,1.05859845703125,0.06,0.06,0.08
TSLA,2026-09-25,2026-10-30,P,160.0,75,1,1.0058643457031249,0.09,0.07,0.1
TSLA,2026-09-25,2026-10-30,P,170.0,21,2,0.95507857421875,0.1,0.09,0.12
TSLA,2026-09-25,2026-10-30,P,180.0,29,1,0.90429783203125,0.12,0.11,0.14
TSLA,2026-09-25,2026-10-30,P,190.0,62,6,0.852540537109375,0.14,0.13,0.16
TSLA,2026-09-25,2026-10-30,P,200.0,45,9,0.80664255859375,0.2,0.16,0.19
TSLA,2026-09-25,2026-10-30,P,210.0,52,4,0.764650791015625,0.22,0.2,0.23
TSLA,2026-09-25,2026-10-30,P,220.0,106,18,0.719729365234375,0.26,0.24,0.27
TSLA,2026-09-25,2026-10-30,P,230.0,48,31,0.676761044921875,0.3,0.29,0.32
TSLA,2026-09-25,2026-10-30,P,235.0,11,1,0.6562534375000001,0.37,0.32,0.35
TSLA,2026-09-25,2026-10-30,P,240.0,199,7,0.6347692773437501,0.37,0.35,0.38
TSLA,2026-09-25,2026-10-30,P,245.0,6,5,0.6157264990234376,0.4,0.39,0.42
TSLA,2026-09-25,2026-10-30,P,250.0,336,132,0.5954630297851562,0.44,0.43,0.46
TSLA,2026-09-25,2026-10-30,P,255.0,30,13,0.5766643896484375,0.48,0.48,0.51
TSLA,2026-09-25,2026-10-30,P,260.0,73,28,0.5590864404296876,0.55,0.54,0.58
TSLA,2026-09-25,2026-10-30,P,265.0,27,2,0.5429733203125001,0.64,0.62,0.66
TSLA,2026-09-25,2026-10-30,P,270.0,34,19,0.5278367529296876,0.72,0.72,0.76
TSLA,2026-09-25,2026-10-30,P,275.0,38,4,0.5131884619140624,0.87,0.84,0.88
TSLA,2026-09-25,2026-10-30,P,280.0,331,30,0.5002491381835938,1.01,1.0,1.03
TSLA,2026-09-25,2026-10-30,P,285.0,125,37,0.4919484399414063,1.2,1.2,1.25
TSLA,2026-09-25,2026-10-30,P,290.0,368,136,0.4803518762207031,1.49,1.44,1.49
TSLA,2026-09-25,2026-10-30,P,295.0,338,144,0.4713187634277344,1.78,1.75,1.81
TSLA,2026-09-25,2026-10-30,P,300.0,848,297,0.4622856506347657,2.19,2.16,2.19
TSLA,2026-09-25,2026-10-30,P,305.0,199,78,0.45667047241210945,2.69,2.65,2.71
TSLA,2026-09-25,2026-10-30,P,310.0,698,150,0.45203184692382814,3.3,3.2,3.35
TSLA,2026-09-25,2026-10-30,P,315.0,830,184,0.44714908325195313,4.0,3.95,4.1
TSLA,2026-09-25,2026-10-30,P,320.0,1152,271,0.4393976959228516,4.9,4.8,4.9
TSLA,2026-09-25,2026-10-30,P,325.0,403,219,0.4387263159179688,5.98,5.9,6.05
TSLA,2026-09-25,2026-10-30,P,330.0,617,308,0.43420975952148444,7.22,7.1,7.25
TSLA,2026-09-25,2026-10-30,P,335.0,390,147,0.4317683776855469,8.73,8.5,8.7
TSLA,2026-09-25,2026-10-30,P,340.0,476,1659,0.42816733947753904,10.29,10.15,10.3
TSLA,2026-09-25,2026-10-30,P,345.0,501,310,0.42456630126953127,12.02,11.95,12.1
TSLA,2026-09-25,2026-10-30,P,350.0,656,346,0.4231319894409179,14.15,14.05,14.2
TSLA,2026-09-25,2026-10-30,P,355.0,1185,309,0.4212399185180664,16.4,16.3,16.5
TSLA,2026-09-25,2026-10-30,P,360.0,665,512,0.41892060577392576,19.02,18.85,19.0
TSLA,2026-09-25,2026-10-30,P,365.0,472,187,0.4208431939697266,21.58,21.4,21.9
TSLA,2026-09-25,2026-10-30,P,370.0,1069,152,0.41425146301269533,24.0,24.4,24.65
TSLA,2026-09-25,2026-10-30,P,375.0,473,467,0.41699801757812494,27.25,27.1,28.0
TSLA,2026-09-25,2026-10-30,P,380.0,250,20,0.41498387756347654,30.0,30.45,31.35
TSLA,2026-09-25,2026-10-30,P,385.0,212,3,0.41199318481445313,32.25,34.0,34.85
TSLA,2026-09-25,2026-10-30,P,390.0,749,1,0.4292049267578125,37.59,37.65,39.25
TSLA,2026-09-25,2026-10-30,P,395.0,112,7,0.40796490478515623,41.66,41.4,42.45
TSLA,2026-09-25,2026-10-30,P,400.0,188,1,0.41144387390136716,46.0,45.8,46.65
TSLA,2026-09-25,2026-10-30,P,405.0,14,7,0.41449560119628903,37.35,48.3,50.95
TSLA,2026-09-25,2026-10-30,P,410.0,7,5,0.40772076660156253,44.4,53.8,55.1
TSLA,2026-09-25,2026-10-30,P,415.0,5,6,0.4082700775146484,58.37,58.45,59.55
TSLA,2026-09-25,2026-10-30,P,420.0,12,1,0.4935353381347657,43.85,62.5,66.05
TSLA,2026-09-25,2026-10-30,P,425.0,3,2,0.40381455566406255,64.3,65.05,68.6
TSLA,2026-09-25,2026-10-30,P,430.0,54,1,0.39160764648437496,60.85,71.45,73.1
TSLA,2026-09-25,2026-10-30,P,435.0,1,1,0.5195970892333983,66.79,75.15,80.05
TSLA,2026-09-25,2026-10-30,P,440.0,5,2,0.5238084729003907,71.73,77.95,84.7
TSLA,2026-09-25,2026-10-30,P,445.0,1,0,0.5614057531738281,68.77,82.75,90.05
TSLA,2026-09-25,2026-10-30,P,450.0,4,1,0.5690961059570312,80.98,89.95,94.8
TSLA,2026-09-25,2026-10-30,P,455.0,1,0,0.5808147387695313,77.8,94.6,99.65
TSLA,2026-09-25,2026-10-30,P,470.0,1,0,0.5914347497558594,90.75,109.95,113.9
TSLA,2026-09-25,2026-10-30,P,475.0,6,6,1.0000000000000003e-05,115.55,114.8,116.85
TSLA,2026-09-25,2026-10-30,P,500.0,1,0,0.6755403540039064,121.31,137.4,143.7
TSLA,2026-09-25,2026-11-06,C,200.0,1,1,1.1806681591796875,172.74,157.7,164.8
TSLA,2026-09-25,2026-11-06,C,255.0,5,5,0.837770177001953,116.65,105.05,110.15
TSLA,2026-09-25,2026-11-06,C,300.0,1,1,0.5441940112304688,75.0,61.7,64.75
TSLA,2026-09-25,2026-11-06,C,315.0,1,1,0.5046436254882812,65.52,49.55,51.0
TSLA,2026-09-25,2026-11-06,C,330.0,2,2,0.5027210372924805,50.0,38.2,39.6
TSLA,2026-09-25,2026-11-06,C,340.0,22,2,0.48438015625,34.0,31.8,32.55
TSLA,2026-09-25,2026-11-06,C,345.0,23,11,0.4798025653076171,29.5,28.8,29.45
TSLA,2026-09-25,2026-11-06,C,350.0,5,44,0.4758963543701171,26.85,26.0,26.55
TSLA,2026-09-25,2026-11-06,C,355.0,11,46,0.4715018670654296,24.1,23.4,23.8
TSLA,2026-09-25,2026-11-06,C,360.0,12,145,0.4697928997802735,21.2,21.05,21.35
TSLA,2026-09-25,2026-11-06,C,365.0,14,57,0.46960979614257814,19.2,18.75,19.15
TSLA,2026-09-25,2026-11-06,C,370.0,111,238,0.4668327243041992,17.0,16.7,17.0
TSLA,2026-09-25,2026-11-06,C,375.0,229,146,0.46796186340332036,15.07,14.85,15.2
TSLA,2026-09-25,2026-11-06,C,380.0,99,141,0.4655815161132813,13.24,13.15,13.4
TSLA,2026-09-25,2026-11-06,C,385.0,76,61,0.4698234170532227,11.87,11.5,12.05
TSLA,2026-09-25,2026-11-06,C,390.0,41,40,0.4662528961181641,10.53,10.25,10.5
TSLA,2026-09-25,2026-11-06,C,395.0,13,24,0.4676566906738281,9.15,9.0,9.3
TSLA,2026-09-25,2026-11-06,C,400.0,104,141,0.46722944885253903,8.13,7.9,8.15
TSLA,2026-09-25,2026-11-06,C,405.0,36,41,0.4689384161376954,6.95,6.95,7.2
TSLA,2026-09-25,2026-11-06,C,410.0,29,43,0.4706473834228516,6.25,6.15,6.35
TSLA,2026-09-25,2026-11-06,C,415.0,12,20,0.47260048889160156,5.6,5.35,5.6
TSLA,2026-09-25,2026-11-06,C,420.0,118,54,0.475041870727539,4.88,4.7,4.95
TSLA,2026-09-25,2026-11-06,C,425.0,16,24,0.4784598052978516,4.25,4.1,4.4
TSLA,2026-09-25,2026-11-06,C,430.0,44,17,0.4795584271240234,3.74,3.6,3.85
TSLA,2026-09-25,2026-11-06,C,435.0,11,4,0.4821218780517579,3.4,3.2,3.4
TSLA,2026-09-25,2026-11-06,C,440.0,20,32,0.4866994689941406,3.01,2.8,3.05
TSLA,2026-09-25,2026-11-06,C,445.0,20,16,0.4857229162597656,2.55,2.51,2.62
TSLA,2026-09-25,2026-11-06,C,450.0,79,46,0.4892629199218751,2.32,2.22,2.33
TSLA,2026-09-25,2026-11-06,C,455.0,6,22,0.4919484399414063,2.04,1.98,2.06
TSLA,2026-09-25,2026-11-06,C,460.0,17,62,0.49573258178710944,1.95,1.76,1.84
TSLA,2026-09-25,2026-11-06,C,465.0,20,6,0.501103621826172,1.72,1.57,1.67
TSLA,2026-09-25,2026-11-06,C,470.0,4,14,0.5017139672851563,1.47,1.42,1.48
TSLA,2026-09-25,2026-11-06,C,480.0,5,5,0.5122119091796875,1.26,1.15,1.25
TSLA,2026-09-25,2026-11-06,C,485.0,5,6,0.5178270874023438,1.12,1.04,1.16
TSLA,2026-09-25,2026-11-06,C,500.0,61,55,0.5283250292968751,0.85,0.75,0.85
TSLA,2026-09-25,2026-11-06,C,505.0,3,2,0.5369919348144532,0.74,0.74,0.79
TSLA,2026-09-25,2026-11-06,C,510.0,12,1,0.5427291821289064,0.68,0.68,0.74
TSLA,2026-09-25,2026-11-06,C,515.0,11,11,0.549076774902344,0.91,0.63,0.7
TSLA,2026-09-25,2026-11-06,C,535.0,44,44,0.5732464550781251,0.6,0.47,0.56
TSLA,2026-09-25,2026-11-06,C,540.0,1,2,0.5766643896484375,0.51,0.45,0.49
TSLA,2026-09-25,2026-11-06,C,560.0,1,1,0.59570716796875,0.44,0.32,0.39
TSLA,2026-09-25,2026-11-06,C,610.0,1,2,0.6543003320312502,0.29,0.17,0.29
TSLA,2026-09-25,2026-11-06,P,170.0,1,1,0.88476677734375,0.11,0.06,0.19
TSLA,2026-09-25,2026-11-06,P,180.0,10,10,0.84179845703125,0.13,0.09,0.22
TSLA,2026-09-25,2026-11-06,P,200.0,11,26,0.7563500927734376,0.2,0.16,0.29
TSLA,2026-09-25,2026-11-06,P,210.0,1,1,0.711916943359375,0.3,0.19,0.33
TSLA,2026-09-25,2026-11-06,P,220.0,6,1,0.6699251757812501,0.33,0.24,0.37
TSLA,2026-09-25,2026-11-06,P,250.0,19,14,0.56055126953125,0.57,0.5,0.61
TSLA,2026-09-25,2026-11-06,P,255.0,10,124,0.5444381494140625,0.64,0.59,0.66
TSLA,2026-09-25,2026-11-06,P,265.0,10,5,0.5117236328125,0.84,0.72,0.85
TSLA,2026-09-25,2026-11-06,P,270.0,256,256,0.5039112109375,0.95,0.92,1.0
TSLA,2026-09-25,2026-11-06,P,275.0,1,51,0.495122236328125,1.11,1.07,1.16
TSLA,2026-09-25,2026-11-06,P,280.0,9,10,0.48291532714843755,1.32,1.2,1.35
TSLA,2026-09-25,2026-11-06,P,285.0,10,31,0.47681187255859375,1.51,1.54,1.66
TSLA,2026-09-25,2026-11-06,P,290.0,11,274,0.4672904833984375,1.87,1.85,1.97
TSLA,2026-09-25,2026-11-06,P,295.0,7,92,0.4559380578613281,2.28,2.18,2.3
TSLA,2026-09-25,2026-11-06,P,300.0,49,165,0.45361874511718747,2.75,2.67,2.87
TSLA,2026-09-25,2026-11-06,P,305.0,11,46,0.4472101177978516,3.3,3.2,3.45
TSLA,2026-09-25,2026-11-06,P,310.0,67,105,0.4417780432128906,3.93,3.85,4.15
TSLA,2026-09-25,2026-11-06,P,315.0,59,71,0.43756665954589846,4.8,4.65,5.0
TSLA,2026-09-25,2026-11-06,P,320.0,95,104,0.4308528594970704,5.67,5.65,5.9
TSLA,2026-09-25,2026-11-06,P,325.0,79,192,0.42902182312011716,7.0,6.75,7.1
TSLA,2026-09-25,2026-11-06,P,330.0,691,255,0.42664147583007817,8.0,8.1,8.45
TSLA,2026-09-25,2026-11-06,P,335.0,615,62,0.42365078308105464,9.8,9.6,9.95
TSLA,2026-09-25,2026-11-06,P,340.0,77,95,0.4222775057983398,11.55,11.3,11.7
TSLA,2026-09-25,2026-11-06,P,345.0,53,62,0.41986664123535156,13.43,13.25,13.6
TSLA,2026-09-25,2026-11-06,P,350.0,165,80,0.4165097412109374,15.54,15.35,15.65
TSLA,2026-09-25,2026-11-06,P,355.0,36,41,0.41528905029296875,17.55,17.65,18.0
TSLA,2026-09-25,2026-11-06,P,360.0,16,39,0.4150754293823242,20.32,20.25,20.6
TSLA,2026-09-25,2026-11-06,P,365.0,7,8,0.41379370391845705,22.41,22.9,23.35
TSLA,2026-09-25,2026-11-06,P,370.0,22,15,0.41260353027343744,25.67,25.7,26.3
TSLA,2026-09-25,2026-11-06,P,375.0,9,10,0.4116269775390625,29.0,28.95,29.45
TSLA,2026-09-25,2026-11-06,P,380.0,59,6,0.42011077941894537,31.75,31.8,33.2
TSLA,2026-09-25,2026-11-06,P,385.0,1,5,0.41119973571777346,35.5,35.1,36.35
TSLA,2026-09-25,2026-11-06,P,390.0,3,0,0.4048521429443359,28.55,38.35,39.8
TSLA,2026-09-25,2026-11-06,P,395.0,2,2,0.4239559558105469,36.28,43.2,44.4
TSLA,2026-09-25,2026-11-06,P,400.0,5,1,0.4332332067871094,47.02,45.5,48.7
TSLA,2026-09-25,2026-11-06,P,405.0,3,0,0.4666191033935547,36.65,48.95,53.95
TSLA,2026-09-25,2026-11-06,P,410.0,1,0,0.4052183502197265,40.5,54.9,56.05
TSLA,2026-09-25,2026-11-06,P,415.0,1,1,0.4229794030761719,49.25,58.35,60.9
TSLA,2026-09-25,2026-11-06,P,420.0,5,3,0.46393358337402346,52.38,61.5,66.45
TSLA,2026-09-25,2026-11-06,P,425.0,1,1,0.38977661010742193,60.13,67.6,69.0
TSLA,2026-09-25,2026-11-06,P,445.0,1,1,0.47095255615234377,76.88,82.9,89.15
TSLA,2026-09-25,2026-11-06,P,450.0,10,0,0.543949873046875,73.65,87.85,95.35
TSLA,2026-09-25,2026-11-20,C,5.0,88,10,7.515625605468751,356.55,352.05,357.9
TSLA,2026-09-25,2026-11-20,C,20.0,2,1,4.2187547265625,347.0,336.3,343.25
TSLA,2026-09-25,2026-11-20,C,25.0,0,20,1.0000000000000003e-05,308.9,0.0,0.0
TSLA,2026-09-25,2026-11-20,C,30.0,47,3,3.6357430981445313,340.65,326.7,333.3
TSLA,2026-09-25,2026-11-20,C,50.0,10,0,2.8652372119140628,313.64,306.9,313.3
TSLA,2026-09-25,2026-11-20,C,55.0,0,0,1.0000000000000003e-05,326.9,0.0,0.0
TSLA,2026-09-25,2026-11-20,C,65.0,0,3,1.0000000000000003e-05,336.27,0.0,0.0
TSLA,2026-09-25,2026-11-20,C,70.0,4,0,2.356449421386718,284.76,286.65,293.45
TSLA,2026-09-25,2026-11-20,C,80.0,0,0,1.0000000000000003e-05,300.2,0.0,0.0
TSLA,2026-09-25,2026-11-20,C,85.0,1,0,6.105226977844238,342.25,317.55,323.45
TSLA,2026-09-25,2026-11-20,C,95.0,3,8,1.0000000000000003e-05,230.13,253.75,257.45
TSLA,2026-09-25,2026-11-20,C,100.0,176,36,1.9433596582031252,273.78,257.5,263.65
TSLA,2026-09-25,2026-11-20,C,110.0,140,1,1.8205575378417969,271.0,247.6,253.75
TSLA,2026-09-25,2026-11-20,C,120.0,215,90,1.753663341064453,244.44,238.4,243.85
TSLA,2026-09-25,2026-11-20,C,130.0,91,3,1.6027851892089844,237.48,227.75,233.95
TSLA,2026-09-25,2026-11-20,C,140.0,89,1,1.0000000000000003e-05,173.76,209.45,213.1
TSLA,2026-09-25,2026-11-20,C,150.0,121,1,1.4484890856933594,225.0,208.55,214.15
TSLA,2026-09-25,2026-11-20,C,155.0,0,1,1.0000000000000003e-05,208.85,0.0,0.0
TSLA,2026-09-25,2026-11-20,C,160.0,278,1,1.3219028045654297,220.19,197.8,204.25
TSLA,2026-09-25,2026-11-20,C,165.0,11,1,1.2868688000488282,207.28,193.65,198.6
TSLA,2026-09-25,2026-11-20,C,170.0,40,4,1.281009454345703,185.56,188.75,194.35
TSLA,2026-09-25,2026-11-20,C,175.0,0,1,1.0000000000000003e-05,175.05,0.0,0.0
TSLA,2026-09-25,2026-11-20,C,180.0,0,16,1.0000000000000003e-05,245.48,0.0,0.0
TSLA,2026-09-25,2026-11-20,C,185.0,36,1,1.1387982513427735,185.32,173.2,179.5
TSLA,2026-09-25,2026-11-20,C,190.0,64,2,1.0773971911621096,172.76,169.45,172.7
TSLA,2026-09-25,2026-11-20,C,195.0,32,1,1.0907027886962892,165.0,163.9,169.6
TSLA,2026-09-25,2026-11-20,C,200.0,88,6,1.0179492462158202,162.03,159.6,162.95
TSLA,2026-09-25,2026-11-20,C,210.0,45,1,1.018193385620117,158.65,149.95,154.8
TSLA,2026-09-25,2026-11-20,C,220.0,69,1,0.9123543920898438,141.74,139.55,144.1
TSLA,2026-09-25,2026-11-20,C,225.0,63,1,0.8927012683105469,146.31,134.15,140.0
TSLA,2026-09-25,2026-11-20,C,230.0,159,1,0.8859874682617187,143.5,130.05,135.1
TSLA,2026-09-25,2026-11-20,C,235.0,90,1,0.8410660424804688,133.1,124.6,130.15
TSLA,2026-09-25,2026-11-20,C,240.0,249,5,0.7945577185058592,122.7,121.05,123.2
TSLA,2026-09-25,2026-11-20,C,245.0,69,13,0.8121356677246092,124.19,116.0,120.3
TSLA,2026-09-25,2026-11-20,C,250.0,339,1,0.7411524908447265,112.0,110.8,113.9
TSLA,2026-09-25,2026-11-20,C,255.0,96,6,0.7175321215820312,112.19,105.05,110.0
TSLA,2026-09-25,2026-11-20,C,260.0,145,19,0.6733431103515627,110.5,101.1,103.4
TSLA,2026-09-25,2026-11-20,C,265.0,56,10,0.6413610083007812,98.17,96.1,98.35
TSLA,2026-09-25,2026-11-20,C,270.0,169,4,0.6394079028320312,105.75,91.6,94.2
TSLA,2026-09-25,2026-11-20,C,275.0,117,1,0.6172523626708986,90.55,87.2,89.05
TSLA,2026-09-25,2026-11-20,C,280.0,135,1,0.5872844006347657,84.5,81.75,84.55
TSLA,2026-09-25,2026-11-20,C,285.0,110,1,0.5856975024414062,79.55,78.15,79.8
TSLA,2026-09-25,2026-11-20,C,290.0,357,4,0.5382736602783205,74.02,72.75,74.25
TSLA,2026-09-25,2026-11-20,C,295.0,168,2,0.5365646929931642,69.94,68.65,70.15
TSLA,2026-09-25,2026-11-20,C,300.0,429,6,0.5296067547607424,65.65,64.7,65.75
TSLA,2026-09-25,2026-11-20,C,305.0,549,1,0.5202684692382812,62.08,60.7,61.4
TSLA,2026-09-25,2026-11-20,C,310.0,1197,29,0.5114184600830078,56.89,56.55,57.4
TSLA,2026-09-25,2026-11-20,C,315.0,447,10,0.5009815527343751,53.38,52.65,53.2
TSLA,2026-09-25,2026-11-20,C,320.0,1865,18,0.4982960327148438,49.14,48.35,49.3
TSLA,2026-09-25,2026-11-20,C,325.0,904,7,0.493291199951172,47.1,45.1,45.7
TSLA,2026-09-25,2026-11-20,C,330.0,1228,112,0.48566188171386715,42.03,41.6,42.1
TSLA,2026-09-25,2026-11-20,C,335.0,855,20,0.47855135711669916,38.68,38.25,38.65
TSLA,2026-09-25,2026-11-20,C,340.0,1343,104,0.47281410980224614,35.22,35.15,35.4
TSLA,2026-09-25,2026-11-20,C,345.0,626,43,0.4710746252441406,32.25,32.35,32.5
TSLA,2026-09-25,2026-11-20,C,350.0,16752,206,0.4664359997558594,29.42,29.45,29.6
TSLA,2026-09-25,2026-11-20,C,355.0,819,74,0.4654899642944337,26.77,26.85,27.05
TSLA,2026-09-25,2026-11-20,C,360.0,4110,587,0.46353685882568363,24.42,24.45,24.6
TSLA,2026-09-25,2026-11-20,C,365.0,2263,458,0.46060720062255867,22.22,22.1,22.25
TSLA,2026-09-25,2026-11-20,C,370.0,2939,663,0.4594780615234375,20.06,20.0,20.15
TSLA,2026-09-25,2026-11-20,C,375.0,3042,1218,0.4574639215087891,18.14,18.0,18.15
TSLA,2026-09-25,2026-11-20,C,380.0,4147,524,0.45740288696289066,16.35,16.3,16.4
TSLA,2026-09-25,2026-11-20,C,385.0,2614,201,0.45761650787353525,14.73,14.65,14.8
TSLA,2026-09-25,2026-11-20,C,390.0,1835,415,0.45725030059814464,13.27,13.2,13.3
TSLA,2026-09-25,2026-11-20,C,395.0,1246,157,0.45844047424316414,11.9,11.85,12.0
TSLA,2026-09-25,2026-11-20,C,400.0,9795,1627,0.458287887878418,10.69,10.6,10.75
TSLA,2026-09-25,2026-11-20,C,405.0,1027,362,0.4578911633300782,9.73,9.45,9.6
TSLA,2026-09-25,2026-11-20,C,410.0,3133,345,0.45972219970703126,8.58,8.5,8.65
TSLA,2026-09-25,2026-11-20,C,415.0,2359,279,0.4606377178955079,7.7,7.6,7.75
TSLA,2026-09-25,2026-11-20,C,420.0,3007,1224,0.46191944335937507,6.83,6.85,6.95
TSLA,2026-09-25,2026-11-20,C,425.0,2595,103,0.46381151428222656,6.15,6.15,6.25
TSLA,2026-09-25,2026-11-20,C,430.0,2595,120,0.46381151428222656,5.5,5.45,5.55
TSLA,2026-09-25,2026-11-20,C,435.0,1666,281,0.46619186157226566,4.95,4.95,5.0
TSLA,2026-09-25,2026-11-20,C,440.0,2672,149,0.4683891052246094,4.47,4.4,4.5
TSLA,2026-09-25,2026-11-20,C,445.0,1520,107,0.4706473834228516,4.08,3.95,4.05
TSLA,2026-09-25,2026-11-20,C,450.0,4910,719,0.4730277307128906,3.65,3.55,3.65
TSLA,2026-09-25,2026-11-20,C,455.0,945,846,0.4758353198242187,3.25,3.2,3.3
TSLA,2026-09-25,2026-11-20,C,460.0,1549,152,0.477544287109375,3.0,2.91,2.96
TSLA,2026-09-25,2026-11-20,C,465.0,958,45,0.48126739440917965,2.68,2.64,2.7
TSLA,2026-09-25,2026-11-20,C,470.0,2522,48,0.48376981079101566,2.45,2.4,2.44
TSLA,2026-09-25,2026-11-20,C,475.0,1195,72,0.48743188354492195,2.2,2.19,2.23
TSLA,2026-09-25,2026-11-20,C,480.0,2358,120,0.49060567993164067,2.03,2.0,2.03
TSLA,2026-09-25,2026-11-20,C,485.0,861,114,0.49432878723144535,1.9,1.84,1.86
TSLA,2026-09-25,2026-11-20,C,490.0,1014,33,0.49884534362792965,1.72,1.68,1.72
TSLA,2026-09-25,2026-11-20,C,495.0,557,59,0.5015918981933594,1.59,1.55,1.58
TSLA,2026-09-25,2026-11-20,C,500.0,12019,554,0.5059863854980469,1.45,1.44,1.46
TSLA,2026-09-25,2026-11-20,C,505.0,695,30,0.5103808728027344,1.36,1.33,1.36
TSLA,2026-09-25,2026-11-20,C,510.0,1019,69,0.5147753601074219,1.28,1.23,1.27
TSLA,2026-09-25,2026-11-20,C,515.0,601,2,0.5189257092285156,1.14,1.14,1.18
TSLA,2026-09-25,2026-11-20,C,520.0,788,136,0.5239305419921875,1.11,1.08,1.1
TSLA,2026-09-25,2026-11-20,C,525.0,781,2,0.5285691674804689,1.03,1.0,1.04
TSLA,2026-09-25,2026-11-20,C,530.0,1832,27,0.5334519311523438,0.97,0.95,0.97
TSLA,2026-09-25,2026-11-20,C,535.0,630,22,0.5374802111816408,0.9,0.88,0.91
TSLA,2026-09-25,2026-11-20,C,540.0,1293,18,0.5424850439453126,0.84,0.83,0.86
TSLA,2026-09-25,2026-11-20,C,545.0,330,4,0.5468795312500001,0.8,0.78,0.81
TSLA,2026-09-25,2026-11-20,C,550.0,1963,27,0.5526167785644531,0.76,0.76,0.76
TSLA,2026-09-25,2026-11-20,C,555.0,184,9,0.5568891967773439,0.88,0.7,0.73
TSLA,2026-09-25,2026-11-20,C,560.0,1288,14,0.5617719604492188,0.68,0.67,0.69
TSLA,2026-09-25,2026-11-20,C,565.0,213,2,0.5651898950195313,0.96,0.62,0.65
TSLA,2026-09-25,2026-11-20,C,570.0,692,7,0.5700726586914062,0.83,0.59,0.62
TSLA,2026-09-25,2026-11-20,C,575.0,278,11,0.5754436987304687,0.56,0.57,0.59
TSLA,2026-09-25,2026-11-20,C,580.0,265,3,0.5795940478515625,0.56,0.54,0.56
TSLA,2026-09-25,2026-11-20,C,585.0,400,6,0.584965087890625,1.0,0.52,0.54
TSLA,2026-09-25,2026-11-20,C,590.0,423,138,0.5888712988281251,0.48,0.49,0.51
TSLA,2026-09-25,2026-11-20,C,595.0,478,20,0.5927775097656252,0.55,0.46,0.49
TSLA,2026-09-25,2026-11-20,C,600.0,4259,6,0.5974161352539062,0.45,0.44,0.47
TSLA,2026-09-25,2026-11-20,C,605.0,210,4,0.601810622558594,0.6,0.42,0.45
TSLA,2026-09-25,2026-11-20,C,610.0,444,8,0.6059609716796877,0.42,0.4,0.43
TSLA,2026-09-25,2026-11-20,C,615.0,156,4,0.6098671826171876,0.39,0.38,0.41
TSLA,2026-09-25,2026-11-20,C,620.0,588,13,0.6152382226562501,0.39,0.37,0.4
TSLA,2026-09-25,2026-11-20,C,625.0,248,5,0.6186561572265626,0.34,0.35,0.38
TSLA,2026-09-25,2026-11-20,C,630.0,282,11,0.624027197265625,0.32,0.34,0.37
TSLA,2026-09-25,2026-11-20,C,635.0,304,1,0.6269568554687501,0.3,0.32,0.35
TSLA,2026-09-25,2026-11-20,C,640.0,92,1,0.631839619140625,0.29,0.31,0.34
TSLA,2026-09-25,2026-11-20,C,645.0,553,5,0.6362341064453125,0.28,0.3,0.33
TSLA,2026-09-25,2026-11-20,C,650.0,329,3,0.6411168701171875,0.29,0.29,0.32
TSLA,2026-09-25,2026-11-20,C,655.0,163,1,0.6455113574218749,0.27,0.28,0.31
TSLA,2026-09-25,2026-11-20,C,660.0,1483,12,0.649417568359375,0.27,0.27,0.3
TSLA,2026-09-25,2026-11-20,C,665.0,199,1,0.6533237792968751,0.27,0.26,0.29
TSLA,2026-09-25,2026-11-20,C,670.0,822,3,0.657229990234375,0.23,0.25,0.28
TSLA,2026-09-25,2026-11-20,C,675.0,2084,1,0.6611362011718751,0.23,0.24,0.27
TSLA,2026-09-25,2026-11-20,C,680.0,3092,1,0.6645541357421877,0.2,0.23,0.26
TSLA,2026-09-25,2026-11-20,C,685.0,286,1,0.6679720703125002,0.19,0.22,0.25
TSLA,2026-09-25,2026-11-20,C,690.0,2285,1,0.6728548339843752,0.2,0.22,0.24
TSLA,2026-09-25,2026-11-20,C,695.0,2215,1,0.6772493212890626,0.19,0.21,0.24
TSLA,2026-09-25,2026-11-20,C,700.0,17561,53,0.6816438085937502,0.21,0.21,0.23
TSLA,2026-09-25,2026-11-20,C,705.0,479,1,0.684573466796875,0.23,0.2,0.22
TSLA,2026-09-25,2026-11-20,C,710.0,2000,1,0.6884796777343751,0.2,0.19,0.22
TSLA,2026-09-25,2026-11-20,C,720.0,387,2,0.6953155468750001,0.18,0.18,0.2
TSLA,2026-09-25,2026-11-20,C,730.0,545,1,0.70312796875,0.18,0.17,0.19
TSLA,2026-09-25,2026-11-20,C,740.0,222,2,0.709963837890625,0.17,0.16,0.18
TSLA,2026-09-25,2026-11-20,C,750.0,441,5,0.71679970703125,0.16,0.15,0.17
TSLA,2026-09-25,2026-11-20,C,760.0,466,3,0.725588681640625,0.13,0.14,0.17
TSLA,2026-09-25,2026-11-20,C,770.0,916,1,0.7314479980468749,0.12,0.13,0.16
TSLA,2026-09-25,2026-11-20,C,780.0,373,1,0.73633076171875,0.11,0.12,0.15
TSLA,2026-09-25,2026-11-20,C,790.0,756,41,0.74414318359375,0.14,0.12,0.14
TSLA,2026-09-25,2026-11-20,C,800.0,1641,2,0.75195560546875,0.11,0.11,0.14
TSLA,2026-09-25,2026-11-20,C,810.0,710,1,0.7587914746093751,0.16,0.11,0.13
TSLA,2026-09-25,2026-11-20,C,820.0,481,1,0.7656273437500001,0.16,0.1,0.13
TSLA,2026-09-25,2026-11-20,C,830.0,461,1,0.77148666015625,0.12,0.1,0.12
TSLA,2026-09-25,2026-11-20,C,840.0,129,3,0.7773459765625,0.09,0.09,0.12
TSLA,2026-09-25,2026-11-20,C,850.0,775,1,0.7832052929687501,0.11,0.09,0.11
TSLA,2026-09-25,2026-11-20,C,860.0,472,1,0.789064609375,0.2,0.08,0.11
TSLA,2026-09-25,2026-11-20,C,870.0,1128,1,0.79883013671875,0.1,0.08,0.11
TSLA,2026-09-25,2026-11-20,C,880.0,35,12,0.8027363476562499,0.1,0.08,0.1
TSLA,2026-09-25,2026-11-20,C,890.0,55,50,0.8085956640624999,0.07,0.07,0.1
TSLA,2026-09-25,2026-11-20,C,900.0,1859,222,0.8164080859374999,0.08,0.08,0.09
TSLA,2026-09-25,2026-11-20,P,5.0,4148,10,3.3125017187499997,0.01,0.0,0.01
TSLA,2026-09-25,2026-11-20,P,10.0,0,1,0.500005,0.1,0.0,0.0
TSLA,2026-09-25,2026-11-20,P,15.0,13,13,2.43750390625,0.01,0.0,0.01
TSLA,2026-09-25,2026-11-20,P,20.0,28,1,2.1875045312499997,0.01,0.0,0.01
TSLA,2026-09-25,2026-11-20,P,25.0,17,4,2.000005,0.01,0.0,0.01
TSLA,2026-09-25,2026-11-20,P,30.0,639,2,1.875000625,0.03,0.0,0.01
TSLA,2026-09-25,2026-11-20,P,35.0,500,3,1.75000125,0.01,0.0,0.01
TSLA,2026-09-25,2026-11-20,P,40.0,55,2,1.71875140625,0.02,0.0,0.02
TSLA,2026-09-25,2026-11-20,P,45.0,541,1,1.640626796875,0.01,0.0,0.02
TSLA,2026-09-25,2026-11-20,P,50.0,4980,4,1.46875265625,0.01,0.0,0.01
TSLA,2026-09-25,2026-11-20,P,55.0,72,10,1.5312523437499999,0.02,0.0,0.03
TSLA,2026-09-25,2026-11-20,P,60.0,132,1,1.453127734375,0.08,0.0,0.03
TSLA,2026-09-25,2026-11-20,P,65.0,301,5,1.4453152734375,0.02,0.01,0.04
TSLA,2026-09-25,2026-11-20,P,70.0,564,1,1.3828155859374998,0.01,0.01,0.04
TSLA,2026-09-25,2026-11-20,P,75.0,689,12,1.3281283593749997,0.04,0.01,0.04
TSLA,2026-09-25,2026-11-20,P,80.0,594,1,1.3125034374999998,0.09,0.02,0.05
TSLA,2026-09-25,2026-11-20,P,85.0,563,10,1.2578162109375,0.07,0.02,0.05
TSLA,2026-09-25,2026-11-20,P,90.0,439,5,1.2382850585937497,0.04,0.03,0.06
TSLA,2026-09-25,2026-11-20,P,95.0,448,2,1.19141029296875,0.04,0.03,0.06
TSLA,2026-09-25,2026-11-20,P,100.0,7118,40,1.1679729101562502,0.05,0.04,0.07
TSLA,2026-09-25,2026-11-20,P,110.0,651,12,1.1171919140625,0.05,0.07,0.08
TSLA,2026-09-25,2026-11-20,P,120.0,313,4,1.05078599609375,0.09,0.07,0.1
TSLA,2026-09-25,2026-11-20,P,130.0,658,12,0.99804689453125,0.1,0.09,0.12
TSLA,2026-09-25,2026-11-20,P,140.0,278,1,0.954102021484375,0.13,0.12,0.15
TSLA,2026-09-25,2026-11-20,P,150.0,3817,6,0.905274384765625,0.16,0.15,0.17
TSLA,2026-09-25,2026-11-20,P,155.0,178,1,0.8828136718749999,0.19,0.16,0.19
TSLA,2026-09-25,2026-11-20,P,160.0,449,19,0.8623060644531251,0.19,0.18,0.21
TSLA,2026-09-25,2026-11-20,P,165.0,365,54,0.8388687988281249,0.21,0.2,0.22
TSLA,2026-09-25,2026-11-20,P,170.0,177,53,0.8203142968749999,0.23,0.22,0.25
TSLA,2026-09-25,2026-11-20,P,175.0,3487,26,0.79883013671875,0.26,0.24,0.27
TSLA,2026-09-25,2026-11-20,P,180.0,455,2,0.7773459765625,0.28,0.26,0.29
TSLA,2026-09-25,2026-11-20,P,185.0,248,1,0.7578149218750001,0.33,0.28,0.32
TSLA,2026-09-25,2026-11-20,P,190.0,808,3,0.737307314453125,0.34,0.31,0.34
TSLA,2026-09-25,2026-11-20,P,195.0,304,1,0.7158231542968749,0.38,0.33,0.36
TSLA,2026-09-25,2026-11-20,P,200.0,1268,18,0.6967803759765626,0.37,0.36,0.39
TSLA,2026-09-25,2026-11-20,P,210.0,925,2,0.65820654296875,0.44,0.42,0.45
TSLA,2026-09-25,2026-11-20,P,220.0,1485,82,0.6206092626953126,0.51,0.49,0.52
TSLA,2026-09-25,2026-11-20,P,225.0,361,13,0.6020547607421877,0.55,0.53,0.56
TSLA,2026-09-25,2026-11-20,P,230.0,1962,23,0.5852092260742188,0.61,0.58,0.61
TSLA,2026-09-25,2026-11-20,P,235.0,1622,5,0.5690961059570312,0.65,0.64,0.67
TSLA,2026-09-25,2026-11-20,P,240.0,1231,3,0.5532271240234375,0.76,0.7,0.74
TSLA,2026-09-25,2026-11-20,P,245.0,691,23,0.5383346948242189,0.83,0.78,0.82
TSLA,2026-09-25,2026-11-20,P,250.0,18618,33,0.5241746801757812,0.9,0.88,0.91
TSLA,2026-09-25,2026-11-20,P,255.0,2832,37,0.5114794946289063,1.0,1.0,1.03
TSLA,2026-09-25,2026-11-20,P,260.0,3931,51,0.5006153454589843,1.15,1.14,1.17
TSLA,2026-09-25,2026-11-20,P,265.0,2272,15,0.4899953344726563,1.32,1.3,1.35
TSLA,2026-09-25,2026-11-20,P,270.0,3043,76,0.47900911621093745,1.52,1.51,1.55
TSLA,2026-09-25,2026-11-20,P,275.0,2164,23,0.47009807250976565,1.75,1.77,1.81
TSLA,2026-09-25,2026-11-20,P,280.0,4327,134,0.46179737426757816,2.11,2.08,2.12
TSLA,2026-09-25,2026-11-20,P,285.0,1151,53,0.4545952978515625,2.46,2.45,2.5
TSLA,2026-09-25,2026-11-20,P,290.0,2074,122,0.4470880487060547,2.9,2.89,2.93
TSLA,2026-09-25,2026-11-20,P,295.0,2585,132,0.4425714923095704,3.4,3.4,3.5
TSLA,2026-09-25,2026-11-20,P,300.0,7210,460,0.4361018304443359,4.08,4.05,4.1
TSLA,2026-09-25,2026-11-20,P,305.0,5219,134,0.4317073431396484,4.84,4.8,4.85
TSLA,2026-09-25,2026-11-20,P,310.0,5996,305,0.4285640640258789,5.68,5.6,5.75
TSLA,2026-09-25,2026-11-20,P,315.0,2735,56,0.42352871398925784,6.69,6.55,6.7
TSLA,2026-09-25,2026-11-20,P,320.0,4598,622,0.4204159521484375,7.82,7.7,7.85
TSLA,2026-09-25,2026-11-20,P,325.0,6204,220,0.4175168112182617,9.1,9.0,9.15
TSLA,2026-09-25,2026-11-20,P,330.0,6388,352,0.41354956573486323,10.55,10.45,10.55
TSLA,2026-09-25,2026-11-20,P,335.0,3299,202,0.41156594299316407,12.1,12.1,12.2
TSLA,2026-09-25,2026-11-20,P,340.0,3210,191,0.4092466302490234,13.94,13.85,14.0
TSLA,2026-09-25,2026-11-20,P,345.0,2554,97,0.4074766284179688,15.75,15.8,16.0
TSLA,2026-09-25,2026-11-20,P,350.0,10029,269,0.4061338684082031,18.17,18.1,18.2
TSLA,2026-09-25,2026-11-20,P,355.0,3426,135,0.4042417974853516,20.41,20.4,20.55
TSLA,2026-09-25,2026-11-20,P,360.0,2917,448,0.4018614501953125,23.0,22.9,23.05
TSLA,2026-09-25,2026-11-20,P,365.0,1645,119,0.400823862915039,25.7,25.6,25.8
TSLA,2026-09-25,2026-11-20,P,370.0,4696,98,0.4002135174560547,28.28,28.55,28.75
TSLA,2026-09-25,2026-11-20,P,375.0,1838,560,0.39838248107910157,31.5,31.55,31.8
TSLA,2026-09-25,2026-11-20,P,380.0,6583,96,0.39716179016113284,34.76,34.8,35.05
TSLA,2026-09-25,2026-11-20,P,385.0,2233,65,0.3948424774169922,38.3,38.15,38.4
TSLA,2026-09-25,2026-11-20,P,390.0,2384,35,0.3934386828613281,33.8,41.65,41.95
TSLA,2026-09-25,2026-11-20,P,395.0,763,141,0.39002074829101563,45.37,45.3,45.55
TSLA,2026-09-25,2026-11-20,P,400.0,3093,53,0.3923705783081054,49.5,49.1,49.55
TSLA,2026-09-25,2026-11-20,P,405.0,642,17,0.3921569573974609,52.4,52.9,53.55
TSLA,2026-09-25,2026-11-20,P,410.0,986,5,0.3954528228759766,57.25,56.8,57.8
TSLA,2026-09-25,2026-11-20,P,415.0,337,29,0.41107766662597656,52.3,60.6,62.6
TSLA,2026-09-25,2026-11-20,P,420.0,1072,5,0.4022276574707031,64.93,64.9,66.55
TSLA,2026-09-25,2026-11-20,P,425.0,810,1,0.4092466302490234,53.73,68.65,71.15
TSLA,2026-09-25,2026-11-20,P,430.0,1148,3,0.4000914483642578,63.93,73.25,75.3
TSLA,2026-09-25,2026-11-20,P,435.0,201,30,0.40845318115234375,64.62,77.55,80.05
TSLA,2026-09-25,2026-11-20,P,440.0,817,1,0.392034888305664,72.0,82.05,84.2
TSLA,2026-09-25,2026-11-20,P,445.0,337,1,0.41992767578125,70.87,85.5,89.5
TSLA,2026-09-25,2026-11-20,P,450.0,1035,5,0.41602146484374997,90.7,92.05,94.05
TSLA,2026-09-25,2026-11-20,P,455.0,137,10,0.4419001123046875,79.7,95.45,99.3
TSLA,2026-09-25,2026-11-20,P,460.0,215,1,0.40332627929687503,100.19,101.15,103.25
TSLA,2026-09-25,2026-11-20,P,465.0,101,2,0.46631393066406257,94.0,104.05,109.2
TSLA,2026-09-25,2026-11-20,P,470.0,213,25,0.3991759301757813,110.75,109.35,112.8
TSLA,2026-09-25,2026-11-20,P,475.0,736,100,0.3947814428710938,102.86,113.65,117.6
TSLA,2026-09-25,2026-11-20,P,480.0,140,17,0.48993429992675785,108.7,118.15,123.85
TSLA,2026-09-25,2026-11-20,P,485.0,193,2,0.4133359448242187,113.3,123.4,127.55
TSLA,2026-09-25,2026-11-20,P,490.0,59,2,0.45093322509765627,129.12,128.7,132.85
TSLA,2026-09-25,2026-11-20,P,495.0,95,30,0.4585015087890626,124.0,133.2,137.8
TSLA,2026-09-25,2026-11-20,P,500.0,75,25,0.4414118359375,128.9,139.45,142.5
TSLA,2026-09-25,2026-11-20,P,505.0,10,10,0.40479110839843746,125.1,143.05,147.15
TSLA,2026-09-25,2026-11-20,P,510.0,12,1,0.6566806793212892,203.14,153.45,158.1
TSLA,2026-09-25,2026-11-20,P,515.0,90,5,0.538212625732422,141.6,152.8,158.25
TSLA,2026-09-25,2026-11-20,P,520.0,36,9,0.4580132324218751,159.04,157.95,162.3
TSLA,2026-09-25,2026-11-20,P,525.0,0,1,0.5604292004394531,168.55,164.95,168.25
TSLA,2026-09-25,2026-11-20,P,530.0,0,10,0.8906871282958984,205.94,179.9,182.35
TSLA,2026-09-25,2026-11-20,P,535.0,1,10,0.8991709301757811,217.26,184.85,187.05
TSLA,2026-09-25,2026-11-20,P,540.0,8,2,1.0000000000000003e-05,131.7,143.15,145.6
TSLA,2026-09-25,2026-11-20,P,545.0,0,12,1.0000000000000003e-05,187.75,0.0,0.0
TSLA,2026-09-25,2026-11-20,P,550.0,0,12,0.5534712622070312,177.12,187.95,192.6
TSLA,2026-09-25,2026-11-20,P,555.0,0,2,0.9447637359619141,174.95,204.7,206.75
TSLA,2026-09-25,2026-11-20,P,560.0,6,1,1.0000000000000003e-05,176.02,160.4,162.8
TSLA,2026-09-25,2026-11-20,P,565.0,6,13,1.6477983918762207,163.65,242.4,247.9
TSLA,2026-09-25,2026-11-20,P,570.0,0,96,0.9821168780517577,248.93,219.65,221.8
TSLA,2026-09-25,2026-11-20,P,575.0,0,22,0.994262752685547,257.45,224.65,226.8
TSLA,2026-09-25,2026-11-20,P,580.0,0,28,1.00623055480957,262.7,229.65,231.8
TSLA,2026-09-25,2026-11-20,P,585.0,0,39,1.0180102810668945,261.2,234.65,236.8
TSLA,2026-09-25,2026-11-20,P,590.0,0,75,1.0216113372802735,266.1,239.25,241.7
TSLA,2026-09-25,2026-11-20,P,595.0,0,24,1.0371141894531253,271.2,244.8,246.4
TSLA,2026-09-25,2026-11-20,P,600.0,0,64,1.0613450253295897,278.04,248.5,253.5
TSLA,2026-09-25,2026-11-20,P,605.0,0,2,0.6518589501953126,219.8,243.15,247.6
TSLA,2026-09-25,2026-11-20,P,610.0,0,392,1.0740402743530275,291.15,259.5,261.9
TSLA,2026-09-25,2026-11-20,P,615.0,0,62,1.0841720596313476,296.15,264.45,266.9
TSLA,2026-09-25,2026-11-20,P,620.0,0,1,1.0949752282714846,233.19,269.45,271.9
TSLA,2026-09-25,2026-11-20,P,625.0,52,22,1.0000000000000003e-05,242.4,226.75,230.15
TSLA,2026-09-25,2026-11-20,P,630.0,0,2,1.1170698443603515,250.39,279.45,281.95
TSLA,2026-09-25,2026-11-20,P,635.0,1,1,1.0000000000000003e-05,211.41,229.35,231.0
TSLA,2026-09-25,2026-11-20,P,640.0,0,2,1.0000000000000003e-05,287.92,0.0,0.0
TSLA,2026-09-25,2026-11-20,P,645.0,0,12,1.8531501483154298,265.36,321.05,328.45
TSLA,2026-09-25,2026-11-20,P,650.0,0,15,1.157352846069336,332.6,299.45,301.9
TSLA,2026-09-25,2026-11-20,P,655.0,0,20,1.0000000000000003e-05,259.25,255.4,258.7
TSLA,2026-09-25,2026-11-20,P,660.0,0,10,1.0000000000000003e-05,237.74,252.6,254.8
TSLA,2026-09-25,2026-11-20,P,665.0,0,2,1.0000000000000003e-05,326.8,0.0,0.0
TSLA,2026-09-25,2026-11-20,P,670.0,0,11,1.919891757965088,288.99,346.05,354.25
TSLA,2026-09-25,2026-11-20,P,675.0,0,2,1.9312137228393556,286.08,351.05,359.25
TSLA,2026-09-25,2026-11-20,P,680.0,0,4,1.942962931671143,290.84,356.1,364.25
TSLA,2026-09-25,2026-11-20,P,685.0,0,2,1.9535524783325195,295.95,361.05,369.25
TSLA,2026-09-25,2026-11-20,P,690.0,0,11,1.9558107678222658,290.95,366.05,373.4
TSLA,2026-09-25,2026-11-20,P,695.0,0,10,1.0000000000000003e-05,320.92,286.3,288.7
TSLA,2026-09-25,2026-11-20,P,700.0,0,1,1.2500037499999999,356.18,349.8,351.4
TSLA,2026-09-25,2026-11-20,P,705.0,0,1,1.9885254479980468,300.1,381.05,388.45
TSLA,2026-09-25,2026-11-20,P,710.0,0,7,1.0000000000000003e-05,325.1,0.0,0.0
TSLA,2026-09-25,2026-11-20,P,720.0,0,11,1.0000000000000003e-05,337.56,324.7,326.4
TSLA,2026-09-25,2026-11-20,P,730.0,0,22,1.0000000000000003e-05,347.33,334.7,336.4
TSLA,2026-09-25,2026-11-20,P,740.0,0,2,1.0000000000000003e-05,336.45,0.0,0.0
TSLA,2026-09-25,2026-11-20,P,750.0,0,10,1.0000000000000003e-05,359.01,0.0,0.0
TSLA,2026-09-25,2026-11-20,P,760.0,0,20,1.0000000000000003e-05,364.5,358.0,361.25
TSLA,2026-09-25,2026-11-20,P,770.0,0,1,1.0000000000000003e-05,378.89,0.0,0.0
TSLA,2026-09-25,2026-11-20,P,780.0,0,50,1.0000000000000003e-05,359.3,0.0,0.0
TSLA,2026-09-25,2026-11-20,P,790.0,0,20,1.0000000000000003e-05,379.87,0.0,0.0
TSLA,2026-09-25,2026-11-20,P,800.0,0,2,1.0000000000000003e-05,394.6,0.0,0.0
TSLA,2026-09-25,2026-11-20,P,810.0,0,0,1.0000000000000003e-05,410.61,417.5,420.2
TSLA,2026-09-25,2026-11-20,P,820.0,0,0,1.0000000000000003e-05,401.63,427.5,430.2
TSLA,2026-09-25,2026-11-20,P,850.0,0,2,1.0000000000000003e-05,412.95,445.85,448.55
TSLA,2026-09-25,2026-11-20,P,870.0,0,1,1.0000000000000003e-05,500.0,459.8,463.8
TSLA,2026-09-25,2026-12-18,C,5.0,11030,14,3.949218876953125,355.04,351.7,355.05
TSLA,2026-09-25,2026-12-18,C,10.0,576,2,4.367192041015624,352.95,346.55,352.6
TSLA,2026-09-25,2026-12-18,C,15.0,130,1,3.952148557128906,338.01,341.7,348.3
TSLA,2026-09-25,2026-12-18,C,20.0,364,20,3.525391811523437,346.5,336.7,343.35
TSLA,2026-09-25,2026-12-18,C,25.0,1618,1,1.0000000000000003e-05,297.62,321.45,328.45
TSLA,2026-09-25,2026-12-18,C,30.0,70,20,2.9658228979492183,344.72,326.75,333.35
TSLA,2026-09-25,2026-12-18,C,35.0,93,17,0.0,357.95,357.8,364.4
TSLA,2026-09-25,2026-12-18,C,40.0,10,1,2.61719095703125,340.15,316.85,323.45
TSLA,2026-09-25,2026-12-18,C,45.0,19,1,2.52490603149414,312.8,312.15,318.65
TSLA,2026-09-25,2026-12-18,C,50.0,768,2,2.3584025415039056,325.5,306.95,313.55
TSLA,2026-09-25,2026-12-18,C,75.0,858,17,1.8959966137695314,285.48,283.5,287.35
TSLA,2026-09-25,2026-12-18,C,80.0,1074,1,1.8381355749511714,285.0,277.1,284.0
TSLA,2026-09-25,2026-12-18,C,85.0,338,10,1.7834483483886716,289.1,272.4,278.95
TSLA,2026-09-25,2026-12-18,C,90.0,570,4,1.4970728271484375,218.99,261.65,269.35
TSLA,2026-09-25,2026-12-18,C,95.0,203,1,1.7094741088867185,265.65,263.2,269.1
TSLA,2026-09-25,2026-12-18,C,100.0,1610,1,1.5046411486816407,282.0,257.75,262.35
TSLA,2026-09-25,2026-12-18,C,105.0,4921,8,1.0000000000000003e-05,268.05,244.1,247.8
TSLA,2026-09-25,2026-12-18,C,110.0,309,4,1.3393587719726558,199.97,241.95,249.65
TSLA,2026-09-25,2026-12-18,C,115.0,117,14,1.0000000000000003e-05,270.95,234.5,238.4
TSLA,2026-09-25,2026-12-18,C,120.0,475,2,1.4128447326660156,242.6,238.0,244.05
TSLA,2026-09-25,2026-12-18,C,125.0,0,4,1.0000000000000003e-05,215.0,0.0,0.0
TSLA,2026-09-25,2026-12-18,C,130.0,246,3,1.3457063964843747,244.71,228.05,234.6
TSLA,2026-09-25,2026-12-18,C,135.0,324,1,1.302249582519531,219.69,223.05,229.65
TSLA,2026-09-25,2026-12-18,C,140.0,593,1,1.2730749237060544,221.0,218.3,224.75
TSLA,2026-09-25,2026-12-18,C,145.0,325,1,1.23047259765625,212.3,213.25,219.8
TSLA,2026-09-25,2026-12-18,C,150.0,2367,5,1.1950723840332032,226.95,208.6,214.6
TSLA,2026-09-25,2026-12-18,C,155.0,461,1,1.1644328887939455,214.77,203.5,209.95
TSLA,2026-09-25,2026-12-18,C,160.0,596,1,1.1273236993408202,208.89,198.45,205.05
TSLA,2026-09-25,2026-12-18,C,165.0,782,2,1.0982711102294924,208.03,193.65,200.1
TSLA,2026-09-25,2026-12-18,C,170.0,857,50,1.042851465454102,204.15,189.4,193.8
TSLA,2026-09-25,2026-12-18,C,175.0,1209,51,1.0430956048583988,203.35,184.05,190.25
TSLA,2026-09-25,2026-12-18,C,180.0,1487,1,1.0228320343017578,183.77,181.05,183.75
TSLA,2026-09-25,2026-12-18,C,185.0,554,1,0.961792374267578,178.88,175.2,178.7
TSLA,2026-09-25,2026-12-18,C,190.0,682,1,0.9345709667968749,176.4,170.3,173.8
TSLA,2026-09-25,2026-12-18,C,195.0,394,120,0.9255378540039063,168.59,164.35,170.6
TSLA,2026-09-25,2026-12-18,C,200.0,3931,8,0.9086923193359374,175.0,161.0,164.55
TSLA,2026-09-25,2026-12-18,C,205.0,232,2,0.8743909045410156,171.15,154.65,160.8
TSLA,2026-09-25,2026-12-18,C,210.0,730,1,0.8792126336669921,170.86,151.1,155.9
TSLA,2026-09-25,2026-12-18,C,215.0,1030,1,0.8070698004150392,151.72,146.15,149.05
TSLA,2026-09-25,2026-12-18,C,220.0,2171,1,0.7832052929687501,146.82,141.35,144.1
TSLA,2026-09-25,2026-12-18,C,225.0,823,1,0.8082294567871093,160.02,136.8,141.25
TSLA,2026-09-25,2026-12-18,C,230.0,1369,110,0.7328517926025391,147.58,131.55,134.25
TSLA,2026-09-25,2026-12-18,C,235.0,1143,240,0.7126493579101563,130.07,126.9,129.3
TSLA,2026-09-25,2026-12-18,C,240.0,1704,240,0.6953155468750001,125.29,122.45,124.3
TSLA,2026-09-25,2026-12-18,C,245.0,765,90,0.6674837939453127,132.92,117.25,119.5
TSLA,2026-09-25,2026-12-18,C,250.0,2365,14,0.6516148120117189,114.12,112.85,114.55
TSLA,2026-09-25,2026-12-18,C,255.0,3,0,0.6452061846923829,127.93,108.1,110.55
TSLA,2026-09-25,2026-12-18,C,260.0,2716,19,0.6200599517822267,114.72,103.35,105.45
TSLA,2026-09-25,2026-12-18,C,265.0,32,1,0.6035195898437502,112.07,98.7,100.8
TSLA,2026-09-25,2026-12-18,C,270.0,1604,3,0.5813640496826171,95.04,94.25,95.6
TSLA,2026-09-25,2026-12-18,C,275.0,197,10,0.575077491455078,92.56,89.75,91.6
TSLA,2026-09-25,2026-12-18,C,280.0,1607,24,0.5535933312988282,86.05,85.35,86.45
TSLA,2026-09-25,2026-12-18,C,285.0,97,6,0.5282029602050782,82.43,80.15,81.8
TSLA,2026-09-25,2026-12-18,C,290.0,2176,1,0.5263108892822266,77.35,76.55,77.5
TSLA,2026-09-25,2026-12-18,C,295.0,112,1,0.5127612200927734,84.04,71.75,73.55
TSLA,2026-09-25,2026-12-18,C,300.0,5198,27,0.5106250109863282,69.58,67.95,69.75
TSLA,2026-09-25,2026-12-18,C,305.0,512,2,0.5083972500610351,64.7,64.15,65.15
TSLA,2026-09-25,2026-12-18,C,310.0,1861,27,0.5051319018554687,61.15,60.4,61.5
TSLA,2026-09-25,2026-12-18,C,315.0,331,1,0.4925893026733399,57.65,55.95,57.45
TSLA,2026-09-25,2026-12-18,C,320.0,2268,22,0.48685205535888676,53.65,53.0,53.85
TSLA,2026-09-25,2026-12-18,C,325.0,945,24,0.48111480804443363,50.43,49.65,50.35
TSLA,2026-09-25,2026-12-18,C,330.0,5490,10,0.47614049255371094,47.0,46.5,47.0
TSLA,2026-09-25,2026-12-18,C,335.0,615,2,0.47256997161865233,43.57,43.3,43.85
TSLA,2026-09-25,2026-12-18,C,340.0,2228,37,0.46951824432373046,40.45,40.25,40.85
TSLA,2026-09-25,2026-12-18,C,345.0,664,33,0.4630485824584961,38.5,37.45,37.75
TSLA,2026-09-25,2026-12-18,C,350.0,6863,259,0.45935599243164066,34.85,34.75,34.95
TSLA,2026-09-25,2026-12-18,C,355.0,717,34,0.458287887878418,32.65,32.15,32.45
TSLA,2026-09-25,2026-12-18,C,360.0,3068,616,0.45609064422607426,29.87,29.75,30.0
TSLA,2026-09-25,2026-12-18,C,365.0,1456,237,0.45572443695068365,27.9,27.45,27.8
TSLA,2026-09-25,2026-12-18,C,370.0,3750,191,0.4535271932983398,25.47,25.3,25.6
TSLA,2026-09-25,2026-12-18,C,375.0,1787,232,0.45322202056884764,23.45,23.35,23.65
TSLA,2026-09-25,2026-12-18,C,380.0,7501,216,0.4519097778320313,21.75,21.5,21.75
TSLA,2026-09-25,2026-12-18,C,385.0,1320,238,0.4518487432861329,19.9,19.75,20.05
TSLA,2026-09-25,2026-12-18,C,390.0,3011,244,0.4509027078247071,18.35,18.15,18.4
TSLA,2026-09-25,2026-12-18,C,395.0,1482,57,0.45059753509521483,17.0,16.65,16.9
TSLA,2026-09-25,2026-12-18,C,400.0,12538,1183,0.4502923623657227,15.35,15.3,15.5
TSLA,2026-09-25,2026-12-18,C,405.0,1093,112,0.45001770690917964,14.4,14.0,14.2
TSLA,2026-09-25,2026-12-18,C,410.0,3442,191,0.45157408782958985,13.0,12.85,13.1
TSLA,2026-09-25,2026-12-18,C,415.0,889,62,0.45261167510986333,12.0,11.75,12.05
TSLA,2026-09-25,2026-12-18,C,420.0,5887,495,0.4522149505615235,10.95,10.8,11.0
TSLA,2026-09-25,2026-12-18,C,425.0,1401,138,0.4531609860229492,10.13,9.9,10.1
TSLA,2026-09-25,2026-12-18,C,430.0,4049,284,0.4546868496704102,9.2,9.05,9.3
TSLA,2026-09-25,2026-12-18,C,435.0,5664,64,0.45499202239990233,8.6,8.3,8.5
TSLA,2026-09-25,2026-12-18,C,440.0,5524,168,0.45606012695312503,7.7,7.6,7.8
TSLA,2026-09-25,2026-12-18,C,445.0,2627,43,0.458135301513672,7.1,7.0,7.2
TSLA,2026-09-25,2026-12-18,C,450.0,9866,319,0.4591118542480469,6.54,6.4,6.6
TSLA,2026-09-25,2026-12-18,C,455.0,980,29,0.46130909790039065,6.1,5.9,6.1
TSLA,2026-09-25,2026-12-18,C,460.0,5076,239,0.46252978881835943,5.57,5.4,5.6
TSLA,2026-09-25,2026-12-18,C,465.0,756,352,0.4639946179199219,5.12,4.95,5.15
TSLA,2026-09-25,2026-12-18,C,470.0,4091,122,0.46582565429687506,4.75,4.6,4.75
TSLA,2026-09-25,2026-12-18,C,475.0,580,31,0.4681449670410156,4.33,4.2,4.4
TSLA,2026-09-25,2026-12-18,C,480.0,5280,130,0.4696708306884766,4.02,3.9,4.05
TSLA,2026-09-25,2026-12-18,C,485.0,52,36,0.4718070397949219,3.75,3.6,3.75
TSLA,2026-09-25,2026-12-18,C,490.0,2040,148,0.47485876708984376,3.43,3.35,3.5
TSLA,2026-09-25,2026-12-18,C,495.0,55,42,0.47723911437988287,3.21,3.1,3.25
TSLA,2026-09-25,2026-12-18,C,500.0,20223,899,0.47736118347167966,2.95,2.91,2.96
TSLA,2026-09-25,2026-12-18,C,505.0,21,17,0.4800467034912109,2.86,2.69,2.76
TSLA,2026-09-25,2026-12-18,C,510.0,3661,35,0.48254911987304694,2.56,2.51,2.57
TSLA,2026-09-25,2026-12-18,C,515.0,7,7,0.4852346398925781,3.17,2.35,2.4
TSLA,2026-09-25,2026-12-18,C,520.0,2587,28,0.4882253326416016,2.27,2.19,2.25
TSLA,2026-09-25,2026-12-18,C,525.0,132,3,0.4911549908447266,2.13,2.05,2.11
TSLA,2026-09-25,2026-12-18,C,530.0,2924,9,0.4965260308837891,1.96,1.93,2.03
TSLA,2026-09-25,2026-12-18,C,535.0,11,4,0.4974415490722657,2.41,1.82,1.87
TSLA,2026-09-25,2026-12-18,C,540.0,4812,5,0.5015918981933594,1.74,1.7,1.78
TSLA,2026-09-25,2026-12-18,C,545.0,46,28,0.503056727294922,2.13,1.61,1.69
TSLA,2026-09-25,2026-12-18,C,550.0,10269,121,0.5076953527832031,1.58,1.53,1.64
TSLA,2026-09-25,2026-12-18,C,555.0,94,135,0.5096484582519532,1.92,1.44,1.52
TSLA,2026-09-25,2026-12-18,C,560.0,4007,38,0.5153857055664062,1.39,1.39,1.49
TSLA,2026-09-25,2026-12-18,C,565.0,57,7,0.5155077746582031,1.35,1.14,1.5
TSLA,2026-09-25,2026-12-18,C,570.0,3064,7,0.5195360546875,1.26,1.24,1.29
TSLA,2026-09-25,2026-12-18,C,580.0,3427,13,0.5268602001953125,1.18,1.13,1.18
TSLA,2026-09-25,2026-12-18,C,590.0,2087,19,0.5333298620605469,1.04,1.03,1.07
TSLA,2026-09-25,2026-12-18,C,600.0,11707,143,0.5408981457519533,0.98,0.95,0.99
TSLA,2026-09-25,2026-12-18,C,610.0,900,4,0.5481002221679689,0.93,0.87,0.92
TSLA,2026-09-25,2026-12-18,C,620.0,1556,2,0.5551802294921876,0.9,0.81,0.85
TSLA,2026-09-25,2026-12-18,C,630.0,940,1,0.5620160986328125,0.81,0.75,0.79
TSLA,2026-09-25,2026-12-18,C,640.0,727,22,0.56055126953125,0.84,0.56,0.73
TSLA,2026-09-25,2026-12-18,C,650.0,6208,5,0.5759319750976561,0.66,0.65,0.69
TSLA,2026-09-25,2026-12-18,C,660.0,2357,1,0.5805706005859376,0.62,0.58,0.64
TSLA,2026-09-25,2026-12-18,C,670.0,1280,2,0.5874064697265625,0.56,0.55,0.6
TSLA,2026-09-25,2026-12-18,C,680.0,1127,6,0.5932657861328126,0.52,0.51,0.56
TSLA,2026-09-25,2026-12-18,C,690.0,1231,2,0.5991251025390626,0.51,0.47,0.53
TSLA,2026-09-25,2026-12-18,C,700.0,8811,37,0.6093789062500001,0.46,0.48,0.51
TSLA,2026-09-25,2026-12-18,C,710.0,12871,1,0.6108437353515627,0.42,0.41,0.47
TSLA,2026-09-25,2026-12-18,C,720.0,4211,2,0.6196327099609377,0.49,0.39,0.47
TSLA,2026-09-25,2026-12-18,C,730.0,8207,11,0.6232947827148438,0.39,0.37,0.42
TSLA,2026-09-25,2026-12-18,C,740.0,1397,1,0.6284216845703126,0.34,0.35,0.39
TSLA,2026-09-25,2026-12-18,C,750.0,6304,1,0.632816171875,0.33,0.32,0.37
TSLA,2026-09-25,2026-12-18,C,760.0,470,6,0.6379430737304688,0.32,0.3,0.35
TSLA,2026-09-25,2026-12-18,C,770.0,1567,1,0.6438023901367188,0.32,0.29,0.33
TSLA,2026-09-25,2026-12-18,C,780.0,1566,1,0.649417568359375,0.3,0.27,0.32
TSLA,2026-09-25,2026-12-18,C,790.0,2455,1,0.65820654296875,0.29,0.26,0.33
TSLA,2026-09-25,2026-12-18,C,800.0,10888,51,0.6621127539062501,0.27,0.27,0.28
TSLA,2026-09-25,2026-12-18,C,810.0,1947,2,0.6679720703125002,0.33,0.23,0.3
TSLA,2026-09-25,2026-12-18,C,820.0,1069,1,0.6738313867187502,0.22,0.22,0.29
TSLA,2026-09-25,2026-12-18,C,830.0,526,1,0.6787141503906251,0.21,0.21,0.28
TSLA,2026-09-25,2026-12-18,C,840.0,855,17,0.6840851904296876,0.22,0.2,0.27
TSLA,2026-09-25,2026-12-18,C,850.0,7538,2,0.6889679541015626,0.19,0.19,0.26
TSLA,2026-09-25,2026-12-18,C,860.0,1012,4,0.6938507177734375,0.26,0.18,0.25
TSLA,2026-09-25,2026-12-18,C,870.0,793,2,0.6982452050781252,0.18,0.17,0.24
TSLA,2026-09-25,2026-12-18,C,880.0,2165,2,0.702151416015625,0.2,0.16,0.23
TSLA,2026-09-25,2026-12-18,C,890.0,453,1,0.708010732421875,0.22,0.15,0.23
TSLA,2026-09-25,2026-12-18,C,900.0,3320,10,0.7114286669921875,0.17,0.16,0.2
TSLA,2026-09-25,2026-12-18,C,910.0,663,2,0.71679970703125,0.21,0.14,0.21
TSLA,2026-09-25,2026-12-18,C,920.0,562,5,0.7216824707031251,0.23,0.13,0.21
TSLA,2026-09-25,2026-12-18,C,930.0,452,1,0.726565234375,0.36,0.13,0.2
TSLA,2026-09-25,2026-12-18,C,940.0,1759,1,0.729494892578125,0.41,0.12,0.19
TSLA,2026-09-25,2026-12-18,C,950.0,5847,13,0.73633076171875,0.14,0.12,0.19
TSLA,2026-09-25,2026-12-18,C,960.0,5654,1,0.743166630859375,0.14,0.13,0.18
TSLA,2026-09-25,2026-12-18,C,970.0,906,2,0.745119736328125,0.16,0.11,0.18
TSLA,2026-09-25,2026-12-18,C,980.0,960,10,0.7460962890625,0.15,0.1,0.17
TSLA,2026-09-25,2026-12-18,C,990.0,22122,180,0.7500025,0.12,0.12,0.14
TSLA,2026-09-25,2026-12-18,P,5.0,9965,1,2.68750328125,0.01,0.0,0.01
TSLA,2026-09-25,2026-12-18,P,10.0,0,20,0.500005,0.01,0.0,0.0
TSLA,2026-09-25,2026-12-18,P,15.0,0,100,0.500005,0.02,0.0,0.0
TSLA,2026-09-25,2026-12-18,P,20.0,0,2,0.500005,0.01,0.0,0.0
TSLA,2026-09-25,2026-12-18,P,25.0,1788,3,1.71875140625,0.01,0.0,0.02
TSLA,2026-09-25,2026-12-18,P,30.0,2818,1,1.640626796875,0.01,0.0,0.03
TSLA,2026-09-25,2026-12-18,P,35.0,944,2,1.5468772656249998,0.02,0.0,0.03
TSLA,2026-09-25,2026-12-18,P,40.0,3067,3,1.5156274218749999,0.01,0.01,0.04
TSLA,2026-09-25,2026-12-18,P,45.0,4795,6,1.4296903515625,0.02,0.01,0.04
TSLA,2026-09-25,2026-12-18,P,50.0,2757,4,1.3750031249999999,0.02,0.01,0.05
TSLA,2026-09-25,2026-12-18,P,75.0,3243,1,1.15625421875,0.06,0.03,0.08
TSLA,2026-09-25,2026-12-18,P,80.0,1816,2,1.125004375,0.11,0.04,0.09
TSLA,2026-09-25,2026-12-18,P,85.0,826,1,1.0976607617187502,0.07,0.05,0.1
TSLA,2026-09-25,2026-12-18,P,90.0,727,3,1.0390673046875003,0.07,0.03,0.1
TSLA,2026-09-25,2026-12-18,P,95.0,962,13,1.013676806640625,0.06,0.04,0.11
TSLA,2026-09-25,2026-12-18,P,100.0,8398,15,1.009770576171875,0.08,0.08,0.13
TSLA,2026-09-25,2026-12-18,P,105.0,2088,1,0.96679720703125,0.09,0.06,0.14
TSLA,2026-09-25,2026-12-18,P,110.0,2903,1,0.945313046875,0.1,0.08,0.15
TSLA,2026-09-25,2026-12-18,P,115.0,1359,1,0.9238288867187501,0.12,0.09,0.17
TSLA,2026-09-25,2026-12-18,P,120.0,4334,2,0.9023447265625,0.15,0.11,0.18
TSLA,2026-09-25,2026-12-18,P,125.0,2088,1,0.8828136718749999,0.16,0.13,0.2
TSLA,2026-09-25,2026-12-18,P,130.0,5417,1,0.85937640625,0.21,0.14,0.22
TSLA,2026-09-25,2026-12-18,P,135.0,1362,1,0.84179845703125,0.23,0.17,0.24
TSLA,2026-09-25,2026-12-18,P,140.0,2043,3,0.8237322314453124,0.26,0.19,0.27
TSLA,2026-09-25,2026-12-18,P,145.0,788,1,0.8027363476562499,0.27,0.21,0.29
TSLA,2026-09-25,2026-12-18,P,150.0,4260,3,0.7841818457031251,0.3,0.23,0.32
TSLA,2026-09-25,2026-12-18,P,155.0,2348,14,0.7651390673828126,0.29,0.26,0.34
TSLA,2026-09-25,2026-12-18,P,160.0,4684,1,0.7460962890625,0.32,0.28,0.37
TSLA,2026-09-25,2026-12-18,P,165.0,1908,1,0.7280300634765625,0.35,0.31,0.4
TSLA,2026-09-25,2026-12-18,P,170.0,1632,11,0.7060576269531251,0.36,0.34,0.4
TSLA,2026-09-25,2026-12-18,P,175.0,1837,1,0.6918976123046876,0.41,0.37,0.46
TSLA,2026-09-25,2026-12-18,P,180.0,3960,207,0.6723665576171877,0.46,0.4,0.48
TSLA,2026-09-25,2026-12-18,P,185.0,4032,1,0.6523472265625001,0.51,0.43,0.49
TSLA,2026-09-25,2026-12-18,P,190.0,2590,3,0.6359899682617188,0.54,0.47,0.53
TSLA,2026-09-25,2026-12-18,P,195.0,1032,41,0.62305064453125,0.55,0.52,0.6
TSLA,2026-09-25,2026-12-18,P,200.0,11251,62,0.6044961425781252,0.61,0.57,0.61
TSLA,2026-09-25,2026-12-18,P,205.0,1629,1,0.5861857788085938,0.68,0.59,0.65
TSLA,2026-09-25,2026-12-18,P,210.0,1588,2,0.5747112841796875,0.71,0.65,0.75
TSLA,2026-09-25,2026-12-18,P,215.0,1954,32,0.5578657495117189,0.78,0.72,0.77
TSLA,2026-09-25,2026-12-18,P,220.0,3960,10,0.5434615966796876,0.8,0.78,0.84
TSLA,2026-09-25,2026-12-18,P,225.0,3145,61,0.5273484765625001,0.9,0.81,0.92
TSLA,2026-09-25,2026-12-18,P,230.0,3955,121,0.5189257092285156,1.0,0.98,1.02
TSLA,2026-09-25,2026-12-18,P,235.0,1795,3,0.5085498364257812,1.08,0.92,1.13
TSLA,2026-09-25,2026-12-18,P,240.0,4084,1,0.5002491381835938,1.24,1.1,1.3
TSLA,2026-09-25,2026-12-18,P,245.0,4478,5,0.49170430175781255,1.27,1.36,1.49
TSLA,2026-09-25,2026-12-18,P,250.0,10528,50,0.4781546325683594,1.6,1.57,1.62
TSLA,2026-09-25,2026-12-18,P,255.0,2,2,0.4686332434082031,1.59,1.78,1.83
TSLA,2026-09-25,2026-12-18,P,260.0,9819,27,0.46143116699218756,2.07,2.04,2.11
TSLA,2026-09-25,2026-12-18,P,265.0,541,62,0.4544732287597656,2.43,2.34,2.43
TSLA,2026-09-25,2026-12-18,P,270.0,10217,12,0.44659977233886716,2.74,2.68,2.77
TSLA,2026-09-25,2026-12-18,P,275.0,3735,270,0.4425104577636719,3.17,3.1,3.25
TSLA,2026-09-25,2026-12-18,P,280.0,9434,618,0.4351863122558594,3.65,3.6,3.7
TSLA,2026-09-25,2026-12-18,P,285.0,903,94,0.4309749285888672,4.15,4.2,4.3
TSLA,2026-09-25,2026-12-18,P,290.0,10199,168,0.42737389038085943,4.85,4.85,5.0
TSLA,2026-09-25,2026-12-18,P,295.0,2499,571,0.4229183685302734,5.65,5.6,5.75
TSLA,2026-09-25,2026-12-18,P,300.0,14312,1326,0.4187680194091796,6.51,6.45,6.6
TSLA,2026-09-25,2026-12-18,P,305.0,1284,26,0.4169369830322265,7.4,7.4,7.65
TSLA,2026-09-25,2026-12-18,P,310.0,3789,91,0.41272559936523434,8.6,8.5,8.7
TSLA,2026-09-25,2026-12-18,P,315.0,2114,158,0.4093381820678711,9.8,9.75,9.9
TSLA,2026-09-25,2026-12-18,P,320.0,7956,187,0.4065305929565429,11.1,11.1,11.25
TSLA,2026-09-25,2026-12-18,P,325.0,3802,49,0.4041502456665039,12.65,12.5,12.75
TSLA,2026-09-25,2026-12-18,P,330.0,4461,98,0.40201403656005863,14.3,14.15,14.4
TSLA,2026-09-25,2026-12-18,P,335.0,940,95,0.4000609310913086,15.79,15.9,16.2
TSLA,2026-09-25,2026-12-18,P,340.0,7717,125,0.39819937744140627,17.9,17.85,18.15
TSLA,2026-09-25,2026-12-18,P,345.0,1196,51,0.3963988583374024,20.05,19.95,20.25
TSLA,2026-09-25,2026-12-18,P,350.0,12198,139,0.39465937377929694,22.2,22.2,22.5
TSLA,2026-09-25,2026-12-18,P,355.0,1106,69,0.39291988922119137,24.65,24.6,24.9
TSLA,2026-09-25,2026-12-18,P,360.0,5234,343,0.3904785073852539,27.2,27.15,27.4
TSLA,2026-09-25,2026-12-18,P,365.0,1484,136,0.3895324719238281,30.0,29.8,30.15
TSLA,2026-09-25,2026-12-18,P,370.0,3902,121,0.38794557373046873,32.75,32.65,33.0
TSLA,2026-09-25,2026-12-18,P,375.0,1935,23,0.38721315917968746,35.7,35.65,36.05
TSLA,2026-09-25,2026-12-18,P,380.0,5621,291,0.38590091644287106,38.75,38.75,39.2
TSLA,2026-09-25,2026-12-18,P,385.0,830,44,0.3855957437133788,41.57,42.05,42.55
TSLA,2026-09-25,2026-12-18,P,390.0,5928,43,0.38327643096923825,45.2,45.25,45.9
TSLA,2026-09-25,2026-12-18,P,395.0,963,50,0.3813233255004882,48.0,48.75,49.4
TSLA,2026-09-25,2026-12-18,P,400.0,6736,239,0.3815369464111328,52.7,52.6,53.15
TSLA,2026-09-25,2026-12-18,P,405.0,452,8,0.3807434973144531,47.27,55.85,56.95
TSLA,2026-09-25,2026-12-18,P,410.0,3971,8,0.379889013671875,59.1,59.85,60.85
TSLA,2026-09-25,2026-12-18,P,415.0,399,6,0.3751283190917969,64.05,63.35,64.65
TSLA,2026-09-25,2026-12-18,P,420.0,2284,10,0.3793091854858398,68.25,67.85,69.0
TSLA,2026-09-25,2026-12-18,P,425.0,528,25,0.3778748736572265,71.52,72.35,73.15
TSLA,2026-09-25,2026-12-18,P,430.0,6839,2,0.37909556457519533,75.18,76.55,77.5
TSLA,2026-09-25,2026-12-18,P,435.0,376,1,0.3701845208740234,79.2,80.15,81.5
TSLA,2026-09-25,2026-12-18,P,440.0,3603,3,0.37415176635742187,75.0,84.1,86.1
TSLA,2026-09-25,2026-12-18,P,445.0,233,10,0.38651126190185536,80.15,88.9,91.05
TSLA,2026-09-25,2026-12-18,P,450.0,2495,1,0.38733522827148437,92.15,93.85,95.6
TSLA,2026-09-25,2026-12-18,P,455.0,80,1,0.3836121209716796,82.09,97.85,100.05
TSLA,2026-09-25,2026-12-18,P,460.0,1765,1,0.3794007373046875,100.79,102.25,104.55
TSLA,2026-09-25,2026-12-18,P,465.0,131,7,0.37476211181640623,90.08,106.6,109.1
TSLA,2026-09-25,2026-12-18,P,470.0,1831,11,0.36975727905273437,111.1,112.0,113.7
TSLA,2026-09-25,2026-12-18,P,480.0,3185,24,0.37476211181640623,110.51,120.35,123.35
TSLA,2026-09-25,2026-12-18,P,490.0,511,2,0.37256486816406253,115.19,129.65,132.95
TSLA,2026-09-25,2026-12-18,P,500.0,5476,1,0.33374689697265625,140.15,139.9,142.25
TSLA,2026-09-25,2026-12-18,P,510.0,520,1,0.3957579956054688,149.35,149.3,152.75
TSLA,2026-09-25,2026-12-18,P,520.0,548,2,0.3969786865234375,137.7,158.15,162.55
TSLA,2026-09-25,2026-12-18,P,530.0,560,1,0.3505924316406249,170.09,168.05,172.05
TSLA,2026-09-25,2026-12-18,P,540.0,7,25,0.49561051269531253,168.08,178.0,183.5
TSLA,2026-09-25,2026-12-18,P,550.0,146,4,0.5127612200927734,175.34,188.85,193.5
TSLA,2026-09-25,2026-12-18,P,560.0,2,23,0.529423651123047,205.1,197.9,203.5
TSLA,2026-09-25,2026-12-18,P,570.0,0,15,0.5543257458496094,191.5,207.5,213.65
TSLA,2026-09-25,2026-12-18,P,580.0,0,490,0.6462437719726561,274.2,222.7,227.8
TSLA,2026-09-25,2026-12-18,P,590.0,0,23,0.8395401788330077,215.75,239.65,242.1
TSLA,2026-09-25,2026-12-18,P,600.0,0,1,0.5952188916015625,233.98,237.0,243.55
TSLA,2026-09-25,2026-12-18,P,610.0,1,1075,0.8763134927368165,287.85,259.65,262.1
TSLA,2026-09-25,2026-12-18,P,620.0,0,1,0.7446314599609375,296.07,262.1,270.05
TSLA,2026-09-25,2026-12-18,P,630.0,0,2046,0.9072885247802733,311.05,279.5,281.95
TSLA,2026-09-25,2026-12-18,P,640.0,0,854,0.9234931967163086,317.9,289.5,291.9
TSLA,2026-09-25,2026-12-18,P,650.0,1,2672,0.9400030413818359,329.9,299.5,301.9
TSLA,2026-09-25,2026-12-18,P,660.0,0,2,1.0000000000000003e-05,325.57,0.0,0.0
TSLA,2026-09-25,2026-12-18,P,670.0,0,12,1.5609763162231443,276.15,347.3,353.35
TSLA,2026-09-25,2026-12-18,P,680.0,0,1,0.9873963662719728,300.0,329.5,331.9
TSLA,2026-09-25,2026-12-18,P,690.0,0,1,1.0025684637451173,290.5,339.5,341.9
TSLA,2026-09-25,2026-12-18,P,700.0,4,2,0.6347692773437501,320.83,338.0,342.5
TSLA,2026-09-25,2026-12-18,P,710.0,0,1,1.0419359426879886,318.62,359.85,362.25
TSLA,2026-09-25,2026-12-18,P,720.0,0,5,1.645875794067383,313.8,396.05,404.25
TSLA,2026-09-25,2026-12-18,P,730.0,0,4,1.0000000000000003e-05,347.96,335.05,336.1
TSLA,2026-09-25,2026-12-18,P,740.0,0,36,1.0000000000000003e-05,357.96,345.05,346.1
TSLA,2026-09-25,2026-12-18,P,750.0,1,1,0.6948272705078126,370.01,388.0,392.55
TSLA,2026-09-25,2026-12-18,P,760.0,0,1,0.6982452050781252,380.03,398.0,402.5
TSLA,2026-09-25,2026-12-18,P,770.0,0,9,1.0000000000000003e-05,376.95,0.0,0.0
TSLA,2026-09-25,2026-12-18,P,780.0,0,4,1.0000000000000003e-05,387.89,0.0,0.0
TSLA,2026-09-25,2026-12-18,P,790.0,0,8,1.0000000000000003e-05,383.79,0.0,0.0
TSLA,2026-09-25,2026-12-18,P,800.0,0,4,1.0000000000000003e-05,369.32,0.0,0.0
TSLA,2026-09-25,2026-12-18,P,810.0,0,2,1.0000000000000003e-05,403.85,0.0,0.0
TSLA,2026-09-25,2026-12-18,P,820.0,0,1,1.0000000000000003e-05,424.05,0.0,0.0
TSLA,2026-09-25,2026-12-18,P,830.0,0,4,1.0000000000000003e-05,413.4,0.0,0.0
TSLA,2026-09-25,2026-12-18,P,840.0,0,1,1.0000000000000003e-05,429.3,0.0,0.0
TSLA,2026-09-25,2026-12-18,P,850.0,0,3,1.0000000000000003e-05,418.65,447.45,447.85
TSLA,2026-09-25,2026-12-18,P,860.0,0,1,1.0000000000000003e-05,427.8,0.0,0.0
TSLA,2026-09-25,2026-12-18,P,870.0,0,2,1.0000000000000003e-05,466.65,473.85,477.2
TSLA,2026-09-25,2026-12-18,P,880.0,0,1,1.0000000000000003e-05,461.8,487.2,490.5
TSLA,2026-09-25,2026-12-18,P,890.0,0,1,1.0000000000000003e-05,503.91,0.0,0.0
TSLA,2026-09-25,2026-12-18,P,900.0,0,1,1.0000000000000003e-05,534.52,476.7,479.05
TSLA,2026-09-25,2026-12-18,P,910.0,0,5,1.0000000000000003e-05,477.25,507.45,507.85
TSLA,2026-09-25,2026-12-18,P,920.0,0,1,1.0000000000000003e-05,485.2,517.5,517.9
TSLA,2026-09-25,2026-12-18,P,930.0,0,4,1.0000000000000003e-05,530.85,0.0,0.0
TSLA,2026-09-25,2026-12-18,P,940.0,0,3,1.0000000000000003e-05,506.45,511.5,512.2
TSLA,2026-09-25,2026-12-18,P,950.0,0,40,1.0000000000000003e-05,525.25,0.0,0.0
TSLA,2026-09-25,2026-12-18,P,960.0,0,6,1.0000000000000003e-05,522.5,557.5,557.9
TSLA,2026-09-25,2026-12-18,P,970.0,0,2,1.0000000000000003e-05,549.0,0.0,0.0
TSLA,2026-09-25,2026-12-18,P,980.0,0,2,1.0000000000000003e-05,578.52,577.75,580.75
TSLA,2026-09-25,2026-12-18,P,990.0,0,1,1.0000000000000003e-05,567.73,0.0,0.0
TSLA,2026-09-25,2027-01-15,C,5.0,31274,10,5.435550080566405,375.5,351.9,358.3
TSLA,2026-09-25,2027-01-15,C,10.0,3568,1,3.6406258984375004,352.0,349.0,349.6
TSLA,2026-09-25,2027-01-15,C,15.0,0,14,1.0000000000000003e-05,304.28,0.0,0.0
TSLA,2026-09-25,2027-01-15,C,20.0,0,33,1.0000000000000003e-05,398.42,0.0,0.0
TSLA,2026-09-25,2027-01-15,C,25.0,220,3,1.0000000000000003e-05,400.0,321.85,328.9
TSLA,2026-09-25,2027-01-15,C,30.0,31,1,2.6279331176757816,347.0,326.85,333.65
TSLA,2026-09-25,2027-01-15,C,35.0,108,1,2.463382747802734,329.0,322.05,328.6
TSLA,2026-09-25,2027-01-15,C,40.0,257,2,2.325199499511718,338.0,317.0,323.8
TSLA,2026-09-25,2027-01-15,C,45.0,23,2,10.929690668945314,355.25,356.2,359.35
TSLA,2026-09-25,2027-01-15,C,50.0,132,6,2.134770288085937,329.0,307.55,313.95
TSLA,2026-09-25,2027-01-15,C,55.0,0,1,1.0000000000000003e-05,311.4,0.0,0.0
TSLA,2026-09-25,2027-01-15,C,60.0,62,1,1.9267581787109376,314.35,297.15,304.3
TSLA,2026-09-25,2027-01-15,C,65.0,29,1,1.8601081213378907,287.15,292.55,299.2
TSLA,2026-09-25,2027-01-15,C,70.0,0,1,1.0000000000000003e-05,373.95,0.0,0.0
TSLA,2026-09-25,2027-01-15,C,75.0,46,1,1.7468274377441406,309.0,282.9,289.55
TSLA,2026-09-25,2027-01-15,C,80.0,110,1,1.4555691284179688,229.06,271.9,279.6
TSLA,2026-09-25,2027-01-15,C,85.0,57,1,1.5986348193359374,266.72,272.85,279.4
TSLA,2026-09-25,2027-01-15,C,90.0,835,3,1.660402088623047,273.7,270.3,274.5
TSLA,2026-09-25,2027-01-15,C,95.0,150,1,1.51172119140625,274.64,263.3,269.6
TSLA,2026-09-25,2027-01-15,C,100.0,1178,1,1.4653347045898437,277.15,258.4,264.7
TSLA,2026-09-25,2027-01-15,C,105.0,0,4,1.0000000000000003e-05,250.7,0.0,0.0
TSLA,2026-09-25,2027-01-15,C,110.0,218,1,1.3664582458496093,243.33,248.35,254.85
TSLA,2026-09-25,2027-01-15,C,115.0,0,1,1.0000000000000003e-05,245.64,0.0,0.0
TSLA,2026-09-25,2027-01-15,C,120.0,485,4,1.294192982177734,238.73,238.7,245.05
TSLA,2026-09-25,2027-01-15,C,125.0,131,2,1.140629296875,187.1,227.85,235.55
TSLA,2026-09-25,2027-01-15,C,130.0,0,1,1.0000000000000003e-05,219.77,0.0,0.0
TSLA,2026-09-25,2027-01-15,C,135.0,0,1,1.0000000000000003e-05,208.96,0.0,0.0
TSLA,2026-09-25,2027-01-15,C,140.0,416,36,1.1490521063232422,223.75,218.95,225.45
TSLA,2026-09-25,2027-01-15,C,145.0,200,1,1.116947774658203,230.46,214.05,220.55
TSLA,2026-09-25,2027-01-15,C,150.0,1589,25,1.062992966308594,231.0,209.85,214.2
TSLA,2026-09-25,2027-01-15,C,155.0,206,5,1.0612839904785156,214.61,204.45,210.75
TSLA,2026-09-25,2027-01-15,C,160.0,463,2,1.0369921197509768,220.85,199.7,205.9
TSLA,2026-09-25,2027-01-15,C,165.0,123,5,1.000005,203.0,194.5,201.0
TSLA,2026-09-25,2027-01-15,C,170.0,929,1,0.9881592980957032,196.82,190.25,196.1
TSLA,2026-09-25,2027-01-15,C,175.0,252,4,0.9444585632324218,192.65,184.7,191.2
TSLA,2026-09-25,2027-01-15,C,180.0,488,1,0.9176033630371094,187.9,179.8,186.3
TSLA,2026-09-25,2027-01-15,C,185.0,172,1,0.9274909594726561,185.75,176.5,181.45
TSLA,2026-09-25,2027-01-15,C,190.0,371,2,0.883790224609375,186.44,170.8,176.55
TSLA,2026-09-25,2027-01-15,C,195.0,369,1,0.8380753497314453,168.95,166.55,170.05
TSLA,2026-09-25,2027-01-15,C,200.0,4408,1,0.8153704986572266,163.65,161.45,165.45
TSLA,2026-09-25,2027-01-15,C,205.0,235,3,0.8289201678466795,171.94,157.1,162.0
TSLA,2026-09-25,2027-01-15,C,210.0,1075,3,0.7791770129394531,156.76,152.8,155.15
TSLA,2026-09-25,2027-01-15,C,215.0,325,62,0.7915059912109376,167.85,147.95,152.3
TSLA,2026-09-25,2027-01-15,C,220.0,1350,16,0.7625756164550781,163.17,142.9,147.3
TSLA,2026-09-25,2027-01-15,C,225.0,475,64,0.7196683306884766,144.75,137.65,141.6
TSLA,2026-09-25,2027-01-15,C,230.0,846,3,0.6752962158203126,148.25,132.55,135.6
TSLA,2026-09-25,2027-01-15,C,235.0,353,1,0.6716341430664063,131.45,128.85,130.7
TSLA,2026-09-25,2027-01-15,C,240.0,1765,2,0.6518589501953126,124.6,124.25,125.7
TSLA,2026-09-25,2027-01-15,C,245.0,561,1,0.6419713537597658,120.27,119.2,121.85
TSLA,2026-09-25,2027-01-15,C,250.0,3180,1,0.6238746109008789,116.17,114.75,116.85
TSLA,2026-09-25,2027-01-15,C,260.0,1749,4,0.5867961242675781,107.45,105.8,106.85
TSLA,2026-09-25,2027-01-15,C,270.0,2937,1,0.5691876577758789,106.0,96.8,98.65
TSLA,2026-09-25,2027-01-15,C,280.0,2422,18,0.5361374511718751,89.25,87.9,89.2
TSLA,2026-09-25,2027-01-15,C,290.0,964,1,0.5155993264770508,82.0,79.15,81.05
TSLA,2026-09-25,2027-01-15,C,300.0,11175,290,0.5055286264038085,72.9,72.0,72.9
TSLA,2026-09-25,2027-01-15,C,310.0,7406,18,0.5007679318237305,64.8,64.4,65.45
TSLA,2026-09-25,2027-01-15,C,320.0,3282,72,0.4902089553833009,58.33,57.6,58.45
TSLA,2026-09-25,2027-01-15,C,330.0,3962,19,0.4809927389526367,52.0,51.1,51.9
TSLA,2026-09-25,2027-01-15,C,340.0,2262,48,0.4699760034179688,45.19,45.1,45.6
TSLA,2026-09-25,2027-01-15,C,350.0,11507,491,0.4635978933715821,39.95,39.75,40.05
TSLA,2026-09-25,2027-01-15,C,360.0,6534,352,0.45822685333251967,34.9,34.75,35.0
TSLA,2026-09-25,2027-01-15,C,370.0,4742,1315,0.4556939196777344,30.53,30.25,30.6
TSLA,2026-09-25,2027-01-15,C,380.0,5371,142,0.4542290905761719,26.45,26.35,26.7
TSLA,2026-09-25,2027-01-15,C,390.0,4941,96,0.4515130532836914,23.0,22.85,23.1
TSLA,2026-09-25,2027-01-15,C,400.0,37636,1700,0.4504144314575196,19.9,19.75,20.0
TSLA,2026-09-25,2027-01-15,C,410.0,4897,146,0.45075012145996096,17.15,17.05,17.35
TSLA,2026-09-25,2027-01-15,C,420.0,9253,504,0.4509027078247071,14.8,14.75,15.0
TSLA,2026-09-25,2027-01-15,C,430.0,7603,303,0.45203184692382814,13.0,12.75,13.0
TSLA,2026-09-25,2027-01-15,C,440.0,8013,136,0.4531915032958984,11.14,11.05,11.25
TSLA,2026-09-25,2027-01-15,C,450.0,16978,996,0.45395443511962885,9.63,9.55,9.7
TSLA,2026-09-25,2027-01-15,C,460.0,6797,139,0.4565789205932618,8.38,8.25,8.45
TSLA,2026-09-25,2027-01-15,C,470.0,2971,108,0.45892875061035165,7.21,7.15,7.35
TSLA,2026-09-25,2027-01-15,C,480.0,5920,134,0.4613701324462891,6.45,6.2,6.4
TSLA,2026-09-25,2027-01-15,C,490.0,3590,24,0.4643608251953125,5.55,5.45,5.6
TSLA,2026-09-25,2027-01-15,C,500.0,28371,1111,0.46594772338867196,4.85,4.75,4.85
TSLA,2026-09-25,2027-01-15,C,510.0,3885,55,0.471684970703125,4.3,4.2,4.35
TSLA,2026-09-25,2027-01-15,C,520.0,5529,66,0.47400428344726564,3.85,3.7,3.8
TSLA,2026-09-25,2027-01-15,C,530.0,3244,11,0.47876497802734375,3.34,3.25,3.4
TSLA,2026-09-25,2027-01-15,C,540.0,3790,115,0.4835867071533204,3.0,2.94,3.05
TSLA,2026-09-25,2027-01-15,C,550.0,9725,674,0.4859670544433594,2.66,2.62,2.68
TSLA,2026-09-25,2027-01-15,C,560.0,2301,17,0.4904836108398438,2.34,2.36,2.41
TSLA,2026-09-25,2027-01-15,C,570.0,2030,9,0.4961598236083985,2.17,2.15,2.2
TSLA,2026-09-25,2027-01-15,C,580.0,1493,75,0.501103621826172,1.96,1.93,2.0
TSLA,2026-09-25,2027-01-15,C,590.0,1238,72,0.5043994873046875,1.79,1.77,1.81
TSLA,2026-09-25,2027-01-15,C,600.0,16301,769,0.5101367346191408,1.65,1.63,1.67
TSLA,2026-09-25,2027-01-15,C,610.0,2336,117,0.5157519128417969,1.52,1.5,1.55
TSLA,2026-09-25,2027-01-15,C,620.0,6786,92,0.5230760583496092,1.39,1.38,1.5
TSLA,2026-09-25,2027-01-15,C,630.0,1622,98,0.5290574438476563,1.32,1.29,1.4
TSLA,2026-09-25,2027-01-15,C,640.0,2093,4,0.5319871020507813,1.3,1.19,1.24
TSLA,2026-09-25,2027-01-15,C,650.0,4593,8,0.5374802111816408,1.17,1.11,1.16
TSLA,2026-09-25,2027-01-15,C,660.0,1653,27,0.5423629748535157,1.69,1.03,1.08
TSLA,2026-09-25,2027-01-15,C,670.0,2256,2,0.5473678076171876,1.01,0.96,1.01
TSLA,2026-09-25,2027-01-15,C,680.0,3744,410,0.5535933312988282,0.95,0.91,0.96
TSLA,2026-09-25,2027-01-15,C,690.0,3515,45,0.5588423022460938,0.88,0.86,0.9
TSLA,2026-09-25,2027-01-15,C,700.0,16187,93,0.5631147204589844,0.89,0.79,0.85
TSLA,2026-09-25,2027-01-15,C,710.0,5719,1,0.56836369140625,0.77,0.74,0.81
TSLA,2026-09-25,2027-01-15,C,720.0,4635,2,0.5747112841796875,0.74,0.72,0.77
TSLA,2026-09-25,2027-01-15,C,730.0,3227,5,0.5800823242187501,0.71,0.69,0.73
TSLA,2026-09-25,2027-01-15,C,740.0,1770,1,0.5847209497070311,0.66,0.65,0.69
TSLA,2026-09-25,2027-01-15,C,750.0,5635,26,0.5898478515625001,0.65,0.62,0.66
TSLA,2026-09-25,2027-01-15,C,760.0,983,5,0.5949747534179688,0.6,0.59,0.63
TSLA,2026-09-25,2027-01-15,C,770.0,824,3,0.5996133789062501,0.58,0.56,0.6
TSLA,2026-09-25,2027-01-15,C,780.0,3165,1,0.603763728027344,0.5,0.53,0.57
TSLA,2026-09-25,2027-01-15,C,790.0,4927,4,0.6091347680664063,0.52,0.5,0.56
TSLA,2026-09-25,2027-01-15,C,800.0,12430,6,0.614261669921875,0.5,0.49,0.53
TSLA,2026-09-25,2027-01-15,C,810.0,963,1,0.6184120190429689,0.44,0.46,0.51
TSLA,2026-09-25,2027-01-15,C,820.0,687,1,0.62305064453125,0.42,0.44,0.49
TSLA,2026-09-25,2027-01-15,C,830.0,1262,1,0.6264685791015626,0.69,0.42,0.46
TSLA,2026-09-25,2027-01-15,C,840.0,1150,8,0.6320837573242188,0.43,0.41,0.45
TSLA,2026-09-25,2027-01-15,C,850.0,2659,10,0.6347692773437501,0.44,0.38,0.43
TSLA,2026-09-25,2027-01-15,C,860.0,3255,1,0.6401403173828125,0.57,0.37,0.42
TSLA,2026-09-25,2027-01-15,C,870.0,728,4,0.6435582519531251,0.5,0.35,0.4
TSLA,2026-09-25,2027-01-15,C,880.0,1858,1,0.648441015625,0.49,0.34,0.39
TSLA,2026-09-25,2027-01-15,C,890.0,1885,3,0.6513706738281251,0.37,0.32,0.37
TSLA,2026-09-25,2027-01-15,C,900.0,13005,34,0.6547886083984377,0.35,0.31,0.35
TSLA,2026-09-25,2027-01-15,C,910.0,1617,1,0.6601596484375001,0.34,0.3,0.35
TSLA,2026-09-25,2027-01-15,C,920.0,1215,1,0.6630893066406252,0.32,0.29,0.33
TSLA,2026-09-25,2027-01-15,C,930.0,567,1,0.6674837939453127,0.3,0.28,0.32
TSLA,2026-09-25,2027-01-15,C,940.0,93664,1,0.6733431103515627,0.31,0.28,0.32
TSLA,2026-09-25,2027-01-15,C,950.0,16642,1,0.6762727685546877,0.3,0.26,0.31
TSLA,2026-09-25,2027-01-15,C,960.0,111550,237,0.6821320849609377,0.28,0.27,0.3
TSLA,2026-09-25,2027-01-15,C,970.0,662,4,0.684573466796875,0.27,0.25,0.29
TSLA,2026-09-25,2027-01-15,C,980.0,1404,1,0.6875031250000001,0.24,0.23,0.29
TSLA,2026-09-25,2027-01-15,C,990.0,13058,28,0.6904327832031252,0.25,0.23,0.27
TSLA,2026-09-25,2027-01-15,P,5.0,20746,40,2.3125042187499996,0.01,0.0,0.01
TSLA,2026-09-25,2027-01-15,P,10.0,8812,1660,1.9375003125,0.02,0.0,0.01
TSLA,2026-09-25,2027-01-15,P,15.0,2995,250,1.78125109375,0.02,0.0,0.02
TSLA,2026-09-25,2027-01-15,P,20.0,4151,2,1.609376953125,0.01,0.0,0.02
TSLA,2026-09-25,2027-01-15,P,25.0,1717,500,1.484377578125,0.02,0.0,0.02
TSLA,2026-09-25,2027-01-15,P,30.0,3178,5,1.3125034374999998,0.02,0.0,0.01
TSLA,2026-09-25,2027-01-15,P,35.0,4064,1,1.359378203125,0.02,0.0,0.04
TSLA,2026-09-25,2027-01-15,P,40.0,933,2,1.3281283593749997,0.08,0.01,0.05
TSLA,2026-09-25,2027-01-15,P,45.0,598,2,1.2695349023437497,0.03,0.01,0.06
TSLA,2026-09-25,2027-01-15,P,50.0,5002,1,1.171879140625,0.04,0.01,0.04
TSLA,2026-09-25,2027-01-15,P,55.0,805,2,1.1328168359375002,0.05,0.0,0.06
TSLA,2026-09-25,2027-01-15,P,60.0,766,148,1.1054732226562503,0.03,0.01,0.07
TSLA,2026-09-25,2027-01-15,P,65.0,455,15,1.0664109179687502,0.04,0.02,0.07
TSLA,2026-09-25,2027-01-15,P,70.0,4173,10,1.0234423828125,0.05,0.02,0.07
TSLA,2026-09-25,2027-01-15,P,75.0,825,10,1.013676806640625,0.07,0.05,0.08
TSLA,2026-09-25,2027-01-15,P,80.0,2462,15,0.9804689453125001,0.06,0.04,0.1
TSLA,2026-09-25,2027-01-15,P,85.0,283,1,0.9531254687499999,0.08,0.05,0.11
TSLA,2026-09-25,2027-01-15,P,90.0,543,6,0.92187578125,0.09,0.06,0.11
TSLA,2026-09-25,2027-01-15,P,95.0,1310,1,0.9101571484375,0.1,0.08,0.14
TSLA,2026-09-25,2027-01-15,P,100.0,5308,1,0.8886729882812499,0.11,0.09,0.16
TSLA,2026-09-25,2027-01-15,P,105.0,635,1,0.86914193359375,0.16,0.11,0.18
TSLA,2026-09-25,2027-01-15,P,110.0,1378,1,0.84961087890625,0.19,0.13,0.2
TSLA,2026-09-25,2027-01-15,P,115.0,953,1,0.8320329296874999,0.22,0.16,0.22
TSLA,2026-09-25,2027-01-15,P,120.0,1287,1,0.81445498046875,0.24,0.18,0.25
TSLA,2026-09-25,2027-01-15,P,125.0,1222,1,0.795900478515625,0.28,0.21,0.27
TSLA,2026-09-25,2027-01-15,P,130.0,4231,1,0.7773459765625,0.26,0.23,0.3
TSLA,2026-09-25,2027-01-15,P,135.0,992,1,0.7568383691406251,0.29,0.26,0.31
TSLA,2026-09-25,2027-01-15,P,140.0,2132,281,0.7397486962890624,0.32,0.29,0.34
TSLA,2026-09-25,2027-01-15,P,145.0,316,1,0.7221707470703125,0.35,0.32,0.37
TSLA,2026-09-25,2027-01-15,P,150.0,8389,6,0.7045927978515626,0.4,0.35,0.4
TSLA,2026-09-25,2027-01-15,P,155.0,523,6,0.6884796777343751,0.41,0.38,0.44
TSLA,2026-09-25,2027-01-15,P,160.0,3535,36,0.6738313867187502,0.47,0.42,0.49
TSLA,2026-09-25,2027-01-15,P,165.0,810,2,0.6562534375000001,0.5,0.45,0.52
TSLA,2026-09-25,2027-01-15,P,170.0,1108,1,0.637698935546875,0.57,0.49,0.53
TSLA,2026-09-25,2027-01-15,P,175.0,3790,1,0.6242713354492189,0.59,0.53,0.6
TSLA,2026-09-25,2027-01-15,P,180.0,3293,2,0.6081582153320313,0.63,0.57,0.64
TSLA,2026-09-25,2027-01-15,P,185.0,573,2,0.5920450952148439,0.69,0.62,0.67
TSLA,2026-09-25,2027-01-15,P,190.0,2251,7,0.577152666015625,0.72,0.67,0.72
TSLA,2026-09-25,2027-01-15,P,195.0,3439,1,0.5634809277343751,0.81,0.73,0.78
TSLA,2026-09-25,2027-01-15,P,200.0,9888,25,0.5500533276367189,0.85,0.8,0.84
TSLA,2026-09-25,2027-01-15,P,205.0,967,9,0.5371140039062501,0.94,0.87,0.92
TSLA,2026-09-25,2027-01-15,P,210.0,5435,106,0.5249070947265625,1.0,0.96,1.0
TSLA,2026-09-25,2027-01-15,P,215.0,654,9,0.5151415673828125,1.08,1.06,1.14
TSLA,2026-09-25,2027-01-15,P,220.0,4113,16,0.5022022436523439,1.21,1.15,1.23
TSLA,2026-09-25,2027-01-15,P,225.0,1101,26,0.49451189086914066,1.35,1.26,1.36
TSLA,2026-09-25,2027-01-15,P,230.0,7001,56,0.4857229162597656,1.51,1.4,1.53
TSLA,2026-09-25,2027-01-15,P,235.0,2745,12,0.4759573889160156,1.68,1.62,1.7
TSLA,2026-09-25,2027-01-15,P,240.0,7452,41,0.4679008288574219,1.91,1.82,1.92
TSLA,2026-09-25,2027-01-15,P,245.0,3257,23,0.4603325451660156,2.14,2.09,2.17
TSLA,2026-09-25,2027-01-15,P,250.0,11219,36,0.45325253784179687,2.42,2.37,2.46
TSLA,2026-09-25,2027-01-15,P,260.0,5706,16,0.4414118359375,3.06,3.05,3.2
TSLA,2026-09-25,2027-01-15,P,270.0,6782,549,0.4306087213134766,4.1,4.0,4.15
TSLA,2026-09-25,2027-01-15,P,280.0,10839,129,0.42200285034179685,5.3,5.25,5.4
TSLA,2026-09-25,2027-01-15,P,290.0,4755,58,0.4138852557373046,6.85,6.8,6.95
TSLA,2026-09-25,2027-01-15,P,300.0,25143,307,0.407232490234375,8.9,8.75,8.9
TSLA,2026-09-25,2027-01-15,P,310.0,10959,263,0.4017393811035156,11.08,11.1,11.3
TSLA,2026-09-25,2027-01-15,P,320.0,7425,327,0.39728385925292964,14.1,14.0,14.2
TSLA,2026-09-25,2027-01-15,P,330.0,10086,357,0.3931945446777344,17.5,17.35,17.6
TSLA,2026-09-25,2027-01-15,P,340.0,5087,83,0.38907471282958983,21.45,21.1,21.5
TSLA,2026-09-25,2027-01-15,P,350.0,15209,531,0.38544315734863277,25.77,25.7,25.95
TSLA,2026-09-25,2027-01-15,P,360.0,11972,127,0.38280341323852535,30.7,30.7,31.0
TSLA,2026-09-25,2027-01-15,P,370.0,4503,674,0.3793091854858398,36.22,36.2,36.5
TSLA,2026-09-25,2027-01-15,P,380.0,6378,23,0.37637952728271484,42.2,42.15,42.55
TSLA,2026-09-25,2027-01-15,P,390.0,5394,16,0.37506728454589844,48.15,48.5,49.2
TSLA,2026-09-25,2027-01-15,P,400.0,11233,567,0.37036762451171873,56.0,55.55,56.05
TSLA,2026-09-25,2027-01-15,P,410.0,3621,11,0.36737693176269537,63.4,62.9,63.45
TSLA,2026-09-25,2027-01-15,P,420.0,3011,10,0.36380641082763676,70.81,70.65,71.2
TSLA,2026-09-25,2027-01-15,P,430.0,3330,6,0.3627993408203125,77.2,78.5,79.45
TSLA,2026-09-25,2027-01-15,P,440.0,3070,2,0.35907623352050777,85.82,87.15,87.85
TSLA,2026-09-25,2027-01-15,P,450.0,2839,15,0.35907623352050777,96.09,95.65,96.7
TSLA,2026-09-25,2027-01-15,P,460.0,1429,10,0.3551700225830078,103.22,104.55,105.6
TSLA,2026-09-25,2027-01-15,P,470.0,878,1,0.3462589788818359,113.5,112.65,114.55
TSLA,2026-09-25,2027-01-15,P,480.0,2127,1,0.3276434423828125,120.74,122.4,123.5
TSLA,2026-09-25,2027-01-15,P,490.0,539,1,0.3776917700195312,114.6,129.85,134.35
TSLA,2026-09-25,2027-01-15,P,500.0,2236,10,0.3320379296875,138.92,141.3,142.9
TSLA,2026-09-25,2027-01-15,P,510.0,610,1,0.3278875805664062,148.63,150.7,152.6
TSLA,2026-09-25,2027-01-15,P,520.0,765,5,0.3898986791992188,141.6,160.25,163.4
TSLA,2026-09-25,2027-01-15,P,530.0,379,2,0.3806214282226562,175.18,169.45,172.95
TSLA,2026-09-25,2027-01-15,P,540.0,288,30,0.38172005004882803,188.45,179.85,182.75
TSLA,2026-09-25,2027-01-15,P,550.0,690,2,0.37964487548828124,189.25,188.0,192.55
TSLA,2026-09-25,2027-01-15,P,560.0,55,30,0.3880676428222656,180.85,197.95,202.5
TSLA,2026-09-25,2027-01-15,P,570.0,58,2,0.4327449304199219,192.16,207.95,212.9
TSLA,2026-09-25,2027-01-15,P,580.0,2,1,0.4177304321289062,201.0,217.95,222.55
TSLA,2026-09-25,2027-01-15,P,590.0,0,50,0.47510290527343746,235.1,227.45,233.15
TSLA,2026-09-25,2027-01-15,P,600.0,3,34,0.5190477783203125,232.51,237.0,243.7
TSLA,2026-09-25,2027-01-15,P,610.0,0,2,0.5318650329589845,250.39,247.15,253.7
TSLA,2026-09-25,2027-01-15,P,620.0,2,8,0.5444991839599609,255.0,257.0,263.7
TSLA,2026-09-25,2027-01-15,P,630.0,0,1,0.5485884985351563,272.09,267.0,273.55
TSLA,2026-09-25,2027-01-15,P,640.0,0,3542,0.8032551412963866,317.6,288.0,294.0
TSLA,2026-09-25,2027-01-15,P,650.0,0,50,0.5363815893554689,268.77,287.1,293.0
TSLA,2026-09-25,2027-01-15,P,660.0,0,476,0.8321244815063474,340.5,309.8,312.25
TSLA,2026-09-25,2027-01-15,P,670.0,0,60,0.8386246606445311,347.95,319.5,321.95
TSLA,2026-09-25,2027-01-15,P,680.0,0,1,0.6119423571777345,321.09,318.2,323.65
TSLA,2026-09-25,2027-01-15,P,690.0,0,3,0.8644422735595703,299.6,339.5,341.9
TSLA,2026-09-25,2027-01-15,P,700.0,1,10,0.7395045581054687,393.01,342.1,349.9
TSLA,2026-09-25,2027-01-15,P,710.0,0,4,1.0000000000000003e-05,319.7,290.25,292.9
TSLA,2026-09-25,2027-01-15,P,720.0,0,2,1.0000000000000003e-05,336.45,0.0,0.0
TSLA,2026-09-25,2027-01-15,P,730.0,0,23,0.9148568084716797,338.94,379.5,381.95
TSLA,2026-09-25,2027-01-15,P,740.0,0,15,0.9267585449218749,349.0,389.5,391.95
TSLA,2026-09-25,2027-01-15,P,750.0,0,2,0.9377447631835938,358.1,399.5,401.9
TSLA,2026-09-25,2027-01-15,P,760.0,0,2,1.0000000000000003e-05,338.55,0.0,0.0
TSLA,2026-09-25,2027-01-15,P,770.0,0,5,0.9604496142578124,375.65,419.5,421.9
TSLA,2026-09-25,2027-01-15,P,780.0,0,2,1.0000000000000003e-05,412.8,0.0,0.0
TSLA,2026-09-25,2027-01-15,P,790.0,0,39,1.0000000000000003e-05,374.65,0.0,0.0
TSLA,2026-09-25,2027-01-15,P,800.0,1,1,0.6986114123535156,419.41,437.95,443.2
TSLA,2026-09-25,2027-01-15,P,810.0,0,1,1.0000000000000003e-05,399.85,0.0,0.0
TSLA,2026-09-25,2027-01-15,P,820.0,0,1,1.0000000000000003e-05,409.99,0.0,0.0
TSLA,2026-09-25,2027-01-15,P,830.0,0,1,0.6538120556640626,451.28,467.95,472.5
TSLA,2026-09-25,2027-01-15,P,840.0,1,1,0.7241238525390624,461.25,477.9,483.1
TSLA,2026-09-25,2027-01-15,P,850.0,0,2,1.0000000000000003e-05,433.15,0.0,0.0
TSLA,2026-09-25,2027-01-15,P,860.0,0,10,1.0000000000000003e-05,419.55,0.0,0.0
TSLA,2026-09-25,2027-01-15,P,870.0,0,1,0.73437765625,491.2,507.95,512.95
TSLA,2026-09-25,2027-01-15,P,880.0,1,1,0.7419459399414061,501.17,517.95,522.95
TSLA,2026-09-25,2027-01-15,P,890.0,0,2,1.0825851535034179,490.75,539.65,541.8
TSLA,2026-09-25,2027-01-15,P,900.0,0,2,1.0000000000000003e-05,564.35,0.0,0.0
TSLA,2026-09-25,2027-01-15,P,910.0,0,2,1.100743021697998,510.59,559.65,561.8
TSLA,2026-09-25,2027-01-15,P,920.0,0,2,1.0000000000000003e-05,476.37,516.0,518.8
TSLA,2026-09-25,2027-01-15,P,930.0,0,4,1.0000000000000003e-05,491.03,525.9,529.5
TSLA,2026-09-25,2027-01-15,P,940.0,0,3,1.0000000000000003e-05,494.9,515.55,523.35
TSLA,2026-09-25,2027-01-15,P,950.0,0,1,1.0000000000000003e-05,511.35,557.25,560.45
TSLA,2026-09-25,2027-01-15,P,960.0,0,2,1.0000000000000003e-05,520.5,567.15,570.55
TSLA,2026-09-25,2027-01-15,P,970.0,0,17,1.0000000000000003e-05,531.53,577.15,580.55
TSLA,2026-09-25,2027-01-15,P,980.0,0,1,1.0000000000000003e-05,541.17,587.15,590.55
TSLA,2026-09-25,2027-01-15,P,990.0,0,8,1.0000000000000003e-05,576.2,0.0,0.0
