ticker,date,expiry,type,strike,oi,volume,iv,last,bid,ask
TSLA,2026-08-26,2026-08-28,C,60.0,4,0,11.101565561523438,274.95,290.65,293.1
TSLA,2026-08-26,2026-08-28,C,70.0,4,0,9.605472746582034,262.0,280.3,282.9
TSLA,2026-08-26,2026-08-28,C,80.0,1,4,8.67969207519531,252.63,270.3,272.85
TSLA,2026-08-26,2026-08-28,C,100.0,0,0,1.0000000000000003e-05,205.01,250.3,251.4
TSLA,2026-08-26,2026-08-28,C,120.0,1,2,6.386720766601563,234.52,230.3,232.85
TSLA,2026-08-26,2026-08-28,C,130.0,103,100,6.222658471679686,215.4,220.0,223.0
TSLA,2026-08-26,2026-08-28,C,140.0,1,6,5.523440595703125,218.29,210.3,212.85
TSLA,2026-08-26,2026-08-28,C,150.0,1,3,5.14062857421875,198.58,200.3,202.85
TSLA,2026-08-26,2026-08-28,C,170.0,2,2,4.5937542578125,174.35,180.3,182.95
TSLA,2026-08-26,2026-08-28,C,180.0,830,831,4.3281295898437495,165.87,170.65,173.0
TSLA,2026-08-26,2026-08-28,C,190.0,3,2,3.82031294921875,154.25,160.75,162.85
TSLA,2026-08-26,2026-08-28,C,200.0,30,2,3.5312511718749997,144.28,149.95,152.85
TSLA,2026-08-26,2026-08-28,C,210.0,55,33,3.566407333984375,153.67,140.7,143.15
TSLA,2026-08-26,2026-08-28,C,220.0,104,6,2.9960962597656247,126.25,129.8,132.85
TSLA,2026-08-26,2026-08-28,C,230.0,42,4,2.6230503173828126,122.57,120.5,122.75
TSLA,2026-08-26,2026-08-28,C,235.0,11,8,2.5039099902343747,117.67,115.65,117.75
TSLA,2026-08-26,2026-08-28,C,240.0,107,12,2.5488317529296873,112.75,110.5,112.9
TSLA,2026-08-26,2026-08-28,C,245.0,7,10,2.275394936523437,107.99,105.5,107.75
TSLA,2026-08-26,2026-08-28,C,250.0,101,20,1.0000000000000003e-05,102.47,100.95,101.75
TSLA,2026-08-26,2026-08-28,C,255.0,45,44,2.2714886962890626,97.57,95.5,98.0
TSLA,2026-08-26,2026-08-28,C,260.0,73,34,1.0000000000000003e-05,91.25,90.65,91.85
TSLA,2026-08-26,2026-08-28,C,265.0,83,24,2.037114282226563,88.37,85.6,88.0
TSLA,2026-08-26,2026-08-28,C,270.0,169,119,1.818360283203125,82.71,80.55,82.85
TSLA,2026-08-26,2026-08-28,C,275.0,133,1,1.0000000000000003e-05,77.79,75.65,76.7
TSLA,2026-08-26,2026-08-28,C,280.0,87,1,1.8916021044921876,74.72,70.85,73.4
TSLA,2026-08-26,2026-08-28,C,285.0,43,2,1.6142597412109376,81.25,65.55,68.05
TSLA,2026-08-26,2026-08-28,C,290.0,139,1,1.0000000000000003e-05,62.47,60.6,62.05
TSLA,2026-08-26,2026-08-28,C,295.0,146,1,1.0000000000000003e-05,57.15,55.55,56.55
TSLA,2026-08-26,2026-08-28,C,300.0,619,28,1.0000000000000003e-05,52.77,50.95,51.6
TSLA,2026-08-26,2026-08-28,C,302.5,6,19,1.0742233789062503,50.0,48.05,50.25
TSLA,2026-08-26,2026-08-28,C,305.0,1101,11,0.8398453515625,45.35,45.8,47.55
TSLA,2026-08-26,2026-08-28,C,307.5,36,1,1.0556687841796877,36.65,43.4,45.4
TSLA,2026-08-26,2026-08-28,C,310.0,1829,6,0.85937640625,42.6,40.85,42.65
TSLA,2026-08-26,2026-08-28,C,312.5,58,50,0.9521489160156249,34.04,38.25,40.4
TSLA,2026-08-26,2026-08-28,C,315.0,933,4,1.0952193676757815,38.23,35.85,38.5
TSLA,2026-08-26,2026-08-28,C,317.5,39,3,0.848634326171875,34.95,33.2,35.4
TSLA,2026-08-26,2026-08-28,C,320.0,1227,92,0.507817421875,32.72,31.1,32.5
TSLA,2026-08-26,2026-08-28,C,322.5,127,5,1.0000000000000003e-05,26.65,27.9,29.85
TSLA,2026-08-26,2026-08-28,C,325.0,1338,67,1.0000000000000003e-05,26.9,25.95,27.1
TSLA,2026-08-26,2026-08-28,C,327.5,233,33,0.5371140039062501,24.31,22.95,25.15
TSLA,2026-08-26,2026-08-28,C,330.0,2535,254,1.0000000000000003e-05,21.75,21.15,21.95
TSLA,2026-08-26,2026-08-28,C,332.5,879,112,1.0000000000000003e-05,19.36,18.75,19.3
TSLA,2026-08-26,2026-08-28,C,335.0,1843,1632,1.0000000000000003e-05,18.2,16.35,17.1
TSLA,2026-08-26,2026-08-28,C,337.5,697,734,1.0000000000000003e-05,14.69,14.2,14.65
TSLA,2026-08-26,2026-08-28,C,340.0,3788,6270,1.0000000000000003e-05,12.0,11.95,12.2
TSLA,2026-08-26,2026-08-28,C,342.5,2261,3172,1.0000000000000003e-05,9.84,9.7,9.95
TSLA,2026-08-26,2026-08-28,C,345.0,3055,21666,0.2456130126953125,7.85,7.75,7.85
TSLA,2026-08-26,2026-08-28,C,347.5,4551,29504,0.29932341308593746,6.16,6.05,6.2
TSLA,2026-08-26,2026-08-28,C,350.0,10383,60367,0.3193427441406249,4.65,4.6,4.7
TSLA,2026-08-26,2026-08-28,C,352.5,4736,65378,0.3324041369628906,3.4,3.35,3.45
TSLA,2026-08-26,2026-08-28,C,355.0,9842,70322,0.33765310791015624,2.42,2.39,2.41
TSLA,2026-08-26,2026-08-28,C,357.5,3644,32381,0.3530338134765625,1.72,1.69,1.72
TSLA,2026-08-26,2026-08-28,C,360.0,13582,68614,0.36304347900390627,1.17,1.15,1.18
TSLA,2026-08-26,2026-08-28,C,362.5,4879,21587,0.3715883154296875,0.78,0.78,0.79
TSLA,2026-08-26,2026-08-28,C,365.0,17249,28091,0.379889013671875,0.51,0.51,0.52
TSLA,2026-08-26,2026-08-28,C,367.5,6403,8196,0.39160764648437496,0.35,0.33,0.35
TSLA,2026-08-26,2026-08-28,C,370.0,12178,18398,0.401373173828125,0.23,0.22,0.23
TSLA,2026-08-26,2026-08-28,C,372.5,2519,3748,0.415044912109375,0.14,0.14,0.16
TSLA,2026-08-26,2026-08-28,C,375.0,8192,4853,0.42774009765625004,0.1,0.1,0.11
TSLA,2026-08-26,2026-08-28,C,377.5,9097,2820,0.44336494140625,0.07,0.07,0.08
TSLA,2026-08-26,2026-08-28,C,380.0,22532,12148,0.46094289062500005,0.05,0.05,0.06
TSLA,2026-08-26,2026-08-28,C,382.5,2729,765,0.48242705078125003,0.04,0.04,0.05
TSLA,2026-08-26,2026-08-28,C,385.0,6120,1416,0.5019581054687501,0.03,0.03,0.04
TSLA,2026-08-26,2026-08-28,C,387.5,3492,449,0.5039112109375,0.03,0.02,0.03
TSLA,2026-08-26,2026-08-28,C,390.0,7683,745,0.5351608984375,0.03,0.02,0.03
TSLA,2026-08-26,2026-08-28,C,392.5,1205,417,0.5507857421875001,0.03,0.01,0.03
TSLA,2026-08-26,2026-08-28,C,395.0,3019,624,0.5625043750000001,0.02,0.01,0.02
TSLA,2026-08-26,2026-08-28,C,397.5,730,68,0.5937540625000001,0.02,0.01,0.02
TSLA,2026-08-26,2026-08-28,C,400.0,12264,1754,0.6171913281250001,0.02,0.01,0.02
TSLA,2026-08-26,2026-08-28,C,402.5,913,414,0.6640658593750002,0.01,0.01,0.03
TSLA,2026-08-26,2026-08-28,C,405.0,1986,503,0.6718782812500002,0.01,0.01,0.02
TSLA,2026-08-26,2026-08-28,C,407.5,1110,8,0.73437765625,0.04,0.01,0.04
TSLA,2026-08-26,2026-08-28,C,410.0,5099,862,0.726565234375,0.01,0.01,0.02
TSLA,2026-08-26,2026-08-28,C,412.5,318,4,0.773439765625,0.02,0.01,0.03
TSLA,2026-08-26,2026-08-28,C,415.0,1883,18,0.7812521875,0.01,0.01,0.02
TSLA,2026-08-26,2026-08-28,C,417.5,36,2,0.8437515624999999,0.07,0.0,0.05
TSLA,2026-08-26,2026-08-28,C,420.0,4889,147,0.8281267187499999,0.01,0.01,0.02
TSLA,2026-08-26,2026-08-28,C,425.0,1069,104,0.87500125,0.01,0.01,0.02
TSLA,2026-08-26,2026-08-28,C,430.0,1732,76,0.929688203125,0.02,0.01,0.02
TSLA,2026-08-26,2026-08-28,C,435.0,1949,115,1.0234423828125,0.01,0.01,0.04
TSLA,2026-08-26,2026-08-28,C,440.0,1165,6,1.0546922265625,0.03,0.01,0.03
TSLA,2026-08-26,2026-08-28,C,445.0,678,18,1.0781296093750001,0.01,0.01,0.02
TSLA,2026-08-26,2026-08-28,C,450.0,3584,11,1.1484417578125,0.05,0.01,0.03
TSLA,2026-08-26,2026-08-28,C,455.0,743,7,1.21875390625,0.03,0.0,0.05
TSLA,2026-08-26,2026-08-28,C,460.0,3564,102,1.2421912890624998,0.02,0.01,0.03
TSLA,2026-08-26,2026-08-28,C,465.0,4205,153,1.2812535937499998,0.01,0.01,0.03
TSLA,2026-08-26,2026-08-28,C,470.0,730,106,1.359378203125,0.01,0.0,0.05
TSLA,2026-08-26,2026-08-28,C,475.0,670,24,1.40625296875,0.01,0.0,0.05
TSLA,2026-08-26,2026-08-28,C,480.0,1368,166,1.3437532812499997,0.02,0.0,0.02
TSLA,2026-08-26,2026-08-28,C,485.0,944,3,1.3125034374999998,0.01,0.0,0.01
TSLA,2026-08-26,2026-08-28,C,490.0,925,2,1.3437532812499997,0.01,0.0,0.01
TSLA,2026-08-26,2026-08-28,C,495.0,462,2,1.3750031249999999,0.01,0.0,0.01
TSLA,2026-08-26,2026-08-28,C,500.0,3676,1,1.4375028125,0.01,0.0,0.01
TSLA,2026-08-26,2026-08-28,C,505.0,848,1,1.4375028125,0.01,0.0,0.01
TSLA,2026-08-26,2026-08-28,C,510.0,2341,2,1.5000025,0.01,0.0,0.01
TSLA,2026-08-26,2026-08-28,C,515.0,294,4,1.5312523437499999,0.01,0.0,0.01
TSLA,2026-08-26,2026-08-28,C,520.0,472,2,1.5625021874999998,0.01,0.0,0.01
TSLA,2026-08-26,2026-08-28,C,525.0,724,4,1.5937520312499998,0.01,0.0,0.01
TSLA,2026-08-26,2026-08-28,C,530.0,246,2,1.625001875,0.01,0.0,0.01
TSLA,2026-08-26,2026-08-28,C,535.0,1320,1,1.6875015625,0.01,0.0,0.01
TSLA,2026-08-26,2026-08-28,C,540.0,424,26,1.6875015625,0.03,0.0,0.01
TSLA,2026-08-26,2026-08-28,C,545.0,363,1,1.75000125,0.01,0.0,0.01
TSLA,2026-08-26,2026-08-28,C,550.0,338,3,1.75000125,0.04,0.0,0.01
TSLA,2026-08-26,2026-08-28,C,555.0,12,2,1.8125009374999999,0.01,0.0,0.01
TSLA,2026-08-26,2026-08-28,C,560.0,63,2,1.8125009374999999,0.06,0.0,0.01
TSLA,2026-08-26,2026-08-28,C,565.0,311,24,1.875000625,0.02,0.0,0.01
TSLA,2026-08-26,2026-08-28,C,570.0,127,1,1.875000625,0.01,0.0,0.01
TSLA,2026-08-26,2026-08-28,C,575.0,11,2,1.9375003125,0.01,0.0,0.01
TSLA,2026-08-26,2026-08-28,C,580.0,31,6,1.9375003125,0.02,0.0,0.01
TSLA,2026-08-26,2026-08-28,C,585.0,81,6,1.96875015625,0.02,0.0,0.01
TSLA,2026-08-26,2026-08-28,C,590.0,365,55,2.000005,0.06,0.0,0.01
TSLA,2026-08-26,2026-08-28,C,595.0,479,2,2.0625048437499998,0.01,0.0,0.01
TSLA,2026-08-26,2026-08-28,C,600.0,184,11,2.0625048437499998,0.01,0.0,0.01
TSLA,2026-08-26,2026-08-28,C,605.0,22,10,2.1250046874999997,0.01,0.0,0.01
TSLA,2026-08-26,2026-08-28,C,610.0,8,8,2.1250046874999997,0.01,0.0,0.01
TSLA,2026-08-26,2026-08-28,C,615.0,9,1,2.1875045312499997,0.01,0.0,0.01
TSLA,2026-08-26,2026-08-28,C,620.0,10,6,2.1875045312499997,0.02,0.0,0.01
TSLA,2026-08-26,2026-08-28,C,625.0,13,23,2.2500043749999996,0.01,0.0,0.01
TSLA,2026-08-26,2026-08-28,C,630.0,6,1,2.2500043749999996,0.02,0.0,0.01
TSLA,2026-08-26,2026-08-28,C,640.0,12,4,2.3125042187499996,0.01,0.0,0.01
TSLA,2026-08-26,2026-08-28,C,650.0,29,2,2.3750040624999995,0.05,0.0,0.01
TSLA,2026-08-26,2026-08-28,C,660.0,30,1,2.43750390625,0.01,0.0,0.01
TSLA,2026-08-26,2026-08-28,C,670.0,45,2,2.50000375,0.01,0.0,0.01
TSLA,2026-08-26,2026-08-28,C,680.0,10,2,2.50000375,0.01,0.0,0.01
TSLA,2026-08-26,2026-08-28,C,690.0,62,1,2.56250359375,0.01,0.0,0.01
TSLA,2026-08-26,2026-08-28,C,700.0,193,20,2.6250034375,0.01,0.0,0.01
TSLA,2026-08-26,2026-08-28,C,710.0,88,4,2.68750328125,0.01,0.0,0.01
TSLA,2026-08-26,2026-08-28,C,720.0,3,0,2.750003125,0.12,0.0,0.01
TSLA,2026-08-26,2026-08-28,C,730.0,5,3,2.750003125,0.07,0.0,0.01
TSLA,2026-08-26,2026-08-28,C,740.0,4,1,2.81250296875,0.03,0.0,0.01
TSLA,2026-08-26,2026-08-28,C,750.0,62,2,2.8750028125,0.01,0.0,0.01
TSLA,2026-08-26,2026-08-28,P,50.0,17,1,7.625000468750001,0.01,0.0,0.01
TSLA,2026-08-26,2026-08-28,P,80.0,97,1,5.7500028125,0.01,0.0,0.01
TSLA,2026-08-26,2026-08-28,P,90.0,74,1,5.375003281249999,0.01,0.0,0.01
TSLA,2026-08-26,2026-08-28,P,100.0,711,480,5.000003749999999,0.01,0.0,0.01
TSLA,2026-08-26,2026-08-28,P,110.0,193,2,4.62500421875,0.07,0.0,0.01
TSLA,2026-08-26,2026-08-28,P,120.0,100,4,4.2500046875,0.01,0.0,0.01
TSLA,2026-08-26,2026-08-28,P,130.0,189,2,3.93750015625,0.01,0.0,0.01
TSLA,2026-08-26,2026-08-28,P,140.0,491,124,3.6250009375000003,0.01,0.0,0.01
TSLA,2026-08-26,2026-08-28,P,150.0,26694,10,3.3750015624999996,0.01,0.0,0.01
TSLA,2026-08-26,2026-08-28,P,160.0,8819,2111,3.1250021875,0.01,0.0,0.01
TSLA,2026-08-26,2026-08-28,P,170.0,479,41,2.8750028125,0.01,0.0,0.01
TSLA,2026-08-26,2026-08-28,P,180.0,945,181,2.68750328125,0.01,0.0,0.01
TSLA,2026-08-26,2026-08-28,P,190.0,316,2,2.50000375,0.01,0.0,0.01
TSLA,2026-08-26,2026-08-28,P,200.0,20093,14,2.3125042187499996,0.01,0.0,0.01
TSLA,2026-08-26,2026-08-28,P,210.0,17259,11,2.1250046874999997,0.01,0.0,0.01
TSLA,2026-08-26,2026-08-28,P,220.0,801,1,1.9375003125,0.01,0.0,0.01
TSLA,2026-08-26,2026-08-28,P,230.0,4301,121,1.75000125,0.01,0.0,0.01
TSLA,2026-08-26,2026-08-28,P,235.0,2199,63,1.6875015625,0.01,0.0,0.01
TSLA,2026-08-26,2026-08-28,P,240.0,3513,5,1.5937520312499998,0.01,0.0,0.01
TSLA,2026-08-26,2026-08-28,P,245.0,370,14,1.65625171875,0.01,0.0,0.03
TSLA,2026-08-26,2026-08-28,P,250.0,1716,222,1.4375028125,0.01,0.0,0.01
TSLA,2026-08-26,2026-08-28,P,255.0,6681,53,1.3437532812499997,0.01,0.0,0.01
TSLA,2026-08-26,2026-08-28,P,260.0,2917,23,1.2812535937499998,0.01,0.0,0.01
TSLA,2026-08-26,2026-08-28,P,265.0,837,424,1.3125034374999998,0.01,0.01,0.02
TSLA,2026-08-26,2026-08-28,P,270.0,2307,19,1.2343788281249999,0.03,0.01,0.02
TSLA,2026-08-26,2026-08-28,P,275.0,1780,4,1.21875390625,0.01,0.01,0.04
TSLA,2026-08-26,2026-08-28,P,280.0,6014,123,1.0781296093750001,0.02,0.01,0.02
TSLA,2026-08-26,2026-08-28,P,285.0,2410,64,1.000005,0.01,0.01,0.02
TSLA,2026-08-26,2026-08-28,P,290.0,3694,177,0.929688203125,0.02,0.01,0.02
TSLA,2026-08-26,2026-08-28,P,295.0,3204,259,0.85937640625,0.04,0.01,0.02
TSLA,2026-08-26,2026-08-28,P,300.0,6867,363,0.7812521875,0.02,0.01,0.02
TSLA,2026-08-26,2026-08-28,P,302.5,695,374,0.7851583984375,0.04,0.01,0.04
TSLA,2026-08-26,2026-08-28,P,305.0,1534,124,0.726565234375,0.02,0.01,0.03
TSLA,2026-08-26,2026-08-28,P,307.5,1125,12,0.7226590234375,0.02,0.01,0.05
TSLA,2026-08-26,2026-08-28,P,310.0,2641,716,0.6718782812500002,0.03,0.02,0.03
TSLA,2026-08-26,2026-08-28,P,312.5,1523,126,0.632816171875,0.03,0.02,0.03
TSLA,2026-08-26,2026-08-28,P,315.0,2968,586,0.6093789062500001,0.03,0.02,0.04
TSLA,2026-08-26,2026-08-28,P,317.5,1324,82,0.57812921875,0.03,0.03,0.04
TSLA,2026-08-26,2026-08-28,P,320.0,3781,503,0.5390671093750001,0.04,0.03,0.04
TSLA,2026-08-26,2026-08-28,P,322.5,1335,802,0.5039112109375,0.03,0.03,0.04
TSLA,2026-08-26,2026-08-28,P,325.0,3350,1358,0.48438015625,0.05,0.04,0.05
TSLA,2026-08-26,2026-08-28,P,327.5,2191,1875,0.46680220703125,0.07,0.06,0.07
TSLA,2026-08-26,2026-08-28,P,330.0,4644,5455,0.4414118359375,0.09,0.08,0.09
TSLA,2026-08-26,2026-08-28,P,332.5,1316,2719,0.428716650390625,0.13,0.13,0.14
TSLA,2026-08-26,2026-08-28,P,335.0,4417,6579,0.42090422851562503,0.22,0.22,0.23
TSLA,2026-08-26,2026-08-28,P,337.5,1654,8023,0.41309180664062495,0.37,0.35,0.37
TSLA,2026-08-26,2026-08-28,P,340.0,6194,19877,0.40918559570312496,0.6,0.59,0.6
TSLA,2026-08-26,2026-08-28,P,342.5,2449,13152,0.40820904296875,0.93,0.94,0.96
TSLA,2026-08-26,2026-08-28,P,345.0,8456,33610,0.40820904296875,1.48,1.46,1.48
TSLA,2026-08-26,2026-08-28,P,347.5,2440,25307,0.41272559936523434,2.21,2.19,2.23
TSLA,2026-08-26,2026-08-28,P,350.0,5834,45130,0.4172421557617187,3.2,3.1,3.2
TSLA,2026-08-26,2026-08-28,P,352.5,3508,25038,0.4265194067382813,4.4,4.35,4.45
TSLA,2026-08-26,2026-08-28,P,355.0,2764,18345,0.44336494140625,6.0,5.95,6.0
TSLA,2026-08-26,2026-08-28,P,357.5,711,8742,0.4660697924804688,7.84,7.65,7.8
TSLA,2026-08-26,2026-08-28,P,360.0,1710,4904,0.49414568359375005,9.84,9.65,9.8
TSLA,2026-08-26,2026-08-28,P,362.5,660,164,0.5053760400390624,10.55,11.4,12.15
TSLA,2026-08-26,2026-08-28,P,365.0,1029,486,0.5459029785156251,14.22,13.8,14.35
TSLA,2026-08-26,2026-08-28,P,367.5,392,79,0.6127968408203126,15.58,16.2,17.0
TSLA,2026-08-26,2026-08-28,P,370.0,1838,186,0.6269568554687501,18.59,18.55,19.05
TSLA,2026-08-26,2026-08-28,P,372.5,98,68,0.7087431469726562,21.19,21.1,21.8
TSLA,2026-08-26,2026-08-28,P,375.0,673,193,0.725588681640625,24.0,23.45,24.0
TSLA,2026-08-26,2026-08-28,P,377.5,48,68,0.8457046679687499,25.79,25.95,27.25
TSLA,2026-08-26,2026-08-28,P,380.0,527,28,0.805666005859375,27.18,27.7,29.5
TSLA,2026-08-26,2026-08-28,P,382.5,14,2,0.9062509375,31.79,30.8,31.9
TSLA,2026-08-26,2026-08-28,P,385.0,193,82,0.981445498046875,33.25,32.75,35.2
TSLA,2026-08-26,2026-08-28,P,387.5,12,37,1.0747116577148441,35.42,35.95,37.45
TSLA,2026-08-26,2026-08-28,P,390.0,22,4,1.125004375,40.0,38.5,39.9
TSLA,2026-08-26,2026-08-28,P,392.5,4,4,1.1745646740722657,40.5,40.85,42.55
TSLA,2026-08-26,2026-08-28,P,395.0,1,4,1.2231484155273438,45.6,43.4,45.0
TSLA,2026-08-26,2026-08-28,P,400.0,74,98,1.2412147314453121,53.94,48.45,49.25
TSLA,2026-08-26,2026-08-28,P,405.0,0,5,1.1709025830078126,59.87,52.35,54.2
TSLA,2026-08-26,2026-08-28,P,407.5,0,20,1.4096709204101563,44.5,55.95,57.05
TSLA,2026-08-26,2026-08-28,P,410.0,16,2,1.342776723632812,55.88,57.75,59.4
TSLA,2026-08-26,2026-08-28,P,415.0,0,1,1.5805685034179686,82.05,63.25,65.1
TSLA,2026-08-26,2026-08-28,P,420.0,0,2,1.6948257446289063,68.0,68.5,70.1
TSLA,2026-08-26,2026-08-28,P,425.0,14,14,1.7158217333984376,76.34,73.35,74.75
TSLA,2026-08-26,2026-08-28,P,430.0,0,1,1.8413093872070312,106.43,78.35,80.1
TSLA,2026-08-26,2026-08-28,P,435.0,0,3,1.72265763671875,86.01,82.05,85.05
TSLA,2026-08-26,2026-08-28,P,440.0,0,1,1.7949229003906249,92.13,87.2,89.9
TSLA,2026-08-26,2026-08-28,P,445.0,0,2,1.8837896435546875,123.13,92.15,95.05
TSLA,2026-08-26,2026-08-28,P,450.0,0,2,2.004887800292969,97.0,97.5,100.0
TSLA,2026-08-26,2026-08-28,P,455.0,0,6,2.0224658813476566,128.52,102.15,105.05
TSLA,2026-08-26,2026-08-28,P,460.0,0,5,2.1435593286132812,117.2,107.5,110.0
TSLA,2026-08-26,2026-08-28,P,470.0,0,1,2.8364286901855467,133.5,119.6,122.1
TSLA,2026-08-26,2026-08-28,P,475.0,2,2,2.2949261376953123,123.01,122.15,125.1
TSLA,2026-08-26,2026-08-28,P,480.0,0,0,2.956057297363281,109.75,129.7,131.75
TSLA,2026-08-26,2026-08-28,P,495.0,0,0,2.5312536718749996,187.05,142.15,145.05
TSLA,2026-08-26,2026-08-28,P,500.0,0,22,2.652347119140625,154.35,147.5,150.0
TSLA,2026-08-26,2026-08-28,P,515.0,0,0,3.4189467651367185,121.8,164.6,166.75
TSLA,2026-08-26,2026-08-28,P,520.0,0,15,3.4829114489746096,197.6,169.6,171.75
TSLA,2026-08-26,2026-08-28,P,550.0,0,10,3.8852541931152342,226.18,199.9,201.75
TSLA,2026-08-26,2026-08-31,C,225.0,1,1,1.9062504687500001,128.71,125.75,127.95
TSLA,2026-08-26,2026-08-31,C,260.0,1,1,1.1484417578125,93.93,90.45,92.6
TSLA,2026-08-26,2026-08-31,C,270.0,1,1,1.091801416015625,84.3,80.7,82.7
TSLA,2026-08-26,2026-08-31,C,275.0,1,0,1.1220747021484376,65.05,75.75,77.9
TSLA,2026-08-26,2026-08-31,C,280.0,11,0,0.9609378906249999,60.54,70.75,72.7
TSLA,2026-08-26,2026-08-31,C,285.0,21,0,0.8964854101562498,60.45,65.35,67.7
TSLA,2026-08-26,2026-08-31,C,290.0,17,0,0.8564467480468749,55.53,60.75,62.75
TSLA,2026-08-26,2026-08-31,C,295.0,11,2,0.745119736328125,68.56,55.4,57.65
TSLA,2026-08-26,2026-08-31,C,300.0,3,1,0.747072841796875,54.3,50.8,52.8
TSLA,2026-08-26,2026-08-31,C,302.5,7,52,0.7148466015625,57.31,48.3,50.3
TSLA,2026-08-26,2026-08-31,C,305.0,3,6,1.0000000000000003e-05,46.7,45.95,47.4
TSLA,2026-08-26,2026-08-31,C,307.5,9,2,0.6806672558593752,38.4,43.3,45.4
TSLA,2026-08-26,2026-08-31,C,310.0,4,124,0.6333044482421876,41.84,40.95,42.85
TSLA,2026-08-26,2026-08-31,C,312.5,6,20,0.5336960693359375,32.77,38.35,40.15
TSLA,2026-08-26,2026-08-31,C,315.0,2,110,1.0000000000000003e-05,36.47,35.9,36.95
TSLA,2026-08-26,2026-08-31,C,317.5,15,1,0.45313046875,35.27,33.45,35.1
TSLA,2026-08-26,2026-08-31,C,320.0,45,39,0.3086006640625,33.63,30.95,32.45
TSLA,2026-08-26,2026-08-31,C,322.5,82,62,0.2890696093749999,22.01,28.4,29.95
TSLA,2026-08-26,2026-08-31,C,325.0,69,16,0.317389638671875,27.66,25.9,27.5
TSLA,2026-08-26,2026-08-31,C,327.5,58,46,1.0000000000000003e-05,20.75,23.8,24.5
TSLA,2026-08-26,2026-08-31,C,330.0,142,2,1.0000000000000003e-05,22.11,21.55,22.2
TSLA,2026-08-26,2026-08-31,C,332.5,29,19,1.0000000000000003e-05,20.95,19.1,19.7
TSLA,2026-08-26,2026-08-31,C,335.0,255,191,0.2329178271484375,17.99,16.9,17.55
TSLA,2026-08-26,2026-08-31,C,337.5,128,126,0.25977302734375,16.0,14.75,15.3
TSLA,2026-08-26,2026-08-31,C,340.0,2838,1480,0.2600171655273438,13.25,12.85,13.05
TSLA,2026-08-26,2026-08-31,C,342.5,436,227,0.28113511840820304,10.8,10.75,11.15
TSLA,2026-08-26,2026-08-31,C,345.0,925,3262,0.27930408203124996,9.13,9.05,9.2
TSLA,2026-08-26,2026-08-31,C,347.5,454,1543,0.28601788208007806,7.4,7.45,7.55
TSLA,2026-08-26,2026-08-31,C,350.0,2113,6217,0.2885813330078124,5.97,5.9,6.05
TSLA,2026-08-26,2026-08-31,C,352.5,876,3906,0.2966378930664062,4.8,4.8,4.85
TSLA,2026-08-26,2026-08-31,C,355.0,1118,4853,0.30445031494140623,3.74,3.75,3.85
TSLA,2026-08-26,2026-08-31,C,357.5,646,2462,0.3133613586425781,2.97,2.96,3.05
TSLA,2026-08-26,2026-08-31,C,360.0,1912,5656,0.31409377319335935,2.27,2.25,2.29
TSLA,2026-08-26,2026-08-31,C,362.5,604,1186,0.3215399877929687,1.7,1.73,1.77
TSLA,2026-08-26,2026-08-31,C,365.0,1527,2091,0.32691102783203124,1.32,1.3,1.34
TSLA,2026-08-26,2026-08-31,C,367.5,418,675,0.3305731005859375,0.99,0.97,0.99
TSLA,2026-08-26,2026-08-31,C,370.0,3490,2907,0.3386296606445312,0.75,0.74,0.76
TSLA,2026-08-26,2026-08-31,C,372.5,338,476,0.344733115234375,0.56,0.55,0.57
TSLA,2026-08-26,2026-08-31,C,375.0,978,662,0.35156898437499995,0.42,0.41,0.43
TSLA,2026-08-26,2026-08-31,C,377.5,411,130,0.3618227880859375,0.33,0.32,0.34
TSLA,2026-08-26,2026-08-31,C,380.0,1770,1362,0.36914693359375,0.25,0.24,0.26
TSLA,2026-08-26,2026-08-31,C,382.5,274,161,0.379889013671875,0.25,0.19,0.21
TSLA,2026-08-26,2026-08-31,C,385.0,520,101,0.39063109375,0.17,0.16,0.17
TSLA,2026-08-26,2026-08-31,C,387.5,358,78,0.4057676611328125,0.14,0.13,0.15
TSLA,2026-08-26,2026-08-31,C,390.0,1016,59,0.40918559570312496,0.12,0.1,0.11
TSLA,2026-08-26,2026-08-31,C,392.5,235,11,0.424810439453125,0.11,0.09,0.1
TSLA,2026-08-26,2026-08-31,C,395.0,862,62,0.43945873046875,0.08,0.07,0.09
TSLA,2026-08-26,2026-08-31,C,397.5,154,1,0.45313046875,0.08,0.06,0.08
TSLA,2026-08-26,2026-08-31,C,400.0,13192,279,0.46484910156250003,0.06,0.06,0.07
TSLA,2026-08-26,2026-08-31,C,402.5,136,50,0.476567734375,0.07,0.05,0.06
TSLA,2026-08-26,2026-08-31,C,405.0,537,69,0.49609878906250005,0.06,0.05,0.06
TSLA,2026-08-26,2026-08-31,C,407.5,71,3,0.5039112109375,0.06,0.04,0.06
TSLA,2026-08-26,2026-08-31,C,410.0,528,5,0.51562984375,0.04,0.04,0.05
TSLA,2026-08-26,2026-08-31,C,412.5,94,12,0.5273484765625001,0.04,0.03,0.05
TSLA,2026-08-26,2026-08-31,C,415.0,188,5,0.5449264257812501,0.05,0.03,0.05
TSLA,2026-08-26,2026-08-31,C,417.5,13,14,0.5625043750000001,0.04,0.03,0.05
TSLA,2026-08-26,2026-08-31,C,420.0,472,170,0.570316796875,0.04,0.03,0.04
TSLA,2026-08-26,2026-08-31,C,425.0,130,6,0.6054726953125001,0.04,0.02,0.05
TSLA,2026-08-26,2026-08-31,C,427.5,6,6,0.6132851171875001,0.08,0.01,0.05
TSLA,2026-08-26,2026-08-31,C,430.0,352,1,0.63867548828125,0.05,0.02,0.05
TSLA,2026-08-26,2026-08-31,C,435.0,138,10,0.648441015625,0.04,0.01,0.04
TSLA,2026-08-26,2026-08-31,C,440.0,1261,58,0.70312796875,0.04,0.02,0.05
TSLA,2026-08-26,2026-08-31,C,445.0,325,3,0.710940390625,0.03,0.02,0.03
TSLA,2026-08-26,2026-08-31,C,450.0,1419,64,0.7421900781249999,0.02,0.0,0.05
TSLA,2026-08-26,2026-08-31,C,455.0,69,5,0.73437765625,0.05,0.0,0.03
TSLA,2026-08-26,2026-08-31,C,460.0,13,10,0.8007832421875,0.04,0.01,0.04
TSLA,2026-08-26,2026-08-31,C,465.0,7,2,0.8281267187499999,0.05,0.0,0.05
TSLA,2026-08-26,2026-08-31,C,470.0,168,382,0.87500125,0.05,0.01,0.05
TSLA,2026-08-26,2026-08-31,C,475.0,13,17,0.9023447265625,0.14,0.01,0.05
TSLA,2026-08-26,2026-08-31,C,480.0,7,3,0.914063359375,0.03,0.0,0.05
TSLA,2026-08-26,2026-08-31,C,485.0,20,2,0.945313046875,0.02,0.0,0.05
TSLA,2026-08-26,2026-08-31,C,490.0,5,9,0.98437515625,0.02,0.01,0.05
TSLA,2026-08-26,2026-08-31,C,495.0,21,17,0.992187578125,0.07,0.0,0.05
TSLA,2026-08-26,2026-08-31,C,500.0,2260,105,1.0234423828125,0.02,0.0,0.05
TSLA,2026-08-26,2026-08-31,C,505.0,24,1,1.0625046875000002,0.04,0.01,0.05
TSLA,2026-08-26,2026-08-31,C,510.0,46,7,1.09375453125,0.05,0.01,0.05
TSLA,2026-08-26,2026-08-31,C,515.0,30,3,1.1015669921875002,0.01,0.0,0.05
TSLA,2026-08-26,2026-08-31,C,520.0,13,3,1.140629296875,0.01,0.01,0.05
TSLA,2026-08-26,2026-08-31,C,525.0,7,2,1.000005,0.01,0.0,0.01
TSLA,2026-08-26,2026-08-31,C,530.0,16,19,1.1953165234375,0.02,0.01,0.05
TSLA,2026-08-26,2026-08-31,C,535.0,13,2,1.3457063964843747,0.01,0.0,0.17
TSLA,2026-08-26,2026-08-31,C,540.0,14,2,1.37109689453125,0.01,0.0,0.17
TSLA,2026-08-26,2026-08-31,C,545.0,8,2,1.2421912890624998,0.01,0.0,0.05
TSLA,2026-08-26,2026-08-31,C,550.0,22,2,1.2656286718749998,0.01,0.0,0.05
TSLA,2026-08-26,2026-08-31,C,555.0,3,2,1.2890660546875,0.01,0.0,0.05
TSLA,2026-08-26,2026-08-31,C,560.0,2,2,1.3125034374999998,0.01,0.0,0.05
TSLA,2026-08-26,2026-08-31,C,565.0,16,2,1.3359408203124996,0.01,0.0,0.05
TSLA,2026-08-26,2026-08-31,C,570.0,16,2,1.359378203125,0.01,0.0,0.05
TSLA,2026-08-26,2026-08-31,C,575.0,27,3,1.3828155859374998,0.01,0.0,0.05
TSLA,2026-08-26,2026-08-31,C,580.0,18,2,1.40625296875,0.06,0.0,0.05
TSLA,2026-08-26,2026-08-31,C,585.0,6,2,1.421877890625,0.06,0.0,0.05
TSLA,2026-08-26,2026-08-31,C,590.0,7,2,1.4453152734375,0.01,0.0,0.05
TSLA,2026-08-26,2026-08-31,C,600.0,51,2,1.484377578125,0.01,0.0,0.05
TSLA,2026-08-26,2026-08-31,C,610.0,3,2,1.5312523437499999,0.01,0.0,0.05
TSLA,2026-08-26,2026-08-31,C,620.0,30,2,1.5703146484375,0.01,0.0,0.05
TSLA,2026-08-26,2026-08-31,C,630.0,9,3,1.609376953125,0.05,0.0,0.05
TSLA,2026-08-26,2026-08-31,P,160.0,248,1,1.96875015625,0.03,0.0,0.01
TSLA,2026-08-26,2026-08-31,P,165.0,1006,2,1.9375003125,0.02,0.0,0.01
TSLA,2026-08-26,2026-08-31,P,170.0,100,0,2.0937547656249995,0.03,0.0,0.05
TSLA,2026-08-26,2026-08-31,P,200.0,10,2,1.65625171875,0.1,0.0,0.05
TSLA,2026-08-26,2026-08-31,P,205.0,1,2,1.5859395703124997,0.08,0.0,0.05
TSLA,2026-08-26,2026-08-31,P,210.0,1,2,1.5156274218749999,0.08,0.0,0.05
TSLA,2026-08-26,2026-08-31,P,215.0,1,2,1.453127734375,0.1,0.0,0.05
TSLA,2026-08-26,2026-08-31,P,220.0,80,0,1.3906280468749999,0.08,0.0,0.05
TSLA,2026-08-26,2026-08-31,P,245.0,37,0,1.09375453125,0.14,0.0,0.05
TSLA,2026-08-26,2026-08-31,P,250.0,71,90,1.0390673046875003,0.04,0.0,0.05
TSLA,2026-08-26,2026-08-31,P,255.0,69,17,0.98437515625,0.04,0.0,0.05
TSLA,2026-08-26,2026-08-31,P,260.0,124,4,0.945313046875,0.05,0.01,0.05
TSLA,2026-08-26,2026-08-31,P,265.0,47,3,0.8359391406249999,0.03,0.01,0.02
TSLA,2026-08-26,2026-08-31,P,270.0,138,120,0.8203142968749999,0.05,0.0,0.05
TSLA,2026-08-26,2026-08-31,P,275.0,11,3,0.7695335546875001,0.05,0.0,0.05
TSLA,2026-08-26,2026-08-31,P,280.0,268,2,0.7187528125,0.04,0.0,0.05
TSLA,2026-08-26,2026-08-31,P,285.0,101,7,0.6679720703125002,0.01,0.0,0.05
TSLA,2026-08-26,2026-08-31,P,290.0,71,2,0.6289099609375001,0.05,0.01,0.05
TSLA,2026-08-26,2026-08-31,P,295.0,104,412,0.57812921875,0.04,0.02,0.04
TSLA,2026-08-26,2026-08-31,P,297.5,86,1,0.58789474609375,0.05,0.0,0.1
TSLA,2026-08-26,2026-08-31,P,300.0,423,62,0.5742230078125,0.05,0.05,0.07
TSLA,2026-08-26,2026-08-31,P,302.5,9,2,0.5585981640625001,0.1,0.04,0.1
TSLA,2026-08-26,2026-08-31,P,305.0,157,10,0.5537154003906251,0.07,0.02,0.17
TSLA,2026-08-26,2026-08-31,P,307.5,143,3,0.50586431640625,0.07,0.06,0.08
TSLA,2026-08-26,2026-08-31,P,310.0,120,11,0.48730981445312505,0.07,0.06,0.08
TSLA,2026-08-26,2026-08-31,P,312.5,141,4,0.46094289062500005,0.09,0.07,0.08
TSLA,2026-08-26,2026-08-31,P,315.0,232,29,0.4414118359375,0.09,0.08,0.09
TSLA,2026-08-26,2026-08-31,P,317.5,140,26,0.41992767578125,0.1,0.09,0.1
TSLA,2026-08-26,2026-08-31,P,320.0,596,291,0.40918559570312496,0.12,0.11,0.13
TSLA,2026-08-26,2026-08-31,P,322.5,284,186,0.397466962890625,0.15,0.15,0.17
TSLA,2026-08-26,2026-08-31,P,325.0,342,316,0.38233039550781245,0.2,0.2,0.21
TSLA,2026-08-26,2026-08-31,P,327.5,208,287,0.3745179736328125,0.24,0.27,0.29
TSLA,2026-08-26,2026-08-31,P,330.0,1111,572,0.3627993408203125,0.36,0.36,0.38
TSLA,2026-08-26,2026-08-31,P,332.5,335,554,0.358404853515625,0.53,0.51,0.54
TSLA,2026-08-26,2026-08-31,P,335.0,926,763,0.35156898437499995,0.74,0.72,0.74
TSLA,2026-08-26,2026-08-31,P,337.5,334,561,0.34961587890624996,1.03,1.02,1.05
TSLA,2026-08-26,2026-08-31,P,340.0,2293,2255,0.34766277343749996,1.44,1.42,1.46
TSLA,2026-08-26,2026-08-31,P,342.5,870,1378,0.3452213916015625,1.83,1.94,1.98
TSLA,2026-08-26,2026-08-31,P,345.0,2351,2655,0.34754070434570306,2.68,2.66,2.7
TSLA,2026-08-26,2026-08-31,P,347.5,990,1446,0.3508365698242187,3.55,3.5,3.6
TSLA,2026-08-26,2026-08-31,P,350.0,1099,2296,0.3497379479980468,4.6,4.5,4.6
TSLA,2026-08-26,2026-08-31,P,352.5,480,1610,0.35962554443359374,5.88,5.8,5.95
TSLA,2026-08-26,2026-08-31,P,355.0,401,497,0.37134417724609375,6.98,7.2,7.5
TSLA,2026-08-26,2026-08-31,P,357.5,383,219,0.379889013671875,8.95,8.95,9.15
TSLA,2026-08-26,2026-08-31,P,360.0,394,152,0.39282833740234374,10.54,10.8,11.0
TSLA,2026-08-26,2026-08-31,P,362.5,239,26,0.401373173828125,11.58,12.4,12.9
TSLA,2026-08-26,2026-08-31,P,365.0,244,13,0.4177304321289062,13.4,14.8,15.0
TSLA,2026-08-26,2026-08-31,P,367.5,30,9,0.4730277307128906,14.85,16.55,17.65
TSLA,2026-08-26,2026-08-31,P,370.0,106,44,0.4226131958007812,19.3,18.25,19.1
TSLA,2026-08-26,2026-08-31,P,372.5,3,16,0.5297898583984376,20.0,20.2,22.35
TSLA,2026-08-26,2026-08-31,P,375.0,20,3,0.5451705639648439,22.76,23.25,24.6
TSLA,2026-08-26,2026-08-31,P,377.5,3,3,0.5916788879394532,26.0,25.3,27.2
TSLA,2026-08-26,2026-08-31,P,380.0,102,20,0.5109912182617188,33.33,27.9,29.4
TSLA,2026-08-26,2026-08-31,P,385.0,0,2,0.5444381494140625,23.1,32.65,33.45
TSLA,2026-08-26,2026-08-31,P,390.0,4,1,0.549076774902344,40.03,37.45,38.85
TSLA,2026-08-26,2026-08-31,P,392.5,0,10,0.5161181201171875,36.25,39.35,41.45
TSLA,2026-08-26,2026-08-31,P,395.0,11,10,0.6320837573242188,50.9,42.45,44.15
TSLA,2026-08-26,2026-08-31,P,400.0,19,21,0.7395045581054687,46.5,48.15,49.05
TSLA,2026-08-26,2026-08-31,P,460.0,0,1,1.334964262695312,110.5,107.45,109.95
TSLA,2026-08-26,2026-09-02,C,165.0,245,245,2.3828165429687496,198.14,185.2,187.7
TSLA,2026-08-26,2026-09-02,C,170.0,1,1,2.2968792578125,184.07,180.65,182.7
TSLA,2026-08-26,2026-09-02,C,175.0,407,14,2.4130899047851564,177.13,175.95,177.95
TSLA,2026-08-26,2026-09-02,C,230.0,1,1,1.4472683886718751,124.41,120.7,122.75
TSLA,2026-08-26,2026-09-02,C,270.0,1,0,0.9785158398437501,77.34,80.8,82.8
TSLA,2026-08-26,2026-09-02,C,285.0,11,2,0.9057626611328125,60.35,65.85,68.15
TSLA,2026-08-26,2026-09-02,C,290.0,11,1,0.7656273437500001,62.52,60.05,62.85
TSLA,2026-08-26,2026-09-02,C,295.0,27,176,0.7832052929687501,68.76,55.85,58.15
TSLA,2026-08-26,2026-09-02,C,297.5,18,1,0.6806672558593752,56.15,52.65,55.35
TSLA,2026-08-26,2026-09-02,C,300.0,40,2,0.6782258740234376,47.52,50.55,52.95
TSLA,2026-08-26,2026-09-02,C,302.5,20,30,0.6108437353515627,48.61,48.0,50.3
TSLA,2026-08-26,2026-09-02,C,305.0,10,1,0.5835002587890624,45.2,46.0,47.8
TSLA,2026-08-26,2026-09-02,C,307.5,5,80,0.5419967675781252,46.63,43.55,45.25
TSLA,2026-08-26,2026-09-02,C,310.0,9,108,0.5832561206054687,36.26,41.15,43.05
TSLA,2026-08-26,2026-09-02,C,312.5,17,104,0.5239305419921875,36.33,38.35,40.4
TSLA,2026-08-26,2026-09-02,C,315.0,46,1,0.49561051269531253,36.05,36.1,37.9
TSLA,2026-08-26,2026-09-02,C,317.5,30,54,0.43457596679687505,29.85,33.65,35.25
TSLA,2026-08-26,2026-09-02,C,320.0,56,40,1.0000000000000003e-05,33.41,31.5,32.4
TSLA,2026-08-26,2026-09-02,C,322.5,35,38,1.0000000000000003e-05,31.03,29.2,29.8
TSLA,2026-08-26,2026-09-02,C,325.0,19,25,0.3007882421875,22.9,26.85,27.55
TSLA,2026-08-26,2026-09-02,C,330.0,46,5,0.3461979443359374,23.59,22.4,23.05
TSLA,2026-08-26,2026-09-02,C,332.5,32,30,0.3220282641601562,22.3,20.05,20.6
TSLA,2026-08-26,2026-09-02,C,335.0,81,93,0.33765310791015624,19.54,18.0,18.55
TSLA,2026-08-26,2026-09-02,C,337.5,64,110,0.33289241333007813,17.64,16.1,16.4
TSLA,2026-08-26,2026-09-02,C,340.0,755,99,0.3430241479492187,15.79,14.1,14.55
TSLA,2026-08-26,2026-09-02,C,342.5,93,104,0.36206692626953124,13.28,12.6,13.0
TSLA,2026-08-26,2026-09-02,C,345.0,701,475,0.3479069116210937,11.1,10.75,11.05
TSLA,2026-08-26,2026-09-02,C,347.5,231,651,0.3498600170898437,9.59,9.3,9.5
TSLA,2026-08-26,2026-09-02,C,350.0,1814,1645,0.3518741571044921,8.0,7.9,8.1
TSLA,2026-08-26,2026-09-02,C,352.5,458,770,0.35156898437499995,6.7,6.7,6.8
TSLA,2026-08-26,2026-09-02,C,355.0,1474,1799,0.35657381713867187,5.65,5.65,5.75
TSLA,2026-08-26,2026-09-02,C,357.5,309,552,0.3570620935058594,4.95,4.6,4.75
TSLA,2026-08-26,2026-09-02,C,360.0,1155,891,0.36133451171875,3.98,3.85,3.95
TSLA,2026-08-26,2026-09-02,C,362.5,464,585,0.36743796630859377,3.29,3.2,3.3
TSLA,2026-08-26,2026-09-02,C,365.0,634,435,0.3704896936035156,2.65,2.64,2.7
TSLA,2026-08-26,2026-09-02,C,367.5,263,231,0.37525038818359374,2.3,2.18,2.22
TSLA,2026-08-26,2026-09-02,C,370.0,1277,988,0.379889013671875,1.75,1.78,1.82
TSLA,2026-08-26,2026-09-02,C,372.5,271,128,0.3848938464355468,1.54,1.45,1.49
TSLA,2026-08-26,2026-09-02,C,375.0,603,326,0.39014281738281253,1.29,1.18,1.22
TSLA,2026-08-26,2026-09-02,C,377.5,203,152,0.393560751953125,0.95,0.95,0.98
TSLA,2026-08-26,2026-09-02,C,380.0,672,592,0.401373173828125,0.8,0.79,0.82
TSLA,2026-08-26,2026-09-02,C,382.5,288,65,0.40796490478515623,0.82,0.65,0.68
TSLA,2026-08-26,2026-09-02,C,385.0,187,23,0.4138242211914062,0.65,0.53,0.56
TSLA,2026-08-26,2026-09-02,C,387.5,158,31,0.4194393994140625,0.51,0.44,0.46
TSLA,2026-08-26,2026-09-02,C,390.0,327,202,0.42774009765625004,0.47,0.37,0.39
TSLA,2026-08-26,2026-09-02,C,392.5,64,10,0.43994700683593746,0.39,0.33,0.35
TSLA,2026-08-26,2026-09-02,C,395.0,163,57,0.445318046875,0.31,0.28,0.29
TSLA,2026-08-26,2026-09-02,C,397.5,77,12,0.454107021484375,0.28,0.23,0.25
TSLA,2026-08-26,2026-09-02,C,400.0,1577,287,0.463872548828125,0.22,0.21,0.22
TSLA,2026-08-26,2026-09-02,C,402.5,176,52,0.47559118164062497,0.21,0.18,0.2
TSLA,2026-08-26,2026-09-02,C,405.0,110,173,0.4858449853515625,0.17,0.16,0.18
TSLA,2026-08-26,2026-09-02,C,407.5,30,10,0.500005,0.17,0.15,0.17
TSLA,2026-08-26,2026-09-02,C,410.0,236,147,0.5009815527343751,0.14,0.13,0.14
TSLA,2026-08-26,2026-09-02,C,412.5,21,2,0.5117236328125,0.13,0.12,0.13
TSLA,2026-08-26,2026-09-02,C,415.0,96,1,0.5195360546875,0.12,0.1,0.12
TSLA,2026-08-26,2026-09-02,C,417.5,8,2,0.53320779296875,0.12,0.1,0.11
TSLA,2026-08-26,2026-09-02,C,420.0,321,10,0.5429733203125001,0.1,0.09,0.1
TSLA,2026-08-26,2026-09-02,C,422.5,26,2,0.5546919531250001,0.1,0.08,0.1
TSLA,2026-08-26,2026-09-02,C,425.0,61,1,0.5664105859375,0.1,0.08,0.09
TSLA,2026-08-26,2026-09-02,C,427.5,9,7,0.57617611328125,0.12,0.07,0.09
TSLA,2026-08-26,2026-09-02,C,430.0,272,4,0.58789474609375,0.07,0.07,0.08
TSLA,2026-08-26,2026-09-02,C,432.5,1,10,0.5976602734375001,0.09,0.06,0.08
TSLA,2026-08-26,2026-09-02,C,435.0,8,2,0.6074258007812501,0.14,0.06,0.07
TSLA,2026-08-26,2026-09-02,C,440.0,465,38,0.63086306640625,0.06,0.05,0.07
TSLA,2026-08-26,2026-09-02,C,445.0,40,1,0.6523472265625001,0.08,0.05,0.06
TSLA,2026-08-26,2026-09-02,C,450.0,13,3,0.735354208984375,0.13,0.04,0.18
TSLA,2026-08-26,2026-09-02,C,455.0,52,78,0.7246121289062499,0.05,0.03,0.11
TSLA,2026-08-26,2026-09-02,C,460.0,40,3,0.70898728515625,0.05,0.03,0.05
TSLA,2026-08-26,2026-09-02,C,465.0,6,2,0.7421900781249999,0.09,0.02,0.07
TSLA,2026-08-26,2026-09-02,C,470.0,5,4,0.7500025,0.14,0.02,0.05
TSLA,2026-08-26,2026-09-02,C,475.0,4,1,0.8652357226562499,0.19,0.01,0.19
TSLA,2026-08-26,2026-09-02,C,480.0,135,136,0.79687703125,0.03,0.02,0.05
TSLA,2026-08-26,2026-09-02,C,485.0,17,17,0.8203142968749999,0.18,0.02,0.05
TSLA,2026-08-26,2026-09-02,C,490.0,3,3,0.8437515624999999,0.03,0.02,0.05
TSLA,2026-08-26,2026-09-02,C,495.0,9,7,0.8554701953125,0.03,0.01,0.05
TSLA,2026-08-26,2026-09-02,C,500.0,543,2,0.8789074609374999,0.03,0.01,0.05
TSLA,2026-08-26,2026-09-02,C,505.0,5,1,0.8984385156249999,0.02,0.01,0.05
TSLA,2026-08-26,2026-09-02,C,510.0,18,1,0.92187578125,0.02,0.01,0.05
TSLA,2026-08-26,2026-09-02,C,515.0,43,1,0.945313046875,0.14,0.01,0.05
TSLA,2026-08-26,2026-09-02,C,520.0,7,6,0.9648441015625,0.02,0.01,0.05
TSLA,2026-08-26,2026-09-02,C,525.0,9,10,0.98437515625,0.09,0.01,0.05
TSLA,2026-08-26,2026-09-02,C,530.0,12,5,0.992187578125,0.01,0.0,0.05
TSLA,2026-08-26,2026-09-02,C,535.0,33,8,1.01172369140625,0.01,0.0,0.05
TSLA,2026-08-26,2026-09-02,C,540.0,11,13,1.0312548437500002,0.05,0.0,0.05
TSLA,2026-08-26,2026-09-02,C,545.0,5,3,1.0546922265625,0.06,0.0,0.05
TSLA,2026-08-26,2026-09-02,C,550.0,54,42,1.0703171484375003,0.05,0.0,0.05
TSLA,2026-08-26,2026-09-02,C,555.0,2,4,1.09375453125,0.02,0.0,0.05
TSLA,2026-08-26,2026-09-02,C,560.0,24,8,1.109379453125,0.05,0.0,0.05
TSLA,2026-08-26,2026-09-02,C,565.0,3,5,1.1328168359375002,0.04,0.0,0.05
TSLA,2026-08-26,2026-09-02,C,570.0,6,3,1.1484417578125,0.08,0.0,0.05
TSLA,2026-08-26,2026-09-02,C,575.0,24,5,1.1640666796875,0.01,0.0,0.05
TSLA,2026-08-26,2026-09-02,C,580.0,14,7,1.1875040625,0.09,0.0,0.05
TSLA,2026-08-26,2026-09-02,C,585.0,4,6,1.203128984375,0.06,0.0,0.05
TSLA,2026-08-26,2026-09-02,C,590.0,12,9,1.21875390625,0.11,0.0,0.05
TSLA,2026-08-26,2026-09-02,C,600.0,26,17,1.2578162109375,0.03,0.0,0.05
TSLA,2026-08-26,2026-09-02,C,610.0,7,4,1.2890660546875,0.05,0.0,0.05
TSLA,2026-08-26,2026-09-02,C,620.0,15,2,1.3281283593749997,0.01,0.0,0.05
TSLA,2026-08-26,2026-09-02,C,630.0,102,140,1.359378203125,0.02,0.0,0.05
TSLA,2026-08-26,2026-09-02,P,160.0,348,3,1.8281258593749998,0.02,0.0,0.03
TSLA,2026-08-26,2026-09-02,P,165.0,22,79,1.8437507812499998,0.14,0.0,0.05
TSLA,2026-08-26,2026-09-02,P,170.0,24,80,1.765626171875,0.04,0.0,0.05
TSLA,2026-08-26,2026-09-02,P,175.0,234,50,1.703126484375,0.01,0.0,0.05
TSLA,2026-08-26,2026-09-02,P,180.0,221,5,1.640626796875,0.03,0.0,0.05
TSLA,2026-08-26,2026-09-02,P,185.0,194,13,1.6015644921874999,0.04,0.01,0.05
TSLA,2026-08-26,2026-09-02,P,190.0,58,188,1.5156274218749999,0.05,0.0,0.05
TSLA,2026-08-26,2026-09-02,P,195.0,3,6,1.453127734375,0.12,0.0,0.05
TSLA,2026-08-26,2026-09-02,P,215.0,30,0,1.2265663671875,0.07,0.0,0.05
TSLA,2026-08-26,2026-09-02,P,220.0,65,160,1.171879140625,0.06,0.0,0.05
TSLA,2026-08-26,2026-09-02,P,225.0,8,0,1.125004375,0.18,0.0,0.05
TSLA,2026-08-26,2026-09-02,P,230.0,4,0,1.0703171484375003,0.1,0.0,0.05
TSLA,2026-08-26,2026-09-02,P,235.0,63,3,1.0234423828125,0.05,0.0,0.05
TSLA,2026-08-26,2026-09-02,P,240.0,80,4,0.9726565234375,0.04,0.0,0.05
TSLA,2026-08-26,2026-09-02,P,245.0,13,1,0.992187578125,0.06,0.0,0.1
TSLA,2026-08-26,2026-09-02,P,250.0,178,24,0.9414068359375,0.07,0.0,0.1
TSLA,2026-08-26,2026-09-02,P,255.0,117,54,0.8906260937499999,0.07,0.0,0.1
TSLA,2026-08-26,2026-09-02,P,260.0,115,11,0.851563984375,0.05,0.01,0.1
TSLA,2026-08-26,2026-09-02,P,265.0,66,51,0.8007832421875,0.06,0.01,0.1
TSLA,2026-08-26,2026-09-02,P,270.0,42,2,0.7539087109375,0.05,0.01,0.1
TSLA,2026-08-26,2026-09-02,P,275.0,16,1,0.7070341796875,0.21,0.01,0.1
TSLA,2026-08-26,2026-09-02,P,280.0,90,67,0.6894562304687502,0.07,0.06,0.1
TSLA,2026-08-26,2026-09-02,P,285.0,13,5,0.6367223828125,0.07,0.05,0.1
TSLA,2026-08-26,2026-09-02,P,290.0,47,41,0.6044961425781252,0.12,0.04,0.14
TSLA,2026-08-26,2026-09-02,P,295.0,68,17,0.5644574804687501,0.1,0.09,0.11
TSLA,2026-08-26,2026-09-02,P,297.5,12,1,0.5449264257812501,0.12,0.1,0.11
TSLA,2026-08-26,2026-09-02,P,300.0,214,21,0.5312546875,0.11,0.11,0.13
TSLA,2026-08-26,2026-09-02,P,302.5,1,1,0.5127001855468749,0.25,0.12,0.14
TSLA,2026-08-26,2026-09-02,P,305.0,414,6,0.499028447265625,0.14,0.14,0.15
TSLA,2026-08-26,2026-09-02,P,307.5,83,12,0.48340360351562506,0.2,0.16,0.17
TSLA,2026-08-26,2026-09-02,P,310.0,463,59,0.47070841796875,0.19,0.19,0.2
TSLA,2026-08-26,2026-09-02,P,312.5,41,6,0.45606012695312503,0.22,0.22,0.23
TSLA,2026-08-26,2026-09-02,P,315.0,370,36,0.4458063232421875,0.24,0.25,0.28
TSLA,2026-08-26,2026-09-02,P,317.5,285,188,0.43457596679687505,0.28,0.32,0.34
TSLA,2026-08-26,2026-09-02,P,320.0,197,92,0.42529871582031253,0.39,0.39,0.42
TSLA,2026-08-26,2026-09-02,P,322.5,206,25,0.41602146484374997,0.47,0.5,0.52
TSLA,2026-08-26,2026-09-02,P,325.0,264,36,0.40918559570312496,0.6,0.63,0.66
TSLA,2026-08-26,2026-09-02,P,327.5,135,39,0.40332627929687503,0.79,0.81,0.84
TSLA,2026-08-26,2026-09-02,P,330.0,483,282,0.39893179199218753,1.06,1.05,1.08
TSLA,2026-08-26,2026-09-02,P,332.5,307,62,0.39490351196289064,1.35,1.35,1.38
TSLA,2026-08-26,2026-09-02,P,335.0,319,364,0.393560751953125,1.62,1.73,1.78
TSLA,2026-08-26,2026-09-02,P,337.5,243,72,0.3888000573730469,2.08,2.17,2.22
TSLA,2026-08-26,2026-09-02,P,340.0,425,506,0.3874572973632812,2.84,2.74,2.8
TSLA,2026-08-26,2026-09-02,P,342.5,421,974,0.39002074829101563,3.4,3.45,3.55
TSLA,2026-08-26,2026-09-02,P,345.0,601,697,0.3883117810058594,4.35,4.25,4.35
TSLA,2026-08-26,2026-09-02,P,347.5,251,427,0.39075316284179684,5.28,5.25,5.35
TSLA,2026-08-26,2026-09-02,P,350.0,608,608,0.39667351379394533,6.51,6.45,6.55
TSLA,2026-08-26,2026-09-02,P,352.5,330,278,0.3983214465332031,7.79,7.65,7.8
TSLA,2026-08-26,2026-09-02,P,355.0,388,165,0.4062559375,8.35,9.0,9.3
TSLA,2026-08-26,2026-09-02,P,357.5,251,82,0.41321387573242185,10.8,10.6,10.9
TSLA,2026-08-26,2026-09-02,P,360.0,264,14,0.4115049084472656,11.45,11.7,12.45
TSLA,2026-08-26,2026-09-02,P,362.5,119,11,0.4260311303710938,13.2,13.6,14.4
TSLA,2026-08-26,2026-09-02,P,365.0,71,4,0.42981527221679694,15.65,15.55,16.25
TSLA,2026-08-26,2026-09-02,P,367.5,14,15,0.4440973559570312,22.21,17.25,18.35
TSLA,2026-08-26,2026-09-02,P,370.0,45,5,0.48120635986328125,18.5,19.55,20.85
TSLA,2026-08-26,2026-09-02,P,372.5,12,1,0.48254911987304694,26.73,20.95,22.85
TSLA,2026-08-26,2026-09-02,P,375.0,51,1,0.4903615417480469,24.17,24.15,25.0
TSLA,2026-08-26,2026-09-02,P,380.0,32,4,0.5534712622070312,34.0,28.25,30.0
TSLA,2026-08-26,2026-09-02,P,385.0,37,17,0.49927258544921876,35.0,33.05,33.8
TSLA,2026-08-26,2026-09-02,P,387.5,2,1,0.5581098876953126,33.8,34.7,36.6
TSLA,2026-08-26,2026-09-02,P,392.5,1,1,0.6267127172851563,39.9,39.55,41.75
TSLA,2026-08-26,2026-09-02,P,395.0,1,0,0.5463912548828126,58.8,42.7,44.1
TSLA,2026-08-26,2026-09-02,P,400.0,4,4,0.6289099609375001,55.95,47.7,49.6
TSLA,2026-08-26,2026-09-02,P,450.0,0,0,0.96679720703125,101.5,96.95,99.65
TSLA,2026-08-26,2026-09-02,P,600.0,0,0,1.8344734838867183,252.17,247.1,249.6
TSLA,2026-08-26,2026-09-04,C,100.0,2,1,3.7929692675781252,251.89,250.5,253.1
TSLA,2026-08-26,2026-09-04,C,120.0,2,2,3.372071882324218,209.29,230.65,233.25
TSLA,2026-08-26,2026-09-04,C,140.0,6,6,2.8925808935546877,218.46,210.55,213.2
TSLA,2026-08-26,2026-09-04,C,150.0,11,1,2.8183623291015625,195.62,200.7,203.45
TSLA,2026-08-26,2026-09-04,C,160.0,1,0,2.480472548828125,188.41,190.55,193.15
TSLA,2026-08-26,2026-09-04,C,170.0,14,8,2.3320354199218745,176.89,180.55,183.2
TSLA,2026-08-26,2026-09-04,C,180.0,841,831,1.0000000000000003e-05,166.02,169.8,171.85
TSLA,2026-08-26,2026-09-04,C,190.0,2,1,2.050786123046875,156.79,160.7,163.3
TSLA,2026-08-26,2026-09-04,C,200.0,34,2,1.8994145654296877,153.35,150.15,153.3
TSLA,2026-08-26,2026-09-04,C,210.0,1,1,1.7373060009765624,143.65,140.65,143.25
TSLA,2026-08-26,2026-09-04,C,220.0,5,5,1.6000996557617184,128.36,130.8,133.25
TSLA,2026-08-26,2026-09-04,C,230.0,10,1,1.4682643774414061,124.85,120.65,123.25
TSLA,2026-08-26,2026-09-04,C,235.0,8,0,1.43359658203125,85.0,115.7,118.35
TSLA,2026-08-26,2026-09-04,C,240.0,550,545,1.3828155859374998,99.85,109.9,113.4
TSLA,2026-08-26,2026-09-04,C,245.0,15,1,1.3193393408203122,109.87,105.7,108.4
TSLA,2026-08-26,2026-09-04,C,250.0,13,7,1.0000000000000003e-05,96.4,100.7,102.4
TSLA,2026-08-26,2026-09-04,C,255.0,25,2,1.2075234936523436,91.15,95.9,98.45
TSLA,2026-08-26,2026-09-04,C,260.0,41,17,1.1464886425781249,81.36,90.95,93.45
TSLA,2026-08-26,2026-09-04,C,265.0,33,2,1.0644578027343752,81.07,85.25,88.35
TSLA,2026-08-26,2026-09-04,C,270.0,32,2,1.0063526245117185,76.16,80.65,83.35
TSLA,2026-08-26,2026-09-04,C,275.0,50,26,0.9780275634765626,87.43,75.95,78.5
TSLA,2026-08-26,2026-09-04,C,280.0,79,12,0.8913585083007811,76.55,70.65,73.35
TSLA,2026-08-26,2026-09-04,C,285.0,56,22,0.8349625878906248,61.63,66.05,68.35
TSLA,2026-08-26,2026-09-04,C,290.0,122,11,0.8044453149414061,66.51,61.1,63.5
TSLA,2026-08-26,2026-09-04,C,292.5,2,2,0.7509790527343749,71.64,58.45,60.85
TSLA,2026-08-26,2026-09-04,C,295.0,158,6,0.7231472998046875,58.32,56.3,58.35
TSLA,2026-08-26,2026-09-04,C,300.0,441,3,0.6513706738281251,55.23,51.7,53.25
TSLA,2026-08-26,2026-09-04,C,305.0,371,6,0.5808147387695313,48.35,45.6,48.15
TSLA,2026-08-26,2026-09-04,C,307.5,11,66,0.570316796875,39.43,43.35,45.75
TSLA,2026-08-26,2026-09-04,C,310.0,911,15,0.5024463818359376,43.0,41.1,43.0
TSLA,2026-08-26,2026-09-04,C,312.5,32,130,0.44824770507812495,40.03,38.5,40.35
TSLA,2026-08-26,2026-09-04,C,315.0,730,130,0.47510290527343746,37.65,37.05,38.15
TSLA,2026-08-26,2026-09-04,C,317.5,46,23,0.42578699218750005,34.65,34.25,35.5
TSLA,2026-08-26,2026-09-04,C,320.0,751,55,0.40772076660156253,34.42,32.2,33.05
TSLA,2026-08-26,2026-09-04,C,322.5,53,11,0.42017181396484377,27.0,29.65,30.85
TSLA,2026-08-26,2026-09-04,C,325.0,587,20,0.39234006103515623,28.46,27.3,28.35
TSLA,2026-08-26,2026-09-04,C,327.5,176,9,0.4128476684570312,26.61,25.3,26.35
TSLA,2026-08-26,2026-09-04,C,330.0,2218,21,0.38672488281249995,25.1,23.15,23.9
TSLA,2026-08-26,2026-09-04,C,332.5,79,32,0.39380489013671877,21.77,21.1,21.9
TSLA,2026-08-26,2026-09-04,C,335.0,1131,265,0.387701435546875,20.8,19.25,19.8
TSLA,2026-08-26,2026-09-04,C,337.5,379,29,0.3980773083496094,18.25,17.45,18.05
TSLA,2026-08-26,2026-09-04,C,340.0,1059,248,0.3797669445800781,15.85,15.7,15.9
TSLA,2026-08-26,2026-09-04,C,342.5,649,143,0.37402969726562496,14.9,13.85,14.05
TSLA,2026-08-26,2026-09-04,C,345.0,1504,3273,0.38049935913085936,12.43,12.4,12.55
TSLA,2026-08-26,2026-09-04,C,347.5,683,1083,0.3834290173339844,11.0,10.9,11.1
TSLA,2026-08-26,2026-09-04,C,350.0,2964,3569,0.38318487915039057,9.65,9.55,9.7
TSLA,2026-08-26,2026-09-04,C,352.5,1064,1246,0.38660281372070304,8.34,8.35,8.5
TSLA,2026-08-26,2026-09-04,C,355.0,2349,2895,0.38471074279785156,7.29,7.15,7.3
TSLA,2026-08-26,2026-09-04,C,357.5,731,3037,0.3913635083007812,6.3,6.3,6.4
TSLA,2026-08-26,2026-09-04,C,360.0,5511,3914,0.3930724755859375,5.47,5.4,5.5
TSLA,2026-08-26,2026-09-04,C,362.5,1237,418,0.3947204083251954,4.65,4.6,4.7
TSLA,2026-08-26,2026-09-04,C,365.0,2489,1385,0.3966124792480469,3.95,3.9,4.0
TSLA,2026-08-26,2026-09-04,C,367.5,605,257,0.4018614501953125,3.5,3.35,3.45
TSLA,2026-08-26,2026-09-04,C,370.0,4999,5083,0.4023497265625,2.86,2.86,2.89
TSLA,2026-08-26,2026-09-04,C,372.5,328,760,0.40820904296875,2.66,2.45,2.49
TSLA,2026-08-26,2026-09-04,C,375.0,1963,1750,0.4116269775390625,2.1,2.08,2.11
TSLA,2026-08-26,2026-09-04,C,377.5,518,235,0.41480077392578124,1.79,1.75,1.78
TSLA,2026-08-26,2026-09-04,C,380.0,3697,2880,0.42139250488281255,1.51,1.51,1.54
TSLA,2026-08-26,2026-09-04,C,382.5,456,232,0.42407802490234375,1.3,1.26,1.29
TSLA,2026-08-26,2026-09-04,C,385.0,1523,2478,0.4309138940429688,1.1,1.1,1.12
TSLA,2026-08-26,2026-09-04,C,387.5,189,291,0.43628493408203123,1.0,0.93,0.96
TSLA,2026-08-26,2026-09-04,C,390.0,3277,478,0.43994700683593746,0.83,0.8,0.81
TSLA,2026-08-26,2026-09-04,C,392.5,623,155,0.44727115234375,0.69,0.69,0.71
TSLA,2026-08-26,2026-09-04,C,395.0,1093,314,0.454107021484375,0.6,0.6,0.62
TSLA,2026-08-26,2026-09-04,C,397.5,242,160,0.45898978515625005,0.56,0.51,0.53
TSLA,2026-08-26,2026-09-04,C,400.0,5850,1647,0.46680220703125,0.46,0.45,0.47
TSLA,2026-08-26,2026-09-04,C,402.5,72,11,0.4770560107421875,0.48,0.4,0.43
TSLA,2026-08-26,2026-09-04,C,405.0,812,233,0.481450498046875,0.36,0.35,0.37
TSLA,2026-08-26,2026-09-04,C,407.5,70,35,0.4892629199218751,0.33,0.32,0.33
TSLA,2026-08-26,2026-09-04,C,410.0,1255,242,0.49805189453125004,0.31,0.29,0.3
TSLA,2026-08-26,2026-09-04,C,412.5,94,7,0.5043994873046875,0.3,0.26,0.27
TSLA,2026-08-26,2026-09-04,C,415.0,603,40,0.5122119091796875,0.25,0.23,0.25
TSLA,2026-08-26,2026-09-04,C,417.5,58,5,0.5210008837890624,0.27,0.21,0.23
TSLA,2026-08-26,2026-09-04,C,420.0,1084,237,0.5293015820312501,0.21,0.19,0.21
TSLA,2026-08-26,2026-09-04,C,422.5,58,20,0.5380905566406251,0.2,0.18,0.19
TSLA,2026-08-26,2026-09-04,C,425.0,442,24,0.5459029785156251,0.19,0.16,0.18
TSLA,2026-08-26,2026-09-04,C,427.5,35,29,0.5507857421875001,0.21,0.14,0.16
TSLA,2026-08-26,2026-09-04,C,430.0,810,7,0.5625043750000001,0.15,0.14,0.15
TSLA,2026-08-26,2026-09-04,C,432.5,86,2,0.5712933496093751,0.15,0.13,0.14
TSLA,2026-08-26,2026-09-04,C,435.0,374,4,0.5820354296875,0.12,0.12,0.14
TSLA,2026-08-26,2026-09-04,C,437.5,66,2,0.5898478515625001,0.13,0.11,0.13
TSLA,2026-08-26,2026-09-04,C,440.0,677,5,0.596683720703125,0.12,0.1,0.12
TSLA,2026-08-26,2026-09-04,C,442.5,20,6,0.6064492480468751,0.1,0.1,0.11
TSLA,2026-08-26,2026-09-04,C,445.0,413,64,0.6152382226562501,0.1,0.09,0.11
TSLA,2026-08-26,2026-09-04,C,450.0,741,64,0.632816171875,0.08,0.08,0.1
TSLA,2026-08-26,2026-09-04,C,455.0,1286,1,0.6543003320312502,0.08,0.08,0.09
TSLA,2026-08-26,2026-09-04,C,460.0,721,6,0.6679720703125002,0.07,0.07,0.08
TSLA,2026-08-26,2026-09-04,C,465.0,48,1,0.6875031250000001,0.08,0.06,0.08
TSLA,2026-08-26,2026-09-04,C,470.0,229,2,0.70312796875,0.08,0.06,0.07
TSLA,2026-08-26,2026-09-04,C,475.0,209,2,0.72070591796875,0.07,0.05,0.07
TSLA,2026-08-26,2026-09-04,C,480.0,161,24,0.73633076171875,0.05,0.05,0.06
TSLA,2026-08-26,2026-09-04,C,485.0,45,3,0.7500025,0.05,0.04,0.06
TSLA,2026-08-26,2026-09-04,C,490.0,79,39,0.77148666015625,0.06,0.04,0.06
TSLA,2026-08-26,2026-09-04,C,495.0,310,1,0.7851583984375,0.17,0.03,0.06
TSLA,2026-08-26,2026-09-04,C,500.0,1759,457,0.804689453125,0.04,0.04,0.05
TSLA,2026-08-26,2026-09-04,C,505.0,30,1,0.84179845703125,0.15,0.03,0.08
TSLA,2026-08-26,2026-09-04,C,510.0,267,3,0.8710950390625,0.14,0.02,0.1
TSLA,2026-08-26,2026-09-04,C,515.0,172,150,0.8437515624999999,0.04,0.02,0.05
TSLA,2026-08-26,2026-09-04,C,520.0,397,5,0.8632826171875,0.05,0.02,0.05
TSLA,2026-08-26,2026-09-04,C,525.0,753,2,0.8710950390625,0.04,0.01,0.05
TSLA,2026-08-26,2026-09-04,C,530.0,188,30,0.8906260937499999,0.03,0.01,0.05
TSLA,2026-08-26,2026-09-04,C,535.0,622,1,0.9062509375,0.03,0.01,0.05
TSLA,2026-08-26,2026-09-04,C,540.0,84,4,0.9257819921875,0.14,0.01,0.05
TSLA,2026-08-26,2026-09-04,C,545.0,57,13,0.929688203125,0.03,0.0,0.05
TSLA,2026-08-26,2026-09-04,C,550.0,1281,20,0.929688203125,0.03,0.01,0.03
TSLA,2026-08-26,2026-09-04,C,555.0,51,4,0.9765627343750001,0.08,0.01,0.05
TSLA,2026-08-26,2026-09-04,C,560.0,90,11,0.992187578125,0.1,0.01,0.05
TSLA,2026-08-26,2026-09-04,C,565.0,38,2,1.01172369140625,0.17,0.01,0.05
TSLA,2026-08-26,2026-09-04,C,570.0,4,1,1.015629921875,0.11,0.0,0.05
TSLA,2026-08-26,2026-09-04,C,575.0,10,4,1.0312548437500002,0.1,0.0,0.05
TSLA,2026-08-26,2026-09-04,C,580.0,47,18,1.0625046875000002,0.02,0.01,0.05
TSLA,2026-08-26,2026-09-04,C,585.0,26,2,1.0781296093750001,0.01,0.01,0.05
TSLA,2026-08-26,2026-09-04,C,590.0,47,24,1.09375453125,0.05,0.01,0.05
TSLA,2026-08-26,2026-09-04,C,595.0,22,14,1.0703171484375003,0.01,0.0,0.04
TSLA,2026-08-26,2026-09-04,C,600.0,607,81,1.109379453125,0.01,0.0,0.05
TSLA,2026-08-26,2026-09-04,C,605.0,23,10,1.125004375,0.01,0.0,0.05
TSLA,2026-08-26,2026-09-04,C,610.0,466,118,1.140629296875,0.01,0.0,0.05
TSLA,2026-08-26,2026-09-04,C,615.0,53,21,1.15625421875,0.01,0.0,0.05
TSLA,2026-08-26,2026-09-04,C,620.0,34,10,1.171879140625,0.01,0.0,0.05
TSLA,2026-08-26,2026-09-04,C,625.0,81,31,1.1640666796875,0.01,0.0,0.04
TSLA,2026-08-26,2026-09-04,C,630.0,103,74,1.203128984375,0.01,0.0,0.05
TSLA,2026-08-26,2026-09-04,C,640.0,338,391,1.2265663671875,0.01,0.0,0.05
TSLA,2026-08-26,2026-09-04,C,650.0,57,30,1.2578162109375,0.01,0.0,0.05
TSLA,2026-08-26,2026-09-04,C,660.0,97,3,1.2812535937499998,0.01,0.0,0.05
TSLA,2026-08-26,2026-09-04,C,670.0,204,182,1.3125034374999998,0.02,0.0,0.05
TSLA,2026-08-26,2026-09-04,C,680.0,225,63,1.2812535937499998,0.02,0.0,0.03
TSLA,2026-08-26,2026-09-04,P,50.0,1,0,3.6250009375000003,0.05,0.0,0.01
TSLA,2026-08-26,2026-09-04,P,60.0,2,3,3.2500018749999997,0.04,0.0,0.01
TSLA,2026-08-26,2026-09-04,P,80.0,1,0,2.750003125,0.14,0.0,0.01
TSLA,2026-08-26,2026-09-04,P,90.0,2,3,2.50000375,0.22,0.0,0.01
TSLA,2026-08-26,2026-09-04,P,100.0,438,9,2.3125042187499996,0.01,0.0,0.01
TSLA,2026-08-26,2026-09-04,P,110.0,1229,1226,2.43750390625,0.01,0.0,0.05
TSLA,2026-08-26,2026-09-04,P,120.0,17,2,2.2656293359374997,0.13,0.0,0.05
TSLA,2026-08-26,2026-09-04,P,130.0,1000,973,2.1093797265624996,0.01,0.0,0.05
TSLA,2026-08-26,2026-09-04,P,140.0,6901,433,1.71875140625,0.01,0.0,0.01
TSLA,2026-08-26,2026-09-04,P,150.0,673,25,1.78125109375,0.01,0.01,0.03
TSLA,2026-08-26,2026-09-04,P,160.0,1775,250,1.609376953125,0.02,0.01,0.02
TSLA,2026-08-26,2026-09-04,P,170.0,173,150,1.5625021874999998,0.03,0.0,0.05
TSLA,2026-08-26,2026-09-04,P,180.0,2140,1,1.46875265625,0.02,0.01,0.05
TSLA,2026-08-26,2026-09-04,P,190.0,85,60,1.3359408203124996,0.03,0.0,0.05
TSLA,2026-08-26,2026-09-04,P,200.0,458,176,1.140629296875,0.02,0.0,0.02
TSLA,2026-08-26,2026-09-04,P,210.0,113,6,1.1484417578125,0.02,0.02,0.04
TSLA,2026-08-26,2026-09-04,P,220.0,3640,1306,1.0390673046875003,0.03,0.02,0.03
TSLA,2026-08-26,2026-09-04,P,230.0,557,3,0.945313046875,0.04,0.01,0.04
TSLA,2026-08-26,2026-09-04,P,235.0,117,17,0.929688203125,0.05,0.02,0.05
TSLA,2026-08-26,2026-09-04,P,240.0,1979,1001,0.8984385156249999,0.03,0.03,0.05
TSLA,2026-08-26,2026-09-04,P,245.0,949,115,0.851563984375,0.04,0.03,0.05
TSLA,2026-08-26,2026-09-04,P,250.0,562,3,0.8085956640624999,0.04,0.03,0.05
TSLA,2026-08-26,2026-09-04,P,255.0,837,24,0.8007832421875,0.05,0.03,0.09
TSLA,2026-08-26,2026-09-04,P,260.0,688,222,0.7695335546875001,0.07,0.04,0.1
TSLA,2026-08-26,2026-09-04,P,265.0,396,6,0.7324245507812499,0.07,0.05,0.1
TSLA,2026-08-26,2026-09-04,P,270.0,1582,4,0.6894562304687502,0.08,0.06,0.09
TSLA,2026-08-26,2026-09-04,P,275.0,537,176,0.6562534375000001,0.07,0.07,0.1
TSLA,2026-08-26,2026-09-04,P,280.0,3686,209,0.6210975390625001,0.1,0.09,0.1
TSLA,2026-08-26,2026-09-04,P,285.0,1864,17,0.5898478515625001,0.1,0.1,0.12
TSLA,2026-08-26,2026-09-04,P,290.0,1381,20,0.5566450585937501,0.11,0.12,0.13
TSLA,2026-08-26,2026-09-04,P,292.5,67,14,0.5429733203125001,0.14,0.13,0.15
TSLA,2026-08-26,2026-09-04,P,295.0,1227,8,0.524418818359375,0.17,0.14,0.15
TSLA,2026-08-26,2026-09-04,P,297.5,28,10,0.514653291015625,0.17,0.16,0.18
TSLA,2026-08-26,2026-09-04,P,300.0,3559,161,0.5009815527343751,0.18,0.18,0.19
TSLA,2026-08-26,2026-09-04,P,302.5,55,5,0.4931691308593751,0.21,0.21,0.23
TSLA,2026-08-26,2026-09-04,P,305.0,1723,32,0.47949739257812496,0.24,0.25,0.26
TSLA,2026-08-26,2026-09-04,P,307.5,289,83,0.4682670361328125,0.29,0.28,0.3
TSLA,2026-08-26,2026-09-04,P,310.0,1153,176,0.46191944335937507,0.36,0.36,0.37
TSLA,2026-08-26,2026-09-04,P,312.5,453,44,0.4545952978515625,0.41,0.43,0.45
TSLA,2026-08-26,2026-09-04,P,315.0,2764,287,0.4480035668945312,0.5,0.53,0.55
TSLA,2026-08-26,2026-09-04,P,317.5,333,50,0.43994700683593746,0.56,0.64,0.66
TSLA,2026-08-26,2026-09-04,P,320.0,1779,408,0.43408769042968753,0.77,0.79,0.81
TSLA,2026-08-26,2026-09-04,P,322.5,844,54,0.4294490649414063,0.96,0.98,1.0
TSLA,2026-08-26,2026-09-04,P,325.0,2105,863,0.4250545776367188,1.21,1.21,1.23
TSLA,2026-08-26,2026-09-04,P,327.5,344,82,0.42090422851562503,1.5,1.48,1.51
TSLA,2026-08-26,2026-09-04,P,330.0,2414,1013,0.418951123046875,1.86,1.83,1.87
TSLA,2026-08-26,2026-09-04,P,332.5,563,312,0.4172421557617187,2.28,2.26,2.3
TSLA,2026-08-26,2026-09-04,P,335.0,1228,524,0.414068359375,2.66,2.74,2.78
TSLA,2026-08-26,2026-09-04,P,337.5,293,157,0.4116269775390625,3.22,3.3,3.35
TSLA,2026-08-26,2026-09-04,P,340.0,1700,1103,0.4115049084472656,4.05,3.95,4.05
TSLA,2026-08-26,2026-09-04,P,342.5,794,328,0.41138283935546877,4.8,4.75,4.85
TSLA,2026-08-26,2026-09-04,P,345.0,1178,1791,0.411138701171875,5.8,5.65,5.75
TSLA,2026-08-26,2026-09-04,P,347.5,551,577,0.4176693975830078,6.11,6.8,6.9
TSLA,2026-08-26,2026-09-04,P,350.0,1041,2331,0.41663181030273433,8.0,7.95,8.0
TSLA,2026-08-26,2026-09-04,P,352.5,509,998,0.417425259399414,9.1,9.15,9.25
TSLA,2026-08-26,2026-09-04,P,355.0,605,2115,0.42474940490722657,10.53,10.6,10.75
TSLA,2026-08-26,2026-09-04,P,357.5,222,45,0.42273526489257807,11.1,11.95,12.15
TSLA,2026-08-26,2026-09-04,P,360.0,551,186,0.43005941040039064,12.65,13.7,13.85
TSLA,2026-08-26,2026-09-04,P,362.5,179,11,0.4378718322753906,13.85,15.45,15.65
TSLA,2026-08-26,2026-09-04,P,365.0,218,41,0.43420975952148444,17.2,17.1,17.3
TSLA,2026-08-26,2026-09-04,P,367.5,93,9,0.44946839599609373,18.8,19.2,19.4
TSLA,2026-08-26,2026-09-04,P,370.0,176,158,0.4508111560058594,20.38,20.3,21.3
TSLA,2026-08-26,2026-09-04,P,372.5,12,20,0.4627739270019532,21.87,22.3,23.45
TSLA,2026-08-26,2026-09-04,P,375.0,75,10,0.47827670166015623,24.77,24.75,25.7
TSLA,2026-08-26,2026-09-04,P,377.5,14,1,0.4753470434570312,23.95,26.2,27.7
TSLA,2026-08-26,2026-09-04,P,380.0,123,1,0.5268602001953125,28.25,29.05,30.55
TSLA,2026-08-26,2026-09-04,P,382.5,15,6,0.5478560839843751,31.65,31.3,32.95
TSLA,2026-08-26,2026-09-04,P,385.0,133,77,0.5388229711914063,33.04,33.5,34.95
TSLA,2026-08-26,2026-09-04,P,387.5,57,1,0.5566450585937501,36.0,35.95,37.35
TSLA,2026-08-26,2026-09-04,P,390.0,196,1,0.5241746801757812,40.38,38.3,40.05
TSLA,2026-08-26,2026-09-04,P,395.0,146,1,0.5627485131835939,42.03,43.55,44.65
TSLA,2026-08-26,2026-09-04,P,400.0,110,62,0.619388571777344,46.4,48.55,49.9
TSLA,2026-08-26,2026-09-04,P,405.0,4,6,0.6550327465820314,55.06,53.55,54.75
TSLA,2026-08-26,2026-09-04,P,410.0,30,2,0.6528355029296876,57.0,57.5,60.05
TSLA,2026-08-26,2026-09-04,P,415.0,2,1,0.6540561938476563,69.13,62.3,64.7
TSLA,2026-08-26,2026-09-04,P,420.0,18,3,0.6750520776367189,72.95,67.15,69.65
TSLA,2026-08-26,2026-09-04,P,425.0,0,2,0.7421900781249999,72.0,72.5,74.7
TSLA,2026-08-26,2026-09-04,P,430.0,0,1,0.7661156201171876,96.68,77.35,79.7
TSLA,2026-08-26,2026-09-04,P,435.0,0,14,0.8005391040039063,105.93,82.35,84.7
TSLA,2026-08-26,2026-09-04,P,440.0,0,3,0.8386246606445311,87.85,87.35,89.75
TSLA,2026-08-26,2026-09-04,P,445.0,0,2,0.8349625878906248,93.5,91.95,94.75
TSLA,2026-08-26,2026-09-04,P,450.0,1,4,0.8813488427734374,86.74,97.1,99.75
TSLA,2026-08-26,2026-09-04,P,480.0,0,0,1.0625046875000002,135.12,127.1,129.75
TSLA,2026-08-26,2026-09-04,P,500.0,0,0,1.2116738635253905,192.3,147.5,149.7
TSLA,2026-08-26,2026-09-04,P,550.0,1,0,1.4375028125,216.36,197.2,199.75
TSLA,2026-08-26,2026-09-11,C,50.0,1,0,5.3095736755371075,281.67,298.55,304.5
TSLA,2026-08-26,2026-09-11,C,100.0,4,0,2.9150417749023436,218.5,250.4,253.2
TSLA,2026-08-26,2026-09-11,C,110.0,1,0,2.7050813623046874,214.5,240.45,243.2
TSLA,2026-08-26,2026-09-11,C,150.0,3,3,2.102543806152343,213.81,200.95,203.4
TSLA,2026-08-26,2026-09-11,C,160.0,2,2,1.9580080224609375,168.0,189.95,193.4
TSLA,2026-08-26,2026-09-11,C,180.0,2,0,1.4091826416015625,145.3,169.95,172.7
TSLA,2026-08-26,2026-09-11,C,190.0,1,0,1.558107678222656,149.85,160.4,163.35
TSLA,2026-08-26,2026-09-11,C,200.0,1,2,1.480959626464844,153.55,151.05,153.5
TSLA,2026-08-26,2026-09-11,C,210.0,26,1,1.3457063964843747,143.78,140.45,143.4
TSLA,2026-08-26,2026-09-11,C,230.0,1,1,1.1784709045410153,127.39,121.15,123.6
TSLA,2026-08-26,2026-09-11,C,240.0,1,1,0.6093789062500001,90.0,111.2,113.65
TSLA,2026-08-26,2026-09-11,C,245.0,1,0,0.6367223828125,87.33,106.25,108.65
TSLA,2026-08-26,2026-09-11,C,250.0,63,1,0.9074716284179687,103.55,100.8,103.2
TSLA,2026-08-26,2026-09-11,C,255.0,77,10,0.9252937158203125,83.45,96.15,98.55
TSLA,2026-08-26,2026-09-11,C,260.0,25,10,0.8789074609374999,78.54,90.3,93.55
TSLA,2026-08-26,2026-09-11,C,265.0,28,4,0.577152666015625,88.05,86.35,88.7
TSLA,2026-08-26,2026-09-11,C,270.0,18,1,0.7949239257812499,78.06,80.4,83.6
TSLA,2026-08-26,2026-09-11,C,275.0,50,28,0.7497583618164063,71.93,75.55,78.6
TSLA,2026-08-26,2026-09-11,C,280.0,68,6,0.7053252124023439,73.82,70.6,73.6
TSLA,2026-08-26,2026-09-11,C,285.0,15,58,0.6611362011718751,62.01,65.6,68.6
TSLA,2026-08-26,2026-09-11,C,290.0,26,6,0.6232947827148438,63.87,60.95,63.65
TSLA,2026-08-26,2026-09-11,C,295.0,33,2,0.56836369140625,50.95,56.25,58.55
TSLA,2026-08-26,2026-09-11,C,300.0,346,4,0.5029346582031251,45.0,51.3,53.35
TSLA,2026-08-26,2026-09-11,C,305.0,545,3,0.4440973559570312,47.78,47.05,48.2
TSLA,2026-08-26,2026-09-11,C,310.0,126,13,0.4094297338867187,44.0,42.45,43.25
TSLA,2026-08-26,2026-09-11,C,315.0,187,7,0.418951123046875,39.93,37.95,38.8
TSLA,2026-08-26,2026-09-11,C,320.0,250,19,0.41358008300781246,34.88,33.35,34.35
TSLA,2026-08-26,2026-09-11,C,325.0,414,7,0.3957579956054688,29.85,28.95,29.85
TSLA,2026-08-26,2026-09-11,C,330.0,553,9,0.3909973010253906,27.2,24.95,25.75
TSLA,2026-08-26,2026-09-11,C,335.0,539,5,0.38843385009765624,21.83,21.35,21.95
TSLA,2026-08-26,2026-09-11,C,337.5,23,9,0.39490351196289064,20.05,19.75,20.35
TSLA,2026-08-26,2026-09-11,C,340.0,1396,146,0.386175571899414,19.35,18.0,18.45
TSLA,2026-08-26,2026-09-11,C,342.5,69,93,0.386175571899414,17.7,16.4,16.85
TSLA,2026-08-26,2026-09-11,C,345.0,2685,281,0.3777528045654296,16.17,14.85,15.1
TSLA,2026-08-26,2026-09-11,C,347.5,335,298,0.3875183319091796,14.8,13.5,13.95
TSLA,2026-08-26,2026-09-11,C,350.0,3376,596,0.3802552209472656,12.2,12.25,12.4
TSLA,2026-08-26,2026-09-11,C,352.5,401,1306,0.38031625549316406,11.0,11.0,11.15
TSLA,2026-08-26,2026-09-11,C,355.0,1068,243,0.37909556457519533,10.19,9.8,9.95
TSLA,2026-08-26,2026-09-11,C,357.5,261,200,0.37995004821777345,9.35,8.75,8.9
TSLA,2026-08-26,2026-09-11,C,360.0,2081,450,0.3830628100585937,8.2,7.85,8.0
TSLA,2026-08-26,2026-09-11,C,362.5,217,133,0.3869690209960937,7.45,7.05,7.2
TSLA,2026-08-26,2026-09-11,C,365.0,1460,258,0.3881897119140625,6.5,6.3,6.4
TSLA,2026-08-26,2026-09-11,C,367.5,146,216,0.38849488464355464,6.1,5.5,5.65
TSLA,2026-08-26,2026-09-11,C,370.0,5441,3118,0.39197385375976557,5.1,4.9,5.05
TSLA,2026-08-26,2026-09-11,C,372.5,130,54,0.39502558105468755,4.65,4.35,4.5
TSLA,2026-08-26,2026-09-11,C,375.0,1901,311,0.39789420471191406,4.0,3.9,4.0
TSLA,2026-08-26,2026-09-11,C,377.5,76,34,0.396063168334961,3.5,3.4,3.45
TSLA,2026-08-26,2026-09-11,C,380.0,1085,389,0.3986876538085938,3.15,3.0,3.05
TSLA,2026-08-26,2026-09-11,C,382.5,60,78,0.4027159338378906,2.92,2.67,2.72
TSLA,2026-08-26,2026-09-11,C,385.0,1055,87,0.405279384765625,2.46,2.34,2.4
TSLA,2026-08-26,2026-09-11,C,390.0,4273,670,0.41089456298828125,1.85,1.83,1.87
TSLA,2026-08-26,2026-09-11,C,395.0,489,127,0.4184628466796875,1.6,1.45,1.48
TSLA,2026-08-26,2026-09-11,C,400.0,6563,714,0.42566492309570314,1.2,1.14,1.17
TSLA,2026-08-26,2026-09-11,C,405.0,1807,77,0.4343318286132813,1.05,0.91,0.94
TSLA,2026-08-26,2026-09-11,C,410.0,669,108,0.44312080322265623,0.81,0.73,0.76
TSLA,2026-08-26,2026-09-11,C,415.0,591,34,0.45361874511718747,0.64,0.6,0.63
TSLA,2026-08-26,2026-09-11,C,420.0,1172,65,0.4631401342773438,0.55,0.5,0.52
TSLA,2026-08-26,2026-09-11,C,425.0,333,65,0.47412635253906255,0.42,0.42,0.44
TSLA,2026-08-26,2026-09-11,C,430.0,996,7,0.48633326171875,0.4,0.36,0.38
TSLA,2026-08-26,2026-09-11,C,435.0,97,10,0.5004932763671875,0.35,0.31,0.34
TSLA,2026-08-26,2026-09-11,C,440.0,346,15,0.5107470800781251,0.31,0.28,0.3
TSLA,2026-08-26,2026-09-11,C,445.0,123,67,0.5205126074218749,0.28,0.24,0.26
TSLA,2026-08-26,2026-09-11,C,450.0,801,39,0.5351608984375,0.25,0.22,0.24
TSLA,2026-08-26,2026-09-11,C,455.0,108,2,0.5488326367187502,0.22,0.2,0.22
TSLA,2026-08-26,2026-09-11,C,460.0,301,17,0.5610395458984375,0.22,0.18,0.2
TSLA,2026-08-26,2026-09-11,C,465.0,167,2,0.57617611328125,0.21,0.17,0.19
TSLA,2026-08-26,2026-09-11,C,470.0,47,12,0.5864299169921875,0.17,0.15,0.17
TSLA,2026-08-26,2026-09-11,C,475.0,303,2,0.5996133789062501,0.16,0.14,0.16
TSLA,2026-08-26,2026-09-11,C,480.0,45,11,0.6132851171875001,0.14,0.13,0.15
TSLA,2026-08-26,2026-09-11,C,485.0,39,8,0.6279334082031252,0.14,0.13,0.14
TSLA,2026-08-26,2026-09-11,C,490.0,250,19,0.6425816992187501,0.17,0.12,0.14
TSLA,2026-08-26,2026-09-11,C,495.0,169,16,0.6533237792968751,0.18,0.11,0.13
TSLA,2026-08-26,2026-09-11,C,500.0,584,14,0.6669955175781253,0.11,0.11,0.12
TSLA,2026-08-26,2026-09-11,C,505.0,112,3,0.6796907031250001,0.12,0.1,0.12
TSLA,2026-08-26,2026-09-11,C,510.0,138,30,0.6884796777343751,0.1,0.09,0.11
TSLA,2026-08-26,2026-09-11,C,515.0,7,4,0.7041045214843751,0.14,0.09,0.11
TSLA,2026-08-26,2026-09-11,C,520.0,276,3,0.710940390625,0.12,0.08,0.1
TSLA,2026-08-26,2026-09-11,C,525.0,47,1,0.726565234375,0.12,0.08,0.1
TSLA,2026-08-26,2026-09-11,C,530.0,126,34,0.7382838671874999,0.12,0.08,0.09
TSLA,2026-08-26,2026-09-11,C,535.0,229,1,0.7480493945312501,0.08,0.07,0.09
TSLA,2026-08-26,2026-09-11,C,540.0,1326,5,0.7617211328125001,0.11,0.07,0.09
TSLA,2026-08-26,2026-09-11,C,545.0,1003,1,0.7656273437500001,0.14,0.06,0.08
TSLA,2026-08-26,2026-09-11,C,550.0,96,1,0.773439765625,0.07,0.05,0.08
TSLA,2026-08-26,2026-09-11,C,555.0,155,16,0.789064609375,0.06,0.05,0.08
TSLA,2026-08-26,2026-09-11,C,560.0,175,1,0.8007832421875,0.16,0.05,0.08
TSLA,2026-08-26,2026-09-11,C,565.0,48,3,0.8164080859374999,0.15,0.05,0.08
TSLA,2026-08-26,2026-09-11,C,570.0,31,1,0.8164080859374999,0.15,0.03,0.08
TSLA,2026-08-26,2026-09-11,C,575.0,6,10,0.84179845703125,0.09,0.04,0.09
TSLA,2026-08-26,2026-09-11,C,580.0,62,4,0.86132951171875,0.1,0.04,0.1
TSLA,2026-08-26,2026-09-11,C,585.0,6,4,0.8964854101562498,0.09,0.02,0.16
TSLA,2026-08-26,2026-09-11,C,590.0,16,1,0.90429783203125,0.16,0.01,0.16
TSLA,2026-08-26,2026-09-11,C,595.0,62,8,0.9179695703125,0.05,0.03,0.14
TSLA,2026-08-26,2026-09-11,C,600.0,49,2,0.9062509375,0.05,0.03,0.1
TSLA,2026-08-26,2026-09-11,C,605.0,28,8,0.8554701953125,0.12,0.01,0.05
TSLA,2026-08-26,2026-09-11,C,610.0,253,5,0.867188828125,0.1,0.01,0.05
TSLA,2026-08-26,2026-09-11,C,615.0,884,15,0.8789074609374999,0.06,0.01,0.05
TSLA,2026-08-26,2026-09-11,P,70.0,5,0,2.5312536718749996,0.01,0.0,0.05
TSLA,2026-08-26,2026-09-11,P,100.0,5,1,1.9765626171875001,0.05,0.0,0.05
TSLA,2026-08-26,2026-09-11,P,140.0,25,2,1.4921900390624998,0.01,0.01,0.05
TSLA,2026-08-26,2026-09-11,P,150.0,4,0,1.359378203125,0.17,0.0,0.05
TSLA,2026-08-26,2026-09-11,P,160.0,223,6,1.2812535937499998,0.05,0.01,0.05
TSLA,2026-08-26,2026-09-11,P,170.0,59,6,1.2070352148437498,0.05,0.02,0.05
TSLA,2026-08-26,2026-09-11,P,180.0,16,2,1.0859420703125,0.03,0.0,0.05
TSLA,2026-08-26,2026-09-11,P,190.0,48,2,1.0781296093750001,0.05,0.01,0.1
TSLA,2026-08-26,2026-09-11,P,200.0,81,6,0.9648441015625,0.03,0.0,0.08
TSLA,2026-08-26,2026-09-11,P,210.0,133,1,0.914063359375,0.05,0.03,0.08
TSLA,2026-08-26,2026-09-11,P,220.0,606,9,0.8554701953125,0.09,0.03,0.1
TSLA,2026-08-26,2026-09-11,P,230.0,405,189,0.7929708203125,0.08,0.05,0.1
TSLA,2026-08-26,2026-09-11,P,235.0,20,3,0.75586181640625,0.18,0.05,0.1
TSLA,2026-08-26,2026-09-11,P,240.0,294,49,0.73437765625,0.07,0.05,0.13
TSLA,2026-08-26,2026-09-11,P,245.0,551,1,0.6894562304687502,0.08,0.05,0.11
TSLA,2026-08-26,2026-09-11,P,250.0,400,20,0.6796907031250001,0.11,0.07,0.15
TSLA,2026-08-26,2026-09-11,P,255.0,118,46,0.6543003320312502,0.11,0.09,0.16
TSLA,2026-08-26,2026-09-11,P,260.0,318,60,0.622074091796875,0.12,0.11,0.15
TSLA,2026-08-26,2026-09-11,P,265.0,151,4,0.5927775097656252,0.11,0.13,0.15
TSLA,2026-08-26,2026-09-11,P,270.0,406,50,0.56836369140625,0.16,0.15,0.17
TSLA,2026-08-26,2026-09-11,P,275.0,389,1,0.5419967675781252,0.18,0.17,0.19
TSLA,2026-08-26,2026-09-11,P,280.0,1247,1010,0.5185595019531251,0.2,0.2,0.22
TSLA,2026-08-26,2026-09-11,P,285.0,209,8,0.500005,0.23,0.24,0.26
TSLA,2026-08-26,2026-09-11,P,290.0,497,21,0.47998566894531247,0.32,0.3,0.32
TSLA,2026-08-26,2026-09-11,P,295.0,790,30,0.46143116699218756,0.37,0.37,0.4
TSLA,2026-08-26,2026-09-11,P,300.0,1281,91,0.44556218505859374,0.5,0.5,0.52
TSLA,2026-08-26,2026-09-11,P,305.0,356,111,0.43286699951171875,0.64,0.68,0.7
TSLA,2026-08-26,2026-09-11,P,310.0,789,190,0.4215145739746094,0.9,0.93,0.95
TSLA,2026-08-26,2026-09-11,P,315.0,822,186,0.4133359448242187,1.26,1.29,1.32
TSLA,2026-08-26,2026-09-11,P,320.0,1255,156,0.4062559375,1.82,1.78,1.83
TSLA,2026-08-26,2026-09-11,P,325.0,690,61,0.4010069665527344,2.4,2.48,2.53
TSLA,2026-08-26,2026-09-11,P,330.0,868,700,0.3963683410644532,3.45,3.4,3.45
TSLA,2026-08-26,2026-09-11,P,335.0,1402,245,0.3953307537841797,4.62,4.55,4.7
TSLA,2026-08-26,2026-09-11,P,337.5,165,67,0.39337764831542965,5.25,5.3,5.4
TSLA,2026-08-26,2026-09-11,P,340.0,2092,388,0.3942931665039063,6.22,6.15,6.25
TSLA,2026-08-26,2026-09-11,P,342.5,158,499,0.3939269592285156,7.13,7.0,7.15
TSLA,2026-08-26,2026-09-11,P,345.0,646,80,0.3924010955810546,7.85,8.0,8.1
TSLA,2026-08-26,2026-09-11,P,347.5,168,131,0.3931945446777344,8.9,9.1,9.2
TSLA,2026-08-26,2026-09-11,P,350.0,719,633,0.39441523559570313,10.4,10.3,10.4
TSLA,2026-08-26,2026-09-11,P,352.5,198,328,0.396063168334961,11.41,11.6,11.7
TSLA,2026-08-26,2026-09-11,P,355.0,377,151,0.3930724755859375,12.5,12.65,12.95
TSLA,2026-08-26,2026-09-11,P,357.5,52,8,0.3992369647216797,13.24,14.05,14.55
TSLA,2026-08-26,2026-09-11,P,360.0,407,24,0.39740592834472654,14.92,15.45,16.0
TSLA,2026-08-26,2026-09-11,P,362.5,11,6,0.4033873138427735,22.85,17.15,17.75
TSLA,2026-08-26,2026-09-11,P,365.0,467,3,0.41235939208984373,23.75,18.9,19.65
TSLA,2026-08-26,2026-09-11,P,367.5,8,9,0.4078428356933594,20.25,20.2,21.25
TSLA,2026-08-26,2026-09-11,P,370.0,240,3,0.41596043029785157,26.19,22.4,23.25
TSLA,2026-08-26,2026-09-11,P,372.5,2,3,0.41809663940429687,25.45,24.3,25.15
TSLA,2026-08-26,2026-09-11,P,375.0,96,1,0.4262142340087891,27.3,26.85,27.25
TSLA,2026-08-26,2026-09-11,P,380.0,29,1,0.43726148681640625,33.0,30.75,31.45
TSLA,2026-08-26,2026-09-11,P,382.5,3,2,0.44482977050781247,31.5,32.45,33.65
TSLA,2026-08-26,2026-09-11,P,385.0,21,1,0.45099425964355466,34.16,34.7,35.85
TSLA,2026-08-26,2026-09-11,P,390.0,55,2,0.47241738525390625,45.32,39.45,40.5
TSLA,2026-08-26,2026-09-11,P,395.0,6,1,0.4870656762695313,42.76,43.2,45.1
TSLA,2026-08-26,2026-09-11,P,400.0,314,2,0.5350388293457031,50.74,48.7,50.3
TSLA,2026-08-26,2026-09-11,P,405.0,8,1,0.49377947631835944,69.43,52.7,54.2
TSLA,2026-08-26,2026-09-11,P,410.0,29,5,0.5523726403808593,64.83,57.5,59.55
TSLA,2026-08-26,2026-09-11,P,415.0,4,1,0.6025430371093752,68.04,62.4,64.8
TSLA,2026-08-26,2026-09-11,P,425.0,2,1,0.5546919531250001,70.35,72.85,74.35
TSLA,2026-08-26,2026-09-11,P,430.0,1,0,0.5754436987304687,96.5,77.8,79.3
TSLA,2026-08-26,2026-09-11,P,445.0,0,0,0.6081582153320313,109.63,92.25,94.25
TSLA,2026-08-26,2026-09-11,P,450.0,0,0,0.62305064453125,127.83,97.15,99.25
TSLA,2026-08-26,2026-09-11,P,455.0,6,0,0.6455113574218749,128.62,102.15,104.25
TSLA,2026-08-26,2026-09-11,P,560.0,5,5,0.992187578125,198.0,206.95,209.05
TSLA,2026-08-26,2026-09-18,C,5.0,2278,16,8.355473527832032,338.88,344.9,347.85
TSLA,2026-08-26,2026-09-18,C,10.0,26,2,8.20508299682617,326.52,338.5,343.8
TSLA,2026-08-26,2026-09-18,C,15.0,5,2,0.0,421.02,411.0,421.0
TSLA,2026-08-26,2026-09-18,C,20.0,1,2,1.0000000000000003e-05,290.25,327.4,330.8
TSLA,2026-08-26,2026-09-18,C,25.0,101,1,5.589846762695313,314.9,324.65,328.65
TSLA,2026-08-26,2026-09-18,C,30.0,45,44,5.163089483642578,318.8,319.65,323.65
TSLA,2026-08-26,2026-09-18,C,35.0,37,0,0.0,444.1,397.15,404.4
TSLA,2026-08-26,2026-09-18,C,40.0,9,1,4.635746392822266,313.15,308.85,313.85
TSLA,2026-08-26,2026-09-18,C,45.0,0,2,1.0000000000000003e-05,222.55,295.65,301.65
TSLA,2026-08-26,2026-09-18,C,50.0,35,10,4.532230897216797,286.62,299.7,304.75
TSLA,2026-08-26,2026-09-18,C,60.0,37,5,12.074709484558108,336.69,332.15,338.95
TSLA,2026-08-26,2026-09-18,C,70.0,62,1,3.3769546826171872,289.0,280.55,283.75
TSLA,2026-08-26,2026-09-18,C,80.0,20,1,1.0000000000000003e-05,328.6,267.6,271.0
TSLA,2026-08-26,2026-09-18,C,90.0,30,2,1.0000000000000003e-05,306.78,258.25,261.05
TSLA,2026-08-26,2026-09-18,C,100.0,266,49,2.7465851647949218,233.63,250.65,254.05
TSLA,2026-08-26,2026-09-18,C,110.0,104,20,2.377933742675781,231.19,239.85,243.5
TSLA,2026-08-26,2026-09-18,C,115.0,146,31,2.43115626586914,215.65,235.25,238.95
TSLA,2026-08-26,2026-09-18,C,120.0,191,90,1.0000000000000003e-05,244.2,229.95,232.25
TSLA,2026-08-26,2026-09-18,C,125.0,221,6,0.500005,230.66,225.75,227.4
TSLA,2026-08-26,2026-09-18,C,130.0,373,100,2.0878954052734366,215.65,219.95,223.6
TSLA,2026-08-26,2026-09-18,C,135.0,152,5,1.9853516357421874,206.55,214.95,218.5
TSLA,2026-08-26,2026-09-18,C,140.0,103,1,5.719729412841797,246.56,253.8,258.2
TSLA,2026-08-26,2026-09-18,C,145.0,227,1,1.0000000000000003e-05,269.32,203.05,206.2
TSLA,2026-08-26,2026-09-18,C,150.0,95,1,1.8491218481445313,191.55,200.05,203.75
TSLA,2026-08-26,2026-09-18,C,155.0,120,8,0.500005,172.85,195.8,199.0
TSLA,2026-08-26,2026-09-18,C,160.0,138,6,1.6875015625,180.86,190.05,193.6
TSLA,2026-08-26,2026-09-18,C,165.0,189,2,1.6513689306640624,187.27,185.85,188.7
TSLA,2026-08-26,2026-09-18,C,170.0,72,12,1.6040058862304685,170.94,180.9,183.75
TSLA,2026-08-26,2026-09-18,C,175.0,127,1,1.5258812768554684,172.75,175.5,178.65
TSLA,2026-08-26,2026-09-18,C,180.0,256,10,1.460451916503906,168.62,170.85,173.6
TSLA,2026-08-26,2026-09-18,C,185.0,81,3,1.0000000000000003e-05,142.64,165.65,167.35
TSLA,2026-08-26,2026-09-18,C,190.0,182,1,1.3759796826171873,166.59,160.7,163.7
TSLA,2026-08-26,2026-09-18,C,195.0,115,10,1.11328568359375,150.47,155.0,157.85
TSLA,2026-08-26,2026-09-18,C,200.0,564,1,1.284671545410156,146.14,150.25,153.75
TSLA,2026-08-26,2026-09-18,C,210.0,182,25,1.1882364807128907,134.38,140.55,143.75
TSLA,2026-08-26,2026-09-18,C,215.0,10,1,0.8466812207031249,126.17,136.25,138.95
TSLA,2026-08-26,2026-09-18,C,220.0,668,3,0.6445348046875,136.8,131.0,133.85
TSLA,2026-08-26,2026-09-18,C,225.0,2,2,0.788088056640625,120.5,126.3,128.95
TSLA,2026-08-26,2026-09-18,C,230.0,214,4,1.021489267578125,124.82,120.2,123.85
TSLA,2026-08-26,2026-09-18,C,235.0,29,1,0.9848634326171876,97.5,115.2,118.9
TSLA,2026-08-26,2026-09-18,C,240.0,509,1,0.9416509741210937,107.55,110.85,113.9
TSLA,2026-08-26,2026-09-18,C,245.0,23,11,0.8994150683593749,119.97,105.25,108.9
TSLA,2026-08-26,2026-09-18,C,250.0,673,2,0.5585981640625001,102.57,100.85,104.15
TSLA,2026-08-26,2026-09-18,C,255.0,83,1,0.8225115405273438,100.1,95.7,98.95
TSLA,2026-08-26,2026-09-18,C,260.0,483,1,0.7927266821289063,85.17,90.7,94.05
TSLA,2026-08-26,2026-09-18,C,265.0,35,1,0.585941640625,93.13,86.65,89.05
TSLA,2026-08-26,2026-09-18,C,270.0,610,4,0.6699251757812501,81.37,81.45,83.65
TSLA,2026-08-26,2026-09-18,C,275.0,112,46,0.6579624047851562,70.66,75.9,78.9
TSLA,2026-08-26,2026-09-18,C,280.0,585,2,0.6047402807617189,73.38,71.8,73.75
TSLA,2026-08-26,2026-09-18,C,285.0,108,72,0.5858195715332031,61.11,66.85,68.95
TSLA,2026-08-26,2026-09-18,C,290.0,894,2,0.5059863854980469,63.23,62.35,63.5
TSLA,2026-08-26,2026-09-18,C,295.0,114,3,0.4842580871582032,58.51,57.4,58.65
TSLA,2026-08-26,2026-09-18,C,300.0,2549,37,0.44360907958984375,53.2,53.0,53.6
TSLA,2026-08-26,2026-09-18,C,305.0,1127,7,0.42737389038085943,50.31,48.25,48.85
TSLA,2026-08-26,2026-09-18,C,310.0,3217,12,0.4534966760253906,46.3,44.15,44.85
TSLA,2026-08-26,2026-09-18,C,315.0,2481,4,0.4154111193847656,41.65,39.25,39.9
TSLA,2026-08-26,2026-09-18,C,320.0,3265,37,0.41040628662109374,36.72,35.05,35.65
TSLA,2026-08-26,2026-09-18,C,325.0,5064,436,0.4044859356689453,32.0,31.0,31.55
TSLA,2026-08-26,2026-09-18,C,330.0,5066,55,0.4042417974853516,28.0,27.35,27.8
TSLA,2026-08-26,2026-09-18,C,335.0,2431,99,0.39752799743652345,24.93,23.7,24.1
TSLA,2026-08-26,2026-09-18,C,337.5,43,3,0.40405869384765625,23.9,22.1,22.65
TSLA,2026-08-26,2026-09-18,C,340.0,4367,442,0.3958190301513672,20.6,20.4,20.8
TSLA,2026-08-26,2026-09-18,C,342.5,83,54,0.39642937561035163,19.8,18.95,19.3
TSLA,2026-08-26,2026-09-18,C,345.0,3261,988,0.3934386828613281,17.75,17.45,17.75
TSLA,2026-08-26,2026-09-18,C,347.5,130,695,0.3942321319580079,17.0,16.2,16.4
TSLA,2026-08-26,2026-09-18,C,350.0,6136,2468,0.3929504064941406,15.0,14.95,15.05
TSLA,2026-08-26,2026-09-18,C,352.5,469,531,0.3939269592285156,14.1,13.65,13.85
TSLA,2026-08-26,2026-09-18,C,355.0,2924,994,0.39288937194824214,12.8,12.5,12.65
TSLA,2026-08-26,2026-09-18,C,357.5,568,376,0.39264523376464844,11.85,11.4,11.55
TSLA,2026-08-26,2026-09-18,C,360.0,5668,2209,0.3947204083251954,10.5,10.45,10.6
TSLA,2026-08-26,2026-09-18,C,362.5,223,221,0.3948729946899414,9.9,9.5,9.65
TSLA,2026-08-26,2026-09-18,C,365.0,3019,437,0.39752799743652345,8.75,8.7,8.85
TSLA,2026-08-26,2026-09-18,C,367.5,115,57,0.39838248107910157,8.1,7.95,8.05
TSLA,2026-08-26,2026-09-18,C,370.0,10276,894,0.40051869018554687,7.25,7.2,7.35
TSLA,2026-08-26,2026-09-18,C,372.5,391,72,0.4009459320068359,6.6,6.55,6.65
TSLA,2026-08-26,2026-09-18,C,375.0,4254,1417,0.4028380029296875,5.95,5.9,6.05
TSLA,2026-08-26,2026-09-18,C,377.5,96,23,0.40479110839843746,5.45,5.35,5.5
TSLA,2026-08-26,2026-09-18,C,380.0,8839,558,0.4050962811279296,4.95,4.9,4.95
TSLA,2026-08-26,2026-09-18,C,382.5,417,38,0.4074766284179688,4.86,4.4,4.5
TSLA,2026-08-26,2026-09-18,C,385.0,2701,262,0.4082700775146484,4.15,3.95,4.05
TSLA,2026-08-26,2026-09-18,C,390.0,11213,1724,0.41358008300781246,3.3,3.25,3.35
TSLA,2026-08-26,2026-09-18,C,395.0,3803,248,0.4184628466796875,2.75,2.71,2.76
TSLA,2026-08-26,2026-09-18,C,400.0,24948,4719,0.4226742303466796,2.25,2.22,2.26
TSLA,2026-08-26,2026-09-18,C,405.0,4575,137,0.4294490649414063,2.05,1.85,1.89
TSLA,2026-08-26,2026-09-18,C,410.0,5018,466,0.4351863122558594,1.62,1.54,1.57
TSLA,2026-08-26,2026-09-18,C,415.0,2061,284,0.44214425048828127,1.36,1.29,1.32
TSLA,2026-08-26,2026-09-18,C,420.0,16194,1418,0.45044494873046875,1.12,1.1,1.13
TSLA,2026-08-26,2026-09-18,C,425.0,7079,480,0.45667047241210945,1.03,0.93,0.95
TSLA,2026-08-26,2026-09-18,C,430.0,4504,42,0.4660697924804688,0.9,0.8,0.83
TSLA,2026-08-26,2026-09-18,C,435.0,2461,22,0.47681187255859375,0.74,0.71,0.74
TSLA,2026-08-26,2026-09-18,C,440.0,8372,66,0.4858449853515625,0.64,0.63,0.65
TSLA,2026-08-26,2026-09-18,C,445.0,1043,24,0.49414568359375005,0.57,0.54,0.57
TSLA,2026-08-26,2026-09-18,C,450.0,14660,358,0.5022022436523439,0.51,0.49,0.51
TSLA,2026-08-26,2026-09-18,C,455.0,1606,471,0.5127001855468749,0.48,0.44,0.47
TSLA,2026-08-26,2026-09-18,C,460.0,4021,58,0.5222215747070311,0.43,0.4,0.42
TSLA,2026-08-26,2026-09-18,C,465.0,1700,1,0.5336960693359375,0.38,0.37,0.39
TSLA,2026-08-26,2026-09-18,C,470.0,5285,123,0.543949873046875,0.37,0.34,0.36
TSLA,2026-08-26,2026-09-18,C,475.0,3118,50,0.5532271240234375,0.33,0.31,0.33
TSLA,2026-08-26,2026-09-18,C,480.0,5846,34,0.5644574804687501,0.32,0.29,0.31
TSLA,2026-08-26,2026-09-18,C,485.0,1515,2,0.5747112841796875,0.28,0.27,0.29
TSLA,2026-08-26,2026-09-18,C,490.0,4931,11,0.5844768115234374,0.26,0.25,0.27
TSLA,2026-08-26,2026-09-18,C,495.0,4070,92,0.596683720703125,0.25,0.24,0.26
TSLA,2026-08-26,2026-09-18,C,500.0,16949,137,0.6049844189453126,0.25,0.22,0.24
TSLA,2026-08-26,2026-09-18,C,505.0,2718,6,0.6162147753906251,0.23,0.21,0.23
TSLA,2026-08-26,2026-09-18,C,510.0,1421,9,0.6264685791015626,0.23,0.2,0.22
TSLA,2026-08-26,2026-09-18,C,515.0,1363,1,0.6367223828125,0.2,0.19,0.21
TSLA,2026-08-26,2026-09-18,C,520.0,3323,6,0.64648791015625,0.2,0.18,0.2
TSLA,2026-08-26,2026-09-18,C,525.0,1409,1,0.65820654296875,0.21,0.18,0.19
TSLA,2026-08-26,2026-09-18,C,530.0,1110,40,0.6650424121093752,0.22,0.16,0.18
TSLA,2026-08-26,2026-09-18,C,535.0,804,5,0.6728548339843752,0.22,0.15,0.17
TSLA,2026-08-26,2026-09-18,C,540.0,2179,1,0.68555001953125,0.22,0.15,0.17
TSLA,2026-08-26,2026-09-18,C,545.0,686,1,0.69336244140625,0.3,0.14,0.16
TSLA,2026-08-26,2026-09-18,C,550.0,8419,18,0.70312796875,0.14,0.14,0.15
TSLA,2026-08-26,2026-09-18,C,555.0,110,3,0.7128934960937501,0.33,0.13,0.15
TSLA,2026-08-26,2026-09-18,C,560.0,1154,7,0.7187528125,0.12,0.12,0.14
TSLA,2026-08-26,2026-09-18,C,565.0,32,5,0.7304714453125,0.15,0.12,0.14
TSLA,2026-08-26,2026-09-18,C,570.0,1731,4,0.73633076171875,0.19,0.11,0.13
TSLA,2026-08-26,2026-09-18,C,575.0,79,6,0.7480493945312501,0.17,0.11,0.13
TSLA,2026-08-26,2026-09-18,C,580.0,2010,3,0.75586181640625,0.12,0.11,0.12
TSLA,2026-08-26,2026-09-18,C,585.0,202,40,0.76367423828125,0.29,0.1,0.12
TSLA,2026-08-26,2026-09-18,C,590.0,1288,3,0.7744163183593751,0.28,0.1,0.12
TSLA,2026-08-26,2026-09-18,C,595.0,1827,2,0.7773459765625,0.1,0.09,0.11
TSLA,2026-08-26,2026-09-18,C,600.0,10736,29,0.789064609375,0.11,0.09,0.11
TSLA,2026-08-26,2026-09-18,C,605.0,221,1,0.79883013671875,0.26,0.09,0.11
TSLA,2026-08-26,2026-09-18,C,610.0,3198,1,0.8007832421875,0.13,0.08,0.1
TSLA,2026-08-26,2026-09-18,C,615.0,2174,10,0.8125018749999999,0.1,0.08,0.1
TSLA,2026-08-26,2026-09-18,C,620.0,2530,1,0.82226740234375,0.1,0.08,0.1
TSLA,2026-08-26,2026-09-18,C,625.0,87,26,0.8281267187499999,0.14,0.07,0.1
TSLA,2026-08-26,2026-09-18,C,630.0,2613,5,0.84179845703125,0.08,0.08,0.1
TSLA,2026-08-26,2026-09-18,C,635.0,32,1,0.86132951171875,0.17,0.07,0.13
TSLA,2026-08-26,2026-09-18,C,640.0,918,2,0.8632826171875,0.13,0.05,0.13
TSLA,2026-08-26,2026-09-18,C,650.0,4403,56,0.8828136718749999,0.13,0.05,0.13
TSLA,2026-08-26,2026-09-18,C,660.0,779,3,0.8906260937499999,0.12,0.04,0.12
TSLA,2026-08-26,2026-09-18,C,670.0,769,1,0.9101571484375,0.11,0.05,0.11
TSLA,2026-08-26,2026-09-18,C,680.0,1107,2,0.9160164648437501,0.11,0.05,0.09
TSLA,2026-08-26,2026-09-18,C,690.0,877,2,0.9062509375,0.07,0.02,0.08
TSLA,2026-08-26,2026-09-18,C,700.0,6499,55,0.92187578125,0.05,0.03,0.07
TSLA,2026-08-26,2026-09-18,C,710.0,4256,1,0.9492192578124999,0.13,0.02,0.09
TSLA,2026-08-26,2026-09-18,C,720.0,617,4,0.9648441015625,0.11,0.01,0.1
TSLA,2026-08-26,2026-09-18,C,730.0,917,1,0.9648441015625,0.13,0.01,0.08
TSLA,2026-08-26,2026-09-18,C,740.0,857,4,0.9960937890625,0.12,0.01,0.1
TSLA,2026-08-26,2026-09-18,C,750.0,6107,36,0.98437515625,0.05,0.01,0.07
TSLA,2026-08-26,2026-09-18,C,760.0,1102,2,1.01953615234375,0.17,0.0,0.1
TSLA,2026-08-26,2026-09-18,C,770.0,327,1,1.0429735351562504,0.05,0.01,0.1
TSLA,2026-08-26,2026-09-18,C,780.0,580,5,0.992187578125,0.05,0.0,0.05
TSLA,2026-08-26,2026-09-18,C,790.0,595,1,1.0664109179687502,0.05,0.0,0.1
TSLA,2026-08-26,2026-09-18,C,800.0,8900,12,1.0781296093750001,0.18,0.01,0.09
TSLA,2026-08-26,2026-09-18,C,810.0,945,1,1.09375453125,0.12,0.0,0.1
TSLA,2026-08-26,2026-09-18,C,820.0,1166,527,1.0312548437500002,0.04,0.0,0.04
TSLA,2026-08-26,2026-09-18,C,830.0,498,4,1.12109814453125,0.05,0.0,0.1
TSLA,2026-08-26,2026-09-18,C,840.0,1300,10,1.08984830078125,0.03,0.0,0.06
TSLA,2026-08-26,2026-09-18,C,850.0,3489,5,1.140629296875,0.05,0.0,0.09
TSLA,2026-08-26,2026-09-18,C,860.0,2382,1,1.1015669921875002,0.01,0.0,0.05
TSLA,2026-08-26,2026-09-18,C,870.0,275,1,1.1757853710937498,0.1,0.0,0.1
TSLA,2026-08-26,2026-09-18,C,880.0,933,2,1.109379453125,0.03,0.0,0.04
TSLA,2026-08-26,2026-09-18,C,890.0,723,1,1.1171919140625,0.03,0.0,0.04
TSLA,2026-08-26,2026-09-18,C,900.0,7393,18,1.1640666796875,0.01,0.01,0.05
TSLA,2026-08-26,2026-09-18,C,910.0,628,151,1.1640666796875,0.02,0.0,0.05
TSLA,2026-08-26,2026-09-18,C,920.0,1225,8,1.171879140625,0.08,0.0,0.05
TSLA,2026-08-26,2026-09-18,C,930.0,1190,3,1.1875040625,0.03,0.0,0.05
TSLA,2026-08-26,2026-09-18,C,940.0,10377,15,1.2265663671875,0.02,0.02,0.05
TSLA,2026-08-26,2026-09-18,C,950.0,323,2,1.2109414453124998,0.05,0.0,0.05
TSLA,2026-08-26,2026-09-18,C,960.0,1361,73,1.2343788281249999,0.12,0.01,0.05
TSLA,2026-08-26,2026-09-18,C,970.0,2333,1,1.2500037499999999,0.05,0.01,0.05
TSLA,2026-08-26,2026-09-18,C,980.0,6794,3,1.2421912890624998,0.01,0.0,0.05
TSLA,2026-08-26,2026-09-18,C,990.0,42003,179,1.125004375,0.01,0.0,0.01
TSLA,2026-08-26,2026-09-18,P,5.0,1158,1,5.12500359375,0.01,0.0,0.01
TSLA,2026-08-26,2026-09-18,P,10.0,911,2,4.12500484375,0.01,0.0,0.01
TSLA,2026-08-26,2026-09-18,P,15.0,811,100,3.6875007812500002,0.01,0.0,0.01
TSLA,2026-08-26,2026-09-18,P,20.0,2874,2,3.3750015624999996,0.01,0.0,0.01
TSLA,2026-08-26,2026-09-18,P,25.0,5082,1,3.06250234375,0.01,0.0,0.01
TSLA,2026-08-26,2026-09-18,P,30.0,870,6,2.8750028125,0.01,0.0,0.01
TSLA,2026-08-26,2026-09-18,P,35.0,1515,3,2.68750328125,0.01,0.0,0.01
TSLA,2026-08-26,2026-09-18,P,40.0,864,3,2.50000375,0.01,0.0,0.01
TSLA,2026-08-26,2026-09-18,P,45.0,417,17,2.3750040624999995,0.02,0.0,0.01
TSLA,2026-08-26,2026-09-18,P,50.0,1469,1,2.2500043749999996,0.01,0.0,0.01
TSLA,2026-08-26,2026-09-18,P,60.0,1209,1,2.0625048437499998,0.01,0.0,0.01
TSLA,2026-08-26,2026-09-18,P,70.0,686,1,1.875000625,0.01,0.0,0.01
TSLA,2026-08-26,2026-09-18,P,80.0,677,1,1.7968760156249999,0.01,0.0,0.02
TSLA,2026-08-26,2026-09-18,P,90.0,3476,2,1.65625171875,0.01,0.0,0.02
TSLA,2026-08-26,2026-09-18,P,100.0,5293,28,1.5312523437499999,0.01,0.0,0.02
TSLA,2026-08-26,2026-09-18,P,110.0,650,54,1.5000025,0.01,0.01,0.03
TSLA,2026-08-26,2026-09-18,P,115.0,627,107,1.4921900390624998,0.01,0.01,0.05
TSLA,2026-08-26,2026-09-18,P,120.0,2677,8,1.359378203125,0.02,0.0,0.03
TSLA,2026-08-26,2026-09-18,P,125.0,202,4,1.3125034374999998,0.02,0.0,0.03
TSLA,2026-08-26,2026-09-18,P,130.0,499,1,1.2890660546875,0.03,0.0,0.04
TSLA,2026-08-26,2026-09-18,P,135.0,226,112,1.2890660546875,0.04,0.01,0.05
TSLA,2026-08-26,2026-09-18,P,140.0,1024,42,1.2421912890624998,0.03,0.02,0.04
TSLA,2026-08-26,2026-09-18,P,145.0,229,1,1.1796916015624999,0.04,0.0,0.05
TSLA,2026-08-26,2026-09-18,P,150.0,4086,1,1.171879140625,0.03,0.02,0.05
TSLA,2026-08-26,2026-09-18,P,155.0,298,3,1.125004375,0.02,0.02,0.05
TSLA,2026-08-26,2026-09-18,P,160.0,407,3,1.109379453125,0.05,0.02,0.07
TSLA,2026-08-26,2026-09-18,P,165.0,578,10,1.08203583984375,0.12,0.0,0.1
TSLA,2026-08-26,2026-09-18,P,170.0,4415,1972,0.9765627343750001,0.03,0.02,0.03
TSLA,2026-08-26,2026-09-18,P,175.0,1774,1,1.01172369140625,0.05,0.03,0.08
TSLA,2026-08-26,2026-09-18,P,180.0,4701,2,0.9531254687499999,0.06,0.03,0.06
TSLA,2026-08-26,2026-09-18,P,185.0,759,8,0.945313046875,0.05,0.02,0.1
TSLA,2026-08-26,2026-09-18,P,190.0,9011,14,0.914063359375,0.08,0.03,0.1
TSLA,2026-08-26,2026-09-18,P,195.0,678,1,0.89257919921875,0.08,0.05,0.1
TSLA,2026-08-26,2026-09-18,P,200.0,15714,2,0.86914193359375,0.09,0.06,0.11
TSLA,2026-08-26,2026-09-18,P,205.0,147,2,0.8535170898437501,0.12,0.06,0.15
TSLA,2026-08-26,2026-09-18,P,210.0,1734,3,0.8183611914062499,0.08,0.07,0.14
TSLA,2026-08-26,2026-09-18,P,215.0,229,42,0.7851583984375,0.12,0.09,0.12
TSLA,2026-08-26,2026-09-18,P,220.0,1729,2,0.762697685546875,0.09,0.09,0.15
TSLA,2026-08-26,2026-09-18,P,225.0,436,1,0.7324245507812499,0.13,0.1,0.15
TSLA,2026-08-26,2026-09-18,P,230.0,1434,1,0.6972686523437501,0.13,0.11,0.13
TSLA,2026-08-26,2026-09-18,P,235.0,2163,25,0.6835969140625001,0.14,0.12,0.18
TSLA,2026-08-26,2026-09-18,P,240.0,3185,17,0.6543003320312502,0.14,0.14,0.17
TSLA,2026-08-26,2026-09-18,P,245.0,380,6,0.6269568554687501,0.16,0.15,0.18
TSLA,2026-08-26,2026-09-18,P,250.0,9473,621,0.6074258007812501,0.19,0.18,0.2
TSLA,2026-08-26,2026-09-18,P,255.0,567,43,0.5839885351562499,0.24,0.2,0.22
TSLA,2026-08-26,2026-09-18,P,260.0,7395,19,0.559574716796875,0.24,0.22,0.24
TSLA,2026-08-26,2026-09-18,P,265.0,1349,32,0.5380905566406251,0.24,0.25,0.27
TSLA,2026-08-26,2026-09-18,P,270.0,5398,72,0.5185595019531251,0.3,0.29,0.31
TSLA,2026-08-26,2026-09-18,P,275.0,1251,33,0.5014698291015626,0.33,0.34,0.36
TSLA,2026-08-26,2026-09-18,P,280.0,8813,71,0.48413601806640627,0.41,0.41,0.43
TSLA,2026-08-26,2026-09-18,P,285.0,2320,46,0.467778759765625,0.49,0.5,0.52
TSLA,2026-08-26,2026-09-18,P,290.0,13915,391,0.4567925415039063,0.64,0.64,0.67
TSLA,2026-08-26,2026-09-18,P,295.0,3857,137,0.44360907958984375,0.79,0.81,0.84
TSLA,2026-08-26,2026-09-18,P,300.0,22476,586,0.4338435522460938,1.04,1.06,1.09
TSLA,2026-08-26,2026-09-18,P,305.0,2234,192,0.42529871582031253,1.37,1.39,1.42
TSLA,2026-08-26,2026-09-18,P,310.0,9888,342,0.41748629394531245,1.8,1.81,1.85
TSLA,2026-08-26,2026-09-18,P,315.0,3711,139,0.41174904663085937,2.36,2.39,2.43
TSLA,2026-08-26,2026-09-18,P,320.0,11308,297,0.4058897302246094,3.1,3.05,3.15
TSLA,2026-08-26,2026-09-18,P,325.0,5227,98,0.40253283020019537,3.95,4.05,4.1
TSLA,2026-08-26,2026-09-18,P,330.0,10944,192,0.4007017938232422,5.25,5.2,5.3
TSLA,2026-08-26,2026-09-18,P,335.0,4020,169,0.3992369647216797,6.7,6.65,6.75
TSLA,2026-08-26,2026-09-18,P,337.5,306,70,0.39777213562011715,7.17,7.45,7.55
TSLA,2026-08-26,2026-09-18,P,340.0,20443,197,0.398992826538086,8.3,8.35,8.5
TSLA,2026-08-26,2026-09-18,P,342.5,546,157,0.39649041015625003,9.1,9.25,9.4
TSLA,2026-08-26,2026-09-18,P,345.0,3400,1308,0.39789420471191406,10.0,10.4,10.5
TSLA,2026-08-26,2026-09-18,P,347.5,611,692,0.39722282470703124,11.58,11.45,11.6
TSLA,2026-08-26,2026-09-18,P,350.0,12264,1081,0.39588006469726567,12.78,12.65,12.75
TSLA,2026-08-26,2026-09-18,P,352.5,281,343,0.39826041198730466,14.0,13.95,14.1
TSLA,2026-08-26,2026-09-18,P,355.0,2413,203,0.39716179016113284,15.4,15.25,15.4
TSLA,2026-08-26,2026-09-18,P,357.5,662,51,0.40265489929199216,15.9,16.55,17.0
TSLA,2026-08-26,2026-09-18,P,360.0,7865,69,0.40051869018554687,18.1,18.2,18.4
TSLA,2026-08-26,2026-09-18,P,362.5,24,8,0.39929799926757814,18.85,19.3,19.9
TSLA,2026-08-26,2026-09-18,P,365.0,2754,30,0.40204455383300786,20.5,21.35,21.6
TSLA,2026-08-26,2026-09-18,P,367.5,23,11,0.40607283386230464,28.57,22.45,23.4
TSLA,2026-08-26,2026-09-18,P,370.0,4445,17,0.40991801025390623,24.59,24.7,25.25
TSLA,2026-08-26,2026-09-18,P,372.5,3,1,0.4090024920654296,31.18,25.9,27.0
TSLA,2026-08-26,2026-09-18,P,375.0,3355,7,0.4062559375,27.53,28.15,28.75
TSLA,2026-08-26,2026-09-18,P,377.5,4,2,0.4151669812011719,31.46,29.55,30.9
TSLA,2026-08-26,2026-09-18,P,380.0,8544,12,0.4158993957519531,31.48,32.3,32.85
TSLA,2026-08-26,2026-09-18,P,382.5,2,1,0.4205380212402344,33.5,33.6,34.95
TSLA,2026-08-26,2026-09-18,P,385.0,2469,104,0.41809663940429687,37.48,36.15,36.9
TSLA,2026-08-26,2026-09-18,P,390.0,6125,25,0.439031488647461,40.8,40.7,41.55
TSLA,2026-08-26,2026-09-18,P,395.0,2311,2,0.43695631408691404,44.43,44.8,45.75
TSLA,2026-08-26,2026-09-18,P,400.0,14472,6,0.4433039068603516,49.0,49.4,50.25
TSLA,2026-08-26,2026-09-18,P,405.0,1716,14,0.48792015991210946,60.62,53.95,55.55
TSLA,2026-08-26,2026-09-18,P,410.0,3444,72,0.5114184600830078,58.2,58.8,60.45
TSLA,2026-08-26,2026-09-18,P,415.0,1730,3,0.476567734375,67.75,63.25,64.4
TSLA,2026-08-26,2026-09-18,P,420.0,2467,5,0.534184345703125,68.98,68.4,69.9
TSLA,2026-08-26,2026-09-18,P,425.0,3277,5,0.5533491931152343,72.26,73.05,74.8
TSLA,2026-08-26,2026-09-18,P,430.0,3512,2,0.5317429638671876,78.16,78.2,80.1
TSLA,2026-08-26,2026-09-18,P,435.0,1652,400,0.5202684692382812,89.66,82.85,84.65
TSLA,2026-08-26,2026-09-18,P,440.0,6492,438,0.5346726220703125,88.7,88.2,89.15
TSLA,2026-08-26,2026-09-18,P,445.0,233,2,0.5632367895507813,94.33,92.9,94.6
TSLA,2026-08-26,2026-09-18,P,450.0,4546,154,0.5815471533203125,96.97,97.95,99.5
TSLA,2026-08-26,2026-09-18,P,455.0,6,1,0.5371140039062501,132.68,102.25,104.15
TSLA,2026-08-26,2026-09-18,P,460.0,141,150,0.6272009936523439,107.2,107.9,109.65
TSLA,2026-08-26,2026-09-18,P,465.0,0,1,0.5852092260742188,103.11,112.25,114.3
TSLA,2026-08-26,2026-09-18,P,470.0,39,50,0.5918009570312501,116.3,117.1,119.3
TSLA,2026-08-26,2026-09-18,P,475.0,14,5,0.6093789062500001,130.49,122.1,124.3
TSLA,2026-08-26,2026-09-18,P,480.0,63,12,0.664309997558594,135.44,127.55,129.35
TSLA,2026-08-26,2026-09-18,P,485.0,0,8,0.8896495410156249,174.5,134.65,136.85
TSLA,2026-08-26,2026-09-18,P,490.0,6,2,0.70312796875,180.88,136.75,140.2
TSLA,2026-08-26,2026-09-18,P,495.0,0,1,0.5712933496093751,190.24,141.2,144.35
TSLA,2026-08-26,2026-09-18,P,500.0,364,400,0.7702659692382813,147.1,147.9,149.55
TSLA,2026-08-26,2026-09-18,P,505.0,0,53,0.9875489526367188,181.75,154.9,157.1
TSLA,2026-08-26,2026-09-18,P,510.0,3,108,1.0070850427246092,187.25,159.9,162.1
TSLA,2026-08-26,2026-09-18,P,515.0,0,38,1.0048877880859375,197.25,164.9,166.5
TSLA,2026-08-26,2026-09-18,P,520.0,8,8,0.7746604565429689,195.58,166.4,170.2
TSLA,2026-08-26,2026-09-18,P,525.0,0,237,1.0210009887695315,202.0,174.35,176.5
TSLA,2026-08-26,2026-09-18,P,530.0,1,2,1.0390673046875003,219.67,179.35,181.5
TSLA,2026-08-26,2026-09-18,P,535.0,0,272,1.0567674114990235,211.65,184.35,186.5
TSLA,2026-08-26,2026-09-18,P,540.0,0,66,1.0742233789062503,222.25,189.35,191.5
TSLA,2026-08-26,2026-09-18,P,545.0,0,16,1.09143520690918,226.31,194.35,196.5
TSLA,2026-08-26,2026-09-18,P,550.0,1,314,1.1084028955078127,227.85,199.35,201.5
TSLA,2026-08-26,2026-09-18,P,560.0,0,857,1.1418499938964843,240.3,209.35,211.5
TSLA,2026-08-26,2026-09-18,P,565.0,0,10,1.1848185290527344,246.0,214.65,216.85
TSLA,2026-08-26,2026-09-18,P,570.0,0,136,1.201175869140625,250.45,219.65,221.85
TSLA,2026-08-26,2026-09-18,P,575.0,0,3,1.2172890698242185,252.08,224.65,226.85
TSLA,2026-08-26,2026-09-18,P,580.0,0,61,1.233280200805664,260.75,229.65,231.85
TSLA,2026-08-26,2026-09-18,P,590.0,0,4,1.0285693103027347,282.52,237.7,239.5
TSLA,2026-08-26,2026-09-18,P,600.0,0,18,1.2951695397949217,225.65,249.65,251.85
TSLA,2026-08-26,2026-09-18,P,610.0,4,15,1.0000000000000003e-05,206.75,214.8,216.3
TSLA,2026-08-26,2026-09-18,P,620.0,0,20,1.0000000000000003e-05,216.6,224.8,226.3
TSLA,2026-08-26,2026-09-18,P,630.0,0,4,1.0000000000000003e-05,232.2,229.55,232.2
TSLA,2026-08-26,2026-09-18,P,640.0,0,1,1.4108916174316408,240.3,289.65,291.85
TSLA,2026-08-26,2026-09-18,P,650.0,0,1,1.4382352307128907,254.19,299.65,301.85
TSLA,2026-08-26,2026-09-18,P,660.0,0,55,1.4649684954833984,340.85,309.65,311.85
TSLA,2026-08-26,2026-09-18,P,670.0,0,15,1.0000000000000003e-05,243.55,0.0,0.0
TSLA,2026-08-26,2026-09-18,P,680.0,0,1,1.5169701885986326,278.95,329.65,331.85
TSLA,2026-08-26,2026-09-18,P,690.0,0,1,1.5422386169433593,294.23,339.65,341.85
TSLA,2026-08-26,2026-09-18,P,700.0,0,6,1.5668966967773437,294.49,349.65,351.85
TSLA,2026-08-26,2026-09-18,P,710.0,0,1,1.0000000000000003e-05,305.5,0.0,0.0
TSLA,2026-08-26,2026-09-18,P,720.0,0,1,1.2543982592773437,398.4,367.1,369.35
TSLA,2026-08-26,2026-09-18,P,730.0,0,25,1.0000000000000003e-05,335.12,0.0,0.0
TSLA,2026-08-26,2026-09-18,P,740.0,0,5,1.0000000000000003e-05,354.25,344.85,346.3
TSLA,2026-08-26,2026-09-18,P,750.0,0,20,1.0000000000000003e-05,348.46,354.9,356.2
TSLA,2026-08-26,2026-09-18,P,760.0,4,1,1.0000000000000003e-05,285.38,325.8,328.85
TSLA,2026-08-26,2026-09-18,P,770.0,0,1,1.0000000000000003e-05,348.25,369.55,373.1
TSLA,2026-08-26,2026-09-18,P,780.0,0,1,1.0000000000000003e-05,378.0,377.8,380.65
TSLA,2026-08-26,2026-09-18,P,790.0,0,17,1.0000000000000003e-05,385.73,397.6,400.15
TSLA,2026-08-26,2026-09-18,P,800.0,0,12,1.0000000000000003e-05,384.53,0.0,0.0
TSLA,2026-08-26,2026-09-18,P,810.0,0,1,1.0000000000000003e-05,346.6,374.4,377.55
TSLA,2026-08-26,2026-09-18,P,820.0,7,6,1.0000000000000003e-05,411.55,404.5,404.55
TSLA,2026-08-26,2026-09-18,P,830.0,9,6,1.0000000000000003e-05,422.45,414.05,414.1
TSLA,2026-08-26,2026-09-18,P,840.0,0,1,1.0000000000000003e-05,392.35,410.05,413.6
TSLA,2026-08-26,2026-09-18,P,850.0,9,1,1.0000000000000003e-05,412.25,432.0,434.15
TSLA,2026-08-26,2026-09-18,P,860.0,7,2,1.0000000000000003e-05,432.1,438.0,443.85
TSLA,2026-08-26,2026-09-18,P,870.0,0,2,1.0000000000000003e-05,412.9,433.55,437.1
TSLA,2026-08-26,2026-09-18,P,880.0,0,5,1.0000000000000003e-05,394.95,443.45,447.55
TSLA,2026-08-26,2026-09-18,P,890.0,2,0,1.0000000000000003e-05,472.3,471.9,472.0
TSLA,2026-08-26,2026-09-18,P,900.0,0,2,1.0000000000000003e-05,450.91,471.45,476.65
TSLA,2026-08-26,2026-09-18,P,910.0,4,2,1.0000000000000003e-05,485.95,490.55,492.3
TSLA,2026-08-26,2026-09-18,P,920.0,0,10,1.0000000000000003e-05,430.6,483.15,487.4
TSLA,2026-08-26,2026-09-18,P,930.0,0,2,1.0000000000000003e-05,500.85,495.25,501.65
TSLA,2026-08-26,2026-09-18,P,940.0,0,2,1.0000000000000003e-05,505.83,539.55,543.1
TSLA,2026-08-26,2026-09-18,P,950.0,0,0,1.0000000000000003e-05,515.82,549.6,553.0
TSLA,2026-08-26,2026-09-18,P,980.0,0,0,1.0000000000000003e-05,591.4,570.0,572.15
TSLA,2026-08-26,2026-09-18,P,990.0,0,4,1.8666998852539063,682.5,637.1,640.7
TSLA,2026-08-26,2026-09-25,C,170.0,2,1,1.1777384863281248,184.88,179.65,182.85
TSLA,2026-08-26,2026-09-25,C,200.0,1,0,1.2336464099121094,132.47,150.2,154.55
TSLA,2026-08-26,2026-09-25,C,210.0,5,3,1.1647990979003908,146.97,139.8,144.75
TSLA,2026-08-26,2026-09-25,C,220.0,5,2,1.0815475610351561,128.47,129.95,134.8
TSLA,2026-08-26,2026-09-25,C,230.0,1,1,0.6689486230468751,110.95,120.6,124.7
TSLA,2026-08-26,2026-09-25,C,235.0,1,1,0.6630893066406252,105.0,115.6,119.85
TSLA,2026-08-26,2026-09-25,C,240.0,2,0,0.6250037500000001,98.1,110.55,114.85
TSLA,2026-08-26,2026-09-25,C,260.0,29,199,0.5151415673828125,92.8,90.55,94.9
TSLA,2026-08-26,2026-09-25,C,265.0,42,198,0.5127001855468749,87.9,85.8,89.9
TSLA,2026-08-26,2026-09-25,C,270.0,23,3,0.5600629931640625,79.1,81.7,85.1
TSLA,2026-08-26,2026-09-25,C,275.0,17,2,0.5168505346679688,80.0,76.9,79.7
TSLA,2026-08-26,2026-09-25,C,280.0,24,48,0.6121864953613283,66.6,71.75,74.85
TSLA,2026-08-26,2026-09-25,C,285.0,18,72,0.5628705822753908,69.27,66.7,69.65
TSLA,2026-08-26,2026-09-25,C,290.0,89,2,0.5273484765625001,68.5,62.65,64.65
TSLA,2026-08-26,2026-09-25,C,295.0,90,14,0.48901878173828134,61.84,57.85,59.6
TSLA,2026-08-26,2026-09-25,C,300.0,182,4,0.47638463073730464,52.2,53.25,55.0
TSLA,2026-08-26,2026-09-25,C,305.0,19,2,0.4627739270019532,45.0,48.75,50.45
TSLA,2026-08-26,2026-09-25,C,310.0,44,5,0.4524590887451172,46.25,44.3,46.05
TSLA,2026-08-26,2026-09-25,C,315.0,247,3,0.4400080413818359,39.35,40.25,41.7
TSLA,2026-08-26,2026-09-25,C,320.0,107,10,0.4325007922363281,38.3,36.15,37.6
TSLA,2026-08-26,2026-09-25,C,325.0,48,4,0.4297542376708985,35.24,32.65,33.8
TSLA,2026-08-26,2026-09-25,C,330.0,735,264,0.42426112854003906,29.6,29.0,30.1
TSLA,2026-08-26,2026-09-25,C,335.0,308,8,0.4161435339355468,26.68,25.55,26.5
TSLA,2026-08-26,2026-09-25,C,340.0,544,72,0.4133359448242187,23.61,22.6,23.3
TSLA,2026-08-26,2026-09-25,C,345.0,628,73,0.40210558837890625,20.72,19.55,20.0
TSLA,2026-08-26,2026-09-25,C,350.0,896,450,0.40155627746582034,17.17,17.0,17.35
TSLA,2026-08-26,2026-09-25,C,355.0,742,254,0.40228869201660156,15.19,14.7,15.0
TSLA,2026-08-26,2026-09-25,C,360.0,1005,512,0.4007628283691406,12.95,12.6,12.8
TSLA,2026-08-26,2026-09-25,C,365.0,944,152,0.3996031719970704,10.85,10.7,10.85
TSLA,2026-08-26,2026-09-25,C,370.0,948,178,0.4017393811035156,9.5,9.1,9.25
TSLA,2026-08-26,2026-09-25,C,375.0,890,153,0.4038450729370118,8.01,7.75,7.85
TSLA,2026-08-26,2026-09-25,C,380.0,1292,679,0.4063780065917969,6.6,6.55,6.65
TSLA,2026-08-26,2026-09-25,C,385.0,653,83,0.4116269775390625,5.6,5.55,5.7
TSLA,2026-08-26,2026-09-25,C,390.0,978,275,0.4157773266601562,4.81,4.7,4.85
TSLA,2026-08-26,2026-09-25,C,395.0,352,248,0.4171811212158203,3.95,3.9,4.05
TSLA,2026-08-26,2026-09-25,C,400.0,4151,592,0.41986664123535156,3.34,3.3,3.4
TSLA,2026-08-26,2026-09-25,C,405.0,2308,153,0.42310147216796873,2.96,2.78,2.86
TSLA,2026-08-26,2026-09-25,C,410.0,631,448,0.4276180285644532,2.48,2.37,2.43
TSLA,2026-08-26,2026-09-25,C,415.0,549,61,0.4329890686035156,2.12,2.03,2.08
TSLA,2026-08-26,2026-09-25,C,420.0,1169,106,0.4381159704589844,1.93,1.73,1.78
TSLA,2026-08-26,2026-09-25,C,425.0,573,37,0.4440973559570312,1.6,1.48,1.54
TSLA,2026-08-26,2026-09-25,C,430.0,620,68,0.4505670178222656,1.33,1.29,1.34
TSLA,2026-08-26,2026-09-25,C,435.0,231,18,0.45618219604492194,1.18,1.12,1.16
TSLA,2026-08-26,2026-09-25,C,440.0,499,410,0.463872548828125,1.04,0.99,1.03
TSLA,2026-08-26,2026-09-25,C,445.0,332,2,0.4726615234375,0.88,0.88,0.93
TSLA,2026-08-26,2026-09-25,C,450.0,725,32,0.47803256347656253,0.86,0.77,0.81
TSLA,2026-08-26,2026-09-25,C,455.0,71,1,0.48730981445312505,0.71,0.7,0.74
TSLA,2026-08-26,2026-09-25,C,460.0,294,20,0.495122236328125,0.7,0.63,0.67
TSLA,2026-08-26,2026-09-25,C,465.0,220,27,0.5007374145507812,0.61,0.57,0.61
TSLA,2026-08-26,2026-09-25,C,470.0,156,33,0.5097705273437501,0.5,0.53,0.56
TSLA,2026-08-26,2026-09-25,C,475.0,131,46,0.5185595019531251,0.51,0.49,0.52
TSLA,2026-08-26,2026-09-25,C,480.0,151,37,0.5258836474609375,0.47,0.45,0.47
TSLA,2026-08-26,2026-09-25,C,485.0,82,11,0.5351608984375,0.44,0.42,0.44
TSLA,2026-08-26,2026-09-25,C,490.0,30,2,0.5434615966796876,0.41,0.39,0.41
TSLA,2026-08-26,2026-09-25,C,495.0,108,100,0.5522505712890625,0.5,0.36,0.39
TSLA,2026-08-26,2026-09-25,C,500.0,435,64,0.5603071313476562,0.35,0.34,0.36
TSLA,2026-08-26,2026-09-25,C,505.0,105,5,0.5678754150390625,0.35,0.31,0.34
TSLA,2026-08-26,2026-09-25,C,510.0,47,3,0.57812921875,0.34,0.3,0.33
TSLA,2026-08-26,2026-09-25,C,515.0,74,1,0.585941640625,0.39,0.28,0.31
TSLA,2026-08-26,2026-09-25,C,520.0,47,21,0.5942423388671876,0.27,0.27,0.29
TSLA,2026-08-26,2026-09-25,C,525.0,167,1,0.6025430371093752,0.28,0.25,0.28
TSLA,2026-08-26,2026-09-25,C,530.0,106,41,0.6113320117187502,0.25,0.24,0.27
TSLA,2026-08-26,2026-09-25,C,535.0,16,1,0.6201209863281252,0.26,0.23,0.26
TSLA,2026-08-26,2026-09-25,C,540.0,13,1,0.6289099609375001,0.24,0.22,0.25
TSLA,2026-08-26,2026-09-25,C,545.0,9,1,0.6367223828125,0.23,0.21,0.24
TSLA,2026-08-26,2026-09-25,C,550.0,79,1,0.6445348046875,0.22,0.2,0.23
TSLA,2026-08-26,2026-09-25,C,555.0,23,1,0.6523472265625001,0.21,0.19,0.22
TSLA,2026-08-26,2026-09-25,C,560.0,31,3,0.659183095703125,0.2,0.18,0.21
TSLA,2026-08-26,2026-09-25,C,565.0,8,1,0.6660189648437502,0.2,0.17,0.2
TSLA,2026-08-26,2026-09-25,C,570.0,6,1,0.676761044921875,0.44,0.17,0.2
TSLA,2026-08-26,2026-09-25,C,575.0,1,1,0.6826203613281252,0.31,0.16,0.19
TSLA,2026-08-26,2026-09-25,C,580.0,2,4,0.6884796777343751,0.17,0.15,0.18
TSLA,2026-08-26,2026-09-25,C,585.0,3,1,0.6982452050781252,0.23,0.15,0.18
TSLA,2026-08-26,2026-09-25,C,590.0,12,1,0.7041045214843751,0.22,0.14,0.17
TSLA,2026-08-26,2026-09-25,C,595.0,2,1,0.710940390625,0.21,0.14,0.16
TSLA,2026-08-26,2026-09-25,C,600.0,54,1,0.7187528125,0.15,0.13,0.16
TSLA,2026-08-26,2026-09-25,C,605.0,5,4,0.7246121289062499,0.24,0.13,0.15
TSLA,2026-08-26,2026-09-25,C,610.0,7,4,0.7314479980468749,0.19,0.12,0.15
TSLA,2026-08-26,2026-09-25,C,615.0,75,12,0.7412135253906249,0.14,0.13,0.14
TSLA,2026-08-26,2026-09-25,P,110.0,2,2,1.2812535937499998,0.02,0.0,0.03
TSLA,2026-08-26,2026-09-25,P,120.0,2,0,1.21875390625,0.05,0.0,0.04
TSLA,2026-08-26,2026-09-25,P,140.0,2,2,1.0859420703125,0.04,0.0,0.06
TSLA,2026-08-26,2026-09-25,P,150.0,51,18,1.0234423828125,0.04,0.0,0.07
TSLA,2026-08-26,2026-09-25,P,160.0,50,2,1.0078174609375,0.07,0.03,0.1
TSLA,2026-08-26,2026-09-25,P,170.0,215,3,0.9101571484375,0.04,0.03,0.07
TSLA,2026-08-26,2026-09-25,P,180.0,223,51,0.88476677734375,0.09,0.04,0.12
TSLA,2026-08-26,2026-09-25,P,190.0,928,25,0.8339860351562498,0.1,0.06,0.13
TSLA,2026-08-26,2026-09-25,P,200.0,294,2,0.78711150390625,0.11,0.11,0.12
TSLA,2026-08-26,2026-09-25,P,210.0,193,100,0.73437765625,0.13,0.09,0.17
TSLA,2026-08-26,2026-09-25,P,220.0,129,38,0.6914093359375001,0.16,0.11,0.21
TSLA,2026-08-26,2026-09-25,P,230.0,182,4,0.6391637646484375,0.21,0.14,0.21
TSLA,2026-08-26,2026-09-25,P,235.0,112,37,0.6186561572265626,0.21,0.18,0.21
TSLA,2026-08-26,2026-09-25,P,240.0,324,10,0.5976602734375001,0.2,0.2,0.23
TSLA,2026-08-26,2026-09-25,P,245.0,39,10,0.579105771484375,0.25,0.23,0.26
TSLA,2026-08-26,2026-09-25,P,250.0,535,21,0.5566450585937501,0.28,0.25,0.28
TSLA,2026-08-26,2026-09-25,P,255.0,225,28,0.5390671093750001,0.32,0.29,0.32
TSLA,2026-08-26,2026-09-25,P,260.0,67,3,0.5205126074218749,0.37,0.33,0.36
TSLA,2026-08-26,2026-09-25,P,265.0,60,3,0.5034229345703125,0.42,0.38,0.42
TSLA,2026-08-26,2026-09-25,P,270.0,218,3,0.49121602539062503,0.45,0.46,0.49
TSLA,2026-08-26,2026-09-25,P,275.0,383,18,0.477544287109375,0.54,0.55,0.59
TSLA,2026-08-26,2026-09-25,P,280.0,250,9,0.4626518579101563,0.65,0.68,0.7
TSLA,2026-08-26,2026-09-25,P,285.0,300,30,0.45093322509765627,0.8,0.82,0.86
TSLA,2026-08-26,2026-09-25,P,290.0,573,39,0.4414118359375,1.02,1.04,1.08
TSLA,2026-08-26,2026-09-25,P,295.0,483,50,0.43115803222656257,1.29,1.3,1.34
TSLA,2026-08-26,2026-09-25,P,300.0,1040,145,0.4249325085449219,1.67,1.67,1.72
TSLA,2026-08-26,2026-09-25,P,305.0,1028,82,0.4182187084960937,2.12,2.13,2.18
TSLA,2026-08-26,2026-09-25,P,310.0,624,119,0.41223732299804683,2.7,2.7,2.76
TSLA,2026-08-26,2026-09-25,P,315.0,1733,60,0.4078428356933594,3.33,3.4,3.5
TSLA,2026-08-26,2026-09-25,P,320.0,1043,658,0.4055845574951171,4.4,4.35,4.45
TSLA,2026-08-26,2026-09-25,P,325.0,1613,116,0.40216662292480465,5.34,5.4,5.55
TSLA,2026-08-26,2026-09-25,P,330.0,819,98,0.3988707574462891,6.67,6.75,6.85
TSLA,2026-08-26,2026-09-25,P,335.0,517,167,0.39801627380371096,8.14,8.3,8.45
TSLA,2026-08-26,2026-09-25,P,340.0,460,296,0.39752799743652345,10.2,10.15,10.3
TSLA,2026-08-26,2026-09-25,P,345.0,855,230,0.39707023834228516,12.28,12.2,12.4
TSLA,2026-08-26,2026-09-25,P,350.0,591,281,0.39786368743896483,14.55,14.6,14.8
TSLA,2026-08-26,2026-09-25,P,355.0,192,69,0.39740592834472654,17.26,17.2,17.4
TSLA,2026-08-26,2026-09-25,P,360.0,163,132,0.39835196380615234,19.83,19.9,20.3
TSLA,2026-08-26,2026-09-25,P,365.0,282,8,0.4022276574707031,23.08,23.15,23.55
TSLA,2026-08-26,2026-09-25,P,370.0,115,122,0.4031431756591797,24.98,25.9,26.9
TSLA,2026-08-26,2026-09-25,P,375.0,83,28,0.40668317932128906,29.94,29.25,30.55
TSLA,2026-08-26,2026-09-25,P,380.0,70,2,0.41089456298828125,34.0,33.2,34.4
TSLA,2026-08-26,2026-09-25,P,385.0,14,1,0.41644870666503897,42.63,37.1,38.45
TSLA,2026-08-26,2026-09-25,P,390.0,55,2,0.4141904284667969,42.5,41.05,42.4
TSLA,2026-08-26,2026-09-25,P,395.0,40,1,0.43726148681640625,45.53,44.4,47.2
TSLA,2026-08-26,2026-09-25,P,400.0,123,14,0.42804527038574225,55.25,49.95,51.2
TSLA,2026-08-26,2026-09-25,P,405.0,6,1,0.44653873779296877,47.03,54.1,56.0
TSLA,2026-08-26,2026-09-25,P,410.0,8,4,0.4523980541992188,65.4,58.7,60.55
TSLA,2026-08-26,2026-09-25,P,415.0,0,2,0.4815725671386719,60.85,62.8,65.65
TSLA,2026-08-26,2026-09-25,P,420.0,10,6,0.49341326904296884,66.98,67.35,70.4
TSLA,2026-08-26,2026-09-25,P,425.0,29,2,0.508793974609375,80.91,72.05,75.25
TSLA,2026-08-26,2026-09-25,P,450.0,4,4,0.5853312951660157,95.12,96.75,99.75
TSLA,2026-08-26,2026-09-25,P,475.0,0,2,0.5300339965820313,123.04,121.65,124.7
TSLA,2026-08-26,2026-09-25,P,490.0,0,0,0.5625043750000001,150.26,136.5,139.7
TSLA,2026-08-26,2026-10-02,C,130.0,5,0,1.9724122473144532,217.92,219.1,225.5
TSLA,2026-08-26,2026-10-02,C,150.0,5,0,1.5527366113281247,198.5,200.45,204.3
TSLA,2026-08-26,2026-10-02,C,230.0,1,0,0.6718782812500002,114.61,121.05,124.8
TSLA,2026-08-26,2026-10-02,C,235.0,1,2,0.6518589501953126,124.62,116.15,119.8
TSLA,2026-08-26,2026-10-02,C,240.0,1,2,0.6350134155273439,124.52,111.2,114.9
TSLA,2026-08-26,2026-10-02,C,250.0,18,18,0.5979044116210939,115.0,101.45,104.95
TSLA,2026-08-26,2026-10-02,C,255.0,1,1,0.57812921875,103.45,96.6,99.95
TSLA,2026-08-26,2026-10-02,C,260.0,1,1,0.57617611328125,94.0,92.1,94.95
TSLA,2026-08-26,2026-10-02,C,265.0,1,1,0.541264353027344,86.0,87.05,89.9
TSLA,2026-08-26,2026-10-02,C,270.0,4,3,0.5164843273925781,92.78,82.25,84.8
TSLA,2026-08-26,2026-10-02,C,280.0,19,8,0.5421188366699221,76.0,72.7,74.7
TSLA,2026-08-26,2026-10-02,C,285.0,16,15,0.5127001855468749,71.5,68.25,69.75
TSLA,2026-08-26,2026-10-02,C,290.0,3,2,0.49670913452148446,63.0,63.65,65.05
TSLA,2026-08-26,2026-10-02,C,300.0,9,3,0.46570358520507815,54.68,54.45,55.8
TSLA,2026-08-26,2026-10-02,C,305.0,46,14,0.4580132324218751,48.1,50.3,51.45
TSLA,2026-08-26,2026-10-02,C,310.0,27,3,0.44653873779296877,41.12,45.85,47.1
TSLA,2026-08-26,2026-10-02,C,315.0,19,2,0.44501287414550783,38.87,41.9,43.15
TSLA,2026-08-26,2026-10-02,C,320.0,43,1,0.4445245977783203,40.0,38.05,39.4
TSLA,2026-08-26,2026-10-02,C,325.0,19,1,0.4350032086181641,35.6,34.45,35.5
TSLA,2026-08-26,2026-10-02,C,330.0,176,5,0.4294490649414063,31.5,30.95,31.9
TSLA,2026-08-26,2026-10-02,C,335.0,243,4,0.42566492309570314,28.0,27.65,28.55
TSLA,2026-08-26,2026-10-02,C,340.0,261,22,0.4232235412597656,27.0,24.7,25.45
TSLA,2026-08-26,2026-10-02,C,345.0,181,34,0.42175871215820315,23.0,22.0,22.6
TSLA,2026-08-26,2026-10-02,C,350.0,564,139,0.4155331884765625,19.65,19.25,19.75
TSLA,2026-08-26,2026-10-02,C,355.0,401,274,0.41473973937988284,17.16,16.9,17.35
TSLA,2026-08-26,2026-10-02,C,360.0,341,47,0.4092161129760742,15.55,14.7,14.95
TSLA,2026-08-26,2026-10-02,C,365.0,230,61,0.41025370025634766,13.2,12.85,13.05
TSLA,2026-08-26,2026-10-02,C,370.0,292,59,0.41138283935546877,11.15,11.15,11.35
TSLA,2026-08-26,2026-10-02,C,375.0,164,85,0.411688012084961,10.25,9.65,9.8
TSLA,2026-08-26,2026-10-02,C,380.0,558,189,0.41394629028320307,8.68,8.3,8.5
TSLA,2026-08-26,2026-10-02,C,385.0,234,23,0.41870698486328123,7.8,7.3,7.45
TSLA,2026-08-26,2026-10-02,C,390.0,338,45,0.42130095306396487,6.38,6.3,6.45
TSLA,2026-08-26,2026-10-02,C,395.0,261,29,0.42163664306640625,5.86,5.35,5.5
TSLA,2026-08-26,2026-10-02,C,400.0,602,147,0.42450526672363287,4.7,4.6,4.75
TSLA,2026-08-26,2026-10-02,C,405.0,133,21,0.42743492492675783,4.13,4.0,4.1
TSLA,2026-08-26,2026-10-02,C,410.0,265,91,0.43286699951171875,3.55,3.5,3.6
TSLA,2026-08-26,2026-10-02,C,415.0,212,21,0.43555251953125,3.25,2.97,3.1
TSLA,2026-08-26,2026-10-02,C,420.0,303,144,0.4387873504638672,2.55,2.6,2.68
TSLA,2026-08-26,2026-10-02,C,425.0,196,33,0.44214425048828127,2.4,2.25,2.32
TSLA,2026-08-26,2026-10-02,C,430.0,211,65,0.44727115234375,2.16,1.97,2.04
TSLA,2026-08-26,2026-10-02,C,435.0,136,8,0.4542290905761719,1.78,1.76,1.83
TSLA,2026-08-26,2026-10-02,C,440.0,133,19,0.4576470251464845,1.71,1.52,1.59
TSLA,2026-08-26,2026-10-02,C,445.0,248,2,0.46362841064453125,1.48,1.35,1.42
TSLA,2026-08-26,2026-10-02,C,450.0,802,44,0.4703422106933594,1.25,1.23,1.28
TSLA,2026-08-26,2026-10-02,C,455.0,51,10,0.47473669799804685,1.12,1.07,1.13
TSLA,2026-08-26,2026-10-02,C,460.0,113,2,0.4809622216796875,1.02,0.97,1.02
TSLA,2026-08-26,2026-10-02,C,465.0,40,3,0.48779809082031256,0.97,0.88,0.93
TSLA,2026-08-26,2026-10-02,C,470.0,213,2,0.4946339599609375,0.87,0.8,0.85
TSLA,2026-08-26,2026-10-02,C,475.0,71,4,0.5017139672851563,0.77,0.73,0.78
TSLA,2026-08-26,2026-10-02,C,480.0,156,11,0.5051319018554687,0.71,0.67,0.71
TSLA,2026-08-26,2026-10-02,C,485.0,4,1,0.5124560473632812,0.65,0.62,0.66
TSLA,2026-08-26,2026-10-02,C,490.0,150,2,0.5197801928710937,0.6,0.57,0.62
TSLA,2026-08-26,2026-10-02,C,495.0,72,1,0.526371923828125,0.58,0.53,0.57
TSLA,2026-08-26,2026-10-02,C,500.0,469,16,0.5344284838867188,0.54,0.5,0.54
TSLA,2026-08-26,2026-10-02,C,505.0,178,1,0.541264353027344,0.49,0.47,0.5
TSLA,2026-08-26,2026-10-02,C,510.0,336,2,0.5493209130859377,0.49,0.44,0.48
TSLA,2026-08-26,2026-10-02,C,515.0,345,1,0.5556685058593751,0.49,0.41,0.45
TSLA,2026-08-26,2026-10-02,C,520.0,18,1,0.5627485131835939,0.46,0.39,0.42
TSLA,2026-08-26,2026-10-02,C,525.0,2,1,0.570316796875,0.39,0.37,0.4
TSLA,2026-08-26,2026-10-02,C,530.0,179,7,0.577152666015625,0.37,0.35,0.38
TSLA,2026-08-26,2026-10-02,C,535.0,2,1,0.584965087890625,0.34,0.33,0.37
TSLA,2026-08-26,2026-10-02,C,540.0,83,1,0.5913126806640626,0.33,0.31,0.35
TSLA,2026-08-26,2026-10-02,C,545.0,26,1,0.5986368261718751,0.36,0.3,0.33
TSLA,2026-08-26,2026-10-02,C,550.0,59,7,0.6049844189453126,0.3,0.28,0.32
TSLA,2026-08-26,2026-10-02,C,555.0,53,1,0.6127968408203126,0.4,0.27,0.31
TSLA,2026-08-26,2026-10-02,C,560.0,1,1,0.6201209863281252,0.32,0.26,0.3
TSLA,2026-08-26,2026-10-02,C,565.0,80,1,0.6245154736328126,0.31,0.24,0.28
TSLA,2026-08-26,2026-10-02,C,570.0,124,1,0.632816171875,0.3,0.24,0.27
TSLA,2026-08-26,2026-10-02,C,575.0,20,1,0.637698935546875,0.27,0.22,0.26
TSLA,2026-08-26,2026-10-02,C,580.0,3,1,0.6459996337890624,0.25,0.22,0.25
TSLA,2026-08-26,2026-10-02,C,585.0,92,4,0.6538120556640626,0.23,0.21,0.25
TSLA,2026-08-26,2026-10-02,C,590.0,5,1,0.6596713720703126,0.23,0.2,0.24
TSLA,2026-08-26,2026-10-02,C,595.0,4,4,0.6650424121093752,0.22,0.19,0.23
TSLA,2026-08-26,2026-10-02,C,600.0,77,1,0.6723665576171877,0.21,0.19,0.22
TSLA,2026-08-26,2026-10-02,C,605.0,1,1,0.6796907031250001,0.2,0.18,0.22
TSLA,2026-08-26,2026-10-02,C,610.0,111,4,0.684573466796875,0.25,0.17,0.21
TSLA,2026-08-26,2026-10-02,C,615.0,69,13,0.6904327832031252,0.18,0.17,0.2
TSLA,2026-08-26,2026-10-02,P,90.0,18,0,1.4921900390624998,0.12,0.0,0.1
TSLA,2026-08-26,2026-10-02,P,100.0,28,25,1.3828155859374998,0.02,0.0,0.1
TSLA,2026-08-26,2026-10-02,P,140.0,3,1,1.111332568359375,0.05,0.0,0.22
TSLA,2026-08-26,2026-10-02,P,150.0,6,1,0.992187578125,0.06,0.0,0.15
TSLA,2026-08-26,2026-10-02,P,160.0,154,13,0.93945373046875,0.07,0.03,0.15
TSLA,2026-08-26,2026-10-02,P,170.0,24,5,0.9179695703125,0.07,0.02,0.27
TSLA,2026-08-26,2026-10-02,P,180.0,41,3,0.8125018749999999,0.09,0.04,0.15
TSLA,2026-08-26,2026-10-02,P,190.0,34,10,0.7773459765625,0.13,0.06,0.2
TSLA,2026-08-26,2026-10-02,P,200.0,26,2,0.727541787109375,0.16,0.11,0.18
TSLA,2026-08-26,2026-10-02,P,210.0,48,26,0.6953155468750001,0.19,0.14,0.25
TSLA,2026-08-26,2026-10-02,P,220.0,52,1,0.6425816992187501,0.2,0.18,0.23
TSLA,2026-08-26,2026-10-02,P,230.0,116,54,0.6030313134765627,0.28,0.23,0.27
TSLA,2026-08-26,2026-10-02,P,235.0,27,1,0.5835002587890624,0.34,0.25,0.3
TSLA,2026-08-26,2026-10-02,P,240.0,460,2,0.5659223095703125,0.31,0.29,0.33
TSLA,2026-08-26,2026-10-02,P,245.0,52,1,0.5478560839843751,0.41,0.32,0.37
TSLA,2026-08-26,2026-10-02,P,250.0,156,1,0.5307664111328125,0.4,0.37,0.41
TSLA,2026-08-26,2026-10-02,P,255.0,105,4,0.514653291015625,0.56,0.42,0.47
TSLA,2026-08-26,2026-10-02,P,260.0,237,8,0.5036670727539063,0.61,0.49,0.54
TSLA,2026-08-26,2026-10-02,P,265.0,41,11,0.4907277490234375,0.59,0.59,0.64
TSLA,2026-08-26,2026-10-02,P,270.0,218,11,0.4758353198242187,0.73,0.69,0.74
TSLA,2026-08-26,2026-10-02,P,275.0,56,1,0.4646049633789063,0.86,0.83,0.89
TSLA,2026-08-26,2026-10-02,P,280.0,193,11,0.4534966760253906,1.0,1.02,1.07
TSLA,2026-08-26,2026-10-02,P,285.0,574,1,0.44507390869140623,1.31,1.26,1.32
TSLA,2026-08-26,2026-10-02,P,290.0,1183,9,0.4379939013671875,1.51,1.58,1.64
TSLA,2026-08-26,2026-10-02,P,295.0,183,8,0.4304256176757813,1.86,2.01,2.02
TSLA,2026-08-26,2026-10-02,P,300.0,730,286,0.4246883703613281,2.49,2.44,2.51
TSLA,2026-08-26,2026-10-02,P,305.0,247,12,0.4211483666992188,2.91,3.0,3.15
TSLA,2026-08-26,2026-10-02,P,310.0,1068,446,0.4133359448242187,3.57,3.7,3.8
TSLA,2026-08-26,2026-10-02,P,315.0,542,215,0.4118711157226562,4.39,4.6,4.75
TSLA,2026-08-26,2026-10-02,P,320.0,777,39,0.40680524841308596,5.37,5.6,5.75
TSLA,2026-08-26,2026-10-02,P,325.0,507,232,0.40570662658691403,6.7,6.85,7.05
TSLA,2026-08-26,2026-10-02,P,330.0,590,220,0.4046690393066406,7.9,8.35,8.55
TSLA,2026-08-26,2026-10-02,P,335.0,303,30,0.4010069665527344,10.03,9.95,10.15
TSLA,2026-08-26,2026-10-02,P,340.0,409,59,0.400823862915039,11.52,11.95,12.1
TSLA,2026-08-26,2026-10-02,P,345.0,320,82,0.4000304138183594,14.1,14.1,14.25
TSLA,2026-08-26,2026-10-02,P,350.0,278,168,0.4010069665527344,16.56,16.5,16.7
TSLA,2026-08-26,2026-10-02,P,355.0,142,14,0.4003050692749024,18.35,19.05,19.3
TSLA,2026-08-26,2026-10-02,P,360.0,90,4,0.3991759301757813,21.75,21.6,22.1
TSLA,2026-08-26,2026-10-02,P,365.0,35,10,0.4000609310913086,24.25,24.6,25.2
TSLA,2026-08-26,2026-10-02,P,370.0,82,2,0.40210558837890625,28.5,27.8,28.55
TSLA,2026-08-26,2026-10-02,P,375.0,30,12,0.4044859356689453,31.1,31.3,32.1
TSLA,2026-08-26,2026-10-02,P,380.0,64,1,0.4089414575195312,38.2,35.05,35.9
TSLA,2026-08-26,2026-10-02,P,385.0,70,24,0.4107724938964844,43.43,38.85,39.75
TSLA,2026-08-26,2026-10-02,P,390.0,10,8,0.4185849157714844,46.48,42.9,43.95
TSLA,2026-08-26,2026-10-02,P,395.0,31,17,0.4171811212158203,53.77,47.0,47.95
TSLA,2026-08-26,2026-10-02,P,400.0,15,1,0.4295100994873047,56.44,51.35,52.5
TSLA,2026-08-26,2026-10-02,P,405.0,9,3,0.438054935913086,58.92,55.75,57.0
TSLA,2026-08-26,2026-10-02,P,410.0,2,1,0.4515435705566406,59.75,60.35,61.7
TSLA,2026-08-26,2026-10-02,P,415.0,2,1,0.45380184875488283,64.95,64.95,66.15
TSLA,2026-08-26,2026-10-02,P,420.0,6,4,0.46362841064453125,72.3,69.25,70.85
TSLA,2026-08-26,2026-10-02,P,425.0,2,2,0.4718070397949219,81.27,72.65,75.55
TSLA,2026-08-26,2026-10-02,P,430.0,0,1,0.49670913452148446,89.0,77.85,80.65
TSLA,2026-08-26,2026-10-02,P,435.0,19,9,0.4556939196777344,74.03,82.7,84.45
TSLA,2026-08-26,2026-10-02,P,440.0,2,8,0.5244798529052734,81.15,86.95,90.4
TSLA,2026-08-26,2026-10-02,P,460.0,3,6,0.5463912548828126,96.97,106.45,109.5
TSLA,2026-08-26,2026-10-02,P,465.0,3,6,0.601810622558594,101.83,111.4,115.15
TSLA,2026-08-26,2026-10-02,P,500.0,0,0,0.5471236694335939,163.65,146.3,150.1
TSLA,2026-08-26,2026-10-16,C,50.0,2,2,3.2792986767578123,273.18,299.0,305.75
TSLA,2026-08-26,2026-10-16,C,60.0,1,1,2.400394624023437,337.9,286.1,293.5
TSLA,2026-08-26,2026-10-16,C,75.0,0,0,12.375002265625001,276.38,345.8,352.55
TSLA,2026-08-26,2026-10-16,C,85.0,0,1,1.9746095019531251,326.05,261.75,268.65
TSLA,2026-08-26,2026-10-16,C,90.0,0,1,1.0000000000000003e-05,324.94,0.0,0.0
TSLA,2026-08-26,2026-10-16,C,95.0,0,0,1.0000000000000003e-05,319.82,0.0,0.0
TSLA,2026-08-26,2026-10-16,C,100.0,139,1,1.0000000000000003e-05,229.38,248.0,251.7
TSLA,2026-08-26,2026-10-16,C,105.0,154,10,1.0000000000000003e-05,295.15,243.15,246.8
TSLA,2026-08-26,2026-10-16,C,110.0,130,2,1.0000000000000003e-05,225.75,238.1,241.8
TSLA,2026-08-26,2026-10-16,C,115.0,0,2,1.0000000000000003e-05,241.4,0.0,0.0
TSLA,2026-08-26,2026-10-16,C,120.0,350,1,1.650392373046875,226.0,230.1,234.4
TSLA,2026-08-26,2026-10-16,C,125.0,63,2,4.272709737243652,272.97,268.65,273.95
TSLA,2026-08-26,2026-10-16,C,130.0,95,1,1.0000000000000003e-05,269.12,218.75,222.0
TSLA,2026-08-26,2026-10-16,C,135.0,99,27,5.540774558410643,256.09,287.0,294.05
TSLA,2026-08-26,2026-10-16,C,140.0,45,1,1.0000000000000003e-05,194.0,208.85,212.05
TSLA,2026-08-26,2026-10-16,C,145.0,0,82,1.0000000000000003e-05,207.8,0.0,0.0
TSLA,2026-08-26,2026-10-16,C,150.0,38,1,1.102055270996094,176.25,201.4,204.7
TSLA,2026-08-26,2026-10-16,C,155.0,0,6,1.0000000000000003e-05,210.65,0.0,0.0
TSLA,2026-08-26,2026-10-16,C,160.0,0,2,1.0000000000000003e-05,199.05,0.0,0.0
TSLA,2026-08-26,2026-10-16,C,165.0,45,33,1.0000000000000003e-05,162.6,184.1,187.25
TSLA,2026-08-26,2026-10-16,C,175.0,97,6,0.9770510107421876,169.85,176.65,180.05
TSLA,2026-08-26,2026-10-16,C,180.0,105,15,0.8959971337890623,161.24,171.35,174.85
TSLA,2026-08-26,2026-10-16,C,185.0,0,16,1.0000000000000003e-05,238.46,0.0,0.0
TSLA,2026-08-26,2026-10-16,C,190.0,55,4,0.866212275390625,151.34,161.8,164.8
TSLA,2026-08-26,2026-10-16,C,195.0,56,1,0.852540537109375,151.7,156.85,160.0
TSLA,2026-08-26,2026-10-16,C,200.0,120,1,0.8132342895507811,147.09,151.65,155.1
TSLA,2026-08-26,2026-10-16,C,205.0,37,1,0.7990742749023438,152.3,146.95,150.05
TSLA,2026-08-26,2026-10-16,C,210.0,58,2,0.7583031982421876,144.0,142.0,144.85
TSLA,2026-08-26,2026-10-16,C,215.0,64,1,0.7580590600585939,134.0,137.1,140.25
TSLA,2026-08-26,2026-10-16,C,220.0,536,2,0.6958038232421876,133.65,131.65,135.15
TSLA,2026-08-26,2026-10-16,C,225.0,73,1,0.7106962524414062,129.86,127.25,130.35
TSLA,2026-08-26,2026-10-16,C,230.0,133,4,0.6235389208984375,125.96,121.25,125.3
TSLA,2026-08-26,2026-10-16,C,235.0,77,2,0.6400182482910157,133.15,117.0,120.35
TSLA,2026-08-26,2026-10-16,C,240.0,228,1,0.5892375061035158,115.23,111.65,115.25
TSLA,2026-08-26,2026-10-16,C,245.0,165,1,0.6059609716796877,102.8,107.55,110.3
TSLA,2026-08-26,2026-10-16,C,250.0,246,10,0.5896037133789063,98.15,102.75,105.4
TSLA,2026-08-26,2026-10-16,C,255.0,93,72,0.5688519677734375,98.94,98.0,100.35
TSLA,2026-08-26,2026-10-16,C,260.0,66,16,0.5267381311035157,89.59,92.55,95.4
TSLA,2026-08-26,2026-10-16,C,265.0,70,69,0.5134326000976561,88.2,87.95,90.4
TSLA,2026-08-26,2026-10-16,C,270.0,123,1,0.5471236694335939,78.05,83.05,85.25
TSLA,2026-08-26,2026-10-16,C,275.0,191,3,0.5227098510742187,73.72,79.2,80.35
TSLA,2026-08-26,2026-10-16,C,280.0,170,1,0.5006153454589843,72.53,74.35,75.5
TSLA,2026-08-26,2026-10-16,C,285.0,61,1,0.492741889038086,69.32,70.15,71.0
TSLA,2026-08-26,2026-10-16,C,290.0,155,2,0.4785818743896484,66.06,65.25,66.4
TSLA,2026-08-26,2026-10-16,C,295.0,100,1,0.4715629016113281,64.75,60.95,62.05
TSLA,2026-08-26,2026-10-16,C,300.0,576,17,0.45703667968750006,58.6,56.7,57.55
TSLA,2026-08-26,2026-10-16,C,305.0,575,1,0.45117736328125,54.14,52.5,53.4
TSLA,2026-08-26,2026-10-16,C,310.0,1995,13,0.4437311486816406,49.1,48.25,49.3
TSLA,2026-08-26,2026-10-16,C,315.0,446,2,0.44110666320800784,43.7,44.65,45.5
TSLA,2026-08-26,2026-10-16,C,320.0,1374,18,0.4361933822631836,42.16,41.0,41.75
TSLA,2026-08-26,2026-10-16,C,325.0,1114,9,0.434850622253418,38.92,37.45,38.3
TSLA,2026-08-26,2026-10-16,C,330.0,2334,17,0.4267025103759766,34.44,34.15,34.7
TSLA,2026-08-26,2026-10-16,C,335.0,2670,46,0.42383388671875,32.14,30.95,31.5
TSLA,2026-08-26,2026-10-16,C,340.0,2177,28,0.4255123367309571,28.45,28.15,28.7
TSLA,2026-08-26,2026-10-16,C,345.0,1155,90,0.4215756085205078,25.85,25.35,25.8
TSLA,2026-08-26,2026-10-16,C,350.0,4053,635,0.4191037094116211,23.2,22.75,23.15
TSLA,2026-08-26,2026-10-16,C,355.0,1253,301,0.41797457031249996,20.87,20.45,20.75
TSLA,2026-08-26,2026-10-16,C,360.0,3342,136,0.41629612030029295,18.75,18.35,18.5
TSLA,2026-08-26,2026-10-16,C,365.0,1910,206,0.4170590521240234,16.5,16.4,16.55
TSLA,2026-08-26,2026-10-16,C,370.0,2149,181,0.4165097412109374,14.7,14.55,14.7
TSLA,2026-08-26,2026-10-16,C,375.0,3309,102,0.41870698486328123,13.03,13.0,13.15
TSLA,2026-08-26,2026-10-16,C,380.0,6828,235,0.418951123046875,11.58,11.55,11.65
TSLA,2026-08-26,2026-10-16,C,385.0,1137,63,0.42044646942138675,10.97,10.25,10.35
TSLA,2026-08-26,2026-10-16,C,390.0,2642,118,0.4223995748901367,9.52,9.1,9.2
TSLA,2026-08-26,2026-10-16,C,395.0,1933,99,0.4251156121826172,8.45,8.05,8.2
TSLA,2026-08-26,2026-10-16,C,400.0,10557,1192,0.4265194067382813,7.21,7.1,7.25
TSLA,2026-08-26,2026-10-16,C,405.0,1060,67,0.4291744094848633,6.45,6.3,6.45
TSLA,2026-08-26,2026-10-16,C,410.0,1950,61,0.4322566540527344,6.0,5.6,5.75
TSLA,2026-08-26,2026-10-16,C,415.0,1212,50,0.4345149322509766,5.23,4.95,5.1
TSLA,2026-08-26,2026-10-16,C,420.0,2919,78,0.43774976318359377,4.55,4.4,4.55
TSLA,2026-08-26,2026-10-16,C,425.0,2451,89,0.4405573522949219,4.3,3.9,4.05
TSLA,2026-08-26,2026-10-16,C,430.0,7456,75,0.4431818377685547,3.62,3.5,3.6
TSLA,2026-08-26,2026-10-16,C,435.0,1466,59,0.4458063232421875,3.26,3.1,3.2
TSLA,2026-08-26,2026-10-16,C,440.0,1656,43,0.44940736145019533,2.91,2.82,2.87
TSLA,2026-08-26,2026-10-16,C,445.0,1468,7,0.4531915032958984,2.6,2.52,2.58
TSLA,2026-08-26,2026-10-16,C,450.0,6718,164,0.4578301287841797,2.32,2.28,2.34
TSLA,2026-08-26,2026-10-16,C,455.0,465,9,0.4616753051757813,2.2,2.05,2.11
TSLA,2026-08-26,2026-10-16,C,460.0,2028,11,0.46570358520507815,1.95,1.86,1.91
TSLA,2026-08-26,2026-10-16,C,465.0,1715,24,0.47083048706054687,1.82,1.7,1.75
TSLA,2026-08-26,2026-10-16,C,470.0,1820,37,0.4749808361816406,1.61,1.54,1.59
TSLA,2026-08-26,2026-10-16,C,475.0,1826,30,0.48120635986328125,1.55,1.43,1.48
TSLA,2026-08-26,2026-10-16,C,480.0,1432,58,0.4846242944335938,1.38,1.3,1.34
TSLA,2026-08-26,2026-10-16,C,485.0,283,2,0.4899953344726563,1.3,1.2,1.24
TSLA,2026-08-26,2026-10-16,C,490.0,542,6,0.4968312036132813,1.19,1.13,1.17
TSLA,2026-08-26,2026-10-16,C,495.0,635,14,0.5002491381835938,1.06,1.05,1.08
TSLA,2026-08-26,2026-10-16,C,500.0,6596,151,0.5036670727539063,0.98,0.95,0.99
TSLA,2026-08-26,2026-10-16,C,505.0,264,2,0.5113574255371094,0.96,0.91,0.95
TSLA,2026-08-26,2026-10-16,C,510.0,1416,12,0.516606396484375,0.89,0.85,0.89
TSLA,2026-08-26,2026-10-16,C,515.0,366,1,0.5224657128906249,0.86,0.8,0.84
TSLA,2026-08-26,2026-10-16,C,520.0,2808,10,0.5278367529296876,0.79,0.75,0.79
TSLA,2026-08-26,2026-10-16,C,525.0,329,16,0.5327195166015625,0.7,0.7,0.74
TSLA,2026-08-26,2026-10-16,C,530.0,446,1,0.5397995239257813,0.69,0.68,0.71
TSLA,2026-08-26,2026-10-16,C,535.0,317,1,0.5444381494140625,0.63,0.63,0.67
TSLA,2026-08-26,2026-10-16,C,540.0,459,3,0.5498091894531252,0.63,0.6,0.63
TSLA,2026-08-26,2026-10-16,C,545.0,426,2,0.5566450585937501,0.6,0.58,0.61
TSLA,2026-08-26,2026-10-16,C,550.0,2492,11,0.5620160986328125,0.54,0.55,0.58
TSLA,2026-08-26,2026-10-16,C,555.0,77,64,0.5668988623046876,0.7,0.52,0.55
TSLA,2026-08-26,2026-10-16,C,560.0,1104,8,0.5737347314453125,0.51,0.5,0.54
TSLA,2026-08-26,2026-10-16,C,570.0,361,1,0.5844768115234374,0.45,0.46,0.49
TSLA,2026-08-26,2026-10-16,C,580.0,354,20,0.59570716796875,0.57,0.42,0.46
TSLA,2026-08-26,2026-10-16,C,590.0,917,204,0.6059609716796877,0.49,0.39,0.42
TSLA,2026-08-26,2026-10-16,C,600.0,3679,3,0.6174354663085939,0.38,0.36,0.4
TSLA,2026-08-26,2026-10-16,C,610.0,294,4,0.6279334082031252,0.38,0.34,0.37
TSLA,2026-08-26,2026-10-16,C,620.0,209,2,0.6391637646484375,0.34,0.32,0.35
TSLA,2026-08-26,2026-10-16,C,630.0,1797,39,0.64648791015625,0.41,0.29,0.32
TSLA,2026-08-26,2026-10-16,C,640.0,302,3,0.657229990234375,0.3,0.28,0.3
TSLA,2026-08-26,2026-10-16,C,650.0,475,36,0.6679720703125002,0.34,0.26,0.29
TSLA,2026-08-26,2026-10-16,C,660.0,113,1,0.6757844921875001,0.25,0.24,0.27
TSLA,2026-08-26,2026-10-16,C,670.0,1369,6,0.684573466796875,0.27,0.23,0.25
TSLA,2026-08-26,2026-10-16,C,680.0,1504,22,0.69336244140625,0.24,0.21,0.24
TSLA,2026-08-26,2026-10-16,C,690.0,277,1,0.7026396923828125,0.3,0.2,0.23
TSLA,2026-08-26,2026-10-16,C,700.0,976,9,0.711916943359375,0.2,0.19,0.22
TSLA,2026-08-26,2026-10-16,C,710.0,326,1,0.72070591796875,0.19,0.18,0.21
TSLA,2026-08-26,2026-10-16,C,720.0,160,1,0.72851833984375,0.27,0.17,0.2
TSLA,2026-08-26,2026-10-16,C,730.0,241,3,0.73633076171875,0.21,0.16,0.19
TSLA,2026-08-26,2026-10-16,C,740.0,79,1,0.7460962890625,0.17,0.16,0.18
TSLA,2026-08-26,2026-10-16,C,750.0,259,4,0.752932158203125,0.16,0.15,0.17
TSLA,2026-08-26,2026-10-16,C,760.0,302,22,0.7587914746093751,0.19,0.14,0.16
TSLA,2026-08-26,2026-10-16,C,770.0,278,4,0.7675804492187501,0.29,0.13,0.16
TSLA,2026-08-26,2026-10-16,C,780.0,141,1,0.7753928710937501,0.21,0.13,0.15
TSLA,2026-08-26,2026-10-16,C,790.0,42,1,0.7812521875,0.22,0.12,0.14
TSLA,2026-08-26,2026-10-16,C,800.0,4595,2,0.79101771484375,0.14,0.12,0.14
TSLA,2026-08-26,2026-10-16,C,810.0,857,1,0.7949239257812499,0.16,0.11,0.13
TSLA,2026-08-26,2026-10-16,C,820.0,1437,1,0.805666005859375,0.25,0.11,0.13
TSLA,2026-08-26,2026-10-16,C,830.0,180,100,0.8125018749999999,0.12,0.11,0.12
TSLA,2026-08-26,2026-10-16,C,840.0,119,1,0.8251970605468748,0.16,0.1,0.14
TSLA,2026-08-26,2026-10-16,C,850.0,830,1,0.8281267187499999,0.15,0.08,0.14
TSLA,2026-08-26,2026-10-16,C,860.0,68,1,0.8476577734374999,0.14,0.06,0.19
TSLA,2026-08-26,2026-10-16,C,870.0,679,2,0.860352958984375,0.16,0.07,0.19
TSLA,2026-08-26,2026-10-16,C,880.0,529,4,0.840821904296875,0.13,0.06,0.12
TSLA,2026-08-26,2026-10-16,C,890.0,217,3,0.8974619628906249,0.09,0.06,0.26
TSLA,2026-08-26,2026-10-16,C,900.0,5291,431,0.8535170898437501,0.09,0.08,0.09
TSLA,2026-08-26,2026-10-16,P,50.0,5610,51,1.5937520312499998,0.01,0.0,0.02
TSLA,2026-08-26,2026-10-16,P,55.0,4167,13,1.625001875,0.02,0.0,0.05
TSLA,2026-08-26,2026-10-16,P,60.0,2882,2,1.484377578125,0.02,0.0,0.03
TSLA,2026-08-26,2026-10-16,P,65.0,652,1,1.421877890625,0.03,0.0,0.03
TSLA,2026-08-26,2026-10-16,P,70.0,1355,4,1.359378203125,0.02,0.0,0.03
TSLA,2026-08-26,2026-10-16,P,75.0,630,1,1.2968785156249998,0.06,0.0,0.03
TSLA,2026-08-26,2026-10-16,P,80.0,1217,3,1.2968785156249998,0.02,0.0,0.05
TSLA,2026-08-26,2026-10-16,P,85.0,190,8,1.32422212890625,0.05,0.0,0.1
TSLA,2026-08-26,2026-10-16,P,90.0,680,6,1.2343788281249999,0.03,0.0,0.07
TSLA,2026-08-26,2026-10-16,P,95.0,593,557,1.22266013671875,0.03,0.0,0.1
TSLA,2026-08-26,2026-10-16,P,100.0,3021,52,1.1640666796875,0.06,0.0,0.09
TSLA,2026-08-26,2026-10-16,P,105.0,905,83,1.1328168359375002,0.1,0.0,0.1
TSLA,2026-08-26,2026-10-16,P,110.0,1267,1,1.0429735351562504,0.08,0.01,0.05
TSLA,2026-08-26,2026-10-16,P,115.0,390,336,1.05078599609375,0.04,0.0,0.1
TSLA,2026-08-26,2026-10-16,P,120.0,2001,9,0.992187578125,0.03,0.0,0.08
TSLA,2026-08-26,2026-10-16,P,125.0,195,15,0.9648441015625,0.05,0.01,0.08
TSLA,2026-08-26,2026-10-16,P,130.0,679,17,0.98437515625,0.05,0.02,0.14
TSLA,2026-08-26,2026-10-16,P,135.0,98,10,0.9609378906249999,0.06,0.03,0.15
TSLA,2026-08-26,2026-10-16,P,140.0,130,90,0.937500625,0.16,0.05,0.15
TSLA,2026-08-26,2026-10-16,P,145.0,238,50,0.9023447265625,0.1,0.05,0.15
TSLA,2026-08-26,2026-10-16,P,150.0,1519,3,0.87500125,0.1,0.1,0.11
TSLA,2026-08-26,2026-10-16,P,155.0,50,2,0.851563984375,0.13,0.05,0.18
TSLA,2026-08-26,2026-10-16,P,160.0,215,1,0.8388687988281249,0.15,0.11,0.17
TSLA,2026-08-26,2026-10-16,P,165.0,132,1,0.8085956640624999,0.17,0.1,0.18
TSLA,2026-08-26,2026-10-16,P,170.0,472,1,0.782228740234375,0.14,0.12,0.17
TSLA,2026-08-26,2026-10-16,P,175.0,341,5,0.764650791015625,0.18,0.11,0.22
TSLA,2026-08-26,2026-10-16,P,180.0,246,3,0.7382838671874999,0.2,0.13,0.21
TSLA,2026-08-26,2026-10-16,P,185.0,334,1,0.727541787109375,0.2,0.17,0.24
TSLA,2026-08-26,2026-10-16,P,190.0,331,37,0.7060576269531251,0.22,0.19,0.25
TSLA,2026-08-26,2026-10-16,P,195.0,275,77,0.684573466796875,0.24,0.2,0.27
TSLA,2026-08-26,2026-10-16,P,200.0,2698,205,0.6665072412109377,0.25,0.25,0.27
TSLA,2026-08-26,2026-10-16,P,205.0,213,39,0.6450230810546875,0.28,0.26,0.29
TSLA,2026-08-26,2026-10-16,P,210.0,1146,176,0.6264685791015626,0.32,0.28,0.32
TSLA,2026-08-26,2026-10-16,P,215.0,493,2,0.6074258007812501,0.32,0.31,0.34
TSLA,2026-08-26,2026-10-16,P,220.0,1227,7,0.5883830224609375,0.34,0.34,0.36
TSLA,2026-08-26,2026-10-16,P,225.0,727,4,0.5710492114257812,0.43,0.37,0.4
TSLA,2026-08-26,2026-10-16,P,230.0,369,84,0.5551802294921876,0.43,0.42,0.44
TSLA,2026-08-26,2026-10-16,P,235.0,1237,6,0.5371140039062501,0.47,0.45,0.48
TSLA,2026-08-26,2026-10-16,P,240.0,2415,6,0.5224657128906249,0.53,0.51,0.54
TSLA,2026-08-26,2026-10-16,P,245.0,897,18,0.5083056982421875,0.58,0.58,0.61
TSLA,2026-08-26,2026-10-16,P,250.0,3789,175,0.4975636181640626,0.67,0.66,0.7
TSLA,2026-08-26,2026-10-16,P,255.0,1448,30,0.48560084716796875,0.79,0.77,0.81
TSLA,2026-08-26,2026-10-16,P,260.0,3933,23,0.4749808361816406,0.91,0.9,0.95
TSLA,2026-08-26,2026-10-16,P,265.0,1258,48,0.46411668701171876,1.03,1.06,1.11
TSLA,2026-08-26,2026-10-16,P,270.0,2045,50,0.4552056433105469,1.23,1.27,1.32
TSLA,2026-08-26,2026-10-16,P,275.0,3807,63,0.4459283923339844,1.51,1.52,1.56
TSLA,2026-08-26,2026-10-16,P,280.0,16535,35,0.43958079956054685,1.85,1.84,1.89
TSLA,2026-08-26,2026-10-16,P,285.0,1972,9,0.43286699951171875,2.21,2.21,2.27
TSLA,2026-08-26,2026-10-16,P,290.0,7096,81,0.4272518212890626,2.68,2.69,2.74
TSLA,2026-08-26,2026-10-16,P,295.0,3807,73,0.4239559558105469,3.15,3.2,3.35
TSLA,2026-08-26,2026-10-16,P,300.0,8485,210,0.4167538793945312,3.8,3.9,3.95
TSLA,2026-08-26,2026-10-16,P,305.0,2888,36,0.4130307720947265,4.6,4.65,4.75
TSLA,2026-08-26,2026-10-16,P,310.0,3609,48,0.408636284790039,5.36,5.55,5.65
TSLA,2026-08-26,2026-10-16,P,315.0,2201,44,0.40881938842773435,6.78,6.7,6.85
TSLA,2026-08-26,2026-10-16,P,320.0,6216,143,0.40607283386230464,7.9,7.95,8.1
TSLA,2026-08-26,2026-10-16,P,325.0,4335,43,0.4031431756591797,8.93,9.4,9.5
TSLA,2026-08-26,2026-10-16,P,330.0,17101,80,0.4019835192871094,10.83,10.95,11.15
TSLA,2026-08-26,2026-10-16,P,335.0,1625,69,0.4011900701904296,12.7,12.85,13.0
TSLA,2026-08-26,2026-10-16,P,340.0,7511,81,0.3996642065429688,14.33,14.8,15.0
TSLA,2026-08-26,2026-10-16,P,345.0,1656,222,0.3983214465332031,16.91,17.0,17.2
TSLA,2026-08-26,2026-10-16,P,350.0,4004,190,0.39810782562255864,19.55,19.45,19.65
TSLA,2026-08-26,2026-10-16,P,355.0,1470,43,0.3990233438110352,21.9,22.15,22.35
TSLA,2026-08-26,2026-10-16,P,360.0,4780,10,0.3982909292602539,23.85,24.9,25.15
TSLA,2026-08-26,2026-10-16,P,365.0,1132,4,0.3998167929077149,28.49,27.9,28.25
TSLA,2026-08-26,2026-10-16,P,370.0,2205,5,0.402899037475586,31.82,31.0,31.6
TSLA,2026-08-26,2026-10-16,P,375.0,808,8,0.4007628283691406,38.53,34.1,34.85
TSLA,2026-08-26,2026-10-16,P,380.0,9581,12,0.4035093829345704,37.4,37.9,38.5
TSLA,2026-08-26,2026-10-16,P,385.0,1238,4,0.40442490112304685,40.75,41.65,42.2
TSLA,2026-08-26,2026-10-16,P,390.0,3521,2,0.40680524841308596,44.85,45.45,46.1
TSLA,2026-08-26,2026-10-16,P,395.0,2271,3,0.40991801025390623,48.78,49.45,50.15
TSLA,2026-08-26,2026-10-16,P,400.0,5442,20,0.41425146301269533,53.6,53.6,54.35
TSLA,2026-08-26,2026-10-16,P,405.0,326,18,0.41620456848144527,60.09,57.55,58.55
TSLA,2026-08-26,2026-10-16,P,410.0,560,2,0.4296321685791016,60.6,61.95,63.25
TSLA,2026-08-26,2026-10-16,P,415.0,786,4,0.4332332067871094,67.31,66.4,67.65
TSLA,2026-08-26,2026-10-16,P,420.0,745,1,0.43005941040039064,69.33,70.8,71.9
TSLA,2026-08-26,2026-10-16,P,425.0,540,1,0.43237872314453124,77.4,75.35,76.4
TSLA,2026-08-26,2026-10-16,P,430.0,570,4,0.43622389953613283,78.83,80.05,81.0
TSLA,2026-08-26,2026-10-16,P,435.0,226,1,0.4402521795654296,92.03,84.4,85.65
TSLA,2026-08-26,2026-10-16,P,440.0,291,21,0.4647880670166016,95.0,89.1,90.85
TSLA,2026-08-26,2026-10-16,P,445.0,215,2,0.447698394165039,89.39,93.8,95.05
TSLA,2026-08-26,2026-10-16,P,450.0,410,6,0.46545944702148445,96.9,98.65,100.1
TSLA,2026-08-26,2026-10-16,P,455.0,22,20,0.46143116699218756,93.5,103.45,104.7
TSLA,2026-08-26,2026-10-16,P,460.0,58,14,0.5071460418701172,97.4,108.0,110.35
TSLA,2026-08-26,2026-10-16,P,465.0,24,1,0.47412635253906255,112.92,112.7,114.4
TSLA,2026-08-26,2026-10-16,P,470.0,19,1,0.4820608435058594,117.54,117.55,119.3
TSLA,2026-08-26,2026-10-16,P,475.0,1324,2,0.5262498547363281,124.42,123.05,124.85
TSLA,2026-08-26,2026-10-16,P,480.0,2,5,0.5451705639648439,172.59,127.45,129.95
TSLA,2026-08-26,2026-10-16,P,485.0,2,1,0.6076699389648439,103.03,134.85,137.1
TSLA,2026-08-26,2026-10-16,P,490.0,0,19,0.5611616149902343,190.63,137.35,139.75
TSLA,2026-08-26,2026-10-16,P,495.0,0,1,0.5405319384765627,190.76,142.3,144.2
TSLA,2026-08-26,2026-10-16,P,500.0,0,1,0.51758294921875,148.35,147.8,149.65
TSLA,2026-08-26,2026-10-16,P,505.0,0,1,0.6564365411376953,185.75,154.7,157.0
TSLA,2026-08-26,2026-10-16,P,510.0,0,1,0.573368524169922,185.3,157.25,159.15
TSLA,2026-08-26,2026-10-16,P,515.0,0,1,0.6811555322265627,134.73,164.7,166.95
TSLA,2026-08-26,2026-10-16,P,520.0,0,4,0.6937286486816407,198.31,169.7,171.95
TSLA,2026-08-26,2026-10-16,P,525.0,0,3,0.7062407305908205,122.15,174.7,176.95
TSLA,2026-08-26,2026-10-16,P,530.0,0,2,0.7185086743164062,208.98,179.7,181.95
TSLA,2026-08-26,2026-10-16,P,535.0,6,0,1.0000000000000003e-05,154.33,143.2,144.2
TSLA,2026-08-26,2026-10-16,P,540.0,2,2,1.5381797993469237,160.35,216.05,224.25
TSLA,2026-08-26,2026-10-16,P,545.0,0,30,0.7465845654296875,222.36,194.55,196.8
TSLA,2026-08-26,2026-10-16,P,550.0,0,106,0.7581200946044924,226.5,199.55,201.8
TSLA,2026-08-26,2026-10-16,P,560.0,0,22,0.7821066711425781,236.2,209.55,211.85
TSLA,2026-08-26,2026-10-16,P,570.0,0,22,0.8028584167480468,252.75,219.55,221.8
TSLA,2026-08-26,2026-10-16,P,580.0,0,1,0.8419205261230469,192.55,229.85,232.15
TSLA,2026-08-26,2026-10-16,P,590.0,0,1,0.8631605480957032,197.23,239.85,242.15
TSLA,2026-08-26,2026-10-16,P,600.0,0,1,0.6459996337890624,294.78,245.85,250.4
TSLA,2026-08-26,2026-10-16,P,650.0,0,17,0.9460454614257812,245.75,299.3,301.55
TSLA,2026-08-26,2026-10-16,P,660.0,0,2,0.7153348779296875,354.17,306.15,309.85
TSLA,2026-08-26,2026-10-16,P,700.0,0,0,1.0314989831542971,290.8,349.3,351.55
TSLA,2026-08-26,2026-10-16,P,730.0,0,0,1.0000000000000003e-05,305.8,0.0,0.0
TSLA,2026-08-26,2026-10-16,P,750.0,0,1,1.0000000000000003e-05,347.62,0.0,0.0
TSLA,2026-08-26,2026-10-16,P,800.0,0,1,1.0000000000000003e-05,376.74,392.9,393.9
TSLA,2026-08-26,2026-11-20,C,5.0,32,2,5.685549768066406,348.26,343.75,349.0
TSLA,2026-08-26,2026-11-20,C,20.0,1,1,3.178712990722656,298.05,326.5,333.7
TSLA,2026-08-26,2026-11-20,C,25.0,7,20,3.529786331787109,308.9,323.95,330.7
TSLA,2026-08-26,2026-11-20,C,30.0,0,7,1.0000000000000003e-05,399.01,0.0,0.0
TSLA,2026-08-26,2026-11-20,C,55.0,0,0,1.0000000000000003e-05,326.9,0.0,0.0
TSLA,2026-08-26,2026-11-20,C,65.0,0,3,1.0000000000000003e-05,336.27,0.0,0.0
TSLA,2026-08-26,2026-11-20,C,80.0,0,0,1.0000000000000003e-05,300.2,0.0,0.0
TSLA,2026-08-26,2026-11-20,C,85.0,1,0,4.961673719787598,342.25,312.4,321.0
TSLA,2026-08-26,2026-11-20,C,95.0,3,8,0.8437515624999999,230.13,253.75,257.45
TSLA,2026-08-26,2026-11-20,C,100.0,152,1,1.2861363818359375,252.0,251.45,255.25
TSLA,2026-08-26,2026-11-20,C,110.0,0,5,1.0000000000000003e-05,244.25,0.0,0.0
TSLA,2026-08-26,2026-11-20,C,120.0,154,2,4.867801766815184,223.95,303.15,309.75
TSLA,2026-08-26,2026-11-20,C,130.0,94,3,0.9467778759765625,181.5,219.25,222.95
TSLA,2026-08-26,2026-11-20,C,140.0,89,1,0.9145516357421876,173.76,209.45,213.1
TSLA,2026-08-26,2026-11-20,C,150.0,120,40,0.9641116870117188,180.92,201.85,205.85
TSLA,2026-08-26,2026-11-20,C,155.0,133,1,0.9123543920898438,208.85,196.5,200.9
TSLA,2026-08-26,2026-11-20,C,160.0,278,1,0.9067392138671875,185.0,191.9,195.95
TSLA,2026-08-26,2026-11-20,C,165.0,9,4,0.9057626611328125,170.9,187.1,191.35
TSLA,2026-08-26,2026-11-20,C,170.0,35,1,0.8718274536132812,169.12,182.2,186.2
TSLA,2026-08-26,2026-11-20,C,175.0,17,1,0.8502212243652343,175.05,177.3,181.3
TSLA,2026-08-26,2026-11-20,C,180.0,0,16,1.0000000000000003e-05,245.48,0.0,0.0
TSLA,2026-08-26,2026-11-20,C,185.0,35,2,0.8032246240234374,149.91,167.5,171.4
TSLA,2026-08-26,2026-11-20,C,190.0,87,3,0.7821066711425781,126.01,162.65,166.45
TSLA,2026-08-26,2026-11-20,C,195.0,32,2,0.7609887182617189,172.5,157.8,161.5
TSLA,2026-08-26,2026-11-20,C,200.0,84,2,0.7330348962402342,155.15,152.95,156.35
TSLA,2026-08-26,2026-11-20,C,210.0,46,2,0.7012969323730469,138.34,143.3,146.7
TSLA,2026-08-26,2026-11-20,C,220.0,69,1,0.6665072412109377,127.73,133.8,136.85
TSLA,2026-08-26,2026-11-20,C,225.0,62,121,0.6480748083496093,122.05,129.15,131.8
TSLA,2026-08-26,2026-11-20,C,230.0,135,1,0.6245154736328126,136.8,124.25,126.8
TSLA,2026-08-26,2026-11-20,C,235.0,91,1,0.5953409606933593,123.7,118.9,122.0
TSLA,2026-08-26,2026-11-20,C,240.0,246,1,0.582889913330078,111.16,114.4,117.05
TSLA,2026-08-26,2026-11-20,C,245.0,73,6,0.5697064514160157,105.0,110.0,112.0
TSLA,2026-08-26,2026-11-20,C,250.0,202,15,0.551762294921875,109.55,105.35,107.0
TSLA,2026-08-26,2026-11-20,C,255.0,89,41,0.5429122857666018,116.43,101.0,102.2
TSLA,2026-08-26,2026-11-20,C,260.0,109,7,0.5361984857177735,92.78,96.5,97.75
TSLA,2026-08-26,2026-11-20,C,265.0,47,6,0.5270433038330078,92.4,92.0,93.25
TSLA,2026-08-26,2026-11-20,C,270.0,167,4,0.512150874633789,82.25,87.25,88.7
TSLA,2026-08-26,2026-11-20,C,275.0,98,1,0.509892596435547,78.19,83.15,84.45
TSLA,2026-08-26,2026-11-20,C,280.0,100,4,0.5028736236572267,75.5,78.95,80.1
TSLA,2026-08-26,2026-11-20,C,285.0,89,1,0.5109912182617188,70.85,74.8,75.95
TSLA,2026-08-26,2026-11-20,C,290.0,164,1,0.5040027627563476,70.32,70.65,71.85
TSLA,2026-08-26,2026-11-20,C,295.0,167,8,0.49860120544433595,67.86,66.7,67.9
TSLA,2026-08-26,2026-11-20,C,300.0,447,10,0.492467233581543,65.11,63.05,64.0
TSLA,2026-08-26,2026-11-20,C,305.0,557,3,0.4865773999023438,57.65,59.3,60.2
TSLA,2026-08-26,2026-11-20,C,310.0,1204,16,0.4826711889648438,58.1,55.65,56.6
TSLA,2026-08-26,2026-11-20,C,315.0,450,2,0.4830068789672852,53.6,52.35,53.35
TSLA,2026-08-26,2026-11-20,C,320.0,1462,6,0.4744620425415039,51.44,49.15,49.7
TSLA,2026-08-26,2026-11-20,C,325.0,911,8,0.47662876892089845,47.0,45.9,46.8
TSLA,2026-08-26,2026-11-20,C,330.0,1335,12,0.4694572097778321,43.85,42.9,43.45
TSLA,2026-08-26,2026-11-20,C,335.0,784,6,0.4722953161621094,39.4,39.95,40.85
TSLA,2026-08-26,2026-11-20,C,340.0,1465,18,0.4669242761230469,38.31,37.05,37.85
TSLA,2026-08-26,2026-11-20,C,345.0,513,13,0.4695792788696289,35.89,34.75,35.5
TSLA,2026-08-26,2026-11-20,C,350.0,16469,179,0.4635978933715821,32.5,32.4,32.7
TSLA,2026-08-26,2026-11-20,C,355.0,566,100,0.4646965151977539,30.6,30.05,30.5
TSLA,2026-08-26,2026-11-20,C,360.0,3345,67,0.4646965151977539,28.89,28.0,28.35
TSLA,2026-08-26,2026-11-20,C,365.0,1373,20,0.4607597869873047,26.1,25.75,26.05
TSLA,2026-08-26,2026-11-20,C,370.0,2094,51,0.4616753051757813,24.2,23.85,24.2
TSLA,2026-08-26,2026-11-20,C,375.0,1636,58,0.46390306610107424,22.95,22.2,22.55
TSLA,2026-08-26,2026-11-20,C,380.0,1728,26,0.461492201538086,20.53,20.35,20.7
TSLA,2026-08-26,2026-11-20,C,385.0,1955,65,0.4627739270019532,19.14,18.85,19.2
TSLA,2026-08-26,2026-11-20,C,390.0,1343,89,0.46405565246582037,18.05,17.45,17.8
TSLA,2026-08-26,2026-11-20,C,395.0,857,26,0.46463548065185545,16.8,16.25,16.45
TSLA,2026-08-26,2026-11-20,C,400.0,7841,187,0.4637504797363281,15.22,14.8,15.1
TSLA,2026-08-26,2026-11-20,C,405.0,523,30,0.46716841430664063,14.25,13.75,14.1
TSLA,2026-08-26,2026-11-20,C,410.0,1443,16,0.46680220703125,12.95,12.5,12.95
TSLA,2026-08-26,2026-11-20,C,415.0,1857,18,0.4694266925048829,12.02,11.75,12.05
TSLA,2026-08-26,2026-11-20,C,420.0,2552,52,0.4699149688720704,11.15,10.75,11.1
TSLA,2026-08-26,2026-11-20,C,425.0,1747,53,0.47199014343261714,10.3,10.0,10.3
TSLA,2026-08-26,2026-11-20,C,430.0,1689,72,0.4728751443481446,9.66,9.2,9.5
TSLA,2026-08-26,2026-11-20,C,435.0,862,15,0.47461462890625,8.82,8.5,8.8
TSLA,2026-08-26,2026-11-20,C,440.0,823,82,0.47733066619873044,8.15,7.9,8.2
TSLA,2026-08-26,2026-11-20,C,445.0,921,28,0.4790701507568359,7.5,7.35,7.6
TSLA,2026-08-26,2026-11-20,C,450.0,3737,142,0.4798025653076171,6.9,6.75,7.0
TSLA,2026-08-26,2026-11-20,C,455.0,956,1,0.48303739624023445,6.45,6.25,6.55
TSLA,2026-08-26,2026-11-20,C,460.0,769,16,0.4841970526123047,6.1,5.8,6.05
TSLA,2026-08-26,2026-11-20,C,465.0,625,7,0.4881948153686524,5.55,5.4,5.7
TSLA,2026-08-26,2026-11-20,C,470.0,1339,41,0.49017843811035167,5.25,5.05,5.3
TSLA,2026-08-26,2026-11-20,C,475.0,604,9,0.492741889038086,4.79,4.65,4.95
TSLA,2026-08-26,2026-11-20,C,480.0,1508,43,0.49454240814208983,4.5,4.35,4.6
TSLA,2026-08-26,2026-11-20,C,485.0,718,3,0.4985401708984375,4.26,4.05,4.35
TSLA,2026-08-26,2026-11-20,C,490.0,482,4,0.5020191400146485,3.9,3.8,4.1
TSLA,2026-08-26,2026-11-20,C,495.0,416,1,0.5048877636718749,3.7,3.55,3.85
TSLA,2026-08-26,2026-11-20,C,500.0,3913,79,0.5002491381835938,3.5,3.3,3.5
TSLA,2026-08-26,2026-11-20,C,505.0,558,13,0.5042163836669922,3.2,3.1,3.35
TSLA,2026-08-26,2026-11-20,C,510.0,1026,7,0.5086719055175781,3.06,2.95,3.2
TSLA,2026-08-26,2026-11-20,C,515.0,414,109,0.5111132873535156,2.53,2.78,2.99
TSLA,2026-08-26,2026-11-20,C,520.0,717,2,0.5134936346435546,2.48,2.62,2.79
TSLA,2026-08-26,2026-11-20,C,525.0,836,2,0.5158739819335938,2.57,2.45,2.63
TSLA,2026-08-26,2026-11-20,C,530.0,841,160,0.5193529510498047,2.45,2.31,2.51
TSLA,2026-08-26,2026-11-20,C,535.0,273,1,0.5230760583496092,2.03,2.21,2.38
TSLA,2026-08-26,2026-11-20,C,540.0,380,91,0.5254564056396485,2.15,2.09,2.23
TSLA,2026-08-26,2026-11-20,C,545.0,268,90,0.5280808911132813,2.06,1.97,2.11
TSLA,2026-08-26,2026-11-20,C,550.0,1551,63,0.5311326184082032,1.97,1.87,2.0
TSLA,2026-08-26,2026-11-20,C,555.0,112,6,0.5349167602539062,1.87,1.79,1.91
TSLA,2026-08-26,2026-11-20,C,560.0,765,148,0.5379684875488282,1.75,1.71,1.81
TSLA,2026-08-26,2026-11-20,C,565.0,187,25,0.5416305603027345,1.48,1.6,1.77
TSLA,2026-08-26,2026-11-20,C,570.0,699,134,0.5444381494140625,1.62,1.55,1.65
TSLA,2026-08-26,2026-11-20,C,575.0,278,118,0.5483443603515626,1.52,1.47,1.61
TSLA,2026-08-26,2026-11-20,C,580.0,253,118,0.5521285021972657,1.48,1.41,1.55
TSLA,2026-08-26,2026-11-20,C,585.0,405,168,0.5539595385742189,1.37,1.35,1.44
TSLA,2026-08-26,2026-11-20,C,590.0,240,158,0.5574995422363282,1.34,1.29,1.39
TSLA,2026-08-26,2026-11-20,C,595.0,447,1,0.5625043750000001,1.27,1.25,1.37
TSLA,2026-08-26,2026-11-20,C,600.0,3422,30,0.5651898950195313,1.22,1.2,1.3
TSLA,2026-08-26,2026-11-20,C,605.0,145,2,0.5681195532226562,1.21,1.12,1.27
TSLA,2026-08-26,2026-11-20,C,610.0,389,29,0.571415418701172,1.94,1.08,1.22
TSLA,2026-08-26,2026-11-20,C,615.0,154,11,0.5744671459960937,1.81,1.03,1.18
TSLA,2026-08-26,2026-11-20,C,620.0,568,4,0.5778850805664062,1.32,0.99,1.14
TSLA,2026-08-26,2026-11-20,C,625.0,245,40,0.5814250842285156,0.95,0.95,1.11
TSLA,2026-08-26,2026-11-20,C,630.0,264,2,0.5839885351562499,1.33,0.91,1.06
TSLA,2026-08-26,2026-11-20,C,635.0,365,10,0.5871623315429688,1.18,0.88,1.02
TSLA,2026-08-26,2026-11-20,C,640.0,85,2,0.5905802661132813,0.91,0.85,0.99
TSLA,2026-08-26,2026-11-20,C,645.0,729,2,0.5938761315917969,0.9,0.82,0.96
TSLA,2026-08-26,2026-11-20,C,650.0,332,13,0.5969278588867188,1.08,0.79,0.93
TSLA,2026-08-26,2026-11-20,C,655.0,106,4,0.6004678625488282,1.15,0.76,0.91
TSLA,2026-08-26,2026-11-20,C,660.0,1477,13,0.6054726953125001,0.8,0.77,0.88
TSLA,2026-08-26,2026-11-20,C,665.0,131,1,0.6069375244140626,0.79,0.71,0.86
TSLA,2026-08-26,2026-11-20,C,670.0,1702,12,0.6110878735351564,0.96,0.73,0.81
TSLA,2026-08-26,2026-11-20,C,675.0,2146,1,0.6147499462890625,0.93,0.7,0.8
TSLA,2026-08-26,2026-11-20,C,680.0,3071,2,0.6179237426757813,0.86,0.68,0.78
TSLA,2026-08-26,2026-11-20,C,685.0,287,6,0.6333044482421876,2.3,0.72,0.91
TSLA,2026-08-26,2026-11-20,C,690.0,2309,1,0.6242713354492189,0.94,0.64,0.74
TSLA,2026-08-26,2026-11-20,C,695.0,2205,6,0.6274451318359376,0.89,0.62,0.72
TSLA,2026-08-26,2026-11-20,C,700.0,17633,10,0.6315954809570312,0.65,0.62,0.7
TSLA,2026-08-26,2026-11-20,C,705.0,473,16,0.6323278955078125,1.03,0.56,0.69
TSLA,2026-08-26,2026-11-20,C,710.0,2003,1,0.6369665209960937,0.74,0.57,0.67
TSLA,2026-08-26,2026-11-20,C,720.0,347,1,0.641605146484375,1.02,0.51,0.65
TSLA,2026-08-26,2026-11-20,C,730.0,544,2,0.6489292919921875,0.66,0.49,0.63
TSLA,2026-08-26,2026-11-20,C,740.0,208,1,0.6552768847656252,0.69,0.47,0.6
TSLA,2026-08-26,2026-11-20,C,750.0,456,1,0.6611362011718751,0.5,0.45,0.57
TSLA,2026-08-26,2026-11-20,C,760.0,460,1,0.6665072412109377,0.57,0.42,0.55
TSLA,2026-08-26,2026-11-20,C,770.0,909,1,0.6713900048828126,0.49,0.41,0.51
TSLA,2026-08-26,2026-11-20,C,780.0,362,1,0.6796907031250001,0.54,0.39,0.52
TSLA,2026-08-26,2026-11-20,C,790.0,757,1,0.6840851904296876,0.62,0.37,0.49
TSLA,2026-08-26,2026-11-20,C,800.0,1643,1,0.6901886450195314,0.45,0.38,0.45
TSLA,2026-08-26,2026-11-20,C,810.0,701,2,0.6948272705078126,0.51,0.34,0.45
TSLA,2026-08-26,2026-11-20,C,820.0,497,2,0.7023955541992188,0.41,0.33,0.45
TSLA,2026-08-26,2026-11-20,C,830.0,469,2,0.7065459033203125,0.41,0.31,0.43
TSLA,2026-08-26,2026-11-20,C,840.0,119,1,0.71679970703125,0.35,0.32,0.44
TSLA,2026-08-26,2026-11-20,C,850.0,773,5,0.7182645361328125,0.58,0.29,0.41
TSLA,2026-08-26,2026-11-20,C,860.0,471,1,0.7226590234375,0.49,0.28,0.39
TSLA,2026-08-26,2026-11-20,C,870.0,1101,10,0.7319362744140624,0.3,0.29,0.39
TSLA,2026-08-26,2026-11-20,C,880.0,15,1,0.7334011035156249,0.48,0.26,0.37
TSLA,2026-08-26,2026-11-20,C,890.0,33,5,0.7397486962890624,0.4,0.25,0.37
TSLA,2026-08-26,2026-11-20,C,900.0,641,1,0.7407252490234374,0.28,0.25,0.32
TSLA,2026-08-26,2026-11-20,P,5.0,4149,1,2.6250034375,0.01,0.0,0.01
TSLA,2026-08-26,2026-11-20,P,10.0,0,1,0.500005,0.1,0.0,0.0
TSLA,2026-08-26,2026-11-20,P,15.0,13,13,1.9062504687500001,0.01,0.0,0.01
TSLA,2026-08-26,2026-11-20,P,20.0,28,1,1.71875140625,0.01,0.0,0.01
TSLA,2026-08-26,2026-11-20,P,25.0,21,11,1.65625171875,0.09,0.0,0.02
TSLA,2026-08-26,2026-11-20,P,30.0,639,2,1.5937520312499998,0.03,0.0,0.03
TSLA,2026-08-26,2026-11-20,P,35.0,502,2,1.5000025,0.02,0.0,0.03
TSLA,2026-08-26,2026-11-20,P,40.0,55,2,1.4375028125,0.02,0.0,0.04
TSLA,2026-08-26,2026-11-20,P,45.0,548,141,1.40625296875,0.09,0.01,0.05
TSLA,2026-08-26,2026-11-20,P,50.0,4988,2,1.3359408203124996,0.02,0.0,0.06
TSLA,2026-08-26,2026-11-20,P,55.0,71,1,1.3046909765624997,0.04,0.0,0.08
TSLA,2026-08-26,2026-11-20,P,60.0,171,81,1.1953165234375,0.02,0.0,0.05
TSLA,2026-08-26,2026-11-20,P,65.0,309,267,1.5136743066406249,0.05,0.0,0.77
TSLA,2026-08-26,2026-11-20,P,70.0,548,3,1.29297228515625,0.15,0.0,0.3
TSLA,2026-08-26,2026-11-20,P,75.0,686,310,1.1445355273437499,0.07,0.06,0.08
TSLA,2026-08-26,2026-11-20,P,80.0,580,10,1.18359783203125,0.1,0.02,0.27
TSLA,2026-08-26,2026-11-20,P,85.0,366,92,1.0683640332031252,0.09,0.03,0.13
TSLA,2026-08-26,2026-11-20,P,90.0,353,1,1.0312548437500002,0.09,0.05,0.12
TSLA,2026-08-26,2026-11-20,P,95.0,102,8,1.0615281298828125,0.12,0.06,0.26
TSLA,2026-08-26,2026-11-20,P,100.0,6141,1,0.98437515625,0.11,0.1,0.13
TSLA,2026-08-26,2026-11-20,P,110.0,476,31,0.940430283203125,0.13,0.1,0.2
TSLA,2026-08-26,2026-11-20,P,120.0,272,2,0.8906260937499999,0.21,0.14,0.22
TSLA,2026-08-26,2026-11-20,P,130.0,218,1,0.85937640625,0.25,0.2,0.29
TSLA,2026-08-26,2026-11-20,P,140.0,255,3,0.8105487695312499,0.3,0.21,0.34
TSLA,2026-08-26,2026-11-20,P,150.0,2445,2,0.762697685546875,0.3,0.27,0.33
TSLA,2026-08-26,2026-11-20,P,155.0,175,4,0.7460962890625,0.37,0.26,0.41
TSLA,2026-08-26,2026-11-20,P,160.0,417,4,0.717776259765625,0.36,0.28,0.38
TSLA,2026-08-26,2026-11-20,P,165.0,269,1,0.6948272705078126,0.38,0.3,0.38
TSLA,2026-08-26,2026-11-20,P,170.0,172,1,0.6879914013671876,0.46,0.33,0.5
TSLA,2026-08-26,2026-11-20,P,175.0,784,1,0.6621127539062501,0.49,0.35,0.47
TSLA,2026-08-26,2026-11-20,P,180.0,224,1,0.649417568359375,0.46,0.44,0.49
TSLA,2026-08-26,2026-11-20,P,185.0,166,3,0.632816171875,0.5,0.48,0.53
TSLA,2026-08-26,2026-11-20,P,190.0,764,1,0.6162147753906251,0.55,0.52,0.57
TSLA,2026-08-26,2026-11-20,P,195.0,281,10,0.6008340698242189,0.65,0.55,0.64
TSLA,2026-08-26,2026-11-20,P,200.0,922,27,0.5866740551757812,0.65,0.62,0.69
TSLA,2026-08-26,2026-11-20,P,210.0,950,27,0.5585981640625001,0.79,0.76,0.82
TSLA,2026-08-26,2026-11-20,P,220.0,1115,2,0.53320779296875,1.0,0.94,1.0
TSLA,2026-08-26,2026-11-20,P,225.0,272,20,0.5252733020019531,1.31,1.07,1.18
TSLA,2026-08-26,2026-11-20,P,230.0,2424,2,0.514531221923828,1.28,1.21,1.32
TSLA,2026-08-26,2026-11-20,P,235.0,1614,25,0.5056201782226561,1.44,1.41,1.48
TSLA,2026-08-26,2026-11-20,P,240.0,1251,2,0.4995167236328125,1.65,1.61,1.69
TSLA,2026-08-26,2026-11-20,P,245.0,499,3,0.4946339599609375,2.19,1.81,1.99
TSLA,2026-08-26,2026-11-20,P,250.0,15673,148,0.48413601806640627,2.15,2.11,2.22
TSLA,2026-08-26,2026-11-20,P,255.0,2756,86,0.4776663562011719,2.5,2.45,2.56
TSLA,2026-08-26,2026-11-20,P,260.0,4606,181,0.4715018670654296,2.85,2.83,2.95
TSLA,2026-08-26,2026-11-20,P,265.0,2226,129,0.46582565429687506,3.3,3.3,3.4
TSLA,2026-08-26,2026-11-20,P,270.0,3070,331,0.4616753051757813,3.85,3.8,3.95
TSLA,2026-08-26,2026-11-20,P,275.0,2394,43,0.45703667968750006,4.48,4.4,4.55
TSLA,2026-08-26,2026-11-20,P,280.0,4431,42,0.4545952978515625,5.19,5.15,5.3
TSLA,2026-08-26,2026-11-20,P,285.0,963,37,0.45117736328125,5.89,5.95,6.1
TSLA,2026-08-26,2026-11-20,P,290.0,2960,35,0.446843910522461,6.85,6.8,6.95
TSLA,2026-08-26,2026-11-20,P,295.0,3341,47,0.4426935614013672,7.75,7.8,7.9
TSLA,2026-08-26,2026-11-20,P,300.0,6590,68,0.4408014904785156,8.72,8.95,9.05
TSLA,2026-08-26,2026-11-20,P,305.0,2910,9,0.4376276940917969,9.8,10.1,10.25
TSLA,2026-08-26,2026-11-20,P,310.0,4528,24,0.43802441864013675,11.2,11.5,11.75
TSLA,2026-08-26,2026-11-20,P,315.0,2186,7,0.43506424316406256,12.69,13.0,13.2
TSLA,2026-08-26,2026-11-20,P,320.0,3587,5,0.43259234405517577,14.49,14.6,14.8
TSLA,2026-08-26,2026-11-20,P,325.0,5000,26,0.4304866522216797,16.14,16.4,16.55
TSLA,2026-08-26,2026-11-20,P,330.0,5019,19,0.43030354858398445,18.18,18.3,18.55
TSLA,2026-08-26,2026-11-20,P,335.0,2680,14,0.4294490649414063,20.3,20.4,20.65
TSLA,2026-08-26,2026-11-20,P,340.0,1769,79,0.42957113403320313,22.35,22.6,22.95
TSLA,2026-08-26,2026-11-20,P,345.0,2088,32,0.42828940856933595,24.5,25.0,25.3
TSLA,2026-08-26,2026-11-20,P,350.0,8563,117,0.4272518212890626,27.8,27.5,27.8
TSLA,2026-08-26,2026-11-20,P,355.0,2985,21,0.42566492309570314,29.48,30.05,30.4
TSLA,2026-08-26,2026-11-20,P,360.0,2350,58,0.4272518212890626,32.2,33.05,33.35
TSLA,2026-08-26,2026-11-20,P,365.0,783,1,0.4269161312866212,34.95,36.05,36.3
TSLA,2026-08-26,2026-11-20,P,370.0,4508,5,0.4261837167358399,38.79,38.95,39.35
TSLA,2026-08-26,2026-11-20,P,375.0,1432,6,0.4243221630859375,45.31,42.1,42.45
TSLA,2026-08-26,2026-11-20,P,380.0,5065,14,0.4259395785522462,50.2,45.4,45.9
TSLA,2026-08-26,2026-11-20,P,385.0,2112,2,0.4243221630859375,52.26,48.75,49.25
TSLA,2026-08-26,2026-11-20,P,390.0,2301,2,0.4303645831298829,56.46,52.35,53.2
TSLA,2026-08-26,2026-11-20,P,395.0,732,5,0.43100544586181644,55.1,55.85,56.9
TSLA,2026-08-26,2026-11-20,P,400.0,3137,2,0.4267025103759766,58.9,59.7,60.4
TSLA,2026-08-26,2026-11-20,P,405.0,619,1,0.4308528594970704,66.26,63.3,64.5
TSLA,2026-08-26,2026-11-20,P,410.0,929,2,0.4310664804077149,68.69,67.35,68.45
TSLA,2026-08-26,2026-11-20,P,415.0,345,5,0.43158527404785163,71.35,71.25,72.5
TSLA,2026-08-26,2026-11-20,P,420.0,744,2,0.4307002731323243,76.89,75.45,76.55
TSLA,2026-08-26,2026-11-20,P,425.0,788,1,0.43622389953613283,80.15,79.75,81.0
TSLA,2026-08-26,2026-11-20,P,430.0,1165,2,0.43979442047119144,88.61,84.0,85.4
TSLA,2026-08-26,2026-11-20,P,435.0,195,3,0.4358576922607422,85.87,88.25,89.5
TSLA,2026-08-26,2026-11-20,P,440.0,799,3,0.4403742486572265,94.55,92.75,94.05
TSLA,2026-08-26,2026-11-20,P,445.0,335,3,0.438054935913086,94.55,97.25,98.35
TSLA,2026-08-26,2026-11-20,P,450.0,1016,1,0.43674269317626957,102.0,101.65,102.75
TSLA,2026-08-26,2026-11-20,P,455.0,126,1,0.4433039068603516,118.61,106.25,107.5
TSLA,2026-08-26,2026-11-20,P,460.0,206,2,0.4451349432373046,114.15,110.85,112.1
TSLA,2026-08-26,2026-11-20,P,465.0,120,2,0.44016062774658204,113.3,115.45,116.5
TSLA,2026-08-26,2026-11-20,P,470.0,226,20,0.4534966760253906,118.82,120.25,121.55
TSLA,2026-08-26,2026-11-20,P,475.0,498,93,0.4461725305175781,132.55,124.0,125.95
TSLA,2026-08-26,2026-11-20,P,480.0,130,1,0.44714908325195313,132.82,128.9,130.65
TSLA,2026-08-26,2026-11-20,P,485.0,192,1,0.46320116882324225,125.15,134.05,135.8
TSLA,2026-08-26,2026-11-20,P,490.0,57,5,0.4576470251464845,145.27,137.65,140.35
TSLA,2026-08-26,2026-11-20,P,495.0,66,1,0.4621635815429688,190.72,142.45,145.2
TSLA,2026-08-26,2026-11-20,P,500.0,29,4,0.46619186157226566,167.0,147.4,150.05
TSLA,2026-08-26,2026-11-20,P,505.0,0,6,0.5266160620117188,137.42,155.4,157.45
TSLA,2026-08-26,2026-11-20,P,510.0,12,1,0.4749808361816406,203.14,157.0,159.8
TSLA,2026-08-26,2026-11-20,P,515.0,87,20,0.5401657312011721,126.8,165.2,167.25
TSLA,2026-08-26,2026-11-20,P,520.0,28,2,0.4844411907958984,186.48,166.9,169.6
TSLA,2026-08-26,2026-11-20,P,525.0,0,1,0.5535933312988282,213.07,175.0,177.1
TSLA,2026-08-26,2026-11-20,P,530.0,0,10,0.5658612750244141,205.94,179.9,182.35
TSLA,2026-08-26,2026-11-20,P,535.0,1,10,0.5687909332275392,217.26,184.85,187.05
TSLA,2026-08-26,2026-11-20,P,540.0,8,2,1.0000000000000003e-05,131.7,143.15,145.6
TSLA,2026-08-26,2026-11-20,P,545.0,0,12,1.0000000000000003e-05,187.75,0.0,0.0
TSLA,2026-08-26,2026-11-20,P,550.0,0,1,0.5238084729003907,244.0,196.45,199.35
TSLA,2026-08-26,2026-11-20,P,555.0,0,2,0.5961344097900392,174.95,204.7,206.75
TSLA,2026-08-26,2026-11-20,P,560.0,6,1,1.0000000000000003e-05,176.02,160.4,162.8
TSLA,2026-08-26,2026-11-20,P,565.0,6,13,1.2443580262756344,163.65,242.4,247.9
TSLA,2026-08-26,2026-11-20,P,570.0,0,96,0.6218909881591796,248.93,219.65,221.8
TSLA,2026-08-26,2026-11-20,P,575.0,0,22,0.6302527209472657,257.45,224.65,226.8
TSLA,2026-08-26,2026-11-20,P,580.0,0,28,0.6385534191894531,262.7,229.65,231.8
TSLA,2026-08-26,2026-11-20,P,585.0,0,39,0.6466710137939453,261.2,234.65,236.8
TSLA,2026-08-26,2026-11-20,P,590.0,0,75,0.6438023901367188,266.1,239.25,241.7
TSLA,2026-08-26,2026-11-20,P,595.0,0,24,0.6572910247802735,271.2,244.8,246.4
TSLA,2026-08-26,2026-11-20,P,600.0,0,64,0.6822541540527345,278.04,248.5,253.5
TSLA,2026-08-26,2026-11-20,P,605.0,0,2,1.0000000000000003e-05,219.55,0.0,0.0
TSLA,2026-08-26,2026-11-20,P,610.0,0,392,0.6849396740722657,291.15,259.5,261.9
TSLA,2026-08-26,2026-11-20,P,615.0,0,62,0.6914093359375001,296.15,264.45,266.9
TSLA,2026-08-26,2026-11-20,P,620.0,0,1,0.6989776196289064,233.19,269.45,271.9
TSLA,2026-08-26,2026-11-20,P,625.0,52,22,1.0000000000000003e-05,242.4,226.75,230.15
TSLA,2026-08-26,2026-11-20,P,630.0,0,2,0.7148466015625,250.39,279.45,281.95
TSLA,2026-08-26,2026-11-20,P,635.0,1,1,1.0000000000000003e-05,211.41,229.35,231.0
TSLA,2026-08-26,2026-11-20,P,640.0,0,2,1.0000000000000003e-05,287.92,0.0,0.0
TSLA,2026-08-26,2026-11-20,P,645.0,0,12,1.4028350170898438,265.36,321.05,328.45
TSLA,2026-08-26,2026-11-20,P,650.0,0,15,0.7423121472167968,332.6,299.45,301.9
TSLA,2026-08-26,2026-11-20,P,655.0,0,20,1.0000000000000003e-05,259.25,255.4,258.7
TSLA,2026-08-26,2026-11-20,P,660.0,0,10,1.0000000000000003e-05,237.74,252.6,254.8
TSLA,2026-08-26,2026-11-20,P,665.0,0,2,0.6357458300781251,326.8,310.75,316.5
TSLA,2026-08-26,2026-11-20,P,670.0,0,11,1.455080849609375,288.99,346.05,354.25
TSLA,2026-08-26,2026-11-20,P,675.0,0,2,1.4638698681640623,286.08,351.05,359.25
TSLA,2026-08-26,2026-11-20,P,680.0,0,4,1.4729945783996583,290.84,356.1,364.25
TSLA,2026-08-26,2026-11-20,P,685.0,0,2,1.4811732484436038,295.95,361.05,369.25
TSLA,2026-08-26,2026-11-20,P,690.0,0,11,1.4823634280395508,290.95,366.05,373.4
TSLA,2026-08-26,2026-11-20,P,695.0,0,10,1.0000000000000003e-05,320.92,286.3,288.7
TSLA,2026-08-26,2026-11-20,P,700.0,0,1,0.8051777294921875,356.18,349.8,351.4
TSLA,2026-08-26,2026-11-20,P,705.0,0,1,1.507784443511963,300.1,381.05,388.45
TSLA,2026-08-26,2026-11-20,P,710.0,0,7,1.0000000000000003e-05,325.1,0.0,0.0
TSLA,2026-08-26,2026-11-20,P,720.0,0,11,1.0000000000000003e-05,337.56,324.7,326.4
TSLA,2026-08-26,2026-11-20,P,730.0,0,22,1.0000000000000003e-05,347.33,334.7,336.4
TSLA,2026-08-26,2026-11-20,P,740.0,0,2,1.0000000000000003e-05,336.45,0.0,0.0
TSLA,2026-08-26,2026-11-20,P,750.0,0,10,1.0000000000000003e-05,359.01,0.0,0.0
TSLA,2026-08-26,2026-11-20,P,760.0,0,20,1.0000000000000003e-05,364.5,358.0,361.25
TSLA,2026-08-26,2026-11-20,P,770.0,0,1,1.0000000000000003e-05,378.89,0.0,0.0
TSLA,2026-08-26,2026-11-20,P,780.0,0,50,1.0000000000000003e-05,359.3,0.0,0.0
TSLA,2026-08-26,2026-11-20,P,790.0,0,20,1.0000000000000003e-05,379.87,0.0,0.0
TSLA,2026-08-26,2026-11-20,P,800.0,0,2,1.0000000000000003e-05,394.6,0.0,0.0
TSLA,2026-08-26,2026-11-20,P,810.0,0,0,1.0000000000000003e-05,410.61,417.5,420.2
TSLA,2026-08-26,2026-11-20,P,820.0,0,0,1.0000000000000003e-05,401.63,427.5,430.2
TSLA,2026-08-26,2026-11-20,P,850.0,0,2,1.0000000000000003e-05,412.95,449.35,453.3
TSLA,2026-08-26,2026-11-20,P,870.0,0,1,1.0000000000000003e-05,500.0,459.8,463.8
TSLA,2026-08-26,2026-12-18,C,5.0,10926,4,1.0000000000000003e-05,345.13,345.35,346.9
TSLA,2026-08-26,2026-12-18,C,10.0,574,3,3.291017397460937,351.0,341.0,345.45
TSLA,2026-08-26,2026-12-18,C,15.0,130,18,0.0,414.98,391.15,398.45
TSLA,2026-08-26,2026-12-18,C,20.0,341,1,0.0,390.39,372.45,378.95
TSLA,2026-08-26,2026-12-18,C,25.0,1618,1,2.420902385253906,297.62,321.45,328.45
TSLA,2026-08-26,2026-12-18,C,30.0,89,20,1.86328193359375,304.02,319.2,326.25
TSLA,2026-08-26,2026-12-18,C,35.0,93,17,0.0,357.95,357.8,364.4
TSLA,2026-08-26,2026-12-18,C,40.0,9,1,1.6367205664062499,313.8,309.35,316.1
TSLA,2026-08-26,2026-12-18,C,45.0,19,34,0.0,343.99,375.9,382.7
TSLA,2026-08-26,2026-12-18,C,50.0,757,2,1.5087915185546876,290.55,299.5,306.1
TSLA,2026-08-26,2026-12-18,C,75.0,888,1,1.5964375646972653,342.7,272.2,279.7
TSLA,2026-08-26,2026-12-18,C,80.0,1075,1,1.3291049169921871,272.42,270.3,276.6
TSLA,2026-08-26,2026-12-18,C,85.0,348,4,1.3095737646484373,246.88,265.45,271.8
TSLA,2026-08-26,2026-12-18,C,90.0,570,4,1.263187277832031,218.99,260.5,266.8
TSLA,2026-08-26,2026-12-18,C,95.0,203,4,1.0000000000000003e-05,303.6,224.25,231.45
TSLA,2026-08-26,2026-12-18,C,100.0,1612,1,1.1308637207031251,261.3,251.4,255.45
TSLA,2026-08-26,2026-12-18,C,105.0,4921,8,0.9423833886718749,268.05,244.1,247.8
TSLA,2026-08-26,2026-12-18,C,110.0,309,4,1.107426337890625,199.97,241.5,246.1
TSLA,2026-08-26,2026-12-18,C,115.0,117,14,1.007573321533203,270.95,234.5,238.4
TSLA,2026-08-26,2026-12-18,C,120.0,480,1,1.0893600219726562,207.03,232.15,236.45
TSLA,2026-08-26,2026-12-18,C,125.0,558,4,1.0349169348144533,215.0,227.0,231.3
TSLA,2026-08-26,2026-12-18,C,130.0,249,1,1.0219775463867187,180.84,222.4,226.35
TSLA,2026-08-26,2026-12-18,C,135.0,327,1,1.0031788122558591,231.85,217.5,221.6
TSLA,2026-08-26,2026-12-18,C,140.0,593,1,0.9594730615234374,209.71,212.35,216.55
TSLA,2026-08-26,2026-12-18,C,145.0,325,1,0.9331061376953125,165.05,207.4,211.65
TSLA,2026-08-26,2026-12-18,C,150.0,2477,1,0.8767102172851562,204.8,202.9,205.6
TSLA,2026-08-26,2026-12-18,C,155.0,461,1,0.8801281518554687,201.24,197.4,201.9
TSLA,2026-08-26,2026-12-18,C,160.0,602,1,0.8612074426269531,196.35,192.7,196.9
TSLA,2026-08-26,2026-12-18,C,165.0,788,1,0.8369156933593749,177.07,187.65,192.1
TSLA,2026-08-26,2026-12-18,C,170.0,910,1,0.7443873217773438,186.7,181.65,186.45
TSLA,2026-08-26,2026-12-18,C,175.0,1209,1,0.7961446166992188,175.0,177.9,182.35
TSLA,2026-08-26,2026-12-18,C,180.0,1515,1,0.77148666015625,174.99,173.65,176.7
TSLA,2026-08-26,2026-12-18,C,185.0,563,4,0.7473169799804689,153.45,167.95,172.5
TSLA,2026-08-26,2026-12-18,C,190.0,691,1,0.7192410888671875,154.13,162.95,167.45
TSLA,2026-08-26,2026-12-18,C,195.0,396,1,0.7241238525390624,152.46,158.9,162.65
TSLA,2026-08-26,2026-12-18,C,200.0,4040,93,0.6917755432128907,156.92,154.35,156.95
TSLA,2026-08-26,2026-12-18,C,205.0,221,92,0.6724886267089845,149.17,149.05,152.5
TSLA,2026-08-26,2026-12-18,C,210.0,704,52,0.664615170288086,145.77,144.75,147.55
TSLA,2026-08-26,2026-12-18,C,215.0,1045,65,0.6440465283203125,141.9,139.95,142.55
TSLA,2026-08-26,2026-12-18,C,220.0,2173,5,0.6121864953613283,134.0,134.7,137.45
TSLA,2026-08-26,2026-12-18,C,225.0,809,4,0.6168861553955078,129.08,130.6,133.0
TSLA,2026-08-26,2026-12-18,C,230.0,1363,11,0.5954630297851562,112.85,125.95,127.8
TSLA,2026-08-26,2026-12-18,C,235.0,1139,1,0.5769085278320312,125.46,121.0,123.05
TSLA,2026-08-26,2026-12-18,C,240.0,1704,3,0.5641523077392578,119.53,116.75,117.95
TSLA,2026-08-26,2026-12-18,C,245.0,757,33,0.5562788513183594,115.63,112.25,113.45
TSLA,2026-08-26,2026-12-18,C,250.0,2362,18,0.5501143621826172,107.9,107.9,109.0
TSLA,2026-08-26,2026-12-18,C,260.0,2756,1,0.5278062356567383,92.9,98.9,99.9
TSLA,2026-08-26,2026-12-18,C,265.0,17,8,0.5215807119750976,108.46,94.45,95.8
TSLA,2026-08-26,2026-12-18,C,270.0,1605,1,0.5174608801269531,89.67,90.45,91.55
TSLA,2026-08-26,2026-12-18,C,275.0,82,2,0.5086413882446289,80.11,86.2,87.25
TSLA,2026-08-26,2026-12-18,C,280.0,1628,2,0.5008594836425782,85.0,82.1,83.0
TSLA,2026-08-26,2026-12-18,C,285.0,99,4,0.5067798345947265,81.0,78.2,79.15
TSLA,2026-08-26,2026-12-18,C,290.0,2191,2,0.4993946545410156,74.0,74.05,75.15
TSLA,2026-08-26,2026-12-18,C,295.0,118,1,0.4978077563476563,66.25,70.4,71.55
TSLA,2026-08-26,2026-12-18,C,300.0,5322,15,0.4904530935668946,68.2,66.75,67.7
TSLA,2026-08-26,2026-12-18,C,305.0,506,2,0.4914601635742188,65.8,63.2,64.45
TSLA,2026-08-26,2026-12-18,C,310.0,1897,121,0.48615015808105466,60.75,60.0,60.9
TSLA,2026-08-26,2026-12-18,C,315.0,397,8,0.483952914428711,59.55,56.55,57.65
TSLA,2026-08-26,2026-12-18,C,320.0,2311,5,0.4745230770874024,49.13,53.5,54.0
TSLA,2026-08-26,2026-12-18,C,325.0,950,1,0.4745535943603516,50.0,50.25,51.1
TSLA,2026-08-26,2026-12-18,C,330.0,5418,5,0.4729972134399414,49.0,47.6,48.2
TSLA,2026-08-26,2026-12-18,C,335.0,671,5,0.4726615234375,42.2,44.65,45.5
TSLA,2026-08-26,2026-12-18,C,340.0,2232,24,0.4688773815917969,42.35,42.05,42.65
TSLA,2026-08-26,2026-12-18,C,345.0,654,45,0.46832807067871096,40.27,39.45,40.15
TSLA,2026-08-26,2026-12-18,C,350.0,6683,187,0.464421859741211,37.2,37.2,37.5
TSLA,2026-08-26,2026-12-18,C,355.0,681,70,0.4649406533813477,35.36,34.85,35.3
TSLA,2026-08-26,2026-12-18,C,360.0,2410,32,0.46281970291137703,33.5,32.6,33.0
TSLA,2026-08-26,2026-12-18,C,365.0,889,99,0.4638420315551758,31.0,30.6,31.05
TSLA,2026-08-26,2026-12-18,C,370.0,2838,31,0.4610039251708985,28.7,28.65,28.9
TSLA,2026-08-26,2026-12-18,C,375.0,1057,15,0.46391832473754885,27.5,26.85,27.3
TSLA,2026-08-26,2026-12-18,C,380.0,6378,94,0.4611259942626954,25.4,25.0,25.35
TSLA,2026-08-26,2026-12-18,C,385.0,928,7,0.46227039199829106,24.0,23.3,23.8
TSLA,2026-08-26,2026-12-18,C,390.0,2610,97,0.4602867692565918,22.2,21.8,22.1
TSLA,2026-08-26,2026-12-18,C,395.0,1223,12,0.4624382369995118,21.2,20.45,20.8
TSLA,2026-08-26,2026-12-18,C,400.0,13529,630,0.4621635815429688,19.38,19.1,19.4
TSLA,2026-08-26,2026-12-18,C,405.0,943,8,0.4649406533813477,18.5,17.9,18.3
TSLA,2026-08-26,2026-12-18,C,410.0,2673,7,0.46463548065185545,17.0,16.75,17.05
TSLA,2026-08-26,2026-12-18,C,415.0,439,32,0.4661308270263672,16.23,15.7,16.0
TSLA,2026-08-26,2026-12-18,C,420.0,5286,382,0.46521530883789064,14.67,14.55,14.85
TSLA,2026-08-26,2026-12-18,C,425.0,1121,5,0.4678092770385742,13.75,13.6,14.0
TSLA,2026-08-26,2026-12-18,C,430.0,3602,50,0.4656425506591797,13.25,12.65,12.9
TSLA,2026-08-26,2026-12-18,C,435.0,5404,61,0.4688163470458985,12.3,11.95,12.2
TSLA,2026-08-26,2026-12-18,C,440.0,5225,56,0.46796186340332036,11.5,11.1,11.3
TSLA,2026-08-26,2026-12-18,C,445.0,2535,94,0.4712272116088867,10.69,10.4,10.7
TSLA,2026-08-26,2026-12-18,C,450.0,8084,148,0.4720511779785156,10.06,9.85,10.0
TSLA,2026-08-26,2026-12-18,C,455.0,895,7,0.47568273345947265,9.35,9.15,9.5
TSLA,2026-08-26,2026-12-18,C,460.0,4884,41,0.4749808361816406,8.85,8.55,8.8
TSLA,2026-08-26,2026-12-18,C,465.0,533,21,0.4772696316528321,8.25,8.05,8.3
TSLA,2026-08-26,2026-12-18,C,470.0,3905,79,0.47891756439208977,7.85,7.55,7.8
TSLA,2026-08-26,2026-12-18,C,480.0,4926,73,0.4823049816894531,6.95,6.65,6.9
TSLA,2026-08-26,2026-12-18,C,490.0,1809,117,0.48541774353027345,6.11,5.85,6.1
TSLA,2026-08-26,2026-12-18,C,500.0,17202,864,0.48978171356201183,5.4,5.25,5.45
TSLA,2026-08-26,2026-12-18,C,510.0,3193,69,0.49335223449707044,4.88,4.7,4.85
TSLA,2026-08-26,2026-12-18,C,520.0,1902,107,0.49762465270996104,4.37,4.2,4.35
TSLA,2026-08-26,2026-12-18,C,530.0,2326,70,0.5008594836425782,3.89,3.8,3.95
TSLA,2026-08-26,2026-12-18,C,540.0,4657,2,0.5054370745849608,3.35,3.4,3.6
TSLA,2026-08-26,2026-12-18,C,550.0,9800,2,0.5101977691650392,3.0,3.1,3.25
TSLA,2026-08-26,2026-12-18,C,560.0,3870,61,0.5150805328369141,2.94,2.82,2.96
TSLA,2026-08-26,2026-12-18,C,570.0,2961,78,0.520390538330078,2.67,2.58,2.72
TSLA,2026-08-26,2026-12-18,C,580.0,3463,33,0.5252122674560546,2.48,2.37,2.48
TSLA,2026-08-26,2026-12-18,C,590.0,2347,20,0.5307664111328125,2.23,2.18,2.3
TSLA,2026-08-26,2026-12-18,C,600.0,13233,41,0.5360153820800782,2.03,2.01,2.13
TSLA,2026-08-26,2026-12-18,C,610.0,1414,26,0.5416305603027345,1.77,1.86,1.99
TSLA,2026-08-26,2026-12-18,C,620.0,1519,14,0.5466353930664063,1.72,1.73,1.84
TSLA,2026-08-26,2026-12-18,C,630.0,892,1,0.5528609167480469,1.69,1.59,1.77
TSLA,2026-08-26,2026-12-18,C,640.0,627,1,0.5581098876953126,1.58,1.48,1.66
TSLA,2026-08-26,2026-12-18,C,650.0,6344,11,0.5621381677246093,1.49,1.41,1.49
TSLA,2026-08-26,2026-12-18,C,660.0,2258,1,0.5686078295898438,1.39,1.32,1.44
TSLA,2026-08-26,2026-12-18,C,670.0,1248,2,0.5738568005371094,1.31,1.24,1.36
TSLA,2026-08-26,2026-12-18,C,680.0,1084,22,0.5786174951171875,1.45,1.14,1.3
TSLA,2026-08-26,2026-12-18,C,690.0,1230,164,0.5847209497070311,1.37,1.11,1.22
TSLA,2026-08-26,2026-12-18,C,700.0,8516,107,0.5892375061035158,1.1,1.05,1.14
TSLA,2026-08-26,2026-12-18,C,710.0,12778,6,0.5944864770507813,1.04,0.98,1.1
TSLA,2026-08-26,2026-12-18,C,720.0,4207,2,0.6005899316406251,1.02,0.95,1.05
TSLA,2026-08-26,2026-12-18,C,730.0,8217,3,0.6054726953125001,0.99,0.9,1.0
TSLA,2026-08-26,2026-12-18,C,740.0,1390,13,0.6080361462402344,0.93,0.84,0.92
TSLA,2026-08-26,2026-12-18,C,750.0,6344,41,0.6159706372070313,0.87,0.82,0.92
TSLA,2026-08-26,2026-12-18,C,760.0,481,2,0.6191444335937502,0.83,0.76,0.87
TSLA,2026-08-26,2026-12-18,C,770.0,1517,1,0.6245154736328126,0.81,0.73,0.84
TSLA,2026-08-26,2026-12-18,C,780.0,2087,26,0.6291540991210938,0.88,0.7,0.8
TSLA,2026-08-26,2026-12-18,C,790.0,2461,1,0.6345251391601563,0.79,0.68,0.77
TSLA,2026-08-26,2026-12-18,C,800.0,10455,1,0.639652041015625,0.69,0.66,0.74
TSLA,2026-08-26,2026-12-18,C,810.0,1925,5,0.6433141137695313,0.71,0.63,0.7
TSLA,2026-08-26,2026-12-18,C,820.0,536,1,0.648441015625,0.68,0.57,0.72
TSLA,2026-08-26,2026-12-18,C,830.0,525,1,0.6535679174804689,0.64,0.55,0.7
TSLA,2026-08-26,2026-12-18,C,840.0,851,2,0.6562534375000001,0.91,0.53,0.65
TSLA,2026-08-26,2026-12-18,C,850.0,7559,7,0.6623568920898439,0.74,0.54,0.62
TSLA,2026-08-26,2026-12-18,C,860.0,1032,6,0.6660189648437502,0.55,0.5,0.61
TSLA,2026-08-26,2026-12-18,C,870.0,778,3,0.6716341430664063,0.59,0.47,0.62
TSLA,2026-08-26,2026-12-18,C,880.0,1300,9,0.6755403540039064,0.8,0.48,0.57
TSLA,2026-08-26,2026-12-18,C,890.0,447,2,0.6801789794921876,0.6,0.44,0.58
TSLA,2026-08-26,2026-12-18,C,900.0,3197,4,0.6835969140625001,0.5,0.46,0.52
TSLA,2026-08-26,2026-12-18,C,910.0,660,3,0.6887238159179689,0.81,0.41,0.55
TSLA,2026-08-26,2026-12-18,C,920.0,561,5,0.6936065795898438,0.49,0.4,0.54
TSLA,2026-08-26,2026-12-18,C,930.0,451,2,0.6965362377929689,0.56,0.39,0.51
TSLA,2026-08-26,2026-12-18,C,940.0,1809,3,0.700198310546875,0.54,0.4,0.47
TSLA,2026-08-26,2026-12-18,C,950.0,6106,2,0.7045927978515626,0.43,0.39,0.46
TSLA,2026-08-26,2026-12-18,C,960.0,5611,30,0.710940390625,0.42,0.4,0.45
TSLA,2026-08-26,2026-12-18,C,970.0,912,2,0.7131376342773439,0.58,0.35,0.46
TSLA,2026-08-26,2026-12-18,C,980.0,950,3,0.7172879833984375,0.4,0.34,0.45
TSLA,2026-08-26,2026-12-18,C,990.0,18402,234,0.7221707470703125,0.39,0.38,0.4
TSLA,2026-08-26,2026-12-18,P,5.0,9966,12,2.2500043749999996,0.05,0.0,0.01
TSLA,2026-08-26,2026-12-18,P,10.0,17199,20,1.875000625,0.01,0.0,0.01
TSLA,2026-08-26,2026-12-18,P,15.0,1309,100,1.65625171875,0.02,0.0,0.01
TSLA,2026-08-26,2026-12-18,P,20.0,2258,2,1.5625021874999998,0.01,0.0,0.02
TSLA,2026-08-26,2026-12-18,P,25.0,1791,1,1.5000025,0.02,0.0,0.03
TSLA,2026-08-26,2026-12-18,P,30.0,2818,1,1.421877890625,0.04,0.0,0.04
TSLA,2026-08-26,2026-12-18,P,35.0,952,8,1.3750031249999999,0.03,0.0,0.06
TSLA,2026-08-26,2026-12-18,P,40.0,3049,14,1.3437532812499997,0.09,0.01,0.08
TSLA,2026-08-26,2026-12-18,P,45.0,4797,10,1.3007847460937496,0.02,0.02,0.1
TSLA,2026-08-26,2026-12-18,P,50.0,2817,6,1.2695349023437497,0.05,0.03,0.13
TSLA,2026-08-26,2026-12-18,P,75.0,3341,7,1.0253954980468751,0.09,0.04,0.15
TSLA,2026-08-26,2026-12-18,P,80.0,1685,2,1.0312548437500002,0.2,0.1,0.2
TSLA,2026-08-26,2026-12-18,P,85.0,800,3,0.9707034179687499,0.13,0.1,0.15
TSLA,2026-08-26,2026-12-18,P,90.0,633,27,0.9414068359375,0.14,0.1,0.17
TSLA,2026-08-26,2026-12-18,P,95.0,932,6,0.93164130859375,0.16,0.13,0.22
TSLA,2026-08-26,2026-12-18,P,100.0,8139,16,0.90429783203125,0.19,0.14,0.24
TSLA,2026-08-26,2026-12-18,P,105.0,2090,8,0.883790224609375,0.24,0.18,0.25
TSLA,2026-08-26,2026-12-18,P,110.0,2905,11,0.8623060644531251,0.24,0.2,0.28
TSLA,2026-08-26,2026-12-18,P,115.0,1341,21,0.8388687988281249,0.25,0.22,0.3
TSLA,2026-08-26,2026-12-18,P,120.0,4338,1,0.8198260205078124,0.3,0.25,0.33
TSLA,2026-08-26,2026-12-18,P,125.0,2007,1,0.79687703125,0.32,0.27,0.35
TSLA,2026-08-26,2026-12-18,P,130.0,5350,9,0.77929908203125,0.34,0.3,0.39
TSLA,2026-08-26,2026-12-18,P,135.0,1379,9,0.7587914746093751,0.37,0.32,0.42
TSLA,2026-08-26,2026-12-18,P,140.0,2018,1,0.7358424853515625,0.37,0.33,0.44
TSLA,2026-08-26,2026-12-18,P,145.0,774,7,0.7192410888671875,0.46,0.34,0.51
TSLA,2026-08-26,2026-12-18,P,150.0,4138,1,0.6972686523437501,0.45,0.4,0.48
TSLA,2026-08-26,2026-12-18,P,155.0,2354,5,0.684573466796875,0.51,0.45,0.55
TSLA,2026-08-26,2026-12-18,P,160.0,4758,21,0.6621127539062501,0.5,0.47,0.55
TSLA,2026-08-26,2026-12-18,P,165.0,1969,2,0.64648791015625,0.6,0.52,0.59
TSLA,2026-08-26,2026-12-18,P,170.0,1701,5,0.6313513427734375,0.61,0.56,0.65
TSLA,2026-08-26,2026-12-18,P,175.0,1809,1,0.6145058081054688,0.72,0.59,0.7
TSLA,2026-08-26,2026-12-18,P,180.0,3672,2,0.6003457934570313,0.73,0.66,0.75
TSLA,2026-08-26,2026-12-18,P,185.0,4096,251,0.5835002587890624,0.76,0.72,0.77
TSLA,2026-08-26,2026-12-18,P,190.0,2493,60,0.5712933496093751,0.83,0.79,0.86
TSLA,2026-08-26,2026-12-18,P,195.0,989,8,0.5585981640625001,1.01,0.84,0.97
TSLA,2026-08-26,2026-12-18,P,200.0,11204,51,0.5457809094238282,1.0,0.96,1.02
TSLA,2026-08-26,2026-12-18,P,205.0,1666,6,0.5356491748046875,1.12,1.07,1.15
TSLA,2026-08-26,2026-12-18,P,210.0,1843,37,0.5262498547363281,1.35,1.21,1.29
TSLA,2026-08-26,2026-12-18,P,215.0,1973,102,0.5162401892089843,1.39,1.36,1.43
TSLA,2026-08-26,2026-12-18,P,220.0,4308,96,0.5069629382324219,1.74,1.51,1.62
TSLA,2026-08-26,2026-12-18,P,225.0,3208,16,0.5017139672851563,1.77,1.71,1.82
TSLA,2026-08-26,2026-12-18,P,230.0,3974,14,0.49414568359375005,2.0,1.93,2.06
TSLA,2026-08-26,2026-12-18,P,235.0,1769,51,0.4866994689941406,2.23,2.21,2.33
TSLA,2026-08-26,2026-12-18,P,240.0,4278,53,0.4802298071289062,2.58,2.52,2.65
TSLA,2026-08-26,2026-12-18,P,245.0,4153,2,0.4735160070800781,3.04,2.88,3.0
TSLA,2026-08-26,2026-12-18,P,250.0,11405,21,0.4674125524902344,3.35,3.3,3.4
TSLA,2026-08-26,2026-12-18,P,260.0,9590,11,0.4587456469726563,4.3,4.3,4.45
TSLA,2026-08-26,2026-12-18,P,265.0,549,1,0.4554497814941406,4.9,4.9,5.1
TSLA,2026-08-26,2026-12-18,P,270.0,9148,5,0.4491632232666015,5.62,5.55,5.7
TSLA,2026-08-26,2026-12-18,P,275.0,3345,3,0.4462640823364258,6.55,6.3,6.5
TSLA,2026-08-26,2026-12-18,P,280.0,9502,11,0.4426935614013672,7.23,7.15,7.35
TSLA,2026-08-26,2026-12-18,P,285.0,719,3,0.4405878695678711,7.99,8.05,8.35
TSLA,2026-08-26,2026-12-18,P,290.0,7660,4,0.4385737295532227,8.9,9.2,9.45
TSLA,2026-08-26,2026-12-18,P,295.0,1558,11,0.43659010681152344,10.5,10.4,10.65
TSLA,2026-08-26,2026-12-18,P,300.0,11949,1113,0.4328364822387696,11.64,11.6,11.85
TSLA,2026-08-26,2026-12-18,P,305.0,951,1,0.43161579132080086,13.18,13.0,13.3
TSLA,2026-08-26,2026-12-18,P,310.0,3584,53,0.4285945812988281,14.36,14.5,14.75
TSLA,2026-08-26,2026-12-18,P,315.0,702,5,0.42853354675292965,15.98,16.15,16.5
TSLA,2026-08-26,2026-12-18,P,320.0,7401,13,0.42664147583007817,17.8,18.0,18.25
TSLA,2026-08-26,2026-12-18,P,325.0,2142,60,0.42520716400146485,20.05,19.85,20.15
TSLA,2026-08-26,2026-12-18,P,330.0,3692,9,0.4249019912719727,21.39,21.85,22.25
TSLA,2026-08-26,2026-12-18,P,335.0,936,11,0.4222469885253906,23.9,23.95,24.3
TSLA,2026-08-26,2026-12-18,P,340.0,7455,8,0.4206600903320313,26.5,26.3,26.55
TSLA,2026-08-26,2026-12-18,P,345.0,933,39,0.4201412966918946,28.26,28.55,29.0
TSLA,2026-08-26,2026-12-18,P,350.0,11405,197,0.41995819305419924,30.76,31.25,31.6
TSLA,2026-08-26,2026-12-18,P,355.0,781,26,0.4182187084960937,33.27,33.8,34.2
TSLA,2026-08-26,2026-12-18,P,360.0,4818,13,0.41818819122314455,35.95,36.65,37.05
TSLA,2026-08-26,2026-12-18,P,365.0,1389,3,0.41797457031249996,39.15,39.55,40.0
TSLA,2026-08-26,2026-12-18,P,370.0,3564,1,0.41692172439575187,44.1,42.6,43.0
TSLA,2026-08-26,2026-12-18,P,375.0,844,36,0.4163876721191406,43.7,45.6,46.15
TSLA,2026-08-26,2026-12-18,P,380.0,5268,6,0.41641818939208974,48.08,48.95,49.45
TSLA,2026-08-26,2026-12-18,P,385.0,377,4,0.415746809387207,56.51,51.95,52.8
TSLA,2026-08-26,2026-12-18,P,390.0,5898,1,0.4157620680236816,58.01,55.8,56.3
TSLA,2026-08-26,2026-12-18,P,395.0,730,1,0.41583836120605466,58.39,59.0,59.9
TSLA,2026-08-26,2026-12-18,P,400.0,6435,9,0.41605198211669914,62.6,62.85,63.6
TSLA,2026-08-26,2026-12-18,P,405.0,429,2,0.4186306916809082,71.0,66.25,67.55
TSLA,2026-08-26,2026-12-18,P,410.0,3829,10,0.41501439483642577,70.45,70.35,71.15
TSLA,2026-08-26,2026-12-18,P,415.0,329,1,0.4175473284912109,71.6,74.15,75.25
TSLA,2026-08-26,2026-12-18,P,420.0,2312,1,0.4151669812011719,78.0,78.3,79.1
TSLA,2026-08-26,2026-12-18,P,425.0,531,1,0.41797457031249996,83.33,82.2,83.35
TSLA,2026-08-26,2026-12-18,P,430.0,7343,12,0.41571629211425776,87.12,86.55,87.35
TSLA,2026-08-26,2026-12-18,P,435.0,386,1,0.4182797430419921,87.62,90.4,91.7
TSLA,2026-08-26,2026-12-18,P,440.0,3596,1,0.41727267303466786,98.19,95.0,95.9
TSLA,2026-08-26,2026-12-18,P,445.0,250,8,0.41702853485107416,90.35,99.05,100.2
TSLA,2026-08-26,2026-12-18,P,450.0,2524,1,0.421606125793457,101.8,103.75,104.8
TSLA,2026-08-26,2026-12-18,P,455.0,76,1,0.4205380212402344,111.25,107.95,109.15
TSLA,2026-08-26,2026-12-18,P,460.0,1778,2,0.4194393994140625,112.45,112.55,113.55
TSLA,2026-08-26,2026-12-18,P,465.0,139,2,0.415044912109375,108.82,116.85,117.85
TSLA,2026-08-26,2026-12-18,P,470.0,1841,6,0.4210873321533204,127.3,121.65,122.65
TSLA,2026-08-26,2026-12-18,P,480.0,3216,1,0.4270076831054688,131.37,130.9,132.05
TSLA,2026-08-26,2026-12-18,P,490.0,517,1,0.426336303100586,146.9,140.05,141.3
TSLA,2026-08-26,2026-12-18,P,500.0,6040,1,0.42676354492187507,155.9,149.4,150.7
TSLA,2026-08-26,2026-12-18,P,510.0,499,1,0.4292049267578125,155.3,158.85,160.25
TSLA,2026-08-26,2026-12-18,P,520.0,545,6,0.4661308270263672,173.77,168.5,170.85
TSLA,2026-08-26,2026-12-18,P,530.0,536,2,0.4674125524902344,202.58,178.3,180.4
TSLA,2026-08-26,2026-12-18,P,540.0,1,6,0.4539239178466796,189.8,186.85,189.65
TSLA,2026-08-26,2026-12-18,P,550.0,144,23,0.46210254699707043,204.37,196.7,199.5
TSLA,2026-08-26,2026-12-18,P,560.0,6,23,0.47174600524902344,210.22,206.5,209.4
TSLA,2026-08-26,2026-12-18,P,570.0,0,2,0.4831594653320313,238.52,216.45,219.35
TSLA,2026-08-26,2026-12-18,P,580.0,0,490,0.49414568359375005,274.2,227.35,229.3
TSLA,2026-08-26,2026-12-18,P,590.0,0,23,0.5743450769042968,215.75,239.65,242.1
TSLA,2026-08-26,2026-12-18,P,600.0,0,4,0.5881388842773438,293.24,249.65,252.1
TSLA,2026-08-26,2026-12-18,P,610.0,1,1075,0.6016885534667971,287.85,259.65,262.1
TSLA,2026-08-26,2026-12-18,P,620.0,0,1,0.5065967309570312,296.07,265.75,271.6
TSLA,2026-08-26,2026-12-18,P,630.0,0,2046,0.622074091796875,311.05,279.5,281.95
TSLA,2026-08-26,2026-12-18,P,640.0,0,854,0.6336096209716797,317.9,289.5,291.9
TSLA,2026-08-26,2026-12-18,P,650.0,1,2672,0.6459385992431641,329.9,299.5,301.9
TSLA,2026-08-26,2026-12-18,P,660.0,0,2,0.5239305419921875,325.57,305.65,311.05
TSLA,2026-08-26,2026-12-18,P,670.0,0,12,1.2664831597900388,276.15,347.3,353.35
TSLA,2026-08-26,2026-12-18,P,680.0,0,1,0.6813386358642579,300.0,329.5,331.9
TSLA,2026-08-26,2026-12-18,P,690.0,0,1,0.6926910614013673,290.5,339.5,341.9
TSLA,2026-08-26,2026-12-18,P,700.0,4,5,0.7181424670410157,373.15,349.85,352.25
TSLA,2026-08-26,2026-12-18,P,710.0,0,1,0.7291897198486328,318.62,359.85,362.25
TSLA,2026-08-26,2026-12-18,P,720.0,0,5,1.3367647908020017,313.8,396.05,404.25
TSLA,2026-08-26,2026-12-18,P,730.0,0,4,1.0000000000000003e-05,347.96,335.05,336.1
TSLA,2026-08-26,2026-12-18,P,740.0,0,36,1.0000000000000003e-05,357.96,345.05,346.1
TSLA,2026-08-26,2026-12-18,P,750.0,1,5,1.380923505554199,343.6,427.15,433.65
TSLA,2026-08-26,2026-12-18,P,760.0,0,17,1.0000000000000003e-05,367.77,0.0,0.0
TSLA,2026-08-26,2026-12-18,P,770.0,0,9,1.0000000000000003e-05,376.95,0.0,0.0
TSLA,2026-08-26,2026-12-18,P,780.0,0,4,1.0000000000000003e-05,387.89,0.0,0.0
TSLA,2026-08-26,2026-12-18,P,790.0,0,8,1.0000000000000003e-05,383.79,0.0,0.0
TSLA,2026-08-26,2026-12-18,P,800.0,0,4,1.0000000000000003e-05,369.32,0.0,0.0
TSLA,2026-08-26,2026-12-18,P,810.0,0,2,1.0000000000000003e-05,403.85,0.0,0.0
TSLA,2026-08-26,2026-12-18,P,820.0,0,1,1.0000000000000003e-05,424.05,0.0,0.0
TSLA,2026-08-26,2026-12-18,P,830.0,0,4,1.0000000000000003e-05,413.4,0.0,0.0
TSLA,2026-08-26,2026-12-18,P,840.0,0,1,1.0000000000000003e-05,429.3,0.0,0.0
TSLA,2026-08-26,2026-12-18,P,850.0,0,3,1.0000000000000003e-05,418.65,449.25,453.45
TSLA,2026-08-26,2026-12-18,P,860.0,0,1,1.0000000000000003e-05,427.8,0.0,0.0
TSLA,2026-08-26,2026-12-18,P,870.0,0,2,1.0000000000000003e-05,466.65,473.85,477.2
TSLA,2026-08-26,2026-12-18,P,880.0,0,1,1.0000000000000003e-05,461.8,487.2,490.5
TSLA,2026-08-26,2026-12-18,P,890.0,0,1,1.0000000000000003e-05,503.91,0.0,0.0
TSLA,2026-08-26,2026-12-18,P,900.0,0,1,1.0000000000000003e-05,534.52,476.7,479.05
TSLA,2026-08-26,2026-12-18,P,910.0,0,5,1.0000000000000003e-05,477.25,509.05,513.6
TSLA,2026-08-26,2026-12-18,P,920.0,0,1,1.0000000000000003e-05,485.2,519.05,523.6
TSLA,2026-08-26,2026-12-18,P,930.0,0,1,1.0000000000000003e-05,530.85,0.0,0.0
TSLA,2026-08-26,2026-12-18,P,940.0,0,3,1.0000000000000003e-05,506.45,511.5,512.2
TSLA,2026-08-26,2026-12-18,P,950.0,0,40,1.0000000000000003e-05,525.25,0.0,0.0
TSLA,2026-08-26,2026-12-18,P,960.0,0,6,1.0000000000000003e-05,522.5,559.05,563.6
TSLA,2026-08-26,2026-12-18,P,970.0,0,2,1.0000000000000003e-05,549.0,0.0,0.0
TSLA,2026-08-26,2026-12-18,P,980.0,0,2,1.0000000000000003e-05,578.52,577.75,580.75
TSLA,2026-08-26,2026-12-18,P,990.0,0,1,1.0000000000000003e-05,567.73,0.0,0.0
