ticker,date,expiry,type,strike,oi,volume,iv,last,bid,ask
TSLA,2026-08-11,2026-08-12,C,220.0,10,2,4.310551486816405,104.56,103.55,105.8
TSLA,2026-08-11,2026-08-12,C,240.0,25,6,3.486329409179688,86.96,82.6,85.8
TSLA,2026-08-11,2026-08-12,C,242.5,76,7,3.3535172412109366,84.59,80.2,83.25
TSLA,2026-08-11,2026-08-12,C,245.0,63,6,3.3203141992187497,82.09,78.0,80.85
TSLA,2026-08-11,2026-08-12,C,260.0,49,24,2.7099641625976565,64.94,62.7,65.8
TSLA,2026-08-11,2026-08-12,C,272.5,101,44,2.2402387744140624,52.59,50.0,53.3
TSLA,2026-08-11,2026-08-12,C,275.0,99,4,2.1718795703125,50.1,47.85,50.85
TSLA,2026-08-11,2026-08-12,C,277.5,84,30,1.875000625,50.18,45.6,47.95
TSLA,2026-08-11,2026-08-12,C,280.0,88,8,1.9404299853515625,45.1,43.15,45.75
TSLA,2026-08-11,2026-08-12,C,282.5,103,28,1.8486335693359375,42.61,40.25,43.25
TSLA,2026-08-11,2026-08-12,C,285.0,92,48,1.615236298828125,42.84,37.9,40.45
TSLA,2026-08-11,2026-08-12,C,287.5,124,20,1.7255873095703125,39.68,36.1,38.4
TSLA,2026-08-11,2026-08-12,C,290.0,92,49,1.57422087890625,38.2,33.6,35.75
TSLA,2026-08-11,2026-08-12,C,292.5,82,10,1.5200219311523435,32.47,30.55,33.35
TSLA,2026-08-11,2026-08-12,C,295.0,61,10,1.4086943627929687,29.98,28.55,30.8
TSLA,2026-08-11,2026-08-12,C,297.5,116,40,0.7929708203125,30.35,26.15,27.35
TSLA,2026-08-11,2026-08-12,C,300.0,117,1,0.8291032714843749,29.48,23.7,24.95
TSLA,2026-08-11,2026-08-12,C,302.5,69,11,0.9882813671875,25.18,21.15,22.9
TSLA,2026-08-11,2026-08-12,C,305.0,179,41,1.0000000000000003e-05,19.98,18.75,19.05
TSLA,2026-08-11,2026-08-12,C,307.5,164,13,1.0000000000000003e-05,16.93,16.2,16.6
TSLA,2026-08-11,2026-08-12,C,310.0,671,996,1.0000000000000003e-05,14.94,13.8,14.05
TSLA,2026-08-11,2026-08-12,C,312.5,73,37,1.0000000000000003e-05,11.68,11.2,11.45
TSLA,2026-08-11,2026-08-12,C,315.0,284,258,1.0000000000000003e-05,9.1,8.7,8.9
TSLA,2026-08-11,2026-08-12,C,317.5,488,324,1.0000000000000003e-05,6.53,6.3,6.55
TSLA,2026-08-11,2026-08-12,C,320.0,2445,2408,1.0000000000000003e-05,4.17,4.2,4.4
TSLA,2026-08-11,2026-08-12,C,322.5,639,4336,0.1098721826171875,2.34,2.34,2.37
TSLA,2026-08-11,2026-08-12,C,325.0,2825,20815,0.17408052490234377,1.07,1.05,1.07
TSLA,2026-08-11,2026-08-12,C,327.5,4783,34422,0.20996883789062498,0.46,0.44,0.46
TSLA,2026-08-11,2026-08-12,C,330.0,5131,77771,0.2436599072265625,0.21,0.2,0.21
TSLA,2026-08-11,2026-08-12,C,332.5,4842,37232,0.28516339843749994,0.12,0.11,0.12
TSLA,2026-08-11,2026-08-12,C,335.0,10044,54344,0.32031929687499994,0.07,0.06,0.07
TSLA,2026-08-11,2026-08-12,C,337.5,4848,15264,0.3632876171875,0.03,0.03,0.05
TSLA,2026-08-11,2026-08-12,C,340.0,10186,22815,0.39063109375,0.03,0.02,0.03
TSLA,2026-08-11,2026-08-12,C,342.5,4037,7185,0.445318046875,0.02,0.02,0.03
TSLA,2026-08-11,2026-08-12,C,345.0,5293,5221,0.49609878906250005,0.02,0.02,0.03
TSLA,2026-08-11,2026-08-12,C,347.5,2515,2301,0.507817421875,0.01,0.01,0.02
TSLA,2026-08-11,2026-08-12,C,350.0,7817,3491,0.5546919531250001,0.01,0.01,0.02
TSLA,2026-08-11,2026-08-12,C,352.5,1629,433,0.6015664843750002,0.02,0.01,0.02
TSLA,2026-08-11,2026-08-12,C,355.0,1685,631,0.57812921875,0.01,0.0,0.01
TSLA,2026-08-11,2026-08-12,C,357.5,1146,257,0.6250037500000001,0.01,0.0,0.01
TSLA,2026-08-11,2026-08-12,C,360.0,3773,466,0.6562534375000001,0.01,0.0,0.01
TSLA,2026-08-11,2026-08-12,C,362.5,1632,147,0.70312796875,0.01,0.0,0.01
TSLA,2026-08-11,2026-08-12,C,365.0,1397,298,0.7500025,0.01,0.0,0.01
TSLA,2026-08-11,2026-08-12,C,367.5,874,76,0.7812521875,0.01,0.0,0.01
TSLA,2026-08-11,2026-08-12,C,370.0,775,97,0.8125018749999999,0.01,0.0,0.01
TSLA,2026-08-11,2026-08-12,C,372.5,871,32,0.8437515624999999,0.01,0.0,0.01
TSLA,2026-08-11,2026-08-12,C,375.0,743,5,0.9062509375,0.01,0.0,0.01
TSLA,2026-08-11,2026-08-12,C,377.5,250,6,0.98437515625,0.01,0.0,0.02
TSLA,2026-08-11,2026-08-12,C,380.0,453,184,0.9687503125,0.01,0.0,0.01
TSLA,2026-08-11,2026-08-12,C,382.5,184,206,1.171879140625,0.02,0.0,0.05
TSLA,2026-08-11,2026-08-12,C,385.0,751,186,1.0312548437500002,0.01,0.0,0.01
TSLA,2026-08-11,2026-08-12,C,390.0,522,1,1.125004375,0.01,0.0,0.01
TSLA,2026-08-11,2026-08-12,C,395.0,128,11,1.3750031249999999,0.01,0.0,0.05
TSLA,2026-08-11,2026-08-12,C,400.0,494,235,1.2500037499999999,0.01,0.0,0.01
TSLA,2026-08-11,2026-08-12,C,405.0,35,6,1.3125034374999998,0.01,0.0,0.01
TSLA,2026-08-11,2026-08-12,C,410.0,109,1,1.3750031249999999,0.01,0.0,0.01
TSLA,2026-08-11,2026-08-12,C,415.0,92,1,1.4375028125,0.01,0.0,0.01
TSLA,2026-08-11,2026-08-12,C,420.0,38,1,1.5000025,0.01,0.0,0.01
TSLA,2026-08-11,2026-08-12,C,425.0,89,2,1.8203133984375,0.01,0.0,0.05
TSLA,2026-08-11,2026-08-12,C,430.0,32,2,1.625001875,0.01,0.0,0.01
TSLA,2026-08-11,2026-08-12,C,435.0,219,14,1.8125009374999999,0.02,0.0,0.02
TSLA,2026-08-11,2026-08-12,C,440.0,69,4,1.75000125,0.01,0.0,0.01
TSLA,2026-08-11,2026-08-12,C,445.0,26,12,2.0937547656249995,0.01,0.0,0.05
TSLA,2026-08-11,2026-08-12,C,450.0,1052,1,1.875000625,0.04,0.0,0.01
TSLA,2026-08-11,2026-08-12,C,455.0,6,2,2.1875045312499997,0.04,0.0,0.04
TSLA,2026-08-11,2026-08-12,C,460.0,18,11,2.000005,0.01,0.0,0.01
TSLA,2026-08-11,2026-08-12,C,465.0,570,40,2.3125042187499996,0.02,0.0,0.04
TSLA,2026-08-11,2026-08-12,C,470.0,624,40,2.1250046874999997,0.01,0.0,0.01
TSLA,2026-08-11,2026-08-12,C,475.0,57,47,2.1875045312499997,0.01,0.0,0.01
TSLA,2026-08-11,2026-08-12,C,480.0,17,2,2.2500043749999996,0.01,0.0,0.01
TSLA,2026-08-11,2026-08-12,C,485.0,12,2,2.3125042187499996,0.24,0.0,0.01
TSLA,2026-08-11,2026-08-12,C,490.0,11,2,2.3125042187499996,0.01,0.0,0.01
TSLA,2026-08-11,2026-08-12,C,495.0,1228,1216,2.3750040624999995,0.02,0.0,0.01
TSLA,2026-08-11,2026-08-12,C,500.0,1220,7,2.43750390625,0.01,0.0,0.01
TSLA,2026-08-11,2026-08-12,C,505.0,3,1,2.50000375,0.01,0.0,0.01
TSLA,2026-08-11,2026-08-12,C,510.0,5,3,2.56250359375,0.06,0.0,0.01
TSLA,2026-08-11,2026-08-12,C,515.0,6,4,2.6250034375,0.01,0.0,0.01
TSLA,2026-08-11,2026-08-12,C,520.0,11,1,2.6250034375,0.01,0.0,0.01
TSLA,2026-08-11,2026-08-12,C,525.0,7,6,2.68750328125,0.01,0.0,0.01
TSLA,2026-08-11,2026-08-12,C,530.0,8,1,2.750003125,0.01,0.0,0.01
TSLA,2026-08-11,2026-08-12,C,535.0,66,1,2.81250296875,0.01,0.0,0.01
TSLA,2026-08-11,2026-08-12,C,540.0,1161,2,2.8750028125,0.01,0.0,0.01
TSLA,2026-08-11,2026-08-12,C,550.0,910,908,2.93750265625,0.01,0.0,0.01
TSLA,2026-08-11,2026-08-12,C,555.0,3,1,3.0000025,0.15,0.0,0.01
TSLA,2026-08-11,2026-08-12,C,560.0,9,1,3.0000025,0.15,0.0,0.01
TSLA,2026-08-11,2026-08-12,C,565.0,112,7,3.06250234375,0.02,0.0,0.01
TSLA,2026-08-11,2026-08-12,C,570.0,5,1,3.1250021875,0.01,0.0,0.01
TSLA,2026-08-11,2026-08-12,C,575.0,11,3,3.1250021875,0.04,0.0,0.01
TSLA,2026-08-11,2026-08-12,C,580.0,21,4,3.1875020312499998,0.01,0.0,0.01
TSLA,2026-08-11,2026-08-12,C,585.0,66,3,3.2500018749999997,0.01,0.0,0.01
TSLA,2026-08-11,2026-08-12,C,590.0,181,154,3.2500018749999997,0.01,0.0,0.01
TSLA,2026-08-11,2026-08-12,C,600.0,150,150,3.3750015624999996,0.01,0.0,0.01
TSLA,2026-08-11,2026-08-12,C,610.0,82,50,3.50000125,0.01,0.0,0.01
TSLA,2026-08-11,2026-08-12,P,160.0,123,104,4.000005,0.01,0.0,0.01
TSLA,2026-08-11,2026-08-12,P,165.0,126,104,3.8750003125,0.02,0.0,0.01
TSLA,2026-08-11,2026-08-12,P,170.0,33,10,3.750000625,0.02,0.0,0.01
TSLA,2026-08-11,2026-08-12,P,175.0,28,1,3.50000125,0.03,0.0,0.01
TSLA,2026-08-11,2026-08-12,P,180.0,501,450,3.3750015624999996,0.01,0.0,0.01
TSLA,2026-08-11,2026-08-12,P,185.0,460,790,3.2500018749999997,0.01,0.0,0.01
TSLA,2026-08-11,2026-08-12,P,190.0,346,340,3.1250021875,0.02,0.0,0.01
TSLA,2026-08-11,2026-08-12,P,195.0,43,30,2.93750265625,0.06,0.0,0.01
TSLA,2026-08-11,2026-08-12,P,200.0,19,1,2.81250296875,0.09,0.0,0.01
TSLA,2026-08-11,2026-08-12,P,205.0,45,36,2.68750328125,0.1,0.0,0.01
TSLA,2026-08-11,2026-08-12,P,210.0,43,1,2.56250359375,0.06,0.0,0.01
TSLA,2026-08-11,2026-08-12,P,215.0,161,20,2.43750390625,0.01,0.0,0.01
TSLA,2026-08-11,2026-08-12,P,220.0,20,40,2.3125042187499996,0.01,0.0,0.01
TSLA,2026-08-11,2026-08-12,P,225.0,14,21,2.1875045312499997,0.01,0.0,0.01
TSLA,2026-08-11,2026-08-12,P,230.0,16,3,2.2968792578125,0.04,0.0,0.04
TSLA,2026-08-11,2026-08-12,P,235.0,18,1,2.2187544531249994,0.04,0.0,0.05
TSLA,2026-08-11,2026-08-12,P,240.0,228,9,2.0781298046874994,0.02,0.0,0.05
TSLA,2026-08-11,2026-08-12,P,242.5,86,8,2.0156299609375,0.04,0.0,0.05
TSLA,2026-08-11,2026-08-12,P,245.0,30,6,1.6875015625,0.02,0.0,0.01
TSLA,2026-08-11,2026-08-12,P,247.5,24,6,1.8437507812499998,0.04,0.0,0.04
TSLA,2026-08-11,2026-08-12,P,250.0,288,6,1.5625021874999998,0.01,0.0,0.01
TSLA,2026-08-11,2026-08-12,P,252.5,44,9,2.2949261376953123,0.02,0.0,0.45
TSLA,2026-08-11,2026-08-12,P,255.0,93,21,1.46875265625,0.02,0.0,0.01
TSLA,2026-08-11,2026-08-12,P,257.5,47,19,1.6328143359374998,0.04,0.0,0.05
TSLA,2026-08-11,2026-08-12,P,260.0,98,32,1.3750031249999999,0.03,0.0,0.01
TSLA,2026-08-11,2026-08-12,P,262.5,19,7,1.3750031249999999,0.02,0.0,0.02
TSLA,2026-08-11,2026-08-12,P,265.0,1010,2,1.3750031249999999,0.01,0.0,0.03
TSLA,2026-08-11,2026-08-12,P,267.5,15,9,1.763673056640625,0.07,0.0,0.35
TSLA,2026-08-11,2026-08-12,P,270.0,707,5,1.2968785156249998,0.01,0.0,0.04
TSLA,2026-08-11,2026-08-12,P,272.5,123,2,1.2656286718749998,0.02,0.0,0.05
TSLA,2026-08-11,2026-08-12,P,275.0,456,50,1.0312548437500002,0.01,0.0,0.01
TSLA,2026-08-11,2026-08-12,P,277.5,579,1,1.1484417578125,0.02,0.0,0.05
TSLA,2026-08-11,2026-08-12,P,280.0,942,295,1.0625046875000002,0.01,0.0,0.04
TSLA,2026-08-11,2026-08-12,P,282.5,53,50,0.937500625,0.05,0.0,0.02
TSLA,2026-08-11,2026-08-12,P,285.0,3320,2,0.8437515624999999,0.01,0.0,0.01
TSLA,2026-08-11,2026-08-12,P,287.5,114,57,0.914063359375,0.05,0.0,0.05
TSLA,2026-08-11,2026-08-12,P,290.0,527,2,0.851563984375,0.01,0.0,0.05
TSLA,2026-08-11,2026-08-12,P,292.5,160,1,0.7500025,0.05,0.0,0.03
TSLA,2026-08-11,2026-08-12,P,295.0,309,2,0.6250037500000001,0.01,0.0,0.01
TSLA,2026-08-11,2026-08-12,P,297.5,727,18,0.57812921875,0.01,0.0,0.01
TSLA,2026-08-11,2026-08-12,P,300.0,1596,29,0.5312546875,0.01,0.0,0.01
TSLA,2026-08-11,2026-08-12,P,302.5,500,390,0.507817421875,0.05,0.0,0.01
TSLA,2026-08-11,2026-08-12,P,305.0,455,161,0.49219257812500006,0.01,0.01,0.02
TSLA,2026-08-11,2026-08-12,P,307.5,649,885,0.437505625,0.02,0.01,0.02
TSLA,2026-08-11,2026-08-12,P,310.0,1768,2025,0.398443515625,0.03,0.02,0.03
TSLA,2026-08-11,2026-08-12,P,312.5,845,1113,0.35352208984374994,0.03,0.03,0.04
TSLA,2026-08-11,2026-08-12,P,315.0,1934,4833,0.31055376953124997,0.06,0.05,0.06
TSLA,2026-08-11,2026-08-12,P,317.5,2989,8132,0.2919992675781249,0.14,0.14,0.15
TSLA,2026-08-11,2026-08-12,P,320.0,3458,29569,0.278327529296875,0.37,0.36,0.38
TSLA,2026-08-11,2026-08-12,P,322.5,2673,47697,0.2749095947265625,0.94,0.93,0.94
TSLA,2026-08-11,2026-08-12,P,325.0,3547,93741,0.30713583496093744,2.2,2.19,2.2
TSLA,2026-08-11,2026-08-12,P,327.5,2568,74330,0.3833069482421875,4.1,4.1,4.2
TSLA,2026-08-11,2026-08-12,P,330.0,7337,39675,0.4731497998046875,6.39,6.3,6.5
TSLA,2026-08-11,2026-08-12,P,332.5,2978,11202,0.5380905566406251,8.82,8.65,8.9
TSLA,2026-08-11,2026-08-12,P,335.0,4933,8191,0.614261669921875,11.14,11.05,11.3
TSLA,2026-08-11,2026-08-12,P,337.5,578,1928,0.7065459033203125,13.7,13.55,13.8
TSLA,2026-08-11,2026-08-12,P,340.0,475,7785,0.870118486328125,15.2,16.2,16.75
TSLA,2026-08-11,2026-08-12,P,342.5,162,122,0.9003916210937499,17.56,18.6,18.9
TSLA,2026-08-11,2026-08-12,P,345.0,441,1331,0.9619144433593749,20.55,20.95,21.4
TSLA,2026-08-11,2026-08-12,P,347.5,86,34,1.0341845166015626,20.13,23.4,23.9
TSLA,2026-08-11,2026-08-12,P,350.0,202,108,1.2451209619140622,26.05,26.0,27.2
TSLA,2026-08-11,2026-08-12,P,352.5,37,10,1.2119180029296874,24.64,27.95,29.5
TSLA,2026-08-11,2026-08-12,P,355.0,5,9,1.3515657421874998,23.6,30.75,32.1
TSLA,2026-08-11,2026-08-12,P,357.5,0,1,1.3056675341796873,23.0,32.15,35.0
TSLA,2026-08-11,2026-08-12,P,360.0,0,72,1.3461946752929683,28.3,34.9,37.1
TSLA,2026-08-11,2026-08-12,P,362.5,0,12,1.5820333398437496,38.13,37.85,40.05
TSLA,2026-08-11,2026-08-12,P,365.0,0,6,1.6450213061523438,40.53,40.85,42.0
TSLA,2026-08-11,2026-08-12,P,375.0,0,6,1.8691412792968751,50.87,51.0,51.6
TSLA,2026-08-11,2026-08-12,P,380.0,0,6,1.9433596582031252,55.17,55.1,57.25
TSLA,2026-08-11,2026-08-12,P,382.5,0,9,2.102543806152343,57.63,58.0,59.8
TSLA,2026-08-11,2026-08-12,P,390.0,0,6,2.1855514111328125,61.82,65.3,67.05
TSLA,2026-08-11,2026-08-12,P,495.0,0,1,4.212895358886718,167.66,169.75,172.6
TSLA,2026-08-11,2026-08-12,P,500.0,0,1,4.10937986328125,172.68,174.65,177.25
TSLA,2026-08-11,2026-08-14,C,100.0,4,1,6.876954528808594,229.55,222.9,226.0
TSLA,2026-08-11,2026-08-14,C,150.0,11,6,4.797855565185547,180.04,172.4,176.2
TSLA,2026-08-11,2026-08-14,C,160.0,1,0,4.439457575683593,217.86,162.4,166.2
TSLA,2026-08-11,2026-08-14,C,170.0,1,1,4.076176779785157,160.12,152.35,156.15
TSLA,2026-08-11,2026-08-14,C,180.0,860,854,3.7060554223632813,146.97,142.75,146.05
TSLA,2026-08-11,2026-08-14,C,190.0,6,4,3.458985727539063,142.24,132.95,136.15
TSLA,2026-08-11,2026-08-14,C,200.0,318,1,3.1738301904296877,131.68,123.35,126.15
TSLA,2026-08-11,2026-08-14,C,210.0,38,35,2.9003933740234373,122.72,112.4,116.15
TSLA,2026-08-11,2026-08-14,C,220.0,40,3,1.8125009374999999,112.4,103.6,106.2
TSLA,2026-08-11,2026-08-14,C,230.0,13,2,2.3847696630859367,97.0,93.35,96.15
TSLA,2026-08-11,2026-08-14,C,235.0,6,8,2.2612348156738276,90.79,87.6,91.15
TSLA,2026-08-11,2026-08-14,C,240.0,555,18,2.051274403076172,83.45,83.55,85.9
TSLA,2026-08-11,2026-08-14,C,250.0,125,7,1.9018559594726563,75.1,73.25,76.15
TSLA,2026-08-11,2026-08-14,C,255.0,111,8,1.78515732421875,69.7,68.3,71.15
TSLA,2026-08-11,2026-08-14,C,257.5,1,1,1.755860595703125,51.08,65.0,68.75
TSLA,2026-08-11,2026-08-14,C,260.0,42,5,1.669923525390625,65.27,63.0,66.15
TSLA,2026-08-11,2026-08-14,C,262.5,27,68,1.6127949047851562,72.91,59.95,63.65
TSLA,2026-08-11,2026-08-14,C,265.0,36,30,1.5820333398437496,67.52,57.5,61.25
TSLA,2026-08-11,2026-08-14,C,267.5,90,240,1.201175869140625,64.59,55.25,57.75
TSLA,2026-08-11,2026-08-14,C,270.0,111,1,1.0000000000000003e-05,57.05,53.65,54.5
TSLA,2026-08-11,2026-08-14,C,272.5,82,496,1.3608430395507813,60.01,50.0,53.55
TSLA,2026-08-11,2026-08-14,C,275.0,39,1,1.3418001660156247,50.3,47.75,51.2
TSLA,2026-08-11,2026-08-14,C,277.5,143,30,1.0293017285156252,50.62,46.05,47.8
TSLA,2026-08-11,2026-08-14,C,280.0,18,3,0.8105487695312499,47.92,44.0,44.95
TSLA,2026-08-11,2026-08-14,C,282.5,146,10,1.0000000000000003e-05,45.77,41.3,42.0
TSLA,2026-08-11,2026-08-14,C,285.0,72,10,0.975586181640625,45.9,38.35,40.6
TSLA,2026-08-11,2026-08-14,C,287.5,112,10,1.0293017285156252,40.7,35.05,38.55
TSLA,2026-08-11,2026-08-14,C,290.0,92,102,0.9423833886718749,34.43,32.95,35.9
TSLA,2026-08-11,2026-08-14,C,292.5,99,145,0.8330094824218748,32.93,31.45,33.15
TSLA,2026-08-11,2026-08-14,C,295.0,144,162,0.8027363476562499,30.48,28.8,30.75
TSLA,2026-08-11,2026-08-14,C,297.5,205,231,0.5825237060546875,27.78,27.0,28.2
TSLA,2026-08-11,2026-08-14,C,300.0,511,26,0.5371140039062501,25.47,23.85,25.1
TSLA,2026-08-11,2026-08-14,C,302.5,376,72,1.0000000000000003e-05,22.67,21.4,22.2
TSLA,2026-08-11,2026-08-14,C,305.0,457,14,1.0000000000000003e-05,19.45,19.0,19.3
TSLA,2026-08-11,2026-08-14,C,307.5,520,140,1.0000000000000003e-05,17.95,16.6,16.95
TSLA,2026-08-11,2026-08-14,C,310.0,1620,185,1.0000000000000003e-05,14.51,14.45,14.7
TSLA,2026-08-11,2026-08-14,C,312.5,847,83,0.249030947265625,12.57,12.15,12.4
TSLA,2026-08-11,2026-08-14,C,315.0,2089,607,0.30152065673828127,10.6,10.15,10.35
TSLA,2026-08-11,2026-08-14,C,317.5,883,389,0.304694453125,8.15,8.2,8.3
TSLA,2026-08-11,2026-08-14,C,320.0,4369,2122,0.3110420458984374,6.4,6.4,6.5
TSLA,2026-08-11,2026-08-14,C,322.5,2760,1665,0.32092964233398436,4.95,4.9,5.0
TSLA,2026-08-11,2026-08-14,C,325.0,6738,6033,0.3288641333007812,3.72,3.65,3.75
TSLA,2026-08-11,2026-08-14,C,327.5,4218,7556,0.33447931152343746,2.67,2.68,2.73
TSLA,2026-08-11,2026-08-14,C,330.0,9397,12873,0.34107104248046877,1.92,1.93,1.95
TSLA,2026-08-11,2026-08-14,C,332.5,6357,8294,0.34570966796874997,1.34,1.33,1.35
TSLA,2026-08-11,2026-08-14,C,335.0,16997,11129,0.3566958862304687,0.95,0.95,0.96
TSLA,2026-08-11,2026-08-14,C,337.5,7038,4805,0.36597313720703123,0.68,0.65,0.67
TSLA,2026-08-11,2026-08-14,C,340.0,14048,8390,0.37622694091796877,0.48,0.46,0.47
TSLA,2026-08-11,2026-08-14,C,342.5,1843,1992,0.3891662646484375,0.33,0.32,0.34
TSLA,2026-08-11,2026-08-14,C,345.0,6942,4745,0.4028380029296875,0.23,0.23,0.25
TSLA,2026-08-11,2026-08-14,C,347.5,5494,783,0.4184628466796875,0.18,0.18,0.19
TSLA,2026-08-11,2026-08-14,C,350.0,22604,8460,0.43555251953125,0.15,0.14,0.15
TSLA,2026-08-11,2026-08-14,C,352.5,6147,484,0.45313046875,0.11,0.11,0.12
TSLA,2026-08-11,2026-08-14,C,355.0,5984,1426,0.4726615234375,0.1,0.09,0.1
TSLA,2026-08-11,2026-08-14,C,357.5,1426,503,0.48828636718750007,0.07,0.07,0.08
TSLA,2026-08-11,2026-08-14,C,360.0,8316,1686,0.5039112109375,0.06,0.06,0.07
TSLA,2026-08-11,2026-08-14,C,362.5,1020,172,0.5214891601562499,0.07,0.05,0.06
TSLA,2026-08-11,2026-08-14,C,365.0,3044,439,0.5488326367187502,0.05,0.05,0.06
TSLA,2026-08-11,2026-08-14,C,367.5,925,189,0.5625043750000001,0.04,0.04,0.05
TSLA,2026-08-11,2026-08-14,C,370.0,3304,749,0.5898478515625001,0.04,0.04,0.05
TSLA,2026-08-11,2026-08-14,C,372.5,546,186,0.5976602734375001,0.03,0.03,0.04
TSLA,2026-08-11,2026-08-14,C,375.0,2157,192,0.632816171875,0.04,0.03,0.05
TSLA,2026-08-11,2026-08-14,C,377.5,619,32,0.6601596484375001,0.03,0.03,0.05
TSLA,2026-08-11,2026-08-14,C,380.0,4022,188,0.648441015625,0.03,0.02,0.03
TSLA,2026-08-11,2026-08-14,C,382.5,808,338,0.6601596484375001,0.03,0.01,0.03
TSLA,2026-08-11,2026-08-14,C,385.0,1917,411,0.6992217578125001,0.02,0.02,0.03
TSLA,2026-08-11,2026-08-14,C,387.5,359,405,0.7070341796875,0.02,0.01,0.03
TSLA,2026-08-11,2026-08-14,C,390.0,2453,25,0.7460962890625,0.02,0.02,0.03
TSLA,2026-08-11,2026-08-14,C,392.5,247,1,0.7695335546875001,0.02,0.01,0.04
TSLA,2026-08-11,2026-08-14,C,395.0,1942,18,0.773439765625,0.03,0.01,0.03
TSLA,2026-08-11,2026-08-14,C,400.0,5447,423,0.79687703125,0.01,0.01,0.02
TSLA,2026-08-11,2026-08-14,C,405.0,1018,2,0.8984385156249999,0.02,0.01,0.05
TSLA,2026-08-11,2026-08-14,C,410.0,1212,4,0.8828136718749999,0.01,0.01,0.02
TSLA,2026-08-11,2026-08-14,C,415.0,1637,35,0.98437515625,0.02,0.01,0.05
TSLA,2026-08-11,2026-08-14,C,420.0,1861,38,0.9687503125,0.02,0.01,0.02
TSLA,2026-08-11,2026-08-14,C,425.0,1250,1,1.0312548437500002,0.01,0.01,0.03
TSLA,2026-08-11,2026-08-14,C,430.0,1478,17,1.0468797656250002,0.02,0.01,0.02
TSLA,2026-08-11,2026-08-14,C,435.0,1398,50,1.0781296093750001,0.01,0.0,0.03
TSLA,2026-08-11,2026-08-14,C,440.0,419,16,1.125004375,0.03,0.01,0.02
TSLA,2026-08-11,2026-08-14,C,445.0,976,2,1.2109414453124998,0.02,0.01,0.04
TSLA,2026-08-11,2026-08-14,C,450.0,2635,13,1.21875390625,0.01,0.01,0.03
TSLA,2026-08-11,2026-08-14,C,455.0,479,10,1.3046909765624997,0.03,0.01,0.05
TSLA,2026-08-11,2026-08-14,C,460.0,2827,336,1.3437532812499997,0.02,0.01,0.05
TSLA,2026-08-11,2026-08-14,C,465.0,524,21,1.1875040625,0.01,0.0,0.01
TSLA,2026-08-11,2026-08-14,C,470.0,560,2,1.21875390625,0.01,0.0,0.01
TSLA,2026-08-11,2026-08-14,C,475.0,290,28,1.40625296875,0.01,0.0,0.04
TSLA,2026-08-11,2026-08-14,C,480.0,1006,3,1.2812535937499998,0.01,0.0,0.01
TSLA,2026-08-11,2026-08-14,C,485.0,459,9,1.3125034374999998,0.01,0.0,0.01
TSLA,2026-08-11,2026-08-14,C,490.0,315,5,1.5312523437499999,0.04,0.0,0.05
TSLA,2026-08-11,2026-08-14,C,495.0,388,2,1.3750031249999999,0.01,0.0,0.01
TSLA,2026-08-11,2026-08-14,C,500.0,1176,2,1.40625296875,0.01,0.0,0.01
TSLA,2026-08-11,2026-08-14,C,505.0,177,46,1.4375028125,0.01,0.0,0.01
TSLA,2026-08-11,2026-08-14,C,510.0,264,10,1.671876640625,0.02,0.0,0.05
TSLA,2026-08-11,2026-08-14,C,515.0,140,1,2.166020209960937,0.03,0.0,0.51
TSLA,2026-08-11,2026-08-14,C,520.0,263,1,1.734376328125,0.02,0.0,0.05
TSLA,2026-08-11,2026-08-14,C,525.0,112,14,1.765626171875,0.01,0.0,0.05
TSLA,2026-08-11,2026-08-14,C,530.0,46,2,1.5625021874999998,0.05,0.0,0.01
TSLA,2026-08-11,2026-08-14,C,535.0,43,1,2.3164104589843744,0.05,0.0,0.51
TSLA,2026-08-11,2026-08-14,C,540.0,117,5,1.859375703125,0.05,0.0,0.05
TSLA,2026-08-11,2026-08-14,C,545.0,128,1,1.890625546875,0.1,0.0,0.05
TSLA,2026-08-11,2026-08-14,C,550.0,441,1,1.6875015625,0.01,0.0,0.01
TSLA,2026-08-11,2026-08-14,C,555.0,163,1,1.9453127734375002,0.05,0.0,0.05
TSLA,2026-08-11,2026-08-14,C,560.0,256,2,2.3007854980468747,0.01,0.0,0.25
TSLA,2026-08-11,2026-08-14,C,565.0,265,1,1.75000125,0.01,0.0,0.01
TSLA,2026-08-11,2026-08-14,C,570.0,30,2,2.031254921875,0.01,0.0,0.05
TSLA,2026-08-11,2026-08-14,C,575.0,30,3,1.8125009374999999,0.01,0.0,0.01
TSLA,2026-08-11,2026-08-14,C,580.0,153,2,2.0937547656249995,0.01,0.0,0.05
TSLA,2026-08-11,2026-08-14,C,585.0,57,2,2.1093797265624996,0.01,0.0,0.05
TSLA,2026-08-11,2026-08-14,C,590.0,126,2,2.697268881835938,0.01,0.0,0.51
TSLA,2026-08-11,2026-08-14,C,595.0,40,2,2.7304719238281248,0.01,0.0,0.51
TSLA,2026-08-11,2026-08-14,C,600.0,594,1,1.9375003125,0.01,0.0,0.01
TSLA,2026-08-11,2026-08-14,C,605.0,48,2,1.96875015625,0.01,0.0,0.01
TSLA,2026-08-11,2026-08-14,C,610.0,7,3,1.96875015625,0.01,0.0,0.01
TSLA,2026-08-11,2026-08-14,C,615.0,7,2,2.000005,0.01,0.0,0.01
TSLA,2026-08-11,2026-08-14,C,620.0,29,2,2.2968792578125,0.01,0.0,0.05
TSLA,2026-08-11,2026-08-14,C,625.0,16,2,2.328129179687499,0.01,0.0,0.05
TSLA,2026-08-11,2026-08-14,C,630.0,37,2,2.3593791015624994,0.06,0.0,0.05
TSLA,2026-08-11,2026-08-14,C,640.0,53,21,2.3593791015624994,0.02,0.0,0.04
TSLA,2026-08-11,2026-08-14,C,650.0,97,20,2.1875045312499997,0.01,0.0,0.01
TSLA,2026-08-11,2026-08-14,C,660.0,49,9,2.50000375,0.1,0.0,0.05
TSLA,2026-08-11,2026-08-14,C,670.0,51,1,2.5468786328124997,0.05,0.0,0.05
TSLA,2026-08-11,2026-08-14,C,680.0,52,83,2.5468786328124997,0.02,0.0,0.04
TSLA,2026-08-11,2026-08-14,C,690.0,52,80,2.3750040624999995,0.01,0.0,0.01
TSLA,2026-08-11,2026-08-14,C,700.0,362,312,2.3750040624999995,0.01,0.0,0.01
TSLA,2026-08-11,2026-08-14,C,710.0,63,13,2.43750390625,0.01,0.0,0.01
TSLA,2026-08-11,2026-08-14,C,720.0,146,13,2.43750390625,0.01,0.0,0.01
TSLA,2026-08-11,2026-08-14,C,730.0,55,1,2.50000375,0.04,0.0,0.01
TSLA,2026-08-11,2026-08-14,C,740.0,32,4,2.56250359375,0.03,0.0,0.01
TSLA,2026-08-11,2026-08-14,C,750.0,1266,1,2.56250359375,0.01,0.0,0.01
TSLA,2026-08-11,2026-08-14,P,80.0,1136,51,4.500004375,0.01,0.0,0.01
TSLA,2026-08-11,2026-08-14,P,90.0,1157,20,4.12500484375,0.01,0.0,0.01
TSLA,2026-08-11,2026-08-14,P,100.0,585,17,3.750000625,0.01,0.0,0.01
TSLA,2026-08-11,2026-08-14,P,110.0,1470,20,3.50000125,0.01,0.0,0.01
TSLA,2026-08-11,2026-08-14,P,120.0,37204,25,3.2500018749999997,0.01,0.0,0.01
TSLA,2026-08-11,2026-08-14,P,130.0,18172,1372,3.0000025,0.01,0.0,0.01
TSLA,2026-08-11,2026-08-14,P,140.0,411,4,2.750003125,0.01,0.0,0.01
TSLA,2026-08-11,2026-08-14,P,150.0,405,2,2.8750028125,0.01,0.0,0.05
TSLA,2026-08-11,2026-08-14,P,160.0,837,419,2.3125042187499996,0.01,0.0,0.01
TSLA,2026-08-11,2026-08-14,P,165.0,221,6,2.2500043749999996,0.01,0.0,0.01
TSLA,2026-08-11,2026-08-14,P,170.0,234,282,2.1250046874999997,0.01,0.0,0.01
TSLA,2026-08-11,2026-08-14,P,175.0,9274,35,2.0625048437499998,0.03,0.0,0.01
TSLA,2026-08-11,2026-08-14,P,180.0,634,3,1.9375003125,0.01,0.0,0.01
TSLA,2026-08-11,2026-08-14,P,185.0,140,101,1.875000625,0.03,0.0,0.01
TSLA,2026-08-11,2026-08-14,P,190.0,472,189,1.8125009374999999,0.01,0.0,0.01
TSLA,2026-08-11,2026-08-14,P,197.5,21,33,1.9062504687500001,0.01,0.0,0.05
TSLA,2026-08-11,2026-08-14,P,200.0,19446,4046,1.625001875,0.03,0.0,0.01
TSLA,2026-08-11,2026-08-14,P,202.5,3,3,1.8125009374999999,0.11,0.0,0.05
TSLA,2026-08-11,2026-08-14,P,205.0,50,10,1.765626171875,0.03,0.0,0.05
TSLA,2026-08-11,2026-08-14,P,207.5,6,1,2.1328171679687498,0.02,0.0,0.35
TSLA,2026-08-11,2026-08-14,P,210.0,293,90,1.6875015625,0.02,0.0,0.05
TSLA,2026-08-11,2026-08-14,P,212.5,6,5,1.640626796875,0.05,0.0,0.05
TSLA,2026-08-11,2026-08-14,P,215.0,147,25,1.5937520312499998,0.05,0.0,0.05
TSLA,2026-08-11,2026-08-14,P,217.5,284,112,1.3750031249999999,0.01,0.0,0.01
TSLA,2026-08-11,2026-08-14,P,220.0,683,1,1.453127734375,0.01,0.0,0.03
TSLA,2026-08-11,2026-08-14,P,222.5,135,14,1.4765651171875,0.02,0.0,0.05
TSLA,2026-08-11,2026-08-14,P,225.0,1459,43,1.4375028125,0.01,0.0,0.05
TSLA,2026-08-11,2026-08-14,P,227.5,67,37,1.3906280468749999,0.01,0.0,0.05
TSLA,2026-08-11,2026-08-14,P,230.0,166,22,1.1875040625,0.03,0.0,0.01
TSLA,2026-08-11,2026-08-14,P,232.5,54,51,1.3125034374999998,0.06,0.0,0.05
TSLA,2026-08-11,2026-08-14,P,235.0,587,101,1.3046909765624997,0.03,0.01,0.05
TSLA,2026-08-11,2026-08-14,P,237.5,231,206,1.2656286718749998,0.05,0.01,0.05
TSLA,2026-08-11,2026-08-14,P,240.0,717,20,1.171879140625,0.03,0.01,0.03
TSLA,2026-08-11,2026-08-14,P,242.5,323,20,1.1640666796875,0.01,0.0,0.05
TSLA,2026-08-11,2026-08-14,P,245.0,1102,10,1.125004375,0.04,0.0,0.05
TSLA,2026-08-11,2026-08-14,P,247.5,943,10,1.0859420703125,0.01,0.0,0.05
TSLA,2026-08-11,2026-08-14,P,250.0,2821,50,1.0312548437500002,0.02,0.01,0.03
TSLA,2026-08-11,2026-08-14,P,252.5,100,25,1.015629921875,0.04,0.01,0.04
TSLA,2026-08-11,2026-08-14,P,255.0,1202,12,0.9960937890625,0.03,0.01,0.05
TSLA,2026-08-11,2026-08-14,P,257.5,266,211,0.9609378906249999,0.02,0.01,0.05
TSLA,2026-08-11,2026-08-14,P,260.0,720,5,0.937500625,0.02,0.03,0.04
TSLA,2026-08-11,2026-08-14,P,262.5,814,249,0.8906260937499999,0.04,0.01,0.05
TSLA,2026-08-11,2026-08-14,P,265.0,5886,12,0.867188828125,0.03,0.03,0.04
TSLA,2026-08-11,2026-08-14,P,267.5,347,4,0.8007832421875,0.05,0.01,0.04
TSLA,2026-08-11,2026-08-14,P,270.0,2146,8,0.79687703125,0.02,0.03,0.04
TSLA,2026-08-11,2026-08-14,P,272.5,501,13,0.7578149218750001,0.02,0.02,0.05
TSLA,2026-08-11,2026-08-14,P,275.0,1476,6,0.7460962890625,0.04,0.03,0.06
TSLA,2026-08-11,2026-08-14,P,277.5,407,21,0.7070341796875,0.04,0.04,0.05
TSLA,2026-08-11,2026-08-14,P,280.0,1300,863,0.6718782812500002,0.04,0.04,0.05
TSLA,2026-08-11,2026-08-14,P,282.5,762,15,0.6523472265625001,0.07,0.05,0.06
TSLA,2026-08-11,2026-08-14,P,285.0,6537,65,0.6152382226562501,0.05,0.05,0.06
TSLA,2026-08-11,2026-08-14,P,287.5,909,5,0.5918009570312501,0.06,0.06,0.07
TSLA,2026-08-11,2026-08-14,P,290.0,2287,88,0.5664105859375,0.08,0.07,0.08
TSLA,2026-08-11,2026-08-14,P,292.5,548,38,0.5468795312500001,0.09,0.09,0.1
TSLA,2026-08-11,2026-08-14,P,295.0,1009,214,0.5195360546875,0.1,0.1,0.12
TSLA,2026-08-11,2026-08-14,P,297.5,657,142,0.499028447265625,0.13,0.12,0.14
TSLA,2026-08-11,2026-08-14,P,300.0,3924,1314,0.47363807617187503,0.16,0.15,0.17
TSLA,2026-08-11,2026-08-14,P,302.5,1161,166,0.44922425781249997,0.2,0.19,0.21
TSLA,2026-08-11,2026-08-14,P,305.0,2051,524,0.43066975585937506,0.27,0.27,0.28
TSLA,2026-08-11,2026-08-14,P,307.5,1436,797,0.4101621484375,0.37,0.36,0.37
TSLA,2026-08-11,2026-08-14,P,310.0,4764,1850,0.39942006835937505,0.53,0.52,0.54
TSLA,2026-08-11,2026-08-14,P,312.5,1758,1296,0.39014281738281253,0.78,0.77,0.79
TSLA,2026-08-11,2026-08-14,P,315.0,1956,6083,0.3845276391601562,1.16,1.15,1.17
TSLA,2026-08-11,2026-08-14,P,317.5,1997,3272,0.3813538427734374,1.7,1.68,1.71
TSLA,2026-08-11,2026-08-14,P,320.0,3280,11501,0.38013315185546875,2.45,2.41,2.45
TSLA,2026-08-11,2026-08-14,P,322.5,1323,6704,0.3883117810058594,3.46,3.45,3.5
TSLA,2026-08-11,2026-08-14,P,325.0,2286,13145,0.39441523559570313,4.75,4.65,4.75
TSLA,2026-08-11,2026-08-14,P,327.5,4950,7617,0.40369248657226564,6.2,6.15,6.25
TSLA,2026-08-11,2026-08-14,P,330.0,5394,10359,0.4089414575195312,7.85,7.8,7.9
TSLA,2026-08-11,2026-08-14,P,332.5,1032,4717,0.4321345849609375,9.9,9.75,9.9
TSLA,2026-08-11,2026-08-14,P,335.0,1186,5524,0.47058634887695316,12.05,12.0,12.15
TSLA,2026-08-11,2026-08-14,P,337.5,495,389,0.4897511962890626,14.2,14.1,14.3
TSLA,2026-08-11,2026-08-14,P,340.0,1972,8845,0.5056201782226561,16.4,16.4,16.6
TSLA,2026-08-11,2026-08-14,P,342.5,150,6927,0.5537154003906251,18.68,18.8,19.15
TSLA,2026-08-11,2026-08-14,P,345.0,563,1876,0.5336960693359375,21.0,20.55,21.55
TSLA,2026-08-11,2026-08-14,P,347.5,34,49,0.5385788330078126,15.62,22.2,24.5
TSLA,2026-08-11,2026-08-14,P,350.0,893,2103,0.6601596484375001,26.05,26.05,26.45
TSLA,2026-08-11,2026-08-14,P,352.5,19,32,0.6806672558593752,24.75,27.15,30.1
TSLA,2026-08-11,2026-08-14,P,355.0,805,14,0.6621127539062501,30.1,29.7,32.0
TSLA,2026-08-11,2026-08-14,P,357.5,12,4,0.8286149951171874,23.2,32.45,35.45
TSLA,2026-08-11,2026-08-14,P,360.0,847,114,0.9125985302734375,35.57,36.0,37.35
TSLA,2026-08-11,2026-08-14,P,362.5,19,30,0.8833019482421874,34.65,37.45,40.15
TSLA,2026-08-11,2026-08-14,P,365.0,499,31,0.913086806640625,40.1,40.3,42.2
TSLA,2026-08-11,2026-08-14,P,367.5,27,22,0.9526371923828124,35.49,42.35,45.15
TSLA,2026-08-11,2026-08-14,P,370.0,310,339,0.9970703417968749,44.74,45.35,47.2
TSLA,2026-08-11,2026-08-14,P,372.5,8,0,0.9165047412109376,51.4,46.65,50.0
TSLA,2026-08-11,2026-08-14,P,375.0,78,2,0.9589847851562499,43.98,49.25,52.45
TSLA,2026-08-11,2026-08-14,P,380.0,136,11,1.0029346728515625,55.1,54.25,57.3
TSLA,2026-08-11,2026-08-14,P,382.5,0,0,1.1640666796875,61.5,57.0,60.4
TSLA,2026-08-11,2026-08-14,P,385.0,4,1,1.0864303491210938,60.35,59.05,62.6
TSLA,2026-08-11,2026-08-14,P,390.0,2,1,1.3212924560546875,65.1,65.3,67.5
TSLA,2026-08-11,2026-08-14,P,395.0,0,1,1.3642609912109376,64.96,69.95,72.65
TSLA,2026-08-11,2026-08-14,P,400.0,1,2,1.3876983740234374,65.0,74.9,77.4
TSLA,2026-08-11,2026-08-14,P,405.0,0,4,1.5380882470703123,95.56,80.5,82.4
TSLA,2026-08-11,2026-08-14,P,410.0,0,1,1.6298846630859374,108.22,85.5,87.6
TSLA,2026-08-11,2026-08-14,P,415.0,0,3,1.5590842358398436,108.5,89.45,92.75
TSLA,2026-08-11,2026-08-14,P,420.0,0,1,1.400393623046875,101.68,94.05,97.15
TSLA,2026-08-11,2026-08-14,P,425.0,0,14,1.5791036669921872,93.75,99.25,102.45
TSLA,2026-08-11,2026-08-14,P,430.0,1,1,1.7705089599609374,111.33,104.5,107.9
TSLA,2026-08-11,2026-08-14,P,435.0,0,4,1.7626964990234375,105.73,109.55,112.5
TSLA,2026-08-11,2026-08-14,P,440.0,0,4,1.6376971240234375,113.44,114.15,117.15
TSLA,2026-08-11,2026-08-14,P,445.0,0,3,1.8056650341796874,134.51,119.15,122.6
TSLA,2026-08-11,2026-08-14,P,450.0,0,5,2.020024481201172,128.27,125.1,127.45
TSLA,2026-08-11,2026-08-14,P,455.0,0,6,1.78515732421875,148.24,129.1,132.2
TSLA,2026-08-11,2026-08-14,P,460.0,0,103,2.0058643603515627,134.98,134.5,137.45
TSLA,2026-08-11,2026-08-14,P,465.0,0,1,2.0781298046874994,154.03,139.45,142.6
TSLA,2026-08-11,2026-08-14,P,470.0,0,20,2.0166065209960937,152.7,144.45,147.15
TSLA,2026-08-11,2026-08-14,P,475.0,0,63,2.090825085449218,157.15,149.3,152.4
TSLA,2026-08-11,2026-08-14,P,480.0,0,7,2.0166065209960937,151.0,154.1,157.2
TSLA,2026-08-11,2026-08-14,P,485.0,0,0,2.183598291015625,107.7,159.1,162.6
TSLA,2026-08-11,2026-08-14,P,490.0,0,52,2.068364204101562,172.8,164.05,167.15
TSLA,2026-08-11,2026-08-14,P,495.0,0,32,2.432621105957031,171.15,169.45,172.9
TSLA,2026-08-11,2026-08-14,P,500.0,0,6,2.2421918945312496,175.2,174.25,177.2
TSLA,2026-08-11,2026-08-14,P,520.0,0,0,2.668948640136719,127.0,194.5,197.9
TSLA,2026-08-11,2026-08-14,P,590.0,0,0,3.0576195434570312,270.15,264.2,267.6
TSLA,2026-08-11,2026-08-17,C,200.0,1,1,2.323246379394531,123.45,122.6,126.4
TSLA,2026-08-11,2026-08-17,C,250.0,2,2,1.378421076660156,84.33,72.55,76.3
TSLA,2026-08-11,2026-08-17,C,270.0,12,0,1.0478563232421876,55.29,52.55,56.3
TSLA,2026-08-11,2026-08-17,C,272.5,28,0,1.007329182128906,51.54,50.6,53.8
TSLA,2026-08-11,2026-08-17,C,275.0,12,2,0.97460962890625,59.43,47.55,51.35
TSLA,2026-08-11,2026-08-17,C,277.5,28,0,0.9104012866210938,46.67,45.0,48.7
TSLA,2026-08-11,2026-08-17,C,280.0,47,2,0.8706067626953125,49.4,43.1,46.2
TSLA,2026-08-11,2026-08-17,C,285.0,51,48,0.8054218676757812,46.85,37.6,41.3
TSLA,2026-08-11,2026-08-17,C,287.5,18,4,0.7580590600585939,43.0,35.8,38.75
TSLA,2026-08-11,2026-08-17,C,290.0,3,28,0.5908244042968751,38.29,33.0,35.45
TSLA,2026-08-11,2026-08-17,C,292.5,16,72,0.6645541357421877,35.79,30.35,33.65
TSLA,2026-08-11,2026-08-17,C,295.0,2,16,0.5976602734375001,32.73,28.0,30.95
TSLA,2026-08-11,2026-08-17,C,300.0,29,58,0.500005,32.15,23.95,25.8
TSLA,2026-08-11,2026-08-17,C,302.5,0,14,0.44165597412109375,25.2,21.35,23.15
TSLA,2026-08-11,2026-08-17,C,305.0,9,1,0.4035704174804688,20.52,18.8,20.65
TSLA,2026-08-11,2026-08-17,C,307.5,13,8,0.37134417724609375,20.25,16.7,18.2
TSLA,2026-08-11,2026-08-17,C,310.0,97,11,0.35864899169921877,15.93,14.75,15.95
TSLA,2026-08-11,2026-08-17,C,312.5,116,2,0.2756420092773437,13.0,12.75,13.05
TSLA,2026-08-11,2026-08-17,C,315.0,149,37,0.2951730639648437,11.7,10.45,11.2
TSLA,2026-08-11,2026-08-17,C,317.5,167,21,0.28650615844726557,9.0,8.95,9.2
TSLA,2026-08-11,2026-08-17,C,320.0,470,77,0.2877268493652343,7.45,7.3,7.5
TSLA,2026-08-11,2026-08-17,C,322.5,136,176,0.2921213366699218,5.94,5.9,6.05
TSLA,2026-08-11,2026-08-17,C,325.0,283,1104,0.2990792749023437,4.8,4.75,4.85
TSLA,2026-08-11,2026-08-17,C,327.5,309,2283,0.2967599621582031,3.74,3.65,3.7
TSLA,2026-08-11,2026-08-17,C,330.0,829,1560,0.30445031494140623,2.86,2.84,2.9
TSLA,2026-08-11,2026-08-17,C,332.5,1121,1012,0.3057930749511719,2.15,2.11,2.17
TSLA,2026-08-11,2026-08-17,C,335.0,1344,1381,0.3107979077148437,1.61,1.6,1.64
TSLA,2026-08-11,2026-08-17,C,337.5,401,606,0.3161689477539062,1.25,1.2,1.23
TSLA,2026-08-11,2026-08-17,C,340.0,2095,3160,0.32398136962890617,0.93,0.92,0.94
TSLA,2026-08-11,2026-08-17,C,342.5,473,380,0.3320379296875,0.69,0.69,0.72
TSLA,2026-08-11,2026-08-17,C,345.0,1133,1354,0.3398503515625,0.57,0.53,0.55
TSLA,2026-08-11,2026-08-17,C,347.5,447,244,0.34766277343749996,0.46,0.41,0.42
TSLA,2026-08-11,2026-08-17,C,350.0,2098,896,0.35938140625,0.34,0.32,0.34
TSLA,2026-08-11,2026-08-17,C,352.5,231,221,0.3715883154296875,0.26,0.26,0.28
TSLA,2026-08-11,2026-08-17,C,355.0,452,109,0.38281867187499996,0.26,0.22,0.23
TSLA,2026-08-11,2026-08-17,C,357.5,195,80,0.4008848974609375,0.22,0.19,0.21
TSLA,2026-08-11,2026-08-17,C,360.0,829,85,0.4101621484375,0.19,0.15,0.17
TSLA,2026-08-11,2026-08-17,C,362.5,1189,48,0.424810439453125,0.14,0.14,0.15
TSLA,2026-08-11,2026-08-17,C,365.0,269,148,0.4414118359375,0.14,0.13,0.14
TSLA,2026-08-11,2026-08-17,C,367.5,90,4,0.4580132324218751,0.14,0.12,0.13
TSLA,2026-08-11,2026-08-17,C,370.0,486,15,0.47461462890625,0.12,0.1,0.12
TSLA,2026-08-11,2026-08-17,C,372.5,136,5,0.48828636718750007,0.11,0.1,0.11
TSLA,2026-08-11,2026-08-17,C,375.0,465,3901,0.5019581054687501,0.1,0.09,0.1
TSLA,2026-08-11,2026-08-17,C,377.5,70,2,0.51562984375,0.1,0.08,0.1
TSLA,2026-08-11,2026-08-17,C,380.0,126,11,0.5312546875,0.08,0.08,0.09
TSLA,2026-08-11,2026-08-17,C,382.5,10,105,0.5371140039062501,0.08,0.06,0.08
TSLA,2026-08-11,2026-08-17,C,385.0,105,23,0.5546919531250001,0.07,0.06,0.08
TSLA,2026-08-11,2026-08-17,C,387.5,23,9,0.5625043750000001,0.12,0.05,0.07
TSLA,2026-08-11,2026-08-17,C,390.0,207,222,0.5800823242187501,0.06,0.05,0.07
TSLA,2026-08-11,2026-08-17,C,392.5,39,9,0.5918009570312501,0.06,0.05,0.06
TSLA,2026-08-11,2026-08-17,C,395.0,91,3,0.6015664843750002,0.12,0.04,0.06
TSLA,2026-08-11,2026-08-17,C,397.5,89,6,0.6210975390625001,0.11,0.04,0.06
TSLA,2026-08-11,2026-08-17,C,400.0,438,18,0.6367223828125,0.05,0.04,0.06
TSLA,2026-08-11,2026-08-17,C,405.0,74,7,0.6523472265625001,0.05,0.03,0.05
TSLA,2026-08-11,2026-08-17,C,410.0,511,13,0.7460962890625,0.08,0.03,0.14
TSLA,2026-08-11,2026-08-17,C,415.0,13,6,0.7070341796875,0.14,0.02,0.05
TSLA,2026-08-11,2026-08-17,C,420.0,114,28,0.7500025,0.04,0.03,0.05
TSLA,2026-08-11,2026-08-17,C,425.0,22,10,0.7578149218750001,0.04,0.01,0.05
TSLA,2026-08-11,2026-08-17,C,430.0,49,7,0.79687703125,0.04,0.03,0.04
TSLA,2026-08-11,2026-08-17,C,435.0,18,16,0.8125018749999999,0.09,0.01,0.05
TSLA,2026-08-11,2026-08-17,C,440.0,319,34,0.8281267187499999,0.03,0.02,0.03
TSLA,2026-08-11,2026-08-17,C,445.0,104,20,0.8554701953125,0.03,0.0,0.05
TSLA,2026-08-11,2026-08-17,C,450.0,27,35,0.8984385156249999,0.01,0.01,0.05
TSLA,2026-08-11,2026-08-17,C,460.0,7,2,0.914063359375,0.1,0.0,0.04
TSLA,2026-08-11,2026-08-17,C,465.0,34,4,0.9609378906249999,0.1,0.0,0.05
TSLA,2026-08-11,2026-08-17,C,470.0,131,123,0.98437515625,0.05,0.0,0.05
TSLA,2026-08-11,2026-08-17,C,475.0,49,13,0.937500625,0.03,0.0,0.02
TSLA,2026-08-11,2026-08-17,C,480.0,160,160,1.0390673046875003,0.03,0.0,0.05
TSLA,2026-08-11,2026-08-17,C,485.0,11,6,1.0625046875000002,0.13,0.0,0.05
TSLA,2026-08-11,2026-08-17,C,490.0,21,5,1.0859420703125,0.13,0.0,0.05
TSLA,2026-08-11,2026-08-17,C,495.0,10,3,1.109379453125,0.14,0.0,0.05
TSLA,2026-08-11,2026-08-17,C,500.0,291,0,1.1328168359375002,0.04,0.0,0.05
TSLA,2026-08-11,2026-08-17,C,505.0,72,0,1.15625421875,0.1,0.0,0.05
TSLA,2026-08-11,2026-08-17,C,510.0,51,41,1.1796916015624999,0.01,0.0,0.05
TSLA,2026-08-11,2026-08-17,C,515.0,21,14,1.203128984375,0.01,0.0,0.05
TSLA,2026-08-11,2026-08-17,C,520.0,102,99,1.2265663671875,0.04,0.0,0.05
TSLA,2026-08-11,2026-08-17,C,525.0,41,31,1.2500037499999999,0.01,0.0,0.05
TSLA,2026-08-11,2026-08-17,C,530.0,43,45,1.2656286718749998,0.04,0.0,0.05
TSLA,2026-08-11,2026-08-17,C,535.0,32,22,1.2890660546875,0.03,0.0,0.05
TSLA,2026-08-11,2026-08-17,C,540.0,36,19,1.3125034374999998,0.17,0.0,0.05
TSLA,2026-08-11,2026-08-17,C,545.0,24,9,1.3359408203124996,0.09,0.0,0.05
TSLA,2026-08-11,2026-08-17,C,550.0,138,48,1.359378203125,0.02,0.0,0.05
TSLA,2026-08-11,2026-08-17,C,555.0,153,19,1.3750031249999999,0.17,0.0,0.05
TSLA,2026-08-11,2026-08-17,C,560.0,168,62,1.3984405078125,0.02,0.0,0.05
TSLA,2026-08-11,2026-08-17,C,565.0,120,67,1.4140654296875002,0.02,0.0,0.05
TSLA,2026-08-11,2026-08-17,C,570.0,11,6,1.4375028125,0.02,0.0,0.05
TSLA,2026-08-11,2026-08-17,C,575.0,7,2,1.453127734375,0.14,0.0,0.05
TSLA,2026-08-11,2026-08-17,C,580.0,3,2,1.4765651171875,0.17,0.0,0.05
TSLA,2026-08-11,2026-08-17,C,585.0,5,1,1.5000025,0.13,0.0,0.05
TSLA,2026-08-11,2026-08-17,C,590.0,5,1,1.5156274218749999,0.13,0.0,0.05
TSLA,2026-08-11,2026-08-17,C,600.0,5,2,1.5546897265624997,0.17,0.0,0.05
TSLA,2026-08-11,2026-08-17,C,610.0,4,3,1.5937520312499998,0.17,0.0,0.05
TSLA,2026-08-11,2026-08-17,C,620.0,3,2,1.625001875,0.17,0.0,0.05
TSLA,2026-08-11,2026-08-17,C,630.0,13,1,1.46875265625,0.04,0.0,0.01
TSLA,2026-08-11,2026-08-17,P,160.0,38,1,1.625001875,0.06,0.0,0.01
TSLA,2026-08-11,2026-08-17,P,165.0,36,1,2.3046917382812495,0.11,0.0,0.51
TSLA,2026-08-11,2026-08-17,P,170.0,125,0,1.71875140625,0.03,0.0,0.05
TSLA,2026-08-11,2026-08-17,P,175.0,7,6,1.6484392578125,0.04,0.0,0.05
TSLA,2026-08-11,2026-08-17,P,185.0,431,1179,1.5078149609375,0.1,0.0,0.05
TSLA,2026-08-11,2026-08-17,P,190.0,83,0,1.4453152734375,0.02,0.0,0.05
TSLA,2026-08-11,2026-08-17,P,195.0,147,189,1.6972671386718752,0.04,0.0,0.35
TSLA,2026-08-11,2026-08-17,P,200.0,84,0,1.7070327148437499,0.04,0.0,0.52
TSLA,2026-08-11,2026-08-17,P,205.0,13,12,1.6289081054687498,0.04,0.0,0.52
TSLA,2026-08-11,2026-08-17,P,220.0,47,0,1.3535188574218748,0.09,0.0,0.4
TSLA,2026-08-11,2026-08-17,P,225.0,23,7,1.0859420703125,0.03,0.0,0.1
TSLA,2026-08-11,2026-08-17,P,230.0,28,0,1.0273486132812502,0.07,0.0,0.1
TSLA,2026-08-11,2026-08-17,P,235.0,29,22,0.9687503125,0.1,0.0,0.1
TSLA,2026-08-11,2026-08-17,P,240.0,6,3,0.914063359375,0.05,0.0,0.1
TSLA,2026-08-11,2026-08-17,P,245.0,8,2,0.8359391406249999,0.15,0.02,0.06
TSLA,2026-08-11,2026-08-17,P,250.0,150,1,0.8164080859374999,0.06,0.02,0.1
TSLA,2026-08-11,2026-08-17,P,255.0,545,543,0.7675804492187501,0.08,0.02,0.11
TSLA,2026-08-11,2026-08-17,P,260.0,205,2,0.7246121289062499,0.04,0.04,0.11
TSLA,2026-08-11,2026-08-17,P,265.0,19,7,0.6757844921875001,0.05,0.05,0.11
TSLA,2026-08-11,2026-08-17,P,270.0,80,33,0.6191444335937502,0.08,0.07,0.09
TSLA,2026-08-11,2026-08-17,P,275.0,520,121,0.5742230078125,0.07,0.08,0.1
TSLA,2026-08-11,2026-08-17,P,277.5,21,18,0.5546919531250001,0.08,0.09,0.11
TSLA,2026-08-11,2026-08-17,P,280.0,40,10,0.53320779296875,0.11,0.1,0.12
TSLA,2026-08-11,2026-08-17,P,282.5,17,30,0.5117236328125,0.13,0.11,0.13
TSLA,2026-08-11,2026-08-17,P,285.0,387,11,0.495122236328125,0.12,0.12,0.14
TSLA,2026-08-11,2026-08-17,P,287.5,13,2,0.471684970703125,0.11,0.13,0.15
TSLA,2026-08-11,2026-08-17,P,290.0,112,35,0.45166563964843753,0.15,0.15,0.17
TSLA,2026-08-11,2026-08-17,P,292.5,101,8,0.43066975585937506,0.12,0.18,0.19
TSLA,2026-08-11,2026-08-17,P,295.0,101,8,0.4145566357421875,0.23,0.2,0.23
TSLA,2026-08-11,2026-08-17,P,297.5,132,12,0.39600213378906257,0.26,0.25,0.27
TSLA,2026-08-11,2026-08-17,P,300.0,750,141,0.379889013671875,0.32,0.31,0.33
TSLA,2026-08-11,2026-08-17,P,302.5,83,12,0.370123486328125,0.36,0.42,0.44
TSLA,2026-08-11,2026-08-17,P,305.0,306,134,0.3566958862304687,0.55,0.54,0.56
TSLA,2026-08-11,2026-08-17,P,307.5,97,92,0.3461979443359374,0.75,0.72,0.74
TSLA,2026-08-11,2026-08-17,P,310.0,275,283,0.340826904296875,1.0,0.99,1.02
TSLA,2026-08-11,2026-08-17,P,312.5,208,216,0.3364324169921875,1.37,1.36,1.4
TSLA,2026-08-11,2026-08-17,P,315.0,241,559,0.335944140625,1.91,1.88,1.94
TSLA,2026-08-11,2026-08-17,P,317.5,202,416,0.3324041369628906,2.5,2.51,2.58
TSLA,2026-08-11,2026-08-17,P,320.0,847,1691,0.33399103515625,3.4,3.3,3.45
TSLA,2026-08-11,2026-08-17,P,322.5,340,524,0.33264827514648443,4.4,4.35,4.45
TSLA,2026-08-11,2026-08-17,P,325.0,494,1290,0.34180345703125,5.65,5.65,5.8
TSLA,2026-08-11,2026-08-17,P,327.5,865,766,0.3493717407226562,7.0,7.1,7.3
TSLA,2026-08-11,2026-08-17,P,330.0,780,2037,0.35645174804687496,8.81,8.75,8.95
TSLA,2026-08-11,2026-08-17,P,332.5,368,457,0.3606020971679687,10.27,10.4,10.7
TSLA,2026-08-11,2026-08-17,P,335.0,151,129,0.37708142456054683,11.93,12.4,12.75
TSLA,2026-08-11,2026-08-17,P,337.5,273,37,0.44824770507812495,13.7,14.4,15.6
TSLA,2026-08-11,2026-08-17,P,340.0,55,17,0.436529072265625,15.94,16.25,17.4
TSLA,2026-08-11,2026-08-17,P,345.0,15,8,0.5625043750000001,20.78,20.8,22.95
TSLA,2026-08-11,2026-08-17,P,350.0,27,3,0.6035195898437502,21.0,24.65,27.55
TSLA,2026-08-11,2026-08-17,P,355.0,7,2,0.5241746801757812,22.45,29.6,32.85
TSLA,2026-08-11,2026-08-17,P,360.0,33,1,0.6184120190429689,29.0,35.4,37.55
TSLA,2026-08-11,2026-08-17,P,375.0,4,2,0.7446314599609375,42.62,49.6,52.8
TSLA,2026-08-11,2026-08-17,P,377.5,0,1,0.6704134521484376,55.91,51.45,55.0
TSLA,2026-08-11,2026-08-17,P,380.0,1,91,0.6655306884765627,49.0,53.9,57.35
TSLA,2026-08-11,2026-08-17,P,415.0,0,0,0.9765627343750001,91.43,88.85,92.5
TSLA,2026-08-11,2026-08-19,C,285.0,20,10,0.7158231542968749,47.73,38.3,41.45
TSLA,2026-08-11,2026-08-19,C,290.0,4,10,0.6501499829101562,42.82,33.55,36.5
TSLA,2026-08-11,2026-08-19,C,295.0,20,2,0.5410202148437502,33.76,28.5,31.15
TSLA,2026-08-11,2026-08-19,C,300.0,43,5,0.4660697924804688,28.75,24.05,26.1
TSLA,2026-08-11,2026-08-19,C,305.0,2,3,0.4234676794433594,21.0,19.55,21.4
TSLA,2026-08-11,2026-08-19,C,310.0,17,11,0.36426416992187505,19.57,15.05,16.6
TSLA,2026-08-11,2026-08-19,C,312.5,28,1,0.3704896936035156,15.25,13.65,14.75
TSLA,2026-08-11,2026-08-19,C,315.0,49,24,0.3621889953613281,12.75,11.6,12.8
TSLA,2026-08-11,2026-08-19,C,317.5,11,3,0.35925933715820313,11.6,9.95,11.05
TSLA,2026-08-11,2026-08-19,C,320.0,65,40,0.33289241333007813,8.83,8.65,9.0
TSLA,2026-08-11,2026-08-19,C,322.5,31,57,0.3299017205810546,7.6,7.3,7.5
TSLA,2026-08-11,2026-08-19,C,325.0,75,630,0.3267889587402344,6.41,6.0,6.15
TSLA,2026-08-11,2026-08-19,C,327.5,58,195,0.3283758569335937,5.2,4.9,5.05
TSLA,2026-08-11,2026-08-19,C,330.0,723,612,0.3354558642578125,4.1,4.05,4.2
TSLA,2026-08-11,2026-08-19,C,332.5,2047,1617,0.33777517700195314,3.45,3.3,3.4
TSLA,2026-08-11,2026-08-19,C,335.0,485,813,0.33850759155273435,2.75,2.62,2.7
TSLA,2026-08-11,2026-08-19,C,337.5,197,360,0.34265794067382804,2.17,2.12,2.17
TSLA,2026-08-11,2026-08-19,C,340.0,361,216,0.3487613952636719,1.73,1.7,1.76
TSLA,2026-08-11,2026-08-19,C,342.5,139,269,0.3526676062011719,1.38,1.34,1.4
TSLA,2026-08-11,2026-08-19,C,345.0,319,130,0.35767243896484374,1.16,1.09,1.12
TSLA,2026-08-11,2026-08-19,C,347.5,134,297,0.3645083081054688,0.92,0.87,0.91
TSLA,2026-08-11,2026-08-19,C,350.0,525,584,0.37280900634765624,0.74,0.72,0.75
TSLA,2026-08-11,2026-08-19,C,352.5,92,82,0.38086556640624997,0.62,0.59,0.62
TSLA,2026-08-11,2026-08-19,C,355.0,183,14,0.389654541015625,0.58,0.5,0.52
TSLA,2026-08-11,2026-08-19,C,357.5,46,27,0.4008848974609375,0.43,0.42,0.45
TSLA,2026-08-11,2026-08-19,C,360.0,316,91,0.4116269775390625,0.37,0.36,0.39
TSLA,2026-08-11,2026-08-19,C,362.5,168,9,0.42236905761718746,0.35,0.31,0.34
TSLA,2026-08-11,2026-08-19,C,365.0,302,51,0.43604079589843747,0.31,0.28,0.31
TSLA,2026-08-11,2026-08-19,C,367.5,62,2,0.4458063232421875,0.27,0.24,0.27
TSLA,2026-08-11,2026-08-19,C,370.0,185,17,0.45654840332031255,0.23,0.22,0.24
TSLA,2026-08-11,2026-08-19,C,372.5,73,11,0.46924358886718753,0.27,0.2,0.22
TSLA,2026-08-11,2026-08-19,C,375.0,47,13,0.48438015625,0.2,0.18,0.21
TSLA,2026-08-11,2026-08-19,C,377.5,26,1,0.49561051269531253,0.2,0.16,0.19
TSLA,2026-08-11,2026-08-19,C,380.0,344,1,0.5009815527343751,0.17,0.15,0.17
TSLA,2026-08-11,2026-08-19,C,382.5,29,10,0.5136767382812499,0.29,0.14,0.16
TSLA,2026-08-11,2026-08-19,C,385.0,64,1,0.52539537109375,0.28,0.13,0.15
TSLA,2026-08-11,2026-08-19,C,387.5,8,1,0.5371140039062501,0.12,0.12,0.14
TSLA,2026-08-11,2026-08-19,C,390.0,126,6,0.5478560839843751,0.13,0.11,0.13
TSLA,2026-08-11,2026-08-19,C,392.5,29,2,0.5585981640625001,0.12,0.1,0.12
TSLA,2026-08-11,2026-08-19,C,395.0,83,21,0.5742230078125,0.13,0.1,0.12
TSLA,2026-08-11,2026-08-19,C,397.5,1,0,0.5820354296875,0.35,0.09,0.11
TSLA,2026-08-11,2026-08-19,C,400.0,240,1,0.5898478515625001,0.09,0.08,0.1
TSLA,2026-08-11,2026-08-19,C,405.0,36,3,0.6113320117187502,0.1,0.07,0.09
TSLA,2026-08-11,2026-08-19,C,410.0,103,10,0.63086306640625,0.1,0.06,0.08
TSLA,2026-08-11,2026-08-19,C,415.0,10,5,0.7041045214843751,0.1,0.06,0.18
TSLA,2026-08-11,2026-08-19,C,420.0,207,500,0.6875031250000001,0.1,0.05,0.09
TSLA,2026-08-11,2026-08-19,C,430.0,337,1,0.76367423828125,0.15,0.03,0.15
TSLA,2026-08-11,2026-08-19,C,435.0,12,1,0.7578149218750001,0.05,0.03,0.09
TSLA,2026-08-11,2026-08-19,C,440.0,6,1,0.789064609375,0.14,0.03,0.1
TSLA,2026-08-11,2026-08-19,C,445.0,7,43,0.7929708203125,0.05,0.03,0.07
TSLA,2026-08-11,2026-08-19,C,450.0,61,119,0.8261736132812498,0.05,0.01,0.1
TSLA,2026-08-11,2026-08-19,C,455.0,18,1,0.851563984375,0.14,0.01,0.1
TSLA,2026-08-11,2026-08-19,C,465.0,3,1,0.8984385156249999,0.11,0.01,0.1
TSLA,2026-08-11,2026-08-19,C,480.0,7,4,0.9257819921875,0.05,0.01,0.06
TSLA,2026-08-11,2026-08-19,C,485.0,21,4,0.937500625,0.05,0.01,0.05
TSLA,2026-08-11,2026-08-19,C,490.0,45,45,0.9414068359375,0.05,0.0,0.05
TSLA,2026-08-11,2026-08-19,C,495.0,18,2,1.0234423828125,0.05,0.0,0.1
TSLA,2026-08-11,2026-08-19,C,500.0,49,44,0.98437515625,0.05,0.0,0.05
TSLA,2026-08-11,2026-08-19,C,505.0,11,6,1.000005,0.05,0.0,0.05
TSLA,2026-08-11,2026-08-19,C,510.0,159,1,1.0234423828125,0.02,0.0,0.05
TSLA,2026-08-11,2026-08-19,C,515.0,11,1,1.109379453125,0.02,0.0,0.1
TSLA,2026-08-11,2026-08-19,C,520.0,21,16,1.12891060546875,0.02,0.0,0.1
TSLA,2026-08-11,2026-08-19,C,525.0,30,12,1.0781296093750001,0.02,0.0,0.05
TSLA,2026-08-11,2026-08-19,C,530.0,8,2,1.1015669921875002,0.18,0.0,0.05
TSLA,2026-08-11,2026-08-19,C,535.0,7,2,1.1171919140625,0.11,0.0,0.05
TSLA,2026-08-11,2026-08-19,C,540.0,63,65,1.140629296875,0.03,0.0,0.05
TSLA,2026-08-11,2026-08-19,C,545.0,8,2,1.15625421875,0.05,0.0,0.05
TSLA,2026-08-11,2026-08-19,C,550.0,53,23,1.171879140625,0.01,0.0,0.05
TSLA,2026-08-11,2026-08-19,C,555.0,8,5,1.1953165234375,0.11,0.0,0.05
TSLA,2026-08-11,2026-08-19,C,560.0,30,15,1.2109414453124998,0.1,0.0,0.05
TSLA,2026-08-11,2026-08-19,C,565.0,23,17,1.2265663671875,0.1,0.0,0.05
TSLA,2026-08-11,2026-08-19,C,570.0,16,31,1.2421912890624998,0.17,0.0,0.05
TSLA,2026-08-11,2026-08-19,C,575.0,28,31,1.2656286718749998,0.17,0.0,0.05
TSLA,2026-08-11,2026-08-19,C,580.0,133,160,1.2812535937499998,0.09,0.0,0.05
TSLA,2026-08-11,2026-08-19,C,585.0,7,3,1.2968785156249998,0.09,0.0,0.05
TSLA,2026-08-11,2026-08-19,C,590.0,54,71,1.3125034374999998,0.05,0.0,0.05
TSLA,2026-08-11,2026-08-19,C,600.0,9,5,1.3437532812499997,0.01,0.0,0.05
TSLA,2026-08-11,2026-08-19,P,215.0,202,4,1.0468797656250002,0.18,0.0,0.1
TSLA,2026-08-11,2026-08-19,P,220.0,211,1166,0.9960937890625,0.06,0.0,0.1
TSLA,2026-08-11,2026-08-19,P,225.0,1211,12,0.9414068359375,0.01,0.0,0.1
TSLA,2026-08-11,2026-08-19,P,230.0,1839,2,0.8906260937499999,0.06,0.0,0.1
TSLA,2026-08-11,2026-08-19,P,235.0,7,16,0.9726565234375,0.15,0.04,0.3
TSLA,2026-08-11,2026-08-19,P,240.0,60,3,0.8554701953125,0.16,0.04,0.16
TSLA,2026-08-11,2026-08-19,P,245.0,18,108,0.7695335546875001,0.08,0.03,0.11
TSLA,2026-08-11,2026-08-19,P,250.0,14,9,0.773439765625,0.12,0.01,0.24
TSLA,2026-08-11,2026-08-19,P,260.0,2,21,0.65039412109375,0.07,0.09,0.11
TSLA,2026-08-11,2026-08-19,P,265.0,53,40,0.6054726953125001,0.1,0.09,0.12
TSLA,2026-08-11,2026-08-19,P,270.0,98,14,0.569340244140625,0.1,0.11,0.14
TSLA,2026-08-11,2026-08-19,P,272.5,2,1,0.55273884765625,0.2,0.13,0.15
TSLA,2026-08-11,2026-08-19,P,275.0,5,0,0.5312546875,0.41,0.13,0.16
TSLA,2026-08-11,2026-08-19,P,277.5,1,1,0.5107470800781251,0.15,0.14,0.17
TSLA,2026-08-11,2026-08-19,P,280.0,126,20,0.5009815527343751,0.14,0.16,0.19
TSLA,2026-08-11,2026-08-19,P,282.5,8,0,0.48291532714843755,0.9,0.18,0.21
TSLA,2026-08-11,2026-08-19,P,285.0,28,13,0.463872548828125,0.21,0.21,0.23
TSLA,2026-08-11,2026-08-19,P,287.5,5,9,0.450200810546875,0.24,0.24,0.27
TSLA,2026-08-11,2026-08-19,P,290.0,83,14,0.43408769042968753,0.29,0.28,0.31
TSLA,2026-08-11,2026-08-19,P,292.5,29,16,0.418951123046875,0.32,0.33,0.36
TSLA,2026-08-11,2026-08-19,P,295.0,52,8,0.405279384765625,0.31,0.39,0.43
TSLA,2026-08-11,2026-08-19,P,297.5,57,17,0.39600213378906257,0.52,0.51,0.54
TSLA,2026-08-11,2026-08-19,P,300.0,200,50,0.3857483300781249,0.6,0.64,0.67
TSLA,2026-08-11,2026-08-19,P,302.5,55,19,0.3789124609375,0.83,0.82,0.86
TSLA,2026-08-11,2026-08-19,P,305.0,167,95,0.372076591796875,1.06,1.06,1.1
TSLA,2026-08-11,2026-08-19,P,307.5,45,76,0.3673158972167969,1.33,1.36,1.42
TSLA,2026-08-11,2026-08-19,P,310.0,109,372,0.36206692626953124,1.77,1.77,1.81
TSLA,2026-08-11,2026-08-19,P,312.5,62,41,0.35962554443359374,2.3,2.26,2.33
TSLA,2026-08-11,2026-08-19,P,315.0,175,74,0.3577945080566406,2.95,2.9,2.97
TSLA,2026-08-11,2026-08-19,P,317.5,52,140,0.3541324353027343,3.75,3.6,3.7
TSLA,2026-08-11,2026-08-19,P,320.0,194,253,0.35809968078613286,4.61,4.6,4.7
TSLA,2026-08-11,2026-08-19,P,322.5,109,490,0.3621889953613281,5.65,5.7,5.85
TSLA,2026-08-11,2026-08-19,P,325.0,96,684,0.36902486450195315,7.05,6.65,7.2
TSLA,2026-08-11,2026-08-19,P,327.5,1323,396,0.3711000390625,8.5,7.95,8.6
TSLA,2026-08-11,2026-08-19,P,330.0,192,250,0.37134417724609375,9.7,9.45,10.1
TSLA,2026-08-11,2026-08-19,P,332.5,317,97,0.3811097045898437,10.95,11.15,11.9
TSLA,2026-08-11,2026-08-19,P,335.0,93,36,0.36975727905273437,13.09,12.75,13.45
TSLA,2026-08-11,2026-08-19,P,340.0,37,3,0.43604079589843747,16.1,16.5,18.25
TSLA,2026-08-11,2026-08-19,P,342.5,40,10,0.47632359619140624,12.95,18.75,20.8
TSLA,2026-08-11,2026-08-19,P,345.0,49,48,0.47632359619140624,15.75,20.95,22.8
TSLA,2026-08-11,2026-08-19,P,350.0,5,2,0.5105029418945313,26.02,25.35,27.4
TSLA,2026-08-11,2026-08-19,P,355.0,5,52,0.5109912182617188,30.75,29.1,31.75
TSLA,2026-08-11,2026-08-19,P,365.0,6,51,0.5407760766601564,40.41,39.5,42.75
TSLA,2026-08-11,2026-08-19,P,370.0,2,2,0.5127001855468749,37.65,43.6,47.8
TSLA,2026-08-11,2026-08-21,C,5.0,11671,40,1.0000000000000003e-05,320.71,317.7,319.35
TSLA,2026-08-11,2026-08-21,C,10.0,13,1,10.25781608886719,319.95,312.25,315.3
TSLA,2026-08-11,2026-08-21,C,15.0,1,0,0.0,450.0,414.35,422.25
TSLA,2026-08-11,2026-08-21,C,20.0,106,2,8.830082606201172,303.19,302.05,305.8
TSLA,2026-08-11,2026-08-21,C,25.0,0,0,9.187504257812499,298.19,297.05,301.85
TSLA,2026-08-11,2026-08-21,C,30.0,44,16,6.14062732421875,362.67,292.3,295.05
TSLA,2026-08-11,2026-08-21,C,50.0,16,6,5.562503046874999,272.91,272.25,275.6
TSLA,2026-08-11,2026-08-21,C,55.0,12,6,5.700198187255859,267.94,267.3,271.1
TSLA,2026-08-11,2026-08-21,C,60.0,4,1,5.882815146484376,339.09,262.3,266.85
TSLA,2026-08-11,2026-08-21,C,65.0,0,0,5.229495650634766,344.5,257.05,261.2
TSLA,2026-08-11,2026-08-21,C,70.0,1,1,0.0,379.07,325.55,334.0
TSLA,2026-08-11,2026-08-21,C,80.0,5,3,4.5400433874511705,242.25,242.35,246.15
TSLA,2026-08-11,2026-08-21,C,85.0,3,5,4.530277774658202,240.34,237.3,241.5
TSLA,2026-08-11,2026-08-21,C,90.0,10,4,4.345707692871093,310.62,232.3,236.5
TSLA,2026-08-11,2026-08-21,C,95.0,1,2,17.108891372222907,318.8,295.15,302.5
TSLA,2026-08-11,2026-08-21,C,100.0,830,2,3.8232426293945316,207.84,223.1,226.1
TSLA,2026-08-11,2026-08-21,C,105.0,17,10,15.504394841003418,291.98,287.85,292.2
TSLA,2026-08-11,2026-08-21,C,110.0,99,20,3.724121783447266,298.01,212.4,216.55
TSLA,2026-08-11,2026-08-21,C,115.0,204,2,3.4414076464843752,278.7,207.4,211.2
TSLA,2026-08-11,2026-08-21,C,120.0,118,3,3.3115251586914063,205.59,202.4,206.2
TSLA,2026-08-11,2026-08-21,C,125.0,161,12,3.225587873535156,196.36,197.15,201.3
TSLA,2026-08-11,2026-08-21,C,130.0,217,12,3.1044944262695306,191.39,192.35,196.3
TSLA,2026-08-11,2026-08-21,C,135.0,190,6,2.988283779296875,189.07,187.35,191.3
TSLA,2026-08-11,2026-08-21,C,140.0,123,1,2.8408232104492184,178.34,182.45,186.2
TSLA,2026-08-11,2026-08-21,C,145.0,122,5,2.7343781640625,238.55,177.45,181.2
TSLA,2026-08-11,2026-08-21,C,150.0,194,6,2.696292321777344,180.16,172.45,176.4
TSLA,2026-08-11,2026-08-21,C,155.0,77,6,2.594730075683594,240.02,167.5,171.4
TSLA,2026-08-11,2026-08-21,C,160.0,235,6,2.4658241479492187,165.95,162.4,166.3
TSLA,2026-08-11,2026-08-21,C,165.0,278,1,2.356449421386718,211.48,157.45,161.25
TSLA,2026-08-11,2026-08-21,C,170.0,38,3,2.2934612976074216,158.8,152.45,156.35
TSLA,2026-08-11,2026-08-21,C,175.0,538,1,1.4902369238281248,149.1,148.4,151.35
TSLA,2026-08-11,2026-08-21,C,180.0,77,10,2.0898485253906243,130.59,142.55,146.25
TSLA,2026-08-11,2026-08-21,C,185.0,18,2,2.0053760803222658,146.97,137.45,141.25
TSLA,2026-08-11,2026-08-21,C,190.0,98,1,1.97265638671875,139.43,132.55,136.45
TSLA,2026-08-11,2026-08-21,C,195.0,35,1,1.85546947265625,137.32,127.55,131.3
TSLA,2026-08-11,2026-08-21,C,200.0,205,1,1.7763683056640622,129.45,122.55,126.3
TSLA,2026-08-11,2026-08-21,C,205.0,56,1,1.7216810791015624,122.88,117.6,121.4
TSLA,2026-08-11,2026-08-21,C,210.0,76,1,1.6240253173828125,123.6,113.2,116.3
TSLA,2026-08-11,2026-08-21,C,215.0,35,1,1.5708029272460937,110.05,107.5,111.4
TSLA,2026-08-11,2026-08-21,C,220.0,558,28,1.4135771508789063,104.9,103.35,106.0
TSLA,2026-08-11,2026-08-21,C,225.0,63,2,1.4257841210937499,102.85,97.6,101.4
TSLA,2026-08-11,2026-08-21,C,230.0,111,4,1.3461946752929683,95.28,92.95,96.35
TSLA,2026-08-11,2026-08-21,C,235.0,72,1,1.294437121582031,98.25,87.7,91.45
TSLA,2026-08-11,2026-08-21,C,240.0,438,3,1.1355023693847657,92.3,83.05,85.95
TSLA,2026-08-11,2026-08-21,C,245.0,75,218,1.1579631945800783,63.99,77.95,81.45
TSLA,2026-08-11,2026-08-21,C,250.0,323,35,0.6835969140625001,77.0,73.35,76.4
TSLA,2026-08-11,2026-08-21,C,255.0,89,4,1.0466356262207035,72.9,67.75,71.6
TSLA,2026-08-11,2026-08-21,C,260.0,282,2,0.6084023535156251,71.57,63.4,66.4
TSLA,2026-08-11,2026-08-21,C,265.0,492,56,0.8071308349609375,64.66,58.25,60.85
TSLA,2026-08-11,2026-08-21,C,270.0,661,2,0.6567417138671876,57.45,53.85,55.35
TSLA,2026-08-11,2026-08-21,C,275.0,137,1,0.7609887182617189,50.5,48.45,51.4
TSLA,2026-08-11,2026-08-21,C,280.0,468,5,0.6491734301757812,47.97,43.85,46.0
TSLA,2026-08-11,2026-08-21,C,285.0,99,4,0.4953663745117188,47.3,38.5,40.35
TSLA,2026-08-11,2026-08-21,C,287.5,40,148,0.5588423022460938,40.7,36.25,38.5
TSLA,2026-08-11,2026-08-21,C,290.0,502,1,0.44995667236328124,45.6,34.2,35.4
TSLA,2026-08-11,2026-08-21,C,292.5,52,2,0.48743188354492195,33.2,31.6,33.4
TSLA,2026-08-11,2026-08-21,C,295.0,134,12,0.4630180651855469,30.71,29.45,30.95
TSLA,2026-08-11,2026-08-21,C,297.5,111,2,0.4480035668945312,28.45,27.15,28.6
TSLA,2026-08-11,2026-08-21,C,300.0,2204,71,0.42163664306640625,25.93,25.0,26.15
TSLA,2026-08-11,2026-08-21,C,302.5,361,6,0.4198056066894531,23.65,22.85,24.0
TSLA,2026-08-11,2026-08-21,C,305.0,2342,14,0.3667055517578125,21.76,20.3,21.25
TSLA,2026-08-11,2026-08-21,C,307.5,393,26,0.34924967163085935,20.05,18.75,18.95
TSLA,2026-08-11,2026-08-21,C,310.0,3333,73,0.3461979443359374,17.59,16.65,16.9
TSLA,2026-08-11,2026-08-21,C,312.5,657,72,0.3523013989257812,14.97,14.85,15.1
TSLA,2026-08-11,2026-08-21,C,315.0,2782,466,0.348639326171875,13.07,13.1,13.25
TSLA,2026-08-11,2026-08-21,C,317.5,666,116,0.34192552612304683,11.65,11.3,11.45
TSLA,2026-08-11,2026-08-21,C,320.0,3624,421,0.34656415161132803,9.9,9.85,10.0
TSLA,2026-08-11,2026-08-21,C,322.5,787,1262,0.34705242797851554,8.6,8.5,8.6
TSLA,2026-08-11,2026-08-21,C,325.0,3955,1875,0.3482120843505859,7.35,7.25,7.35
TSLA,2026-08-11,2026-08-21,C,327.5,807,734,0.3478458770751953,6.25,6.1,6.2
TSLA,2026-08-11,2026-08-21,C,330.0,4726,3156,0.3532779516601562,5.26,5.25,5.3
TSLA,2026-08-11,2026-08-21,C,332.5,1326,960,0.3577945080566406,4.6,4.4,4.5
TSLA,2026-08-11,2026-08-21,C,335.0,2951,2145,0.35681795532226557,3.7,3.65,3.7
TSLA,2026-08-11,2026-08-21,C,340.0,7653,2480,0.36304347900390627,2.55,2.52,2.56
TSLA,2026-08-11,2026-08-21,C,345.0,3558,852,0.37219866088867193,1.77,1.75,1.78
TSLA,2026-08-11,2026-08-21,C,350.0,15543,4421,0.38233039550781245,1.23,1.21,1.24
TSLA,2026-08-11,2026-08-21,C,355.0,2644,892,0.39551385742187506,0.89,0.88,0.89
TSLA,2026-08-11,2026-08-21,C,357.5,777,194,0.40259386474609377,0.75,0.75,0.76
TSLA,2026-08-11,2026-08-21,C,360.0,7178,1026,0.4096738720703125,0.67,0.64,0.65
TSLA,2026-08-11,2026-08-21,C,362.5,1850,82,0.42017181396484377,0.58,0.56,0.58
TSLA,2026-08-11,2026-08-21,C,365.0,1806,506,0.4272518212890626,0.5,0.49,0.5
TSLA,2026-08-11,2026-08-21,C,367.5,540,53,0.437505625,0.44,0.43,0.45
TSLA,2026-08-11,2026-08-21,C,370.0,4757,350,0.4467828759765625,0.39,0.39,0.4
TSLA,2026-08-11,2026-08-21,C,372.5,958,170,0.4585015087890626,0.37,0.35,0.37
TSLA,2026-08-11,2026-08-21,C,375.0,3566,799,0.4672904833984375,0.32,0.31,0.33
TSLA,2026-08-11,2026-08-21,C,377.5,1507,43,0.476567734375,0.31,0.29,0.3
TSLA,2026-08-11,2026-08-21,C,380.0,7814,270,0.48828636718750007,0.28,0.26,0.28
TSLA,2026-08-11,2026-08-21,C,382.5,1388,42,0.499028447265625,0.27,0.25,0.26
TSLA,2026-08-11,2026-08-21,C,385.0,3599,558,0.508793974609375,0.25,0.23,0.25
TSLA,2026-08-11,2026-08-21,C,387.5,438,15,0.5200243310546875,0.24,0.22,0.23
TSLA,2026-08-11,2026-08-21,C,390.0,8777,496,0.5283250292968751,0.2,0.2,0.21
TSLA,2026-08-11,2026-08-21,C,392.5,886,75,0.5380905566406251,0.2,0.18,0.2
TSLA,2026-08-11,2026-08-21,C,395.0,5061,38,0.5507857421875001,0.19,0.18,0.19
TSLA,2026-08-11,2026-08-21,C,397.5,375,190,0.561527822265625,0.28,0.17,0.18
TSLA,2026-08-11,2026-08-21,C,400.0,19414,346,0.5712933496093751,0.16,0.16,0.17
TSLA,2026-08-11,2026-08-21,C,402.5,543,20,0.5810588769531251,0.18,0.15,0.16
TSLA,2026-08-11,2026-08-21,C,405.0,4119,127,0.5927775097656252,0.16,0.14,0.16
TSLA,2026-08-11,2026-08-21,C,410.0,6904,56,0.6123085644531252,0.14,0.13,0.14
TSLA,2026-08-11,2026-08-21,C,415.0,4122,877,0.632816171875,0.13,0.12,0.13
TSLA,2026-08-11,2026-08-21,C,420.0,17612,4258,0.6523472265625001,0.12,0.11,0.12
TSLA,2026-08-11,2026-08-21,C,425.0,2395,7,0.6709017285156251,0.12,0.1,0.11
TSLA,2026-08-11,2026-08-21,C,430.0,6301,93,0.6962920996093751,0.1,0.1,0.11
TSLA,2026-08-11,2026-08-21,C,435.0,2343,21,0.70898728515625,0.1,0.08,0.1
TSLA,2026-08-11,2026-08-21,C,440.0,6845,35,0.726565234375,0.08,0.07,0.1
TSLA,2026-08-11,2026-08-21,C,445.0,2445,11,0.7460962890625,0.08,0.07,0.09
TSLA,2026-08-11,2026-08-21,C,450.0,13477,203,0.76367423828125,0.08,0.07,0.08
TSLA,2026-08-11,2026-08-21,C,455.0,2355,16,0.7812521875,0.08,0.05,0.09
TSLA,2026-08-11,2026-08-21,C,460.0,5634,74,0.789064609375,0.07,0.05,0.07
TSLA,2026-08-11,2026-08-21,C,465.0,1040,31,0.8164080859374999,0.07,0.05,0.08
TSLA,2026-08-11,2026-08-21,C,470.0,4736,5,0.8320329296874999,0.07,0.05,0.07
TSLA,2026-08-11,2026-08-21,C,475.0,2770,12,0.8203142968749999,0.07,0.02,0.06
TSLA,2026-08-11,2026-08-21,C,480.0,4625,113,0.867188828125,0.05,0.05,0.06
TSLA,2026-08-11,2026-08-21,C,485.0,681,1,0.8359391406249999,0.06,0.01,0.05
TSLA,2026-08-11,2026-08-21,C,490.0,2879,79,0.8867198828124999,0.05,0.04,0.05
TSLA,2026-08-11,2026-08-21,C,495.0,867,3,0.8867198828124999,0.04,0.02,0.05
TSLA,2026-08-11,2026-08-21,C,500.0,18024,277,0.9062509375,0.04,0.03,0.04
TSLA,2026-08-11,2026-08-21,C,505.0,2222,13,0.937500625,0.03,0.03,0.05
TSLA,2026-08-11,2026-08-21,C,510.0,1706,10,0.929688203125,0.04,0.01,0.05
TSLA,2026-08-11,2026-08-21,C,515.0,335,1,0.945313046875,0.05,0.01,0.05
TSLA,2026-08-11,2026-08-21,C,520.0,4482,20,0.9648441015625,0.04,0.02,0.04
TSLA,2026-08-11,2026-08-21,C,525.0,679,10,0.9687503125,0.03,0.01,0.04
TSLA,2026-08-11,2026-08-21,C,530.0,2046,25,0.98437515625,0.04,0.01,0.04
TSLA,2026-08-11,2026-08-21,C,535.0,546,3,1.000005,0.05,0.0,0.05
TSLA,2026-08-11,2026-08-21,C,540.0,1100,6,1.0312548437500002,0.04,0.01,0.05
TSLA,2026-08-11,2026-08-21,C,545.0,248,1,1.0312548437500002,0.02,0.0,0.05
TSLA,2026-08-11,2026-08-21,C,550.0,4757,131,1.0078174609375,0.02,0.01,0.02
TSLA,2026-08-11,2026-08-21,C,555.0,700,16,1.0625046875000002,0.04,0.0,0.05
TSLA,2026-08-11,2026-08-21,C,560.0,2179,3,1.08203583984375,0.02,0.0,0.05
TSLA,2026-08-11,2026-08-21,C,565.0,391,1,1.0976607617187502,0.05,0.0,0.05
TSLA,2026-08-11,2026-08-21,C,570.0,849,3,1.11328568359375,0.03,0.0,0.05
TSLA,2026-08-11,2026-08-21,C,575.0,202,3,1.125004375,0.03,0.0,0.05
TSLA,2026-08-11,2026-08-21,C,580.0,1429,2,1.1640666796875,0.03,0.01,0.05
TSLA,2026-08-11,2026-08-21,C,585.0,130,1,1.15625421875,0.05,0.0,0.05
TSLA,2026-08-11,2026-08-21,C,590.0,657,2,1.171879140625,0.07,0.0,0.05
TSLA,2026-08-11,2026-08-21,C,595.0,128,48,1.1875040625,0.05,0.0,0.05
TSLA,2026-08-11,2026-08-21,C,600.0,7862,23,1.1796916015624999,0.02,0.01,0.03
TSLA,2026-08-11,2026-08-21,C,605.0,87,1,1.21875390625,0.04,0.0,0.05
TSLA,2026-08-11,2026-08-21,C,610.0,1154,4,1.2500037499999999,0.03,0.01,0.05
TSLA,2026-08-11,2026-08-21,C,615.0,58,7,1.2500037499999999,0.06,0.0,0.05
TSLA,2026-08-11,2026-08-21,C,620.0,818,3,1.2578162109375,0.03,0.0,0.05
TSLA,2026-08-11,2026-08-21,C,625.0,467,1,1.2734411328124997,0.03,0.0,0.05
TSLA,2026-08-11,2026-08-21,C,630.0,324,5,1.2890660546875,0.03,0.0,0.05
TSLA,2026-08-11,2026-08-21,C,635.0,77,3,1.3046909765624997,0.02,0.0,0.05
TSLA,2026-08-11,2026-08-21,C,640.0,1308,45,1.3125034374999998,0.02,0.0,0.05
TSLA,2026-08-11,2026-08-21,C,645.0,157,89,1.3281283593749997,0.02,0.0,0.05
TSLA,2026-08-11,2026-08-21,C,650.0,1477,2,1.3203158984374999,0.05,0.0,0.04
TSLA,2026-08-11,2026-08-21,C,655.0,448,308,1.359378203125,0.02,0.0,0.05
TSLA,2026-08-11,2026-08-21,C,660.0,1533,1,1.3671906640625,0.02,0.0,0.05
TSLA,2026-08-11,2026-08-21,C,670.0,675,21,1.3906280468749999,0.01,0.0,0.05
TSLA,2026-08-11,2026-08-21,C,680.0,574,2,1.421877890625,0.02,0.0,0.05
TSLA,2026-08-11,2026-08-21,C,690.0,830,1,1.4453152734375,0.01,0.0,0.05
TSLA,2026-08-11,2026-08-21,C,700.0,1445,2,1.3750031249999999,0.01,0.0,0.02
TSLA,2026-08-11,2026-08-21,C,710.0,338,12,1.4921900390624998,0.05,0.0,0.05
TSLA,2026-08-11,2026-08-21,C,720.0,607,5,1.5156274218749999,0.03,0.0,0.05
TSLA,2026-08-11,2026-08-21,C,730.0,678,16,1.5390648046875,0.04,0.0,0.05
TSLA,2026-08-11,2026-08-21,C,740.0,718,11,1.5625021874999998,0.05,0.0,0.05
TSLA,2026-08-11,2026-08-21,C,750.0,5020,1,1.484377578125,0.01,0.0,0.02
TSLA,2026-08-11,2026-08-21,C,760.0,1678,93,1.609376953125,0.03,0.0,0.05
TSLA,2026-08-11,2026-08-21,C,770.0,595,1,1.6328143359374998,0.02,0.0,0.05
TSLA,2026-08-11,2026-08-21,C,780.0,582,1,1.5468772656249998,0.02,0.0,0.02
TSLA,2026-08-11,2026-08-21,C,790.0,288,1,1.671876640625,0.02,0.0,0.05
TSLA,2026-08-11,2026-08-21,C,800.0,1598,10,1.5937520312499998,0.05,0.0,0.02
TSLA,2026-08-11,2026-08-21,C,810.0,343,5,1.5937520312499998,0.04,0.0,0.02
TSLA,2026-08-11,2026-08-21,C,820.0,634,42,1.734376328125,0.01,0.0,0.05
TSLA,2026-08-11,2026-08-21,C,830.0,735,160,1.7578137109375,0.01,0.0,0.05
TSLA,2026-08-11,2026-08-21,C,840.0,959,2,1.65625171875,0.01,0.0,0.02
TSLA,2026-08-11,2026-08-21,C,850.0,3323,6,1.6875015625,0.01,0.0,0.02
TSLA,2026-08-11,2026-08-21,C,860.0,635,25,1.6875015625,0.01,0.0,0.02
TSLA,2026-08-11,2026-08-21,C,870.0,379,22,1.8359383203124997,0.01,0.0,0.05
TSLA,2026-08-11,2026-08-21,C,880.0,232,10,2.279301176757812,0.01,0.0,0.51
TSLA,2026-08-11,2026-08-21,C,890.0,397,5,1.875000625,0.02,0.0,0.05
TSLA,2026-08-11,2026-08-21,C,900.0,1101,1,1.78125109375,0.01,0.0,0.02
TSLA,2026-08-11,2026-08-21,C,910.0,461,16,1.9062504687500001,0.01,0.0,0.05
TSLA,2026-08-11,2026-08-21,C,920.0,394,51,1.9218753906250001,0.03,0.0,0.05
TSLA,2026-08-11,2026-08-21,C,930.0,989,3,1.8125009374999999,0.01,0.0,0.02
TSLA,2026-08-11,2026-08-21,C,940.0,671,11,1.9609376953125,0.09,0.0,0.05
TSLA,2026-08-11,2026-08-21,C,950.0,398,1,1.75000125,0.01,0.0,0.01
TSLA,2026-08-11,2026-08-21,C,960.0,246,17,1.9921875390625,0.09,0.0,0.05
TSLA,2026-08-11,2026-08-21,C,970.0,330,123,2.0156299609375,0.05,0.0,0.05
TSLA,2026-08-11,2026-08-21,C,980.0,4015,6,1.9062504687500001,0.01,0.0,0.02
TSLA,2026-08-11,2026-08-21,C,990.0,11079,9,1.8125009374999999,0.01,0.0,0.01
TSLA,2026-08-11,2026-08-21,P,5.0,5294,4,7.500000625,0.01,0.0,0.01
TSLA,2026-08-11,2026-08-21,P,10.0,80,7,6.2500021875,0.02,0.0,0.01
TSLA,2026-08-11,2026-08-21,P,15.0,0,1,0.500005,0.01,0.0,0.0
TSLA,2026-08-11,2026-08-21,P,20.0,446,2,4.875003906249999,0.01,0.0,0.01
TSLA,2026-08-11,2026-08-21,P,25.0,1336,1,4.500004375,0.01,0.0,0.01
TSLA,2026-08-11,2026-08-21,P,30.0,253,13,4.187504765625,0.02,0.0,0.01
TSLA,2026-08-11,2026-08-21,P,35.0,2527,5,3.8750003125,0.02,0.0,0.01
TSLA,2026-08-11,2026-08-21,P,40.0,2975,2,3.6875007812500002,0.01,0.0,0.01
TSLA,2026-08-11,2026-08-21,P,45.0,988,16,3.50000125,0.05,0.0,0.01
TSLA,2026-08-11,2026-08-21,P,50.0,1177,2,3.2500018749999997,0.01,0.0,0.01
TSLA,2026-08-11,2026-08-21,P,55.0,429,30,4.0234424707031256,0.01,0.0,0.2
TSLA,2026-08-11,2026-08-21,P,60.0,388,2,3.2968767578125,0.01,0.0,0.04
TSLA,2026-08-11,2026-08-21,P,65.0,739,1,3.2031269921874994,0.01,0.0,0.05
TSLA,2026-08-11,2026-08-21,P,70.0,838,4,2.68750328125,0.01,0.0,0.01
TSLA,2026-08-11,2026-08-21,P,75.0,464,4,3.0468773828125,0.01,0.0,0.08
TSLA,2026-08-11,2026-08-21,P,80.0,529,21,2.50000375,0.01,0.0,0.01
TSLA,2026-08-11,2026-08-21,P,85.0,350,50,2.3750040624999995,0.06,0.0,0.01
TSLA,2026-08-11,2026-08-21,P,90.0,995,3,2.2500043749999996,0.02,0.0,0.01
TSLA,2026-08-11,2026-08-21,P,95.0,941,15,2.1875045312499997,0.01,0.0,0.01
TSLA,2026-08-11,2026-08-21,P,100.0,3731,501,2.0625048437499998,0.01,0.0,0.01
TSLA,2026-08-11,2026-08-21,P,105.0,276,6,2.3593791015624994,0.05,0.0,0.08
TSLA,2026-08-11,2026-08-21,P,110.0,360,1,2.6406283984375003,0.02,0.0,0.35
TSLA,2026-08-11,2026-08-21,P,115.0,302,1,2.0937547656249995,0.02,0.0,0.05
TSLA,2026-08-11,2026-08-21,P,120.0,902,10,2.000005,0.01,0.0,0.05
TSLA,2026-08-11,2026-08-21,P,125.0,329,1,1.9218753906250001,0.06,0.0,0.05
TSLA,2026-08-11,2026-08-21,P,130.0,750,20,1.8828130859374999,0.01,0.01,0.05
TSLA,2026-08-11,2026-08-21,P,135.0,448,80,2.281254296875,0.03,0.01,0.52
TSLA,2026-08-11,2026-08-21,P,140.0,317,10,1.734376328125,0.03,0.01,0.05
TSLA,2026-08-11,2026-08-21,P,145.0,443,10,1.671876640625,0.03,0.01,0.05
TSLA,2026-08-11,2026-08-21,P,150.0,10628,20,1.6015644921874999,0.03,0.01,0.05
TSLA,2026-08-11,2026-08-21,P,155.0,250,40,1.5390648046875,0.03,0.01,0.05
TSLA,2026-08-11,2026-08-21,P,160.0,4041,50,1.865235048828125,0.03,0.0,0.52
TSLA,2026-08-11,2026-08-21,P,165.0,4430,4009,1.3906280468749999,0.08,0.0,0.05
TSLA,2026-08-11,2026-08-21,P,170.0,1417,1,1.3359408203124996,0.02,0.0,0.05
TSLA,2026-08-11,2026-08-21,P,175.0,894,1,1.2968785156249998,0.02,0.01,0.05
TSLA,2026-08-11,2026-08-21,P,180.0,832,3,1.6582048339843751,0.01,0.01,0.73
TSLA,2026-08-11,2026-08-21,P,185.0,1399,60,1.171879140625,0.02,0.0,0.05
TSLA,2026-08-11,2026-08-21,P,190.0,638,19,1.1367230664062502,0.02,0.01,0.05
TSLA,2026-08-11,2026-08-21,P,195.0,684,1,1.0703171484375003,0.02,0.0,0.05
TSLA,2026-08-11,2026-08-21,P,200.0,5536,155,1.015629921875,0.02,0.02,0.03
TSLA,2026-08-11,2026-08-21,P,205.0,3731,30,0.9687503125,0.03,0.0,0.05
TSLA,2026-08-11,2026-08-21,P,210.0,452,11,0.92187578125,0.03,0.0,0.05
TSLA,2026-08-11,2026-08-21,P,215.0,953,24,0.9062509375,0.03,0.01,0.06
TSLA,2026-08-11,2026-08-21,P,220.0,1341,1,0.8984385156249999,0.04,0.03,0.08
TSLA,2026-08-11,2026-08-21,P,225.0,867,49,0.867188828125,0.05,0.03,0.1
TSLA,2026-08-11,2026-08-21,P,230.0,3011,21,0.79687703125,0.04,0.04,0.06
TSLA,2026-08-11,2026-08-21,P,235.0,1035,7,0.7851583984375,0.07,0.05,0.1
TSLA,2026-08-11,2026-08-21,P,240.0,1586,2,0.7460962890625,0.05,0.06,0.1
TSLA,2026-08-11,2026-08-21,P,245.0,874,1,0.7050810742187501,0.04,0.07,0.1
TSLA,2026-08-11,2026-08-21,P,250.0,4286,8,0.6718782812500002,0.1,0.09,0.11
TSLA,2026-08-11,2026-08-21,P,255.0,704,37,0.63086306640625,0.09,0.1,0.11
TSLA,2026-08-11,2026-08-21,P,260.0,3187,16,0.6025430371093752,0.12,0.12,0.14
TSLA,2026-08-11,2026-08-21,P,265.0,1493,30,0.5654340332031251,0.14,0.14,0.15
TSLA,2026-08-11,2026-08-21,P,270.0,5367,15,0.5293015820312501,0.16,0.16,0.17
TSLA,2026-08-11,2026-08-21,P,275.0,2730,69,0.5019581054687501,0.18,0.19,0.21
TSLA,2026-08-11,2026-08-21,P,280.0,5100,74,0.471684970703125,0.26,0.25,0.26
TSLA,2026-08-11,2026-08-21,P,285.0,2629,109,0.4467828759765625,0.35,0.33,0.35
TSLA,2026-08-11,2026-08-21,P,287.5,273,25,0.4331111376953125,0.38,0.39,0.4
TSLA,2026-08-11,2026-08-21,P,290.0,4481,373,0.424810439453125,0.46,0.47,0.49
TSLA,2026-08-11,2026-08-21,P,292.5,560,36,0.41528905029296875,0.57,0.57,0.59
TSLA,2026-08-11,2026-08-21,P,295.0,6803,571,0.40552352294921873,0.69,0.69,0.71
TSLA,2026-08-11,2026-08-21,P,297.5,451,177,0.39771110107421875,0.82,0.85,0.87
TSLA,2026-08-11,2026-08-21,P,300.0,10184,834,0.38941040283203127,1.06,1.04,1.06
TSLA,2026-08-11,2026-08-21,P,302.5,2617,130,0.3857483300781249,1.32,1.32,1.34
TSLA,2026-08-11,2026-08-21,P,305.0,3975,597,0.3803772900390625,1.63,1.65,1.66
TSLA,2026-08-11,2026-08-21,P,307.5,974,316,0.37756970092773434,2.05,2.05,2.08
TSLA,2026-08-11,2026-08-21,P,310.0,5093,509,0.37402969726562496,2.56,2.53,2.57
TSLA,2026-08-11,2026-08-21,P,312.5,1441,84,0.3734193518066406,3.07,3.1,3.2
TSLA,2026-08-11,2026-08-21,P,315.0,2973,658,0.37354142089843745,3.87,3.85,3.95
TSLA,2026-08-11,2026-08-21,P,317.5,928,743,0.37036762451171873,4.7,4.65,4.75
TSLA,2026-08-11,2026-08-21,P,320.0,7247,928,0.36890279541015625,5.73,5.65,5.7
TSLA,2026-08-11,2026-08-21,P,322.5,542,710,0.3711000390625,6.75,6.75,6.85
TSLA,2026-08-11,2026-08-21,P,325.0,3352,1147,0.37201555725097657,8.1,8.0,8.1
TSLA,2026-08-11,2026-08-21,P,327.5,1202,830,0.3764710791015625,9.16,9.4,9.55
TSLA,2026-08-11,2026-08-21,P,330.0,6133,1089,0.3776917700195312,11.0,10.9,11.05
TSLA,2026-08-11,2026-08-21,P,332.5,824,650,0.38318487915039057,11.75,12.65,12.75
TSLA,2026-08-11,2026-08-21,P,335.0,1504,1081,0.39380489013671877,14.35,14.45,14.65
TSLA,2026-08-11,2026-08-21,P,340.0,5712,387,0.39880972290039063,18.3,18.2,18.4
TSLA,2026-08-11,2026-08-21,P,345.0,2233,69,0.43897045410156255,21.87,21.85,23.0
TSLA,2026-08-11,2026-08-21,P,350.0,8076,52,0.4710746252441406,26.77,25.9,27.6
TSLA,2026-08-11,2026-08-21,P,355.0,2184,18,0.48291532714843755,30.65,30.55,32.05
TSLA,2026-08-11,2026-08-21,P,357.5,71,32,0.5041553491210937,30.83,32.75,34.5
TSLA,2026-08-11,2026-08-21,P,360.0,6398,29,0.5290574438476563,35.62,35.35,37.0
TSLA,2026-08-11,2026-08-21,P,362.5,92,4,0.5710492114257812,31.15,37.2,39.7
TSLA,2026-08-11,2026-08-21,P,365.0,1204,8,0.5483443603515626,40.5,40.1,41.7
TSLA,2026-08-11,2026-08-21,P,367.5,298,8,0.5551802294921876,35.53,42.2,44.05
TSLA,2026-08-11,2026-08-21,P,370.0,4556,17,0.5935099243164064,45.18,44.95,46.7
TSLA,2026-08-11,2026-08-21,P,372.5,432,1,0.5168505346679688,44.67,47.35,49.5
TSLA,2026-08-11,2026-08-21,P,375.0,2426,2,0.5556685058593751,47.45,49.85,52.25
TSLA,2026-08-11,2026-08-21,P,377.5,266,1,0.524418818359375,51.19,51.65,54.85
TSLA,2026-08-11,2026-08-21,P,380.0,6344,19,0.594730615234375,56.02,54.75,57.35
TSLA,2026-08-11,2026-08-21,P,382.5,89,1,0.5502974658203126,57.5,56.85,59.55
TSLA,2026-08-11,2026-08-21,P,385.0,1081,1,0.6118202880859377,53.4,59.75,62.1
TSLA,2026-08-11,2026-08-21,P,387.5,43,1,0.56055126953125,58.78,62.05,64.15
TSLA,2026-08-11,2026-08-21,P,390.0,6186,27,0.63867548828125,65.22,64.75,67.0
TSLA,2026-08-11,2026-08-21,P,392.5,61,1,0.6132851171875001,63.24,66.8,69.55
TSLA,2026-08-11,2026-08-21,P,395.0,2513,3,0.6926300268554688,66.97,69.35,72.6
TSLA,2026-08-11,2026-08-21,P,397.5,203,21,0.7236355761718749,71.0,72.55,74.55
TSLA,2026-08-11,2026-08-21,P,400.0,9590,38,0.7026396923828125,75.85,74.65,77.05
TSLA,2026-08-11,2026-08-21,P,402.5,24,2,0.8044453149414061,77.37,78.1,79.55
TSLA,2026-08-11,2026-08-21,P,405.0,857,2,0.7417018017578124,77.01,79.75,82.0
TSLA,2026-08-11,2026-08-21,P,410.0,2388,8,0.7949239257812499,84.1,84.9,87.05
TSLA,2026-08-11,2026-08-21,P,415.0,82,1,0.7421900781249999,86.98,89.85,91.4
TSLA,2026-08-11,2026-08-21,P,420.0,962,6,0.8007832421875,95.25,94.65,96.8
TSLA,2026-08-11,2026-08-21,P,425.0,106,150,0.8374039697265624,93.65,99.25,102.25
TSLA,2026-08-11,2026-08-21,P,430.0,272,300,0.9165047412109376,98.7,105.45,106.45
TSLA,2026-08-11,2026-08-21,P,435.0,59,100,0.866212275390625,103.75,109.3,112.0
TSLA,2026-08-11,2026-08-21,P,440.0,294,4,0.87695435546875,112.5,114.2,117.0
TSLA,2026-08-11,2026-08-21,P,445.0,3,37,0.9213875048828125,116.05,119.05,122.25
TSLA,2026-08-11,2026-08-21,P,450.0,216,1,0.930664755859375,121.1,124.35,126.85
TSLA,2026-08-11,2026-08-21,P,455.0,4,2,0.9916993017578125,125.95,129.15,132.25
TSLA,2026-08-11,2026-08-21,P,460.0,41,10,1.1142622412109375,134.33,134.3,136.05
TSLA,2026-08-11,2026-08-21,P,465.0,0,2,1.206546936035156,140.14,139.05,141.35
TSLA,2026-08-11,2026-08-21,P,470.0,82,10,1.0419969775390627,144.13,144.6,146.65
TSLA,2026-08-11,2026-08-21,P,475.0,0,3256,1.0859420703125,155.45,149.15,152.2
TSLA,2026-08-11,2026-08-21,P,480.0,96,120,1.1284223266601563,148.25,154.45,157.0
TSLA,2026-08-11,2026-08-21,P,485.0,0,1223,1.185550947265625,167.15,159.05,162.6
TSLA,2026-08-11,2026-08-21,P,490.0,27,10,1.0673874755859378,163.62,164.25,166.7
TSLA,2026-08-11,2026-08-21,P,495.0,0,39,1.1728556982421874,172.2,169.05,172.25
TSLA,2026-08-11,2026-08-21,P,500.0,65,100,1.2749059692382811,169.25,174.25,177.5
TSLA,2026-08-11,2026-08-21,P,505.0,0,34,1.2988316308593748,182.2,179.05,182.7
TSLA,2026-08-11,2026-08-21,P,510.0,3,8,1.2412147314453121,200.95,184.05,187.25
TSLA,2026-08-11,2026-08-21,P,515.0,0,152,1.1904337353515624,195.65,189.05,191.95
TSLA,2026-08-11,2026-08-21,P,520.0,22,10,1.3603547607421875,193.62,194.7,197.0
TSLA,2026-08-11,2026-08-21,P,525.0,0,2,1.3569368090820313,201.26,199.3,202.25
TSLA,2026-08-11,2026-08-21,P,530.0,1,2,1.3501009057617184,210.1,204.15,207.25
TSLA,2026-08-11,2026-08-21,P,535.0,0,406,1.3505891845703122,215.65,209.05,212.25
TSLA,2026-08-11,2026-08-21,P,540.0,0,1229,1.37109689453125,218.2,214.05,217.25
TSLA,2026-08-11,2026-08-21,P,545.0,0,2,1.4794947900390625,223.21,219.05,222.7
TSLA,2026-08-11,2026-08-21,P,550.0,2,2,1.464358146972656,228.19,224.3,227.25
TSLA,2026-08-11,2026-08-21,P,555.0,0,8,1.4326200244140623,218.17,229.05,232.25
TSLA,2026-08-11,2026-08-21,P,560.0,0,2327,1.4150419873046878,240.35,234.05,237.1
TSLA,2026-08-11,2026-08-21,P,565.0,0,2,1.4716823291015624,250.4,239.05,242.25
TSLA,2026-08-11,2026-08-21,P,570.0,0,2,1.4912134814453122,255.38,244.05,247.25
TSLA,2026-08-11,2026-08-21,P,575.0,0,55,1.5556662841796873,184.24,249.25,252.25
TSLA,2026-08-11,2026-08-21,P,580.0,0,220,2.3422893005371086,198.55,256.05,264.25
TSLA,2026-08-11,2026-08-21,P,590.0,0,4,1.0000000000000003e-05,185.35,0.0,0.0
TSLA,2026-08-11,2026-08-21,P,600.0,0,112,1.650392373046875,191.2,274.25,277.25
TSLA,2026-08-11,2026-08-21,P,610.0,0,5,1.0000000000000003e-05,228.51,209.5,212.0
TSLA,2026-08-11,2026-08-21,P,615.0,0,3,1.0000000000000003e-05,223.15,0.0,0.0
TSLA,2026-08-11,2026-08-21,P,620.0,10,5,1.0000000000000003e-05,178.74,208.4,210.0
TSLA,2026-08-11,2026-08-21,P,625.0,0,0,1.0000000000000003e-05,235.72,226.85,234.3
TSLA,2026-08-11,2026-08-21,P,630.0,0,19,1.0000000000000003e-05,203.56,0.0,0.0
TSLA,2026-08-11,2026-08-21,P,635.0,0,1,1.0000000000000003e-05,240.15,239.9,241.2
TSLA,2026-08-11,2026-08-21,P,640.0,0,25,2.6113315966796877,235.03,316.05,324.1
TSLA,2026-08-11,2026-08-21,P,645.0,0,1,1.6669938525390626,329.92,319.05,321.95
TSLA,2026-08-11,2026-08-21,P,650.0,0,2,1.8027353613281247,334.9,324.3,327.1
TSLA,2026-08-11,2026-08-21,P,660.0,0,20,1.0000000000000003e-05,263.5,0.0,0.0
TSLA,2026-08-11,2026-08-21,P,670.0,0,140,1.0000000000000003e-05,271.11,268.25,270.85
TSLA,2026-08-11,2026-08-21,P,680.0,0,30,1.0000000000000003e-05,237.65,273.15,274.0
TSLA,2026-08-11,2026-08-21,P,690.0,0,15,1.8046884765624998,368.21,364.05,366.95
TSLA,2026-08-11,2026-08-21,P,700.0,63,81,2.112309406738281,371.95,374.4,377.7
TSLA,2026-08-11,2026-08-21,P,710.0,0,15,2.0293018017578124,382.82,384.05,387.5
TSLA,2026-08-11,2026-08-21,P,720.0,0,1,1.0000000000000003e-05,286.35,312.7,313.6
TSLA,2026-08-11,2026-08-21,P,730.0,0,1,1.0000000000000003e-05,286.83,322.95,323.9
TSLA,2026-08-11,2026-08-21,P,740.0,0,1,1.0000000000000003e-05,294.7,332.8,333.6
TSLA,2026-08-11,2026-08-21,P,750.0,0,1,2.170903010253906,347.85,424.25,427.4
TSLA,2026-08-11,2026-08-21,P,760.0,0,1,1.9990234423828124,357.83,434.05,436.95
TSLA,2026-08-11,2026-08-21,P,770.0,0,1,1.0000000000000003e-05,307.65,334.95,338.05
TSLA,2026-08-11,2026-08-21,P,780.0,0,8,1.0000000000000003e-05,373.72,387.7,390.05
TSLA,2026-08-11,2026-08-21,P,790.0,0,1,1.0000000000000003e-05,361.55,360.1,363.55
TSLA,2026-08-11,2026-08-21,P,800.0,0,85,1.0000000000000003e-05,355.66,392.8,393.75
TSLA,2026-08-11,2026-08-21,P,810.0,0,1,1.0000000000000003e-05,380.71,380.5,383.0
TSLA,2026-08-11,2026-08-21,P,820.0,0,0,1.0000000000000003e-05,343.02,383.7,387.1
TSLA,2026-08-11,2026-08-21,P,830.0,0,2,1.0000000000000003e-05,400.13,400.1,403.45
TSLA,2026-08-11,2026-08-21,P,840.0,1,0,1.0000000000000003e-05,403.42,421.95,423.5
TSLA,2026-08-11,2026-08-21,P,850.0,0,2,1.0000000000000003e-05,423.75,449.5,453.15
TSLA,2026-08-11,2026-08-21,P,870.0,1,0,1.0000000000000003e-05,420.09,436.0,439.2
TSLA,2026-08-11,2026-08-21,P,880.0,0,8,1.0000000000000003e-05,429.35,450.0,453.55
TSLA,2026-08-11,2026-08-21,P,890.0,1,0,1.0000000000000003e-05,451.66,470.55,472.3
TSLA,2026-08-11,2026-08-21,P,900.0,0,2,2.5781285546875,503.25,574.25,577.5
TSLA,2026-08-11,2026-08-21,P,910.0,2,3,1.0000000000000003e-05,473.45,490.15,495.2
TSLA,2026-08-11,2026-08-21,P,920.0,2,2,1.0000000000000003e-05,496.75,486.15,489.7
TSLA,2026-08-11,2026-08-21,P,930.0,0,2,1.0000000000000003e-05,453.98,493.6,497.5
TSLA,2026-08-11,2026-08-21,P,940.0,0,1,2.614261276855469,537.87,614.05,617.5
TSLA,2026-08-11,2026-08-21,P,950.0,1,1,2.5898472753906248,547.85,624.25,627.15
TSLA,2026-08-11,2026-08-21,P,990.0,0,2,2.718753203125,669.28,664.05,667.5
TSLA,2026-08-11,2026-08-28,C,80.0,2,4,3.5878916552734372,252.63,242.95,246.4
TSLA,2026-08-11,2026-08-28,C,100.0,2,0,1.984375078125,205.01,223.05,226.6
TSLA,2026-08-11,2026-08-28,C,130.0,2,0,1.7753917480468748,267.33,193.3,196.65
TSLA,2026-08-11,2026-08-28,C,150.0,1,1,1.5156274218749999,173.0,173.35,176.6
TSLA,2026-08-11,2026-08-28,C,200.0,11,3,1.4382352307128907,129.7,122.4,126.75
TSLA,2026-08-11,2026-08-28,C,210.0,22,12,1.3234897106933592,99.34,112.55,116.8
TSLA,2026-08-11,2026-08-28,C,220.0,76,1,0.8867198828124999,109.5,103.55,106.75
TSLA,2026-08-11,2026-08-28,C,230.0,31,210,1.1049849438476564,80.91,92.6,96.9
TSLA,2026-08-11,2026-08-28,C,235.0,10,210,0.6904327832031252,76.05,88.15,91.8
TSLA,2026-08-11,2026-08-28,C,240.0,16,108,0.7114286669921875,84.49,83.35,86.95
TSLA,2026-08-11,2026-08-28,C,245.0,7,0,0.5625043750000001,85.28,77.75,82.0
TSLA,2026-08-11,2026-08-28,C,250.0,44,2,0.8867198828124999,84.8,72.7,76.9
TSLA,2026-08-11,2026-08-28,C,255.0,38,1,0.551762294921875,78.6,68.1,71.95
TSLA,2026-08-11,2026-08-28,C,260.0,72,176,0.5881388842773438,68.38,63.8,66.9
TSLA,2026-08-11,2026-08-28,C,265.0,82,200,0.5371140039062501,63.6,58.75,61.85
TSLA,2026-08-11,2026-08-28,C,270.0,159,200,0.6655306884765627,58.69,53.75,56.75
TSLA,2026-08-11,2026-08-28,C,275.0,94,213,0.5698285205078125,50.52,48.85,51.25
TSLA,2026-08-11,2026-08-28,C,280.0,84,212,0.5079394909667969,48.83,44.45,46.1
TSLA,2026-08-11,2026-08-28,C,285.0,14,67,0.49121602539062503,42.8,39.75,41.45
TSLA,2026-08-11,2026-08-28,C,290.0,159,67,0.45740288696289066,35.97,35.1,36.65
TSLA,2026-08-11,2026-08-28,C,295.0,84,10,0.4337214831542969,31.98,30.5,32.05
TSLA,2026-08-11,2026-08-28,C,300.0,585,9,0.42102629760742194,27.0,26.4,27.75
TSLA,2026-08-11,2026-08-28,C,305.0,1100,3,0.3921569573974609,22.8,22.2,23.3
TSLA,2026-08-11,2026-08-28,C,310.0,1828,198,0.3892883337402344,19.65,18.75,19.6
TSLA,2026-08-11,2026-08-28,C,315.0,941,26,0.3621889953613281,15.9,15.35,15.6
TSLA,2026-08-11,2026-08-28,C,320.0,1230,77,0.36377589355468753,12.55,12.5,12.65
TSLA,2026-08-11,2026-08-28,C,325.0,1239,170,0.3601138208007812,9.96,9.85,9.95
TSLA,2026-08-11,2026-08-28,C,330.0,2250,589,0.36225002990722655,7.79,7.7,7.8
TSLA,2026-08-11,2026-08-28,C,335.0,1191,1022,0.3654848608398438,6.0,5.95,6.05
TSLA,2026-08-11,2026-08-28,C,340.0,2270,1419,0.37152728088378906,4.6,4.55,4.7
TSLA,2026-08-11,2026-08-28,C,345.0,1014,540,0.37415176635742187,3.55,3.45,3.55
TSLA,2026-08-11,2026-08-28,C,350.0,3368,690,0.37781383911132804,2.66,2.62,2.67
TSLA,2026-08-11,2026-08-28,C,355.0,1804,148,0.38403936279296874,2.02,1.99,2.03
TSLA,2026-08-11,2026-08-28,C,360.0,2214,386,0.3909973010253906,1.55,1.54,1.55
TSLA,2026-08-11,2026-08-28,C,365.0,1232,203,0.40112903564453123,1.2,1.18,1.22
TSLA,2026-08-11,2026-08-28,C,370.0,2533,202,0.4106504248046875,0.96,0.94,0.96
TSLA,2026-08-11,2026-08-28,C,375.0,4037,767,0.4226131958007812,0.76,0.75,0.78
TSLA,2026-08-11,2026-08-28,C,380.0,2371,215,0.43335527587890627,0.64,0.61,0.63
TSLA,2026-08-11,2026-08-28,C,385.0,2042,44,0.4497125341796875,0.56,0.52,0.55
TSLA,2026-08-11,2026-08-28,C,390.0,2117,59,0.4650932397460938,0.45,0.45,0.48
TSLA,2026-08-11,2026-08-28,C,395.0,554,16,0.47998566894531247,0.43,0.39,0.42
TSLA,2026-08-11,2026-08-28,C,400.0,4347,269,0.49219257812500006,0.36,0.34,0.36
TSLA,2026-08-11,2026-08-28,C,405.0,770,34,0.506840869140625,0.32,0.31,0.33
TSLA,2026-08-11,2026-08-28,C,410.0,1299,9,0.523442265625,0.31,0.28,0.31
TSLA,2026-08-11,2026-08-28,C,415.0,677,37,0.5376022802734376,0.26,0.25,0.28
TSLA,2026-08-11,2026-08-28,C,420.0,1868,67,0.551762294921875,0.24,0.23,0.25
TSLA,2026-08-11,2026-08-28,C,425.0,473,7,0.5659223095703125,0.25,0.21,0.23
TSLA,2026-08-11,2026-08-28,C,430.0,739,13,0.5810588769531251,0.23,0.2,0.21
TSLA,2026-08-11,2026-08-28,C,435.0,1357,8,0.59570716796875,0.25,0.18,0.2
TSLA,2026-08-11,2026-08-28,C,440.0,775,99,0.6084023535156251,0.18,0.16,0.19
TSLA,2026-08-11,2026-08-28,C,445.0,787,1,0.6210975390625001,0.18,0.15,0.17
TSLA,2026-08-11,2026-08-28,C,450.0,1142,26,0.6367223828125,0.16,0.15,0.16
TSLA,2026-08-11,2026-08-28,C,455.0,412,8,0.647464462890625,0.16,0.13,0.15
TSLA,2026-08-11,2026-08-28,C,460.0,361,2,0.6621127539062501,0.14,0.12,0.15
TSLA,2026-08-11,2026-08-28,C,465.0,358,4,0.6777375976562501,0.14,0.12,0.14
TSLA,2026-08-11,2026-08-28,C,470.0,437,7,0.6875031250000001,0.14,0.11,0.13
TSLA,2026-08-11,2026-08-28,C,475.0,231,1,0.6982452050781252,0.21,0.1,0.12
TSLA,2026-08-11,2026-08-28,C,480.0,362,10,0.710940390625,0.19,0.09,0.12
TSLA,2026-08-11,2026-08-28,C,485.0,680,2,0.7187528125,0.13,0.09,0.1
TSLA,2026-08-11,2026-08-28,C,490.0,408,15,0.7402369726562499,0.09,0.09,0.11
TSLA,2026-08-11,2026-08-28,C,495.0,113,1,0.75195560546875,0.11,0.08,0.11
TSLA,2026-08-11,2026-08-28,C,500.0,944,10,0.7617211328125001,0.11,0.07,0.11
TSLA,2026-08-11,2026-08-28,C,505.0,531,4,0.7773459765625,0.14,0.08,0.1
TSLA,2026-08-11,2026-08-28,C,510.0,63,3,0.8251970605468748,0.12,0.06,0.2
TSLA,2026-08-11,2026-08-28,C,515.0,129,1,0.8369156933593749,0.1,0.05,0.2
TSLA,2026-08-11,2026-08-28,C,520.0,323,3,0.8183611914062499,0.13,0.06,0.11
TSLA,2026-08-11,2026-08-28,C,525.0,84,7,0.85937640625,0.11,0.04,0.19
TSLA,2026-08-11,2026-08-28,C,530.0,67,11,0.8359391406249999,0.12,0.06,0.09
TSLA,2026-08-11,2026-08-28,C,535.0,27,10,0.87500125,0.14,0.01,0.19
TSLA,2026-08-11,2026-08-28,C,540.0,45,1,0.88476677734375,0.11,0.01,0.18
TSLA,2026-08-11,2026-08-28,C,545.0,340,10,0.9082040429687499,0.17,0.03,0.18
TSLA,2026-08-11,2026-08-28,C,550.0,137,7,0.8632826171875,0.11,0.01,0.1
TSLA,2026-08-11,2026-08-28,C,555.0,9,2,0.87695435546875,0.11,0.01,0.1
TSLA,2026-08-11,2026-08-28,C,560.0,7,1,0.8984385156249999,0.07,0.02,0.1
TSLA,2026-08-11,2026-08-28,C,565.0,32,7,0.9023447265625,0.09,0.01,0.1
TSLA,2026-08-11,2026-08-28,C,570.0,119,4,0.9160164648437501,0.07,0.01,0.1
TSLA,2026-08-11,2026-08-28,C,575.0,6,1,0.929688203125,0.12,0.01,0.1
TSLA,2026-08-11,2026-08-28,C,580.0,28,1,0.9492192578124999,0.05,0.02,0.1
TSLA,2026-08-11,2026-08-28,C,585.0,22,2,0.9531254687499999,0.05,0.01,0.1
TSLA,2026-08-11,2026-08-28,C,590.0,10,2,0.9726565234375,0.05,0.02,0.1
TSLA,2026-08-11,2026-08-28,C,595.0,7,2,0.9765627343750001,0.05,0.01,0.1
TSLA,2026-08-11,2026-08-28,C,600.0,73,4,0.937500625,0.04,0.01,0.05
TSLA,2026-08-11,2026-08-28,C,605.0,18,3,1.000005,0.14,0.01,0.1
TSLA,2026-08-11,2026-08-28,C,610.0,12,9,1.01172369140625,0.13,0.01,0.1
TSLA,2026-08-11,2026-08-28,C,615.0,12,4,1.015629921875,0.14,0.0,0.1
TSLA,2026-08-11,2026-08-28,C,620.0,10,3,1.0273486132812502,0.14,0.0,0.1
TSLA,2026-08-11,2026-08-28,C,625.0,9,7,1.0390673046875003,0.14,0.0,0.1
TSLA,2026-08-11,2026-08-28,C,630.0,5,1,1.0468797656250002,0.13,0.0,0.1
TSLA,2026-08-11,2026-08-28,C,640.0,12,2,1.0703171484375003,0.02,0.0,0.1
TSLA,2026-08-11,2026-08-28,C,650.0,31,9,1.09375453125,0.06,0.0,0.1
TSLA,2026-08-11,2026-08-28,C,660.0,3,2,1.11328568359375,0.11,0.0,0.1
TSLA,2026-08-11,2026-08-28,C,670.0,5,1,1.1328168359375002,0.05,0.0,0.1
TSLA,2026-08-11,2026-08-28,C,680.0,9,6,1.2812535937499998,0.04,0.0,0.3
TSLA,2026-08-11,2026-08-28,C,690.0,7,2,1.125004375,0.04,0.01,0.05
TSLA,2026-08-11,2026-08-28,C,700.0,98,2,1.1445355273437499,0.03,0.01,0.05
TSLA,2026-08-11,2026-08-28,C,710.0,52,32,1.1640666796875,0.05,0.01,0.05
TSLA,2026-08-11,2026-08-28,C,720.0,3,0,1.1640666796875,0.12,0.0,0.05
TSLA,2026-08-11,2026-08-28,C,730.0,5,3,1.1796916015624999,0.07,0.0,0.05
TSLA,2026-08-11,2026-08-28,C,740.0,4,1,1.203128984375,0.03,0.0,0.05
TSLA,2026-08-11,2026-08-28,C,750.0,60,1,1.21875390625,0.03,0.0,0.05
TSLA,2026-08-11,2026-08-28,P,50.0,5,4,3.3281266796874993,0.26,0.0,0.25
TSLA,2026-08-11,2026-08-28,P,80.0,98,11,2.1406296484375,0.03,0.0,0.05
TSLA,2026-08-11,2026-08-28,P,90.0,75,38,1.96875015625,0.04,0.0,0.05
TSLA,2026-08-11,2026-08-28,P,100.0,297,60,2.113285966796875,0.05,0.0,0.25
TSLA,2026-08-11,2026-08-28,P,110.0,193,2,1.7734386328124998,0.07,0.0,0.1
TSLA,2026-08-11,2026-08-28,P,120.0,100,24,1.640626796875,0.16,0.0,0.1
TSLA,2026-08-11,2026-08-28,P,130.0,132,69,1.5156274218749999,0.09,0.0,0.1
TSLA,2026-08-11,2026-08-28,P,140.0,62,1,1.3984405078125,0.02,0.0,0.1
TSLA,2026-08-11,2026-08-28,P,150.0,119,2,1.2890660546875,0.03,0.0,0.1
TSLA,2026-08-11,2026-08-28,P,160.0,229,1,1.2109414453124998,0.04,0.02,0.1
TSLA,2026-08-11,2026-08-28,P,170.0,525,7,1.09375453125,0.06,0.0,0.1
TSLA,2026-08-11,2026-08-28,P,180.0,692,17,1.000005,0.06,0.0,0.1
TSLA,2026-08-11,2026-08-28,P,190.0,206,11,0.9179695703125,0.08,0.0,0.1
TSLA,2026-08-11,2026-08-28,P,200.0,1161,323,0.9101571484375,0.07,0.07,0.15
TSLA,2026-08-11,2026-08-28,P,210.0,258,1,0.8007832421875,0.08,0.05,0.12
TSLA,2026-08-11,2026-08-28,P,220.0,413,1,0.7421900781249999,0.05,0.06,0.15
TSLA,2026-08-11,2026-08-28,P,230.0,2067,5,0.6796907031250001,0.13,0.08,0.17
TSLA,2026-08-11,2026-08-28,P,235.0,37,4,0.647464462890625,0.16,0.12,0.15
TSLA,2026-08-11,2026-08-28,P,240.0,668,130,0.6181678808593751,0.13,0.14,0.16
TSLA,2026-08-11,2026-08-28,P,245.0,282,1,0.5908244042968751,0.15,0.16,0.18
TSLA,2026-08-11,2026-08-28,P,250.0,910,27,0.561527822265625,0.19,0.18,0.2
TSLA,2026-08-11,2026-08-28,P,255.0,2822,35,0.532231240234375,0.18,0.2,0.22
TSLA,2026-08-11,2026-08-28,P,260.0,2467,32,0.5063525927734375,0.23,0.23,0.26
TSLA,2026-08-11,2026-08-28,P,265.0,345,2,0.48682153808593753,0.26,0.28,0.31
TSLA,2026-08-11,2026-08-28,P,270.0,719,105,0.4624077197265626,0.36,0.36,0.37
TSLA,2026-08-11,2026-08-28,P,275.0,796,124,0.44043528320312497,0.46,0.44,0.46
TSLA,2026-08-11,2026-08-28,P,280.0,1756,82,0.42529871582031253,0.6,0.59,0.62
TSLA,2026-08-11,2026-08-28,P,285.0,675,226,0.4096738720703125,0.76,0.8,0.83
TSLA,2026-08-11,2026-08-28,P,290.0,2409,263,0.3967345483398438,1.11,1.12,1.14
TSLA,2026-08-11,2026-08-28,P,295.0,804,136,0.38757936645507807,1.45,1.57,1.61
TSLA,2026-08-11,2026-08-28,P,300.0,2371,292,0.3800110827636719,2.24,2.23,2.27
TSLA,2026-08-11,2026-08-28,P,305.0,865,128,0.37525038818359374,3.1,3.15,3.2
TSLA,2026-08-11,2026-08-28,P,310.0,1509,62,0.3702455554199219,4.39,4.3,4.4
TSLA,2026-08-11,2026-08-28,P,315.0,1324,86,0.37030658996582033,6.0,5.95,6.05
TSLA,2026-08-11,2026-08-28,P,320.0,1312,224,0.3695131408691406,8.0,7.95,8.05
TSLA,2026-08-11,2026-08-28,P,325.0,712,113,0.3693300372314453,10.14,10.3,10.45
TSLA,2026-08-11,2026-08-28,P,330.0,1440,203,0.3770203900146484,13.0,12.7,13.45
TSLA,2026-08-11,2026-08-28,P,335.0,587,151,0.3885559191894531,16.15,16.0,16.9
TSLA,2026-08-11,2026-08-28,P,340.0,558,4,0.3881897119140625,19.43,19.55,20.35
TSLA,2026-08-11,2026-08-28,P,345.0,426,18,0.4190731921386719,21.2,22.95,24.8
TSLA,2026-08-11,2026-08-28,P,350.0,955,4,0.4248714739990235,27.85,27.05,28.85
TSLA,2026-08-11,2026-08-28,P,355.0,309,3,0.41480077392578124,32.4,31.6,32.8
TSLA,2026-08-11,2026-08-28,P,360.0,703,1,0.48438015625,36.66,36.55,38.3
TSLA,2026-08-11,2026-08-28,P,365.0,180,2,0.48279325805664064,39.81,40.8,42.6
TSLA,2026-08-11,2026-08-28,P,370.0,1260,27,0.506840869140625,46.2,45.5,47.4
TSLA,2026-08-11,2026-08-28,P,375.0,160,7,0.5352829675292969,43.9,49.9,52.3
TSLA,2026-08-11,2026-08-28,P,380.0,495,1,0.5620160986328125,50.7,55.15,57.2
TSLA,2026-08-11,2026-08-28,P,385.0,378,155,0.5910685424804689,55.75,60.15,62.15
TSLA,2026-08-11,2026-08-28,P,390.0,227,1,0.610599597167969,62.52,64.5,67.0
TSLA,2026-08-11,2026-08-28,P,395.0,131,17,0.5002491381835938,63.05,69.45,72.1
TSLA,2026-08-11,2026-08-28,P,400.0,321,3,0.5214891601562499,75.75,74.55,76.95
TSLA,2026-08-11,2026-08-28,P,405.0,40,1,0.5722699023437501,71.75,78.6,83.2
TSLA,2026-08-11,2026-08-28,P,410.0,106,1,0.6379430737304688,79.6,84.6,87.75
TSLA,2026-08-11,2026-08-28,P,415.0,47,1,0.7216824707031251,82.05,89.3,94.0
TSLA,2026-08-11,2026-08-28,P,420.0,46,7,0.6630893066406252,101.95,94.95,97.05
TSLA,2026-08-11,2026-08-28,P,425.0,4,1,0.5864299169921875,119.1,99.15,101.9
TSLA,2026-08-11,2026-08-28,P,430.0,15,1,0.7941915112304687,106.43,104.2,109.0
TSLA,2026-08-11,2026-08-28,P,435.0,15,6,0.6362341064453125,103.0,109.35,111.75
TSLA,2026-08-11,2026-08-28,P,440.0,0,1,0.6782258740234376,117.29,114.05,117.2
TSLA,2026-08-11,2026-08-28,P,445.0,0,2,0.804689453125,123.13,118.55,123.75
TSLA,2026-08-11,2026-08-28,P,450.0,0,1,0.8354508642578123,143.45,123.9,128.5
TSLA,2026-08-11,2026-08-28,P,455.0,6,6,0.7397486962890624,148.34,129.05,132.2
TSLA,2026-08-11,2026-08-28,P,460.0,0,10,0.6757844921875001,145.0,133.55,137.25
TSLA,2026-08-11,2026-08-28,P,470.0,0,1,0.8442398388671875,133.5,143.6,148.0
TSLA,2026-08-11,2026-08-28,P,475.0,2,7,0.9023447265625,170.16,148.55,153.4
TSLA,2026-08-11,2026-08-28,P,480.0,0,0,0.8359391406249999,109.75,153.6,157.65
TSLA,2026-08-11,2026-08-28,P,495.0,0,0,0.8906260937499999,187.05,169.05,172.2
TSLA,2026-08-11,2026-08-28,P,500.0,0,62,0.8916026464843749,190.6,173.6,177.55
TSLA,2026-08-11,2026-08-28,P,515.0,0,0,0.9599613378906249,121.8,189.05,192.2
TSLA,2026-08-11,2026-08-28,P,520.0,0,15,0.9765627343750001,197.6,194.05,197.2
TSLA,2026-08-11,2026-08-28,P,550.0,0,10,1.0732468212890627,226.18,224.05,227.2
TSLA,2026-08-11,2026-09-04,C,120.0,2,2,2.3125042187499996,209.29,202.1,207.0
TSLA,2026-08-11,2026-09-04,C,170.0,6,1,1.6008320739746091,157.85,152.3,157.15
TSLA,2026-08-11,2026-09-04,C,180.0,10,10,0.6875031250000001,139.0,142.35,147.3
TSLA,2026-08-11,2026-09-04,C,190.0,1,1,0.8085956640624999,125.3,132.55,137.25
TSLA,2026-08-11,2026-09-04,C,200.0,34,1,0.780275634765625,125.64,122.65,127.25
TSLA,2026-08-11,2026-09-04,C,210.0,0,1,0.70898728515625,113.8,112.55,117.35
TSLA,2026-08-11,2026-09-04,C,220.0,1,0,0.6669955175781253,80.62,102.6,107.4
TSLA,2026-08-11,2026-09-04,C,230.0,8,0,0.6455113574218749,89.91,92.7,97.55
TSLA,2026-08-11,2026-09-04,C,235.0,8,0,0.6025430371093752,85.0,87.75,92.45
TSLA,2026-08-11,2026-09-04,C,240.0,7,1,0.5751995605468749,87.97,82.8,87.45
TSLA,2026-08-11,2026-09-04,C,245.0,14,14,0.6355016918945313,85.7,78.75,82.45
TSLA,2026-08-11,2026-09-04,C,250.0,14,2,0.6044961425781252,83.0,73.95,77.35
TSLA,2026-08-11,2026-09-04,C,255.0,21,2,0.5112353564453125,78.11,68.3,72.3
TSLA,2026-08-11,2026-09-04,C,260.0,48,120,0.52539537109375,73.13,63.95,67.3
TSLA,2026-08-11,2026-09-04,C,265.0,26,2,0.6289099609375001,62.0,58.85,62.15
TSLA,2026-08-11,2026-09-04,C,270.0,18,56,0.5743450769042968,63.07,54.25,57.0
TSLA,2026-08-11,2026-09-04,C,275.0,20,56,0.5207567456054687,58.25,49.9,51.85
TSLA,2026-08-11,2026-09-04,C,280.0,55,1,0.49158223266601564,54.66,45.1,47.05
TSLA,2026-08-11,2026-09-04,C,285.0,23,2,0.4722953161621094,50.0,40.6,42.45
TSLA,2026-08-11,2026-09-04,C,290.0,112,1,0.44910218872070307,47.7,36.15,37.85
TSLA,2026-08-11,2026-09-04,C,295.0,143,4,0.4338435522460938,41.8,31.8,33.5
TSLA,2026-08-11,2026-09-04,C,300.0,419,12,0.41919526123046874,28.9,27.9,29.3
TSLA,2026-08-11,2026-09-04,C,305.0,368,1,0.40405869384765625,28.1,23.95,25.25
TSLA,2026-08-11,2026-09-04,C,310.0,914,4,0.39777213562011715,21.5,20.6,21.65
TSLA,2026-08-11,2026-09-04,C,315.0,709,2,0.39111937011718745,20.29,17.45,18.3
TSLA,2026-08-11,2026-09-04,C,320.0,694,61,0.3850159155273437,15.1,14.65,15.25
TSLA,2026-08-11,2026-09-04,C,325.0,599,58,0.3803772900390625,12.2,12.15,12.55
TSLA,2026-08-11,2026-09-04,C,330.0,1614,292,0.37390762817382805,10.05,9.95,10.1
TSLA,2026-08-11,2026-09-04,C,335.0,986,160,0.37476211181640623,8.39,8.05,8.2
TSLA,2026-08-11,2026-09-04,C,340.0,549,155,0.3776917700195312,6.55,6.55,6.65
TSLA,2026-08-11,2026-09-04,C,345.0,903,100,0.38049935913085936,5.35,5.25,5.35
TSLA,2026-08-11,2026-09-04,C,350.0,1843,224,0.38245246459960935,4.35,4.2,4.25
TSLA,2026-08-11,2026-09-04,C,355.0,1097,93,0.38867798828125,3.45,3.3,3.45
TSLA,2026-08-11,2026-09-04,C,360.0,1920,191,0.3930724755859375,2.78,2.7,2.76
TSLA,2026-08-11,2026-09-04,C,365.0,396,69,0.398443515625,2.25,2.16,2.22
TSLA,2026-08-11,2026-09-04,C,370.0,741,130,0.4046690393066406,1.8,1.76,1.8
TSLA,2026-08-11,2026-09-04,C,375.0,565,82,0.41235939208984373,1.5,1.44,1.48
TSLA,2026-08-11,2026-09-04,C,380.0,898,89,0.41992767578125,1.27,1.2,1.22
TSLA,2026-08-11,2026-09-04,C,385.0,396,16,0.43286699951171875,1.1,1.02,1.07
TSLA,2026-08-11,2026-09-04,C,390.0,496,100,0.4412897668457031,0.9,0.87,0.9
TSLA,2026-08-11,2026-09-04,C,395.0,399,9,0.4519097778320313,0.86,0.75,0.78
TSLA,2026-08-11,2026-09-04,C,400.0,1470,142,0.46362841064453125,0.67,0.66,0.69
TSLA,2026-08-11,2026-09-04,C,405.0,296,55,0.47461462890625,0.6,0.58,0.61
TSLA,2026-08-11,2026-09-04,C,410.0,458,30,0.48682153808593753,0.59,0.51,0.55
TSLA,2026-08-11,2026-09-04,C,415.0,257,5,0.499028447265625,0.5,0.47,0.5
TSLA,2026-08-11,2026-09-04,C,420.0,881,43,0.5092822509765625,0.45,0.43,0.46
TSLA,2026-08-11,2026-09-04,C,425.0,180,11,0.5214891601562499,0.46,0.39,0.43
TSLA,2026-08-11,2026-09-04,C,430.0,340,18,0.5336960693359375,0.36,0.36,0.4
TSLA,2026-08-11,2026-09-04,C,435.0,62,5,0.5454147021484376,0.51,0.33,0.37
TSLA,2026-08-11,2026-09-04,C,440.0,84,6,0.5581098876953126,0.33,0.32,0.34
TSLA,2026-08-11,2026-09-04,C,445.0,252,1,0.5688519677734375,0.39,0.29,0.32
TSLA,2026-08-11,2026-09-04,C,450.0,452,24,0.5815471533203125,0.3,0.28,0.3
TSLA,2026-08-11,2026-09-04,C,455.0,87,1,0.5908244042968751,0.29,0.25,0.28
TSLA,2026-08-11,2026-09-04,C,460.0,207,12,0.6040078662109377,0.26,0.24,0.27
TSLA,2026-08-11,2026-09-04,C,465.0,61,13,0.6162147753906251,0.27,0.23,0.26
TSLA,2026-08-11,2026-09-04,C,470.0,162,8,0.6250037500000001,0.22,0.21,0.24
TSLA,2026-08-11,2026-09-04,C,475.0,32,1,0.6381872119140625,0.38,0.21,0.23
TSLA,2026-08-11,2026-09-04,C,480.0,44,7,0.647464462890625,0.34,0.19,0.22
TSLA,2026-08-11,2026-09-04,C,485.0,5,1,0.65820654296875,0.5,0.18,0.21
TSLA,2026-08-11,2026-09-04,C,490.0,9,4,0.6679720703125002,0.2,0.17,0.2
TSLA,2026-08-11,2026-09-04,C,495.0,80,1,0.6777375976562501,0.18,0.16,0.19
TSLA,2026-08-11,2026-09-04,C,500.0,306,2,0.6865265722656251,0.18,0.15,0.18
TSLA,2026-08-11,2026-09-04,C,505.0,4,1,0.700198310546875,0.24,0.15,0.18
TSLA,2026-08-11,2026-09-04,C,510.0,196,1,0.708010732421875,0.2,0.14,0.17
TSLA,2026-08-11,2026-09-04,C,515.0,5,3,0.7158231542968749,0.19,0.13,0.16
TSLA,2026-08-11,2026-09-04,C,520.0,5,1,0.72851833984375,0.13,0.13,0.16
TSLA,2026-08-11,2026-09-04,C,525.0,6,1,0.735354208984375,0.19,0.12,0.15
TSLA,2026-08-11,2026-09-04,C,530.0,21,0,0.7480493945312501,0.23,0.12,0.15
TSLA,2026-08-11,2026-09-04,C,535.0,71,1,0.7539087109375,0.12,0.11,0.14
TSLA,2026-08-11,2026-09-04,C,540.0,62,1,0.7656273437500001,0.25,0.11,0.14
TSLA,2026-08-11,2026-09-04,C,545.0,12,2,0.7753928710937501,0.24,0.1,0.14
TSLA,2026-08-11,2026-09-04,C,550.0,20,10,0.7539087109375,0.17,0.03,0.13
TSLA,2026-08-11,2026-09-04,C,555.0,30,0,0.79101771484375,0.2,0.09,0.13
TSLA,2026-08-11,2026-09-04,C,560.0,16,4,0.80664255859375,0.16,0.1,0.13
TSLA,2026-08-11,2026-09-04,C,565.0,1,0,0.77148666015625,0.22,0.01,0.12
TSLA,2026-08-11,2026-09-04,C,580.0,3,1,0.8388687988281249,0.15,0.01,0.19
TSLA,2026-08-11,2026-09-04,C,585.0,1,0,0.8535170898437501,0.14,0.02,0.19
TSLA,2026-08-11,2026-09-04,C,595.0,4,1,0.867188828125,0.15,0.04,0.15
TSLA,2026-08-11,2026-09-04,C,600.0,41,1,0.867188828125,0.14,0.03,0.14
TSLA,2026-08-11,2026-09-04,C,605.0,1,1,0.87695435546875,0.14,0.03,0.14
TSLA,2026-08-11,2026-09-04,C,620.0,11,1,0.9023447265625,0.13,0.01,0.15
TSLA,2026-08-11,2026-09-04,C,625.0,25,4,0.91211025390625,0.07,0.01,0.15
TSLA,2026-08-11,2026-09-04,C,630.0,21,5,0.92187578125,0.12,0.01,0.15
TSLA,2026-08-11,2026-09-04,C,640.0,2,0,0.9414068359375,0.14,0.01,0.15
TSLA,2026-08-11,2026-09-04,C,650.0,22,12,0.9589847851562499,0.14,0.01,0.15
TSLA,2026-08-11,2026-09-04,C,660.0,5,3,0.9785158398437501,0.16,0.01,0.15
TSLA,2026-08-11,2026-09-04,C,670.0,18,18,0.9960937890625,0.08,0.01,0.15
TSLA,2026-08-11,2026-09-04,C,680.0,59,6,1.013676806640625,0.06,0.01,0.15
TSLA,2026-08-11,2026-09-04,P,50.0,1,0,2.5312536718749996,0.05,0.0,0.09
TSLA,2026-08-11,2026-09-04,P,60.0,2,3,2.3046917382812495,0.04,0.0,0.1
TSLA,2026-08-11,2026-09-04,P,80.0,1,0,1.9218753906250001,0.14,0.0,0.1
TSLA,2026-08-11,2026-09-04,P,90.0,2,3,1.76171994140625,0.22,0.0,0.1
TSLA,2026-08-11,2026-09-04,P,100.0,26,1,1.62109564453125,0.06,0.0,0.1
TSLA,2026-08-11,2026-09-04,P,110.0,3,1,1.4960962695312499,0.08,0.0,0.1
TSLA,2026-08-11,2026-09-04,P,120.0,17,2,1.3789093554687497,0.13,0.0,0.1
TSLA,2026-08-11,2026-09-04,P,130.0,21,3,1.2734411328124997,0.04,0.0,0.1
TSLA,2026-08-11,2026-09-04,P,140.0,72,6,1.1757853710937498,0.08,0.0,0.1
TSLA,2026-08-11,2026-09-04,P,150.0,53,3,1.0859420703125,0.16,0.0,0.1
TSLA,2026-08-11,2026-09-04,P,160.0,25,1,1.0410204199218753,0.07,0.0,0.15
TSLA,2026-08-11,2026-09-04,P,170.0,18,1,0.9570316796874999,0.13,0.0,0.15
TSLA,2026-08-11,2026-09-04,P,180.0,37,1,0.8789074609374999,0.09,0.0,0.15
TSLA,2026-08-11,2026-09-04,P,190.0,36,1,0.8300798242187499,0.12,0.05,0.15
TSLA,2026-08-11,2026-09-04,P,200.0,130,3,0.7695335546875001,0.1,0.05,0.18
TSLA,2026-08-11,2026-09-04,P,210.0,48,1,0.7187528125,0.17,0.07,0.22
TSLA,2026-08-11,2026-09-04,P,220.0,506,10,0.6523472265625001,0.17,0.13,0.17
TSLA,2026-08-11,2026-09-04,P,230.0,372,17,0.6015664843750002,0.18,0.17,0.2
TSLA,2026-08-11,2026-09-04,P,235.0,23,1,0.57617611328125,0.19,0.19,0.22
TSLA,2026-08-11,2026-09-04,P,240.0,74,2,0.5537154003906251,0.25,0.22,0.25
TSLA,2026-08-11,2026-09-04,P,245.0,95,16,0.5297898583984376,0.23,0.25,0.28
TSLA,2026-08-11,2026-09-04,P,250.0,269,1,0.507817421875,0.3,0.29,0.32
TSLA,2026-08-11,2026-09-04,P,255.0,845,22,0.49170430175781255,0.34,0.34,0.38
TSLA,2026-08-11,2026-09-04,P,260.0,358,3,0.46924358886718753,0.39,0.41,0.44
TSLA,2026-08-11,2026-09-04,P,265.0,345,8,0.45337460693359377,0.51,0.51,0.55
TSLA,2026-08-11,2026-09-04,P,270.0,262,16,0.436529072265625,0.64,0.64,0.68
TSLA,2026-08-11,2026-09-04,P,275.0,436,49,0.42236905761718746,0.82,0.83,0.87
TSLA,2026-08-11,2026-09-04,P,280.0,371,29,0.40991801025390623,1.1,1.09,1.13
TSLA,2026-08-11,2026-09-04,P,285.0,907,39,0.39880972290039063,1.45,1.44,1.48
TSLA,2026-08-11,2026-09-04,P,290.0,496,94,0.39197385375976557,1.97,1.94,2.0
TSLA,2026-08-11,2026-09-04,P,295.0,409,132,0.3857483300781249,2.64,2.61,2.68
TSLA,2026-08-11,2026-09-04,P,300.0,2345,132,0.3820862573242187,3.4,3.5,3.6
TSLA,2026-08-11,2026-09-04,P,305.0,733,57,0.3764710791015625,4.58,4.6,4.7
TSLA,2026-08-11,2026-09-04,P,310.0,696,124,0.37439590454101557,6.03,6.05,6.15
TSLA,2026-08-11,2026-09-04,P,315.0,644,39,0.37573866455078125,7.85,7.85,8.0
TSLA,2026-08-11,2026-09-04,P,320.0,958,162,0.3734193518066406,9.84,9.85,10.05
TSLA,2026-08-11,2026-09-04,P,325.0,665,142,0.37354142089843745,12.45,12.35,12.5
TSLA,2026-08-11,2026-09-04,P,330.0,383,76,0.3776307354736328,15.0,14.8,15.4
TSLA,2026-08-11,2026-09-04,P,335.0,394,27,0.3786072882080078,19.0,17.65,18.5
TSLA,2026-08-11,2026-09-04,P,340.0,149,4,0.3883117810058594,19.1,20.95,22.15
TSLA,2026-08-11,2026-09-04,P,345.0,126,3,0.40405869384765625,19.6,24.55,26.2
TSLA,2026-08-11,2026-09-04,P,350.0,372,11,0.40241076110839846,28.83,28.7,29.95
TSLA,2026-08-11,2026-09-04,P,355.0,53,20,0.40228869201660156,30.5,32.6,33.95
TSLA,2026-08-11,2026-09-04,P,360.0,132,1,0.4304256176757813,37.15,37.1,38.75
TSLA,2026-08-11,2026-09-04,P,365.0,69,4,0.43958079956054685,40.91,41.35,43.2
TSLA,2026-08-11,2026-09-04,P,370.0,51,1,0.47241738525390625,39.99,45.5,48.2
TSLA,2026-08-11,2026-09-04,P,375.0,40,10,0.47437049072265625,50.05,50.75,52.65
TSLA,2026-08-11,2026-09-04,P,380.0,26,1,0.5098315618896485,48.5,55.0,57.75
TSLA,2026-08-11,2026-09-04,P,385.0,51,1,0.5299119274902344,54.2,59.15,62.6
TSLA,2026-08-11,2026-09-04,P,390.0,44,1,0.5418746984863283,55.65,65.0,67.35
TSLA,2026-08-11,2026-09-04,P,395.0,43,1,0.5618940295410157,60.31,69.9,72.25
TSLA,2026-08-11,2026-09-04,P,400.0,26,1,0.5806926696777344,68.49,74.65,77.15
TSLA,2026-08-11,2026-09-04,P,405.0,2,1,0.6168251208496094,73.4,79.05,82.3
TSLA,2026-08-11,2026-09-04,P,410.0,16,3,0.6452672192382812,77.73,84.0,87.35
TSLA,2026-08-11,2026-09-04,P,415.0,3,4,0.5107470800781251,94.2,87.15,94.35
TSLA,2026-08-11,2026-09-04,P,420.0,24,1,0.5048877636718749,89.25,91.8,99.4
TSLA,2026-08-11,2026-09-04,P,425.0,4,1,0.7835715002441408,97.0,97.5,103.3
TSLA,2026-08-11,2026-09-04,P,430.0,5,1,0.5522505712890625,100.9,102.0,109.3
TSLA,2026-08-11,2026-09-04,P,435.0,11,14,0.5661664477539063,105.93,107.0,114.25
TSLA,2026-08-11,2026-09-04,P,440.0,0,10,0.5844768115234374,107.2,113.95,117.3
TSLA,2026-08-11,2026-09-04,P,445.0,2,2,0.6020547607421877,120.47,118.95,122.3
TSLA,2026-08-11,2026-09-04,P,450.0,0,5,0.6196327099609377,145.69,122.2,129.05
TSLA,2026-08-11,2026-09-04,P,500.0,0,0,0.7812521875,192.3,174.1,177.15
TSLA,2026-08-11,2026-09-11,C,100.0,4,0,2.4189492651367184,218.5,221.85,227.2
TSLA,2026-08-11,2026-09-11,C,110.0,1,0,2.2553754553222656,214.5,211.8,217.3
TSLA,2026-08-11,2026-09-11,C,160.0,2,2,0.7187528125,168.0,162.05,167.6
TSLA,2026-08-11,2026-09-11,C,180.0,2,0,1.3251986865234373,145.3,142.2,147.35
TSLA,2026-08-11,2026-09-11,C,210.0,5,1,0.6709017285156251,120.8,112.4,117.7
TSLA,2026-08-11,2026-09-11,C,240.0,1,1,0.5534712622070312,90.0,82.8,87.9
TSLA,2026-08-11,2026-09-11,C,250.0,4,1,0.5583540258789064,79.27,74.15,77.6
TSLA,2026-08-11,2026-09-11,C,255.0,1,1,0.5485884985351563,60.6,69.45,72.8
TSLA,2026-08-11,2026-09-11,C,260.0,1,0,0.5107470800781251,62.22,64.55,67.65
TSLA,2026-08-11,2026-09-11,C,275.0,3,1,0.502080174560547,60.55,50.2,52.6
TSLA,2026-08-11,2026-09-11,C,280.0,4,2,0.48303739624023445,49.8,45.65,48.0
TSLA,2026-08-11,2026-09-11,C,285.0,12,1,0.4633842724609375,42.75,41.1,43.45
TSLA,2026-08-11,2026-09-11,C,290.0,28,1,0.4426935614013672,40.1,36.8,38.95
TSLA,2026-08-11,2026-09-11,C,295.0,26,6,0.41321387573242185,43.08,32.9,34.3
TSLA,2026-08-11,2026-09-11,C,300.0,303,238,0.40253283020019537,29.75,28.8,30.25
TSLA,2026-08-11,2026-09-11,C,305.0,118,2,0.411688012084961,26.71,25.1,27.0
TSLA,2026-08-11,2026-09-11,C,310.0,86,1,0.3961242028808594,25.25,22.05,23.2
TSLA,2026-08-11,2026-09-11,C,315.0,179,2,0.3890441955566406,21.95,19.0,19.9
TSLA,2026-08-11,2026-09-11,C,320.0,280,55,0.3779053909301757,16.8,16.3,16.7
TSLA,2026-08-11,2026-09-11,C,325.0,364,65,0.374456939086914,14.0,13.8,14.05
TSLA,2026-08-11,2026-09-11,C,330.0,549,123,0.3755860781860352,11.8,11.65,11.85
TSLA,2026-08-11,2026-09-11,C,335.0,599,126,0.3748231463623046,9.71,9.65,9.85
TSLA,2026-08-11,2026-09-11,C,340.0,697,540,0.37665418273925777,8.15,8.0,8.2
TSLA,2026-08-11,2026-09-11,C,345.0,458,827,0.37744763183593744,6.72,6.6,6.75
TSLA,2026-08-11,2026-09-11,C,350.0,639,283,0.3794007373046875,5.66,5.45,5.55
TSLA,2026-08-11,2026-09-11,C,355.0,283,17,0.3869690209960937,4.64,4.55,4.7
TSLA,2026-08-11,2026-09-11,C,360.0,647,122,0.3913024737548828,3.78,3.75,3.9
TSLA,2026-08-11,2026-09-11,C,365.0,662,10,0.3921569573974609,3.2,3.0,3.15
TSLA,2026-08-11,2026-09-11,C,370.0,1452,114,0.3949645465087891,2.62,2.5,2.57
TSLA,2026-08-11,2026-09-11,C,375.0,1135,372,0.4008848974609375,2.25,2.1,2.15
TSLA,2026-08-11,2026-09-11,C,380.0,324,68,0.407232490234375,1.8,1.76,1.81
TSLA,2026-08-11,2026-09-11,C,385.0,199,44,0.4144345666503906,1.55,1.48,1.54
TSLA,2026-08-11,2026-09-11,C,390.0,312,33,0.4234676794433594,1.32,1.29,1.34
TSLA,2026-08-11,2026-09-11,C,395.0,80,16,0.43066975585937506,1.3,1.1,1.15
TSLA,2026-08-11,2026-09-11,C,400.0,1582,221,0.43958079956054685,0.97,0.96,1.01
TSLA,2026-08-11,2026-09-11,C,405.0,696,19,0.44824770507812495,1.01,0.83,0.89
TSLA,2026-08-11,2026-09-11,C,410.0,226,83,0.4572808178710938,0.83,0.75,0.79
TSLA,2026-08-11,2026-09-11,C,415.0,157,22,0.46802289794921875,0.85,0.67,0.72
TSLA,2026-08-11,2026-09-11,C,420.0,348,38,0.47730014892578126,0.75,0.62,0.65
TSLA,2026-08-11,2026-09-11,C,425.0,368,4,0.48828636718750007,0.69,0.56,0.6
TSLA,2026-08-11,2026-09-11,C,430.0,187,3,0.49805189453125004,0.58,0.51,0.55
TSLA,2026-08-11,2026-09-11,C,435.0,83,21,0.5053760400390624,0.58,0.47,0.51
TSLA,2026-08-11,2026-09-11,C,440.0,187,4,0.5170946728515625,0.5,0.45,0.48
TSLA,2026-08-11,2026-09-11,C,445.0,40,2,0.5256395092773438,0.61,0.41,0.44
TSLA,2026-08-11,2026-09-11,C,450.0,220,76,0.5361374511718751,0.41,0.38,0.42
TSLA,2026-08-11,2026-09-11,C,455.0,11,3,0.5459029785156251,0.53,0.36,0.39
TSLA,2026-08-11,2026-09-11,C,460.0,98,2,0.5561567822265626,0.35,0.34,0.37
TSLA,2026-08-11,2026-09-11,C,465.0,140,15,0.5659223095703125,0.45,0.32,0.35
TSLA,2026-08-11,2026-09-11,C,470.0,5,1,0.5751995605468749,0.47,0.3,0.33
TSLA,2026-08-11,2026-09-11,C,475.0,9,184,0.5864299169921875,0.33,0.29,0.32
TSLA,2026-08-11,2026-09-11,C,480.0,11,3,0.59570716796875,0.4,0.27,0.31
TSLA,2026-08-11,2026-09-11,C,485.0,13,3,0.6035195898437502,0.43,0.25,0.29
TSLA,2026-08-11,2026-09-11,C,490.0,4,1,0.6147499462890625,0.34,0.25,0.28
TSLA,2026-08-11,2026-09-11,C,495.0,0,122,0.6210975390625001,0.3,0.23,0.26
TSLA,2026-08-11,2026-09-11,C,500.0,347,1,0.6303747900390625,0.36,0.22,0.25
TSLA,2026-08-11,2026-09-11,C,505.0,28,21,0.639652041015625,0.3,0.21,0.24
TSLA,2026-08-11,2026-09-11,C,510.0,10,3,0.6479527392578125,0.39,0.2,0.23
TSLA,2026-08-11,2026-09-11,C,515.0,1,0,0.6562534375000001,0.42,0.19,0.22
TSLA,2026-08-11,2026-09-11,C,520.0,282,2,0.6660189648437502,0.22,0.18,0.22
TSLA,2026-08-11,2026-09-11,C,525.0,25,0,0.6728548339843752,0.37,0.17,0.21
TSLA,2026-08-11,2026-09-11,C,540.0,76,1,0.6972686523437501,0.31,0.15,0.19
TSLA,2026-08-11,2026-09-11,C,545.0,77,1,0.7060576269531251,0.2,0.15,0.18
TSLA,2026-08-11,2026-09-11,C,550.0,22,3,0.711916943359375,0.22,0.14,0.17
TSLA,2026-08-11,2026-09-11,C,555.0,151,1,0.719729365234375,0.21,0.13,0.17
TSLA,2026-08-11,2026-09-11,C,560.0,158,2,0.727541787109375,0.19,0.13,0.16
TSLA,2026-08-11,2026-09-11,C,565.0,11,1,0.73437765625,0.28,0.12,0.16
TSLA,2026-08-11,2026-09-11,C,575.0,1,0,0.7490259472656251,0.23,0.11,0.15
TSLA,2026-08-11,2026-09-11,C,580.0,12,10,0.75586181640625,0.16,0.11,0.14
TSLA,2026-08-11,2026-09-11,C,585.0,5,5,0.7656273437500001,0.21,0.11,0.14
TSLA,2026-08-11,2026-09-11,C,595.0,0,1,0.74414318359375,0.22,0.01,0.14
TSLA,2026-08-11,2026-09-11,C,600.0,12,4,0.7480493945312501,0.14,0.01,0.13
TSLA,2026-08-11,2026-09-11,C,605.0,2,2,0.7578149218750001,0.21,0.01,0.13
TSLA,2026-08-11,2026-09-11,C,610.0,8,6,0.7656273437500001,0.15,0.01,0.13
TSLA,2026-08-11,2026-09-11,C,615.0,12,11,0.77929908203125,0.12,0.01,0.14
TSLA,2026-08-11,2026-09-11,P,140.0,14,0,1.0781296093750001,0.12,0.0,0.15
TSLA,2026-08-11,2026-09-11,P,150.0,4,0,0.9941406835937501,0.17,0.0,0.15
TSLA,2026-08-11,2026-09-11,P,160.0,24,1,0.9160164648437501,0.11,0.0,0.15
TSLA,2026-08-11,2026-09-11,P,170.0,50,41,0.8437515624999999,0.12,0.0,0.15
TSLA,2026-08-11,2026-09-11,P,180.0,13,7,0.79883013671875,0.14,0.0,0.2
TSLA,2026-08-11,2026-09-11,P,190.0,36,11,0.7666038964843751,0.11,0.1,0.2
TSLA,2026-08-11,2026-09-11,P,200.0,34,6,0.6806672558593752,0.17,0.04,0.2
TSLA,2026-08-11,2026-09-11,P,210.0,83,1,0.6455113574218749,0.19,0.15,0.19
TSLA,2026-08-11,2026-09-11,P,220.0,369,2,0.6001016552734376,0.2,0.19,0.23
TSLA,2026-08-11,2026-09-11,P,230.0,26,2,0.5566450585937501,0.25,0.25,0.28
TSLA,2026-08-11,2026-09-11,P,235.0,10,1,0.5317429638671876,0.35,0.26,0.31
TSLA,2026-08-11,2026-09-11,P,240.0,95,7,0.5102588037109376,0.3,0.3,0.34
TSLA,2026-08-11,2026-09-11,P,245.0,12,1,0.495122236328125,0.3,0.35,0.39
TSLA,2026-08-11,2026-09-11,P,250.0,134,4,0.477544287109375,0.4,0.41,0.46
TSLA,2026-08-11,2026-09-11,P,255.0,17,1,0.4594780615234375,0.51,0.5,0.54
TSLA,2026-08-11,2026-09-11,P,260.0,117,40,0.44360907958984375,0.62,0.6,0.65
TSLA,2026-08-11,2026-09-11,P,265.0,94,6,0.4282283740234375,0.79,0.75,0.79
TSLA,2026-08-11,2026-09-11,P,270.0,83,10,0.4167538793945312,0.95,0.94,1.0
TSLA,2026-08-11,2026-09-11,P,275.0,175,29,0.40405869384765625,1.23,1.19,1.25
TSLA,2026-08-11,2026-09-11,P,280.0,224,25,0.3947814428710938,1.6,1.54,1.61
TSLA,2026-08-11,2026-09-11,P,285.0,149,37,0.3888000573730469,2.06,2.05,2.12
TSLA,2026-08-11,2026-09-11,P,290.0,180,86,0.3836731555175781,2.68,2.68,2.78
TSLA,2026-08-11,2026-09-11,P,295.0,411,60,0.376532113647461,3.55,3.4,3.55
TSLA,2026-08-11,2026-09-11,P,300.0,573,184,0.3714662463378906,4.55,4.4,4.55
TSLA,2026-08-11,2026-09-11,P,305.0,144,51,0.3676821044921875,5.75,5.8,5.8
TSLA,2026-08-11,2026-09-11,P,310.0,201,138,0.370123486328125,7.4,7.35,7.5
TSLA,2026-08-11,2026-09-11,P,315.0,104,32,0.36865865722656255,9.25,9.2,9.35
TSLA,2026-08-11,2026-09-11,P,320.0,364,65,0.3690858990478516,11.42,11.35,11.55
TSLA,2026-08-11,2026-09-11,P,325.0,261,103,0.36975727905273437,13.8,13.85,14.05
TSLA,2026-08-11,2026-09-11,P,330.0,208,125,0.3695436581420898,16.3,16.25,16.8
TSLA,2026-08-11,2026-09-11,P,335.0,110,63,0.37000141723632807,19.55,19.05,19.85
TSLA,2026-08-11,2026-09-11,P,340.0,33,2,0.3758607336425781,20.5,22.4,23.35
TSLA,2026-08-11,2026-09-11,P,345.0,69,10,0.38410039733886714,24.25,25.8,27.15
TSLA,2026-08-11,2026-09-11,P,350.0,70,5,0.41473973937988284,27.8,28.9,31.85
TSLA,2026-08-11,2026-09-11,P,355.0,11,1,0.4264583721923829,30.48,32.5,36.05
TSLA,2026-08-11,2026-09-11,P,360.0,78,18,0.3996642065429688,38.18,37.85,39.3
TSLA,2026-08-11,2026-09-11,P,365.0,25,1,0.4234676794433594,42.68,41.35,44.1
TSLA,2026-08-11,2026-09-11,P,370.0,22,1,0.44550115051269534,44.3,45.6,48.9
TSLA,2026-08-11,2026-09-11,P,375.0,19,1,0.4503228796386719,42.97,50.75,53.35
TSLA,2026-08-11,2026-09-11,P,380.0,4,2,0.4821829125976563,47.75,54.95,58.45
TSLA,2026-08-11,2026-09-11,P,385.0,4,1,0.48694360717773444,54.04,59.4,63.0
TSLA,2026-08-11,2026-09-11,P,390.0,6,4,0.47681187255859375,61.1,64.2,67.35
TSLA,2026-08-11,2026-09-11,P,400.0,5,4,0.529423651123047,77.9,74.1,77.45
TSLA,2026-08-11,2026-09-11,P,405.0,2,1,0.5459029785156251,78.9,78.85,82.35
TSLA,2026-08-11,2026-09-11,P,410.0,3,0,0.5922892333984376,86.79,84.4,87.75
TSLA,2026-08-11,2026-09-11,P,425.0,1,0,0.6472203247070312,106.39,98.75,102.6
TSLA,2026-08-11,2026-09-11,P,450.0,3,0,0.5585981640625001,127.83,122.1,129.3
TSLA,2026-08-11,2026-09-18,C,5.0,2113,3,9.355472902832034,325.84,316.2,321.95
TSLA,2026-08-11,2026-09-18,C,10.0,24,10,7.812500234374999,317.77,311.1,318.0
TSLA,2026-08-11,2026-09-18,C,15.0,5,2,0.0,421.02,411.0,421.0
TSLA,2026-08-11,2026-09-18,C,20.0,1,2,5.716799729003906,290.25,301.1,307.95
TSLA,2026-08-11,2026-09-18,C,25.0,101,1,5.1435582580566415,302.94,296.1,302.9
TSLA,2026-08-11,2026-09-18,C,30.0,1,1,4.791019636230469,270.65,291.15,298.1
TSLA,2026-08-11,2026-09-18,C,35.0,37,0,0.0,444.1,397.15,404.4
TSLA,2026-08-11,2026-09-18,C,40.0,9,4,4.193364133300782,266.46,281.1,288.25
TSLA,2026-08-11,2026-09-18,C,45.0,0,2,6.8452162872314455,222.55,295.65,301.65
TSLA,2026-08-11,2026-09-18,C,50.0,25,2,3.6821297009277347,324.86,271.2,278.1
TSLA,2026-08-11,2026-09-18,C,60.0,37,5,0.0,336.69,332.15,338.95
TSLA,2026-08-11,2026-09-18,C,70.0,61,1,3.031740701904297,327.55,251.4,258.2
TSLA,2026-08-11,2026-09-18,C,80.0,20,1,2.783206166992188,328.6,241.35,248.25
TSLA,2026-08-11,2026-09-18,C,90.0,30,2,1.125004375,306.78,231.4,238.25
TSLA,2026-08-11,2026-09-18,C,100.0,266,49,2.166020209960937,233.63,222.5,227.1
TSLA,2026-08-11,2026-09-18,C,110.0,84,6,0.9687503125,222.28,212.55,217.1
TSLA,2026-08-11,2026-09-18,C,115.0,146,31,1.3447298388671873,215.65,208.2,211.9
TSLA,2026-08-11,2026-09-18,C,120.0,151,2,0.87500125,278.44,202.6,207.05
TSLA,2026-08-11,2026-09-18,C,125.0,0,106,1.0000000000000003e-05,230.6,0.0,0.0
TSLA,2026-08-11,2026-09-18,C,130.0,306,1,1.1171919140625,191.5,192.7,197.2
TSLA,2026-08-11,2026-09-18,C,135.0,152,1,1.017583037109375,177.97,187.7,192.1
TSLA,2026-08-11,2026-09-18,C,140.0,103,1,5.926760404052734,246.56,253.8,258.2
TSLA,2026-08-11,2026-09-18,C,145.0,227,1,1.01172369140625,269.32,177.65,182.3
TSLA,2026-08-11,2026-09-18,C,150.0,95,2,1.08984830078125,185.0,173.1,177.3
TSLA,2026-08-11,2026-09-18,C,155.0,120,8,1.0048877880859375,172.85,167.85,172.35
TSLA,2026-08-11,2026-09-18,C,160.0,138,1,0.9531254687499999,175.7,162.9,167.25
TSLA,2026-08-11,2026-09-18,C,165.0,189,5,0.903321279296875,163.45,157.8,162.3
TSLA,2026-08-11,2026-09-18,C,170.0,84,2,0.9091805957031249,160.18,152.95,157.35
TSLA,2026-08-11,2026-09-18,C,175.0,127,1,0.8813488427734374,132.9,148.0,152.35
TSLA,2026-08-11,2026-09-18,C,180.0,247,1,0.8901378173828124,152.0,143.05,147.6
TSLA,2026-08-11,2026-09-18,C,185.0,84,1,0.8325212060546874,139.55,137.9,142.6
TSLA,2026-08-11,2026-09-18,C,190.0,181,1,0.790041162109375,140.72,133.0,137.45
TSLA,2026-08-11,2026-09-18,C,195.0,115,1,0.7817404638671875,138.17,128.15,132.5
TSLA,2026-08-11,2026-09-18,C,200.0,265,29,0.684573466796875,126.05,123.05,127.15
TSLA,2026-08-11,2026-09-18,C,210.0,182,4,0.7104521142578125,116.18,113.3,117.65
TSLA,2026-08-11,2026-09-18,C,215.0,10,1,0.6533237792968751,105.5,108.1,112.6
TSLA,2026-08-11,2026-09-18,C,220.0,191,2,0.6640658593750002,106.17,103.45,107.75
TSLA,2026-08-11,2026-09-18,C,225.0,2,1,0.6313513427734375,106.0,98.4,102.8
TSLA,2026-08-11,2026-09-18,C,230.0,228,2,0.6059609716796877,103.84,93.5,97.8
TSLA,2026-08-11,2026-09-18,C,235.0,29,1,0.5737347314453125,97.5,88.5,92.8
TSLA,2026-08-11,2026-09-18,C,240.0,491,1,0.5483443603515626,89.0,84.55,86.85
TSLA,2026-08-11,2026-09-18,C,245.0,13,1,0.5488326367187502,82.0,79.3,82.7
TSLA,2026-08-11,2026-09-18,C,250.0,743,1,0.5256395092773438,79.9,74.7,77.5
TSLA,2026-08-11,2026-09-18,C,255.0,79,27,0.5097705273437501,74.0,69.95,72.65
TSLA,2026-08-11,2026-09-18,C,260.0,461,6,0.5528609167480469,69.3,65.55,67.45
TSLA,2026-08-11,2026-09-18,C,265.0,18,5,0.5169726037597657,69.55,60.65,62.45
TSLA,2026-08-11,2026-09-18,C,270.0,650,4,0.4866994689941406,60.2,56.1,57.55
TSLA,2026-08-11,2026-09-18,C,275.0,72,33,0.47290566162109376,57.74,51.55,53.0
TSLA,2026-08-11,2026-09-18,C,280.0,536,12,0.45386288330078123,51.0,47.05,48.4
TSLA,2026-08-11,2026-09-18,C,285.0,54,1,0.43848217773437503,43.85,42.75,43.95
TSLA,2026-08-11,2026-09-18,C,290.0,902,8,0.42175871215820315,38.92,38.2,39.55
TSLA,2026-08-11,2026-09-18,C,295.0,108,3,0.41834077758789057,38.1,34.45,35.65
TSLA,2026-08-11,2026-09-18,C,300.0,2696,28,0.40643904113769536,31.84,30.8,31.65
TSLA,2026-08-11,2026-09-18,C,305.0,1188,66,0.4027159338378906,28.06,27.4,28.1
TSLA,2026-08-11,2026-09-18,C,310.0,3259,159,0.3895324719238281,24.25,24.0,24.4
TSLA,2026-08-11,2026-09-18,C,315.0,2221,35,0.38910523010253906,21.93,20.95,21.4
TSLA,2026-08-11,2026-09-18,C,320.0,3351,181,0.38757936645507807,18.4,18.2,18.6
TSLA,2026-08-11,2026-09-18,C,325.0,4288,1025,0.38373419006347653,15.82,15.75,15.95
TSLA,2026-08-11,2026-09-18,C,330.0,3948,671,0.3812317736816406,13.6,13.5,13.6
TSLA,2026-08-11,2026-09-18,C,335.0,1825,723,0.38129280822753897,11.56,11.5,11.6
TSLA,2026-08-11,2026-09-18,C,340.0,3584,486,0.38318487915039057,9.8,9.75,9.9
TSLA,2026-08-11,2026-09-18,C,345.0,2798,143,0.3860535028076171,8.4,8.3,8.45
TSLA,2026-08-11,2026-09-18,C,350.0,5530,903,0.38507695007324216,7.0,7.0,7.05
TSLA,2026-08-11,2026-09-18,C,355.0,3786,127,0.38892212646484375,5.95,5.85,6.0
TSLA,2026-08-11,2026-09-18,C,360.0,3791,306,0.39276730285644534,5.0,4.95,5.1
TSLA,2026-08-11,2026-09-18,C,365.0,1258,76,0.39563592651367196,4.35,4.2,4.3
TSLA,2026-08-11,2026-09-18,C,370.0,4822,646,0.39777213562011715,3.65,3.5,3.6
TSLA,2026-08-11,2026-09-18,C,375.0,2458,395,0.40381455566406255,3.1,3.0,3.1
TSLA,2026-08-11,2026-09-18,C,380.0,6891,428,0.4068662829589844,2.6,2.57,2.61
TSLA,2026-08-11,2026-09-18,C,385.0,2336,99,0.4126645648193359,2.25,2.2,2.25
TSLA,2026-08-11,2026-09-18,C,390.0,5496,147,0.4182187084960937,1.99,1.9,1.94
TSLA,2026-08-11,2026-09-18,C,395.0,3710,48,0.4246883703613281,1.7,1.65,1.69
TSLA,2026-08-11,2026-09-18,C,400.0,15974,2035,0.4312801013183594,1.47,1.46,1.48
TSLA,2026-08-11,2026-09-18,C,405.0,3267,212,0.43848217773437503,1.3,1.28,1.31
TSLA,2026-08-11,2026-09-18,C,410.0,4267,158,0.4470270141601562,1.17,1.16,1.18
TSLA,2026-08-11,2026-09-18,C,415.0,2036,63,0.4558159887695313,1.08,1.03,1.07
TSLA,2026-08-11,2026-09-18,C,420.0,13127,283,0.4631401342773438,0.96,0.93,0.96
TSLA,2026-08-11,2026-09-18,C,425.0,6342,11,0.4730277307128906,0.9,0.86,0.89
TSLA,2026-08-11,2026-09-18,C,430.0,4009,273,0.4809622216796875,0.81,0.78,0.81
TSLA,2026-08-11,2026-09-18,C,435.0,2003,17,0.4909718872070313,0.76,0.72,0.76
TSLA,2026-08-11,2026-09-18,C,440.0,7318,83,0.49927258544921876,0.69,0.67,0.7
TSLA,2026-08-11,2026-09-18,C,445.0,955,6,0.5070850073242188,0.67,0.63,0.66
TSLA,2026-08-11,2026-09-18,C,450.0,10777,312,0.5163622583007812,0.6,0.6,0.61
TSLA,2026-08-11,2026-09-18,C,455.0,1023,11,0.5246629565429688,0.6,0.55,0.58
TSLA,2026-08-11,2026-09-18,C,460.0,4080,61,0.5339402075195312,0.55,0.52,0.55
TSLA,2026-08-11,2026-09-18,C,465.0,1741,10,0.5427291821289064,0.61,0.49,0.52
TSLA,2026-08-11,2026-09-18,C,470.0,3795,7,0.55273884765625,0.5,0.47,0.5
TSLA,2026-08-11,2026-09-18,C,475.0,2400,1,0.5620160986328125,0.47,0.45,0.48
TSLA,2026-08-11,2026-09-18,C,480.0,3817,59,0.569340244140625,0.46,0.42,0.45
TSLA,2026-08-11,2026-09-18,C,485.0,1286,1,0.5778850805664062,0.47,0.4,0.43
TSLA,2026-08-11,2026-09-18,C,490.0,4352,12,0.586918193359375,0.43,0.39,0.41
TSLA,2026-08-11,2026-09-18,C,495.0,1153,1,0.59570716796875,0.42,0.37,0.4
TSLA,2026-08-11,2026-09-18,C,500.0,12106,255,0.6032754516601564,0.37,0.35,0.38
TSLA,2026-08-11,2026-09-18,C,505.0,1849,12,0.6113320117187502,0.39,0.34,0.36
TSLA,2026-08-11,2026-09-18,C,510.0,1078,1,0.6181678808593751,0.35,0.32,0.34
TSLA,2026-08-11,2026-09-18,C,515.0,970,8,0.6279334082031252,0.35,0.31,0.34
TSLA,2026-08-11,2026-09-18,C,520.0,2851,2,0.6347692773437501,0.33,0.3,0.32
TSLA,2026-08-11,2026-09-18,C,525.0,1557,1,0.6430699755859376,0.45,0.29,0.31
TSLA,2026-08-11,2026-09-18,C,530.0,952,35,0.649417568359375,0.37,0.27,0.3
TSLA,2026-08-11,2026-09-18,C,535.0,824,1,0.657229990234375,0.35,0.26,0.29
TSLA,2026-08-11,2026-09-18,C,540.0,2107,1,0.6640658593750002,0.34,0.25,0.28
TSLA,2026-08-11,2026-09-18,C,545.0,680,1,0.6713900048828126,0.3,0.24,0.27
TSLA,2026-08-11,2026-09-18,C,550.0,6668,19,0.6777375976562501,0.25,0.23,0.26
TSLA,2026-08-11,2026-09-18,C,555.0,104,1,0.684573466796875,0.28,0.22,0.25
TSLA,2026-08-11,2026-09-18,C,560.0,1187,1,0.6904327832031252,0.23,0.21,0.24
TSLA,2026-08-11,2026-09-18,C,565.0,27,1,0.6982452050781252,0.23,0.21,0.23
TSLA,2026-08-11,2026-09-18,C,570.0,1734,3,0.702151416015625,0.22,0.19,0.22
TSLA,2026-08-11,2026-09-18,C,575.0,76,2,0.710940390625,0.25,0.19,0.22
TSLA,2026-08-11,2026-09-18,C,580.0,2009,35,0.71679970703125,0.21,0.18,0.21
TSLA,2026-08-11,2026-09-18,C,585.0,172,1,0.7236355761718749,0.24,0.18,0.2
TSLA,2026-08-11,2026-09-18,C,590.0,1289,2,0.727541787109375,0.19,0.17,0.19
TSLA,2026-08-11,2026-09-18,C,595.0,1325,4,0.73437765625,0.18,0.16,0.19
TSLA,2026-08-11,2026-09-18,C,600.0,10746,86,0.7402369726562499,0.17,0.16,0.18
TSLA,2026-08-11,2026-09-18,C,605.0,36,1,0.747072841796875,0.25,0.15,0.18
TSLA,2026-08-11,2026-09-18,C,610.0,2386,4,0.752932158203125,0.17,0.15,0.17
TSLA,2026-08-11,2026-09-18,C,615.0,120,52,0.7587914746093751,0.18,0.14,0.17
TSLA,2026-08-11,2026-09-18,C,620.0,2532,2,0.76367423828125,0.16,0.14,0.16
TSLA,2026-08-11,2026-09-18,C,625.0,73,15,0.7695335546875001,0.21,0.13,0.16
TSLA,2026-08-11,2026-09-18,C,630.0,2610,2,0.7773459765625,0.18,0.14,0.15
TSLA,2026-08-11,2026-09-18,C,635.0,33,25,0.7832052929687501,0.25,0.13,0.15
TSLA,2026-08-11,2026-09-18,C,640.0,912,3,0.78711150390625,0.16,0.12,0.15
TSLA,2026-08-11,2026-09-18,C,650.0,4328,2,0.799806689453125,0.15,0.12,0.14
TSLA,2026-08-11,2026-09-18,C,660.0,744,1,0.8125018749999999,0.12,0.11,0.14
TSLA,2026-08-11,2026-09-18,C,670.0,601,1,0.823243955078125,0.18,0.1,0.14
TSLA,2026-08-11,2026-09-18,C,680.0,1099,1,0.8339860351562498,0.12,0.1,0.13
TSLA,2026-08-11,2026-09-18,C,690.0,857,3,0.8447281152343749,0.12,0.09,0.13
TSLA,2026-08-11,2026-09-18,C,700.0,6408,75,0.8554701953125,0.12,0.09,0.12
TSLA,2026-08-11,2026-09-18,C,710.0,4238,27,0.8798840136718749,0.12,0.08,0.16
TSLA,2026-08-11,2026-09-18,C,720.0,613,4,0.9003916210937499,0.13,0.06,0.2
TSLA,2026-08-11,2026-09-18,C,730.0,911,2,0.8906260937499999,0.1,0.09,0.11
TSLA,2026-08-11,2026-09-18,C,740.0,877,4,0.937500625,0.12,0.05,0.24
TSLA,2026-08-11,2026-09-18,C,750.0,5990,1,0.9257819921875,0.15,0.08,0.14
TSLA,2026-08-11,2026-09-18,C,760.0,1096,4,0.9257819921875,0.15,0.04,0.15
TSLA,2026-08-11,2026-09-18,C,770.0,317,1,0.95507857421875,0.16,0.08,0.15
TSLA,2026-08-11,2026-09-18,C,780.0,437,2,0.9335944140625,0.15,0.07,0.09
TSLA,2026-08-11,2026-09-18,C,790.0,579,2,0.9570316796874999,0.13,0.03,0.15
TSLA,2026-08-11,2026-09-18,C,800.0,8828,9,0.9687503125,0.17,0.03,0.15
TSLA,2026-08-11,2026-09-18,C,810.0,873,5,0.9804689453125001,0.18,0.03,0.15
TSLA,2026-08-11,2026-09-18,C,820.0,699,2,0.9863282617187501,0.1,0.02,0.15
TSLA,2026-08-11,2026-09-18,C,830.0,474,9,0.99804689453125,0.13,0.02,0.15
TSLA,2026-08-11,2026-09-18,C,840.0,544,8,1.0039112304687499,0.06,0.06,0.1
TSLA,2026-08-11,2026-09-18,C,850.0,3464,4,0.9882813671875,0.08,0.02,0.1
TSLA,2026-08-11,2026-09-18,C,860.0,2382,7,0.992187578125,0.04,0.01,0.1
TSLA,2026-08-11,2026-09-18,C,870.0,281,7,1.001958115234375,0.07,0.01,0.1
TSLA,2026-08-11,2026-09-18,C,880.0,921,1,1.01172369140625,0.12,0.01,0.1
TSLA,2026-08-11,2026-09-18,C,890.0,722,2,1.015629921875,0.08,0.0,0.1
TSLA,2026-08-11,2026-09-18,C,900.0,7007,1,1.015629921875,0.09,0.0,0.09
TSLA,2026-08-11,2026-09-18,C,910.0,615,2,1.140629296875,0.08,0.0,0.3
TSLA,2026-08-11,2026-09-18,C,920.0,1222,1,1.1640666796875,0.12,0.0,0.34
TSLA,2026-08-11,2026-09-18,C,930.0,1182,1,1.0546922265625,0.1,0.0,0.1
TSLA,2026-08-11,2026-09-18,C,940.0,10393,8,1.0625046875000002,0.04,0.0,0.1
TSLA,2026-08-11,2026-09-18,C,950.0,325,5,1.2548865380859375,0.09,0.0,0.55
TSLA,2026-08-11,2026-09-18,C,960.0,1344,2,1.08984830078125,0.1,0.01,0.1
TSLA,2026-08-11,2026-09-18,C,970.0,2322,18,1.08984830078125,0.07,0.0,0.1
TSLA,2026-08-11,2026-09-18,C,980.0,6838,1,1.0781296093750001,0.06,0.0,0.08
TSLA,2026-08-11,2026-09-18,C,990.0,38397,10,1.0781296093750001,0.03,0.02,0.05
TSLA,2026-08-11,2026-09-18,P,5.0,1157,20,3.8750003125,0.01,0.0,0.01
TSLA,2026-08-11,2026-09-18,P,10.0,911,2,3.1875020312499998,0.01,0.0,0.01
TSLA,2026-08-11,2026-09-18,P,15.0,871,3,2.81250296875,0.01,0.0,0.01
TSLA,2026-08-11,2026-09-18,P,20.0,2874,2,2.50000375,0.01,0.0,0.01
TSLA,2026-08-11,2026-09-18,P,25.0,5082,1,2.3125042187499996,0.01,0.0,0.01
TSLA,2026-08-11,2026-09-18,P,30.0,870,101,2.1250046874999997,0.01,0.0,0.01
TSLA,2026-08-11,2026-09-18,P,35.0,1519,2,2.281254296875,0.04,0.0,0.05
TSLA,2026-08-11,2026-09-18,P,40.0,864,3,1.875000625,0.01,0.0,0.01
TSLA,2026-08-11,2026-09-18,P,45.0,417,17,1.9375003125,0.02,0.0,0.03
TSLA,2026-08-11,2026-09-18,P,50.0,1468,3,1.78125109375,0.01,0.0,0.02
TSLA,2026-08-11,2026-09-18,P,60.0,1215,1,1.5937520312499998,0.03,0.0,0.02
TSLA,2026-08-11,2026-09-18,P,70.0,696,2,1.5000025,0.05,0.0,0.03
TSLA,2026-08-11,2026-09-18,P,80.0,681,1,1.4375028125,0.01,0.01,0.04
TSLA,2026-08-11,2026-09-18,P,90.0,3474,3,1.3359408203124996,0.05,0.01,0.05
TSLA,2026-08-11,2026-09-18,P,100.0,6598,5,1.2734411328124997,0.03,0.03,0.06
TSLA,2026-08-11,2026-09-18,P,110.0,597,92,1.1484417578125,0.07,0.0,0.07
TSLA,2026-08-11,2026-09-18,P,115.0,570,11,1.140629296875,0.16,0.0,0.1
TSLA,2026-08-11,2026-09-18,P,120.0,2653,10,1.0742233789062503,0.05,0.0,0.08
TSLA,2026-08-11,2026-09-18,P,125.0,201,1,1.0429735351562504,0.05,0.0,0.09
TSLA,2026-08-11,2026-09-18,P,130.0,358,2,1.0234423828125,0.05,0.02,0.09
TSLA,2026-08-11,2026-09-18,P,135.0,187,2,1.01953615234375,0.1,0.01,0.15
TSLA,2026-08-11,2026-09-18,P,140.0,968,40,0.9726565234375,0.07,0.05,0.1
TSLA,2026-08-11,2026-09-18,P,145.0,186,1,0.9648441015625,0.1,0.05,0.15
TSLA,2026-08-11,2026-09-18,P,150.0,4102,3,0.90429783203125,0.08,0.04,0.12
TSLA,2026-08-11,2026-09-18,P,155.0,306,2,0.8945323046874999,0.11,0.06,0.15
TSLA,2026-08-11,2026-09-18,P,160.0,401,37,0.8339860351562498,0.11,0.05,0.11
TSLA,2026-08-11,2026-09-18,P,165.0,567,3,0.8105487695312499,0.09,0.07,0.11
TSLA,2026-08-11,2026-09-18,P,170.0,4794,12,0.7939473730468749,0.12,0.1,0.12
TSLA,2026-08-11,2026-09-18,P,175.0,1754,1,0.789064609375,0.13,0.12,0.18
TSLA,2026-08-11,2026-09-18,P,180.0,1415,2,0.75586181640625,0.14,0.13,0.17
TSLA,2026-08-11,2026-09-18,P,185.0,744,8,0.73437765625,0.17,0.12,0.22
TSLA,2026-08-11,2026-09-18,P,190.0,582,1,0.708010732421875,0.2,0.14,0.22
TSLA,2026-08-11,2026-09-18,P,195.0,684,1,0.6796907031250001,0.22,0.17,0.2
TSLA,2026-08-11,2026-09-18,P,200.0,7234,8,0.659183095703125,0.2,0.2,0.22
TSLA,2026-08-11,2026-09-18,P,205.0,122,2,0.6347692773437501,0.22,0.21,0.24
TSLA,2026-08-11,2026-09-18,P,210.0,1512,2,0.6103554589843752,0.23,0.23,0.25
TSLA,2026-08-11,2026-09-18,P,215.0,222,16,0.5888712988281251,0.3,0.25,0.28
TSLA,2026-08-11,2026-09-18,P,220.0,1722,3,0.56836369140625,0.31,0.28,0.31
TSLA,2026-08-11,2026-09-18,P,225.0,403,307,0.5468795312500001,0.31,0.31,0.34
TSLA,2026-08-11,2026-09-18,P,230.0,1661,23,0.52539537109375,0.34,0.34,0.37
TSLA,2026-08-11,2026-09-18,P,235.0,444,2,0.506840869140625,0.42,0.39,0.42
TSLA,2026-08-11,2026-09-18,P,240.0,2995,15,0.4919484399414063,0.43,0.45,0.48
TSLA,2026-08-11,2026-09-18,P,245.0,339,3,0.47559118164062497,0.53,0.52,0.56
TSLA,2026-08-11,2026-09-18,P,250.0,9753,47,0.4587456469726563,0.63,0.62,0.65
TSLA,2026-08-11,2026-09-18,P,255.0,493,2,0.44482977050781247,0.74,0.74,0.78
TSLA,2026-08-11,2026-09-18,P,260.0,6559,25,0.43140217041015627,0.89,0.91,0.94
TSLA,2026-08-11,2026-09-18,P,265.0,1433,60,0.4193173303222656,1.15,1.12,1.15
TSLA,2026-08-11,2026-09-18,P,270.0,5091,108,0.4097959411621094,1.41,1.41,1.44
TSLA,2026-08-11,2026-09-18,P,275.0,1351,66,0.4023497265625,1.75,1.79,1.83
TSLA,2026-08-11,2026-09-18,P,280.0,8422,265,0.39441523559570313,2.29,2.26,2.3
TSLA,2026-08-11,2026-09-18,P,285.0,1366,144,0.38892212646484375,2.86,2.87,2.93
TSLA,2026-08-11,2026-09-18,P,290.0,6004,254,0.3836731555175781,3.6,3.6,3.7
TSLA,2026-08-11,2026-09-18,P,295.0,1919,180,0.38086556640624997,4.55,4.55,4.7
TSLA,2026-08-11,2026-09-18,P,300.0,19374,639,0.3767152172851562,5.75,5.75,5.85
TSLA,2026-08-11,2026-09-18,P,305.0,1791,151,0.37531142272949214,6.9,7.15,7.3
TSLA,2026-08-11,2026-09-18,P,310.0,8023,226,0.3743348699951171,8.71,8.85,9.0
TSLA,2026-08-11,2026-09-18,P,315.0,2296,243,0.37085590087890624,10.74,10.75,10.85
TSLA,2026-08-11,2026-09-18,P,320.0,8808,260,0.3698793481445312,12.91,12.95,13.05
TSLA,2026-08-11,2026-09-18,P,325.0,3574,501,0.3723207299804688,15.6,15.45,15.65
TSLA,2026-08-11,2026-09-18,P,330.0,7073,286,0.3697877963256836,17.7,17.85,18.3
TSLA,2026-08-11,2026-09-18,P,335.0,1358,395,0.3745790081787109,20.46,20.85,21.5
TSLA,2026-08-11,2026-09-18,P,340.0,9579,88,0.37622694091796877,23.92,23.95,24.8
TSLA,2026-08-11,2026-09-18,P,345.0,2727,67,0.3775086663818359,28.0,27.55,28.3
TSLA,2026-08-11,2026-09-18,P,350.0,10775,277,0.37879039184570307,31.14,31.3,32.0
TSLA,2026-08-11,2026-09-18,P,355.0,1405,65,0.39398799377441407,34.95,34.9,36.35
TSLA,2026-08-11,2026-09-18,P,360.0,7986,2,0.3903259210205078,36.79,39.1,40.2
TSLA,2026-08-11,2026-09-18,P,365.0,1856,2,0.40491317749023437,42.0,42.6,44.75
TSLA,2026-08-11,2026-09-18,P,370.0,5072,3,0.40607283386230464,45.2,47.65,49.0
TSLA,2026-08-11,2026-09-18,P,375.0,2425,26,0.4168149139404296,49.7,51.55,53.6
TSLA,2026-08-11,2026-09-18,P,380.0,8586,18,0.41199318481445313,57.0,56.7,57.9
TSLA,2026-08-11,2026-09-18,P,385.0,2472,7,0.42358974853515624,61.58,61.25,62.65
TSLA,2026-08-11,2026-09-18,P,390.0,6044,18,0.4459283923339844,66.14,65.9,67.65
TSLA,2026-08-11,2026-09-18,P,395.0,2333,9,0.459966337890625,71.19,70.25,72.5
TSLA,2026-08-11,2026-09-18,P,400.0,14386,1,0.47009807250976565,75.36,75.6,77.3
TSLA,2026-08-11,2026-09-18,P,405.0,1736,5,0.45337460693359377,72.9,80.05,81.7
TSLA,2026-08-11,2026-09-18,P,410.0,3046,102,0.547978153076172,82.65,84.9,88.0
TSLA,2026-08-11,2026-09-18,P,415.0,877,19,0.5170946728515625,82.5,89.7,92.1
TSLA,2026-08-11,2026-09-18,P,420.0,2415,14,0.5769695623779296,95.37,94.75,97.8
TSLA,2026-08-11,2026-09-18,P,425.0,2762,10,0.5473678076171876,100.33,100.05,102.0
TSLA,2026-08-11,2026-09-18,P,430.0,3478,4,0.5090381127929688,104.38,105.05,107.5
TSLA,2026-08-11,2026-09-18,P,435.0,1053,190,0.579105771484375,102.9,109.35,111.95
TSLA,2026-08-11,2026-09-18,P,440.0,5957,5,0.6199989172363283,114.44,114.4,117.3
TSLA,2026-08-11,2026-09-18,P,445.0,325,3,0.5109912182617188,137.92,119.75,121.95
TSLA,2026-08-11,2026-09-18,P,450.0,2151,169,0.5727581787109376,118.55,125.0,127.55
TSLA,2026-08-11,2026-09-18,P,455.0,24,1,0.6600375793457032,132.68,128.0,132.15
TSLA,2026-08-11,2026-09-18,P,460.0,135,2,0.5400436621093752,149.41,134.45,137.05
TSLA,2026-08-11,2026-09-18,P,465.0,9,1,0.5842326733398437,143.67,138.55,143.4
TSLA,2026-08-11,2026-09-18,P,470.0,39,50,0.5747112841796875,138.85,144.8,146.8
TSLA,2026-08-11,2026-09-18,P,475.0,9,5,0.6210975390625001,152.79,149.6,152.5
TSLA,2026-08-11,2026-09-18,P,480.0,53,100,0.5043994873046875,147.7,153.55,157.15
TSLA,2026-08-11,2026-09-18,P,485.0,0,8,0.6450230810546875,174.5,158.5,163.55
TSLA,2026-08-11,2026-09-18,P,490.0,6,2,0.6306189282226562,180.88,163.5,168.15
TSLA,2026-08-11,2026-09-18,P,495.0,0,1,0.6838410522460938,190.24,168.55,173.7
TSLA,2026-08-11,2026-09-18,P,500.0,344,350,0.6479527392578125,168.4,174.5,177.05
TSLA,2026-08-11,2026-09-18,P,505.0,0,53,0.6557651611328126,181.75,178.25,183.25
TSLA,2026-08-11,2026-09-18,P,510.0,3,108,0.6445348046875,187.25,183.25,188.0
TSLA,2026-08-11,2026-09-18,P,515.0,0,38,0.7216824707031251,197.25,188.55,193.5
TSLA,2026-08-11,2026-09-18,P,520.0,8,8,0.7407252490234374,195.58,193.55,198.6
TSLA,2026-08-11,2026-09-18,P,525.0,0,237,0.8636488244628906,202.0,198.15,202.15
TSLA,2026-08-11,2026-09-18,P,530.0,1,2,0.7578149218750001,219.67,203.5,208.55
TSLA,2026-08-11,2026-09-18,P,535.0,0,272,0.7622094091796876,211.65,208.55,213.4
TSLA,2026-08-11,2026-09-18,P,540.0,0,66,0.57812921875,222.25,213.25,217.25
TSLA,2026-08-11,2026-09-18,P,545.0,0,16,0.7382838671874999,226.31,218.25,223.15
TSLA,2026-08-11,2026-09-18,P,550.0,1,314,0.8000508276367188,227.85,223.6,228.4
TSLA,2026-08-11,2026-09-18,P,560.0,0,857,0.6601596484375001,240.3,233.4,237.25
TSLA,2026-08-11,2026-09-18,P,565.0,0,10,0.8168963623046874,246.0,238.4,243.4
TSLA,2026-08-11,2026-09-18,P,570.0,0,136,0.8100604931640624,250.45,243.25,248.35
TSLA,2026-08-11,2026-09-18,P,575.0,0,3,0.8249529223632811,252.08,248.65,253.0
TSLA,2026-08-11,2026-09-18,P,580.0,0,61,0.8798840136718749,260.75,253.55,258.65
TSLA,2026-08-11,2026-09-18,P,590.0,0,4,0.7138700488281251,282.52,263.4,267.25
TSLA,2026-08-11,2026-09-18,P,600.0,0,18,0.901368173828125,225.65,273.75,278.2
TSLA,2026-08-11,2026-09-18,P,610.0,4,15,1.0000000000000003e-05,206.75,214.8,216.3
TSLA,2026-08-11,2026-09-18,P,620.0,0,20,1.0000000000000003e-05,216.6,224.8,226.3
TSLA,2026-08-11,2026-09-18,P,630.0,0,4,1.0000000000000003e-05,232.2,229.55,232.2
TSLA,2026-08-11,2026-09-18,P,640.0,0,1,0.93945373046875,240.3,313.4,318.15
TSLA,2026-08-11,2026-09-18,P,650.0,0,1,0.9775392871093751,254.19,323.75,328.0
TSLA,2026-08-11,2026-09-18,P,660.0,0,55,0.773439765625,340.85,333.25,337.25
TSLA,2026-08-11,2026-09-18,P,670.0,0,15,1.0000000000000003e-05,243.55,0.0,0.0
TSLA,2026-08-11,2026-09-18,P,680.0,0,1,1.0341845166015626,278.95,353.55,358.25
TSLA,2026-08-11,2026-09-18,P,690.0,0,1,1.0405321411132817,294.23,363.55,368.15
TSLA,2026-08-11,2026-09-18,P,700.0,0,6,1.056645341796875,294.49,373.5,378.2
TSLA,2026-08-11,2026-09-18,P,710.0,0,1,1.0000000000000003e-05,305.5,0.0,0.0
TSLA,2026-08-11,2026-09-18,P,720.0,0,1,1.1274457690429687,398.4,393.55,398.55
TSLA,2026-08-11,2026-09-18,P,730.0,0,25,1.0000000000000003e-05,335.12,0.0,0.0
TSLA,2026-08-11,2026-09-18,P,740.0,0,5,1.0000000000000003e-05,354.25,344.85,346.3
TSLA,2026-08-11,2026-09-18,P,750.0,0,20,1.0000000000000003e-05,348.46,354.9,356.2
TSLA,2026-08-11,2026-09-18,P,760.0,4,1,1.0000000000000003e-05,285.38,325.8,328.85
TSLA,2026-08-11,2026-09-18,P,770.0,0,1,1.0000000000000003e-05,348.25,369.55,373.1
TSLA,2026-08-11,2026-09-18,P,780.0,0,1,1.0000000000000003e-05,378.0,377.8,380.65
TSLA,2026-08-11,2026-09-18,P,790.0,0,17,1.0000000000000003e-05,385.73,397.6,400.15
TSLA,2026-08-11,2026-09-18,P,800.0,0,12,1.0000000000000003e-05,384.53,0.0,0.0
TSLA,2026-08-11,2026-09-18,P,810.0,0,1,1.0000000000000003e-05,346.6,374.4,377.55
TSLA,2026-08-11,2026-09-18,P,820.0,7,6,1.0000000000000003e-05,411.55,404.5,404.55
TSLA,2026-08-11,2026-09-18,P,830.0,9,6,1.0000000000000003e-05,422.45,414.05,414.1
TSLA,2026-08-11,2026-09-18,P,840.0,0,1,1.0000000000000003e-05,392.35,410.05,413.6
TSLA,2026-08-11,2026-09-18,P,850.0,9,1,1.0000000000000003e-05,412.25,432.0,434.15
TSLA,2026-08-11,2026-09-18,P,860.0,7,2,1.0000000000000003e-05,432.1,438.0,443.85
TSLA,2026-08-11,2026-09-18,P,870.0,0,2,1.0000000000000003e-05,412.9,433.55,437.1
TSLA,2026-08-11,2026-09-18,P,880.0,0,5,1.0000000000000003e-05,394.95,443.45,447.55
TSLA,2026-08-11,2026-09-18,P,890.0,2,0,1.0000000000000003e-05,472.3,471.9,472.0
TSLA,2026-08-11,2026-09-18,P,900.0,0,2,1.0000000000000003e-05,450.91,471.45,476.65
TSLA,2026-08-11,2026-09-18,P,910.0,4,2,1.0000000000000003e-05,485.95,490.55,492.3
TSLA,2026-08-11,2026-09-18,P,920.0,0,10,1.0000000000000003e-05,430.6,483.15,487.4
TSLA,2026-08-11,2026-09-18,P,930.0,0,2,1.0000000000000003e-05,500.85,495.25,501.65
TSLA,2026-08-11,2026-09-18,P,940.0,0,2,1.0000000000000003e-05,505.83,539.55,543.1
TSLA,2026-08-11,2026-09-18,P,950.0,0,0,1.0000000000000003e-05,515.82,549.6,553.0
TSLA,2026-08-11,2026-09-18,P,980.0,0,0,1.0000000000000003e-05,591.4,570.0,572.15
TSLA,2026-08-11,2026-09-18,P,990.0,0,4,1.5014673364257813,682.5,663.55,668.75
TSLA,2026-08-11,2026-09-25,C,230.0,1,1,0.6337927246093751,102.02,92.65,100.15
TSLA,2026-08-11,2026-09-25,C,270.0,1,2,0.5216112292480468,61.0,56.5,59.25
TSLA,2026-08-11,2026-09-25,C,280.0,1,5,0.5092212164306642,52.26,47.1,50.95
TSLA,2026-08-11,2026-09-25,C,285.0,1,1,0.49457292541503906,44.0,42.95,46.7
TSLA,2026-08-11,2026-09-25,C,290.0,1,2,0.4459283923339844,42.45,38.15,41.4
TSLA,2026-08-11,2026-09-25,C,295.0,5,2,0.4725394543457031,40.92,35.6,38.75
TSLA,2026-08-11,2026-09-25,C,300.0,18,1,0.4456842541503906,40.55,31.65,34.35
TSLA,2026-08-11,2026-09-25,C,310.0,7,14,0.41296973754882804,26.8,25.55,26.7
TSLA,2026-08-11,2026-09-25,C,315.0,14,2,0.40808697387695314,23.44,22.35,23.6
TSLA,2026-08-11,2026-09-25,C,320.0,75,15,0.4041502456665039,20.9,19.65,20.75
TSLA,2026-08-11,2026-09-25,C,325.0,49,31,0.40216662292480465,18.25,17.45,18.2
TSLA,2026-08-11,2026-09-25,C,330.0,273,128,0.3921264401245117,15.45,15.2,15.5
TSLA,2026-08-11,2026-09-25,C,335.0,105,33,0.3905700592041016,13.4,13.2,13.4
TSLA,2026-08-11,2026-09-25,C,340.0,242,38,0.39441523559570313,11.69,11.4,11.75
TSLA,2026-08-11,2026-09-25,C,345.0,71,21,0.3962767892456055,10.14,9.9,10.2
TSLA,2026-08-11,2026-09-25,C,350.0,224,39,0.3986876538085938,8.58,8.7,8.85
TSLA,2026-08-11,2026-09-25,C,355.0,45,9,0.3969786865234375,8.1,7.25,7.5
TSLA,2026-08-11,2026-09-25,C,360.0,76,31,0.39896230926513676,6.4,6.25,6.45
TSLA,2026-08-11,2026-09-25,C,365.0,55,31,0.399969379272461,5.54,5.35,5.5
TSLA,2026-08-11,2026-09-25,C,370.0,393,74,0.40650007568359375,4.85,4.7,4.85
TSLA,2026-08-11,2026-09-25,C,375.0,44,27,0.4083921466064453,4.25,3.95,4.15
TSLA,2026-08-11,2026-09-25,C,380.0,194,89,0.4141904284667969,3.65,3.4,3.65
TSLA,2026-08-11,2026-09-25,C,385.0,59,75,0.41736422485351554,3.08,3.0,3.15
TSLA,2026-08-11,2026-09-25,C,390.0,74,90,0.4205990557861329,2.72,2.61,2.72
TSLA,2026-08-11,2026-09-25,C,395.0,39,12,0.42578699218750005,2.33,2.29,2.39
TSLA,2026-08-11,2026-09-25,C,400.0,104,35,0.4317683776855469,2.1,2.03,2.12
TSLA,2026-08-11,2026-09-25,C,405.0,204,3,0.4373835559082031,3.37,1.8,1.88
TSLA,2026-08-11,2026-09-25,C,410.0,35,5,0.4440973559570312,1.9,1.61,1.69
TSLA,2026-08-11,2026-09-25,C,415.0,11,2,0.4506890869140625,1.73,1.44,1.52
TSLA,2026-08-11,2026-09-25,C,420.0,58,10,0.4577690942382813,1.32,1.3,1.38
TSLA,2026-08-11,2026-09-25,C,425.0,39,14,0.46497117065429694,1.23,1.19,1.26
TSLA,2026-08-11,2026-09-25,C,430.0,58,1,0.4735160070800781,1.5,1.07,1.17
TSLA,2026-08-11,2026-09-25,C,435.0,11,2,0.4803518762207031,1.1,0.98,1.07
TSLA,2026-08-11,2026-09-25,C,440.0,22,2,0.4887746435546876,1.3,0.91,1.0
TSLA,2026-08-11,2026-09-25,C,445.0,105,41,0.49658706542968756,1.41,0.85,0.93
TSLA,2026-08-11,2026-09-25,C,450.0,42,21,0.5007374145507812,0.85,0.8,0.87
TSLA,2026-08-11,2026-09-25,C,455.0,6,1,0.5089160437011719,1.12,0.75,0.82
TSLA,2026-08-11,2026-09-25,C,460.0,64,27,0.5169726037597657,0.84,0.7,0.78
TSLA,2026-08-11,2026-09-25,C,470.0,11,1,0.53320779296875,0.8,0.63,0.7
TSLA,2026-08-11,2026-09-25,C,480.0,11,7,0.5488326367187502,0.82,0.56,0.64
TSLA,2026-08-11,2026-09-25,C,500.0,206,8,0.5820354296875,0.51,0.48,0.55
TSLA,2026-08-11,2026-09-25,C,510.0,4,1,0.5969278588867188,0.67,0.44,0.51
TSLA,2026-08-11,2026-09-25,C,530.0,87,42,0.6250037500000001,0.6,0.37,0.44
TSLA,2026-08-11,2026-09-25,C,565.0,5,2,0.6718782812500002,0.42,0.29,0.35
TSLA,2026-08-11,2026-09-25,C,600.0,3,1,0.7143583251953125,0.38,0.23,0.29
TSLA,2026-08-11,2026-09-25,C,615.0,34,2,0.72851833984375,0.34,0.2,0.26
TSLA,2026-08-11,2026-09-25,P,170.0,3,4,0.75586181640625,0.11,0.06,0.24
TSLA,2026-08-11,2026-09-25,P,180.0,5,2,0.70312796875,0.16,0.12,0.21
TSLA,2026-08-11,2026-09-25,P,190.0,27,1,0.6718782812500002,0.2,0.09,0.37
TSLA,2026-08-11,2026-09-25,P,200.0,37,6,0.6201209863281252,0.24,0.22,0.28
TSLA,2026-08-11,2026-09-25,P,220.0,12,1,0.5390671093750001,0.35,0.33,0.4
TSLA,2026-08-11,2026-09-25,P,230.0,207,202,0.5036670727539063,0.44,0.43,0.5
TSLA,2026-08-11,2026-09-25,P,235.0,9,5,0.4899953344726563,0.53,0.5,0.55
TSLA,2026-08-11,2026-09-25,P,240.0,241,1,0.47510290527343746,0.68,0.58,0.64
TSLA,2026-08-11,2026-09-25,P,250.0,26,4,0.44775942871093743,0.81,0.82,0.89
TSLA,2026-08-11,2026-09-25,P,255.0,15,3,0.4378718322753906,0.95,0.98,1.09
TSLA,2026-08-11,2026-09-25,P,260.0,45,9,0.42407802490234375,1.24,1.21,1.28
TSLA,2026-08-11,2026-09-25,P,265.0,29,13,0.41528905029296875,1.47,1.5,1.58
TSLA,2026-08-11,2026-09-25,P,270.0,65,43,0.4058897302246094,1.88,1.85,1.93
TSLA,2026-08-11,2026-09-25,P,275.0,68,114,0.39942006835937505,2.3,2.28,2.41
TSLA,2026-08-11,2026-09-25,P,280.0,62,26,0.39771110107421875,2.85,2.9,3.1
TSLA,2026-08-11,2026-09-25,P,285.0,37,95,0.3909973010253906,3.7,3.6,3.8
TSLA,2026-08-11,2026-09-25,P,290.0,66,83,0.38672488281249995,4.5,4.45,4.7
TSLA,2026-08-11,2026-09-25,P,295.0,166,68,0.3821472918701171,5.62,5.5,5.75
TSLA,2026-08-11,2026-09-25,P,300.0,190,114,0.3782410809326171,7.0,6.85,7.0
TSLA,2026-08-11,2026-09-25,P,305.0,324,33,0.37830211547851555,8.32,8.25,8.6
TSLA,2026-08-11,2026-09-25,P,310.0,69,29,0.3777528045654296,10.08,10.1,10.4
TSLA,2026-08-11,2026-09-25,P,315.0,159,56,0.37650159637451175,12.06,12.15,12.4
TSLA,2026-08-11,2026-09-25,P,320.0,48,35,0.37567763000488286,14.04,14.4,14.65
TSLA,2026-08-11,2026-09-25,P,325.0,69,4,0.37183245361328127,16.29,16.7,17.0
TSLA,2026-08-11,2026-09-25,P,330.0,117,46,0.3739686627197265,19.3,19.0,19.85
TSLA,2026-08-11,2026-09-25,P,335.0,39,6,0.37772228729248036,22.2,21.85,23.0
TSLA,2026-08-11,2026-09-25,P,340.0,32,9,0.3904479901123047,25.45,25.0,26.75
TSLA,2026-08-11,2026-09-25,P,350.0,10,3,0.3833069482421875,28.61,32.15,33.4
TSLA,2026-08-11,2026-09-25,P,360.0,23,24,0.4278621667480469,40.05,39.6,42.7
TSLA,2026-08-11,2026-09-25,P,365.0,14,1,0.4321345849609375,39.7,40.8,46.8
TSLA,2026-08-11,2026-09-25,P,370.0,15,6,0.41962250305175786,46.05,46.55,50.45
TSLA,2026-08-11,2026-09-25,P,375.0,9,1,0.44653873779296877,49.0,50.95,55.5
TSLA,2026-08-11,2026-09-25,P,385.0,3,1,0.46973186523437505,55.07,60.7,64.75
TSLA,2026-08-11,2026-09-25,P,400.0,7,1,0.47412635253906255,67.24,73.5,78.2
TSLA,2026-08-11,2026-09-25,P,405.0,2,1,0.5024463818359376,78.11,77.4,83.4
TSLA,2026-08-11,2026-09-25,P,420.0,3,1,0.5520064331054688,91.85,92.1,98.25
TSLA,2026-08-11,2026-10-16,C,50.0,2,2,1.7578137109375,273.18,271.6,278.4
TSLA,2026-08-11,2026-10-16,C,60.0,1,1,1.611330068359375,337.9,261.6,268.45
TSLA,2026-08-11,2026-10-16,C,75.0,0,0,0.0,276.38,345.8,352.55
TSLA,2026-08-11,2026-10-16,C,85.0,0,1,1.19141029296875,326.05,237.15,242.7
TSLA,2026-08-11,2026-10-16,C,90.0,0,1,1.0000000000000003e-05,324.94,0.0,0.0
TSLA,2026-08-11,2026-10-16,C,95.0,0,0,1.0000000000000003e-05,319.82,0.0,0.0
TSLA,2026-08-11,2026-10-16,C,100.0,139,1,1.1650432373046877,229.38,222.4,227.75
TSLA,2026-08-11,2026-10-16,C,105.0,154,10,1.2255898095703124,295.15,217.75,222.9
TSLA,2026-08-11,2026-10-16,C,110.0,130,2,1.1513714306640623,225.75,212.5,218.0
TSLA,2026-08-11,2026-10-16,C,115.0,0,2,1.0000000000000003e-05,241.4,0.0,0.0
TSLA,2026-08-11,2026-10-16,C,120.0,350,1,1.111332568359375,189.8,202.9,207.9
TSLA,2026-08-11,2026-10-16,C,125.0,63,2,5.0788000382232665,272.97,268.65,273.95
TSLA,2026-08-11,2026-10-16,C,130.0,95,1,1.0756882153320313,269.12,193.15,198.05
TSLA,2026-08-11,2026-10-16,C,135.0,99,27,6.467409142303467,256.09,287.0,294.05
TSLA,2026-08-11,2026-10-16,C,140.0,45,1,0.9570316796874999,194.0,182.75,188.1
TSLA,2026-08-11,2026-10-16,C,145.0,0,82,1.0000000000000003e-05,207.8,0.0,0.0
TSLA,2026-08-11,2026-10-16,C,150.0,38,1,0.9160164648437501,176.25,172.9,178.25
TSLA,2026-08-11,2026-10-16,C,155.0,0,6,1.0000000000000003e-05,210.65,0.0,0.0
TSLA,2026-08-11,2026-10-16,C,160.0,0,2,1.0000000000000003e-05,199.05,0.0,0.0
TSLA,2026-08-11,2026-10-16,C,165.0,45,33,0.8500991552734375,162.6,158.15,163.45
TSLA,2026-08-11,2026-10-16,C,175.0,105,2,0.8010273803710937,126.05,148.35,153.5
TSLA,2026-08-11,2026-10-16,C,180.0,90,2,0.7812521875,136.5,143.4,148.65
TSLA,2026-08-11,2026-10-16,C,185.0,0,16,1.0000000000000003e-05,238.46,0.0,0.0
TSLA,2026-08-11,2026-10-16,C,190.0,51,1,0.729494892578125,120.39,133.5,138.75
TSLA,2026-08-11,2026-10-16,C,195.0,57,1,0.7014190014648438,118.0,128.55,133.75
TSLA,2026-08-11,2026-10-16,C,200.0,111,20,0.6905548522949221,130.0,124.0,128.7
TSLA,2026-08-11,2026-10-16,C,205.0,38,5,0.7163114306640624,121.0,120.05,124.05
TSLA,2026-08-11,2026-10-16,C,210.0,50,2,0.637576866455078,125.54,114.05,118.8
TSLA,2026-08-11,2026-10-16,C,215.0,63,1,0.6528355029296876,122.26,110.25,113.8
TSLA,2026-08-11,2026-10-16,C,220.0,519,4,0.6309851354980469,107.0,105.6,108.7
TSLA,2026-08-11,2026-10-16,C,225.0,67,15,0.602787175292969,102.85,100.65,103.7
TSLA,2026-08-11,2026-10-16,C,230.0,116,1,0.575077491455078,98.08,95.65,98.75
TSLA,2026-08-11,2026-10-16,C,235.0,63,25,0.5600629931640625,96.2,91.1,93.8
TSLA,2026-08-11,2026-10-16,C,240.0,230,1,0.5273484765625001,82.93,86.15,88.6
TSLA,2026-08-11,2026-10-16,C,245.0,41,1,0.5126391510009765,90.16,81.7,83.6
TSLA,2026-08-11,2026-10-16,C,250.0,210,16,0.5319260675048829,79.3,77.2,78.75
TSLA,2026-08-11,2026-10-16,C,255.0,86,1,0.5173388110351562,79.96,72.45,74.15
TSLA,2026-08-11,2026-10-16,C,260.0,76,1,0.5083667327880859,75.57,68.05,69.75
TSLA,2026-08-11,2026-10-16,C,265.0,82,1,0.4923756817626954,69.75,63.6,65.2
TSLA,2026-08-11,2026-10-16,C,270.0,138,3,0.47046427978515626,67.88,59.3,60.5
TSLA,2026-08-11,2026-10-16,C,275.0,172,1,0.4664970343017578,59.15,55.15,56.45
TSLA,2026-08-11,2026-10-16,C,280.0,142,22,0.46082082153320314,52.25,51.15,52.45
TSLA,2026-08-11,2026-10-16,C,285.0,60,1,0.4559990924072266,48.0,47.2,48.6
TSLA,2026-08-11,2026-10-16,C,290.0,170,1,0.44595890960693363,44.15,43.35,44.65
TSLA,2026-08-11,2026-10-16,C,295.0,99,12,0.44229683685302734,41.1,39.8,41.1
TSLA,2026-08-11,2026-10-16,C,300.0,724,236,0.4356135540771484,37.0,36.4,37.55
TSLA,2026-08-11,2026-10-16,C,305.0,547,40,0.43207355041503903,34.01,33.1,34.3
TSLA,2026-08-11,2026-10-16,C,310.0,1945,7,0.42648888946533214,31.0,30.05,31.1
TSLA,2026-08-11,2026-10-16,C,315.0,443,6,0.42636682037353524,29.9,27.3,28.35
TSLA,2026-08-11,2026-10-16,C,320.0,1429,93,0.4212094012451172,25.33,25.0,25.5
TSLA,2026-08-11,2026-10-16,C,325.0,1060,138,0.41760836303710935,22.7,22.6,22.9
TSLA,2026-08-11,2026-10-16,C,330.0,2175,219,0.41727267303466786,20.5,20.2,20.65
TSLA,2026-08-11,2026-10-16,C,335.0,2779,72,0.41571629211425776,18.24,18.05,18.5
TSLA,2026-08-11,2026-10-16,C,340.0,1031,130,0.41571629211425776,16.5,16.2,16.6
TSLA,2026-08-11,2026-10-16,C,345.0,510,47,0.4147092221069336,14.63,14.5,14.8
TSLA,2026-08-11,2026-10-16,C,350.0,3684,212,0.41556370574951174,13.14,13.0,13.25
TSLA,2026-08-11,2026-10-16,C,355.0,626,24,0.4186154330444336,11.72,11.5,11.95
TSLA,2026-08-11,2026-10-16,C,360.0,2715,89,0.4181271566772461,10.55,10.35,10.6
TSLA,2026-08-11,2026-10-16,C,365.0,1360,39,0.4202633657836914,9.43,9.2,9.5
TSLA,2026-08-11,2026-10-16,C,370.0,1390,58,0.4233456103515625,8.3,8.2,8.55
TSLA,2026-08-11,2026-10-16,C,375.0,1636,88,0.4195614685058594,7.4,7.25,7.4
TSLA,2026-08-11,2026-10-16,C,380.0,3575,231,0.42520716400146485,6.69,6.55,6.75
TSLA,2026-08-11,2026-10-16,C,385.0,841,33,0.4265194067382813,6.16,5.8,6.0
TSLA,2026-08-11,2026-10-16,C,390.0,1111,26,0.42981527221679694,5.39,5.3,5.4
TSLA,2026-08-11,2026-10-16,C,395.0,1553,63,0.434148724975586,4.85,4.6,4.9
TSLA,2026-08-11,2026-10-16,C,400.0,7839,510,0.4353694158935547,4.25,4.2,4.35
TSLA,2026-08-11,2026-10-16,C,405.0,500,3,0.44287666503906253,4.83,3.75,4.05
TSLA,2026-08-11,2026-10-16,C,410.0,1720,169,0.4440973559570312,3.65,3.4,3.6
TSLA,2026-08-11,2026-10-16,C,415.0,653,4,0.44910218872070307,3.25,3.1,3.3
TSLA,2026-08-11,2026-10-16,C,420.0,2258,94,0.45093322509765627,2.9,2.79,2.95
TSLA,2026-08-11,2026-10-16,C,425.0,1993,82,0.4545952978515625,2.75,2.56,2.68
TSLA,2026-08-11,2026-10-16,C,430.0,7367,114,0.4592339233398438,2.38,2.37,2.46
TSLA,2026-08-11,2026-10-16,C,435.0,1266,17,0.46747358703613284,2.33,2.12,2.34
TSLA,2026-08-11,2026-10-16,C,440.0,1043,23,0.4682670361328125,2.06,1.99,2.08
TSLA,2026-08-11,2026-10-16,C,445.0,1394,23,0.47449255981445315,1.95,1.81,1.95
TSLA,2026-08-11,2026-10-16,C,450.0,5673,179,0.47839877075195314,1.75,1.7,1.79
TSLA,2026-08-11,2026-10-16,C,455.0,330,2,0.48767602172851565,2.17,1.58,1.74
TSLA,2026-08-11,2026-10-16,C,460.0,1906,69,0.48767602172851565,1.49,1.49,1.54
TSLA,2026-08-11,2026-10-16,C,465.0,810,157,0.4928029235839845,1.43,1.36,1.44
TSLA,2026-08-11,2026-10-16,C,470.0,1803,2,0.5026905200195313,1.57,1.31,1.42
TSLA,2026-08-11,2026-10-16,C,475.0,1818,1,0.504765694580078,1.65,1.21,1.37
TSLA,2026-08-11,2026-10-16,C,480.0,1198,271,0.5096484582519532,1.24,1.15,1.27
TSLA,2026-08-11,2026-10-16,C,485.0,159,2,0.5178270874023438,1.72,1.11,1.25
TSLA,2026-08-11,2026-10-16,C,490.0,456,1,0.5222215747070311,1.5,1.03,1.18
TSLA,2026-08-11,2026-10-16,C,495.0,347,2,0.5277146838378908,1.23,0.97,1.13
TSLA,2026-08-11,2026-10-16,C,500.0,5639,64,0.5314988256835937,0.99,0.94,1.02
TSLA,2026-08-11,2026-10-16,C,505.0,252,1,0.5384567639160158,0.98,0.91,0.99
TSLA,2026-08-11,2026-10-16,C,510.0,557,10,0.5461471166992189,1.2,0.86,1.0
TSLA,2026-08-11,2026-10-16,C,515.0,356,1,0.549076774902344,1.15,0.78,0.95
TSLA,2026-08-11,2026-10-16,C,520.0,2481,219,0.5546919531250001,1.06,0.78,0.88
TSLA,2026-08-11,2026-10-16,C,525.0,308,2,0.5627485131835939,1.21,0.79,0.85
TSLA,2026-08-11,2026-10-16,C,530.0,348,3,0.565556102294922,0.8,0.72,0.81
TSLA,2026-08-11,2026-10-16,C,535.0,309,1,0.5749554223632812,1.05,0.71,0.83
TSLA,2026-08-11,2026-10-16,C,540.0,467,1,0.5776409423828125,0.76,0.64,0.8
TSLA,2026-08-11,2026-10-16,C,545.0,300,26,0.584965087890625,0.88,0.65,0.77
TSLA,2026-08-11,2026-10-16,C,550.0,2384,7,0.5888712988281251,0.75,0.61,0.74
TSLA,2026-08-11,2026-10-16,C,555.0,10,1,0.5971719970703125,0.92,0.62,0.73
TSLA,2026-08-11,2026-10-16,C,560.0,850,77,0.5979044116210939,0.65,0.57,0.67
TSLA,2026-08-11,2026-10-16,C,570.0,255,6,0.6096230444335939,0.81,0.51,0.67
TSLA,2026-08-11,2026-10-16,C,580.0,369,1,0.6228065063476562,0.71,0.52,0.63
TSLA,2026-08-11,2026-10-16,C,590.0,250,2,0.6330603100585939,0.78,0.5,0.59
TSLA,2026-08-11,2026-10-16,C,600.0,3728,177,0.6403844555664062,0.5,0.47,0.53
TSLA,2026-08-11,2026-10-16,C,610.0,295,1,0.6528355029296876,0.64,0.44,0.54
TSLA,2026-08-11,2026-10-16,C,620.0,198,1,0.6621127539062501,0.71,0.42,0.51
TSLA,2026-08-11,2026-10-16,C,630.0,1797,1,0.6689486230468751,0.54,0.4,0.46
TSLA,2026-08-11,2026-10-16,C,640.0,298,3,0.6801789794921876,0.43,0.38,0.46
TSLA,2026-08-11,2026-10-16,C,650.0,460,2,0.6889679541015626,0.4,0.36,0.44
TSLA,2026-08-11,2026-10-16,C,660.0,107,1,0.6982452050781252,0.43,0.34,0.43
TSLA,2026-08-11,2026-10-16,C,670.0,1360,1,0.7036162451171876,0.4,0.33,0.38
TSLA,2026-08-11,2026-10-16,C,680.0,1489,1,0.710940390625,0.39,0.31,0.36
TSLA,2026-08-11,2026-10-16,C,690.0,276,1,0.7202176416015625,0.34,0.28,0.37
TSLA,2026-08-11,2026-10-16,C,700.0,1216,1,0.7260769580078125,0.32,0.28,0.33
TSLA,2026-08-11,2026-10-16,C,710.0,288,1,0.73633076171875,0.3,0.26,0.34
TSLA,2026-08-11,2026-10-16,C,720.0,159,1,0.7412135253906249,0.3,0.23,0.33
TSLA,2026-08-11,2026-10-16,C,730.0,343,1,0.7490259472656251,0.27,0.24,0.3
TSLA,2026-08-11,2026-10-16,C,740.0,80,1,0.7534204345703125,0.26,0.2,0.3
TSLA,2026-08-11,2026-10-16,C,750.0,246,15,0.76367423828125,0.3,0.22,0.28
TSLA,2026-08-11,2026-10-16,C,760.0,292,1,0.770510107421875,0.31,0.2,0.28
TSLA,2026-08-11,2026-10-16,C,770.0,282,1,0.7753928710937501,0.24,0.18,0.27
TSLA,2026-08-11,2026-10-16,C,780.0,141,1,0.77929908203125,0.23,0.16,0.26
TSLA,2026-08-11,2026-10-16,C,790.0,33,10,0.79101771484375,0.23,0.18,0.25
TSLA,2026-08-11,2026-10-16,C,800.0,4558,5,0.7919942675781251,0.23,0.16,0.23
TSLA,2026-08-11,2026-10-16,C,810.0,857,3,0.8017597949218749,0.25,0.17,0.22
TSLA,2026-08-11,2026-10-16,C,820.0,1435,8,0.80664255859375,0.25,0.16,0.21
TSLA,2026-08-11,2026-10-16,C,830.0,54,10,0.8173846386718748,0.26,0.15,0.23
TSLA,2026-08-11,2026-10-16,C,840.0,119,1,0.82226740234375,0.26,0.15,0.21
TSLA,2026-08-11,2026-10-16,C,850.0,830,2,0.8281267187499999,0.21,0.14,0.21
TSLA,2026-08-11,2026-10-16,C,860.0,68,1,0.8349625878906248,0.21,0.13,0.21
TSLA,2026-08-11,2026-10-16,C,870.0,679,1,0.840821904296875,0.14,0.14,0.19
TSLA,2026-08-11,2026-10-16,C,880.0,525,10,0.8466812207031249,0.21,0.13,0.19
TSLA,2026-08-11,2026-10-16,C,890.0,216,1,0.84961087890625,0.18,0.12,0.18
TSLA,2026-08-11,2026-10-16,C,900.0,2769,208,0.848634326171875,0.15,0.12,0.15
TSLA,2026-08-11,2026-10-16,P,50.0,5353,217,1.4453152734375,0.01,0.01,0.04
TSLA,2026-08-11,2026-10-16,P,55.0,4688,205,1.4140654296875002,0.12,0.01,0.06
TSLA,2026-08-11,2026-10-16,P,60.0,2859,11,1.359378203125,0.05,0.0,0.08
TSLA,2026-08-11,2026-10-16,P,65.0,659,44,1.2968785156249998,0.04,0.0,0.08
TSLA,2026-08-11,2026-10-16,P,70.0,1348,30,1.2890660546875,0.06,0.04,0.08
TSLA,2026-08-11,2026-10-16,P,75.0,803,6,1.3906280468749999,0.06,0.0,0.38
TSLA,2026-08-11,2026-10-16,P,80.0,1141,10,1.2636755566406248,0.07,0.05,0.19
TSLA,2026-08-11,2026-10-16,P,85.0,189,15,1.26172244140625,0.17,0.05,0.3
TSLA,2026-08-11,2026-10-16,P,90.0,459,1,1.1445355273437499,0.19,0.0,0.21
TSLA,2026-08-11,2026-10-16,P,95.0,88,17,1.1962930810546877,0.19,0.0,0.45
TSLA,2026-08-11,2026-10-16,P,100.0,1447,7,1.154301103515625,0.22,0.07,0.4
TSLA,2026-08-11,2026-10-16,P,105.0,234,7,1.0351610742187503,0.23,0.03,0.23
TSLA,2026-08-11,2026-10-16,P,110.0,224,4,0.96679720703125,0.09,0.04,0.16
TSLA,2026-08-11,2026-10-16,P,115.0,51,18,1.1167036352539061,0.17,0.04,0.87
TSLA,2026-08-11,2026-10-16,P,120.0,1087,4,0.9062509375,0.13,0.06,0.17
TSLA,2026-08-11,2026-10-16,P,125.0,74,6,0.8789074609374999,0.13,0.09,0.16
TSLA,2026-08-11,2026-10-16,P,130.0,101,2,0.8554701953125,0.17,0.1,0.18
TSLA,2026-08-11,2026-10-16,P,135.0,6,1,0.8125018749999999,0.25,0.01,0.24
TSLA,2026-08-11,2026-10-16,P,140.0,96,6,0.8085956640624999,0.16,0.12,0.22
TSLA,2026-08-11,2026-10-16,P,145.0,156,11,0.752932158203125,0.21,0.0,0.26
TSLA,2026-08-11,2026-10-16,P,150.0,948,11,0.7744163183593751,0.21,0.2,0.26
TSLA,2026-08-11,2026-10-16,P,155.0,50,8,0.7666038964843751,0.25,0.09,0.49
TSLA,2026-08-11,2026-10-16,P,160.0,202,3,0.7187528125,0.28,0.18,0.3
TSLA,2026-08-11,2026-10-16,P,165.0,131,1,0.6987334814453126,0.25,0.2,0.33
TSLA,2026-08-11,2026-10-16,P,170.0,265,1,0.6655306884765627,0.31,0.21,0.29
TSLA,2026-08-11,2026-10-16,P,175.0,316,1,0.6552768847656252,0.27,0.24,0.37
TSLA,2026-08-11,2026-10-16,P,180.0,241,1,0.6337927246093751,0.32,0.25,0.4
TSLA,2026-08-11,2026-10-16,P,185.0,333,1,0.6074258007812501,0.32,0.28,0.37
TSLA,2026-08-11,2026-10-16,P,190.0,285,2,0.5874064697265625,0.37,0.31,0.39
TSLA,2026-08-11,2026-10-16,P,195.0,293,1,0.5800823242187501,0.45,0.38,0.49
TSLA,2026-08-11,2026-10-16,P,200.0,798,21,0.5554243676757813,0.44,0.41,0.47
TSLA,2026-08-11,2026-10-16,P,205.0,136,132,0.5366257275390626,0.51,0.42,0.53
TSLA,2026-08-11,2026-10-16,P,210.0,1086,26,0.5239305419921875,0.56,0.51,0.59
TSLA,2026-08-11,2026-10-16,P,215.0,500,40,0.5063525927734375,0.6,0.57,0.63
TSLA,2026-08-11,2026-10-16,P,220.0,988,29,0.49707534179687507,0.66,0.67,0.72
TSLA,2026-08-11,2026-10-16,P,225.0,573,1,0.48682153808593753,0.75,0.74,0.85
TSLA,2026-08-11,2026-10-16,P,230.0,343,101,0.476567734375,0.92,0.89,1.0
TSLA,2026-08-11,2026-10-16,P,235.0,1244,3,0.46594772338867196,1.05,1.04,1.17
TSLA,2026-08-11,2026-10-16,P,240.0,2441,9,0.4542290905761719,1.23,1.24,1.35
TSLA,2026-08-11,2026-10-16,P,245.0,866,11,0.4454401159667969,1.47,1.47,1.6
TSLA,2026-08-11,2026-10-16,P,250.0,3281,76,0.4348201049804688,1.8,1.76,1.86
TSLA,2026-08-11,2026-10-16,P,255.0,1424,3,0.42847251220703125,2.04,2.1,2.24
TSLA,2026-08-11,2026-10-16,P,260.0,4425,20,0.4200497448730469,2.59,2.53,2.64
TSLA,2026-08-11,2026-10-16,P,265.0,1278,15,0.41559422302246096,3.0,2.99,3.2
TSLA,2026-08-11,2026-10-16,P,270.0,1789,46,0.4110166320800781,3.65,3.65,3.85
TSLA,2026-08-11,2026-10-16,P,275.0,3903,71,0.40643904113769536,4.4,4.4,4.6
TSLA,2026-08-11,2026-10-16,P,280.0,10620,119,0.402899037475586,5.35,5.25,5.5
TSLA,2026-08-11,2026-10-16,P,285.0,1790,38,0.39856558471679693,6.17,6.3,6.5
TSLA,2026-08-11,2026-10-16,P,290.0,3140,37,0.39703972106933594,7.51,7.5,7.75
TSLA,2026-08-11,2026-10-16,P,295.0,3476,60,0.3941405801391602,8.93,8.85,9.1
TSLA,2026-08-11,2026-10-16,P,300.0,7271,77,0.3909973010253906,10.6,10.55,10.6
TSLA,2026-08-11,2026-10-16,P,305.0,2448,15,0.3904785073852539,11.45,12.05,12.4
TSLA,2026-08-11,2026-10-16,P,310.0,3012,28,0.3883117810058594,14.1,13.95,14.3
TSLA,2026-08-11,2026-10-16,P,315.0,1840,26,0.3873962628173828,15.92,16.05,16.45
TSLA,2026-08-11,2026-10-16,P,320.0,5458,175,0.3876098837280273,18.26,18.55,18.85
TSLA,2026-08-11,2026-10-16,P,325.0,3731,140,0.38529057098388664,21.12,21.1,21.3
TSLA,2026-08-11,2026-10-16,P,330.0,10407,120,0.38959350646972657,24.0,23.7,24.3
TSLA,2026-08-11,2026-10-16,P,335.0,1374,29,0.3869995382690429,26.85,26.55,27.1
TSLA,2026-08-11,2026-10-16,P,340.0,3801,5,0.3866943655395507,27.8,29.7,30.2
TSLA,2026-08-11,2026-10-16,P,345.0,1168,28,0.38602298553466785,33.2,32.75,33.45
TSLA,2026-08-11,2026-10-16,P,350.0,3094,14,0.38611453735351553,36.34,36.0,36.9
TSLA,2026-08-11,2026-10-16,P,355.0,1115,1,0.3912719564819336,38.0,39.55,40.75
TSLA,2026-08-11,2026-10-16,P,360.0,4739,7,0.38864747100830077,43.73,43.55,44.35
TSLA,2026-08-11,2026-10-16,P,365.0,1101,20,0.39716179016113284,43.52,47.4,48.6
TSLA,2026-08-11,2026-10-16,P,370.0,1875,4,0.3991759301757813,46.4,51.25,52.65
TSLA,2026-08-11,2026-10-16,P,375.0,738,5,0.3963073065185547,55.35,55.35,56.6
TSLA,2026-08-11,2026-10-16,P,380.0,9594,2,0.3942931665039063,58.7,59.6,60.7
TSLA,2026-08-11,2026-10-16,P,385.0,1268,2,0.3963683410644532,61.48,63.6,65.05
TSLA,2026-08-11,2026-10-16,P,390.0,3481,21,0.3992369647216797,67.4,68.0,69.5
TSLA,2026-08-11,2026-10-16,P,395.0,2256,4,0.4141293939208984,69.41,72.85,74.4
TSLA,2026-08-11,2026-10-16,P,400.0,5447,3,0.4171811212158203,74.15,77.6,78.95
TSLA,2026-08-11,2026-10-16,P,405.0,327,13,0.4237118176269531,75.66,81.8,83.65
TSLA,2026-08-11,2026-10-16,P,410.0,527,2,0.42902182312011716,84.05,86.45,88.35
TSLA,2026-08-11,2026-10-16,P,415.0,786,7,0.4331111376953125,90.49,91.3,93.05
TSLA,2026-08-11,2026-10-16,P,420.0,757,1,0.4440973559570312,93.23,96.0,97.95
TSLA,2026-08-11,2026-10-16,P,425.0,543,12,0.4627739270019532,97.3,100.8,103.05
TSLA,2026-08-11,2026-10-16,P,430.0,573,4,0.47083048706054687,105.07,105.55,107.9
TSLA,2026-08-11,2026-10-16,P,435.0,216,4,0.4622246160888672,101.95,110.05,112.4
TSLA,2026-08-11,2026-10-16,P,440.0,283,4,0.49408464904785165,114.88,115.4,117.8
TSLA,2026-08-11,2026-10-16,P,445.0,215,10,0.4836477416992188,119.3,119.85,122.3
TSLA,2026-08-11,2026-10-16,P,450.0,413,1,0.4804739453125,116.22,124.7,127.0
TSLA,2026-08-11,2026-10-16,P,455.0,18,16,0.5722699023437501,146.41,129.15,133.7
TSLA,2026-08-11,2026-10-16,P,460.0,57,1,0.5159350164794922,137.35,134.3,137.2
TSLA,2026-08-11,2026-10-16,P,465.0,24,3,0.5252122674560546,154.63,139.25,142.15
TSLA,2026-08-11,2026-10-16,P,470.0,19,1,0.5369919348144532,137.65,144.25,147.15
TSLA,2026-08-11,2026-10-16,P,475.0,787,1,0.5457809094238282,169.19,149.2,152.1
TSLA,2026-08-11,2026-10-16,P,480.0,2,5,0.5571333349609376,172.59,154.2,157.1
TSLA,2026-08-11,2026-10-16,P,485.0,3,1,0.56836369140625,103.03,159.2,162.1
TSLA,2026-08-11,2026-10-16,P,490.0,0,19,0.5794719787597657,190.63,164.15,167.1
TSLA,2026-08-11,2026-10-16,P,495.0,0,1,0.5903361279296876,190.76,169.15,172.1
TSLA,2026-08-11,2026-10-16,P,500.0,14,11,0.6009561389160158,166.98,174.2,177.1
TSLA,2026-08-11,2026-10-16,P,505.0,0,1,0.611576149902344,185.75,179.15,182.1
TSLA,2026-08-11,2026-10-16,P,510.0,1,1,0.6219520227050781,179.44,184.15,187.1
TSLA,2026-08-11,2026-10-16,P,515.0,0,1,0.5505416040039064,134.73,189.6,192.5
TSLA,2026-08-11,2026-10-16,P,520.0,0,4,0.5695843823242188,198.31,193.8,198.5
TSLA,2026-08-11,2026-10-16,P,525.0,0,3,0.5689740368652343,122.15,199.6,202.5
TSLA,2026-08-11,2026-10-16,P,530.0,0,2,0.5727581787109376,208.98,203.8,208.2
TSLA,2026-08-11,2026-10-16,P,535.0,6,0,1.0000000000000003e-05,154.33,143.2,144.2
TSLA,2026-08-11,2026-10-16,P,540.0,2,2,0.8330094824218748,160.35,216.05,224.25
TSLA,2026-08-11,2026-10-16,P,545.0,0,30,0.6044961425781252,222.36,219.6,222.5
TSLA,2026-08-11,2026-10-16,P,550.0,0,106,0.6259803027343751,226.5,224.6,227.75
TSLA,2026-08-11,2026-10-16,P,560.0,0,22,0.6455113574218749,236.2,233.8,238.6
TSLA,2026-08-11,2026-10-16,P,570.0,0,22,0.6462437719726561,252.75,244.6,247.5
TSLA,2026-08-11,2026-10-16,P,580.0,0,1,0.6506382592773439,192.55,254.2,257.7
TSLA,2026-08-11,2026-10-16,P,590.0,0,1,0.63086306640625,197.23,264.2,267.2
TSLA,2026-08-11,2026-10-16,P,600.0,0,1,0.7550073327636719,294.78,274.6,278.75
TSLA,2026-08-11,2026-10-16,P,650.0,0,17,0.6904327832031252,245.75,322.75,328.4
TSLA,2026-08-11,2026-10-16,P,660.0,0,2,0.7402369726562499,354.17,332.9,338.65
TSLA,2026-08-11,2026-10-16,P,700.0,0,0,0.8349625878906248,290.8,373.35,378.8
TSLA,2026-08-11,2026-10-16,P,730.0,0,0,1.0000000000000003e-05,305.8,0.0,0.0
TSLA,2026-08-11,2026-10-16,P,750.0,0,1,1.0000000000000003e-05,347.62,0.0,0.0
TSLA,2026-08-11,2026-10-16,P,800.0,0,1,1.0000000000000003e-05,376.74,392.9,393.9
TSLA,2026-08-11,2026-11-20,C,5.0,30,2,6.884767019042969,325.41,316.3,323.05
TSLA,2026-08-11,2026-11-20,C,20.0,1,1,1.5312523437499999,298.05,301.5,308.15
TSLA,2026-08-11,2026-11-20,C,25.0,7,20,1.89453177734375,308.9,296.55,303.35
TSLA,2026-08-11,2026-11-20,C,30.0,0,7,1.0000000000000003e-05,399.01,0.0,0.0
TSLA,2026-08-11,2026-11-20,C,55.0,0,0,1.0000000000000003e-05,326.9,0.0,0.0
TSLA,2026-08-11,2026-11-20,C,65.0,0,3,1.0000000000000003e-05,336.27,0.0,0.0
TSLA,2026-08-11,2026-11-20,C,80.0,0,0,1.0000000000000003e-05,300.2,0.0,0.0
TSLA,2026-08-11,2026-11-20,C,85.0,1,0,7.417969477539062,342.25,312.4,321.0
TSLA,2026-08-11,2026-11-20,C,95.0,3,8,1.1508831518554685,230.13,227.5,233.75
TSLA,2026-08-11,2026-11-20,C,100.0,152,1,1.1357465087890626,231.36,222.85,228.7
TSLA,2026-08-11,2026-11-20,C,110.0,0,5,1.0000000000000003e-05,244.25,0.0,0.0
TSLA,2026-08-11,2026-11-20,C,120.0,154,2,6.3293477914428715,223.95,303.15,309.75
TSLA,2026-08-11,2026-11-20,C,130.0,94,3,0.9509282250976561,181.5,193.1,199.2
TSLA,2026-08-11,2026-11-20,C,140.0,89,1,0.9091805957031249,173.76,183.35,189.45
TSLA,2026-08-11,2026-11-20,C,150.0,120,40,0.864137100830078,180.92,173.9,179.35
TSLA,2026-08-11,2026-11-20,C,155.0,133,1,3.88049346282959,262.25,255.35,261.05
TSLA,2026-08-11,2026-11-20,C,160.0,279,2,0.8212908496093749,156.0,164.1,169.65
TSLA,2026-08-11,2026-11-20,C,165.0,9,4,0.7800314965820312,217.25,158.8,164.7
TSLA,2026-08-11,2026-11-20,C,170.0,0,2,1.0000000000000003e-05,255.44,0.0,0.0
TSLA,2026-08-11,2026-11-20,C,175.0,0,8,1.0000000000000003e-05,250.61,0.0,0.0
TSLA,2026-08-11,2026-11-20,C,180.0,0,16,1.0000000000000003e-05,245.48,0.0,0.0
TSLA,2026-08-11,2026-11-20,C,185.0,35,2,0.700198310546875,149.91,139.55,145.0
TSLA,2026-08-11,2026-11-20,C,190.0,87,3,0.688601746826172,126.01,135.7,139.4
TSLA,2026-08-11,2026-11-20,C,195.0,31,6,0.6877472631835939,131.84,131.15,134.95
TSLA,2026-08-11,2026-11-20,C,200.0,83,5,0.663333444824219,133.0,126.4,129.85
TSLA,2026-08-11,2026-11-20,C,210.0,46,1,0.6109658044433595,124.99,116.3,120.05
TSLA,2026-08-11,2026-11-20,C,220.0,67,2,0.591373715209961,110.0,108.0,109.95
TSLA,2026-08-11,2026-11-20,C,225.0,56,1,0.5646405841064455,107.93,103.0,104.95
TSLA,2026-08-11,2026-11-20,C,230.0,129,10,0.5573774731445313,106.7,98.55,100.45
TSLA,2026-08-11,2026-11-20,C,235.0,90,1,0.5434615966796876,98.6,93.9,95.85
TSLA,2026-08-11,2026-11-20,C,240.0,236,4,0.530400203857422,91.8,89.4,91.2
TSLA,2026-08-11,2026-11-20,C,245.0,72,1,0.5229539892578124,91.1,85.0,86.9
TSLA,2026-08-11,2026-11-20,C,250.0,152,1,0.512578116455078,88.8,80.7,82.4
TSLA,2026-08-11,2026-11-20,C,255.0,77,18,0.5053760400390624,74.38,76.5,78.15
TSLA,2026-08-11,2026-11-20,C,260.0,110,3,0.5153857055664062,77.04,72.35,73.9
TSLA,2026-08-11,2026-11-20,C,265.0,37,10,0.514531221923828,74.49,68.4,70.15
TSLA,2026-08-11,2026-11-20,C,270.0,162,1,0.501103621826172,68.4,64.35,65.9
TSLA,2026-08-11,2026-11-20,C,275.0,77,1,0.4965260308837891,66.48,60.6,62.15
TSLA,2026-08-11,2026-11-20,C,280.0,105,46,0.4853872262573242,58.24,57.0,58.15
TSLA,2026-08-11,2026-11-20,C,285.0,89,5,0.48560084716796875,61.7,53.4,54.85
TSLA,2026-08-11,2026-11-20,C,290.0,151,2,0.4801382553100586,51.02,49.95,51.35
TSLA,2026-08-11,2026-11-20,C,295.0,144,1,0.47794101165771485,50.65,46.75,48.15
TSLA,2026-08-11,2026-11-20,C,300.0,322,277,0.4689384161376954,44.1,43.6,44.65
TSLA,2026-08-11,2026-11-20,C,305.0,540,46,0.47095255615234377,45.6,40.7,41.95
TSLA,2026-08-11,2026-11-20,C,310.0,966,4,0.4646965151977539,41.75,38.0,38.85
TSLA,2026-08-11,2026-11-20,C,315.0,444,22,0.46579513702392583,38.32,35.2,36.35
TSLA,2026-08-11,2026-11-20,C,320.0,1523,23,0.4604240969848633,33.52,33.05,33.55
TSLA,2026-08-11,2026-11-20,C,325.0,929,44,0.45847099151611337,30.8,30.7,31.1
TSLA,2026-08-11,2026-11-20,C,330.0,1048,96,0.4576470251464845,29.1,28.4,28.85
TSLA,2026-08-11,2026-11-20,C,335.0,527,27,0.45941702697753906,26.43,26.2,26.9
TSLA,2026-08-11,2026-11-20,C,340.0,750,318,0.45795219787597663,24.84,24.2,24.85
TSLA,2026-08-11,2026-11-20,C,345.0,420,21,0.45844047424316414,22.85,22.45,23.05
TSLA,2026-08-11,2026-11-20,C,350.0,15783,624,0.45654840332031255,21.0,20.6,21.2
TSLA,2026-08-11,2026-11-20,C,355.0,435,5,0.45825737060546884,20.0,18.95,19.7
TSLA,2026-08-11,2026-11-20,C,360.0,3030,9,0.4568840933227539,18.2,17.7,18.1
TSLA,2026-08-11,2026-11-20,C,365.0,1175,157,0.4578301287841797,20.25,16.3,16.75
TSLA,2026-08-11,2026-11-20,C,370.0,1785,35,0.45810478424072276,15.41,15.0,15.45
TSLA,2026-08-11,2026-11-20,C,375.0,1444,27,0.45856254333496105,14.0,13.9,14.25
TSLA,2026-08-11,2026-11-20,C,380.0,1325,4,0.46011892425537115,14.41,12.85,13.2
TSLA,2026-08-11,2026-11-20,C,385.0,1568,3,0.4603935797119141,12.15,11.8,12.15
TSLA,2026-08-11,2026-11-20,C,390.0,1007,29,0.4610954769897462,11.0,10.85,11.2
TSLA,2026-08-11,2026-11-20,C,395.0,425,9,0.46234668518066413,10.6,10.0,10.35
TSLA,2026-08-11,2026-11-20,C,400.0,5455,117,0.4633842724609375,9.45,9.35,9.55
TSLA,2026-08-11,2026-11-20,C,405.0,408,11,0.46619186157226566,9.17,8.55,8.9
TSLA,2026-08-11,2026-11-20,C,410.0,1063,36,0.46698531066894533,8.26,8.0,8.2
TSLA,2026-08-11,2026-11-20,C,415.0,1842,37,0.4698234170532227,9.78,7.4,7.65
TSLA,2026-08-11,2026-11-20,C,420.0,1853,55,0.47174600524902344,6.92,6.85,7.1
TSLA,2026-08-11,2026-11-20,C,425.0,1574,8,0.4738822143554688,6.62,6.4,6.6
TSLA,2026-08-11,2026-11-20,C,430.0,1295,9,0.47748325256347657,6.1,5.95,6.2
TSLA,2026-08-11,2026-11-20,C,435.0,819,81,0.47913118530273435,7.43,5.5,5.75
TSLA,2026-08-11,2026-11-20,C,440.0,987,47,0.48114532531738285,5.2,5.15,5.35
TSLA,2026-08-11,2026-11-20,C,445.0,680,4,0.48508205352783207,5.48,4.75,5.05
TSLA,2026-08-11,2026-11-20,C,450.0,3097,27,0.48694360717773444,4.6,4.5,4.7
TSLA,2026-08-11,2026-11-20,C,455.0,640,5,0.4910329217529297,5.35,4.15,4.45
TSLA,2026-08-11,2026-11-20,C,460.0,610,10,0.49451189086914066,4.0,4.0,4.2
TSLA,2026-08-11,2026-11-20,C,465.0,578,2,0.4958546508789063,4.25,3.65,3.9
TSLA,2026-08-11,2026-11-20,C,470.0,2783,3,0.49811292907714844,4.1,3.5,3.65
TSLA,2026-08-11,2026-11-20,C,475.0,495,16,0.5014698291015626,4.41,3.25,3.45
TSLA,2026-08-11,2026-11-20,C,480.0,1070,34,0.5015918981933594,3.2,3.1,3.25
TSLA,2026-08-11,2026-11-20,C,485.0,769,2,0.5050708673095703,3.7,2.87,3.15
TSLA,2026-08-11,2026-11-20,C,490.0,517,55,0.5079394909667969,2.79,2.76,2.92
TSLA,2026-08-11,2026-11-20,C,495.0,356,7,0.5119067364501952,2.71,2.65,2.77
TSLA,2026-08-11,2026-11-20,C,500.0,3020,112,0.5142870837402342,2.6,2.5,2.6
TSLA,2026-08-11,2026-11-20,C,505.0,451,95,0.5176439837646485,2.46,2.35,2.5
TSLA,2026-08-11,2026-11-20,C,510.0,974,4,0.521367091064453,2.34,2.25,2.38
TSLA,2026-08-11,2026-11-20,C,515.0,302,1,0.5260667510986328,2.5,2.15,2.32
TSLA,2026-08-11,2026-11-20,C,520.0,478,108,0.5288133056640626,2.14,2.03,2.21
TSLA,2026-08-11,2026-11-20,C,525.0,772,15,0.5310105493164063,2.05,1.88,2.12
TSLA,2026-08-11,2026-11-20,C,530.0,632,6,0.5363815893554689,2.71,1.84,2.06
TSLA,2026-08-11,2026-11-20,C,535.0,252,136,0.540287800292969,1.88,1.8,1.95
TSLA,2026-08-11,2026-11-20,C,540.0,430,25,0.5441940112304688,1.77,1.76,1.85
TSLA,2026-08-11,2026-11-20,C,545.0,216,52,0.5463912548828126,1.73,1.62,1.8
TSLA,2026-08-11,2026-11-20,C,550.0,1378,228,0.549076774902344,1.64,1.56,1.7
TSLA,2026-08-11,2026-11-20,C,555.0,112,12,0.5539595385742189,1.57,1.53,1.65
TSLA,2026-08-11,2026-11-20,C,560.0,713,103,0.5587202331542969,1.53,1.47,1.63
TSLA,2026-08-11,2026-11-20,C,565.0,180,35,0.5638471350097658,1.92,1.44,1.6
TSLA,2026-08-11,2026-11-20,C,570.0,668,1,0.5676312768554688,2.04,1.39,1.55
TSLA,2026-08-11,2026-11-20,C,575.0,306,58,0.5694623132324219,1.41,1.35,1.44
TSLA,2026-08-11,2026-11-20,C,580.0,309,26,0.5741009387207032,1.36,1.3,1.43
TSLA,2026-08-11,2026-11-20,C,585.0,394,2,0.5743450769042968,1.34,1.19,1.36
TSLA,2026-08-11,2026-11-20,C,590.0,205,9,0.5798381860351562,1.28,1.21,1.31
TSLA,2026-08-11,2026-11-20,C,595.0,204,273,0.5839885351562499,1.24,1.17,1.29
TSLA,2026-08-11,2026-11-20,C,600.0,3350,57,0.5856975024414062,1.23,1.11,1.23
TSLA,2026-08-11,2026-11-20,C,605.0,123,38,0.5920450952148439,1.18,1.12,1.22
TSLA,2026-08-11,2026-11-20,C,610.0,364,2,0.5954630297851562,1.16,1.08,1.19
TSLA,2026-08-11,2026-11-20,C,615.0,144,2,0.5993692407226563,1.12,1.06,1.16
TSLA,2026-08-11,2026-11-20,C,620.0,566,2,0.6030313134765627,1.1,1.04,1.12
TSLA,2026-08-11,2026-11-20,C,625.0,247,1,0.6076699389648439,1.46,1.0,1.13
TSLA,2026-08-11,2026-11-20,C,630.0,265,25,0.6096230444335939,1.38,0.93,1.11
TSLA,2026-08-11,2026-11-20,C,635.0,374,1,0.6103554589843752,1.36,0.85,1.08
TSLA,2026-08-11,2026-11-20,C,640.0,91,1,0.6154823608398439,1.32,0.86,1.06
TSLA,2026-08-11,2026-11-20,C,645.0,723,1,0.6189002954101563,1.1,0.84,1.03
TSLA,2026-08-11,2026-11-20,C,650.0,312,11,0.62305064453125,1.29,0.84,1.0
TSLA,2026-08-11,2026-11-20,C,655.0,106,2,0.6259803027343751,0.99,0.8,0.99
TSLA,2026-08-11,2026-11-20,C,660.0,1472,2,0.6309851354980469,0.89,0.85,0.93
TSLA,2026-08-11,2026-11-20,C,665.0,130,1,0.6333044482421876,1.22,0.77,0.95
TSLA,2026-08-11,2026-11-20,C,670.0,1700,6,0.6333044482421876,0.85,0.74,0.88
TSLA,2026-08-11,2026-11-20,C,675.0,2144,1,0.6391637646484375,1.06,0.77,0.86
TSLA,2026-08-11,2026-11-20,C,680.0,3062,20,0.6403844555664062,1.13,0.71,0.85
TSLA,2026-08-11,2026-11-20,C,685.0,287,6,0.6461217028808592,2.3,0.7,0.87
TSLA,2026-08-11,2026-11-20,C,690.0,2308,1,0.64648791015625,0.84,0.66,0.83
TSLA,2026-08-11,2026-11-20,C,695.0,2207,1,0.6533237792968751,1.01,0.71,0.81
TSLA,2026-08-11,2026-11-20,C,700.0,17659,46,0.6555210229492189,0.75,0.69,0.78
TSLA,2026-08-11,2026-11-20,C,705.0,458,1,0.659183095703125,1.11,0.64,0.81
TSLA,2026-08-11,2026-11-20,C,710.0,2004,16,0.6589389575195312,0.91,0.62,0.75
TSLA,2026-08-11,2026-11-20,C,720.0,349,2,0.6706575903320313,1.03,0.63,0.77
TSLA,2026-08-11,2026-11-20,C,730.0,539,5,0.6779817358398439,0.71,0.63,0.74
TSLA,2026-08-11,2026-11-20,C,740.0,181,25,0.6826203613281252,0.63,0.59,0.71
TSLA,2026-08-11,2026-11-20,C,750.0,396,10,0.6875031250000001,0.79,0.56,0.68
TSLA,2026-08-11,2026-11-20,C,760.0,445,1,0.694338994140625,0.66,0.54,0.67
TSLA,2026-08-11,2026-11-20,C,770.0,907,1,0.6970245141601563,0.77,0.52,0.61
TSLA,2026-08-11,2026-11-20,C,780.0,362,1,0.7055693505859376,0.68,0.52,0.61
TSLA,2026-08-11,2026-11-20,C,790.0,757,1,0.7124052197265626,0.64,0.5,0.61
TSLA,2026-08-11,2026-11-20,C,800.0,1619,6,0.7133817724609376,0.58,0.47,0.55
TSLA,2026-08-11,2026-11-20,C,810.0,701,1,0.7224148852539063,0.65,0.46,0.57
TSLA,2026-08-11,2026-11-20,C,820.0,496,1,0.72851833984375,0.58,0.46,0.55
TSLA,2026-08-11,2026-11-20,C,830.0,465,6,0.725588681640625,0.51,0.4,0.49
TSLA,2026-08-11,2026-11-20,C,840.0,140,1,0.7387721435546875,0.56,0.43,0.52
TSLA,2026-08-11,2026-11-20,C,850.0,778,1,0.7436549072265625,0.48,0.42,0.5
TSLA,2026-08-11,2026-11-20,C,860.0,471,1,0.7480493945312501,0.49,0.4,0.49
TSLA,2026-08-11,2026-11-20,C,870.0,995,16,0.7504907763671875,0.4,0.39,0.45
TSLA,2026-08-11,2026-11-20,C,880.0,12,2,0.7568383691406251,0.55,0.37,0.46
TSLA,2026-08-11,2026-11-20,C,890.0,29,1,0.7607445800781252,0.5,0.34,0.46
TSLA,2026-08-11,2026-11-20,C,900.0,223,3,0.7666038964843751,0.53,0.35,0.44
TSLA,2026-08-11,2026-11-20,P,5.0,4147,4,2.3750040624999995,0.01,0.0,0.01
TSLA,2026-08-11,2026-11-20,P,10.0,0,1,0.500005,0.1,0.0,0.0
TSLA,2026-08-11,2026-11-20,P,15.0,13,13,1.71875140625,0.01,0.0,0.01
TSLA,2026-08-11,2026-11-20,P,20.0,27,24,1.625001875,0.02,0.0,0.02
TSLA,2026-08-11,2026-11-20,P,25.0,24,1,1.5781271093749998,0.02,0.01,0.03
TSLA,2026-08-11,2026-11-20,P,30.0,637,1,1.46875265625,0.02,0.0,0.04
TSLA,2026-08-11,2026-11-20,P,35.0,504,1,1.3984405078125,0.03,0.0,0.05
TSLA,2026-08-11,2026-11-20,P,40.0,55,1,1.3281283593749997,0.09,0.0,0.06
TSLA,2026-08-11,2026-11-20,P,45.0,274,240,1.3046909765624997,0.02,0.01,0.08
TSLA,2026-08-11,2026-11-20,P,50.0,4978,20,1.203128984375,0.07,0.0,0.07
TSLA,2026-08-11,2026-11-20,P,55.0,71,3,1.203128984375,0.06,0.0,0.12
TSLA,2026-08-11,2026-11-20,P,60.0,65,4,1.125004375,0.07,0.0,0.1
TSLA,2026-08-11,2026-11-20,P,65.0,182,18,1.3046909765624997,0.08,0.01,0.6
TSLA,2026-08-11,2026-11-20,P,70.0,93,17,1.1015669921875002,0.1,0.01,0.2
TSLA,2026-08-11,2026-11-20,P,75.0,144,26,1.1337933935546878,0.11,0.06,0.35
TSLA,2026-08-11,2026-11-20,P,80.0,58,8,1.076176494140625,0.13,0.1,0.28
TSLA,2026-08-11,2026-11-20,P,85.0,155,6,0.9951172363281251,0.15,0.1,0.18
TSLA,2026-08-11,2026-11-20,P,90.0,181,8,0.9580082324218748,0.18,0.1,0.19
TSLA,2026-08-11,2026-11-20,P,95.0,85,1,1.2509803076171875,0.18,0.0,2.66
TSLA,2026-08-11,2026-11-20,P,100.0,6006,19,0.90429783203125,0.18,0.16,0.2
TSLA,2026-08-11,2026-11-20,P,110.0,374,2,0.85937640625,0.27,0.17,0.29
TSLA,2026-08-11,2026-11-20,P,120.0,159,1,0.8115253222656249,0.34,0.21,0.34
TSLA,2026-08-11,2026-11-20,P,130.0,216,1,0.7651390673828126,0.39,0.25,0.39
TSLA,2026-08-11,2026-11-20,P,140.0,209,9,0.7211941943359376,0.37,0.28,0.46
TSLA,2026-08-11,2026-11-20,P,150.0,2650,2,0.6787141503906251,0.41,0.37,0.47
TSLA,2026-08-11,2026-11-20,P,155.0,176,2,0.6586948193359375,0.6,0.37,0.53
TSLA,2026-08-11,2026-11-20,P,160.0,296,2,0.6425816992187501,0.56,0.46,0.54
TSLA,2026-08-11,2026-11-20,P,165.0,253,2,0.6201209863281252,0.57,0.44,0.59
TSLA,2026-08-11,2026-11-20,P,170.0,170,1,0.6020547607421877,0.6,0.49,0.62
TSLA,2026-08-11,2026-11-20,P,175.0,527,1,0.5864299169921875,0.62,0.57,0.65
TSLA,2026-08-11,2026-11-20,P,180.0,172,1,0.5695843823242188,0.67,0.6,0.72
TSLA,2026-08-11,2026-11-20,P,185.0,168,6,0.5556685058593751,0.83,0.66,0.81
TSLA,2026-08-11,2026-11-20,P,190.0,762,6,0.5418746984863283,0.83,0.76,0.87
TSLA,2026-08-11,2026-11-20,P,195.0,273,11,0.5283250292968751,0.95,0.84,0.97
TSLA,2026-08-11,2026-11-20,P,200.0,714,56,0.5179491564941407,1.05,0.99,1.08
TSLA,2026-08-11,2026-11-20,P,210.0,984,21,0.5014698291015626,1.36,1.3,1.4
TSLA,2026-08-11,2026-11-20,P,220.0,715,24,0.48352567260742196,1.79,1.74,1.84
TSLA,2026-08-11,2026-11-20,P,225.0,306,1,0.4797415307617187,2.03,1.97,2.2
TSLA,2026-08-11,2026-11-20,P,230.0,2360,1,0.4697928997802735,2.36,2.32,2.48
TSLA,2026-08-11,2026-11-20,P,235.0,1586,177,0.46283496154785164,2.73,2.72,2.86
TSLA,2026-08-11,2026-11-20,P,240.0,1243,3,0.45642633422851564,3.25,3.15,3.3
TSLA,2026-08-11,2026-11-20,P,245.0,533,1,0.450200810546875,3.54,3.55,3.8
TSLA,2026-08-11,2026-11-20,P,250.0,17033,11,0.446843910522461,4.4,4.3,4.45
TSLA,2026-08-11,2026-11-20,P,255.0,2710,1,0.4425714923095704,4.85,4.85,5.15
TSLA,2026-08-11,2026-11-20,P,260.0,5662,34,0.4387263159179688,5.78,5.7,5.95
TSLA,2026-08-11,2026-11-20,P,265.0,1826,22,0.4339351040649414,6.6,6.55,6.8
TSLA,2026-08-11,2026-11-20,P,270.0,2640,14,0.4304866522216797,7.67,7.55,7.8
TSLA,2026-08-11,2026-11-20,P,275.0,1057,32,0.42902182312011716,8.4,8.75,9.0
TSLA,2026-08-11,2026-11-20,P,280.0,3486,42,0.42810630493164065,10.13,10.0,10.35
TSLA,2026-08-11,2026-11-20,P,285.0,738,9,0.42471888763427734,11.5,11.3,11.7
TSLA,2026-08-11,2026-11-20,P,290.0,2223,119,0.42188078125,13.05,12.95,13.2
TSLA,2026-08-11,2026-11-20,P,295.0,1462,33,0.4211483666992188,14.7,14.45,14.95
TSLA,2026-08-11,2026-11-20,P,300.0,6211,73,0.41480077392578124,16.5,16.35,16.5
TSLA,2026-08-11,2026-11-20,P,305.0,2642,19,0.4176388803100586,18.2,18.35,18.75
TSLA,2026-08-11,2026-11-20,P,310.0,3619,139,0.415746809387207,20.55,20.45,20.85
TSLA,2026-08-11,2026-11-20,P,315.0,2080,31,0.41629612030029295,22.82,22.8,23.25
TSLA,2026-08-11,2026-11-20,P,320.0,3287,23,0.4153806021118164,25.19,25.2,25.7
TSLA,2026-08-11,2026-11-20,P,325.0,4859,15,0.4138852557373046,27.55,27.9,28.25
TSLA,2026-08-11,2026-11-20,P,330.0,4838,166,0.4140073248291015,30.51,30.45,31.05
TSLA,2026-08-11,2026-11-20,P,335.0,2317,6,0.41287818572998036,31.9,33.35,33.9
TSLA,2026-08-11,2026-11-20,P,340.0,1452,2,0.41345801391601555,36.21,36.15,37.0
TSLA,2026-08-11,2026-11-20,P,345.0,1848,4,0.4106656834411621,36.0,39.4,40.0
TSLA,2026-08-11,2026-11-20,P,350.0,8189,3,0.4142209457397461,39.8,42.85,43.55
TSLA,2026-08-11,2026-11-20,P,355.0,2918,2,0.41223732299804683,44.22,45.75,46.85
TSLA,2026-08-11,2026-11-20,P,360.0,2225,3,0.4131223239135742,48.3,49.55,50.45
TSLA,2026-08-11,2026-11-20,P,365.0,753,6,0.4147092221069336,51.1,52.85,54.2
TSLA,2026-08-11,2026-11-20,P,370.0,4555,10,0.4105588729858398,53.05,56.7,57.7
TSLA,2026-08-11,2026-11-20,P,375.0,1387,86,0.41049783843994136,56.25,60.6,61.55
TSLA,2026-08-11,2026-11-20,P,380.0,5061,7,0.4185238812255859,64.57,64.6,65.95
TSLA,2026-08-11,2026-11-20,P,385.0,2005,5,0.41641818939208974,67.09,68.4,69.85
TSLA,2026-08-11,2026-11-20,P,390.0,2286,5,0.41928681304931636,72.63,72.75,74.1
TSLA,2026-08-11,2026-11-20,P,395.0,695,5,0.41794405303955073,72.75,76.7,78.2
TSLA,2026-08-11,2026-11-20,P,400.0,3029,1,0.40869731933593745,81.05,80.85,82.0
TSLA,2026-08-11,2026-11-20,P,405.0,613,1,0.41913422668457034,83.0,85.25,86.8
TSLA,2026-08-11,2026-11-20,P,410.0,936,5,0.42340664489746094,87.55,89.85,91.35
TSLA,2026-08-11,2026-11-20,P,415.0,331,1,0.42081267669677735,90.37,94.0,95.65
TSLA,2026-08-11,2026-11-20,P,420.0,748,14,0.4216671603393555,96.35,98.6,100.15
TSLA,2026-08-11,2026-11-20,P,425.0,810,12,0.4226742303466796,97.79,103.2,104.7
TSLA,2026-08-11,2026-11-20,P,430.0,1170,1,0.4168149139404296,102.88,107.7,109.05
TSLA,2026-08-11,2026-11-20,P,435.0,186,2,0.4257259576416016,110.85,112.3,113.95
TSLA,2026-08-11,2026-11-20,P,440.0,798,1,0.43726148681640625,113.77,116.65,118.95
TSLA,2026-08-11,2026-11-20,P,445.0,338,4,0.44086252502441403,123.03,121.35,123.7
TSLA,2026-08-11,2026-11-20,P,450.0,985,9,0.4598442687988281,120.56,125.95,128.95
TSLA,2026-08-11,2026-11-20,P,455.0,127,6,0.4440973559570312,152.95,130.7,133.15
TSLA,2026-08-11,2026-11-20,P,460.0,217,1,0.44910218872070307,132.66,135.8,138.0
TSLA,2026-08-11,2026-11-20,P,465.0,101,1,0.4953053399658204,143.0,140.0,144.05
TSLA,2026-08-11,2026-11-20,P,470.0,204,2,0.4596001306152344,143.55,145.6,147.75
TSLA,2026-08-11,2026-11-20,P,475.0,354,25,0.4611870288085938,143.55,150.2,152.55
TSLA,2026-08-11,2026-11-20,P,480.0,129,1,0.4788870471191406,158.74,155.4,157.75
TSLA,2026-08-11,2026-11-20,P,485.0,191,1,0.47119669433593747,156.05,159.85,162.35
TSLA,2026-08-11,2026-11-20,P,490.0,56,1,0.5116015637207032,161.55,164.85,168.1
TSLA,2026-08-11,2026-11-20,P,495.0,66,1,0.5247239910888672,190.72,169.35,173.2
TSLA,2026-08-11,2026-11-20,P,500.0,25,4,0.5578657495117189,169.55,173.25,178.85
TSLA,2026-08-11,2026-11-20,P,505.0,0,6,0.5809978424072266,137.42,177.9,184.25
TSLA,2026-08-11,2026-11-20,P,510.0,12,1,0.5885050915527343,203.14,182.9,189.2
TSLA,2026-08-11,2026-11-20,P,515.0,87,20,0.5976602734375001,126.8,187.85,194.2
TSLA,2026-08-11,2026-11-20,P,520.0,28,62,0.6048623498535157,206.95,192.85,199.15
TSLA,2026-08-11,2026-11-20,P,525.0,0,1,0.6029092443847659,213.07,198.1,203.85
TSLA,2026-08-11,2026-11-20,P,530.0,0,10,0.6223792645263673,205.94,202.7,209.15
TSLA,2026-08-11,2026-11-20,P,535.0,1,10,0.6309851354980469,217.26,207.8,214.15
TSLA,2026-08-11,2026-11-20,P,540.0,8,2,1.0000000000000003e-05,131.7,143.15,145.6
TSLA,2026-08-11,2026-11-20,P,545.0,0,12,1.0000000000000003e-05,187.75,0.0,0.0
TSLA,2026-08-11,2026-11-20,P,550.0,0,1,0.6448399774169922,244.0,222.9,228.85
TSLA,2026-08-11,2026-11-20,P,555.0,0,2,0.654849642944336,174.95,227.45,233.9
TSLA,2026-08-11,2026-11-20,P,560.0,6,1,1.0000000000000003e-05,176.02,160.4,162.8
TSLA,2026-08-11,2026-11-20,P,565.0,6,13,0.7154569470214844,163.65,242.4,247.9
TSLA,2026-08-11,2026-11-20,P,570.0,0,96,0.6784700122070313,248.93,242.35,248.9
TSLA,2026-08-11,2026-11-20,P,575.0,0,22,0.5361374511718751,257.45,249.5,252.75
TSLA,2026-08-11,2026-11-20,P,580.0,0,28,0.547001600341797,262.7,254.15,258.2
TSLA,2026-08-11,2026-11-20,P,585.0,0,39,0.5424850439453126,261.2,259.5,262.6
TSLA,2026-08-11,2026-11-20,P,590.0,0,75,0.5339402075195312,266.1,263.8,268.0
TSLA,2026-08-11,2026-11-20,P,595.0,0,24,0.559574716796875,271.2,268.1,274.1
TSLA,2026-08-11,2026-11-20,P,600.0,0,64,0.5085498364257812,278.04,272.6,278.6
TSLA,2026-08-11,2026-11-20,P,605.0,0,2,1.0000000000000003e-05,219.55,0.0,0.0
TSLA,2026-08-11,2026-11-20,P,610.0,0,392,0.5468795312500001,291.15,282.7,288.9
TSLA,2026-08-11,2026-11-20,P,615.0,0,62,0.5793499096679688,296.15,289.5,292.6
TSLA,2026-08-11,2026-11-20,P,620.0,0,1,0.5970499279785157,233.19,294.15,298.2
TSLA,2026-08-11,2026-11-20,P,625.0,52,22,1.0000000000000003e-05,242.4,226.75,230.15
TSLA,2026-08-11,2026-11-20,P,630.0,0,2,0.6088906298828126,250.39,304.15,308.2
TSLA,2026-08-11,2026-11-20,P,635.0,1,1,1.0000000000000003e-05,211.41,229.35,231.0
TSLA,2026-08-11,2026-11-20,P,640.0,0,2,1.0000000000000003e-05,287.92,0.0,0.0
TSLA,2026-08-11,2026-11-20,P,645.0,0,12,0.8189715368652342,265.36,321.05,328.45
TSLA,2026-08-11,2026-11-20,P,650.0,0,15,0.6706575903320313,332.6,324.5,328.8
TSLA,2026-08-11,2026-11-20,P,655.0,0,20,1.0000000000000003e-05,259.25,255.4,258.7
TSLA,2026-08-11,2026-11-20,P,660.0,0,10,1.0000000000000003e-05,237.74,252.6,254.8
TSLA,2026-08-11,2026-11-20,P,665.0,0,34,1.0000000000000003e-05,266.9,265.0,268.25
TSLA,2026-08-11,2026-11-20,P,670.0,0,11,0.8667005517578125,288.99,346.05,354.25
TSLA,2026-08-11,2026-11-20,P,675.0,0,2,0.8730481445312499,286.08,351.05,359.25
TSLA,2026-08-11,2026-11-20,P,680.0,0,4,0.880311255493164,290.84,356.1,364.25
TSLA,2026-08-11,2026-11-20,P,685.0,0,2,0.8856822955322265,295.95,361.05,369.25
TSLA,2026-08-11,2026-11-20,P,690.0,0,11,0.8754895263671875,290.95,366.05,373.4
TSLA,2026-08-11,2026-11-20,P,695.0,0,10,1.0000000000000003e-05,320.92,286.3,288.7
TSLA,2026-08-11,2026-11-20,P,700.0,0,1,0.6496617065429688,356.18,373.1,378.6
TSLA,2026-08-11,2026-11-20,P,705.0,0,1,0.8945933392333982,300.1,381.05,388.45
TSLA,2026-08-11,2026-11-20,P,710.0,0,7,1.0000000000000003e-05,325.1,0.0,0.0
TSLA,2026-08-11,2026-11-20,P,720.0,0,11,1.0000000000000003e-05,337.56,324.7,326.4
TSLA,2026-08-11,2026-11-20,P,730.0,0,22,1.0000000000000003e-05,347.33,334.7,336.4
TSLA,2026-08-11,2026-11-20,P,740.0,0,2,1.0000000000000003e-05,336.45,0.0,0.0
TSLA,2026-08-11,2026-11-20,P,750.0,0,10,1.0000000000000003e-05,359.01,0.0,0.0
TSLA,2026-08-11,2026-11-20,P,760.0,0,20,1.0000000000000003e-05,364.5,358.0,361.25
TSLA,2026-08-11,2026-11-20,P,770.0,0,1,1.0000000000000003e-05,378.89,0.0,0.0
TSLA,2026-08-11,2026-11-20,P,780.0,0,50,1.0000000000000003e-05,359.3,0.0,0.0
TSLA,2026-08-11,2026-11-20,P,790.0,0,20,1.0000000000000003e-05,379.87,0.0,0.0
TSLA,2026-08-11,2026-11-20,P,800.0,0,2,1.0000000000000003e-05,394.6,0.0,0.0
TSLA,2026-08-11,2026-11-20,P,810.0,0,0,1.0000000000000003e-05,410.61,417.5,420.2
TSLA,2026-08-11,2026-11-20,P,820.0,0,0,1.0000000000000003e-05,401.63,427.5,430.2
TSLA,2026-08-11,2026-11-20,P,850.0,0,2,1.0000000000000003e-05,412.95,449.35,453.3
TSLA,2026-08-11,2026-11-20,P,870.0,0,1,1.0000000000000003e-05,500.0,459.8,463.8
